#BLTrackFile NTuple/Z1700
#x y z Px Py Pz t PDGid EventID TrackID ParentID Weight
#mm mm mm MeV/c MeV/c MeV/c ns - - - - -
-2.40792 -2.6304 1700 0.282849 0.439109 27.9951 22.1394 -13 1 1 0 1
1.75231 7.46468 1700 -0.269395 -0.651766 27.9911 22.1429 -13 2 1 0 1
5.2627 2.0365 1700 -0.260524 -0.260059 27.9976 22.1385 -13 3 1 0 1
-1.57966 4.1326 1700 -0.058858 -0.0942998 27.9998 22.1371 -13 4 1 0 1
-0.928652 -1.16253 1700 0.166706 -0.0557586 27.9994 22.1369 -13 5 1 0 1
1.54391 2.08999 1700 -0.178521 -0.301334 27.9978 22.1382 -13 6 1 0 1
-3.05647 -3.59176 1700 0.232742 0.540592 27.9938 22.1402 -13 7 1 0 1
-4.29022 -3.56372 1700 0.434779 0.488622 27.9924 22.141 -13 8 1 0 1
0.191571 -5.68581 1700 0.318238 0.429936 27.9949 22.1399 -13 9 1 0 1
-4.51049 -0.192736 1700 0.0895794 0.00106872 27.9999 22.1368 -13 10 1 0 1
2.43227 0.375547 1700 -0.0492777 -0.0708717 27.9999 22.1368 -13 11 1 0 1
-7.07024 0.961919 1700 0.0725733 -0.0308582 27.9999 22.137 -13 12 1 0 1
-3.4761 2.43767 1700 -0.124331 -0.260967 27.9985 22.1379 -13 13 1 0 1
1.67233 4.00814 1700 -0.252937 -0.152383 27.9984 22.1381 -13 14 1 0 1
2.22791 4.95889 1700 -0.207902 0.0389602 27.9992 22.1377 -13 15 1 0 1
-1.1101 1.60465 1700 0.0195775 -0.223633 27.9991 22.1373 -13 16 1 0 1
0.683964 -1.12845 1700 0.133237 -0.0858556 27.9996 22.1369 -13 17 1 0 1
-0.611344 -1.80506 1700 0.20891 0.148781 27.9988 22.1373 -13 18 1 0 1
0.927551 -4.80356 1700 0.236417 0.358394 27.9967 22.1388 -13 19 1 0 1
-2.09778 0.665486 1700 0.0815727 0.215984 27.999 22.1371 -13 20 1 0 1
2.84243 -1.9798 1700 0.0216599 -0.0728572 27.9999 22.1367 -13 21 1 0 1
-0.676026 -2.7809 1700 0.12902 0.208636 27.9989 22.1373 -13 22 1 0 1
-3.03525 1.9 1700 -0.0284575 -0.0524157 27.9999 22.1368 -13 23 1 0 1
-0.274111 -2.37136 1700 0.0571174 0.205638 27.9992 22.1371 -13 24 1 0 1
0.999714 3.22792 1700 -0.151203 -0.101965 27.9994 22.1373 -13 25 1 0 1
-0.428998 2.68299 1700 -0.0991848 -0.143644 27.9995 22.1372 -13 26 1 0 1
1.29978 1.93458 1700 0.00296432 -0.0775575 27.9999 22.1368 -13 27 1 0 1
1.63718 2.84641 1700 -0.0229399 -0.145045 27.9996 22.137 -13 28 1 0 1
0.573346 3.99964 1700 -0.210607 -0.335742 27.9972 22.1388 -13 29 1 0 1
0.971817 2.94755 1700 -0.00908981 -0.155576 27.9996 22.137 -13 30 1 0 1
-2.37569 0.943804 1700 0.0696015 -0.100282 27.9997 22.1369 -13 31 1 0 1
3.04095 7.45849 1700 -0.300347 -0.282472 27.997 22.1394 -13 32 1 0 1
1.47787 -1.87578 1700 0.0933926 0.121083 27.9996 22.1369 -13 33 1 0 1
0.602376 0.132016 1700 -0.0883864 -0.368937 27.9974 22.1382 -13 34 1 0 1
0.545571 -0.0344919 1700 0.0128337 0.0116916 28 22.1367 -13 35 1 0 1
1.8345 2.9028 1700 -0.0262551 -0.322202 27.9981 22.1379 -13 36 1 0 1
0.535455 -4.81254 1700 0.3706 0.252338 27.9964 22.1389 -13 37 1 0 1
-0.582896 3.49856 1700 0.0595307 -0.130736 27.9996 22.137 -13 38 1 0 1
-1.01552 -3.76376 1700 0.152696 0.0149025 27.9996 22.137 -13 39 1 0 1
-3.41697 0.777626 1700 0.0286407 0.0114507 28 22.1367 -13 40 1 0 1
2.14969 3.48566 1700 -0.0697541 -0.248081 27.9988 22.1376 -13 41 1 0 1
-4.25742 -12.2468 1700 0.456927 0.655563 27.9886 22.1447 -13 42 1 0 1
-1.50737 -0.429463 1700 0.152588 -0.115678 27.9993 22.137 -13 43 1 0 1
1.06871 2.7891 1700 -0.0477457 -0.0798537 27.9998 22.1369 -13 44 1 0 1
0.818031 -2.67595 1700 0.210464 0.186183 27.9986 22.1375 -13 45 1 0 1
-5.30582 0.10342 1700 -0.0297735 -0.36207 27.9976 22.1385 -13 46 1 0 1
-0.328032 -0.388006 1700 0.0390692 0.145754 27.9996 22.1369 -13 47 1 0 1
0.698124 1.38689 1700 0.0347657 0.0292447 28 22.1367 -13 48 1 0 1
0.195961 6.85258 1700 -0.172044 -0.296776 27.9979 22.1386 -13 49 1 0 1
0.273422 0.597148 1700 0.0618142 -0.139424 27.9996 22.1369 -13 50 1 0 1
1.2225 -1.17256 1700 0.0648787 0.295869 27.9984 22.1376 -13 51 1 0 1
2.35426 0.78866 1700 -0.220876 0.102954 27.9989 22.1376 -13 52 1 0 1
-0.594236 2.1559 1700 -0.0417779 -0.123997 27.9997 22.137 -13 53 1 0 1
-0.180437 -0.299469 1700 -0.0285386 0.0258039 28 22.1367 -13 54 1 0 1
0.803368 -0.306037 1700 -0.068289 0.149632 27.9995 22.137 -13 55 1 0 1
3.66185 3.65556 1700 -0.00823413 -0.0413885 28 22.1369 -13 56 1 0 1
2.5366 -3.68009 1700 0.152706 0.391593 27.9968 22.1387 -13 57 1 0 1
-1.52575 -0.274376 1700 0.0283493 0.145445 27.9996 22.1369 -13 58 1 0 1
0.569116 -2.77272 1700 0.0154144 0.00483521 28 22.1367 -13 59 1 0 1
-3.10084 2.16783 1700 0.0897631 0.0684865 27.9998 22.1368 -13 60 1 0 1
0.858878 0.288462 1700 0.148437 -0.00852052 27.9996 22.1368 -13 61 1 0 1
-2.93209 2.55256 1700 -0.0483462 -0.6059 27.9934 22.141 -13 62 1 0 1
-4.34651 -1.92114 1700 0.0123088 -0.0132972 28 22.1368 -13 63 1 0 1
-4.80508 -2.86111 1700 0.157157 -0.0344675 27.9995 22.1371 -13 64 1 0 1
-2.84786 -0.368173 1700 0.0342254 -0.261282 27.9988 22.1376 -13 65 1 0 1
-1.7757 -1.4785 1700 0.21519 0.296461 27.9976 22.1379 -13 66 1 0 1
4.47176 -0.10799 1700 -0.100061 0.221877 27.9989 22.1376 -13 67 1 0 1
-0.902245 1.62548 1700 -0.116865 -0.102903 27.9996 22.1371 -13 68 1 0 1
-0.25484 1.49734 1700 0.0871666 -0.137035 27.9995 22.1369 -13 69 1 0 1
-1.214 -0.831632 1700 0.245968 0.0664335 27.9988 22.1372 -13 70 1 0 1
4.87619 2.00703 1700 -0.0751637 -0.136289 27.9996 22.1371 -13 71 1 0 1
-1.34386 -4.00038 1700 0.0709583 0.0148372 27.9999 22.1368 -13 72 1 0 1
2.5328 4.14279 1700 -0.179729 -0.143712 27.9991 22.1376 -13 73 1 0 1
0.186183 -2.05719 1700 -0.0916303 -0.0903771 27.9997 22.1369 -13 74 1 0 1
-0.427379 -0.053537 1700 -0.000481587 -0.0385336 28 22.1367 -13 75 1 0 1
2.47488 -1.4076 1700 0.0728834 0.0966241 27.9997 22.1368 -13 76 1 0 1
2.6059 4.24581 1700 -0.189439 -0.316803 27.9976 22.1385 -13 77 1 0 1
1.93189 -0.906364 1700 0.0376556 0.285925 27.9985 22.1376 -13 78 1 0 1
0.485826 -0.545708 1700 0.0684391 0.260062 27.9987 22.1374 -13 79 1 0 1
2.26797 3.80808 1700 -0.0430644 -0.305696 27.9983 22.1378 -13 80 1 0 1
0.813718 5.44522 1700 -0.0797933 -0.310093 27.9982 22.1381 -13 81 1 0 1
0.119077 -0.192534 1700 0.0724908 -0.0151401 27.9999 22.1367 -13 82 1 0 1
-3.08299 0.528494 1700 -0.0920097 -0.0407234 27.9998 22.1369 -13 83 1 0 1
-0.308115 -2.43432 1700 0.167582 0.397 27.9967 22.1386 -13 84 1 0 1
-0.123735 -1.78005 1700 -0.018297 -0.0545814 27.9999 22.1367 -13 85 1 0 1
2.19307 -4.18141 1700 0.00154747 0.0751937 27.9999 22.1369 -13 86 1 0 1
-3.80985 3.70001 1700 0.122963 -0.0395743 27.9997 22.1369 -13 87 1 0 1
5.44788 2.48414 1700 -0.0279194 -0.0636142 27.9999 22.1369 -13 88 1 0 1
-1.24588 0.0301826 1700 0.0740482 0.0535718 27.9999 22.1367 -13 89 1 0 1
1.32575 2.50688 1700 -0.029341 -0.247544 27.9989 22.1374 -13 90 1 0 1
8.6258 0.71836 1700 -0.253243 -0.0136484 27.9989 22.1381 -13 91 1 0 1
-0.534936 -1.34865 1700 0.145003 0.13149 27.9993 22.137 -13 92 1 0 1
0.992492 -1.96976 1700 0.0857277 0.0928127 27.9997 22.1368 -13 93 1 0 1
0.900399 -0.531783 1700 -0.134146 -0.256454 27.9985 22.1376 -13 94 1 0 1
-2.30073 -1.88941 1700 -0.0187929 0.0904674 27.9998 22.1368 -13 95 1 0 1
2.95135 -1.23487 1700 -0.00359722 0.190512 27.9994 22.1372 -13 96 1 0 1
1.95208 9.49776 1700 -0.307118 -0.377337 27.9958 22.1405 -13 97 1 0 1
2.47562 4.92324 1700 -0.0299408 -0.214297 27.9992 22.1374 -13 98 1 0 1
1.34233 0.743203 1700 -0.277314 -0.353545 27.9964 22.139 -13 99 1 0 1
-0.191794 0.0398201 1700 0.037718 0.238022 27.999 22.1372 -13 100 1 0 1
1.6643 4.23474 1700 -0.0178658 -0.140493 27.9996 22.1371 -13 101 1 0 1
2.96565 1.283 1700 -0.00294487 0.208952 27.9992 22.1373 -13 102 1 0 1
-1.86615 -2.76837 1700 0.402026 0.340195 27.995 22.1394 -13 103 1 0 1
-1.11409 -2.13625 1700 0.0507073 0.241094 27.9989 22.1373 -13 104 1 0 1
1.73464 -2.51721 1700 0.109774 0.307859 27.9981 22.1379 -13 105 1 0 1
0.242943 -1.13912 1700 -0.0252691 0.0508706 27.9999 22.1367 -13 106 1 0 1
-3.2805 -4.1903 1700 0.252019 0.185432 27.9983 22.1378 -13 107 1 0 1
1.42805 -0.707942 1700 -0.0111718 -0.211809 27.9992 22.1371 -13 108 1 0 1
-1.50886 2.78496 1700 0.0376708 -0.115001 27.9997 22.1369 -13 109 1 0 1
3.69515 0.143697 1700 -0.107019 -0.0384649 27.9998 22.137 -13 110 1 0 1
4.04868 -0.893607 1700 0.00903737 0.139363 27.9997 22.137 -13 111 1 0 1
-2.0556 1.09793 1700 0.204627 0.0650983 27.9992 22.137 -13 112 1 0 1
0.662309 0.108397 1700 0.101172 -0.0448297 27.9998 22.1367 -13 113 1 0 1
0.913048 -2.62827 1700 0.168682 0.15682 27.9991 22.1372 -13 114 1 0 1
1.79058 -0.0818114 1700 -0.0384868 -0.225281 27.9991 22.1372 -13 115 1 0 1
-6.03028 -8.28683 1700 0.538125 0.866111 27.9814 22.148 -13 116 1 0 1
-1.02199 -6.05965 1700 0.294801 0.369577 27.996 22.1393 -13 117 1 0 1
3.33393 4.78179 1700 -0.186059 -0.305627 27.9977 22.1385 -13 118 1 0 1
2.49202 4.28385 1700 -0.138875 -0.535891 27.9945 22.1402 -13 119 1 0 1
0.429263 -2.35698 1700 0.0712333 0.0369863 27.9999 22.1367 -13 120 1 0 1
1.81125 0.879949 1700 -0.0145045 -0.28499 27.9985 22.1375 -13 121 1 0 1
1.84831 -0.862593 1700 0.00219844 -0.0791371 27.9999 22.1367 -13 122 1 0 1
1.17135 5.13106 1700 -0.38172 -0.286938 27.9959 22.1399 -13 123 1 0 1
1.12083 3.84103 1700 -0.140643 -0.161595 27.9992 22.1375 -13 124 1 0 1
0.818317 -1.9252 1700 -0.00238654 0.032685 28 22.1367 -13 125 1 0 1
1.11435 -3.53019 1700 0.185704 0.157616 27.9989 22.1373 -13 126 1 0 1
0.0826943 -9.83753 1700 0.397081 0.655357 27.9895 22.1438 -13 127 1 0 1
-1.30804 -0.797155 1700 -0.00449713 0.0266045 28 22.1367 -13 128 1 0 1
1.33341 0.368585 1700 0.170866 -0.0212542 27.9995 22.1369 -13 129 1 0 1
-0.976525 1.89786 1700 0.0187725 0.052583 27.9999 22.1367 -13 130 1 0 1
3.88556 1.26031 1700 -0.115412 0.01069 27.9998 22.1371 -13 131 1 0 1
0.717617 -0.618941 1700 0.139616 0.312779 27.9979 22.1378 -13 132 1 0 1
-0.825472 0.683266 1700 -0.0463758 -0.0541792 27.9999 22.1368 -13 133 1 0 1
1.42798 0.364762 1700 -0.0144223 -0.169028 27.9995 22.137 -13 134 1 0 1
-1.82971 -0.897186 1700 0.080539 0.292544 27.9984 22.1375 -13 135 1 0 1
-1.58102 3.70985 1700 0.0359407 -0.321882 27.9981 22.138 -13 136 1 0 1
0.634335 -6.6062 1700 0.259559 0.278315 27.9974 22.1385 -13 137 1 0 1
-2.85625 -8.07047 1700 0.253673 0.235132 27.9979 22.1384 -13 138 1 0 1
-2.63419 -3.61354 1700 0.125464 -0.185552 27.9991 22.1373 -13 139 1 0 1
1.45834 -0.294225 1700 -0.0130906 -0.0422938 28 22.1367 -13 140 1 0 1
2.00324 1.43462 1700 -0.133919 -0.0779073 27.9996 22.1371 -13 141 1 0 1
-0.869835 -1.60466 1700 0.233369 0.125138 27.9987 22.1373 -13 142 1 0 1
0.488016 -2.63846 1700 0.130268 0.079447 27.9996 22.1369 -13 143 1 0 1
1.61009 0.360781 1700 -0.16294 -0.245233 27.9985 22.1377 -13 144 1 0 1
2.12946 2.29602 1700 -0.167199 -0.133099 27.9992 22.1374 -13 145 1 0 1
-0.598916 -5.92343 1700 0.298622 0.375855 27.9959 22.1393 -13 146 1 0 1
3.22886 1.64315 1700 -0.0986362 -0.117799 27.9996 22.1371 -13 147 1 0 1
-0.678292 0.387908 1700 -0.0477817 -0.13853 27.9996 22.137 -13 148 1 0 1
0.662676 -0.730076 1700 0.0174148 0.35471 27.9977 22.138 -13 149 1 0 1
2.11464 -0.218556 1700 -0.0324198 -0.0836094 27.9999 22.1368 -13 150 1 0 1
0.581575 2.3512 1700 0.0335965 -0.042493 27.9999 22.1367 -13 151 1 0 1
-3.94358 -1.52221 1700 0.238983 -0.0530532 27.9989 22.1374 -13 152 1 0 1
1.96097 -2.61626 1700 0.140331 0.110555 27.9994 22.137 -13 153 1 0 1
0.253872 -2.81936 1700 0.114223 0.0974516 27.9996 22.1369 -13 154 1 0 1
-2.9454 -0.459617 1700 0.0424438 0.027289 28 22.1367 -13 155 1 0 1
3.46359 -0.622346 1700 -0.202511 0.0188508 27.9993 22.1373 -13 156 1 0 1
0.386384 -3.92316 1700 0.107555 -0.0963255 27.9996 22.1369 -13 157 1 0 1
-1.99148 -1.6966 1700 0.253288 -0.0529358 27.9988 22.1373 -13 158 1 0 1
0.278366 -2.49315 1700 0.0834599 -0.00862139 27.9999 22.1367 -13 159 1 0 1
-3.61935 -4.36015 1700 0.505167 0.691639 27.9869 22.1442 -13 160 1 0 1
1.95056 0.141205 1700 -0.147716 -0.274678 27.9983 22.1378 -13 161 1 0 1
1.6571 2.37898 1700 0.000841544 -0.0787062 27.9999 22.1368 -13 162 1 0 1
-4.27372 -6.00152 1700 0.361379 0.0419151 27.9976 22.1385 -13 163 1 0 1
-0.110672 -2.20835 1700 -0.0391162 -0.177305 27.9994 22.137 -13 164 1 0 1
0.698282 -2.52551 1700 0.173415 0.46329 27.9956 22.1392 -13 165 1 0 1
-2.63886 -2.64671 1700 0.115026 0.126456 27.9995 22.137 -13 166 1 0 1
-0.613563 0.338906 1700 0.0093061 0.0526931 27.9999 22.1367 -13 167 1 0 1
0.738906 -2.66357 1700 0.077674 -0.103164 27.9997 22.1368 -13 168 1 0 1
1.99321 1.18876 1700 -0.0060572 -0.228747 27.9991 22.1372 -13 169 1 0 1
1.7234 0.679159 1700 -0.0306302 -0.0872675 27.9998 22.1368 -13 170 1 0 1
-1.10816 -4.06752 1700 0.150198 0.259245 27.9984 22.1377 -13 171 1 0 1
-0.645173 -3.06473 1700 0.235827 0.201976 27.9983 22.1377 -13 172 1 0 1
-0.676638 0.303852 1700 0.12477 0.00354685 27.9997 22.1368 -13 173 1 0 1
1.81397 0.319985 1700 -0.159932 -0.119374 27.9993 22.1372 -13 174 1 0 1
5.5442 1.52107 1700 -0.263827 -0.254249 27.9976 22.1384 -13 175 1 0 1
-2.76919 -4.39751 1700 0.374511 0.471835 27.9935 22.1405 -13 176 1 0 1
3.44585 -0.547813 1700 -0.0729036 0.19206 27.9992 22.1373 -13 177 1 0 1
4.35072 -3.13168 1700 0.127314 0.224283 27.9988 22.1376 -13 178 1 0 1
-4.95795 -2.01434 1700 0.0704545 -0.00546628 27.9999 22.1369 -13 179 1 0 1
-1.29196 -2.21691 1700 0.131604 0.087882 27.9996 22.1369 -13 180 1 0 1
-4.03468 -8.41196 1700 0.534406 0.604707 27.9884 22.1441 -13 181 1 0 1
0.222254 5.32547 1700 -0.236385 -0.551479 27.9936 22.1411 -13 182 1 0 1
2.04333 6.44444 1700 -0.377815 -0.411539 27.9944 22.1409 -13 183 1 0 1
-3.55068 -3.46319 1700 0.334829 0.234701 27.997 22.1384 -13 184 1 0 1
-1.10601 0.787282 1700 0.106649 0.0295488 27.9998 22.1367 -13 185 1 0 1
1.33293 -3.0017 1700 0.0848469 0.284828 27.9984 22.1377 -13 186 1 0 1
-3.19143 3.24453 1700 0.0950263 -0.177283 27.9993 22.1373 -13 187 1 0 1
1.91365 2.24802 1700 -0.058105 0.115154 27.9997 22.137 -13 188 1 0 1
0.40076 -0.487781 1700 0.035986 0.221237 27.9991 22.1372 -13 189 1 0 1
0.611046 -0.416927 1700 0.223047 0.291811 27.9976 22.1379 -13 190 1 0 1
1.52399 -1.53564 1700 0.216863 0.121102 27.9989 22.1372 -13 191 1 0 1
3.51625 2.62472 1700 -0.197003 -0.208952 27.9985 22.1379 -13 192 1 0 1
-1.14487 2.21187 1700 -0.0956768 -0.263934 27.9986 22.1377 -13 193 1 0 1
0.101747 -0.57106 1700 -0.0061992 -0.0279651 28 22.1367 -13 194 1 0 1
-3.41777 -4.20072 1700 0.292669 0.247132 27.9974 22.1383 -13 195 1 0 1
-3.12219 1.0024 1700 0.0206144 -0.00314678 28 22.1367 -13 196 1 0 1
0.498196 1.05572 1700 -0.0597605 -0.124897 27.9997 22.137 -13 197 1 0 1
2.79985 -2.18835 1700 0.120972 -0.0428649 27.9997 22.1368 -13 198 1 0 1
-0.0631391 2.66516 1700 -0.0641606 -0.0998332 27.9997 22.137 -13 199 1 0 1
-1.20517 2.70084 1700 -0.0200764 -0.143951 27.9996 22.137 -13 200 1 0 1
-3.8306 -3.10398 1700 0.372083 0.567029 27.9918 22.1413 -13 201 1 0 1
4.65153 8.63937 1700 -0.290383 -0.608138 27.9919 22.1425 -13 202 1 0 1
-0.240111 -2.47492 1700 0.296368 0.141333 27.9981 22.1377 -13 203 1 0 1
2.10929 4.7758 1700 -0.25911 -0.173442 27.9983 22.1383 -13 204 1 0 1
-0.590009 0.900564 1700 -0.161539 -0.160146 27.9991 22.1374 -13 205 1 0 1
-2.3661 5.61448 1700 -0.164305 -0.245371 27.9984 22.1382 -13 206 1 0 1
-1.13152 -2.92409 1700 0.175083 0.196736 27.9988 22.1374 -13 207 1 0 1
-4.64734 -0.903179 1700 0.0854285 -0.0890229 27.9997 22.137 -13 208 1 0 1
0.185326 -2.32479 1700 0.0553592 0.216816 27.9991 22.1372 -13 209 1 0 1
4.6264 3.33844 1700 -0.0430773 -0.101838 27.9998 22.137 -13 210 1 0 1
0.807128 -4.90697 1700 0.178236 0.333897 27.9974 22.1384 -13 211 1 0 1
5.15113 3.26149 1700 -0.049712 0.0240825 27.9999 22.137 -13 212 1 0 1
1.03645 4.66898 1700 -0.186073 -0.350395 27.9972 22.1388 -13 213 1 0 1
0.0545215 0.973663 1700 0.0973712 0.0455262 27.9998 22.1367 -13 214 1 0 1
0.515305 -0.089599 1700 -0.0837335 0.145275 27.9995 22.137 -13 215 1 0 1
-3.84583 -0.889426 1700 0.215175 0.0151395 27.9992 22.1372 -13 216 1 0 1
1.20669 4.90903 1700 -0.182254 -0.299082 27.9978 22.1384 -13 217 1 0 1
-1.67021 -4.58836 1700 0.195037 0.264089 27.9981 22.1379 -13 218 1 0 1
-2.03466 6.56035 1700 -0.134831 -0.0866207 27.9995 22.1375 -13 219 1 0 1
5.34936 -1.32374 1700 -0.0464757 0.290658 27.9985 22.138 -13 220 1 0 1
-4.28888 -4.11847 1700 0.133519 0.17645 27.9991 22.1373 -13 221 1 0 1
-1.74825 -1.76669 1700 -0.0390848 0.00908789 28 22.1367 -13 222 1 0 1
-1.6846 -2.74877 1700 0.0489075 0.111317 27.9997 22.1368 -13 223 1 0 1
4.66617 -1.10204 1700 0.0783824 0.326873 27.998 22.1381 -13 224 1 0 1
-0.0726128 -0.0512405 1700 -0.162883 -0.293281 27.998 22.138 -13 225 1 0 1
-0.373585 1.54022 1700 -0.0769511 -0.00103262 27.9999 22.1368 -13 226 1 0 1
1.3246 0.27694 1700 0.177931 0.195788 27.9988 22.1373 -13 227 1 0 1
-2.23535 -4.72226 1700 0.325167 0.373666 27.9956 22.1393 -13 228 1 0 1
-1.71881 1.86805 1700 -0.0689312 -0.392023 27.9972 22.1386 -13 229 1 0 1
-1.66159 0.0491143 1700 0.171588 0.00901432 27.9995 22.1369 -13 230 1 0 1
1.11855 -0.545663 1700 -0.0403661 0.027199 28 22.1367 -13 231 1 0 1
0.273334 1.21211 1700 -0.0647911 -0.0450727 27.9999 22.1368 -13 232 1 0 1
1.30572 -0.574398 1700 -0.0261878 -0.272491 27.9987 22.1374 -13 233 1 0 1
5.02809 0.766002 1700 -0.116457 -0.148129 27.9994 22.1372 -13 234 1 0 1
-1.71336 -2.84818 1700 0.189517 -0.0116639 27.9994 22.1371 -13 235 1 0 1
-0.116054 -0.216745 1700 0.0610864 -0.188982 27.9993 22.1371 -13 236 1 0 1
2.36351 0.43852 1700 -0.0585908 -0.0531962 27.9999 22.1368 -13 237 1 0 1
-0.219586 4.00218 1700 -0.119496 -0.0247693 27.9997 22.1371 -13 238 1 0 1
2.07215 -1.45078 1700 -0.0486396 0.273803 27.9986 22.1376 -13 239 1 0 1
0.877525 -2.41808 1700 0.0925579 0.3927 27.9971 22.1384 -13 240 1 0 1
-0.151653 -3.33857 1700 0.0866411 0.0645286 27.9998 22.1368 -13 241 1 0 1
3.10856 -1.23828 1700 0.116877 0.348539 27.9976 22.1382 -13 242 1 0 1
-1.67431 0.035584 1700 0.0924958 -0.0960307 27.9997 22.1369 -13 243 1 0 1
-3.81593 -3.96412 1700 0.286172 0.237544 27.9975 22.1382 -13 244 1 0 1
0.97059 2.69769 1700 -0.0653983 -0.438724 27.9965 22.1389 -13 245 1 0 1
0.850665 -4.11189 1700 0.301505 0.373906 27.9959 22.1392 -13 246 1 0 1
1.37906 8.0368 1700 -0.39693 -0.527834 27.9922 22.1426 -13 247 1 0 1
4.77127 -1.47895 1700 -0.165883 -0.0828023 27.9994 22.1372 -13 248 1 0 1
1.02396 1.57533 1700 -0.0615971 -0.244972 27.9989 22.1374 -13 249 1 0 1
1.88757 -1.5088 1700 -0.0418017 0.189785 27.9993 22.1372 -13 250 1 0 1
0.0823379 -4.05776 1700 0.153923 0.146143 27.9992 22.1372 -13 251 1 0 1
-5.09338 -0.957452 1700 0.154115 -0.0777049 27.9995 22.1371 -13 252 1 0 1
2.16525 -2.04353 1700 0.0194781 -0.0453907 28 22.1367 -13 253 1 0 1
0.194175 -2.1932 1700 0.121582 0.174943 27.9992 22.1371 -13 254 1 0 1
-3.89913 -2.0726 1700 0.149055 -0.196829 27.9989 22.1375 -13 255 1 0 1
-0.0482101 -2.61332 1700 0.0825823 0.0406626 27.9998 22.1368 -13 256 1 0 1
-2.54071 -7.19106 1700 0.228961 0.0851778 27.9989 22.1377 -13 257 1 0 1
1.34903 -0.710563 1700 0.195353 0.182676 27.9987 22.1373 -13 258 1 0 1
-2.29644 -5.58558 1700 0.249749 0.273725 27.9975 22.1383 -13 259 1 0 1
0.150883 0.845568 1700 0.109484 0.011132 27.9998 22.1367 -13 260 1 0 1
4.12474 4.85694 1700 -0.167093 -0.315402 27.9977 22.1384 -13 261 1 0 1
-1.37883 -0.71512 1700 0.103256 0.0681677 27.9997 22.1368 -13 262 1 0 1
2.28874 -2.56283 1700 0.115763 0.215215 27.9989 22.1374 -13 263 1 0 1
3.5165 -0.124843 1700 -0.202144 -0.376718 27.9967 22.1387 -13 264 1 0 1
3.15703 6.45992 1700 -0.172947 -0.123948 27.9992 22.1378 -13 265 1 0 1
-0.160669 -2.13035 1700 0.0908885 0.0980884 27.9997 22.1368 -13 266 1 0 1
-1.02853 0.920301 1700 0.117572 -0.154068 27.9993 22.137 -13 267 1 0 1
-0.0927029 4.84935 1700 -0.23559 -0.562006 27.9934 22.1412 -13 268 1 0 1
4.65434 1.63509 1700 -0.154212 0.012682 27.9996 22.1373 -13 269 1 0 1
3.2668 -2.31613 1700 0.0686035 0.0910225 27.9998 22.1369 -13 270 1 0 1
-2.10435 0.063674 1700 0.120014 -0.145597 27.9994 22.1371 -13 271 1 0 1
0.0785354 -1.15482 1700 0.19698 0.113632 27.9991 22.1371 -13 272 1 0 1
0.361122 -7.85727 1700 0.46064 0.783584 27.9852 22.146 -13 273 1 0 1
2.62215 0.746869 1700 -0.125865 -0.120453 27.9995 22.1371 -13 274 1 0 1
5.12695 1.42768 1700 -0.103071 -0.0800977 27.9997 22.1371 -13 275 1 0 1
2.72039 -0.0707815 1700 -0.144003 -0.230159 27.9987 22.1375 -13 276 1 0 1
0.930684 0.898474 1700 -0.0535318 -0.210086 27.9992 22.1372 -13 277 1 0 1
2.96233 -4.0126 1700 0.229162 0.362897 27.9967 22.1388 -13 278 1 0 1
-2.4931 -1.41065 1700 -0.0588601 -0.154766 27.9995 22.1371 -13 279 1 0 1
-1.34226 -1.49029 1700 0.113613 0.177702 27.9992 22.1371 -13 280 1 0 1
-0.828017 -1.63455 1700 0.0531105 0.247673 27.9989 22.1373 -13 281 1 0 1
-0.0502712 2.05409 1700 -0.118322 -0.124686 27.9995 22.1372 -13 282 1 0 1
1.10796 1.41418 1700 -0.0879512 -0.132135 27.9996 22.1371 -13 283 1 0 1
0.984919 -1.22465 1700 -0.0746523 -0.271175 27.9986 22.1375 -13 284 1 0 1
0.129285 -1.21048 1700 -0.0471782 0.0769081 27.9999 22.1368 -13 285 1 0 1
-0.994825 -0.42992 1700 0.0453503 -0.100493 27.9998 22.1368 -13 286 1 0 1
1.65311 -1.6593 1700 0.110532 0.137624 27.9994 22.137 -13 287 1 0 1
-5.41154 -7.16945 1700 0.228756 0.279947 27.9977 22.1384 -13 288 1 0 1
0.0334854 1.39501 1700 0.014827 -0.116024 27.9998 22.1368 -13 289 1 0 1
0.185099 6.08672 1700 -0.123622 -0.198609 27.999 22.1378 -13 290 1 0 1
-2.54948 4.04481 1700 -0.159219 -0.597418 27.9932 22.1414 -13 291 1 0 1
1.77032 0.428726 1700 -0.104328 -0.0940321 27.9996 22.137 -13 292 1 0 1
-1.88589 -3.56234 1700 0.29221 0.298325 27.9969 22.1385 -13 293 1 0 1
-2.81941 -1.32084 1700 0.257087 0.149084 27.9984 22.1375 -13 294 1 0 1
-4.61608 -4.7822 1700 0.419982 0.536053 27.9917 22.1415 -13 295 1 0 1
0.0913875 -3.17637 1700 0.280235 0.313941 27.9968 22.1385 -13 296 1 0 1
-0.636807 -0.983337 1700 0.0941831 0.191134 27.9992 22.1371 -13 297 1 0 1
-0.313758 -1.48889 1700 0.0837272 0.236172 27.9989 22.1373 -13 298 1 0 1
0.604687 6.12494 1700 -0.145748 -0.318517 27.9978 22.1385 -13 299 1 0 1
-0.518986 0.386029 1700 0.148169 0.246483 27.9985 22.1374 -13 300 1 0 1
-1.01215 3.67006 1700 -0.0920688 0.022034 27.9998 22.137 -13 301 1 0 1
-1.62096 1.0992 1700 0.0670495 -0.0416258 27.9999 22.1367 -13 302 1 0 1
1.67714 4.40558 1700 -0.259734 -0.368272 27.9964 22.1393 -13 303 1 0 1
0.286605 1.59764 1700 0.0304842 -0.329484 27.998 22.1379 -13 304 1 0 1
-0.88109 -6.31731 1700 0.325391 0.805931 27.9865 22.1449 -13 305 1 0 1
-4.36884 -0.86012 1700 0.270602 0.09888 27.9985 22.1375 -13 306 1 0 1
2.08678 2.53768 1700 -0.352669 -0.442966 27.9943 22.1405 -13 307 1 0 1
2.06512 -1.95613 1700 0.0691209 0.478792 27.9958 22.1392 -13 308 1 0 1
1.80273 1.19182 1700 -0.0382633 -0.0746393 27.9999 22.1368 -13 309 1 0 1
4.84816 -1.59211 1700 -0.114025 -0.0229001 27.9998 22.137 -13 310 1 0 1
-1.93288 -3.19462 1700 -0.177087 -0.136359 27.9991 22.1373 -13 311 1 0 1
-5.04798 -2.63477 1700 0.299979 0.166029 27.9979 22.1379 -13 312 1 0 1
3.75022 -5.93427 1700 0.0486553 0.41388 27.9969 22.139 -13 313 1 0 1
0.95688 4.2247 1700 -0.110809 -0.149906 27.9994 22.1373 -13 314 1 0 1
-3.8719 2.08175 1700 -0.076895 -0.269354 27.9986 22.1379 -13 315 1 0 1
0.69874 0.29037 1700 0.0838061 0.128457 27.9996 22.1369 -13 316 1 0 1
2.38494 0.265137 1700 0.0578129 0.192018 27.9993 22.1371 -13 317 1 0 1
0.339735 1.97351 1700 0.0218351 -0.0689323 27.9999 22.1368 -13 318 1 0 1
-2.07144 2.10064 1700 -0.087393 -0.496558 27.9955 22.1397 -13 319 1 0 1
-4.41964 -4.28494 1700 0.383058 0.533057 27.9923 22.1411 -13 320 1 0 1
-0.229758 -3.36091 1700 0.108918 0.278734 27.9984 22.1376 -13 321 1 0 1
3.02153 0.24864 1700 -0.00085752 0.239177 27.999 22.1374 -13 322 1 0 1
-0.649793 -1.11178 1700 0.145446 0.279738 27.9982 22.1376 -13 323 1 0 1
-6.12501 -1.67433 1700 0.185327 0.457688 27.9956 22.139 -13 324 1 0 1
-1.69996 -4.47663 1700 0.210897 0.364562 27.9968 22.1386 -13 325 1 0 1
0.23728 2.68458 1700 -0.0136613 -0.371721 27.9975 22.1383 -13 326 1 0 1
-0.653292 -0.772195 1700 0.0959301 -0.0325915 27.9998 22.1367 -13 327 1 0 1
-4.37853 5.63863 1700 -0.139291 -0.344703 27.9975 22.1389 -13 328 1 0 1
1.21118 3.47911 1700 -0.0914471 -0.226388 27.9989 22.1375 -13 329 1 0 1
-0.211902 -4.77908 1700 0.143337 0.354589 27.9974 22.1383 -13 330 1 0 1
0.08304 2.59564 1700 0.084157 -0.185757 27.9993 22.1371 -13 331 1 0 1
1.44617 6.00592 1700 -0.289973 -0.337002 27.9965 22.1395 -13 332 1 0 1
1.69355 2.46384 1700 -0.0592402 -0.370369 27.9975 22.1383 -13 333 1 0 1
-0.810783 -0.0807659 1700 -0.0915021 -0.316795 27.9981 22.1379 -13 334 1 0 1
3.94275 -7.33888 1700 0.237085 0.385264 27.9963 22.1395 -13 335 1 0 1
3.69638 1.3623 1700 -0.147017 0.0464448 27.9996 22.1372 -13 336 1 0 1
-0.76926 3.09955 1700 0.0548048 -0.0203264 27.9999 22.1367 -13 337 1 0 1
-0.979357 3.71554 1700 -0.0606157 -0.131818 27.9996 22.1371 -13 338 1 0 1
-2.85093 -3.40574 1700 0.223636 0.195277 27.9984 22.1376 -13 339 1 0 1
-1.55398 -1.35201 1700 0.0747002 -0.00592052 27.9999 22.1367 -13 340 1 0 1
2.28892 4.38159 1700 -0.246759 -0.328787 27.997 22.139 -13 341 1 0 1
0.651817 -0.451577 1700 0.287619 0.122693 27.9983 22.1375 -13 342 1 0 1
0.496459 0.146571 1700 0.00665935 0.168903 27.9995 22.137 -13 343 1 0 1
-0.219873 4.59234 1700 -0.15411 -0.31571 27.9978 22.1384 -13 344 1 0 1
-4.12072 -2.65731 1700 0.251201 0.449911 27.9953 22.1393 -13 345 1 0 1
2.33695 2.38495 1700 -0.121662 -0.213903 27.9989 22.1375 -13 346 1 0 1
-2.035 -1.79052 1700 0.245494 0.311643 27.9972 22.1382 -13 347 1 0 1
-0.0558791 1.98872 1700 0.102075 -0.134702 27.9995 22.1369 -13 348 1 0 1
-0.107404 -1.43889 1700 0.19301 0.271918 27.998 22.1377 -13 349 1 0 1
0.921325 -2.76213 1700 -0.027228 0.1143 27.9998 22.1369 -13 350 1 0 1
-2.49828 -1.78779 1700 0.21533 0.0923383 27.999 22.1372 -13 351 1 0 1
2.18785 0.800774 1700 -0.0173364 -0.0604814 27.9999 22.1368 -13 352 1 0 1
1.05919 -1.77827 1700 0.243111 0.240656 27.9979 22.1378 -13 353 1 0 1
-1.70107 0.612904 1700 0.0399725 -0.0334433 28 22.1367 -13 354 1 0 1
-0.922378 -4.1674 1700 0.207988 0.298448 27.9976 22.1381 -13 355 1 0 1
3.50841 -0.31808 1700 -0.164845 0.184199 27.9989 22.1376 -13 356 1 0 1
0.823549 3.44337 1700 -0.165275 -0.248149 27.9984 22.1379 -13 357 1 0 1
-1.54253 -0.257697 1700 0.14138 0.0993596 27.9995 22.1369 -13 358 1 0 1
2.54293 3.95689 1700 -0.121583 -0.144896 27.9994 22.1374 -13 359 1 0 1
-1.37003 4.03538 1700 -0.168111 -0.41316 27.9964 22.1393 -13 360 1 0 1
-2.08146 -2.29403 1700 0.217588 0.236402 27.9982 22.1377 -13 361 1 0 1
-8.62014 -2.15984 1700 0.437499 0.271445 27.9953 22.1396 -13 362 1 0 1
-1.04635 0.0978045 1700 0.15551 -0.0331197 27.9995 22.1369 -13 363 1 0 1
3.35387 -2.7401 1700 0.0432157 0.111479 27.9997 22.1369 -13 364 1 0 1
0.0526737 -2.83507 1700 0.257612 0.408034 27.9958 22.1391 -13 365 1 0 1
4.84289 6.51747 1700 -0.267553 -0.164533 27.9982 22.1386 -13 366 1 0 1
0.485492 1.02455 1700 -0.0832528 -0.113792 27.9996 22.137 -13 367 1 0 1
-2.96245 -5.10471 1700 0.479364 0.386377 27.9932 22.1408 -13 368 1 0 1
-0.0131241 0.246686 1700 0.0121052 -0.176857 27.9994 22.137 -13 369 1 0 1
0.200969 0.575212 1700 0.0738183 -0.21758 27.9991 22.1372 -13 370 1 0 1
-0.820005 5.37493 1700 -0.179258 -0.422944 27.9962 22.1395 -13 371 1 0 1
2.03031 5.01175 1700 -0.231615 -0.0237747 27.999 22.1378 -13 372 1 0 1
3.26066 3.16086 1700 -0.304633 -0.541366 27.9931 22.1411 -13 373 1 0 1
-0.0158707 1.00744 1700 -0.11658 -0.150968 27.9994 22.1372 -13 374 1 0 1
-0.852723 1.75859 1700 0.0520605 -0.284768 27.9985 22.1376 -13 375 1 0 1
-1.47784 -1.57449 1700 0.192752 0.228271 27.9984 22.1375 -13 376 1 0 1
0.0783969 -3.08623 1700 0.179321 0.222421 27.9985 22.1375 -13 377 1 0 1
-5.87902 -5.98034 1700 0.436193 0.472832 27.9926 22.1412 -13 378 1 0 1
-1.02585 2.92659 1700 -0.117878 -0.25826 27.9986 22.1378 -13 379 1 0 1
0.521184 5.65356 1700 -0.181119 -0.20913 27.9986 22.138 -13 380 1 0 1
-2.37258 2.52801 1700 -0.0575901 -0.178864 27.9994 22.1373 -13 381 1 0 1
0.376572 -0.536099 1700 0.133411 -0.0291283 27.9997 22.1368 -13 382 1 0 1
-0.789957 -2.73622 1700 0.163601 0.0184416 27.9995 22.1369 -13 383 1 0 1
5.20803 4.67752 1700 -0.41364 -0.501765 27.9924 22.1419 -13 384 1 0 1
2.22073 4.30649 1700 -0.104128 -0.0303891 27.9998 22.1371 -13 385 1 0 1
0.403719 4.93081 1700 -0.067783 -0.604512 27.9934 22.1409 -13 386 1 0 1
0.689952 6.75752 1700 -0.0234547 -0.0531371 27.9999 22.137 -13 387 1 0 1
-0.631504 -3.32034 1700 0.171036 0.273791 27.9981 22.1378 -13 388 1 0 1
1.7591 0.605797 1700 0.104823 -0.0159949 27.9998 22.1367 -13 389 1 0 1
0.572518 2.82707 1700 -0.0423391 -0.180898 27.9994 22.1372 -13 390 1 0 1
0.742715 1.43863 1700 0.0107782 -0.0294253 28 22.1367 -13 391 1 0 1
1.36257 -2.43505 1700 0.127631 0.104939 27.9995 22.137 -13 392 1 0 1
3.30205 0.442301 1700 -0.08912 0.00338799 27.9999 22.1369 -13 393 1 0 1
4.22163 -1.09139 1700 -0.0190961 -0.0566786 27.9999 22.1368 -13 394 1 0 1
1.08546 -1.13954 1700 0.070108 -0.0109027 27.9999 22.1367 -13 395 1 0 1
-5.40828 -5.18211 1700 0.471742 0.327216 27.9941 22.1404 -13 396 1 0 1
0.994029 3.22814 1700 -0.091864 -0.125554 27.9996 22.1371 -13 397 1 0 1
2.00598 -2.23214 1700 0.096169 0.201008 27.9991 22.1372 -13 398 1 0 1
0.292576 5.19487 1700 -0.0539532 -0.34813 27.9978 22.1383 -13 399 1 0 1
0.49142 -3.21184 1700 0.298153 0.292591 27.9969 22.1385 -13 400 1 0 1
-2.66963 -2.59595 1700 0.23309 0.164548 27.9985 22.1375 -13 401 1 0 1
1.05766 0.954267 1700 -0.0864768 -0.202602 27.9991 22.1373 -13 402 1 0 1
4.17159 -1.27307 1700 -0.167845 -0.278868 27.9981 22.1378 -13 403 1 0 1
1.28732 5.61317 1700 -0.0975112 -0.198257 27.9991 22.1376 -13 404 1 0 1
0.766124 -2.28415 1700 0.0394491 0.0715256 27.9999 22.1368 -13 405 1 0 1
0.438838 -0.125443 1700 0.0559217 0.158089 27.9995 22.1369 -13 406 1 0 1
-1.90809 -1.26269 1700 0.150432 0.0812673 27.9995 22.1369 -13 407 1 0 1
-2.18954 -6.19619 1700 0.289251 0.438845 27.9951 22.1398 -13 408 1 0 1
0.73676 3.09811 1700 -0.174319 -0.0933408 27.9993 22.1374 -13 409 1 0 1
3.01585 -1.40897 1700 -0.00240446 -0.132113 27.9997 22.1369 -13 410 1 0 1
1.87378 -2.28141 1700 0.102682 0.146107 27.9994 22.137 -13 411 1 0 1
0.244416 -2.49446 1700 0.0823867 0.109891 27.9997 22.1369 -13 412 1 0 1
4.48905 0.268099 1700 -0.008807 -0.110656 27.9998 22.1369 -13 413 1 0 1
2.72948 1.23631 1700 0.0514638 0.115615 27.9997 22.1369 -13 414 1 0 1
2.81579 3.20284 1700 -0.0423551 0.0641731 27.9999 22.1369 -13 415 1 0 1
-3.85388 -3.43085 1700 0.271864 0.268191 27.9974 22.1382 -13 416 1 0 1
-0.796489 -8.38843 1700 0.343833 0.516217 27.9931 22.1413 -13 417 1 0 1
1.37396 -0.930552 1700 0.0474007 0.17515 27.9994 22.137 -13 418 1 0 1
0.852489 0.126889 1700 0.200619 -0.105926 27.9991 22.1371 -13 419 1 0 1
-1.68044 -5.2866 1700 0.315052 0.289698 27.9967 22.1387 -13 420 1 0 1
-0.486939 0.528387 1700 0.15007 -0.119823 27.9993 22.137 -13 421 1 0 1
1.02064 -2.82439 1700 0.0209844 0.247332 27.9989 22.1374 -13 422 1 0 1
-3.33998 6.21511 1700 -0.141842 -0.48901 27.9954 22.1403 -13 423 1 0 1
-0.815671 3.07195 1700 0.0737259 -0.0498802 27.9999 22.1368 -13 424 1 0 1
-0.964317 -1.55901 1700 0.111293 -0.174086 27.9992 22.1371 -13 425 1 0 1
5.07156 2.88074 1700 -0.319046 -0.380629 27.9956 22.1397 -13 426 1 0 1
4.33564 5.52321 1700 -0.238708 -0.297199 27.9974 22.1388 -13 427 1 0 1
3.85142 -1.75719 1700 -0.00564328 -0.0478544 28 22.1368 -13 428 1 0 1
-1.16318 0.801575 1700 -0.104369 -0.0216935 27.9998 22.1369 -13 429 1 0 1
-3.75103 -2.3415 1700 0.0763301 -0.0171893 27.9999 22.1368 -13 430 1 0 1
-4.09364 1.50807 1700 -0.00189415 0.101464 27.9998 22.1368 -13 431 1 0 1
1.95083 0.295929 1700 0.0824746 -0.0837277 27.9998 22.1368 -13 432 1 0 1
-0.779084 -6.39016 1700 0.46205 0.57446 27.9903 22.1427 -13 433 1 0 1
-0.802229 1.88539 1700 -0.105797 0.0376373 27.9998 22.1369 -13 434 1 0 1
0.275027 -3.07176 1700 0.0335903 0.14926 27.9996 22.137 -13 435 1 0 1
-1.47898 0.160713 1700 -0.0351139 0.110554 27.9998 22.1368 -13 436 1 0 1
5.6122 3.26537 1700 -0.202939 0.0872437 27.9991 22.1378 -13 437 1 0 1
-2.41827 -9.89181 1700 0.386977 0.592272 27.9911 22.1428 -13 438 1 0 1
-0.282727 -2.18922 1700 0.0954652 0.00678471 27.9998 22.1368 -13 439 1 0 1
1.6171 2.43069 1700 -0.243814 -0.11909 27.9987 22.1378 -13 440 1 0 1
-0.498296 -0.654891 1700 0.0105682 -0.0849522 27.9999 22.1368 -13 441 1 0 1
1.6801 3.59046 1700 -0.199839 -0.482202 27.9951 22.1399 -13 442 1 0 1
0.360884 -4.09529 1700 0.0788639 0.222241 27.999 22.1373 -13 443 1 0 1
-1.60971 0.192223 1700 0.0740719 0.000643914 27.9999 22.1367 -13 444 1 0 1
1.09373 -0.839429 1700 -0.167275 -0.00118027 27.9995 22.1371 -13 445 1 0 1
0.632885 -1.17685 1700 0.0458484 0.0213485 28 22.1367 -13 446 1 0 1
-3.22008 -4.33923 1700 0.198016 0.20368 27.9986 22.1376 -13 447 1 0 1
2.14123 -1.37483 1700 -0.0042575 0.201994 27.9993 22.1372 -13 448 1 0 1
-4.41781 0.947496 1700 0.0551605 -0.165552 27.9995 22.1372 -13 449 1 0 1
3.91415 6.8806 1700 -0.422166 -0.185259 27.9962 22.1401 -13 450 1 0 1
3.45603 -3.64976 1700 0.0119449 0.247159 27.9989 22.1376 -13 451 1 0 1
-0.106953 -1.76406 1700 0.0723157 0.258965 27.9987 22.1374 -13 452 1 0 1
0.220452 2.28391 1700 0.0454483 -0.219434 27.9991 22.1372 -13 453 1 0 1
0.901782 0.963723 1700 -0.138677 -0.108664 27.9994 22.1371 -13 454 1 0 1
-1.50234 1.58395 1700 0.102462 -0.0123648 27.9998 22.1367 -13 455 1 0 1
2.66432 7.68162 1700 -0.414812 -0.50527 27.9924 22.1424 -13 456 1 0 1
-0.403677 1.54124 1700 -0.0782745 -0.079463 27.9998 22.1369 -13 457 1 0 1
-0.535462 6.15901 1700 -0.31622 -0.472115 27.9942 22.141 -13 458 1 0 1
-1.19816 -0.80203 1700 -0.0324921 -0.0864622 27.9998 22.1368 -13 459 1 0 1
2.8968 -3.67324 1700 -0.0210055 0.318905 27.9982 22.138 -13 460 1 0 1
-0.351904 -4.78045 1700 0.12339 0.277266 27.9984 22.1378 -13 461 1 0 1
4.46956 0.0300941 1700 -0.020869 0.115337 27.9998 22.137 -13 462 1 0 1
0.967441 -0.16338 1700 0.0397206 -0.165637 27.9995 22.1369 -13 463 1 0 1
-1.3457 1.01704 1700 0.100008 0.172098 27.9993 22.137 -13 464 1 0 1
2.87652 0.76739 1700 -0.198088 -0.149698 27.9989 22.1375 -13 465 1 0 1
2.77374 3.04838 1700 -0.160384 -0.188064 27.9989 22.1376 -13 466 1 0 1
5.47001 4.17701 1700 -0.20008 -0.482387 27.9951 22.1399 -13 467 1 0 1
-0.158477 1.94921 1700 -0.0555896 -0.0328185 27.9999 22.1368 -13 468 1 0 1
-5.75791 0.771399 1700 0.223355 -0.0140083 27.9991 22.1373 -13 469 1 0 1
1.46914 1.57103 1700 0.0581358 -0.112314 27.9997 22.1368 -13 470 1 0 1
-0.653233 -3.62936 1700 0.067367 0.153628 27.9995 22.137 -13 471 1 0 1
-0.106759 6.62802 1700 -0.124049 -0.241821 27.9987 22.138 -13 472 1 0 1
-2.87057 -0.111398 1700 0.144422 0.215511 27.9988 22.1372 -13 473 1 0 1
1.99492 5.33354 1700 -0.18771 -0.432114 27.996 22.1395 -13 474 1 0 1
-2.09515 3.76936 1700 -0.0704418 -0.166257 27.9994 22.1373 -13 475 1 0 1
2.16093 -3.07954 1700 0.0402967 0.438727 27.9965 22.1389 -13 476 1 0 1
-4.42591 4.23395 1700 -0.0495425 -0.544695 27.9947 22.1406 -13 477 1 0 1
1.79653 5.14017 1700 -0.347215 -0.463974 27.994 22.1409 -13 478 1 0 1
1.52746 -3.71102 1700 0.114395 0.099831 27.9996 22.137 -13 479 1 0 1
-4.12056 0.160787 1700 -0.018346 -0.157319 27.9996 22.1371 -13 480 1 0 1
0.709114 -0.466615 1700 0.0648731 -0.0397853 27.9999 22.1367 -13 481 1 0 1
-1.10163 1.04601 1700 -0.0578547 -0.0999016 27.9998 22.1369 -13 482 1 0 1
-0.455177 -7.05491 1700 0.194467 0.185367 27.9987 22.1378 -13 483 1 0 1
-2.41021 -2.95245 1700 0.19377 0.136055 27.999 22.1373 -13 484 1 0 1
-1.07554 3.12961 1700 -0.0419978 -0.382297 27.9974 22.1385 -13 485 1 0 1
1.98644 8.48716 1700 -0.335248 -0.511103 27.9933 22.1418 -13 486 1 0 1
0.471827 -0.934453 1700 -0.0218817 -0.398204 27.9972 22.1383 -13 487 1 0 1
1.32919 5.19215 1700 -0.141175 -0.333218 27.9977 22.1385 -13 488 1 0 1
5.82346 7.47324 1700 -0.393531 -0.292445 27.9957 22.1405 -13 489 1 0 1
-0.340885 2.47424 1700 0.0173108 -0.377248 27.9975 22.1383 -13 490 1 0 1
-0.190635 -1.19278 1700 0.24277 0.208521 27.9982 22.1376 -13 491 1 0 1
0.985618 -0.455576 1700 0.187988 0.184923 27.9988 22.1373 -13 492 1 0 1
0.124569 -1.38651 1700 0.153423 0.0243251 27.9996 22.1369 -13 493 1 0 1
-1.57638 1.37354 1700 -0.0140014 -0.167291 27.9995 22.1371 -13 494 1 0 1
0.0152153 -1.46888 1700 0.140717 0.311732 27.9979 22.1378 -13 495 1 0 1
-0.45492 3.00651 1700 0.0257951 0.180339 27.9994 22.137 -13 496 1 0 1
3.66947 0.703901 1700 -0.0389665 -0.113107 27.9997 22.1369 -13 497 1 0 1
3.29946 -2.50624 1700 -0.0408632 0.102159 27.9998 22.137 -13 498 1 0 1
-3.96026 7.34656 1700 -0.114011 -0.361673 27.9974 22.1391 -13 499 1 0 1
-1.84924 -2.76135 1700 0.193306 0.277446 27.998 22.1378 -13 500 1 0 1
-1.63328 -3.38152 1700 0.14888 0.256087 27.9984 22.1376 -13 501 1 0 1
-2.23974 0.010592 1700 0.169859 0.0257838 27.9995 22.1369 -13 502 1 0 1
3.63157 0.150902 1700 -0.0962367 0.103218 27.9996 22.1371 -13 503 1 0 1
1.228 -4.43396 1700 0.115801 0.223021 27.9989 22.1375 -13 504 1 0 1
0.314887 2.63396 1700 -0.0578629 -0.0868685 27.9998 22.1369 -13 505 1 0 1
0.291322 -5.61639 1700 0.120877 0.196761 27.999 22.1374 -13 506 1 0 1
3.10684 1.27248 1700 -0.0911007 0.0833418 27.9997 22.137 -13 507 1 0 1
0.0763302 3.95915 1700 -0.204133 -0.399656 27.9964 22.1393 -13 508 1 0 1
-1.40301 -0.00502822 1700 0.0611903 -0.0230914 27.9999 22.1367 -13 509 1 0 1
0.248592 1.95842 1700 -0.0784983 -0.336335 27.9979 22.1381 -13 510 1 0 1
-1.76371 -1.84545 1700 0.0523908 0.0966533 27.9998 22.1368 -13 511 1 0 1
-1.32574 1.93176 1700 0.104049 0.139599 27.9995 22.1369 -13 512 1 0 1
-3.86775 -0.582912 1700 0.0495515 -0.195747 27.9993 22.1373 -13 513 1 0 1
5.60475 6.75299 1700 -0.402726 -0.485113 27.9929 22.1419 -13 514 1 0 1
0.247415 -0.986651 1700 0.13004 0.139351 27.9994 22.137 -13 515 1 0 1
-1.27579 4.054 1700 -0.133432 -0.568055 27.9939 22.1408 -13 516 1 0 1
0.808299 2.00436 1700 -0.0863962 -0.155072 27.9994 22.1371 -13 517 1 0 1
-5.13559 0.0674026 1700 0.139642 0.200721 27.9989 22.1372 -13 518 1 0 1
2.51664 2.6142 1700 0.103947 0.0999101 27.9996 22.1369 -13 519 1 0 1
3.10013 -5.27609 1700 0.207002 0.600489 27.9928 22.1414 -13 520 1 0 1
-2.47692 3.38061 1700 0.0796644 -0.347421 27.9977 22.1382 -13 521 1 0 1
-1.16944 -0.770679 1700 0.178806 0.154723 27.999 22.1371 -13 522 1 0 1
3.78041 0.830027 1700 -0.0978432 0.197641 27.9991 22.1375 -13 523 1 0 1
4.26142 -0.563559 1700 -0.200066 -0.178736 27.9987 22.1376 -13 524 1 0 1
-1.99662 -1.19872 1700 0.113558 0.0880467 27.9996 22.1368 -13 525 1 0 1
-0.0251267 1.72342 1700 -0.0949533 0.00849758 27.9998 22.1369 -13 526 1 0 1
0.907254 8.24351 1700 -0.407928 -0.582306 27.991 22.1434 -13 527 1 0 1
-1.28551 1.14371 1700 0.0434926 -0.193528 27.9993 22.1371 -13 528 1 0 1
-2.97289 -6.10362 1700 0.225179 0.435369 27.9957 22.1394 -13 529 1 0 1
-1.11282 0.66561 1700 0.00384272 0.12933 27.9997 22.1368 -13 530 1 0 1
0.332456 -1.59498 1700 0.114484 -0.261826 27.9985 22.1375 -13 531 1 0 1
1.45239 0.914202 1700 -0.0344417 0.142927 27.9996 22.137 -13 532 1 0 1
0.838745 3.36156 1700 -0.130858 0.0823116 27.9996 22.1372 -13 533 1 0 1
2.47433 3.40318 1700 -0.113687 -0.312481 27.998 22.1381 -13 534 1 0 1
3.08317 3.07633 1700 0.0198825 -0.167776 27.9995 22.137 -13 535 1 0 1
-2.53746 -7.81736 1700 0.398248 0.511648 27.9925 22.1416 -13 536 1 0 1
2.30257 5.66244 1700 -0.197857 -0.0841721 27.9992 22.1377 -13 537 1 0 1
6.1441 0.891505 1700 -0.192768 0.160967 27.9989 22.1379 -13 538 1 0 1
3.3285 3.25809 1700 -0.174693 -0.389212 27.9967 22.1389 -13 539 1 0 1
3.57521 -2.09424 1700 0.139061 0.437317 27.9962 22.1391 -13 540 1 0 1
0.509931 2.09536 1700 -0.18024 -0.088121 27.9993 22.1373 -13 541 1 0 1
-3.33946 1.0978 1700 -0.123515 -0.103596 27.9995 22.1372 -13 542 1 0 1
4.03179 4.88168 1700 -0.282996 -0.433509 27.9952 22.1401 -13 543 1 0 1
1.30714 -5.89017 1700 0.066374 0.17264 27.9994 22.1373 -13 544 1 0 1
-0.0373574 -4.8822 1700 0.240948 0.321691 27.9971 22.1385 -13 545 1 0 1
-0.537418 -0.358029 1700 0.0664334 -0.0961825 27.9998 22.1368 -13 546 1 0 1
1.49785 0.0501611 1700 -0.0689034 0.115367 27.9997 22.1369 -13 547 1 0 1
1.75634 0.713548 1700 0.033076 0.0832516 27.9999 22.1368 -13 548 1 0 1
-0.194559 -0.874736 1700 0.177015 0.210037 27.9987 22.1373 -13 549 1 0 1
2.19306 0.587086 1700 -0.183013 -0.209453 27.9986 22.1376 -13 550 1 0 1
0.793112 1.69372 1700 -0.0541867 -0.211363 27.9991 22.1373 -13 551 1 0 1
-0.0658588 0.525001 1700 0.106879 -0.00711633 27.9998 22.1367 -13 552 1 0 1
-0.113433 -2.36241 1700 0.0784469 0.0936774 27.9997 22.1368 -13 553 1 0 1
-0.7809 -5.17453 1700 0.276548 0.555473 27.9931 22.1408 -13 554 1 0 1
0.968755 1.08718 1700 0.0684667 -0.0852827 27.9998 22.1368 -13 555 1 0 1
0.688303 -1.11034 1700 -0.0495184 0.0496766 27.9999 22.1368 -13 556 1 0 1
1.49411 -0.291859 1700 0.0389705 -0.0848802 27.9998 22.1367 -13 557 1 0 1
3.47206 1.82866 1700 -0.303317 -0.0903881 27.9982 22.1381 -13 558 1 0 1
-2.98301 -2.16851 1700 0.267994 0.311297 27.997 22.1383 -13 559 1 0 1
0.937329 -0.672608 1700 0.100647 0.21402 27.999 22.1372 -13 560 1 0 1
1.1785 0.114803 1700 0.0430988 0.0953898 27.9998 22.1368 -13 561 1 0 1
2.54737 -0.981692 1700 0.0413065 0.413386 27.9969 22.1386 -13 562 1 0 1
-2.23097 1.86772 1700 0.11642 -0.0866901 27.9996 22.1369 -13 563 1 0 1
-4.92707 -3.6749 1700 0.311751 0.347244 27.9961 22.1389 -13 564 1 0 1
3.9581 -4.22516 1700 0.136684 0.230725 27.9987 22.1377 -13 565 1 0 1
-1.23794 -4.15149 1700 0.202866 0.194788 27.9986 22.1376 -13 566 1 0 1
2.55688 0.954746 1700 0.00100949 -0.117767 27.9998 22.1368 -13 567 1 0 1
1.24213 0.343011 1700 0.128144 0.0434249 27.9997 22.1368 -13 568 1 0 1
-3.88458 2.06168 1700 0.185843 -0.0713008 27.9993 22.1371 -13 569 1 0 1
1.67529 -2.51148 1700 0.131795 0.301608 27.9981 22.1379 -13 570 1 0 1
-0.211841 3.48497 1700 -0.0805902 -0.227541 27.999 22.1375 -13 571 1 0 1
-2.23397 -5.07945 1700 0.218518 0.371697 27.9967 22.1387 -13 572 1 0 1
2.5962 0.735165 1700 -0.161104 -0.00662244 27.9995 22.1371 -13 573 1 0 1
-0.275523 0.140233 1700 -0.0486873 0.0108791 28 22.1367 -13 574 1 0 1
4.27158 1.95829 1700 -0.245092 -0.168929 27.9984 22.138 -13 575 1 0 1
-0.596159 1.8411 1700 -0.195795 -0.358082 27.997 22.1387 -13 576 1 0 1
4.0504 1.51457 1700 0.0616484 0.233284 27.999 22.1374 -13 577 1 0 1
-1.60304 -1.01661 1700 0.341665 0.151757 27.9975 22.1379 -13 578 1 0 1
0.911445 -2.24619 1700 -0.00696276 -0.0694423 27.9999 22.1367 -13 579 1 0 1
-2.06339 -2.20086 1700 0.19951 0.250542 27.9982 22.1377 -13 580 1 0 1
0.648215 1.60943 1700 -0.0720387 -0.240703 27.9989 22.1374 -13 581 1 0 1
2.61595 0.750199 1700 -0.0740386 -0.108616 27.9997 22.1369 -13 582 1 0 1
0.542069 5.10198 1700 -0.213984 -0.171457 27.9987 22.138 -13 583 1 0 1
0.432041 -2.52175 1700 0.244616 0.209684 27.9981 22.1377 -13 584 1 0 1
-1.21523 -1.62817 1700 0.264125 0.139442 27.9984 22.1375 -13 585 1 0 1
-1.34471 -2.69282 1700 0.0371375 0.112216 27.9998 22.1368 -13 586 1 0 1
1.42131 2.72776 1700 -0.216849 -0.183413 27.9986 22.1378 -13 587 1 0 1
1.36651 -2.71902 1700 -0.0140025 0.114884 27.9998 22.1369 -13 588 1 0 1
-0.676586 4.02619 1700 -0.0889448 -0.254549 27.9987 22.1378 -13 589 1 0 1
-3.4221 1.34845 1700 0.166405 0.0146438 27.9995 22.1369 -13 590 1 0 1
2.92777 1.84588 1700 0.0264666 -0.21007 27.9992 22.1371 -13 591 1 0 1
1.14695 -4.43226 1700 0.10083 0.107589 27.9996 22.137 -13 592 1 0 1
2.32956 1.46159 1700 -0.150006 -0.219027 27.9987 22.1376 -13 593 1 0 1
1.90127 1.94542 1700 0.0623415 -0.0952132 27.9998 22.1368 -13 594 1 0 1
-2.0163 0.120726 1700 0.106639 0.259242 27.9986 22.1373 -13 595 1 0 1
0.966258 1.06179 1700 -0.0657789 -0.188501 27.9993 22.1372 -13 596 1 0 1
-4.20062 -3.7785 1700 0.448479 0.152487 27.996 22.1391 -13 597 1 0 1
-2.94924 0.378361 1700 0.115625 -0.00735617 27.9998 22.1368 -13 598 1 0 1
0.103479 0.769864 1700 0.100318 -0.0838739 27.9997 22.1368 -13 599 1 0 1
7.65095 0.912652 1700 -0.286577 -0.284311 27.9971 22.1388 -13 600 1 0 1
4.62767 2.25061 1700 0.0295697 0.132343 27.9997 22.137 -13 601 1 0 1
0.686172 -1.13247 1700 0.00571767 0.169725 27.9995 22.137 -13 602 1 0 1
1.13866 3.94147 1700 -0.210301 -0.344062 27.9971 22.1388 -13 603 1 0 1
-1.29556 -3.52389 1700 0.145249 0.0450139 27.9996 22.137 -13 604 1 0 1
-0.612589 5.07493 1700 -0.292797 -0.36275 27.9961 22.1397 -13 605 1 0 1
0.747448 0.519732 1700 -0.013754 0.0138966 28 22.1367 -13 606 1 0 1
1.03027 2.9892 1700 0.0821211 -0.0420879 27.9998 22.1367 -13 607 1 0 1
-1.8119 -2.11048 1700 0.0676084 0.169554 27.9994 22.137 -13 608 1 0 1
2.01948 2.72835 1700 -0.137822 -0.175831 27.9991 22.1374 -13 609 1 0 1
0.192817 2.18939 1700 -0.284452 -0.425724 27.9953 22.1398 -13 610 1 0 1
-1.17483 -3.26028 1700 0.0882235 -0.0637925 27.9998 22.1368 -13 611 1 0 1
1.29052 -1.6225 1700 0.123059 0.199654 27.999 22.1372 -13 612 1 0 1
-0.15613 -1.94971 1700 -0.0233661 -0.264759 27.9987 22.1374 -13 613 1 0 1
1.84436 0.189759 1700 0.102582 0.187511 27.9992 22.1371 -13 614 1 0 1
3.17977 -0.86671 1700 0.0873786 -0.0568607 27.9998 22.1367 -13 615 1 0 1
-1.32482 -1.81503 1700 0.154411 0.391058 27.9968 22.1384 -13 616 1 0 1
0.474141 -4.55748 1700 0.108658 0.0421936 27.9998 22.1369 -13 617 1 0 1
-2.32415 3.56517 1700 -0.0782336 -0.401599 27.997 22.1389 -13 618 1 0 1
6.44524 1.79324 1700 -0.263481 -0.0324868 27.9987 22.138 -13 619 1 0 1
0.538878 -4.26464 1700 0.326348 0.472271 27.9941 22.1402 -13 620 1 0 1
-1.83374 -3.60347 1700 0.332025 0.27231 27.9967 22.1386 -13 621 1 0 1
1.2743 1.13139 1700 -0.266842 -0.263504 27.9975 22.1384 -13 622 1 0 1
4.23742 3.29214 1700 -0.174217 -0.328877 27.9975 22.1384 -13 623 1 0 1
0.988252 -5.29341 1700 0.0588334 0.405034 27.997 22.1387 -13 624 1 0 1
0.973844 0.388341 1700 0.139539 0.178783 27.9991 22.1371 -13 625 1 0 1
-0.739361 1.52576 1700 0.114587 0.0665908 27.9997 22.1368 -13 626 1 0 1
-1.52983 -0.82423 1700 0.100963 0.128964 27.9995 22.1369 -13 627 1 0 1
-0.87847 1.25045 1700 -0.0516659 0.180631 27.9994 22.137 -13 628 1 0 1
3.81726 -3.44018 1700 0.0761409 0.399211 27.9971 22.1387 -13 629 1 0 1
0.255811 1.20158 1700 -0.190207 -0.360337 27.997 22.1386 -13 630 1 0 1
-0.635642 -1.24407 1700 0.214244 0.120279 27.9989 22.1372 -13 631 1 0 1
2.68117 -4.84864 1700 0.138534 0.293008 27.9981 22.138 -13 632 1 0 1
0.0203551 5.07925 1700 -0.0693512 -0.371793 27.9974 22.1386 -13 633 1 0 1
-1.84348 -0.544563 1700 0.309128 0.0461261 27.9983 22.1375 -13 634 1 0 1
3.42142 -1.63623 1700 -0.0183069 -0.0734722 27.9999 22.1368 -13 635 1 0 1
-2.15831 3.55522 1700 -0.0602208 -0.0398129 27.9999 22.1369 -13 636 1 0 1
2.87148 -0.357462 1700 -0.0372285 0.00807259 28 22.1368 -13 637 1 0 1
-0.417886 5.07672 1700 -0.225121 -0.325422 27.9972 22.1389 -13 638 1 0 1
-1.52951 4.39007 1700 0.0225553 -0.349476 27.9978 22.1383 -13 639 1 0 1
1.46233 5.8799 1700 -0.0862543 -0.244188 27.9988 22.1378 -13 640 1 0 1
-3.49619 0.0238575 1700 0.131466 -0.110127 27.9995 22.1371 -13 641 1 0 1
-0.185672 -0.665008 1700 0.139244 0.14424 27.9993 22.137 -13 642 1 0 1
0.62236 10.4982 1700 -0.200982 -0.532632 27.9942 22.1414 -13 643 1 0 1
2.3399 0.324902 1700 0.10226 0.0916949 27.9997 22.1368 -13 644 1 0 1
-0.306216 4.91316 1700 -0.273248 -0.269478 27.9974 22.1389 -13 645 1 0 1
-0.0680891 3.73023 1700 -0.0890617 -0.366799 27.9975 22.1385 -13 646 1 0 1
-0.0445269 2.7934 1700 -0.104469 -0.394954 27.997 22.1387 -13 647 1 0 1
1.90002 -2.68048 1700 0.0725192 0.305676 27.9982 22.1378 -13 648 1 0 1
3.2955 0.224867 1700 0.0871415 0.342157 27.9978 22.1381 -13 649 1 0 1
-1.32826 -8.13516 1700 0.479192 0.708403 27.9869 22.145 -13 650 1 0 1
2.15534 -2.13215 1700 0.204726 0.00294888 27.9993 22.137 -13 651 1 0 1
-0.281429 0.00197822 1700 0.0288417 -0.0268706 28 22.1367 -13 652 1 0 1
0.907512 -0.747636 1700 0.110569 0.157985 27.9993 22.137 -13 653 1 0 1
-1.09736 1.78739 1700 -0.112572 -0.181858 27.9992 22.1373 -13 654 1 0 1
-0.37969 4.07032 1700 0.0318087 -0.0489071 27.9999 22.1368 -13 655 1 0 1
-1.23196 2.73565 1700 -0.0595906 -0.329863 27.998 22.1381 -13 656 1 0 1
2.28521 1.02333 1700 -0.191856 0.0043994 27.9993 22.1373 -13 657 1 0 1
0.0824098 -2.61421 1700 0.194804 0.0285303 27.9993 22.137 -13 658 1 0 1
0.00417635 -2.01512 1700 0.169578 0.233742 27.9985 22.1375 -13 659 1 0 1
-0.605538 5.65585 1700 -0.245068 -0.367525 27.9965 22.1395 -13 660 1 0 1
7.36676 5.79751 1700 -0.419207 -0.305957 27.9952 22.1406 -13 661 1 0 1
-1.18184 0.437456 1700 -0.0902612 -0.239604 27.9988 22.1375 -13 662 1 0 1
2.80066 3.2384 1700 -0.113273 -0.00991783 27.9998 22.1371 -13 663 1 0 1
5.75759 -0.20768 1700 -0.0577826 0.326762 27.998 22.1383 -13 664 1 0 1
3.89742 5.0796 1700 -0.14936 -0.225233 27.9987 22.1379 -13 665 1 0 1
2.24537 -5.65093 1700 0.066052 0.333594 27.9979 22.1382 -13 666 1 0 1
2.27379 2.9888 1700 -0.209879 -0.150419 27.9988 22.1377 -13 667 1 0 1
-2.00581 -5.58383 1700 0.414471 0.254546 27.9958 22.1394 -13 668 1 0 1
-2.61705 4.66772 1700 -0.00790096 -0.268006 27.9987 22.1378 -13 669 1 0 1
4.34671 4.09892 1700 -0.242394 -0.471627 27.995 22.14 -13 670 1 0 1
-1.89773 3.40709 1700 -0.0817827 -0.299583 27.9983 22.138 -13 671 1 0 1
-2.73585 -2.9224 1700 0.382857 0.441376 27.9939 22.1401 -13 672 1 0 1
1.18007 -6.93344 1700 0.217312 0.300697 27.9975 22.1385 -13 673 1 0 1
0.905385 -2.25855 1700 0.281335 -0.0885432 27.9984 22.1375 -13 674 1 0 1
2.33795 -1.04826 1700 0.0549376 -0.0269921 27.9999 22.1367 -13 675 1 0 1
4.88132 4.07861 1700 -0.314582 -0.166505 27.9977 22.1387 -13 676 1 0 1
0.42936 -4.70315 1700 0.116314 0.242173 27.9987 22.1376 -13 677 1 0 1
-2.72852 4.03764 1700 -0.151635 -0.197894 27.9989 22.1378 -13 678 1 0 1
-0.0128427 -2.99585 1700 0.0773826 0.0420192 27.9999 22.1368 -13 679 1 0 1
2.72084 -1.2999 1700 0.116898 0.157055 27.9993 22.1371 -13 680 1 0 1
2.51757 -8.85279 1700 0.215312 0.346708 27.997 22.1391 -13 681 1 0 1
-4.32496 -4.76425 1700 0.300504 0.175031 27.9978 22.1381 -13 682 1 0 1
1.06827 4.69949 1700 -0.266576 -0.263967 27.9975 22.1387 -13 683 1 0 1
-1.78844 2.72331 1700 0.028348 0.15437 27.9996 22.1369 -13 684 1 0 1
0.236477 2.28964 1700 0.0488872 -0.269239 27.9987 22.1375 -13 685 1 0 1
0.419566 -0.260911 1700 0.190988 -0.00622269 27.9993 22.1369 -13 686 1 0 1
-1.45213 8.05574 1700 -0.239115 -0.44524 27.9954 22.1405 -13 687 1 0 1
-0.555899 -4.96057 1700 0.3538 0.426317 27.9945 22.14 -13 688 1 0 1
-1.21901 -0.914888 1700 0.0926471 0.091365 27.9997 22.1368 -13 689 1 0 1
-4.13045 -3.9356 1700 0.150862 0.134299 27.9993 22.1372 -13 690 1 0 1
1.86979 3.49279 1700 -0.0149787 -0.12954 27.9997 22.137 -13 691 1 0 1
-0.65009 2.36296 1700 0.0313449 -0.131667 27.9997 22.1369 -13 692 1 0 1
-3.17781 -4.06158 1700 0.222636 -0.0875629 27.999 22.1374 -13 693 1 0 1
0.246593 4.45647 1700 -0.250661 -0.393011 27.9961 22.1395 -13 694 1 0 1
-0.489001 -3.39399 1700 0.201596 0.228751 27.9983 22.1377 -13 695 1 0 1
-3.53023 -5.70249 1700 0.334099 0.434266 27.9946 22.14 -13 696 1 0 1
-2.16534 -0.809515 1700 0.153059 0.0875722 27.9994 22.1369 -13 697 1 0 1
3.15698 -4.757 1700 -0.00496948 0.0330079 28 22.1369 -13 698 1 0 1
-2.16825 2.27272 1700 -0.0325788 -0.248489 27.9989 22.1376 -13 699 1 0 1
-0.104822 0.0132391 1700 0.0521271 0.0527733 27.9999 22.1367 -13 700 1 0 1
-3.90769 -1.81393 1700 0.202021 -0.0717477 27.9992 22.1372 -13 701 1 0 1
-3.46414 -0.568269 1700 0.0311773 -0.233649 27.999 22.1374 -13 702 1 0 1
1.78296 -2.1849 1700 0.101173 0.0823322 27.9997 22.1369 -13 703 1 0 1
-1.55677 -0.219746 1700 0.242572 0.0679228 27.9989 22.1372 -13 704 1 0 1
2.3216 -0.176682 1700 0.0218372 0.0875679 27.9999 22.1368 -13 705 1 0 1
-2.78763 -4.52242 1700 0.259172 0.390122 27.9961 22.139 -13 706 1 0 1
2.75627 1.71274 1700 0.00530055 -0.00336586 28 22.1367 -13 707 1 0 1
5.23377 5.2574 1700 -0.188604 -0.375299 27.9968 22.139 -13 708 1 0 1
-2.11714 -1.24113 1700 0.205456 0.131615 27.9989 22.1372 -13 709 1 0 1
-2.31603 -2.12075 1700 0.146714 0.0896333 27.9995 22.137 -13 710 1 0 1
3.50854 -0.593636 1700 -0.0423271 -0.0748425 27.9999 22.1368 -13 711 1 0 1
0.604042 3.97486 1700 -0.191277 -0.282946 27.9979 22.1383 -13 712 1 0 1
1.05544 -1.4867 1700 0.0034218 0.0226582 28 22.1367 -13 713 1 0 1
0.786966 3.43071 1700 -0.105345 -0.0213262 27.9998 22.137 -13 714 1 0 1
0.212654 -1.72348 1700 0.0684056 -0.0305133 27.9999 22.1367 -13 715 1 0 1
2.42167 0.254774 1700 0.00378678 0.0391509 28 22.1367 -13 716 1 0 1
2.02813 -6.94664 1700 0.099691 0.257759 27.9986 22.1379 -13 717 1 0 1
-0.955519 -1.37193 1700 0.123306 0.268149 27.9984 22.1375 -13 718 1 0 1
1.17231 8.6171 1700 -0.30526 -0.520898 27.9935 22.1417 -13 719 1 0 1
3.8454 5.27074 1700 -0.222002 -0.363283 27.9968 22.1391 -13 720 1 0 1
-1.44471 -6.56559 1700 0.16631 0.193645 27.9988 22.1376 -13 721 1 0 1
2.80736 1.24805 1700 -0.141978 0.0140045 27.9996 22.1371 -13 722 1 0 1
-4.80478 -0.745894 1700 0.272415 0.181834 27.9981 22.1377 -13 723 1 0 1
-4.10307 -0.61899 1700 0.324489 0.0247263 27.9981 22.1377 -13 724 1 0 1
3.64583 5.5392 1700 -0.158438 -0.248738 27.9984 22.1381 -13 725 1 0 1
0.153638 -5.23021 1700 0.32539 0.653868 27.9905 22.1425 -13 726 1 0 1
2.61248 0.820751 1700 -0.0228553 -0.00241367 28 22.1368 -13 727 1 0 1
-0.264794 -1.4513 1700 -0.00510577 0.219031 27.9991 22.1372 -13 728 1 0 1
3.78786 5.16619 1700 -0.228003 -0.428489 27.9958 22.1397 -13 729 1 0 1
0.264065 1.73372 1700 -0.0143951 -0.303243 27.9984 22.1377 -13 730 1 0 1
-1.15646 0.228658 1700 -0.0609873 -0.149931 27.9995 22.137 -13 731 1 0 1
-5.09343 -1.98861 1700 0.168742 0.249465 27.9984 22.1376 -13 732 1 0 1
1.3544 -0.0163497 1700 -0.0677088 0.144989 27.9995 22.137 -13 733 1 0 1
-0.512492 -1.82574 1700 -0.0257375 0.123597 27.9997 22.1369 -13 734 1 0 1
2.18478 3.90258 1700 -0.31559 -0.608615 27.9916 22.1421 -13 735 1 0 1
1.58917 -1.55262 1700 -0.0467717 -0.0134996 28 22.1367 -13 736 1 0 1
-3.63947 -5.48851 1700 0.132934 0.254917 27.9985 22.1377 -13 737 1 0 1
1.19076 -2.40177 1700 -0.00425598 -0.182655 27.9994 22.137 -13 738 1 0 1
-3.75682 -3.84621 1700 0.473665 0.475651 27.992 22.1413 -13 739 1 0 1
-5.90222 -10.3562 1700 0.499152 0.576407 27.9896 22.1438 -13 740 1 0 1
2.01063 -5.39085 1700 0.266915 0.478421 27.9946 22.1402 -13 741 1 0 1
-1.93369 1.83881 1700 0.0489862 -0.157143 27.9995 22.137 -13 742 1 0 1
-0.432812 0.463826 1700 0.0899533 0.11565 27.9996 22.1368 -13 743 1 0 1
2.54151 3.51427 1700 -0.100147 -0.180444 27.9992 22.1374 -13 744 1 0 1
-3.19553 -7.13767 1700 0.498312 0.573382 27.9897 22.1431 -13 745 1 0 1
0.895418 1.47148 1700 0.15879 -0.0270524 27.9995 22.1368 -13 746 1 0 1
-1.49807 3.61924 1700 -0.105181 -0.0827284 27.9997 22.1371 -13 747 1 0 1
1.83901 0.830498 1700 0.0883283 0.270777 27.9986 22.1375 -13 748 1 0 1
-5.33249 -3.55428 1700 0.263195 0.21627 27.9979 22.138 -13 749 1 0 1
-3.39838 -1.81095 1700 0.13352 0.0697724 27.9996 22.1369 -13 750 1 0 1
1.17142 -0.309508 1700 -0.0309676 -0.0650016 27.9999 22.1368 -13 751 1 0 1
1.51582 2.20329 1700 -0.14031 -0.332367 27.9977 22.1382 -13 752 1 0 1
-2.20283 2.13805 1700 -0.0532749 -0.269562 27.9987 22.1377 -13 753 1 0 1
-3.28077 3.32011 1700 0.0588754 -0.0540773 27.9999 22.1369 -13 754 1 0 1
0.525123 0.204347 1700 0.189413 0.452249 27.9957 22.139 -13 755 1 0 1
-4.45587 -1.95545 1700 0.266358 0.240131 27.9977 22.1379 -13 756 1 0 1
-1.07975 1.42804 1700 -0.122993 -0.320133 27.9979 22.1381 -13 757 1 0 1
-1.15606 4.19707 1700 -0.14568 -0.475289 27.9956 22.1398 -13 758 1 0 1
-2.17753 -6.829 1700 0.519499 0.665013 27.9873 22.1445 -13 759 1 0 1
-2.72276 0.785924 1700 0.0341654 -0.222261 27.9991 22.1373 -13 760 1 0 1
-1.46922 4.9128 1700 -0.132522 -0.327125 27.9978 22.1385 -13 761 1 0 1
-1.22202 -3.0671 1700 0.269725 0.407493 27.9957 22.1391 -13 762 1 0 1
-0.126533 1.23016 1700 -0.11418 -0.180388 27.9992 22.1373 -13 763 1 0 1
-0.0472549 -7.0266 1700 0.297665 0.350991 27.9962 22.1393 -13 764 1 0 1
3.28556 0.440424 1700 0.0173127 -0.0945575 27.9998 22.1368 -13 765 1 0 1
-0.827568 -2.99683 1700 0.310249 0.41955 27.9951 22.1394 -13 766 1 0 1
2.37868 4.11987 1700 -0.300079 -0.327726 27.9965 22.1393 -13 767 1 0 1
1.15047 4.34576 1700 -0.0952996 -0.155896 27.9994 22.1373 -13 768 1 0 1
1.94125 1.30556 1700 -0.0549089 -0.286731 27.9985 22.1376 -13 769 1 0 1
2.58922 -5.34006 1700 0.184998 0.370455 27.9969 22.1388 -13 770 1 0 1
-0.256443 -3.30156 1700 0.190672 0.224896 27.9984 22.1376 -13 771 1 0 1
0.862246 -3.48904 1700 0.206507 0.462323 27.9954 22.1394 -13 772 1 0 1
-0.822144 2.15938 1700 0.0205123 -0.0275381 28 22.1367 -13 773 1 0 1
-0.644193 -0.597208 1700 -0.0306772 -0.00346125 28 22.1367 -13 774 1 0 1
0.854454 -1.83464 1700 -0.003225 0.0114794 28 22.1367 -13 775 1 0 1
-1.68148 1.87648 1700 0.00544969 -0.120717 27.9997 22.1369 -13 776 1 0 1
-1.99343 1.11824 1700 -0.0278293 -0.0748566 27.9999 22.1368 -13 777 1 0 1
0.25137 -0.329999 1700 -0.053957 -0.0223591 27.9999 22.1367 -13 778 1 0 1
2.80558 1.43062 1700 -0.0370374 0.0405544 27.9999 22.1368 -13 779 1 0 1
-3.61081 0.95616 1700 0.11931 -0.0401996 27.9997 22.1369 -13 780 1 0 1
1.89363 8.20148 1700 -0.282208 -0.396544 27.9958 22.1402 -13 781 1 0 1
7.02913 1.11623 1700 -0.202371 -0.0917304 27.9991 22.1377 -13 782 1 0 1
0.514137 -5.00577 1700 0.121564 0.111143 27.9995 22.1371 -13 783 1 0 1
3.15498 4.85983 1700 -0.266033 -0.0574625 27.9987 22.1381 -13 784 1 0 1
-4.21365 -0.00696893 1700 0.0773702 -0.134714 27.9996 22.1371 -13 785 1 0 1
0.918164 1.89773 1700 -0.0300543 -0.149223 27.9996 22.137 -13 786 1 0 1
1.49416 -0.059471 1700 0.153894 0.130814 27.9993 22.137 -13 787 1 0 1
1.2376 0.953197 1700 -0.220404 -0.251274 27.998 22.138 -13 788 1 0 1
-4.35027 -3.34217 1700 0.351721 0.523631 27.9929 22.1407 -13 789 1 0 1
5.09648 1.54962 1700 -0.167 -0.226358 27.9986 22.1377 -13 790 1 0 1
5.28287 3.56289 1700 -0.122975 -0.259056 27.9985 22.1378 -13 791 1 0 1
1.00702 0.698051 1700 0.0679057 0.0307805 27.9999 22.1367 -13 792 1 0 1
-0.0483545 -8.66814 1700 0.492103 0.73401 27.9861 22.1457 -13 793 1 0 1
-3.26207 5.11252 1700 -0.0878154 -0.257431 27.9987 22.138 -13 794 1 0 1
-0.126579 -0.695813 1700 -0.109026 -0.334174 27.9978 22.138 -13 795 1 0 1
1.70926 4.81505 1700 -0.146704 -0.202621 27.9989 22.1377 -13 796 1 0 1
-0.167168 -5.41559 1700 0.189994 0.410996 27.9963 22.139 -13 797 1 0 1
5.88203 1.98267 1700 -0.166698 -0.177591 27.9989 22.1376 -13 798 1 0 1
-0.139705 1.85948 1700 -0.0902661 0.0625025 27.9998 22.1369 -13 799 1 0 1
0.639915 -0.840077 1700 0.113759 0.202104 27.999 22.1372 -13 800 1 0 1
-2.24446 -0.0203622 1700 0.163246 0.11055 27.9993 22.137 -13 801 1 0 1
3.37842 -0.720966 1700 0.142135 0.218019 27.9988 22.1374 -13 802 1 0 1
3.52628 -1.35654 1700 -0.0820107 -0.229955 27.9989 22.1373 -13 803 1 0 1
-0.485934 3.83279 1700 -0.0869531 -0.129671 27.9996 22.1372 -13 804 1 0 1
1.06961 0.977365 1700 0.0626418 -0.320746 27.9981 22.1377 -13 805 1 0 1
-0.820355 2.54809 1700 0.000760035 0.0542936 27.9999 22.1367 -13 806 1 0 1
0.414525 -2.42959 1700 -0.0937692 -0.257712 27.9987 22.1375 -13 807 1 0 1
1.24265 2.15878 1700 0.0642978 -0.10613 27.9997 22.1368 -13 808 1 0 1
0.866804 -2.17751 1700 0.178098 0.353702 27.9972 22.1383 -13 809 1 0 1
-3.36102 0.472747 1700 0.130726 -0.00314542 27.9997 22.1368 -13 810 1 0 1
2.54394 -2.38518 1700 0.0228419 -0.0117882 28 22.1367 -13 811 1 0 1
2.81485 -4.16398 1700 0.126537 0.026981 27.9997 22.1369 -13 812 1 0 1
-1.35979 5.30283 1700 -0.0767714 -0.172775 27.9994 22.1374 -13 813 1 0 1
0.120316 1.19716 1700 -0.00627783 0.169072 27.9995 22.137 -13 814 1 0 1
-3.02416 -0.474518 1700 0.0508845 -0.366592 27.9976 22.1383 -13 815 1 0 1
-3.77082 -4.67887 1700 0.455342 0.28081 27.9949 22.1398 -13 816 1 0 1
-0.993492 2.31004 1700 -0.0812657 -0.463846 27.996 22.1393 -13 817 1 0 1
1.19303 1.80419 1700 -0.203172 -0.285775 27.9978 22.1382 -13 818 1 0 1
-0.668386 -1.02505 1700 0.171029 0.0528119 27.9994 22.1369 -13 819 1 0 1
-4.68801 -4.11618 1700 0.187541 0.0404353 27.9993 22.1373 -13 820 1 0 1
-3.74516 -1.09981 1700 0.141468 -0.125618 27.9994 22.1372 -13 821 1 0 1
2.84931 -2.92885 1700 0.032264 0.192702 27.9993 22.1372 -13 822 1 0 1
2.0378 -0.372735 1700 0.0672926 -0.200283 27.9992 22.1371 -13 823 1 0 1
-0.148084 -6.86779 1700 0.335328 0.490723 27.9937 22.1408 -13 824 1 0 1
0.44161 -1.78266 1700 0.0999189 0.116121 27.9996 22.1369 -13 825 1 0 1
0.733712 -0.0481927 1700 0.027213 -0.164165 27.9995 22.1369 -13 826 1 0 1
-0.643608 2.36333 1700 0.0962024 -0.13544 27.9995 22.137 -13 827 1 0 1
0.185499 1.81601 1700 -0.0588134 -0.0519659 27.9999 22.1368 -13 828 1 0 1
0.066068 -4.97444 1700 0.270169 0.226252 27.9978 22.1381 -13 829 1 0 1
-0.714782 -3.72196 1700 0.0183927 -0.00455332 28 22.1367 -13 830 1 0 1
0.846631 -3.40857 1700 0.13081 0.191212 27.999 22.1373 -13 831 1 0 1
1.13353 1.71226 1700 -0.0471292 0.0109152 28 22.1368 -13 832 1 0 1
-2.95601 -4.12304 1700 0.148242 -0.0427175 27.9996 22.1371 -13 833 1 0 1
1.5326 -1.10154 1700 0.0020516 0.194655 27.9993 22.1371 -13 834 1 0 1
2.50231 2.55003 1700 0.0267288 -0.211924 27.9992 22.1372 -13 835 1 0 1
-1.76178 -2.83198 1700 0.0485219 -0.0801071 27.9998 22.1368 -13 836 1 0 1
-2.46324 0.890391 1700 0.195397 0.0653337 27.9992 22.137 -13 837 1 0 1
-3.23459 4.15143 1700 -0.150176 -0.439577 27.9961 22.1396 -13 838 1 0 1
0.458012 1.02599 1700 -0.0821908 -0.314668 27.9981 22.1379 -13 839 1 0 1
-0.735541 -2.79945 1700 0.0991082 0.260421 27.9986 22.1375 -13 840 1 0 1
-2.65417 -6.51758 1700 0.267203 0.422652 27.9955 22.1395 -13 841 1 0 1
-2.08266 0.214591 1700 -0.0163966 0.0604451 27.9999 22.1367 -13 842 1 0 1
-0.931119 -1.15757 1700 -0.0222852 0.163709 27.9995 22.1369 -13 843 1 0 1
0.345585 2.00674 1700 -0.0146644 -0.237751 27.999 22.1374 -13 844 1 0 1
2.00853 -1.19276 1700 0.126955 0.0238095 27.9997 22.1368 -13 845 1 0 1
1.66563 6.54138 1700 -0.197283 -0.40844 27.9963 22.1395 -13 846 1 0 1
-1.34212 3.22365 1700 0.0373179 0.0314637 28 22.1367 -13 847 1 0 1
2.17493 -1.0162 1700 0.101866 0.20592 27.9991 22.1372 -13 848 1 0 1
2.24013 -3.17326 1700 0.126135 0.311352 27.998 22.138 -13 849 1 0 1
3.28894 0.774267 1700 -0.0526941 -0.0224666 27.9999 22.1368 -13 850 1 0 1
2.63907 -2.68951 1700 0.0141508 0.00202758 28 22.1367 -13 851 1 0 1
-0.416559 1.86747 1700 0.0320641 -0.0356334 28 22.1367 -13 852 1 0 1
-0.411187 -3.87642 1700 0.194037 0.284047 27.9979 22.138 -13 853 1 0 1
-0.37434 -3.91795 1700 0.176509 0.519897 27.9946 22.1399 -13 854 1 0 1
3.0298 0.32249 1700 0.0839488 0.100636 27.9997 22.1369 -13 855 1 0 1
-1.51039 4.66979 1700 -0.0999005 -0.328695 27.9979 22.1384 -13 856 1 0 1
-1.05229 4.47523 1700 -0.0973415 -0.0600399 27.9998 22.1371 -13 857 1 0 1
3.51154 0.44079 1700 -0.00741232 -0.182119 27.9994 22.137 -13 858 1 0 1
-6.30985 -5.09765 1700 0.418017 0.340579 27.9948 22.1399 -13 859 1 0 1
2.45261 0.0118491 1700 0.0365191 0.171163 27.9995 22.137 -13 860 1 0 1
-1.12403 1.89838 1700 -0.0752687 -0.346644 27.9978 22.1382 -13 861 1 0 1
3.57045 1.116 1700 -0.124025 -0.122601 27.9995 22.1372 -13 862 1 0 1
1.66527 -2.10111 1700 0.150947 0.0829327 27.9995 22.137 -13 863 1 0 1
1.30179 -4.54902 1700 0.182034 0.181157 27.9988 22.1375 -13 864 1 0 1
0.194579 -0.602106 1700 0.0420224 0.1202 27.9997 22.1368 -13 865 1 0 1
4.3113 2.86753 1700 -0.163907 -0.059367 27.9995 22.1374 -13 866 1 0 1
4.90769 3.43222 1700 -0.00975202 0.0662128 27.9999 22.137 -13 867 1 0 1
-1.94224 0.720697 1700 0.203807 0.0456518 27.9992 22.137 -13 868 1 0 1
-4.64108 0.644213 1700 0.223122 0.0924476 27.999 22.1372 -13 869 1 0 1
0.24194 7.05655 1700 -0.403016 -0.707146 27.9882 22.1449 -13 870 1 0 1
-4.66402 0.37664 1700 0.172094 -0.324613 27.9976 22.1384 -13 871 1 0 1
2.35979 5.45223 1700 0.00129988 -0.390852 27.9973 22.1385 -13 872 1 0 1
-1.40906 -5.87454 1700 0.374957 0.296441 27.9959 22.1393 -13 873 1 0 1
2.7838 0.69894 1700 0.0376913 0.0899376 27.9998 22.1368 -13 874 1 0 1
2.21883 2.30258 1700 -0.16254 -0.25687 27.9983 22.1379 -13 875 1 0 1
1.26485 -0.106657 1700 -0.073254 0.0240272 27.9999 22.1368 -13 876 1 0 1
2.80051 -3.7862 1700 0.0875168 0.0314163 27.9998 22.1368 -13 877 1 0 1
-1.42237 -7.04203 1700 0.269608 0.406899 27.9957 22.1395 -13 878 1 0 1
-0.204525 1.01916 1700 0.0715362 0.238454 27.9989 22.1372 -13 879 1 0 1
-0.529179 2.06239 1700 0.0198557 -0.051051 27.9999 22.1367 -13 880 1 0 1
3.41731 0.70787 1700 -0.169356 -0.033965 27.9995 22.1372 -13 881 1 0 1
3.05385 0.719944 1700 -0.0257267 -0.0701973 27.9999 22.1368 -13 882 1 0 1
2.13416 3.47011 1700 -0.0338627 0.0259107 28 22.1369 -13 883 1 0 1
3.06701 3.11862 1700 -0.0981942 -0.233275 27.9989 22.1376 -13 884 1 0 1
4.63377 2.6166 1700 -0.192844 -0.0313041 27.9993 22.1375 -13 885 1 0 1
0.299077 -1.11405 1700 0.225377 0.327321 27.9972 22.1382 -13 886 1 0 1
-0.0585964 0.381499 1700 -0.040968 -0.2996 27.9984 22.1377 -13 887 1 0 1
2.6547 3.17563 1700 -0.308063 -0.270437 27.997 22.1389 -13 888 1 0 1
1.08412 4.57269 1700 -0.27861 -0.516745 27.9938 22.1409 -13 889 1 0 1
-3.60555 -1.62492 1700 0.359722 0.495851 27.9933 22.1403 -13 890 1 0 1
0.989922 -2.2331 1700 0.0877627 -0.0404834 27.9998 22.1367 -13 891 1 0 1
-4.80404 -5.17519 1700 0.385486 0.193713 27.9967 22.1389 -13 892 1 0 1
0.555636 -1.37662 1700 0.140368 0.351778 27.9974 22.1381 -13 893 1 0 1
1.47412 -3.37692 1700 0.248945 0.380415 27.9963 22.1389 -13 894 1 0 1
-0.46819 -0.619262 1700 0.101955 0.158181 27.9994 22.137 -13 895 1 0 1
0.872862 0.652988 1700 -0.0886246 -0.16457 27.9994 22.1371 -13 896 1 0 1
-0.601567 2.09327 1700 0.0480771 -0.150412 27.9996 22.137 -13 897 1 0 1
3.16774 0.907016 1700 -0.0825754 -0.157958 27.9994 22.1371 -13 898 1 0 1
-2.3676 -0.33009 1700 -0.0311474 -0.0596127 27.9999 22.1368 -13 899 1 0 1
-4.44902 -0.622084 1700 0.203162 0.0516804 27.9992 22.1371 -13 900 1 0 1
-2.20033 -1.85037 1700 -0.00272907 -0.123823 27.9997 22.1369 -13 901 1 0 1
1.71652 1.41156 1700 -0.0788941 -0.0818505 27.9998 22.1369 -13 902 1 0 1
-3.09823 -7.21242 1700 0.384432 0.64038 27.99 22.1429 -13 903 1 0 1
0.274418 1.90163 1700 -0.172521 -0.2044 27.9987 22.1377 -13 904 1 0 1
-0.269181 2.91209 1700 -0.0606211 -0.0633396 27.9999 22.1369 -13 905 1 0 1
-2.42736 -2.77525 1700 0.281781 0.481122 27.9944 22.1398 -13 906 1 0 1
1.80429 -3.0651 1700 0.245224 0.432366 27.9956 22.1393 -13 907 1 0 1
2.56087 -1.1022 1700 0.0583094 0.338835 27.9979 22.138 -13 908 1 0 1
3.50563 -2.62227 1700 -0.0695526 0.18914 27.9993 22.1373 -13 909 1 0 1
3.29207 0.621393 1700 0.0302028 0.134911 27.9997 22.137 -13 910 1 0 1
1.32917 6.58947 1700 -0.342708 -0.677977 27.9897 22.1437 -13 911 1 0 1
4.7857 -1.44056 1700 -0.0863535 0.18892 27.9992 22.1374 -13 912 1 0 1
-1.35236 5.9698 1700 -0.0133068 -0.404224 27.9971 22.1389 -13 913 1 0 1
0.909472 -1.58688 1700 -0.0626543 -0.00604472 27.9999 22.1368 -13 914 1 0 1
-1.51689 -2.97 1700 0.297141 0.417786 27.9953 22.1393 -13 915 1 0 1
0.913757 -1.19656 1700 0.122711 0.255818 27.9986 22.1375 -13 916 1 0 1
0.323939 2.35462 1700 0.0436647 -0.0621516 27.9999 22.1367 -13 917 1 0 1
-0.229185 0.553642 1700 0.100069 0.102918 27.9996 22.1368 -13 918 1 0 1
-3.74559 2.25859 1700 -0.127285 -0.334738 27.9977 22.1385 -13 919 1 0 1
1.37956 2.3666 1700 -0.131472 0.0600288 27.9996 22.1371 -13 920 1 0 1
-0.424197 1.34079 1700 -0.0192694 -0.179448 27.9994 22.1371 -13 921 1 0 1
0.10607 -2.43155 1700 -0.0601002 0.167797 27.9994 22.1371 -13 922 1 0 1
-3.35077 -1.84204 1700 0.271985 0.185814 27.9981 22.1377 -13 923 1 0 1
-4.1166 -1.77966 1700 0.26927 -0.0703897 27.9986 22.1376 -13 924 1 0 1
2.94526 2.20419 1700 -0.110762 0.151163 27.9994 22.1373 -13 925 1 0 1
-2.75802 -1.49441 1700 0.138315 0.152313 27.9992 22.1371 -13 926 1 0 1
1.88573 -4.26412 1700 0.0635988 0.209676 27.9991 22.1373 -13 927 1 0 1
-2.79362 -7.19054 1700 0.473745 0.510722 27.9913 22.1422 -13 928 1 0 1
1.92967 2.86953 1700 -0.0666783 -0.207755 27.9991 22.1373 -13 929 1 0 1
1.52675 -0.129067 1700 0.0292683 -0.0708499 27.9999 22.1367 -13 930 1 0 1
-0.893628 -5.24134 1700 0.273863 0.368778 27.9962 22.139 -13 931 1 0 1
-1.37768 -4.27824 1700 0.373775 0.31678 27.9957 22.1392 -13 932 1 0 1
1.9799 5.32918 1700 -0.261194 -0.330396 27.9968 22.1392 -13 933 1 0 1
0.540349 2.50041 1700 -0.0649055 -0.385412 27.9973 22.1384 -13 934 1 0 1
-2.03384 -3.17188 1700 0.203598 0.101909 27.9991 22.1372 -13 935 1 0 1
4.2483 -2.84646 1700 0.0523435 0.408333 27.997 22.1388 -13 936 1 0 1
0.728154 8.06161 1700 -0.320846 -0.3465 27.996 22.1402 -13 937 1 0 1
-2.54814 -1.04586 1700 0.189831 0.261964 27.9981 22.1376 -13 938 1 0 1
0.623729 -5.16906 1700 0.136498 0.159142 27.9992 22.1373 -13 939 1 0 1
-1.86454 2.62116 1700 -0.224571 -0.513607 27.9944 22.1405 -13 940 1 0 1
0.226426 2.3097 1700 -0.145049 -0.381235 27.997 22.1387 -13 941 1 0 1
0.465798 -4.86026 1700 0.131092 0.173518 27.9992 22.1373 -13 942 1 0 1
3.76537 2.06244 1700 -0.0978699 0.0922612 27.9997 22.1371 -13 943 1 0 1
1.4349 0.22089 1700 0.0228932 0.0615092 27.9999 22.1367 -13 944 1 0 1
2.70824 0.20452 1700 0.140587 0.138833 27.9993 22.137 -13 945 1 0 1
-0.0477498 -1.44901 1700 0.200001 0.213991 27.9985 22.1375 -13 946 1 0 1
2.67948 0.644179 1700 -0.286634 -0.210674 27.9977 22.1383 -13 947 1 0 1
1.29049 3.20346 1700 -0.148062 -0.0124307 27.9996 22.1372 -13 948 1 0 1
-1.34828 -2.896 1700 0.266345 0.234168 27.9978 22.1379 -13 949 1 0 1
-0.336207 0.711509 1700 -0.0548311 -0.254662 27.9988 22.1375 -13 950 1 0 1
5.17689 2.26891 1700 -0.25251 -0.0887759 27.9987 22.1379 -13 951 1 0 1
3.10696 4.06197 1700 -0.222834 -0.127683 27.9988 22.1378 -13 952 1 0 1
-1.25991 -0.247688 1700 0.112094 -0.155479 27.9993 22.137 -13 953 1 0 1
-1.32007 -1.35336 1700 0.0508412 0.0864717 27.9998 22.1368 -13 954 1 0 1
-0.809027 -3.16084 1700 0.322617 0.437929 27.9947 22.1397 -13 955 1 0 1
6.40505 7.10437 1700 -0.210434 -0.395323 27.9964 22.1396 -13 956 1 0 1
-2.06532 -1.11186 1700 0.15807 0.116215 27.9993 22.137 -13 957 1 0 1
1.04281 3.618 1700 -0.157543 -0.255174 27.9984 22.1379 -13 958 1 0 1
-1.85981 -0.15567 1700 0.0910508 -0.0825017 27.9997 22.1368 -13 959 1 0 1
3.92414 1.92637 1700 -0.153561 -0.152451 27.9992 22.1374 -13 960 1 0 1
-1.50453 -0.0590595 1700 -0.101604 0.130291 27.9995 22.137 -13 961 1 0 1
2.51562 -0.638377 1700 -0.0364595 0.0549962 27.9999 22.1368 -13 962 1 0 1
0.601816 1.88941 1700 -0.0851248 0.037458 27.9998 22.1369 -13 963 1 0 1
3.37268 2.83167 1700 -0.220194 -0.109039 27.9989 22.1377 -13 964 1 0 1
-2.16742 -3.4004 1700 0.321947 0.367791 27.9957 22.1391 -13 965 1 0 1
1.50454 0.818594 1700 0.08692 0.0716364 27.9998 22.1368 -13 966 1 0 1
5.1742 -2.20372 1700 0.0170724 0.120435 27.9997 22.1371 -13 967 1 0 1
3.068 -1.92178 1700 0.222302 0.571851 27.9933 22.1408 -13 968 1 0 1
-0.480978 3.78159 1700 -0.0753681 -0.582998 27.9938 22.1407 -13 969 1 0 1
3.08966 -1.41841 1700 0.0765979 0.0608632 27.9998 22.1368 -13 970 1 0 1
-0.810808 2.21247 1700 0.0415556 0.0768956 27.9999 22.1367 -13 971 1 0 1
-2.06856 -6.60802 1700 0.336167 0.596425 27.9916 22.1419 -13 972 1 0 1
-0.00604594 -0.240358 1700 0.116332 0.116526 27.9995 22.1369 -13 973 1 0 1
0.134023 0.217354 1700 0.0449109 0.220201 27.9991 22.1371 -13 974 1 0 1
0.545824 0.517764 1700 -0.0922004 -0.137906 27.9995 22.1371 -13 975 1 0 1
2.11644 0.971578 1700 0.00368701 -0.010652 28 22.1367 -13 976 1 0 1
-1.68084 3.726 1700 -0.171376 -0.298692 27.9979 22.1384 -13 977 1 0 1
-0.119782 -2.91682 1700 0.418771 0.336457 27.9948 22.1396 -13 978 1 0 1
-0.932163 -7.24859 1700 0.429819 0.504787 27.9921 22.1417 -13 979 1 0 1
-2.61119 0.839998 1700 0.129376 -0.0673709 27.9996 22.1369 -13 980 1 0 1
0.262853 -4.04744 1700 0.206158 0.414846 27.9962 22.139 -13 981 1 0 1
1.40959 -2.59418 1700 0.234138 0.333659 27.997 22.1384 -13 982 1 0 1
-5.0402 0.60694 1700 0.158193 0.0714676 27.9995 22.137 -13 983 1 0 1
-1.50593 2.23079 1700 0.0828458 -0.100788 27.9997 22.1369 -13 984 1 0 1
3.54668 -0.747425 1700 0.00972302 0.330698 27.998 22.138 -13 985 1 0 1
-1.91822 -2.53809 1700 0.221281 0.404631 27.9962 22.1388 -13 986 1 0 1
1.34723 0.688334 1700 -0.119417 -0.201982 27.999 22.1374 -13 987 1 0 1
-1.85795 -1.18217 1700 0.159948 0.305049 27.9979 22.1378 -13 988 1 0 1
0.990194 -0.768414 1700 0.0487909 0.209634 27.9992 22.1371 -13 989 1 0 1
-2.9897 1.53463 1700 0.0371916 0.0655041 27.9999 22.1367 -13 990 1 0 1
-0.278603 0.96298 1700 -0.00236898 -0.290046 27.9985 22.1376 -13 991 1 0 1
1.45786 -1.60675 1700 -0.00196145 0.196424 27.9993 22.1371 -13 992 1 0 1
1.25475 -2.16772 1700 -0.0602635 0.148622 27.9995 22.137 -13 993 1 0 1
-2.20875 -1.86003 1700 0.136209 0.124855 27.9994 22.137 -13 994 1 0 1
1.54091 -1.16708 1700 -0.0349045 0.21172 27.9992 22.1372 -13 995 1 0 1
-1.90592 2.30621 1700 -0.0184213 -0.396694 27.9972 22.1386 -13 996 1 0 1
-0.00377206 1.97411 1700 -0.149779 -0.416775 27.9965 22.139 -13 997 1 0 1
-0.146387 -0.893991 1700 -0.0133532 0.120415 27.9997 22.1368 -13 998 1 0 1
-3.68461 -4.1266 1700 0.291677 0.288366 27.997 22.1385 -13 999 1 0 1
3.78771 -2.71857 1700 -0.0877649 0.0601688 27.9998 22.137 -13 1000 1 0 1
0.293242 3.53025 1700 -0.0546099 -0.132778 27.9996 22.1371 -13 1001 1 0 1
2.98921 2.59349 1700 -0.0719146 -0.197322 27.9992 22.1373 -13 1002 1 0 1
0.0920835 6.23837 1700 -0.285599 -0.481252 27.9944 22.1408 -13 1003 1 0 1
-5.35971 -0.578684 1700 0.150788 0.208353 27.9988 22.1373 -13 1004 1 0 1
-1.8777 0.975026 1700 0.172303 -0.157397 27.999 22.1372 -13 1005 1 0 1
3.75956 -1.29482 1700 -0.0574623 0.128437 27.9996 22.1371 -13 1006 1 0 1
-1.91968 -1.45767 1700 0.0462804 -0.253046 27.9988 22.1374 -13 1007 1 0 1
-3.91681 -3.21592 1700 0.200765 -0.0500755 27.9992 22.1373 -13 1008 1 0 1
1.51417 -5.16525 1700 0.253169 0.410865 27.9958 22.1394 -13 1009 1 0 1
0.256065 -7.26233 1700 0.245944 0.366841 27.9965 22.1391 -13 1010 1 0 1
-2.37283 -2.02748 1700 0.0644187 0.0963865 27.9998 22.1368 -13 1011 1 0 1
0.353062 1.11798 1700 -0.0922497 -0.0913084 27.9997 22.137 -13 1012 1 0 1
-0.22109 0.595211 1700 -0.0478702 -0.345228 27.9978 22.138 -13 1013 1 0 1
0.450039 -3.75265 1700 0.268606 0.284863 27.9973 22.1383 -13 1014 1 0 1
-0.977056 1.09911 1700 0.0478867 0.0242143 27.9999 22.1367 -13 1015 1 0 1
3.60593 -1.96223 1700 0.276467 0.139956 27.9983 22.1376 -13 1016 1 0 1
-1.95131 4.72918 1700 -0.0961011 -0.354145 27.9976 22.1386 -13 1017 1 0 1
-1.66245 -0.0758856 1700 0.0958602 0.229937 27.9989 22.1372 -13 1018 1 0 1
0.382867 -0.901307 1700 0.122903 0.00597198 27.9997 22.1368 -13 1019 1 0 1
-2.88111 -3.40936 1700 0.199223 0.0520902 27.9992 22.1372 -13 1020 1 0 1
-0.0403172 0.708055 1700 0.0796238 -0.0912041 27.9997 22.1368 -13 1021 1 0 1
-1.66572 1.38099 1700 0.0484441 -0.16775 27.9995 22.1371 -13 1022 1 0 1
-0.627438 -1.94727 1700 0.0880846 0.0163259 27.9999 22.1367 -13 1023 1 0 1
0.649636 -3.28469 1700 0.083605 0.725948 27.9905 22.1423 -13 1024 1 0 1
1.20154 5.16743 1700 -0.0969453 -0.0370461 27.9998 22.1371 -13 1025 1 0 1
0.997496 0.135067 1700 -0.0278985 0.083955 27.9999 22.1368 -13 1026 1 0 1
-4.10417 -2.39981 1700 0.218699 -0.0799984 27.999 22.1374 -13 1027 1 0 1
-1.35963 -6.50096 1700 0.336244 0.464458 27.9941 22.1404 -13 1028 1 0 1
1.16125 1.88484 1700 -0.0584004 0.206377 27.9992 22.1372 -13 1029 1 0 1
-0.665961 -5.29712 1700 0.113756 -0.019193 27.9998 22.1369 -13 1030 1 0 1
-1.40225 7.04572 1700 -0.163957 -0.385158 27.9969 22.1393 -13 1031 1 0 1
0.248014 2.19581 1700 -0.0671961 -0.202342 27.9992 22.1373 -13 1032 1 0 1
1.96598 3.35482 1700 -0.0839082 -0.273454 27.9985 22.1377 -13 1033 1 0 1
0.0649147 2.82852 1700 -0.0652072 -0.255143 27.9988 22.1376 -13 1034 1 0 1
-2.63303 -5.36871 1700 0.396048 0.666248 27.9893 22.143 -13 1035 1 0 1
-3.63387 -1.3025 1700 0.0706772 0.0546043 27.9999 22.1368 -13 1036 1 0 1
2.05646 -0.913964 1700 0.036943 0.0725531 27.9999 22.1368 -13 1037 1 0 1
-4.57127 2.63958 1700 0.122867 -0.111736 27.9995 22.1371 -13 1038 1 0 1
2.95484 -3.80782 1700 0.141935 0.43687 27.9962 22.1392 -13 1039 1 0 1
-0.931259 -1.67556 1700 0.276803 0.385766 27.996 22.1389 -13 1040 1 0 1
1.27076 0.46403 1700 -0.151561 0.0204145 27.9996 22.1371 -13 1041 1 0 1
-0.377981 -2.00605 1700 0.162891 0.274269 27.9982 22.1377 -13 1042 1 0 1
-1.0631 -2.53701 1700 0.232971 0.281063 27.9976 22.138 -13 1043 1 0 1
1.25954 -3.04778 1700 0.199457 0.498382 27.9949 22.1398 -13 1044 1 0 1
-0.864633 1.9455 1700 0.103162 0.106531 27.9996 22.1368 -13 1045 1 0 1
-3.11141 -1.33475 1700 0.190548 -0.0606717 27.9993 22.1371 -13 1046 1 0 1
-1.30911 2.37421 1700 0.190919 0.0261378 27.9993 22.1369 -13 1047 1 0 1
-2.93682 -2.17436 1700 0.215546 0.0404193 27.9991 22.1372 -13 1048 1 0 1
-1.43265 -9.05535 1700 0.552622 0.704054 27.9857 22.1459 -13 1049 1 0 1
2.65569 5.68661 1700 -0.288158 -0.446836 27.995 22.1404 -13 1050 1 0 1
-2.40331 -0.992879 1700 0.0158002 -0.360606 27.9977 22.1382 -13 1051 1 0 1
-1.23476 -3.70627 1700 0.344187 0.360668 27.9956 22.1393 -13 1052 1 0 1
-0.703463 -0.540989 1700 0.10597 0.157181 27.9994 22.137 -13 1053 1 0 1
0.931972 7.83031 1700 -0.183774 -0.446759 27.9958 22.14 -13 1054 1 0 1
-2.32863 -4.15703 1700 0.101708 0.169657 27.9993 22.1371 -13 1055 1 0 1
0.190045 0.610628 1700 -0.178269 -0.0981491 27.9993 22.1373 -13 1056 1 0 1
-0.463905 2.06543 1700 -0.00563812 -0.082155 27.9999 22.1368 -13 1057 1 0 1
-0.27488 -2.00132 1700 0.0909531 0.438547 27.9964 22.1387 -13 1058 1 0 1
-1.44358 3.65253 1700 -0.0516666 -0.151334 27.9995 22.1372 -13 1059 1 0 1
7.75385 3.88508 1700 -0.14882 0.0455717 27.9996 22.1377 -13 1060 1 0 1
2.31354 4.8296 1700 -0.131452 -0.307046 27.998 22.1382 -13 1061 1 0 1
-2.06264 2.60116 1700 0.0532129 -0.140243 27.9996 22.137 -13 1062 1 0 1
1.69408 -4.63211 1700 0.461469 0.657373 27.9885 22.1437 -13 1063 1 0 1
0.474239 3.13623 1700 -0.17344 -0.16678 27.999 22.1376 -13 1064 1 0 1
0.158869 -4.84926 1700 0.168982 0.153171 27.9991 22.1373 -13 1065 1 0 1
-1.50008 0.605236 1700 0.0436106 -0.0574253 27.9999 22.1367 -13 1066 1 0 1
-1.88698 0.428956 1700 0.0372465 0.0243246 28 22.1367 -13 1067 1 0 1
-1.15919 -1.19661 1700 -0.0520154 0.038855 27.9999 22.1367 -13 1068 1 0 1
0.52333 -1.66655 1700 0.120239 0.130912 27.9994 22.137 -13 1069 1 0 1
-3.37366 -1.52353 1700 0.187124 0.104058 27.9992 22.1371 -13 1070 1 0 1
2.82683 1.94819 1700 -0.126925 -0.236551 27.9987 22.1376 -13 1071 1 0 1
-1.01168 -1.81077 1700 0.0671218 0.145558 27.9995 22.1369 -13 1072 1 0 1
-3.73859 -0.956858 1700 0.0615801 -0.0875948 27.9998 22.1369 -13 1073 1 0 1
2.49636 3.39349 1700 -0.0803308 -0.139005 27.9995 22.1372 -13 1074 1 0 1
6.7985 1.127 1700 -0.141682 -0.144405 27.9993 22.1374 -13 1075 1 0 1
-0.949525 -0.981487 1700 -0.0242825 -0.09838 27.9998 22.1368 -13 1076 1 0 1
2.41371 4.51672 1700 -0.0349109 -0.229498 27.999 22.1374 -13 1077 1 0 1
-0.463903 3.03932 1700 0.133977 -0.124288 27.9994 22.137 -13 1078 1 0 1
-1.45943 -5.41283 1700 0.278296 0.360408 27.9963 22.139 -13 1079 1 0 1
3.55563 -0.265786 1700 0.0238656 0.159202 27.9995 22.1371 -13 1080 1 0 1
-0.980848 4.63166 1700 -0.288506 -0.64532 27.9911 22.1427 -13 1081 1 0 1
-3.17738 -2.47588 1700 0.296577 0.149184 27.998 22.1378 -13 1082 1 0 1
2.13081 1.09947 1700 0.0336971 -0.0933381 27.9998 22.1368 -13 1083 1 0 1
0.871123 -3.80727 1700 0.0836741 -0.054341 27.9998 22.1368 -13 1084 1 0 1
-0.291138 -2.6363 1700 0.25222 0.448148 27.9953 22.1394 -13 1085 1 0 1
-0.177043 3.23925 1700 -0.153664 -0.451945 27.9959 22.1394 -13 1086 1 0 1
-2.31938 0.321759 1700 0.0852604 -0.0360644 27.9998 22.1368 -13 1087 1 0 1
1.89756 -1.03479 1700 0.00509887 0.169212 27.9995 22.137 -13 1088 1 0 1
-1.7894 -1.6825 1700 0.0890131 -0.114801 27.9996 22.1369 -13 1089 1 0 1
-3.77689 -1.7942 1700 0.346999 0.300758 27.9962 22.1387 -13 1090 1 0 1
2.1772 -1.62673 1700 0.0556127 0.0852767 27.9998 22.1368 -13 1091 1 0 1
0.0344299 0.507188 1700 -0.0393639 0.0142466 28 22.1367 -13 1092 1 0 1
5.09387 -1.82292 1700 -0.0562251 0.112074 27.9997 22.1371 -13 1093 1 0 1
1.24658 -0.958347 1700 -0.0199968 -0.189773 27.9993 22.137 -13 1094 1 0 1
0.81259 2.40473 1700 -0.113396 -0.241 27.9987 22.1376 -13 1095 1 0 1
3.06548 2.71476 1700 -0.0850362 -0.239961 27.9988 22.1375 -13 1096 1 0 1
-2.56804 -0.403397 1700 0.159774 0.0822563 27.9994 22.1369 -13 1097 1 0 1
-2.46449 -0.555753 1700 8.47107e-05 -0.223522 27.9991 22.1373 -13 1098 1 0 1
-1.00484 -2.09135 1700 0.256673 0.376491 27.9963 22.1387 -13 1099 1 0 1
-1.67049 -1.17009 1700 0.262846 0.235235 27.9978 22.1378 -13 1100 1 0 1
2.55581 7.10434 1700 -0.254529 -0.276147 27.9975 22.139 -13 1101 1 0 1
1.15424 0.771663 1700 -0.0401318 -0.0512625 27.9999 22.1368 -13 1102 1 0 1
0.460144 1.8399 1700 -0.146086 -0.165645 27.9991 22.1374 -13 1103 1 0 1
1.99478 4.35907 1700 -0.149094 -0.214698 27.9988 22.1378 -13 1104 1 0 1
-2.21083 0.719914 1700 0.146065 0.0938794 27.9995 22.1369 -13 1105 1 0 1
0.0107164 2.95202 1700 -0.170687 -0.311728 27.9977 22.1383 -13 1106 1 0 1
-0.102643 -1.66537 1700 0.113821 -0.00023144 27.9998 22.1368 -13 1107 1 0 1
0.0697907 -1.62261 1700 0.223013 0.0752903 27.999 22.1372 -13 1108 1 0 1
1.56718 3.25891 1700 -0.127377 -0.17387 27.9992 22.1374 -13 1109 1 0 1
-0.719665 1.23045 1700 0.0645897 0.0535671 27.9999 22.1367 -13 1110 1 0 1
1.09316 4.5937 1700 -0.107646 -0.0539393 27.9997 22.1371 -13 1111 1 0 1
-0.0644381 1.19947 1700 -0.172618 -0.514164 27.9947 22.14 -13 1112 1 0 1
-1.72285 -1.29843 1700 0.16829 0.0470354 27.9995 22.1369 -13 1113 1 0 1
-1.98663 1.7175 1700 0.0809313 0.0336991 27.9999 22.1367 -13 1114 1 0 1
3.17085 -1.43447 1700 0.129883 0.0812674 27.9996 22.1369 -13 1115 1 0 1
-1.27498 0.431663 1700 -0.0437109 -0.0959664 27.9998 22.1369 -13 1116 1 0 1
1.0554 6.15148 1700 -0.148995 -0.235589 27.9986 22.138 -13 1117 1 0 1
-0.610342 -1.98937 1700 0.169634 0.371293 27.997 22.1383 -13 1118 1 0 1
4.51473 4.73752 1700 -0.27415 -0.499428 27.9942 22.1406 -13 1119 1 0 1
1.41672 -3.25267 1700 0.223936 0.343667 27.997 22.1385 -13 1120 1 0 1
3.20127 1.22568 1700 0.0006872 -0.0294623 28 22.1367 -13 1121 1 0 1
-0.49356 -0.885044 1700 0.0638067 0.177945 27.9994 22.137 -13 1122 1 0 1
-0.729049 0.567925 1700 0.0977872 0.382589 27.9972 22.1381 -13 1123 1 0 1
-1.2094 1.90182 1700 -0.0572451 -0.236444 27.9989 22.1375 -13 1124 1 0 1
-0.751266 -0.965894 1700 0.164381 0.0366671 27.9995 22.1369 -13 1125 1 0 1
0.0491335 2.78029 1700 -0.172281 -0.323923 27.9976 22.1384 -13 1126 1 0 1
0.0568207 -4.37231 1700 0.103265 0.114409 27.9996 22.137 -13 1127 1 0 1
0.839859 0.873183 1700 0.184325 0.173369 27.9989 22.1372 -13 1128 1 0 1
3.59182 0.676905 1700 -0.0596462 0.0534611 27.9999 22.1369 -13 1129 1 0 1
0.36912 -1.97246 1700 0.1238 0.0758021 27.9996 22.1369 -13 1130 1 0 1
-2.28844 -0.795908 1700 0.132476 0.171904 27.9992 22.1371 -13 1131 1 0 1
-3.01249 -3.51709 1700 0.365013 0.568393 27.9919 22.1413 -13 1132 1 0 1
0.245301 -2.00299 1700 -0.0117077 0.0322673 28 22.1367 -13 1133 1 0 1
0.903011 -1.06597 1700 -0.00358779 0.0892411 27.9999 22.1368 -13 1134 1 0 1
-1.04968 0.978948 1700 0.0971183 -0.0267484 27.9998 22.1367 -13 1135 1 0 1
2.05461 -1.05942 1700 -0.0270466 0.23265 27.999 22.1373 -13 1136 1 0 1
1.5503 1.32232 1700 0.125236 0.0591484 27.9997 22.1368 -13 1137 1 0 1
-6.95633 -2.61331 1700 0.284538 0.166252 27.9981 22.1379 -13 1138 1 0 1
-0.443617 -3.6359 1700 0.325251 0.588943 27.9919 22.1414 -13 1139 1 0 1
-2.91004 -0.562962 1700 -0.0173867 -0.0573908 27.9999 22.1368 -13 1140 1 0 1
-1.37753 2.30458 1700 0.0927566 -0.0722625 27.9998 22.1368 -13 1141 1 0 1
0.352062 7.75224 1700 -0.343698 -0.486976 27.9937 22.1416 -13 1142 1 0 1
1.68686 -1.72706 1700 0.112744 0.0130787 27.9998 22.1368 -13 1143 1 0 1
-0.839957 2.06399 1700 0.0985847 -0.191454 27.9992 22.1372 -13 1144 1 0 1
-0.11837 -0.138122 1700 -0.00142066 0.0400898 28 22.1367 -13 1145 1 0 1
-0.376412 -4.01123 1700 0.25826 0.365979 27.9964 22.1388 -13 1146 1 0 1
1.49675 5.14527 1700 -0.0576866 0.116241 27.9997 22.1371 -13 1147 1 0 1
3.3419 3.32775 1700 -0.127756 -0.363607 27.9973 22.1385 -13 1148 1 0 1
-0.0960377 0.082331 1700 -0.0142875 -0.291336 27.9985 22.1376 -13 1149 1 0 1
-0.251707 -0.93192 1700 0.0954588 -0.194738 27.9992 22.1371 -13 1150 1 0 1
1.8093 6.47535 1700 -0.228173 -0.390109 27.9964 22.1395 -13 1151 1 0 1
-0.735352 -0.437149 1700 0.206702 0.117267 27.999 22.1371 -13 1152 1 0 1
2.84349 1.58213 1700 0.0225303 -0.155854 27.9996 22.1369 -13 1153 1 0 1
-0.102045 1.75846 1700 -0.0798958 -0.020085 27.9999 22.1369 -13 1154 1 0 1
-2.63396 -0.379644 1700 -0.115531 -0.457225 27.996 22.1393 -13 1155 1 0 1
0.205033 4.09503 1700 -0.112418 -0.355544 27.9975 22.1385 -13 1156 1 0 1
1.91628 -5.48958 1700 0.320729 0.48247 27.994 22.1405 -13 1157 1 0 1
-0.934673 -3.69197 1700 0.170711 0.0966027 27.9993 22.1371 -13 1158 1 0 1
-2.22963 -1.07389 1700 0.209862 0.362453 27.9969 22.1383 -13 1159 1 0 1
-0.958447 -1.92196 1700 -0.0215314 0.223414 27.9991 22.1372 -13 1160 1 0 1
1.28252 -3.68563 1700 0.162633 0.00974873 27.9995 22.137 -13 1161 1 0 1
0.991161 -1.1844 1700 -0.129317 -0.0948423 27.9995 22.137 -13 1162 1 0 1
0.121541 1.86227 1700 0.0948408 0.27847 27.9985 22.1375 -13 1163 1 0 1
2.91663 0.4833 1700 -0.0210061 -0.212215 27.9992 22.1372 -13 1164 1 0 1
2.21677 1.64535 1700 -0.0680405 0.0784229 27.9998 22.1369 -13 1165 1 0 1
1.52528 4.71281 1700 -0.105855 -0.221828 27.9989 22.1376 -13 1166 1 0 1
2.31893 -2.19652 1700 -0.0851903 -0.0261802 27.9999 22.1368 -13 1167 1 0 1
1.61218 -3.92944 1700 -0.0204267 0.057757 27.9999 22.1368 -13 1168 1 0 1
1.21304 2.97531 1700 -0.274436 -0.205088 27.9979 22.1383 -13 1169 1 0 1
-0.851015 2.0528 1700 0.0681639 -0.103516 27.9997 22.1368 -13 1170 1 0 1
-0.589778 -2.26789 1700 0.144476 0.144275 27.9993 22.1371 -13 1171 1 0 1
-3.36906 1.53146 1700 0.00934973 0.0542891 27.9999 22.1367 -13 1172 1 0 1
0.763539 0.816323 1700 -0.111495 -0.122939 27.9995 22.1371 -13 1173 1 0 1
-0.638026 0.211342 1700 -0.143372 -0.0561463 27.9996 22.137 -13 1174 1 0 1
5.39576 4.17315 1700 -0.115117 -0.217497 27.9989 22.1377 -13 1175 1 0 1
1.32203 -1.20752 1700 0.0797661 0.10288 27.9997 22.1368 -13 1176 1 0 1
2.45112 3.81139 1700 -0.190089 -0.179098 27.9988 22.1378 -13 1177 1 0 1
3.1528 3.94772 1700 -0.318656 -0.613831 27.9915 22.1422 -13 1178 1 0 1
2.79287 0.81561 1700 -0.024461 0.069075 27.9999 22.1368 -13 1179 1 0 1
-1.29018 -2.99662 1700 -0.0262388 0.186629 27.9994 22.1371 -13 1180 1 0 1
-3.16041 1.35807 1700 -0.0439146 -0.214465 27.9991 22.1374 -13 1181 1 0 1
-3.17332 -2.4691 1700 0.0195187 0.269936 27.9987 22.1374 -13 1182 1 0 1
2.76033 2.96469 1700 -0.23734 -0.212836 27.9982 22.1381 -13 1183 1 0 1
1.14086 -2.12748 1700 0.0787741 0.172931 27.9994 22.1371 -13 1184 1 0 1
0.878572 -6.56757 1700 0.281407 0.452983 27.9949 22.1401 -13 1185 1 0 1
4.57222 0.198115 1700 -0.129015 0.0954682 27.9995 22.1372 -13 1186 1 0 1
0.815258 0.592262 1700 -0.0644097 -0.225028 27.999 22.1373 -13 1187 1 0 1
-2.48013 2.32862 1700 -0.0664627 -0.386014 27.9973 22.1386 -13 1188 1 0 1
-0.244728 0.937741 1700 0.0799622 0.117121 27.9996 22.1368 -13 1189 1 0 1
0.363711 -1.05067 1700 -0.000935516 0.0592245 27.9999 22.1367 -13 1190 1 0 1
0.532822 0.621013 1700 0.114295 0.0648146 27.9997 22.1368 -13 1191 1 0 1
-0.658405 -3.0753 1700 0.0730836 0.32362 27.998 22.1378 -13 1192 1 0 1
0.952479 4.59157 1700 -0.0608831 -0.18388 27.9993 22.1373 -13 1193 1 0 1
-0.250378 -2.0875 1700 0.0859595 0.0308702 27.9999 22.1367 -13 1194 1 0 1
-1.10331 6.51452 1700 -0.0619185 -0.265384 27.9987 22.138 -13 1195 1 0 1
0.44658 4.51261 1700 -0.138494 -0.0094127 27.9997 22.1372 -13 1196 1 0 1
4.07562 6.22566 1700 -0.176276 -0.411232 27.9964 22.1393 -13 1197 1 0 1
1.63643 -1.46133 1700 0.116905 0.252449 27.9986 22.1375 -13 1198 1 0 1
-5.84768 -0.00273184 1700 0.0588829 -0.00748546 27.9999 22.1369 -13 1199 1 0 1
1.1353 -2.26495 1700 0.310234 0.22678 27.9974 22.1381 -13 1200 1 0 1
2.30551 0.417103 1700 -0.115797 0.150815 27.9994 22.1372 -13 1201 1 0 1
-4.66985 0.544457 1700 0.117424 -0.204878 27.999 22.1375 -13 1202 1 0 1
-1.0027 1.26364 1700 0.142863 -0.0674878 27.9996 22.1369 -13 1203 1 0 1
-0.930486 -2.15824 1700 0.157906 0.21929 27.9987 22.1374 -13 1204 1 0 1
4.07269 6.17474 1700 -0.260619 -0.469197 27.9949 22.1404 -13 1205 1 0 1
-0.272664 -0.693082 1700 0.17611 0.404422 27.9965 22.1385 -13 1206 1 0 1
-0.166599 1.5478 1700 -0.0725701 -0.215976 27.9991 22.1373 -13 1207 1 0 1
5.41143 -2.50679 1700 -0.106397 0.0129816 27.9998 22.1371 -13 1208 1 0 1
-1.50619 -0.300839 1700 0.136901 0.170952 27.9991 22.1371 -13 1209 1 0 1
1.5954 4.19373 1700 -0.235915 -0.437064 27.9956 22.1397 -13 1210 1 0 1
-1.91572 0.171677 1700 0.124264 -0.092561 27.9996 22.1369 -13 1211 1 0 1
3.23509 2.56622 1700 -0.264312 -0.0455787 27.9987 22.1379 -13 1212 1 0 1
0.382938 -1.54549 1700 -0.0184879 -0.199149 27.9993 22.1371 -13 1213 1 0 1
2.08889 -0.17227 1700 -0.0251842 0.231993 27.999 22.1373 -13 1214 1 0 1
0.58895 -0.647977 1700 -0.0751985 -0.0928567 27.9997 22.1369 -13 1215 1 0 1
-2.7111 -3.19235 1700 0.190082 0.0428737 27.9993 22.1371 -13 1216 1 0 1
3.36841 0.311375 1700 -0.118338 0.0789746 27.9996 22.1371 -13 1217 1 0 1
1.27749 -0.97602 1700 0.124706 -0.149968 27.9993 22.137 -13 1218 1 0 1
-1.66433 4.34471 1700 -0.0286129 -0.211062 27.9992 22.1374 -13 1219 1 0 1
-0.955279 -2.30881 1700 0.192299 0.313151 27.9976 22.138 -13 1220 1 0 1
0.695646 1.65598 1700 -0.03562 0.00527431 28 22.1368 -13 1221 1 0 1
2.37325 1.91995 1700 -0.114891 -0.18078 27.9992 22.1373 -13 1222 1 0 1
-0.770938 -4.71356 1700 0.255532 0.335062 27.9968 22.1386 -13 1223 1 0 1
2.07531 -1.82284 1700 0.0859445 -0.00328555 27.9999 22.1367 -13 1224 1 0 1
-1.91097 1.4874 1700 -0.0815507 -0.00710506 27.9999 22.1369 -13 1225 1 0 1
-2.57346 -4.96863 1700 0.23876 0.105507 27.9988 22.1375 -13 1226 1 0 1
1.84483 3.63274 1700 -0.130416 -0.353929 27.9975 22.1384 -13 1227 1 0 1
4.95644 1.86899 1700 -0.195164 -0.150973 27.9989 22.1376 -13 1228 1 0 1
-3.21046 -3.76672 1700 0.309086 0.442965 27.9948 22.1397 -13 1229 1 0 1
-2.92219 -3.20056 1700 0.12249 0.209475 27.9989 22.1373 -13 1230 1 0 1
2.36845 -3.40101 1700 0.0888198 0.21702 27.999 22.1374 -13 1231 1 0 1
0.272469 -4.81562 1700 0.167251 0.140725 27.9991 22.1373 -13 1232 1 0 1
-2.84201 0.85218 1700 -0.041428 -0.303317 27.9983 22.1379 -13 1233 1 0 1
0.323663 -2.06407 1700 0.0763088 0.0535092 27.9998 22.1367 -13 1234 1 0 1
-0.0659701 1.99635 1700 -0.237305 -0.34565 27.9969 22.1388 -13 1235 1 0 1
-2.29193 -4.29853 1700 0.185591 0.421516 27.9962 22.1389 -13 1236 1 0 1
-1.91903 0.917244 1700 0.157775 0.120978 27.9993 22.1369 -13 1237 1 0 1
0.164387 0.109878 1700 -0.00379053 -0.00859411 28 22.1367 -13 1238 1 0 1
2.18772 4.54536 1700 -0.140953 -0.153427 27.9992 22.1375 -13 1239 1 0 1
1.18315 3.15688 1700 -0.0698399 -0.231127 27.999 22.1375 -13 1240 1 0 1
-0.963959 1.24324 1700 0.027738 -0.148636 27.9996 22.137 -13 1241 1 0 1
-1.05712 -4.68415 1700 0.228376 0.144266 27.9987 22.1375 -13 1242 1 0 1
-2.30455 -5.53633 1700 0.327838 0.548186 27.9927 22.1411 -13 1243 1 0 1
3.04264 1.31336 1700 -0.0593781 0.152073 27.9995 22.1371 -13 1244 1 0 1
1.35869 -2.1534 1700 0.103794 -0.0023514 27.9998 22.1368 -13 1245 1 0 1
2.64054 3.16738 1700 -0.0277525 -0.278027 27.9986 22.1376 -13 1246 1 0 1
-0.214825 -2.9992 1700 0.242372 0.332502 27.997 22.1384 -13 1247 1 0 1
-5.83761 -0.54537 1700 0.178683 0.0274368 27.9994 22.1371 -13 1248 1 0 1
1.97946 4.17575 1700 -0.0613116 -0.0613851 27.9999 22.137 -13 1249 1 0 1
0.59867 2.3361 1700 0.00798014 -0.171278 27.9995 22.137 -13 1250 1 0 1
-0.355116 2.25549 1700 0.0112966 -0.0587307 27.9999 22.1368 -13 1251 1 0 1
1.95527 4.23363 1700 -0.21026 -0.0984336 27.999 22.1377 -13 1252 1 0 1
-4.23556 -1.79551 1700 0.0119227 -0.116681 27.9998 22.137 -13 1253 1 0 1
2.52506 2.8482 1700 -0.166449 -0.255237 27.9983 22.1379 -13 1254 1 0 1
-3.41715 -4.80853 1700 0.289112 0.202277 27.9978 22.1381 -13 1255 1 0 1
-1.72389 -2.10402 1700 0.0580792 0.180873 27.9994 22.137 -13 1256 1 0 1
2.15144 5.22657 1700 -0.147044 -0.231023 27.9987 22.1379 -13 1257 1 0 1
0.794678 3.31239 1700 -0.0993477 -0.224207 27.9989 22.1375 -13 1258 1 0 1
-1.16001 -4.52499 1700 0.313746 0.194814 27.9976 22.1382 -13 1259 1 0 1
-0.941372 0.00484327 1700 -0.135836 -0.0289568 27.9997 22.137 -13 1260 1 0 1
1.66649 -0.174093 1700 0.125696 0.37759 27.9972 22.1383 -13 1261 1 0 1
1.86637 -1.34175 1700 0.344662 0.512343 27.9932 22.1406 -13 1262 1 0 1
0.344644 0.690387 1700 -0.0525098 -0.336627 27.9979 22.138 -13 1263 1 0 1
3.03075 -0.962818 1700 0.0256145 -0.0455821 28 22.1367 -13 1264 1 0 1
3.78107 -2.1064 1700 0.0114573 0.0469921 28 22.1368 -13 1265 1 0 1
1.8066 -0.063971 1700 0.0256704 -0.0825629 27.9999 22.1367 -13 1266 1 0 1
-5.01772 -7.37315 1700 0.490689 0.440581 27.9922 22.1417 -13 1267 1 0 1
-2.19242 3.4389 1700 -0.0299237 -0.259164 27.9988 22.1377 -13 1268 1 0 1
-1.93184 1.45411 1700 -0.0488232 -0.0985466 27.9998 22.1369 -13 1269 1 0 1
-2.55385 -1.5074 1700 0.248703 0.291148 27.9974 22.138 -13 1270 1 0 1
2.04327 -0.0127855 1700 0.031047 -0.0302873 28 22.1367 -13 1271 1 0 1
-0.419532 -0.908558 1700 0.083471 -0.0610432 27.9998 22.1367 -13 1272 1 0 1
-1.66296 0.953094 1700 0.0140019 -0.209496 27.9992 22.1372 -13 1273 1 0 1
1.75618 0.0270849 1700 -0.118826 -0.141981 27.9994 22.1371 -13 1274 1 0 1
4.56393 6.3174 1700 -0.330603 -0.239192 27.997 22.1394 -13 1275 1 0 1
2.56327 1.43185 1700 -0.198125 -0.287901 27.9978 22.1382 -13 1276 1 0 1
-0.700371 2.27993 1700 0.00104907 0.178744 27.9994 22.137 -13 1277 1 0 1
-4.06335 -3.26371 1700 0.294424 0.341384 27.9964 22.1387 -13 1278 1 0 1
-1.19472 -1.21594 1700 0.202358 0.0968902 27.9991 22.1371 -13 1279 1 0 1
0.0877222 2.08042 1700 0.164698 0.131996 27.9992 22.137 -13 1280 1 0 1
-1.91253 -9.26472 1700 0.420018 0.786879 27.9858 22.1458 -13 1281 1 0 1
-0.0117064 2.21068 1700 -0.0205391 -0.0217562 28 22.1368 -13 1282 1 0 1
-0.135112 -2.61703 1700 0.103125 0.164838 27.9993 22.1371 -13 1283 1 0 1
1.0927 0.778512 1700 -0.0115317 -0.346583 27.9979 22.1379 -13 1284 1 0 1
-1.95857 0.247841 1700 0.14347 0.0691255 27.9995 22.1368 -13 1285 1 0 1
0.0758765 -4.15948 1700 0.271987 0.183582 27.9981 22.1379 -13 1286 1 0 1
2.22909 0.904716 1700 -0.113814 -0.282664 27.9983 22.1377 -13 1287 1 0 1
-1.60946 -4.73273 1700 0.413203 0.273983 27.9956 22.1394 -13 1288 1 0 1
0.893233 -0.699825 1700 0.0732082 0.00249556 27.9999 22.1367 -13 1289 1 0 1
2.23638 0.115104 1700 -0.216826 -0.342888 27.9971 22.1385 -13 1290 1 0 1
0.125803 1.2901 1700 0.00614895 -0.206835 27.9992 22.1372 -13 1291 1 0 1
2.17105 0.597665 1700 0.0319994 0.0119538 28 22.1367 -13 1292 1 0 1
-1.65137 0.791941 1700 0.174095 -0.146539 27.9991 22.1372 -13 1293 1 0 1
1.31685 1.65026 1700 0.0893866 0.154216 27.9994 22.1369 -13 1294 1 0 1
0.492434 1.38335 1700 -0.0397117 -0.128917 27.9997 22.1369 -13 1295 1 0 1
-0.330689 -2.81446 1700 0.0667852 0.0303909 27.9999 22.1367 -13 1296 1 0 1
3.02259 2.17484 1700 -0.0591248 -0.115326 27.9997 22.137 -13 1297 1 0 1
-0.41541 -5.36215 1700 0.436024 0.392509 27.9939 22.1405 -13 1298 1 0 1
1.50492 -0.214098 1700 -0.00991528 -0.253138 27.9989 22.1373 -13 1299 1 0 1
-0.810334 1.03122 1700 -0.134495 -0.0323426 27.9997 22.137 -13 1300 1 0 1
-1.74196 2.12803 1700 -0.013992 -0.0775502 27.9999 22.1368 -13 1301 1 0 1
-1.43232 2.09525 1700 0.0160856 -0.0177877 28 22.1367 -13 1302 1 0 1
-2.11344 2.33461 1700 -0.0692283 0.0593038 27.9999 22.1369 -13 1303 1 0 1
0.59884 -5.36502 1700 0.402227 0.414332 27.994 22.1404 -13 1304 1 0 1
0.513396 -6.16123 1700 0.333875 0.434026 27.9946 22.1401 -13 1305 1 0 1
0.726429 0.318898 1700 0.000912663 -0.196795 27.9993 22.1371 -13 1306 1 0 1
2.91676 1.13765 1700 -0.069578 0.0744677 27.9998 22.1369 -13 1307 1 0 1
3.38408 2.63877 1700 -0.124292 -0.326398 27.9978 22.1381 -13 1308 1 0 1
-0.144341 -2.21241 1700 0.123422 0.303766 27.9981 22.1378 -13 1309 1 0 1
-1.25286 2.37027 1700 -0.0734738 -0.232199 27.9989 22.1375 -13 1310 1 0 1
-0.354645 0.788707 1700 0.194312 0.1236 27.9991 22.1371 -13 1311 1 0 1
-0.0437026 -6.3405 1700 0.251836 0.538026 27.9937 22.1407 -13 1312 1 0 1
0.42495 -0.599035 1700 0.17677 0.202852 27.9987 22.1373 -13 1313 1 0 1
0.266826 -2.48964 1700 0.110199 0.214727 27.999 22.1373 -13 1314 1 0 1
0.879821 -4.05378 1700 0.232135 0.310067 27.9973 22.1383 -13 1315 1 0 1
-2.88389 -4.12761 1700 0.325638 0.225255 27.9972 22.1384 -13 1316 1 0 1
-1.81562 1.02302 1700 0.0468056 0.224762 27.9991 22.1371 -13 1317 1 0 1
1.26792 0.349947 1700 -0.109696 -0.273536 27.9984 22.1377 -13 1318 1 0 1
0.816153 1.38929 1700 0.00901547 -0.219424 27.9991 22.1372 -13 1319 1 0 1
2.34332 0.880232 1700 0.0327436 -0.0132225 28 22.1367 -13 1320 1 0 1
4.04478 2.48665 1700 -0.227984 -0.202076 27.9983 22.138 -13 1321 1 0 1
4.08775 4.22275 1700 -0.113381 0.103781 27.9996 22.1373 -13 1322 1 0 1
-0.992773 -5.47319 1700 0.204371 0.413395 27.9962 22.1391 -13 1323 1 0 1
-0.485663 4.30658 1700 -0.0143488 -0.00639323 28 22.1368 -13 1324 1 0 1
-0.82598 2.60326 1700 -0.101871 -0.321749 27.998 22.1381 -13 1325 1 0 1
2.23707 -2.64303 1700 0.0569598 0.0629556 27.9999 22.1368 -13 1326 1 0 1
-3.03166 0.842965 1700 0.00969703 -0.116613 27.9998 22.1369 -13 1327 1 0 1
1.89725 -2.4224 1700 0.124033 0.198045 27.999 22.1373 -13 1328 1 0 1
1.77718 0.576144 1700 -0.198778 -0.217874 27.9984 22.1378 -13 1329 1 0 1
-0.245851 -3.35633 1700 0.141368 0.0289182 27.9996 22.1369 -13 1330 1 0 1
1.97692 2.04489 1700 -0.0246508 -0.203231 27.9993 22.1372 -13 1331 1 0 1
-0.103488 -5.43198 1700 -0.0168834 0.189747 27.9994 22.1372 -13 1332 1 0 1
3.45616 -5.05484 1700 0.0491045 0.222832 27.9991 22.1375 -13 1333 1 0 1
-0.0677108 -0.953984 1700 0.0732838 0.133896 27.9996 22.1369 -13 1334 1 0 1
1.73605 -0.787304 1700 0.0717223 0.335183 27.9979 22.1379 -13 1335 1 0 1
-1.4337 -2.45327 1700 0.136271 0.149997 27.9993 22.1371 -13 1336 1 0 1
-1.5129 -1.12293 1700 0.0893432 0.129927 27.9996 22.1369 -13 1337 1 0 1
1.82284 0.54811 1700 -0.118595 -0.215038 27.9989 22.1374 -13 1338 1 0 1
-0.925613 -7.58252 1700 0.346243 0.437686 27.9944 22.1404 -13 1339 1 0 1
-0.01513 -0.642646 1700 0.113835 0.113995 27.9995 22.1369 -13 1340 1 0 1
0.280613 1.34033 1700 -0.00128164 0.0538493 27.9999 22.1367 -13 1341 1 0 1
0.488191 1.69897 1700 -0.188409 -0.348109 27.9972 22.1386 -13 1342 1 0 1
2.8083 1.7582 1700 -0.194206 0.0835594 27.9992 22.1375 -13 1343 1 0 1
4.09008 5.9673 1700 -0.363136 -0.799767 27.9862 22.1455 -13 1344 1 0 1
-2.52403 -4.87499 1700 0.246254 0.547168 27.9936 22.1405 -13 1345 1 0 1
-0.79007 1.14396 1700 0.0338029 0.104296 27.9998 22.1368 -13 1346 1 0 1
4.24031 -3.32761 1700 0.149539 0.129089 27.9993 22.1372 -13 1347 1 0 1
0.347902 -2.65265 1700 0.233475 0.547426 27.9937 22.1403 -13 1348 1 0 1
-2.38281 -0.182229 1700 0.0636243 0.289303 27.9984 22.1374 -13 1349 1 0 1
0.373483 4.00667 1700 -0.12187 -0.299263 27.9981 22.1381 -13 1350 1 0 1
5.01912 -2.52506 1700 -0.16412 0.275264 27.9982 22.1382 -13 1351 1 0 1
1.59523 4.32457 1700 -0.107772 -0.0357334 27.9998 22.1371 -13 1352 1 0 1
-0.688777 1.05213 1700 0.00705527 -0.0602921 27.9999 22.1367 -13 1353 1 0 1
-2.48215 0.603537 1700 0.0566618 -0.151383 27.9995 22.137 -13 1354 1 0 1
-4.59214 -0.664213 1700 0.212714 0.105127 27.999 22.1372 -13 1355 1 0 1
0.887202 -1.04685 1700 0.112718 0.333632 27.9978 22.1379 -13 1356 1 0 1
-2.71153 -5.68011 1700 0.492715 0.521782 27.9908 22.1422 -13 1357 1 0 1
3.16048 4.55128 1700 -0.0933479 -0.215186 27.999 22.1376 -13 1358 1 0 1
1.57899 3.21619 1700 -0.156404 -0.438846 27.9961 22.1392 -13 1359 1 0 1
0.0503632 1.64377 1700 0.0759715 -0.08876 27.9998 22.1368 -13 1360 1 0 1
-2.48594 -3.92325 1700 0.22713 0.276192 27.9977 22.138 -13 1361 1 0 1
-2.50982 -4.84397 1700 0.355131 0.299688 27.9961 22.139 -13 1362 1 0 1
1.20995 5.53091 1700 -0.0171665 -0.199047 27.9993 22.1374 -13 1363 1 0 1
4.66224 4.66004 1700 -0.180554 0.00458172 27.9994 22.1376 -13 1364 1 0 1
-6.36986 0.0295225 1700 0.14337 0.147336 27.9992 22.1371 -13 1365 1 0 1
-0.206723 -3.21672 1700 0.0784325 0.190343 27.9992 22.1371 -13 1366 1 0 1
-1.6429 -2.71867 1700 0.143169 0.248883 27.9985 22.1375 -13 1367 1 0 1
-0.752328 -0.0275662 1700 0.195514 0.15622 27.9989 22.1372 -13 1368 1 0 1
1.32405 -0.517462 1700 0.0852072 0.114154 27.9996 22.1368 -13 1369 1 0 1
-1.67224 -4.0004 1700 0.388617 0.270282 27.996 22.139 -13 1370 1 0 1
-0.0374739 5.97685 1700 -0.0931346 -0.0635559 27.9998 22.1372 -13 1371 1 0 1
-0.17214 -0.356125 1700 -0.13064 -0.276855 27.9983 22.1378 -13 1372 1 0 1
0.130979 1.85219 1700 0.0527858 0.0752434 27.9998 22.1367 -13 1373 1 0 1
1.33125 0.0741166 1700 0.0761881 0.23619 27.9989 22.1373 -13 1374 1 0 1
2.21947 -1.5853 1700 0.110055 0.189838 27.9991 22.1372 -13 1375 1 0 1
-3.59747 -4.21702 1700 0.300798 -0.0106954 27.9984 22.1378 -13 1376 1 0 1
-1.77839 3.99383 1700 -0.0723975 -0.0227817 27.9999 22.137 -13 1377 1 0 1
-1.23298 6.40663 1700 -0.285716 -0.794114 27.9873 22.1453 -13 1378 1 0 1
0.555176 0.60246 1700 -0.00206099 0.0652329 27.9999 22.1367 -13 1379 1 0 1
0.422049 3.29665 1700 -0.153965 -0.356636 27.9973 22.1386 -13 1380 1 0 1
-1.59428 1.94398 1700 0.174925 -0.061601 27.9994 22.1369 -13 1381 1 0 1
0.088058 3.28722 1700 -0.044122 0.000876708 28 22.1368 -13 1382 1 0 1
-0.961023 -6.30871 1700 0.271993 0.511953 27.994 22.1405 -13 1383 1 0 1
-1.4923 0.836093 1700 -0.074933 -0.342845 27.9978 22.1382 -13 1384 1 0 1
0.613321 5.49051 1700 -0.120266 -0.421677 27.9966 22.1392 -13 1385 1 0 1
-1.66254 7.90867 1700 -0.244749 -0.335145 27.9969 22.1395 -13 1386 1 0 1
-0.656309 0.754219 1700 -0.0515416 -0.0776188 27.9998 22.1368 -13 1387 1 0 1
-4.68108 -0.66438 1700 0.0692365 0.0935518 27.9998 22.1368 -13 1388 1 0 1
-0.761092 0.667258 1700 0.0324018 -0.110796 27.9998 22.1368 -13 1389 1 0 1
-1.27422 5.70401 1700 -0.331157 -0.497135 27.9936 22.1414 -13 1390 1 0 1
1.3799 -0.165126 1700 0.147764 -0.0604609 27.9995 22.1368 -13 1391 1 0 1
-0.447432 3.10272 1700 -0.158809 -0.415049 27.9965 22.1391 -13 1392 1 0 1
2.66902 3.2663 1700 -0.102291 0.028294 27.9998 22.1371 -13 1393 1 0 1
-3.31939 -0.811835 1700 0.156086 0.0232903 27.9996 22.1369 -13 1394 1 0 1
-1.95907 1.16924 1700 -0.00804406 -0.0181846 28 22.1367 -13 1395 1 0 1
-3.67515 -1.45259 1700 0.205828 0.119429 27.999 22.1372 -13 1396 1 0 1
1.09635 2.45935 1700 0.0240463 -0.437663 27.9966 22.1387 -13 1397 1 0 1
-0.545466 -0.571175 1700 0.0396233 -0.228938 27.999 22.1372 -13 1398 1 0 1
-2.34099 -0.875199 1700 0.10287 0.18129 27.9992 22.137 -13 1399 1 0 1
0.805621 4.31461 1700 -0.181905 -0.165127 27.9989 22.1377 -13 1400 1 0 1
-1.35781 0.582374 1700 0.165549 -0.0339455 27.9995 22.1369 -13 1401 1 0 1
-3.32709 -0.2996 1700 0.126669 0.14889 27.9993 22.137 -13 1402 1 0 1
2.34388 -0.159824 1700 0.220095 0.358727 27.9968 22.1384 -13 1403 1 0 1
-1.58539 -1.58001 1700 0.100499 -0.0339674 27.9998 22.1368 -13 1404 1 0 1
-0.795984 3.06804 1700 -0.212949 -0.612873 27.9925 22.1416 -13 1405 1 0 1
-3.16434 -3.40569 1700 0.289667 0.0615069 27.9984 22.1377 -13 1406 1 0 1
2.50538 2.78291 1700 -0.0881157 -0.179985 27.9993 22.1373 -13 1407 1 0 1
0.449456 1.55518 1700 -0.121912 -0.269838 27.9984 22.1378 -13 1408 1 0 1
-1.08292 -2.28911 1700 0.185482 -0.000389975 27.9994 22.137 -13 1409 1 0 1
1.34652 4.46255 1700 -0.116053 -0.463262 27.9959 22.1394 -13 1410 1 0 1
-4.46448 -2.96925 1700 0.302977 0.130399 27.9981 22.1379 -13 1411 1 0 1
1.55483 0.577588 1700 -0.00206522 0.172223 27.9995 22.137 -13 1412 1 0 1
1.58072 0.955427 1700 0.0286006 0.14299 27.9996 22.1369 -13 1413 1 0 1
-0.84887 -1.43965 1700 0.00535797 -0.196222 27.9993 22.1371 -13 1414 1 0 1
1.64513 2.01042 1700 -0.151205 -0.108476 27.9994 22.1372 -13 1415 1 0 1
-3.5416 1.85186 1700 0.0476475 -0.046087 27.9999 22.1368 -13 1416 1 0 1
-0.0267879 -5.01586 1700 0.213093 0.109254 27.999 22.1374 -13 1417 1 0 1
-1.75557 1.15243 1700 0.0381278 0.0290043 28 22.1367 -13 1418 1 0 1
-2.7997 -3.41567 1700 0.21423 0.107695 27.999 22.1373 -13 1419 1 0 1
-1.10817 -5.35068 1700 0.18966 0.164028 27.9989 22.1375 -13 1420 1 0 1
1.51806 -1.13421 1700 0.0552023 0.104584 27.9998 22.1368 -13 1421 1 0 1
-0.0292321 5.66642 1700 -0.0946417 -0.159124 27.9994 22.1374 -13 1422 1 0 1
-1.21454 -4.05551 1700 0.252536 0.311828 27.9971 22.1384 -13 1423 1 0 1
-0.0448816 -4.16848 1700 0.191525 0.0777002 27.9992 22.1372 -13 1424 1 0 1
-0.201576 0.988702 1700 0.127661 -0.0813123 27.9996 22.1368 -13 1425 1 0 1
-4.92357 0.137811 1700 0.260438 0.252946 27.9976 22.1378 -13 1426 1 0 1
1.70443 -1.57222 1700 -0.001513 0.243021 27.9989 22.1374 -13 1427 1 0 1
1.0624 6.4624 1700 -0.0948969 -0.182562 27.9992 22.1376 -13 1428 1 0 1
-3.68569 4.14466 1700 -0.0798403 -0.474406 27.9959 22.1398 -13 1429 1 0 1
4.97944 -1.9591 1700 -0.0458976 0.263211 27.9987 22.1378 -13 1430 1 0 1
-3.025 -3.67605 1700 0.165194 0.0606647 27.9994 22.1371 -13 1431 1 0 1
-0.910214 1.98406 1700 0.0935731 0.379513 27.9973 22.1381 -13 1432 1 0 1
1.49618 -4.35204 1700 0.0915506 0.344405 27.9977 22.1382 -13 1433 1 0 1
2.60443 0.0251434 1700 0.00499806 -0.188843 27.9994 22.137 -13 1434 1 0 1
1.59824 -0.443326 1700 -0.0195234 0.118227 27.9997 22.1369 -13 1435 1 0 1
-1.05372 -1.44137 1700 -0.0148519 0.0413827 28 22.1367 -13 1436 1 0 1
-1.63643 -4.1374 1700 0.174828 0.16333 27.999 22.1373 -13 1437 1 0 1
0.226243 -6.49598 1700 0.3507 0.619186 27.991 22.1424 -13 1438 1 0 1
0.513391 -2.58103 1700 -0.0372197 -0.222785 27.9991 22.1372 -13 1439 1 0 1
-0.383034 -0.960126 1700 -0.00879602 0.120104 27.9997 22.1368 -13 1440 1 0 1
-0.242728 -5.60805 1700 0.263938 0.311584 27.997 22.1386 -13 1441 1 0 1
-1.92907 2.61666 1700 -0.0125264 -0.0948455 27.9998 22.1369 -13 1442 1 0 1
-1.88323 -1.22314 1700 0.183249 0.0947503 27.9992 22.137 -13 1443 1 0 1
-5.00735 -4.13055 1700 0.386046 0.498791 27.9929 22.1408 -13 1444 1 0 1
4.69245 2.47659 1700 -0.0639619 -0.229392 27.999 22.1374 -13 1445 1 0 1
-2.22979 0.113067 1700 -0.0836488 0.00574591 27.9999 22.1368 -13 1446 1 0 1
-0.934389 4.76561 1700 -0.377135 -0.399374 27.9946 22.1407 -13 1447 1 0 1
-0.281199 0.530816 1700 -0.0306033 -0.135025 27.9997 22.1369 -13 1448 1 0 1
-0.938827 4.50681 1700 -0.19104 -0.377405 27.9968 22.1391 -13 1449 1 0 1
1.31261 7.85107 1700 -0.286139 -0.782441 27.9876 22.1451 -13 1450 1 0 1
-0.663294 -1.51773 1700 0.192389 -0.025597 27.9993 22.137 -13 1451 1 0 1
-6.092 -5.38298 1700 0.336282 0.389156 27.9953 22.1396 -13 1452 1 0 1
1.82006 5.75081 1700 -0.155255 -0.156805 27.9991 22.1377 -13 1453 1 0 1
-0.0709451 -0.111387 1700 0.0742073 0.120847 27.9996 22.1368 -13 1454 1 0 1
-0.596759 -4.91115 1700 0.428891 0.34317 27.9946 22.14 -13 1455 1 0 1
1.32416 1.52071 1700 -0.047389 0.059252 27.9999 22.1368 -13 1456 1 0 1
1.92177 5.71666 1700 -0.234505 -0.395901 27.9962 22.1395 -13 1457 1 0 1
0.425732 2.78848 1700 -0.177524 -0.286784 27.998 22.1382 -13 1458 1 0 1
-0.335075 -3.25721 1700 0.196082 0.2591 27.9981 22.1378 -13 1459 1 0 1
-0.50867 0.44825 1700 -0.0454124 -0.219459 27.9991 22.1373 -13 1460 1 0 1
-2.13005 -0.679863 1700 0.0647777 0.214912 27.9991 22.1371 -13 1461 1 0 1
1.87694 2.24824 1700 -0.203439 -0.297666 27.9977 22.1383 -13 1462 1 0 1
3.68903 3.32147 1700 -0.17053 -0.189793 27.9988 22.1377 -13 1463 1 0 1
-1.15793 -2.20259 1700 0.152251 0.302669 27.998 22.1378 -13 1464 1 0 1
2.88013 3.82493 1700 -0.242132 -0.155261 27.9985 22.138 -13 1465 1 0 1
-2.044 3.58633 1700 -0.0147321 -0.273678 27.9987 22.1377 -13 1466 1 0 1
2.70238 11.1769 1700 -0.371048 -0.730185 27.988 22.1456 -13 1467 1 0 1
-0.326456 2.69486 1700 0.0213658 -0.0678305 27.9999 22.1368 -13 1468 1 0 1
0.224776 -1.03696 1700 0.174028 0.0672992 27.9994 22.1369 -13 1469 1 0 1
0.812513 -0.386152 1700 0.0151749 -0.00846197 28 22.1367 -13 1470 1 0 1
0.445814 1.57655 1700 -0.231903 -0.442817 27.9955 22.1396 -13 1471 1 0 1
0.172128 -3.36398 1700 0.30794 0.301076 27.9967 22.1386 -13 1472 1 0 1
2.58815 -1.67697 1700 0.0137516 0.176826 27.9994 22.1371 -13 1473 1 0 1
-0.0890161 -0.539547 1700 0.176942 -0.111929 27.9992 22.137 -13 1474 1 0 1
3.26603 3.76516 1700 -0.216026 -0.199481 27.9985 22.138 -13 1475 1 0 1
0.00939978 0.421778 1700 -0.0766628 -0.180891 27.9993 22.1372 -13 1476 1 0 1
-0.446411 0.0191634 1700 0.0258808 -0.00354789 28 22.1367 -13 1477 1 0 1
1.37077 -5.14179 1700 0.185368 0.377879 27.9968 22.1388 -13 1478 1 0 1
0.0257399 0.714833 1700 0.00952168 0.0531331 27.9999 22.1367 -13 1479 1 0 1
3.79619 -0.920328 1700 -0.163314 0.126788 27.9992 22.1374 -13 1480 1 0 1
1.175 -2.79853 1700 0.254791 0.261429 27.9976 22.1381 -13 1481 1 0 1
-4.26455 -3.54573 1700 0.305293 0.204366 27.9976 22.1381 -13 1482 1 0 1
2.09675 5.41008 1700 -0.117588 -0.30815 27.9981 22.1382 -13 1483 1 0 1
-2.70001 -4.44941 1700 0.190539 0.225039 27.9984 22.1377 -13 1484 1 0 1
-3.06568 -4.52106 1700 0.0716538 0.112344 27.9997 22.137 -13 1485 1 0 1
-0.634092 5.48155 1700 -0.329003 -0.937405 27.9824 22.148 -13 1486 1 0 1
-2.95257 -0.7831 1700 0.119273 0.212296 27.9989 22.1372 -13 1487 1 0 1
-4.15724 2.86471 1700 -0.00102856 -0.254967 27.9988 22.1377 -13 1488 1 0 1
-6.52668 -5.96238 1700 0.363829 0.41181 27.9946 22.1401 -13 1489 1 0 1
3.10424 3.11344 1700 -0.222161 -0.046541 27.9991 22.1376 -13 1490 1 0 1
2.01826 5.54854 1700 -0.162362 -0.41779 27.9964 22.1393 -13 1491 1 0 1
0.436539 -1.08965 1700 0.127948 0.109056 27.9995 22.1369 -13 1492 1 0 1
1.54549 2.07204 1700 -0.0330889 -0.138572 27.9996 22.137 -13 1493 1 0 1
-2.88121 2.69201 1700 -0.0411974 -0.188717 27.9993 22.1373 -13 1494 1 0 1
-3.36426 -5.34859 1700 0.565965 0.243063 27.9932 22.1409 -13 1495 1 0 1
2.74382 -1.93202 1700 0.0939303 0.0766901 27.9997 22.1369 -13 1496 1 0 1
-1.11944 2.39976 1700 -0.0126463 -0.0602622 27.9999 22.1368 -13 1497 1 0 1
-0.468149 -1.52621 1700 0.169896 0.155759 27.9991 22.1371 -13 1498 1 0 1
3.57199 -1.39561 1700 0.0714086 0.257401 27.9987 22.1376 -13 1499 1 0 1
7.24458 0.908687 1700 -0.051645 -0.00136268 28 22.1371 -13 1500 1 0 1
0.234753 4.52095 1700 -0.0546043 -0.56556 27.9942 22.1404 -13 1501 1 0 1
-2.03401 1.41623 1700 0.00668921 -0.3326 27.998 22.138 -13 1502 1 0 1
-0.428126 -1.9537 1700 0.0799187 0.165471 27.9994 22.137 -13 1503 1 0 1
2.30252 1.30812 1700 0.0903705 0.145589 27.9995 22.137 -13 1504 1 0 1
2.30535 0.499941 1700 -0.146275 -0.0404792 27.9996 22.1371 -13 1505 1 0 1
-1.73964 -1.47083 1700 0.126092 0.0641541 27.9996 22.1368 -13 1506 1 0 1
0.893687 2.77483 1700 -0.0680876 -0.238298 27.9989 22.1375 -13 1507 1 0 1
-0.517185 1.18949 1700 -0.0340648 -0.401784 27.9971 22.1385 -13 1508 1 0 1
-4.38611 -0.837547 1700 0.0874155 -0.150355 27.9995 22.1372 -13 1509 1 0 1
-0.268491 -1.41047 1700 0.0405319 0.0373958 27.9999 22.1367 -13 1510 1 0 1
1.43149 -3.62424 1700 0.241257 0.260073 27.9978 22.1381 -13 1511 1 0 1
3.35071 -2.74926 1700 0.198483 0.180585 27.9987 22.1375 -13 1512 1 0 1
3.37324 0.697289 1700 -0.119141 -0.0901355 27.9996 22.1371 -13 1513 1 0 1
0.962557 -4.61777 1700 0.209124 0.123638 27.9989 22.1374 -13 1514 1 0 1
0.0115251 -3.77082 1700 0.211095 0.174084 27.9987 22.1375 -13 1515 1 0 1
0.0214832 -5.85396 1700 0.307296 0.582454 27.9923 22.1415 -13 1516 1 0 1
-2.87046 -1.00925 1700 0.216897 0.391982 27.9964 22.1385 -13 1517 1 0 1
-3.05492 5.65934 1700 -0.172864 -0.272736 27.9981 22.1385 -13 1518 1 0 1
1.94442 2.22738 1700 -0.026664 0.0306486 28 22.1368 -13 1519 1 0 1
0.866416 3.92352 1700 -0.159046 -0.205242 27.9988 22.1377 -13 1520 1 0 1
0.0953401 -0.219881 1700 0.103779 0.126116 27.9995 22.1369 -13 1521 1 0 1
3.47512 -1.9098 1700 0.137663 0.154058 27.9992 22.1372 -13 1522 1 0 1
3.2499 2.63674 1700 -0.28687 -0.322825 27.9967 22.139 -13 1523 1 0 1
1.32153 3.44145 1700 -0.0768149 -0.0923596 27.9997 22.137 -13 1524 1 0 1
3.1162 4.23435 1700 -0.237669 -0.485084 27.9948 22.1402 -13 1525 1 0 1
-1.488 -1.32118 1700 -0.0167765 -0.0508205 27.9999 22.1367 -13 1526 1 0 1
-1.928 3.99341 1700 -0.0238989 -0.210069 27.9992 22.1374 -13 1527 1 0 1
5.35409 0.99596 1700 -0.090933 -0.0736212 27.9998 22.137 -13 1528 1 0 1
1.11389 -0.109044 1700 -0.0404259 -0.0781599 27.9999 22.1368 -13 1529 1 0 1
-0.585379 3.20948 1700 -0.0749954 -0.397964 27.9971 22.1387 -13 1530 1 0 1
-1.49656 -0.11372 1700 0.0196652 -0.269549 27.9987 22.1375 -13 1531 1 0 1
6.22521 5.68417 1700 -0.130519 0.122271 27.9994 22.1377 -13 1532 1 0 1
-4.00563 -4.35711 1700 0.462975 0.371083 27.9937 22.1404 -13 1533 1 0 1
2.214 -1.01997 1700 0.0843631 0.35215 27.9977 22.1381 -13 1534 1 0 1
-2.98972 2.82226 1700 0.220619 0.0147361 27.9991 22.1371 -13 1535 1 0 1
2.96318 -0.891308 1700 -0.0220375 0.0547098 27.9999 22.1368 -13 1536 1 0 1
1.75131 0.172675 1700 0.00398066 0.0987719 27.9998 22.1368 -13 1537 1 0 1
-3.59536 -1.00441 1700 0.176459 -0.0211675 27.9994 22.137 -13 1538 1 0 1
3.36009 0.532642 1700 -0.0251966 0.212715 27.9992 22.1373 -13 1539 1 0 1
2.20065 4.72683 1700 -0.354376 -0.258433 27.9966 22.1394 -13 1540 1 0 1
1.70197 0.366239 1700 0.0187002 0.100346 27.9998 22.1368 -13 1541 1 0 1
-0.679237 -0.510597 1700 0.131806 0.120891 27.9994 22.1369 -13 1542 1 0 1
0.0107455 0.137895 1700 -0.0304602 -0.252689 27.9988 22.1374 -13 1543 1 0 1
2.20688 0.0264884 1700 0.0814578 0.130186 27.9996 22.1369 -13 1544 1 0 1
-1.89994 0.320832 1700 0.206572 0.146793 27.9989 22.1372 -13 1545 1 0 1
0.418123 3.02064 1700 -0.0300715 -0.299105 27.9984 22.1378 -13 1546 1 0 1
2.53515 -0.609804 1700 0.00539962 0.0576485 27.9999 22.1368 -13 1547 1 0 1
-0.164528 -1.65199 1700 0.105256 0.0830953 27.9997 22.1368 -13 1548 1 0 1
-0.608112 1.36322 1700 0.0876146 0.0108454 27.9999 22.1367 -13 1549 1 0 1
0.594194 0.14535 1700 -0.079188 -0.0631802 27.9998 22.1368 -13 1550 1 0 1
1.10448 2.45391 1700 -0.138167 -0.294734 27.9981 22.138 -13 1551 1 0 1
3.28304 -5.91536 1700 0.227611 0.587304 27.9929 22.1414 -13 1552 1 0 1
-3.41811 -1.70032 1700 0.224733 0.0352095 27.9991 22.1372 -13 1553 1 0 1
-0.26321 -4.26339 1700 0.215447 0.209878 27.9984 22.1377 -13 1554 1 0 1
-0.44853 1.03782 1700 0.0881141 -0.13592 27.9995 22.1369 -13 1555 1 0 1
-3.2688 -0.0530881 1700 0.115624 -0.291757 27.9982 22.1379 -13 1556 1 0 1
0.956092 5.49837 1700 -0.261137 -0.403666 27.9959 22.1398 -13 1557 1 0 1
1.85721 2.21138 1700 -0.0489919 0.151479 27.9995 22.1371 -13 1558 1 0 1
1.81509 -0.113747 1700 -0.0786387 0.104153 27.9997 22.137 -13 1559 1 0 1
-3.88027 -1.87719 1700 0.25168 0.195378 27.9982 22.1377 -13 1560 1 0 1
-0.475651 -2.42457 1700 0.131518 0.10658 27.9995 22.1369 -13 1561 1 0 1
-2.67176 2.28137 1700 -0.136709 -0.306612 27.998 22.1382 -13 1562 1 0 1
-0.415866 -0.853363 1700 -0.0114851 0.184786 27.9994 22.137 -13 1563 1 0 1
1.04602 -2.06235 1700 0.0960124 0.280818 27.9984 22.1376 -13 1564 1 0 1
1.42118 5.06851 1700 -0.170719 -0.442098 27.996 22.1395 -13 1565 1 0 1
3.66638 4.20618 1700 -0.142337 -0.155178 27.9992 22.1375 -13 1566 1 0 1
0.659747 0.951462 1700 -0.0505344 -0.0676818 27.9999 22.1368 -13 1567 1 0 1
1.54796 -0.249544 1700 0.0249988 0.0133388 28 22.1367 -13 1568 1 0 1
0.882885 -0.951813 1700 -0.0118422 -0.0879644 27.9999 22.1368 -13 1569 1 0 1
-2.76491 -3.47493 1700 0.362696 0.356964 27.9954 22.1393 -13 1570 1 0 1
-1.05109 0.928113 1700 0.0351161 -0.0938251 27.9998 22.1368 -13 1571 1 0 1
1.60804 3.7674 1700 -0.353406 -0.344306 27.9957 22.1398 -13 1572 1 0 1
4.78488 1.65817 1700 -0.172054 -0.00694773 27.9995 22.1373 -13 1573 1 0 1
-0.65778 5.87085 1700 -0.23628 -0.307881 27.9973 22.139 -13 1574 1 0 1
-1.27144 1.73142 1700 0.0939904 -0.190506 27.9992 22.1372 -13 1575 1 0 1
-5.99728 -2.75961 1700 0.324189 0.0233069 27.9981 22.138 -13 1576 1 0 1
1.24801 -0.190465 1700 0.280761 0.260463 27.9974 22.138 -13 1577 1 0 1
-1.43298 -3.1672 1700 0.173803 0.185102 27.9988 22.1373 -13 1578 1 0 1
-2.07731 -0.101103 1700 0.128291 0.0475859 27.9997 22.1368 -13 1579 1 0 1
-0.948513 -2.05449 1700 0.0132035 0.0889493 27.9999 22.1368 -13 1580 1 0 1
-1.17302 -1.84236 1700 0.026186 -0.0848578 27.9999 22.1368 -13 1581 1 0 1
-0.79408 -0.294115 1700 0.236658 0.179117 27.9984 22.1374 -13 1582 1 0 1
-1.35662 -1.87143 1700 0.18144 0.132493 27.9991 22.1371 -13 1583 1 0 1
0.0215574 -0.934167 1700 0.148981 -0.0240919 27.9996 22.1368 -13 1584 1 0 1
-2.09739 -3.26892 1700 0.223262 0.214213 27.9983 22.1377 -13 1585 1 0 1
-2.16785 -0.952353 1700 0.170041 0.158531 27.999 22.1371 -13 1586 1 0 1
-1.10228 -0.476498 1700 0.273987 0.391808 27.9959 22.1388 -13 1587 1 0 1
-0.283932 1.2751 1700 0.106069 -0.0936578 27.9996 22.1368 -13 1588 1 0 1
-1.94235 -4.41241 1700 0.255061 0.219756 27.998 22.1379 -13 1589 1 0 1
-5.28563 3.01423 1700 -0.0649699 -0.473578 27.9959 22.1398 -13 1590 1 0 1
1.87274 -1.00143 1700 0.0792558 0.0954148 27.9997 22.1368 -13 1591 1 0 1
2.47823 -1.13515 1700 0.0308378 -0.24244 27.9989 22.1372 -13 1592 1 0 1
5.02756 -0.964218 1700 0.0172329 0.0698115 27.9999 22.1369 -13 1593 1 0 1
-2.78532 0.803934 1700 0.0340507 -0.0499159 27.9999 22.1368 -13 1594 1 0 1
-0.996506 4.87515 1700 -0.0193161 -0.212226 27.9992 22.1374 -13 1595 1 0 1
-1.56198 -3.86096 1700 0.14865 0.160439 27.9991 22.1372 -13 1596 1 0 1
4.86272 0.911839 1700 -0.098179 -0.103552 27.9996 22.1371 -13 1597 1 0 1
-0.535023 -0.765732 1700 0.0800891 -0.00831165 27.9999 22.1367 -13 1598 1 0 1
-2.62169 1.93581 1700 0.0309893 -0.0798311 27.9999 22.1368 -13 1599 1 0 1
1.3807 -2.70042 1700 0.140353 0.18482 27.999 22.1373 -13 1600 1 0 1
0.106353 -0.454634 1700 -0.0668275 -0.0573081 27.9999 22.1368 -13 1601 1 0 1
4.57754 3.38484 1700 -0.265657 -0.557573 27.9932 22.141 -13 1602 1 0 1
-1.58617 -0.245727 1700 0.0986957 0.0555947 27.9998 22.1367 -13 1603 1 0 1
1.96751 9.33405 1700 -0.429869 -0.488965 27.9924 22.1427 -13 1604 1 0 1
-2.71562 -0.272252 1700 0.164581 -0.015396 27.9995 22.1369 -13 1605 1 0 1
3.07325 5.09333 1700 -0.16011 -0.0784899 27.9994 22.1375 -13 1606 1 0 1
0.799875 0.112119 1700 -0.00735966 0.0276302 28 22.1367 -13 1607 1 0 1
1.24949 4.17626 1700 -0.182307 -0.313119 27.9977 22.1385 -13 1608 1 0 1
-1.99642 2.44399 1700 0.13657 -0.127362 27.9994 22.137 -13 1609 1 0 1
1.93478 -0.160381 1700 -0.162904 0.0123463 27.9995 22.1371 -13 1610 1 0 1
-1.31673 -2.7915 1700 0.244555 0.0909757 27.9988 22.1374 -13 1611 1 0 1
-0.0420913 -1.79814 1700 -0.0137896 -0.0734782 27.9999 22.1367 -13 1612 1 0 1
0.387132 4.67717 1700 -0.00500921 -0.137945 27.9997 22.1371 -13 1613 1 0 1
-0.319792 0.92258 1700 -0.0821939 -0.18875 27.9992 22.1372 -13 1614 1 0 1
4.205 1.78097 1700 -0.295763 -0.215918 27.9976 22.1385 -13 1615 1 0 1
2.02562 -3.38222 1700 0.138087 0.0405612 27.9996 22.1369 -13 1616 1 0 1
1.23401 2.6007 1700 -0.0753796 -0.0434401 27.9999 22.1369 -13 1617 1 0 1
2.81319 2.24803 1700 -0.0508164 -0.19042 27.9993 22.1372 -13 1618 1 0 1
-3.18294 -7.02993 1700 0.385003 0.62441 27.9904 22.1426 -13 1619 1 0 1
-2.438 0.756641 1700 0.078274 0.0938367 27.9997 22.1368 -13 1620 1 0 1
-0.629894 3.08759 1700 -0.135664 -0.301994 27.998 22.1381 -13 1621 1 0 1
-0.255128 2.899 1700 -0.0480127 -0.279728 27.9986 22.1377 -13 1622 1 0 1
0.915973 -2.94401 1700 0.100952 0.171387 27.9993 22.1371 -13 1623 1 0 1
-2.8737 -0.427221 1700 0.211306 0.261495 27.998 22.1377 -13 1624 1 0 1
0.792384 -1.82025 1700 0.0754791 0.18688 27.9993 22.1371 -13 1625 1 0 1
4.63047 5.91725 1700 -0.321448 -0.295231 27.9966 22.1395 -13 1626 1 0 1
-0.963087 -2.9898 1700 0.177345 0.0899352 27.9993 22.1371 -13 1627 1 0 1
0.727214 -3.57748 1700 0.309052 0.179475 27.9977 22.138 -13 1628 1 0 1
0.651899 -0.274144 1700 0.153936 0.369546 27.9971 22.1382 -13 1629 1 0 1
1.92779 -0.993909 1700 0.102881 -0.0174492 27.9998 22.1367 -13 1630 1 0 1
1.18171 1.07652 1700 -0.00842521 -0.0653376 27.9999 22.1367 -13 1631 1 0 1
-2.73447 -0.230654 1700 0.213181 0.166125 27.9987 22.1373 -13 1632 1 0 1
2.12205 -1.04434 1700 0.0344436 0.0364131 28 22.1367 -13 1633 1 0 1
-4.82142 -0.20602 1700 0.0567467 -0.0501642 27.9999 22.1369 -13 1634 1 0 1
0.580651 1.61564 1700 0.11076 0.0553987 27.9997 22.1367 -13 1635 1 0 1
0.775489 -1.257 1700 0.137312 0.135938 27.9993 22.137 -13 1636 1 0 1
1.47723 0.321849 1700 0.109005 -0.0724385 27.9997 22.1368 -13 1637 1 0 1
-3.71226 -3.36885 1700 0.381113 -0.0256722 27.9974 22.1383 -13 1638 1 0 1
-3.16746 -4.05066 1700 0.188381 0.0405021 27.9993 22.1372 -13 1639 1 0 1
-0.254735 4.13007 1700 -0.126329 -0.169531 27.9992 22.1375 -13 1640 1 0 1
0.388985 -0.459008 1700 0.0614789 -0.0245564 27.9999 22.1367 -13 1641 1 0 1
-1.33417 -1.46542 1700 -0.0407481 -0.183823 27.9994 22.1371 -13 1642 1 0 1
-1.60609 -5.87247 1700 0.42866 0.661033 27.9889 22.1434 -13 1643 1 0 1
3.79785 -0.33968 1700 -0.120175 0.00920654 27.9997 22.137 -13 1644 1 0 1
-1.51827 -3.28061 1700 0.0737518 0.241921 27.9989 22.1373 -13 1645 1 0 1
-1.65842 2.39078 1700 0.0299904 -0.084454 27.9999 22.1368 -13 1646 1 0 1
-0.928339 3.26165 1700 -0.0481145 -0.16775 27.9995 22.1372 -13 1647 1 0 1
2.20806 4.21676 1700 -0.153934 -0.252987 27.9984 22.138 -13 1648 1 0 1
1.76736 3.67896 1700 -0.0293795 -0.0382113 28 22.1369 -13 1649 1 0 1
0.733824 -0.696008 1700 0.176931 0.0913489 27.9993 22.137 -13 1650 1 0 1
0.571675 -0.513429 1700 0.0109393 0.046804 28 22.1367 -13 1651 1 0 1
0.596977 3.45793 1700 -0.130118 -0.033761 27.9997 22.1371 -13 1652 1 0 1
-2.49665 -5.67836 1700 0.504157 0.450585 27.9918 22.1417 -13 1653 1 0 1
-0.617554 6.62786 1700 -0.246608 -0.458225 27.9952 22.1404 -13 1654 1 0 1
3.94061 0.233443 1700 0.118019 0.327167 27.9978 22.1381 -13 1655 1 0 1
-0.260283 0.730488 1700 0.0623832 0.0239166 27.9999 22.1367 -13 1656 1 0 1
3.14863 3.66489 1700 -0.294102 -0.439442 27.995 22.1401 -13 1657 1 0 1
2.17987 1.5073 1700 -0.243997 -0.197126 27.9982 22.138 -13 1658 1 0 1
-0.107471 1.81742 1700 -0.0470789 -0.170609 27.9994 22.1371 -13 1659 1 0 1
-0.755678 3.50915 1700 -0.278971 -0.257533 27.9974 22.1387 -13 1660 1 0 1
2.86299 -2.56191 1700 -0.00288057 0.120911 27.9997 22.1369 -13 1661 1 0 1
-0.27472 -2.52294 1700 0.216549 0.191297 27.9985 22.1375 -13 1662 1 0 1
0.450623 -4.09386 1700 0.125388 -0.0654121 27.9996 22.1369 -13 1663 1 0 1
0.625216 -4.93532 1700 0.381864 0.348846 27.9952 22.1396 -13 1664 1 0 1
1.15945 -1.09146 1700 0.00946255 0.358782 27.9977 22.1381 -13 1665 1 0 1
1.97628 -3.7865 1700 -0.067166 0.315999 27.9981 22.138 -13 1666 1 0 1
1.99052 -0.373573 1700 -0.051008 -0.118192 27.9997 22.1369 -13 1667 1 0 1
2.10662 1.48961 1700 -0.155518 -0.0857 27.9994 22.1372 -13 1668 1 0 1
0.575757 -2.03644 1700 0.146704 0.0717886 27.9995 22.1369 -13 1669 1 0 1
1.58793 6.14063 1700 -0.154868 -0.390039 27.9969 22.1391 -13 1670 1 0 1
-3.44528 -1.20222 1700 -0.077836 -0.218082 27.999 22.1374 -13 1671 1 0 1
-0.231409 -5.21174 1700 0.346051 0.386271 27.9952 22.1397 -13 1672 1 0 1
-4.866 0.812273 1700 0.21162 -0.188477 27.9986 22.1377 -13 1673 1 0 1
1.03114 -1.95815 1700 0.117392 0.174513 27.9992 22.1371 -13 1674 1 0 1
-2.02443 -0.366263 1700 0.123124 0.0911966 27.9996 22.1368 -13 1675 1 0 1
1.92713 2.8707 1700 -0.397812 -0.466122 27.9933 22.1411 -13 1676 1 0 1
-3.79868 -3.05326 1700 0.219093 0.360074 27.9968 22.1384 -13 1677 1 0 1
-0.00397283 -0.486951 1700 0.0477505 0.189356 27.9993 22.137 -13 1678 1 0 1
0.122108 -6.22661 1700 0.0855101 0.226272 27.999 22.1375 -13 1679 1 0 1
1.72546 2.354 1700 -0.403403 -0.529967 27.9921 22.1418 -13 1680 1 0 1
6.13917 5.4136 1700 -0.192996 0.0937041 27.9992 22.138 -13 1681 1 0 1
0.799224 -3.09163 1700 -0.0868775 0.109667 27.9997 22.137 -13 1682 1 0 1
0.921048 -1.85025 1700 0.105491 0.136751 27.9995 22.137 -13 1683 1 0 1
-0.31729 -3.32329 1700 0.0408281 0.0220813 28 22.1367 -13 1684 1 0 1
-1.69653 4.7428 1700 -0.043969 -0.437869 27.9965 22.1392 -13 1685 1 0 1
1.02581 -2.07915 1700 0.221823 0.173001 27.9986 22.1374 -13 1686 1 0 1
1.45836 1.48741 1700 -0.184385 -0.270528 27.9981 22.138 -13 1687 1 0 1
-0.534055 0.0579546 1700 0.141127 0.159783 27.9992 22.137 -13 1688 1 0 1
-1.06278 -1.31309 1700 0.0696689 0.150825 27.9995 22.1369 -13 1689 1 0 1
-1.40496 4.27976 1700 -0.0390125 0.0931363 27.9998 22.1369 -13 1690 1 0 1
4.19323 -2.33296 1700 -0.0431124 0.190615 27.9993 22.1373 -13 1691 1 0 1
-0.964267 2.25337 1700 -0.0281901 -0.100328 27.9998 22.1369 -13 1692 1 0 1
0.221215 1.5475 1700 -0.0420893 -0.0721905 27.9999 22.1368 -13 1693 1 0 1
-0.216119 2.59277 1700 -0.073256 -0.296581 27.9983 22.1379 -13 1694 1 0 1
-2.02388 0.389811 1700 0.0547346 0.074974 27.9998 22.1367 -13 1695 1 0 1
3.69457 -4.41426 1700 0.123416 0.38258 27.9971 22.1387 -13 1696 1 0 1
0.246887 5.15128 1700 -0.218146 -0.445745 27.9956 22.1399 -13 1697 1 0 1
1.62247 3.22422 1700 -0.18771 -0.360146 27.9971 22.1387 -13 1698 1 0 1
1.15376 -1.46054 1700 -0.0367566 -0.0411632 27.9999 22.1367 -13 1699 1 0 1
2.01461 6.05154 1700 -0.266878 -0.327602 27.9968 22.1393 -13 1700 1 0 1
-1.10149 -5.19898 1700 0.190183 0.30473 27.9977 22.1382 -13 1701 1 0 1
-5.06497 -6.11214 1700 0.230793 0.263133 27.9978 22.1382 -13 1702 1 0 1
-1.35279 -3.51077 1700 0.295591 0.0657859 27.9984 22.1376 -13 1703 1 0 1
-0.254449 -2.96571 1700 0.165595 0.461429 27.9957 22.1392 -13 1704 1 0 1
0.489244 -1.2651 1700 0.114436 0.0187122 27.9998 22.1368 -13 1705 1 0 1
2.54141 -1.00093 1700 0.0445869 0.0852432 27.9998 22.1368 -13 1706 1 0 1
-1.46076 -2.06345 1700 0.271509 0.206444 27.9979 22.1378 -13 1707 1 0 1
-2.24343 -2.19981 1700 0.132466 0.268884 27.9984 22.1375 -13 1708 1 0 1
0.893556 7.63353 1700 -0.299667 -0.432793 27.9951 22.1406 -13 1709 1 0 1
-3.08825 -2.90493 1700 0.127712 0.493751 27.9954 22.1392 -13 1710 1 0 1
-4.01871 -6.28634 1700 0.290193 0.527493 27.9935 22.1406 -13 1711 1 0 1
-0.641625 0.945861 1700 0.108902 -0.0153482 27.9998 22.1367 -13 1712 1 0 1
-2.45934 4.33326 1700 0.0278717 -0.252059 27.9989 22.1376 -13 1713 1 0 1
-2.345 1.10043 1700 0.0901914 -0.200684 27.9991 22.1373 -13 1714 1 0 1
0.93033 2.3474 1700 -0.0623308 -0.100913 27.9997 22.1369 -13 1715 1 0 1
-1.77534 -1.00094 1700 0.0353568 -0.189699 27.9993 22.1371 -13 1716 1 0 1
-1.74562 -0.317042 1700 0.140084 0.138983 27.9993 22.137 -13 1717 1 0 1
1.23114 -2.0949 1700 -0.00130397 0.095894 27.9998 22.1368 -13 1718 1 0 1
2.40088 1.09831 1700 -0.0846712 -0.13925 27.9995 22.1371 -13 1719 1 0 1
0.25994 2.92494 1700 0.0456238 -0.0577891 27.9999 22.1368 -13 1720 1 0 1
-1.20569 -6.69654 1700 0.370569 0.601902 27.9911 22.1422 -13 1721 1 0 1
1.69248 0.937034 1700 0.0378879 -0.0119693 28 22.1367 -13 1722 1 0 1
-0.439111 -1.26971 1700 0.258126 0.0229042 27.9988 22.1372 -13 1723 1 0 1
3.60031 -0.31338 1700 0.000718074 -0.180448 27.9994 22.137 -13 1724 1 0 1
2.55216 2.20976 1700 -0.128727 -0.182072 27.9991 22.1374 -13 1725 1 0 1
0.73346 -0.820415 1700 0.107967 0.31352 27.998 22.1378 -13 1726 1 0 1
4.41597 3.77774 1700 -0.14971 -0.490258 27.9953 22.1397 -13 1727 1 0 1
0.72861 -0.888358 1700 -0.00599874 -0.102624 27.9998 22.1368 -13 1728 1 0 1
-0.855742 -2.65429 1700 0.134191 0.0288464 27.9997 22.1369 -13 1729 1 0 1
4.62423 4.7356 1700 -0.29995 -0.310921 27.9967 22.1393 -13 1730 1 0 1
3.20668 5.64701 1700 -0.382358 -0.487808 27.9931 22.1416 -13 1731 1 0 1
-1.14719 -7.96943 1700 0.471677 0.539067 27.9908 22.1426 -13 1732 1 0 1
-1.93941 0.291744 1700 0.0607381 0.0422221 27.9999 22.1367 -13 1733 1 0 1
0.618372 0.126494 1700 -0.145935 0.147512 27.9992 22.1372 -13 1734 1 0 1
-1.41588 -3.25345 1700 0.328273 0.435675 27.9947 22.1397 -13 1735 1 0 1
-2.77462 -1.10761 1700 0.0948933 -0.0376738 27.9998 22.1368 -13 1736 1 0 1
2.65356 -2.64882 1700 0.182734 0.339094 27.9974 22.1383 -13 1737 1 0 1
4.5492 -4.07224 1700 0.313581 0.797342 27.9869 22.145 -13 1738 1 0 1
3.62553 2.99787 1700 -0.210309 -0.228385 27.9983 22.138 -13 1739 1 0 1
0.0494584 -8.02757 1700 0.468803 0.566624 27.9903 22.143 -13 1740 1 0 1
-3.30838 0.385496 1700 0.0123475 0.123359 27.9997 22.1368 -13 1741 1 0 1
-4.2269 -3.20536 1700 0.173381 0.184159 27.9989 22.1374 -13 1742 1 0 1
-2.3077 1.39111 1700 -0.0853144 -0.16767 27.9994 22.1372 -13 1743 1 0 1
3.28197 2.20977 1700 -0.174111 -0.500004 27.995 22.1398 -13 1744 1 0 1
0.87556 1.58726 1700 -0.0125354 -0.0896981 27.9999 22.1368 -13 1745 1 0 1
-2.4456 -3.86907 1700 0.221613 0.254079 27.998 22.1379 -13 1746 1 0 1
-2.51764 -3.52591 1700 0.0624859 0.103317 27.9997 22.1369 -13 1747 1 0 1
-0.674937 -7.2508 1700 0.331272 0.575095 27.9921 22.1417 -13 1748 1 0 1
-0.942687 -0.7127 1700 0.112858 0.247095 27.9987 22.1373 -13 1749 1 0 1
-0.478114 0.686896 1700 -0.0135558 -0.105924 27.9998 22.1368 -13 1750 1 0 1
-2.5883 -2.61599 1700 0.267624 0.105192 27.9985 22.1375 -13 1751 1 0 1
-2.30312 -1.40208 1700 0.256377 0.0198366 27.9988 22.1373 -13 1752 1 0 1
-2.35033 -5.61233 1700 0.486568 0.530715 27.9907 22.1423 -13 1753 1 0 1
1.73051 2.4486 1700 0.0860417 0.0756467 27.9998 22.1368 -13 1754 1 0 1
1.88923 2.67873 1700 -0.144574 -0.202593 27.9989 22.1376 -13 1755 1 0 1
-1.69343 -0.63433 1700 0.153911 0.0048473 27.9996 22.1369 -13 1756 1 0 1
-0.963878 -4.22201 1700 0.170842 0.345616 27.9973 22.1383 -13 1757 1 0 1
1.4149 -5.09229 1700 0.21185 -0.000495453 27.9992 22.1372 -13 1758 1 0 1
-1.72125 1.9598 1700 0.0890894 -0.196328 27.9992 22.1372 -13 1759 1 0 1
-1.20166 -1.23432 1700 0.373885 0.282325 27.9961 22.1387 -13 1760 1 0 1
-0.199679 -1.53615 1700 0.233604 0.594161 27.9927 22.1408 -13 1761 1 0 1
-2.59305 -2.80814 1700 0.14044 0.290811 27.9981 22.1377 -13 1762 1 0 1
-0.584563 -1.29266 1700 0.137676 0.332216 27.9977 22.1379 -13 1763 1 0 1
4.27213 3.56974 1700 -0.0259263 -0.30157 27.9984 22.1377 -13 1764 1 0 1
-1.07846 0.395185 1700 0.0934208 -0.128799 27.9995 22.1369 -13 1765 1 0 1
-1.56234 -0.419913 1700 0.068958 -0.00839219 27.9999 22.1367 -13 1766 1 0 1
-0.882466 -0.402273 1700 0.0656638 0.189954 27.9993 22.137 -13 1767 1 0 1
3.07858 -0.266095 1700 0.0600157 0.00880382 27.9999 22.1367 -13 1768 1 0 1
-1.95116 2.57709 1700 0.0229482 -0.23661 27.999 22.1374 -13 1769 1 0 1
0.985455 2.55176 1700 -0.0508251 -0.319051 27.9981 22.1379 -13 1770 1 0 1
2.20012 3.58451 1700 -0.29335 -0.344321 27.9963 22.1393 -13 1771 1 0 1
0.436972 -0.80439 1700 -0.0458178 0.0320315 27.9999 22.1367 -13 1772 1 0 1
-1.97361 1.592 1700 -0.0876557 -0.181461 27.9993 22.1373 -13 1773 1 0 1
1.54568 2.3123 1700 -0.0185204 -0.243954 27.9989 22.1374 -13 1774 1 0 1
2.73716 -5.85028 1700 0.229679 0.339369 27.997 22.1388 -13 1775 1 0 1
2.82947 -0.822285 1700 0.0592294 -0.0412664 27.9999 22.1367 -13 1776 1 0 1
4.21035 3.7718 1700 -0.255336 -0.100831 27.9987 22.138 -13 1777 1 0 1
-3.34181 0.0126167 1700 0.0909769 0.0857919 27.9997 22.1368 -13 1778 1 0 1
3.95666 -3.15112 1700 0.0604733 0.382963 27.9973 22.1386 -13 1779 1 0 1
-0.809771 -2.25909 1700 0.219668 0.23108 27.9982 22.1377 -13 1780 1 0 1
-3.76111 -2.06749 1700 0.249054 0.183061 27.9983 22.1376 -13 1781 1 0 1
-1.93936 0.574313 1700 -0.00772572 -0.125982 27.9997 22.1369 -13 1782 1 0 1
2.94368 1.88121 1700 -0.228909 -0.387075 27.9964 22.139 -13 1783 1 0 1
0.686658 -0.234755 1700 0.0530256 0.0396506 27.9999 22.1367 -13 1784 1 0 1
0.505911 -6.26601 1700 0.248735 0.35465 27.9966 22.139 -13 1785 1 0 1
1.11102 -3.173 1700 0.128731 0.203181 27.999 22.1373 -13 1786 1 0 1
-0.0322251 0.805311 1700 0.00480956 -0.130787 27.9997 22.1369 -13 1787 1 0 1
-2.34444 1.18312 1700 0.031782 0.0341515 28 22.1367 -13 1788 1 0 1
0.983865 1.88617 1700 -0.0285615 -0.175236 27.9994 22.1371 -13 1789 1 0 1
1.90454 4.9263 1700 -0.25981 -0.489555 27.9945 22.1405 -13 1790 1 0 1
1.23238 0.684096 1700 0.0192045 0.00800643 28 22.1367 -13 1791 1 0 1
0.576874 -7.31902 1700 0.239841 0.462485 27.9952 22.14 -13 1792 1 0 1
-2.48277 -1.67865 1700 0.103554 0.0167745 27.9998 22.1368 -13 1793 1 0 1
-2.71907 -2.88512 1700 0.275546 0.160596 27.9982 22.1377 -13 1794 1 0 1
1.12322 0.615658 1700 0.0767414 0.245201 27.9988 22.1373 -13 1795 1 0 1
-2.01722 1.25664 1700 0.0952294 -0.185602 27.9992 22.1372 -13 1796 1 0 1
6.20596 -0.224149 1700 -0.136509 -0.162908 27.9992 22.1374 -13 1797 1 0 1
-1.29181 -4.45229 1700 0.0984655 0.226908 27.9989 22.1374 -13 1798 1 0 1
1.63431 -0.370858 1700 0.184406 0.358087 27.9971 22.1383 -13 1799 1 0 1
-0.517114 -2.7653 1700 0.0560562 -0.283506 27.9985 22.1376 -13 1800 1 0 1
5.17795 4.97409 1700 -0.399727 -0.545253 27.9918 22.1422 -13 1801 1 0 1
-0.520012 -3.58036 1700 0.0210343 0.156607 27.9996 22.137 -13 1802 1 0 1
3.64367 2.81835 1700 -0.115347 -0.25763 27.9986 22.1377 -13 1803 1 0 1
-1.88607 -3.89277 1700 0.0173984 -0.00161296 28 22.1368 -13 1804 1 0 1
1.45805 -3.81313 1700 0.19038 0.312384 27.9976 22.1382 -13 1805 1 0 1
1.53825 -0.807052 1700 0.142861 0.363728 27.9973 22.1382 -13 1806 1 0 1
0.447315 -0.548918 1700 0.095879 0.179527 27.9993 22.137 -13 1807 1 0 1
-6.27572 -3.61584 1700 0.22853 -0.0264192 27.9991 22.1376 -13 1808 1 0 1
-0.213771 -1.42458 1700 0.207478 0.372005 27.9968 22.1384 -13 1809 1 0 1
-3.26895 2.18908 1700 0.0687062 -0.186405 27.9993 22.1373 -13 1810 1 0 1
-0.487124 -3.87894 1700 0.137705 0.0458054 27.9996 22.1369 -13 1811 1 0 1
-0.17945 0.12816 1700 -0.0775902 -0.173019 27.9994 22.1371 -13 1812 1 0 1
4.51159 -4.5675 1700 0.11569 0.235602 27.9988 22.1377 -13 1813 1 0 1
2.46335 -6.16949 1700 0.353969 0.284446 27.9963 22.1392 -13 1814 1 0 1
0.517505 -5.08018 1700 0.304086 0.237234 27.9973 22.1384 -13 1815 1 0 1
-0.470665 2.46857 1700 -0.172513 -0.227639 27.9985 22.1378 -13 1816 1 0 1
2.31905 1.97943 1700 -0.165585 -0.171768 27.999 22.1375 -13 1817 1 0 1
4.14351 4.0858 1700 -0.300211 -0.355306 27.9961 22.1395 -13 1818 1 0 1
1.43072 -3.70877 1700 0.325209 0.436843 27.9947 22.1399 -13 1819 1 0 1
1.42193 0.488748 1700 0.0360473 0.0435915 27.9999 22.1367 -13 1820 1 0 1
1.64594 -0.290777 1700 -0.000547778 -0.235217 27.999 22.1372 -13 1821 1 0 1
-0.359102 1.85336 1700 0.105956 0.0261651 27.9998 22.1367 -13 1822 1 0 1
1.45221 -1.99805 1700 0.137049 0.243191 27.9986 22.1375 -13 1823 1 0 1
-1.544 -2.2646 1700 0.155933 0.155281 27.9991 22.1371 -13 1824 1 0 1
-2.1253 -0.289252 1700 0.166688 0.0369625 27.9995 22.1369 -13 1825 1 0 1
-4.16018 -7.88888 1700 0.383288 0.57409 27.9915 22.1421 -13 1826 1 0 1
2.91784 3.08166 1700 -0.293671 -0.402312 27.9956 22.1397 -13 1827 1 0 1
3.05989 -3.42412 1700 0.024417 0.37833 27.9974 22.1385 -13 1828 1 0 1
1.15039 -0.0232707 1700 -0.0230865 0.122968 27.9997 22.1369 -13 1829 1 0 1
-0.856618 3.2139 1700 -0.271135 -0.435955 27.9953 22.14 -13 1830 1 0 1
-1.44058 -4.1078 1700 0.216722 0.236184 27.9982 22.1378 -13 1831 1 0 1
-0.535779 2.05506 1700 0.0880813 0.0196542 27.9999 22.1367 -13 1832 1 0 1
-2.84305 2.84869 1700 -0.0505371 -0.272504 27.9986 22.1378 -13 1833 1 0 1
4.12282 -2.01427 1700 -0.0203926 0.125309 27.9997 22.137 -13 1834 1 0 1
-1.47335 1.62289 1700 0.0255476 -0.00872191 28 22.1367 -13 1835 1 0 1
0.793621 -2.44822 1700 0.00934336 -0.080011 27.9999 22.1367 -13 1836 1 0 1
3.66305 6.35759 1700 -0.224616 -0.292859 27.9976 22.1388 -13 1837 1 0 1
-2.32979 -1.83003 1700 0.0795337 -0.182763 27.9993 22.1372 -13 1838 1 0 1
1.56777 2.92051 1700 -0.0152998 -0.152782 27.9996 22.137 -13 1839 1 0 1
2.08953 -0.104914 1700 0.114133 0.244853 27.9987 22.1374 -13 1840 1 0 1
-0.524851 -1.1274 1700 0.106447 -0.0458443 27.9998 22.1368 -13 1841 1 0 1
1.83955 -2.67177 1700 0.0565439 -0.0653291 27.9999 22.1367 -13 1842 1 0 1
-2.17584 -0.749412 1700 0.0574602 -0.0512898 27.9999 22.1368 -13 1843 1 0 1
-4.86056 -3.22407 1700 0.267149 -0.0320237 27.9987 22.1376 -13 1844 1 0 1
2.12538 -1.02895 1700 0.163284 0.193808 27.9989 22.1373 -13 1845 1 0 1
4.86238 -0.645848 1700 0.0757696 0.182218 27.9993 22.1373 -13 1846 1 0 1
0.172819 0.405082 1700 0.080505 -0.0316868 27.9999 22.1367 -13 1847 1 0 1
-2.13039 3.70784 1700 -0.130719 -0.380072 27.9971 22.1388 -13 1848 1 0 1
1.03381 5.43849 1700 -0.254353 -0.380559 27.9963 22.1395 -13 1849 1 0 1
1.08124 1.94589 1700 -0.223808 -0.065296 27.999 22.1375 -13 1850 1 0 1
1.07726 4.79976 1700 -0.368161 -0.259289 27.9964 22.1395 -13 1851 1 0 1
0.200019 -1.15636 1700 0.0663381 0.0198229 27.9999 22.1367 -13 1852 1 0 1
0.569423 1.56595 1700 -0.00748746 -0.0742887 27.9999 22.1368 -13 1853 1 0 1
-5.14834 -3.42327 1700 0.31698 0.257386 27.997 22.1385 -13 1854 1 0 1
-4.87423 -2.3464 1700 0.117693 0.00770041 27.9998 22.1369 -13 1855 1 0 1
0.259576 1.04168 1700 0.0379074 0.0507442 27.9999 22.1367 -13 1856 1 0 1
1.90855 -2.15577 1700 -0.0210825 0.160949 27.9995 22.137 -13 1857 1 0 1
-4.80003 0.470041 1700 0.112854 0.0521348 27.9997 22.1369 -13 1858 1 0 1
-5.87038 -1.44046 1700 0.165668 -0.118071 27.9993 22.1374 -13 1859 1 0 1
-3.35575 -0.610499 1700 0.177115 -0.0941681 27.9993 22.1371 -13 1860 1 0 1
2.80112 2.79441 1700 0.0749548 -0.0390868 27.9999 22.1367 -13 1861 1 0 1
-1.67542 -0.0237612 1700 0.189967 0.196016 27.9987 22.1373 -13 1862 1 0 1
3.21375 0.870927 1700 -0.166602 -0.362156 27.9972 22.1384 -13 1863 1 0 1
4.65165 0.0876675 1700 -0.231247 -0.0399821 27.999 22.1376 -13 1864 1 0 1
-1.89646 -2.83976 1700 0.193763 0.288036 27.9978 22.1379 -13 1865 1 0 1
0.676636 -2.81658 1700 0.0373473 -0.0465051 27.9999 22.1367 -13 1866 1 0 1
-0.976247 -4.70454 1700 0.24693 0.485856 27.9947 22.1399 -13 1867 1 0 1
0.907203 5.26354 1700 -0.139836 -0.331999 27.9977 22.1385 -13 1868 1 0 1
2.75466 1.98398 1700 -0.0173841 -0.241978 27.9989 22.1373 -13 1869 1 0 1
-1.19845 1.45063 1700 -0.0770418 -0.206471 27.9991 22.1373 -13 1870 1 0 1
-2.07301 -0.623688 1700 0.317598 0.171391 27.9977 22.1378 -13 1871 1 0 1
0.726672 -0.819968 1700 0.186368 0.275853 27.998 22.1377 -13 1872 1 0 1
0.854932 -0.563 1700 0.0914173 0.11897 27.9996 22.1369 -13 1873 1 0 1
1.83501 9.55336 1700 -0.359539 -0.990757 27.9802 22.1499 -13 1874 1 0 1
-3.32105 -2.60856 1700 0.214128 -0.16854 27.9987 22.1376 -13 1875 1 0 1
0.710479 -2.28727 1700 0.142322 0.1267 27.9994 22.137 -13 1876 1 0 1
2.83434 0.840278 1700 -0.125919 -0.221721 27.9988 22.1375 -13 1877 1 0 1
2.75046 4.175 1700 -0.20078 -0.0863298 27.9991 22.1376 -13 1878 1 0 1
1.78114 -0.320548 1700 0.00493751 -0.00190037 28 22.1367 -13 1879 1 0 1
1.35707 -1.94405 1700 -0.00316839 -0.120886 27.9997 22.1368 -13 1880 1 0 1
-1.11606 0.805449 1700 0.0897528 -0.0467 27.9998 22.1367 -13 1881 1 0 1
-0.687971 -1.65841 1700 0.196274 0.253306 27.9982 22.1376 -13 1882 1 0 1
-0.501405 -2.23512 1700 0.0849954 0.151731 27.9995 22.137 -13 1883 1 0 1
-2.49844 -3.16637 1700 0.34297 0.23217 27.9969 22.1384 -13 1884 1 0 1
2.2087 -2.15979 1700 0.0169306 0.275328 27.9986 22.1376 -13 1885 1 0 1
-1.2878 -0.0432585 1700 -0.0186636 -0.0854371 27.9999 22.1368 -13 1886 1 0 1
-3.47198 0.0560931 1700 -0.00273428 0.131643 27.9997 22.1368 -13 1887 1 0 1
-0.200881 -4.7436 1700 0.192345 0.0982959 27.9992 22.1373 -13 1888 1 0 1
-0.198495 2.19565 1700 -0.0326459 -0.0572155 27.9999 22.1368 -13 1889 1 0 1
-2.53198 -4.10297 1700 0.257954 0.304087 27.9972 22.1384 -13 1890 1 0 1
0.219254 -2.81839 1700 0.309126 0.231743 27.9973 22.1382 -13 1891 1 0 1
1.39372 0.671475 1700 -0.145744 -0.183623 27.999 22.1374 -13 1892 1 0 1
0.197587 -3.73021 1700 0.244924 0.183082 27.9983 22.1377 -13 1893 1 0 1
-2.59314 -3.38678 1700 0.173099 0.247226 27.9984 22.1376 -13 1894 1 0 1
-1.19877 -4.49387 1700 0.138349 0.313222 27.9979 22.138 -13 1895 1 0 1
1.45687 -1.45137 1700 0.138673 0.216598 27.9988 22.1373 -13 1896 1 0 1
0.45989 1.94531 1700 -0.203202 -0.186465 27.9986 22.1377 -13 1897 1 0 1
4.80129 3.45843 1700 -0.204307 -0.244781 27.9982 22.1381 -13 1898 1 0 1
2.7096 8.7979 1700 -0.228181 -0.613684 27.9923 22.1422 -13 1899 1 0 1
-0.901767 3.26452 1700 -0.127814 -0.262847 27.9985 22.1379 -13 1900 1 0 1
-0.23848 -1.31187 1700 -0.012773 0.149117 27.9996 22.1369 -13 1901 1 0 1
6.11287 1.59994 1700 -0.0715442 -0.00562777 27.9999 22.137 -13 1902 1 0 1
-0.534239 3.12224 1700 -0.149883 -0.121139 27.9993 22.1373 -13 1903 1 0 1
-3.37891 0.913939 1700 0.0760835 0.0411633 27.9999 22.1367 -13 1904 1 0 1
-0.485586 -2.38994 1700 0.142066 0.296412 27.9981 22.1378 -13 1905 1 0 1
-4.27174 -0.59161 1700 0.189913 0.0775245 27.9992 22.1371 -13 1906 1 0 1
0.646775 0.443776 1700 -0.124135 -0.0313354 27.9997 22.137 -13 1907 1 0 1
-2.03831 -0.466946 1700 0.0501319 -0.0998099 27.9998 22.1368 -13 1908 1 0 1
-2.96771 -3.68816 1700 0.242703 0.188155 27.9983 22.1377 -13 1909 1 0 1
-0.778959 1.41873 1700 0.00728226 -0.103144 27.9998 22.1368 -13 1910 1 0 1
-3.29437 -3.60519 1700 0.18659 0.0602527 27.9993 22.1372 -13 1911 1 0 1
-0.850205 -2.30829 1700 0.199253 0.175999 27.9987 22.1373 -13 1912 1 0 1
-0.304403 5.75434 1700 -0.0410027 -0.319526 27.9981 22.1382 -13 1913 1 0 1
1.68283 0.883998 1700 -0.0262902 -0.126754 27.9997 22.1369 -13 1914 1 0 1
-1.0933 -1.28444 1700 0.139712 0.0389202 27.9996 22.1368 -13 1915 1 0 1
-4.43543 -1.88795 1700 0.251572 0.202734 27.9981 22.1377 -13 1916 1 0 1
-0.206477 1.56845 1700 0.00956239 0.00828431 28 22.1367 -13 1917 1 0 1
3.59234 -6.13964 1700 0.195291 0.411073 27.9963 22.1394 -13 1918 1 0 1
-2.35182 -1.76331 1700 0.135157 0.091115 27.9995 22.1369 -13 1919 1 0 1
0.818874 -3.34838 1700 0.0197152 0.231618 27.999 22.1373 -13 1920 1 0 1
-4.10061 -0.727883 1700 -0.016043 -0.194344 27.9993 22.1373 -13 1921 1 0 1
0.929071 -0.113671 1700 -0.193737 -0.280826 27.9979 22.138 -13 1922 1 0 1
0.178123 -2.51352 1700 0.29799 0.241238 27.9974 22.1381 -13 1923 1 0 1
3.60416 2.30157 1700 -0.141488 -0.182741 27.999 22.1375 -13 1924 1 0 1
-1.38172 2.2066 1700 -0.116758 -0.370309 27.9973 22.1386 -13 1925 1 0 1
-0.556156 -2.55687 1700 0.126983 0.112107 27.9995 22.137 -13 1926 1 0 1
2.70786 2.26438 1700 -0.0761728 0.0289421 27.9999 22.1369 -13 1927 1 0 1
4.67636 5.57483 1700 -0.148112 -0.216103 27.9988 22.1379 -13 1928 1 0 1
-5.64284 2.57111 1700 0.0205251 -0.369379 27.9976 22.1387 -13 1929 1 0 1
-1.72302 0.350775 1700 0.113637 -0.173784 27.9992 22.1371 -13 1930 1 0 1
1.76803 0.445472 1700 0.0784838 -0.222881 27.999 22.1372 -13 1931 1 0 1
-0.65236 0.760252 1700 0.0469041 -0.024834 27.9999 22.1367 -13 1932 1 0 1
0.842843 -4.13327 1700 0.201668 0.531262 27.9942 22.1402 -13 1933 1 0 1
4.33405 2.94275 1700 -0.11872 0.313513 27.998 22.1383 -13 1934 1 0 1
-0.173295 -2.3689 1700 0.188821 0.0260567 27.9994 22.137 -13 1935 1 0 1
-0.297587 -2.15643 1700 0.195092 0.026616 27.9993 22.137 -13 1936 1 0 1
0.375642 -2.93005 1700 0.166118 0.0734803 27.9994 22.137 -13 1937 1 0 1
-2.78549 -4.17845 1700 0.301274 0.264424 27.9971 22.1384 -13 1938 1 0 1
-1.70532 -2.66455 1700 0.449317 0.470388 27.9924 22.1409 -13 1939 1 0 1
-3.87571 -2.31146 1700 0.0815102 0.0404014 27.9999 22.1368 -13 1940 1 0 1
-0.854919 -4.93396 1700 0.130492 0.249627 27.9986 22.1376 -13 1941 1 0 1
-2.67701 -2.11696 1700 0.0764094 0.0697852 27.9998 22.1368 -13 1942 1 0 1
-1.20015 2.95512 1700 -0.0439282 -0.330891 27.998 22.1381 -13 1943 1 0 1
1.57587 9.1493 1700 -0.415139 -0.704538 27.9881 22.1453 -13 1944 1 0 1
3.28922 -1.57073 1700 0.023939 0.0807137 27.9999 22.1368 -13 1945 1 0 1
2.34487 -0.578921 1700 -0.0359475 -0.00576142 28 22.1367 -13 1946 1 0 1
-3.31483 -2.33338 1700 0.135721 0.206657 27.9989 22.1373 -13 1947 1 0 1
3.68482 -0.0838619 1700 -0.0782877 -0.152416 27.9995 22.1371 -13 1948 1 0 1
1.56728 1.61984 1700 -0.0466822 -0.0765258 27.9999 22.1368 -13 1949 1 0 1
-0.327991 0.378212 1700 0.12648 0.176888 27.9992 22.137 -13 1950 1 0 1
2.57144 4.32977 1700 -0.284142 -0.286986 27.9971 22.1389 -13 1951 1 0 1
0.0563043 -1.5427 1700 0.179884 -0.14486 27.999 22.1371 -13 1952 1 0 1
3.28409 -0.215893 1700 -0.105846 -0.0936049 27.9996 22.137 -13 1953 1 0 1
1.02791 3.49975 1700 -0.0458639 -0.201871 27.9992 22.1373 -13 1954 1 0 1
0.205147 -1.54387 1700 0.138744 0.147932 27.9993 22.137 -13 1955 1 0 1
-0.841932 -0.187854 1700 0.0519254 0.0354523 27.9999 22.1367 -13 1956 1 0 1
1.37249 -1.57439 1700 0.0918279 0.0824913 27.9997 22.1368 -13 1957 1 0 1
0.710226 2.20468 1700 -0.100851 -0.286898 27.9983 22.1378 -13 1958 1 0 1
-2.56749 -0.727094 1700 0.0726742 -0.178056 27.9993 22.1371 -13 1959 1 0 1
-1.56795 2.95107 1700 -0.172977 -0.113849 27.9992 22.1374 -13 1960 1 0 1
4.69642 0.331021 1700 -0.111796 0.158083 27.9993 22.1374 -13 1961 1 0 1
-0.168326 -0.796455 1700 0.0679751 0.0245936 27.9999 22.1367 -13 1962 1 0 1
2.9354 -4.81268 1700 0.330079 0.572088 27.9922 22.1416 -13 1963 1 0 1
0.452133 -0.991931 1700 -0.0436126 0.260773 27.9988 22.1374 -13 1964 1 0 1
-2.80942 -2.62475 1700 0.069365 0.139949 27.9996 22.1369 -13 1965 1 0 1
0.593796 -0.397703 1700 -0.00177046 -0.153723 27.9996 22.1369 -13 1966 1 0 1
-0.955942 -0.262376 1700 0.136264 0.334306 27.9977 22.1379 -13 1967 1 0 1
0.379171 2.23765 1700 -0.0891385 -0.0796786 27.9997 22.137 -13 1968 1 0 1
-0.821409 0.0890198 1700 0.0744972 -0.120927 27.9996 22.1369 -13 1969 1 0 1
-1.0029 3.66773 1700 0.118486 -0.215855 27.9989 22.1374 -13 1970 1 0 1
-4.67322 8.89694 1700 -0.15511 -0.471623 27.9956 22.1407 -13 1971 1 0 1
-1.31676 5.08213 1700 -0.193823 -0.287533 27.9979 22.1385 -13 1972 1 0 1
2.53409 2.58925 1700 0.0282792 -0.0501335 27.9999 22.1368 -13 1973 1 0 1
-1.26009 -8.9179 1700 0.305912 0.686193 27.9899 22.1432 -13 1974 1 0 1
-2.55467 3.86843 1700 -0.112439 -0.201732 27.999 22.1376 -13 1975 1 0 1
-3.38283 -5.94343 1700 0.399682 0.52506 27.9922 22.1414 -13 1976 1 0 1
-2.62424 0.249378 1700 0.27215 0.269911 27.9974 22.1379 -13 1977 1 0 1
0.301754 -7.12147 1700 0.266931 0.204783 27.998 22.1382 -13 1978 1 0 1
1.27983 2.32178 1700 -0.205861 -0.223725 27.9983 22.1379 -13 1979 1 0 1
1.97028 -6.03166 1700 0.252275 0.319646 27.997 22.1388 -13 1980 1 0 1
-1.49122 2.83709 1700 0.040004 -0.0347319 27.9999 22.1367 -13 1981 1 0 1
1.61652 1.2474 1700 0.147043 0.215548 27.9988 22.1373 -13 1982 1 0 1
3.09735 -0.0437627 1700 -0.160181 -0.214698 27.9987 22.1375 -13 1983 1 0 1
2.06612 3.61897 1700 -0.00170205 -0.209825 27.9992 22.1372 -13 1984 1 0 1
-6.38072 -8.04114 1700 0.614185 0.386337 27.9906 22.143 -13 1985 1 0 1
-2.13762 -1.88385 1700 0.107282 0.0418482 27.9998 22.1368 -13 1986 1 0 1
2.7079 -0.968995 1700 -0.0511595 0.178077 27.9994 22.1372 -13 1987 1 0 1
-1.99459 -6.91157 1700 0.486512 0.740312 27.986 22.1452 -13 1988 1 0 1
-3.48922 -3.81678 1700 0.314552 0.417759 27.9951 22.1395 -13 1989 1 0 1
-0.891091 -3.02746 1700 0.327241 0.526203 27.9931 22.1406 -13 1990 1 0 1
3.28592 1.59837 1700 -0.0627361 -0.114784 27.9997 22.137 -13 1991 1 0 1
4.63389 3.63523 1700 -0.196503 -0.249276 27.9982 22.1381 -13 1992 1 0 1
-2.00318 -1.04618 1700 0.316331 0.342714 27.9961 22.1387 -13 1993 1 0 1
-1.4145 0.872415 1700 0.11425 -0.0198401 27.9998 22.1368 -13 1994 1 0 1
-1.74166 -1.333 1700 0.37801 0.275807 27.9961 22.1387 -13 1995 1 0 1
1.01878 5.9696 1700 -0.193381 -0.536866 27.9942 22.1407 -13 1996 1 0 1
3.65956 1.03414 1700 -0.204028 -0.173742 27.9987 22.1377 -13 1997 1 0 1
3.98244 -1.88262 1700 0.0355614 0.286895 27.9985 22.1378 -13 1998 1 0 1
-0.311843 -2.67559 1700 0.110309 0.223731 27.9989 22.1373 -13 1999 1 0 1
2.27013 4.34962 1700 -0.217799 -0.159235 27.9987 22.1379 -13 2000 1 0 1
-4.15844 -1.34423 1700 0.0993042 -0.131178 27.9995 22.1371 -13 2001 1 0 1
2.26082 -1.69677 1700 0.0394232 0.159849 27.9995 22.137 -13 2002 1 0 1
-0.523516 -0.361614 1700 -0.0890161 -0.181212 27.9993 22.1372 -13 2003 1 0 1
1.66468 -0.537127 1700 0.0849193 0.167701 27.9994 22.137 -13 2004 1 0 1
2.28149 -0.00656142 1700 0.0449791 0.15927 27.9995 22.137 -13 2005 1 0 1
-3.77624 1.12732 1700 0.26056 0.162612 27.9983 22.1375 -13 2006 1 0 1
1.0602 -2.28568 1700 -0.115405 -0.0641773 27.9997 22.1369 -13 2007 1 0 1
4.91795 4.74289 1700 -0.320588 -0.091258 27.998 22.1386 -13 2008 1 0 1
2.29777 8.63461 1700 -0.255021 -0.19424 27.9982 22.1388 -13 2009 1 0 1
3.0171 -0.0990472 1700 -0.0336915 0.130685 27.9997 22.137 -13 2010 1 0 1
0.239019 -3.53621 1700 0.365995 0.286899 27.9961 22.1389 -13 2011 1 0 1
-2.41033 -2.53356 1700 0.255555 0.135317 27.9985 22.1375 -13 2012 1 0 1
4.52143 -0.0200392 1700 0.00808184 0.0464137 28 22.1368 -13 2013 1 0 1
-0.528695 0.149784 1700 -0.0777805 -0.192985 27.9992 22.1372 -13 2014 1 0 1
-3.03255 -2.33313 1700 0.218714 0.377403 27.9966 22.1385 -13 2015 1 0 1
0.525742 -2.26862 1700 0.105355 0.207432 27.999 22.1372 -13 2016 1 0 1
0.674496 -1.56291 1700 0.0928652 0.109212 27.9996 22.1369 -13 2017 1 0 1
1.08399 3.08567 1700 -0.0646093 -0.0148487 27.9999 22.1369 -13 2018 1 0 1
3.27791 1.4412 1700 -0.130203 -0.330907 27.9977 22.1381 -13 2019 1 0 1
2.25281 1.61304 1700 0.0577821 -0.0540179 27.9999 22.1367 -13 2020 1 0 1
-0.834576 -1.68346 1700 0.0622865 -0.034876 27.9999 22.1367 -13 2021 1 0 1
0.697525 -1.25627 1700 -0.0260349 0.0831735 27.9999 22.1368 -13 2022 1 0 1
0.665459 -4.12914 1700 0.29829 0.548882 27.993 22.1409 -13 2023 1 0 1
-2.23809 -1.35216 1700 0.147591 0.26506 27.9984 22.1375 -13 2024 1 0 1
-0.874466 -0.566549 1700 0.0313362 -0.0227374 28 22.1367 -13 2025 1 0 1
-2.02347 2.04752 1700 -0.0281897 -0.195 27.9993 22.1373 -13 2026 1 0 1
-2.8498 2.9058 1700 0.0480154 0.0363875 27.9999 22.1367 -13 2027 1 0 1
-0.139144 0.116873 1700 0.0344918 -0.0922114 27.9998 22.1368 -13 2028 1 0 1
1.76998 1.25065 1700 -0.257078 -0.323118 27.997 22.1387 -13 2029 1 0 1
2.3199 -2.19331 1700 0.0646716 0.235204 27.9989 22.1374 -13 2030 1 0 1
2.14321 0.760803 1700 -0.140005 -0.125054 27.9994 22.1372 -13 2031 1 0 1
1.76771 3.29853 1700 -0.0879258 -0.327595 27.9979 22.1381 -13 2032 1 0 1
-7.13306 0.922538 1700 0.139061 -0.108258 27.9994 22.1373 -13 2033 1 0 1
-0.458708 -1.1968 1700 0.0748208 0.172174 27.9994 22.137 -13 2034 1 0 1
-3.91958 1.91653 1700 -0.00909141 -0.0394405 28 22.1368 -13 2035 1 0 1
6.43045 3.25056 1700 -0.155881 -0.344007 27.9975 22.1385 -13 2036 1 0 1
2.51576 -0.765231 1700 -0.0633807 -0.190462 27.9993 22.1371 -13 2037 1 0 1
1.99924 2.8887 1700 -0.241145 -0.365587 27.9966 22.139 -13 2038 1 0 1
-1.22957 0.0101272 1700 0.227952 0.000732092 27.9991 22.1371 -13 2039 1 0 1
-2.50373 -4.20522 1700 0.192432 0.190545 27.9987 22.1375 -13 2040 1 0 1
0.615997 1.54058 1700 0.0459273 -0.0102588 28 22.1367 -13 2041 1 0 1
-1.03434 1.45981 1700 -0.0436373 -0.134141 27.9996 22.137 -13 2042 1 0 1
-0.666731 4.09874 1700 -0.0677565 -0.443154 27.9964 22.1391 -13 2043 1 0 1
-0.996384 4.86132 1700 -0.17598 -0.265083 27.9982 22.1383 -13 2044 1 0 1
-3.54812 -4.53632 1700 0.294202 0.205205 27.9977 22.1381 -13 2045 1 0 1
0.725562 3.36402 1700 -0.00966384 -0.0446556 28 22.1368 -13 2046 1 0 1
-1.33543 -2.52134 1700 0.13233 0.211868 27.9989 22.1373 -13 2047 1 0 1
-1.30949 1.37378 1700 0.0855144 0.060594 27.9998 22.1367 -13 2048 1 0 1
0.573373 -2.33634 1700 0.0114458 0.129888 27.9997 22.1369 -13 2049 1 0 1
-1.47648 -3.02066 1700 0.218734 0.164978 27.9987 22.1374 -13 2050 1 0 1
2.11742 2.94155 1700 -0.0575838 -0.2077 27.9992 22.1373 -13 2051 1 0 1
4.21202 0.296197 1700 -0.176891 0.212715 27.9986 22.1379 -13 2052 1 0 1
3.60937 2.39381 1700 -0.207639 0.214186 27.9984 22.1381 -13 2053 1 0 1
-1.59693 0.990988 1700 0.0384955 -0.0262608 28 22.1367 -13 2054 1 0 1
-3.16002 -0.445321 1700 0.202209 0.180656 27.9987 22.1373 -13 2055 1 0 1
-0.830225 0.921516 1700 0.0951156 0.178601 27.9993 22.137 -13 2056 1 0 1
3.72926 4.89414 1700 -0.315861 -0.38166 27.9956 22.1399 -13 2057 1 0 1
2.00947 2.81649 1700 -0.204738 -0.189567 27.9986 22.1378 -13 2058 1 0 1
-3.95156 -3.65807 1700 0.286788 -0.105568 27.9983 22.1379 -13 2059 1 0 1
1.11475 5.00201 1700 0.15071 -0.0957347 27.9994 22.137 -13 2060 1 0 1
0.239277 3.82667 1700 -0.0633545 -0.10596 27.9997 22.137 -13 2061 1 0 1
0.778913 0.0334964 1700 -0.064046 -0.211404 27.9991 22.1372 -13 2062 1 0 1
-0.479375 0.69271 1700 0.00419927 -0.113868 27.9998 22.1368 -13 2063 1 0 1
1.84789 -1.87833 1700 0.221319 0.32107 27.9973 22.1382 -13 2064 1 0 1
1.22904 0.289644 1700 -0.0786147 -0.131914 27.9996 22.137 -13 2065 1 0 1
2.36309 4.66276 1700 -0.347264 -0.521665 27.993 22.1415 -13 2066 1 0 1
1.17518 1.43655 1700 -0.0410606 -0.184223 27.9994 22.1371 -13 2067 1 0 1
-4.73668 -2.68394 1700 0.24456 0.18109 27.9983 22.1377 -13 2068 1 0 1
-1.46903 5.79792 1700 -0.170528 -0.52109 27.9946 22.1406 -13 2069 1 0 1
0.129318 -1.3007 1700 0.232476 0.186563 27.9984 22.1375 -13 2070 1 0 1
-0.615933 0.263496 1700 0.00432374 -0.229337 27.9991 22.1373 -13 2071 1 0 1
-1.84619 0.666531 1700 0.0126887 -0.239001 27.999 22.1374 -13 2072 1 0 1
0.232032 5.49366 1700 -0.094681 -0.0465832 27.9998 22.1371 -13 2073 1 0 1
1.96619 0.868628 1700 0.041415 0.143425 27.9996 22.1369 -13 2074 1 0 1
2.97333 -3.74602 1700 0.00526192 0.108267 27.9998 22.137 -13 2075 1 0 1
0.677367 1.57982 1700 -0.0570073 0.0677674 27.9999 22.1368 -13 2076 1 0 1
0.988723 -4.15427 1700 0.238464 0.115951 27.9987 22.1375 -13 2077 1 0 1
-1.46906 -0.402316 1700 0.0199951 0.0165586 28 22.1367 -13 2078 1 0 1
-2.7802 -2.59274 1700 0.192443 0.348587 27.9972 22.1382 -13 2079 1 0 1
0.711722 1.72134 1700 -0.109388 -0.136262 27.9995 22.1371 -13 2080 1 0 1
0.200028 1.6615 1700 -0.105982 -0.224896 27.9989 22.1375 -13 2081 1 0 1
5.65196 5.71312 1700 -0.114552 -0.182224 27.9992 22.1377 -13 2082 1 0 1
-2.96504 -0.162752 1700 0.0892121 -0.248887 27.9988 22.1375 -13 2083 1 0 1
-2.70072 -0.547641 1700 0.195318 -0.077047 27.9992 22.1371 -13 2084 1 0 1
-5.51744 -1.80287 1700 0.396913 0.399805 27.9943 22.1398 -13 2085 1 0 1
4.01486 4.2315 1700 -0.266894 -0.386261 27.9961 22.1395 -13 2086 1 0 1
-1.64672 1.31065 1700 -0.0528716 -0.0214058 27.9999 22.1368 -13 2087 1 0 1
-1.51054 4.19125 1700 -0.0344633 -0.141143 27.9996 22.1371 -13 2088 1 0 1
-1.63417 -1.44073 1700 0.152483 0.169398 27.9991 22.1371 -13 2089 1 0 1
0.730284 2.64543 1700 -0.047898 -0.350362 27.9978 22.1381 -13 2090 1 0 1
-1.89138 2.76502 1700 0.0769373 -0.191289 27.9992 22.1372 -13 2091 1 0 1
0.780816 2.13479 1700 -0.0577997 -0.247805 27.9988 22.1375 -13 2092 1 0 1
-2.96789 5.00498 1700 0.0708392 0.0448392 27.9999 22.1368 -13 2093 1 0 1
2.02639 0.637051 1700 -0.0899132 0.072144 27.9998 22.1369 -13 2094 1 0 1
-0.153529 -2.3061 1700 0.254014 0.229456 27.9979 22.1378 -13 2095 1 0 1
-1.1605 -1.10485 1700 0.0106202 -0.122602 27.9997 22.1369 -13 2096 1 0 1
2.08398 1.39438 1700 0.114343 0.108432 27.9996 22.1369 -13 2097 1 0 1
-1.48525 0.124904 1700 0.104652 0.114416 27.9996 22.1368 -13 2098 1 0 1
-1.6451 -3.0948 1700 0.175528 0.548548 27.9941 22.14 -13 2099 1 0 1
-0.101141 -2.11943 1700 0.111336 0.237973 27.9988 22.1374 -13 2100 1 0 1
2.27854 3.76931 1700 -0.204637 -0.377503 27.9967 22.139 -13 2101 1 0 1
-1.03522 -3.4452 1700 0.273124 0.254703 27.9975 22.1381 -13 2102 1 0 1
0.00243956 -5.54421 1700 0.218839 0.506438 27.9946 22.1401 -13 2103 1 0 1
-0.294968 1.35426 1700 0.0554198 0.0252619 27.9999 22.1367 -13 2104 1 0 1
2.13158 -1.38728 1700 0.254856 0.400777 27.996 22.139 -13 2105 1 0 1
-0.776424 -1.4728 1700 0.192867 0.352888 27.9971 22.1382 -13 2106 1 0 1
1.47956 3.89929 1700 -0.151838 -0.279332 27.9982 22.1381 -13 2107 1 0 1
1.91931 4.0249 1700 0.0434539 0.161926 27.9995 22.137 -13 2108 1 0 1
-0.167602 -0.340283 1700 0.0286255 -0.117631 27.9997 22.1368 -13 2109 1 0 1
-3.90846 -7.2802 1700 0.367115 0.617453 27.9908 22.1424 -13 2110 1 0 1
-3.8791 5.31855 1700 -0.00900162 -0.234547 27.999 22.1377 -13 2111 1 0 1
-3.12416 -1.13789 1700 0.0740765 0.0196805 27.9999 22.1368 -13 2112 1 0 1
1.3034 2.96021 1700 -0.0617202 -0.0018352 27.9999 22.1369 -13 2113 1 0 1
-0.164207 1.94946 1700 -0.100985 -0.251257 27.9987 22.1376 -13 2114 1 0 1
-0.814891 0.66112 1700 0.0644882 -0.000315013 27.9999 22.1367 -13 2115 1 0 1
3.27628 1.20579 1700 -0.259426 -0.205365 27.998 22.1381 -13 2116 1 0 1
3.38999 2.8879 1700 -0.00623309 0.232147 27.999 22.1374 -13 2117 1 0 1
3.62174 0.525379 1700 -0.0550955 0.0978234 27.9998 22.137 -13 2118 1 0 1
-3.03552 -0.834151 1700 0.173018 0.0438932 27.9994 22.137 -13 2119 1 0 1
-2.41728 1.50059 1700 -0.0914843 -0.221781 27.999 22.1375 -13 2120 1 0 1
-1.35299 -3.55578 1700 0.242904 0.23704 27.9979 22.1379 -13 2121 1 0 1
-2.21606 0.104796 1700 0.241304 0.146008 27.9986 22.1373 -13 2122 1 0 1
3.81385 3.05401 1700 -0.0637645 0.0410285 27.9999 22.137 -13 2123 1 0 1
-0.644342 -0.128292 1700 -0.0186828 -0.146291 27.9996 22.1369 -13 2124 1 0 1
-2.69385 -1.60257 1700 0.0179913 0.173707 27.9995 22.137 -13 2125 1 0 1
2.33568 1.94696 1700 -0.0998011 -0.104697 27.9996 22.1371 -13 2126 1 0 1
-2.01828 0.669748 1700 0.1713 0.0915438 27.9993 22.1369 -13 2127 1 0 1
1.93466 -0.67972 1700 0.0292597 -0.194551 27.9993 22.137 -13 2128 1 0 1
2.84482 3.36502 1700 -0.0581437 -0.00982526 27.9999 22.1369 -13 2129 1 0 1
-2.71658 -0.964234 1700 0.108305 -0.147421 27.9994 22.1371 -13 2130 1 0 1
1.57022 4.70474 1700 -0.151052 -0.142687 27.9992 22.1375 -13 2131 1 0 1
5.52881 0.462778 1700 -0.0682626 -0.158096 27.9995 22.1371 -13 2132 1 0 1
-0.0243453 -2.60855 1700 -0.113644 0.137207 27.9994 22.1371 -13 2133 1 0 1
-0.833664 2.30499 1700 -0.0991722 -0.174951 27.9993 22.1373 -13 2134 1 0 1
1.10839 0.808639 1700 0.047237 -0.204048 27.9992 22.1371 -13 2135 1 0 1
-1.58083 -6.98494 1700 0.417345 0.523706 27.992 22.1418 -13 2136 1 0 1
2.91468 1.68565 1700 -0.0467639 -0.255685 27.9988 22.1374 -13 2137 1 0 1
0.911211 4.10405 1700 -0.196989 -0.36336 27.9969 22.1389 -13 2138 1 0 1
-0.499002 -1.25233 1700 0.0476922 0.139304 27.9996 22.1369 -13 2139 1 0 1
-1.41101 -4.42305 1700 0.162142 0.127442 27.9992 22.1372 -13 2140 1 0 1
2.06903 -3.72357 1700 0.0779002 0.136508 27.9996 22.137 -13 2141 1 0 1
-1.81111 3.24917 1700 -0.186472 -0.0969911 27.9992 22.1375 -13 2142 1 0 1
-0.301038 0.973276 1700 0.101033 0.138033 27.9995 22.1369 -13 2143 1 0 1
0.0897929 1.89782 1700 -0.0911198 -0.0886786 27.9997 22.137 -13 2144 1 0 1
0.276374 -2.51446 1700 0.0340445 0.166308 27.9995 22.137 -13 2145 1 0 1
0.540576 4.72409 1700 -0.156466 -0.192298 27.9989 22.1377 -13 2146 1 0 1
-2.72753 -7.02537 1700 0.254936 0.425678 27.9956 22.1396 -13 2147 1 0 1
-3.20884 4.46121 1700 -0.0147075 0.116316 27.9998 22.1369 -13 2148 1 0 1
-7.0631 -0.829835 1700 0.231923 0.106522 27.9988 22.1375 -13 2149 1 0 1
0.929251 0.225647 1700 0.147106 0.0384341 27.9996 22.1368 -13 2150 1 0 1
0.385405 0.206287 1700 -0.145534 -0.0736506 27.9995 22.1371 -13 2151 1 0 1
0.082606 -2.59111 1700 0.118208 0.118307 27.9995 22.137 -13 2152 1 0 1
-2.2328 2.88467 1700 0.129082 0.0421971 27.9997 22.1368 -13 2153 1 0 1
-0.708095 3.35188 1700 0.020693 -0.241075 27.999 22.1374 -13 2154 1 0 1
0.996556 -1.37202 1700 -0.0285545 -0.0757612 27.9999 22.1368 -13 2155 1 0 1
-0.355736 1.36082 1700 0.0822905 0.0736977 27.9998 22.1367 -13 2156 1 0 1
-2.97993 -5.60461 1700 0.24016 0.171732 27.9984 22.1378 -13 2157 1 0 1
2.86054 -3.04982 1700 -0.0108162 0.0191098 28 22.1368 -13 2158 1 0 1
-2.74857 -0.36535 1700 0.0965976 0.0249778 27.9998 22.1368 -13 2159 1 0 1
-2.45011 -1.39015 1700 0.125982 0.126664 27.9994 22.1369 -13 2160 1 0 1
-1.22621 -3.36936 1700 0.276812 0.181046 27.998 22.1378 -13 2161 1 0 1
-2.83737 0.181902 1700 0.343316 0.445721 27.9943 22.1396 -13 2162 1 0 1
0.793125 0.691767 1700 0.134131 0.028091 27.9997 22.1368 -13 2163 1 0 1
0.560831 -1.44132 1700 0.096724 0.103172 27.9996 22.1368 -13 2164 1 0 1
-3.14313 -7.70698 1700 0.447117 0.325155 27.9945 22.1404 -13 2165 1 0 1
-2.79269 -2.55774 1700 0.0154031 -0.349206 27.9978 22.1381 -13 2166 1 0 1
2.68513 2.96416 1700 -0.0202391 -0.332152 27.998 22.1379 -13 2167 1 0 1
-2.15521 -4.6497 1700 0.315553 0.268965 27.9969 22.1386 -13 2168 1 0 1
1.20642 2.22795 1700 0.0160902 0.105323 27.9998 22.1368 -13 2169 1 0 1
0.475593 0.393106 1700 -0.137653 -0.227071 27.9987 22.1375 -13 2170 1 0 1
0.793974 3.26722 1700 0.0878978 -0.0574598 27.9998 22.1368 -13 2171 1 0 1
1.85412 6.43843 1700 -0.187855 -0.0352385 27.9993 22.1377 -13 2172 1 0 1
-0.288651 6.73463 1700 -0.347062 -0.590074 27.9916 22.1427 -13 2173 1 0 1
-0.0818791 -0.450425 1700 -0.035102 -0.000430922 28 22.1367 -13 2174 1 0 1
0.147805 0.05133 1700 0.0359629 -0.188999 27.9993 22.1371 -13 2175 1 0 1
1.78462 -5.71241 1700 -0.0134834 0.259481 27.9988 22.1377 -13 2176 1 0 1
0.130408 -1.37415 1700 0.019278 -0.00177033 28 22.1367 -13 2177 1 0 1
-4.89191 -0.491106 1700 0.226731 -0.0464974 27.999 22.1373 -13 2178 1 0 1
3.13596 0.950941 1700 0.00303058 -0.184356 27.9994 22.137 -13 2179 1 0 1
-0.860609 4.92216 1700 0.0300219 -0.416197 27.9969 22.1388 -13 2180 1 0 1
-3.35447 0.555144 1700 0.14451 -0.0492189 27.9996 22.1369 -13 2181 1 0 1
-3.44209 -2.38646 1700 0.136208 0.0364219 27.9996 22.1369 -13 2182 1 0 1
0.361219 -3.28705 1700 0.0484622 0.14511 27.9996 22.137 -13 2183 1 0 1
2.7519 -2.32889 1700 0.145273 0.0465438 27.9996 22.1369 -13 2184 1 0 1
-1.31077 4.65078 1700 0.0416099 -0.0903076 27.9998 22.1369 -13 2185 1 0 1
1.06103 3.16788 1700 0.070025 -0.276909 27.9985 22.1375 -13 2186 1 0 1
-0.519784 1.34533 1700 -0.0892867 -0.343096 27.9978 22.1382 -13 2187 1 0 1
-1.1802 -3.00874 1700 0.313441 0.276975 27.9969 22.1384 -13 2188 1 0 1
0.0428372 1.35469 1700 0.0745136 0.0751265 27.9998 22.1367 -13 2189 1 0 1
3.4679 0.264803 1700 -0.136839 -0.0841672 27.9995 22.1371 -13 2190 1 0 1
2.10896 -1.58781 1700 -0.177604 -0.13326 27.9991 22.1373 -13 2191 1 0 1
0.45607 2.76087 1700 -0.0251099 0.0497928 27.9999 22.1368 -13 2192 1 0 1
-1.95815 1.9004 1700 0.0490232 -0.272003 27.9986 22.1376 -13 2193 1 0 1
-1.99784 -3.9658 1700 0.186403 -0.035518 27.9994 22.1371 -13 2194 1 0 1
3.42758 -4.22903 1700 -0.0293884 0.0153962 28 22.1368 -13 2195 1 0 1
1.54271 3.6004 1700 -0.131943 -0.449699 27.9961 22.1393 -13 2196 1 0 1
-1.29808 -3.97655 1700 0.181461 0.247603 27.9983 22.1377 -13 2197 1 0 1
-1.53935 0.268759 1700 -0.140445 -0.333995 27.9977 22.1383 -13 2198 1 0 1
-0.240349 0.252095 1700 0.1015 -0.282561 27.9984 22.1376 -13 2199 1 0 1
1.36518 2.2618 1700 -0.0433547 0.0437359 27.9999 22.1368 -13 2200 1 0 1
-1.69125 -3.5962 1700 0.307982 0.348966 27.9961 22.1389 -13 2201 1 0 1
1.68064 4.42843 1700 -0.329323 -0.32414 27.9962 22.1396 -13 2202 1 0 1
0.00515308 0.998165 1700 0.124012 0.058666 27.9997 22.1368 -13 2203 1 0 1
0.822646 1.80248 1700 0.0137202 -0.0942169 27.9998 22.1368 -13 2204 1 0 1
-1.45803 -0.0168449 1700 -0.00375395 -0.0875004 27.9999 22.1368 -13 2205 1 0 1
3.27058 0.842775 1700 -0.10083 -0.0800214 27.9997 22.137 -13 2206 1 0 1
0.650117 5.85706 1700 -0.217996 -0.256652 27.998 22.1385 -13 2207 1 0 1
-1.6886 -2.84095 1700 0.175716 0.255729 27.9983 22.1376 -13 2208 1 0 1
0.0217156 5.0817 1700 -0.0669077 -0.209172 27.9991 22.1375 -13 2209 1 0 1
-0.0975737 -0.602538 1700 -0.0940879 -0.0161575 27.9998 22.1368 -13 2210 1 0 1
0.111478 -3.96387 1700 0.0542234 0.253661 27.9988 22.1375 -13 2211 1 0 1
-2.70151 -7.90869 1700 0.521824 0.633291 27.988 22.1443 -13 2212 1 0 1
-2.63268 -3.02082 1700 0.21341 0.0616169 27.9991 22.1372 -13 2213 1 0 1
3.38621 -0.440183 1700 0.0454138 -0.024606 28 22.1367 -13 2214 1 0 1
0.932924 -0.25369 1700 0.089282 -0.0936682 27.9997 22.1368 -13 2215 1 0 1
3.78408 0.890271 1700 -0.0231907 -0.154518 27.9996 22.137 -13 2216 1 0 1
1.42462 3.47905 1700 -0.115548 -0.214032 27.9989 22.1376 -13 2217 1 0 1
-1.68428 -6.74834 1700 0.328489 0.415177 27.995 22.1399 -13 2218 1 0 1
-2.20358 -0.834995 1700 0.305839 0.0979714 27.9982 22.1376 -13 2219 1 0 1
-2.75627 2.83223 1700 -0.284679 -0.794309 27.9873 22.1449 -13 2220 1 0 1
4.48006 -0.755108 1700 -0.0394353 -0.109192 27.9998 22.1369 -13 2221 1 0 1
-1.33632 0.882865 1700 0.226751 0.0291329 27.9991 22.1371 -13 2222 1 0 1
2.63681 3.35843 1700 -0.209172 -0.288385 27.9977 22.1384 -13 2223 1 0 1
-0.38307 -3.91594 1700 0.100281 0.0202441 27.9998 22.1368 -13 2224 1 0 1
-0.810787 2.22246 1700 0.0188725 -0.200108 27.9993 22.1372 -13 2225 1 0 1
2.13465 2.83431 1700 -0.0708396 -0.153793 27.9995 22.1371 -13 2226 1 0 1
-2.05198 -2.83078 1700 0.352406 0.438839 27.9943 22.1398 -13 2227 1 0 1
-1.42584 1.15049 1700 -0.112218 -0.0511843 27.9997 22.137 -13 2228 1 0 1
4.19436 7.08913 1700 -0.393668 -0.642351 27.9899 22.1437 -13 2229 1 0 1
4.00938 -2.01188 1700 -0.00262764 -0.160439 27.9995 22.1369 -13 2230 1 0 1
-0.142869 0.481997 1700 5.24881e-05 -0.00247977 28 22.1367 -13 2231 1 0 1
-1.30042 0.862875 1700 -0.039435 -0.32518 27.9981 22.1379 -13 2232 1 0 1
3.63077 2.74572 1700 -0.103828 0.0210751 27.9998 22.1371 -13 2233 1 0 1
-3.66128 -7.175 1700 0.492178 0.376857 27.9931 22.1412 -13 2234 1 0 1
-0.861829 1.47346 1700 -0.069351 0.0208169 27.9999 22.1368 -13 2235 1 0 1
-1.59535 -3.35584 1700 0.273003 0.147508 27.9983 22.1377 -13 2236 1 0 1
-0.0120311 1.64079 1700 -0.0338439 -0.0737886 27.9999 22.1368 -13 2237 1 0 1
-1.27188 -3.42768 1700 0.210184 0.101616 27.999 22.1373 -13 2238 1 0 1
-1.53019 0.392041 1700 0.117784 0.109263 27.9995 22.1368 -13 2239 1 0 1
-1.11093 0.946253 1700 0.254692 0.239507 27.9978 22.1377 -13 2240 1 0 1
-0.707595 -1.57018 1700 0.126449 -0.0126284 27.9997 22.1368 -13 2241 1 0 1
-0.19585 -1.99632 1700 0.0145365 -0.0439462 28 22.1367 -13 2242 1 0 1
-2.29827 -5.8032 1700 0.226018 0.269515 27.9978 22.1382 -13 2243 1 0 1
1.0319 -1.66131 1700 0.158388 0.171385 27.999 22.1372 -13 2244 1 0 1
1.3726 -1.2156 1700 -0.068575 0.0671022 27.9998 22.1368 -13 2245 1 0 1
0.259764 -0.148127 1700 0.207388 0.0756524 27.9991 22.137 -13 2246 1 0 1
1.51168 -3.75865 1700 -0.0139106 -0.0991216 27.9998 22.1368 -13 2247 1 0 1
1.75083 4.68642 1700 -0.166143 -0.334974 27.9975 22.1386 -13 2248 1 0 1
0.944689 0.110461 1700 -0.0235195 0.0888379 27.9998 22.1368 -13 2249 1 0 1
1.25711 -1.22667 1700 0.0252305 -0.121469 27.9997 22.1368 -13 2250 1 0 1
-1.00411 1.42406 1700 0.050322 -0.0202728 27.9999 22.1367 -13 2251 1 0 1
0.436699 -1.21898 1700 0.140822 0.33779 27.9976 22.138 -13 2252 1 0 1
1.80296 -0.496314 1700 0.0671907 0.306751 27.9982 22.1377 -13 2253 1 0 1
1.10303 8.24199 1700 -0.411119 -0.657638 27.9893 22.1444 -13 2254 1 0 1
-1.12013 3.7633 1700 -0.269398 -0.369212 27.9963 22.1394 -13 2255 1 0 1
1.07561 -0.768241 1700 0.0147842 -0.0617789 27.9999 22.1367 -13 2256 1 0 1
-2.01107 -0.467887 1700 0.2091 0.116777 27.999 22.1371 -13 2257 1 0 1
-1.51799 -3.33927 1700 0.0660125 0.147824 27.9995 22.137 -13 2258 1 0 1
0.293766 0.0860625 1700 -0.12494 -0.252208 27.9986 22.1376 -13 2259 1 0 1
-1.87274 -4.25037 1700 0.158851 0.24324 27.9985 22.1376 -13 2260 1 0 1
-2.06232 -1.41137 1700 0.232835 0.00805053 27.999 22.1372 -13 2261 1 0 1
0.786898 4.22952 1700 -0.172647 -0.0827652 27.9993 22.1374 -13 2262 1 0 1
1.45519 4.4094 1700 -0.145984 -0.177473 27.9991 22.1376 -13 2263 1 0 1
-2.22143 -0.190647 1700 0.0496748 -0.0686232 27.9999 22.1368 -13 2264 1 0 1
-1.59726 -1.32406 1700 0.118932 -0.0868123 27.9996 22.1369 -13 2265 1 0 1
2.42507 1.00201 1700 -0.126559 0.085817 27.9996 22.1371 -13 2266 1 0 1
4.71173 0.504857 1700 -0.226252 -0.0578166 27.999 22.1376 -13 2267 1 0 1
1.85444 0.816822 1700 -0.0534431 -0.236011 27.999 22.1373 -13 2268 1 0 1
1.94308 -2.0487 1700 0.179939 0.279548 27.998 22.1378 -13 2269 1 0 1
-0.305625 -0.949821 1700 -0.0941777 -0.308753 27.9981 22.1378 -13 2270 1 0 1
1.44065 4.47214 1700 -0.15792 -0.288425 27.9981 22.1382 -13 2271 1 0 1
-2.96488 -1.24856 1700 0.12638 -0.0771301 27.9996 22.1369 -13 2272 1 0 1
-0.0692951 -1.85442 1700 0.0921693 0.299959 27.9982 22.1377 -13 2273 1 0 1
1.36508 3.93608 1700 -0.0421667 -0.143287 27.9996 22.1371 -13 2274 1 0 1
1.59703 1.92251 1700 -0.0863187 -0.0522864 27.9998 22.1369 -13 2275 1 0 1
1.27981 -5.73873 1700 0.171597 0.192136 27.9988 22.1376 -13 2276 1 0 1
0.571544 -1.88202 1700 0.0742502 0.0698086 27.9998 22.1368 -13 2277 1 0 1
-2.57734 -3.2775 1700 -0.0217696 0.142843 27.9996 22.1369 -13 2278 1 0 1
-0.787012 0.170145 1700 -0.0117856 -0.223629 27.9991 22.1373 -13 2279 1 0 1
-0.727656 1.0363 1700 -0.00751258 -0.168609 27.9995 22.137 -13 2280 1 0 1
0.46177 -1.71671 1700 0.106617 0.0481197 27.9998 22.1368 -13 2281 1 0 1
0.959242 5.08709 1700 -0.105348 0.0461082 27.9998 22.1371 -13 2282 1 0 1
-1.24599 1.46391 1700 -0.00176908 0.00918143 28 22.1367 -13 2283 1 0 1
5.86958 0.295003 1700 -0.167755 0.109998 27.9993 22.1376 -13 2284 1 0 1
2.67823 6.85924 1700 -0.196442 -0.523124 27.9944 22.1406 -13 2285 1 0 1
-1.28256 0.625953 1700 0.0696957 -0.0793737 27.9998 22.1368 -13 2286 1 0 1
-0.364798 0.152194 1700 0.0214224 -0.0316576 28 22.1367 -13 2287 1 0 1
-1.71702 -1.78524 1700 0.126796 0.203106 27.999 22.1372 -13 2288 1 0 1
-0.0638819 -3.6684 1700 0.27509 0.488205 27.9944 22.14 -13 2289 1 0 1
-2.90544 -1.39996 1700 0.0942424 -0.0826484 27.9997 22.1369 -13 2290 1 0 1
0.166591 0.530373 1700 0.0300365 0.230574 27.999 22.1372 -13 2291 1 0 1
0.225892 -3.57018 1700 0.261031 0.283814 27.9973 22.1383 -13 2292 1 0 1
1.40844 -4.16294 1700 0.127632 0.0144501 27.9997 22.1369 -13 2293 1 0 1
0.99614 0.988826 1700 -0.0150642 -0.0918456 27.9998 22.1368 -13 2294 1 0 1
2.44159 -3.53542 1700 0.177571 0.195881 27.9988 22.1375 -13 2295 1 0 1
-0.375763 -3.7968 1700 0.17657 0.253172 27.9983 22.1377 -13 2296 1 0 1
3.84455 1.67447 1700 -0.11607 -0.0557038 27.9997 22.1371 -13 2297 1 0 1
1.12709 -1.82258 1700 0.0261473 0.0226966 28 22.1367 -13 2298 1 0 1
1.10901 0.708414 1700 0.0520636 0.0679269 27.9999 22.1367 -13 2299 1 0 1
-2.39527 -4.84431 1700 0.306014 0.217391 27.9975 22.1383 -13 2300 1 0 1
-2.64779 -0.685117 1700 0.211239 0.23411 27.9982 22.1375 -13 2301 1 0 1
-1.45563 3.3731 1700 -0.276684 -0.417212 27.9955 22.1399 -13 2302 1 0 1
1.81338 -1.06045 1700 0.014825 0.0483824 28 22.1367 -13 2303 1 0 1
-0.0804656 -4.65685 1700 0.305076 0.442226 27.9948 22.1398 -13 2304 1 0 1
4.51614 -3.318 1700 0.0677242 0.0616477 27.9999 22.1369 -13 2305 1 0 1
-0.738485 0.322056 1700 0.116838 0.181766 27.9992 22.137 -13 2306 1 0 1
-1.17262 -5.52966 1700 0.281064 0.140877 27.9982 22.1379 -13 2307 1 0 1
-1.36049 -3.55921 1700 0.261431 0.223946 27.9979 22.1379 -13 2308 1 0 1
3.18757 1.79364 1700 -0.246508 -0.434397 27.9955 22.1395 -13 2309 1 0 1
2.91118 3.81563 1700 -0.232008 -0.125908 27.9988 22.1379 -13 2310 1 0 1
2.48434 2.33199 1700 -0.146531 -0.260659 27.9984 22.1378 -13 2311 1 0 1
1.3849 5.95267 1700 -0.275137 -0.549762 27.9933 22.1414 -13 2312 1 0 1
0.960106 4.05837 1700 -0.111144 -0.225527 27.9989 22.1376 -13 2313 1 0 1
2.54953 -0.459819 1700 0.015888 -0.126641 27.9997 22.1368 -13 2314 1 0 1
-1.6185 -1.07106 1700 0.160347 -0.0498389 27.9995 22.1369 -13 2315 1 0 1
5.67742 4.26429 1700 -0.186297 -0.129348 27.9991 22.1378 -13 2316 1 0 1
-2.21823 -0.42127 1700 0.0425024 -0.0347224 27.9999 22.1367 -13 2317 1 0 1
3.51646 0.635517 1700 -0.0641466 -0.0593132 27.9999 22.1369 -13 2318 1 0 1
-0.0458477 1.44341 1700 0.140091 -0.129057 27.9994 22.137 -13 2319 1 0 1
-3.3753 -0.760642 1700 0.378657 0.0823062 27.9973 22.1381 -13 2320 1 0 1
1.85842 2.23666 1700 0.099613 0.219799 27.999 22.1372 -13 2321 1 0 1
-2.92002 -2.32548 1700 0.079015 0.0317532 27.9999 22.1368 -13 2322 1 0 1
0.565134 3.52 1700 -0.114805 -0.228164 27.9988 22.1376 -13 2323 1 0 1
3.69843 3.41309 1700 -0.264253 -0.366866 27.9963 22.1392 -13 2324 1 0 1
1.64425 0.334752 1700 -0.0207818 0.146386 27.9996 22.137 -13 2325 1 0 1
-1.93861 2.99355 1700 -0.0479233 -0.41931 27.9968 22.1389 -13 2326 1 0 1
-0.140256 -1.78484 1700 0.197206 -0.0214624 27.9993 22.137 -13 2327 1 0 1
-0.198069 -1.01107 1700 0.206567 0.164577 27.9988 22.1373 -13 2328 1 0 1
0.637401 0.0337829 1700 0.110086 -0.0472603 27.9997 22.1367 -13 2329 1 0 1
-2.8223 -2.6636 1700 0.280643 0.0485578 27.9986 22.1375 -13 2330 1 0 1
0.65904 1.32646 1700 -0.0226914 0.00652473 28 22.1367 -13 2331 1 0 1
0.983247 1.8885 1700 0.078722 0.0979766 27.9997 22.1368 -13 2332 1 0 1
-2.13844 -4.33227 1700 0.371055 0.217616 27.9967 22.1387 -13 2333 1 0 1
2.85591 -1.40686 1700 0.0277598 -0.0111089 28 22.1367 -13 2334 1 0 1
3.65825 3.26905 1700 -0.00618513 0.172423 27.9995 22.1372 -13 2335 1 0 1
0.158112 4.67028 1700 -0.0255924 -0.196556 27.9993 22.1373 -13 2336 1 0 1
2.32476 2.22728 1700 0.0325924 0.0675958 27.9999 22.1368 -13 2337 1 0 1
1.02408 6.87223 1700 -0.201184 -0.395021 27.9965 22.1395 -13 2338 1 0 1
-0.346876 -0.530618 1700 0.199553 0.087426 27.9992 22.137 -13 2339 1 0 1
-2.6882 -0.0743828 1700 -0.163976 -0.44395 27.996 22.1393 -13 2340 1 0 1
0.0232903 -0.729568 1700 -0.0297402 -0.0221017 28 22.1367 -13 2341 1 0 1
-4.50792 -6.61336 1700 0.464012 0.302199 27.9945 22.1403 -13 2342 1 0 1
2.38884 1.39636 1700 -0.0208509 -0.175411 27.9994 22.137 -13 2343 1 0 1
-1.26337 -4.39948 1700 0.323028 0.476936 27.9941 22.1402 -13 2344 1 0 1
-2.42436 2.75586 1700 -0.133629 -0.0587619 27.9996 22.1371 -13 2345 1 0 1
-0.35102 -2.51649 1700 -0.0768355 -0.0721516 27.9998 22.1368 -13 2346 1 0 1
-3.78935 0.20886 1700 0.125915 0.0699974 27.9996 22.1369 -13 2347 1 0 1
-0.481549 1.28506 1700 0.0184016 0.0066197 28 22.1367 -13 2348 1 0 1
0.542394 0.0646388 1700 0.0611586 -0.028853 27.9999 22.1367 -13 2349 1 0 1
-0.44567 -2.97023 1700 0.255563 0.376513 27.9963 22.1388 -13 2350 1 0 1
-2.03655 -5.9455 1700 0.201896 0.0906998 27.9991 22.1374 -13 2351 1 0 1
-3.26724 -7.45582 1700 0.355615 0.335329 27.9957 22.1396 -13 2352 1 0 1
-0.66566 2.19327 1700 -0.115805 -0.130911 27.9995 22.1372 -13 2353 1 0 1
0.869073 1.2059 1700 -0.00488056 -0.0681114 27.9999 22.1368 -13 2354 1 0 1
-2.67811 3.10247 1700 -0.20732 -0.534405 27.9941 22.1407 -13 2355 1 0 1
4.08158 1.61316 1700 -0.279892 -0.287417 27.9971 22.1387 -13 2356 1 0 1
-0.260781 4.20676 1700 -0.304496 -0.396946 27.9955 22.1399 -13 2357 1 0 1
-0.77434 -0.297354 1700 0.0934067 0.00103667 27.9998 22.1367 -13 2358 1 0 1
-2.1578 -6.57931 1700 0.577922 0.72379 27.9847 22.146 -13 2359 1 0 1
-5.26767 -3.56449 1700 0.373607 0.384276 27.9949 22.1396 -13 2360 1 0 1
-2.58116 0.295118 1700 0.20663 -0.0199031 27.9992 22.1371 -13 2361 1 0 1
-2.28263 2.66658 1700 0.0805647 0.157525 27.9994 22.1369 -13 2362 1 0 1
-0.790261 5.55708 1700 -0.371209 -0.432667 27.9942 22.141 -13 2363 1 0 1
0.137056 -7.57971 1700 0.418676 0.424906 27.9936 22.1409 -13 2364 1 0 1
-4.74959 -0.117594 1700 0.0992696 0.0281864 27.9998 22.1368 -13 2365 1 0 1
2.53774 0.555697 1700 0.0421027 0.303833 27.9983 22.1377 -13 2366 1 0 1
2.63496 2.76033 1700 -0.198595 -0.391603 27.9966 22.139 -13 2367 1 0 1
1.95873 4.35572 1700 -0.0135968 -0.239746 27.999 22.1374 -13 2368 1 0 1
1.4292 -2.00183 1700 0.0311752 -0.0463998 27.9999 22.1367 -13 2369 1 0 1
1.11552 2.49698 1700 -0.0964884 -0.105305 27.9996 22.1371 -13 2370 1 0 1
-2.65052 1.94738 1700 0.125385 -0.0534881 27.9997 22.1369 -13 2371 1 0 1
-0.0882691 -2.3798 1700 0.137648 0.192826 27.999 22.1372 -13 2372 1 0 1
1.21716 5.28368 1700 -0.192787 -0.136063 27.999 22.1378 -13 2373 1 0 1
3.37108 0.633062 1700 -0.201251 -0.250503 27.9982 22.1379 -13 2374 1 0 1
1.37605 1.40105 1700 -0.0513704 -0.183788 27.9993 22.1371 -13 2375 1 0 1
4.29125 4.20453 1700 -0.217491 -0.1313 27.9988 22.1379 -13 2376 1 0 1
-2.42665 -0.64297 1700 0.130533 0.142323 27.9993 22.137 -13 2377 1 0 1
4.21818 3.68306 1700 -0.0256841 0.0280833 28 22.1369 -13 2378 1 0 1
2.72061 -0.769278 1700 0.106416 0.0679034 27.9997 22.1368 -13 2379 1 0 1
-0.345974 -0.011921 1700 0.0696292 0.040749 27.9999 22.1367 -13 2380 1 0 1
2.05929 5.81524 1700 -0.233527 -0.271771 27.9977 22.1387 -13 2381 1 0 1
0.00698177 -5.50917 1700 0.241272 0.645882 27.9915 22.1419 -13 2382 1 0 1
-4.35603 -1.16104 1700 0.161276 0.0405861 27.9995 22.137 -13 2383 1 0 1
1.04994 -0.716208 1700 -0.0609649 0.00657059 27.9999 22.1368 -13 2384 1 0 1
0.249652 4.46891 1700 -0.177267 -0.423653 27.9962 22.1394 -13 2385 1 0 1
-1.26777 -3.33265 1700 0.161 0.0416034 27.9995 22.137 -13 2386 1 0 1
-2.00129 7.5162 1700 -0.236394 -0.364567 27.9966 22.1397 -13 2387 1 0 1
0.579766 2.34582 1700 -0.264927 -0.300076 27.9971 22.1387 -13 2388 1 0 1
3.39356 -1.19102 1700 0.0662307 0.121534 27.9997 22.1369 -13 2389 1 0 1
-2.16811 0.176509 1700 0.072049 -0.104352 27.9997 22.1369 -13 2390 1 0 1
-3.59132 -8.07812 1700 0.37642 0.643663 27.9901 22.143 -13 2391 1 0 1
0.43604 4.40017 1700 -0.073393 -0.0892518 27.9998 22.1371 -13 2392 1 0 1
-1.23853 -2.21071 1700 -0.0526778 -0.0403311 27.9999 22.1368 -13 2393 1 0 1
1.70678 1.0253 1700 -0.110413 -0.215456 27.999 22.1374 -13 2394 1 0 1
0.0794556 1.72219 1700 0.114169 0.0709897 27.9997 22.1368 -13 2395 1 0 1
-3.39127 -1.40699 1700 0.109048 -0.167403 27.9993 22.1372 -13 2396 1 0 1
-0.116109 -0.956659 1700 0.145577 0.0722225 27.9995 22.1369 -13 2397 1 0 1
-1.62699 6.34697 1700 -0.0696867 -0.214048 27.9991 22.1377 -13 2398 1 0 1
-3.0574 1.27625 1700 0.116331 0.0871169 27.9996 22.1368 -13 2399 1 0 1
1.34277 -4.98264 1700 0.138059 0.277774 27.9983 22.1379 -13 2400 1 0 1
-2.68898 3.48732 1700 -0.0646027 -0.199144 27.9992 22.1375 -13 2401 1 0 1
-1.01302 -0.464563 1700 0.128645 -0.0388373 27.9997 22.1368 -13 2402 1 0 1
0.321362 0.220112 1700 0.16308 0.0188732 27.9995 22.1368 -13 2403 1 0 1
1.01545 -0.79744 1700 0.18133 0.0199886 27.9994 22.1369 -13 2404 1 0 1
2.16033 -1.56862 1700 0.106646 0.0254452 27.9998 22.1368 -13 2405 1 0 1
-4.93879 -4.46864 1700 0.146053 0.206307 27.9989 22.1375 -13 2406 1 0 1
-1.5095 -4.89854 1700 0.119622 0.274561 27.9984 22.1377 -13 2407 1 0 1
1.37538 -0.259463 1700 0.0651653 0.160065 27.9995 22.137 -13 2408 1 0 1
0.872192 -0.145581 1700 0.185402 0.10849 27.9992 22.137 -13 2409 1 0 1
0.618589 -3.40862 1700 0.0394639 0.253144 27.9988 22.1374 -13 2410 1 0 1
-4.80303 -1.74033 1700 0.348479 0.329513 27.9959 22.1389 -13 2411 1 0 1
1.74115 0.636056 1700 0.0621704 0.0746695 27.9998 22.1368 -13 2412 1 0 1
0.934517 -0.95132 1700 0.100212 0.282009 27.9984 22.1376 -13 2413 1 0 1
2.2709 2.87718 1700 -0.183399 -0.364963 27.997 22.1387 -13 2414 1 0 1
-1.38726 4.64727 1700 -0.243162 -0.390398 27.9962 22.1396 -13 2415 1 0 1
-3.34 3.00176 1700 -0.148717 -0.319441 27.9978 22.1385 -13 2416 1 0 1
0.868672 -2.38499 1700 0.330197 0.285723 27.9966 22.1386 -13 2417 1 0 1
-0.743655 3.94573 1700 -0.307928 -0.624118 27.9913 22.1424 -13 2418 1 0 1
-2.91966 -4.5645 1700 0.332017 0.225016 27.9971 22.1385 -13 2419 1 0 1
0.785629 3.50229 1700 -0.143278 -0.386977 27.997 22.1388 -13 2420 1 0 1
1.32576 -1.05641 1700 0.00751594 -0.055041 27.9999 22.1367 -13 2421 1 0 1
-0.3959 3.48217 1700 -0.132884 -0.131636 27.9994 22.1373 -13 2422 1 0 1
0.876097 -1.2203 1700 0.0955483 0.110463 27.9996 22.1369 -13 2423 1 0 1
0.0377042 1.60876 1700 -0.150546 0.0825781 27.9995 22.1371 -13 2424 1 0 1
1.45113 -2.07937 1700 -0.0738171 0.0300771 27.9999 22.1368 -13 2425 1 0 1
-1.86063 -3.1245 1700 0.200491 -0.0143735 27.9993 22.1371 -13 2426 1 0 1
3.35335 0.719112 1700 -0.0217668 -0.0957295 27.9998 22.1368 -13 2427 1 0 1
1.26252 0.131922 1700 0.0913065 -0.143601 27.9995 22.1369 -13 2428 1 0 1
-0.277469 -2.67275 1700 0.140818 0.20585 27.9989 22.1373 -13 2429 1 0 1
-4.28398 -1.31191 1700 0.316053 0.062391 27.9981 22.1377 -13 2430 1 0 1
3.9983 2.93904 1700 -0.271298 -0.460533 27.9949 22.14 -13 2431 1 0 1
-1.16448 -3.22316 1700 0.0899751 0.34951 27.9977 22.138 -13 2432 1 0 1
4.95644 -0.348674 1700 -0.175988 -0.146051 27.9991 22.1374 -13 2433 1 0 1
0.138097 1.13897 1700 0.042066 -0.0572122 27.9999 22.1367 -13 2434 1 0 1
-1.66838 -3.45364 1700 0.11288 0.0385404 27.9997 22.1369 -13 2435 1 0 1
2.15809 2.76259 1700 0.0579303 -0.117098 27.9997 22.1369 -13 2436 1 0 1
-0.24336 -0.917558 1700 0.00370141 -0.00734026 28 22.1367 -13 2437 1 0 1
3.77521 2.77592 1700 -0.291939 -0.212292 27.9977 22.1385 -13 2438 1 0 1
0.957741 5.09283 1700 0.033297 -0.273656 27.9986 22.1376 -13 2439 1 0 1
-0.00377461 -2.93689 1700 0.188235 0.364087 27.997 22.1384 -13 2440 1 0 1
-1.46221 -5.22376 1700 0.209025 0.438917 27.9958 22.1393 -13 2441 1 0 1
2.29925 0.308454 1700 -0.0671416 -0.00945386 27.9999 22.1368 -13 2442 1 0 1
-1.82385 -3.88139 1700 0.0587858 0.101601 27.9998 22.1369 -13 2443 1 0 1
2.06254 0.213657 1700 -0.184988 -0.248753 27.9983 22.1378 -13 2444 1 0 1
-0.580812 3.10683 1700 0.0120343 -0.191702 27.9993 22.1372 -13 2445 1 0 1
-0.527505 -0.217222 1700 0.125665 -0.033609 27.9997 22.1368 -13 2446 1 0 1
-1.48015 -4.17303 1700 0.438942 0.386725 27.9939 22.1403 -13 2447 1 0 1
-1.68538 -4.30785 1700 0.153736 0.0402471 27.9995 22.137 -13 2448 1 0 1
-1.53443 1.47821 1700 0.183041 -0.221234 27.9985 22.1375 -13 2449 1 0 1
-0.634947 -3.34855 1700 0.178572 0.048809 27.9994 22.137 -13 2450 1 0 1
-1.671 1.52695 1700 0.189006 0.330022 27.9974 22.1379 -13 2451 1 0 1
2.67015 3.15324 1700 -0.0503278 0.0598059 27.9999 22.1369 -13 2452 1 0 1
0.226102 1.77232 1700 0.00413856 -0.297082 27.9984 22.1377 -13 2453 1 0 1
0.714733 -2.1526 1700 0.0607308 -0.0110927 27.9999 22.1367 -13 2454 1 0 1
0.657286 -0.183656 1700 0.0397881 0.00555789 28 22.1367 -13 2455 1 0 1
0.0441276 1.80099 1700 -0.122146 -0.416849 27.9966 22.1389 -13 2456 1 0 1
-1.5992 -1.82161 1700 0.209778 0.127618 27.9989 22.1372 -13 2457 1 0 1
-0.0697723 2.92203 1700 -0.0682272 -0.374221 27.9974 22.1384 -13 2458 1 0 1
-3.90063 0.174694 1700 0.105414 -0.314087 27.998 22.1381 -13 2459 1 0 1
-0.911676 1.94413 1700 -0.0337352 -0.0556769 27.9999 22.1368 -13 2460 1 0 1
0.201226 -0.539428 1700 0.154767 0.0546901 27.9995 22.1369 -13 2461 1 0 1
1.2501 3.66395 1700 -0.177331 -0.241061 27.9984 22.138 -13 2462 1 0 1
-2.25964 -1.62797 1700 0.32449 0.354094 27.9959 22.1389 -13 2463 1 0 1
-1.28225 -2.18864 1700 0.177593 0.039222 27.9994 22.137 -13 2464 1 0 1
-1.01014 -0.00559985 1700 0.0692899 -0.0508669 27.9999 22.1367 -13 2465 1 0 1
3.84714 -0.912467 1700 -0.0549635 0.13726 27.9996 22.1371 -13 2466 1 0 1
-0.920998 0.665529 1700 0.0811196 -0.137835 27.9995 22.1369 -13 2467 1 0 1
0.18411 -2.22529 1700 0.248393 0.466004 27.995 22.1395 -13 2468 1 0 1
0.934382 -4.50803 1700 0.259948 0.36932 27.9964 22.139 -13 2469 1 0 1
1.42236 0.505268 1700 -0.0155975 -0.0326526 28 22.1367 -13 2470 1 0 1
2.44417 -1.37822 1700 0.0227139 0.304068 27.9983 22.1378 -13 2471 1 0 1
3.60948 0.980986 1700 -0.0865866 -0.104172 27.9997 22.137 -13 2472 1 0 1
2.0193 1.72506 1700 -0.0521484 -0.222948 27.9991 22.1373 -13 2473 1 0 1
1.99063 6.38601 1700 -0.328423 -0.547741 27.9927 22.1418 -13 2474 1 0 1
-2.91481 1.3063 1700 0.0793088 -0.179537 27.9993 22.1372 -13 2475 1 0 1
0.235866 -0.993043 1700 0.164622 0.00914447 27.9995 22.1369 -13 2476 1 0 1
1.02832 -1.94824 1700 0.0672477 0.0296232 27.9999 22.1367 -13 2477 1 0 1
-0.887814 -1.24155 1700 0.199448 -0.133151 27.999 22.1372 -13 2478 1 0 1
1.69672 7.80237 1700 -0.110574 -0.221004 27.9989 22.138 -13 2479 1 0 1
2.01316 -1.6518 1700 -0.0740091 -0.0725585 27.9998 22.1368 -13 2480 1 0 1
0.537599 -4.43907 1700 0.201681 0.185792 27.9987 22.1376 -13 2481 1 0 1
6.31088 0.369548 1700 0.0194206 0.0650878 27.9999 22.137 -13 2482 1 0 1
3.76235 4.56772 1700 -0.39401 -0.476382 27.9932 22.1414 -13 2483 1 0 1
-3.19225 3.05062 1700 0.10561 -0.248306 27.9987 22.1376 -13 2484 1 0 1
-0.563965 -2.3366 1700 0.104562 0.0627335 27.9997 22.1368 -13 2485 1 0 1
2.16617 -4.59023 1700 0.0838208 0.312795 27.9981 22.138 -13 2486 1 0 1
0.186997 3.36758 1700 0.0919111 -0.211641 27.999 22.1372 -13 2487 1 0 1
-1.10052 -0.27878 1700 -0.0764061 -0.430505 27.9966 22.1388 -13 2488 1 0 1
0.394327 -4.1271 1700 0.360491 0.509828 27.993 22.1408 -13 2489 1 0 1
1.21047 0.300943 1700 0.0451417 0.0432083 27.9999 22.1367 -13 2490 1 0 1
-0.91445 0.740188 1700 0.0512708 0.063561 27.9999 22.1367 -13 2491 1 0 1
1.41145 -1.08989 1700 0.0441322 0.179195 27.9994 22.137 -13 2492 1 0 1
0.565736 3.89447 1700 -0.0966023 -0.295656 27.9983 22.138 -13 2493 1 0 1
-0.231227 0.205609 1700 0.103337 0.0313593 27.9998 22.1367 -13 2494 1 0 1
1.53289 -0.743508 1700 0.117688 0.273597 27.9984 22.1376 -13 2495 1 0 1
-0.219403 0.6876 1700 0.139044 0.170907 27.9991 22.137 -13 2496 1 0 1
-2.22398 -3.85194 1700 0.377687 0.372644 27.995 22.1396 -13 2497 1 0 1
1.17914 -0.818078 1700 0.0263849 0.0432447 28 22.1367 -13 2498 1 0 1
-2.80193 3.43172 1700 -0.191358 -0.49955 27.9949 22.1403 -13 2499 1 0 1
3.36984 -0.785924 1700 -0.175284 -0.217694 27.9986 22.1376 -13 2500 1 0 1
4.35415 4.80335 1700 -0.152442 -0.0667696 27.9995 22.1375 -13 2501 1 0 1
4.24283 1.84638 1700 -0.115935 -0.488202 27.9955 22.1393 -13 2502 1 0 1
2.0509 -0.827979 1700 0.108709 0.225516 27.9989 22.1373 -13 2503 1 0 1
1.10251 1.38527 1700 -0.0880439 -0.166334 27.9994 22.1372 -13 2504 1 0 1
4.07426 2.0784 1700 -0.0131428 -0.0158503 28 22.1368 -13 2505 1 0 1
-1.9834 1.55249 1700 0.134374 0.0711507 27.9996 22.1368 -13 2506 1 0 1
0.326145 -0.837995 1700 0.174994 0.287695 27.998 22.1377 -13 2507 1 0 1
2.48605 -3.15482 1700 -0.084191 -0.0992005 27.9997 22.1369 -13 2508 1 0 1
-4.87567 -5.60834 1700 0.403897 0.632903 27.9899 22.1426 -13 2509 1 0 1
1.76918 6.32329 1700 -0.253266 -0.308406 27.9972 22.1391 -13 2510 1 0 1
-2.08777 1.45706 1700 0.175647 -0.0216212 27.9994 22.1369 -13 2511 1 0 1
0.166507 -6.44732 1700 0.292053 0.356819 27.9962 22.1392 -13 2512 1 0 1
-3.14285 -0.847914 1700 0.111167 0.234669 27.9988 22.1373 -13 2513 1 0 1
-2.0627 -5.58472 1700 0.401454 0.626632 27.9901 22.1426 -13 2514 1 0 1
-0.485419 -0.258577 1700 -0.110182 -0.234526 27.9988 22.1375 -13 2515 1 0 1
1.2395 3.48844 1700 0.0278911 -0.0306658 28 22.1368 -13 2516 1 0 1
0.770173 1.7705 1700 0.050792 -0.0634605 27.9999 22.1367 -13 2517 1 0 1
-1.83397 -3.23255 1700 0.30695 0.356465 27.996 22.1389 -13 2518 1 0 1
0.291906 -2.00032 1700 0.117522 -0.0763854 27.9996 22.1368 -13 2519 1 0 1
0.33575 5.20374 1700 -0.110738 -0.223488 27.9989 22.1377 -13 2520 1 0 1
2.83889 -0.392565 1700 -0.0557093 0.0403775 27.9999 22.1368 -13 2521 1 0 1
-3.02463 -3.15934 1700 0.340158 0.437534 27.9945 22.1398 -13 2522 1 0 1
-1.00331 1.60016 1700 0.0240505 -0.00879171 28 22.1367 -13 2523 1 0 1
-1.80999 0.36477 1700 0.188713 0.0595518 27.9993 22.137 -13 2524 1 0 1
1.35354 -0.684184 1700 -0.025251 0.0319935 28 22.1367 -13 2525 1 0 1
1.28784 -0.208034 1700 -0.0579361 -0.208054 27.9992 22.1372 -13 2526 1 0 1
-1.36579 2.9375 1700 -0.116539 -0.278345 27.9984 22.1379 -13 2527 1 0 1
-2.41509 0.0975293 1700 0.242671 -0.141598 27.9986 22.1375 -13 2528 1 0 1
-2.3148 -5.34314 1700 0.39038 0.289258 27.9958 22.1393 -13 2529 1 0 1
0.617516 -1.04156 1700 0.0548269 0.0925474 27.9998 22.1368 -13 2530 1 0 1
1.6487 -5.45233 1700 0.223949 0.314495 27.9973 22.1385 -13 2531 1 0 1
7.42835 5.39429 1700 -0.27577 -0.293335 27.9971 22.1392 -13 2532 1 0 1
3.44319 -3.39696 1700 0.045124 -0.00812451 28 22.1368 -13 2533 1 0 1
1.04931 0.245521 1700 0.0257969 -0.172346 27.9995 22.137 -13 2534 1 0 1
5.47286 1.85702 1700 -0.232244 -0.0829753 27.9989 22.1378 -13 2535 1 0 1
3.35424 0.0582322 1700 0.00365565 0.028299 28 22.1368 -13 2536 1 0 1
2.10871 1.76448 1700 -0.0370138 -0.158437 27.9995 22.137 -13 2537 1 0 1
1.18838 2.04163 1700 -0.0825207 -0.102675 27.9997 22.137 -13 2538 1 0 1
0.817914 0.802996 1700 -0.0339115 0.147964 27.9996 22.137 -13 2539 1 0 1
-1.38 -1.09419 1700 0.0339243 -0.00180694 28 22.1367 -13 2540 1 0 1
3.25521 1.46636 1700 -0.0474001 -0.130471 27.9997 22.137 -13 2541 1 0 1
1.30586 1.9753 1700 -0.0274653 -0.140199 27.9996 22.137 -13 2542 1 0 1
-1.37281 -4.94766 1700 0.271116 0.407368 27.9957 22.1393 -13 2543 1 0 1
-2.91772 4.5823 1700 -0.0699246 -0.671313 27.9919 22.1422 -13 2544 1 0 1
-1.88052 -4.52692 1700 0.351362 0.240098 27.9968 22.1387 -13 2545 1 0 1
-1.2066 -1.70706 1700 0.098813 -0.142623 27.9995 22.137 -13 2546 1 0 1
0.444249 -0.0806547 1700 0.140272 0.0906357 27.9995 22.1369 -13 2547 1 0 1
-0.598708 2.79371 1700 0.120461 0.31096 27.998 22.1376 -13 2548 1 0 1
-0.773893 -3.48955 1700 0.346786 0.254841 27.9967 22.1386 -13 2549 1 0 1
3.96947 2.72434 1700 -0.211395 -0.254945 27.998 22.1382 -13 2550 1 0 1
-2.31056 1.13906 1700 -0.0699406 -0.0303483 27.9999 22.1368 -13 2551 1 0 1
-2.54374 0.0339052 1700 0.0576188 -0.083143 27.9998 22.1368 -13 2552 1 0 1
-3.79173 -1.67231 1700 0.100583 -0.109945 27.9996 22.137 -13 2553 1 0 1
-3.67096 -3.53726 1700 0.115589 0.0580593 27.9997 22.1369 -13 2554 1 0 1
0.629319 2.93887 1700 -0.0291946 -0.227808 27.9991 22.1374 -13 2555 1 0 1
2.13296 -0.689128 1700 0.0332573 -0.202101 27.9993 22.1371 -13 2556 1 0 1
2.39873 -0.856407 1700 -0.116674 -0.111362 27.9995 22.137 -13 2557 1 0 1
0.986457 3.17016 1700 -0.189503 0.0259701 27.9993 22.1374 -13 2558 1 0 1
-1.38036 0.761314 1700 0.0592194 -0.0448523 27.9999 22.1367 -13 2559 1 0 1
3.45213 -2.11962 1700 0.00418397 0.0452096 28 22.1368 -13 2560 1 0 1
0.375526 -5.98764 1700 0.208508 0.509229 27.9946 22.1401 -13 2561 1 0 1
-1.18762 1.5033 1700 0.121209 0.177815 27.9992 22.137 -13 2562 1 0 1
-1.2592 4.61154 1700 -0.154771 -0.586275 27.9934 22.1411 -13 2563 1 0 1
2.82178 -0.485562 1700 0.0516265 0.0450863 27.9999 22.1367 -13 2564 1 0 1
4.78841 1.1244 1700 -0.369539 -0.256371 27.9964 22.1392 -13 2565 1 0 1
5.22699 -0.0510326 1700 -0.1003 -0.106555 27.9996 22.1371 -13 2566 1 0 1
0.220272 0.637661 1700 0.0636699 -0.0272976 27.9999 22.1367 -13 2567 1 0 1
0.70296 0.334237 1700 0.0619995 0.0152882 27.9999 22.1367 -13 2568 1 0 1
0.727879 -1.34743 1700 0.121388 -0.185727 27.9991 22.1371 -13 2569 1 0 1
-3.25064 0.288172 1700 0.113283 -0.356396 27.9975 22.1383 -13 2570 1 0 1
-2.63002 -3.67597 1700 0.180465 0.247413 27.9983 22.1377 -13 2571 1 0 1
-0.845634 -1.47899 1700 0.168184 -0.146286 27.9991 22.1371 -13 2572 1 0 1
-4.44315 -1.57518 1700 0.329086 0.426065 27.9948 22.1394 -13 2573 1 0 1
0.618952 2.7194 1700 -0.0694119 -0.0685499 27.9998 22.1369 -13 2574 1 0 1
1.9212 -0.615523 1700 0.0357764 0.0189875 28 22.1367 -13 2575 1 0 1
1.28353 -5.30934 1700 0.0985679 -0.0177358 27.9998 22.1369 -13 2576 1 0 1
-7.53246 5.07108 1700 0.0495308 -0.385198 27.9973 22.1392 -13 2577 1 0 1
3.96437 4.5554 1700 -0.357139 -0.185451 27.9971 22.1391 -13 2578 1 0 1
-1.42827 -3.57868 1700 0.203876 0.181828 27.9987 22.1375 -13 2579 1 0 1
-1.0761 1.79979 1700 -0.0476494 -0.282612 27.9985 22.1377 -13 2580 1 0 1
2.09393 3.51381 1700 -0.137245 -0.272165 27.9983 22.1379 -13 2581 1 0 1
1.4017 -5.06405 1700 0.14042 0.453286 27.996 22.1393 -13 2582 1 0 1
-0.559316 -4.2684 1700 0.296799 0.278931 27.997 22.1385 -13 2583 1 0 1
0.915837 2.17121 1700 0.0140031 0.0347412 28 22.1367 -13 2584 1 0 1
-2.07406 -0.543086 1700 0.189794 0.158252 27.9989 22.1372 -13 2585 1 0 1
2.12643 0.00845415 1700 -0.138716 -0.220412 27.9988 22.1375 -13 2586 1 0 1
-0.737193 2.53132 1700 -0.0949616 -0.183387 27.9992 22.1373 -13 2587 1 0 1
-0.0536264 3.52413 1700 -0.173933 -0.012848 27.9995 22.1373 -13 2588 1 0 1
-0.679975 0.644608 1700 -0.000976949 -0.0218357 28 22.1367 -13 2589 1 0 1
0.475438 4.85902 1700 -0.359586 -0.286115 27.9962 22.1396 -13 2590 1 0 1
1.91543 -0.768902 1700 -0.0620115 0.00494553 27.9999 22.1368 -13 2591 1 0 1
-1.87137 1.49929 1700 0.0608266 -0.151404 27.9995 22.137 -13 2592 1 0 1
4.01624 9.36672 1700 -0.538176 -0.783463 27.9839 22.1479 -13 2593 1 0 1
3.65947 -1.93507 1700 -0.0179881 0.188063 27.9994 22.1372 -13 2594 1 0 1
1.28786 6.7026 1700 -0.258796 -0.331339 27.9968 22.1393 -13 2595 1 0 1
1.36862 -0.947625 1700 0.0412501 0.0607479 27.9999 22.1367 -13 2596 1 0 1
-3.61958 -3.70107 1700 0.252279 0.0831302 27.9987 22.1375 -13 2597 1 0 1
-0.900046 2.5979 1700 -0.1169 -0.0543528 27.9997 22.137 -13 2598 1 0 1
1.24855 -0.105763 1700 -0.00750467 -0.205173 27.9992 22.1371 -13 2599 1 0 1
1.51015 -1.10562 1700 0.0996534 0.27692 27.9985 22.1376 -13 2600 1 0 1
-2.788 2.19179 1700 -0.0546411 -0.184942 27.9993 22.1373 -13 2601 1 0 1
-2.63963 -0.743725 1700 0.109713 -0.12417 27.9995 22.137 -13 2602 1 0 1
-1.12126 -0.77479 1700 -0.0290109 0.273918 27.9986 22.1374 -13 2603 1 0 1
-1.34754 6.24351 1700 -0.348089 -0.486168 27.9936 22.1415 -13 2604 1 0 1
1.28558 1.23268 1700 0.0966921 0.331552 27.9979 22.1378 -13 2605 1 0 1
-1.4531 -2.28065 1700 0.112845 0.070554 27.9997 22.1368 -13 2606 1 0 1
0.107998 2.72382 1700 0.0507988 -0.372078 27.9975 22.1382 -13 2607 1 0 1
0.398284 2.12909 1700 -0.210253 -0.403156 27.9963 22.1391 -13 2608 1 0 1
0.687741 1.85919 1700 -0.100462 -0.075959 27.9997 22.137 -13 2609 1 0 1
-1.12366 0.550591 1700 0.0525207 -0.138588 27.9996 22.1369 -13 2610 1 0 1
-1.82762 -3.50282 1700 -0.0163626 0.0403414 28 22.1368 -13 2611 1 0 1
-0.239428 -4.59141 1700 0.272475 0.523308 27.9938 22.1404 -13 2612 1 0 1
-1.72699 -1.81844 1700 0.0656924 0.317639 27.9981 22.1377 -13 2613 1 0 1
-2.52595 4.09217 1700 -0.148568 -0.440476 27.9961 22.1395 -13 2614 1 0 1
-6.27688 -4.20496 1700 0.303061 0.188942 27.9977 22.1382 -13 2615 1 0 1
2.51095 0.284939 1700 0.155665 0.0129766 27.9996 22.1368 -13 2616 1 0 1
0.881687 1.17199 1700 -0.056649 -0.0683629 27.9999 22.1368 -13 2617 1 0 1
-2.25155 2.37743 1700 0.049348 0.0355123 27.9999 22.1367 -13 2618 1 0 1
0.237458 1.77427 1700 -0.0339352 -0.0468252 27.9999 22.1368 -13 2619 1 0 1
-0.162485 -0.451158 1700 -0.142404 -0.015554 27.9996 22.137 -13 2620 1 0 1
1.31627 4.36816 1700 -0.0881113 -0.249278 27.9988 22.1377 -13 2621 1 0 1
0.23638 -1.85429 1700 0.0195176 0.104756 27.9998 22.1368 -13 2622 1 0 1
-0.616832 1.98678 1700 0.0198672 -0.130753 27.9997 22.1369 -13 2623 1 0 1
-2.89359 -0.687988 1700 0.169468 -0.14033 27.9991 22.1372 -13 2624 1 0 1
-3.21909 -6.98566 1700 0.259977 0.489685 27.9945 22.1402 -13 2625 1 0 1
1.51752 0.150169 1700 0.221012 0.176951 27.9986 22.1374 -13 2626 1 0 1
-0.77834 4.6219 1700 0.0271619 -0.152691 27.9996 22.1371 -13 2627 1 0 1
0.420316 0.837699 1700 -0.0506886 -0.138791 27.9996 22.137 -13 2628 1 0 1
4.88386 -0.22394 1700 0.101534 0.46632 27.9959 22.1394 -13 2629 1 0 1
2.86759 1.83254 1700 -0.0607865 0.228125 27.999 22.1375 -13 2630 1 0 1
-1.69712 -0.262845 1700 0.0369842 -0.166822 27.9995 22.137 -13 2631 1 0 1
-7.01181 -2.16347 1700 0.323221 0.267673 27.9969 22.1385 -13 2632 1 0 1
3.32494 1.56943 1700 -0.230704 -0.257658 27.9979 22.1382 -13 2633 1 0 1
-0.975685 -4.67906 1700 0.399623 0.429972 27.9938 22.1404 -13 2634 1 0 1
0.975299 -0.279292 1700 0.00497989 0.269689 27.9987 22.1374 -13 2635 1 0 1
0.989992 0.642101 1700 0.0935675 0.017272 27.9998 22.1367 -13 2636 1 0 1
1.88369 -4.82865 1700 0.0311595 0.164972 27.9995 22.1372 -13 2637 1 0 1
-5.82433 -1.15451 1700 0.211672 0.0764026 27.9991 22.1373 -13 2638 1 0 1
0.483272 5.76148 1700 -0.184298 -0.400951 27.9965 22.1393 -13 2639 1 0 1
3.05961 2.4042 1700 -0.201267 -0.301694 27.9977 22.1383 -13 2640 1 0 1
-3.53119 -0.659867 1700 0.0132386 -0.19462 27.9993 22.1372 -13 2641 1 0 1
2.57401 -2.0551 1700 0.187972 0.0765919 27.9993 22.1371 -13 2642 1 0 1
-1.12653 3.58705 1700 0.0353936 0.00551743 28 22.1367 -13 2643 1 0 1
-2.55547 2.73476 1700 0.150319 0.00734794 27.9996 22.1369 -13 2644 1 0 1
1.23646 1.61981 1700 -0.101595 -0.00668894 27.9998 22.1369 -13 2645 1 0 1
0.581988 -3.79255 1700 0.15609 0.101558 27.9994 22.1371 -13 2646 1 0 1
4.08093 4.59459 1700 -0.0380033 -0.235456 27.999 22.1375 -13 2647 1 0 1
0.666245 3.83051 1700 -0.154308 0.00430896 27.9996 22.1372 -13 2648 1 0 1
-0.0449108 3.26821 1700 0.0769087 0.156741 27.9995 22.1369 -13 2649 1 0 1
1.68767 4.29493 1700 -0.234793 -0.511229 27.9943 22.1405 -13 2650 1 0 1
-1.18142 -2.20379 1700 0.255858 0.0219555 27.9988 22.1373 -13 2651 1 0 1
2.7097 1.55271 1700 -0.300378 -0.319193 27.9966 22.139 -13 2652 1 0 1
-0.251174 2.22074 1700 -0.0566422 -0.206136 27.9992 22.1373 -13 2653 1 0 1
-3.43054 -2.2457 1700 -0.0190494 -0.0807252 27.9999 22.1369 -13 2654 1 0 1
2.77865 -0.053121 1700 0.045201 0.133063 27.9996 22.1369 -13 2655 1 0 1
2.4839 2.93442 1700 -0.0985703 -0.261616 27.9986 22.1377 -13 2656 1 0 1
-0.0579918 0.0546945 1700 -0.0121415 0.0478252 28 22.1367 -13 2657 1 0 1
0.639258 0.645081 1700 -0.171085 0.201016 27.9988 22.1375 -13 2658 1 0 1
-2.41996 1.46093 1700 0.127931 -0.0143287 27.9997 22.1368 -13 2659 1 0 1
-3.37438 -2.29972 1700 0.0469416 -0.0836605 27.9998 22.1369 -13 2660 1 0 1
-0.619818 -0.0418488 1700 0.0610205 -0.0731016 27.9998 22.1367 -13 2661 1 0 1
-3.01506 -2.26022 1700 0.154237 -0.0102485 27.9996 22.137 -13 2662 1 0 1
-0.844222 2.01659 1700 -0.0352421 -0.134557 27.9997 22.137 -13 2663 1 0 1
-3.18257 -4.24521 1700 0.218226 0.420038 27.996 22.139 -13 2664 1 0 1
-0.190633 -4.41922 1700 0.301566 0.399128 27.9955 22.1394 -13 2665 1 0 1
-1.79867 -2.72944 1700 -0.0139333 0.444246 27.9965 22.1387 -13 2666 1 0 1
-0.365082 -2.39002 1700 0.0555877 0.21506 27.9991 22.1372 -13 2667 1 0 1
-0.03772 1.79068 1700 -0.0491796 -0.216031 27.9991 22.1373 -13 2668 1 0 1
5.374 3.86078 1700 -0.170354 -0.244321 27.9984 22.138 -13 2669 1 0 1
-2.23383 -4.72805 1700 0.392984 0.530775 27.9922 22.1413 -13 2670 1 0 1
-3.63607 -0.769641 1700 0.325447 0.191361 27.9975 22.138 -13 2671 1 0 1
2.49322 -2.53854 1700 0.00834571 0.0373988 28 22.1368 -13 2672 1 0 1
-0.078718 5.62504 1700 -0.157927 -0.286127 27.9981 22.1383 -13 2673 1 0 1
-1.83474 1.81184 1700 -0.122844 -0.357038 27.9975 22.1385 -13 2674 1 0 1
4.88502 0.481333 1700 -0.258054 -0.162926 27.9983 22.138 -13 2675 1 0 1
0.739101 -3.2859 1700 0.212268 0.457716 27.9955 22.1394 -13 2676 1 0 1
2.98736 1.97894 1700 -0.359648 -0.265633 27.9964 22.1392 -13 2677 1 0 1
2.21032 -4.2884 1700 0.298353 0.408246 27.9954 22.1395 -13 2678 1 0 1
-0.435099 3.40155 1700 -0.0567214 0.0594997 27.9999 22.1369 -13 2679 1 0 1
2.24109 3.27712 1700 -0.164335 -0.410241 27.9965 22.139 -13 2680 1 0 1
5.26973 4.93786 1700 -0.159789 -0.208053 27.9988 22.1379 -13 2681 1 0 1
0.160059 -0.944856 1700 -0.0628418 -0.173388 27.9994 22.1371 -13 2682 1 0 1
-2.78815 2.80125 1700 -0.0799203 0.0481592 27.9998 22.1369 -13 2683 1 0 1
-0.443794 -0.867629 1700 0.14714 0.014689 27.9996 22.1368 -13 2684 1 0 1
0.765291 2.98768 1700 -0.0735065 -0.0755709 27.9998 22.137 -13 2685 1 0 1
1.4337 1.98465 1700 -0.00397277 -0.242914 27.9989 22.1373 -13 2686 1 0 1
0.285035 -4.17286 1700 0.399707 0.355419 27.9949 22.1397 -13 2687 1 0 1
0.359405 4.11092 1700 -0.105443 -0.229272 27.9989 22.1377 -13 2688 1 0 1
1.45059 0.641592 1700 0.049535 0.0349585 27.9999 22.1367 -13 2689 1 0 1
-1.67068 10.2914 1700 -0.291973 -0.678561 27.9903 22.1442 -13 2690 1 0 1
-2.56126 -2.29835 1700 0.182628 0.261295 27.9982 22.1376 -13 2691 1 0 1
-1.6312 2.74541 1700 0.0751601 0.117013 27.9997 22.1368 -13 2692 1 0 1
2.02508 0.360311 1700 -0.0180477 -0.0709937 27.9999 22.1368 -13 2693 1 0 1
-0.724231 0.0646304 1700 0.111255 0.0107377 27.9998 22.1367 -13 2694 1 0 1
1.64352 2.40825 1700 0.0294023 0.0827437 27.9999 22.1368 -13 2695 1 0 1
-4.31052 -0.500519 1700 0.282251 0.232763 27.9976 22.1379 -13 2696 1 0 1
-0.152227 1.92426 1700 0.0135785 -0.143463 27.9996 22.1369 -13 2697 1 0 1
-0.944533 -1.2447 1700 0.0625846 0.0088516 27.9999 22.1367 -13 2698 1 0 1
6.63844 0.393529 1700 -0.173132 0.0706067 27.9994 22.1375 -13 2699 1 0 1
-1.13231 1.19131 1700 0.02709 0.0791052 27.9999 22.1367 -13 2700 1 0 1
1.21633 -6.21411 1700 0.194164 0.447999 27.9957 22.1395 -13 2701 1 0 1
-3.35975 0.323541 1700 0.125707 0.092895 27.9996 22.1369 -13 2702 1 0 1
0.0893489 0.229668 1700 0.0904949 -0.091482 27.9997 22.1368 -13 2703 1 0 1
-1.11255 1.98917 1700 -0.165939 -0.538174 27.9943 22.1404 -13 2704 1 0 1
1.99888 9.62938 1700 -0.341421 -0.535238 27.9928 22.1424 -13 2705 1 0 1
0.768558 3.36431 1700 -0.132216 -0.209385 27.9989 22.1376 -13 2706 1 0 1
-1.57606 -0.939299 1700 0.198176 -0.0534876 27.9992 22.1371 -13 2707 1 0 1
2.07106 1.8105 1700 -0.0360171 0.0139418 28 22.1368 -13 2708 1 0 1
2.73251 1.88453 1700 -0.328496 -0.172621 27.9975 22.1385 -13 2709 1 0 1
2.45387 -5.72104 1700 0.188101 0.297547 27.9978 22.1383 -13 2710 1 0 1
2.23704 4.57006 1700 -0.156174 -0.106125 27.9994 22.1375 -13 2711 1 0 1
3.26422 2.33524 1700 -0.300436 -0.249042 27.9973 22.1387 -13 2712 1 0 1
-1.89652 -5.44927 1700 0.22859 0.25564 27.9979 22.1381 -13 2713 1 0 1
-2.14771 -4.72939 1700 0.21283 0.33789 27.9972 22.1384 -13 2714 1 0 1
0.907877 3.57173 1700 -0.0881789 -0.194662 27.9992 22.1374 -13 2715 1 0 1
-0.0523 4.27263 1700 -0.125698 -0.450524 27.9961 22.1394 -13 2716 1 0 1
1.87069 1.2808 1700 -0.106349 -0.0632487 27.9997 22.137 -13 2717 1 0 1
-0.926071 -2.49386 1700 0.0734083 0.183182 27.9993 22.1371 -13 2718 1 0 1
-4.00366 -4.45283 1700 0.361188 0.474193 27.9937 22.1404 -13 2719 1 0 1
3.62576 1.87419 1700 -0.247975 -0.253543 27.9978 22.1383 -13 2720 1 0 1
2.29456 -1.1302 1700 0.0577015 0.0694422 27.9999 22.1368 -13 2721 1 0 1
-1.41221 -0.861999 1700 0.205779 0.0361343 27.9992 22.137 -13 2722 1 0 1
0.363747 2.66824 1700 0.00369673 -0.103342 27.9998 22.1369 -13 2723 1 0 1
-3.69701 -2.219 1700 0.187928 0.144614 27.999 22.1372 -13 2724 1 0 1
-2.95465 1.76933 1700 -0.108571 -0.194033 27.9991 22.1375 -13 2725 1 0 1
1.28405 -1.69226 1700 0.0775411 0.0387314 27.9999 22.1367 -13 2726 1 0 1
-1.06223 -2.20614 1700 0.28404 0.350365 27.9964 22.1387 -13 2727 1 0 1
-0.885216 -5.57102 1700 0.311029 0.413622 27.9952 22.1397 -13 2728 1 0 1
-1.61621 2.0683 1700 -0.0997312 -0.272327 27.9985 22.1378 -13 2729 1 0 1
4.62923 6.26465 1700 -0.301424 -0.180895 27.9978 22.1389 -13 2730 1 0 1
-0.846909 -0.647966 1700 0.0980065 0.456301 27.9961 22.1388 -13 2731 1 0 1
0.0877099 2.1403 1700 -0.199521 -0.191087 27.9986 22.1377 -13 2732 1 0 1
1.81859 6.12206 1700 -0.0287273 -0.24458 27.9989 22.1376 -13 2733 1 0 1
3.86624 1.38155 1700 -0.125322 -0.0593522 27.9997 22.1371 -13 2734 1 0 1
1.17248 0.972736 1700 0.0574439 0.0814336 27.9998 22.1367 -13 2735 1 0 1
1.17415 2.02702 1700 -0.105203 -0.226348 27.9989 22.1375 -13 2736 1 0 1
-2.17825 0.0309759 1700 0.0130901 0.0175926 28 22.1367 -13 2737 1 0 1
-1.71853 -4.21904 1700 0.280176 0.289226 27.9971 22.1384 -13 2738 1 0 1
1.19306 -1.87567 1700 0.0321059 -0.118343 27.9997 22.1368 -13 2739 1 0 1
-1.69136 -5.26304 1700 0.344076 0.435421 27.9945 22.14 -13 2740 1 0 1
0.308366 2.70317 1700 0.0123164 -0.231472 27.999 22.1373 -13 2741 1 0 1
3.10024 1.39457 1700 -0.119827 0.0024675 27.9997 22.137 -13 2742 1 0 1
3.90896 3.61116 1700 -0.135218 -0.232805 27.9987 22.1377 -13 2743 1 0 1
-0.409248 6.44441 1700 -0.120301 -0.339647 27.9977 22.1386 -13 2744 1 0 1
2.72831 3.52201 1700 -0.0980272 -0.00801654 27.9998 22.137 -13 2745 1 0 1
0.216126 2.6503 1700 -0.0593217 -0.0290638 27.9999 22.1368 -13 2746 1 0 1
5.03013 -0.13611 1700 0.0090516 0.204574 27.9993 22.1374 -13 2747 1 0 1
-4.55981 -4.84617 1700 0.299704 0.123518 27.9981 22.138 -13 2748 1 0 1
2.773 -3.02622 1700 0.193879 0.0827612 27.9992 22.1372 -13 2749 1 0 1
-2.81479 3.19899 1700 0.0532422 0.0681992 27.9999 22.1368 -13 2750 1 0 1
3.01467 6.45515 1700 -0.242291 -0.534233 27.9939 22.141 -13 2751 1 0 1
2.63719 2.11852 1700 -0.103207 -0.0848585 27.9997 22.137 -13 2752 1 0 1
-2.60547 3.23257 1700 0.00389837 -0.29467 27.9984 22.1379 -13 2753 1 0 1
-1.96538 0.695343 1700 0.195745 -0.143114 27.999 22.1372 -13 2754 1 0 1
1.24639 -0.168304 1700 0.000186349 -0.0320894 28 22.1367 -13 2755 1 0 1
0.84116 7.19486 1700 -0.317581 -0.451856 27.9946 22.1409 -13 2756 1 0 1
-2.02304 -1.73555 1700 0.223374 0.035132 27.9991 22.1372 -13 2757 1 0 1
3.16769 0.341829 1700 -0.0409933 -0.0841192 27.9998 22.1368 -13 2758 1 0 1
0.0731201 4.04988 1700 -0.00534533 -0.0177456 28 22.1368 -13 2759 1 0 1
0.544897 -0.734032 1700 -0.046351 -0.0860734 27.9998 22.1368 -13 2760 1 0 1
-1.92627 -2.6113 1700 0.110912 0.361631 27.9974 22.1381 -13 2761 1 0 1
-1.90104 -0.168292 1700 0.0252557 -0.00747484 28 22.1367 -13 2762 1 0 1
-3.75417 -6.22786 1700 0.285805 0.00601841 27.9985 22.1379 -13 2763 1 0 1
-2.43312 -0.476338 1700 0.00405023 -0.0720356 27.9999 22.1368 -13 2764 1 0 1
-0.741995 2.75028 1700 0.0269855 -0.10743 27.9998 22.1369 -13 2765 1 0 1
5.15179 3.33244 1700 -0.111969 0.00521767 27.9998 22.1372 -13 2766 1 0 1
1.9737 -0.914967 1700 0.19144 0.187187 27.9987 22.1374 -13 2767 1 0 1
2.71482 -3.4413 1700 0.128294 0.623388 27.9928 22.1412 -13 2768 1 0 1
3.14183 0.429133 1700 -0.0795861 0.012802 27.9999 22.1369 -13 2769 1 0 1
4.00698 -2.13854 1700 -0.028134 0.120236 27.9997 22.137 -13 2770 1 0 1
-2.80278 2.27613 1700 0.0415723 -0.222644 27.9991 22.1374 -13 2771 1 0 1
-5.89096 -1.96218 1700 0.281621 -0.17243 27.9981 22.1381 -13 2772 1 0 1
-0.00406769 0.641559 1700 -0.000754615 -0.23761 27.999 22.1373 -13 2773 1 0 1
0.401817 -0.157734 1700 0.144274 0.26597 27.9984 22.1375 -13 2774 1 0 1
1.75696 0.212085 1700 -0.0118861 0.0158654 28 22.1367 -13 2775 1 0 1
-1.78996 3.56668 1700 0.038739 -0.0587677 27.9999 22.1368 -13 2776 1 0 1
-6.80411 -2.42391 1700 0.255438 -0.047311 27.9988 22.1377 -13 2777 1 0 1
-2.4945 -3.79684 1700 0.0631164 -0.061774 27.9999 22.1369 -13 2778 1 0 1
0.978661 3.76087 1700 -0.165578 -0.405336 27.9966 22.139 -13 2779 1 0 1
0.539412 -2.08011 1700 0.138375 -0.0518138 27.9996 22.1369 -13 2780 1 0 1
1.96789 -0.575699 1700 -0.176435 0.0716808 27.9994 22.1372 -13 2781 1 0 1
0.476841 -0.757764 1700 0.0134861 0.0552019 27.9999 22.1367 -13 2782 1 0 1
-0.72972 -0.566057 1700 0.0127781 -0.160216 27.9995 22.137 -13 2783 1 0 1
-0.93389 0.183039 1700 0.060711 0.0165352 27.9999 22.1367 -13 2784 1 0 1
-0.201709 -2.96501 1700 0.123667 0.101314 27.9995 22.1369 -13 2785 1 0 1
0.663702 3.05941 1700 -0.0140325 -0.00228984 28 22.1368 -13 2786 1 0 1
-5.10329 -2.95808 1700 0.287548 0.117666 27.9983 22.1378 -13 2787 1 0 1
-1.80651 1.83362 1700 -0.0925371 -0.100824 27.9997 22.137 -13 2788 1 0 1
3.69748 -0.717068 1700 -0.0654139 -0.0532079 27.9999 22.1369 -13 2789 1 0 1
4.34167 -0.837158 1700 0.0590194 0.111798 27.9997 22.137 -13 2790 1 0 1
-0.881079 0.898311 1700 -0.102051 0.0579648 27.9998 22.1369 -13 2791 1 0 1
-2.14119 2.13835 1700 0.0955905 0.197325 27.9991 22.137 -13 2792 1 0 1
2.63025 -1.60708 1700 -0.0226989 0.175087 27.9994 22.1371 -13 2793 1 0 1
0.766475 -0.572548 1700 -0.00795463 0.103718 27.9998 22.1368 -13 2794 1 0 1
0.347994 0.149788 1700 0.110286 0.0527036 27.9997 22.1367 -13 2795 1 0 1
-4.03804 -8.14337 1700 0.262614 0.30548 27.9971 22.1389 -13 2796 1 0 1
-3.58051 -4.50346 1700 0.29911 0.473084 27.9944 22.1399 -13 2797 1 0 1
2.44778 2.52868 1700 -0.15287 0.128652 27.9993 22.1374 -13 2798 1 0 1
2.4834 4.15902 1700 -0.123502 -0.213973 27.9989 22.1376 -13 2799 1 0 1
0.504882 3.06742 1700 -0.0983093 -0.496138 27.9954 22.1396 -13 2800 1 0 1
3.42959 -2.14811 1700 0.129836 0.327121 27.9978 22.1381 -13 2801 1 0 1
0.0961241 1.22017 1700 0.0542054 -0.0453805 27.9999 22.1367 -13 2802 1 0 1
0.451279 -1.81909 1700 0.0175 0.137003 27.9997 22.1369 -13 2803 1 0 1
0.460353 -0.0972586 1700 0.0212364 0.187161 27.9994 22.137 -13 2804 1 0 1
0.821031 0.455121 1700 0.072821 0.0200547 27.9999 22.1367 -13 2805 1 0 1
-0.503718 -1.60823 1700 0.0350481 -0.05614 27.9999 22.1367 -13 2806 1 0 1
-0.156322 -2.23581 1700 0.0864612 0.238069 27.9989 22.1373 -13 2807 1 0 1
1.37224 -1.31302 1700 -0.186999 -0.0311164 27.9994 22.1372 -13 2808 1 0 1
2.02191 -0.828988 1700 -0.000341546 0.23704 27.999 22.1373 -13 2809 1 0 1
-1.30212 2.65 1700 0.0953021 0.0703795 27.9997 22.1368 -13 2810 1 0 1
-2.68613 -0.653844 1700 0.0311331 0.113839 27.9998 22.1368 -13 2811 1 0 1
3.5992 0.624447 1700 0.0308566 0.137059 27.9996 22.137 -13 2812 1 0 1
-4.94116 -2.10797 1700 0.259372 0.103151 27.9986 22.1375 -13 2813 1 0 1
-3.86866 1.10995 1700 0.0330475 -0.209877 27.9992 22.1374 -13 2814 1 0 1
0.275801 1.69534 1700 0.0580078 -0.0623123 27.9999 22.1367 -13 2815 1 0 1
1.94383 6.74398 1700 -0.252263 -0.471751 27.9949 22.1405 -13 2816 1 0 1
-0.474541 -1.60658 1700 0.00128561 0.18039 27.9994 22.137 -13 2817 1 0 1
-1.03603 1.94764 1700 -0.106717 -0.211581 27.999 22.1375 -13 2818 1 0 1
-4.37552 -0.923991 1700 0.137459 -0.128642 27.9994 22.1372 -13 2819 1 0 1
2.40548 -0.0142356 1700 -0.0106741 0.259181 27.9988 22.1375 -13 2820 1 0 1
0.806643 5.29248 1700 -0.288248 -0.290135 27.997 22.1391 -13 2821 1 0 1
-1.04973 0.348404 1700 -0.016921 -0.0368079 28 22.1367 -13 2822 1 0 1
0.517795 1.85777 1700 0.0637337 -0.141147 27.9996 22.1369 -13 2823 1 0 1
1.36589 -4.02679 1700 0.234134 0.326791 27.9971 22.1385 -13 2824 1 0 1
2.53679 0.649241 1700 -0.180374 -0.200955 27.9987 22.1376 -13 2825 1 0 1
0.205015 0.294355 1700 0.00712979 -0.128519 27.9997 22.1369 -13 2826 1 0 1
3.46186 4.72653 1700 -0.321563 -0.549418 27.9928 22.1415 -13 2827 1 0 1
0.180216 6.07423 1700 -0.127798 -0.364029 27.9973 22.1388 -13 2828 1 0 1
-2.05384 0.299728 1700 0.0712047 -0.109957 27.9997 22.1369 -13 2829 1 0 1
-1.31391 -0.39884 1700 -0.00858048 0.028619 28 22.1367 -13 2830 1 0 1
0.48613 -4.1778 1700 0.0355266 0.124281 27.9997 22.1369 -13 2831 1 0 1
-1.12965 1.61257 1700 -0.122718 0.0837292 27.9996 22.137 -13 2832 1 0 1
0.473256 -2.52528 1700 0.148823 0.120127 27.9993 22.137 -13 2833 1 0 1
-2.36577 -0.956394 1700 0.175449 0.194901 27.9988 22.1373 -13 2834 1 0 1
1.24417 -2.65253 1700 0.21523 0.314264 27.9974 22.1382 -13 2835 1 0 1
-0.851913 -4.75967 1700 0.516886 0.629513 27.9882 22.1437 -13 2836 1 0 1
-0.3017 -1.28236 1700 -0.0548536 -0.0759771 27.9998 22.1368 -13 2837 1 0 1
-2.17781 1.51573 1700 0.0689423 -0.0815166 27.9998 22.1368 -13 2838 1 0 1
-4.39921 -0.028889 1700 0.128463 -0.23108 27.9988 22.1376 -13 2839 1 0 1
-3.46332 3.11031 1700 -0.11907 -0.0513892 27.9997 22.1371 -13 2840 1 0 1
-2.26901 -3.15503 1700 0.349186 0.436982 27.9944 22.1398 -13 2841 1 0 1
0.36965 0.315027 1700 -0.0981473 -0.00376077 27.9998 22.1369 -13 2842 1 0 1
-3.02003 3.00235 1700 0.0853735 -0.242604 27.9988 22.1376 -13 2843 1 0 1
-3.41096 -5.77551 1700 0.411426 0.532268 27.9919 22.1416 -13 2844 1 0 1
0.442905 1.26319 1700 -0.121993 0.00125209 27.9997 22.137 -13 2845 1 0 1
2.91744 -6.14943 1700 0.125581 0.117132 27.9995 22.1373 -13 2846 1 0 1
0.612216 -0.245454 1700 0.0947969 0.173221 27.9993 22.137 -13 2847 1 0 1
-0.890437 0.123971 1700 0.0440738 0.151215 27.9996 22.1369 -13 2848 1 0 1
-2.94689 1.33948 1700 -0.0375638 -0.258929 27.9988 22.1376 -13 2849 1 0 1
-1.20186 2.59343 1700 -0.018493 -0.324822 27.9981 22.138 -13 2850 1 0 1
3.20607 -0.188703 1700 -0.044808 -0.234442 27.999 22.1373 -13 2851 1 0 1
-3.25809 -0.0252382 1700 0.0333251 -0.0620379 27.9999 22.1368 -13 2852 1 0 1
-0.954767 -0.0922484 1700 0.0397088 -0.160906 27.9995 22.137 -13 2853 1 0 1
-3.4814 6.06298 1700 -0.260535 -0.541319 27.9936 22.1416 -13 2854 1 0 1
0.74053 1.79562 1700 0.0952097 0.0892 27.9997 22.1368 -13 2855 1 0 1
1.00111 3.38392 1700 -0.129106 -0.217337 27.9989 22.1376 -13 2856 1 0 1
-1.88095 -6.60755 1700 0.211906 0.0730674 27.9991 22.1375 -13 2857 1 0 1
-2.22534 2.6372 1700 -0.0456885 0.0256135 28 22.1368 -13 2858 1 0 1
1.08286 3.24578 1700 -0.103687 -0.169913 27.9993 22.1373 -13 2859 1 0 1
-0.596493 -5.78004 1700 -0.0110647 0.0310094 28 22.1368 -13 2860 1 0 1
1.99871 2.1422 1700 0.0153026 -0.0114194 28 22.1367 -13 2861 1 0 1
-3.52413 0.697058 1700 0.171125 -0.0596135 27.9994 22.137 -13 2862 1 0 1
0.269657 0.506764 1700 -0.0144341 -0.212187 27.9992 22.1372 -13 2863 1 0 1
-1.50421 -4.06214 1700 0.260437 0.239346 27.9978 22.138 -13 2864 1 0 1
0.709548 0.360196 1700 -0.0283815 -0.144495 27.9996 22.1369 -13 2865 1 0 1
0.969814 -2.85735 1700 0.10217 0.19056 27.9992 22.1372 -13 2866 1 0 1
0.0800684 2.89787 1700 -0.142961 -0.177696 27.9991 22.1375 -13 2867 1 0 1
2.98733 1.86966 1700 -0.0960149 0.0875734 27.9997 22.1371 -13 2868 1 0 1
0.00334563 2.35964 1700 -0.108901 -0.303852 27.9981 22.138 -13 2869 1 0 1
-0.0331456 2.82285 1700 -0.120801 -0.10167 27.9996 22.1372 -13 2870 1 0 1
-0.112342 -2.55914 1700 0.0141998 -0.131166 27.9997 22.1369 -13 2871 1 0 1
1.56081 0.893261 1700 -0.0999887 -0.0604353 27.9998 22.1369 -13 2872 1 0 1
2.66769 6.82573 1700 -0.412136 -0.71721 27.9878 22.1449 -13 2873 1 0 1
-0.393762 -0.443922 1700 0.208167 0.282396 27.9978 22.1378 -13 2874 1 0 1
-1.09554 -1.91086 1700 0.166179 0.244004 27.9984 22.1375 -13 2875 1 0 1
0.21494 -4.39016 1700 0.215482 0.246577 27.9981 22.1379 -13 2876 1 0 1
3.37479 5.38327 1700 -0.290106 -0.306809 27.9968 22.1392 -13 2877 1 0 1
0.702699 0.742761 1700 -0.113482 -0.198153 27.9991 22.1373 -13 2878 1 0 1
3.16686 -1.47881 1700 -0.0861909 -0.133023 27.9996 22.137 -13 2879 1 0 1
-3.5171 -0.0981533 1700 0.199879 0.13496 27.999 22.1372 -13 2880 1 0 1
-2.7378 -5.7001 1700 0.348993 0.451945 27.9942 22.1403 -13 2881 1 0 1
1.70967 -0.895243 1700 0.00940358 -0.123307 27.9997 22.1368 -13 2882 1 0 1
3.84381 2.41513 1700 -0.0235844 0.125902 27.9997 22.137 -13 2883 1 0 1
-0.585956 2.98012 1700 -0.0771036 -0.155616 27.9995 22.1372 -13 2884 1 0 1
-2.60716 -11.3686 1700 0.455119 0.701487 27.9875 22.1452 -13 2885 1 0 1
-3.03636 -1.78974 1700 0.182824 0.105604 27.9992 22.1371 -13 2886 1 0 1
0.0113243 -2.63726 1700 0.164555 0.178698 27.9989 22.1373 -13 2887 1 0 1
2.93759 -3.30894 1700 -0.0311241 0.15741 27.9995 22.1371 -13 2888 1 0 1
0.202908 0.864722 1700 -0.047993 -0.105944 27.9998 22.1369 -13 2889 1 0 1
-1.3681 -2.6805 1700 0.224789 0.221224 27.9982 22.1377 -13 2890 1 0 1
2.64151 1.88814 1700 -0.115785 -0.0443037 27.9997 22.137 -13 2891 1 0 1
-1.89229 1.28615 1700 -0.0416061 -0.0743018 27.9999 22.1369 -13 2892 1 0 1
-1.01169 -0.640908 1700 0.0729688 0.207575 27.9991 22.1371 -13 2893 1 0 1
2.21531 -1.8678 1700 0.0226075 0.355847 27.9977 22.1381 -13 2894 1 0 1
-0.292002 1.89282 1700 0.114659 0.0466735 27.9997 22.1367 -13 2895 1 0 1
-2.93473 -5.51903 1700 0.352368 0.269768 27.9965 22.1389 -13 2896 1 0 1
1.84975 3.25907 1700 -0.210409 -0.223954 27.9983 22.138 -13 2897 1 0 1
-1.30973 0.873686 1700 0.0209962 0.121606 27.9997 22.1368 -13 2898 1 0 1
0.421292 -3.37413 1700 0.210743 0.376355 27.9967 22.1387 -13 2899 1 0 1
2.83302 -0.558078 1700 -0.0323659 0.205288 27.9992 22.1373 -13 2900 1 0 1
0.219328 -0.965214 1700 0.131059 0.055853 27.9996 22.1368 -13 2901 1 0 1
3.89848 3.41641 1700 -0.230503 -0.221521 27.9982 22.1382 -13 2902 1 0 1
1.19631 -0.0174814 1700 -0.0189428 0.0830016 27.9999 22.1368 -13 2903 1 0 1
4.17136 -1.84472 1700 0.191107 0.347182 27.9972 22.1385 -13 2904 1 0 1
-3.05922 -1.73491 1700 0.180138 -0.0743262 27.9993 22.1371 -13 2905 1 0 1
-2.4053 0.203205 1700 0.000820795 0.002692 28 22.1367 -13 2906 1 0 1
1.98856 1.19025 1700 0.030135 -0.0982102 27.9998 22.1368 -13 2907 1 0 1
0.153872 -3.18811 1700 0.14852 0.353919 27.9974 22.1382 -13 2908 1 0 1
-3.49427 -0.374364 1700 0.162172 0.184836 27.9989 22.1372 -13 2909 1 0 1
-1.704 -0.65164 1700 -0.0369203 0.153517 27.9996 22.1369 -13 2910 1 0 1
-0.281879 -7.94905 1700 0.314861 0.843836 27.9855 22.1458 -13 2911 1 0 1
-2.93421 -0.0693686 1700 0.0920527 0.04404 27.9998 22.1368 -13 2912 1 0 1
-0.804254 -1.17912 1700 0.0690653 0.327169 27.998 22.1378 -13 2913 1 0 1
0.904142 -0.523095 1700 -0.0210284 0.000442526 28 22.1367 -13 2914 1 0 1
-2.87977 0.489868 1700 0.0477121 0.0253956 27.9999 22.1367 -13 2915 1 0 1
4.84254 5.30596 1700 -0.427312 -0.413619 27.9937 22.1413 -13 2916 1 0 1
0.36672 3.98913 1700 -0.0336358 -0.107649 27.9998 22.137 -13 2917 1 0 1
2.78916 -0.0978529 1700 0.0423986 0.255109 27.9988 22.1375 -13 2918 1 0 1
-1.57641 -1.00766 1700 0.136869 0.323736 27.9978 22.1378 -13 2919 1 0 1
-1.53784 -2.53929 1700 0.116599 0.0686939 27.9997 22.1369 -13 2920 1 0 1
2.49573 -3.32884 1700 0.126235 0.179073 27.9991 22.1373 -13 2921 1 0 1
-0.669833 -3.53131 1700 0.111764 0.193612 27.9991 22.1372 -13 2922 1 0 1
2.35026 5.45746 1700 -0.240969 -0.276262 27.9976 22.1387 -13 2923 1 0 1
-0.651141 -2.06015 1700 0.145495 0.164327 27.9991 22.1371 -13 2924 1 0 1
-1.8979 -2.30012 1700 0.265197 0.286392 27.9973 22.1382 -13 2925 1 0 1
1.49756 1.09885 1700 -0.121689 0.0252894 27.9997 22.137 -13 2926 1 0 1
-0.923627 2.27161 1700 0.0825101 -0.0954584 27.9997 22.1368 -13 2927 1 0 1
-1.46336 -3.56511 1700 0.246159 0.234441 27.9979 22.1379 -13 2928 1 0 1
3.5899 6.25751 1700 -0.201831 -0.283548 27.9978 22.1386 -13 2929 1 0 1
-2.516 -2.11801 1700 0.17309 -0.119757 27.9992 22.1372 -13 2930 1 0 1
1.87043 -1.18929 1700 0.0406496 0.0488721 27.9999 22.1367 -13 2931 1 0 1
-1.33855 4.0472 1700 -0.0999629 -0.460996 27.996 22.1395 -13 2932 1 0 1
1.94043 -0.636701 1700 0.0576617 0.457637 27.9962 22.139 -13 2933 1 0 1
-1.56068 -2.97453 1700 0.170487 0.116556 27.9992 22.1371 -13 2934 1 0 1
1.0671 -2.05713 1700 0.0743216 0.111532 27.9997 22.1369 -13 2935 1 0 1
-0.485638 2.65836 1700 -0.114038 -0.268286 27.9985 22.1378 -13 2936 1 0 1
0.321836 1.47518 1700 0.0470266 0.331321 27.998 22.1378 -13 2937 1 0 1
1.81892 -2.46671 1700 -0.131963 -0.125139 27.9994 22.1371 -13 2938 1 0 1
-2.29502 1.53091 1700 -0.00223331 -0.0921082 27.9998 22.1369 -13 2939 1 0 1
3.66131 6.81308 1700 -0.318994 -0.430833 27.9949 22.1406 -13 2940 1 0 1
0.0420371 1.17557 1700 -0.00980922 -0.0909295 27.9999 22.1368 -13 2941 1 0 1
-2.1697 -1.14543 1700 0.112818 0.271474 27.9985 22.1375 -13 2942 1 0 1
-5.95099 -2.92146 1700 0.347895 0.055065 27.9978 22.1382 -13 2943 1 0 1
-0.0298262 1.76719 1700 0.000878647 -0.179609 27.9994 22.1371 -13 2944 1 0 1
4.70964 -0.990479 1700 -0.000771131 0.0848891 27.9999 22.1369 -13 2945 1 0 1
1.79412 5.13404 1700 0.00596384 -0.250209 27.9989 22.1375 -13 2946 1 0 1
0.64835 -0.479695 1700 0.109602 0.0491974 27.9997 22.1368 -13 2947 1 0 1
2.32357 5.19327 1700 -0.0870213 -0.379075 27.9973 22.1386 -13 2948 1 0 1
-1.39963 -3.97574 1700 0.306146 0.340006 27.9963 22.1389 -13 2949 1 0 1
0.143645 4.34705 1700 -0.103698 -0.349613 27.9976 22.1384 -13 2950 1 0 1
2.61651 -3.67532 1700 0.143628 0.269817 27.9983 22.1378 -13 2951 1 0 1
3.36635 2.06867 1700 -0.329132 -0.185461 27.9975 22.1386 -13 2952 1 0 1
-0.579783 -3.39278 1700 0.296638 0.307539 27.9967 22.1386 -13 2953 1 0 1
-3.3101 -0.582555 1700 0.104278 0.138687 27.9995 22.1369 -13 2954 1 0 1
-1.89333 -0.0699529 1700 0.255712 0.250349 27.9977 22.1378 -13 2955 1 0 1
0.474535 3.14507 1700 -0.1804 -0.252981 27.9983 22.138 -13 2956 1 0 1
-1.30047 -0.426261 1700 0.0424044 0.0734792 27.9999 22.1367 -13 2957 1 0 1
0.75202 -1.24034 1700 0.0875206 0.10441 27.9997 22.1368 -13 2958 1 0 1
-0.173137 -0.348124 1700 0.18424 0.199214 27.9987 22.1373 -13 2959 1 0 1
2.0619 4.11644 1700 -0.194239 -0.532002 27.9943 22.1404 -13 2960 1 0 1
4.09697 5.27909 1700 -0.352117 -0.527337 27.9928 22.1416 -13 2961 1 0 1
0.386813 -3.8972 1700 0.164266 0.197963 27.9988 22.1374 -13 2962 1 0 1
-1.2284 -5.11298 1700 0.219743 0.222291 27.9983 22.1378 -13 2963 1 0 1
2.48431 -1.67665 1700 -0.0729667 -0.107155 27.9997 22.1369 -13 2964 1 0 1
3.07897 -5.11773 1700 0.090221 0.337782 27.9978 22.1383 -13 2965 1 0 1
-2.33774 3.44047 1700 0.0154575 -0.158958 27.9995 22.1371 -13 2966 1 0 1
-0.0215901 5.26976 1700 -0.119682 -0.225971 27.9988 22.1378 -13 2967 1 0 1
3.58797 6.06644 1700 -0.29932 -0.817212 27.9865 22.1453 -13 2968 1 0 1
-0.870612 3.94637 1700 -0.0524344 -0.267326 27.9987 22.1377 -13 2969 1 0 1
1.57138 -1.76631 1700 0.0171347 0.0889806 27.9999 22.1368 -13 2970 1 0 1
1.06824 -3.78055 1700 0.166407 0.477103 27.9954 22.1395 -13 2971 1 0 1
-0.225948 1.20277 1700 0.0564926 0.0181168 27.9999 22.1367 -13 2972 1 0 1
0.608623 1.89885 1700 -0.0711347 -0.0379059 27.9999 22.1369 -13 2973 1 0 1
-0.0879182 4.97378 1700 -0.277116 -0.43443 27.9953 22.1402 -13 2974 1 0 1
1.64782 4.10519 1700 -0.160988 -0.189687 27.9989 22.1377 -13 2975 1 0 1
-3.62688 -0.976589 1700 0.0806414 -0.0855489 27.9998 22.1369 -13 2976 1 0 1
2.01565 0.659293 1700 -0.169668 -0.193536 27.9988 22.1375 -13 2977 1 0 1
3.66918 3.31288 1700 -0.0541878 -0.292198 27.9984 22.1377 -13 2978 1 0 1
0.179464 -2.72037 1700 0.222344 0.219922 27.9983 22.1377 -13 2979 1 0 1
-0.916774 0.710961 1700 0.225026 0.0824881 27.999 22.1371 -13 2980 1 0 1
0.242757 -3.0087 1700 0.0844022 0.360179 27.9976 22.1381 -13 2981 1 0 1
-1.49079 2.58495 1700 0.0343386 -0.33422 27.998 22.138 -13 2982 1 0 1
-2.71364 1.5022 1700 0.0348721 -0.320307 27.9981 22.138 -13 2983 1 0 1
2.42676 1.66594 1700 -0.126823 -0.0378247 27.9997 22.1371 -13 2984 1 0 1
-1.74499 -4.97115 1700 0.164787 0.222147 27.9986 22.1376 -13 2985 1 0 1
-0.729437 1.70656 1700 -0.110556 -0.287915 27.9983 22.1379 -13 2986 1 0 1
-0.551623 -3.74963 1700 0.085946 0.193433 27.9992 22.1372 -13 2987 1 0 1
-2.5964 -3.87072 1700 0.0269318 -0.0894534 27.9998 22.1369 -13 2988 1 0 1
-1.51611 -6.15627 1700 0.40018 0.452873 27.9935 22.1408 -13 2989 1 0 1
1.75744 -2.174 1700 0.171845 0.318867 27.9977 22.1381 -13 2990 1 0 1
0.97203 -1.36474 1700 0.0232786 0.281401 27.9986 22.1375 -13 2991 1 0 1
1.58764 2.43805 1700 0.154746 0.181413 27.999 22.1371 -13 2992 1 0 1
-0.126006 -2.5633 1700 -0.00730185 -0.00757949 28 22.1367 -13 2993 1 0 1
1.02893 5.19744 1700 -0.0464357 0.0734915 27.9999 22.137 -13 2994 1 0 1
0.836323 -1.89237 1700 -0.00023965 -0.0856783 27.9999 22.1368 -13 2995 1 0 1
0.697594 4.01287 1700 -0.198524 -0.212039 27.9985 22.138 -13 2996 1 0 1
-0.523053 -7.03066 1700 0.336139 0.397262 27.9952 22.1399 -13 2997 1 0 1
3.74792 -0.0625079 1700 -0.0299488 0.0357966 28 22.1368 -13 2998 1 0 1
1.51591 4.7816 1700 -0.317152 -0.485498 27.994 22.1409 -13 2999 1 0 1
0.504567 -2.40624 1700 0.000322379 0.209349 27.9992 22.1372 -13 3000 1 0 1
4.31871 0.644215 1700 -0.158077 -0.0326661 27.9995 22.1372 -13 3001 1 0 1
0.23604 -0.119407 1700 -0.0924922 -0.0513307 27.9998 22.1369 -13 3002 1 0 1
0.0527069 -1.51866 1700 0.0157574 0.0665499 27.9999 22.1367 -13 3003 1 0 1
0.847635 -1.70274 1700 0.0195602 -0.0262161 28 22.1367 -13 3004 1 0 1
1.71446 4.38405 1700 -0.329147 -0.588677 27.9919 22.1421 -13 3005 1 0 1
1.06331 2.7718 1700 -0.0209477 -0.376613 27.9975 22.1383 -13 3006 1 0 1
-1.48617 0.522396 1700 0.0261765 -0.104441 27.9998 22.1368 -13 3007 1 0 1
2.80797 -4.35907 1700 0.192114 0.12511 27.9991 22.1374 -13 3008 1 0 1
2.06642 -1.27169 1700 0.103652 -0.0720335 27.9997 22.1368 -13 3009 1 0 1
1.50415 1.16904 1700 -0.00482814 -0.0524676 28 22.1367 -13 3010 1 0 1
-1.26352 0.294009 1700 0.0813227 -0.35241 27.9977 22.1381 -13 3011 1 0 1
-0.0929921 0.252857 1700 0.0895098 -0.0152581 27.9999 22.1367 -13 3012 1 0 1
-0.846181 -2.89764 1700 0.430613 0.31706 27.9949 22.1396 -13 3013 1 0 1
0.806374 -1.70005 1700 0.281509 0.314453 27.9968 22.1384 -13 3014 1 0 1
-0.865488 0.842951 1700 0.121958 0.273724 27.9984 22.1374 -13 3015 1 0 1
0.183722 -2.32887 1700 -0.0366696 0.0549812 27.9999 22.1368 -13 3016 1 0 1
-0.522993 1.98744 1700 -0.0459099 -0.0992538 27.9998 22.1369 -13 3017 1 0 1
-1.35521 1.35435 1700 -0.0943573 -0.493232 27.9955 22.1396 -13 3018 1 0 1
-2.89184 -1.26454 1700 0.336061 0.173249 27.9974 22.138 -13 3019 1 0 1
-1.70303 -5.06214 1700 0.493916 0.930243 27.9802 22.1483 -13 3020 1 0 1
-1.23048 3.61275 1700 -0.0499887 -0.151768 27.9995 22.1372 -13 3021 1 0 1
0.560612 3.70783 1700 -0.213368 -0.512117 27.9945 22.1403 -13 3022 1 0 1
2.98378 -3.32501 1700 0.231948 0.517322 27.9943 22.1403 -13 3023 1 0 1
-4.09129 -1.9873 1700 0.182571 0.0939078 27.9992 22.1371 -13 3024 1 0 1
-0.0179906 1.44081 1700 -0.0692354 0.0907154 27.9998 22.1369 -13 3025 1 0 1
0.584755 1.68797 1700 0.0472664 -0.134352 27.9996 22.1369 -13 3026 1 0 1
-0.693385 4.72011 1700 -0.143124 -0.115894 27.9994 22.1374 -13 3027 1 0 1
-1.45034 -0.8891 1700 0.12933 0.102185 27.9995 22.1369 -13 3028 1 0 1
-0.816081 0.766078 1700 0.22309 0.261661 27.9979 22.1377 -13 3029 1 0 1
-3.24717 -0.028041 1700 -0.0622439 -0.303036 27.9983 22.1379 -13 3030 1 0 1
3.45095 -1.55197 1700 -0.159337 0.0387628 27.9995 22.1372 -13 3031 1 0 1
4.40874 1.09722 1700 -0.219071 -0.19043 27.9985 22.1378 -13 3032 1 0 1
-3.618 -0.308276 1700 0.106064 0.234992 27.9988 22.1372 -13 3033 1 0 1
3.4926 -1.2939 1700 -0.0447202 0.0722815 27.9999 22.1369 -13 3034 1 0 1
0.0831281 -1.37633 1700 0.0549543 0.0865248 27.9998 22.1368 -13 3035 1 0 1
-2.43778 -2.30457 1700 0.357713 0.301661 27.9961 22.1388 -13 3036 1 0 1
2.9839 0.586745 1700 0.0131244 0.120725 27.9997 22.1369 -13 3037 1 0 1
1.75898 2.98172 1700 -0.176002 -0.452099 27.9958 22.1394 -13 3038 1 0 1
-1.18059 0.510481 1700 0.139555 0.385057 27.997 22.1382 -13 3039 1 0 1
-0.238041 2.22684 1700 -0.00683366 0.0851856 27.9999 22.1368 -13 3040 1 0 1
1.76732 1.58075 1700 -0.0570651 -0.32181 27.9981 22.1379 -13 3041 1 0 1
0.0191632 3.6683 1700 -0.0877315 -0.135199 27.9995 22.1372 -13 3042 1 0 1
-1.80497 -1.57499 1700 0.148805 0.0675633 27.9995 22.1369 -13 3043 1 0 1
-3.04412 -7.1582 1700 0.426711 0.56652 27.991 22.1423 -13 3044 1 0 1
1.25702 -1.43736 1700 0.169219 0.279522 27.9981 22.1377 -13 3045 1 0 1
0.281094 -1.65309 1700 0.0978471 0.111254 27.9996 22.1369 -13 3046 1 0 1
-3.64865 -7.06606 1700 0.471007 0.495018 27.9917 22.142 -13 3047 1 0 1
-0.557857 -1.23752 1700 0.118823 -0.0647672 27.9997 22.1368 -13 3048 1 0 1
-3.74695 2.22039 1700 0.150794 -0.191816 27.9989 22.1374 -13 3049 1 0 1
2.35169 3.9125 1700 -0.0590354 -0.120459 27.9997 22.1371 -13 3050 1 0 1
1.4548 -4.13579 1700 0.329131 0.513049 27.9934 22.1407 -13 3051 1 0 1
1.1005 2.05129 1700 -0.195347 -0.334804 27.9973 22.1385 -13 3052 1 0 1
-2.34644 -2.54973 1700 0.255432 0.130209 27.9985 22.1375 -13 3053 1 0 1
-0.916541 -0.542352 1700 0.144245 0.163765 27.9991 22.1371 -13 3054 1 0 1
0.735282 -1.78663 1700 0.0958854 0.110639 27.9996 22.1369 -13 3055 1 0 1
1.6703 -1.21864 1700 0.05012 0.168224 27.9994 22.137 -13 3056 1 0 1
3.59761 2.51737 1700 -0.0944119 -0.120208 27.9996 22.1371 -13 3057 1 0 1
0.0460944 -4.3474 1700 0.275836 0.286074 27.9972 22.1384 -13 3058 1 0 1
-0.798735 3.40155 1700 -0.15196 -0.235719 27.9986 22.1378 -13 3059 1 0 1
0.795891 -2.79225 1700 -0.0220169 0.0165544 28 22.1367 -13 3060 1 0 1
-2.46101 6.29004 1700 -0.136998 -0.563004 27.994 22.1411 -13 3061 1 0 1
-4.25262 -1.2273 1700 0.215564 -0.185505 27.9986 22.1377 -13 3062 1 0 1
-3.80008 -1.87555 1700 0.157442 0.0344836 27.9995 22.137 -13 3063 1 0 1
-1.58893 -2.62928 1700 0.281473 0.206978 27.9978 22.1379 -13 3064 1 0 1
-1.51831 -0.735588 1700 0.00407846 -0.134476 27.9997 22.1369 -13 3065 1 0 1
0.0702186 -2.42669 1700 0.128015 0.249946 27.9986 22.1375 -13 3066 1 0 1
4.249 -1.1551 1700 -0.0713274 0.110147 27.9997 22.1371 -13 3067 1 0 1
7.11273 3.4116 1700 -0.148485 -0.025797 27.9996 22.1375 -13 3068 1 0 1
1.87395 -1.80541 1700 0.197528 -0.0421199 27.9993 22.137 -13 3069 1 0 1
1.27362 1.73997 1700 -0.0149275 -0.00632634 28 22.1367 -13 3070 1 0 1
-0.937593 -2.84769 1700 0.0703526 0.355622 27.9977 22.138 -13 3071 1 0 1
0.759189 1.03562 1700 -0.111944 -0.141768 27.9994 22.1371 -13 3072 1 0 1
-1.14632 1.8605 1700 -0.037787 -0.207222 27.9992 22.1373 -13 3073 1 0 1
-1.82322 -0.774732 1700 0.223748 0.376064 27.9966 22.1384 -13 3074 1 0 1
-3.37117 -5.04293 1700 0.388933 0.259543 27.9961 22.1391 -13 3075 1 0 1
-3.43486 -6.76616 1700 0.284389 0.294418 27.997 22.1388 -13 3076 1 0 1
0.485257 3.904 1700 -0.151472 -0.279758 27.9982 22.1381 -13 3077 1 0 1
-1.36844 -0.747235 1700 0.338432 0.103731 27.9978 22.1378 -13 3078 1 0 1
-1.88988 -1.74125 1700 0.0988105 0.102764 27.9996 22.1369 -13 3079 1 0 1
-2.6729 -0.878037 1700 0.0784569 0.0429 27.9999 22.1367 -13 3080 1 0 1
-0.379553 -1.50546 1700 0.12107 0.0665102 27.9997 22.1368 -13 3081 1 0 1
-2.41909 -4.20824 1700 0.234535 0.39017 27.9963 22.1389 -13 3082 1 0 1
0.430347 0.952486 1700 -0.128202 -0.05979 27.9996 22.137 -13 3083 1 0 1
1.62453 3.66109 1700 -0.2389 -0.372001 27.9965 22.1392 -13 3084 1 0 1
0.259815 -2.59682 1700 0.282094 0.177577 27.998 22.1378 -13 3085 1 0 1
0.047297 -1.93759 1700 0.0387921 0.0561239 27.9999 22.1367 -13 3086 1 0 1
0.99457 2.92491 1700 -0.229579 -0.142998 27.9987 22.1378 -13 3087 1 0 1
0.551025 -1.58187 1700 -0.0192401 -0.145281 27.9996 22.1369 -13 3088 1 0 1
-0.0335653 -3.03102 1700 0.240679 0.263098 27.9977 22.138 -13 3089 1 0 1
4.05332 -1.10357 1700 0.22179 0.187224 27.9985 22.1376 -13 3090 1 0 1
1.72006 5.66167 1700 -0.169143 -0.343967 27.9974 22.1387 -13 3091 1 0 1
-1.65154 -5.10161 1700 0.217554 0.538866 27.994 22.1403 -13 3092 1 0 1
-2.41335 0.830572 1700 0.219133 0.112136 27.9989 22.1371 -13 3093 1 0 1
-0.867125 -0.292593 1700 0.0914331 -0.115288 27.9996 22.1369 -13 3094 1 0 1
-2.65884 -3.23015 1700 0.249853 0.177961 27.9983 22.1377 -13 3095 1 0 1
-1.18629 1.62118 1700 0.0302901 -0.0104552 28 22.1367 -13 3096 1 0 1
3.40939 -1.53956 1700 -0.0277278 0.178512 27.9994 22.1372 -13 3097 1 0 1
1.85375 -0.906908 1700 0.102321 0.185659 27.9992 22.1371 -13 3098 1 0 1
3.07655 3.37784 1700 -0.24769 -0.23683 27.9979 22.1383 -13 3099 1 0 1
0.414182 2.72428 1700 -0.0414728 -0.0240344 28 22.1368 -13 3100 1 0 1
-3.27686 -8.69807 1700 0.434399 0.62057 27.9898 22.1433 -13 3101 1 0 1
-2.40474 -1.84636 1700 0.221941 0.0776292 27.999 22.1372 -13 3102 1 0 1
-0.798784 -3.93783 1700 0.123522 0.485328 27.9955 22.1393 -13 3103 1 0 1
-1.50578 -3.79019 1700 0.0200567 0.0901115 27.9998 22.1368 -13 3104 1 0 1
1.9108 -4.46024 1700 0.0876 0.275782 27.9985 22.1377 -13 3105 1 0 1
-1.43117 -0.102239 1700 0.0333257 -0.00175788 28 22.1367 -13 3106 1 0 1
0.0528146 1.93743 1700 -0.0602631 -0.179088 27.9994 22.1372 -13 3107 1 0 1
-3.91576 -0.363406 1700 0.113251 -0.0630285 27.9997 22.1369 -13 3108 1 0 1
-1.2707 -2.98622 1700 0.167519 0.138086 27.9992 22.1372 -13 3109 1 0 1
2.66476 8.22626 1700 -0.250828 -0.302974 27.9972 22.1393 -13 3110 1 0 1
3.83375 3.3873 1700 -0.211226 -0.410564 27.9962 22.1392 -13 3111 1 0 1
0.00227327 2.32578 1700 -0.115267 -0.220521 27.9989 22.1375 -13 3112 1 0 1
-0.822485 -5.31543 1700 0.453823 0.511552 27.9916 22.1417 -13 3113 1 0 1
3.38522 -2.57423 1700 0.148693 0.3878 27.9969 22.1387 -13 3114 1 0 1
1.52441 5.06932 1700 -0.243528 -0.379721 27.9964 22.1394 -13 3115 1 0 1
-1.86605 2.45359 1700 0.0534058 -0.133663 27.9996 22.137 -13 3116 1 0 1
4.46732 0.232762 1700 -0.0384308 -0.0569801 27.9999 22.1368 -13 3117 1 0 1
0.76247 -1.26405 1700 0.00224334 0.00176741 28 22.1367 -13 3118 1 0 1
1.99143 -1.80799 1700 0.222395 0.243571 27.9981 22.1378 -13 3119 1 0 1
-0.685186 -2.02561 1700 0.220111 0.174185 27.9986 22.1374 -13 3120 1 0 1
0.79325 4.01266 1700 -0.212351 -0.392597 27.9964 22.1392 -13 3121 1 0 1
-2.32889 3.91713 1700 -0.0452837 -0.215272 27.9991 22.1375 -13 3122 1 0 1
0.802556 -1.95313 1700 0.11708 0.181915 27.9992 22.1371 -13 3123 1 0 1
-2.13527 -2.33127 1700 0.236033 0.14389 27.9986 22.1374 -13 3124 1 0 1
-2.59185 -6.16869 1700 0.423458 0.40841 27.9938 22.1406 -13 3125 1 0 1
-1.14388 -5.09894 1700 0.0727453 0.188793 27.9993 22.1372 -13 3126 1 0 1
2.21249 -2.5735 1700 0.114729 0.350917 27.9976 22.1382 -13 3127 1 0 1
-1.34673 -1.5402 1700 0.189072 0.10993 27.9991 22.1371 -13 3128 1 0 1
1.31311 -0.518719 1700 0.107902 0.177281 27.9992 22.1371 -13 3129 1 0 1
-0.700551 -4.77024 1700 0.134773 0.220515 27.9988 22.1375 -13 3130 1 0 1
-1.96892 4.43748 1700 -0.0786902 -0.386955 27.9972 22.1388 -13 3131 1 0 1
0.796801 4.13122 1700 0.0721489 -0.298497 27.9983 22.1377 -13 3132 1 0 1
2.13249 1.45499 1700 -0.179733 -0.0632687 27.9994 22.1373 -13 3133 1 0 1
-0.112862 3.2971 1700 -0.214005 -0.213329 27.9984 22.138 -13 3134 1 0 1
2.05277 -0.385012 1700 0.0106764 0.0948121 27.9998 22.1368 -13 3135 1 0 1
2.40603 5.30862 1700 -0.311126 -0.442677 27.9948 22.1404 -13 3136 1 0 1
0.261932 1.61761 1700 -0.0502574 -0.210131 27.9992 22.1373 -13 3137 1 0 1
0.151586 -1.45204 1700 -0.00915525 -0.0111375 28 22.1367 -13 3138 1 0 1
-1.79145 -1.914 1700 0.235218 0.229796 27.9981 22.1377 -13 3139 1 0 1
-2.04083 -0.615067 1700 0.0979495 0.151304 27.9994 22.1369 -13 3140 1 0 1
-1.44083 -3.03238 1700 0.28984 0.188433 27.9979 22.1379 -13 3141 1 0 1
0.679591 1.0164 1700 -0.159581 -0.24329 27.9985 22.1377 -13 3142 1 0 1
1.89252 -1.3498 1700 0.0169775 0.110915 27.9998 22.1368 -13 3143 1 0 1
0.391248 10.9654 1700 -0.431599 -0.866947 27.9832 22.1487 -13 3144 1 0 1
-1.00703 4.12638 1700 0.0209669 0.114002 27.9998 22.1369 -13 3145 1 0 1
5.81351 -1.37612 1700 0.03764 0.0739317 27.9999 22.137 -13 3146 1 0 1
0.765264 -1.16467 1700 0.216246 0.0113504 27.9992 22.137 -13 3147 1 0 1
1.63948 -2.7459 1700 -0.0761056 -0.00440125 27.9999 22.1368 -13 3148 1 0 1
-0.973902 0.503238 1700 -0.0036119 -0.229253 27.9991 22.1373 -13 3149 1 0 1
1.67672 1.53062 1700 -0.155962 -0.201356 27.9988 22.1375 -13 3150 1 0 1
0.44999 -0.792256 1700 0.0687368 -0.0532682 27.9999 22.1367 -13 3151 1 0 1
0.23276 0.735929 1700 -0.0605018 -0.119569 27.9997 22.1369 -13 3152 1 0 1
1.50862 -1.83176 1700 0.191591 0.536045 27.9942 22.1401 -13 3153 1 0 1
-0.912727 -3.52191 1700 0.181982 0.0503273 27.9994 22.1371 -13 3154 1 0 1
0.120539 2.22609 1700 0.0980866 0.137866 27.9995 22.1369 -13 3155 1 0 1
-2.11142 1.10487 1700 0.113813 -0.0490829 27.9997 22.1368 -13 3156 1 0 1
2.30892 -0.462992 1700 -0.0135076 0.084642 27.9999 22.1368 -13 3157 1 0 1
-0.649014 3.74322 1700 -0.224772 -0.107062 27.9989 22.1377 -13 3158 1 0 1
-0.412 1.28335 1700 0.0270673 0.0661138 27.9999 22.1367 -13 3159 1 0 1
5.01104 5.51196 1700 -0.273048 -0.329486 27.9967 22.1393 -13 3160 1 0 1
0.804387 -2.69954 1700 0.100383 0.164023 27.9993 22.1371 -13 3161 1 0 1
0.900384 -2.73328 1700 0.183542 0.368828 27.997 22.1385 -13 3162 1 0 1
-0.0666883 -3.34417 1700 0.168759 -0.0702779 27.9994 22.137 -13 3163 1 0 1
-1.91357 2.69791 1700 0.128997 -0.0524117 27.9997 22.1368 -13 3164 1 0 1
0.796882 1.6746 1700 0.0685699 -0.000514934 27.9999 22.1367 -13 3165 1 0 1
4.0304 1.86103 1700 -0.232681 -0.0698105 27.9989 22.1377 -13 3166 1 0 1
-1.43949 -0.411335 1700 0.187633 0.144658 27.999 22.1371 -13 3167 1 0 1
3.63752 0.527087 1700 -0.163838 -0.22484 27.9986 22.1376 -13 3168 1 0 1
-1.42648 5.1916 1700 -0.190404 -0.463901 27.9955 22.14 -13 3169 1 0 1
0.531747 2.01606 1700 0.0333532 -0.067244 27.9999 22.1367 -13 3170 1 0 1
2.08511 2.02795 1700 0.212141 0.21522 27.9984 22.1375 -13 3171 1 0 1
-1.14305 -2.10314 1700 0.111501 -0.0804788 27.9997 22.1369 -13 3172 1 0 1
0.839694 3.45364 1700 -0.0152641 -0.399924 27.9971 22.1385 -13 3173 1 0 1
2.07158 1.25685 1700 0.0167545 0.0621761 27.9999 22.1368 -13 3174 1 0 1
1.47946 0.65771 1700 -0.094942 -0.171217 27.9993 22.1372 -13 3175 1 0 1
-4.20439 0.867351 1700 0.15619 0.123406 27.9993 22.137 -13 3176 1 0 1
-0.288062 -0.221876 1700 0.0872534 0.118545 27.9996 22.1368 -13 3177 1 0 1
-2.38944 -1.07441 1700 0.0792156 0.0273306 27.9999 22.1367 -13 3178 1 0 1
-3.1674 -2.2211 1700 0.382185 0.42873 27.9941 22.1399 -13 3179 1 0 1
2.11385 -0.427782 1700 -0.0275536 0.100313 27.9998 22.1369 -13 3180 1 0 1
0.496445 -1.62325 1700 0.0240805 0.245669 27.9989 22.1373 -13 3181 1 0 1
-1.93932 -2.86831 1700 0.301166 0.442459 27.9949 22.1395 -13 3182 1 0 1
2.64696 1.85725 1700 -0.133924 -0.0586275 27.9996 22.1371 -13 3183 1 0 1
-5.04336 -2.09858 1700 0.254555 -0.0893119 27.9987 22.1376 -13 3184 1 0 1
0.0135987 0.593386 1700 0.0519996 -0.0181324 27.9999 22.1367 -13 3185 1 0 1
3.24157 3.20473 1700 -0.116743 -0.140973 27.9994 22.1373 -13 3186 1 0 1
-1.12101 -3.22293 1700 0.297442 0.259476 27.9972 22.1383 -13 3187 1 0 1
-0.3763 -6.88176 1700 0.425543 0.436437 27.9934 22.141 -13 3188 1 0 1
6.04788 8.79963 1700 -0.240535 -0.619051 27.9921 22.1423 -13 3189 1 0 1
1.19813 6.64342 1700 -0.40686 -0.556373 27.9915 22.1428 -13 3190 1 0 1
1.70894 1.79452 1700 -0.0627653 0.0166251 27.9999 22.1368 -13 3191 1 0 1
3.56969 1.52956 1700 -0.271877 -0.544346 27.9934 22.1407 -13 3192 1 0 1
0.334415 -3.16231 1700 0.0530693 -0.00514968 27.9999 22.1367 -13 3193 1 0 1
-2.81398 -3.05239 1700 0.120637 0.0629582 27.9997 22.1369 -13 3194 1 0 1
-1.9295 -2.19537 1700 0.189984 0.15002 27.999 22.1372 -13 3195 1 0 1
0.411914 0.0463895 1700 0.0979804 0.112373 27.9996 22.1368 -13 3196 1 0 1
1.17786 -2.84761 1700 0.141498 -0.215855 27.9988 22.1373 -13 3197 1 0 1
0.260733 0.775088 1700 0.206896 0.0553025 27.9992 22.137 -13 3198 1 0 1
-2.45161 -4.28936 1700 0.193458 0.273244 27.998 22.1379 -13 3199 1 0 1
-1.02499 -1.11293 1700 0.00659505 -0.0739365 27.9999 22.1368 -13 3200 1 0 1
-0.686569 -2.89768 1700 0.172839 0.3024 27.9978 22.1379 -13 3201 1 0 1
-2.91166 -5.81908 1700 0.349037 0.475264 27.9938 22.1405 -13 3202 1 0 1
1.04822 -0.468806 1700 0.0137219 -0.0328442 28 22.1367 -13 3203 1 0 1
-0.904839 -2.74484 1700 0.195346 0.0139661 27.9993 22.1371 -13 3204 1 0 1
-0.824423 0.467725 1700 0.0337509 0.0329525 28 22.1367 -13 3205 1 0 1
1.0703 -4.93 1700 0.23485 0.290224 27.9975 22.1383 -13 3206 1 0 1
-2.45673 -1.43309 1700 0.129458 -0.00168306 27.9997 22.1368 -13 3207 1 0 1
-2.12163 3.65188 1700 -0.237082 -0.52803 27.994 22.1408 -13 3208 1 0 1
-1.52735 -2.11947 1700 0.159105 0.29345 27.998 22.1377 -13 3209 1 0 1
1.14134 -6.88131 1700 0.526614 0.504542 27.9905 22.1428 -13 3210 1 0 1
-0.293671 -0.21535 1700 0.07425 0.101956 27.9997 22.1368 -13 3211 1 0 1
-0.351537 1.5144 1700 0.0251931 -0.142068 27.9996 22.1369 -13 3212 1 0 1
1.76956 -5.18963 1700 0.128678 0.00259212 27.9997 22.137 -13 3213 1 0 1
-1.06351 7.03017 1700 -0.222252 -0.309018 27.9974 22.1391 -13 3214 1 0 1
3.04024 7.15248 1700 -0.231771 -0.262929 27.9978 22.1388 -13 3215 1 0 1
0.53575 -4.7985 1700 0.0353288 0.12118 27.9997 22.137 -13 3216 1 0 1
2.71716 -2.17724 1700 0.0126663 -0.0294577 28 22.1367 -13 3217 1 0 1
0.50035 -1.23184 1700 0.0554661 0.0984771 27.9998 22.1368 -13 3218 1 0 1
0.600807 1.75698 1700 -0.150747 -0.147033 27.9992 22.1373 -13 3219 1 0 1
1.36811 0.07726 1700 -0.0900829 -0.0861454 27.9997 22.1369 -13 3220 1 0 1
-3.43365 -1.46504 1700 0.253112 0.0858371 27.9987 22.1374 -13 3221 1 0 1
-1.27983 -3.59488 1700 0.28313 0.353026 27.9963 22.1388 -13 3222 1 0 1
3.86165 0.40446 1700 -0.00297277 -0.0498309 28 22.1368 -13 3223 1 0 1
3.00855 5.8322 1700 -0.232832 -0.501549 27.9945 22.1405 -13 3224 1 0 1
-2.03072 4.24966 1700 -0.154053 -0.356544 27.9973 22.1388 -13 3225 1 0 1
1.73309 -0.0631737 1700 -0.0120717 -0.0107146 28 22.1367 -13 3226 1 0 1
2.50888 0.611766 1700 0.00920974 -0.00131734 28 22.1367 -13 3227 1 0 1
-1.01861 -0.390279 1700 0.135843 -0.0265623 27.9997 22.1368 -13 3228 1 0 1
2.37883 4.87079 1700 -0.151331 -0.115377 27.9994 22.1375 -13 3229 1 0 1
-0.639933 -0.167337 1700 -0.1366 -0.164799 27.9992 22.1373 -13 3230 1 0 1
-0.652402 0.891438 1700 0.203491 0.262368 27.998 22.1376 -13 3231 1 0 1
-4.7072 -2.47634 1700 0.15921 -0.10077 27.9994 22.1372 -13 3232 1 0 1
-0.96287 -3.763 1700 0.231185 0.276729 27.9977 22.1381 -13 3233 1 0 1
0.0435613 1.28961 1700 -0.0407028 -0.155353 27.9995 22.137 -13 3234 1 0 1
0.676695 -0.364231 1700 0.0981531 -0.0525516 27.9998 22.1367 -13 3235 1 0 1
0.567512 -8.70555 1700 0.471171 0.507353 27.9914 22.1425 -13 3236 1 0 1
-2.9138 0.322251 1700 0.191871 0.0203867 27.9993 22.137 -13 3237 1 0 1
-0.190378 2.32585 1700 0.124709 0.129926 27.9994 22.1369 -13 3238 1 0 1
-3.43185 -3.05961 1700 0.164569 0.0321109 27.9995 22.137 -13 3239 1 0 1
-0.319962 1.859 1700 -0.18682 -0.375114 27.9969 22.1388 -13 3240 1 0 1
0.875081 -0.824869 1700 0.065838 0.117751 27.9997 22.1368 -13 3241 1 0 1
-0.0833753 0.401857 1700 0.00133663 0.0326775 28 22.1367 -13 3242 1 0 1
0.268089 0.923444 1700 0.0490731 -0.163995 27.9995 22.137 -13 3243 1 0 1
1.00573 1.40975 1700 -0.155101 -0.0756421 27.9995 22.1372 -13 3244 1 0 1
2.83148 1.79196 1700 -0.192197 -0.258817 27.9981 22.138 -13 3245 1 0 1
3.39808 0.898191 1700 0.0986317 -0.0712996 27.9997 22.1368 -13 3246 1 0 1
5.65357 4.65467 1700 -0.157135 -0.157978 27.9991 22.1377 -13 3247 1 0 1
-2.2218 -1.79458 1700 0.28192 0.236866 27.9976 22.138 -13 3248 1 0 1
-0.883767 -1.11921 1700 0.177664 -0.186825 27.9988 22.1373 -13 3249 1 0 1
0.228474 0.918752 1700 0.00465635 -0.015867 28 22.1367 -13 3250 1 0 1
-1.09975 -0.799784 1700 0.146389 0.182326 27.999 22.1371 -13 3251 1 0 1
0.251098 4.33442 1700 0.0482333 -0.108538 27.9997 22.1369 -13 3252 1 0 1
-3.5764 0.232805 1700 0.156623 -0.0260621 27.9995 22.1369 -13 3253 1 0 1
0.157435 -2.59686 1700 0.185105 0.290373 27.9979 22.1379 -13 3254 1 0 1
-0.928267 4.61888 1700 -0.0250562 -0.196578 27.9993 22.1374 -13 3255 1 0 1
-2.14913 -5.40412 1700 0.189654 0.226393 27.9984 22.1377 -13 3256 1 0 1
0.05184 2.89528 1700 -0.0786124 0.0313834 27.9999 22.1369 -13 3257 1 0 1
-0.205887 4.75021 1700 -0.114832 -0.254845 27.9986 22.1379 -13 3258 1 0 1
-1.97299 5.26279 1700 -0.131495 -0.478525 27.9956 22.1399 -13 3259 1 0 1
1.2151 0.732614 1700 -0.113679 -0.156893 27.9993 22.1372 -13 3260 1 0 1
-5.21889 -0.0905877 1700 0.260958 -0.051479 27.9987 22.1375 -13 3261 1 0 1
-0.781073 -0.633215 1700 -0.0162801 0.0930804 27.9998 22.1368 -13 3262 1 0 1
-4.55421 3.24209 1700 -0.0199365 -0.163162 27.9995 22.1373 -13 3263 1 0 1
-0.832037 -7.35404 1700 0.472075 0.668767 27.988 22.1442 -13 3264 1 0 1
0.730472 0.371266 1700 -0.00143088 0.010113 28 22.1367 -13 3265 1 0 1
-1.67117 -1.71801 1700 0.124979 0.289739 27.9982 22.1376 -13 3266 1 0 1
1.52916 -1.2251 1700 0.0803379 0.105176 27.9997 22.1368 -13 3267 1 0 1
2.92642 0.777002 1700 0.0255928 0.0804962 27.9999 22.1368 -13 3268 1 0 1
-2.761 -0.613002 1700 0.111135 0.114905 27.9995 22.1369 -13 3269 1 0 1
-4.61165 -0.0550612 1700 0.192565 0.113792 27.9991 22.1371 -13 3270 1 0 1
-4.77953 -4.68326 1700 0.262995 0.0314685 27.9987 22.1377 -13 3271 1 0 1
1.91676 2.57321 1700 -0.0738521 -0.135992 27.9996 22.1371 -13 3272 1 0 1
1.52228 -0.311396 1700 0.150064 -0.127141 27.9993 22.137 -13 3273 1 0 1
1.71127 3.12357 1700 -0.164661 -0.39903 27.9967 22.1389 -13 3274 1 0 1
3.34438 0.834309 1700 0.104064 0.149163 27.9994 22.137 -13 3275 1 0 1
2.59171 -0.431124 1700 -0.0816888 0.145497 27.9995 22.1371 -13 3276 1 0 1
-3.35199 -1.00526 1700 0.204068 -0.0108996 27.9993 22.1371 -13 3277 1 0 1
0.557764 4.06993 1700 -0.101676 -0.154295 27.9994 22.1373 -13 3278 1 0 1
0.601863 1.50419 1700 -0.267702 -0.0874791 27.9986 22.1378 -13 3279 1 0 1
3.49852 2.44162 1700 -0.314247 -0.0191501 27.9982 22.1382 -13 3280 1 0 1
-0.295422 -2.57957 1700 0.0383455 0.0458527 27.9999 22.1367 -13 3281 1 0 1
0.456722 -2.50757 1700 0.129644 0.17746 27.9991 22.1372 -13 3282 1 0 1
-3.39143 -1.63372 1700 0.12567 0.0368129 27.9997 22.1369 -13 3283 1 0 1
1.16366 -0.197675 1700 0.0912264 -0.0778573 27.9997 22.1368 -13 3284 1 0 1
-2.28291 -3.9403 1700 0.142657 0.281865 27.9982 22.1377 -13 3285 1 0 1
-5.00639 -1.00407 1700 0.342295 0.302799 27.9963 22.1387 -13 3286 1 0 1
-4.41352 2.79861 1700 0.195211 0.111124 27.9991 22.1371 -13 3287 1 0 1
-0.725611 -0.00705261 1700 -0.102812 -0.117148 27.9996 22.137 -13 3288 1 0 1
-1.57794 -1.79385 1700 0.0989045 0.00220486 27.9998 22.1368 -13 3289 1 0 1
2.89453 4.56846 1700 -0.119057 -0.228643 27.9988 22.1377 -13 3290 1 0 1
-3.616 1.47406 1700 0.198086 -0.0349817 27.9993 22.1371 -13 3291 1 0 1
-1.17358 -2.99184 1700 0.369743 0.483739 27.9934 22.1404 -13 3292 1 0 1
-1.82341 6.41866 1700 -0.121657 -0.400696 27.9969 22.1392 -13 3293 1 0 1
-2.11074 0.93197 1700 0.0961845 -0.15059 27.9994 22.137 -13 3294 1 0 1
-0.0107536 1.50204 1700 0.0987292 0.262937 27.9986 22.1374 -13 3295 1 0 1
1.27329 2.63672 1700 -0.0804212 -0.246112 27.9988 22.1375 -13 3296 1 0 1
2.60172 0.567905 1700 -0.0212642 -0.149868 27.9996 22.1369 -13 3297 1 0 1
-0.63573 5.42611 1700 -0.0139837 -0.175587 27.9994 22.1373 -13 3298 1 0 1
-1.39445 -3.0666 1700 0.292316 0.383854 27.9958 22.139 -13 3299 1 0 1
-2.66025 -2.12604 1700 0.148965 0.214381 27.9988 22.1373 -13 3300 1 0 1
3.1191 2.17536 1700 -0.347903 -0.328282 27.9959 22.1395 -13 3301 1 0 1
1.51102 -2.42353 1700 0.0647609 0.386268 27.9973 22.1384 -13 3302 1 0 1
-2.8936 -1.53194 1700 0.160593 0.120501 27.9993 22.137 -13 3303 1 0 1
0.424105 -2.48005 1700 0.0560731 0.234109 27.999 22.1373 -13 3304 1 0 1
-1.43714 1.71046 1700 0.0033333 -0.205422 27.9992 22.1372 -13 3305 1 0 1
-2.88578 -1.57888 1700 0.212721 0.16363 27.9987 22.1373 -13 3306 1 0 1
5.31511 -0.838204 1700 0.162547 0.298562 27.9979 22.1381 -13 3307 1 0 1
-0.0728456 -2.2983 1700 0.171605 0.0759846 27.9994 22.137 -13 3308 1 0 1
3.67395 6.74531 1700 -0.385276 -0.646059 27.9899 22.1436 -13 3309 1 0 1
-2.19398 1.08705 1700 0.0913198 -0.323339 27.998 22.138 -13 3310 1 0 1
3.149 0.515258 1700 0.0689481 0.205658 27.9992 22.1372 -13 3311 1 0 1
-0.262564 -4.5156 1700 0.261925 0.327647 27.9969 22.1386 -13 3312 1 0 1
-5.17461 -2.23631 1700 0.229014 -0.132734 27.9987 22.1376 -13 3313 1 0 1
3.10169 1.33959 1700 -0.106458 0.220211 27.9989 22.1375 -13 3314 1 0 1
-1.04706 -0.739807 1700 0.148514 -0.0796967 27.9995 22.1369 -13 3315 1 0 1
3.13109 4.54817 1700 -0.332879 -0.601456 27.9916 22.1422 -13 3316 1 0 1
-0.721929 4.03501 1700 -0.0412408 -0.0231816 28 22.1369 -13 3317 1 0 1
-2.8827 2.90942 1700 -0.0921312 -0.174958 27.9993 22.1374 -13 3318 1 0 1
-0.874961 -0.883693 1700 0.0263272 -0.0261322 28 22.1367 -13 3319 1 0 1
-2.38559 -3.28007 1700 0.210229 0.183067 27.9986 22.1375 -13 3320 1 0 1
1.93058 8.11192 1700 -0.286642 -0.39448 27.9958 22.1402 -13 3321 1 0 1
1.99775 3.14806 1700 -0.086619 -0.185971 27.9992 22.1373 -13 3322 1 0 1
-4.00774 0.0200113 1700 0.208494 0.0831525 27.9991 22.1371 -13 3323 1 0 1
3.48815 1.26613 1700 -0.1544 -0.257775 27.9984 22.1378 -13 3324 1 0 1
2.90998 -0.250428 1700 -0.0472221 0.014892 28 22.1368 -13 3325 1 0 1
0.23959 2.54209 1700 -0.219399 -0.388576 27.9964 22.1391 -13 3326 1 0 1
-1.77192 0.0260836 1700 0.280176 0.358156 27.9963 22.1385 -13 3327 1 0 1
-0.14742 0.150325 1700 -0.149641 -0.0343796 27.9996 22.137 -13 3328 1 0 1
3.47798 1.64759 1700 -0.00209718 0.026171 28 22.1368 -13 3329 1 0 1
0.342829 5.50603 1700 -0.403842 -0.41362 27.994 22.1411 -13 3330 1 0 1
0.796416 -0.663967 1700 0.313096 0.278289 27.9969 22.1383 -13 3331 1 0 1
-1.17363 -1.63741 1700 -0.0395641 -0.108307 27.9998 22.1369 -13 3332 1 0 1
-4.12807 -7.07866 1700 0.29447 0.329095 27.9965 22.1391 -13 3333 1 0 1
-0.282419 3.13523 1700 -0.0840704 -0.191954 27.9992 22.1374 -13 3334 1 0 1
0.170349 -4.19586 1700 0.303377 0.498425 27.9939 22.1403 -13 3335 1 0 1
2.63031 -4.46844 1700 0.285734 0.355294 27.9963 22.1391 -13 3336 1 0 1
-0.184773 6.81496 1700 -0.179144 -0.374329 27.9969 22.1392 -13 3337 1 0 1
-2.92134 -0.897515 1700 0.0560405 -0.0127922 27.9999 22.1367 -13 3338 1 0 1
-1.53245 -0.191843 1700 0.165305 0.0633805 27.9994 22.1369 -13 3339 1 0 1
1.55315 2.28318 1700 -0.087944 -0.000593318 27.9999 22.1369 -13 3340 1 0 1
-0.340315 5.47131 1700 -0.171648 -0.216241 27.9986 22.138 -13 3341 1 0 1
0.864857 0.811653 1700 -0.0118036 0.170848 27.9995 22.137 -13 3342 1 0 1
-3.14835 -0.975308 1700 0.152889 -0.069861 27.9995 22.137 -13 3343 1 0 1
1.40762 -1.27273 1700 0.0369898 0.24378 27.9989 22.1373 -13 3344 1 0 1
-0.158381 1.45115 1700 -0.0314315 -0.156977 27.9995 22.137 -13 3345 1 0 1
-2.03816 -5.66996 1700 0.215488 0.342148 27.9971 22.1386 -13 3346 1 0 1
-0.658788 -6.51342 1700 0.198273 0.440182 27.9958 22.1394 -13 3347 1 0 1
-0.53262 -1.42234 1700 0.137555 0.0702172 27.9996 22.1369 -13 3348 1 0 1
2.03523 1.40222 1700 0.0134665 -0.013617 28 22.1367 -13 3349 1 0 1
3.55511 -3.70269 1700 0.131536 0.278215 27.9983 22.1379 -13 3350 1 0 1
-1.54795 0.587118 1700 0.21528 0.106352 27.999 22.1371 -13 3351 1 0 1
-3.66098 -2.60139 1700 0.128029 0.126154 27.9994 22.137 -13 3352 1 0 1
2.10567 -2.52698 1700 0.037897 0.1053 27.9998 22.1369 -13 3353 1 0 1
-1.82899 1.97212 1700 0.208924 -0.0225504 27.9992 22.137 -13 3354 1 0 1
0.00335679 -2.3729 1700 0.0833306 0.209315 27.9991 22.1372 -13 3355 1 0 1
3.60771 -2.42324 1700 0.137462 0.396107 27.9969 22.1387 -13 3356 1 0 1
0.523739 5.60231 1700 -0.242834 -0.439911 27.9955 22.14 -13 3357 1 0 1
-3.19895 -1.86406 1700 0.236661 0.445818 27.9955 22.1391 -13 3358 1 0 1
-5.81043 -2.69327 1700 0.27392 0.348372 27.9965 22.1386 -13 3359 1 0 1
-6.25276 -0.894543 1700 0.192597 0.0279849 27.9993 22.1372 -13 3360 1 0 1
4.84796 3.86009 1700 -0.393951 -0.410703 27.9942 22.1407 -13 3361 1 0 1
-4.14834 -2.65222 1700 0.210026 0.149214 27.9988 22.1374 -13 3362 1 0 1
-1.6741 -3.58422 1700 0.354473 0.570151 27.992 22.1413 -13 3363 1 0 1
-3.13825 -0.714003 1700 0.160979 -0.248293 27.9984 22.1377 -13 3364 1 0 1
3.67695 -4.24781 1700 0.146146 0.540581 27.9944 22.1404 -13 3365 1 0 1
3.23041 3.31602 1700 -0.178071 -0.143296 27.9991 22.1376 -13 3366 1 0 1
-0.218377 -0.402224 1700 -0.19194 -0.00812525 27.9993 22.1372 -13 3367 1 0 1
1.03733 -1.03432 1700 0.251916 -0.0714771 27.9988 22.1372 -13 3368 1 0 1
1.72322 2.9773 1700 -0.0873309 -0.122987 27.9996 22.1371 -13 3369 1 0 1
-1.57546 0.36794 1700 -0.0251984 -0.0175608 28 22.1367 -13 3370 1 0 1
-1.99304 -1.40206 1700 0.0255557 -0.295066 27.9984 22.1377 -13 3371 1 0 1
0.354378 2.62076 1700 -0.121492 -0.458055 27.996 22.1393 -13 3372 1 0 1
-3.01026 1.53875 1700 -0.107302 -0.0622058 27.9997 22.137 -13 3373 1 0 1
-2.14131 -2.19259 1700 0.0875934 0.0437943 27.9998 22.1368 -13 3374 1 0 1
4.68781 1.1008 1700 -0.24747 -0.00308206 27.9989 22.1377 -13 3375 1 0 1
-1.86339 4.87942 1700 -0.0559254 -0.175521 27.9994 22.1374 -13 3376 1 0 1
1.41049 -4.63006 1700 0.319065 0.416097 27.9951 22.1397 -13 3377 1 0 1
1.46553 1.39848 1700 0.0117717 0.0042346 28 22.1367 -13 3378 1 0 1
-0.999903 2.6838 1700 -0.0628589 -0.280205 27.9985 22.1378 -13 3379 1 0 1
-1.17743 -3.616 1700 0.141329 0.144659 27.9993 22.1371 -13 3380 1 0 1
-0.168538 -1.94558 1700 0.199704 0.133 27.999 22.1372 -13 3381 1 0 1
-1.04231 0.69402 1700 0.0671719 -0.127282 27.9996 22.1369 -13 3382 1 0 1
-2.08198 -3.15397 1700 0.257992 0.430686 27.9955 22.1392 -13 3383 1 0 1
-2.30542 -2.56413 1700 0.168024 0.367251 27.9971 22.1383 -13 3384 1 0 1
-3.21386 -4.47456 1700 0.457645 0.34948 27.9941 22.1402 -13 3385 1 0 1
0.0411265 3.33965 1700 -0.217491 -0.34655 27.997 22.1388 -13 3386 1 0 1
-0.0533992 -0.604522 1700 0.00441051 0.0399992 28 22.1367 -13 3387 1 0 1
-2.75471 5.89201 1700 -0.153167 -0.200372 27.9989 22.138 -13 3388 1 0 1
1.72536 1.74282 1700 0.0135497 -0.0109808 28 22.1367 -13 3389 1 0 1
0.284371 -1.81449 1700 0.235642 -0.0180616 27.999 22.1372 -13 3390 1 0 1
2.86712 -0.582476 1700 -0.120726 -0.0892376 27.9996 22.137 -13 3391 1 0 1
1.71477 0.0255571 1700 0.000661622 0.117183 27.9998 22.1369 -13 3392 1 0 1
-1.91194 0.222031 1700 0.105374 0.129167 27.9995 22.1369 -13 3393 1 0 1
-3.95562 -1.94875 1700 0.352676 0.279377 27.9964 22.1386 -13 3394 1 0 1
6.13984 2.47253 1700 -0.29594 -0.182563 27.9978 22.1385 -13 3395 1 0 1
-1.4826 -0.554572 1700 0.0450551 0.0934274 27.9998 22.1367 -13 3396 1 0 1
2.38045 1.56642 1700 -0.08567 -0.0363888 27.9998 22.1369 -13 3397 1 0 1
3.46696 2.93685 1700 -0.0476357 -0.313191 27.9982 22.1378 -13 3398 1 0 1
1.89011 -0.455623 1700 0.118691 0.224604 27.9988 22.1373 -13 3399 1 0 1
-3.11629 -3.99494 1700 0.240267 0.246044 27.9979 22.138 -13 3400 1 0 1
1.1698 4.54949 1700 -0.15774 -0.339102 27.9975 22.1386 -13 3401 1 0 1
1.50334 -3.51249 1700 0.154797 0.339159 27.9975 22.1382 -13 3402 1 0 1
0.125017 -5.50234 1700 0.0703694 0.225414 27.999 22.1374 -13 3403 1 0 1
-2.15689 0.783502 1700 0.0850731 0.100722 27.9997 22.1368 -13 3404 1 0 1
-0.580188 -2.04635 1700 0.290144 0.151804 27.9981 22.1377 -13 3405 1 0 1
-0.466066 0.876773 1700 -0.0805338 -0.167652 27.9994 22.1371 -13 3406 1 0 1
-2.80159 -3.78891 1700 0.338959 0.4208 27.9948 22.1397 -13 3407 1 0 1
0.661233 -0.549157 1700 -0.0728459 -0.230521 27.999 22.1373 -13 3408 1 0 1
-0.789454 -4.34515 1700 0.134352 0.295891 27.9981 22.1379 -13 3409 1 0 1
-1.38854 -3.09911 1700 0.197888 0.0495181 27.9993 22.1371 -13 3410 1 0 1
0.811317 0.188257 1700 -0.089018 -0.0810268 27.9997 22.1369 -13 3411 1 0 1
0.0777556 3.75187 1700 -0.0799323 -0.120144 27.9996 22.1371 -13 3412 1 0 1
0.624117 -5.18121 1700 0.280954 0.512469 27.9939 22.1405 -13 3413 1 0 1
2.57365 0.624149 1700 -0.148579 -0.433206 27.9963 22.1389 -13 3414 1 0 1
-1.06214 -3.77947 1700 0.291661 0.189018 27.9978 22.138 -13 3415 1 0 1
-0.00034322 0.438851 1700 0.0744026 0.340197 27.9978 22.1378 -13 3416 1 0 1
2.2776 -6.34729 1700 0.218615 0.401444 27.9963 22.1393 -13 3417 1 0 1
2.6111 7.67318 1700 -0.48247 -0.798624 27.9844 22.1472 -13 3418 1 0 1
-0.216052 2.23494 1700 0.0878699 0.216205 27.999 22.1371 -13 3419 1 0 1
1.63812 -0.718725 1700 0.193938 0.451774 27.9957 22.1391 -13 3420 1 0 1
0.457303 3.58781 1700 -0.250234 -0.151832 27.9985 22.138 -13 3421 1 0 1
1.45718 -2.97238 1700 0.117901 0.0221023 27.9997 22.1368 -13 3422 1 0 1
-0.841259 -0.875479 1700 0.164073 0.149399 27.9991 22.1371 -13 3423 1 0 1
2.44637 3.31542 1700 0.0244206 -0.0626795 27.9999 22.1368 -13 3424 1 0 1
-0.44762 6.14716 1700 -0.225362 -0.401188 27.9962 22.1397 -13 3425 1 0 1
-0.241246 -3.67472 1700 0.164802 0.0323399 27.9995 22.137 -13 3426 1 0 1
0.527007 0.12681 1700 -0.180013 -0.0131521 27.9994 22.1372 -13 3427 1 0 1
3.16767 2.73041 1700 -0.138953 0.0635464 27.9996 22.1372 -13 3428 1 0 1
1.85469 0.151903 1700 0.0800608 -0.0229268 27.9999 22.1367 -13 3429 1 0 1
-0.440056 -1.25492 1700 0.198068 0.103479 27.9991 22.1371 -13 3430 1 0 1
1.70793 2.57358 1700 -0.198505 -0.120211 27.999 22.1375 -13 3431 1 0 1
-1.06467 -1.06245 1700 0.12094 0.0140073 27.9997 22.1368 -13 3432 1 0 1
-4.18096 2.49573 1700 0.0913777 -0.232502 27.9989 22.1376 -13 3433 1 0 1
-1.95586 3.16137 1700 0.0215235 -0.331159 27.998 22.1381 -13 3434 1 0 1
-3.01378 -0.111193 1700 0.0945675 -0.143987 27.9995 22.1371 -13 3435 1 0 1
2.04388 0.291697 1700 0.11267 0.30659 27.9981 22.1378 -13 3436 1 0 1
-1.10605 0.555273 1700 0.0423636 0.0248144 28 22.1367 -13 3437 1 0 1
0.625008 7.68664 1700 -0.223845 -0.448398 27.9955 22.1402 -13 3438 1 0 1
1.80157 -1.55286 1700 0.299638 0.355399 27.9961 22.1388 -13 3439 1 0 1
1.89246 6.63803 1700 -0.397019 -0.581512 27.9911 22.1429 -13 3440 1 0 1
-0.64187 -3.25756 1700 0.129327 0.3854 27.997 22.1384 -13 3441 1 0 1
-2.666 -6.05617 1700 0.241683 0.450736 27.9953 22.1396 -13 3442 1 0 1
-2.05559 -0.418971 1700 0.127385 0.280658 27.9983 22.1375 -13 3443 1 0 1
3.25442 -1.20475 1700 -0.06885 0.10258 27.9997 22.137 -13 3444 1 0 1
-0.893295 -2.32052 1700 0.128637 0.119376 27.9995 22.137 -13 3445 1 0 1
-2.74254 1.65699 1700 -0.0626646 -0.163085 27.9995 22.1372 -13 3446 1 0 1
0.918699 -1.69623 1700 0.242419 0.444067 27.9954 22.1393 -13 3447 1 0 1
0.179704 -11.6439 1700 0.576482 0.870735 27.9805 22.1497 -13 3448 1 0 1
0.695481 -3.69473 1700 0.219182 0.549458 27.9938 22.1404 -13 3449 1 0 1
0.83223 1.22976 1700 -0.0233539 -0.03522 28 22.1367 -13 3450 1 0 1
1.20486 4.67814 1700 -0.104773 -0.130473 27.9995 22.1373 -13 3451 1 0 1
-0.31368 1.58684 1700 -0.08887 0.0335625 27.9998 22.1369 -13 3452 1 0 1
4.16996 -2.40568 1700 -0.00754587 0.243547 27.9989 22.1376 -13 3453 1 0 1
3.08511 0.918158 1700 -0.0949293 -0.26347 27.9986 22.1376 -13 3454 1 0 1
4.85234 -2.46322 1700 0.0232999 -0.0263402 28 22.1368 -13 3455 1 0 1
-1.68419 -0.764708 1700 -0.0256398 -0.22873 27.9991 22.1373 -13 3456 1 0 1
-1.98775 -5.28959 1700 0.337852 0.569965 27.9922 22.1414 -13 3457 1 0 1
0.665512 -1.46973 1700 -0.0851063 0.153309 27.9995 22.1371 -13 3458 1 0 1
0.155192 2.03252 1700 0.0248709 -0.0554185 27.9999 22.1367 -13 3459 1 0 1
-1.16059 -8.11443 1700 0.435432 0.652128 27.989 22.1437 -13 3460 1 0 1
0.33775 -0.244734 1700 0.0478064 0.282513 27.9985 22.1375 -13 3461 1 0 1
-1.73612 -1.84168 1700 0.0287411 -0.0720706 27.9999 22.1368 -13 3462 1 0 1
-2.51558 -0.930559 1700 0.117423 0.0221837 27.9997 22.1368 -13 3463 1 0 1
-3.99015 -0.796444 1700 0.144851 0.019825 27.9996 22.1369 -13 3464 1 0 1
4.28215 -0.78215 1700 -0.116088 0.0614614 27.9997 22.1371 -13 3465 1 0 1
3.50082 1.78618 1700 -0.154051 -0.316232 27.9978 22.1381 -13 3466 1 0 1
1.18679 1.74381 1700 -0.0872214 -0.256808 27.9987 22.1376 -13 3467 1 0 1
-1.40517 2.91456 1700 0.0912402 -0.136042 27.9995 22.137 -13 3468 1 0 1
0.0628103 1.38895 1700 -0.0713893 -0.143431 27.9995 22.1371 -13 3469 1 0 1
3.9039 -0.355469 1700 -0.0495431 0.0892145 27.9998 22.137 -13 3470 1 0 1
-0.31955 -0.857666 1700 0.079881 0.0306922 27.9999 22.1367 -13 3471 1 0 1
-5.17747 -4.6092 1700 0.433666 0.348095 27.9945 22.14 -13 3472 1 0 1
-1.84308 0.876873 1700 0.174783 -0.0426459 27.9994 22.1369 -13 3473 1 0 1
0.883232 5.73059 1700 -0.247821 -0.413163 27.9959 22.1398 -13 3474 1 0 1
0.501246 -2.05489 1700 -0.0564771 -0.135639 27.9996 22.1369 -13 3475 1 0 1
6.24854 2.24514 1700 -0.303225 -0.313372 27.9966 22.1391 -13 3476 1 0 1
-4.30557 -2.11769 1700 0.275665 0.19615 27.998 22.1378 -13 3477 1 0 1
1.0927 1.26389 1700 -0.110348 -0.177626 27.9992 22.1373 -13 3478 1 0 1
4.64561 5.3022 1700 -0.352656 -0.180943 27.9972 22.1392 -13 3479 1 0 1
0.665023 2.25108 1700 -0.161995 -0.198997 27.9988 22.1376 -13 3480 1 0 1
1.56438 -2.13859 1700 0.0966432 0.159638 27.9994 22.1371 -13 3481 1 0 1
-1.46918 -0.849883 1700 0.103619 0.137493 27.9995 22.1369 -13 3482 1 0 1
3.0347 3.21292 1700 -0.178351 -0.450827 27.9958 22.1394 -13 3483 1 0 1
0.598543 -3.1897 1700 0.136958 0.440269 27.9962 22.1389 -13 3484 1 0 1
-4.41067 0.849666 1700 0.131317 0.0841553 27.9996 22.1369 -13 3485 1 0 1
-1.726 2.29146 1700 -0.030582 -0.348029 27.9978 22.1382 -13 3486 1 0 1
-1.24522 -2.66158 1700 0.18398 0.227857 27.9985 22.1375 -13 3487 1 0 1
-3.54358 -4.97486 1700 0.436656 0.238033 27.9956 22.1394 -13 3488 1 0 1
1.95514 6.29794 1700 -0.291748 -0.311174 27.9968 22.1394 -13 3489 1 0 1
0.706547 -0.0568619 1700 0.0993368 0.188765 27.9992 22.1371 -13 3490 1 0 1
1.44316 6.0054 1700 -0.263812 -0.425568 27.9955 22.14 -13 3491 1 0 1
-4.18019 -3.86932 1700 0.392182 0.280521 27.9958 22.1392 -13 3492 1 0 1
4.25771 -0.528233 1700 -0.201057 -0.0993908 27.9991 22.1374 -13 3493 1 0 1
2.51328 5.16343 1700 -0.24487 -0.4306 27.9956 22.1398 -13 3494 1 0 1
-0.885508 1.99284 1700 0.12418 -0.148818 27.9993 22.137 -13 3495 1 0 1
3.17948 0.00268702 1700 0.0902157 -0.0491965 27.9998 22.1367 -13 3496 1 0 1
-1.04547 -3.19352 1700 0.0890782 0.0437086 27.9998 22.1368 -13 3497 1 0 1
-0.676577 3.83278 1700 -0.0511587 -0.440557 27.9965 22.1391 -13 3498 1 0 1
1.70335 -1.10251 1700 0.0433529 0.10123 27.9998 22.1368 -13 3499 1 0 1
0.844694 0.0508764 1700 0.108059 0.0116971 27.9998 22.1367 -13 3500 1 0 1
4.31156 -0.503228 1700 -0.22946 -0.0819486 27.9989 22.1376 -13 3501 1 0 1
1.00407 -0.720903 1700 0.00232712 -0.256652 27.9988 22.1373 -13 3502 1 0 1
1.99068 0.675182 1700 0.0235487 0.0200922 28 22.1367 -13 3503 1 0 1
1.41107 5.77621 1700 -0.155833 -0.59499 27.9932 22.1412 -13 3504 1 0 1
-1.11122 -2.25136 1700 0.162365 0.120148 27.9993 22.1371 -13 3505 1 0 1
-0.525301 0.613885 1700 0.120004 -0.188235 27.9991 22.1371 -13 3506 1 0 1
-1.25865 2.42338 1700 0.0575088 -0.0176732 27.9999 22.1367 -13 3507 1 0 1
-1.35406 -1.54651 1700 0.187434 0.0236639 27.9994 22.137 -13 3508 1 0 1
2.80639 2.76638 1700 -0.220391 -0.239007 27.9981 22.1381 -13 3509 1 0 1
2.03181 -6.76145 1700 0.281903 0.612075 27.9919 22.142 -13 3510 1 0 1
-1.74174 -7.396 1700 0.405591 0.629553 27.99 22.143 -13 3511 1 0 1
-0.25728 1.66566 1700 0.0646146 -0.0388854 27.9999 22.1367 -13 3512 1 0 1
1.03961 -1.06263 1700 0.0229206 -0.19177 27.9993 22.137 -13 3513 1 0 1
-1.65592 -3.37252 1700 0.348756 0.299976 27.9962 22.1388 -13 3514 1 0 1
2.84631 1.00503 1700 -0.0497954 -0.196244 27.9993 22.1372 -13 3515 1 0 1
0.372588 5.30698 1700 -0.171276 -0.158466 27.999 22.1377 -13 3516 1 0 1
4.0461 2.24594 1700 0.051525 0.178206 27.9994 22.1372 -13 3517 1 0 1
4.7976 5.60555 1700 -0.351162 -0.551474 27.9924 22.1419 -13 3518 1 0 1
0.51322 1.22044 1700 -0.0311409 -0.30091 27.9984 22.1377 -13 3519 1 0 1
1.55755 -1.44443 1700 0.167204 0.124897 27.9992 22.1371 -13 3520 1 0 1
3.83452 1.01545 1700 -0.224881 -0.27973 27.9977 22.1382 -13 3521 1 0 1
1.76045 -2.81553 1700 0.0332679 0.237406 27.999 22.1374 -13 3522 1 0 1
1.75687 -1.01627 1700 -0.064476 0.232928 27.999 22.1374 -13 3523 1 0 1
1.32853 -0.449657 1700 0.0378736 -0.127349 27.9997 22.1368 -13 3524 1 0 1
-1.81681 -4.41653 1700 0.110674 0.212077 27.999 22.1373 -13 3525 1 0 1
-3.25269 -0.179844 1700 0.0486188 0.157566 27.9995 22.1369 -13 3526 1 0 1
2.01995 4.74038 1700 -0.134557 -0.0498666 27.9996 22.1373 -13 3527 1 0 1
-1.67473 -3.49025 1700 0.0390961 -0.0516995 27.9999 22.1368 -13 3528 1 0 1
1.54349 2.04172 1700 -0.00279483 -0.21308 27.9992 22.1372 -13 3529 1 0 1
2.94926 3.87551 1700 -0.111977 -0.243656 27.9987 22.1377 -13 3530 1 0 1
2.05094 -1.45857 1700 0.0829098 -0.111266 27.9997 22.1368 -13 3531 1 0 1
1.80592 -1.87676 1700 -0.102888 0.0133957 27.9998 22.1369 -13 3532 1 0 1
1.4099 0.463367 1700 0.0613436 0.12427 27.9997 22.1368 -13 3533 1 0 1
-2.25594 -7.91901 1700 0.420769 0.366894 27.9944 22.1405 -13 3534 1 0 1
0.689882 1.39056 1700 -0.145066 -0.0162419 27.9996 22.1371 -13 3535 1 0 1
-1.87184 0.671939 1700 0.0118171 0.0396626 28 22.1367 -13 3536 1 0 1
-0.575236 2.77589 1700 -0.0754921 -0.223809 27.999 22.1375 -13 3537 1 0 1
-2.4347 4.85426 1700 -0.185685 -0.335003 27.9974 22.1389 -13 3538 1 0 1
-2.17657 -4.90531 1700 0.123133 0.252329 27.9986 22.1376 -13 3539 1 0 1
-0.27772 -2.56318 1700 -0.0567605 -0.159341 27.9995 22.137 -13 3540 1 0 1
1.10919 1.0996 1700 0.221596 0.245514 27.998 22.1376 -13 3541 1 0 1
2.32791 -1.38687 1700 0.0565122 0.0786085 27.9998 22.1368 -13 3542 1 0 1
-0.436641 1.53293 1700 -0.0200817 -0.197215 27.9993 22.1372 -13 3543 1 0 1
1.70148 -0.593325 1700 0.00566094 -0.1231 27.9997 22.1368 -13 3544 1 0 1
-4.46232 5.49586 1700 -0.117668 -0.420971 27.9966 22.1395 -13 3545 1 0 1
1.41197 2.26483 1700 -0.0581216 -0.0875058 27.9998 22.1369 -13 3546 1 0 1
-2.98868 0.202329 1700 0.281321 0.106275 27.9984 22.1375 -13 3547 1 0 1
-2.45379 -3.49794 1700 0.212164 0.0411645 27.9992 22.1372 -13 3548 1 0 1
-0.395806 4.34947 1700 -0.0694162 -0.205412 27.9992 22.1375 -13 3549 1 0 1
-1.39784 -3.31824 1700 0.291902 0.352901 27.9963 22.1388 -13 3550 1 0 1
-1.63824 0.569659 1700 0.051516 0.18511 27.9993 22.137 -13 3551 1 0 1
-0.178414 -5.29008 1700 0.137742 0.451191 27.996 22.1392 -13 3552 1 0 1
1.04702 -0.138702 1700 0.0369806 -0.209907 27.9992 22.1371 -13 3553 1 0 1
1.05588 -2.3503 1700 0.146319 0.305303 27.998 22.1379 -13 3554 1 0 1
-0.425118 0.461364 1700 -0.0214577 -0.00389134 28 22.1367 -13 3555 1 0 1
1.38279 -1.7227 1700 0.163232 0.121415 27.9993 22.1371 -13 3556 1 0 1
0.121187 -2.09518 1700 0.0747621 0.0825122 27.9998 22.1368 -13 3557 1 0 1
-1.16355 -1.65948 1700 0.213774 0.169015 27.9987 22.1373 -13 3558 1 0 1
-3.36094 -6.04766 1700 0.28676 0.407359 27.9956 22.1395 -13 3559 1 0 1
-1.28144 1.05857 1700 0.127603 -0.114867 27.9995 22.1369 -13 3560 1 0 1
-1.19042 2.47953 1700 -0.102231 -0.213845 27.999 22.1375 -13 3561 1 0 1
-0.72998 -0.0677179 1700 0.124906 0.243756 27.9987 22.1373 -13 3562 1 0 1
-0.787358 2.19089 1700 -0.164651 -0.449107 27.9959 22.1394 -13 3563 1 0 1
1.01634 2.84619 1700 -0.0687013 -0.257706 27.9987 22.1376 -13 3564 1 0 1
-0.430425 -5.15501 1700 0.293698 0.310321 27.9967 22.1387 -13 3565 1 0 1
-2.68259 0.812651 1700 0.14374 0.116206 27.9994 22.1369 -13 3566 1 0 1
1.20466 3.1249 1700 -0.0807681 -0.37104 27.9974 22.1384 -13 3567 1 0 1
2.72195 8.22355 1700 -0.350027 -0.48913 27.9935 22.1417 -13 3568 1 0 1
-1.8409 0.893879 1700 0.123909 0.103505 27.9995 22.1368 -13 3569 1 0 1
-3.72765 -8.04338 1700 0.287397 0.337572 27.9965 22.1392 -13 3570 1 0 1
-4.9371 -1.90213 1700 0.22975 0.121826 27.9988 22.1374 -13 3571 1 0 1
4.28819 5.65567 1700 -0.302625 -0.393312 27.9956 22.14 -13 3572 1 0 1
-0.814846 3.13681 1700 0.00643711 -0.291782 27.9985 22.1377 -13 3573 1 0 1
2.31702 4.22487 1700 -0.254013 -0.478017 27.9948 22.1402 -13 3574 1 0 1
2.72964 -0.407643 1700 -0.0726467 0.15847 27.9995 22.1371 -13 3575 1 0 1
0.106582 -0.894888 1700 0.0126339 0.167932 27.9995 22.137 -13 3576 1 0 1
-4.37145 0.18329 1700 0.135786 -0.311223 27.9979 22.1381 -13 3577 1 0 1
-0.447646 -1.97998 1700 0.183646 0.343176 27.9973 22.1382 -13 3578 1 0 1
-1.98891 -1.22534 1700 0.257076 0.0811813 27.9987 22.1373 -13 3579 1 0 1
-2.985 0.975885 1700 0.251323 0.41346 27.9958 22.1387 -13 3580 1 0 1
-1.23777 -0.774576 1700 -0.0264709 -0.103691 27.9998 22.1368 -13 3581 1 0 1
3.8866 -1.83401 1700 0.0203194 0.329794 27.9981 22.1381 -13 3582 1 0 1
1.98165 4.29329 1700 -0.154248 -0.328604 27.9976 22.1384 -13 3583 1 0 1
0.902396 -1.46693 1700 0.0444014 0.171931 27.9994 22.137 -13 3584 1 0 1
-2.50619 3.23825 1700 -0.0758151 -0.619903 27.993 22.1413 -13 3585 1 0 1
3.68378 7.6297 1700 -0.298736 -0.404098 27.9955 22.1403 -13 3586 1 0 1
-3.13813 7.35542 1700 -0.140797 -0.354877 27.9974 22.1391 -13 3587 1 0 1
2.28924 -1.84573 1700 0.0313615 0.0682907 27.9999 22.1368 -13 3588 1 0 1
-5.19602 -2.90392 1700 0.275794 0.202108 27.9979 22.1379 -13 3589 1 0 1
-2.9973 -1.68987 1700 0.0784954 0.187703 27.9993 22.1371 -13 3590 1 0 1
-2.21295 -1.04735 1700 0.173087 -0.13143 27.9992 22.1372 -13 3591 1 0 1
2.26909 -3.24202 1700 0.106984 0.207367 27.999 22.1374 -13 3592 1 0 1
4.10241 0.106361 1700 -0.172759 -0.0229511 27.9995 22.1372 -13 3593 1 0 1
1.67704 4.09682 1700 -0.0540359 -0.41119 27.9969 22.1387 -13 3594 1 0 1
-2.01751 0.219786 1700 0.161757 -0.334606 27.9975 22.1382 -13 3595 1 0 1
2.2407 -4.57313 1700 0.00452365 0.268573 27.9987 22.1377 -13 3596 1 0 1
1.25062 -0.73542 1700 0.177619 0.154363 27.999 22.1372 -13 3597 1 0 1
-4.21866 -8.10506 1700 0.623702 0.896252 27.9787 22.1497 -13 3598 1 0 1
2.53257 -1.10497 1700 -0.0864973 0.124606 27.9996 22.1371 -13 3599 1 0 1
1.75053 1.84484 1700 0.0737272 0.0304893 27.9999 22.1367 -13 3600 1 0 1
1.22527 -1.26828 1700 -0.0194102 -0.0263938 28 22.1367 -13 3601 1 0 1
-0.993476 3.22669 1700 -0.100327 -0.212152 27.999 22.1375 -13 3602 1 0 1
1.20959 7.47703 1700 -0.265114 -0.87076 27.9852 22.1464 -13 3603 1 0 1
-0.0329864 0.121154 1700 0.150192 0.0547564 27.9995 22.1368 -13 3604 1 0 1
-0.626344 -1.51489 1700 0.118169 0.0631841 27.9997 22.1368 -13 3605 1 0 1
0.3226 0.32607 1700 0.131637 0.0560199 27.9996 22.1368 -13 3606 1 0 1
1.46669 3.98685 1700 -0.277176 -0.158717 27.9982 22.1383 -13 3607 1 0 1
-0.176557 -1.82837 1700 0.140232 0.212535 27.9988 22.1373 -13 3608 1 0 1
-2.23387 -10.3935 1700 0.658188 0.620995 27.9854 22.1464 -13 3609 1 0 1
4.27025 1.78777 1700 -0.124056 -0.080522 27.9996 22.1372 -13 3610 1 0 1
0.233184 -0.0672976 1700 0.239898 0.125841 27.9987 22.1373 -13 3611 1 0 1
0.990841 0.0598788 1700 0.0847605 0.236941 27.9989 22.1373 -13 3612 1 0 1
-3.16167 1.47148 1700 -0.0989952 -0.394277 27.997 22.1388 -13 3613 1 0 1
-1.19572 1.11343 1700 0.0544012 0.0485086 27.9999 22.1367 -13 3614 1 0 1
1.34668 2.58466 1700 -0.103275 -0.0036352 27.9998 22.137 -13 3615 1 0 1
0.521486 -2.41133 1700 0.118755 0.0871034 27.9996 22.1369 -13 3616 1 0 1
2.31468 0.250737 1700 0.0459559 0.0174904 28 22.1367 -13 3617 1 0 1
0.665401 -1.75126 1700 0.0216696 0.347025 27.9978 22.138 -13 3618 1 0 1
-0.871726 -1.25784 1700 0.275409 0.0506159 27.9986 22.1374 -13 3619 1 0 1
-0.642366 -2.53584 1700 0.160617 -0.151457 27.9991 22.1372 -13 3620 1 0 1
2.40424 1.34923 1700 0.00882195 -0.0128232 28 22.1367 -13 3621 1 0 1
-0.2991 -1.32118 1700 0.157464 0.281099 27.9981 22.1377 -13 3622 1 0 1
0.299773 -0.769151 1700 0.145145 0.0904088 27.9995 22.1369 -13 3623 1 0 1
-1.50996 -1.79271 1700 -0.023187 -0.130318 27.9997 22.1369 -13 3624 1 0 1
1.02011 2.18649 1700 -0.0217594 -0.162872 27.9995 22.137 -13 3625 1 0 1
1.04261 2.52482 1700 -0.130823 -0.358586 27.9974 22.1384 -13 3626 1 0 1
1.90105 2.03793 1700 0.016256 -0.0638736 27.9999 22.1368 -13 3627 1 0 1
-0.028187 -4.83562 1700 -0.00131228 0.0560593 27.9999 22.1368 -13 3628 1 0 1
-0.101247 1.29876 1700 -0.0857262 -0.216831 27.999 22.1374 -13 3629 1 0 1
-0.619011 -1.04837 1700 0.170281 0.104831 27.9993 22.137 -13 3630 1 0 1
3.04053 -0.233329 1700 -0.0934313 -0.00715446 27.9998 22.1369 -13 3631 1 0 1
-3.40951 5.1021 1700 0.177721 -0.15057 27.999 22.1374 -13 3632 1 0 1
1.48953 4.53995 1700 -0.19986 -0.292927 27.9978 22.1385 -13 3633 1 0 1
2.64956 3.46845 1700 -0.312818 -0.309769 27.9965 22.1392 -13 3634 1 0 1
0.0837687 -3.33081 1700 0.171604 0.331867 27.9975 22.1382 -13 3635 1 0 1
3.24281 0.457883 1700 0.0371535 0.00414866 28 22.1367 -13 3636 1 0 1
-0.756487 -0.284478 1700 0.224571 0.357995 27.9968 22.1383 -13 3637 1 0 1
-1.36662 -1.27948 1700 -0.022355 -0.118744 27.9997 22.1369 -13 3638 1 0 1
-0.989014 2.05349 1700 -0.16006 -0.30007 27.9979 22.1382 -13 3639 1 0 1
-2.01196 -3.67228 1700 0.0500547 0.183485 27.9994 22.1371 -13 3640 1 0 1
0.255098 -4.36379 1700 0.245317 0.120216 27.9987 22.1375 -13 3641 1 0 1
-1.23826 3.30073 1700 0.0527205 -0.177082 27.9994 22.1371 -13 3642 1 0 1
0.461928 -0.814294 1700 0.0724682 0.0815283 27.9998 22.1368 -13 3643 1 0 1
-3.30803 3.89844 1700 -0.0690748 -0.24786 27.9988 22.1378 -13 3644 1 0 1
-2.34882 -1.39224 1700 0.198607 0.166807 27.9988 22.1373 -13 3645 1 0 1
2.14486 -3.64818 1700 0.12608 0.368427 27.9973 22.1384 -13 3646 1 0 1
1.61113 1.48154 1700 -0.0902618 -0.226929 27.9989 22.1374 -13 3647 1 0 1
4.5852 5.97063 1700 -0.234633 -0.417874 27.9959 22.1397 -13 3648 1 0 1
-0.658073 2.68857 1700 -0.0488527 -0.0391809 27.9999 22.1368 -13 3649 1 0 1
-1.46584 3.63554 1700 -0.0480316 -0.0631297 27.9999 22.1369 -13 3650 1 0 1
-1.34604 0.463101 1700 -0.170181 -0.208527 27.9987 22.1376 -13 3651 1 0 1
-2.37627 0.21823 1700 0.0968785 0.0743776 27.9997 22.1368 -13 3652 1 0 1
2.46647 4.48068 1700 -0.117729 -0.522816 27.9949 22.14 -13 3653 1 0 1
0.881378 -1.51862 1700 0.132752 0.254068 27.9985 22.1375 -13 3654 1 0 1
1.51101 -0.285064 1700 -0.110561 0.107947 27.9996 22.137 -13 3655 1 0 1
2.23308 -0.932207 1700 0.0846425 0.0966632 27.9997 22.1368 -13 3656 1 0 1
-2.97336 -4.04437 1700 0.253713 0.212765 27.998 22.1379 -13 3657 1 0 1
0.380636 0.688989 1700 0.0700422 -0.115277 27.9997 22.1368 -13 3658 1 0 1
-4.39808 -3.21805 1700 0.376795 0.237107 27.9965 22.1388 -13 3659 1 0 1
2.68727 -2.08682 1700 0.0780397 0.521003 27.995 22.1398 -13 3660 1 0 1
5.8613 0.990082 1700 -0.0864246 0.0570251 27.9998 22.1371 -13 3661 1 0 1
3.49307 -0.11761 1700 -0.0206647 0.0899794 27.9998 22.1369 -13 3662 1 0 1
2.98518 1.18241 1700 -0.0500588 -0.171605 27.9994 22.1371 -13 3663 1 0 1
2.65242 -3.66538 1700 0.221976 0.409192 27.9961 22.1391 -13 3664 1 0 1
-1.2182 -1.04599 1700 0.275096 0.199396 27.9979 22.1377 -13 3665 1 0 1
-1.36403 -2.1617 1700 0.173532 0.0423618 27.9994 22.137 -13 3666 1 0 1
-3.2901 1.69164 1700 0.00909544 -0.071475 27.9999 22.1369 -13 3667 1 0 1
1.49551 2.31844 1700 0.0375759 -0.124034 27.9997 22.1369 -13 3668 1 0 1
-4.6647 -6.02529 1700 0.349275 0.290725 27.9963 22.1391 -13 3669 1 0 1
-0.0195606 -6.14364 1700 0.427956 0.282615 27.9953 22.1397 -13 3670 1 0 1
-0.771765 1.04922 1700 0.0235684 -0.0065021 28 22.1367 -13 3671 1 0 1
1.46016 1.55221 1700 -0.014873 0.115191 27.9998 22.1369 -13 3672 1 0 1
-2.85346 -1.43073 1700 0.0292857 0.224724 27.9991 22.1371 -13 3673 1 0 1
-2.36424 -2.63912 1700 0.197649 0.366477 27.9969 22.1384 -13 3674 1 0 1
-0.977758 2.82798 1700 -0.198138 -0.432511 27.996 22.1395 -13 3675 1 0 1
2.79917 -2.46308 1700 0.00058651 -0.000508423 28 22.1367 -13 3676 1 0 1
0.356643 2.39187 1700 -0.098065 -0.274646 27.9985 22.1378 -13 3677 1 0 1
2.63238 4.14954 1700 -0.127247 -0.311953 27.998 22.1382 -13 3678 1 0 1
-1.08324 -2.20394 1700 0.0829178 0.0247994 27.9999 22.1367 -13 3679 1 0 1
2.18603 0.225305 1700 0.263812 0.485528 27.9945 22.1397 -13 3680 1 0 1
-3.32524 -1.65909 1700 0.3602 0.290632 27.9962 22.1387 -13 3681 1 0 1
-6.0034 -2.93447 1700 0.173277 0.203452 27.9987 22.1375 -13 3682 1 0 1
-3.29495 2.45342 1700 -0.0164637 -0.0813914 27.9999 22.1369 -13 3683 1 0 1
2.90769 1.64297 1700 -0.264809 -0.278311 27.9974 22.1385 -13 3684 1 0 1
0.183535 -1.07609 1700 0.15566 0.0739388 27.9995 22.1369 -13 3685 1 0 1
-0.0930082 2.83603 1700 -0.0847383 -0.214569 27.999 22.1374 -13 3686 1 0 1
-0.0115515 -3.93922 1700 0.1715 0.23343 27.9985 22.1376 -13 3687 1 0 1
-0.168391 -2.6042 1700 0.13682 0.033724 27.9996 22.1369 -13 3688 1 0 1
-0.373889 2.27396 1700 0.0520085 -0.07505 27.9999 22.1368 -13 3689 1 0 1
0.254785 -3.3202 1700 0.114669 0.15289 27.9993 22.1371 -13 3690 1 0 1
-3.74554 -1.64993 1700 0.199516 0.182591 27.9987 22.1374 -13 3691 1 0 1
0.614025 -2.59438 1700 0.0899978 0.211032 27.9991 22.1372 -13 3692 1 0 1
2.94106 -2.03299 1700 0.0861528 0.350909 27.9977 22.1382 -13 3693 1 0 1
2.1277 6.07042 1700 -0.314895 -0.478669 27.9941 22.1409 -13 3694 1 0 1
1.44307 1.93004 1700 -0.0760425 -0.362962 27.9975 22.1382 -13 3695 1 0 1
3.95155 -0.0520179 1700 0.0649241 -0.0885723 27.9998 22.1368 -13 3696 1 0 1
-3.38354 -2.5867 1700 0.0653844 0.22099 27.9991 22.1372 -13 3697 1 0 1
2.79481 0.882577 1700 -0.0570492 -0.0311592 27.9999 22.1368 -13 3698 1 0 1
0.583425 5.35289 1700 -0.0774232 -0.245733 27.9988 22.1377 -13 3699 1 0 1
3.35352 1.86532 1700 -0.168206 -0.208846 27.9987 22.1377 -13 3700 1 0 1
-1.20991 -0.938613 1700 0.10071 -0.121267 27.9996 22.1369 -13 3701 1 0 1
0.873412 5.57069 1700 -0.0889381 -0.218956 27.999 22.1377 -13 3702 1 0 1
0.190688 0.268633 1700 0.0693734 0.0500842 27.9999 22.1367 -13 3703 1 0 1
1.27268 -1.95954 1700 -0.0271327 0.0215311 28 22.1367 -13 3704 1 0 1
0.0775185 -3.55003 1700 0.326985 0.400438 27.9952 22.1395 -13 3705 1 0 1
4.96144 4.75923 1700 -0.167841 -0.235192 27.9985 22.138 -13 3706 1 0 1
-2.68173 -3.00828 1700 0.363992 0.147085 27.9972 22.1383 -13 3707 1 0 1
2.28999 0.167732 1700 -0.13777 0.162132 27.9992 22.1373 -13 3708 1 0 1
0.978321 0.152452 1700 0.0548219 -0.11412 27.9997 22.1368 -13 3709 1 0 1
0.592733 -0.922662 1700 0.119989 0.123922 27.9995 22.1369 -13 3710 1 0 1
-0.506382 0.944959 1700 0.00465282 -0.150491 27.9996 22.137 -13 3711 1 0 1
2.56286 -1.80094 1700 0.174564 0.601051 27.993 22.1409 -13 3712 1 0 1
0.647717 -1.03596 1700 0.188251 -0.00614776 27.9994 22.1369 -13 3713 1 0 1
1.23197 4.65625 1700 -0.262914 -0.236104 27.9978 22.1385 -13 3714 1 0 1
-2.264 -3.27412 1700 0.148532 0.0161688 27.9996 22.137 -13 3715 1 0 1
2.61266 1.35941 1700 -0.216808 -0.310765 27.9974 22.1384 -13 3716 1 0 1
1.28108 2.50779 1700 0.0480651 0.0805216 27.9998 22.1368 -13 3717 1 0 1
-3.4454 5.47197 1700 -0.146482 -0.331212 27.9977 22.1388 -13 3718 1 0 1
-2.99501 3.11281 1700 0.0281917 -0.168073 27.9995 22.1372 -13 3719 1 0 1
-0.00118771 1.50367 1700 -0.182643 -0.264882 27.9982 22.138 -13 3720 1 0 1
1.91034 2.75881 1700 -0.0387459 -0.156948 27.9995 22.1371 -13 3721 1 0 1
-2.57656 -4.6005 1700 0.309529 0.198097 27.9976 22.1382 -13 3722 1 0 1
-2.46227 2.47705 1700 0.0797774 -0.256649 27.9987 22.1376 -13 3723 1 0 1
-1.29506 -2.5397 1700 0.204847 0.132538 27.9989 22.1373 -13 3724 1 0 1
0.402804 1.1498 1700 0.0589005 -0.292703 27.9984 22.1376 -13 3725 1 0 1
2.60103 4.5694 1700 -0.0555513 -0.309891 27.9982 22.1379 -13 3726 1 0 1
0.37111 1.58833 1700 0.0293347 0.0278564 28 22.1367 -13 3727 1 0 1
0.205895 6.78792 1700 -0.141501 -0.433285 27.9963 22.1395 -13 3728 1 0 1
1.77436 -1.62719 1700 -0.0528558 0.0203106 27.9999 22.1368 -13 3729 1 0 1
-2.64373 -1.17656 1700 0.0154042 0.313316 27.9982 22.1376 -13 3730 1 0 1
-0.176709 3.18375 1700 -0.09046 -0.183907 27.9992 22.1373 -13 3731 1 0 1
0.748115 3.56817 1700 -0.0305223 -0.0419184 28 22.1368 -13 3732 1 0 1
0.125525 -0.0428629 1700 -0.00325306 -0.162229 27.9995 22.137 -13 3733 1 0 1
-0.522868 2.82895 1700 0.0882386 -0.038281 27.9998 22.1367 -13 3734 1 0 1
0.772471 -0.634085 1700 -0.229444 0.160741 27.9986 22.1377 -13 3735 1 0 1
1.26993 -1.53694 1700 0.121564 0.127277 27.9994 22.137 -13 3736 1 0 1
2.97989 2.53666 1700 -0.138267 -0.270011 27.9984 22.1378 -13 3737 1 0 1
-3.87685 0.0648161 1700 0.0893728 -0.0540506 27.9998 22.1369 -13 3738 1 0 1
4.18463 3.17092 1700 -0.226717 -0.340498 27.997 22.1388 -13 3739 1 0 1
-1.662 0.355169 1700 0.0815053 0.0318227 27.9999 22.1367 -13 3740 1 0 1
1.49347 1.32388 1700 -0.134694 0.060217 27.9996 22.1371 -13 3741 1 0 1
3.45608 -3.44084 1700 -0.180396 0.0688166 27.9993 22.1373 -13 3742 1 0 1
0.839766 1.51824 1700 -0.176993 -0.21959 27.9986 22.1377 -13 3743 1 0 1
0.183789 1.43651 1700 0.00799633 -0.182996 27.9994 22.1371 -13 3744 1 0 1
2.37353 -1.66483 1700 0.099552 0.0919029 27.9997 22.1369 -13 3745 1 0 1
2.02946 6.1976 1700 -0.155623 -0.212064 27.9988 22.138 -13 3746 1 0 1
0.15804 -1.59004 1700 0.105071 0.217726 27.999 22.1372 -13 3747 1 0 1
1.23849 0.643939 1700 0.062409 -0.127566 27.9996 22.1368 -13 3748 1 0 1
0.577353 4.67799 1700 -0.0281027 -0.121337 27.9997 22.1371 -13 3749 1 0 1
-1.57215 2.26669 1700 -0.0860945 -0.0285664 27.9999 22.1369 -13 3750 1 0 1
-0.627521 -2.15696 1700 0.18155 0.0633504 27.9993 22.137 -13 3751 1 0 1
-2.27093 3.75815 1700 0.0492364 -0.165572 27.9995 22.1372 -13 3752 1 0 1
1.52125 4.96782 1700 -0.128839 -0.592903 27.9934 22.1409 -13 3753 1 0 1
-4.2455 -4.18481 1700 0.261631 0.180931 27.9982 22.1378 -13 3754 1 0 1
-2.95875 -1.63229 1700 0.126231 0.154619 27.9993 22.137 -13 3755 1 0 1
-0.986653 -0.0304491 1700 0.0584277 0.0435791 27.9999 22.1367 -13 3756 1 0 1
0.262451 -1.34077 1700 0.0885994 0.00551262 27.9999 22.1367 -13 3757 1 0 1
1.54008 7.23524 1700 -0.39377 -0.746344 27.9873 22.1453 -13 3758 1 0 1
1.49327 -1.15534 1700 -0.107002 -0.17584 27.9992 22.1372 -13 3759 1 0 1
-4.67511 -0.570452 1700 0.125314 0.123681 27.9994 22.137 -13 3760 1 0 1
1.09045 0.69557 1700 -0.0741876 -0.0770885 27.9998 22.1369 -13 3761 1 0 1
-1.91499 0.564357 1700 0.103807 0.0130442 27.9998 22.1367 -13 3762 1 0 1
0.385708 3.18464 1700 -0.0246073 -0.0312043 28 22.1368 -13 3763 1 0 1
1.9049 0.780129 1700 -0.0848651 0.0612153 27.9998 22.1369 -13 3764 1 0 1
3.71128 4.17554 1700 0.0278557 -0.00361988 28 22.1368 -13 3765 1 0 1
-4.42461 -3.9195 1700 0.24804 0.0216689 27.9989 22.1375 -13 3766 1 0 1
-1.65463 -4.9549 1700 0.14914 0.183986 27.999 22.1374 -13 3767 1 0 1
0.993171 -0.821904 1700 0.113473 0.304432 27.9981 22.1377 -13 3768 1 0 1
0.258486 3.68991 1700 0.00952776 -0.155011 27.9996 22.137 -13 3769 1 0 1
-0.0628229 -3.81809 1700 0.184751 0.343279 27.9973 22.1383 -13 3770 1 0 1
2.01039 -2.07953 1700 0.274079 0.230536 27.9977 22.138 -13 3771 1 0 1
4.50267 -2.36036 1700 0.135533 0.201129 27.9989 22.1375 -13 3772 1 0 1
1.51704 -2.82926 1700 0.134808 0.528709 27.9947 22.1399 -13 3773 1 0 1
-0.452495 -3.80762 1700 0.212443 0.176319 27.9986 22.1375 -13 3774 1 0 1
-3.02256 -2.67037 1700 0.290355 0.13416 27.9982 22.1377 -13 3775 1 0 1
-2.66697 -4.69199 1700 0.355796 0.370785 27.9953 22.1395 -13 3776 1 0 1
2.92121 1.69718 1700 -0.0732086 -0.11742 27.9997 22.137 -13 3777 1 0 1
-0.50177 -5.1259 1700 0.208731 0.180765 27.9986 22.1376 -13 3778 1 0 1
1.06115 1.575 1700 -0.202306 -0.212783 27.9985 22.1378 -13 3779 1 0 1
-0.698107 -1.22169 1700 0.210774 0.116246 27.999 22.1372 -13 3780 1 0 1
-0.694273 -3.30412 1700 0.163727 0.301427 27.9979 22.1379 -13 3781 1 0 1
2.58319 2.23683 1700 -0.0954069 -0.0347128 27.9998 22.137 -13 3782 1 0 1
-2.32288 4.79216 1700 -0.334803 -0.623726 27.991 22.1429 -13 3783 1 0 1
3.90909 4.84961 1700 -0.232962 -0.252433 27.9979 22.1385 -13 3784 1 0 1
-0.560082 -1.33402 1700 0.0981161 0.409708 27.9968 22.1384 -13 3785 1 0 1
-3.93416 -2.50988 1700 0.196407 0.197975 27.9986 22.1375 -13 3786 1 0 1
4.84405 2.05806 1700 -0.325686 -0.393646 27.9953 22.1398 -13 3787 1 0 1
-3.35955 -3.48693 1700 0.267872 0.196995 27.998 22.1379 -13 3788 1 0 1
-3.06359 1.48015 1700 0.107976 -0.0293728 27.9998 22.1368 -13 3789 1 0 1
-1.87233 2.87256 1700 -0.0491279 -0.284355 27.9985 22.1378 -13 3790 1 0 1
1.03937 -1.13383 1700 -0.0577808 0.0522706 27.9999 22.1368 -13 3791 1 0 1
-1.78484 -1.51496 1700 0.204481 0.129244 27.999 22.1372 -13 3792 1 0 1
-0.654498 -3.38731 1700 0.16885 0.303476 27.9978 22.1379 -13 3793 1 0 1
3.15565 0.568865 1700 -0.0158579 -0.0650305 27.9999 22.1368 -13 3794 1 0 1
-0.770025 -3.2932 1700 0.355731 0.311437 27.996 22.139 -13 3795 1 0 1
-0.295623 0.198768 1700 0.17727 0.252862 27.9983 22.1375 -13 3796 1 0 1
3.71482 0.530054 1700 -0.0445471 0.127414 27.9997 22.137 -13 3797 1 0 1
0.698745 2.23235 1700 -0.089717 -0.0957414 27.9997 22.137 -13 3798 1 0 1
-3.94306 1.44714 1700 0.342009 0.0334496 27.9979 22.1377 -13 3799 1 0 1
-0.458562 -2.57796 1700 0.252243 0.283578 27.9974 22.1381 -13 3800 1 0 1
1.16686 -3.13567 1700 0.279457 0.129056 27.9983 22.1376 -13 3801 1 0 1
1.04323 3.01596 1700 -0.270263 -0.36977 27.9963 22.1393 -13 3802 1 0 1
-0.245099 -1.07082 1700 0.05249 0.0870936 27.9998 22.1367 -13 3803 1 0 1
2.78531 -4.30903 1700 0.228084 0.340703 27.997 22.1387 -13 3804 1 0 1
2.76822 -3.8608 1700 0.259483 0.412093 27.9958 22.1394 -13 3805 1 0 1
1.04991 -0.212313 1700 0.0733184 -0.125288 27.9996 22.1368 -13 3806 1 0 1
-2.79931 1.03108 1700 -0.0308037 -0.101251 27.9998 22.1369 -13 3807 1 0 1
-2.66782 -4.27711 1700 0.205946 0.0435699 27.9992 22.1373 -13 3808 1 0 1
-0.267403 4.08396 1700 0.0566503 -0.21768 27.9991 22.1373 -13 3809 1 0 1
-4.0634 -3.48409 1700 0.211059 0.0252822 27.9992 22.1373 -13 3810 1 0 1
-5.16099 -1.24872 1700 0.159777 0.111738 27.9993 22.1371 -13 3811 1 0 1
-0.601753 -10.3979 1700 0.417265 0.59373 27.9906 22.1432 -13 3812 1 0 1
-0.961712 1.07802 1700 0.0882782 -0.179592 27.9993 22.1371 -13 3813 1 0 1
-0.261901 1.31142 1700 0.0195763 -0.0730153 27.9999 22.1368 -13 3814 1 0 1
2.47819 -0.674492 1700 0.0100794 0.351261 27.9978 22.1381 -13 3815 1 0 1
-0.214223 0.330902 1700 0.066823 0.23193 27.999 22.1372 -13 3816 1 0 1
-3.5466 -2.7373 1700 0.275036 0.275414 27.9973 22.1382 -13 3817 1 0 1
2.39407 -1.70161 1700 0.065608 0.0494654 27.9999 22.1368 -13 3818 1 0 1
2.25945 -1.85046 1700 0.0216142 0.196873 27.9993 22.1372 -13 3819 1 0 1
-1.45201 -5.05083 1700 0.325794 0.459214 27.9943 22.1401 -13 3820 1 0 1
3.13648 -0.172913 1700 0.0125622 0.027889 28 22.1367 -13 3821 1 0 1
3.42727 2.23915 1700 -0.175243 -0.273882 27.9981 22.138 -13 3822 1 0 1
-3.47964 -2.16679 1700 0.215865 0.331308 27.9972 22.1382 -13 3823 1 0 1
0.883223 -1.42337 1700 0.0459755 0.297048 27.9984 22.1376 -13 3824 1 0 1
4.74526 2.89302 1700 -0.120373 -0.0697684 27.9997 22.1372 -13 3825 1 0 1
-1.05133 -1.35381 1700 0.067432 -0.0542618 27.9999 22.1367 -13 3826 1 0 1
3.08741 3.82233 1700 -0.204576 -0.118171 27.999 22.1377 -13 3827 1 0 1
1.65773 4.87779 1700 -0.0818179 -0.390237 27.9972 22.1387 -13 3828 1 0 1
-0.316202 -0.636511 1700 -0.0395408 0.129736 27.9997 22.1369 -13 3829 1 0 1
0.589093 -3.07875 1700 0.0282983 0.121469 27.9997 22.1369 -13 3830 1 0 1
1.9176 1.86738 1700 -0.0299904 0.0507285 27.9999 22.1368 -13 3831 1 0 1
-1.27185 -1.45896 1700 0.130109 0.176703 27.9991 22.1371 -13 3832 1 0 1
-2.55558 -7.13702 1700 0.446504 0.49722 27.992 22.1418 -13 3833 1 0 1
-1.75987 -5.32961 1700 0.331078 0.166375 27.9975 22.1383 -13 3834 1 0 1
4.31667 0.312129 1700 0.0107106 -0.0118707 28 22.1368 -13 3835 1 0 1
1.33538 -0.0167937 1700 0.0339347 0.0948326 27.9998 22.1368 -13 3836 1 0 1
-2.72425 -2.63253 1700 0.338118 0.456928 27.9942 22.1399 -13 3837 1 0 1
-0.306632 -0.97026 1700 0.0836201 0.091696 27.9997 22.1368 -13 3838 1 0 1
1.10016 -3.59758 1700 0.166019 0.227307 27.9986 22.1376 -13 3839 1 0 1
1.21894 6.092 1700 -0.157714 -0.409532 27.9966 22.1393 -13 3840 1 0 1
1.38482 -0.487846 1700 0.0824841 -0.0126457 27.9999 22.1367 -13 3841 1 0 1
1.29851 3.43973 1700 -0.138732 -0.0146332 27.9997 22.1372 -13 3842 1 0 1
0.880788 10.2266 1700 -0.402732 -0.404134 27.9942 22.1418 -13 3843 1 0 1
-0.80118 -2.17466 1700 0.0882813 0.177634 27.9993 22.1371 -13 3844 1 0 1
-3.29066 -2.0163 1700 0.227344 0.131762 27.9988 22.1374 -13 3845 1 0 1
-3.64139 0.341997 1700 -0.0508563 -0.397828 27.9971 22.1387 -13 3846 1 0 1
-2.22697 1.57702 1700 -0.10424 -0.121208 27.9995 22.1371 -13 3847 1 0 1
1.19717 3.95924 1700 -0.0868592 -0.0975095 27.9997 22.1371 -13 3848 1 0 1
-0.489289 1.28378 1700 0.266764 0.24536 27.9977 22.1378 -13 3849 1 0 1
-2.88241 -4.99398 1700 0.224965 0.0481934 27.9991 22.1374 -13 3850 1 0 1
-0.486676 -5.3125 1700 0.324963 0.472446 27.9941 22.1403 -13 3851 1 0 1
7.55685 3.34824 1700 -0.303749 -0.279121 27.997 22.1391 -13 3852 1 0 1
1.14345 -0.496159 1700 -0.106557 -0.0621018 27.9997 22.1369 -13 3853 1 0 1
2.93463 7.0126 1700 -0.352385 -0.468747 27.9939 22.1413 -13 3854 1 0 1
-1.31228 -2.08891 1700 0.279553 0.355263 27.9964 22.1387 -13 3855 1 0 1
-1.53064 -0.403206 1700 0.192186 0.11459 27.9991 22.1371 -13 3856 1 0 1
1.95235 2.24244 1700 -0.0643895 -0.368729 27.9975 22.1382 -13 3857 1 0 1
-2.42856 -7.0819 1700 0.134229 0.0132497 27.9997 22.1372 -13 3858 1 0 1
1.86032 1.35438 1700 -0.065493 -0.28193 27.9985 22.1376 -13 3859 1 0 1
0.484557 5.32115 1700 -0.24827 -0.362544 27.9966 22.1394 -13 3860 1 0 1
2.2632 1.71411 1700 -0.0968347 -0.0954748 27.9997 22.137 -13 3861 1 0 1
0.828005 -4.25062 1700 0.271397 0.425374 27.9955 22.1395 -13 3862 1 0 1
-1.28362 -2.78643 1700 0.12286 0.288365 27.9982 22.1377 -13 3863 1 0 1
0.840074 -0.387546 1700 0.132194 0.111264 27.9995 22.1369 -13 3864 1 0 1
1.64445 -0.207386 1700 -0.0359112 -0.27571 27.9986 22.1375 -13 3865 1 0 1
2.215 -0.482379 1700 0.0464454 -0.159858 27.9995 22.1369 -13 3866 1 0 1
-0.760057 -0.921406 1700 0.0454708 0.0184914 28 22.1367 -13 3867 1 0 1
1.38333 0.448835 1700 -0.0317898 -0.358704 27.9977 22.138 -13 3868 1 0 1
-1.15327 5.10484 1700 -0.294985 -0.595523 27.9921 22.1422 -13 3869 1 0 1
4.55318 -0.567825 1700 0.0154609 -0.173764 27.9995 22.137 -13 3870 1 0 1
0.499503 -4.29034 1700 0.127562 0.321273 27.9979 22.138 -13 3871 1 0 1
2.0538 -1.50543 1700 0.239269 0.186462 27.9984 22.1376 -13 3872 1 0 1
-6.19062 -0.630008 1700 0.404451 0.13469 27.9968 22.1385 -13 3873 1 0 1
-0.476442 5.25428 1700 -0.127593 -0.307372 27.998 22.1383 -13 3874 1 0 1
-1.16517 1.32586 1700 -0.0509374 -0.37793 27.9974 22.1384 -13 3875 1 0 1
2.11909 -3.29484 1700 0.0215253 0.18104 27.9994 22.1371 -13 3876 1 0 1
-1.72479 -3.01808 1700 0.229195 0.250784 27.9979 22.1378 -13 3877 1 0 1
1.6916 -1.04101 1700 0.0633474 0.21952 27.9991 22.1372 -13 3878 1 0 1
-0.188039 -0.730746 1700 0.108664 0.35041 27.9976 22.138 -13 3879 1 0 1
-3.38499 -3.6877 1700 0.081345 -0.259353 27.9987 22.1377 -13 3880 1 0 1
-3.51084 4.82924 1700 -0.248282 -0.294796 27.9973 22.139 -13 3881 1 0 1
3.79711 0.561115 1700 -0.121094 -0.218707 27.9989 22.1374 -13 3882 1 0 1
1.11936 -1.91786 1700 0.149584 0.368077 27.9972 22.1383 -13 3883 1 0 1
1.04481 -6.94043 1700 0.330691 0.17641 27.9975 22.1385 -13 3884 1 0 1
-1.85766 -3.63665 1700 0.241002 0.159165 27.9985 22.1376 -13 3885 1 0 1
1.12132 3.8242 1700 -0.0610426 -0.337843 27.9979 22.1381 -13 3886 1 0 1
0.0723342 3.88818 1700 0.0413161 0.171596 27.9994 22.137 -13 3887 1 0 1
-3.27392 0.940649 1700 0.349284 -0.124658 27.9975 22.138 -13 3888 1 0 1
-3.01921 -3.86722 1700 0.358847 0.592837 27.9914 22.1416 -13 3889 1 0 1
0.692785 -1.18935 1700 0.0773997 0.228021 27.999 22.1373 -13 3890 1 0 1
2.34491 0.911015 1700 -0.0815177 0.0126506 27.9999 22.1369 -13 3891 1 0 1
0.756504 -0.205967 1700 0.0981582 -0.00812763 27.9998 22.1367 -13 3892 1 0 1
0.410312 -3.18733 1700 0.193284 0.140023 27.999 22.1373 -13 3893 1 0 1
1.48025 5.09831 1700 -0.130061 -0.31959 27.9979 22.1383 -13 3894 1 0 1
4.10067 1.12021 1700 -0.197556 -0.144 27.9989 22.1376 -13 3895 1 0 1
-0.986865 -3.16423 1700 0.0326553 -0.0631442 27.9999 22.1368 -13 3896 1 0 1
-1.65771 0.17164 1700 0.0895966 0.0378944 27.9998 22.1367 -13 3897 1 0 1
0.169337 -2.1457 1700 -0.045207 0.0870395 27.9998 22.1368 -13 3898 1 0 1
3.09898 4.15022 1700 -0.0310372 -0.0542651 27.9999 22.1369 -13 3899 1 0 1
-2.79693 1.57921 1700 0.102519 0.0163659 27.9998 22.1368 -13 3900 1 0 1
0.429928 -1.43924 1700 0.224535 0.224776 27.9982 22.1376 -13 3901 1 0 1
-0.738189 -4.45069 1700 -0.039127 0.200108 27.9993 22.1372 -13 3902 1 0 1
-3.7973 2.75376 1700 -0.00147618 -0.224758 27.9991 22.1375 -13 3903 1 0 1
-0.542836 -0.0492692 1700 -0.00326232 0.0752098 27.9999 22.1367 -13 3904 1 0 1
2.04123 1.89882 1700 0.167076 -0.0637954 27.9994 22.1369 -13 3905 1 0 1
1.11017 3.71788 1700 -0.0273052 -0.0687404 27.9999 22.1369 -13 3906 1 0 1
2.32818 -6.95884 1700 0.228015 0.336945 27.997 22.1389 -13 3907 1 0 1
0.585207 3.77956 1700 -0.187513 -0.0921157 27.9992 22.1375 -13 3908 1 0 1
-0.571533 -2.04939 1700 0.0679766 0.178403 27.9993 22.137 -13 3909 1 0 1
1.41038 -0.354006 1700 0.0654003 -0.103405 27.9997 22.1368 -13 3910 1 0 1
-1.64549 -0.413192 1700 0.137205 0.0470136 27.9996 22.1368 -13 3911 1 0 1
-2.67982 0.755037 1700 0.0408751 -0.197619 27.9993 22.1372 -13 3912 1 0 1
-1.20375 -2.44573 1700 0.17348 0.183196 27.9989 22.1373 -13 3913 1 0 1
-1.4368 3.43537 1700 -0.239348 -0.255539 27.9978 22.1384 -13 3914 1 0 1
-3.59201 -4.89666 1700 0.140655 -0.0141204 27.9996 22.1371 -13 3915 1 0 1
2.09695 3.67479 1700 -0.151968 -0.306932 27.9979 22.1382 -13 3916 1 0 1
3.35607 -0.252526 1700 0.077215 -0.0144095 27.9999 22.1367 -13 3917 1 0 1
-2.96512 -4.6416 1700 0.0500929 0.0122145 28 22.1368 -13 3918 1 0 1
-0.997676 -3.04829 1700 0.204075 0.220792 27.9984 22.1376 -13 3919 1 0 1
1.55725 -0.873171 1700 0.0551248 0.0359474 27.9999 22.1367 -13 3920 1 0 1
2.76242 -0.461901 1700 -0.12744 -0.251885 27.9986 22.1376 -13 3921 1 0 1
0.518282 -1.23725 1700 0.181342 -0.0645999 27.9993 22.137 -13 3922 1 0 1
0.751094 3.36213 1700 0.0170966 -0.115235 27.9998 22.1369 -13 3923 1 0 1
-1.6548 2.53668 1700 0.00206659 -0.22842 27.9991 22.1374 -13 3924 1 0 1
3.4072 7.4201 1700 -0.247212 -0.398818 27.9961 22.1399 -13 3925 1 0 1
0.347857 0.934989 1700 -0.0725665 -0.141166 27.9996 22.137 -13 3926 1 0 1
1.19291 0.140031 1700 -0.0725897 -0.0195946 27.9999 22.1368 -13 3927 1 0 1
1.83036 3.44805 1700 -0.064269 -0.0463376 27.9999 22.1369 -13 3928 1 0 1
-3.20344 4.56923 1700 -0.0337417 -0.204397 27.9992 22.1375 -13 3929 1 0 1
-1.11576 -4.89883 1700 0.240991 0.0974448 27.9988 22.1375 -13 3930 1 0 1
2.80616 2.9021 1700 0.0793427 0.30264 27.9983 22.1377 -13 3931 1 0 1
2.21069 0.0140823 1700 0.173595 0.362981 27.9971 22.1383 -13 3932 1 0 1
1.87566 -1.4191 1700 0.211886 0.0337249 27.9992 22.1371 -13 3933 1 0 1
-1.52422 1.93157 1700 0.0195303 -0.0859671 27.9999 22.1368 -13 3934 1 0 1
-0.133866 3.47481 1700 -0.129354 -0.107277 27.9995 22.1372 -13 3935 1 0 1
-3.01448 -3.14641 1700 0.35097 0.243071 27.9967 22.1385 -13 3936 1 0 1
0.566157 1.05762 1700 -0.0539772 -0.410416 27.9969 22.1385 -13 3937 1 0 1
2.44275 -1.49129 1700 0.163237 0.302615 27.9979 22.1379 -13 3938 1 0 1
-2.47727 -4.44438 1700 0.316771 0.390236 27.9955 22.1394 -13 3939 1 0 1
-3.06342 -4.71428 1700 0.474379 0.61256 27.9893 22.1429 -13 3940 1 0 1
-2.28805 -2.57837 1700 0.252065 0.433932 27.9955 22.1392 -13 3941 1 0 1
-0.135443 -0.138013 1700 0.261657 0.188457 27.9981 22.1376 -13 3942 1 0 1
0.937109 0.378091 1700 -0.0353921 -0.0932387 27.9998 22.1368 -13 3943 1 0 1
-5.76485 0.0960824 1700 0.298173 -0.0778297 27.9983 22.1378 -13 3944 1 0 1
1.0919 -0.367597 1700 -0.0467632 0.0255584 27.9999 22.1367 -13 3945 1 0 1
4.13776 3.13716 1700 -0.00357976 -0.112434 27.9998 22.1369 -13 3946 1 0 1
-4.55695 -6.95991 1700 0.463081 0.81218 27.9844 22.146 -13 3947 1 0 1
2.09814 9.15664 1700 -0.466098 -0.790619 27.985 22.1472 -13 3948 1 0 1
1.15929 3.87665 1700 -0.0812477 -0.100919 27.9997 22.1371 -13 3949 1 0 1
1.61256 -1.27277 1700 -0.133192 0.0881312 27.9995 22.1371 -13 3950 1 0 1
0.130622 1.76689 1700 0.146532 0.0783343 27.9995 22.1368 -13 3951 1 0 1
-3.09145 0.298058 1700 0.077203 -0.0471712 27.9999 22.1368 -13 3952 1 0 1
2.1318 0.372792 1700 -0.253598 -0.0314778 27.9988 22.1376 -13 3953 1 0 1
0.138772 -4.05516 1700 0.067309 0.0877711 27.9998 22.1369 -13 3954 1 0 1
-1.37004 2.95717 1700 -0.15189 -0.150632 27.9992 22.1375 -13 3955 1 0 1
1.07728 2.04565 1700 -0.00395922 -0.0757242 27.9999 22.1368 -13 3956 1 0 1
0.321211 0.638412 1700 -0.000231315 -0.198149 27.9993 22.1371 -13 3957 1 0 1
-1.4019 -4.87766 1700 0.136205 0.301148 27.998 22.1379 -13 3958 1 0 1
-3.47058 -2.20738 1700 0.325624 0.0541988 27.9981 22.1378 -13 3959 1 0 1
0.845523 -0.374353 1700 0.132931 0.170389 27.9992 22.1371 -13 3960 1 0 1
4.62936 0.550537 1700 0.0562119 0.0689554 27.9999 22.1369 -13 3961 1 0 1
-1.08938 1.61071 1700 0.202982 -0.0481574 27.9992 22.137 -13 3962 1 0 1
-1.82457 -0.733232 1700 0.0928104 -0.121038 27.9996 22.1369 -13 3963 1 0 1
-1.20744 -0.905591 1700 0.235984 0.405693 27.9961 22.1388 -13 3964 1 0 1
-0.355749 -2.42469 1700 -0.0174881 0.0777908 27.9999 22.1368 -13 3965 1 0 1
0.291794 1.34001 1700 0.0799577 -0.22291 27.999 22.1372 -13 3966 1 0 1
-1.5131 -3.88357 1700 0.247812 0.394368 27.9961 22.1389 -13 3967 1 0 1
-4.55015 -0.959766 1700 0.0338414 -0.359478 27.9977 22.1384 -13 3968 1 0 1
0.0923743 -2.15114 1700 0.151922 0.325725 27.9977 22.138 -13 3969 1 0 1
-3.7315 3.73224 1700 0.140723 0.0977954 27.9995 22.1369 -13 3970 1 0 1
3.60555 3.17967 1700 -0.166426 -0.352645 27.9973 22.1385 -13 3971 1 0 1
3.35907 1.96112 1700 0.0620833 -0.0246679 27.9999 22.1367 -13 3972 1 0 1
2.94911 1.16933 1700 -0.0828792 -0.116272 27.9996 22.137 -13 3973 1 0 1
1.62557 1.50776 1700 0.00350173 -0.0945107 27.9998 22.1368 -13 3974 1 0 1
2.06333 2.45738 1700 0.112005 -0.0401654 27.9997 22.1368 -13 3975 1 0 1
2.24067 0.460455 1700 0.0403391 0.0990683 27.9998 22.1368 -13 3976 1 0 1
3.4547 1.6554 1700 -0.0300196 -0.246372 27.9989 22.1374 -13 3977 1 0 1
0.0564447 -3.08998 1700 0.276791 0.382936 27.996 22.139 -13 3978 1 0 1
-1.26464 3.70618 1700 0.000247157 -0.0849645 27.9999 22.1369 -13 3979 1 0 1
1.30738 -1.64894 1700 0.0499953 0.0956987 27.9998 22.1368 -13 3980 1 0 1
-0.202279 -3.37277 1700 0.303778 0.16977 27.9978 22.1379 -13 3981 1 0 1
0.200106 1.96463 1700 0.0332766 0.137515 27.9996 22.1369 -13 3982 1 0 1
0.405164 0.58373 1700 -0.0813795 -0.0528597 27.9998 22.1369 -13 3983 1 0 1
-0.790712 -0.226415 1700 -0.00534209 -0.131675 27.9997 22.1369 -13 3984 1 0 1
-1.35705 -0.431552 1700 0.104889 0.217057 27.999 22.1372 -13 3985 1 0 1
-1.23347 1.0452 1700 0.00644875 -0.212572 27.9992 22.1372 -13 3986 1 0 1
-1.48014 2.8534 1700 -0.0591234 -0.16092 27.9995 22.1372 -13 3987 1 0 1
-1.50966 -1.2129 1700 0.224454 0.112798 27.9989 22.1372 -13 3988 1 0 1
-2.74995 1.77114 1700 -0.0260752 -0.224908 27.9991 22.1374 -13 3989 1 0 1
1.3248 -0.239703 1700 0.0506326 -0.119629 27.9997 22.1368 -13 3990 1 0 1
3.52476 -2.60564 1700 0.0185202 0.0628077 27.9999 22.1368 -13 3991 1 0 1
0.0488345 0.807053 1700 0.0737233 0.0089785 27.9999 22.1367 -13 3992 1 0 1
1.73484 -3.4487 1700 0.135367 0.144663 27.9993 22.1372 -13 3993 1 0 1
1.0777 2.73474 1700 -0.196114 0.00477889 27.9993 22.1374 -13 3994 1 0 1
4.26074 0.63058 1700 -0.0273055 0.384272 27.9973 22.1385 -13 3995 1 0 1
0.566477 0.491745 1700 -0.0775849 -0.232509 27.9989 22.1374 -13 3996 1 0 1
2.86966 0.358107 1700 -0.0993394 -0.0969139 27.9997 22.137 -13 3997 1 0 1
-0.734444 2.20879 1700 -0.0643013 -0.258851 27.9987 22.1376 -13 3998 1 0 1
-0.337821 -0.478147 1700 0.103734 0.056926 27.9997 22.1368 -13 3999 1 0 1
4.40785 3.70538 1700 -0.17233 -0.330092 27.9975 22.1385 -13 4000 1 0 1
2.90036 0.532812 1700 -0.0170128 0.0740437 27.9999 22.1368 -13 4001 1 0 1
1.11254 0.176874 1700 0.0702815 0.372302 27.9974 22.1381 -13 4002 1 0 1
-4.11257 -3.67935 1700 0.113628 0.106578 27.9996 22.137 -13 4003 1 0 1
-4.52802 -0.599087 1700 0.0522374 -0.162406 27.9995 22.1372 -13 4004 1 0 1
-1.98313 -2.12439 1700 0.130335 -0.201421 27.999 22.1373 -13 4005 1 0 1
-1.47145 -0.394041 1700 -0.0194265 -0.261868 27.9988 22.1375 -13 4006 1 0 1
-0.128197 1.0735 1700 0.0986038 0.0984917 27.9997 22.1368 -13 4007 1 0 1
-1.46198 -0.0283164 1700 0.184588 -0.0193637 27.9994 22.1369 -13 4008 1 0 1
-0.691137 4.13087 1700 -0.133532 -0.166298 27.9992 22.1375 -13 4009 1 0 1
0.106086 0.0203955 1700 0.0237794 -0.0264235 28 22.1367 -13 4010 1 0 1
2.65056 -0.38156 1700 -0.0425092 0.16764 27.9995 22.1371 -13 4011 1 0 1
-0.749841 -4.76481 1700 0.320058 0.529275 27.9932 22.1408 -13 4012 1 0 1
0.236169 -1.22041 1700 0.0985626 0.16595 27.9993 22.137 -13 4013 1 0 1
4.58039 3.7252 1700 -0.0944348 -0.137259 27.9995 22.1373 -13 4014 1 0 1
0.655168 -2.46659 1700 0.173785 0.361386 27.9971 22.1383 -13 4015 1 0 1
0.770854 5.51458 1700 -0.129058 -0.442041 27.9962 22.1394 -13 4016 1 0 1
2.25679 0.737575 1700 -0.0932018 -0.0100856 27.9998 22.1369 -13 4017 1 0 1
-0.525595 6.62954 1700 -0.119941 -0.46842 27.9958 22.1398 -13 4018 1 0 1
-1.13822 -3.60981 1700 0.157242 0.14028 27.9992 22.1372 -13 4019 1 0 1
-2.07182 -1.93905 1700 0.182476 0.0838335 27.9993 22.137 -13 4020 1 0 1
1.21525 -0.0742726 1700 0.0814482 0.0209389 27.9999 22.1367 -13 4021 1 0 1
-1.39163 -2.61192 1700 0.0860882 0.254503 27.9987 22.1374 -13 4022 1 0 1
-3.74433 1.71483 1700 0.117922 0.0554119 27.9997 22.1368 -13 4023 1 0 1
-1.79218 1.46743 1700 0.0425423 0.0182918 28 22.1367 -13 4024 1 0 1
1.80275 -4.46163 1700 -0.000340539 0.184107 27.9994 22.1372 -13 4025 1 0 1
-1.87531 1.76464 1700 0.0542637 -0.12509 27.9997 22.1369 -13 4026 1 0 1
4.82102 4.85171 1700 -0.294452 -0.369433 27.996 22.1397 -13 4027 1 0 1
-2.20394 0.369965 1700 0.0803177 -0.31355 27.9981 22.1379 -13 4028 1 0 1
-0.295084 -0.0478879 1700 0.123388 0.258994 27.9985 22.1374 -13 4029 1 0 1
-0.799899 3.83691 1700 -0.147054 -0.496315 27.9952 22.1399 -13 4030 1 0 1
0.908546 5.47645 1700 -0.0616576 -0.27065 27.9986 22.1378 -13 4031 1 0 1
-1.0849 -0.847675 1700 0.172397 -0.139832 27.9991 22.1371 -13 4032 1 0 1
2.41392 1.28567 1700 -0.0264069 0.12424 27.9997 22.1369 -13 4033 1 0 1
-0.300589 0.164995 1700 0.023436 -0.193464 27.9993 22.1371 -13 4034 1 0 1
0.276005 -0.716192 1700 0.240853 0.0827677 27.9988 22.1372 -13 4035 1 0 1
-0.596691 -2.19573 1700 0.14582 0.110851 27.9994 22.137 -13 4036 1 0 1
-1.02094 -1.00022 1700 0.0696796 -0.171631 27.9994 22.137 -13 4037 1 0 1
-1.18018 3.74065 1700 -0.0643835 -0.0483133 27.9999 22.1369 -13 4038 1 0 1
0.495851 2.30096 1700 -0.160922 0.118975 27.9993 22.1373 -13 4039 1 0 1
-0.838754 -6.0457 1700 0.250328 0.339386 27.9968 22.1388 -13 4040 1 0 1
2.1188 -2.53642 1700 0.0389239 0.309587 27.9983 22.1378 -13 4041 1 0 1
-0.488252 1.27549 1700 0.0503255 -0.110245 27.9997 22.1368 -13 4042 1 0 1
-1.32795 5.49417 1700 -0.134945 -0.518943 27.9949 22.1404 -13 4043 1 0 1
-2.89819 -2.69651 1700 0.244364 0.12151 27.9987 22.1374 -13 4044 1 0 1
-3.55845 -2.00219 1700 0.131943 -0.126931 27.9994 22.1371 -13 4045 1 0 1
-1.85634 -1.92362 1700 0.144597 0.11278 27.9994 22.137 -13 4046 1 0 1
-2.00154 0.114439 1700 0.126366 -0.052493 27.9997 22.1368 -13 4047 1 0 1
2.33913 -2.88014 1700 4.43818e-05 0.0698572 27.9999 22.1368 -13 4048 1 0 1
-2.08311 0.643961 1700 0.0773528 -0.137041 27.9996 22.137 -13 4049 1 0 1
1.00994 -0.187899 1700 0.0453599 -0.00548111 28 22.1367 -13 4050 1 0 1
1.33799 -3.69618 1700 0.139567 0.196266 27.999 22.1374 -13 4051 1 0 1
1.37572 -1.62291 1700 0.254535 0.366943 27.9964 22.1387 -13 4052 1 0 1
1.77928 0.124715 1700 0.163477 0.16216 27.9991 22.1371 -13 4053 1 0 1
-0.548867 -1.03187 1700 0.0663933 0.0368541 27.9999 22.1367 -13 4054 1 0 1
0.337464 6.47672 1700 -0.302853 -0.557011 27.9928 22.1418 -13 4055 1 0 1
3.58474 -2.80892 1700 0.250339 0.294389 27.9973 22.1384 -13 4056 1 0 1
0.420766 0.813875 1700 -0.123541 -0.350378 27.9975 22.1382 -13 4057 1 0 1
2.03823 -2.3173 1700 0.0340832 -0.0297696 28 22.1367 -13 4058 1 0 1
3.0409 -0.924646 1700 0.0255264 0.0151204 28 22.1367 -13 4059 1 0 1
-3.55563 -4.47107 1700 0.128781 0.11586 27.9995 22.1371 -13 4060 1 0 1
-4.89587 -6.07216 1700 0.378385 0.324419 27.9956 22.1396 -13 4061 1 0 1
0.105766 -1.51688 1700 -0.0157518 -0.194404 27.9993 22.1371 -13 4062 1 0 1
-0.102582 -1.10458 1700 0.314801 0.44233 27.9947 22.1395 -13 4063 1 0 1
-1.97372 2.2448 1700 0.16229 -0.0972011 27.9994 22.137 -13 4064 1 0 1
-0.120282 -5.0514 1700 0.0926073 0.343837 27.9977 22.1382 -13 4065 1 0 1
-2.71005 -3.13373 1700 0.106768 0.329875 27.9979 22.1379 -13 4066 1 0 1
6.44625 2.27768 1700 -0.199513 -0.118039 27.999 22.1377 -13 4067 1 0 1
-2.14679 -2.02742 1700 0.240305 0.0883205 27.9988 22.1373 -13 4068 1 0 1
-0.73057 -0.431963 1700 0.0787804 0.209821 27.9991 22.1371 -13 4069 1 0 1
-1.60363 -1.13697 1700 0.115331 0.0262039 27.9998 22.1368 -13 4070 1 0 1
-0.596225 -1.02872 1700 0.22796 0.634241 27.9919 22.1412 -13 4071 1 0 1
2.1863 2.64023 1700 -0.16491 -0.225191 27.9986 22.1377 -13 4072 1 0 1
-0.293045 -0.100533 1700 0.0340356 -0.00344534 28 22.1367 -13 4073 1 0 1
1.43921 -1.94778 1700 -0.0148574 0.000410821 28 22.1367 -13 4074 1 0 1
2.11646 3.91963 1700 -0.160486 -0.0749084 27.9994 22.1374 -13 4075 1 0 1
0.105541 0.867127 1700 -0.139905 -0.0567108 27.9996 22.137 -13 4076 1 0 1
-2.29686 -2.21264 1700 0.159291 0.204958 27.9988 22.1373 -13 4077 1 0 1
1.19941 0.889674 1700 0.0318066 0.133075 27.9997 22.1369 -13 4078 1 0 1
1.6164 -1.32285 1700 -0.0454061 -0.168295 27.9995 22.137 -13 4079 1 0 1
1.39447 0.473615 1700 0.110598 0.262332 27.9986 22.1375 -13 4080 1 0 1
-0.866876 2.10124 1700 -0.105631 -0.0424423 27.9998 22.137 -13 4081 1 0 1
7.01771 -0.265061 1700 0.031785 0.0957791 27.9998 22.1371 -13 4082 1 0 1
2.16061 6.51773 1700 -0.175903 -0.456937 27.9957 22.1398 -13 4083 1 0 1
3.62458 -3.71931 1700 0.238254 0.304959 27.9973 22.1384 -13 4084 1 0 1
-3.25558 -0.551157 1700 0.324504 0.221307 27.9972 22.1381 -13 4085 1 0 1
2.64746 0.95763 1700 -0.0343109 0.0243844 28 22.1368 -13 4086 1 0 1
-0.0552211 3.95724 1700 0.0678225 -0.0714511 27.9998 22.1368 -13 4087 1 0 1
7.11132 1.19016 1700 -0.189724 -0.0126019 27.9994 22.1376 -13 4088 1 0 1
1.35813 2.96036 1700 0.0128746 0.261208 27.9988 22.1374 -13 4089 1 0 1
0.331712 -0.0474767 1700 -0.0753048 -0.152534 27.9995 22.137 -13 4090 1 0 1
2.75498 -2.32428 1700 0.0828804 -0.061576 27.9998 22.1368 -13 4091 1 0 1
2.31264 3.89208 1700 -0.33739 -0.393913 27.9952 22.1401 -13 4092 1 0 1
-0.469598 -3.77217 1700 0.113216 0.0791248 27.9997 22.1369 -13 4093 1 0 1
0.593806 -3.36875 1700 0.00349251 0.0639722 27.9999 22.1368 -13 4094 1 0 1
-0.18774 -0.318786 1700 0.153436 0.0609543 27.9995 22.1369 -13 4095 1 0 1
2.90534 1.05089 1700 0.131298 0.202154 27.999 22.1373 -13 4096 1 0 1
0.613435 -2.05224 1700 0.128774 0.236586 27.9987 22.1374 -13 4097 1 0 1
0.342871 2.1926 1700 0.00559033 -0.0135872 28 22.1367 -13 4098 1 0 1
-5.50987 -4.52595 1700 0.23018 -0.0205249 27.999 22.1376 -13 4099 1 0 1
2.28496 2.15319 1700 -0.033442 -0.0183975 28 22.1368 -13 4100 1 0 1
-2.30565 -3.10116 1700 0.039342 0.0744917 27.9999 22.1368 -13 4101 1 0 1
0.447199 -1.21249 1700 0.205409 0.243457 27.9982 22.1376 -13 4102 1 0 1
-0.586553 -5.36586 1700 0.345716 0.00959752 27.9979 22.1381 -13 4103 1 0 1
1.61886 1.70928 1700 -0.109986 -0.176009 27.9992 22.1373 -13 4104 1 0 1
0.668142 0.796614 1700 -0.0602461 -0.146819 27.9996 22.137 -13 4105 1 0 1
-1.97497 -5.36403 1700 0.137321 -0.0392869 27.9996 22.1371 -13 4106 1 0 1
-0.100263 0.533676 1700 0.0415602 0.237556 27.999 22.1372 -13 4107 1 0 1
-5.6191 -2.90564 1700 0.322711 0.0985157 27.998 22.138 -13 4108 1 0 1
2.69573 4.24921 1700 -0.145258 -0.19305 27.999 22.1376 -13 4109 1 0 1
-0.703776 1.85059 1700 -0.0677818 -0.0669055 27.9998 22.1369 -13 4110 1 0 1
2.03911 -0.848022 1700 -0.0484261 -0.203095 27.9992 22.1371 -13 4111 1 0 1
5.15188 -0.622302 1700 -0.211964 -0.0563432 27.9991 22.1375 -13 4112 1 0 1
1.47958 -7.73896 1700 0.234327 0.358861 27.9967 22.1391 -13 4113 1 0 1
-1.05758 -0.387136 1700 0.125219 0.047179 27.9997 22.1368 -13 4114 1 0 1
3.07585 -7.86862 1700 0.16462 0.304245 27.9979 22.1385 -13 4115 1 0 1
0.124774 -3.41668 1700 -0.0514762 -0.0204002 27.9999 22.1368 -13 4116 1 0 1
0.0168926 -0.467861 1700 0.11793 0.376617 27.9972 22.1382 -13 4117 1 0 1
0.268782 2.47855 1700 -0.124735 -0.20189 27.999 22.1375 -13 4118 1 0 1
-2.97793 0.525549 1700 0.0813759 -0.0226793 27.9999 22.1368 -13 4119 1 0 1
-2.40391 -1.58239 1700 0.245393 0.279115 27.9975 22.138 -13 4120 1 0 1
-0.237981 0.116911 1700 -0.148159 -0.0437854 27.9996 22.137 -13 4121 1 0 1
0.966448 1.2496 1700 0.0208197 0.0790253 27.9999 22.1367 -13 4122 1 0 1
-1.16415 -1.9003 1700 -0.0301894 -0.22861 27.9991 22.1373 -13 4123 1 0 1
2.74854 1.60679 1700 -0.0867313 0.188041 27.9992 22.1373 -13 4124 1 0 1
-2.15334 -7.7381 1700 0.549901 0.53717 27.9894 22.1434 -13 4125 1 0 1
1.23356 -1.9643 1700 -0.056434 0.0554246 27.9999 22.1368 -13 4126 1 0 1
0.93107 -4.1021 1700 0.185903 0.171105 27.9989 22.1374 -13 4127 1 0 1
-3.56258 -3.6729 1700 0.194876 0.117788 27.9991 22.1373 -13 4128 1 0 1
3.42458 2.29145 1700 -0.0258213 -0.243712 27.9989 22.1374 -13 4129 1 0 1
-0.373234 4.47914 1700 -0.149957 -0.301067 27.998 22.1383 -13 4130 1 0 1
-4.12798 -1.66234 1700 0.199341 0.151698 27.9989 22.1373 -13 4131 1 0 1
1.27632 3.15458 1700 0.0734191 -0.0431285 27.9999 22.1367 -13 4132 1 0 1
2.27361 0.633241 1700 -0.0135417 -0.21469 27.9992 22.1372 -13 4133 1 0 1
3.42044 -4.1667 1700 -0.0267961 0.239206 27.999 22.1376 -13 4134 1 0 1
2.55328 4.43879 1700 -0.196421 -0.330549 27.9974 22.1387 -13 4135 1 0 1
3.37365 -1.88026 1700 0.0910233 0.124465 27.9996 22.137 -13 4136 1 0 1
-1.84241 -0.60127 1700 0.0499012 -0.0608854 27.9999 22.1368 -13 4137 1 0 1
-1.51739 0.631111 1700 -0.131585 -0.413325 27.9966 22.1389 -13 4138 1 0 1
1.78708 -0.674407 1700 -0.0309199 0.271327 27.9987 22.1375 -13 4139 1 0 1
-1.87023 -0.464175 1700 0.031516 -0.155072 27.9996 22.137 -13 4140 1 0 1
0.107161 -2.89735 1700 0.309586 0.442908 27.9948 22.1397 -13 4141 1 0 1
-0.778753 1.44941 1700 -0.185371 -0.311017 27.9977 22.1383 -13 4142 1 0 1
2.34251 2.21026 1700 -0.100869 -0.0613718 27.9998 22.137 -13 4143 1 0 1
-1.05825 2.85529 1700 -0.0514194 0.0376884 27.9999 22.1368 -13 4144 1 0 1
0.054208 2.07496 1700 0.0333738 -0.192271 27.9993 22.1371 -13 4145 1 0 1
2.49798 0.113006 1700 0.0173418 0.223548 27.9991 22.1373 -13 4146 1 0 1
-1.10383 3.20102 1700 -0.21308 -0.247832 27.9981 22.1382 -13 4147 1 0 1
1.03698 -0.266859 1700 -0.0530757 0.0219168 27.9999 22.1368 -13 4148 1 0 1
-0.427123 -4.23465 1700 -0.140262 -0.156475 27.9992 22.1372 -13 4149 1 0 1
1.34884 -2.93135 1700 0.0538561 -0.0711806 27.9999 22.1368 -13 4150 1 0 1
0.906691 -3.12563 1700 0.362423 0.5496 27.9923 22.1412 -13 4151 1 0 1
1.33229 0.322317 1700 0.119002 -0.0458089 27.9997 22.1368 -13 4152 1 0 1
1.16573 0.285904 1700 0.06439 -0.0191233 27.9999 22.1367 -13 4153 1 0 1
3.20565 2.85559 1700 -0.0118561 -0.0219803 28 22.1368 -13 4154 1 0 1
-1.36186 -5.94442 1700 0.335421 0.0852532 27.9979 22.1382 -13 4155 1 0 1
-0.800038 4.76354 1700 -0.143469 -0.384658 27.997 22.1389 -13 4156 1 0 1
4.31839 2.48185 1700 -0.238091 -0.208021 27.9982 22.1381 -13 4157 1 0 1
1.4928 1.8424 1700 -0.120957 0.0248272 27.9997 22.137 -13 4158 1 0 1
-1.5432 -0.551408 1700 0.168508 0.361625 27.9972 22.1381 -13 4159 1 0 1
0.350781 -2.33887 1700 0.0198651 -0.0184691 28 22.1367 -13 4160 1 0 1
-0.241828 -1.16856 1700 0.156518 0.127318 27.9993 22.137 -13 4161 1 0 1
1.62831 2.64312 1700 -0.0517525 -0.0509818 27.9999 22.1369 -13 4162 1 0 1
-3.85833 -4.15304 1700 0.308619 0.218386 27.9974 22.1383 -13 4163 1 0 1
-0.282997 2.17937 1700 0.0113973 -0.173025 27.9995 22.1371 -13 4164 1 0 1
-1.05818 -0.256029 1700 0.0448849 -0.116338 27.9997 22.1368 -13 4165 1 0 1
-4.72633 4.8926 1700 0.00555309 -0.348567 27.9978 22.1386 -13 4166 1 0 1
0.446921 0.0653804 1700 0.0388352 0.084246 27.9998 22.1367 -13 4167 1 0 1
2.4035 -6.21061 1700 0.300453 0.482709 27.9942 22.1405 -13 4168 1 0 1
-0.25716 1.88521 1700 -0.113777 -0.309825 27.9981 22.138 -13 4169 1 0 1
-0.939218 0.938304 1700 -0.0278269 -0.221579 27.9991 22.1373 -13 4170 1 0 1
0.0294581 5.01576 1700 -0.128951 -0.244535 27.9986 22.1379 -13 4171 1 0 1
-1.6257 0.27468 1700 -0.0294764 -0.0563191 27.9999 22.1368 -13 4172 1 0 1
2.42997 2.55819 1700 -0.0620474 -0.0950928 27.9998 22.137 -13 4173 1 0 1
-1.2488 -2.14712 1700 0.27633 0.246412 27.9976 22.138 -13 4174 1 0 1
-2.56127 -1.41498 1700 0.200992 0.142476 27.9989 22.1372 -13 4175 1 0 1
4.74985 7.41941 1700 -0.28785 -0.602118 27.992 22.1422 -13 4176 1 0 1
2.26947 -4.55041 1700 0.138071 0.200354 27.9989 22.1375 -13 4177 1 0 1
0.541599 -1.73902 1700 0.0850262 0.0471176 27.9998 22.1367 -13 4178 1 0 1
2.57129 3.07811 1700 -0.226137 -0.109956 27.9989 22.1377 -13 4179 1 0 1
-2.72927 0.0252767 1700 0.0339063 -0.201269 27.9993 22.1372 -13 4180 1 0 1
-2.27232 -4.84279 1700 0.290514 0.344777 27.9964 22.1389 -13 4181 1 0 1
0.0733978 -4.08386 1700 0.300258 0.288465 27.9969 22.1385 -13 4182 1 0 1
2.63236 -0.98047 1700 0.108109 0.142042 27.9994 22.137 -13 4183 1 0 1
-1.2999 -1.38975 1700 0.0767816 0.0808294 27.9998 22.1368 -13 4184 1 0 1
3.74623 8.52165 1700 -0.421457 -0.445127 27.9933 22.142 -13 4185 1 0 1
-0.0459111 -0.202282 1700 0.0370266 -0.12216 27.9997 22.1368 -13 4186 1 0 1
1.58278 -3.93897 1700 0.27465 0.131503 27.9983 22.1377 -13 4187 1 0 1
-0.935616 -1.91358 1700 0.155263 0.206227 27.9988 22.1373 -13 4188 1 0 1
2.36477 2.52393 1700 -0.148423 -0.181734 27.999 22.1375 -13 4189 1 0 1
-4.52869 -4.64905 1700 0.191071 0.404447 27.9964 22.1388 -13 4190 1 0 1
-1.20472 -0.884772 1700 0.0311757 0.206988 27.9992 22.1371 -13 4191 1 0 1
-0.814473 1.24208 1700 6.62027e-05 -0.173382 27.9995 22.1371 -13 4192 1 0 1
1.81685 -0.310093 1700 -0.0619613 -0.185957 27.9993 22.1371 -13 4193 1 0 1
-0.097171 4.65367 1700 -0.120137 -0.242605 27.9987 22.1378 -13 4194 1 0 1
0.235647 -4.23988 1700 0.471425 0.3967 27.9932 22.1407 -13 4195 1 0 1
1.64118 -0.893249 1700 0.173884 -0.0797101 27.9993 22.1369 -13 4196 1 0 1
1.53834 -0.19665 1700 -0.115748 -0.0710628 27.9997 22.137 -13 4197 1 0 1
-2.9442 -5.33567 1700 0.327276 0.392729 27.9953 22.1395 -13 4198 1 0 1
-1.05754 1.95525 1700 0.106147 0.121739 27.9995 22.1368 -13 4199 1 0 1
-0.621305 -0.0675555 1700 0.0046108 -0.039407 28 22.1367 -13 4200 1 0 1
-1.74532 -0.273008 1700 0.318249 0.317163 27.9964 22.1385 -13 4201 1 0 1
3.29266 2.43872 1700 -0.191561 -0.259411 27.9981 22.138 -13 4202 1 0 1
-1.30981 -5.8484 1700 0.512997 0.567302 27.9896 22.143 -13 4203 1 0 1
0.866483 5.10859 1700 -0.272714 -0.386636 27.996 22.1397 -13 4204 1 0 1
-0.105207 1.02088 1700 -0.0694305 0.158401 27.9995 22.137 -13 4205 1 0 1
0.546797 -4.01748 1700 0.232573 0.400893 27.9962 22.139 -13 4206 1 0 1
0.261085 -0.0129289 1700 0.0184118 0.0553542 27.9999 22.1367 -13 4207 1 0 1
-0.90185 -1.36127 1700 0.251536 0.417886 27.9958 22.139 -13 4208 1 0 1
5.65993 2.09081 1700 -0.0722015 -0.147441 27.9995 22.1372 -13 4209 1 0 1
1.20896 -1.50556 1700 -0.0326352 -0.151895 27.9996 22.1369 -13 4210 1 0 1
-0.45226 -3.99322 1700 0.238644 0.443822 27.9955 22.1394 -13 4211 1 0 1
3.32966 7.05657 1700 -0.277114 -0.355773 27.9964 22.1397 -13 4212 1 0 1
0.559094 0.852237 1700 -0.045789 -0.0469119 27.9999 22.1368 -13 4213 1 0 1
-0.724813 0.142778 1700 0.131669 0.101461 27.9995 22.1369 -13 4214 1 0 1
3.04072 -2.52786 1700 0.0181861 0.0875779 27.9999 22.1369 -13 4215 1 0 1
2.40043 -1.44149 1700 0.0792462 0.24688 27.9988 22.1374 -13 4216 1 0 1
-1.88838 -5.90363 1700 0.440002 0.443122 27.993 22.141 -13 4217 1 0 1
3.44829 4.26971 1700 -0.204364 -0.265912 27.998 22.1383 -13 4218 1 0 1
1.49475 -1.41419 1700 0.103046 0.0479139 27.9998 22.1368 -13 4219 1 0 1
-1.15227 -0.338218 1700 0.107824 -0.285543 27.9983 22.1377 -13 4220 1 0 1
2.9021 3.95349 1700 -0.0991403 -0.225277 27.9989 22.1376 -13 4221 1 0 1
0.667023 1.77399 1700 -0.0391376 0.0285387 28 22.1368 -13 4222 1 0 1
-2.8011 3.82404 1700 -0.0509535 -0.286576 27.9985 22.138 -13 4223 1 0 1
-1.30901 -2.79347 1700 0.10438 0.305215 27.9981 22.1377 -13 4224 1 0 1
-2.61864 6.2849 1700 -0.102296 -0.391223 27.9971 22.1391 -13 4225 1 0 1
1.58531 4.21941 1700 -0.363435 -0.339026 27.9956 22.1399 -13 4226 1 0 1
3.49292 5.7132 1700 -0.361834 -0.590873 27.9914 22.1425 -13 4227 1 0 1
-2.36194 2.31804 1700 -0.0352071 -0.0643389 27.9999 22.1369 -13 4228 1 0 1
1.17162 0.192125 1700 0.0697534 -0.178742 27.9993 22.137 -13 4229 1 0 1
3.22866 3.82422 1700 -0.299847 -0.477409 27.9943 22.1405 -13 4230 1 0 1
0.859329 -2.17234 1700 0.0391328 0.039171 27.9999 22.1367 -13 4231 1 0 1
3.03898 -1.94468 1700 0.199673 0.316294 27.9975 22.1382 -13 4232 1 0 1
3.31681 0.256983 1700 -0.0464966 0.0744959 27.9999 22.1369 -13 4233 1 0 1
2.88637 4.59048 1700 -0.186426 -0.489621 27.9951 22.14 -13 4234 1 0 1
-0.541357 -1.44716 1700 0.165922 0.044447 27.9995 22.1369 -13 4235 1 0 1
3.28004 -1.43412 1700 -0.0199497 0.117454 27.9997 22.137 -13 4236 1 0 1
0.285383 3.71129 1700 -0.117948 -0.343242 27.9976 22.1384 -13 4237 1 0 1
0.732856 2.80557 1700 -0.0903682 -0.149319 27.9995 22.1372 -13 4238 1 0 1
0.76178 -2.49914 1700 0.291452 0.548245 27.9931 22.1407 -13 4239 1 0 1
-1.35595 0.966417 1700 0.172391 0.0335308 27.9994 22.1369 -13 4240 1 0 1
0.269113 -4.41368 1700 0.190975 0.28808 27.9979 22.138 -13 4241 1 0 1
-1.24577 -4.24577 1700 0.301824 0.223408 27.9975 22.1382 -13 4242 1 0 1
-3.23098 1.62848 1700 0.0707365 -0.100224 27.9997 22.1369 -13 4243 1 0 1
-0.413148 1.34594 1700 -0.00808421 0.0310415 28 22.1367 -13 4244 1 0 1
-0.0486594 2.60378 1700 -0.105216 -0.269139 27.9985 22.1378 -13 4245 1 0 1
-4.15971 0.993802 1700 0.0929629 -0.111087 27.9996 22.137 -13 4246 1 0 1
-2.17851 -4.88396 1700 0.341537 0.263011 27.9967 22.1387 -13 4247 1 0 1
-0.824467 -3.21345 1700 0.119612 0.170842 27.9992 22.1371 -13 4248 1 0 1
-1.44344 2.66406 1700 -0.13451 -0.188516 27.999 22.1375 -13 4249 1 0 1
-4.91469 0.211128 1700 0.0565432 0.0406565 27.9999 22.1368 -13 4250 1 0 1
2.22362 -2.99936 1700 0.0695381 0.1897 27.9993 22.1372 -13 4251 1 0 1
-0.274988 3.37498 1700 -0.0215431 -0.113901 27.9998 22.137 -13 4252 1 0 1
-1.85769 3.62714 1700 -0.0947074 0.0799408 27.9997 22.137 -13 4253 1 0 1
1.50296 3.56891 1700 -0.131184 -0.292554 27.9982 22.138 -13 4254 1 0 1
-1.88245 -2.53324 1700 0.196372 0.18781 27.9987 22.1374 -13 4255 1 0 1
0.970951 -0.129489 1700 0.054537 0.185439 27.9993 22.137 -13 4256 1 0 1
2.74083 4.81603 1700 -0.104141 -0.363904 27.9974 22.1385 -13 4257 1 0 1
-0.440055 -2.59968 1700 0.175844 0.140729 27.9991 22.1372 -13 4258 1 0 1
1.02532 4.20539 1700 -0.354476 -0.158733 27.9973 22.1389 -13 4259 1 0 1
-4.56922 4.48591 1700 0.067664 -0.383114 27.9973 22.1388 -13 4260 1 0 1
-2.22735 1.04338 1700 -0.0604051 -0.283106 27.9985 22.1378 -13 4261 1 0 1
1.41738 -3.3445 1700 0.254543 0.411451 27.9958 22.1392 -13 4262 1 0 1
1.31288 3.31326 1700 -0.113471 -0.204249 27.999 22.1375 -13 4263 1 0 1
1.21179 1.3517 1700 -0.151017 -0.21868 27.9987 22.1376 -13 4264 1 0 1
-3.46061 1.21899 1700 0.329504 0.229507 27.9971 22.138 -13 4265 1 0 1
-0.495285 2.59165 1700 -0.165904 -0.0641592 27.9994 22.1373 -13 4266 1 0 1
-0.189438 -3.14578 1700 0.0927354 0.143641 27.9995 22.137 -13 4267 1 0 1
1.83825 0.607669 1700 0.0101214 -0.131616 27.9997 22.1369 -13 4268 1 0 1
-1.04556 2.09694 1700 0.0653939 0.114075 27.9997 22.1368 -13 4269 1 0 1
-3.53818 -3.40487 1700 0.404112 0.26476 27.9958 22.1391 -13 4270 1 0 1
0.731303 3.50791 1700 0.0183082 -0.125867 27.9997 22.1369 -13 4271 1 0 1
-0.228018 2.20876 1700 -0.116444 -0.234146 27.9988 22.1376 -13 4272 1 0 1
-0.992522 -0.000333805 1700 0.0223594 -0.206186 27.9992 22.1372 -13 4273 1 0 1
-1.73531 4.20635 1700 -0.205003 -0.359412 27.9969 22.139 -13 4274 1 0 1
-2.31295 1.86732 1700 -0.0126353 -0.298397 27.9984 22.1378 -13 4275 1 0 1
-0.911263 -1.10188 1700 0.155985 0.0247944 27.9996 22.1369 -13 4276 1 0 1
6.115 4.23003 1700 -0.402048 -0.380416 27.9945 22.1407 -13 4277 1 0 1
-0.535192 -2.21358 1700 -0.0116233 0.110477 27.9998 22.1368 -13 4278 1 0 1
-0.750045 3.51723 1700 -0.0709122 -0.268845 27.9986 22.1378 -13 4279 1 0 1
-1.92684 0.861004 1700 0.24303 -0.0958092 27.9988 22.1373 -13 4280 1 0 1
-0.275953 -0.923087 1700 -0.0733165 -0.0340509 27.9999 22.1368 -13 4281 1 0 1
2.10799 1.09728 1700 -0.036212 0.0749282 27.9999 22.1368 -13 4282 1 0 1
1.04771 -3.21585 1700 0.083817 0.344121 27.9978 22.1381 -13 4283 1 0 1
-0.141331 1.04586 1700 -0.0921436 0.059892 27.9998 22.1369 -13 4284 1 0 1
-0.213581 -0.353758 1700 0.0265915 -0.0606637 27.9999 22.1367 -13 4285 1 0 1
-0.883759 -5.53623 1700 0.213228 0.180546 27.9986 22.1377 -13 4286 1 0 1
-0.047181 1.20504 1700 -0.170981 -0.350564 27.9973 22.1385 -13 4287 1 0 1
-1.65238 -1.6866 1700 0.0813461 0.127407 27.9996 22.1369 -13 4288 1 0 1
-0.562564 -2.08371 1700 0.160709 0.373815 27.997 22.1383 -13 4289 1 0 1
0.964268 -0.0154324 1700 0.0467982 -0.0787851 27.9999 22.1367 -13 4290 1 0 1
6.11263 1.93407 1700 -0.191846 -0.0404199 27.9993 22.1375 -13 4291 1 0 1
-2.05338 4.51026 1700 0.0728127 -0.0316353 27.9999 22.1368 -13 4292 1 0 1
-3.67835 -2.02069 1700 0.0592483 0.253022 27.9988 22.1373 -13 4293 1 0 1
5.25924 -1.28332 1700 0.0633712 0.22263 27.999 22.1375 -13 4294 1 0 1
-1.86844 -3.0994 1700 0.159025 0.190834 27.9989 22.1373 -13 4295 1 0 1
-1.10531 3.3619 1700 -0.190895 -0.431905 27.996 22.1395 -13 4296 1 0 1
2.90812 -1.34949 1700 0.084747 0.058508 27.9998 22.1368 -13 4297 1 0 1
-5.11661 -6.13955 1700 0.527621 0.639621 27.9877 22.1441 -13 4298 1 0 1
-1.57729 -3.0319 1700 0.300008 0.31496 27.9966 22.1386 -13 4299 1 0 1
2.07539 -3.06024 1700 0.0126484 0.0914188 27.9998 22.1368 -13 4300 1 0 1
2.8021 -3.99641 1700 0.110429 0.300582 27.9982 22.138 -13 4301 1 0 1
-0.616991 3.89805 1700 -0.287689 -0.279111 27.9971 22.1389 -13 4302 1 0 1
1.80553 0.68257 1700 -0.138638 -0.0708424 27.9996 22.1371 -13 4303 1 0 1
0.29354 0.214936 1700 -0.124481 -0.0655232 27.9996 22.137 -13 4304 1 0 1
-0.450927 -2.26796 1700 0.451739 0.556592 27.9908 22.1418 -13 4305 1 0 1
1.69836 -4.45238 1700 0.228609 0.452456 27.9954 22.1396 -13 4306 1 0 1
-1.22285 -0.393178 1700 0.0893212 0.238202 27.9988 22.1372 -13 4307 1 0 1
-0.728075 1.06106 1700 0.0816318 -0.155969 27.9994 22.137 -13 4308 1 0 1
-0.0209225 0.0925751 1700 0.030875 0.122777 27.9997 22.1368 -13 4309 1 0 1
-3.50082 -1.45998 1700 0.160599 -0.307228 27.9979 22.1381 -13 4310 1 0 1
-4.48933 4.52761 1700 0.0554986 -0.328338 27.998 22.1383 -13 4311 1 0 1
-1.39491 -6.5749 1700 0.238404 0.365935 27.9966 22.139 -13 4312 1 0 1
4.55176 9.67397 1700 -0.40932 -0.713209 27.9879 22.1453 -13 4313 1 0 1
-1.77443 -4.33833 1700 0.223839 0.543798 27.9938 22.1403 -13 4314 1 0 1
-0.000756834 2.33128 1700 -0.143538 -0.361398 27.9973 22.1385 -13 4315 1 0 1
0.70938 0.952477 1700 -0.0868423 -0.00283279 27.9999 22.1368 -13 4316 1 0 1
-2.58628 1.40521 1700 0.0636035 -0.397214 27.9971 22.1386 -13 4317 1 0 1
1.90162 0.516121 1700 0.0412565 0.0604026 27.9999 22.1367 -13 4318 1 0 1
-1.7442 0.15108 1700 0.0733774 -0.0634636 27.9998 22.1368 -13 4319 1 0 1
-0.256687 1.35846 1700 -0.0280181 -0.12243 27.9997 22.1369 -13 4320 1 0 1
3.74575 -3.17643 1700 -0.0129292 0.109106 27.9998 22.137 -13 4321 1 0 1
2.2829 -1.28937 1700 0.0108243 -0.0560465 27.9999 22.1367 -13 4322 1 0 1
-0.15225 -1.80646 1700 0.0998254 0.0585127 27.9998 22.1368 -13 4323 1 0 1
-2.95869 -0.12362 1700 0.336097 0.291553 27.9965 22.1384 -13 4324 1 0 1
-2.42106 -0.762615 1700 0.211041 0.436874 27.9958 22.1389 -13 4325 1 0 1
0.222149 3.59783 1700 -0.0843473 -0.082346 27.9998 22.137 -13 4326 1 0 1
0.855557 1.92865 1700 -0.0559332 0.0943585 27.9998 22.1369 -13 4327 1 0 1
5.03388 -2.96799 1700 0.105166 0.176298 27.9992 22.1374 -13 4328 1 0 1
-2.44318 0.506104 1700 0.0154748 -0.229876 27.9991 22.1374 -13 4329 1 0 1
-1.54995 0.945856 1700 0.0620728 -0.0937923 27.9998 22.1368 -13 4330 1 0 1
-0.0987764 1.25925 1700 -0.129173 0.0202219 27.9997 22.137 -13 4331 1 0 1
0.560839 -3.1077 1700 0.175835 0.141205 27.9991 22.1372 -13 4332 1 0 1
-1.85494 2.6307 1700 0.0142352 -0.112214 27.9998 22.1369 -13 4333 1 0 1
1.09709 -1.2371 1700 0.0028826 0.115419 27.9998 22.1368 -13 4334 1 0 1
1.34786 -0.804597 1700 -0.0428219 0.0770769 27.9999 22.1368 -13 4335 1 0 1
-1.99021 -0.710459 1700 0.249365 0.504438 27.9943 22.1397 -13 4336 1 0 1
0.578231 -7.03245 1700 0.276781 0.597188 27.9923 22.1417 -13 4337 1 0 1
0.540893 2.37976 1700 -0.128613 -0.326637 27.9978 22.1382 -13 4338 1 0 1
-2.26161 4.5681 1700 0.0426431 -0.0212181 28 22.1368 -13 4339 1 0 1
0.16536 2.63748 1700 0.0815854 -0.0568727 27.9998 22.1368 -13 4340 1 0 1
-0.364494 -3.3566 1700 0.209554 0.400199 27.9964 22.1388 -13 4341 1 0 1
6.70616 5.84468 1700 -0.160798 -0.121082 27.9993 22.1378 -13 4342 1 0 1
0.356119 0.397763 1700 -0.0647421 -0.172964 27.9994 22.1371 -13 4343 1 0 1
-2.24395 -3.01376 1700 0.282574 0.280066 27.9972 22.1383 -13 4344 1 0 1
-3.55914 -4.41759 1700 0.238948 0.177284 27.9984 22.1377 -13 4345 1 0 1
-0.636704 -0.331468 1700 0.0325999 0.192827 27.9993 22.137 -13 4346 1 0 1
0.88399 -1.85455 1700 -0.0396804 0.188129 27.9993 22.1371 -13 4347 1 0 1
-0.371453 -4.30708 1700 0.134026 0.109741 27.9995 22.1371 -13 4348 1 0 1
2.33743 -0.703827 1700 0.0940827 0.112958 27.9996 22.1369 -13 4349 1 0 1
3.50271 -1.2364 1700 -0.0586006 0.166709 27.9994 22.1372 -13 4350 1 0 1
0.285803 -0.874978 1700 0.118897 0.198202 27.999 22.1372 -13 4351 1 0 1
4.19815 0.104756 1700 0.0112259 -0.0260609 28 22.1368 -13 4352 1 0 1
2.15437 2.69982 1700 -0.0716532 -0.132101 27.9996 22.1371 -13 4353 1 0 1
-1.29881 -0.465417 1700 0.193057 0.20696 27.9986 22.1374 -13 4354 1 0 1
3.2223 1.32706 1700 -0.219745 -0.212624 27.9983 22.1379 -13 4355 1 0 1
-1.66596 4.5071 1700 -0.153575 -0.329959 27.9976 22.1386 -13 4356 1 0 1
1.65819 -1.16209 1700 -0.0289453 0.0023598 28 22.1367 -13 4357 1 0 1
0.841344 -3.05388 1700 0.208629 0.350189 27.997 22.1384 -13 4358 1 0 1
-2.39231 -2.81927 1700 0.225108 0.331637 27.9971 22.1383 -13 4359 1 0 1
-1.71932 -0.296841 1700 0.146246 0.160149 27.9992 22.137 -13 4360 1 0 1
0.139119 -1.80265 1700 0.220821 0.558829 27.9936 22.1403 -13 4361 1 0 1
1.42472 -1.00197 1700 0.163098 0.103 27.9993 22.137 -13 4362 1 0 1
-1.00652 -2.24784 1700 0.121883 0.210646 27.9989 22.1372 -13 4363 1 0 1
-0.621523 -4.50945 1700 0.217929 0.149413 27.9988 22.1375 -13 4364 1 0 1
1.92705 2.8284 1700 -0.0862287 -0.210814 27.9991 22.1374 -13 4365 1 0 1
0.91492 5.69228 1700 -0.237944 -0.118719 27.9987 22.138 -13 4366 1 0 1
-2.04788 2.67543 1700 0.0257447 -0.12706 27.9997 22.137 -13 4367 1 0 1
-0.942034 2.0375 1700 0.00928177 0.000230509 28 22.1367 -13 4368 1 0 1
-0.57738 2.86247 1700 -0.203415 -0.302697 27.9976 22.1384 -13 4369 1 0 1
3.2811 2.21929 1700 -0.15603 -0.381727 27.997 22.1386 -13 4370 1 0 1
-3.19952 1.44739 1700 -0.0318879 -0.180365 27.9994 22.1372 -13 4371 1 0 1
0.315524 6.91169 1700 -0.296171 -0.452374 27.9948 22.1407 -13 4372 1 0 1
-1.09905 -2.45589 1700 0.247858 0.0558319 27.9988 22.1373 -13 4373 1 0 1
0.215661 0.517144 1700 0.0238988 -0.136659 27.9997 22.1369 -13 4374 1 0 1
-1.45287 -3.69607 1700 0.250197 0.295239 27.9973 22.1382 -13 4375 1 0 1
-1.93272 -3.41918 1700 0.0844706 -0.166564 27.9994 22.1371 -13 4376 1 0 1
-1.21917 1.92103 1700 0.0464755 0.0514064 27.9999 22.1367 -13 4377 1 0 1
0.396137 1.21526 1700 0.093381 0.410494 27.9968 22.1384 -13 4378 1 0 1
4.03209 0.683461 1700 -0.0162565 -0.0194161 28 22.1368 -13 4379 1 0 1
-2.95356 -3.35198 1700 0.293297 0.0810683 27.9983 22.1377 -13 4380 1 0 1
-1.03221 0.169749 1700 -0.0319745 -0.229106 27.999 22.1373 -13 4381 1 0 1
-5.51806 -3.88738 1700 0.250901 0.179995 27.9983 22.1378 -13 4382 1 0 1
1.51537 2.30005 1700 -0.0725855 -0.0407911 27.9999 22.1369 -13 4383 1 0 1
0.167014 3.22374 1700 0.10803 -0.0901171 27.9996 22.1368 -13 4384 1 0 1
0.800592 1.58343 1700 -0.0999801 -0.0671899 27.9997 22.137 -13 4385 1 0 1
-0.595053 2.77766 1700 -0.0704094 -0.106365 27.9997 22.137 -13 4386 1 0 1
-0.767933 0.813484 1700 0.0417952 -0.311112 27.9982 22.1378 -13 4387 1 0 1
-1.15289 2.83194 1700 -0.0548033 -0.15907 27.9995 22.1372 -13 4388 1 0 1
0.608643 0.805753 1700 -0.0682184 -0.2396 27.9989 22.1374 -13 4389 1 0 1
2.2972 3.52405 1700 -0.191785 -0.133429 27.999 22.1376 -13 4390 1 0 1
2.94081 3.69054 1700 -0.181832 -0.0135264 27.9994 22.1374 -13 4391 1 0 1
3.04711 0.172312 1700 0.00879981 -0.0543438 27.9999 22.1367 -13 4392 1 0 1
-0.526193 -1.30475 1700 -0.0616944 -0.165336 27.9994 22.137 -13 4393 1 0 1
4.0909 -0.0108553 1700 -0.104944 -0.0316643 27.9998 22.137 -13 4394 1 0 1
2.76018 7.32253 1700 -0.395648 -0.574726 27.9913 22.1429 -13 4395 1 0 1
-1.52537 -2.19448 1700 0.144194 0.0805044 27.9995 22.1369 -13 4396 1 0 1
-3.43003 -2.39228 1700 0.175012 0.0635129 27.9994 22.1371 -13 4397 1 0 1
-0.0530583 -0.875955 1700 0.158037 0.155223 27.9991 22.1371 -13 4398 1 0 1
-0.374599 -0.496176 1700 0.147491 0.556152 27.9941 22.1399 -13 4399 1 0 1
-1.45423 -0.214442 1700 0.242382 0.117129 27.9987 22.1373 -13 4400 1 0 1
4.5091 0.113486 1700 -0.0373496 0.0376604 27.9999 22.1369 -13 4401 1 0 1
-1.46639 -0.890515 1700 0.0610317 -0.198243 27.9992 22.1372 -13 4402 1 0 1
-1.11663 3.9042 1700 0.170279 -0.254145 27.9983 22.1377 -13 4403 1 0 1
1.31378 -0.542884 1700 0.0917463 0.0746231 27.9998 22.1368 -13 4404 1 0 1
2.3593 5.70424 1700 -0.11462 -0.155463 27.9993 22.1375 -13 4405 1 0 1
5.04635 -3.09711 1700 0.083975 0.483983 27.9957 22.1397 -13 4406 1 0 1
-3.04968 1.32434 1700 0.18045 -0.335517 27.9974 22.1383 -13 4407 1 0 1
-3.19242 -4.09568 1700 0.192253 0.169197 27.9988 22.1374 -13 4408 1 0 1
-0.190408 7.31703 1700 -0.189934 -0.403982 27.9964 22.1396 -13 4409 1 0 1
-0.577025 1.75509 1700 0.00656038 0.0399807 28 22.1367 -13 4410 1 0 1
4.62174 -2.58613 1700 0.1425 0.261646 27.9984 22.1378 -13 4411 1 0 1
-0.490774 0.811769 1700 -0.0440897 -0.0181432 28 22.1367 -13 4412 1 0 1
1.63245 4.14349 1700 -0.151644 -0.389065 27.9969 22.1389 -13 4413 1 0 1
-1.16372 -1.69307 1700 0.310619 0.249203 27.9972 22.1382 -13 4414 1 0 1
1.10073 -0.140252 1700 0.0732893 -0.0590752 27.9998 22.1367 -13 4415 1 0 1
1.67776 3.51487 1700 -0.0289038 -0.321182 27.9981 22.1379 -13 4416 1 0 1
2.27987 -2.38469 1700 -0.00231418 0.0665759 27.9999 22.1368 -13 4417 1 0 1
-1.43516 -2.6555 1700 0.167772 0.153283 27.9991 22.1372 -13 4418 1 0 1
3.24328 3.0397 1700 -0.319837 -0.434184 27.9948 22.1402 -13 4419 1 0 1
-4.72994 -4.45012 1700 0.325135 0.254816 27.997 22.1386 -13 4420 1 0 1
0.35847 3.02733 1700 -0.0480174 -0.106322 27.9998 22.137 -13 4421 1 0 1
-0.00573009 -6.70439 1700 0.402877 0.696967 27.9884 22.1439 -13 4422 1 0 1
3.96886 -0.948525 1700 -0.205682 -0.0754485 27.9991 22.1374 -13 4423 1 0 1
1.12631 -3.18837 1700 0.203819 0.133854 27.9989 22.1373 -13 4424 1 0 1
1.50797 -1.82191 1700 0.125452 0.125998 27.9994 22.137 -13 4425 1 0 1
-2.54716 3.76858 1700 0.145105 -0.00184657 27.9996 22.1369 -13 4426 1 0 1
3.30052 1.58494 1700 -0.187954 -0.137458 27.999 22.1375 -13 4427 1 0 1
2.86955 1.94929 1700 -0.0390345 -0.0551782 27.9999 22.1368 -13 4428 1 0 1
-1.29593 -2.1989 1700 0.241283 0.0624732 27.9989 22.1373 -13 4429 1 0 1
1.06929 -0.541623 1700 0.0182498 0.31823 27.9982 22.1377 -13 4430 1 0 1
0.439753 3.54215 1700 -0.0601632 0.156182 27.9995 22.1371 -13 4431 1 0 1
0.488409 3.51785 1700 0.0173982 -0.0271943 28 22.1368 -13 4432 1 0 1
1.03845 1.03627 1700 -0.0879317 -0.422973 27.9967 22.1387 -13 4433 1 0 1
0.743342 1.51744 1700 -0.120047 -0.264536 27.9985 22.1377 -13 4434 1 0 1
0.431749 1.60649 1700 -0.148079 -0.107465 27.9994 22.1372 -13 4435 1 0 1
-3.89906 2.73872 1700 0.256095 -0.0223667 27.9988 22.1373 -13 4436 1 0 1
2.79795 4.79766 1700 -0.206818 -0.138367 27.9989 22.1378 -13 4437 1 0 1
-1.58069 4.4782 1700 -0.0243182 -0.286962 27.9985 22.1379 -13 4438 1 0 1
-0.322105 3.83076 1700 -0.215741 -0.363761 27.9968 22.139 -13 4439 1 0 1
-3.52764 -3.32239 1700 0.27239 0.173179 27.9981 22.1378 -13 4440 1 0 1
-0.532162 3.33514 1700 -0.0563536 -0.2492 27.9988 22.1376 -13 4441 1 0 1
-1.47991 3.19725 1700 -0.16007 -0.433635 27.9962 22.1394 -13 4442 1 0 1
-2.23581 4.6636 1700 -0.0865954 -0.229213 27.9989 22.1377 -13 4443 1 0 1
-0.766801 -2.76049 1700 0.135625 0.297588 27.9981 22.1378 -13 4444 1 0 1
-1.08327 -1.99731 1700 0.100893 0.176149 27.9993 22.1371 -13 4445 1 0 1
1.42063 3.50312 1700 -0.146111 -0.223306 27.9987 22.1377 -13 4446 1 0 1
0.521579 1.11196 1700 0.0391102 -0.0568418 27.9999 22.1367 -13 4447 1 0 1
0.59834 6.82746 1700 -0.254592 -0.380482 27.9963 22.1397 -13 4448 1 0 1
3.16448 3.16834 1700 -0.0653235 -0.0448522 27.9999 22.1369 -13 4449 1 0 1
-2.48259 -1.06855 1700 0.103095 0.0852144 27.9997 22.1368 -13 4450 1 0 1
0.960257 3.51637 1700 -0.0818696 -0.222984 27.999 22.1375 -13 4451 1 0 1
2.10486 -2.63867 1700 0.0466358 0.152368 27.9995 22.137 -13 4452 1 0 1
4.89312 2.82269 1700 -0.352559 -0.500512 27.9933 22.141 -13 4453 1 0 1
0.16048 4.69955 1700 -0.183596 -0.102184 27.9992 22.1376 -13 4454 1 0 1
-0.768827 0.0328631 1700 0.106093 0.0750204 27.9997 22.1368 -13 4455 1 0 1
-0.749945 -1.54208 1700 0.033133 0.0468309 27.9999 22.1367 -13 4456 1 0 1
-2.75598 5.00603 1700 -0.0354423 -0.394557 27.9972 22.1389 -13 4457 1 0 1
-3.62393 -3.27647 1700 0.0974513 -0.107992 27.9996 22.1371 -13 4458 1 0 1
-2.18965 -2.57834 1700 0.154486 0.303307 27.9979 22.1378 -13 4459 1 0 1
0.507428 -1.12799 1700 0.0823959 -0.0111357 27.9999 22.1367 -13 4460 1 0 1
3.83558 4.11472 1700 -0.257448 -0.205937 27.9981 22.1384 -13 4461 1 0 1
-0.774119 1.3773 1700 0.0192135 -0.162352 27.9995 22.137 -13 4462 1 0 1
-2.77693 -4.5446 1700 0.269181 0.311907 27.997 22.1385 -13 4463 1 0 1
-1.55684 -1.00683 1700 0.0747858 -0.0899041 27.9998 22.1368 -13 4464 1 0 1
2.67181 0.907425 1700 -0.0701992 0.0713204 27.9998 22.1369 -13 4465 1 0 1
3.11478 3.99838 1700 0.0518171 -0.109252 27.9997 22.1369 -13 4466 1 0 1
1.52641 4.57509 1700 -0.122034 -0.112614 27.9995 22.1373 -13 4467 1 0 1
-0.299847 -1.14844 1700 0.0539903 -0.156391 27.9995 22.1369 -13 4468 1 0 1
0.444808 1.54259 1700 -0.0633178 -0.0275319 27.9999 22.1368 -13 4469 1 0 1
-1.29319 -3.31682 1700 0.00488606 0.108323 27.9998 22.1368 -13 4470 1 0 1
-0.997117 -4.33668 1700 0.166393 0.343397 27.9974 22.1383 -13 4471 1 0 1
0.494325 1.55591 1700 -0.143033 -0.072249 27.9995 22.1371 -13 4472 1 0 1
4.08042 0.863499 1700 -0.03094 -0.0935694 27.9998 22.1369 -13 4473 1 0 1
3.46236 1.96489 1700 -0.034508 -0.0713274 27.9999 22.1369 -13 4474 1 0 1
-2.15563 -1.65495 1700 0.0763084 0.0432345 27.9999 22.1367 -13 4475 1 0 1
2.67355 5.91411 1700 -0.195153 -0.492543 27.995 22.1402 -13 4476 1 0 1
-0.752483 1.2418 1700 0.0931333 -0.0306644 27.9998 22.1367 -13 4477 1 0 1
-3.33101 -1.56465 1700 -0.0423663 -0.0264873 28 22.1368 -13 4478 1 0 1
-3.16147 -3.631 1700 0.326364 0.277288 27.9967 22.1386 -13 4479 1 0 1
-2.30742 -5.36549 1700 0.439368 0.489432 27.9923 22.1413 -13 4480 1 0 1
-4.73592 -3.06133 1700 0.266494 0.413973 27.9957 22.1391 -13 4481 1 0 1
0.164155 -0.182575 1700 -0.105846 0.0498612 27.9998 22.1369 -13 4482 1 0 1
-0.277581 1.36195 1700 0.0527877 0.0804093 27.9998 22.1367 -13 4483 1 0 1
-0.968001 2.02735 1700 0.10759 0.0530943 27.9997 22.1367 -13 4484 1 0 1
3.06553 0.49731 1700 -0.157544 -0.175032 27.999 22.1374 -13 4485 1 0 1
0.258955 -0.0381521 1700 -0.0125945 0.00915023 28 22.1367 -13 4486 1 0 1
2.33119 4.18056 1700 -0.27325 -0.254287 27.9975 22.1387 -13 4487 1 0 1
0.196484 4.43916 1700 -0.210905 -0.473244 27.9952 22.14 -13 4488 1 0 1
0.114691 -5.60515 1700 0.164635 0.253325 27.9984 22.1378 -13 4489 1 0 1
1.13381 6.60591 1700 -0.197546 -0.344129 27.9972 22.139 -13 4490 1 0 1
-2.78794 -0.497053 1700 0.0145118 -0.347377 27.9978 22.1381 -13 4491 1 0 1
1.58113 -3.366 1700 0.299242 0.32307 27.9965 22.1387 -13 4492 1 0 1
3.02041 1.49696 1700 -0.190331 -0.196386 27.9987 22.1377 -13 4493 1 0 1
-0.321599 0.479867 1700 0.188195 -0.196426 27.9987 22.1373 -13 4494 1 0 1
0.721835 4.08624 1700 -0.175386 -0.330513 27.9975 22.1386 -13 4495 1 0 1
0.333012 2.99104 1700 0.0977825 -0.187619 27.9992 22.1371 -13 4496 1 0 1
2.18548 -0.218908 1700 -0.16175 -0.13054 27.9992 22.1373 -13 4497 1 0 1
-0.00115279 4.24912 1700 -0.23465 -0.331242 27.9971 22.1389 -13 4498 1 0 1
-2.76568 -3.61921 1700 0.294173 0.317877 27.9967 22.1386 -13 4499 1 0 1
5.21312 3.01227 1700 -0.117618 0.271542 27.9984 22.1381 -13 4500 1 0 1
0.346835 -3.80501 1700 0.0927901 0.00813003 27.9998 22.1368 -13 4501 1 0 1
-1.41514 0.909528 1700 0.157341 0.140858 27.9992 22.137 -13 4502 1 0 1
2.13927 4.24033 1700 -0.228948 -0.344491 27.9969 22.1389 -13 4503 1 0 1
6.68641 1.13662 1700 -0.317078 0.0196387 27.9982 22.1384 -13 4504 1 0 1
3.92615 2.72865 1700 -0.229035 -0.352115 27.9968 22.1388 -13 4505 1 0 1
-3.28224 0.604281 1700 0.0964377 -0.138212 27.9995 22.1371 -13 4506 1 0 1
-0.905543 3.84676 1700 -0.062611 -0.239274 27.9989 22.1376 -13 4507 1 0 1
0.978649 -0.611884 1700 -0.0377969 0.219096 27.9991 22.1372 -13 4508 1 0 1
-1.54225 -7.48824 1700 0.374876 0.457136 27.9938 22.1408 -13 4509 1 0 1
2.35987 -0.473396 1700 -0.102573 -0.000152104 27.9998 22.1369 -13 4510 1 0 1
0.572764 0.732992 1700 0.191775 0.214011 27.9985 22.1374 -13 4511 1 0 1
3.27822 2.59031 1700 -0.0650136 -0.0662424 27.9998 22.1369 -13 4512 1 0 1
0.120944 0.1129 1700 -0.136971 -0.171693 27.9991 22.1373 -13 4513 1 0 1
2.22773 2.72415 1700 -0.0956964 0.00973209 27.9998 22.137 -13 4514 1 0 1
-1.27368 3.85678 1700 -0.116023 -0.446213 27.9962 22.1393 -13 4515 1 0 1
0.241395 -0.508182 1700 0.000480345 -0.023463 28 22.1367 -13 4516 1 0 1
0.78925 -4.42003 1700 0.237576 0.464088 27.9951 22.1397 -13 4517 1 0 1
-0.452756 -0.982656 1700 0.300415 0.456971 27.9947 22.1396 -13 4518 1 0 1
3.99434 9.25389 1700 -0.497684 -0.713041 27.9865 22.1463 -13 4519 1 0 1
0.674611 -2.61336 1700 0.183776 0.0949572 27.9992 22.1371 -13 4520 1 0 1
3.95704 3.0834 1700 -0.150427 -0.220871 27.9987 22.1377 -13 4521 1 0 1
-0.384714 -1.20504 1700 0.0361267 0.0118984 28 22.1367 -13 4522 1 0 1
-2.32206 -1.04356 1700 0.0842586 -0.102424 27.9997 22.1369 -13 4523 1 0 1
-2.23411 1.07652 1700 0.128125 0.14284 27.9993 22.1369 -13 4524 1 0 1
-3.04558 -2.3518 1700 0.0959685 0.183332 27.9992 22.1371 -13 4525 1 0 1
-0.955474 -1.78314 1700 0.0948383 0.0369977 27.9998 22.1368 -13 4526 1 0 1
-0.68768 -4.73102 1700 0.231811 0.375366 27.9965 22.1388 -13 4527 1 0 1
-3.45179 -0.210749 1700 0.0967674 -0.0130037 27.9998 22.1368 -13 4528 1 0 1
1.22904 0.871608 1700 -0.0844638 -0.10819 27.9997 22.137 -13 4529 1 0 1
-0.642299 -4.32617 1700 0.0969481 0.099512 27.9997 22.137 -13 4530 1 0 1
0.494831 -5.52213 1700 0.140857 0.295359 27.9981 22.138 -13 4531 1 0 1
-1.64316 -2.55394 1700 -0.0166931 0.14039 27.9996 22.1369 -13 4532 1 0 1
-0.125795 -2.11572 1700 0.208612 0.415597 27.9961 22.1388 -13 4533 1 0 1
5.43894 11.3795 1700 -0.402231 -0.865795 27.9837 22.1481 -13 4534 1 0 1
5.97541 -0.180036 1700 -0.0774295 -0.0706202 27.9998 22.137 -13 4535 1 0 1
4.34233 -5.5357 1700 0.220342 0.59159 27.9929 22.1415 -13 4536 1 0 1
-2.10025 -2.67447 1700 0.265676 0.397644 27.9959 22.1389 -13 4537 1 0 1
1.13219 -2.65807 1700 0.141166 0.311406 27.9979 22.1379 -13 4538 1 0 1
-0.421739 -0.407872 1700 0.135151 -0.0256183 27.9997 22.1368 -13 4539 1 0 1
-0.0760863 3.16418 1700 -0.17195 -0.257664 27.9983 22.138 -13 4540 1 0 1
-1.67486 -2.17761 1700 -0.0187758 0.0407154 28 22.1367 -13 4541 1 0 1
-0.234593 4.86556 1700 -0.176971 -0.26532 27.9982 22.1382 -13 4542 1 0 1
-0.678132 0.211635 1700 0.0395444 -0.23505 27.999 22.1373 -13 4543 1 0 1
0.18681 3.79907 1700 -0.0855397 -0.289741 27.9984 22.1379 -13 4544 1 0 1
1.02092 -0.164404 1700 -0.0197549 -0.0317954 28 22.1367 -13 4545 1 0 1
0.11811 4.93735 1700 -0.159355 -0.143284 27.9992 22.1376 -13 4546 1 0 1
3.09785 -2.19475 1700 0.0123566 0.234887 27.999 22.1374 -13 4547 1 0 1
4.02931 1.38757 1700 -0.220026 -0.139408 27.9988 22.1377 -13 4548 1 0 1
-0.808673 2.99359 1700 0.00769766 0.0979425 27.9998 22.1368 -13 4549 1 0 1
2.68832 0.37704 1700 0.0284332 -0.0259209 28 22.1367 -13 4550 1 0 1
0.941666 1.45168 1700 0.111376 0.180331 27.9992 22.137 -13 4551 1 0 1
-1.65044 -0.291665 1700 0.136145 0.0173903 27.9997 22.1368 -13 4552 1 0 1
1.43024 0.771981 1700 0.0618962 0.220194 27.9991 22.1372 -13 4553 1 0 1
-3.83185 -5.84555 1700 0.226996 0.401745 27.9962 22.1391 -13 4554 1 0 1
3.08433 -0.256047 1700 0.0033221 -0.0319758 28 22.1367 -13 4555 1 0 1
0.430633 -0.257082 1700 0.0244554 -0.0408212 28 22.1367 -13 4556 1 0 1
4.31639 2.3364 1700 -0.137116 -0.180764 27.9991 22.1375 -13 4557 1 0 1
2.96502 -1.96785 1700 -0.0149621 0.236185 27.999 22.1374 -13 4558 1 0 1
0.288973 2.95699 1700 -0.0203461 -0.175081 27.9994 22.1371 -13 4559 1 0 1
1.17568 4.18931 1700 -0.14018 -0.367357 27.9972 22.1387 -13 4560 1 0 1
-0.727671 -2.18168 1700 0.194323 0.306497 27.9976 22.138 -13 4561 1 0 1
0.439913 4.11194 1700 -0.0863138 0.0181071 27.9999 22.137 -13 4562 1 0 1
2.47473 3.45333 1700 -0.210578 -0.292693 27.9977 22.1384 -13 4563 1 0 1
1.72565 -4.02708 1700 0.115841 0.395917 27.997 22.1386 -13 4564 1 0 1
5.29312 2.53213 1700 -0.118772 0.0537582 27.9997 22.1373 -13 4565 1 0 1
-0.988824 1.35352 1700 -0.140243 -0.341116 27.9976 22.1383 -13 4566 1 0 1
-3.30522 -0.952214 1700 0.0200419 -0.0318718 28 22.1368 -13 4567 1 0 1
-0.574799 1.64421 1700 0.0761924 -0.0606964 27.9998 22.1367 -13 4568 1 0 1
-1.95358 0.45163 1700 0.0957035 0.0872137 27.9997 22.1368 -13 4569 1 0 1
2.45818 -4.61136 1700 0.0650164 0.123227 27.9997 22.137 -13 4570 1 0 1
2.0933 0.277903 1700 -0.12493 -0.27577 27.9984 22.1377 -13 4571 1 0 1
1.20909 1.52822 1700 -0.0751067 -0.0894217 27.9998 22.1369 -13 4572 1 0 1
2.45053 0.385788 1700 0.0853862 -0.0373084 27.9998 22.1367 -13 4573 1 0 1
-1.26243 -1.58656 1700 0.0836099 -0.0295395 27.9999 22.1367 -13 4574 1 0 1
-2.3075 -3.54851 1700 0.146283 0.0443157 27.9996 22.137 -13 4575 1 0 1
1.7477 0.665094 1700 -0.137445 -0.168497 27.9992 22.1373 -13 4576 1 0 1
0.264425 -1.01385 1700 0.170737 0.0228406 27.9995 22.1369 -13 4577 1 0 1
0.517374 2.29323 1700 -0.118907 -0.12981 27.9994 22.1372 -13 4578 1 0 1
4.98505 5.46018 1700 -0.433096 -0.579048 27.9907 22.143 -13 4579 1 0 1
0.394355 -0.769666 1700 -0.0498645 -0.00963129 28 22.1367 -13 4580 1 0 1
-0.720403 1.00302 1700 0.00838564 -0.344929 27.9979 22.138 -13 4581 1 0 1
-1.14362 -2.28299 1700 0.136698 0.043932 27.9996 22.1369 -13 4582 1 0 1
6.16765 4.43946 1700 -0.332679 -0.471418 27.9941 22.1408 -13 4583 1 0 1
2.53076 -1.11932 1700 0.0146518 0.0525405 27.9999 22.1368 -13 4584 1 0 1
1.28883 0.489897 1700 -0.119647 0.0487418 27.9997 22.137 -13 4585 1 0 1
3.28012 1.74077 1700 -0.175031 -0.287046 27.998 22.1381 -13 4586 1 0 1
0.337045 -2.30797 1700 0.209769 0.487612 27.995 22.1396 -13 4587 1 0 1
2.11758 2.13538 1700 -0.0560316 -0.0347764 27.9999 22.1368 -13 4588 1 0 1
2.8229 4.6628 1700 -0.121791 -0.0985418 27.9996 22.1373 -13 4589 1 0 1
3.0529 -3.12129 1700 0.0423324 0.414874 27.9969 22.1388 -13 4590 1 0 1
0.541229 5.24176 1700 -0.146369 -0.219545 27.9988 22.1379 -13 4591 1 0 1
2.45211 8.05546 1700 -0.417724 -0.634788 27.9897 22.1441 -13 4592 1 0 1
0.040648 -0.687886 1700 0.102705 0.266616 27.9985 22.1374 -13 4593 1 0 1
-1.17485 0.133581 1700 0.0422389 -0.0474383 27.9999 22.1367 -13 4594 1 0 1
-2.44155 8.02158 1700 -0.212824 -0.597489 27.9928 22.1422 -13 4595 1 0 1
-3.41272 -2.91805 1700 0.232929 0.451182 27.9954 22.1392 -13 4596 1 0 1
0.436 0.988655 1700 -0.0400678 -0.100644 27.9998 22.1369 -13 4597 1 0 1
0.371174 2.00378 1700 0.0183272 -0.0300181 28 22.1367 -13 4598 1 0 1
-1.59881 -2.70912 1700 0.0593704 0.149176 27.9995 22.1369 -13 4599 1 0 1
3.89903 4.46027 1700 -0.198803 -0.25215 27.9982 22.1382 -13 4600 1 0 1
0.36895 -6.15387 1700 0.306285 0.626115 27.9913 22.1421 -13 4601 1 0 1
-0.860433 -3.16583 1700 0.183727 -0.0711601 27.9993 22.1371 -13 4602 1 0 1
-0.849892 1.83814 1700 0.0817287 -0.0730769 27.9998 22.1368 -13 4603 1 0 1
-2.69892 -0.956778 1700 0.136457 -0.0205442 27.9997 22.1369 -13 4604 1 0 1
4.16003 6.59301 1700 -0.224632 -0.30508 27.9974 22.1389 -13 4605 1 0 1
0.0981448 -0.457487 1700 0.109858 0.22079 27.9989 22.1372 -13 4606 1 0 1
-3.4182 -2.81574 1700 0.289687 0.41318 27.9955 22.1392 -13 4607 1 0 1
-0.728421 2.79037 1700 -0.0765442 -0.0537978 27.9998 22.1369 -13 4608 1 0 1
1.1622 0.652901 1700 -0.10385 0.108885 27.9996 22.137 -13 4609 1 0 1
1.5512 -1.94152 1700 0.265484 0.232776 27.9978 22.1379 -13 4610 1 0 1
1.86941 -1.52656 1700 0.00378788 0.0931216 27.9998 22.1368 -13 4611 1 0 1
0.876802 0.355706 1700 -0.0328832 0.123506 27.9997 22.1369 -13 4612 1 0 1
2.87912 0.767177 1700 -0.0150333 0.0472563 28 22.1368 -13 4613 1 0 1
-1.09557 1.57386 1700 -0.10901 -0.299674 27.9982 22.138 -13 4614 1 0 1
2.1409 6.35412 1700 -0.328219 -0.352168 27.9959 22.14 -13 4615 1 0 1
-0.0540495 -2.27527 1700 0.308086 0.362112 27.996 22.1389 -13 4616 1 0 1
5.16413 0.555246 1700 -0.202972 0.132446 27.999 22.1377 -13 4617 1 0 1
-0.0512219 0.504405 1700 0.0577808 0.0286105 27.9999 22.1367 -13 4618 1 0 1
-2.53164 4.46338 1700 -0.0303507 -0.163533 27.9995 22.1373 -13 4619 1 0 1
0.635813 -3.30835 1700 0.12719 0.342396 27.9976 22.1381 -13 4620 1 0 1
2.16986 1.00692 1700 -0.0968773 -0.00113765 27.9998 22.1369 -13 4621 1 0 1
-3.16468 -4.86296 1700 0.252938 0.616461 27.9921 22.1413 -13 4622 1 0 1
-0.730532 -0.206977 1700 0.0391105 -0.210823 27.9992 22.1372 -13 4623 1 0 1
0.309635 -4.81607 1700 0.2864 0.53184 27.9935 22.1407 -13 4624 1 0 1
0.00119399 -4.06236 1700 0.210924 0.18713 27.9986 22.1376 -13 4625 1 0 1
-2.10316 -1.95191 1700 0.0665033 -0.0309754 27.9999 22.1368 -13 4626 1 0 1
1.68227 4.56431 1700 -0.204263 -0.147714 27.9989 22.1378 -13 4627 1 0 1
1.00835 2.21145 1700 0.00500852 -0.163532 27.9995 22.137 -13 4628 1 0 1
0.187496 -1.90524 1700 0.0262859 -0.297688 27.9984 22.1376 -13 4629 1 0 1
3.94997 0.446574 1700 0.0154517 0.186451 27.9994 22.1372 -13 4630 1 0 1
-0.824565 0.201708 1700 0.00731952 0.104674 27.9998 22.1368 -13 4631 1 0 1
0.0614819 2.01728 1700 -0.16512 -0.258075 27.9983 22.1379 -13 4632 1 0 1
-1.58624 -3.52453 1700 0.0973418 -0.186725 27.9992 22.1372 -13 4633 1 0 1
1.15741 -0.379646 1700 -0.0284505 0.0875617 27.9998 22.1368 -13 4634 1 0 1
0.381245 -1.99349 1700 0.0200876 0.238605 27.999 22.1373 -13 4635 1 0 1
0.397184 1.06127 1700 0.0904877 0.146917 27.9995 22.1369 -13 4636 1 0 1
1.16505 5.12006 1700 -0.0152193 -0.395989 27.9972 22.1386 -13 4637 1 0 1
0.363837 3.42628 1700 -0.111667 -0.060288 27.9997 22.1371 -13 4638 1 0 1
1.53796 -2.53856 1700 0.032364 0.0490273 27.9999 22.1367 -13 4639 1 0 1
-1.97864 -0.0352317 1700 0.151861 0.0865922 27.9995 22.1369 -13 4640 1 0 1
-2.82439 2.6556 1700 0.109579 -0.0172822 27.9998 22.1368 -13 4641 1 0 1
1.02874 2.65881 1700 0.0056888 -0.0131133 28 22.1367 -13 4642 1 0 1
-0.869368 0.420372 1700 0.223108 0.437324 27.9957 22.1389 -13 4643 1 0 1
-1.87451 -1.64564 1700 0.129644 -0.150026 27.9993 22.1371 -13 4644 1 0 1
-1.15996 -2.33395 1700 0.260802 0.198023 27.9981 22.1377 -13 4645 1 0 1
0.95674 2.62701 1700 -0.047786 -0.146603 27.9996 22.1371 -13 4646 1 0 1
3.51507 4.36416 1700 -0.342643 -0.608187 27.9913 22.1423 -13 4647 1 0 1
1.40549 2.71824 1700 -0.0448727 -0.14535 27.9996 22.137 -13 4648 1 0 1
2.15956 -1.92346 1700 0.115 0.0897692 27.9996 22.1369 -13 4649 1 0 1
-0.624647 -0.161494 1700 0.155608 0.114499 27.9993 22.1369 -13 4650 1 0 1
1.38495 -1.60727 1700 -0.0256331 -0.0471545 27.9999 22.1367 -13 4651 1 0 1
-1.67707 2.42034 1700 -0.0395937 -0.245946 27.9989 22.1375 -13 4652 1 0 1
-2.14882 -4.4156 1700 0.205096 0.234146 27.9983 22.1378 -13 4653 1 0 1
5.90556 1.83696 1700 -0.0460746 -0.0408714 27.9999 22.137 -13 4654 1 0 1
2.74318 -1.45403 1700 0.0848119 0.236334 27.9989 22.1374 -13 4655 1 0 1
-0.770114 -1.07143 1700 0.0224082 0.252077 27.9989 22.1373 -13 4656 1 0 1
4.74343 4.29088 1700 -0.122068 -0.326333 27.9978 22.1383 -13 4657 1 0 1
3.5339 -1.49033 1700 -0.0257666 0.141516 27.9996 22.1371 -13 4658 1 0 1
0.304692 -0.467522 1700 -0.0324916 -0.325723 27.9981 22.1378 -13 4659 1 0 1
0.929298 3.86311 1700 -0.223075 -0.256762 27.9979 22.1383 -13 4660 1 0 1
0.673545 -4.51009 1700 0.140065 0.226723 27.9987 22.1375 -13 4661 1 0 1
-2.25985 -0.126994 1700 0.0175888 -0.10879 27.9998 22.1369 -13 4662 1 0 1
1.95619 -3.12701 1700 0.363754 0.649604 27.9901 22.1426 -13 4663 1 0 1
-0.319423 0.592476 1700 0.209119 0.227895 27.9983 22.1375 -13 4664 1 0 1
0.361236 0.857919 1700 0.100929 0.190208 27.9992 22.1371 -13 4665 1 0 1
-2.31667 -0.195258 1700 0.165767 -0.0317065 27.9995 22.1369 -13 4666 1 0 1
-1.14981 5.11634 1700 -0.121123 -0.200374 27.999 22.1377 -13 4667 1 0 1
-1.29923 3.90046 1700 -0.0264314 -0.344856 27.9979 22.1382 -13 4668 1 0 1
2.56359 -2.99862 1700 0.0094976 0.316537 27.9982 22.1379 -13 4669 1 0 1
4.32833 2.91593 1700 -0.128896 -0.124857 27.9994 22.1373 -13 4670 1 0 1
4.20008 -1.90642 1700 -0.162091 -0.0467229 27.9995 22.1372 -13 4671 1 0 1
-1.05339 0.574136 1700 -0.0625959 -0.118074 27.9997 22.137 -13 4672 1 0 1
0.739046 -3.10064 1700 -0.0167263 0.169931 27.9995 22.137 -13 4673 1 0 1
-0.212173 -4.7303 1700 -0.0181792 -0.0437888 28 22.1368 -13 4674 1 0 1
-1.03114 -0.192269 1700 0.0126197 -0.00725587 28 22.1367 -13 4675 1 0 1
3.19457 5.51496 1700 -0.377846 -0.530255 27.9924 22.1419 -13 4676 1 0 1
2.83565 6.3325 1700 -0.210784 -0.37165 27.9967 22.1393 -13 4677 1 0 1
-2.56571 0.938257 1700 0.086693 -0.0286137 27.9999 22.1368 -13 4678 1 0 1
-4.8847 1.04799 1700 0.000437316 -0.228039 27.9991 22.1375 -13 4679 1 0 1
0.542787 0.647803 1700 0.133461 0.327623 27.9978 22.1378 -13 4680 1 0 1
0.0333918 1.81336 1700 -0.143734 -0.409674 27.9966 22.1389 -13 4681 1 0 1
2.68835 -0.00516209 1700 0.0896583 0.176964 27.9993 22.1371 -13 4682 1 0 1
-2.73824 -10.2225 1700 0.535751 0.638389 27.9876 22.145 -13 4683 1 0 1
0.16838 -1.5241 1700 0.13246 0.114818 27.9995 22.1369 -13 4684 1 0 1
-4.0963 -5.29869 1700 0.288762 0.409313 27.9955 22.1394 -13 4685 1 0 1
0.631913 1.11953 1700 0.0687035 0.0489483 27.9999 22.1367 -13 4686 1 0 1
-1.43167 0.170403 1700 0.160536 0.0915307 27.9994 22.1369 -13 4687 1 0 1
1.35623 -0.350366 1700 -0.0427577 -0.00458192 28 22.1367 -13 4688 1 0 1
3.76937 -0.304209 1700 -0.0297984 0.178251 27.9994 22.1372 -13 4689 1 0 1
3.63848 1.16749 1700 -0.049521 -0.161671 27.9995 22.1371 -13 4690 1 0 1
-0.121083 1.52508 1700 0.00539266 -0.128275 27.9997 22.1369 -13 4691 1 0 1
-0.67448 1.3368 1700 0.148696 0.10559 27.9994 22.1369 -13 4692 1 0 1
-3.69649 -4.07504 1700 0.260725 0.32114 27.9969 22.1385 -13 4693 1 0 1
-2.05159 1.13055 1700 0.0103528 -0.203413 27.9993 22.1372 -13 4694 1 0 1
0.859779 -0.619383 1700 0.171543 0.0289961 27.9995 22.1369 -13 4695 1 0 1
-1.06522 -0.575186 1700 0.247565 0.43453 27.9955 22.139 -13 4696 1 0 1
1.59404 -0.306399 1700 0.16905 0.232028 27.9985 22.1374 -13 4697 1 0 1
-0.0160553 0.664927 1700 0.267752 0.170702 27.9982 22.1375 -13 4698 1 0 1
-2.15031 1.61841 1700 0.193064 -0.226687 27.9984 22.1376 -13 4699 1 0 1
-0.590191 -3.21912 1700 0.334087 0.454136 27.9943 22.1399 -13 4700 1 0 1
-2.94557 1.9214 1700 0.0504392 -0.100076 27.9998 22.1369 -13 4701 1 0 1
-1.0935 -0.0787853 1700 0.058583 0.199605 27.9992 22.137 -13 4702 1 0 1
-1.44067 -2.37084 1700 0.168512 0.2793 27.9981 22.1377 -13 4703 1 0 1
-0.53838 -0.699649 1700 0.141398 -0.0137172 27.9996 22.1368 -13 4704 1 0 1
-0.932628 -6.60175 1700 0.285344 0.3901 27.9958 22.1394 -13 4705 1 0 1
3.72108 3.29462 1700 -0.165626 0.0365588 27.9995 22.1374 -13 4706 1 0 1
0.85704 -2.52469 1700 -0.0110729 0.262512 27.9988 22.1375 -13 4707 1 0 1
-1.24558 1.47015 1700 0.0305008 -0.164344 27.9995 22.137 -13 4708 1 0 1
-2.02177 -2.49333 1700 0.0240786 -0.154936 27.9996 22.137 -13 4709 1 0 1
0.0215951 -3.75415 1700 0.138232 0.609037 27.993 22.1408 -13 4710 1 0 1
-2.70945 1.12021 1700 0.0377999 -0.305252 27.9983 22.1379 -13 4711 1 0 1
-2.04775 -0.647677 1700 0.211687 0.157453 27.9988 22.1373 -13 4712 1 0 1
-1.54165 -4.59663 1700 0.269315 0.316543 27.9969 22.1386 -13 4713 1 0 1
-1.01151 -5.40848 1700 0.283007 0.179921 27.998 22.138 -13 4714 1 0 1
1.51065 -1.99824 1700 -0.128278 0.076866 27.9996 22.137 -13 4715 1 0 1
3.28284 -4.18179 1700 0.0521362 0.176869 27.9994 22.1372 -13 4716 1 0 1
-2.20072 0.857984 1700 0.185231 0.155104 27.999 22.1371 -13 4717 1 0 1
-2.33945 -0.0665832 1700 0.0794131 -0.114329 27.9997 22.1369 -13 4718 1 0 1
2.21056 4.33861 1700 -0.233141 -0.511281 27.9944 22.1405 -13 4719 1 0 1
1.70268 -2.64661 1700 0.121635 0.272007 27.9984 22.1377 -13 4720 1 0 1
-0.340462 -3.57753 1700 0.321053 0.345507 27.996 22.139 -13 4721 1 0 1
0.107596 -0.399517 1700 0.210878 0.447354 27.9956 22.139 -13 4722 1 0 1
1.71569 -1.20306 1700 0.101754 0.154863 27.9994 22.137 -13 4723 1 0 1
-2.67242 -5.20318 1700 0.303334 0.308417 27.9967 22.1388 -13 4724 1 0 1
-3.39023 4.31067 1700 -0.0853161 -0.0824349 27.9997 22.1372 -13 4725 1 0 1
0.976693 -1.85581 1700 0.0602386 0.252166 27.9988 22.1374 -13 4726 1 0 1
1.04003 0.850738 1700 -0.0421378 -0.111566 27.9997 22.1369 -13 4727 1 0 1
0.322066 0.781049 1700 0.0351632 -0.0988735 27.9998 22.1368 -13 4728 1 0 1
1.16582 -1.44732 1700 0.218147 0.332578 27.9972 22.1383 -13 4729 1 0 1
2.15005 -3.09116 1700 0.137623 0.266587 27.9984 22.1377 -13 4730 1 0 1
-1.27666 -1.1643 1700 0.222165 0.254307 27.998 22.1377 -13 4731 1 0 1
1.37709 2.85784 1700 0.105526 0.0068344 27.9998 22.1367 -13 4732 1 0 1
1.88846 5.52187 1700 -0.262248 -0.360014 27.9965 22.1394 -13 4733 1 0 1
0.3831 -1.25265 1700 0.0678456 0.0100682 27.9999 22.1367 -13 4734 1 0 1
0.461263 5.05969 1700 -0.257528 -0.323924 27.9969 22.1391 -13 4735 1 0 1
-0.174201 1.37146 1700 -0.00450132 -0.199271 27.9993 22.1372 -13 4736 1 0 1
4.71806 5.60638 1700 -0.087795 -0.100984 27.9997 22.1373 -13 4737 1 0 1
1.63256 4.5839 1700 -0.200317 -0.258556 27.9981 22.1383 -13 4738 1 0 1
-2.57652 -0.45028 1700 0.0943982 -0.122735 27.9996 22.137 -13 4739 1 0 1
5.27538 4.92233 1700 -0.316443 -0.190632 27.9976 22.1389 -13 4740 1 0 1
0.200851 2.38495 1700 -0.0991446 -0.164562 27.9993 22.1372 -13 4741 1 0 1
-0.0693322 -1.14746 1700 0.278136 0.266571 27.9973 22.1381 -13 4742 1 0 1
-6.00764 -2.46298 1700 0.206062 0.153724 27.9988 22.1374 -13 4743 1 0 1
-0.271718 -0.254665 1700 0.188361 0.410557 27.9964 22.1386 -13 4744 1 0 1
0.814274 3.87485 1700 -0.0764702 -0.120146 27.9996 22.1371 -13 4745 1 0 1
-2.09466 0.23981 1700 0.063936 0.0699571 27.9998 22.1367 -13 4746 1 0 1
-1.25557 -0.485004 1700 -0.0052656 0.269605 27.9987 22.1374 -13 4747 1 0 1
-0.680323 -0.79523 1700 0.122603 -0.0174576 27.9997 22.1368 -13 4748 1 0 1
2.21279 7.17754 1700 -0.174708 -0.569013 27.9937 22.1411 -13 4749 1 0 1
2.2082 -5.61166 1700 0.247472 0.479859 27.9948 22.1401 -13 4750 1 0 1
-1.69792 -0.0169789 1700 0.157134 -0.165719 27.9991 22.1372 -13 4751 1 0 1
-1.95021 -1.39387 1700 -0.0250874 0.034486 28 22.1367 -13 4752 1 0 1
3.02923 0.983651 1700 -0.0108142 -0.153176 27.9996 22.1369 -13 4753 1 0 1
-4.15035 -2.2193 1700 0.269312 -0.0519599 27.9987 22.1376 -13 4754 1 0 1
3.59125 7.30313 1700 -0.25746 -0.433854 27.9955 22.1402 -13 4755 1 0 1
-3.50261 2.28359 1700 0.00848045 0.028779 28 22.1368 -13 4756 1 0 1
1.18844 -0.163396 1700 -0.0183218 0.050879 27.9999 22.1367 -13 4757 1 0 1
-2.79345 -0.343659 1700 0.173319 0.195404 27.9988 22.1372 -13 4758 1 0 1
-2.69533 -2.53411 1700 0.173333 -0.0718235 27.9994 22.1371 -13 4759 1 0 1
-3.54967 -2.78628 1700 0.20404 0.117889 27.999 22.1373 -13 4760 1 0 1
2.325 -0.602367 1700 -0.0992408 0.0894783 27.9997 22.137 -13 4761 1 0 1
-1.55493 -3.2021 1700 0.215852 0.575044 27.9933 22.1405 -13 4762 1 0 1
-1.64391 2.79798 1700 -0.0730504 -0.0465932 27.9999 22.1369 -13 4763 1 0 1
1.42966 1.04873 1700 -0.0562481 -0.0349379 27.9999 22.1368 -13 4764 1 0 1
-0.910927 -2.76387 1700 0.130788 0.0974324 27.9995 22.1369 -13 4765 1 0 1
-4.45552 0.240598 1700 0.144084 -0.244298 27.9986 22.1377 -13 4766 1 0 1
1.15772 0.928467 1700 0.0650928 0.222819 27.999 22.1372 -13 4767 1 0 1
-5.36384 0.953537 1700 -0.00334236 -0.0883388 27.9999 22.137 -13 4768 1 0 1
-0.658718 -0.366967 1700 -0.116923 -0.00635418 27.9998 22.1369 -13 4769 1 0 1
2.23281 6.29264 1700 -0.198869 -0.489912 27.995 22.1403 -13 4770 1 0 1
-4.18075 -3.55986 1700 0.250909 0.223252 27.998 22.1379 -13 4771 1 0 1
-4.39809 2.00707 1700 0.0261448 -0.0810072 27.9999 22.1369 -13 4772 1 0 1
-1.32201 0.880003 1700 -0.0296447 -0.169951 27.9995 22.1371 -13 4773 1 0 1
3.93847 5.28885 1700 -0.348172 -0.426 27.9946 22.1406 -13 4774 1 0 1
-0.0635056 0.357305 1700 -0.155352 0.0235861 27.9996 22.137 -13 4775 1 0 1
-0.518878 3.99294 1700 -0.012533 -0.149888 27.9996 22.1371 -13 4776 1 0 1
-2.74362 -6.54798 1700 0.268214 0.0881908 27.9986 22.1378 -13 4777 1 0 1
0.64766 -1.13878 1700 0.0926615 -0.0229015 27.9998 22.1367 -13 4778 1 0 1
0.468089 -3.49885 1700 0.042495 0.0919846 27.9998 22.1368 -13 4779 1 0 1
0.753327 1.94812 1700 -0.0822533 -0.571193 27.9941 22.1403 -13 4780 1 0 1
-3.30357 -1.25328 1700 0.0349306 0.164826 27.9995 22.1369 -13 4781 1 0 1
-2.30068 -5.69982 1700 0.188251 0.251894 27.9982 22.1379 -13 4782 1 0 1
-1.74435 -2.67306 1700 0.0357413 0.164282 27.9995 22.137 -13 4783 1 0 1
3.46379 4.77381 1700 -0.123602 -0.157988 27.9993 22.1375 -13 4784 1 0 1
-0.978919 0.214789 1700 0.0372461 -0.0960748 27.9998 22.1368 -13 4785 1 0 1
3.07119 -3.46659 1700 0.0466942 0.130615 27.9997 22.137 -13 4786 1 0 1
-0.947337 4.84687 1700 -0.168202 -0.241975 27.9984 22.1381 -13 4787 1 0 1
3.189 1.83189 1700 0.0370976 0.180459 27.9994 22.1371 -13 4788 1 0 1
-4.49557 -3.53258 1700 0.340398 0.429295 27.9946 22.1397 -13 4789 1 0 1
-1.0469 -0.144207 1700 0.0567206 0.105315 27.9997 22.1368 -13 4790 1 0 1
0.706001 3.15127 1700 -0.132564 -0.185822 27.9991 22.1375 -13 4791 1 0 1
0.074623 -4.8464 1700 0.13824 0.117127 27.9994 22.1371 -13 4792 1 0 1
1.62478 2.11338 1700 -0.14381 0.0915043 27.9995 22.1372 -13 4793 1 0 1
2.53402 -4.31085 1700 0.192675 0.267598 27.9981 22.138 -13 4794 1 0 1
-1.34585 -0.855789 1700 -0.0124926 -0.15691 27.9996 22.137 -13 4795 1 0 1
0.311677 -3.06978 1700 0.113038 0.0624387 27.9997 22.1369 -13 4796 1 0 1
0.734388 3.25528 1700 -0.117482 -0.0625633 27.9997 22.1371 -13 4797 1 0 1
1.78322 -4.59457 1700 0.236523 0.0903938 27.9989 22.1374 -13 4798 1 0 1
0.339558 -3.28972 1700 0.147029 0.0129438 27.9996 22.1369 -13 4799 1 0 1
-1.47679 0.987456 1700 0.0192699 -0.401042 27.9971 22.1385 -13 4800 1 0 1
-1.44972 1.64444 1700 0.0266012 -0.185519 27.9994 22.1371 -13 4801 1 0 1
0.399604 0.512806 1700 -0.0801269 -0.277575 27.9985 22.1376 -13 4802 1 0 1
-1.63952 3.71607 1700 -0.106862 -0.172278 27.9993 22.1374 -13 4803 1 0 1
0.0120925 -5.16868 1700 0.209675 0.233674 27.9982 22.1379 -13 4804 1 0 1
0.363332 -0.0204788 1700 0.050641 0.336659 27.9979 22.1378 -13 4805 1 0 1
1.71099 6.36831 1700 -0.384826 -0.467866 27.9934 22.1415 -13 4806 1 0 1
-0.840209 2.47927 1700 0.0396257 -0.0696939 27.9999 22.1368 -13 4807 1 0 1
-0.634151 -4.42245 1700 0.109093 0.0847826 27.9997 22.137 -13 4808 1 0 1
5.7922 4.47608 1700 -0.451733 -0.579382 27.9904 22.1431 -13 4809 1 0 1
0.80671 3.34025 1700 -0.0118578 0.0399112 28 22.1368 -13 4810 1 0 1
3.34899 1.70231 1700 -0.293922 -0.421828 27.9953 22.1397 -13 4811 1 0 1
-0.977193 -2.09838 1700 0.0883407 0.290924 27.9983 22.1376 -13 4812 1 0 1
2.59287 5.859 1700 -0.23757 -0.520193 27.9942 22.1407 -13 4813 1 0 1
-0.6347 -0.944812 1700 0.15926 -0.000733144 27.9995 22.1369 -13 4814 1 0 1
0.168848 -4.29743 1700 0.219684 0.44088 27.9957 22.1393 -13 4815 1 0 1
-0.551752 -2.28285 1700 0.176083 0.306405 27.9978 22.1379 -13 4816 1 0 1
-0.125306 -2.38625 1700 0.285502 0.201323 27.9978 22.1379 -13 4817 1 0 1
-0.826906 -5.14976 1700 0.266778 0.185706 27.9981 22.1379 -13 4818 1 0 1
-4.1292 0.972328 1700 -0.00751888 -0.267675 27.9987 22.1377 -13 4819 1 0 1
1.93524 -0.147245 1700 0.088031 -0.0117047 27.9999 22.1367 -13 4820 1 0 1
-1.42154 3.57651 1700 -0.124161 -0.124571 27.9994 22.1373 -13 4821 1 0 1
-0.592248 1.67003 1700 -0.248949 -0.212887 27.9981 22.1381 -13 4822 1 0 1
0.737223 -0.468629 1700 0.11089 0.223864 27.9989 22.1373 -13 4823 1 0 1
-4.34291 -3.34078 1700 0.0868458 0.336309 27.9978 22.1379 -13 4824 1 0 1
0.833001 -2.40859 1700 0.174067 0.386527 27.9968 22.1385 -13 4825 1 0 1
3.54948 0.10993 1700 -0.0475385 -0.195683 27.9993 22.1371 -13 4826 1 0 1
-0.788663 -2.11554 1700 0.0329627 0.113091 27.9998 22.1368 -13 4827 1 0 1
-3.03364 -1.19925 1700 0.0136746 -0.146424 27.9996 22.137 -13 4828 1 0 1
-1.72947 -0.880369 1700 0.121292 -0.197297 27.999 22.1373 -13 4829 1 0 1
-2.62131 -1.03959 1700 0.144831 0.0865002 27.9995 22.1369 -13 4830 1 0 1
-1.14362 -0.00335791 1700 -0.036269 -0.0612992 27.9999 22.1368 -13 4831 1 0 1
3.11072 -7.06796 1700 0.211767 0.406854 27.9962 22.1395 -13 4832 1 0 1
4.10762 2.38035 1700 -0.168366 -0.145423 27.9991 22.1375 -13 4833 1 0 1
1.36544 -1.78999 1700 0.00180244 0.254046 27.9988 22.1374 -13 4834 1 0 1
1.73498 5.24868 1700 -0.211405 -0.434275 27.9958 22.1397 -13 4835 1 0 1
-0.857891 1.93688 1700 0.0328189 0.0753061 27.9999 22.1367 -13 4836 1 0 1
0.333174 1.03177 1700 -0.00571194 0.00733846 28 22.1367 -13 4837 1 0 1
0.692313 4.84517 1700 -0.159667 -0.0916898 27.9994 22.1374 -13 4838 1 0 1
2.76617 -0.399202 1700 -0.0182587 0.107902 27.9998 22.1369 -13 4839 1 0 1
-0.199247 3.59878 1700 -0.094811 -0.143941 27.9995 22.1372 -13 4840 1 0 1
2.859 0.981999 1700 0.180473 0.0408489 27.9994 22.1369 -13 4841 1 0 1
1.16448 0.866938 1700 -0.0649288 -0.140086 27.9996 22.137 -13 4842 1 0 1
0.936507 -1.70388 1700 0.307172 0.410738 27.9953 22.1393 -13 4843 1 0 1
-2.59396 -1.66919 1700 0.262672 0.0700068 27.9987 22.1374 -13 4844 1 0 1
-0.869055 0.0453796 1700 -0.0674996 0.0776088 27.9998 22.1368 -13 4845 1 0 1
-2.81185 1.84942 1700 -0.231253 -0.523431 27.9942 22.1406 -13 4846 1 0 1
-1.38155 2.21274 1700 -0.222359 -0.272304 27.9978 22.1383 -13 4847 1 0 1
2.8352 1.55955 1700 0.0413632 0.120753 27.9997 22.1369 -13 4848 1 0 1
1.5673 -1.90246 1700 0.0622973 0.286125 27.9985 22.1376 -13 4849 1 0 1
-0.865784 0.634652 1700 -0.0848179 -0.123981 27.9996 22.137 -13 4850 1 0 1
-5.382 -7.31752 1700 0.474147 0.569583 27.9902 22.1428 -13 4851 1 0 1
1.2862 -4.75927 1700 0.0618786 0.185155 27.9993 22.1372 -13 4852 1 0 1
-1.83135 1.18115 1700 0.157029 -0.137106 27.9992 22.1371 -13 4853 1 0 1
0.890792 6.76354 1700 -0.189062 -0.532941 27.9943 22.1408 -13 4854 1 0 1
1.78611 0.0427267 1700 0.0113264 -0.0692649 27.9999 22.1367 -13 4855 1 0 1
-3.16903 -0.352237 1700 0.0875341 0.0565574 27.9998 22.1368 -13 4856 1 0 1
4.73681 -1.95706 1700 0.112016 0.25042 27.9987 22.1377 -13 4857 1 0 1
-4.7675 -0.282139 1700 0.216558 0.0812982 27.999 22.1372 -13 4858 1 0 1
1.72422 2.62602 1700 0.0331584 -0.338602 27.9979 22.1379 -13 4859 1 0 1
0.567746 -6.44101 1700 0.299087 0.311848 27.9967 22.139 -13 4860 1 0 1
5.26184 -1.91899 1700 -0.0396768 0.263513 27.9987 22.1378 -13 4861 1 0 1
-1.61446 -0.515053 1700 0.0845998 0.0785563 27.9998 22.1368 -13 4862 1 0 1
-0.517614 -3.36707 1700 0.0819977 0.45551 27.9962 22.1389 -13 4863 1 0 1
0.220953 3.87608 1700 -0.201423 -0.300979 27.9977 22.1385 -13 4864 1 0 1
4.47573 5.04094 1700 -0.290431 -0.207437 27.9977 22.1387 -13 4865 1 0 1
-1.80029 1.10651 1700 0.0541321 -0.0191686 27.9999 22.1367 -13 4866 1 0 1
-1.6119 -2.02366 1700 0.282967 0.370251 27.9961 22.1388 -13 4867 1 0 1
1.99194 2.69626 1700 -0.087546 -0.218614 27.999 22.1374 -13 4868 1 0 1
0.293346 1.35114 1700 -0.0089784 -0.352825 27.9978 22.138 -13 4869 1 0 1
-0.473528 -5.11793 1700 0.420446 0.300135 27.9952 22.1396 -13 4870 1 0 1
-0.33679 -7.8865 1700 0.416716 0.587725 27.9907 22.1427 -13 4871 1 0 1
0.554872 -0.141507 1700 -0.0458314 -0.0447659 27.9999 22.1368 -13 4872 1 0 1
1.11054 -4.28084 1700 -0.037001 0.210104 27.9992 22.1373 -13 4873 1 0 1
-0.917671 -0.629975 1700 0.147305 -0.123929 27.9993 22.137 -13 4874 1 0 1
-3.62111 3.20187 1700 0.083019 0.0111724 27.9999 22.1368 -13 4875 1 0 1
-0.67602 2.60324 1700 0.00550967 -0.142923 27.9996 22.137 -13 4876 1 0 1
-1.02203 0.192209 1700 0.0595818 -0.101285 27.9998 22.1368 -13 4877 1 0 1
0.0550074 -4.26084 1700 0.171558 0.346128 27.9973 22.1383 -13 4878 1 0 1
0.821473 1.04435 1700 -0.136934 -0.208542 27.9989 22.1375 -13 4879 1 0 1
1.79302 -4.03759 1700 0.190084 0.238481 27.9983 22.1378 -13 4880 1 0 1
1.64789 -0.26411 1700 -0.210166 0.0149186 27.9992 22.1373 -13 4881 1 0 1
0.838088 -6.44136 1700 0.288311 0.537922 27.9933 22.141 -13 4882 1 0 1
1.55117 -0.749775 1700 0.0466983 0.231951 27.999 22.1373 -13 4883 1 0 1
-1.84519 0.512421 1700 -0.131585 -0.404245 27.9968 22.1388 -13 4884 1 0 1
1.63107 0.869219 1700 -0.211643 -0.0391409 27.9992 22.1374 -13 4885 1 0 1
3.14345 1.05165 1700 -0.0764569 -0.0441571 27.9999 22.1369 -13 4886 1 0 1
5.22471 4.5339 1700 -0.1456 -0.261499 27.9984 22.138 -13 4887 1 0 1
0.25212 -0.50488 1700 0.0940352 0.129264 27.9995 22.1369 -13 4888 1 0 1
-0.709787 1.59488 1700 0.0178478 -0.199826 27.9993 22.1372 -13 4889 1 0 1
-0.63955 6.21539 1700 -0.22781 -0.247297 27.998 22.1386 -13 4890 1 0 1
-3.30649 -4.78642 1700 0.236241 0.580383 27.993 22.1408 -13 4891 1 0 1
-2.03816 -0.107624 1700 0.173691 0.00184247 27.9995 22.1369 -13 4892 1 0 1
1.82004 -1.20486 1700 0.0606615 -0.0777465 27.9998 22.1367 -13 4893 1 0 1
2.54449 0.770632 1700 -0.0401712 -0.0232615 28 22.1368 -13 4894 1 0 1
2.14086 5.60032 1700 -0.0672608 -0.279086 27.9985 22.1379 -13 4895 1 0 1
-4.48536 -4.70086 1700 0.197925 0.219502 27.9984 22.1377 -13 4896 1 0 1
-0.00666859 1.41334 1700 -0.0791332 -0.193776 27.9992 22.1373 -13 4897 1 0 1
-1.52967 -1.30045 1700 0.0473067 0.321951 27.9981 22.1377 -13 4898 1 0 1
-4.59153 -2.54696 1700 0.285774 -0.0453858 27.9985 22.1377 -13 4899 1 0 1
1.56022 5.77703 1700 -0.266818 -0.538272 27.9936 22.1412 -13 4900 1 0 1
-1.82237 1.40559 1700 -0.0292218 0.111623 27.9998 22.1368 -13 4901 1 0 1
0.229219 -1.74298 1700 0.0810697 0.122566 27.9996 22.1369 -13 4902 1 0 1
2.08695 7.21784 1700 -0.214657 -0.409095 27.9962 22.1397 -13 4903 1 0 1
0.315082 4.26913 1700 -0.0751492 0.0626607 27.9998 22.137 -13 4904 1 0 1
2.61369 0.347687 1700 -0.123183 0.107358 27.9995 22.1371 -13 4905 1 0 1
2.07216 -0.762062 1700 -0.117135 -0.0542782 27.9997 22.1369 -13 4906 1 0 1
2.2703 1.77197 1700 0.0430711 0.0885328 27.9998 22.1368 -13 4907 1 0 1
-2.93314 -1.51009 1700 -0.00371025 -0.144491 27.9996 22.137 -13 4908 1 0 1
1.88367 3.29678 1700 -0.164149 -0.447786 27.9959 22.1393 -13 4909 1 0 1
-1.98291 -0.654841 1700 -0.0275069 0.0283808 28 22.1367 -13 4910 1 0 1
1.02086 -0.0618998 1700 -0.123058 0.0526758 27.9997 22.137 -13 4911 1 0 1
1.58044 2.70811 1700 -0.185809 0.190277 27.9987 22.1377 -13 4912 1 0 1
-0.585823 2.67361 1700 -0.057999 -0.120906 27.9997 22.137 -13 4913 1 0 1
1.35483 1.21708 1700 0.0032923 -0.054468 27.9999 22.1367 -13 4914 1 0 1
-1.67202 -5.91389 1700 0.293196 0.383574 27.9958 22.1393 -13 4915 1 0 1
0.344734 -5.09694 1700 0.186069 0.234219 27.9984 22.1378 -13 4916 1 0 1
-2.00488 -2.55427 1700 0.347694 0.300431 27.9962 22.1388 -13 4917 1 0 1
-1.26348 1.15347 1700 -0.137862 -0.241657 27.9986 22.1377 -13 4918 1 0 1
-2.78494 -1.45203 1700 0.000967344 0.0741116 27.9999 22.1367 -13 4919 1 0 1
1.77287 -3.68614 1700 0.170666 0.413545 27.9964 22.1389 -13 4920 1 0 1
-3.11696 -0.801395 1700 0.17248 -0.257007 27.9983 22.1378 -13 4921 1 0 1
0.00908592 2.19295 1700 0.0746544 -0.107899 27.9997 22.1368 -13 4922 1 0 1
0.229876 -5.41871 1700 0.221662 0.394818 27.9963 22.139 -13 4923 1 0 1
1.77933 2.69259 1700 -0.0859671 -0.172923 27.9993 22.1372 -13 4924 1 0 1
2.27537 2.37581 1700 -0.0569416 -0.181245 27.9994 22.1372 -13 4925 1 0 1
-3.51348 -4.40862 1700 0.218343 0.3592 27.9968 22.1385 -13 4926 1 0 1
3.69443 2.77697 1700 -0.291269 -0.258863 27.9973 22.1387 -13 4927 1 0 1
0.116571 2.07936 1700 -0.188852 -0.331205 27.9974 22.1385 -13 4928 1 0 1
-1.57754 -5.21663 1700 0.249037 0.121685 27.9986 22.1376 -13 4929 1 0 1
-3.18104 1.36968 1700 -0.00153703 -0.111209 27.9998 22.1369 -13 4930 1 0 1
-4.22676 -8.98535 1700 0.355743 0.426685 27.9945 22.1406 -13 4931 1 0 1
0.0981534 3.30799 1700 -0.102007 -0.585107 27.9937 22.1407 -13 4932 1 0 1
-2.70778 -1.14952 1700 0.202077 -0.00735958 27.9993 22.1371 -13 4933 1 0 1
3.58335 3.38184 1700 -0.110619 -0.23667 27.9988 22.1376 -13 4934 1 0 1
0.955579 2.43942 1700 -0.0525782 -0.108257 27.9997 22.1369 -13 4935 1 0 1
-6.77986 -5.69512 1700 0.494788 0.496281 27.9912 22.142 -13 4936 1 0 1
-1.3769 -2.7061 1700 0.239754 0.269438 27.9977 22.138 -13 4937 1 0 1
-2.7923 -0.549588 1700 0.131724 0.150109 27.9993 22.137 -13 4938 1 0 1
-3.54725 3.17999 1700 -0.0457113 -0.362892 27.9976 22.1385 -13 4939 1 0 1
-0.160286 4.10709 1700 -0.0499591 -0.136249 27.9996 22.1371 -13 4940 1 0 1
-1.23033 -2.9508 1700 0.164722 0.113487 27.9993 22.1371 -13 4941 1 0 1
-2.37215 -5.50959 1700 0.315622 0.348363 27.9961 22.1392 -13 4942 1 0 1
-0.812343 -4.25649 1700 0.0921654 0.136484 27.9995 22.137 -13 4943 1 0 1
1.9224 0.215554 1700 0.0922276 0.0568774 27.9998 22.1368 -13 4944 1 0 1
0.384042 2.58387 1700 -0.157517 -0.0238921 27.9995 22.1372 -13 4945 1 0 1
-2.31102 -2.77757 1700 0.15893 0.337602 27.9975 22.138 -13 4946 1 0 1
3.46575 -2.22312 1700 0.0240993 0.0829084 27.9999 22.1369 -13 4947 1 0 1
-1.13729 2.9226 1700 -0.0598224 -0.214457 27.9991 22.1374 -13 4948 1 0 1
1.1471 2.97593 1700 -0.193586 -0.163648 27.9989 22.1377 -13 4949 1 0 1
-0.67953 1.77128 1700 0.0491442 -0.0042433 28 22.1367 -13 4950 1 0 1
2.1889 1.30718 1700 -0.05077 0.0365721 27.9999 22.1368 -13 4951 1 0 1
1.5033 -3.72293 1700 0.290006 0.411135 27.9955 22.1394 -13 4952 1 0 1
-3.74506 1.58333 1700 0.00374827 -0.112697 27.9998 22.137 -13 4953 1 0 1
-5.75207 -2.48303 1700 0.382783 -0.0430868 27.9974 22.1385 -13 4954 1 0 1
0.0883439 -2.33766 1700 0.161267 0.149071 27.9991 22.1371 -13 4955 1 0 1
0.719225 4.18393 1700 -0.153515 -0.177188 27.999 22.1376 -13 4956 1 0 1
-3.8989 -1.82003 1700 0.137455 0.229162 27.9987 22.1373 -13 4957 1 0 1
-2.50831 -2.75715 1700 0.250006 0.0241943 27.9989 22.1373 -13 4958 1 0 1
1.11489 1.79949 1700 -0.248124 0.00677996 27.9989 22.1376 -13 4959 1 0 1
0.129108 -1.89146 1700 0.225081 0.0826391 27.999 22.1372 -13 4960 1 0 1
-0.149169 2.83942 1700 -0.120109 -0.0101109 27.9997 22.137 -13 4961 1 0 1
-0.807496 4.15296 1700 -0.165719 -0.543521 27.9942 22.1406 -13 4962 1 0 1
-1.09281 -0.547865 1700 0.185765 0.0201052 27.9994 22.1369 -13 4963 1 0 1
1.64381 5.1182 1700 -0.240188 -0.279074 27.9976 22.1387 -13 4964 1 0 1
-0.0114309 2.67973 1700 -0.14543 -0.249433 27.9985 22.1378 -13 4965 1 0 1
0.595849 0.791844 1700 0.025578 -0.047368 27.9999 22.1367 -13 4966 1 0 1
-3.45464 1.23007 1700 0.0818338 -0.0149573 27.9999 22.1368 -13 4967 1 0 1
0.187158 3.05517 1700 0.0575602 0.0728052 27.9998 22.1367 -13 4968 1 0 1
0.883973 -0.016878 1700 0.0678457 0.30061 27.9983 22.1376 -13 4969 1 0 1
1.32537 2.71155 1700 -0.0771192 -0.231928 27.9989 22.1375 -13 4970 1 0 1
5.58096 4.35757 1700 -0.170223 -0.204355 27.9987 22.1379 -13 4971 1 0 1
0.924346 -0.286041 1700 0.0294812 -0.0158965 28 22.1367 -13 4972 1 0 1
-3.43618 -8.63805 1700 0.327477 0.614591 27.9913 22.1423 -13 4973 1 0 1
0.583034 6.00556 1700 -0.0375285 -0.332467 27.998 22.1382 -13 4974 1 0 1
0.108481 -2.85409 1700 0.27709 0.321873 27.9968 22.1385 -13 4975 1 0 1
-3.03815 -3.47746 1700 0.287731 0.202524 27.9978 22.138 -13 4976 1 0 1
2.35059 2.40797 1700 -0.103451 -0.115292 27.9996 22.1371 -13 4977 1 0 1
-1.36254 -4.22072 1700 0.311968 0.419279 27.9951 22.1396 -13 4978 1 0 1
2.97865 0.239533 1700 -0.0891844 -0.0545058 27.9998 22.1369 -13 4979 1 0 1
1.51501 2.13988 1700 -0.12054 -0.126252 27.9995 22.1372 -13 4980 1 0 1
-2.67503 6.40859 1700 0.0140345 -0.199569 27.9993 22.1375 -13 4981 1 0 1
-0.517033 2.43541 1700 -0.0443544 -0.264197 27.9987 22.1376 -13 4982 1 0 1
-0.699344 2.78045 1700 -0.158305 -0.0567314 27.9995 22.1372 -13 4983 1 0 1
1.98005 2.5631 1700 0.100849 0.181145 27.9992 22.1371 -13 4984 1 0 1
-2.33993 2.4833 1700 0.00458787 -0.288751 27.9985 22.1378 -13 4985 1 0 1
-2.70494 -2.27678 1700 0.184848 -0.0958573 27.9992 22.1372 -13 4986 1 0 1
0.360923 0.977586 1700 -0.052821 -0.261756 27.9987 22.1375 -13 4987 1 0 1
2.26203 -2.60151 1700 -0.0312249 0.037878 28 22.1368 -13 4988 1 0 1
-2.98657 1.70646 1700 -0.134357 -0.30215 27.998 22.1382 -13 4989 1 0 1
-3.83246 -7.68905 1700 0.248532 0.242529 27.9978 22.1384 -13 4990 1 0 1
2.07621 0.521929 1700 0.0174939 -0.220597 27.9991 22.1372 -13 4991 1 0 1
0.6947 -0.82586 1700 -0.0548791 -0.00184621 27.9999 22.1367 -13 4992 1 0 1
5.4913 3.32065 1700 -0.0827081 0.0918076 27.9997 22.1373 -13 4993 1 0 1
-2.12803 -4.81709 1700 0.273636 0.247654 27.9976 22.1382 -13 4994 1 0 1
2.07216 1.62135 1700 0.136489 -0.0624296 27.9996 22.1368 -13 4995 1 0 1
-2.54999 -1.72905 1700 0.175295 0.438942 27.996 22.1388 -13 4996 1 0 1
0.492294 5.68364 1700 -0.197446 -0.497089 27.9949 22.1403 -13 4997 1 0 1
-4.70384 -4.76663 1700 0.329702 0.239579 27.997 22.1386 -13 4998 1 0 1
1.91675 0.722372 1700 -0.0689518 0.0152568 27.9999 22.1368 -13 4999 1 0 1
-1.36858 -0.994251 1700 0.0912595 0.0895735 27.9997 22.1368 -13 5000 1 0 1
-0.25068 -1.41836 1700 0.211845 0.281508 27.9978 22.1378 -13 5001 1 0 1
1.68653 -1.95047 1700 0.124159 0.0870127 27.9996 22.1369 -13 5002 1 0 1
-3.57067 -1.72931 1700 0.0299852 0.0994663 27.9998 22.1368 -13 5003 1 0 1
-2.53167 -2.72164 1700 0.330006 0.388883 27.9954 22.1393 -13 5004 1 0 1
3.41957 4.00176 1700 -0.336978 -0.208664 27.9972 22.139 -13 5005 1 0 1
-0.132963 -2.63975 1700 0.210894 0.398696 27.9964 22.1387 -13 5006 1 0 1
2.85526 3.51809 1700 -0.268421 -0.298751 27.9971 22.1388 -13 5007 1 0 1
3.6286 -4.79564 1700 0.156841 0.223165 27.9987 22.1377 -13 5008 1 0 1
1.25502 -1.3017 1700 0.207542 0.20666 27.9985 22.1375 -13 5009 1 0 1
2.77105 5.24563 1700 -0.297007 -0.159967 27.998 22.1386 -13 5010 1 0 1
-4.02267 2.62072 1700 -0.0317972 -0.418506 27.9969 22.139 -13 5011 1 0 1
2.29919 0.422938 1700 -0.0594391 -0.200206 27.9992 22.1372 -13 5012 1 0 1
-6.42054 1.38723 1700 0.210881 0.264168 27.998 22.1377 -13 5013 1 0 1
4.56739 6.51263 1700 -0.347375 -0.183295 27.9972 22.1393 -13 5014 1 0 1
-1.56145 -6.04302 1700 0.371177 0.60491 27.991 22.1422 -13 5015 1 0 1
0.513996 6.85729 1700 -0.108906 -0.385374 27.9971 22.139 -13 5016 1 0 1
-1.18256 3.42976 1700 0.163227 0.0258066 27.9995 22.1368 -13 5017 1 0 1
-0.136761 -2.48371 1700 0.235376 0.224808 27.9981 22.1377 -13 5018 1 0 1
2.13955 -2.70483 1700 0.00877329 0.120368 27.9997 22.1369 -13 5019 1 0 1
1.57328 -1.54521 1700 0.0227476 -0.0155177 28 22.1367 -13 5020 1 0 1
-2.09621 -4.82015 1700 0.178614 0.253665 27.9983 22.1378 -13 5021 1 0 1
-2.29532 -4.6652 1700 0.207613 0.30769 27.9975 22.1382 -13 5022 1 0 1
-0.163482 -1.79319 1700 0.0912683 0.0172349 27.9998 22.1367 -13 5023 1 0 1
-3.39586 0.978133 1700 0.0867943 -0.182 27.9993 22.1372 -13 5024 1 0 1
2.14782 3.21806 1700 -0.235935 -0.461752 27.9952 22.1399 -13 5025 1 0 1
3.01813 2.49681 1700 -0.198104 -0.123403 27.999 22.1376 -13 5026 1 0 1
0.798663 1.87918 1700 0.0525309 0.0136483 27.9999 22.1367 -13 5027 1 0 1
0.592515 2.9897 1700 -0.159965 -0.425029 27.9963 22.1391 -13 5028 1 0 1
4.45637 0.0239443 1700 -0.238682 -0.28678 27.9975 22.1383 -13 5029 1 0 1
-1.38615 5.17083 1700 -0.0990356 -0.209784 27.999 22.1377 -13 5030 1 0 1
-2.0788 -3.97211 1700 0.105236 -0.12442 27.9995 22.1371 -13 5031 1 0 1
1.67117 -3.87732 1700 0.125492 0.205691 27.999 22.1374 -13 5032 1 0 1
1.58857 7.67765 1700 -0.224082 -0.458658 27.9953 22.1403 -13 5033 1 0 1
0.907172 -0.158306 1700 0.0970866 0.139692 27.9995 22.1369 -13 5034 1 0 1
2.07371 1.64718 1700 0.0163401 0.108811 27.9998 22.1368 -13 5035 1 0 1
4.40189 4.329 1700 -0.263506 -0.485134 27.9946 22.1403 -13 5036 1 0 1
0.5451 -1.25013 1700 -0.0364135 0.0224765 28 22.1367 -13 5037 1 0 1
0.115985 -4.34647 1700 0.289882 0.482194 27.9943 22.1401 -13 5038 1 0 1
2.9324 -0.19559 1700 -0.0161342 0.118029 27.9997 22.1369 -13 5039 1 0 1
2.19792 1.74918 1700 -0.102032 -0.330183 27.9979 22.138 -13 5040 1 0 1
3.34443 1.8909 1700 0.00221467 -0.0921218 27.9998 22.1368 -13 5041 1 0 1
-0.586917 -0.275209 1700 0.0347618 -0.144467 27.9996 22.1369 -13 5042 1 0 1
-1.58904 -2.21374 1700 0.126057 0.0581698 27.9997 22.1369 -13 5043 1 0 1
0.775953 -3.99844 1700 0.16844 0.0607437 27.9994 22.1371 -13 5044 1 0 1
0.0530649 1.47971 1700 -0.047979 -0.0162398 28 22.1368 -13 5045 1 0 1
0.448618 -4.66078 1700 0.329366 0.422616 27.9949 22.1398 -13 5046 1 0 1
3.2113 2.81458 1700 -0.246739 -0.436656 27.9955 22.1396 -13 5047 1 0 1
-1.0147 -4.93889 1700 0.214546 0.180944 27.9986 22.1376 -13 5048 1 0 1
0.581611 -5.40945 1700 0.275435 0.448502 27.9951 22.1398 -13 5049 1 0 1
0.196548 -0.635634 1700 0.0190359 -0.0764704 27.9999 22.1367 -13 5050 1 0 1
0.891787 -0.313935 1700 -0.0299181 -0.19382 27.9993 22.1371 -13 5051 1 0 1
1.84485 3.45015 1700 -0.123121 -0.246531 27.9986 22.1377 -13 5052 1 0 1
6.64505 4.06508 1700 -0.216885 -0.152118 27.9987 22.138 -13 5053 1 0 1
-1.26112 -2.17038 1700 0.195505 0.204672 27.9986 22.1374 -13 5054 1 0 1
3.3268 -1.55526 1700 0.0248617 0.066071 27.9999 22.1368 -13 5055 1 0 1
-7.33964 -6.05134 1700 0.576777 0.426539 27.9908 22.1425 -13 5056 1 0 1
-0.854608 1.11281 1700 -0.0908016 -0.0291325 27.9998 22.1369 -13 5057 1 0 1
-2.02105 2.37914 1700 -0.0609829 0.0966273 27.9998 22.1369 -13 5058 1 0 1
3.58499 5.5904 1700 -0.178694 -0.364733 27.9971 22.1389 -13 5059 1 0 1
-2.4246 -2.84289 1700 0.289682 0.213702 27.9977 22.138 -13 5060 1 0 1
-1.95783 -0.839128 1700 0.113166 0.195872 27.9991 22.1371 -13 5061 1 0 1
-0.931188 0.973909 1700 0.122929 0.0531625 27.9997 22.1368 -13 5062 1 0 1
4.55945 4.29196 1700 -0.356611 -0.485538 27.9935 22.1411 -13 5063 1 0 1
-0.305432 -3.09625 1700 0.19936 0.406997 27.9963 22.1388 -13 5064 1 0 1
-0.48967 -3.59503 1700 0.0643402 0.150758 27.9995 22.137 -13 5065 1 0 1
-0.590136 -1.74096 1700 0.253044 -0.133453 27.9985 22.1374 -13 5066 1 0 1
-0.589722 -4.95959 1700 0.2628 0.405399 27.9958 22.1392 -13 5067 1 0 1
-3.04143 3.0663 1700 0.116328 -0.0240249 27.9997 22.1368 -13 5068 1 0 1
-0.473582 2.37179 1700 -0.113624 -0.0930865 27.9996 22.1371 -13 5069 1 0 1
-2.29416 -3.98598 1700 0.16492 0.169669 27.999 22.1373 -13 5070 1 0 1
2.4119 0.184431 1700 0.00505952 0.0922701 27.9998 22.1368 -13 5071 1 0 1
-1.23811 4.54052 1700 -0.0133743 -0.42986 27.9967 22.139 -13 5072 1 0 1
0.0639809 4.26265 1700 -0.258452 -0.492528 27.9945 22.1405 -13 5073 1 0 1
0.0218294 -1.38321 1700 0.0613952 0.147032 27.9995 22.1369 -13 5074 1 0 1
-2.11403 1.62929 1700 -0.0437151 -0.138839 27.9996 22.137 -13 5075 1 0 1
2.9437 -2.08028 1700 0.0849569 0.243262 27.9988 22.1375 -13 5076 1 0 1
-1.15274 -1.4174 1700 0.143563 0.187873 27.999 22.1372 -13 5077 1 0 1
-4.75891 -4.15606 1700 0.387487 0.190706 27.9967 22.1388 -13 5078 1 0 1
4.17093 0.613464 1700 -0.0520636 0.00485881 28 22.1369 -13 5079 1 0 1
1.21299 -0.713661 1700 -0.0978806 -0.0142512 27.9998 22.1369 -13 5080 1 0 1
-2.17139 -1.96836 1700 0.0957129 0.0920969 27.9997 22.1368 -13 5081 1 0 1
0.184295 -0.184793 1700 0.00395376 0.207159 27.9992 22.1371 -13 5082 1 0 1
1.06664 2.13019 1700 -0.0819266 -0.13932 27.9995 22.1371 -13 5083 1 0 1
0.65873 5.52042 1700 -0.264394 -0.39072 27.996 22.1397 -13 5084 1 0 1
2.19012 6.19823 1700 -0.304497 -0.335544 27.9963 22.1396 -13 5085 1 0 1
-4.55691 -1.7664 1700 0.198992 0.0300823 27.9993 22.1372 -13 5086 1 0 1
5.50214 2.75704 1700 -0.145772 -0.12324 27.9993 22.1374 -13 5087 1 0 1
1.76703 0.310406 1700 -0.0802374 -0.230394 27.9989 22.1373 -13 5088 1 0 1
2.1274 7.11466 1700 -0.287675 -0.538785 27.9933 22.1415 -13 5089 1 0 1
3.77257 3.29238 1700 -0.0427609 0.162833 27.9995 22.1372 -13 5090 1 0 1
0.237784 -1.19385 1700 -0.0726775 0.205889 27.9991 22.1372 -13 5091 1 0 1
-1.91988 0.787178 1700 0.0469621 -0.307709 27.9983 22.1378 -13 5092 1 0 1
-0.803066 -1.95406 1700 0.168715 0.230244 27.9985 22.1374 -13 5093 1 0 1
-3.51717 1.6822 1700 0.0991875 -0.280201 27.9984 22.1378 -13 5094 1 0 1
1.86553 1.24244 1700 -0.0691731 0.0075534 27.9999 22.1368 -13 5095 1 0 1
1.85568 0.978242 1700 -0.0489982 0.0399267 27.9999 22.1368 -13 5096 1 0 1
-1.12944 2.56566 1700 0.01584 0.181576 27.9994 22.137 -13 5097 1 0 1
2.78764 0.906695 1700 -0.00188479 0.0393717 28 22.1368 -13 5098 1 0 1
-0.628091 -1.40812 1700 0.246139 0.0856717 27.9988 22.1373 -13 5099 1 0 1
3.55788 0.649285 1700 0.0116566 -0.28113 27.9986 22.1374 -13 5100 1 0 1
2.14924 5.29798 1700 -0.137586 -0.309274 27.998 22.1383 -13 5101 1 0 1
2.68658 -3.15 1700 -0.00519878 -0.00607372 28 22.1367 -13 5102 1 0 1
-5.0332 -6.11029 1700 0.313647 0.209835 27.9975 22.1385 -13 5103 1 0 1
2.79777 2.11901 1700 -0.375639 -0.320453 27.9956 22.1397 -13 5104 1 0 1
1.78628 2.93836 1700 -0.0576747 -0.439992 27.9965 22.1389 -13 5105 1 0 1
-2.99024 -1.95379 1700 0.115766 0.0750212 27.9997 22.1369 -13 5106 1 0 1
0.434613 3.69022 1700 0.0627201 -0.231094 27.999 22.1373 -13 5107 1 0 1
-2.16484 -2.07111 1700 0.140162 0.135618 27.9993 22.137 -13 5108 1 0 1
0.463678 4.06191 1700 -0.288067 -0.583598 27.9924 22.1417 -13 5109 1 0 1
2.84676 -1.48357 1700 -0.084637 0.0439667 27.9998 22.1369 -13 5110 1 0 1
-3.0077 -4.83431 1700 0.409293 0.532469 27.9919 22.1414 -13 5111 1 0 1
-0.740899 4.09765 1700 -0.0109999 -0.242187 27.999 22.1375 -13 5112 1 0 1
0.658633 -0.806673 1700 -0.0163296 -0.0924494 27.9998 22.1368 -13 5113 1 0 1
0.544782 1.9088 1700 0.0550523 0.187944 27.9993 22.137 -13 5114 1 0 1
1.15761 -1.23906 1700 0.0705725 -0.0329982 27.9999 22.1367 -13 5115 1 0 1
3.58777 -2.04644 1700 -0.0321624 -0.0681927 27.9999 22.1368 -13 5116 1 0 1
0.567011 0.730671 1700 0.111696 0.100988 27.9996 22.1368 -13 5117 1 0 1
-2.66041 -3.97115 1700 0.281499 0.458153 27.9948 22.1397 -13 5118 1 0 1
-1.01341 -1.33941 1700 0.247318 0.367551 27.9965 22.1385 -13 5119 1 0 1
1.83776 2.60595 1700 -0.124726 -0.244135 27.9987 22.1377 -13 5120 1 0 1
3.13817 1.29901 1700 -0.128211 -0.00211647 27.9997 22.1371 -13 5121 1 0 1
0.371599 -1.05975 1700 -0.14413 -0.228944 27.9987 22.1375 -13 5122 1 0 1
1.0656 0.156968 1700 -0.025646 0.0232762 28 22.1367 -13 5123 1 0 1
1.03969 -5.01603 1700 0.0967269 0.187232 27.9992 22.1373 -13 5124 1 0 1
1.92326 -1.05351 1700 0.000249603 0.0766986 27.9999 22.1368 -13 5125 1 0 1
-2.29605 -2.35483 1700 0.176263 0.0663327 27.9994 22.137 -13 5126 1 0 1
2.77709 -0.376367 1700 -0.0686511 -0.0279981 27.9999 22.1368 -13 5127 1 0 1
-0.286102 -1.04956 1700 0.052387 -0.250167 27.9988 22.1373 -13 5128 1 0 1
-1.25346 0.874673 1700 0.0227673 -0.0825023 27.9999 22.1368 -13 5129 1 0 1
-4.61395 -6.82133 1700 0.55793 0.47599 27.9904 22.1427 -13 5130 1 0 1
-0.109712 0.731142 1700 0.0933688 -0.0156751 27.9998 22.1367 -13 5131 1 0 1
1.33005 -0.603034 1700 0.192281 0.179701 27.9988 22.1373 -13 5132 1 0 1
-2.42187 2.40021 1700 0.105351 0.101148 27.9996 22.1368 -13 5133 1 0 1
2.68379 -2.47595 1700 -0.0692267 -0.0480423 27.9999 22.1368 -13 5134 1 0 1
-0.79689 -4.40115 1700 0.137593 0.0102044 27.9997 22.137 -13 5135 1 0 1
-2.58257 -0.538479 1700 0.245553 0.348185 27.9968 22.1383 -13 5136 1 0 1
0.0161607 2.00052 1700 0.0902989 -0.138935 27.9995 22.1369 -13 5137 1 0 1
2.29827 1.43035 1700 0.0134204 0.1809 27.9994 22.1371 -13 5138 1 0 1
-2.08079 0.309462 1700 -0.0431338 -0.14171 27.9996 22.137 -13 5139 1 0 1
0.992196 -3.18602 1700 0.196228 0.387587 27.9966 22.1387 -13 5140 1 0 1
1.02376 -0.612421 1700 -0.00883781 -0.156097 27.9996 22.1369 -13 5141 1 0 1
1.30741 -0.559637 1700 -0.168002 -0.174503 27.999 22.1374 -13 5142 1 0 1
-4.14854 -3.45595 1700 0.336303 0.185273 27.9974 22.1383 -13 5143 1 0 1
0.584084 -0.683805 1700 0.0525062 0.00434844 28 22.1367 -13 5144 1 0 1
-0.11811 -2.65146 1700 0.259993 0.412634 27.9958 22.1391 -13 5145 1 0 1
-2.54296 -1.07735 1700 0.0541494 -0.0158832 27.9999 22.1367 -13 5146 1 0 1
1.34759 1.98153 1700 0.0244084 0.189296 27.9993 22.1371 -13 5147 1 0 1
-2.40577 -1.26839 1700 0.0246487 -0.0165802 28 22.1367 -13 5148 1 0 1
-0.11817 1.9062 1700 -0.0237711 -0.107563 27.9998 22.1369 -13 5149 1 0 1
1.29041 4.1205 1700 -0.289899 -0.116142 27.9983 22.1382 -13 5150 1 0 1
-1.17436 3.3134 1700 -0.168276 -0.301217 27.9979 22.1383 -13 5151 1 0 1
0.952135 0.924081 1700 -0.0936588 -0.0641695 27.9998 22.1369 -13 5152 1 0 1
2.06974 -2.61725 1700 0.0838609 0.19021 27.9992 22.1372 -13 5153 1 0 1
-1.66474 0.183167 1700 -0.00849464 -0.110116 27.9998 22.1369 -13 5154 1 0 1
-2.16812 -1.32412 1700 0.228787 0.337022 27.997 22.1382 -13 5155 1 0 1
4.86788 4.08868 1700 -0.193665 -0.0712499 27.9992 22.1376 -13 5156 1 0 1
2.20893 0.597452 1700 -0.103262 -0.267499 27.9985 22.1376 -13 5157 1 0 1
3.14497 2.809 1700 0.0154204 -0.0177683 28 22.1368 -13 5158 1 0 1
0.261667 -5.3055 1700 0.279849 0.207287 27.9978 22.1381 -13 5159 1 0 1
-4.46754 -8.837 1700 0.372648 0.143429 27.9972 22.1391 -13 5160 1 0 1
0.455814 0.404153 1700 0.036195 0.0856746 27.9998 22.1367 -13 5161 1 0 1
-4.40193 -5.82787 1700 0.527106 0.782024 27.9841 22.146 -13 5162 1 0 1
4.34376 -2.53269 1700 0.0304402 0.0172748 28 22.1368 -13 5163 1 0 1
0.707616 -1.57053 1700 0.151337 0.354728 27.9973 22.1382 -13 5164 1 0 1
1.46958 -1.69758 1700 0.120548 0.26685 27.9985 22.1376 -13 5165 1 0 1
3.25126 0.214859 1700 -0.0969044 -0.00437222 27.9998 22.1369 -13 5166 1 0 1
0.715993 1.92115 1700 -0.0518342 -0.150899 27.9995 22.137 -13 5167 1 0 1
2.53254 2.05915 1700 0.0866196 0.0373002 27.9998 22.1367 -13 5168 1 0 1
3.76197 -0.16923 1700 -0.0202206 0.138051 27.9997 22.137 -13 5169 1 0 1
-0.569156 -3.42949 1700 0.131767 0.104706 27.9995 22.137 -13 5170 1 0 1
0.804688 1.26165 1700 -0.119161 -0.0384899 27.9997 22.137 -13 5171 1 0 1
2.15882 4.3531 1700 -0.0450712 -0.222497 27.9991 22.1374 -13 5172 1 0 1
-2.16034 5.14286 1700 0.0315959 -0.0024292 28 22.1368 -13 5173 1 0 1
-2.42146 -1.77699 1700 -0.0087282 -0.08002 27.9999 22.1368 -13 5174 1 0 1
-1.2289 3.92772 1700 -0.108284 -0.0832397 27.9997 22.1372 -13 5175 1 0 1
3.12067 1.23488 1700 0.0141764 0.0973959 27.9998 22.1369 -13 5176 1 0 1
-0.239281 0.0866467 1700 -0.0291538 -0.194468 27.9993 22.1371 -13 5177 1 0 1
4.07645 0.0451526 1700 -0.062194 0.040738 27.9999 22.1369 -13 5178 1 0 1
-4.38101 -6.63745 1700 0.391014 0.701099 27.9885 22.1436 -13 5179 1 0 1
-2.98924 1.11929 1700 0.253119 -0.0548212 27.9988 22.1373 -13 5180 1 0 1
2.96054 -1.53076 1700 0.0296775 -0.145781 27.9996 22.1369 -13 5181 1 0 1
-3.86704 -5.19526 1700 0.256449 0.28926 27.9973 22.1384 -13 5182 1 0 1
-3.05113 -0.88837 1700 0.0690794 0.0437795 27.9999 22.1367 -13 5183 1 0 1
-3.32366 -2.48817 1700 0.166054 0.0265217 27.9995 22.137 -13 5184 1 0 1
-3.33782 -2.47925 1700 0.227931 0.146252 27.9987 22.1374 -13 5185 1 0 1
-2.8752 3.62488 1700 -0.0845286 -0.412189 27.9968 22.139 -13 5186 1 0 1
1.60852 -0.0202036 1700 0.102452 0.0528405 27.9998 22.1368 -13 5187 1 0 1
-0.685013 -4.21835 1700 0.247057 0.151958 27.9985 22.1376 -13 5188 1 0 1
-1.12044 -0.257501 1700 0.156645 -0.0203031 27.9996 22.1369 -13 5189 1 0 1
-1.20511 2.0147 1700 0.215299 -0.0328205 27.9992 22.137 -13 5190 1 0 1
-0.138307 5.5204 1700 -0.0729949 -0.106513 27.9997 22.1372 -13 5191 1 0 1
2.3739 -4.46268 1700 0.0661736 0.00606246 27.9999 22.1368 -13 5192 1 0 1
-1.54534 -4.14148 1700 0.110977 0.136645 27.9994 22.1371 -13 5193 1 0 1
1.61173 -0.266224 1700 -0.0207873 -0.258657 27.9988 22.1374 -13 5194 1 0 1
-3.77788 1.74358 1700 0.275636 0.0963862 27.9985 22.1374 -13 5195 1 0 1
-0.678857 -4.3952 1700 0.205701 0.28947 27.9977 22.1381 -13 5196 1 0 1
0.149904 1.84779 1700 -0.0655478 -0.0605184 27.9999 22.1369 -13 5197 1 0 1
-1.09114 -1.29536 1700 0.0576213 -0.0440357 27.9999 22.1367 -13 5198 1 0 1
0.903556 -1.15256 1700 0.0734077 0.0442932 27.9999 22.1367 -13 5199 1 0 1
2.61118 3.89044 1700 -0.0832321 -0.362831 27.9975 22.1383 -13 5200 1 0 1
-3.03675 -3.28375 1700 0.275352 0.301693 27.997 22.1384 -13 5201 1 0 1
1.15484 2.52849 1700 -0.16115 -0.181338 27.9989 22.1375 -13 5202 1 0 1
4.26968 0.895519 1700 -0.0708396 -0.0239263 27.9999 22.1369 -13 5203 1 0 1
2.16354 -1.55147 1700 0.132888 0.209262 27.9989 22.1373 -13 5204 1 0 1
-2.42051 -0.130954 1700 0.191093 0.11639 27.9991 22.1371 -13 5205 1 0 1
0.614772 -1.36702 1700 0.102541 0.141422 27.9995 22.137 -13 5206 1 0 1
3.53432 8.0336 1700 -0.366771 -0.569466 27.9918 22.1427 -13 5207 1 0 1
-0.566928 -1.91415 1700 -0.0306571 0.111722 27.9998 22.1368 -13 5208 1 0 1
2.24254 -1.36317 1700 -0.0410294 0.172742 27.9994 22.1371 -13 5209 1 0 1
1.87848 -0.217386 1700 0.185322 0.315334 27.9976 22.138 -13 5210 1 0 1
1.63183 2.42331 1700 -0.0920795 -0.186348 27.9992 22.1373 -13 5211 1 0 1
-1.326 -1.13151 1700 0.0394263 0.0521981 27.9999 22.1367 -13 5212 1 0 1
-1.14392 -3.40898 1700 0.153814 0.0628523 27.9995 22.137 -13 5213 1 0 1
-0.116044 4.10781 1700 -0.143149 -0.342614 27.9975 22.1385 -13 5214 1 0 1
-0.0686664 -2.44731 1700 0.129809 0.17309 27.9992 22.1371 -13 5215 1 0 1
0.517417 -3.1733 1700 0.0502252 0.169153 27.9994 22.137 -13 5216 1 0 1
4.63051 1.61547 1700 -0.183775 -0.068639 27.9993 22.1374 -13 5217 1 0 1
2.12838 4.38469 1700 -0.135329 -0.481176 27.9955 22.1396 -13 5218 1 0 1
-1.64467 0.191055 1700 0.0880897 -0.0759432 27.9998 22.1368 -13 5219 1 0 1
0.523821 1.8676 1700 -0.0143925 -0.189619 27.9994 22.1371 -13 5220 1 0 1
-1.41136 5.09939 1700 -0.190504 -0.321878 27.9975 22.1387 -13 5221 1 0 1
-1.09081 1.67836 1700 0.0557167 0.154691 27.9995 22.1369 -13 5222 1 0 1
0.856562 2.61618 1700 -0.0774056 -0.11636 27.9997 22.137 -13 5223 1 0 1
1.08989 4.03524 1700 -0.232478 -0.199175 27.9983 22.1381 -13 5224 1 0 1
-1.65283 -1.87199 1700 0.247015 0.425236 27.9957 22.139 -13 5225 1 0 1
2.28076 2.36863 1700 -0.182894 -0.225476 27.9985 22.1378 -13 5226 1 0 1
5.43834 0.5525 1700 -0.00368725 0.00484443 28 22.1368 -13 5227 1 0 1
0.384037 -3.42989 1700 0.193322 0.484705 27.9951 22.1396 -13 5228 1 0 1
-0.31465 -3.72444 1700 0.19753 0.29177 27.9978 22.138 -13 5229 1 0 1
2.00094 -1.02526 1700 0.179245 -0.041058 27.9994 22.1369 -13 5230 1 0 1
-1.40819 1.66635 1700 -0.134135 0.0369345 27.9997 22.137 -13 5231 1 0 1
0.604267 -0.963742 1700 0.0377354 0.0413372 27.9999 22.1367 -13 5232 1 0 1
5.26292 -2.54103 1700 0.00675016 -0.0331975 28 22.1368 -13 5233 1 0 1
-1.23928 -0.529729 1700 0.0535405 0.0799297 27.9998 22.1367 -13 5234 1 0 1
1.68182 4.1717 1700 -0.274828 -0.521427 27.9938 22.1408 -13 5235 1 0 1
-0.207587 -4.45918 1700 0.257218 0.267903 27.9975 22.1382 -13 5236 1 0 1
0.314733 -1.77105 1700 0.115385 0.279778 27.9984 22.1376 -13 5237 1 0 1
-4.00817 1.17406 1700 0.15108 0.101302 27.9994 22.1369 -13 5238 1 0 1
-1.76128 -0.554035 1700 0.0524484 0.134853 27.9996 22.1368 -13 5239 1 0 1
-3.20249 0.601946 1700 0.186245 0.248598 27.9983 22.1375 -13 5240 1 0 1
-3.11161 -0.640356 1700 0.243192 0.18974 27.9983 22.1375 -13 5241 1 0 1
-3.27835 -4.03569 1700 0.219783 0.0760769 27.999 22.1374 -13 5242 1 0 1
5.12137 4.47218 1700 -0.246776 -0.324055 27.997 22.139 -13 5243 1 0 1
0.858946 -3.09062 1700 0.16083 0.227841 27.9986 22.1375 -13 5244 1 0 1
0.553078 -0.319619 1700 0.125494 0.0256206 27.9997 22.1368 -13 5245 1 0 1
3.16772 -1.25744 1700 -0.0456178 -0.0283743 27.9999 22.1368 -13 5246 1 0 1
0.0871176 3.97112 1700 -0.168894 -0.251891 27.9984 22.138 -13 5247 1 0 1
3.65361 3.93604 1700 -0.181159 -0.483328 27.9952 22.1398 -13 5248 1 0 1
-0.263482 0.764735 1700 -0.0291353 -0.222251 27.9991 22.1373 -13 5249 1 0 1
-0.724533 -3.0799 1700 0.0748087 0.425781 27.9967 22.1386 -13 5250 1 0 1
-0.36359 -5.21739 1700 0.311831 0.4897 27.994 22.1404 -13 5251 1 0 1
-0.543988 0.832163 1700 0.0409179 -0.240403 27.9989 22.1373 -13 5252 1 0 1
2.53201 6.65228 1700 -0.206604 -0.623393 27.9923 22.1419 -13 5253 1 0 1
-1.80198 0.528727 1700 0.160494 -0.159422 27.9991 22.1372 -13 5254 1 0 1
0.859013 7.13201 1700 -0.192387 -0.489793 27.9951 22.1404 -13 5255 1 0 1
1.10285 2.89747 1700 -0.126416 -0.334197 27.9977 22.1383 -13 5256 1 0 1
-2.3666 -0.279828 1700 0.138753 0.00529448 27.9997 22.1368 -13 5257 1 0 1
0.513299 -3.01622 1700 0.0803325 -0.0255771 27.9999 22.1368 -13 5258 1 0 1
-3.37414 -4.56361 1700 0.207557 0.323417 27.9974 22.1383 -13 5259 1 0 1
-2.42236 -2.97633 1700 0.262127 -0.00788398 27.9988 22.1374 -13 5260 1 0 1
1.64607 3.7951 1700 -0.0529861 -0.431469 27.9966 22.1388 -13 5261 1 0 1
1.43581 -2.39983 1700 0.220789 0.469 27.9952 22.1395 -13 5262 1 0 1
-1.95217 3.75643 1700 0.0994003 -0.108783 27.9996 22.137 -13 5263 1 0 1
-0.718569 -2.67869 1700 0.246185 0.188656 27.9983 22.1376 -13 5264 1 0 1
-0.0458569 1.18355 1700 0.0606042 0.174842 27.9994 22.137 -13 5265 1 0 1
2.20748 -5.7803 1700 0.244409 0.632039 27.9918 22.1419 -13 5266 1 0 1
-1.07548 -1.65393 1700 0.170107 0.165097 27.999 22.1372 -13 5267 1 0 1
1.35866 -4.27458 1700 0.197982 -0.0509569 27.9993 22.1371 -13 5268 1 0 1
1.67531 4.58427 1700 -0.18139 -0.270453 27.9981 22.1382 -13 5269 1 0 1
3.91383 0.303301 1700 -0.1464 -0.381278 27.997 22.1385 -13 5270 1 0 1
0.962465 2.30114 1700 -0.124606 -0.0770483 27.9996 22.1371 -13 5271 1 0 1
-0.0646847 -1.9558 1700 0.146917 0.30723 27.9979 22.1378 -13 5272 1 0 1
-0.113107 -3.34394 1700 0.154451 0.13053 27.9993 22.1371 -13 5273 1 0 1
2.96073 -7.43067 1700 0.127675 0.204485 27.999 22.1377 -13 5274 1 0 1
3.44129 -3.78354 1700 0.12332 0.279629 27.9983 22.1379 -13 5275 1 0 1
-1.25573 5.09147 1700 -0.0826328 -0.6687 27.9919 22.142 -13 5276 1 0 1
1.45512 -0.554047 1700 -0.02231 0.0269578 28 22.1367 -13 5277 1 0 1
-0.249157 2.80321 1700 -0.0383183 0.0559685 27.9999 22.1368 -13 5278 1 0 1
1.51889 1.9804 1700 -0.279612 -0.230218 27.9977 22.1384 -13 5279 1 0 1
0.333618 -2.9776 1700 0.12495 0.0998294 27.9995 22.1369 -13 5280 1 0 1
-3.29815 -1.83338 1700 0.319299 0.0448615 27.9981 22.1377 -13 5281 1 0 1
4.21705 0.91878 1700 -0.185001 0.0358265 27.9994 22.1374 -13 5282 1 0 1
0.329412 3.63505 1700 -0.152676 -0.356883 27.9973 22.1386 -13 5283 1 0 1
-0.545643 -6.28575 1700 0.414063 0.251762 27.9958 22.1394 -13 5284 1 0 1
1.58865 -0.824908 1700 0.0222391 0.064956 27.9999 22.1367 -13 5285 1 0 1
-4.28723 -2.91943 1700 0.21788 0.0507344 27.9991 22.1373 -13 5286 1 0 1
0.224129 3.84925 1700 -0.163731 -0.142311 27.9992 22.1375 -13 5287 1 0 1
-4.71588 -0.13821 1700 0.0121074 0.0468366 28 22.1368 -13 5288 1 0 1
-1.12736 3.43763 1700 -0.243985 -0.346888 27.9968 22.1391 -13 5289 1 0 1
2.31971 2.03842 1700 -0.131105 -0.201402 27.999 22.1375 -13 5290 1 0 1
-2.35794 -1.33609 1700 -0.0208456 -0.107382 27.9998 22.1369 -13 5291 1 0 1
-0.74669 3.01123 1700 -0.150674 -0.428115 27.9963 22.1392 -13 5292 1 0 1
0.132489 -2.04834 1700 -0.0221866 -0.0164086 28 22.1367 -13 5293 1 0 1
1.56736 4.21831 1700 -0.305068 -0.250287 27.9972 22.1389 -13 5294 1 0 1
-1.68659 -5.20125 1700 0.312886 0.404775 27.9953 22.1395 -13 5295 1 0 1
2.92357 2.53644 1700 -0.139802 -0.386881 27.997 22.1386 -13 5296 1 0 1
0.545198 3.14995 1700 -0.113539 -0.144013 27.9994 22.1373 -13 5297 1 0 1
1.75045 -2.70275 1700 0.16974 0.226362 27.9986 22.1375 -13 5298 1 0 1
0.239115 -5.20775 1700 0.211345 0.441253 27.9957 22.1394 -13 5299 1 0 1
0.404062 3.99427 1700 -0.17997 -0.272395 27.9981 22.1382 -13 5300 1 0 1
4.49512 6.30274 1700 -0.443451 -0.512562 27.9918 22.1425 -13 5301 1 0 1
-2.5013 2.90826 1700 0.08892 0.0654318 27.9998 22.1368 -13 5302 1 0 1
-0.855553 -3.78769 1700 0.204401 0.418105 27.9961 22.1389 -13 5303 1 0 1
4.01888 -0.465299 1700 0.120833 0.223279 27.9988 22.1374 -13 5304 1 0 1
-3.54213 -2.42294 1700 0.276734 0.0331662 27.9986 22.1375 -13 5305 1 0 1
0.350149 -0.710987 1700 0.0494711 0.142054 27.9996 22.1369 -13 5306 1 0 1
-1.41258 -2.49707 1700 0.145138 -0.0139603 27.9996 22.1369 -13 5307 1 0 1
2.48067 0.228996 1700 -0.180175 -0.220829 27.9985 22.1377 -13 5308 1 0 1
1.0145 -1.57126 1700 -0.0398029 0.0254179 28 22.1367 -13 5309 1 0 1
3.3405 -3.99723 1700 0.230149 0.11001 27.9988 22.1375 -13 5310 1 0 1
1.78538 -2.63 1700 0.144367 0.288037 27.9981 22.1378 -13 5311 1 0 1
1.34194 1.57675 1700 -0.231486 -0.080606 27.9989 22.1376 -13 5312 1 0 1
0.396308 -1.46284 1700 0.238387 -0.0127599 27.999 22.1371 -13 5313 1 0 1
1.25844 -3.17436 1700 0.0861727 0.330259 27.9979 22.138 -13 5314 1 0 1
0.385916 -5.11841 1700 0.453907 0.376533 27.9938 22.1405 -13 5315 1 0 1
-4.00959 -1.41534 1700 0.111611 0.00126888 27.9998 22.1369 -13 5316 1 0 1
1.1256 0.257274 1700 -0.0272807 -0.195056 27.9993 22.1371 -13 5317 1 0 1
-2.45677 -1.12628 1700 0.0703638 0.13404 27.9996 22.1369 -13 5318 1 0 1
3.03434 4.47581 1700 -0.270916 -0.190522 27.998 22.1384 -13 5319 1 0 1
-1.61306 0.350873 1700 0.10368 -0.007046 27.9998 22.1367 -13 5320 1 0 1
-4.02872 2.29856 1700 0.0173769 -0.428275 27.9967 22.139 -13 5321 1 0 1
-0.610622 3.82214 1700 -0.0962559 -0.230875 27.9989 22.1376 -13 5322 1 0 1
-0.154228 2.90682 1700 -0.150702 -0.417625 27.9965 22.1391 -13 5323 1 0 1
1.77123 0.859033 1700 -0.0265295 0.0899166 27.9998 22.1368 -13 5324 1 0 1
2.02107 0.169638 1700 0.0727812 0.082599 27.9998 22.1368 -13 5325 1 0 1
2.16958 -3.95165 1700 0.142525 0.195589 27.999 22.1374 -13 5326 1 0 1
1.85352 2.52029 1700 -0.104676 -0.146625 27.9994 22.1372 -13 5327 1 0 1
1.44526 3.16053 1700 0.0308882 -0.144096 27.9996 22.137 -13 5328 1 0 1
1.09448 -4.94489 1700 0.0937745 0.348756 27.9977 22.1382 -13 5329 1 0 1
1.83232 -0.887465 1700 0.234122 0.310175 27.9973 22.1382 -13 5330 1 0 1
3.66063 -1.19968 1700 0.0396258 0.0218046 28 22.1368 -13 5331 1 0 1
1.19836 -1.80363 1700 0.104325 0.160099 27.9993 22.137 -13 5332 1 0 1
-0.114066 0.700654 1700 0.0232835 0.0319223 28 22.1367 -13 5333 1 0 1
-2.64041 0.152198 1700 0.181895 0.143515 27.999 22.1371 -13 5334 1 0 1
-0.957378 0.628404 1700 0.0551952 -0.0937438 27.9998 22.1368 -13 5335 1 0 1
-1.12767 -1.2485 1700 0.194207 0.0178737 27.9993 22.137 -13 5336 1 0 1
0.460095 -3.49 1700 0.160523 -0.0753036 27.9994 22.137 -13 5337 1 0 1
0.0815684 2.89133 1700 0.0358503 0.0661276 27.9999 22.1367 -13 5338 1 0 1
-1.26932 1.44297 1700 0.167185 -0.106884 27.9993 22.137 -13 5339 1 0 1
-0.40371 1.83927 1700 -0.0641205 -0.187847 27.9993 22.1372 -13 5340 1 0 1
-0.794435 -4.6928 1700 0.275856 0.254501 27.9975 22.1383 -13 5341 1 0 1
-1.62919 -2.41831 1700 0.253643 0.297841 27.9973 22.1382 -13 5342 1 0 1
-1.17883 1.72241 1700 0.160505 0.165098 27.9991 22.1371 -13 5343 1 0 1
-0.103874 4.64762 1700 -0.0194497 -0.29844 27.9984 22.1379 -13 5344 1 0 1
2.48331 1.23028 1700 0.0986037 -0.0668854 27.9997 22.1368 -13 5345 1 0 1
3.05477 -0.912393 1700 0.0518577 0.238422 27.9989 22.1374 -13 5346 1 0 1
1.58371 6.28551 1700 -0.423471 -0.617577 27.99 22.1436 -13 5347 1 0 1
-0.309758 1.40046 1700 -0.0380525 -0.0482683 27.9999 22.1368 -13 5348 1 0 1
1.60874 1.68969 1700 -0.0413261 -0.127123 27.9997 22.1369 -13 5349 1 0 1
-1.95791 -6.05803 1700 0.450671 0.681267 27.9881 22.1439 -13 5350 1 0 1
-2.82628 0.040321 1700 0.065887 -0.0333175 27.9999 22.1368 -13 5351 1 0 1
0.00219324 5.07406 1700 -0.177073 -0.186948 27.9988 22.1379 -13 5352 1 0 1
1.95676 0.216127 1700 0.113499 -0.0058199 27.9998 22.1367 -13 5353 1 0 1
2.96872 2.55224 1700 -0.187193 -0.0732866 27.9993 22.1374 -13 5354 1 0 1
5.54061 0.0496263 1700 -0.041152 -0.0397841 27.9999 22.1369 -13 5355 1 0 1
-3.95582 -4.3453 1700 0.288858 0.25588 27.9973 22.1383 -13 5356 1 0 1
3.06691 2.83692 1700 -0.123764 -0.163029 27.9993 22.1374 -13 5357 1 0 1
-0.653815 -0.306927 1700 0.110845 -0.216787 27.9989 22.1373 -13 5358 1 0 1
-6.60821 -0.138731 1700 0.21286 -0.186172 27.9986 22.1379 -13 5359 1 0 1
-2.696 -0.384816 1700 0.173835 0.0579551 27.9994 22.137 -13 5360 1 0 1
-1.32008 -3.26824 1700 0.289889 0.279025 27.9971 22.1383 -13 5361 1 0 1
0.0699251 -4.44008 1700 0.269254 0.40185 27.9958 22.1392 -13 5362 1 0 1
4.58919 -2.82124 1700 0.105241 0.354858 27.9976 22.1384 -13 5363 1 0 1
2.06734 -1.09112 1700 0.0671405 0.153874 27.9995 22.137 -13 5364 1 0 1
-2.95722 1.58302 1700 -0.0220473 -0.011682 28 22.1368 -13 5365 1 0 1
1.21783 2.20688 1700 -0.123071 -0.233881 27.9988 22.1376 -13 5366 1 0 1
0.212884 -0.150123 1700 -0.108098 -0.0661447 27.9997 22.1369 -13 5367 1 0 1
-1.46634 -0.700829 1700 0.11396 -0.234091 27.9988 22.1374 -13 5368 1 0 1
1.36613 -0.832704 1700 0.0629809 0.0224717 27.9999 22.1367 -13 5369 1 0 1
-0.234736 1.44587 1700 0.0738183 -0.00622796 27.9999 22.1367 -13 5370 1 0 1
3.23212 -2.16915 1700 -0.000626573 0.182977 27.9994 22.1372 -13 5371 1 0 1
-2.36868 0.923316 1700 0.09237 -0.106071 27.9996 22.1369 -13 5372 1 0 1
3.99966 -0.535069 1700 0.180247 0.429227 27.9961 22.1391 -13 5373 1 0 1
1.93975 -0.374795 1700 0.0547025 -0.0510789 27.9999 22.1367 -13 5374 1 0 1
-0.659016 -0.436468 1700 0.0818202 -0.118107 27.9996 22.1369 -13 5375 1 0 1
6.85369 -4.53884 1700 0.00588143 0.166117 27.9995 22.1375 -13 5376 1 0 1
1.29244 -7.302 1700 0.261101 0.624652 27.9918 22.1421 -13 5377 1 0 1
-2.87934 -4.57126 1700 0.435659 0.259842 27.9954 22.1395 -13 5378 1 0 1
-0.463258 3.85885 1700 -0.130678 -0.696174 27.991 22.1424 -13 5379 1 0 1
-2.70236 -0.898092 1700 0.219249 -0.195059 27.9985 22.1376 -13 5380 1 0 1
-0.685691 2.81572 1700 0.117973 -0.15967 27.9993 22.1371 -13 5381 1 0 1
-0.124768 -0.177041 1700 0.054254 0.268499 27.9987 22.1374 -13 5382 1 0 1
-0.291878 3.33185 1700 0.0666661 0.0531317 27.9999 22.1367 -13 5383 1 0 1
-0.458705 -1.0699 1700 0.0818962 0.384688 27.9972 22.1382 -13 5384 1 0 1
2.40315 4.69813 1700 -0.171779 -0.450905 27.9958 22.1395 -13 5385 1 0 1
1.24951 2.01378 1700 -0.0286388 0.0230196 28 22.1368 -13 5386 1 0 1
2.82865 -4.29059 1700 0.189013 0.420135 27.9962 22.1392 -13 5387 1 0 1
-0.84936 -4.03882 1700 0.38788 0.765902 27.9868 22.1444 -13 5388 1 0 1
-1.26955 2.8045 1700 0.0274348 -0.200873 27.9993 22.1372 -13 5389 1 0 1
-1.90957 -0.971476 1700 0.0540065 0.0360134 27.9999 22.1367 -13 5390 1 0 1
-1.02184 0.494187 1700 0.0498373 -0.192488 27.9993 22.1371 -13 5391 1 0 1
0.220786 -1.62324 1700 0.060587 0.377585 27.9974 22.1382 -13 5392 1 0 1
-1.90068 -6.92712 1700 0.303546 0.176991 27.9978 22.1383 -13 5393 1 0 1
5.36387 1.64816 1700 -0.242949 -0.0858555 27.9988 22.1378 -13 5394 1 0 1
0.650048 -0.623841 1700 -0.0525808 -0.128581 27.9997 22.1369 -13 5395 1 0 1
1.1481 2.32167 1700 0.0807347 -0.0023021 27.9999 22.1367 -13 5396 1 0 1
0.627219 0.995663 1700 -0.191205 -0.00735041 27.9993 22.1372 -13 5397 1 0 1
-3.32162 -2.55448 1700 0.0929756 0.100785 27.9997 22.1369 -13 5398 1 0 1
-1.89947 -0.707849 1700 0.121074 0.177991 27.9992 22.1371 -13 5399 1 0 1
1.09237 -2.87685 1700 0.19078 0.281608 27.9979 22.1379 -13 5400 1 0 1
-2.64259 -2.66131 1700 0.332975 0.214693 27.9972 22.1382 -13 5401 1 0 1
4.1216 3.44489 1700 -0.185743 -0.0524356 27.9993 22.1375 -13 5402 1 0 1
-3.09511 -1.88628 1700 0.257227 0.195542 27.9981 22.1377 -13 5403 1 0 1
-0.933451 -0.0543777 1700 0.0432437 0.0261551 28 22.1367 -13 5404 1 0 1
-0.822276 4.66987 1700 -0.0926722 0.152599 27.9994 22.1372 -13 5405 1 0 1
2.78815 -0.589125 1700 0.0348461 0.175684 27.9994 22.1371 -13 5406 1 0 1
5.91371 2.26774 1700 -0.473699 -0.336777 27.994 22.1409 -13 5407 1 0 1
1.31813 -1.01276 1700 0.1896 0.153013 27.9989 22.1372 -13 5408 1 0 1
2.1261 2.07334 1700 0.0397453 -0.119413 27.9997 22.1368 -13 5409 1 0 1
-1.49279 0.650435 1700 0.172757 -0.0319648 27.9994 22.1369 -13 5410 1 0 1
2.63098 2.03851 1700 -0.109999 -0.0999172 27.9996 22.1371 -13 5411 1 0 1
4.11013 -3.32072 1700 0.220972 0.278637 27.9977 22.1382 -13 5412 1 0 1
-2.53495 4.81833 1700 0.0259994 0.0630272 27.9999 22.1368 -13 5413 1 0 1
-0.688335 -0.887258 1700 -0.0284866 0.0406647 28 22.1367 -13 5414 1 0 1
2.55769 0.0570541 1700 -0.0310858 -0.10011 27.9998 22.1368 -13 5415 1 0 1
4.29114 -0.00637163 1700 -0.0633925 0.152134 27.9995 22.1372 -13 5416 1 0 1
-3.15392 3.18028 1700 0.111194 0.100927 27.9996 22.1368 -13 5417 1 0 1
-0.00183965 2.98234 1700 0.0775234 -0.135846 27.9996 22.1369 -13 5418 1 0 1
1.04433 1.17712 1700 -0.0313864 0.089271 27.9998 22.1368 -13 5419 1 0 1
-0.613715 2.82637 1700 -0.0580719 -0.0744628 27.9998 22.1369 -13 5420 1 0 1
0.0667058 0.992656 1700 -0.0450163 -0.37387 27.9975 22.1382 -13 5421 1 0 1
-1.88576 -1.76765 1700 0.0951438 0.202538 27.9991 22.1371 -13 5422 1 0 1
2.92886 2.74241 1700 -0.143528 -0.376737 27.9971 22.1386 -13 5423 1 0 1
1.43547 -2.3028 1700 0.194979 0.290643 27.9978 22.138 -13 5424 1 0 1
0.896392 -0.380534 1700 0.0512132 0.263321 27.9987 22.1374 -13 5425 1 0 1
0.125531 2.53764 1700 -0.0641289 -0.322002 27.9981 22.138 -13 5426 1 0 1
5.31408 3.82671 1700 -0.34588 -0.361656 27.9955 22.1399 -13 5427 1 0 1
5.93784 -0.145931 1700 -0.201429 -0.111988 27.9991 22.1375 -13 5428 1 0 1
-1.20215 3.70037 1700 -0.035515 -0.648447 27.9925 22.1415 -13 5429 1 0 1
2.35353 4.18603 1700 -0.366846 -0.305439 27.9959 22.1397 -13 5430 1 0 1
-1.44617 3.56713 1700 -0.0385535 -0.0252912 28 22.1369 -13 5431 1 0 1
2.00865 3.78381 1700 -0.123595 -0.310105 27.998 22.1381 -13 5432 1 0 1
0.148466 0.190846 1700 0.0768421 -0.0100516 27.9999 22.1367 -13 5433 1 0 1
0.141438 0.0941266 1700 0.0045096 -0.12729 27.9997 22.1369 -13 5434 1 0 1
0.498194 -0.843143 1700 0.0523023 0.296698 27.9984 22.1376 -13 5435 1 0 1
-3.92344 -4.89058 1700 0.259714 0.374532 27.9963 22.1389 -13 5436 1 0 1
0.960057 -1.18262 1700 0.112918 0.0593611 27.9997 22.1368 -13 5437 1 0 1
1.67165 -5.82771 1700 0.256282 0.525315 27.9939 22.1406 -13 5438 1 0 1
2.28017 1.44616 1700 -0.253111 -0.133884 27.9985 22.1378 -13 5439 1 0 1
3.37817 -2.95608 1700 0.0435163 0.0992246 27.9998 22.1369 -13 5440 1 0 1
4.04875 1.90503 1700 -0.0407897 -0.121303 27.9997 22.137 -13 5441 1 0 1
3.30799 0.940162 1700 -0.176447 -0.0204739 27.9994 22.1373 -13 5442 1 0 1
2.92868 -5.19894 1700 0.356125 0.421584 27.9946 22.1402 -13 5443 1 0 1
1.7675 1.98797 1700 -0.156664 -0.284942 27.9981 22.138 -13 5444 1 0 1
0.803543 0.995372 1700 -0.108504 -0.127961 27.9995 22.1371 -13 5445 1 0 1
1.16206 1.57316 1700 -0.211906 -0.309928 27.9975 22.1384 -13 5446 1 0 1
2.42223 2.1949 1700 -0.00600384 -0.100261 27.9998 22.1368 -13 5447 1 0 1
-3.76147 -4.84479 1700 0.207706 0.170264 27.9987 22.1376 -13 5448 1 0 1
-5.02564 -0.640448 1700 0.272013 -0.0176928 27.9987 22.1375 -13 5449 1 0 1
2.4838 1.80632 1700 0.0487129 0.0584013 27.9999 22.1368 -13 5450 1 0 1
-3.5305 -3.40987 1700 0.221127 0.403196 27.9962 22.1388 -13 5451 1 0 1
-0.0136233 2.86746 1700 0.109366 -0.147887 27.9994 22.137 -13 5452 1 0 1
-1.71242 -2.16358 1700 0.0624571 0.233696 27.999 22.1372 -13 5453 1 0 1
3.16463 5.75859 1700 -0.270983 -0.374814 27.9962 22.1396 -13 5454 1 0 1
0.223504 -4.44281 1700 0.142757 0.0810642 27.9995 22.137 -13 5455 1 0 1
-3.29151 0.555949 1700 0.00455148 -0.114055 27.9998 22.1369 -13 5456 1 0 1
-0.933908 -4.81289 1700 0.183511 0.0891779 27.9993 22.1372 -13 5457 1 0 1
0.668812 -4.82835 1700 0.283897 0.259565 27.9974 22.1384 -13 5458 1 0 1
-4.97076 -5.37298 1700 0.417118 0.467421 27.993 22.1409 -13 5459 1 0 1
3.24592 0.38775 1700 0.019276 -0.0568092 27.9999 22.1367 -13 5460 1 0 1
-1.44488 -0.675698 1700 0.239338 0.0973 27.9988 22.1372 -13 5461 1 0 1
-1.10318 3.5245 1700 0.0396999 -0.156926 27.9995 22.1371 -13 5462 1 0 1
2.6536 7.29455 1700 -0.340982 -0.436907 27.9945 22.1409 -13 5463 1 0 1
-0.177189 5.87282 1700 -0.100772 -0.0265502 27.9998 22.1372 -13 5464 1 0 1
1.53328 3.91874 1700 -0.101042 -0.152404 27.9994 22.1373 -13 5465 1 0 1
-6.37387 -5.58569 1700 0.603507 0.642091 27.9861 22.1449 -13 5466 1 0 1
-1.00949 1.00603 1700 -0.0273572 -0.217927 27.9991 22.1373 -13 5467 1 0 1
-0.80944 1.84811 1700 0.0279806 -0.00542988 28 22.1367 -13 5468 1 0 1
1.24811 -3.17341 1700 0.116288 0.286783 27.9983 22.1377 -13 5469 1 0 1
0.432928 -1.73827 1700 0.0435247 -0.0171141 28 22.1367 -13 5470 1 0 1
5.23103 -3.47195 1700 0.173318 0.249118 27.9984 22.1379 -13 5471 1 0 1
-1.2224 -0.0160745 1700 -0.0446656 -0.0575364 27.9999 22.1368 -13 5472 1 0 1
0.317155 -0.00507501 1700 -0.149881 0.0259482 27.9996 22.137 -13 5473 1 0 1
1.02604 -0.836847 1700 0.150062 0.134026 27.9993 22.137 -13 5474 1 0 1
0.771609 -2.67064 1700 0.302576 0.274779 27.997 22.1384 -13 5475 1 0 1
2.14041 -0.0880497 1700 -0.0337582 -0.162939 27.9995 22.137 -13 5476 1 0 1
-0.607354 6.14841 1700 -0.139003 -0.386839 27.997 22.1391 -13 5477 1 0 1
-5.59009 -0.195451 1700 0.0027748 -0.326524 27.9981 22.1382 -13 5478 1 0 1
3.74492 -2.57705 1700 -0.00875757 0.378681 27.9974 22.1385 -13 5479 1 0 1
2.17409 3.50051 1700 -0.183666 -0.292833 27.9979 22.1383 -13 5480 1 0 1
-4.35576 -1.37546 1700 0.097344 -0.00915076 27.9998 22.1369 -13 5481 1 0 1
0.369176 -1.72308 1700 -0.0185016 -0.105946 27.9998 22.1368 -13 5482 1 0 1
-1.39122 2.9085 1700 -0.0208222 -0.0226268 28 22.1368 -13 5483 1 0 1
2.56926 0.0196766 1700 0.0198686 -0.19709 27.9993 22.137 -13 5484 1 0 1
1.1484 6.30834 1700 -0.251773 -0.267919 27.9976 22.1388 -13 5485 1 0 1
2.52637 -2.67401 1700 0.0677275 0.157925 27.9995 22.1371 -13 5486 1 0 1
3.04516 0.179068 1700 -0.0682164 0.00558273 27.9999 22.1368 -13 5487 1 0 1
0.364641 -3.87921 1700 0.183135 0.270883 27.9981 22.1379 -13 5488 1 0 1
3.03203 -0.526614 1700 -0.0367122 0.0859582 27.9998 22.1369 -13 5489 1 0 1
-1.33217 4.0516 1700 -0.153933 -0.445184 27.996 22.1395 -13 5490 1 0 1
-1.65613 -3.20186 1700 0.338085 0.285135 27.9965 22.1387 -13 5491 1 0 1
0.884217 3.39542 1700 -0.0379773 -0.248763 27.9989 22.1375 -13 5492 1 0 1
-2.84188 0.408947 1700 0.215343 -0.103586 27.999 22.1372 -13 5493 1 0 1
2.86708 0.894109 1700 -0.0969666 0.0140526 27.9998 22.1369 -13 5494 1 0 1
1.05107 -1.33509 1700 -0.00766328 0.180889 27.9994 22.1371 -13 5495 1 0 1
-2.8719 -2.51061 1700 -0.0372703 -0.0957543 27.9998 22.1369 -13 5496 1 0 1
2.72789 -1.33037 1700 0.105865 0.123071 27.9995 22.137 -13 5497 1 0 1
0.24099 5.00355 1700 -0.0259765 -0.266081 27.9987 22.1377 -13 5498 1 0 1
3.13867 3.3107 1700 -0.182457 -0.180143 27.9988 22.1377 -13 5499 1 0 1
-0.652011 -3.78445 1700 0.283547 0.501995 27.9941 22.1402 -13 5500 1 0 1
1.67205 2.9837 1700 -0.0197699 -0.358166 27.9977 22.1381 -13 5501 1 0 1
1.64173 -2.8668 1700 0.188689 0.346208 27.9972 22.1384 -13 5502 1 0 1
-1.58891 -8.45167 1700 0.437213 0.6874 27.9881 22.1443 -13 5503 1 0 1
0.111038 0.27776 1700 -0.0465821 0.0435747 27.9999 22.1368 -13 5504 1 0 1
-5.51692 -2.68697 1700 0.069696 -0.0691703 27.9998 22.137 -13 5505 1 0 1
2.36256 3.03787 1700 -0.138534 -0.285681 27.9982 22.138 -13 5506 1 0 1
0.808721 1.15802 1700 -0.0570407 -0.0399272 27.9999 22.1368 -13 5507 1 0 1
3.24295 8.28859 1700 -0.201617 -0.177397 27.9987 22.1383 -13 5508 1 0 1
-1.73892 -2.60958 1700 0.428765 0.281932 27.9953 22.1393 -13 5509 1 0 1
1.39917 5.20363 1700 -0.201775 -0.395956 27.9965 22.1393 -13 5510 1 0 1
1.84777 5.1967 1700 -0.173921 -0.221995 27.9986 22.138 -13 5511 1 0 1
-3.21708 -0.545505 1700 0.013565 0.0135322 28 22.1367 -13 5512 1 0 1
0.331468 -0.909685 1700 0.0895586 0.163274 27.9994 22.137 -13 5513 1 0 1
-3.62261 2.30298 1700 -0.132375 -0.230865 27.9987 22.1378 -13 5514 1 0 1
-0.47282 -0.987385 1700 0.169081 0.0518724 27.9994 22.1369 -13 5515 1 0 1
-3.62991 1.63299 1700 -0.00753803 -0.0287142 28 22.1368 -13 5516 1 0 1
3.23038 2.91928 1700 -0.159908 -0.190095 27.9989 22.1376 -13 5517 1 0 1
1.67995 3.08945 1700 -0.13566 0.0347307 27.9996 22.1371 -13 5518 1 0 1
2.10705 -1.96996 1700 0.109587 -0.00397816 27.9998 22.1368 -13 5519 1 0 1
-0.663713 1.4756 1700 -0.100638 -0.010971 27.9998 22.1369 -13 5520 1 0 1
2.87965 5.28334 1700 -0.184989 -0.546679 27.9941 22.1406 -13 5521 1 0 1
3.22243 1.66742 1700 -0.109466 -0.204589 27.999 22.1374 -13 5522 1 0 1
-0.817597 3.32756 1700 -0.128208 -0.399401 27.9969 22.1389 -13 5523 1 0 1
2.36737 3.07214 1700 -0.171367 0.112895 27.9992 22.1374 -13 5524 1 0 1
2.41267 -0.271353 1700 0.0797147 0.0387465 27.9999 22.1367 -13 5525 1 0 1
0.0309524 2.04547 1700 0.0375114 0.041386 27.9999 22.1367 -13 5526 1 0 1
-6.34324 -4.18951 1700 0.277188 0.342914 27.9965 22.1388 -13 5527 1 0 1
2.11159 0.372058 1700 -0.00583122 0.0257573 28 22.1367 -13 5528 1 0 1
0.477035 0.924154 1700 0.135858 0.179078 27.9991 22.1371 -13 5529 1 0 1
-2.69921 -2.4649 1700 0.156303 -0.043416 27.9995 22.137 -13 5530 1 0 1
-6.5271 -0.491503 1700 0.222186 0.154943 27.9987 22.1374 -13 5531 1 0 1
-1.49481 0.36805 1700 0.145752 -0.117009 27.9994 22.137 -13 5532 1 0 1
2.12655 4.21535 1700 -0.158977 -0.218733 27.9987 22.1378 -13 5533 1 0 1
0.398121 -0.402898 1700 -0.0274144 -0.280669 27.9986 22.1375 -13 5534 1 0 1
1.65426 -1.76834 1700 0.0853009 0.462185 27.9961 22.139 -13 5535 1 0 1
2.41953 6.78697 1700 -0.113045 -0.38202 27.9972 22.1389 -13 5536 1 0 1
-0.408989 -1.74327 1700 0.00421196 -0.0872025 27.9999 22.1368 -13 5537 1 0 1
-2.43054 1.2749 1700 0.0767469 0.0280691 27.9999 22.1367 -13 5538 1 0 1
-0.399502 1.19412 1700 -0.148139 -0.15991 27.9992 22.1373 -13 5539 1 0 1
-0.980175 -5.02754 1700 0.240729 0.341625 27.9969 22.1386 -13 5540 1 0 1
-1.46532 -2.98853 1700 0.101634 -0.0287064 27.9998 22.1368 -13 5541 1 0 1
2.09625 1.39754 1700 -0.0659714 -0.144236 27.9996 22.137 -13 5542 1 0 1
2.52869 -1.79786 1700 0.10644 0.172692 27.9993 22.1371 -13 5543 1 0 1
0.761953 -1.49616 1700 0.0502844 0.0107515 28 22.1367 -13 5544 1 0 1
-0.50974 -1.45093 1700 -0.173226 -0.297851 27.9979 22.138 -13 5545 1 0 1
-2.00784 -1.30771 1700 0.306662 0.30042 27.9967 22.1384 -13 5546 1 0 1
0.797855 5.24182 1700 -0.386338 -0.641729 27.99 22.1434 -13 5547 1 0 1
-3.78734 -3.68939 1700 0.197546 0.538045 27.9941 22.14 -13 5548 1 0 1
1.27187 5.777 1700 -0.417529 -0.412694 27.9938 22.1412 -13 5549 1 0 1
-0.849614 2.64187 1700 -0.141118 -0.500655 27.9952 22.1399 -13 5550 1 0 1
2.11633 -1.27299 1700 0.170621 0.418138 27.9964 22.1388 -13 5551 1 0 1
-1.42338 -0.0622431 1700 0.0188171 -0.177534 27.9994 22.1371 -13 5552 1 0 1
0.435587 -0.677661 1700 0.00663794 0.0321248 28 22.1367 -13 5553 1 0 1
3.27197 2.13731 1700 -0.201818 -0.26753 27.998 22.1381 -13 5554 1 0 1
2.36839 0.168815 1700 -0.075856 0.0913998 27.9997 22.1369 -13 5555 1 0 1
-1.77183 1.16179 1700 0.111878 0.299688 27.9982 22.1376 -13 5556 1 0 1
1.41457 1.02294 1700 -0.0569751 0.0909851 27.9998 22.1369 -13 5557 1 0 1
-0.108036 5.83781 1700 -0.106275 -0.322788 27.9979 22.1384 -13 5558 1 0 1
3.52915 1.49875 1700 -0.0339777 -0.0508634 27.9999 22.1368 -13 5559 1 0 1
3.16481 2.50128 1700 -0.109926 -0.167963 27.9993 22.1373 -13 5560 1 0 1
2.01616 0.864831 1700 0.00785152 -0.106376 27.9998 22.1368 -13 5561 1 0 1
-1.2619 3.81707 1700 0.0241904 -0.167758 27.9995 22.1371 -13 5562 1 0 1
2.08168 -0.777016 1700 -0.113099 0.0396888 27.9997 22.1369 -13 5563 1 0 1
-1.86181 -1.61862 1700 0.278925 0.281059 27.9972 22.1381 -13 5564 1 0 1
-4.78177 -1.206 1700 -0.0261827 -0.269431 27.9987 22.1378 -13 5565 1 0 1
4.14246 4.53431 1700 -0.276316 -0.44517 27.9951 22.1401 -13 5566 1 0 1
-1.5429 -1.11191 1700 0.152543 0.0624497 27.9995 22.1369 -13 5567 1 0 1
-2.15102 -4.02475 1700 0.375918 0.230596 27.9965 22.1387 -13 5568 1 0 1
2.60309 -3.23471 1700 0.131865 0.170698 27.9992 22.1373 -13 5569 1 0 1
0.553085 -0.524089 1700 -0.0149299 0.280473 27.9986 22.1375 -13 5570 1 0 1
-0.501102 -0.234458 1700 0.0133911 -0.078165 27.9999 22.1367 -13 5571 1 0 1
0.189793 3.80619 1700 -0.287423 -0.232806 27.9976 22.1386 -13 5572 1 0 1
3.96843 -0.182036 1700 -0.149281 -0.19046 27.999 22.1374 -13 5573 1 0 1
-0.668824 0.0881747 1700 0.0356724 0.121231 27.9997 22.1368 -13 5574 1 0 1
0.78448 1.02 1700 -0.0779602 -0.027784 27.9999 22.1368 -13 5575 1 0 1
-2.27204 -1.38353 1700 0.0508589 0.0194213 27.9999 22.1367 -13 5576 1 0 1
1.52977 0.562256 1700 -0.0600009 0.238718 27.9989 22.1374 -13 5577 1 0 1
6.1813 -0.141225 1700 -0.16435 0.0794318 27.9994 22.1375 -13 5578 1 0 1
0.493871 1.4332 1700 -0.0813338 -0.0564722 27.9998 22.1369 -13 5579 1 0 1
1.90146 -2.70875 1700 0.12361 0.105563 27.9995 22.137 -13 5580 1 0 1
-4.01509 1.92068 1700 0.0673314 -0.164557 27.9994 22.1372 -13 5581 1 0 1
-2.43501 -6.52901 1700 0.259712 0.453316 27.9951 22.1398 -13 5582 1 0 1
-7.59729 -8.67146 1700 0.54177 0.479478 27.9907 22.143 -13 5583 1 0 1
-2.84675 0.715033 1700 0.259504 0.091006 27.9986 22.1373 -13 5584 1 0 1
3.02821 2.13488 1700 -0.200614 -0.244307 27.9982 22.138 -13 5585 1 0 1
2.39009 1.63777 1700 -0.107215 -0.0177659 27.9998 22.137 -13 5586 1 0 1
0.494696 -4.33683 1700 0.179647 0.0921346 27.9993 22.1372 -13 5587 1 0 1
-1.73978 3.14374 1700 -0.119063 -0.0900888 27.9996 22.1372 -13 5588 1 0 1
3.22742 5.06745 1700 -0.263146 -0.399965 27.9959 22.1397 -13 5589 1 0 1
0.37689 -2.37502 1700 0.218898 0.173217 27.9986 22.1374 -13 5590 1 0 1
0.990877 0.54733 1700 0.0644007 -0.0178161 27.9999 22.1367 -13 5591 1 0 1
3.054 1.62048 1700 -0.0790102 -0.077339 27.9998 22.1369 -13 5592 1 0 1
-2.79449 -0.606912 1700 0.15527 0.226572 27.9987 22.1373 -13 5593 1 0 1
6.0662 0.857876 1700 -0.0765768 0.0863023 27.9998 22.1372 -13 5594 1 0 1
-1.00507 -4.42528 1700 0.43165 0.481497 27.9925 22.1411 -13 5595 1 0 1
1.9365 3.01645 1700 -0.137244 -0.379777 27.9971 22.1386 -13 5596 1 0 1
-0.847726 6.62139 1700 -0.239864 -0.424049 27.9958 22.14 -13 5597 1 0 1
-3.73887 -5.00326 1700 0.491287 0.138702 27.9953 22.1396 -13 5598 1 0 1
2.09235 3.15333 1700 -0.217011 -0.0802657 27.999 22.1376 -13 5599 1 0 1
0.706645 -2.39084 1700 0.131675 -0.012332 27.9997 22.1368 -13 5600 1 0 1
1.89407 2.17571 1700 -0.158857 -0.180419 27.999 22.1375 -13 5601 1 0 1
1.33541 -1.34117 1700 -0.0582784 -0.0912338 27.9998 22.1368 -13 5602 1 0 1
0.356789 2.72898 1700 -0.0514128 -0.119844 27.9997 22.137 -13 5603 1 0 1
4.18013 -1.63211 1700 0.125424 0.351274 27.9975 22.1383 -13 5604 1 0 1
-1.83758 -4.5055 1700 0.378842 0.494263 27.9931 22.1408 -13 5605 1 0 1
4.17579 5.33492 1700 -0.290265 -0.3581 27.9962 22.1396 -13 5606 1 0 1
3.21401 0.492418 1700 -0.0783552 -0.0592214 27.9998 22.1369 -13 5607 1 0 1
0.843181 0.231069 1700 0.0557299 0.134461 27.9996 22.1369 -13 5608 1 0 1
1.27648 3.0835 1700 -0.0817686 -0.251687 27.9987 22.1376 -13 5609 1 0 1
-4.34866 2.4046 1700 0.142544 -0.157149 27.9992 22.1373 -13 5610 1 0 1
-2.82268 1.58085 1700 0.229455 -0.00691671 27.9991 22.1371 -13 5611 1 0 1
1.11121 0.868211 1700 0.0122084 -0.346135 27.9979 22.1379 -13 5612 1 0 1
-0.263342 -3.60271 1700 0.0548421 -0.0598333 27.9999 22.1368 -13 5613 1 0 1
1.71051 -0.82149 1700 0.072205 -0.0594643 27.9998 22.1367 -13 5614 1 0 1
0.259372 -4.73255 1700 0.18212 0.408882 27.9964 22.1389 -13 5615 1 0 1
3.8591 5.14443 1700 -0.0468742 -0.317758 27.9982 22.138 -13 5616 1 0 1
3.26554 -1.0766 1700 -0.183147 0.00127164 27.9994 22.1372 -13 5617 1 0 1
2.58113 -0.307929 1700 0.0222898 -0.12868 27.9997 22.1368 -13 5618 1 0 1
-3.43688 1.35366 1700 0.208634 0.424144 27.996 22.1386 -13 5619 1 0 1
-4.40524 -1.21968 1700 0.0051395 -0.0467714 28 22.1368 -13 5620 1 0 1
0.163026 2.72952 1700 -0.0617554 0.0246517 27.9999 22.1368 -13 5621 1 0 1
0.727783 2.35437 1700 -0.0388232 -0.118148 27.9997 22.1369 -13 5622 1 0 1
-0.0946579 1.30679 1700 -0.00551399 0.158336 27.9996 22.1369 -13 5623 1 0 1
2.77845 3.99613 1700 -0.287017 -0.554003 27.993 22.1412 -13 5624 1 0 1
0.114512 0.229049 1700 -0.0397089 0.0705081 27.9999 22.1368 -13 5625 1 0 1
1.6369 3.6653 1700 -0.158653 -0.270298 27.9982 22.138 -13 5626 1 0 1
3.01285 -1.06429 1700 0.0318512 0.168713 27.9995 22.1371 -13 5627 1 0 1
-0.123137 1.24846 1700 -0.034851 0.260945 27.9988 22.1374 -13 5628 1 0 1
1.74897 -2.57502 1700 0.00143908 0.157789 27.9996 22.137 -13 5629 1 0 1
-2.25995 1.45339 1700 -0.0291481 -0.194363 27.9993 22.1372 -13 5630 1 0 1
3.1942 1.84545 1700 -0.00455459 0.00772273 28 22.1368 -13 5631 1 0 1
-0.443475 2.1578 1700 -0.102799 -0.155637 27.9994 22.1372 -13 5632 1 0 1
1.80859 1.39894 1700 -0.108642 0.0850907 27.9997 22.137 -13 5633 1 0 1
3.44955 -1.5736 1700 -0.0504134 0.13168 27.9996 22.1371 -13 5634 1 0 1
1.70385 -2.35838 1700 0.0115251 -0.0562593 27.9999 22.1367 -13 5635 1 0 1
2.76089 -0.210845 1700 0.0736451 -0.0448188 27.9999 22.1367 -13 5636 1 0 1
-0.0705437 -0.550103 1700 0.172296 0.247921 27.9984 22.1375 -13 5637 1 0 1
-0.141085 -0.931735 1700 0.0825638 -0.123967 27.9996 22.1369 -13 5638 1 0 1
-1.11946 5.46603 1700 -0.211978 -0.437772 27.9958 22.1399 -13 5639 1 0 1
-1.38551 6.068 1700 -0.149776 -0.388063 27.9969 22.1392 -13 5640 1 0 1
-1.18295 -3.95437 1700 0.135553 0.175696 27.9991 22.1372 -13 5641 1 0 1
2.11486 2.10438 1700 4.44853e-05 -0.0765574 27.9999 22.1368 -13 5642 1 0 1
-2.03772 -0.432734 1700 0.157863 0.204754 27.9988 22.1372 -13 5643 1 0 1
-2.37342 -0.864152 1700 0.0832426 0.210829 27.9991 22.1371 -13 5644 1 0 1
4.41613 -1.58009 1700 -0.0543292 -0.0946725 27.9998 22.1369 -13 5645 1 0 1
-2.0522 -1.98918 1700 0.109444 0.19838 27.9991 22.1371 -13 5646 1 0 1
4.41715 1.20268 1700 0.00184271 -0.0586365 27.9999 22.1368 -13 5647 1 0 1
0.311444 -1.76065 1700 0.0538552 -0.14797 27.9996 22.1369 -13 5648 1 0 1
-1.78529 3.10782 1700 -0.074608 -0.278904 27.9985 22.1379 -13 5649 1 0 1
-1.92317 1.66847 1700 0.0776461 0.108863 27.9997 22.1368 -13 5650 1 0 1
-2.81661 -6.98529 1700 0.319156 0.514523 27.9935 22.1408 -13 5651 1 0 1
4.69412 -0.115865 1700 -0.175477 -0.145474 27.9991 22.1374 -13 5652 1 0 1
-2.64355 -0.670465 1700 0.134879 -0.0810955 27.9996 22.1369 -13 5653 1 0 1
-0.884792 -4.49269 1700 0.262803 0.38271 27.9962 22.139 -13 5654 1 0 1
-1.47752 -4.23801 1700 0.366243 0.506114 27.993 22.1408 -13 5655 1 0 1
-1.38962 -4.36475 1700 0.168302 0.16846 27.999 22.1373 -13 5656 1 0 1
2.66883 7.30196 1700 -0.484652 -0.626171 27.9888 22.1446 -13 5657 1 0 1
-0.700841 3.08386 1700 -0.148414 -0.434282 27.9962 22.1393 -13 5658 1 0 1
-3.46058 2.12592 1700 0.0675091 0.033907 27.9999 22.1368 -13 5659 1 0 1
-2.88447 -1.80163 1700 0.162835 0.266687 27.9983 22.1376 -13 5660 1 0 1
-0.798655 -0.467092 1700 0.222158 0.154409 27.9987 22.1373 -13 5661 1 0 1
0.590639 3.64144 1700 -0.177022 -0.164489 27.999 22.1376 -13 5662 1 0 1
-1.05331 -4.75927 1700 0.214741 0.241395 27.9981 22.1379 -13 5663 1 0 1
0.703116 -3.17056 1700 0.106738 -0.0349849 27.9998 22.1368 -13 5664 1 0 1
2.62437 -6.39478 1700 0.127402 0.363346 27.9974 22.1387 -13 5665 1 0 1
0.491999 -1.94839 1700 0.118778 0.294583 27.9982 22.1377 -13 5666 1 0 1
0.492051 4.62085 1700 -0.188888 -0.284889 27.9979 22.1384 -13 5667 1 0 1
1.53735 1.50669 1700 -0.0291599 -0.0252963 28 22.1368 -13 5668 1 0 1
4.0944 -1.15661 1700 -0.112688 0.135676 27.9994 22.1373 -13 5669 1 0 1
-3.56395 -3.38704 1700 0.349775 0.164226 27.9973 22.1383 -13 5670 1 0 1
0.713809 -0.415189 1700 -0.0402431 -0.0863785 27.9998 22.1368 -13 5671 1 0 1
-0.904972 4.06202 1700 0.100483 -0.156501 27.9994 22.1371 -13 5672 1 0 1
0.966965 -7.19363 1700 0.2059 0.191265 27.9986 22.1379 -13 5673 1 0 1
-6.73126 -1.7681 1700 0.162833 0.0603427 27.9995 22.1372 -13 5674 1 0 1
0.288368 0.739041 1700 -0.179799 -0.400963 27.9966 22.1389 -13 5675 1 0 1
-1.69334 6.70905 1700 -0.271788 -0.369363 27.9962 22.1398 -13 5676 1 0 1
1.83646 4.48568 1700 -0.275693 -0.250751 27.9975 22.1387 -13 5677 1 0 1
-1.56631 -2.10512 1700 0.133598 0.120319 27.9994 22.137 -13 5678 1 0 1
0.204717 -3.06852 1700 0.191421 0.198558 27.9986 22.1375 -13 5679 1 0 1
0.778697 -0.769492 1700 0.0646933 0.407887 27.997 22.1384 -13 5680 1 0 1
0.771831 8.83111 1700 -0.35146 -0.700505 27.989 22.1446 -13 5681 1 0 1
-1.7129 -0.0841124 1700 -0.101521 -0.0672449 27.9997 22.1369 -13 5682 1 0 1
0.380936 -1.49414 1700 -0.074118 -0.186567 27.9993 22.1371 -13 5683 1 0 1
-1.4804 -4.4593 1700 0.33393 0.371236 27.9955 22.1393 -13 5684 1 0 1
0.851197 0.701394 1700 -0.0169433 -0.278252 27.9986 22.1375 -13 5685 1 0 1
2.20342 0.564745 1700 0.141365 0.0644661 27.9996 22.1368 -13 5686 1 0 1
1.89133 -1.56193 1700 0.0863434 0.109644 27.9997 22.1369 -13 5687 1 0 1
2.96685 2.65731 1700 -0.0347834 -0.240427 27.9989 22.1374 -13 5688 1 0 1
-1.32753 2.91476 1700 -0.0442189 -0.20822 27.9992 22.1374 -13 5689 1 0 1
0.935932 -2.8831 1700 0.0573909 0.188369 27.9993 22.1371 -13 5690 1 0 1
-0.473874 3.65393 1700 -0.127473 -0.294385 27.9982 22.1381 -13 5691 1 0 1
0.40161 -6.16001 1700 0.156327 0.207277 27.9988 22.1376 -13 5692 1 0 1
1.64237 -5.5246 1700 0.304762 0.438085 27.9949 22.14 -13 5693 1 0 1
-5.20836 1.23644 1700 0.0409956 -0.224781 27.9991 22.1376 -13 5694 1 0 1
-3.02434 4.48233 1700 -0.0689239 -0.448641 27.9963 22.1394 -13 5695 1 0 1
0.547868 -3.79954 1700 0.0856304 0.201415 27.9991 22.1373 -13 5696 1 0 1
-1.59655 -0.351265 1700 0.220159 0.0486804 27.9991 22.1371 -13 5697 1 0 1
-2.93298 -2.45548 1700 0.0941721 -0.0567638 27.9998 22.1369 -13 5698 1 0 1
-0.510084 0.0559798 1700 -0.00376314 0.0261405 28 22.1367 -13 5699 1 0 1
0.79001 -6.09327 1700 0.25594 0.329281 27.9969 22.1388 -13 5700 1 0 1
-1.42737 -5.25361 1700 0.356942 0.681886 27.9894 22.143 -13 5701 1 0 1
-0.199764 -5.2249 1700 0.0753756 0.24398 27.9988 22.1375 -13 5702 1 0 1
-4.13438 -3.7765 1700 0.273881 0.288649 27.9972 22.1383 -13 5703 1 0 1
-0.508865 1.05805 1700 0.220523 0.159607 27.9987 22.1372 -13 5704 1 0 1
-1.87041 -6.74212 1700 0.149099 0.197858 27.9989 22.1376 -13 5705 1 0 1
-0.506289 -1.70046 1700 0.0876599 -0.00185437 27.9999 22.1367 -13 5706 1 0 1
2.84202 -1.54177 1700 -0.130724 0.15945 27.9992 22.1373 -13 5707 1 0 1
3.59661 -0.77782 1700 -0.0258481 -0.0490922 27.9999 22.1368 -13 5708 1 0 1
-1.08009 -8.07896 1700 0.25402 0.177295 27.9983 22.1381 -13 5709 1 0 1
0.0277303 -5.34623 1700 0.358152 0.360703 27.9954 22.1396 -13 5710 1 0 1
-1.57331 1.46874 1700 -0.0652202 -0.175697 27.9994 22.1372 -13 5711 1 0 1
-1.05913 -5.77169 1700 0.102047 0.0897245 27.9997 22.137 -13 5712 1 0 1
1.7388 2.44159 1700 0.03746 -0.0791402 27.9999 22.1368 -13 5713 1 0 1
1.41614 4.79366 1700 -0.168583 -0.400297 27.9966 22.1391 -13 5714 1 0 1
1.59651 -0.184084 1700 0.167512 0.530483 27.9945 22.1398 -13 5715 1 0 1
3.42006 1.68009 1700 -0.0501465 -0.0117625 28 22.1368 -13 5716 1 0 1
0.496997 -1.29754 1700 0.039197 0.14258 27.9996 22.1369 -13 5717 1 0 1
1.51743 -3.62757 1700 0.133902 0.516586 27.9949 22.1398 -13 5718 1 0 1
0.169851 -1.04693 1700 -0.0518651 0.111974 27.9997 22.1369 -13 5719 1 0 1
3.19711 -1.40218 1700 0.0109076 0.309071 27.9983 22.1379 -13 5720 1 0 1
-4.52714 -0.969085 1700 0.1252 0.0372913 27.9997 22.1369 -13 5721 1 0 1
-0.94491 -6.74913 1700 0.396054 0.440881 27.9937 22.1407 -13 5722 1 0 1
2.74838 0.337233 1700 0.0787652 0.0658823 27.9998 22.1368 -13 5723 1 0 1
7.02447 0.567363 1700 -0.144578 0.117881 27.9994 22.1376 -13 5724 1 0 1
-1.0388 -2.05744 1700 0.0737091 -0.172806 27.9994 22.1371 -13 5725 1 0 1
-1.16777 -2.10152 1700 0.207109 0.0570997 27.9992 22.1371 -13 5726 1 0 1
-0.56285 2.51776 1700 -0.0459421 -0.184176 27.9994 22.1372 -13 5727 1 0 1
-1.72604 -0.0185528 1700 0.240004 0.0470725 27.9989 22.1372 -13 5728 1 0 1
4.19604 2.22129 1700 -0.220978 -0.24163 27.9981 22.1381 -13 5729 1 0 1
2.49819 -4.94871 1700 0.00931052 0.231525 27.999 22.1375 -13 5730 1 0 1
-0.413275 -1.36499 1700 0.114176 0.204023 27.999 22.1372 -13 5731 1 0 1
1.8124 0.809779 1700 0.0345319 0.132259 27.9997 22.1369 -13 5732 1 0 1
-0.401376 -2.032 1700 0.0716875 0.496835 27.9955 22.1392 -13 5733 1 0 1
-2.56805 1.86935 1700 0.0453906 0.0479656 27.9999 22.1367 -13 5734 1 0 1
1.14847 -4.43749 1700 0.0729889 0.277802 27.9985 22.1377 -13 5735 1 0 1
4.7223 2.88982 1700 -0.113269 0.0770601 27.9997 22.1373 -13 5736 1 0 1
-0.0521658 1.87006 1700 0.0693871 -0.0391525 27.9999 22.1367 -13 5737 1 0 1
0.574106 4.62185 1700 -0.144061 -0.407488 27.9967 22.1391 -13 5738 1 0 1
-0.788495 3.61411 1700 -0.012286 -0.2262 27.9991 22.1374 -13 5739 1 0 1
0.993629 2.71611 1700 -0.182142 -0.508174 27.9948 22.14 -13 5740 1 0 1
2.74075 -2.17313 1700 0.0476134 0.214991 27.9991 22.1373 -13 5741 1 0 1
4.27354 -1.05309 1700 0.0311274 0.0838018 27.9999 22.1369 -13 5742 1 0 1
-0.974308 -1.95215 1700 0.0330521 0.268604 27.9987 22.1374 -13 5743 1 0 1
2.70575 -4.28935 1700 0.100773 0.399541 27.997 22.1387 -13 5744 1 0 1
6.79518 2.87913 1700 -0.188071 -0.289035 27.9979 22.1383 -13 5745 1 0 1
1.64563 -0.178662 1700 0.0451698 0.142528 27.9996 22.1369 -13 5746 1 0 1
0.759751 2.15138 1700 -0.105367 -0.0528404 27.9998 22.137 -13 5747 1 0 1
0.924337 0.0352351 1700 -0.0443262 0.0357308 27.9999 22.1368 -13 5748 1 0 1
-0.00135609 1.1947 1700 0.00957186 0.00972522 28 22.1367 -13 5749 1 0 1
-0.0765311 1.17144 1700 0.0111741 -0.0807462 27.9999 22.1368 -13 5750 1 0 1
5.29842 1.57399 1700 -0.164326 -0.10612 27.9993 22.1374 -13 5751 1 0 1
-2.96411 -1.08477 1700 0.195062 0.207504 27.9986 22.1374 -13 5752 1 0 1
3.14839 3.11415 1700 -0.14768 0.0754508 27.9995 22.1373 -13 5753 1 0 1
-1.12753 -2.62109 1700 0.271154 0.0598269 27.9986 22.1374 -13 5754 1 0 1
-3.19114 -4.52676 1700 0.150662 0.0832945 27.9995 22.1371 -13 5755 1 0 1
1.2056 0.0407579 1700 -0.114508 0.0822259 27.9996 22.137 -13 5756 1 0 1
0.899167 -1.5525 1700 0.156318 0.0722225 27.9995 22.1369 -13 5757 1 0 1
-1.33391 -0.140714 1700 0.0109253 -0.0597849 27.9999 22.1367 -13 5758 1 0 1
3.20788 0.0361232 1700 -0.0255574 0.135855 27.9997 22.137 -13 5759 1 0 1
2.37512 -1.67645 1700 0.0240777 0.0771707 27.9999 22.1368 -13 5760 1 0 1
-1.2313 -0.118694 1700 0.111611 -0.138944 27.9994 22.137 -13 5761 1 0 1
-0.805143 1.70185 1700 0.0905392 -0.0319966 27.9998 22.1367 -13 5762 1 0 1
-3.98667 -5.0558 1700 0.299036 0.326316 27.9965 22.1389 -13 5763 1 0 1
0.373218 -0.196654 1700 0.055547 0.104884 27.9997 22.1368 -13 5764 1 0 1
0.0825662 0.0225161 1700 0.00943772 -0.12652 27.9997 22.1368 -13 5765 1 0 1
1.46132 0.584479 1700 -0.00164464 -0.0223177 28 22.1367 -13 5766 1 0 1
-1.7411 3.84961 1700 -0.00358209 -0.251785 27.9989 22.1376 -13 5767 1 0 1
-2.4666 -0.802389 1700 0.14275 0.0182187 27.9996 22.1369 -13 5768 1 0 1
3.30252 0.0311412 1700 -0.0815342 0.103879 27.9997 22.137 -13 5769 1 0 1
-2.09878 0.866915 1700 0.0176769 -0.0836621 27.9999 22.1368 -13 5770 1 0 1
2.66947 -1.96048 1700 0.0234511 0.00576325 28 22.1367 -13 5771 1 0 1
1.43248 -0.213833 1700 -0.0639333 -0.0487002 27.9999 22.1368 -13 5772 1 0 1
1.5662 -3.90382 1700 0.210301 0.148914 27.9988 22.1374 -13 5773 1 0 1
-1.83392 0.591315 1700 0.0995261 -0.138817 27.9995 22.137 -13 5774 1 0 1
-0.324153 1.70429 1700 0.028173 -0.167067 27.9995 22.137 -13 5775 1 0 1
-0.477515 2.3145 1700 0.0260888 -0.192399 27.9993 22.1371 -13 5776 1 0 1
-3.30264 -2.08087 1700 0.0713013 -0.102067 27.9997 22.1369 -13 5777 1 0 1
-1.62174 0.503342 1700 -0.00636067 -0.106182 27.9998 22.1369 -13 5778 1 0 1
1.07066 4.2734 1700 -0.0546688 0.000731483 27.9999 22.1369 -13 5779 1 0 1
0.58851 -0.88421 1700 0.0857297 0.174328 27.9993 22.137 -13 5780 1 0 1
-2.28922 -3.20807 1700 0.0711074 0.270751 27.9986 22.1375 -13 5781 1 0 1
2.44969 2.82039 1700 -0.137123 -0.127724 27.9994 22.1373 -13 5782 1 0 1
0.865612 -0.34734 1700 0.0211073 -0.183818 27.9994 22.137 -13 5783 1 0 1
4.59913 2.49809 1700 -0.179492 -0.166894 27.9989 22.1376 -13 5784 1 0 1
2.43407 4.08346 1700 -0.130033 -0.345573 27.9976 22.1384 -13 5785 1 0 1
-3.10331 0.306184 1700 0.118167 -0.278315 27.9984 22.1378 -13 5786 1 0 1
-0.70297 -1.90821 1700 0.232774 0.18278 27.9984 22.1375 -13 5787 1 0 1
-2.41018 0.350803 1700 0.0490095 -0.257865 27.9988 22.1375 -13 5788 1 0 1
-3.61058 -0.990571 1700 0.311194 0.309818 27.9966 22.1385 -13 5789 1 0 1
5.42052 4.66594 1700 -0.162828 -0.291051 27.998 22.1383 -13 5790 1 0 1
-0.674721 -0.978995 1700 0.142533 0.329221 27.9977 22.1379 -13 5791 1 0 1
-3.13094 -3.72715 1700 0.167335 0.0857995 27.9994 22.1371 -13 5792 1 0 1
7.45232 -0.992526 1700 0.0280302 0.165467 27.9995 22.1374 -13 5793 1 0 1
-2.05771 1.84268 1700 -0.0436312 -0.187375 27.9993 22.1372 -13 5794 1 0 1
-2.65879 4.94049 1700 -0.153583 -0.19742 27.9989 22.1379 -13 5795 1 0 1
1.1998 -0.34711 1700 0.100328 0.0620626 27.9998 22.1368 -13 5796 1 0 1
-4.15658 4.24129 1700 -0.040071 -0.42221 27.9968 22.1392 -13 5797 1 0 1
-1.77542 0.96572 1700 -0.287546 -0.294906 27.997 22.1388 -13 5798 1 0 1
1.08119 -2.90929 1700 0.125466 0.186455 27.9991 22.1372 -13 5799 1 0 1
-2.92609 -0.712287 1700 0.196836 0.179359 27.9987 22.1373 -13 5800 1 0 1
2.03047 -0.942921 1700 0.0911899 0.225856 27.9989 22.1373 -13 5801 1 0 1
0.559207 0.883726 1700 -0.133569 -0.261339 27.9985 22.1377 -13 5802 1 0 1
-2.23226 -1.22747 1700 0.151589 0.04732 27.9995 22.1369 -13 5803 1 0 1
-1.63877 -2.07549 1700 0.186037 0.0410634 27.9994 22.137 -13 5804 1 0 1
-0.842465 3.97339 1700 -0.106879 -0.383322 27.9972 22.1387 -13 5805 1 0 1
-0.763821 2.91554 1700 -0.134371 -0.346574 27.9975 22.1384 -13 5806 1 0 1
1.68296 -3.21934 1700 0.17772 0.135211 27.9991 22.1372 -13 5807 1 0 1
3.74355 -0.131634 1700 0.0608295 0.135212 27.9996 22.137 -13 5808 1 0 1
-2.45577 -5.43946 1700 0.19713 0.422526 27.9961 22.1391 -13 5809 1 0 1
2.94297 -4.90572 1700 0.11824 0.287225 27.9983 22.138 -13 5810 1 0 1
4.21201 2.21717 1700 -0.128133 0.0891409 27.9996 22.1373 -13 5811 1 0 1
1.37031 -6.37279 1700 0.396335 0.505962 27.9926 22.1414 -13 5812 1 0 1
1.39276 0.772623 1700 0.0193918 -0.240556 27.999 22.1373 -13 5813 1 0 1
-1.95149 2.91814 1700 -0.0569265 0.0709889 27.9999 22.1369 -13 5814 1 0 1
1.21529 -3.56676 1700 0.128401 0.257333 27.9985 22.1376 -13 5815 1 0 1
2.15683 -1.27599 1700 -0.00178665 0.0750359 27.9999 22.1368 -13 5816 1 0 1
-2.89105 -3.08838 1700 0.116812 0.177073 27.9992 22.1371 -13 5817 1 0 1
0.0116759 -2.01088 1700 -0.041995 0.280016 27.9986 22.1375 -13 5818 1 0 1
1.18276 1.60568 1700 -0.0253786 0.151671 27.9996 22.137 -13 5819 1 0 1
0.985376 4.01957 1700 -0.172068 -0.498878 27.995 22.14 -13 5820 1 0 1
-5.71962 0.301717 1700 0.280087 0.212524 27.9978 22.1378 -13 5821 1 0 1
-1.51935 -1.77954 1700 0.184945 0.318668 27.9976 22.138 -13 5822 1 0 1
3.39418 7.16548 1700 -0.172928 -0.364635 27.9971 22.1391 -13 5823 1 0 1
3.49812 -4.05593 1700 0.170256 0.289604 27.998 22.1381 -13 5824 1 0 1
1.87446 -4.98894 1700 0.183569 0.488295 27.9951 22.1398 -13 5825 1 0 1
-0.0120324 4.08039 1700 -0.158216 -0.29961 27.9979 22.1383 -13 5826 1 0 1
-5.06464 -4.34161 1700 0.35641 0.327546 27.9958 22.1392 -13 5827 1 0 1
0.57963 -1.9465 1700 0.00603243 0.245036 27.9989 22.1373 -13 5828 1 0 1
-3.60318 1.97075 1700 -0.00362774 -0.395434 27.9972 22.1387 -13 5829 1 0 1
-1.10778 -2.75809 1700 0.200006 0.153211 27.9989 22.1373 -13 5830 1 0 1
5.21422 2.09191 1700 -0.0925807 -0.0153199 27.9998 22.1371 -13 5831 1 0 1
1.9416 -1.44156 1700 -0.104541 0.000971445 27.9998 22.1369 -13 5832 1 0 1
0.13579 4.902 1700 -0.176809 -0.255452 27.9983 22.1382 -13 5833 1 0 1
3.6451 -1.12896 1700 -0.0311594 0.0291606 28 22.1368 -13 5834 1 0 1
-0.433627 -3.12101 1700 0.119016 -0.029935 27.9997 22.1368 -13 5835 1 0 1
3.82763 2.62953 1700 -0.198819 -0.270522 27.998 22.1382 -13 5836 1 0 1
-0.418666 -1.31939 1700 0.0373225 0.254687 27.9988 22.1373 -13 5837 1 0 1
-2.45122 -1.43218 1700 0.213269 0.0517357 27.9991 22.1371 -13 5838 1 0 1
2.1991 -3.90277 1700 0.220109 0.303871 27.9975 22.1383 -13 5839 1 0 1
-2.45693 -1.77097 1700 0.119286 0.182566 27.9992 22.1371 -13 5840 1 0 1
-2.43077 -0.953618 1700 0.0963908 -0.104763 27.9996 22.1369 -13 5841 1 0 1
2.01978 -4.40535 1700 0.163777 0.530054 27.9945 22.1402 -13 5842 1 0 1
0.23872 -0.574392 1700 0.0755525 0.123164 27.9996 22.1368 -13 5843 1 0 1
1.23636 -2.28781 1700 -0.00564443 -0.0865967 27.9999 22.1368 -13 5844 1 0 1
-1.6261 -0.958459 1700 0.0168235 0.180016 27.9994 22.137 -13 5845 1 0 1
1.90057 1.94752 1700 -0.0678821 0.019336 27.9999 22.1369 -13 5846 1 0 1
-1.38797 3.3905 1700 -0.195269 -0.286622 27.9979 22.1384 -13 5847 1 0 1
0.140446 -0.226755 1700 -0.06985 -0.331846 27.9979 22.1379 -13 5848 1 0 1
-1.39628 -2.24606 1700 0.245086 0.144489 27.9986 22.1374 -13 5849 1 0 1
-0.0169341 0.828922 1700 -0.0894426 -0.178529 27.9993 22.1372 -13 5850 1 0 1
0.385395 -0.0548945 1700 0.100181 -0.0516577 27.9998 22.1367 -13 5851 1 0 1
-0.380383 -3.63617 1700 0.0262572 0.148215 27.9996 22.137 -13 5852 1 0 1
-2.81166 -1.9053 1700 0.0554346 0.0737398 27.9998 22.1368 -13 5853 1 0 1
2.57222 -3.65914 1700 0.167542 0.364771 27.9971 22.1385 -13 5854 1 0 1
5.10373 3.82289 1700 -0.349313 -0.225405 27.9969 22.1392 -13 5855 1 0 1
-4.04752 6.89744 1700 0.0166845 -0.388268 27.9973 22.139 -13 5856 1 0 1
1.04174 0.065105 1700 -0.0479299 0.139853 27.9996 22.137 -13 5857 1 0 1
4.63683 -4.44343 1700 -0.00415269 0.373788 27.9975 22.1386 -13 5858 1 0 1
1.39252 3.70849 1700 -0.136438 -0.275794 27.9983 22.138 -13 5859 1 0 1
-0.35973 2.71971 1700 -0.0460004 -0.0884845 27.9998 22.1369 -13 5860 1 0 1
-0.0266539 0.869456 1700 0.0117785 -0.0575673 27.9999 22.1367 -13 5861 1 0 1
-2.06101 -3.11273 1700 0.224877 0.119739 27.9988 22.1374 -13 5862 1 0 1
-1.97945 0.983754 1700 -0.0981841 -0.14628 27.9994 22.1372 -13 5863 1 0 1
-0.374439 2.00796 1700 -0.0185211 -0.215827 27.9992 22.1373 -13 5864 1 0 1
1.01329 1.73553 1700 0.0227669 -0.231737 27.999 22.1373 -13 5865 1 0 1
-0.567985 1.68746 1700 -0.00597674 0.0541 27.9999 22.1367 -13 5866 1 0 1
0.598541 1.93062 1700 0.0587871 -0.0394428 27.9999 22.1367 -13 5867 1 0 1
1.87205 -1.26065 1700 0.156637 -0.0405122 27.9995 22.1369 -13 5868 1 0 1
-1.54335 -1.62418 1700 0.107411 -0.0610839 27.9997 22.1368 -13 5869 1 0 1
0.202114 0.830261 1700 0.0908922 -0.102516 27.9997 22.1368 -13 5870 1 0 1
3.52439 -0.73248 1700 -0.153019 0.129596 27.9993 22.1373 -13 5871 1 0 1
0.82432 4.07658 1700 -0.172521 -0.152976 27.9991 22.1376 -13 5872 1 0 1
0.521019 1.458 1700 -0.1023 0.0179759 27.9998 22.1369 -13 5873 1 0 1
-0.687731 -0.785192 1700 0.167846 0.263733 27.9983 22.1376 -13 5874 1 0 1
3.90982 3.35946 1700 -0.209887 -0.133602 27.9989 22.1377 -13 5875 1 0 1
-0.571648 0.760335 1700 -0.0289463 -0.166282 27.9995 22.137 -13 5876 1 0 1
2.66051 0.833775 1700 -0.0349277 -0.113762 27.9997 22.1369 -13 5877 1 0 1
3.23855 0.174053 1700 -0.0364444 -0.0572217 27.9999 22.1368 -13 5878 1 0 1
-0.447452 -0.690694 1700 0.264226 0.219233 27.9979 22.1377 -13 5879 1 0 1
-1.60063 -0.982923 1700 0.0704332 0.103055 27.9997 22.1368 -13 5880 1 0 1
0.0617624 -2.18629 1700 -0.0766668 0.0288783 27.9999 22.1368 -13 5881 1 0 1
0.74889 0.692015 1700 -0.000880237 -0.190757 27.9994 22.1371 -13 5882 1 0 1
-0.416028 -0.130781 1700 0.0831501 0.076284 27.9998 22.1367 -13 5883 1 0 1
1.01342 -0.854742 1700 0.0861201 0.13566 27.9995 22.1369 -13 5884 1 0 1
-3.07276 -7.16887 1700 0.468144 0.830137 27.9838 22.1465 -13 5885 1 0 1
-3.41614 -2.73347 1700 0.294961 0.21296 27.9976 22.138 -13 5886 1 0 1
3.63171 0.542202 1700 -0.160116 -0.0280676 27.9995 22.1372 -13 5887 1 0 1
-3.07011 -1.49073 1700 0.154751 0.0947693 27.9994 22.137 -13 5888 1 0 1
3.44618 -1.95719 1700 0.0329356 0.209069 27.9992 22.1373 -13 5889 1 0 1
2.76947 -1.14688 1700 0.0168018 0.2499 27.9989 22.1375 -13 5890 1 0 1
2.537 -0.44966 1700 0.0309902 -0.0326992 28 22.1367 -13 5891 1 0 1
4.16942 -5.08087 1700 0.249754 0.576655 27.9929 22.1414 -13 5892 1 0 1
3.00661 3.76145 1700 -0.118313 -0.261094 27.9985 22.1378 -13 5893 1 0 1
2.13264 -1.31983 1700 0.17373 0.163312 27.999 22.1372 -13 5894 1 0 1
-0.803348 1.72538 1700 0.0361998 0.0765065 27.9999 22.1367 -13 5895 1 0 1
1.62258 0.466201 1700 -0.0167038 0.131112 27.9997 22.1369 -13 5896 1 0 1
-1.71958 -0.760881 1700 0.0464341 -0.0262277 27.9999 22.1367 -13 5897 1 0 1
0.836549 -6.223 1700 0.228106 0.468418 27.9952 22.1399 -13 5898 1 0 1
-4.36908 -3.89142 1700 0.244972 0.249081 27.9978 22.138 -13 5899 1 0 1
1.7706 3.98771 1700 -0.227214 -0.511505 27.9944 22.1404 -13 5900 1 0 1
2.1412 -2.43532 1700 0.0553922 0.00892953 27.9999 22.1367 -13 5901 1 0 1
-1.68468 -1.76968 1700 0.18458 0.15492 27.999 22.1372 -13 5902 1 0 1
-2.04249 -2.40879 1700 0.045306 -0.328661 27.998 22.1379 -13 5903 1 0 1
-0.899985 2.93149 1700 -0.012689 -0.108673 27.9998 22.1369 -13 5904 1 0 1
2.49927 4.03778 1700 -0.185606 -0.300282 27.9978 22.1384 -13 5905 1 0 1
1.54043 0.21016 1700 0.067697 -0.00134926 27.9999 22.1367 -13 5906 1 0 1
-3.83405 0.863853 1700 0.0707432 -0.353327 27.9977 22.1383 -13 5907 1 0 1
2.33794 3.25017 1700 -0.205953 0.0297458 27.9992 22.1375 -13 5908 1 0 1
1.55912 -2.38469 1700 -0.0752323 -0.103543 27.9997 22.1369 -13 5909 1 0 1
2.22351 0.761975 1700 -0.142733 0.0306312 27.9996 22.1371 -13 5910 1 0 1
-3.31592 -1.75727 1700 0.291935 0.1366 27.9981 22.1377 -13 5911 1 0 1
0.282012 5.26769 1700 -0.329715 -0.236225 27.9971 22.1391 -13 5912 1 0 1
-3.20254 -2.11864 1700 0.0951516 -0.134622 27.9995 22.1371 -13 5913 1 0 1
-1.46366 2.88728 1700 -0.145287 -0.24622 27.9985 22.1379 -13 5914 1 0 1
1.45703 2.26225 1700 -0.0654287 -0.140104 27.9996 22.1371 -13 5915 1 0 1
0.522348 -3.25842 1700 0.335315 0.20339 27.9973 22.1383 -13 5916 1 0 1
2.9772 2.07419 1700 -0.085636 -0.000452446 27.9999 22.1369 -13 5917 1 0 1
0.0526685 1.38219 1700 -0.0596179 -0.148013 27.9995 22.137 -13 5918 1 0 1
2.33402 1.21311 1700 0.220846 0.251409 27.998 22.1377 -13 5919 1 0 1
0.11543 -1.07261 1700 0.172865 0.167094 27.999 22.1372 -13 5920 1 0 1
-2.17674 2.84728 1700 0.0603822 -0.0869154 27.9998 22.1369 -13 5921 1 0 1
6.67867 1.90976 1700 -0.205623 -0.0737181 27.9991 22.1377 -13 5922 1 0 1
-7.30396 -0.73692 1700 0.145047 -0.0400192 27.9996 22.1372 -13 5923 1 0 1
-3.37808 -0.565774 1700 0.0278708 0.212299 27.9992 22.1371 -13 5924 1 0 1
-2.05465 0.89817 1700 0.11276 0.08212 27.9997 22.1368 -13 5925 1 0 1
-1.31309 -5.75529 1700 0.117592 0.274612 27.9984 22.1378 -13 5926 1 0 1
1.38848 4.90834 1700 -0.269138 -0.410147 27.9957 22.1398 -13 5927 1 0 1
-1.47273 0.139871 1700 0.127816 -0.0394001 27.9997 22.1368 -13 5928 1 0 1
3.17938 -0.39177 1700 -0.0289291 -0.378684 27.9974 22.1381 -13 5929 1 0 1
-3.86768 -1.08772 1700 0.173161 0.283021 27.998 22.1377 -13 5930 1 0 1
4.15037 1.69349 1700 -0.0784829 0.0691867 27.9998 22.137 -13 5931 1 0 1
2.93753 2.78744 1700 0.0129612 -0.0025865 28 22.1368 -13 5932 1 0 1
1.09858 2.10616 1700 -0.0611087 -0.336379 27.9979 22.138 -13 5933 1 0 1
-2.73108 -0.166032 1700 -0.01699 -0.276536 27.9986 22.1377 -13 5934 1 0 1
1.2906 -0.574668 1700 0.100192 0.282542 27.9984 22.1376 -13 5935 1 0 1
-2.82017 -2.43156 1700 0.22937 0.243064 27.998 22.1378 -13 5936 1 0 1
3.58056 -0.282364 1700 -0.00319456 0.218856 27.9991 22.1373 -13 5937 1 0 1
-1.78902 0.118353 1700 -0.124434 -0.181762 27.9991 22.1373 -13 5938 1 0 1
-1.29198 5.68639 1700 -0.0889899 -0.268773 27.9986 22.138 -13 5939 1 0 1
2.27454 -2.55269 1700 0.23743 0.382983 27.9964 22.1389 -13 5940 1 0 1
-4.12426 -6.0158 1700 0.368779 0.36393 27.9952 22.1397 -13 5941 1 0 1
2.85327 -0.637595 1700 0.0681447 0.00450893 27.9999 22.1367 -13 5942 1 0 1
-2.38771 -2.7198 1700 0.309427 0.287739 27.9968 22.1384 -13 5943 1 0 1
-2.69125 4.59892 1700 -0.155637 -0.336127 27.9975 22.1387 -13 5944 1 0 1
7.76121 2.49391 1700 -0.37148 -0.242551 27.9965 22.1395 -13 5945 1 0 1
1.46466 0.969812 1700 0.240725 0.216106 27.9981 22.1376 -13 5946 1 0 1
-1.74615 -2.0074 1700 0.0332178 0.191174 27.9993 22.137 -13 5947 1 0 1
0.85083 1.62979 1700 0.0905078 0.191163 27.9992 22.1371 -13 5948 1 0 1
1.65939 -2.54847 1700 0.169613 -0.156813 27.999 22.1371 -13 5949 1 0 1
-1.23477 -4.75081 1700 0.217182 0.131557 27.9988 22.1375 -13 5950 1 0 1
2.32348 6.93333 1700 -0.350752 -0.862257 27.9845 22.1468 -13 5951 1 0 1
-2.22209 2.39393 1700 0.0189651 -0.322894 27.9981 22.138 -13 5952 1 0 1
1.31316 -0.179644 1700 0.0234822 0.0255594 28 22.1367 -13 5953 1 0 1
-0.262038 -4.14433 1700 0.251622 0.340336 27.9968 22.1386 -13 5954 1 0 1
2.66761 2.67562 1700 -0.166201 -0.249858 27.9984 22.1379 -13 5955 1 0 1
-2.43179 3.82598 1700 -0.0715576 -0.380585 27.9973 22.1387 -13 5956 1 0 1
-2.49468 -3.26364 1700 0.0463201 0.0686202 27.9999 22.1368 -13 5957 1 0 1
-3.15653 -1.26168 1700 0.15373 0.0615555 27.9995 22.1369 -13 5958 1 0 1
2.46278 5.2138 1700 -0.374383 -0.266046 27.9962 22.1397 -13 5959 1 0 1
0.688759 -0.304273 1700 0.0568218 0.202579 27.9992 22.1371 -13 5960 1 0 1
-2.12073 -1.58578 1700 0.107909 0.0539256 27.9997 22.1368 -13 5961 1 0 1
3.87438 -1.51823 1700 0.111055 0.11162 27.9996 22.137 -13 5962 1 0 1
3.27736 2.00689 1700 -0.327491 -0.3736 27.9956 22.1396 -13 5963 1 0 1
5.86427 4.96388 1700 -0.438836 -0.471549 27.9926 22.1419 -13 5964 1 0 1
-0.139016 -1.81281 1700 0.195249 0.458974 27.9956 22.1392 -13 5965 1 0 1
-1.16758 -2.41969 1700 0.213026 0.176986 27.9986 22.1374 -13 5966 1 0 1
2.94689 -2.03635 1700 0.0820925 0.304815 27.9982 22.1379 -13 5967 1 0 1
-0.120891 -4.79191 1700 0.20864 0.153092 27.9988 22.1375 -13 5968 1 0 1
4.92631 1.08921 1700 -0.233703 -0.300041 27.9974 22.1384 -13 5969 1 0 1
0.184267 3.78192 1700 -0.144929 -0.381831 27.997 22.1388 -13 5970 1 0 1
-0.0273189 0.184333 1700 -0.0128941 -0.109358 27.9998 22.1368 -13 5971 1 0 1
-0.197337 2.74973 1700 -0.155943 -0.121516 27.9993 22.1373 -13 5972 1 0 1
4.81991 3.80932 1700 -0.185115 -0.124816 27.9991 22.1377 -13 5973 1 0 1
0.0417169 -2.5659 1700 0.151932 0.345485 27.9975 22.1381 -13 5974 1 0 1
-1.46894 0.882658 1700 0.0192565 -0.0686518 27.9999 22.1368 -13 5975 1 0 1
-2.7474 -3.81564 1700 0.341672 0.531688 27.9929 22.1408 -13 5976 1 0 1
1.78401 1.21468 1700 0.038458 -0.111803 27.9998 22.1368 -13 5977 1 0 1
2.63186 1.89534 1700 -0.126696 -0.173216 27.9992 22.1373 -13 5978 1 0 1
2.29735 0.827561 1700 -0.101188 -0.023574 27.9998 22.1369 -13 5979 1 0 1
1.21604 -0.164015 1700 -0.0359572 -0.119349 27.9997 22.1369 -13 5980 1 0 1
0.485519 1.25208 1700 -0.105835 -0.158512 27.9994 22.1372 -13 5981 1 0 1
2.57981 -1.16639 1700 -0.080363 -0.265839 27.9986 22.1375 -13 5982 1 0 1
1.26956 6.21937 1700 -0.183624 -0.311828 27.9977 22.1387 -13 5983 1 0 1
3.80892 1.489 1700 -0.185642 -0.132198 27.9991 22.1375 -13 5984 1 0 1
0.485323 0.912324 1700 -0.0281648 0.119193 27.9997 22.1369 -13 5985 1 0 1
-1.13056 -0.759798 1700 0.0617885 0.036879 27.9999 22.1367 -13 5986 1 0 1
0.26508 3.85705 1700 -0.0561078 -0.0863932 27.9998 22.137 -13 5987 1 0 1
-1.03312 -1.52531 1700 0.155022 0.128867 27.9993 22.137 -13 5988 1 0 1
4.36221 2.31562 1700 -0.0400055 0.148391 27.9996 22.1372 -13 5989 1 0 1
1.36866 2.46646 1700 -0.142169 -0.456804 27.9959 22.1393 -13 5990 1 0 1
-1.64476 -1.6664 1700 0.289011 0.117415 27.9983 22.1376 -13 5991 1 0 1
4.32738 1.74622 1700 -0.0517516 -0.0766378 27.9998 22.1369 -13 5992 1 0 1
-0.265255 -3.00983 1700 0.288067 0.321231 27.9967 22.1386 -13 5993 1 0 1
0.544364 -0.785153 1700 0.178399 0.14648 27.999 22.1371 -13 5994 1 0 1
2.91838 4.14071 1700 -0.0884966 -0.107063 27.9997 22.1372 -13 5995 1 0 1
0.333436 1.68491 1700 -0.093207 -0.0521967 27.9998 22.1369 -13 5996 1 0 1
0.61735 0.139251 1700 0.00688244 0.0899052 27.9999 22.1368 -13 5997 1 0 1
-1.97089 0.506811 1700 0.0390887 -0.0817446 27.9999 22.1368 -13 5998 1 0 1
-1.08297 3.71573 1700 0.0022939 -0.144978 27.9996 22.1371 -13 5999 1 0 1
1.72057 4.66925 1700 -0.0633 -0.0637554 27.9999 22.137 -13 6000 1 0 1
-1.10235 3.22473 1700 -0.0435947 -0.265717 27.9987 22.1377 -13 6001 1 0 1
-4.26239 -7.46242 1700 0.212016 0.32208 27.9973 22.1386 -13 6002 1 0 1
3.06261 -0.790136 1700 0.0324526 0.0964271 27.9998 22.1368 -13 6003 1 0 1
-0.674784 2.48854 1700 -0.160655 -0.186956 27.9989 22.1376 -13 6004 1 0 1
-0.882244 -1.51267 1700 0.137016 0.0526662 27.9996 22.1368 -13 6005 1 0 1
-2.42367 -4.3046 1700 0.227559 0.333842 27.9971 22.1384 -13 6006 1 0 1
-2.39971 0.614463 1700 0.0856271 -0.476702 27.9958 22.1393 -13 6007 1 0 1
-0.126962 4.68938 1700 0.111197 0.0770416 27.9997 22.1368 -13 6008 1 0 1
3.08534 -0.136507 1700 0.0591326 0.149312 27.9995 22.137 -13 6009 1 0 1
-1.77991 0.993337 1700 0.0304139 -0.048038 27.9999 22.1367 -13 6010 1 0 1
-3.90479 3.67486 1700 0.12064 -0.0616528 27.9997 22.137 -13 6011 1 0 1
0.756926 -0.435694 1700 0.224438 0.0991926 27.9989 22.1372 -13 6012 1 0 1
-2.84114 -4.44529 1700 0.181534 0.0234508 27.9994 22.1372 -13 6013 1 0 1
1.24443 -0.202462 1700 0.0938665 0.0297316 27.9998 22.1367 -13 6014 1 0 1
-0.557905 3.96248 1700 -0.0875859 -0.142605 27.9995 22.1372 -13 6015 1 0 1
-0.430511 0.102515 1700 0.191805 0.280413 27.9979 22.1377 -13 6016 1 0 1
-0.881309 1.23387 1700 0.0468073 0.0644961 27.9999 22.1367 -13 6017 1 0 1
0.357553 1.6972 1700 0.0398973 -0.0880822 27.9998 22.1368 -13 6018 1 0 1
2.00297 5.80033 1700 -0.278325 -0.368997 27.9962 22.1396 -13 6019 1 0 1
4.62023 -1.86346 1700 -0.207479 -0.218813 27.9984 22.1377 -13 6020 1 0 1
1.06859 4.42158 1700 -0.292982 0.0393022 27.9984 22.1381 -13 6021 1 0 1
1.68765 -0.0157364 1700 0.0262663 0.306816 27.9983 22.1377 -13 6022 1 0 1
1.82266 0.365649 1700 -0.0296657 -0.0593309 27.9999 22.1368 -13 6023 1 0 1
2.81767 2.07848 1700 -0.0711987 -0.115117 27.9997 22.137 -13 6024 1 0 1
-0.410549 2.2557 1700 -0.111366 -0.340657 27.9977 22.1383 -13 6025 1 0 1
0.996313 -0.840487 1700 0.127954 0.354771 27.9975 22.1381 -13 6026 1 0 1
1.95749 -2.10515 1700 -0.139262 0.0482255 27.9996 22.137 -13 6027 1 0 1
-5.53409 -4.35819 1700 0.292271 0.234999 27.9975 22.1383 -13 6028 1 0 1
1.92341 -3.29998 1700 0.194394 0.401661 27.9964 22.1389 -13 6029 1 0 1
7.44448 6.25963 1700 -0.228504 -0.276214 27.9977 22.1389 -13 6030 1 0 1
-0.655195 0.299395 1700 -0.0565047 -0.242264 27.9989 22.1374 -13 6031 1 0 1
0.852322 -0.629051 1700 0.10467 0.189638 27.9992 22.1371 -13 6032 1 0 1
3.53973 -3.69684 1700 0.107971 0.270812 27.9985 22.1378 -13 6033 1 0 1
-5.07413 -4.86281 1700 0.298362 0.399831 27.9956 22.1394 -13 6034 1 0 1
2.6838 3.9566 1700 -0.219437 -0.276208 27.9978 22.1384 -13 6035 1 0 1
0.977015 -3.18458 1700 0.210157 0.338503 27.9972 22.1384 -13 6036 1 0 1
-1.89499 -0.311451 1700 0.0410213 -0.187505 27.9993 22.1371 -13 6037 1 0 1
0.301892 -2.3417 1700 0.0973803 0.13005 27.9995 22.1369 -13 6038 1 0 1
-1.67849 -3.62483 1700 0.123047 0.125062 27.9995 22.137 -13 6039 1 0 1
-1.7105 -2.64696 1700 0.01797 -0.0324629 28 22.1367 -13 6040 1 0 1
-1.57317 -3.40785 1700 0.209582 0.538811 27.994 22.1401 -13 6041 1 0 1
-2.10867 -5.00596 1700 0.12029 0.187496 27.9991 22.1373 -13 6042 1 0 1
0.449894 5.45982 1700 -0.265313 -0.208836 27.998 22.1385 -13 6043 1 0 1
4.61962 4.83627 1700 -0.160311 -0.309292 27.9978 22.1384 -13 6044 1 0 1
-0.511101 -2.29297 1700 0.0956451 0.235851 27.9988 22.1373 -13 6045 1 0 1
0.0875461 3.60033 1700 -0.103725 -0.332367 27.9978 22.1382 -13 6046 1 0 1
1.67525 2.03776 1700 -0.158484 -0.205407 27.9988 22.1376 -13 6047 1 0 1
-2.85705 0.512998 1700 0.120872 -0.303929 27.9981 22.1379 -13 6048 1 0 1
-1.54156 -2.03399 1700 0.0675862 0.352007 27.9977 22.1379 -13 6049 1 0 1
1.74758 -0.493558 1700 -0.05163 -0.162668 27.9995 22.137 -13 6050 1 0 1
4.38581 8.39671 1700 -0.359479 -0.302763 27.9961 22.1403 -13 6051 1 0 1
-1.33292 2.1947 1700 0.0807352 -0.220079 27.999 22.1373 -13 6052 1 0 1
-1.09729 0.514488 1700 -0.0299913 -0.0305707 28 22.1367 -13 6053 1 0 1
2.30995 1.25978 1700 -0.125165 0.0310494 27.9997 22.137 -13 6054 1 0 1
-0.27379 2.07382 1700 -0.123914 -0.0845272 27.9996 22.1371 -13 6055 1 0 1
-3.56676 -1.47757 1700 0.166201 0.0776018 27.9994 22.137 -13 6056 1 0 1
2.29429 0.521905 1700 -0.136952 -0.192723 27.999 22.1374 -13 6057 1 0 1
2.71164 3.4937 1700 -0.289998 -0.49756 27.9941 22.1406 -13 6058 1 0 1
-0.784878 4.10734 1700 -0.113027 -0.224033 27.9989 22.1377 -13 6059 1 0 1
3.12435 0.425406 1700 -0.157303 -0.178419 27.999 22.1374 -13 6060 1 0 1
-2.24545 3.9263 1700 0.204089 0.0395726 27.9992 22.137 -13 6061 1 0 1
-2.35241 2.61748 1700 0.0487431 -0.0295242 27.9999 22.1368 -13 6062 1 0 1
-4.00889 -4.2911 1700 0.0999057 0.235222 27.9988 22.1374 -13 6063 1 0 1
0.751122 -2.51601 1700 0.0313356 0.315056 27.9982 22.1378 -13 6064 1 0 1
4.50424 4.85614 1700 -0.145994 -0.18622 27.999 22.1377 -13 6065 1 0 1
-2.19692 -4.40925 1700 0.36056 0.41249 27.9946 22.1398 -13 6066 1 0 1
-4.40298 -0.829071 1700 0.172656 -0.0346787 27.9994 22.1371 -13 6067 1 0 1
3.78601 6.06675 1700 -0.2803 -0.165531 27.9981 22.1386 -13 6068 1 0 1
0.363778 -1.5544 1700 0.0630017 0.162128 27.9995 22.137 -13 6069 1 0 1
1.76321 2.5945 1700 -0.157635 -0.250457 27.9984 22.1378 -13 6070 1 0 1
1.27092 1.26357 1700 -0.229251 -0.0885903 27.9989 22.1376 -13 6071 1 0 1
-3.00346 -3.87267 1700 0.239215 0.301755 27.9974 22.1382 -13 6072 1 0 1
-1.27937 1.59473 1700 0.00860469 -0.121415 27.9997 22.1369 -13 6073 1 0 1
-2.36609 6.82569 1700 -0.0908476 -0.16317 27.9994 22.1376 -13 6074 1 0 1
-2.15329 -4.73818 1700 0.266046 0.353885 27.9965 22.1388 -13 6075 1 0 1
-1.40981 -2.61769 1700 0.232969 0.357704 27.9967 22.1385 -13 6076 1 0 1
-0.448583 5.57339 1700 -0.016917 -0.153882 27.9996 22.1372 -13 6077 1 0 1
-0.328079 -1.59791 1700 0.0144424 0.180139 27.9994 22.137 -13 6078 1 0 1
-2.34304 1.63145 1700 -0.0833437 -0.488888 27.9956 22.1396 -13 6079 1 0 1
-1.19087 1.64251 1700 -0.0927352 -0.202575 27.9991 22.1374 -13 6080 1 0 1
2.61567 5.31206 1700 -0.150357 -0.209379 27.9988 22.1378 -13 6081 1 0 1
-4.00906 2.89709 1700 -0.148053 -0.500325 27.9951 22.1402 -13 6082 1 0 1
1.23308 2.27349 1700 -0.0914578 -0.206603 27.9991 22.1374 -13 6083 1 0 1
-4.54331 -3.51611 1700 0.258407 0.255518 27.9976 22.1381 -13 6084 1 0 1
1.52799 -1.23766 1700 -0.115347 -0.172157 27.9992 22.1372 -13 6085 1 0 1
-2.29389 -6.29432 1700 0.28091 0.501218 27.9941 22.1404 -13 6086 1 0 1
0.675334 2.58534 1700 -0.128084 -0.154073 27.9993 22.1373 -13 6087 1 0 1
-6.15193 1.0888 1700 0.106708 -0.014453 27.9998 22.137 -13 6088 1 0 1
0.443506 1.1419 1700 0.0783413 0.0885576 27.9998 22.1368 -13 6089 1 0 1
0.0858477 -3.24228 1700 0.0364489 0.0899031 27.9998 22.1368 -13 6090 1 0 1
-0.418433 0.521119 1700 0.117881 -0.139388 27.9994 22.137 -13 6091 1 0 1
0.616302 1.63082 1700 -0.0204439 -0.00963412 28 22.1367 -13 6092 1 0 1
-0.411446 3.1512 1700 -0.206438 -0.280536 27.9978 22.1383 -13 6093 1 0 1
-0.337473 1.52264 1700 -0.0113951 -0.0255986 28 22.1367 -13 6094 1 0 1
5.30948 2.59045 1700 -0.217808 0.0739824 27.9991 22.1378 -13 6095 1 0 1
-1.20397 -1.31622 1700 0.0895774 0.134834 27.9995 22.1369 -13 6096 1 0 1
2.6895 -2.18777 1700 -0.0469729 0.0508847 27.9999 22.1368 -13 6097 1 0 1
-0.120102 -2.97577 1700 0.102075 0.0378043 27.9998 22.1368 -13 6098 1 0 1
4.43644 1.41779 1700 -0.0876215 0.100679 27.9997 22.1371 -13 6099 1 0 1
1.82976 1.30589 1700 -0.0897712 0.00735534 27.9999 22.1369 -13 6100 1 0 1
-4.24061 -5.69033 1700 0.245032 0.479703 27.9948 22.1398 -13 6101 1 0 1
1.79239 -1.69014 1700 0.177713 0.208192 27.9987 22.1374 -13 6102 1 0 1
1.67062 -1.07108 1700 0.0314188 0.197852 27.9993 22.1371 -13 6103 1 0 1
-0.224792 0.50607 1700 0.0515262 -0.00111611 28 22.1367 -13 6104 1 0 1
-1.26783 -1.79479 1700 0.30711 -0.0785763 27.9982 22.1376 -13 6105 1 0 1
0.691908 -3.94409 1700 0.113621 0.238699 27.9988 22.1375 -13 6106 1 0 1
1.03506 5.71033 1700 -0.260324 -0.419494 27.9956 22.1399 -13 6107 1 0 1
-0.329479 -2.15087 1700 0.0333314 0.0858121 27.9998 22.1368 -13 6108 1 0 1
-3.21332 -6.04428 1700 0.297777 0.388515 27.9957 22.1394 -13 6109 1 0 1
1.23681 -0.570451 1700 0.0116688 0.128075 27.9997 22.1369 -13 6110 1 0 1
-0.610728 3.08162 1700 0.166932 0.369016 27.9971 22.1381 -13 6111 1 0 1
-0.805728 -8.37611 1700 0.415635 0.728656 27.9874 22.1447 -13 6112 1 0 1
4.65512 1.6744 1700 -0.113091 -0.110878 27.9996 22.1372 -13 6113 1 0 1
0.0925042 1.21519 1700 -0.0483603 0.0379771 27.9999 22.1368 -13 6114 1 0 1
-0.130826 -3.99141 1700 0.332519 0.23273 27.9971 22.1384 -13 6115 1 0 1
-2.38226 -0.0740987 1700 -0.0156814 -0.0476124 28 22.1368 -13 6116 1 0 1
0.292483 -4.12861 1700 0.132448 -0.0463501 27.9996 22.1369 -13 6117 1 0 1
-2.77966 -0.672074 1700 -0.0358957 -0.15393 27.9996 22.1371 -13 6118 1 0 1
0.150603 -6.20366 1700 0.262335 0.473371 27.9948 22.1401 -13 6119 1 0 1
-1.32697 2.99984 1700 -0.0551151 0.0139247 27.9999 22.1368 -13 6120 1 0 1
-2.98964 -3.75034 1700 0.283932 0.447155 27.995 22.1395 -13 6121 1 0 1
1.22037 -0.0671562 1700 -0.163627 -0.299231 27.9979 22.138 -13 6122 1 0 1
-0.0764617 3.24279 1700 -0.084472 -0.218369 27.999 22.1375 -13 6123 1 0 1
3.15722 1.05931 1700 -0.0908498 -0.343836 27.9977 22.138 -13 6124 1 0 1
-2.33724 -0.923556 1700 0.134019 0.227792 27.9988 22.1373 -13 6125 1 0 1
-1.28504 2.77838 1700 -0.112181 0.0459881 27.9997 22.137 -13 6126 1 0 1
2.48673 -2.03647 1700 0.113745 0.143371 27.9994 22.1371 -13 6127 1 0 1
-2.46284 2.86777 1700 -0.0665774 -0.264001 27.9987 22.1378 -13 6128 1 0 1
-1.72609 0.595823 1700 -0.0359635 -0.0461403 27.9999 22.1368 -13 6129 1 0 1
-0.369747 1.56828 1700 -0.110829 -0.3629 27.9974 22.1384 -13 6130 1 0 1
0.133094 4.39434 1700 -0.135546 -0.20639 27.9989 22.1377 -13 6131 1 0 1
-1.78119 0.632113 1700 0.0220893 -0.285641 27.9985 22.1376 -13 6132 1 0 1
-1.21396 -0.877842 1700 0.183642 0.259095 27.9982 22.1376 -13 6133 1 0 1
2.35699 1.80845 1700 0.0183006 -0.0962442 27.9998 22.1368 -13 6134 1 0 1
-1.45799 -0.488794 1700 0.198044 0.0377165 27.9993 22.137 -13 6135 1 0 1
-3.18921 -7.22595 1700 0.291556 0.669159 27.9905 22.1425 -13 6136 1 0 1
0.181541 -4.37552 1700 0.258022 0.189149 27.9982 22.1378 -13 6137 1 0 1
-0.94404 1.40103 1700 0.0777713 -0.0946162 27.9997 22.1368 -13 6138 1 0 1
0.463067 1.80332 1700 0.0304607 -0.0232158 28 22.1367 -13 6139 1 0 1
-0.132684 -7.09496 1700 0.455505 0.456704 27.9926 22.1415 -13 6140 1 0 1
1.41249 -2.90536 1700 0.275042 0.267591 27.9974 22.1382 -13 6141 1 0 1
0.671383 0.839099 1700 0.159765 0.22093 27.9987 22.1373 -13 6142 1 0 1
-0.502152 -2.03088 1700 0.164644 0.254512 27.9984 22.1376 -13 6143 1 0 1
-4.30318 -2.46744 1700 0.0604503 0.256041 27.9988 22.1373 -13 6144 1 0 1
-2.93833 1.27388 1700 0.103661 -0.11101 27.9996 22.137 -13 6145 1 0 1
-0.490568 2.07129 1700 -0.237192 -0.281311 27.9976 22.1384 -13 6146 1 0 1
-0.517359 -1.17582 1700 0.121483 0.0900279 27.9996 22.1368 -13 6147 1 0 1
1.20234 5.2022 1700 -0.214746 -0.280492 27.9978 22.1385 -13 6148 1 0 1
2.14819 0.819995 1700 -0.103326 -0.102153 27.9996 22.137 -13 6149 1 0 1
4.46569 5.12335 1700 -0.34964 -0.240402 27.9968 22.1394 -13 6150 1 0 1
2.26696 -4.10748 1700 0.0920952 0.413579 27.9968 22.1388 -13 6151 1 0 1
-2.36038 0.572846 1700 -0.249189 -0.21152 27.9981 22.1381 -13 6152 1 0 1
-3.11963 1.67252 1700 0.125226 0.0908239 27.9996 22.1368 -13 6153 1 0 1
3.8372 1.455 1700 -0.117909 0.0364225 27.9997 22.1371 -13 6154 1 0 1
-3.04555 -1.71823 1700 0.254166 0.0574666 27.9988 22.1373 -13 6155 1 0 1
-0.510643 1.18703 1700 -0.191128 -0.300543 27.9977 22.1382 -13 6156 1 0 1
-1.65757 1.69509 1700 0.164489 -0.198619 27.9988 22.1374 -13 6157 1 0 1
-4.03672 5.15826 1700 0.000283425 -0.515149 27.9953 22.1402 -13 6158 1 0 1
-3.85956 0.731136 1700 0.0167688 -0.247838 27.9989 22.1376 -13 6159 1 0 1
3.73161 1.40021 1700 0.0484488 0.150805 27.9996 22.137 -13 6160 1 0 1
1.50819 1.00195 1700 -0.0545688 -0.154389 27.9995 22.137 -13 6161 1 0 1
-2.59409 -2.61075 1700 0.188967 0.151092 27.999 22.1373 -13 6162 1 0 1
-1.02859 2.17397 1700 -0.120926 -0.548663 27.9944 22.1403 -13 6163 1 0 1
-1.01278 -0.716959 1700 0.188664 -0.134212 27.999 22.1372 -13 6164 1 0 1
0.520363 6.01541 1700 -0.184136 -0.354038 27.9972 22.139 -13 6165 1 0 1
-3.14498 0.564997 1700 -0.0134071 -0.312938 27.9982 22.1379 -13 6166 1 0 1
4.83926 -1.25431 1700 -0.0914448 0.0190817 27.9998 22.137 -13 6167 1 0 1
1.81778 1.50223 1700 -0.0909799 -0.167683 27.9994 22.1372 -13 6168 1 0 1
0.114077 2.08923 1700 0.0688751 -0.286508 27.9984 22.1376 -13 6169 1 0 1
-3.12208 -0.456086 1700 0.0605533 0.160622 27.9995 22.1369 -13 6170 1 0 1
2.53248 -1.66928 1700 0.105056 0.133573 27.9995 22.137 -13 6171 1 0 1
-0.471142 -0.201053 1700 -0.0148453 -0.0491955 28 22.1367 -13 6172 1 0 1
-0.432231 2.37733 1700 -0.0441601 -0.278681 27.9986 22.1377 -13 6173 1 0 1
-0.700235 -1.52525 1700 0.117244 0.0287915 27.9997 22.1368 -13 6174 1 0 1
-4.77446 0.199765 1700 0.173391 0.0465807 27.9994 22.137 -13 6175 1 0 1
1.69104 -5.03692 1700 0.0275579 0.0994332 27.9998 22.1369 -13 6176 1 0 1
-0.461559 1.85446 1700 -0.128469 -0.210768 27.9989 22.1375 -13 6177 1 0 1
-1.60442 -2.06058 1700 0.22362 0.484154 27.9949 22.1395 -13 6178 1 0 1
-2.87007 -3.09295 1700 0.230692 0.229651 27.9981 22.1378 -13 6179 1 0 1
0.101667 3.36259 1700 -0.0897016 0.0316729 27.9998 22.1369 -13 6180 1 0 1
2.31292 1.38295 1700 -0.0218514 0.178265 27.9994 22.1371 -13 6181 1 0 1
-6.15441 0.792314 1700 0.275193 -0.191985 27.998 22.1381 -13 6182 1 0 1
0.571734 -5.32381 1700 0.155826 0.303695 27.9979 22.1381 -13 6183 1 0 1
-0.308271 -3.16425 1700 0.150942 0.0280835 27.9996 22.1369 -13 6184 1 0 1
0.0814467 6.87305 1700 -0.128204 -0.290897 27.9982 22.1384 -13 6185 1 0 1
-5.20277 -2.03642 1700 0.240121 0.154377 27.9985 22.1375 -13 6186 1 0 1
-2.19148 -3.22694 1700 0.161853 -0.0152148 27.9995 22.137 -13 6187 1 0 1
1.5719 1.51847 1700 -0.0472891 -0.21809 27.9991 22.1373 -13 6188 1 0 1
-0.808941 0.447977 1700 -0.0724968 -0.208668 27.9991 22.1373 -13 6189 1 0 1
1.11078 4.61278 1700 -0.118066 -0.148918 27.9994 22.1374 -13 6190 1 0 1
2.25853 1.9575 1700 -0.0966723 -0.130133 27.9995 22.1371 -13 6191 1 0 1
2.62943 2.98829 1700 0.0490992 -0.13413 27.9996 22.1369 -13 6192 1 0 1
0.422455 -0.7525 1700 0.0357947 -0.0600116 27.9999 22.1367 -13 6193 1 0 1
-0.716676 -8.02113 1700 0.412386 0.70183 27.9882 22.1442 -13 6194 1 0 1
0.249844 1.78761 1700 -0.0739486 0.0134195 27.9999 22.1368 -13 6195 1 0 1
-0.31426 -4.67858 1700 0.28535 0.351114 27.9963 22.1389 -13 6196 1 0 1
1.02133 -0.716658 1700 0.0390393 -0.383014 27.9974 22.1382 -13 6197 1 0 1
-0.7243 -1.06239 1700 0.116929 0.222934 27.9989 22.1372 -13 6198 1 0 1
-2.37877 4.79944 1700 -0.0799859 -0.446544 27.9963 22.1394 -13 6199 1 0 1
-2.50287 3.46815 1700 -0.0389249 -0.324264 27.9981 22.1381 -13 6200 1 0 1
-1.22586 5.96837 1700 -0.0218222 -0.257705 27.9988 22.1378 -13 6201 1 0 1
1.97838 -1.24689 1700 -0.197264 -0.360173 27.997 22.1385 -13 6202 1 0 1
-0.637315 0.557161 1700 -0.167934 -0.210917 27.9987 22.1376 -13 6203 1 0 1
-5.24048 0.226178 1700 0.312989 0.258693 27.9971 22.1382 -13 6204 1 0 1
1.15031 -0.384514 1700 0.108301 0.373276 27.9973 22.1382 -13 6205 1 0 1
0.331664 1.72836 1700 -0.033599 -0.241386 27.9989 22.1374 -13 6206 1 0 1
1.66317 2.0117 1700 -0.245583 -0.304518 27.9973 22.1386 -13 6207 1 0 1
0.579644 2.26998 1700 -0.00797269 -0.0379097 28 22.1367 -13 6208 1 0 1
-0.195071 5.62896 1700 -0.127642 -0.149072 27.9993 22.1375 -13 6209 1 0 1
1.07644 1.2802 1700 -0.125248 -0.22118 27.9988 22.1375 -13 6210 1 0 1
-4.0863 -1.38103 1700 0.147507 0.0321779 27.9996 22.1369 -13 6211 1 0 1
0.914793 0.183066 1700 -0.104057 -0.0705493 27.9997 22.1369 -13 6212 1 0 1
-0.289541 -1.47379 1700 0.100526 0.219464 27.999 22.1372 -13 6213 1 0 1
3.97158 1.91006 1700 -0.171141 -0.0972869 27.9993 22.1374 -13 6214 1 0 1
-1.72112 -5.45392 1700 0.327422 0.193292 27.9974 22.1384 -13 6215 1 0 1
-2.38732 2.50575 1700 0.0160781 -0.296598 27.9984 22.1378 -13 6216 1 0 1
2.90515 5.70489 1700 -0.11584 -0.234434 27.9988 22.1378 -13 6217 1 0 1
2.17272 -5.54668 1700 0.144781 0.366759 27.9972 22.1386 -13 6218 1 0 1
-3.05519 -2.22821 1700 0.30172 0.05792 27.9983 22.1376 -13 6219 1 0 1
2.99502 0.0638142 1700 0.0129212 0.0263209 28 22.1367 -13 6220 1 0 1
-3.07379 -3.33877 1700 0.14295 0.121911 27.9994 22.1371 -13 6221 1 0 1
4.60999 -1.24776 1700 0.114437 0.295155 27.9982 22.1379 -13 6222 1 0 1
3.25987 -2.32606 1700 -0.0245863 0.313745 27.9982 22.1379 -13 6223 1 0 1
0.00528396 -4.03029 1700 0.120818 0.0938465 27.9996 22.137 -13 6224 1 0 1
0.500043 -5.86599 1700 0.225207 0.298591 27.9975 22.1384 -13 6225 1 0 1
-3.66657 -2.18996 1700 0.201655 0.0739335 27.9992 22.1372 -13 6226 1 0 1
-0.127584 1.04803 1700 -0.113497 -0.0327771 27.9998 22.1369 -13 6227 1 0 1
3.97376 1.89633 1700 -0.106561 0.136764 27.9995 22.1373 -13 6228 1 0 1
1.48531 7.97129 1700 -0.220255 -0.554736 27.9936 22.1414 -13 6229 1 0 1
1.10935 -1.08922 1700 0.00985746 -0.111842 27.9998 22.1368 -13 6230 1 0 1
-2.77681 -0.131672 1700 -0.0492094 -0.12507 27.9997 22.137 -13 6231 1 0 1
-6.54173 -5.94744 1700 0.451761 0.533715 27.9913 22.142 -13 6232 1 0 1
0.392967 1.07652 1700 0.0158133 -0.157238 27.9996 22.137 -13 6233 1 0 1
-1.72195 -8.05906 1700 0.406438 0.575238 27.9911 22.1424 -13 6234 1 0 1
-4.0155 -4.56073 1700 0.364822 0.356285 27.9954 22.1395 -13 6235 1 0 1
-1.2497 5.7931 1700 -0.246959 -0.253528 27.9978 22.1387 -13 6236 1 0 1
-3.48251 3.02394 1700 -0.00435277 -0.18337 27.9994 22.1373 -13 6237 1 0 1
2.81904 -2.41157 1700 0.0535246 0.231235 27.999 22.1374 -13 6238 1 0 1
0.422413 -3.6997 1700 0.151681 0.0759676 27.9995 22.137 -13 6239 1 0 1
1.51862 -0.0215037 1700 0.0341508 0.149253 27.9996 22.1369 -13 6240 1 0 1
-1.02407 0.354351 1700 0.00635822 0.145887 27.9996 22.1369 -13 6241 1 0 1
0.427256 4.53856 1700 -0.136454 -0.387556 27.997 22.1389 -13 6242 1 0 1
1.14756 2.16101 1700 0.051799 0.0324238 27.9999 22.1367 -13 6243 1 0 1
0.0326351 -2.31353 1700 0.250704 0.138642 27.9985 22.1375 -13 6244 1 0 1
1.71732 -1.182 1700 0.0245803 0.0979029 27.9998 22.1368 -13 6245 1 0 1
-1.98984 -0.889667 1700 0.10648 0.0155265 27.9998 22.1368 -13 6246 1 0 1
1.41127 -0.0971652 1700 -0.00346859 0.167614 27.9995 22.137 -13 6247 1 0 1
1.51568 -5.81744 1700 0.225264 0.366283 27.9967 22.1389 -13 6248 1 0 1
-4.31567 1.4369 1700 0.268373 0.18646 27.9981 22.1376 -13 6249 1 0 1
0.612313 0.0162195 1700 0.0179552 -0.0351974 28 22.1367 -13 6250 1 0 1
-1.70249 -5.08743 1700 0.122865 0.178461 27.9992 22.1373 -13 6251 1 0 1
-1.16112 -0.555219 1700 -0.0604884 0.209257 27.9992 22.1372 -13 6252 1 0 1
-2.62848 -3.51957 1700 0.260556 0.113271 27.9986 22.1376 -13 6253 1 0 1
-3.70085 -5.49013 1700 0.230422 0.203357 27.9983 22.1379 -13 6254 1 0 1
4.44268 1.40029 1700 -0.182381 -0.305334 27.9977 22.1382 -13 6255 1 0 1
-1.68139 2.06205 1700 0.0468693 -0.183329 27.9994 22.1371 -13 6256 1 0 1
-2.87007 -2.57085 1700 0.102727 0.0462302 27.9998 22.1368 -13 6257 1 0 1
1.75081 2.75874 1700 -0.153255 -0.128904 27.9993 22.1374 -13 6258 1 0 1
-0.562144 0.546687 1700 0.020976 0.0215851 28 22.1367 -13 6259 1 0 1
2.63456 0.631811 1700 -0.0327833 -0.0892207 27.9998 22.1368 -13 6260 1 0 1
-2.14477 -0.445576 1700 0.17505 -0.0280815 27.9994 22.1369 -13 6261 1 0 1
-0.32027 -0.757048 1700 0.213966 0.0270688 27.9992 22.137 -13 6262 1 0 1
-0.949955 6.22381 1700 -0.155146 -0.339792 27.9975 22.1388 -13 6263 1 0 1
0.796192 3.39079 1700 -0.199072 -0.370948 27.9968 22.1389 -13 6264 1 0 1
0.594833 1.17999 1700 0.190778 0.107503 27.9991 22.137 -13 6265 1 0 1
-2.64632 -1.0982 1700 0.333413 0.0275245 27.998 22.1377 -13 6266 1 0 1
-2.18641 -2.15692 1700 0.204044 0.00118103 27.9993 22.1371 -13 6267 1 0 1
-2.09477 -4.28366 1700 0.346344 0.225372 27.997 22.1385 -13 6268 1 0 1
0.40812 4.23028 1700 -0.0723013 -0.212176 27.9991 22.1375 -13 6269 1 0 1
-0.744583 3.47144 1700 -0.0114002 -0.311356 27.9983 22.1379 -13 6270 1 0 1
-3.35509 -3.64348 1700 0.377501 0.477542 27.9934 22.1405 -13 6271 1 0 1
-0.720264 3.30222 1700 0.0757438 -0.31187 27.9982 22.1379 -13 6272 1 0 1
0.508762 1.91921 1700 -0.00214465 0.282511 27.9986 22.1375 -13 6273 1 0 1
1.67235 -0.100719 1700 0.057288 -0.116047 27.9997 22.1368 -13 6274 1 0 1
-1.94737 -0.361178 1700 0.224679 0.155302 27.9987 22.1373 -13 6275 1 0 1
-5.77896 -5.5991 1700 0.396928 0.418496 27.9941 22.1404 -13 6276 1 0 1
-3.85476 -0.404984 1700 0.0707447 -0.0889656 27.9998 22.1369 -13 6277 1 0 1
1.86567 0.100473 1700 -0.259077 0.0272419 27.9988 22.1376 -13 6278 1 0 1
-1.19217 0.869835 1700 0.111897 0.0215096 27.9998 22.1367 -13 6279 1 0 1
3.82655 1.5864 1700 -0.113311 -0.0439462 27.9997 22.1371 -13 6280 1 0 1
1.22792 -4.08276 1700 0.0501717 0.208645 27.9992 22.1373 -13 6281 1 0 1
4.48061 4.27503 1700 -0.24366 -0.361609 27.9966 22.1392 -13 6282 1 0 1
-0.246257 3.42707 1700 0.022694 0.0489757 27.9999 22.1367 -13 6283 1 0 1
-2.44815 0.599367 1700 -0.100056 -0.00588865 27.9998 22.1369 -13 6284 1 0 1
-1.10573 2.2242 1700 0.0242829 -0.143333 27.9996 22.137 -13 6285 1 0 1
0.78706 1.53292 1700 -0.00582307 0.0137013 28 22.1367 -13 6286 1 0 1
0.744467 -1.51135 1700 0.0286409 0.0388268 28 22.1367 -13 6287 1 0 1
0.959505 6.81283 1700 -0.297124 -0.549124 27.993 22.1417 -13 6288 1 0 1
-0.775242 -0.738228 1700 0.193431 0.176683 27.9988 22.1373 -13 6289 1 0 1
-4.99426 -1.80386 1700 0.323476 0.211765 27.9973 22.1382 -13 6290 1 0 1
2.70174 6.08106 1700 -0.230521 -0.241081 27.998 22.1385 -13 6291 1 0 1
0.579038 -4.77958 1700 0.239587 0.448439 27.9954 22.1396 -13 6292 1 0 1
0.313329 -4.60823 1700 0.157859 0.18169 27.999 22.1374 -13 6293 1 0 1
-2.73898 -1.89713 1700 -0.0169151 0.0672379 27.9999 22.1367 -13 6294 1 0 1
-4.07532 -2.9219 1700 0.118265 -0.0473413 27.9997 22.137 -13 6295 1 0 1
1.85051 -0.750759 1700 0.121533 -0.0642397 27.9997 22.1368 -13 6296 1 0 1
-0.654399 0.792387 1700 0.0461927 0.0210537 28 22.1367 -13 6297 1 0 1
5.04057 5.78541 1700 -0.322578 -0.442743 27.9946 22.1406 -13 6298 1 0 1
-0.498551 -1.03496 1700 -0.0226429 -0.00911959 28 22.1367 -13 6299 1 0 1
0.292343 0.33514 1700 0.0127711 -0.106239 27.9998 22.1368 -13 6300 1 0 1
0.828093 -9.05693 1700 0.341391 0.389538 27.9952 22.1402 -13 6301 1 0 1
4.5708 3.42123 1700 -0.107202 -0.13422 27.9995 22.1373 -13 6302 1 0 1
-1.88581 1.0831 1700 -0.00213698 0.0307551 28 22.1367 -13 6303 1 0 1
2.29457 1.85383 1700 0.0145658 -0.000709098 28 22.1367 -13 6304 1 0 1
-2.57035 -3.30693 1700 0.416431 0.216863 27.9961 22.139 -13 6305 1 0 1
-2.27134 -0.592278 1700 -0.00410926 -0.0617201 27.9999 22.1368 -13 6306 1 0 1
-0.88565 3.29283 1700 -0.000831222 -0.281266 27.9986 22.1377 -13 6307 1 0 1
4.59775 -0.255125 1700 -0.0938697 0.00676436 27.9998 22.137 -13 6308 1 0 1
1.52191 -0.293737 1700 -0.0936194 -0.12726 27.9996 22.137 -13 6309 1 0 1
-0.406247 -4.34405 1700 0.146344 0.250222 27.9985 22.1376 -13 6310 1 0 1
-0.405464 0.891281 1700 0.0913519 0.23452 27.9989 22.1372 -13 6311 1 0 1
2.25889 1.33872 1700 -0.140189 -0.224201 27.9988 22.1376 -13 6312 1 0 1
-2.72456 -2.85346 1700 0.121432 -0.0230384 27.9997 22.1369 -13 6313 1 0 1
-0.648752 -3.29455 1700 0.293754 0.321001 27.9966 22.1386 -13 6314 1 0 1
-1.77 -3.92743 1700 0.310965 0.339043 27.9962 22.1389 -13 6315 1 0 1
-1.5551 2.7396 1700 -0.0393829 -0.0478451 27.9999 22.1368 -13 6316 1 0 1
-3.06503 -2.63872 1700 0.22901 0.0758532 27.999 22.1373 -13 6317 1 0 1
0.545532 -2.69508 1700 -0.0445018 -0.0905898 27.9998 22.1368 -13 6318 1 0 1
-2.16506 1.57781 1700 0.0435712 0.102593 27.9998 22.1368 -13 6319 1 0 1
1.37752 2.56038 1700 0.049696 0.00321036 28 22.1367 -13 6320 1 0 1
1.49541 -0.597093 1700 -0.172524 -0.244064 27.9984 22.1377 -13 6321 1 0 1
-1.92461 2.60721 1700 -0.080757 -0.381781 27.9973 22.1386 -13 6322 1 0 1
2.00433 -1.13742 1700 0.064866 0.14162 27.9996 22.1369 -13 6323 1 0 1
1.00317 2.547 1700 -0.145889 -0.181867 27.999 22.1375 -13 6324 1 0 1
-3.58592 0.777912 1700 0.119229 -0.0233242 27.9997 22.1368 -13 6325 1 0 1
0.664745 1.03876 1700 0.0684353 0.0265988 27.9999 22.1367 -13 6326 1 0 1
-2.85472 -3.17244 1700 0.147827 0.0643454 27.9995 22.137 -13 6327 1 0 1
2.56476 5.63925 1700 -0.403708 -0.421537 27.9939 22.1411 -13 6328 1 0 1
2.92083 -0.299339 1700 -0.098967 -0.161862 27.9994 22.1371 -13 6329 1 0 1
1.8766 -1.55397 1700 0.0991903 0.170636 27.9993 22.1371 -13 6330 1 0 1
-0.844946 1.03379 1700 0.0979195 0.217318 27.999 22.1371 -13 6331 1 0 1
0.780877 2.1361 1700 -0.0839667 0.00755462 27.9999 22.1369 -13 6332 1 0 1
5.26183 -1.16089 1700 0.0546248 0.260551 27.9987 22.1377 -13 6333 1 0 1
-2.92961 6.51564 1700 -0.2296 -0.34327 27.997 22.1394 -13 6334 1 0 1
2.05304 7.22502 1700 -0.451098 -0.587611 27.9902 22.1437 -13 6335 1 0 1
2.2245 -0.676228 1700 -0.0310465 0.198591 27.9993 22.1372 -13 6336 1 0 1
0.249493 1.7451 1700 0.0392859 0.0336333 28 22.1367 -13 6337 1 0 1
-1.51019 0.988969 1700 0.0614253 -0.155942 27.9995 22.137 -13 6338 1 0 1
1.49463 -0.369939 1700 0.0421163 0.211646 27.9992 22.1372 -13 6339 1 0 1
0.318666 3.23448 1700 -0.241484 -0.249038 27.9979 22.1383 -13 6340 1 0 1
0.259853 5.04491 1700 -0.29697 -0.0072104 27.9984 22.1382 -13 6341 1 0 1
-1.58716 -1.52561 1700 0.151644 0.072692 27.9995 22.1369 -13 6342 1 0 1
-1.72887 0.0499542 1700 0.105768 0.144581 27.9994 22.1369 -13 6343 1 0 1
2.1039 3.06913 1700 -0.0571002 -0.185506 27.9993 22.1372 -13 6344 1 0 1
-0.39061 2.07051 1700 -0.00435398 -0.0272478 28 22.1367 -13 6345 1 0 1
-0.0415033 -3.60948 1700 0.0545585 0.213496 27.9991 22.1372 -13 6346 1 0 1
1.41714 2.97861 1700 0.129361 0.233021 27.9987 22.1373 -13 6347 1 0 1
1.7202 1.84194 1700 0.0894831 0.160628 27.9994 22.137 -13 6348 1 0 1
-2.73906 -1.59322 1700 0.162569 0.117018 27.9993 22.137 -13 6349 1 0 1
5.14119 -4.9369 1700 0.0972516 0.127637 27.9995 22.1373 -13 6350 1 0 1
5.17887 7.224 1700 -0.574135 -0.675257 27.986 22.1463 -13 6351 1 0 1
-1.08507 0.547341 1700 0.0670787 0.0345994 27.9999 22.1367 -13 6352 1 0 1
-2.16785 1.52903 1700 0.139258 -0.0792175 27.9995 22.1369 -13 6353 1 0 1
0.885536 2.88919 1700 0.0028722 -0.196611 27.9993 22.1372 -13 6354 1 0 1
2.48938 3.32968 1700 -0.150528 -0.239375 27.9986 22.1378 -13 6355 1 0 1
0.366893 -3.99591 1700 0.176158 0.155538 27.999 22.1373 -13 6356 1 0 1
-0.448301 -2.68842 1700 0.122962 0.238771 27.9987 22.1374 -13 6357 1 0 1
0.765176 2.81144 1700 -0.0300035 -0.227391 27.9991 22.1373 -13 6358 1 0 1
0.430701 1.5522 1700 -0.0533468 -0.156604 27.9995 22.1371 -13 6359 1 0 1
2.93401 2.06794 1700 -0.164985 -0.0828113 27.9994 22.1373 -13 6360 1 0 1
0.904901 1.31131 1700 -0.0803884 0.12131 27.9996 22.137 -13 6361 1 0 1
2.31082 -1.29031 1700 0.0609101 0.327407 27.998 22.1379 -13 6362 1 0 1
-2.98041 3.76004 1700 0.00987677 -0.168953 27.9995 22.1372 -13 6363 1 0 1
-2.84224 -3.21861 1700 0.374186 0.312528 27.9958 22.1391 -13 6364 1 0 1
1.3339 6.39041 1700 -0.185804 -0.402633 27.9965 22.1394 -13 6365 1 0 1
-0.275537 -7.27436 1700 0.379831 0.472469 27.9934 22.141 -13 6366 1 0 1
-3.01374 -2.47691 1700 0.258656 0.154713 27.9984 22.1376 -13 6367 1 0 1
0.831903 -0.125391 1700 0.124884 0.195309 27.999 22.1372 -13 6368 1 0 1
-1.28029 1.52114 1700 -0.0402859 -0.274263 27.9986 22.1376 -13 6369 1 0 1
1.05251 6.21408 1700 -0.412341 -0.473514 27.993 22.1418 -13 6370 1 0 1
-3.75718 -4.15788 1700 0.295264 0.139015 27.9981 22.1379 -13 6371 1 0 1
1.65081 -1.95194 1700 -0.0638873 0.0295577 27.9999 22.1368 -13 6372 1 0 1
-0.742902 1.30603 1700 0.0572778 -0.0810866 27.9998 22.1368 -13 6373 1 0 1
1.65311 2.22098 1700 -0.0508362 0.0560804 27.9999 22.1369 -13 6374 1 0 1
-0.0180679 3.18912 1700 -0.0894711 -0.304119 27.9982 22.138 -13 6375 1 0 1
4.95144 6.82659 1700 -0.230119 -0.621815 27.9921 22.142 -13 6376 1 0 1
-9.33158 -2.1156 1700 0.416373 0.228317 27.996 22.1393 -13 6377 1 0 1
-0.349909 -1.64573 1700 0.0888943 0.127327 27.9996 22.1369 -13 6378 1 0 1
-0.397786 2.16494 1700 -0.131902 -0.164137 27.9992 22.1374 -13 6379 1 0 1
2.86897 4.07897 1700 0.00488228 -0.195575 27.9993 22.1372 -13 6380 1 0 1
-0.686295 0.850641 1700 0.143203 -0.0813211 27.9995 22.1369 -13 6381 1 0 1
-0.23763 -3.83172 1700 0.238733 0.332476 27.997 22.1385 -13 6382 1 0 1
-5.17352 -4.25341 1700 0.394299 0.343435 27.9951 22.1396 -13 6383 1 0 1
-0.779805 -3.77723 1700 0.0745041 0.244847 27.9988 22.1374 -13 6384 1 0 1
1.96496 -0.179666 1700 0.108323 0.453586 27.9961 22.139 -13 6385 1 0 1
0.226682 5.29762 1700 -0.257095 -0.499113 27.9944 22.1407 -13 6386 1 0 1
-3.19751 -3.1882 1700 0.205687 0.346459 27.9971 22.1383 -13 6387 1 0 1
1.83035 -0.757811 1700 0.0138703 0.42611 27.9968 22.1387 -13 6388 1 0 1
1.19895 -4.88532 1700 0.33167 0.448676 27.9944 22.1401 -13 6389 1 0 1
1.45173 -2.23757 1700 0.0505596 0.0791338 27.9998 22.1368 -13 6390 1 0 1
0.412087 3.06116 1700 -0.146749 -0.148494 27.9992 22.1374 -13 6391 1 0 1
-2.93288 -1.91397 1700 -0.107695 -0.169135 27.9993 22.1372 -13 6392 1 0 1
5.05723 -4.69954 1700 0.175934 0.262324 27.9982 22.1381 -13 6393 1 0 1
2.96835 -1.28494 1700 0.157664 0.230083 27.9986 22.1375 -13 6394 1 0 1
-4.61492 -3.50264 1700 0.493043 0.457104 27.9919 22.1413 -13 6395 1 0 1
0.654394 -2.27902 1700 -0.0566472 0.18559 27.9993 22.1371 -13 6396 1 0 1
-2.25776 -1.53143 1700 0.0274153 -0.406571 27.997 22.1386 -13 6397 1 0 1
1.01755 2.81618 1700 -0.155073 -0.172162 27.999 22.1375 -13 6398 1 0 1
-3.47095 -0.455577 1700 0.284073 0.0167057 27.9986 22.1375 -13 6399 1 0 1
-1.43406 -0.179837 1700 0.188724 0.271772 27.998 22.1376 -13 6400 1 0 1
-3.37807 -1.13903 1700 0.111111 0.111985 27.9996 22.1369 -13 6401 1 0 1
-1.07374 0.826929 1700 -0.0179954 -0.0652432 27.9999 22.1368 -13 6402 1 0 1
2.37977 2.25007 1700 0.0487517 0.210777 27.9992 22.1372 -13 6403 1 0 1
0.0391052 1.40723 1700 0.00744302 -0.193126 27.9993 22.1371 -13 6404 1 0 1
1.37132 4.35074 1700 -0.0554073 -0.18843 27.9993 22.1373 -13 6405 1 0 1
-1.14606 -6.309 1700 0.411494 0.335744 27.995 22.1399 -13 6406 1 0 1
-1.24767 -6.51016 1700 0.286538 0.453286 27.9949 22.14 -13 6407 1 0 1
-2.28637 -4.38425 1700 0.232463 0.254507 27.9979 22.138 -13 6408 1 0 1
-0.370588 0.935289 1700 -0.0441978 -0.206137 27.9992 22.1372 -13 6409 1 0 1
0.269085 0.169518 1700 0.144842 0.0987214 27.9995 22.1369 -13 6410 1 0 1
0.761226 -0.976412 1700 0.129602 0.363564 27.9973 22.1382 -13 6411 1 0 1
2.70698 5.12478 1700 -0.0306067 -0.134557 27.9997 22.1371 -13 6412 1 0 1
-1.07248 -2.33775 1700 0.115653 0.043514 27.9997 22.1368 -13 6413 1 0 1
2.34638 0.490628 1700 -0.0635463 0.107913 27.9997 22.137 -13 6414 1 0 1
-1.52466 -3.46526 1700 0.189773 0.072362 27.9993 22.1371 -13 6415 1 0 1
1.95489 -1.04858 1700 -0.0620064 -0.330252 27.998 22.1378 -13 6416 1 0 1
-4.31656 -2.12426 1700 0.263589 0.0721115 27.9987 22.1375 -13 6417 1 0 1
0.499864 -1.81288 1700 -0.0377647 0.0402179 27.9999 22.1367 -13 6418 1 0 1
-1.49435 -3.0347 1700 0.152637 0.202502 27.9989 22.1373 -13 6419 1 0 1
0.306851 -0.108589 1700 0.0743466 -0.228272 27.999 22.1372 -13 6420 1 0 1
1.92134 3.03118 1700 -0.0442575 -0.303021 27.9983 22.1378 -13 6421 1 0 1
3.00284 -0.752924 1700 -0.114811 0.0854393 27.9996 22.1371 -13 6422 1 0 1
-1.88751 -1.48089 1700 0.043714 -0.0580942 27.9999 22.1368 -13 6423 1 0 1
1.49047 -2.71193 1700 0.0737868 -0.0425715 27.9999 22.1367 -13 6424 1 0 1
-1.35095 0.024239 1700 0.198409 0.218974 27.9984 22.1374 -13 6425 1 0 1
-1.07933 0.470341 1700 -0.054932 -0.463418 27.9961 22.1391 -13 6426 1 0 1
-4.02107 -1.72998 1700 0.172713 -0.058337 27.9994 22.1371 -13 6427 1 0 1
-2.169 -1.18455 1700 0.115259 0.0780814 27.9997 22.1368 -13 6428 1 0 1
-2.44986 8.07329 1700 -0.109871 -0.347624 27.9976 22.139 -13 6429 1 0 1
-2.80199 1.59516 1700 0.0493034 0.0567174 27.9999 22.1367 -13 6430 1 0 1
-2.17648 -3.98168 1700 0.26576 0.186356 27.9981 22.1378 -13 6431 1 0 1
1.66429 -1.83807 1700 0.0419695 0.0401168 27.9999 22.1367 -13 6432 1 0 1
4.03157 -0.912811 1700 -0.150716 -0.0210241 27.9996 22.1371 -13 6433 1 0 1
-0.101657 3.81292 1700 -0.0815072 -0.240631 27.9988 22.1376 -13 6434 1 0 1
-1.6082 -1.61196 1700 0.139545 -0.0116374 27.9996 22.1369 -13 6435 1 0 1
-0.839196 0.7279 1700 -0.0882814 -0.156158 27.9994 22.1371 -13 6436 1 0 1
-0.817837 -2.909 1700 0.264677 0.495179 27.9944 22.1399 -13 6437 1 0 1
1.16428 0.48754 1700 0.0452921 -0.0745763 27.9999 22.1367 -13 6438 1 0 1
5.41515 5.91186 1700 -0.346491 -0.448626 27.9943 22.1409 -13 6439 1 0 1
0.904742 4.35878 1700 -0.0738974 -0.0169906 27.9999 22.137 -13 6440 1 0 1
1.33996 4.54159 1700 -0.111388 -0.286834 27.9983 22.138 -13 6441 1 0 1
3.11448 7.99323 1700 -0.308242 -0.630509 27.9912 22.1429 -13 6442 1 0 1
-4.06293 2.34015 1700 0.0214358 -0.183569 27.9994 22.1373 -13 6443 1 0 1
1.26705 0.270946 1700 0.055311 0.0851061 27.9998 22.1368 -13 6444 1 0 1
-0.298531 -4.73706e-05 1700 0.207783 0.152928 27.9988 22.1372 -13 6445 1 0 1
4.46124 1.62704 1700 -0.078339 0.00975151 27.9999 22.137 -13 6446 1 0 1
0.450553 3.95499 1700 -0.154645 -0.213397 27.9988 22.1378 -13 6447 1 0 1
0.499223 -6.7351 1700 0.312621 0.389021 27.9956 22.1397 -13 6448 1 0 1
2.40301 2.67348 1700 -0.269289 -0.0306039 27.9987 22.1379 -13 6449 1 0 1
-1.1831 5.78262 1700 -0.267247 -0.598067 27.9923 22.1421 -13 6450 1 0 1
1.0633 -3.00689 1700 0.118898 0.0423052 27.9997 22.1368 -13 6451 1 0 1
0.65361 -4.34567 1700 0.174016 0.247796 27.9984 22.1377 -13 6452 1 0 1
0.197099 -2.69411 1700 0.266033 0.345447 27.9966 22.1386 -13 6453 1 0 1
-2.60015 -6.11637 1700 0.35554 0.497045 27.9933 22.1408 -13 6454 1 0 1
-2.54572 -1.73639 1700 0.189609 0.24454 27.9983 22.1376 -13 6455 1 0 1
-0.450269 -0.0569916 1700 -0.168228 -0.207678 27.9987 22.1376 -13 6456 1 0 1
2.96315 1.44491 1700 -0.030048 -0.0809929 27.9999 22.1368 -13 6457 1 0 1
2.13441 0.824861 1700 0.0372969 -0.0926882 27.9998 22.1368 -13 6458 1 0 1
-0.676324 7.90219 1700 -0.437775 -0.634505 27.9894 22.1444 -13 6459 1 0 1
-2.45843 -1.95625 1700 0.018237 -0.0562825 27.9999 22.1368 -13 6460 1 0 1
-3.13735 1.66849 1700 -0.058436 -0.202265 27.9992 22.1374 -13 6461 1 0 1
-0.166309 -0.679579 1700 0.210701 0.355486 27.997 22.1383 -13 6462 1 0 1
-0.225905 1.03868 1700 0.073029 -0.23595 27.9989 22.1373 -13 6463 1 0 1
0.511668 0.519935 1700 0.0296224 0.0103158 28 22.1367 -13 6464 1 0 1
-1.13863 -2.69672 1700 0.112785 0.187422 27.9991 22.1372 -13 6465 1 0 1
0.382847 -1.237 1700 -0.0463607 0.134867 27.9996 22.1369 -13 6466 1 0 1
5.86378 -0.0842805 1700 -0.0985295 0.0241217 27.9998 22.1371 -13 6467 1 0 1
-0.382572 4.16037 1700 -0.0712818 -0.192291 27.9992 22.1374 -13 6468 1 0 1
-3.01151 -0.0610886 1700 0.143025 0.0939086 27.9995 22.1369 -13 6469 1 0 1
2.58587 -1.42804 1700 -0.022722 -0.0232756 28 22.1367 -13 6470 1 0 1
2.02644 -1.50621 1700 -0.106207 0.0846156 27.9997 22.137 -13 6471 1 0 1
-4.28864 3.28414 1700 -0.088491 -0.393179 27.9971 22.139 -13 6472 1 0 1
0.980067 0.0159883 1700 0.0101714 0.0941502 27.9998 22.1368 -13 6473 1 0 1
-4.19821 -4.54144 1700 0.269257 0.110325 27.9985 22.1377 -13 6474 1 0 1
0.103159 -6.875 1700 0.228722 0.293984 27.9975 22.1385 -13 6475 1 0 1
-4.10744 -5.34594 1700 0.292167 0.357065 27.9962 22.139 -13 6476 1 0 1
-1.0025 -1.8467 1700 0.0883982 0.187737 27.9992 22.1371 -13 6477 1 0 1
2.0068 2.74014 1700 -0.0242058 -0.207581 27.9992 22.1372 -13 6478 1 0 1
5.80889 -0.807268 1700 -0.171542 -0.0982704 27.9993 22.1373 -13 6479 1 0 1
1.02438 -4.62617 1700 0.162626 0.347371 27.9974 22.1384 -13 6480 1 0 1
3.81492 -0.446637 1700 -0.0439155 0.0406383 27.9999 22.1369 -13 6481 1 0 1
-1.83562 -3.50355 1700 0.0204836 0.358274 27.9977 22.138 -13 6482 1 0 1
0.697021 3.56904 1700 0.0825521 -0.113687 27.9996 22.1369 -13 6483 1 0 1
-0.0795675 1.5947 1700 0.0635475 0.241921 27.9989 22.1372 -13 6484 1 0 1
0.0241459 1.95526 1700 0.0830235 0.126617 27.9996 22.1368 -13 6485 1 0 1
-0.0666669 1.0227 1700 0.0872339 0.141119 27.9995 22.1369 -13 6486 1 0 1
-0.149424 -11.1453 1700 0.385383 0.757702 27.9871 22.1455 -13 6487 1 0 1
-1.23083 -2.10689 1700 0.0572137 0.0442066 27.9999 22.1367 -13 6488 1 0 1
-1.12065 4.44244 1700 -0.0412879 -0.352117 27.9978 22.1383 -13 6489 1 0 1
-0.0719759 3.66361 1700 -0.0884418 -0.168931 27.9994 22.1373 -13 6490 1 0 1
0.578197 2.48108 1700 -0.0531924 -0.290203 27.9984 22.1377 -13 6491 1 0 1
-0.630341 0.61799 1700 0.0212997 0.137405 27.9997 22.1368 -13 6492 1 0 1
0.603043 5.9395 1700 -0.341958 -0.661764 27.9901 22.1434 -13 6493 1 0 1
0.802347 -1.6525 1700 0.0141112 -0.0381199 28 22.1367 -13 6494 1 0 1
-2.38208 -4.20247 1700 0.385642 0.22472 27.9964 22.1388 -13 6495 1 0 1
1.12135 0.0843294 1700 -0.0522651 -0.069768 27.9999 22.1368 -13 6496 1 0 1
-0.73288 -2.33744 1700 0.144029 0.0409181 27.9996 22.1369 -13 6497 1 0 1
-1.75158 -1.02531 1700 0.136004 -0.138513 27.9993 22.1371 -13 6498 1 0 1
-1.27261 -2.44453 1700 0.0557297 0.196509 27.9993 22.1371 -13 6499 1 0 1
-0.601147 -0.00167788 1700 0.0274122 0.0197789 28 22.1367 -13 6500 1 0 1
2.93001 -2.28708 1700 -0.0537593 -0.227401 27.999 22.1372 -13 6501 1 0 1
1.19768 -3.0321 1700 0.036111 0.211781 27.9992 22.1372 -13 6502 1 0 1
-0.652324 -1.87793 1700 0.0720126 0.217556 27.9991 22.1372 -13 6503 1 0 1
-1.22908 -2.15774 1700 0.254423 0.21432 27.998 22.1377 -13 6504 1 0 1
-3.49873 0.599596 1700 0.184078 -0.0130027 27.9994 22.137 -13 6505 1 0 1
0.0901364 -3.00297 1700 0.139048 0.0332631 27.9996 22.1369 -13 6506 1 0 1
-0.54401 -2.53555 1700 0.148561 0.247277 27.9985 22.1375 -13 6507 1 0 1
-2.41477 -0.942222 1700 0.0340587 -0.0285252 28 22.1367 -13 6508 1 0 1
0.310205 2.87026 1700 -0.0481605 -0.256373 27.9988 22.1376 -13 6509 1 0 1
0.800318 -2.91351 1700 0.170532 0.140946 27.9991 22.1372 -13 6510 1 0 1
-2.02411 2.14559 1700 0.0866411 -0.00951326 27.9999 22.1367 -13 6511 1 0 1
-1.75277 -2.40879 1700 0.323309 0.0987031 27.998 22.1378 -13 6512 1 0 1
3.07601 3.13969 1700 -0.19666 -0.132367 27.999 22.1376 -13 6513 1 0 1
-0.688653 6.0174 1700 -0.0552109 -0.434315 27.9966 22.1392 -13 6514 1 0 1
1.1173 -0.57999 1700 -0.0062792 -0.161247 27.9995 22.1369 -13 6515 1 0 1
-0.288392 -1.11889 1700 0.253023 0.0531457 27.9988 22.1372 -13 6516 1 0 1
1.46858 -1.56678 1700 0.0567744 0.0413692 27.9999 22.1367 -13 6517 1 0 1
0.542091 0.740688 1700 0.293701 -0.00149397 27.9985 22.1373 -13 6518 1 0 1
2.06755 1.48899 1700 0.0722701 -0.0764814 27.9998 22.1367 -13 6519 1 0 1
6.66105 4.56659 1700 -0.197631 -0.1208 27.999 22.1379 -13 6520 1 0 1
3.95433 1.25729 1700 -0.178837 -0.0781458 27.9993 22.1373 -13 6521 1 0 1
1.09076 5.09591 1700 -0.308479 -0.420911 27.9951 22.1402 -13 6522 1 0 1
-1.52661 1.25698 1700 0.109395 -0.140928 27.9994 22.137 -13 6523 1 0 1
-3.13602 -8.49013 1700 0.44352 0.700897 27.9877 22.1445 -13 6524 1 0 1
3.08348 -0.823563 1700 -0.0267773 0.0886885 27.9998 22.1369 -13 6525 1 0 1
-1.7484 2.73244 1700 0.03405 -0.230133 27.999 22.1374 -13 6526 1 0 1
0.32166 1.62855 1700 0.0473041 -0.0293481 27.9999 22.1367 -13 6527 1 0 1
-1.78151 -2.71363 1700 0.124948 0.173883 27.9992 22.1371 -13 6528 1 0 1
-1.71908 -3.09685 1700 -0.0662485 0.201728 27.9992 22.1372 -13 6529 1 0 1
5.70507 8.14114 1700 -0.550608 -0.710963 27.9856 22.1467 -13 6530 1 0 1
1.55528 -1.0677 1700 -0.0338828 0.043188 27.9999 22.1368 -13 6531 1 0 1
0.654704 1.24559 1700 -0.0850956 -0.146698 27.9995 22.1371 -13 6532 1 0 1
4.91759 -2.48652 1700 -0.0835262 0.225931 27.999 22.1377 -13 6533 1 0 1
-4.31592 -8.84915 1700 0.354906 0.621051 27.9909 22.1426 -13 6534 1 0 1
0.121367 -5.36365 1700 0.274185 0.174263 27.9981 22.138 -13 6535 1 0 1
-3.10995 -3.54067 1700 0.222716 0.213905 27.9983 22.1377 -13 6536 1 0 1
3.54979 9.36344 1700 -0.522595 -0.544501 27.9898 22.1444 -13 6537 1 0 1
-1.22901 -3.35705 1700 0.215813 0.0211882 27.9992 22.1372 -13 6538 1 0 1
-0.142361 2.2074 1700 -0.0747489 0.0884912 27.9998 22.1369 -13 6539 1 0 1
-2.83384 -3.28043 1700 0.233344 0.175173 27.9985 22.1376 -13 6540 1 0 1
0.222404 -3.6791 1700 0.172424 0.156022 27.999 22.1373 -13 6541 1 0 1
-5.09658 2.40763 1700 0.110116 -0.223207 27.9989 22.1376 -13 6542 1 0 1
-4.03578 3.46409 1700 0.0131692 -0.107113 27.9998 22.137 -13 6543 1 0 1
1.60566 -0.233158 1700 0.0998138 0.252221 27.9987 22.1374 -13 6544 1 0 1
-0.368705 3.99344 1700 -0.159138 -0.180333 27.999 22.1377 -13 6545 1 0 1
0.792936 1.99956 1700 0.0226065 -0.0177571 28 22.1367 -13 6546 1 0 1
2.55944 0.619182 1700 -0.118931 -0.123583 27.9995 22.1371 -13 6547 1 0 1
-2.08055 -1.46929 1700 0.126467 0.0371379 27.9997 22.1368 -13 6548 1 0 1
-0.974252 2.04666 1700 -0.0609415 0.205406 27.9992 22.1372 -13 6549 1 0 1
0.563351 -1.5205 1700 0.0709751 0.0123888 27.9999 22.1367 -13 6550 1 0 1
-2.00927 -1.6228 1700 0.137945 0.274825 27.9983 22.1375 -13 6551 1 0 1
2.13034 2.25119 1700 -0.0457199 -0.190309 27.9993 22.1372 -13 6552 1 0 1
-0.134234 -4.34891 1700 0.129489 0.267072 27.9984 22.1377 -13 6553 1 0 1
0.63641 -0.400997 1700 0.00279717 0.305254 27.9983 22.1376 -13 6554 1 0 1
0.891911 -7.33307 1700 0.325142 0.42464 27.9949 22.1402 -13 6555 1 0 1
2.12394 1.14506 1700 -0.138261 0.14398 27.9993 22.1373 -13 6556 1 0 1
-1.06735 7.11276 1700 -0.374797 -0.669414 27.9895 22.1442 -13 6557 1 0 1
-1.17344 -3.2728 1700 0.128149 0.159005 27.9993 22.1371 -13 6558 1 0 1
-5.39138 -6.8683 1700 0.406265 0.536418 27.9919 22.1417 -13 6559 1 0 1
4.00609 -4.91273 1700 0.250442 0.325845 27.997 22.1388 -13 6560 1 0 1
1.08156 4.19394 1700 -0.163 -0.374977 27.997 22.1388 -13 6561 1 0 1
1.85883 7.06961 1700 -0.324846 -0.533204 27.993 22.1418 -13 6562 1 0 1
6.99528 1.41361 1700 -0.21381 -0.00512826 27.9992 22.1377 -13 6563 1 0 1
1.70265 -1.90393 1700 0.0589091 0.0600632 27.9999 22.1368 -13 6564 1 0 1
0.249701 -3.57979 1700 0.256859 0.465879 27.9949 22.1397 -13 6565 1 0 1
-2.52211 3.66369 1700 -0.0983096 -0.337327 27.9978 22.1384 -13 6566 1 0 1
1.96973 -0.374723 1700 0.0908124 0.234212 27.9989 22.1373 -13 6567 1 0 1
1.1902 -3.28092 1700 0.254252 0.192249 27.9982 22.1377 -13 6568 1 0 1
-0.732673 3.81226 1700 -0.058343 -0.268751 27.9986 22.1377 -13 6569 1 0 1
0.42682 0.555548 1700 0.133703 0.116212 27.9994 22.1369 -13 6570 1 0 1
-2.19947 0.932042 1700 0.100467 -0.0107272 27.9998 22.1368 -13 6571 1 0 1
1.84668 1.09533 1700 -0.148145 -0.146521 27.9992 22.1373 -13 6572 1 0 1
2.7226 -0.956896 1700 -0.138898 -0.0187391 27.9996 22.137 -13 6573 1 0 1
-1.70377 -2.79812 1700 0.232698 0.267969 27.9978 22.1379 -13 6574 1 0 1
-2.30218 -3.51971 1700 0.212455 0.650813 27.9916 22.1414 -13 6575 1 0 1
-4.91819 -5.07049 1700 0.179818 0.1681 27.9989 22.1375 -13 6576 1 0 1
5.99092 3.13187 1700 -0.211275 -0.228387 27.9983 22.1381 -13 6577 1 0 1
0.714519 2.47186 1700 0.107278 -0.235811 27.9988 22.1373 -13 6578 1 0 1
-3.87787 1.74916 1700 -0.0501486 -0.1565 27.9995 22.1372 -13 6579 1 0 1
-1.24211 1.85802 1700 0.178789 0.0042443 27.9994 22.1369 -13 6580 1 0 1
-5.50454 -8.17509 1700 0.398184 0.394316 27.9944 22.1406 -13 6581 1 0 1
1.87084 2.03152 1700 -0.033337 -0.397473 27.9972 22.1384 -13 6582 1 0 1
2.63202 0.701071 1700 0.0497208 0.0705705 27.9999 22.1368 -13 6583 1 0 1
-1.04172 -1.9906 1700 0.235779 0.339666 27.9969 22.1383 -13 6584 1 0 1
0.781534 -0.861645 1700 0.110374 0.0866644 27.9996 22.1368 -13 6585 1 0 1
1.7182 2.23942 1700 -0.116702 -0.128704 27.9995 22.1372 -13 6586 1 0 1
0.569739 -1.30589 1700 0.114997 0.0359119 27.9997 22.1368 -13 6587 1 0 1
-0.131415 -0.807551 1700 0.128143 0.185268 27.9991 22.1371 -13 6588 1 0 1
0.0299259 1.39939 1700 0.14053 0.10399 27.9995 22.1369 -13 6589 1 0 1
2.11234 -0.0491443 1700 -0.0330905 0.0679271 27.9999 22.1368 -13 6590 1 0 1
0.435902 4.70914 1700 -0.118816 -0.534206 27.9947 22.1402 -13 6591 1 0 1
2.37688 -3.96886 1700 -0.00693447 -0.0246056 28 22.1368 -13 6592 1 0 1
2.3689 -4.06852 1700 0.165519 0.50705 27.9949 22.1399 -13 6593 1 0 1
-1.2817 0.873248 1700 0.171916 0.1727 27.9989 22.1371 -13 6594 1 0 1
0.0413054 3.51047 1700 -0.0951219 -0.0556592 27.9998 22.137 -13 6595 1 0 1
0.268263 -0.18623 1700 0.11148 -0.126254 27.9995 22.1369 -13 6596 1 0 1
-3.21185 1.04185 1700 0.157182 0.0425457 27.9995 22.1369 -13 6597 1 0 1
-2.78864 -0.00367182 1700 0.301018 0.183438 27.9978 22.1378 -13 6598 1 0 1
0.595409 -1.72317 1700 0.0876467 -0.0256245 27.9999 22.1367 -13 6599 1 0 1
3.52557 -1.82566 1700 -0.045703 -0.116723 27.9997 22.1369 -13 6600 1 0 1
1.32335 1.792 1700 0.0675022 -0.168871 27.9994 22.137 -13 6601 1 0 1
-2.49816 -2.14536 1700 0.232337 0.0360736 27.999 22.1372 -13 6602 1 0 1
1.64472 0.776094 1700 -0.00360079 -0.038107 28 22.1367 -13 6603 1 0 1
2.29788 0.529911 1700 -0.146093 0.035537 27.9996 22.1371 -13 6604 1 0 1
2.64795 1.4607 1700 -0.0645505 0.0197862 27.9999 22.1369 -13 6605 1 0 1
0.687434 -3.75269 1700 0.245439 0.105522 27.9987 22.1374 -13 6606 1 0 1
1.29207 2.8191 1700 -0.108808 -0.318307 27.998 22.1381 -13 6607 1 0 1
2.93761 -3.36728 1700 0.155056 0.0480023 27.9995 22.137 -13 6608 1 0 1
-1.00485 -0.160293 1700 -0.0300786 -0.124665 27.9997 22.1369 -13 6609 1 0 1
1.67448 -1.40127 1700 0.100064 0.217563 27.999 22.1373 -13 6610 1 0 1
-0.684954 -4.65469 1700 0.330203 0.381037 27.9955 22.1394 -13 6611 1 0 1
-2.75388 1.45442 1700 0.187441 0.201748 27.9986 22.1373 -13 6612 1 0 1
0.474779 1.07741 1700 -0.176539 0.0388805 27.9994 22.1372 -13 6613 1 0 1
2.06879 -5.5347 1700 0.261543 0.553203 27.9933 22.141 -13 6614 1 0 1
-0.468609 3.04803 1700 -0.0631361 -0.181832 27.9993 22.1373 -13 6615 1 0 1
-1.62402 -0.583613 1700 0.125911 0.0790102 27.9996 22.1368 -13 6616 1 0 1
3.13781 0.588994 1700 -0.125831 -0.23054 27.9988 22.1375 -13 6617 1 0 1
1.91645 -2.19847 1700 0.200707 0.292952 27.9977 22.138 -13 6618 1 0 1
1.33448 0.154456 1700 -0.0836141 -0.0614184 27.9998 22.1369 -13 6619 1 0 1
0.774483 3.70931 1700 -0.0222129 -0.340906 27.9979 22.1381 -13 6620 1 0 1
-4.14693 1.76776 1700 0.217527 0.00509775 27.9992 22.1371 -13 6621 1 0 1
-1.21325 1.3692 1700 0.0284923 -0.211873 27.9992 22.1372 -13 6622 1 0 1
-2.98065 -0.210235 1700 0.128041 0.0196535 27.9997 22.1368 -13 6623 1 0 1
0.975813 -4.91128 1700 0.422365 0.832476 27.9844 22.1461 -13 6624 1 0 1
2.77359 4.84511 1700 -0.21225 -0.313531 27.9974 22.1387 -13 6625 1 0 1
4.23269 -1.17893 1700 -0.104809 -0.137928 27.9995 22.1371 -13 6626 1 0 1
0.171212 -6.73 1700 0.198852 0.324524 27.9974 22.1385 -13 6627 1 0 1
2.52535 2.58849 1700 -0.296056 -0.255045 27.9973 22.1387 -13 6628 1 0 1
0.693019 0.543287 1700 -0.0446518 0.0333007 27.9999 22.1368 -13 6629 1 0 1
2.02107 1.67732 1700 -0.147091 -0.0352472 27.9996 22.1371 -13 6630 1 0 1
1.36357 3.81963 1700 -0.0539117 -0.139797 27.9996 22.1371 -13 6631 1 0 1
-0.754876 -0.338146 1700 -0.135302 -0.0592807 27.9996 22.137 -13 6632 1 0 1
-2.32935 3.38248 1700 -0.0748005 -0.180856 27.9993 22.1374 -13 6633 1 0 1
0.243295 -1.59773 1700 0.00171632 0.0730625 27.9999 22.1367 -13 6634 1 0 1
-1.515 1.42858 1700 0.0190244 -0.16962 27.9995 22.1371 -13 6635 1 0 1
-3.27963 -5.25416 1700 0.208382 0.324231 27.9973 22.1383 -13 6636 1 0 1
-1.20273 -2.96062 1700 0.182867 0.250878 27.9983 22.1376 -13 6637 1 0 1
2.75455 1.08329 1700 0.0535691 -0.153277 27.9995 22.1369 -13 6638 1 0 1
-0.146352 3.46689 1700 0.0993988 -0.197245 27.9991 22.1372 -13 6639 1 0 1
0.713985 -6.16815 1700 0.26136 0.339193 27.9967 22.1389 -13 6640 1 0 1
-1.29463 4.23514 1700 -0.173861 -0.346558 27.9973 22.1388 -13 6641 1 0 1
-0.455158 1.6537 1700 0.0678475 -0.13546 27.9996 22.1369 -13 6642 1 0 1
-1.04883 -6.73293 1700 0.351847 0.425274 27.9946 22.1402 -13 6643 1 0 1
3.29002 0.886135 1700 -0.171284 -0.409503 27.9965 22.1388 -13 6644 1 0 1
5.20265 0.37645 1700 -0.096664 0.0973037 27.9997 22.1372 -13 6645 1 0 1
-3.08553 -0.826038 1700 0.19182 0.0532294 27.9993 22.137 -13 6646 1 0 1
-1.00028 -2.70697 1700 0.211285 0.0762083 27.9991 22.1372 -13 6647 1 0 1
3.19112 -1.17258 1700 -0.0403863 -0.00247411 28 22.1368 -13 6648 1 0 1
-0.820735 -0.374791 1700 -0.0872514 -0.0769629 27.9998 22.1369 -13 6649 1 0 1
-1.09577 6.35446 1700 -0.140494 -0.519025 27.9948 22.1405 -13 6650 1 0 1
1.28231 3.25885 1700 -0.0695717 -0.0154877 27.9999 22.1369 -13 6651 1 0 1
-2.59464 -3.45013 1700 0.12348 0.0237193 27.9997 22.1369 -13 6652 1 0 1
-1.62925 -6.35039 1700 0.314845 0.568812 27.9925 22.1414 -13 6653 1 0 1
1.60017 -2.24807 1700 0.116764 0.227617 27.9988 22.1374 -13 6654 1 0 1
2.24693 1.72563 1700 -0.0230116 -0.130121 27.9997 22.1369 -13 6655 1 0 1
0.885053 3.34891 1700 -0.0993393 -0.31703 27.998 22.1381 -13 6656 1 0 1
1.05384 -6.10419 1700 0.328049 0.391247 27.9953 22.1397 -13 6657 1 0 1
0.160971 1.63919 1700 -0.0173405 -0.0878276 27.9999 22.1368 -13 6658 1 0 1
0.422212 5.81694 1700 -0.0433408 -0.196315 27.9993 22.1374 -13 6659 1 0 1
3.26605 -0.0206809 1700 0.0263657 0.128769 27.9997 22.1369 -13 6660 1 0 1
-3.6317 -1.39624 1700 0.207319 0.0560308 27.9992 22.1371 -13 6661 1 0 1
-0.130202 -6.12588 1700 0.231957 0.209414 27.9983 22.1379 -13 6662 1 0 1
-1.72508 4.4948 1700 -0.0100048 -0.170585 27.9995 22.1372 -13 6663 1 0 1
2.14377 -0.635651 1700 0.108817 0.0339866 27.9998 22.1368 -13 6664 1 0 1
-0.352839 -1.72312 1700 0.171795 0.150205 27.9991 22.1371 -13 6665 1 0 1
0.424786 -2.17996 1700 0.138827 0.158992 27.9992 22.1371 -13 6666 1 0 1
0.123376 -1.2241 1700 0.0705491 0.205412 27.9992 22.1371 -13 6667 1 0 1
0.075163 0.702122 1700 0.0951425 0.0448881 27.9998 22.1367 -13 6668 1 0 1
0.241186 -3.59729 1700 0.22653 0.193388 27.9984 22.1376 -13 6669 1 0 1
0.813526 1.78032 1700 0.0783991 0.000592429 27.9999 22.1367 -13 6670 1 0 1
0.324468 0.513531 1700 -0.0604882 -0.182228 27.9993 22.1371 -13 6671 1 0 1
-1.30386 -4.30346 1700 0.107898 0.174342 27.9992 22.1372 -13 6672 1 0 1
-2.2823 0.46898 1700 0.203565 0.0986405 27.9991 22.1371 -13 6673 1 0 1
1.16748 -2.71963 1700 -0.00356488 0.000120843 28 22.1367 -13 6674 1 0 1
-0.161735 1.19017 1700 0.0038104 0.100958 27.9998 22.1368 -13 6675 1 0 1
-1.80653 -0.740828 1700 0.0789543 -0.192155 27.9992 22.1372 -13 6676 1 0 1
0.139945 -0.476839 1700 -0.0267739 0.0424317 28 22.1367 -13 6677 1 0 1
0.661904 3.64337 1700 -0.050111 -0.128436 27.9997 22.1371 -13 6678 1 0 1
-0.523981 -2.73228 1700 0.172548 0.236393 27.9985 22.1375 -13 6679 1 0 1
2.42847 -1.35529 1700 -0.0149338 0.0756877 27.9999 22.1368 -13 6680 1 0 1
-1.31529 -1.7834 1700 0.107509 0.044066 27.9998 22.1368 -13 6681 1 0 1
2.9139 -3.88204 1700 0.33162 0.303082 27.9964 22.1389 -13 6682 1 0 1
-1.29716 4.82465 1700 -0.330868 -0.365289 27.9957 22.14 -13 6683 1 0 1
2.27668 2.44701 1700 -0.301017 -0.253689 27.9972 22.1387 -13 6684 1 0 1
-0.233639 -1.75331 1700 0.0141126 0.0882237 27.9999 22.1368 -13 6685 1 0 1
2.11646 -7.09515 1700 0.133965 0.249217 27.9986 22.1379 -13 6686 1 0 1
-5.35022 -0.893414 1700 0.106715 -0.173719 27.9993 22.1374 -13 6687 1 0 1
0.918652 0.407704 1700 0.0427189 0.451716 27.9963 22.1388 -13 6688 1 0 1
-0.376326 -1.36003 1700 0.00785783 -0.0486004 28 22.1367 -13 6689 1 0 1
2.25081 0.137111 1700 0.0390438 0.0306767 28 22.1367 -13 6690 1 0 1
2.62371 -2.38206 1700 -0.0342966 -0.14535 27.9996 22.1369 -13 6691 1 0 1
-0.0088939 -1.27445 1700 0.0360944 -0.0406857 27.9999 22.1367 -13 6692 1 0 1
0.831454 0.0310573 1700 -0.169082 -0.0464073 27.9995 22.1371 -13 6693 1 0 1
0.125515 1.34305 1700 0.00564121 0.228105 27.9991 22.1372 -13 6694 1 0 1
-1.41764 1.53669 1700 0.111985 -0.0409071 27.9997 22.1368 -13 6695 1 0 1
2.29133 2.94797 1700 -0.198693 -0.493486 27.9949 22.1399 -13 6696 1 0 1
2.29625 -6.49768 1700 0.325293 0.564374 27.9924 22.1417 -13 6697 1 0 1
2.02879 2.57773 1700 -0.149741 -0.456157 27.9959 22.1393 -13 6698 1 0 1
0.218232 -0.0141264 1700 0.0207221 -0.101191 27.9998 22.1368 -13 6699 1 0 1
-4.50502 0.505671 1700 0.129665 0.00171396 27.9997 22.1369 -13 6700 1 0 1
-0.399282 0.466922 1700 0.113474 -0.0375975 27.9997 22.1368 -13 6701 1 0 1
0.383301 -4.01752 1700 0.174238 0.254817 27.9983 22.1377 -13 6702 1 0 1
0.979689 -0.285677 1700 0.221148 0.0974759 27.999 22.1371 -13 6703 1 0 1
0.827929 -1.80995 1700 0.131076 0.166037 27.9992 22.1371 -13 6704 1 0 1
2.22008 -1.27876 1700 -0.130398 -0.0305855 27.9997 22.137 -13 6705 1 0 1
-0.14655 3.5657 1700 -0.205309 -0.295068 27.9977 22.1384 -13 6706 1 0 1
-3.27298 -2.97465 1700 0.111383 0.0553966 27.9997 22.1369 -13 6707 1 0 1
3.94474 3.66614 1700 -0.0819427 0.0871333 27.9997 22.1372 -13 6708 1 0 1
-0.4712 -1.91396 1700 0.181326 0.266509 27.9981 22.1377 -13 6709 1 0 1
0.0494434 3.99254 1700 -0.138368 -0.0489208 27.9996 22.1372 -13 6710 1 0 1
-0.467479 0.661776 1700 0.0503082 0.0677926 27.9999 22.1367 -13 6711 1 0 1
-1.94974 3.40541 1700 -0.0785831 -0.196239 27.9992 22.1374 -13 6712 1 0 1
-1.70263 0.416015 1700 0.17823 0.00910468 27.9994 22.1369 -13 6713 1 0 1
-0.847808 1.04517 1700 0.109175 -0.0839128 27.9997 22.1368 -13 6714 1 0 1
2.96034 -2.75282 1700 -0.0188191 0.355807 27.9977 22.1382 -13 6715 1 0 1
0.0341718 1.808 1700 0.00845835 -0.264852 27.9987 22.1375 -13 6716 1 0 1
-2.58496 -3.5889 1700 0.230335 0.0947692 27.9989 22.1374 -13 6717 1 0 1
-4.01976 -5.36678 1700 0.277995 0.292575 27.9971 22.1386 -13 6718 1 0 1
4.14677 5.77029 1700 -0.383811 -0.493901 27.993 22.1416 -13 6719 1 0 1
-0.245402 -2.84057 1700 0.116246 0.0415114 27.9997 22.1368 -13 6720 1 0 1
-3.73844 -1.93389 1700 0.192207 0.0901847 27.9992 22.1371 -13 6721 1 0 1
0.160848 4.49612 1700 -0.175559 -0.523419 27.9946 22.1404 -13 6722 1 0 1
-1.79683 -2.60796 1700 0.288598 0.126879 27.9982 22.1377 -13 6723 1 0 1
0.699424 -1.25913 1700 0.0553237 0.351262 27.9977 22.138 -13 6724 1 0 1
-0.022344 -4.93021 1700 0.283524 0.50653 27.994 22.1404 -13 6725 1 0 1
-1.86529 -3.02509 1700 0.137784 0.145824 27.9993 22.1371 -13 6726 1 0 1
0.0655249 1.32783 1700 -0.121291 -0.325204 27.9978 22.1381 -13 6727 1 0 1
-0.968352 -0.189586 1700 0.0625115 -0.126882 27.9996 22.1369 -13 6728 1 0 1
3.64414 5.43311 1700 -0.277569 -0.237483 27.9976 22.1388 -13 6729 1 0 1
3.04159 0.129771 1700 -0.141832 -0.196308 27.999 22.1374 -13 6730 1 0 1
0.324373 -1.09096 1700 0.154755 0.0193949 27.9996 22.1368 -13 6731 1 0 1
5.97638 -2.57271 1700 -0.142952 0.0750944 27.9995 22.1373 -13 6732 1 0 1
3.46914 1.49751 1700 -0.168564 -0.40819 27.9965 22.1388 -13 6733 1 0 1
-0.972609 -1.78042 1700 0.203979 0.083873 27.9991 22.1371 -13 6734 1 0 1
1.37151 -1.45318 1700 0.263931 0.393713 27.996 22.1389 -13 6735 1 0 1
-2.24504 -1.23201 1700 0.17901 0.169399 27.9989 22.1372 -13 6736 1 0 1
0.428715 2.91142 1700 -0.239636 -0.564536 27.9933 22.141 -13 6737 1 0 1
3.24297 3.40595 1700 -0.222932 -0.186794 27.9985 22.138 -13 6738 1 0 1
2.63864 -0.839131 1700 -0.0954992 -0.128535 27.9995 22.137 -13 6739 1 0 1
-1.87981 -0.738568 1700 0.198935 0.0420783 27.9993 22.137 -13 6740 1 0 1
-0.785357 -2.09186 1700 -0.015366 0.0780715 27.9999 22.1368 -13 6741 1 0 1
-3.13588 -1.58962 1700 0.0445685 -0.115747 27.9997 22.1369 -13 6742 1 0 1
4.0319 -0.739117 1700 -0.0338947 -0.110455 27.9998 22.1369 -13 6743 1 0 1
6.57077 0.948657 1700 -0.345182 -0.197902 27.9972 22.1388 -13 6744 1 0 1
1.96287 2.0683 1700 -0.00228485 0.0622225 27.9999 22.1368 -13 6745 1 0 1
2.27582 2.09489 1700 -0.283772 -0.375131 27.996 22.1393 -13 6746 1 0 1
-0.590468 2.27132 1700 -0.0846613 -0.0458886 27.9998 22.1369 -13 6747 1 0 1
1.3209 -7.18157 1700 0.276754 0.501154 27.9941 22.1406 -13 6748 1 0 1
4.80765 -2.19696 1700 -0.123514 0.252723 27.9986 22.1379 -13 6749 1 0 1
2.0979 2.32853 1700 0.0332703 -0.158307 27.9995 22.137 -13 6750 1 0 1
-0.104658 -1.49 1700 -0.0270851 0.258488 27.9988 22.1374 -13 6751 1 0 1
0.926626 3.61592 1700 0.0713354 -0.0526368 27.9999 22.1368 -13 6752 1 0 1
-2.46816 -2.14643 1700 0.234687 0.348712 27.9968 22.1384 -13 6753 1 0 1
0.533752 -0.316051 1700 -0.0225453 -0.213413 27.9992 22.1372 -13 6754 1 0 1
1.15804 0.153829 1700 -0.0676147 0.165706 27.9994 22.1371 -13 6755 1 0 1
-2.77011 -9.7471 1700 0.443896 0.600248 27.99 22.1434 -13 6756 1 0 1
-1.15111 5.04271 1700 -0.174101 -0.194091 27.9988 22.1379 -13 6757 1 0 1
-0.949354 -9.71379 1700 0.359531 0.589494 27.9915 22.1425 -13 6758 1 0 1
-0.380251 -8.58044 1700 0.380201 0.666494 27.9895 22.1435 -13 6759 1 0 1
-4.11884 1.6296 1700 0.0500082 -0.237672 27.9989 22.1376 -13 6760 1 0 1
3.73788 4.69339 1700 -0.164768 -0.158992 27.9991 22.1377 -13 6761 1 0 1
3.03915 1.64798 1700 -0.00685103 -0.0482337 28 22.1368 -13 6762 1 0 1
-0.867672 0.174999 1700 -0.0123552 0.0165784 28 22.1367 -13 6763 1 0 1
-1.06314 0.963217 1700 0.0840673 -0.26194 27.9986 22.1375 -13 6764 1 0 1
-0.624908 2.13248 1700 0.0477831 -0.0394703 27.9999 22.1367 -13 6765 1 0 1
-3.26018 2.2365 1700 -0.0470521 -0.21116 27.9992 22.1374 -13 6766 1 0 1
2.53291 1.268 1700 -0.12511 -0.178323 27.9992 22.1373 -13 6767 1 0 1
4.89571 -0.410461 1700 -0.104586 -0.036115 27.9998 22.137 -13 6768 1 0 1
0.0119179 -0.801142 1700 0.00261005 0.0238068 28 22.1367 -13 6769 1 0 1
-3.13095 -4.31821 1700 0.293252 0.176355 27.9979 22.138 -13 6770 1 0 1
0.367362 4.5948 1700 -0.270283 -0.574258 27.9928 22.1415 -13 6771 1 0 1
-1.72861 -0.158928 1700 0.127345 0.25737 27.9985 22.1374 -13 6772 1 0 1
-3.47631 -1.41481 1700 0.237333 0.0313297 27.999 22.1373 -13 6773 1 0 1
-0.0417442 4.23674 1700 -0.250456 -0.371102 27.9964 22.1393 -13 6774 1 0 1
2.06134 -0.0848851 1700 0.0813637 0.120696 27.9996 22.1369 -13 6775 1 0 1
4.68894 -0.649928 1700 0.00687024 -0.11615 27.9998 22.1369 -13 6776 1 0 1
3.85407 5.14379 1700 -0.376241 -0.589743 27.9913 22.1425 -13 6777 1 0 1
-1.06738 -5.32899 1700 0.425282 0.3979 27.9939 22.1404 -13 6778 1 0 1
-3.67155 -3.77551 1700 0.304006 0.270322 27.997 22.1384 -13 6779 1 0 1
1.39304 -3.23755 1700 0.0665681 0.187196 27.9993 22.1372 -13 6780 1 0 1
0.804673 -1.29255 1700 -0.0794746 0.299416 27.9983 22.1377 -13 6781 1 0 1
0.103309 3.36751 1700 -0.20422 -0.322327 27.9974 22.1386 -13 6782 1 0 1
-1.44512 -0.790357 1700 0.120848 -0.0176178 27.9997 22.1368 -13 6783 1 0 1
1.36631 5.82541 1700 -0.147795 -0.2136 27.9988 22.1379 -13 6784 1 0 1
-0.567888 1.07086 1700 -0.0170083 -0.180964 27.9994 22.1371 -13 6785 1 0 1
0.262122 -5.24946 1700 0.260382 0.359955 27.9965 22.1389 -13 6786 1 0 1
2.41428 3.81404 1700 -0.148103 0.0132711 27.9996 22.1373 -13 6787 1 0 1
-0.910609 1.05287 1700 -0.0162221 -0.0254335 28 22.1367 -13 6788 1 0 1
3.1302 3.88057 1700 -0.196925 -0.32893 27.9974 22.1386 -13 6789 1 0 1
-4.55237 -3.10074 1700 0.302961 0.0406591 27.9983 22.1378 -13 6790 1 0 1
-2.8112 3.07063 1700 -0.208098 -0.470006 27.9953 22.14 -13 6791 1 0 1
-5.33115 2.85717 1700 0.0376871 0.1244 27.9997 22.1369 -13 6792 1 0 1
-3.05307 0.518376 1700 0.0791097 0.0883419 27.9997 22.1368 -13 6793 1 0 1
1.93533 -0.206661 1700 0.111321 0.104796 27.9996 22.1369 -13 6794 1 0 1
0.47725 3.97628 1700 -0.125521 -0.167689 27.9992 22.1374 -13 6795 1 0 1
4.01014 5.30042 1700 -0.0700373 -0.176138 27.9994 22.1374 -13 6796 1 0 1
-0.660338 1.59059 1700 -0.045306 -0.0201346 28 22.1368 -13 6797 1 0 1
-1.79312 -2.66955 1700 0.0897659 0.039555 27.9998 22.1368 -13 6798 1 0 1
-0.118381 1.35977 1700 -0.0529073 -0.0857209 27.9998 22.1369 -13 6799 1 0 1
-2.19316 -2.4278 1700 -0.0501578 -0.279898 27.9986 22.1376 -13 6800 1 0 1
1.65653 -4.58276 1700 0.125512 0.053605 27.9997 22.137 -13 6801 1 0 1
-1.84263 -1.00584 1700 0.065782 0.186548 27.9993 22.137 -13 6802 1 0 1
3.16557 5.19635 1700 -0.256498 -0.494243 27.9945 22.1405 -13 6803 1 0 1
-1.63218 1.78607 1700 -0.128771 -0.316396 27.9979 22.1382 -13 6804 1 0 1
-0.379803 3.46046 1700 -0.0828606 -0.0791626 27.9998 22.137 -13 6805 1 0 1
2.57946 1.25633 1700 -0.0374609 0.0811941 27.9999 22.1369 -13 6806 1 0 1
-0.00650233 0.780872 1700 -0.144387 -0.191989 27.999 22.1374 -13 6807 1 0 1
-1.81975 3.92435 1700 -0.185024 -0.215384 27.9986 22.138 -13 6808 1 0 1
-3.46959 -2.62093 1700 0.11272 0.33514 27.9978 22.1379 -13 6809 1 0 1
-4.04003 -0.680919 1700 0.139462 0.106996 27.9994 22.137 -13 6810 1 0 1
3.64355 3.60881 1700 -0.230249 -0.50045 27.9946 22.1402 -13 6811 1 0 1
-4.58581 -0.836372 1700 0.0496284 0.0683757 27.9999 22.1368 -13 6812 1 0 1
1.5739 9.24229 1700 -0.281701 -0.546434 27.9933 22.1419 -13 6813 1 0 1
-1.30225 2.50715 1700 -0.219967 -0.266044 27.9979 22.1383 -13 6814 1 0 1
-2.98786 -4.54676 1700 0.393558 0.532864 27.9922 22.1413 -13 6815 1 0 1
-0.39722 -2.50021 1700 -0.0308497 0.015385 28 22.1367 -13 6816 1 0 1
3.43631 -1.83174 1700 0.0715103 -0.0176852 27.9999 22.1367 -13 6817 1 0 1
-4.10378 -1.19245 1700 0.253291 0.235513 27.9979 22.1378 -13 6818 1 0 1
-1.85152 5.91178 1700 -0.138657 -0.388266 27.997 22.1391 -13 6819 1 0 1
1.92147 2.54018 1700 -0.161709 -0.269718 27.9982 22.138 -13 6820 1 0 1
3.84082 2.4108 1700 -0.147505 -0.0271849 27.9996 22.1372 -13 6821 1 0 1
-1.48392 2.38449 1700 0.0766288 0.140932 27.9995 22.1369 -13 6822 1 0 1
-1.90754 2.03895 1700 0.036881 -0.082421 27.9999 22.1368 -13 6823 1 0 1
-2.66858 -3.84573 1700 0.163792 0.195768 27.9988 22.1374 -13 6824 1 0 1
2.5894 -0.413695 1700 0.0678206 0.12435 27.9996 22.1369 -13 6825 1 0 1
1.39968 -2.83461 1700 0.226185 0.366796 27.9967 22.1386 -13 6826 1 0 1
-0.031131 -2.86106 1700 0.203005 0.34941 27.9971 22.1384 -13 6827 1 0 1
2.72616 2.87045 1700 -0.174729 -0.226193 27.9985 22.1378 -13 6828 1 0 1
-0.481574 -0.0375667 1700 0.0223634 0.173346 27.9995 22.1369 -13 6829 1 0 1
0.0134782 -2.57151 1700 0.0423932 0.294003 27.9984 22.1376 -13 6830 1 0 1
2.63499 0.773314 1700 -0.0381231 -0.0120869 28 22.1368 -13 6831 1 0 1
2.33739 0.420594 1700 0.0845499 -0.113548 27.9996 22.1368 -13 6832 1 0 1
0.219219 1.99184 1700 0.107195 -0.0904171 27.9996 22.1368 -13 6833 1 0 1
-1.08699 4.28299 1700 -0.165339 -0.212555 27.9987 22.1379 -13 6834 1 0 1
1.41367 0.479802 1700 0.0331247 0.0956048 27.9998 22.1368 -13 6835 1 0 1
1.35311 3.82016 1700 -0.226122 -0.252499 27.9979 22.1383 -13 6836 1 0 1
-1.94943 -3.78225 1700 0.384163 0.31183 27.9956 22.1392 -13 6837 1 0 1
3.42308 -0.293053 1700 -0.0750834 0.269584 27.9986 22.1377 -13 6838 1 0 1
-2.28284 0.82488 1700 0.161739 -0.121661 27.9993 22.1371 -13 6839 1 0 1
-0.0863578 0.909517 1700 0.112586 0.061681 27.9997 22.1368 -13 6840 1 0 1
-0.28459 -2.59599 1700 0.0443784 -0.036248 27.9999 22.1367 -13 6841 1 0 1
0.350482 -4.4781 1700 0.123067 0.263511 27.9985 22.1377 -13 6842 1 0 1
4.02996 1.5004 1700 -0.126437 -0.123285 27.9994 22.1372 -13 6843 1 0 1
0.534924 -5.44978 1700 0.283967 0.553043 27.9931 22.141 -13 6844 1 0 1
0.692116 1.59283 1700 -0.109752 -0.272451 27.9985 22.1377 -13 6845 1 0 1
0.720141 0.415102 1700 -0.229043 -0.218702 27.9982 22.1379 -13 6846 1 0 1
-1.97965 3.1555 1700 0.0375578 -0.0503118 27.9999 22.1368 -13 6847 1 0 1
-1.35414 -1.20974 1700 0.0307878 -0.0517633 27.9999 22.1367 -13 6848 1 0 1
1.79464 -0.985558 1700 0.0339761 -0.0310938 28 22.1367 -13 6849 1 0 1
0.963702 1.41195 1700 0.0856465 0.0782496 27.9998 22.1368 -13 6850 1 0 1
-2.0064 -3.78439 1700 0.0657524 0.0669512 27.9998 22.1368 -13 6851 1 0 1
3.18875 2.93929 1700 -0.190459 -0.301372 27.9977 22.1383 -13 6852 1 0 1
0.374962 -4.02397 1700 0.0883693 0.605102 27.9933 22.1407 -13 6853 1 0 1
-3.79605 -6.49242 1700 0.45301 0.492536 27.992 22.1417 -13 6854 1 0 1
1.85688 3.26574 1700 -0.0466238 -0.121306 27.9997 22.137 -13 6855 1 0 1
-1.85009 -0.511736 1700 0.102783 0.119392 27.9996 22.1369 -13 6856 1 0 1
2.09823 1.97516 1700 -0.137955 -0.248566 27.9986 22.1377 -13 6857 1 0 1
1.3777 -1.03818 1700 -0.0175254 0.0448039 28 22.1367 -13 6858 1 0 1
0.801666 -1.22158 1700 -0.0359666 -0.027593 28 22.1367 -13 6859 1 0 1
0.113469 -3.80059 1700 0.145677 0.138393 27.9993 22.1371 -13 6860 1 0 1
-2.85962 -9.86507 1700 0.505305 0.423487 27.9922 22.1422 -13 6861 1 0 1
1.00624 -0.376806 1700 -0.135224 -0.103364 27.9995 22.1371 -13 6862 1 0 1
2.9369 -1.32475 1700 0.10533 0.198329 27.9991 22.1373 -13 6863 1 0 1
0.860629 1.38594 1700 -0.042503 0.00446786 28 22.1368 -13 6864 1 0 1
-2.47836 -7.95358 1700 0.459363 0.800699 27.9848 22.1461 -13 6865 1 0 1
-0.608989 -1.93636 1700 0.016935 -0.0813765 27.9999 22.1368 -13 6866 1 0 1
4.91267 2.42923 1700 -0.161058 -0.102953 27.9993 22.1374 -13 6867 1 0 1
-1.08563 1.44696 1700 -0.0691102 -0.151718 27.9995 22.1371 -13 6868 1 0 1
0.630363 2.81917 1700 -0.0844602 -0.0663429 27.9998 22.137 -13 6869 1 0 1
1.61788 2.83746 1700 -0.295997 -0.215674 27.9976 22.1385 -13 6870 1 0 1
-0.918886 -0.936997 1700 0.15079 0.251293 27.9985 22.1374 -13 6871 1 0 1
-3.38176 -8.45285 1700 0.334415 0.390014 27.9953 22.14 -13 6872 1 0 1
-4.9274 -1.24519 1700 0.202497 0.0849941 27.9991 22.1372 -13 6873 1 0 1
0.329347 4.02194 1700 -0.00400671 -0.271112 27.9987 22.1376 -13 6874 1 0 1
1.57923 6.70004 1700 -0.289946 -0.356171 27.9962 22.1398 -13 6875 1 0 1
-5.61354 -4.73591 1700 0.567677 0.445505 27.9907 22.1422 -13 6876 1 0 1
-0.098219 -5.18733 1700 0.375428 0.311882 27.9957 22.1393 -13 6877 1 0 1
-1.60613 -0.736369 1700 0.0293681 -0.245372 27.9989 22.1374 -13 6878 1 0 1
0.240211 0.421397 1700 0.110015 0.367704 27.9974 22.1381 -13 6879 1 0 1
-3.60791 -4.87908 1700 0.333289 0.279105 27.9966 22.1388 -13 6880 1 0 1
-0.449848 -3.66703 1700 0.230441 0.469128 27.9951 22.1395 -13 6881 1 0 1
-2.66983 -3.50382 1700 0.345284 0.359567 27.9956 22.1392 -13 6882 1 0 1
-2.55743 -2.66535 1700 0.333401 0.24357 27.997 22.1384 -13 6883 1 0 1
1.3669 0.667886 1700 0.210064 0.178433 27.9986 22.1373 -13 6884 1 0 1
-3.73664 0.317592 1700 0.250068 0.115694 27.9986 22.1373 -13 6885 1 0 1
0.736114 -2.91342 1700 0.227416 0.276534 27.9977 22.138 -13 6886 1 0 1
4.11216 -3.3181 1700 -0.055452 0.276071 27.9986 22.1378 -13 6887 1 0 1
0.128914 0.913676 1700 0.206356 0.170453 27.9987 22.1372 -13 6888 1 0 1
-0.32453 -7.16901 1700 0.333804 0.403183 27.9951 22.14 -13 6889 1 0 1
-0.974468 0.876962 1700 -0.11961 -0.315107 27.998 22.1381 -13 6890 1 0 1
2.53992 3.7947 1700 -0.0569122 -0.0570545 27.9999 22.137 -13 6891 1 0 1
-2.38531 5.41948 1700 -0.0892201 -0.265969 27.9986 22.138 -13 6892 1 0 1
0.101891 -0.858317 1700 0.085945 0.154378 27.9994 22.1369 -13 6893 1 0 1
2.20888 0.294182 1700 0.085862 -0.230881 27.9989 22.1372 -13 6894 1 0 1
0.591779 -0.390813 1700 0.0111597 0.25951 27.9988 22.1374 -13 6895 1 0 1
1.92547 2.18776 1700 -0.117944 -0.0175075 27.9997 22.137 -13 6896 1 0 1
-0.689111 -2.25303 1700 0.233267 0.244263 27.998 22.1378 -13 6897 1 0 1
-0.349133 5.13585 1700 0.0469735 0.0135775 28 22.1368 -13 6898 1 0 1
-2.31639 0.36844 1700 -0.0110058 -0.179881 27.9994 22.1371 -13 6899 1 0 1
-3.09927 -1.57941 1700 0.206285 0.0641956 27.9992 22.1371 -13 6900 1 0 1
0.931595 -0.364022 1700 -0.0332989 -0.229021 27.999 22.1372 -13 6901 1 0 1
1.64744 -1.25526 1700 0.116695 -0.0899057 27.9996 22.1368 -13 6902 1 0 1
0.531105 0.810328 1700 0.0625732 -0.202943 27.9992 22.1371 -13 6903 1 0 1
0.504572 3.25114 1700 0.106899 0.0493471 27.9998 22.1368 -13 6904 1 0 1
-1.23754 -2.4753 1700 0.19644 0.284236 27.9979 22.1378 -13 6905 1 0 1
0.665082 0.508797 1700 0.0139898 0.0592992 27.9999 22.1367 -13 6906 1 0 1
2.80448 -1.35229 1700 0.0391874 0.183797 27.9994 22.1371 -13 6907 1 0 1
1.47676 1.38756 1700 -0.0102121 0.119574 27.9997 22.1369 -13 6908 1 0 1
5.03148 6.11579 1700 -0.23633 -0.380373 27.9964 22.1395 -13 6909 1 0 1
-3.51933 5.93951 1700 -0.0838418 0.0470081 27.9998 22.1371 -13 6910 1 0 1
-0.670937 -1.56278 1700 0.111289 0.121464 27.9995 22.1369 -13 6911 1 0 1
3.11126 6.38071 1700 -0.25569 -0.683292 27.9905 22.143 -13 6912 1 0 1
-0.0406567 0.780048 1700 -0.0773781 0.0293859 27.9999 22.1368 -13 6913 1 0 1
0.264422 1.33941 1700 0.0632061 -0.127128 27.9996 22.1369 -13 6914 1 0 1
2.17584 4.46458 1700 -0.133663 -0.0617221 27.9996 22.1373 -13 6915 1 0 1
3.83464 6.64848 1700 -0.37016 -0.548832 27.9922 22.1422 -13 6916 1 0 1
1.2251 3.88245 1700 -0.255349 -0.117004 27.9986 22.138 -13 6917 1 0 1
-0.366708 -0.52923 1700 -0.113265 -0.0629371 27.9997 22.1369 -13 6918 1 0 1
-4.6711 -0.935014 1700 0.265535 0.324646 27.9969 22.1383 -13 6919 1 0 1
-1.76752 -2.11153 1700 0.238842 0.0198713 27.999 22.1372 -13 6920 1 0 1
-0.992203 1.20112 1700 -0.0411604 -0.141998 27.9996 22.137 -13 6921 1 0 1
-2.06865 3.49831 1700 -0.0750775 -0.0587711 27.9998 22.137 -13 6922 1 0 1
2.91086 2.93576 1700 -0.246991 -0.248135 27.9978 22.1383 -13 6923 1 0 1
1.53851 4.10814 1700 -0.299622 -0.431789 27.9951 22.1401 -13 6924 1 0 1
1.1165 0.0421223 1700 -0.146678 -0.103225 27.9994 22.1371 -13 6925 1 0 1
-4.75504 1.24766 1700 0.29314 0.213911 27.9976 22.1378 -13 6926 1 0 1
1.8816 5.00643 1700 -0.323127 -0.536281 27.993 22.1415 -13 6927 1 0 1
1.32852 1.20865 1700 -0.0659311 -0.0804336 27.9998 22.1369 -13 6928 1 0 1
0.629568 3.11553 1700 -0.0299659 0.161089 27.9995 22.137 -13 6929 1 0 1
0.502993 -2.35996 1700 0.1573 0.243415 27.9985 22.1375 -13 6930 1 0 1
-3.14115 -3.99467 1700 0.222117 0.137719 27.9988 22.1375 -13 6931 1 0 1
1.82501 1.92345 1700 -0.0212411 -0.245041 27.9989 22.1374 -13 6932 1 0 1
-1.80053 -2.51239 1700 0.273406 0.160279 27.9982 22.1377 -13 6933 1 0 1
-3.02079 5.52221 1700 -0.0864174 -0.482785 27.9957 22.1399 -13 6934 1 0 1
5.09301 1.69194 1700 -0.0836332 0.21037 27.9991 22.1376 -13 6935 1 0 1
2.38783 -0.734841 1700 0.0228537 0.17069 27.9995 22.137 -13 6936 1 0 1
-1.84975 1.3603 1700 -0.0838259 -0.140816 27.9995 22.1371 -13 6937 1 0 1
-3.05701 1.57686 1700 0.16524 -0.133188 27.9992 22.1372 -13 6938 1 0 1
-1.4576 1.67166 1700 0.0621033 -0.043661 27.9999 22.1367 -13 6939 1 0 1
1.18504 -0.036698 1700 -0.0956902 -0.02441 27.9998 22.1369 -13 6940 1 0 1
-0.070742 -0.361057 1700 0.0573457 0.153491 27.9995 22.1369 -13 6941 1 0 1
-0.787065 3.60573 1700 -0.175986 -0.251539 27.9983 22.1381 -13 6942 1 0 1
-3.37986 -1.27393 1700 0.113361 0.076093 27.9997 22.1369 -13 6943 1 0 1
-2.5882 0.55537 1700 0.226292 -0.00407839 27.9991 22.1371 -13 6944 1 0 1
2.86949 3.05923 1700 -0.200267 -0.191035 27.9986 22.1378 -13 6945 1 0 1
3.57626 -0.696131 1700 -0.0866565 -0.116237 27.9996 22.137 -13 6946 1 0 1
-0.400089 -3.28726 1700 0.120454 0.0118336 27.9997 22.1368 -13 6947 1 0 1
-0.198018 -0.13779 1700 0.202613 0.310736 27.9975 22.1379 -13 6948 1 0 1
2.4351 0.585661 1700 -0.000884624 0.00502374 28 22.1367 -13 6949 1 0 1
3.40704 6.9839 1700 -0.344542 -0.232988 27.9969 22.1395 -13 6950 1 0 1
-1.74849 -2.47896 1700 0.0342471 0.114994 27.9997 22.1368 -13 6951 1 0 1
-3.96133 -1.5252 1700 0.156338 -0.0743274 27.9995 22.1371 -13 6952 1 0 1
3.11243 4.00533 1700 -0.199011 -0.576305 27.9934 22.1409 -13 6953 1 0 1
4.57713 8.43298 1700 -0.350966 -0.48184 27.9937 22.1416 -13 6954 1 0 1
-2.08601 -6.03699 1700 0.347551 0.305928 27.9962 22.1392 -13 6955 1 0 1
0.702921 -2.61047 1700 0.148341 0.0883456 27.9995 22.137 -13 6956 1 0 1
0.580276 -2.64669 1700 0.080423 0.107104 27.9997 22.1369 -13 6957 1 0 1
0.159629 2.1458 1700 -0.0697382 0.0854324 27.9998 22.1369 -13 6958 1 0 1
1.14448 1.49575 1700 -0.150329 0.144595 27.9992 22.1373 -13 6959 1 0 1
0.275274 3.59401 1700 -0.161635 -0.390037 27.9968 22.1389 -13 6960 1 0 1
4.38877 -0.89972 1700 -0.00854576 -0.0957787 27.9998 22.1368 -13 6961 1 0 1
-1.3572 2.52387 1700 0.0321706 -0.170011 27.9995 22.1371 -13 6962 1 0 1
-1.70204 1.90225 1700 0.160814 0.0522236 27.9995 22.1369 -13 6963 1 0 1
0.182712 0.623671 1700 0.024282 0.00983 28 22.1367 -13 6964 1 0 1
0.262005 1.46898 1700 -0.103955 -0.131629 27.9995 22.1371 -13 6965 1 0 1
0.302077 -1.90609 1700 -0.0374869 0.236805 27.999 22.1373 -13 6966 1 0 1
2.34421 0.0882511 1700 0.0258545 0.175596 27.9994 22.1371 -13 6967 1 0 1
3.50938 3.81972 1700 -0.0848869 -0.178014 27.9993 22.1373 -13 6968 1 0 1
0.828218 0.411771 1700 -0.114085 -0.240349 27.9987 22.1375 -13 6969 1 0 1
0.336021 -2.14922 1700 0.105528 0.22005 27.9989 22.1373 -13 6970 1 0 1
-3.99278 0.567952 1700 0.196985 -0.114216 27.9991 22.1373 -13 6971 1 0 1
-2.852 -2.97149 1700 0.137657 0.345804 27.9975 22.138 -13 6972 1 0 1
-0.303978 0.925158 1700 0.073327 0.0194157 27.9999 22.1367 -13 6973 1 0 1
-0.1799 -3.04925 1700 0.011607 -0.270587 27.9987 22.1375 -13 6974 1 0 1
-3.05101 -5.99319 1700 0.385609 0.351451 27.9951 22.1398 -13 6975 1 0 1
-1.5688 0.877104 1700 0.111498 0.0276147 27.9998 22.1367 -13 6976 1 0 1
-2.07296 6.61945 1700 -0.155424 -0.436282 27.9962 22.1398 -13 6977 1 0 1
-1.07163 5.37095 1700 -0.22875 -0.314108 27.9973 22.1389 -13 6978 1 0 1
2.31453 1.19886 1700 -0.0192574 0.159338 27.9995 22.137 -13 6979 1 0 1
6.56042 2.319 1700 -0.193027 0.0657239 27.9993 22.1377 -13 6980 1 0 1
-4.86086 -1.49038 1700 0.281393 0.0193242 27.9986 22.1376 -13 6981 1 0 1
0.650476 6.02634 1700 -0.135809 -0.381422 27.9971 22.139 -13 6982 1 0 1
0.0040006 0.156199 1700 0.0201214 -0.279083 27.9986 22.1375 -13 6983 1 0 1
-1.14225 -0.640782 1700 0.173182 0.225726 27.9986 22.1374 -13 6984 1 0 1
-1.60567 -1.37284 1700 0.125617 -0.00649302 27.9997 22.1368 -13 6985 1 0 1
2.1283 -1.99652 1700 0.0873651 0.268408 27.9986 22.1376 -13 6986 1 0 1
1.11694 -4.82648 1700 0.227444 0.493952 27.9947 22.14 -13 6987 1 0 1
2.40392 3.44902 1700 0.00194719 0.146091 27.9996 22.137 -13 6988 1 0 1
0.16086 -2.29689 1700 0.0301069 0.227531 27.9991 22.1372 -13 6989 1 0 1
-0.789526 -0.900428 1700 -0.0560795 -0.0114999 27.9999 22.1367 -13 6990 1 0 1
3.65054 3.29911 1700 -0.308598 -0.281731 27.9969 22.139 -13 6991 1 0 1
-2.10022 0.492961 1700 0.16128 0.158175 27.9991 22.1371 -13 6992 1 0 1
-1.70298 -2.07973 1700 0.248826 0.287289 27.9974 22.1381 -13 6993 1 0 1
1.02841 4.43232 1700 -0.111231 -0.218224 27.9989 22.1376 -13 6994 1 0 1
3.51087 2.10871 1700 -0.0861918 -0.0493494 27.9998 22.137 -13 6995 1 0 1
-1.516 -0.0287285 1700 0.0527053 -0.201151 27.9992 22.1372 -13 6996 1 0 1
0.62283 2.39517 1700 -0.112165 -0.199519 27.9991 22.1374 -13 6997 1 0 1
-0.0731046 -3.70465 1700 0.0427405 0.171025 27.9994 22.1371 -13 6998 1 0 1
0.54655 -0.956897 1700 0.0954206 -0.123957 27.9996 22.1369 -13 6999 1 0 1
-2.41106 2.72767 1700 -0.109469 -0.107118 27.9996 22.1372 -13 7000 1 0 1
-2.955 -0.204759 1700 0.0501314 0.0993621 27.9998 22.1368 -13 7001 1 0 1
0.84985 -5.67041 1700 0.210109 0.235836 27.9982 22.1379 -13 7002 1 0 1
1.81871 -2.39113 1700 0.112041 0.0962119 27.9996 22.1369 -13 7003 1 0 1
1.16552 5.40531 1700 -0.309813 -0.460649 27.9945 22.1407 -13 7004 1 0 1
-0.0344851 -3.69129 1700 0.0904602 -0.0825462 27.9997 22.1369 -13 7005 1 0 1
-1.81369 0.816504 1700 -0.0851675 -0.0544153 27.9998 22.1369 -13 7006 1 0 1
1.19281 -1.82319 1700 0.0197137 -0.0690738 27.9999 22.1367 -13 7007 1 0 1
-3.16715 -7.08469 1700 0.497553 0.462395 27.9918 22.1419 -13 7008 1 0 1
-1.56877 0.230607 1700 0.0552264 -0.0387463 27.9999 22.1367 -13 7009 1 0 1
-4.50441 -3.51463 1700 0.218177 0.261098 27.9979 22.1379 -13 7010 1 0 1
3.93558 3.58725 1700 -0.288101 -0.530523 27.9935 22.1409 -13 7011 1 0 1
2.0083 2.84077 1700 -0.255367 -0.214165 27.998 22.1382 -13 7012 1 0 1
2.21324 0.225634 1700 0.052152 -0.05705 27.9999 22.1367 -13 7013 1 0 1
-2.26306 -2.19971 1700 0.0416767 -0.00910764 28 22.1367 -13 7014 1 0 1
3.06366 7.1989 1700 -0.395001 -0.433216 27.9939 22.1414 -13 7015 1 0 1
-2.13066 -1.73564 1700 0.311545 0.323874 27.9964 22.1386 -13 7016 1 0 1
0.978827 0.789269 1700 -0.032944 -0.0519179 27.9999 22.1368 -13 7017 1 0 1
-0.90878 -2.68506 1700 0.194696 0.138116 27.999 22.1372 -13 7018 1 0 1
1.24934 7.10307 1700 -0.259262 -0.233717 27.9978 22.1388 -13 7019 1 0 1
-1.08506 -0.201948 1700 -0.045297 -0.314437 27.9982 22.1378 -13 7020 1 0 1
-0.505016 1.77205 1700 -0.0859013 -0.0255356 27.9999 22.1369 -13 7021 1 0 1
2.74967 1.90745 1700 0.0459522 -0.149316 27.9996 22.1369 -13 7022 1 0 1
-0.449227 -0.801583 1700 0.0215548 0.0519219 27.9999 22.1367 -13 7023 1 0 1
-1.12976 5.42043 1700 -0.268791 -0.405902 27.9958 22.1399 -13 7024 1 0 1
-1.86196 -0.670864 1700 0.113603 0.165626 27.9993 22.137 -13 7025 1 0 1
-1.12965 -5.2393 1700 0.328854 0.412766 27.995 22.1397 -13 7026 1 0 1
-1.57338 -0.620776 1700 0.171939 -0.21076 27.9987 22.1374 -13 7027 1 0 1
-0.721189 -4.70965 1700 0.16663 -0.0578928 27.9994 22.1371 -13 7028 1 0 1
-1.96493 2.80648 1700 0.0582392 -0.0639749 27.9999 22.1368 -13 7029 1 0 1
-0.20657 4.77656 1700 -0.0525195 -0.145329 27.9996 22.1372 -13 7030 1 0 1
-0.451615 -1.15136 1700 -0.00906609 0.119924 27.9997 22.1368 -13 7031 1 0 1
-1.57097 -0.362369 1700 0.176591 0.249225 27.9983 22.1375 -13 7032 1 0 1
-2.0499 0.438782 1700 0.0203501 0.0835349 27.9999 22.1367 -13 7033 1 0 1
1.87852 -2.27524 1700 0.0763881 0.0909837 27.9997 22.1368 -13 7034 1 0 1
0.742186 -0.842325 1700 0.171979 0.237972 27.9985 22.1375 -13 7035 1 0 1
-1.15953 -3.90267 1700 0.37725 0.385327 27.9948 22.1397 -13 7036 1 0 1
2.43143 0.749965 1700 -0.0981329 0.0219246 27.9998 22.1369 -13 7037 1 0 1
-1.1145 -3.27634 1700 0.0656501 0.323114 27.9981 22.1378 -13 7038 1 0 1
3.18048 -1.31585 1700 0.0322757 -0.0307096 28 22.1367 -13 7039 1 0 1
-3.145 1.38162 1700 0.0600341 -0.141069 27.9996 22.137 -13 7040 1 0 1
0.613458 -2.18924 1700 0.236712 0.231133 27.998 22.1378 -13 7041 1 0 1
1.67422 4.51844 1700 -0.128242 -0.140356 27.9994 22.1374 -13 7042 1 0 1
-1.5959 -0.468738 1700 0.42575 0.248713 27.9957 22.1389 -13 7043 1 0 1
1.69891 2.79565 1700 -0.0571111 -0.238323 27.9989 22.1374 -13 7044 1 0 1
2.09164 -1.59628 1700 0.081269 0.0295488 27.9999 22.1367 -13 7045 1 0 1
-2.01592 0.158207 1700 -0.0633799 -0.270602 27.9986 22.1376 -13 7046 1 0 1
-2.93095 -2.0719 1700 0.145419 0.131221 27.9993 22.137 -13 7047 1 0 1
3.73341 1.76732 1700 -0.12772 -0.180448 27.9991 22.1374 -13 7048 1 0 1
-1.37185 2.48242 1700 -0.0274244 -0.321342 27.9981 22.138 -13 7049 1 0 1
0.969021 -5.01511 1700 0.3563 0.367792 27.9953 22.1396 -13 7050 1 0 1
-3.29731 -0.240341 1700 0.274358 0.0594337 27.9986 22.1374 -13 7051 1 0 1
1.79797 2.54351 1700 -0.162917 0.0583994 27.9995 22.1373 -13 7052 1 0 1
-0.951282 1.52189 1700 -0.066997 0.00188219 27.9999 22.1368 -13 7053 1 0 1
0.437631 -4.24229 1700 0.295764 0.238206 27.9974 22.1383 -13 7054 1 0 1
2.78885 -1.07864 1700 0.202913 0.311374 27.9975 22.1381 -13 7055 1 0 1
0.223828 -1.56149 1700 0.0807113 0.347569 27.9977 22.138 -13 7056 1 0 1
1.79668 -3.72433 1700 0.130276 0.33962 27.9976 22.1382 -13 7057 1 0 1
2.42467 1.09321 1700 0.0392795 0.24341 27.9989 22.1374 -13 7058 1 0 1
3.62417 2.20032 1700 -0.10157 -0.20162 27.9991 22.1374 -13 7059 1 0 1
-0.924449 6.12772 1700 -0.214315 -0.233099 27.9982 22.1384 -13 7060 1 0 1
-0.6449 2.35908 1700 -0.0221289 -0.184263 27.9994 22.1372 -13 7061 1 0 1
1.12737 1.00143 1700 -0.15998 -0.164716 27.9991 22.1374 -13 7062 1 0 1
1.58647 -3.01564 1700 0.148088 0.423036 27.9964 22.1389 -13 7063 1 0 1
-2.85102 3.54375 1700 -0.0195846 -0.101108 27.9998 22.137 -13 7064 1 0 1
0.17823 -7.95604 1700 0.414917 0.640311 27.9896 22.1434 -13 7065 1 0 1
5.50123 -3.10244 1700 0.0589784 0.363706 27.9976 22.1386 -13 7066 1 0 1
0.955524 -2.04379 1700 -0.0349921 0.0735799 27.9999 22.1368 -13 7067 1 0 1
0.962038 -1.47288 1700 0.0169144 0.153494 27.9996 22.1369 -13 7068 1 0 1
-5.19291 -4.98804 1700 0.29254 0.158351 27.998 22.1381 -13 7069 1 0 1
-0.384285 1.41797 1700 0.125002 -0.038031 27.9997 22.1368 -13 7070 1 0 1
0.427553 2.03096 1700 -0.165443 -0.260151 27.9983 22.1379 -13 7071 1 0 1
2.70641 3.63998 1700 -0.141214 -0.215039 27.9988 22.1377 -13 7072 1 0 1
1.52452 -3.24277 1700 0.166818 0.321254 27.9977 22.1381 -13 7073 1 0 1
0.264252 -1.41697 1700 0.246052 0.0949512 27.9988 22.1373 -13 7074 1 0 1
1.07139 -1.14133 1700 -0.0251221 0.327666 27.9981 22.1379 -13 7075 1 0 1
-0.507758 -1.88316 1700 0.253433 0.423831 27.9956 22.1391 -13 7076 1 0 1
-4.01459 -1.52375 1700 0.174175 0.44432 27.9959 22.1388 -13 7077 1 0 1
-0.495179 -1.72019 1700 -0.179612 -0.258741 27.9982 22.1378 -13 7078 1 0 1
-0.809299 2.74375 1700 -0.0389838 -0.0749546 27.9999 22.1369 -13 7079 1 0 1
-0.63687 -2.62768 1700 0.19029 0.254629 27.9982 22.1377 -13 7080 1 0 1
1.57264 1.99357 1700 0.0143117 -0.0899491 27.9999 22.1368 -13 7081 1 0 1
1.80186 0.625669 1700 -0.0656152 -0.108838 27.9997 22.1369 -13 7082 1 0 1
1.52859 -1.72857 1700 0.128708 0.18843 27.9991 22.1372 -13 7083 1 0 1
1.70255 -3.66719 1700 0.211621 0.14505 27.9988 22.1374 -13 7084 1 0 1
-3.38144 2.80577 1700 -0.015462 -0.0482331 28 22.1369 -13 7085 1 0 1
-2.37768 2.77442 1700 -0.0653417 -0.0637642 27.9999 22.1369 -13 7086 1 0 1
0.330168 1.2161 1700 0.00194552 -0.0426246 28 22.1367 -13 7087 1 0 1
-0.66291 -2.08264 1700 0.0664799 0.145509 27.9995 22.1369 -13 7088 1 0 1
-3.78245 -2.17397 1700 0.30327 0.324096 27.9965 22.1386 -13 7089 1 0 1
-1.17787 -0.919323 1700 0.171721 0.310467 27.9978 22.1378 -13 7090 1 0 1
0.667812 -1.95364 1700 0.060729 -0.231103 27.999 22.1372 -13 7091 1 0 1
1.48896 0.68112 1700 -0.0669582 -0.0705735 27.9998 22.1368 -13 7092 1 0 1
-2.05643 -0.810339 1700 0.0994665 0.233056 27.9989 22.1372 -13 7093 1 0 1
-1.9796 -5.20616 1700 0.255508 0.175448 27.9983 22.1378 -13 7094 1 0 1
0.160352 -1.46943 1700 0.148092 0.0974086 27.9994 22.1369 -13 7095 1 0 1
-0.0598926 -2.94628 1700 0.305884 0.243256 27.9973 22.1382 -13 7096 1 0 1
1.8718 2.14985 1700 0.0563791 -0.0201111 27.9999 22.1367 -13 7097 1 0 1
-3.93335 -5.56248 1700 0.390042 0.406295 27.9943 22.1402 -13 7098 1 0 1
-2.4524 -6.23774 1700 0.231902 0.283589 27.9976 22.1383 -13 7099 1 0 1
2.00279 1.69225 1700 -0.0153569 -0.100159 27.9998 22.1368 -13 7100 1 0 1
-0.0663602 -1.82815 1700 0.115176 0.299499 27.9982 22.1377 -13 7101 1 0 1
-0.503252 -3.61869 1700 0.134083 0.106346 27.9995 22.137 -13 7102 1 0 1
-0.87067 0.530516 1700 -0.0847963 -0.185934 27.9993 22.1372 -13 7103 1 0 1
0.397232 1.83384 1700 0.015093 -0.0294991 28 22.1367 -13 7104 1 0 1
0.343782 -1.01372 1700 -0.0134846 0.115048 27.9998 22.1368 -13 7105 1 0 1
0.753012 0.180429 1700 0.229729 0.43657 27.9957 22.139 -13 7106 1 0 1
-1.33917 -0.917175 1700 0.0132821 -0.124377 27.9997 22.1369 -13 7107 1 0 1
4.66256 -2.01361 1700 -0.00678273 0.151277 27.9996 22.1372 -13 7108 1 0 1
-3.77115 -4.38907 1700 0.359451 0.587018 27.9915 22.1416 -13 7109 1 0 1
0.226455 0.0782558 1700 0.0502117 -0.102254 27.9998 22.1368 -13 7110 1 0 1
-0.122366 0.891046 1700 -0.0246003 -0.153557 27.9996 22.137 -13 7111 1 0 1
-2.29081 -3.94961 1700 0.171778 0.135802 27.9991 22.1372 -13 7112 1 0 1
1.03733 -2.8154 1700 0.249466 0.0412852 27.9989 22.1373 -13 7113 1 0 1
-1.92834 -1.90501 1700 0.23784 0.648082 27.9915 22.1414 -13 7114 1 0 1
-1.34595 -1.36061 1700 0.24111 0.291677 27.9974 22.138 -13 7115 1 0 1
0.425942 -5.10073 1700 0.179389 0.213108 27.9986 22.1376 -13 7116 1 0 1
2.84907 -0.983347 1700 0.102686 0.122328 27.9995 22.137 -13 7117 1 0 1
-0.582697 2.38906 1700 -0.0239967 -0.173436 27.9995 22.1371 -13 7118 1 0 1
-0.537321 -5.3612 1700 0.235682 0.617273 27.9922 22.1414 -13 7119 1 0 1
-1.08043 -2.76123 1700 0.445412 0.370509 27.994 22.14 -13 7120 1 0 1
0.700697 -0.0934595 1700 0.0166666 -0.217058 27.9992 22.1372 -13 7121 1 0 1
0.545229 8.63687 1700 -0.206899 -0.527533 27.9943 22.1411 -13 7122 1 0 1
-4.76935 1.6535 1700 0.149955 -0.236573 27.9986 22.1377 -13 7123 1 0 1
1.49071 0.70106 1700 -0.0583461 -0.209559 27.9992 22.1372 -13 7124 1 0 1
1.4354 1.92425 1700 0.0791555 -0.064907 27.9998 22.1367 -13 7125 1 0 1
3.23013 3.11303 1700 0.0964026 -0.063433 27.9998 22.1368 -13 7126 1 0 1
0.951865 -2.64319 1700 -0.104406 -0.0609731 27.9997 22.1369 -13 7127 1 0 1
-0.768042 1.65988 1700 0.0112764 0.0301306 28 22.1367 -13 7128 1 0 1
-4.13004 -3.55605 1700 0.179995 0.114968 27.9992 22.1372 -13 7129 1 0 1
0.325348 3.05298 1700 -0.040768 0.0652887 27.9999 22.1368 -13 7130 1 0 1
3.25259 0.970256 1700 -0.0916705 0.0410317 27.9998 22.137 -13 7131 1 0 1
1.39068 5.57079 1700 -0.259835 -0.540087 27.9936 22.1411 -13 7132 1 0 1
-2.08516 -1.63624 1700 0.204638 0.0965672 27.9991 22.1371 -13 7133 1 0 1
1.19958 2.4115 1700 -0.0284851 -0.371992 27.9975 22.1382 -13 7134 1 0 1
-1.98769 0.772926 1700 -0.0940974 -0.100683 27.9997 22.137 -13 7135 1 0 1
0.942632 0.197726 1700 -0.0246864 -0.00513241 28 22.1367 -13 7136 1 0 1
-2.44804 -0.418369 1700 0.234789 0.0608411 27.9989 22.1372 -13 7137 1 0 1
0.561449 1.73283 1700 -0.0372121 -0.176699 27.9994 22.1371 -13 7138 1 0 1
1.39382 -0.413827 1700 0.016552 0.130116 27.9997 22.1369 -13 7139 1 0 1
-0.784806 -1.32264 1700 0.138062 -0.0730745 27.9996 22.1369 -13 7140 1 0 1
0.661384 0.401191 1700 -0.0153678 -0.148091 27.9996 22.1369 -13 7141 1 0 1
-0.0715733 3.85745 1700 -0.0892075 -0.267756 27.9986 22.1378 -13 7142 1 0 1
-1.40233 -3.81006 1700 0.156481 0.185354 27.9989 22.1373 -13 7143 1 0 1
-0.355613 1.12182 1700 -0.050583 0.0725119 27.9999 22.1368 -13 7144 1 0 1
0.609862 3.72168 1700 -0.172775 -0.219102 27.9986 22.1379 -13 7145 1 0 1
-0.310225 -2.72859 1700 0.30375 0.605458 27.9918 22.1414 -13 7146 1 0 1
0.487021 2.32552 1700 0.10985 -0.0938508 27.9996 22.1368 -13 7147 1 0 1
-0.985825 -1.95847 1700 0.0977739 0.207223 27.9991 22.1372 -13 7148 1 0 1
-0.979362 -0.184771 1700 0.0608457 0.0240256 27.9999 22.1367 -13 7149 1 0 1
-3.67591 1.42611 1700 -0.0403587 -0.510396 27.9953 22.1399 -13 7150 1 0 1
-0.699759 -0.583568 1700 0.029416 0.118722 27.9997 22.1368 -13 7151 1 0 1
-1.30076 -0.427542 1700 0.0673072 0.0503288 27.9999 22.1367 -13 7152 1 0 1
2.21801 3.96732 1700 0.047182 -0.0759261 27.9999 22.1368 -13 7153 1 0 1
-0.242883 1.22137 1700 0.107935 -0.100438 27.9996 22.1368 -13 7154 1 0 1
-2.70392 3.30945 1700 0.00630447 -0.0885658 27.9999 22.1369 -13 7155 1 0 1
1.09453 -1.96476 1700 0.215153 0.276892 27.9978 22.1379 -13 7156 1 0 1
0.745768 -1.98884 1700 0.209429 0.22408 27.9983 22.1376 -13 7157 1 0 1
-1.50347 -3.55782 1700 0.409731 0.231493 27.996 22.139 -13 7158 1 0 1
2.32571 5.17458 1700 -0.207827 -0.43076 27.9959 22.1396 -13 7159 1 0 1
0.0358856 -1.5846 1700 0.00105169 0.103976 27.9998 22.1368 -13 7160 1 0 1
-0.300149 3.69724 1700 -0.0522042 -0.04478 27.9999 22.1369 -13 7161 1 0 1
5.70564 1.07044 1700 -0.225349 -0.193715 27.9984 22.1379 -13 7162 1 0 1
0.277076 3.84486 1700 -0.174295 -0.388629 27.9968 22.139 -13 7163 1 0 1
5.62104 3.27877 1700 -0.11325 -0.00601676 27.9998 22.1372 -13 7164 1 0 1
3.47396 1.19029 1700 -0.197221 0.00887268 27.9993 22.1374 -13 7165 1 0 1
0.0802046 1.7509 1700 0.0893235 0.0531164 27.9998 22.1367 -13 7166 1 0 1
-0.786816 -0.049583 1700 0.10383 0.117525 27.9996 22.1368 -13 7167 1 0 1
5.40672 6.60752 1700 -0.370206 -0.161932 27.9971 22.1395 -13 7168 1 0 1
1.12665 1.33291 1700 0.0903496 0.193214 27.9992 22.1371 -13 7169 1 0 1
0.907096 3.61332 1700 -0.186529 -0.0629147 27.9993 22.1374 -13 7170 1 0 1
-4.14723 0.416958 1700 0.178238 0.071437 27.9993 22.137 -13 7171 1 0 1
4.0589 2.29573 1700 0.0331453 0.0517894 27.9999 22.1368 -13 7172 1 0 1
2.83928 1.64475 1700 -0.0200106 -0.151145 27.9996 22.137 -13 7173 1 0 1
0.456242 0.794594 1700 0.179877 0.0159208 27.9994 22.1369 -13 7174 1 0 1
2.15343 1.03349 1700 -0.0890134 -0.105621 27.9997 22.137 -13 7175 1 0 1
-0.380802 3.21839 1700 -0.00393156 -0.504408 27.9955 22.1396 -13 7176 1 0 1
-0.507177 -2.72543 1700 0.123843 0.212976 27.9989 22.1373 -13 7177 1 0 1
-1.86002 0.235009 1700 0.169179 0.166025 27.999 22.1371 -13 7178 1 0 1
-2.17994 -1.0571 1700 0.153336 -0.265991 27.9983 22.1377 -13 7179 1 0 1
2.61505 -1.11399 1700 0.089468 0.0768813 27.9998 22.1368 -13 7180 1 0 1
0.586064 8.44558 1700 -0.415041 -0.878362 27.9831 22.1481 -13 7181 1 0 1
-0.431119 4.13515 1700 0.0455887 -0.0508806 27.9999 22.1368 -13 7182 1 0 1
1.62395 -0.821335 1700 0.103657 0.0371146 27.9998 22.1368 -13 7183 1 0 1
0.637621 -2.76616 1700 0.0815928 0.152683 27.9995 22.137 -13 7184 1 0 1
2.47502 5.00395 1700 -0.110303 -0.202665 27.999 22.1376 -13 7185 1 0 1
-0.268511 3.62814 1700 -0.102393 -0.193758 27.9991 22.1375 -13 7186 1 0 1
-2.4311 -1.43488 1700 0.00169646 0.0361792 28 22.1367 -13 7187 1 0 1
0.470075 4.45675 1700 -0.105564 -0.211169 27.999 22.1376 -13 7188 1 0 1
1.83779 0.918375 1700 0.0707759 0.0169404 27.9999 22.1367 -13 7189 1 0 1
-1.99044 0.354947 1700 -0.0323286 -0.242664 27.9989 22.1374 -13 7190 1 0 1
0.169435 4.35509 1700 -0.147605 -0.398149 27.9968 22.139 -13 7191 1 0 1
1.2859 1.4752 1700 -0.058837 -0.270652 27.9986 22.1376 -13 7192 1 0 1
-0.582002 0.991577 1700 -0.0426989 -0.247999 27.9989 22.1374 -13 7193 1 0 1
1.26999 -4.97221 1700 0.319506 0.3426 27.9961 22.1392 -13 7194 1 0 1
-0.214981 4.25209 1700 -0.173683 -0.173497 27.9989 22.1377 -13 7195 1 0 1
-1.82486 -4.16169 1700 0.250564 0.189648 27.9982 22.1378 -13 7196 1 0 1
-1.15278 2.64831 1700 -0.0120795 -0.0893801 27.9999 22.1369 -13 7197 1 0 1
-1.65852 6.93434 1700 -0.233789 -0.537119 27.9939 22.1413 -13 7198 1 0 1
-0.0310998 -1.15056 1700 0.0310767 -0.0849463 27.9999 22.1367 -13 7199 1 0 1
4.48742 5.92748 1700 -0.273183 -0.426417 27.9954 22.1401 -13 7200 1 0 1
-3.87268 -0.420899 1700 0.00908457 0.0114826 28 22.1367 -13 7201 1 0 1
-1.01871 -3.23496 1700 0.119446 0.232537 27.9988 22.1374 -13 7202 1 0 1
-4.48439 -2.5612 1700 0.148696 -0.108981 27.9994 22.1372 -13 7203 1 0 1
-3.06021 -10.9351 1700 0.572382 0.868117 27.9807 22.1492 -13 7204 1 0 1
-1.12389 -1.6548 1700 0.187261 0.153129 27.999 22.1372 -13 7205 1 0 1
-6.18735 -7.75062 1700 0.575384 0.780228 27.9832 22.1469 -13 7206 1 0 1
4.38099 -0.465742 1700 0.0836549 0.0121844 27.9999 22.1368 -13 7207 1 0 1
-1.36717 1.26022 1700 -0.103373 -0.139142 27.9995 22.1371 -13 7208 1 0 1
4.06229 1.28311 1700 -0.101922 0.248521 27.9987 22.1378 -13 7209 1 0 1
-0.546052 -0.346215 1700 0.129729 -0.203218 27.999 22.1372 -13 7210 1 0 1
3.98036 -3.2283 1700 -0.109363 0.25795 27.9986 22.1378 -13 7211 1 0 1
4.21127 0.978918 1700 0.000667714 0.0969857 27.9998 22.1369 -13 7212 1 0 1
0.126245 -0.714284 1700 0.199415 0.0508225 27.9992 22.137 -13 7213 1 0 1
-0.89663 -4.05499 1700 0.232609 0.555479 27.9935 22.1405 -13 7214 1 0 1
5.22391 2.61146 1700 -0.25646 -0.348853 27.9967 22.139 -13 7215 1 0 1
2.14602 -4.40649 1700 0.0920685 0.119055 27.9996 22.137 -13 7216 1 0 1
-4.61518 -6.3128 1700 0.43982 0.307317 27.9949 22.1401 -13 7217 1 0 1
-3.38064 -5.42919 1700 0.225378 0.185518 27.9985 22.1378 -13 7218 1 0 1
2.14075 0.996206 1700 -0.0121768 0.117372 27.9998 22.1369 -13 7219 1 0 1
-1.57157 3.57035 1700 -0.0911342 -0.273337 27.9985 22.1379 -13 7220 1 0 1
1.0722 -0.297284 1700 0.104786 0.0789709 27.9997 22.1368 -13 7221 1 0 1
-1.9798 1.59804 1700 0.0733723 -0.0921887 27.9998 22.1368 -13 7222 1 0 1
1.93795 0.885133 1700 -0.112979 -0.278187 27.9984 22.1377 -13 7223 1 0 1
3.40276 2.2865 1700 -0.326923 -0.506446 27.9935 22.1408 -13 7224 1 0 1
2.55171 4.94983 1700 -0.265559 -0.0114798 27.9987 22.138 -13 7225 1 0 1
1.60019 0.681801 1700 0.0308955 -0.0085574 28 22.1367 -13 7226 1 0 1
0.0772261 -5.86279 1700 0.374278 0.489858 27.9932 22.1409 -13 7227 1 0 1
3.35637 3.52493 1700 -0.101172 0.066292 27.9997 22.1371 -13 7228 1 0 1
-1.53841 4.30313 1700 -0.083439 -0.113048 27.9996 22.1372 -13 7229 1 0 1
-1.37391 5.68634 1700 -0.169999 -0.680542 27.9912 22.1426 -13 7230 1 0 1
-2.75535 -6.09903 1700 0.20226 0.132369 27.999 22.1375 -13 7231 1 0 1
2.67777 2.31029 1700 -0.0807687 -0.148797 27.9995 22.1371 -13 7232 1 0 1
2.25276 -0.607068 1700 0.0935026 0.16616 27.9994 22.1371 -13 7233 1 0 1
0.688899 1.49248 1700 0.032269 -0.158543 27.9995 22.137 -13 7234 1 0 1
0.744723 -0.703094 1700 0.0269777 0.0595013 27.9999 22.1367 -13 7235 1 0 1
-2.22193 -2.65168 1700 0.207376 0.321773 27.9974 22.1381 -13 7236 1 0 1
3.04458 2.93835 1700 -0.0939011 -0.0341672 27.9998 22.137 -13 7237 1 0 1
0.860834 -0.923197 1700 0.155666 0.388488 27.9969 22.1384 -13 7238 1 0 1
2.41796 -3.25979 1700 0.137555 0.0141354 27.9997 22.1369 -13 7239 1 0 1
1.16906 1.06895 1700 -0.0591576 -0.186007 27.9993 22.1371 -13 7240 1 0 1
2.14883 1.70404 1700 0.0233541 0.305078 27.9983 22.1377 -13 7241 1 0 1
-4.66054 -5.00691 1700 0.381891 0.515979 27.9926 22.141 -13 7242 1 0 1
1.46259 -0.76736 1700 -0.225815 -0.0721373 27.999 22.1374 -13 7243 1 0 1
1.64265 -3.56707 1700 0.129561 0.0546481 27.9996 22.1369 -13 7244 1 0 1
0.141085 0.320125 1700 -0.0619305 -0.214235 27.9991 22.1373 -13 7245 1 0 1
-0.338714 -5.37319 1700 0.402541 0.511703 27.9924 22.1413 -13 7246 1 0 1
-0.165419 -1.1192 1700 -0.0280631 -0.261478 27.9988 22.1374 -13 7247 1 0 1
-3.21385 -5.86902 1700 0.348651 0.592828 27.9916 22.1418 -13 7248 1 0 1
-1.21116 -1.37089 1700 0.143843 0.242415 27.9986 22.1374 -13 7249 1 0 1
0.482972 -1.98837 1700 0.122756 0.179262 27.9992 22.1371 -13 7250 1 0 1
0.929055 0.201717 1700 -0.168778 -0.226702 27.9986 22.1376 -13 7251 1 0 1
1.57232 -4.57916 1700 0.216272 0.422045 27.996 22.1392 -13 7252 1 0 1
-7.10743 -7.14179 1700 0.383204 0.134736 27.9971 22.1391 -13 7253 1 0 1
-2.10678 -4.40594 1700 0.203729 -0.0191197 27.9993 22.1372 -13 7254 1 0 1
1.59066 2.44291 1700 -0.00573085 0.0184944 28 22.1367 -13 7255 1 0 1
1.65732 -8.23527 1700 0.488517 0.456728 27.992 22.1421 -13 7256 1 0 1
-3.27051 -3.24585 1700 0.35766 0.512525 27.993 22.1406 -13 7257 1 0 1
-2.27677 0.238746 1700 0.084553 -0.0601969 27.9998 22.1368 -13 7258 1 0 1
0.791491 1.62005 1700 -0.140032 -0.117128 27.9994 22.1372 -13 7259 1 0 1
-2.45146 -1.67079 1700 0.410094 0.387578 27.9943 22.1397 -13 7260 1 0 1
0.329663 1.07624 1700 -0.0411934 0.0462782 27.9999 22.1368 -13 7261 1 0 1
-1.00395 0.465965 1700 0.272664 0.355671 27.9964 22.1385 -13 7262 1 0 1
-1.80695 -2.98812 1700 0.115682 0.0921412 27.9996 22.1369 -13 7263 1 0 1
-1.88905 -0.25257 1700 0.152757 0.0290839 27.9996 22.1369 -13 7264 1 0 1
1.57404 -2.51544 1700 0.139402 0.117775 27.9994 22.137 -13 7265 1 0 1
-1.26623 0.102872 1700 0.17056 0.040939 27.9995 22.1369 -13 7266 1 0 1
-3.41852 0.844293 1700 0.125057 -0.145707 27.9993 22.1371 -13 7267 1 0 1
1.57461 2.56983 1700 -0.0144915 -0.188773 27.9994 22.1371 -13 7268 1 0 1
2.74727 -2.38485 1700 -0.0379368 0.188836 27.9993 22.1372 -13 7269 1 0 1
0.390379 1.8238 1700 -0.0711249 -0.307424 27.9982 22.1379 -13 7270 1 0 1
0.711045 4.16317 1700 -0.0541351 -0.198355 27.9992 22.1373 -13 7271 1 0 1
2.72562 3.24687 1700 0.0328908 -0.247005 27.9989 22.1374 -13 7272 1 0 1
-1.49359 -4.39887 1700 0.372787 0.483014 27.9934 22.1406 -13 7273 1 0 1
-0.238621 -1.30153 1700 0.0338273 -0.151216 27.9996 22.1369 -13 7274 1 0 1
2.19659 -2.13252 1700 -0.0788103 0.148834 27.9995 22.1371 -13 7275 1 0 1
1.77294 6.0546 1700 -0.106197 0.16946 27.9993 22.1375 -13 7276 1 0 1
-1.66712 0.135909 1700 0.0802812 0.0867258 27.9998 22.1368 -13 7277 1 0 1
-0.595611 0.505771 1700 -0.0244506 -0.164807 27.9995 22.137 -13 7278 1 0 1
-0.336684 2.68845 1700 -0.104909 -0.386986 27.9971 22.1386 -13 7279 1 0 1
1.60037 6.37365 1700 -0.0677677 -0.179815 27.9993 22.1375 -13 7280 1 0 1
-1.31427 0.742958 1700 0.177585 0.191961 27.9988 22.1372 -13 7281 1 0 1
-1.92569 -2.06609 1700 0.197061 0.152139 27.9989 22.1373 -13 7282 1 0 1
2.02015 -1.92843 1700 0.231487 0.49794 27.9946 22.1399 -13 7283 1 0 1
1.11752 2.0833 1700 -0.095858 -0.234918 27.9989 22.1375 -13 7284 1 0 1
-0.306244 2.34271 1700 -0.00220768 -0.002352 28 22.1367 -13 7285 1 0 1
-1.19616 0.0779948 1700 0.0753069 0.00571137 27.9999 22.1367 -13 7286 1 0 1
-1.12008 -1.33854 1700 0.126345 -0.104286 27.9995 22.1369 -13 7287 1 0 1
3.07095 2.16967 1700 -0.101393 -0.0443625 27.9998 22.137 -13 7288 1 0 1
1.33947 0.00284002 1700 0.0340241 0.0874368 27.9998 22.1368 -13 7289 1 0 1
-0.954234 0.508823 1700 -0.0222325 -0.175946 27.9994 22.1371 -13 7290 1 0 1
-0.590103 0.914811 1700 -0.0821838 -0.112225 27.9997 22.137 -13 7291 1 0 1
-0.529716 -2.12854 1700 0.14216 0.0713713 27.9995 22.1369 -13 7292 1 0 1
2.38493 2.3383 1700 -0.221454 -0.119779 27.9989 22.1377 -13 7293 1 0 1
1.60409 7.5745 1700 -0.144235 -0.2452 27.9986 22.1382 -13 7294 1 0 1
1.07876 0.935411 1700 -0.143834 -0.239273 27.9986 22.1376 -13 7295 1 0 1
-1.03033 1.43174 1700 0.0740036 -0.0542239 27.9998 22.1367 -13 7296 1 0 1
3.03441 -2.10112 1700 0.150721 0.244629 27.9985 22.1376 -13 7297 1 0 1
-1.47944 1.4066 1700 -0.00439784 0.100863 27.9998 22.1368 -13 7298 1 0 1
0.666041 4.65228 1700 -0.186154 -0.103238 27.9992 22.1376 -13 7299 1 0 1
0.0133884 3.00336 1700 -0.0238442 -0.190657 27.9993 22.1372 -13 7300 1 0 1
-1.21184 -2.72488 1700 0.139574 0.168712 27.9991 22.1372 -13 7301 1 0 1
-2.73102 -6.03028 1700 0.437652 0.401253 27.9937 22.1406 -13 7302 1 0 1
3.38503 -1.82439 1700 -0.0288533 0.0283674 28 22.1368 -13 7303 1 0 1
-2.72528 -0.810256 1700 0.126202 -0.230723 27.9988 22.1375 -13 7304 1 0 1
0.198367 -6.28767 1700 0.228659 0.524204 27.9942 22.1404 -13 7305 1 0 1
0.0203367 4.10734 1700 -0.0921225 -0.19189 27.9992 22.1374 -13 7306 1 0 1
1.81036 -1.91976 1700 0.187463 0.096903 27.9992 22.1371 -13 7307 1 0 1
-1.95444 0.52431 1700 0.0952975 -0.213055 27.999 22.1373 -13 7308 1 0 1
0.831792 2.24296 1700 -0.0984441 0.0781389 27.9997 22.137 -13 7309 1 0 1
4.12785 1.62045 1700 -0.0781198 0.0564598 27.9998 22.137 -13 7310 1 0 1
0.693445 0.931844 1700 -0.0816671 -0.000625644 27.9999 22.1368 -13 7311 1 0 1
-0.432419 -2.38217 1700 0.220263 0.404802 27.9962 22.1388 -13 7312 1 0 1
1.34957 -2.92611 1700 0.00579047 0.178149 27.9994 22.1371 -13 7313 1 0 1
1.07882 3.62483 1700 -0.0837815 -0.379585 27.9973 22.1385 -13 7314 1 0 1
-1.78022 -4.62295 1700 0.334103 0.451227 27.9944 22.14 -13 7315 1 0 1
1.05444 1.92149 1700 -0.173625 -0.255643 27.9983 22.1379 -13 7316 1 0 1
-1.67258 4.6207 1700 -0.176063 -0.317181 27.9976 22.1386 -13 7317 1 0 1
-4.36829 1.1972 1700 0.146842 -0.132467 27.9993 22.1372 -13 7318 1 0 1
-3.99788 -3.90128 1700 0.484527 0.31982 27.994 22.1402 -13 7319 1 0 1
1.26378 -3.53468 1700 -0.00555318 0.267369 27.9987 22.1375 -13 7320 1 0 1
4.19788 3.43659 1700 -0.296115 -0.379523 27.9959 22.1396 -13 7321 1 0 1
0.223287 1.55442 1700 0.179236 0.358635 27.9971 22.1381 -13 7322 1 0 1
-1.39222 1.26054 1700 0.00568738 -0.0288454 28 22.1367 -13 7323 1 0 1
-2.64906 -3.36221 1700 0.305029 0.519093 27.9935 22.1403 -13 7324 1 0 1
3.01393 -2.27196 1700 0.0182154 0.112451 27.9998 22.1369 -13 7325 1 0 1
2.18122 -1.60037 1700 0.0687766 0.0971086 27.9997 22.1368 -13 7326 1 0 1
-1.75281 -3.55351 1700 0.195018 0.0443997 27.9993 22.1371 -13 7327 1 0 1
-4.83959 -0.950495 1700 0.0527159 -0.194379 27.9993 22.1374 -13 7328 1 0 1
2.5537 7.6177 1700 -0.32525 -0.615296 27.9913 22.1428 -13 7329 1 0 1
-2.11416 -1.89077 1700 0.154871 0.0191595 27.9996 22.1369 -13 7330 1 0 1
-3.67468 -1.06597 1700 0.182073 -0.0629819 27.9993 22.1371 -13 7331 1 0 1
-4.67356 -3.01436 1700 0.233761 0.282035 27.9976 22.138 -13 7332 1 0 1
-0.606294 0.967305 1700 -0.0408332 0.0260758 28 22.1367 -13 7333 1 0 1
-2.5092 0.878778 1700 0.0924162 -0.136022 27.9995 22.137 -13 7334 1 0 1
1.2277 -0.870092 1700 0.216798 0.503948 27.9946 22.1397 -13 7335 1 0 1
5.54208 1.86818 1700 -0.19167 -0.366574 27.9969 22.1387 -13 7336 1 0 1
-1.63688 -3.75038 1700 0.163474 0.216634 27.9987 22.1375 -13 7337 1 0 1
-0.194762 3.2891 1700 -0.118373 -0.119106 27.9995 22.1372 -13 7338 1 0 1
-2.50982 0.569518 1700 0.0324263 0.0332556 28 22.1367 -13 7339 1 0 1
2.10768 5.13386 1700 -0.207167 -0.365785 27.9968 22.1391 -13 7340 1 0 1
-1.29417 -3.95101 1700 0.176051 0.0174262 27.9994 22.1371 -13 7341 1 0 1
0.638394 -1.39777 1700 0.0328786 0.288635 27.9985 22.1376 -13 7342 1 0 1
-0.910194 0.936809 1700 0.0678347 0.161309 27.9995 22.1369 -13 7343 1 0 1
0.315034 -2.56053 1700 0.264351 0.0482174 27.9987 22.1374 -13 7344 1 0 1
0.817346 -0.464744 1700 0.104762 -0.0496672 27.9998 22.1367 -13 7345 1 0 1
-1.15171 -3.98289 1700 0.321747 0.103618 27.998 22.1379 -13 7346 1 0 1
-0.647188 1.17214 1700 -0.106366 -0.247465 27.9987 22.1376 -13 7347 1 0 1
1.79165 -0.449752 1700 0.157764 -0.0409051 27.9995 22.1368 -13 7348 1 0 1
1.40577 0.779085 1700 -0.0439685 -0.00321986 28 22.1368 -13 7349 1 0 1
1.3071 -6.10107 1700 0.17943 0.111384 27.9992 22.1374 -13 7350 1 0 1
3.0298 5.57911 1700 -0.234182 -0.278374 27.9976 22.1387 -13 7351 1 0 1
0.392468 3.31557 1700 -0.0943871 -0.197472 27.9991 22.1374 -13 7352 1 0 1
0.59586 1.58837 1700 -0.124371 -0.333015 27.9977 22.1382 -13 7353 1 0 1
-1.15598 3.00186 1700 -0.0983588 -0.102675 27.9996 22.1371 -13 7354 1 0 1
-1.63162 4.64873 1700 -0.0117321 -0.234435 27.999 22.1376 -13 7355 1 0 1
2.51057 -2.40931 1700 0.177502 0.438623 27.996 22.1391 -13 7356 1 0 1
0.854206 -4.72406 1700 0.186748 0.335176 27.9974 22.1384 -13 7357 1 0 1
-4.0701 -2.30394 1700 0.399631 0.194479 27.9965 22.1387 -13 7358 1 0 1
-1.67658 0.631557 1700 0.0310913 -0.100424 27.9998 22.1368 -13 7359 1 0 1
1.89046 -2.2213 1700 0.0918135 0.00338847 27.9998 22.1368 -13 7360 1 0 1
-0.410061 2.0543 1700 -0.0121757 -0.455441 27.9963 22.139 -13 7361 1 0 1
-0.637617 -0.868298 1700 -0.058178 0.073408 27.9998 22.1368 -13 7362 1 0 1
5.44451 2.30062 1700 -0.0326245 0.0871216 27.9998 22.1371 -13 7363 1 0 1
0.117831 -4.21327 1700 0.177128 0.151995 27.999 22.1373 -13 7364 1 0 1
-1.62662 -1.81594 1700 0.0705088 0.0299954 27.9999 22.1367 -13 7365 1 0 1
-3.22148 -1.63969 1700 0.10749 -0.122811 27.9995 22.137 -13 7366 1 0 1
-0.397654 1.13597 1700 0.0665149 0.191482 27.9993 22.137 -13 7367 1 0 1
-0.947827 -5.65054 1700 0.343582 0.155896 27.9975 22.1384 -13 7368 1 0 1
0.210075 -6.86853 1700 0.411643 0.679443 27.9887 22.1438 -13 7369 1 0 1
-1.94201 -0.420955 1700 -0.00318701 -0.175258 27.9995 22.1371 -13 7370 1 0 1
2.34426 1.59918 1700 -0.0459785 0.0414792 27.9999 22.1368 -13 7371 1 0 1
1.49959 -0.635222 1700 -0.0527697 -0.102217 27.9998 22.1368 -13 7372 1 0 1
3.46002 -1.57268 1700 -0.0588074 -0.0797694 27.9998 22.1368 -13 7373 1 0 1
-1.41315 -2.07873 1700 0.0369972 0.235519 27.999 22.1372 -13 7374 1 0 1
-2.98538 0.643538 1700 0.0570173 -0.0628243 27.9999 22.1368 -13 7375 1 0 1
-3.14441 -5.83268 1700 0.447121 0.705707 27.9875 22.1441 -13 7376 1 0 1
-0.57919 -3.62122 1700 0.194363 0.290336 27.9978 22.138 -13 7377 1 0 1
0.719637 -1.08396 1700 0.109873 0.257093 27.9986 22.1374 -13 7378 1 0 1
0.819417 -2.21936 1700 0.163708 0.126593 27.9992 22.1371 -13 7379 1 0 1
-2.87289 0.217982 1700 0.0826797 0.212079 27.9991 22.1371 -13 7380 1 0 1
0.302719 -1.15348 1700 0.160938 0.0550459 27.9995 22.1369 -13 7381 1 0 1
-2.29022 -6.07935 1700 0.415779 0.318073 27.9951 22.1398 -13 7382 1 0 1
4.02207 3.05545 1700 -0.173359 -0.128987 27.9992 22.1375 -13 7383 1 0 1
-2.2828 -3.1247 1700 0.165894 0.0170873 27.9995 22.137 -13 7384 1 0 1
4.11604 3.15639 1700 -0.0544809 -0.239093 27.9989 22.1375 -13 7385 1 0 1
-2.02347 -8.57236 1700 0.381577 0.256615 27.9962 22.1395 -13 7386 1 0 1
-2.36853 -7.06899 1700 0.373013 0.553401 27.992 22.1417 -13 7387 1 0 1
-2.1548 -4.61082 1700 0.319778 0.0880336 27.998 22.138 -13 7388 1 0 1
4.42809 2.02755 1700 -0.433768 -0.300732 27.995 22.1401 -13 7389 1 0 1
-0.114676 2.2433 1700 -0.119717 -0.135954 27.9994 22.1372 -13 7390 1 0 1
0.334476 -3.75968 1700 0.0454209 0.0850579 27.9998 22.1368 -13 7391 1 0 1
1.38582 0.824624 1700 0.0476297 -0.105073 27.9998 22.1368 -13 7392 1 0 1
-2.87389 0.685573 1700 0.0630502 0.203939 27.9992 22.137 -13 7393 1 0 1
-0.809389 0.813594 1700 -0.03305 0.0721061 27.9999 22.1368 -13 7394 1 0 1
-0.628935 -0.819449 1700 0.241511 0.280468 27.9976 22.1379 -13 7395 1 0 1
1.26294 5.02041 1700 -0.156338 -0.324209 27.9977 22.1385 -13 7396 1 0 1
1.14074 1.64139 1700 -0.0615782 -0.0395711 27.9999 22.1368 -13 7397 1 0 1
-1.65114 1.28734 1700 0.128151 -0.0552792 27.9997 22.1368 -13 7398 1 0 1
-0.0293785 1.38636 1700 -0.125408 -0.176778 27.9992 22.1373 -13 7399 1 0 1
-0.333512 4.81399 1700 -0.183387 -0.278799 27.998 22.1384 -13 7400 1 0 1
-2.52619 -5.32354 1700 0.249685 0.0343826 27.9989 22.1375 -13 7401 1 0 1
1.73836 1.54517 1700 -0.170583 -0.339236 27.9974 22.1384 -13 7402 1 0 1
0.783969 2.18134 1700 0.0866986 0.0390929 27.9998 22.1367 -13 7403 1 0 1
0.641745 1.95084 1700 0.0993786 -0.329283 27.9979 22.1379 -13 7404 1 0 1
3.24958 -0.622144 1700 0.00755921 0.0552815 27.9999 22.1368 -13 7405 1 0 1
2.20755 3.73484 1700 -0.223314 -0.0963027 27.9989 22.1377 -13 7406 1 0 1
-1.31445 3.27004 1700 0.148407 -0.0611979 27.9995 22.1369 -13 7407 1 0 1
0.706194 5.93414 1700 -0.176202 -0.355467 27.9972 22.1389 -13 7408 1 0 1
-1.50156 -6.57938 1700 0.331631 0.561393 27.9924 22.1414 -13 7409 1 0 1
0.636448 4.14188 1700 -0.224492 -0.13129 27.9988 22.1378 -13 7410 1 0 1
5.72244 4.00654 1700 -0.158571 -0.265395 27.9983 22.1381 -13 7411 1 0 1
-0.265502 -2.05431 1700 0.191996 0.200316 27.9986 22.1374 -13 7412 1 0 1
1.72961 1.80493 1700 0.211681 0.258349 27.998 22.1377 -13 7413 1 0 1
-2.40909 -3.11037 1700 0.350015 0.387519 27.9951 22.1394 -13 7414 1 0 1
6.16471 0.00185566 1700 -0.0382091 -0.00320244 28 22.1369 -13 7415 1 0 1
-3.29665 -1.02784 1700 0.332278 0.318186 27.9962 22.1386 -13 7416 1 0 1
-0.0784958 0.795947 1700 -0.0225998 -0.0950585 27.9998 22.1368 -13 7417 1 0 1
2.10542 0.760985 1700 0.0667743 0.32087 27.9981 22.1378 -13 7418 1 0 1
-3.6264 -0.246487 1700 0.100809 -0.196508 27.9991 22.1373 -13 7419 1 0 1
0.368295 -1.09333 1700 -0.000993901 -0.00129988 28 22.1367 -13 7420 1 0 1
-0.87908 3.76691 1700 -0.159035 -0.348914 27.9974 22.1386 -13 7421 1 0 1
-2.1369 -0.207948 1700 0.0426057 -0.201117 27.9992 22.1372 -13 7422 1 0 1
-0.933741 7.37781 1700 -0.259833 -0.407711 27.9958 22.1401 -13 7423 1 0 1
2.8356 1.94254 1700 -0.167018 -0.468067 27.9956 22.1394 -13 7424 1 0 1
-0.940283 1.2971 1700 0.117992 -0.0396887 27.9997 22.1368 -13 7425 1 0 1
-2.14331 -2.30397 1700 0.165401 -0.118748 27.9993 22.1371 -13 7426 1 0 1
-1.89853 -2.74481 1700 0.131105 0.276415 27.9983 22.1376 -13 7427 1 0 1
-0.741437 -0.179948 1700 -0.00330149 -0.00188853 28 22.1367 -13 7428 1 0 1
1.21853 -1.63044 1700 0.0257278 0.304715 27.9983 22.1377 -13 7429 1 0 1
-0.651883 -1.26742 1700 0.0551231 -0.0370829 27.9999 22.1367 -13 7430 1 0 1
-0.745894 2.0649 1700 -0.0836368 -0.142915 27.9995 22.1371 -13 7431 1 0 1
2.85858 -0.652148 1700 0.0403798 0.188615 27.9993 22.1371 -13 7432 1 0 1
1.21421 0.0318133 1700 -0.0633177 -0.309781 27.9982 22.1377 -13 7433 1 0 1
1.61081 2.78201 1700 -0.0525004 -0.197753 27.9993 22.1372 -13 7434 1 0 1
-0.998297 1.09621 1700 0.185393 0.19474 27.9987 22.1372 -13 7435 1 0 1
1.25685 -3.15033 1700 0.151155 0.0416117 27.9996 22.1369 -13 7436 1 0 1
2.62969 -2.19952 1700 0.130915 0.287347 27.9982 22.1378 -13 7437 1 0 1
0.889059 3.29292 1700 -0.118429 -0.252969 27.9986 22.1378 -13 7438 1 0 1
0.452705 0.109311 1700 -0.00301066 -0.064032 27.9999 22.1367 -13 7439 1 0 1
-2.14102 0.785105 1700 0.0718182 -0.129633 27.9996 22.1369 -13 7440 1 0 1
-0.613803 4.32669 1700 -0.141597 -0.168241 27.9991 22.1376 -13 7441 1 0 1
-0.210519 1.85968 1700 -0.0940592 -0.0307388 27.9998 22.1369 -13 7442 1 0 1
5.45556 6.76491 1700 -0.449779 -0.646874 27.9889 22.1443 -13 7443 1 0 1
0.307587 -0.291849 1700 0.104866 0.166018 27.9993 22.137 -13 7444 1 0 1
1.37639 -0.709928 1700 0.198315 0.0610774 27.9992 22.137 -13 7445 1 0 1
1.51699 -3.33966 1700 0.188177 0.228725 27.9984 22.1376 -13 7446 1 0 1
4.27675 4.81211 1700 -0.283209 -0.121265 27.9983 22.1384 -13 7447 1 0 1
2.10331 5.1503 1700 -0.33384 -0.214683 27.9972 22.1391 -13 7448 1 0 1
2.06289 1.62186 1700 -0.167131 -0.112441 27.9993 22.1373 -13 7449 1 0 1
-2.19799 -4.23519 1700 0.135789 0.24185 27.9986 22.1375 -13 7450 1 0 1
-2.3498 -4.14826 1700 0.218833 0.0770017 27.999 22.1373 -13 7451 1 0 1
-0.433154 2.75358 1700 0.0318531 -0.232639 27.999 22.1373 -13 7452 1 0 1
1.59177 -2.3315 1700 0.0515932 0.250971 27.9988 22.1374 -13 7453 1 0 1
-1.48209 -1.03044 1700 -0.0406999 0.290576 27.9985 22.1375 -13 7454 1 0 1
1.24667 -5.92421 1700 0.159307 0.342276 27.9975 22.1385 -13 7455 1 0 1
1.79346 -5.82118 1700 0.0443982 0.00602062 28 22.1369 -13 7456 1 0 1
-3.21112 0.258048 1700 0.19334 -0.0476031 27.9993 22.1371 -13 7457 1 0 1
-3.03024 -3.80141 1700 0.160553 0.0441379 27.9995 22.1371 -13 7458 1 0 1
-0.951496 5.43557 1700 -0.0649461 -0.325562 27.998 22.1383 -13 7459 1 0 1
0.395443 4.16225 1700 0.118726 -0.144309 27.9994 22.137 -13 7460 1 0 1
-0.634907 -2.34445 1700 0.288691 0.404127 27.9956 22.1391 -13 7461 1 0 1
0.141734 1.80872 1700 -0.0898469 0.0744071 27.9998 22.1369 -13 7462 1 0 1
-2.62186 -5.52686 1700 0.27894 0.286051 27.9971 22.1385 -13 7463 1 0 1
-3.0396 1.14969 1700 -0.00754618 -0.072211 27.9999 22.1368 -13 7464 1 0 1
-0.541346 -2.6159 1700 0.0331095 -0.225968 27.9991 22.1372 -13 7465 1 0 1
-1.56317 -0.617683 1700 0.15347 0.258469 27.9984 22.1375 -13 7466 1 0 1
-0.587521 -2.74396 1700 0.125001 0.245347 27.9986 22.1374 -13 7467 1 0 1
-0.456614 3.13364 1700 -0.171135 -0.285765 27.998 22.1382 -13 7468 1 0 1
5.14941 2.53671 1700 -0.112276 -0.104668 27.9996 22.1372 -13 7469 1 0 1
-6.51726 -2.67623 1700 0.265513 0.213107 27.9979 22.138 -13 7470 1 0 1
-0.492539 -1.53799 1700 0.0523371 0.260197 27.9987 22.1374 -13 7471 1 0 1
-2.23572 -1.02484 1700 0.22553 0.140447 27.9987 22.1373 -13 7472 1 0 1
0.063339 -1.68507 1700 0.00258646 0.0992834 27.9998 22.1368 -13 7473 1 0 1
-0.133806 1.14912 1700 0.177822 0.131463 27.9991 22.137 -13 7474 1 0 1
1.48163 0.774383 1700 -0.140189 -0.229444 27.9987 22.1376 -13 7475 1 0 1
3.57486 5.23132 1700 -0.280749 -0.337949 27.9966 22.1394 -13 7476 1 0 1
-2.2913 1.50773 1700 0.160559 0.0350209 27.9995 22.1369 -13 7477 1 0 1
2.48957 -0.133114 1700 0.0536694 0.29367 27.9984 22.1377 -13 7478 1 0 1
1.88792 -0.149501 1700 0.103529 0.0718426 27.9997 22.1368 -13 7479 1 0 1
-4.59368 -3.68013 1700 0.189395 0.393061 27.9966 22.1386 -13 7480 1 0 1
-1.42204 -6.387 1700 0.364666 0.277741 27.9962 22.1392 -13 7481 1 0 1
-2.23715 -0.620829 1700 0.141942 0.0188227 27.9996 22.1368 -13 7482 1 0 1
2.90067 2.10498 1700 -0.360086 -0.399426 27.9948 22.1401 -13 7483 1 0 1
-0.186237 -0.226753 1700 0.149635 0.185219 27.999 22.1371 -13 7484 1 0 1
2.66174 1.45618 1700 -0.10158 -0.0829343 27.9997 22.137 -13 7485 1 0 1
0.288696 -0.37624 1700 0.132953 0.116093 27.9994 22.1369 -13 7486 1 0 1
1.04496 -2.79395 1700 0.228333 0.0405338 27.999 22.1372 -13 7487 1 0 1
3.70272 0.871902 1700 -0.129685 -0.210298 27.9989 22.1374 -13 7488 1 0 1
2.13508 1.90493 1700 -0.0859228 -0.212615 27.9991 22.1373 -13 7489 1 0 1
0.194956 -2.8453 1700 0.0850406 0.282233 27.9984 22.1376 -13 7490 1 0 1
-2.41256 -0.755639 1700 0.228185 -0.06034 27.999 22.1372 -13 7491 1 0 1
0.222733 3.51838 1700 0.0221223 -0.172074 27.9995 22.1371 -13 7492 1 0 1
-5.14811 1.78431 1700 0.104194 -0.263063 27.9986 22.1379 -13 7493 1 0 1
-1.63477 3.00128 1700 0.020615 -0.281495 27.9986 22.1377 -13 7494 1 0 1
-2.71502 -2.28271 1700 0.297339 0.368312 27.996 22.1389 -13 7495 1 0 1
-4.91101 -4.60027 1700 0.357986 0.308027 27.996 22.1391 -13 7496 1 0 1
0.984595 -1.28114 1700 -0.0185153 0.04704 28 22.1367 -13 7497 1 0 1
1.50389 1.77189 1700 -0.249461 -0.318901 27.9971 22.1387 -13 7498 1 0 1
-3.64275 -1.28233 1700 0.0164527 -0.101637 27.9998 22.1369 -13 7499 1 0 1
0.667349 4.96316 1700 -0.273443 -0.462886 27.9948 22.1404 -13 7500 1 0 1
-3.37216 -2.6575 1700 0.0448122 0.0539317 27.9999 22.1368 -13 7501 1 0 1
2.97697 -0.416304 1700 -0.00107949 0.0348748 28 22.1368 -13 7502 1 0 1
-1.25074 -0.00235883 1700 0.157471 0.230193 27.9986 22.1373 -13 7503 1 0 1
2.6651 0.271335 1700 0.153953 0.0992677 27.9994 22.137 -13 7504 1 0 1
2.97758 -1.95443 1700 -0.0573833 0.152836 27.9995 22.1371 -13 7505 1 0 1
4.1063 5.03537 1700 -0.414723 -0.505218 27.9924 22.142 -13 7506 1 0 1
2.71019 -3.38202 1700 0.164204 0.287886 27.998 22.138 -13 7507 1 0 1
-1.1267 3.35984 1700 -0.0887384 -0.106437 27.9997 22.1371 -13 7508 1 0 1
1.13184 4.39301 1700 -0.227179 -0.224683 27.9982 22.1382 -13 7509 1 0 1
-1.69289 2.40221 1700 -0.0766716 -0.564956 27.9942 22.1404 -13 7510 1 0 1
-0.283699 -5.20923 1700 0.226622 0.281966 27.9977 22.1382 -13 7511 1 0 1
-3.65546 -1.35836 1700 0.201592 -0.0148378 27.9993 22.1371 -13 7512 1 0 1
2.42255 -5.09827 1700 0.122409 0.381975 27.9971 22.1387 -13 7513 1 0 1
1.76806 0.255039 1700 -0.0489251 0.0352081 27.9999 22.1368 -13 7514 1 0 1
-1.1085 4.00589 1700 -0.0646754 -0.360756 27.9976 22.1384 -13 7515 1 0 1
2.09114 4.34663 1700 -0.165904 -0.373831 27.997 22.1388 -13 7516 1 0 1
1.61177 -0.585938 1700 -0.0125389 -0.062998 27.9999 22.1367 -13 7517 1 0 1
0.582168 -2.56035 1700 0.0306512 0.0329345 28 22.1367 -13 7518 1 0 1
2.27128 2.68523 1700 -0.229786 -0.0716766 27.999 22.1376 -13 7519 1 0 1
1.42722 5.94373 1700 -0.199784 -0.347061 27.9971 22.139 -13 7520 1 0 1
3.79765 -1.2645 1700 -0.0680041 0.296401 27.9983 22.1379 -13 7521 1 0 1
0.341784 1.86976 1700 0.00628675 0.00405266 28 22.1367 -13 7522 1 0 1
-2.76812 0.663275 1700 0.0686882 -0.228859 27.999 22.1374 -13 7523 1 0 1
2.43831 3.92132 1700 -0.3009 -0.221721 27.9975 22.1387 -13 7524 1 0 1
-2.84471 -4.33842 1700 0.131499 0.105665 27.9995 22.1371 -13 7525 1 0 1
0.552263 4.76839 1700 -0.16769 -0.229414 27.9986 22.138 -13 7526 1 0 1
-1.97133 -1.0825 1700 0.086695 0.149841 27.9995 22.1369 -13 7527 1 0 1
-0.738622 -3.51261 1700 0.226676 0.262658 27.9979 22.1379 -13 7528 1 0 1
1.02196 -0.987084 1700 0.123291 0.359194 27.9974 22.1381 -13 7529 1 0 1
6.26755 -0.972938 1700 -0.0159219 0.20601 27.9992 22.1375 -13 7530 1 0 1
-1.18649 -3.50881 1700 0.277876 0.197449 27.9979 22.1379 -13 7531 1 0 1
-1.60146 0.943058 1700 0.0369521 -0.103845 27.9998 22.1368 -13 7532 1 0 1
2.91785 0.941042 1700 0.0322388 -0.0425915 27.9999 22.1367 -13 7533 1 0 1
-2.43351 -2.3201 1700 0.182971 0.312793 27.9977 22.1379 -13 7534 1 0 1
4.24896 3.65304 1700 -0.180182 -0.353847 27.9972 22.1387 -13 7535 1 0 1
0.684559 2.81851 1700 0.0122625 0.0325059 28 22.1367 -13 7536 1 0 1
-0.29668 -3.45653 1700 0.404417 0.541902 27.9918 22.1414 -13 7537 1 0 1
0.913565 -1.24402 1700 0.139467 -0.140328 27.9993 22.137 -13 7538 1 0 1
-0.346391 -5.22879 1700 0.246379 0.35266 27.9967 22.1388 -13 7539 1 0 1
5.85631 4.33508 1700 -0.294848 -0.270469 27.9971 22.139 -13 7540 1 0 1
-0.0981367 -2.64534 1700 0.168718 0.380623 27.9969 22.1385 -13 7541 1 0 1
-3.37016 -0.857879 1700 0.0914203 0.100817 27.9997 22.1368 -13 7542 1 0 1
-1.43706 1.91264 1700 -0.0143801 -0.124284 27.9997 22.1369 -13 7543 1 0 1
2.37459 2.97941 1700 -0.0320978 -0.209136 27.9992 22.1373 -13 7544 1 0 1
-0.751467 -0.532607 1700 0.0190733 0.030768 28 22.1367 -13 7545 1 0 1
-1.29282 0.895816 1700 0.0608495 -0.0537398 27.9999 22.1367 -13 7546 1 0 1
-1.58958 -1.92566 1700 0.199359 0.119357 27.999 22.1372 -13 7547 1 0 1
-0.321418 -5.68174 1700 0.423805 0.566888 27.9911 22.1422 -13 7548 1 0 1
4.53042 -2.50637 1700 0.197888 0.184088 27.9987 22.1376 -13 7549 1 0 1
1.35319 -3.50217 1700 0.270761 0.369779 27.9962 22.1389 -13 7550 1 0 1
3.58806 -2.22313 1700 0.101351 -0.020433 27.9998 22.1368 -13 7551 1 0 1
0.443405 -1.80346 1700 0.274355 0.328218 27.9967 22.1385 -13 7552 1 0 1
2.78606 -1.85458 1700 0.0200791 0.0831202 27.9999 22.1368 -13 7553 1 0 1
-5.64583 -3.55095 1700 0.416357 0.505413 27.9923 22.141 -13 7554 1 0 1
-2.9942 -2.4328 1700 0.405313 0.524688 27.9921 22.141 -13 7555 1 0 1
1.09087 0.535156 1700 -0.0809603 -0.210866 27.9991 22.1373 -13 7556 1 0 1
-2.54093 0.693066 1700 -0.0565315 -0.195095 27.9993 22.1373 -13 7557 1 0 1
1.04015 -0.568071 1700 -0.107656 -0.070812 27.9997 22.1369 -13 7558 1 0 1
-1.6566 2.09971 1700 -0.0603307 -0.316109 27.9982 22.138 -13 7559 1 0 1
0.552928 -0.395744 1700 0.0700891 0.085637 27.9998 22.1368 -13 7560 1 0 1
-2.54251 -0.949165 1700 0.0639072 0.0766488 27.9998 22.1368 -13 7561 1 0 1
0.247087 3.18028 1700 -0.204653 -0.108881 27.999 22.1376 -13 7562 1 0 1
-0.713373 1.42502 1700 0.00802725 -0.000644411 28 22.1367 -13 7563 1 0 1
3.46487 8.02475 1700 -0.200296 -0.535652 27.9942 22.141 -13 7564 1 0 1
1.05495 2.72908 1700 -0.249809 -0.331451 27.9969 22.1388 -13 7565 1 0 1
4.85683 5.03845 1700 -0.16594 -0.213976 27.9987 22.1379 -13 7566 1 0 1
-1.07197 3.73348 1700 0.107405 -0.0214423 27.9998 22.1368 -13 7567 1 0 1
1.08307 -0.858917 1700 0.128251 0.23505 27.9987 22.1374 -13 7568 1 0 1
-0.618081 2.73258 1700 0.031106 -0.153836 27.9996 22.137 -13 7569 1 0 1
-1.4487 3.93017 1700 -0.139379 -0.269531 27.9984 22.1381 -13 7570 1 0 1
3.101 -2.03946 1700 0.0498929 0.258565 27.9988 22.1375 -13 7571 1 0 1
-0.0414643 0.0423292 1700 0.0983864 0.118019 27.9996 22.1368 -13 7572 1 0 1
-3.26454 0.998789 1700 0.096681 -0.0997702 27.9997 22.1369 -13 7573 1 0 1
0.513299 1.49922 1700 0.112129 0.114805 27.9995 22.1368 -13 7574 1 0 1
0.271444 1.59487 1700 0.0845345 -0.0611943 27.9998 22.1367 -13 7575 1 0 1
0.841813 -2.84442 1700 0.205918 0.129885 27.9989 22.1373 -13 7576 1 0 1
-1.74258 -3.14429 1700 0.20555 -0.188698 27.9986 22.1375 -13 7577 1 0 1
1.9409 -1.95911 1700 0.0589715 0.264428 27.9987 22.1375 -13 7578 1 0 1
1.1755 1.0323 1700 -0.154243 -0.0623298 27.9995 22.1371 -13 7579 1 0 1
1.28138 -2.84541 1700 0.205243 0.236352 27.9983 22.1377 -13 7580 1 0 1
2.73517 1.95744 1700 -0.113613 -0.264212 27.9985 22.1377 -13 7581 1 0 1
-1.2537 -1.6974 1700 -0.119229 0.0782643 27.9996 22.1369 -13 7582 1 0 1
-4.62477 -4.81967 1700 0.407351 0.477156 27.993 22.1408 -13 7583 1 0 1
4.25463 2.73606 1700 -0.108437 -0.0242503 27.9998 22.1371 -13 7584 1 0 1
-0.987645 -1.91117 1700 0.0725103 0.00058357 27.9999 22.1367 -13 7585 1 0 1
-1.31947 0.380435 1700 0.248295 0.113225 27.9987 22.1373 -13 7586 1 0 1
-1.07237 2.39728 1700 -0.0182341 -0.237101 27.999 22.1374 -13 7587 1 0 1
0.351282 -2.85651 1700 0.23539 0.4378 27.9956 22.1392 -13 7588 1 0 1
-0.107735 7.17005 1700 -0.195218 -0.3795 27.9967 22.1394 -13 7589 1 0 1
-2.13328 -2.03024 1700 0.254826 0.354861 27.9966 22.1385 -13 7590 1 0 1
0.00643687 -4.7591 1700 0.308062 0.427152 27.995 22.1397 -13 7591 1 0 1
3.83707 -0.743763 1700 -0.00875297 0.298451 27.9984 22.1378 -13 7592 1 0 1
-0.128463 5.80705 1700 -0.218494 -0.377111 27.9966 22.1394 -13 7593 1 0 1
-3.75738 0.424958 1700 0.0291405 0.106904 27.9998 22.1368 -13 7594 1 0 1
-1.3531 -0.973699 1700 0.0628163 0.115755 27.9997 22.1368 -13 7595 1 0 1
-2.05016 1.04489 1700 0.105077 0.261878 27.9986 22.1373 -13 7596 1 0 1
2.49072 1.74076 1700 0.0299727 -0.123776 27.9997 22.1368 -13 7597 1 0 1
-3.09974 -1.59449 1700 0.242748 0.117589 27.9987 22.1374 -13 7598 1 0 1
-0.233324 -1.11489 1700 0.0945982 0.302853 27.9982 22.1376 -13 7599 1 0 1
-0.563218 -1.65405 1700 0.0450661 0.280261 27.9986 22.1375 -13 7600 1 0 1
0.693326 1.24653 1700 -0.0176345 -0.184783 27.9994 22.1371 -13 7601 1 0 1
-2.06205 3.67808 1700 -0.0621776 -0.266859 27.9987 22.1378 -13 7602 1 0 1
-3.00592 0.44632 1700 0.00890118 0.0534979 27.9999 22.1367 -13 7603 1 0 1
4.2877 5.49214 1700 -0.193472 -0.156114 27.9989 22.1379 -13 7604 1 0 1
0.965507 -2.12976 1700 0.221796 0.457738 27.9954 22.1393 -13 7605 1 0 1
1.24324 -5.94611 1700 0.187522 0.304183 27.9977 22.1383 -13 7606 1 0 1
2.3925 -2.8349 1700 -0.0760597 -0.13753 27.9996 22.137 -13 7607 1 0 1
0.0300415 -1.78078 1700 0.11466 0.218683 27.9989 22.1373 -13 7608 1 0 1
-0.46691 3.40588 1700 -0.162593 -0.383933 27.9969 22.1389 -13 7609 1 0 1
-2.35794 1.56368 1700 0.0594853 0.0230577 27.9999 22.1367 -13 7610 1 0 1
-0.951067 -5.02381 1700 0.255475 0.469515 27.9949 22.1398 -13 7611 1 0 1
0.627721 7.86161 1700 -0.406201 -0.667469 27.9891 22.1444 -13 7612 1 0 1
-0.375429 0.887856 1700 -0.0747334 -0.0744995 27.9998 22.1369 -13 7613 1 0 1
-0.149584 -3.30718 1700 0.320885 0.34484 27.996 22.139 -13 7614 1 0 1
3.08327 4.22245 1700 -0.261754 -0.316299 27.997 22.139 -13 7615 1 0 1
-0.601444 -0.903837 1700 0.181089 0.157578 27.999 22.1372 -13 7616 1 0 1
-3.48406 0.230849 1700 0.0759119 -0.0643584 27.9998 22.1368 -13 7617 1 0 1
-4.72637 -1.70851 1700 0.172871 0.145182 27.9991 22.1372 -13 7618 1 0 1
-0.818707 2.997 1700 -0.0548728 -0.0799519 27.9998 22.1369 -13 7619 1 0 1
-4.03992 -3.64582 1700 0.157657 0.0901953 27.9994 22.1371 -13 7620 1 0 1
-1.0152 -1.35864 1700 0.112446 0.00142897 27.9998 22.1368 -13 7621 1 0 1
0.189233 -1.0894 1700 -0.0152272 -0.151751 27.9996 22.1369 -13 7622 1 0 1
2.7644 -0.0538133 1700 0.0676256 0.150402 27.9995 22.137 -13 7623 1 0 1
-3.36557 -2.51124 1700 0.175109 0.491359 27.9951 22.1393 -13 7624 1 0 1
0.104806 -1.29313 1700 0.0972896 -0.0944505 27.9997 22.1368 -13 7625 1 0 1
-0.868842 0.893057 1700 0.121079 0.00520334 27.9997 22.1367 -13 7626 1 0 1
0.569282 -0.613016 1700 0.107129 0.123258 27.9995 22.1369 -13 7627 1 0 1
-3.481 -6.06334 1700 0.349581 0.319737 27.996 22.1393 -13 7628 1 0 1
3.94344 2.81689 1700 -0.00936943 0.0657882 27.9999 22.1369 -13 7629 1 0 1
3.05423 5.9492 1700 -0.297842 -0.395563 27.9956 22.14 -13 7630 1 0 1
-3.56472 -2.22356 1700 0.297431 0.30242 27.9968 22.1384 -13 7631 1 0 1
-0.0823418 0.115131 1700 -0.135828 -0.259891 27.9985 22.1377 -13 7632 1 0 1
0.133215 0.482784 1700 0.238462 0.213254 27.9982 22.1375 -13 7633 1 0 1
-4.07791 -4.20621 1700 0.212033 0.182448 27.9986 22.1376 -13 7634 1 0 1
1.35619 2.71525 1700 -0.0870838 -0.0674588 27.9998 22.137 -13 7635 1 0 1
4.3882 5.02864 1700 -0.104178 -0.176539 27.9992 22.1375 -13 7636 1 0 1
2.71721 -1.62912 1700 0.0284592 -0.0493677 27.9999 22.1367 -13 7637 1 0 1
-1.09318 -4.22831 1700 0.187152 0.208474 27.9986 22.1376 -13 7638 1 0 1
-2.42187 -5.64749 1700 0.391091 0.356886 27.995 22.1398 -13 7639 1 0 1
-1.18338 6.40836 1700 -0.300057 -0.59795 27.992 22.1424 -13 7640 1 0 1
2.02411 2.53945 1700 -0.0359928 0.146918 27.9996 22.137 -13 7641 1 0 1
0.317822 -0.0691323 1700 -0.14863 -0.345752 27.9975 22.1383 -13 7642 1 0 1
-1.28292 1.4058 1700 -0.0872694 -0.178081 27.9993 22.1372 -13 7643 1 0 1
-4.49947 -7.5055 1700 0.253715 0.623922 27.9919 22.1417 -13 7644 1 0 1
-0.933149 -1.86301 1700 -0.0180226 -0.14558 27.9996 22.1369 -13 7645 1 0 1
-1.03824 -3.36973 1700 0.227371 0.278059 27.9977 22.138 -13 7646 1 0 1
0.956099 3.24627 1700 -0.196146 -0.229518 27.9984 22.138 -13 7647 1 0 1
-1.53534 -5.77356 1700 0.302827 0.0196534 27.9984 22.1379 -13 7648 1 0 1
-0.1461 -2.4078 1700 0.193582 0.245612 27.9983 22.1376 -13 7649 1 0 1
0.294685 -0.434738 1700 0.0975446 -0.00108275 27.9998 22.1367 -13 7650 1 0 1
-2.08264 3.54509 1700 0.146138 -0.130207 27.9993 22.1371 -13 7651 1 0 1
2.01943 -1.69783 1700 0.305694 0.231712 27.9974 22.1381 -13 7652 1 0 1
-1.36347 -5.13348 1700 0.357562 0.367783 27.9953 22.1396 -13 7653 1 0 1
2.61862 -3.58876 1700 0.0069512 0.18508 27.9994 22.1372 -13 7654 1 0 1
-1.48829 -5.94341 1700 0.108653 0.284671 27.9983 22.1378 -13 7655 1 0 1
-0.8611 -1.46523 1700 0.0292331 -0.0912773 27.9998 22.1368 -13 7656 1 0 1
0.271818 -3.04573 1700 0.0687805 0.264969 27.9987 22.1375 -13 7657 1 0 1
0.942678 3.77792 1700 -0.156805 -0.157296 27.9991 22.1375 -13 7658 1 0 1
2.59713 4.27732 1700 -0.106027 -0.363272 27.9974 22.1385 -13 7659 1 0 1
-1.22652 0.949903 1700 0.131507 0.227643 27.9988 22.1372 -13 7660 1 0 1
-2.16986 -1.42375 1700 0.107855 -0.0341319 27.9998 22.1368 -13 7661 1 0 1
3.34613 1.57388 1700 -0.0905025 -0.232855 27.9989 22.1374 -13 7662 1 0 1
-4.46631 -2.88449 1700 0.330465 0.278495 27.9967 22.1386 -13 7663 1 0 1
-1.52688 2.78707 1700 0.0446445 0.20562 27.9992 22.1371 -13 7664 1 0 1
1.86118 4.27342 1700 -0.164243 -0.236147 27.9985 22.1379 -13 7665 1 0 1
-0.138117 -1.34564 1700 -0.0363617 -0.149812 27.9996 22.1369 -13 7666 1 0 1
-0.560252 -4.37704 1700 0.163994 0.207233 27.9988 22.1375 -13 7667 1 0 1
1.47204 -1.14296 1700 0.100973 0.202124 27.9991 22.1372 -13 7668 1 0 1
3.169 0.757521 1700 -0.0115713 -0.170167 27.9995 22.137 -13 7669 1 0 1
-3.06222 -0.951921 1700 0.155976 0.110955 27.9993 22.137 -13 7670 1 0 1
2.02355 1.03261 1700 0.0989637 0.0385309 27.9998 22.1367 -13 7671 1 0 1
-1.48756 -1.78079 1700 0.128847 -0.0288 27.9997 22.1368 -13 7672 1 0 1
2.15339 6.5329 1700 -0.22899 -0.0903709 27.9989 22.138 -13 7673 1 0 1
-2.87779 -2.11018 1700 0.201745 0.213741 27.9985 22.1375 -13 7674 1 0 1
0.942954 -3.47609 1700 0.23915 0.325636 27.9971 22.1384 -13 7675 1 0 1
3.66782 -2.46913 1700 -0.0443439 0.0272477 28 22.1368 -13 7676 1 0 1
-5.45054 -0.330426 1700 0.133423 0.0266146 27.9997 22.137 -13 7677 1 0 1
-4.89975 -4.77643 1700 0.352984 0.153265 27.9974 22.1385 -13 7678 1 0 1
3.95701 1.34975 1700 -0.0279092 0.0485139 27.9999 22.1369 -13 7679 1 0 1
-0.481185 -4.56763 1700 0.257161 0.176866 27.9983 22.1378 -13 7680 1 0 1
-1.83039 5.78675 1700 -0.163438 -0.504721 27.995 22.1404 -13 7681 1 0 1
-3.9524 3.50303 1700 -0.016687 -0.413847 27.9969 22.139 -13 7682 1 0 1
1.46276 1.02529 1700 0.074835 0.186343 27.9993 22.1371 -13 7683 1 0 1
-2.69746 -1.97787 1700 0.322007 0.432701 27.9948 22.1395 -13 7684 1 0 1
-2.5007 -2.51073 1700 0.352035 0.252309 27.9967 22.1385 -13 7685 1 0 1
-1.97188 -0.717231 1700 -0.000692384 0.110069 27.9998 22.1368 -13 7686 1 0 1
6.15061 0.227191 1700 -0.012169 0.0636556 27.9999 22.137 -13 7687 1 0 1
-2.11228 1.68724 1700 0.00217826 -0.295062 27.9984 22.1378 -13 7688 1 0 1
-0.185611 1.67366 1700 0.0529001 -0.482133 27.9958 22.1392 -13 7689 1 0 1
1.70854 2.5861 1700 -0.123244 -0.157825 27.9993 22.1373 -13 7690 1 0 1
4.91577 4.856 1700 -0.280196 -0.31787 27.9968 22.1392 -13 7691 1 0 1
0.154412 -1.14637 1700 0.179364 0.244425 27.9984 22.1375 -13 7692 1 0 1
-2.69701 -2.40456 1700 0.310979 0.340155 27.9962 22.1388 -13 7693 1 0 1
2.04817 -5.97484 1700 0.420322 0.262398 27.9956 22.1396 -13 7694 1 0 1
4.03311 2.28514 1700 -0.0947074 -0.186498 27.9992 22.1373 -13 7695 1 0 1
3.7009 10.1817 1700 -0.254472 -0.622344 27.9919 22.1427 -13 7696 1 0 1
3.49074 -0.106383 1700 0.0110686 0.0877942 27.9999 22.1369 -13 7697 1 0 1
-2.3461 2.18999 1700 0.0777224 0.050785 27.9998 22.1367 -13 7698 1 0 1
-0.0319235 1.25615 1700 -0.160358 0.058172 27.9995 22.1371 -13 7699 1 0 1
1.84499 1.51712 1700 0.0237369 -0.142377 27.9996 22.1369 -13 7700 1 0 1
0.654343 2.16809 1700 0.0782201 0.121761 27.9996 22.1368 -13 7701 1 0 1
1.3297 -3.16767 1700 0.162751 0.00603532 27.9995 22.1369 -13 7702 1 0 1
2.18434 -1.12286 1700 0.0486106 0.225566 27.999 22.1373 -13 7703 1 0 1
-1.4565 0.787157 1700 0.0515409 -0.0679937 27.9999 22.1368 -13 7704 1 0 1
-0.369501 4.56213 1700 -0.032886 -0.395052 27.9972 22.1386 -13 7705 1 0 1
-0.188762 -6.25035 1700 0.37747 0.392391 27.9947 22.1401 -13 7706 1 0 1
-3.05002 0.743676 1700 0.01199 0.00695475 28 22.1367 -13 7707 1 0 1
1.89394 0.316271 1700 -0.0936784 0.0113035 27.9998 22.1369 -13 7708 1 0 1
-0.0237219 0.116746 1700 0.133915 0.317945 27.9979 22.1378 -13 7709 1 0 1
1.7145 0.889869 1700 -0.129405 -0.299814 27.9981 22.1379 -13 7710 1 0 1
1.68063 3.41458 1700 -0.184436 -0.315857 27.9976 22.1384 -13 7711 1 0 1
1.24095 2.54273 1700 -0.226343 -0.0927148 27.9989 22.1376 -13 7712 1 0 1
-1.87162 -3.16607 1700 0.117029 0.371402 27.9973 22.1382 -13 7713 1 0 1
-4.10288 -0.832113 1700 0.217605 0.0188566 27.9991 22.1372 -13 7714 1 0 1
2.33375 0.142078 1700 -0.200149 0.0663253 27.9992 22.1374 -13 7715 1 0 1
-2.42069 -4.08598 1700 0.20448 0.300879 27.9976 22.1381 -13 7716 1 0 1
1.42234 2.89439 1700 -0.102643 -0.327554 27.9979 22.1381 -13 7717 1 0 1
2.02866 2.50611 1700 -0.128625 0.0299176 27.9997 22.1371 -13 7718 1 0 1
0.32407 -0.253079 1700 0.244987 0.141431 27.9986 22.1373 -13 7719 1 0 1
2.19425 1.78088 1700 -0.0611944 0.0105065 27.9999 22.1368 -13 7720 1 0 1
1.16467 -0.220616 1700 -0.0565876 -0.0813124 27.9998 22.1368 -13 7721 1 0 1
-1.79825 -3.9925 1700 0.213306 0.331834 27.9972 22.1383 -13 7722 1 0 1
-1.31873 0.897301 1700 -0.0100341 0.044984 28 22.1367 -13 7723 1 0 1
-3.09076 0.957387 1700 0.0926467 -0.314986 27.9981 22.138 -13 7724 1 0 1
-4.01541 -5.59531 1700 0.222001 0.319651 27.9973 22.1384 -13 7725 1 0 1
-3.65394 4.45812 1700 -0.073561 -0.325988 27.998 22.1384 -13 7726 1 0 1
-1.6737 -1.63832 1700 0.167203 0.0400708 27.9995 22.1369 -13 7727 1 0 1
3.74025 0.616015 1700 -0.206482 0.248257 27.9981 22.1382 -13 7728 1 0 1
1.18715 1.44076 1700 -0.109477 -0.484212 27.9956 22.1394 -13 7729 1 0 1
-4.7327 -7.57808 1700 0.35868 0.275087 27.9964 22.1393 -13 7730 1 0 1
-1.34947 3.38533 1700 0.0834148 -0.0576889 27.9998 22.1368 -13 7731 1 0 1
1.30858 2.72036 1700 -0.0145771 -0.0233193 28 22.1368 -13 7732 1 0 1
0.702162 -2.58301 1700 0.151081 0.149017 27.9992 22.1371 -13 7733 1 0 1
-1.95148 -0.533476 1700 -0.0469811 0.18651 27.9993 22.137 -13 7734 1 0 1
-0.942051 -0.458363 1700 0.112644 -0.00923975 27.9998 22.1368 -13 7735 1 0 1
-4.38327 -0.675014 1700 0.174733 -0.14507 27.9991 22.1374 -13 7736 1 0 1
-2.57638 -6.1061 1700 0.207652 0.276955 27.9979 22.1381 -13 7737 1 0 1
-0.353014 -1.7834 1700 0.070209 0.0913887 27.9998 22.1368 -13 7738 1 0 1
5.45727 0.703146 1700 -0.0613086 0.189076 27.9993 22.1375 -13 7739 1 0 1
1.08522 -0.330707 1700 0.0313782 -0.120207 27.9997 22.1368 -13 7740 1 0 1
1.64209 2.91228 1700 -0.282479 -0.335664 27.9966 22.1391 -13 7741 1 0 1
3.15293 3.27528 1700 -0.263975 -0.117505 27.9985 22.138 -13 7742 1 0 1
1.17554 0.639438 1700 0.0315094 -0.141233 27.9996 22.1369 -13 7743 1 0 1
-0.561634 -0.520571 1700 -0.0601806 -0.105102 27.9997 22.1369 -13 7744 1 0 1
-3.54742 -0.807555 1700 -0.02198 -0.297889 27.9984 22.1378 -13 7745 1 0 1
0.874185 -1.05946 1700 0.032986 -0.0477339 27.9999 22.1367 -13 7746 1 0 1
1.09251 -0.717539 1700 0.12606 0.240652 27.9987 22.1374 -13 7747 1 0 1
-1.21655 -6.46785 1700 0.480338 0.652356 27.9883 22.1439 -13 7748 1 0 1
1.64875 1.50347 1700 -0.0963027 -0.177465 27.9993 22.1372 -13 7749 1 0 1
-0.222073 0.114937 1700 -0.119951 -0.22516 27.9988 22.1375 -13 7750 1 0 1
-0.167232 -1.41719 1700 -0.031176 -0.0469491 27.9999 22.1367 -13 7751 1 0 1
-1.91126 4.09599 1700 -0.0278321 -0.359542 27.9977 22.1384 -13 7752 1 0 1
4.50398 1.67797 1700 -0.11664 -0.15209 27.9993 22.1373 -13 7753 1 0 1
-4.62397 -3.6205 1700 0.21139 0.206322 27.9984 22.1376 -13 7754 1 0 1
0.545739 3.4009 1700 -0.146311 -0.0796814 27.9995 22.1372 -13 7755 1 0 1
6.95927 -0.0707305 1700 -0.144125 -0.0327715 27.9996 22.1373 -13 7756 1 0 1
-1.36958 -3.68045 1700 0.392925 0.469952 27.9933 22.1405 -13 7757 1 0 1
-0.699786 3.23266 1700 0.028989 0.0103288 28 22.1367 -13 7758 1 0 1
0.221303 -1.46056 1700 0.0105532 0.246228 27.9989 22.1373 -13 7759 1 0 1
2.50426 -3.32489 1700 0.170041 0.387178 27.9968 22.1387 -13 7760 1 0 1
-1.93873 -3.07638 1700 0.243468 0.339209 27.9969 22.1384 -13 7761 1 0 1
-0.417612 2.34009 1700 -0.21405 -0.566205 27.9935 22.1409 -13 7762 1 0 1
3.97595 -0.220564 1700 -0.106997 0.0327424 27.9998 22.137 -13 7763 1 0 1
0.734503 -2.53832 1700 -0.0169031 -0.0202453 28 22.1367 -13 7764 1 0 1
-2.67609 -1.9374 1700 0.334135 0.138952 27.9977 22.1379 -13 7765 1 0 1
-0.475314 3.51996 1700 -0.124017 -0.298286 27.9981 22.1381 -13 7766 1 0 1
3.4033 -2.06395 1700 0.10562 0.201429 27.9991 22.1373 -13 7767 1 0 1
3.84822 1.55765 1700 -0.066746 -0.149631 27.9995 22.1371 -13 7768 1 0 1
-0.0866814 -3.05228 1700 0.158312 0.209394 27.9988 22.1374 -13 7769 1 0 1
-2.57248 -0.361264 1700 0.0136225 0.0120044 28 22.1367 -13 7770 1 0 1
-0.425775 -7.72517 1700 0.340139 0.443371 27.9944 22.1405 -13 7771 1 0 1
-0.680617 2.47591 1700 -0.215335 -0.513594 27.9945 22.1403 -13 7772 1 0 1
1.23896 -3.58347 1700 -0.00305672 -0.123518 27.9997 22.1369 -13 7773 1 0 1
-1.8689 -3.58257 1700 0.222584 0.238445 27.9981 22.1378 -13 7774 1 0 1
-1.31156 -5.01331 1700 0.184266 0.31261 27.9976 22.1382 -13 7775 1 0 1
-0.486186 2.34087 1700 -0.0316942 -0.440631 27.9965 22.1389 -13 7776 1 0 1
-4.0046 -0.949147 1700 0.0337137 0.176631 27.9994 22.137 -13 7777 1 0 1
1.28658 -8.03888 1700 0.363181 0.409834 27.9946 22.1404 -13 7778 1 0 1
1.99368 -1.65772 1700 0.110177 0.150294 27.9994 22.137 -13 7779 1 0 1
0.815071 -0.809858 1700 0.183254 0.215193 27.9986 22.1374 -13 7780 1 0 1
-3.05242 -1.17047 1700 0.0647622 0.012235 27.9999 22.1367 -13 7781 1 0 1
1.40411 2.0229 1700 -0.138104 -0.155985 27.9992 22.1373 -13 7782 1 0 1
-0.847928 2.09025 1700 -0.104503 -0.210729 27.999 22.1375 -13 7783 1 0 1
3.20319 5.04706 1700 -0.389551 -0.454022 27.9936 22.1412 -13 7784 1 0 1
-4.40548 -2.08782 1700 0.185431 0.211614 27.9986 22.1375 -13 7785 1 0 1
-0.246986 -2.56125 1700 0.297682 0.381917 27.9958 22.139 -13 7786 1 0 1
0.868432 -0.940053 1700 0.127606 0.302045 27.9981 22.1377 -13 7787 1 0 1
-3.04971 -1.84159 1700 0.189927 0.0464903 27.9993 22.1371 -13 7788 1 0 1
-5.08281 -3.53776 1700 0.282764 0.147927 27.9982 22.1379 -13 7789 1 0 1
-1.4564 3.83098 1700 0.0772095 -0.137189 27.9996 22.137 -13 7790 1 0 1
1.25165 -2.68236 1700 0.162084 0.161558 27.9991 22.1372 -13 7791 1 0 1
-0.517731 -2.10585 1700 0.0649073 0.232273 27.999 22.1373 -13 7792 1 0 1
-0.761911 -0.298146 1700 0.122998 0.294832 27.9982 22.1376 -13 7793 1 0 1
-0.481702 7.21837 1700 -0.325333 -0.743127 27.9882 22.1448 -13 7794 1 0 1
1.6656 4.8319 1700 -0.138831 -0.0914396 27.9995 22.1374 -13 7795 1 0 1
0.168089 1.75086 1700 -0.160014 -0.255438 27.9984 22.1378 -13 7796 1 0 1
1.42592 4.09597 1700 -0.0958222 -0.0811354 27.9997 22.1371 -13 7797 1 0 1
3.29452 2.02859 1700 -0.184798 -0.225413 27.9985 22.1378 -13 7798 1 0 1
0.930582 2.46018 1700 -0.0816312 -0.253452 27.9987 22.1376 -13 7799 1 0 1
2.21482 -1.34385 1700 0.0682539 0.326554 27.998 22.1379 -13 7800 1 0 1
3.31204 3.79819 1700 -0.100431 -0.0434421 27.9998 22.1371 -13 7801 1 0 1
-1.35799 -3.99707 1700 0.106722 -0.0121811 27.9998 22.1369 -13 7802 1 0 1
0.892748 5.23082 1700 -0.235604 -0.585883 27.9929 22.1415 -13 7803 1 0 1
0.309045 -2.87873 1700 0.257628 0.222796 27.9979 22.1379 -13 7804 1 0 1
-2.52573 2.70373 1700 -0.0517687 -0.198397 27.9992 22.1374 -13 7805 1 0 1
1.8148 1.06661 1700 -0.271464 -0.304957 27.997 22.1387 -13 7806 1 0 1
3.92616 5.3807 1700 -0.27135 -0.00887354 27.9987 22.1382 -13 7807 1 0 1
1.96075 2.58128 1700 -0.152333 -0.000277107 27.9996 22.1372 -13 7808 1 0 1
3.26397 -7.23285 1700 0.292318 0.254668 27.9973 22.1388 -13 7809 1 0 1
-4.17553 0.0679371 1700 -0.0711575 0.00583908 27.9999 22.1368 -13 7810 1 0 1
4.08695 3.11569 1700 -0.127555 -0.142822 27.9993 22.1374 -13 7811 1 0 1
2.39658 9.54603 1700 -0.482708 -0.795907 27.9845 22.1475 -13 7812 1 0 1
-0.383015 2.6355 1700 -0.128169 -0.204202 27.999 22.1375 -13 7813 1 0 1
2.82449 0.107426 1700 -0.11687 -0.0629121 27.9997 22.137 -13 7814 1 0 1
2.89536 2.65383 1700 -0.0795531 -0.272729 27.9986 22.1377 -13 7815 1 0 1
0.914048 -2.23201 1700 0.0977389 0.0985511 27.9997 22.1369 -13 7816 1 0 1
1.1654 7.08607 1700 -0.299473 -0.648491 27.9909 22.143 -13 7817 1 0 1
2.80296 0.731605 1700 0.108766 0.0358355 27.9998 22.1368 -13 7818 1 0 1
3.54995 -0.76632 1700 -0.157608 -0.183063 27.999 22.1374 -13 7819 1 0 1
-0.0788998 -3.07944 1700 0.118437 0.188208 27.9991 22.1372 -13 7820 1 0 1
-0.380391 1.73862 1700 0.244297 0.0123847 27.9989 22.1371 -13 7821 1 0 1
1.91988 -0.109302 1700 -0.0198453 0.142894 27.9996 22.137 -13 7822 1 0 1
-0.0301631 -0.458159 1700 0.192055 0.0206374 27.9993 22.1369 -13 7823 1 0 1
-0.0185718 -0.32033 1700 0.0483002 -0.0718933 27.9999 22.1367 -13 7824 1 0 1
0.761697 -0.649926 1700 -0.0275354 0.113534 27.9998 22.1368 -13 7825 1 0 1
-0.630064 0.351659 1700 0.0611559 -0.162653 27.9995 22.137 -13 7826 1 0 1
0.757971 -0.113753 1700 0.034472 0.227449 27.9991 22.1372 -13 7827 1 0 1
1.61838 -3.54472 1700 -0.0428887 -0.149401 27.9996 22.1369 -13 7828 1 0 1
0.19707 1.06899 1700 -0.0101306 -0.241023 27.999 22.1373 -13 7829 1 0 1
0.211087 -5.73201 1700 0.308103 0.4207 27.9951 22.1398 -13 7830 1 0 1
-1.66229 -5.13989 1700 0.3331 0.103205 27.9978 22.1381 -13 7831 1 0 1
1.58192 -1.13676 1700 0.0671173 0.359781 27.9976 22.1381 -13 7832 1 0 1
-1.88314 -0.686353 1700 0.392713 0.128052 27.997 22.1382 -13 7833 1 0 1
-0.8073 -3.66467 1700 0.264242 0.243941 27.9977 22.138 -13 7834 1 0 1
0.0403785 -1.35872 1700 0.0617098 0.144588 27.9996 22.1369 -13 7835 1 0 1
0.455166 -3.16541 1700 0.206237 0.64509 27.9918 22.1415 -13 7836 1 0 1
0.0708308 -4.12296 1700 0.19386 0.161992 27.9989 22.1374 -13 7837 1 0 1
-1.1009 1.94978 1700 0.0729165 -0.00901424 27.9999 22.1367 -13 7838 1 0 1
-1.64636 -1.86126 1700 0.16358 0.0273471 27.9995 22.1369 -13 7839 1 0 1
1.61687 4.06984 1700 -0.130832 -0.0918439 27.9995 22.1373 -13 7840 1 0 1
-1.55944 -4.10265 1700 0.301384 0.568394 27.9926 22.141 -13 7841 1 0 1
2.0613 4.88178 1700 -0.209491 -0.289767 27.9977 22.1385 -13 7842 1 0 1
1.01112 -2.06589 1700 0.0599758 0.0495238 27.9999 22.1367 -13 7843 1 0 1
-1.76906 -2.20329 1700 0.133141 0.130778 27.9994 22.137 -13 7844 1 0 1
0.775863 2.52478 1700 -0.255272 -0.324144 27.997 22.1388 -13 7845 1 0 1
1.56449 1.25453 1700 0.0441242 -0.204468 27.9992 22.1371 -13 7846 1 0 1
0.929807 4.49481 1700 -0.21198 -0.270403 27.9979 22.1384 -13 7847 1 0 1
-3.10857 -2.06528 1700 0.215233 0.0868829 27.999 22.1372 -13 7848 1 0 1
-0.474517 -7.0302 1700 0.347614 0.6769 27.9897 22.1432 -13 7849 1 0 1
-2.45106 0.164734 1700 0.134519 -0.0676149 27.9996 22.1369 -13 7850 1 0 1
0.148387 2.87607 1700 0.0990941 0.0759243 27.9997 22.1368 -13 7851 1 0 1
-2.19828 0.917057 1700 0.189406 0.0747986 27.9993 22.137 -13 7852 1 0 1
-0.471852 3.94986 1700 -0.0751729 -0.0828679 27.9998 22.137 -13 7853 1 0 1
-0.163128 0.901164 1700 -0.175544 -0.256889 27.9983 22.1379 -13 7854 1 0 1
3.40373 2.34295 1700 -0.0784903 -0.25025 27.9988 22.1375 -13 7855 1 0 1
0.364841 5.15094 1700 -0.106879 -0.335305 27.9978 22.1384 -13 7856 1 0 1
1.23652 0.0458379 1700 -0.0335628 -0.154322 27.9996 22.137 -13 7857 1 0 1
-0.780583 -4.65047 1700 0.442746 0.417289 27.9934 22.1406 -13 7858 1 0 1
-3.15895 0.208532 1700 0.201773 0.157812 27.9988 22.1372 -13 7859 1 0 1
-0.521078 -1.02226 1700 0.0719089 0.00835537 27.9999 22.1367 -13 7860 1 0 1
-0.259461 0.847421 1700 -0.0244289 -0.0368233 28 22.1367 -13 7861 1 0 1
0.407921 -1.9649 1700 0.247529 0.237337 27.9979 22.1378 -13 7862 1 0 1
-1.18184 -4.54729 1700 0.392644 0.586527 27.9911 22.1419 -13 7863 1 0 1
-0.946096 -3.12613 1700 0.210439 0.404334 27.9963 22.1388 -13 7864 1 0 1
1.70015 -0.824636 1700 -0.00422093 0.375371 27.9975 22.1382 -13 7865 1 0 1
-1.58897 -1.88815 1700 -0.00633511 0.0956934 27.9998 22.1368 -13 7866 1 0 1
0.350209 0.18333 1700 0.052849 0.104379 27.9998 22.1368 -13 7867 1 0 1
-2.78455 -3.4147 1700 0.197522 0.165585 27.9988 22.1374 -13 7868 1 0 1
-0.550664 0.506303 1700 -0.0844067 -0.065354 27.9998 22.1369 -13 7869 1 0 1
1.66262 2.0446 1700 -0.0365084 -0.0379675 28 22.1368 -13 7870 1 0 1
-1.09594 0.546755 1700 0.0983011 -0.0575745 27.9998 22.1368 -13 7871 1 0 1
0.14903 4.34073 1700 -0.0447859 -0.125836 27.9997 22.1371 -13 7872 1 0 1
-0.806516 -1.64146 1700 0.158389 0.0170835 27.9995 22.1369 -13 7873 1 0 1
1.65948 3.15489 1700 -0.220107 -0.263497 27.9979 22.1383 -13 7874 1 0 1
-0.394884 -3.22493 1700 0.100412 0.085245 27.9997 22.1369 -13 7875 1 0 1
-1.56371 -1.83904 1700 0.131318 0.245184 27.9986 22.1374 -13 7876 1 0 1
-0.785675 1.83106 1700 -0.0645937 -0.161709 27.9995 22.1371 -13 7877 1 0 1
-0.0960302 0.991117 1700 -0.0518952 -0.0427569 27.9999 22.1368 -13 7878 1 0 1
0.402607 -2.21326 1700 0.0857626 0.148194 27.9995 22.137 -13 7879 1 0 1
1.4303 6.27543 1700 -0.244713 -0.550533 27.9935 22.1412 -13 7880 1 0 1
-1.19043 0.631836 1700 0.145833 0.0821666 27.9995 22.1368 -13 7881 1 0 1
0.0857241 2.07816 1700 -0.00211215 -0.259079 27.9988 22.1375 -13 7882 1 0 1
1.1717 3.97129 1700 -0.044542 -0.332534 27.998 22.1381 -13 7883 1 0 1
-1.37713 -3.63867 1700 0.0808835 0.0968154 27.9997 22.1369 -13 7884 1 0 1
-6.6559 -4.54283 1700 0.167488 0.295617 27.9979 22.138 -13 7885 1 0 1
-2.25375 0.603188 1700 -0.242948 -0.223361 27.9981 22.1381 -13 7886 1 0 1
0.391698 -1.48336 1700 0.034575 -0.214874 27.9992 22.1371 -13 7887 1 0 1
-3.21366 -4.70997 1700 0.268414 0.151888 27.9983 22.1378 -13 7888 1 0 1
5.87858 1.05791 1700 -0.195821 -0.178786 27.9987 22.1377 -13 7889 1 0 1
1.14775 6.26524 1700 -0.428773 -0.834224 27.9843 22.147 -13 7890 1 0 1
0.948877 5.49559 1700 -0.200527 -0.250183 27.9982 22.1383 -13 7891 1 0 1
3.30431 3.36983 1700 -0.164376 -0.143489 27.9991 22.1375 -13 7892 1 0 1
-0.042006 -2.93596 1700 0.193187 0.328197 27.9974 22.1382 -13 7893 1 0 1
-0.0520155 -0.429934 1700 0.290233 0.126363 27.9982 22.1375 -13 7894 1 0 1
1.60169 -1.12265 1700 -0.0513905 0.0678659 27.9999 22.1368 -13 7895 1 0 1
0.197896 1.56533 1700 -0.0609881 -0.120058 27.9997 22.137 -13 7896 1 0 1
-3.56039 -2.52731 1700 0.276654 0.244921 27.9976 22.138 -13 7897 1 0 1
-1.58574 1.18315 1700 -0.00474373 -0.135404 27.9997 22.137 -13 7898 1 0 1
-1.62781 0.95063 1700 0.0481194 -0.11579 27.9997 22.1369 -13 7899 1 0 1
-3.54076 2.01281 1700 -0.00476105 -0.0732379 27.9999 22.1369 -13 7900 1 0 1
-1.75995 -0.991459 1700 0.139471 0.0741818 27.9996 22.1369 -13 7901 1 0 1
0.937539 2.5397 1700 -0.105908 -0.0169716 27.9998 22.137 -13 7902 1 0 1
0.640267 5.0533 1700 -0.281868 -0.392148 27.9958 22.1398 -13 7903 1 0 1
-2.64514 -1.04928 1700 0.339194 0.240343 27.9969 22.1383 -13 7904 1 0 1
-1.11911 -4.71619 1700 0.188341 0.266897 27.9981 22.1379 -13 7905 1 0 1
3.78353 0.750988 1700 -0.0148303 0.129431 27.9997 22.137 -13 7906 1 0 1
2.5463 6.30182 1700 -0.313273 -0.38168 27.9956 22.1401 -13 7907 1 0 1
-1.37851 6.50432 1700 -0.136374 -0.210956 27.9989 22.1379 -13 7908 1 0 1
-5.11041 0.960405 1700 0.0419487 -0.016582 28 22.1368 -13 7909 1 0 1
-1.42905 2.26989 1700 0.0323178 -0.0192575 28 22.1367 -13 7910 1 0 1
5.94356 6.0948 1700 -0.411603 -0.391606 27.9942 22.1411 -13 7911 1 0 1
-0.6975 -1.32501 1700 0.00613003 0.255932 27.9988 22.1373 -13 7912 1 0 1
-0.862183 2.79342 1700 -0.119062 -0.237548 27.9987 22.1377 -13 7913 1 0 1
-3.21499 -4.81264 1700 0.232727 -0.00481502 27.999 22.1374 -13 7914 1 0 1
-0.148614 2.27553 1700 -0.0457489 -0.261552 27.9987 22.1376 -13 7915 1 0 1
2.89519 0.0134311 1700 -0.0367258 -0.107901 27.9998 22.1369 -13 7916 1 0 1
-1.79426 -1.02233 1700 0.329291 0.163341 27.9976 22.1379 -13 7917 1 0 1
2.84331 6.09056 1700 -0.466419 -0.528844 27.9911 22.143 -13 7918 1 0 1
-1.86007 2.39533 1700 -0.0816538 -0.408374 27.9969 22.1388 -13 7919 1 0 1
-2.913 -6.74052 1700 0.350309 0.461812 27.994 22.1405 -13 7920 1 0 1
-3.18295 -0.0955217 1700 0.0803308 -0.0920846 27.9997 22.1369 -13 7921 1 0 1
1.32614 0.251465 1700 -0.002401 0.135639 27.9997 22.1369 -13 7922 1 0 1
1.57069 -4.51892 1700 0.261192 0.420817 27.9956 22.1394 -13 7923 1 0 1
-2.4762 -1.85604 1700 0.113949 -0.0189709 27.9998 22.1368 -13 7924 1 0 1
-1.05389 8.50014 1700 -0.389389 -0.506375 27.9927 22.1424 -13 7925 1 0 1
2.76223 -4.44776 1700 0.165249 0.29229 27.998 22.1381 -13 7926 1 0 1
-0.522122 -0.614766 1700 0.209425 -0.0619052 27.9991 22.1371 -13 7927 1 0 1
1.17308 -6.34864 1700 0.344308 0.477415 27.9938 22.1407 -13 7928 1 0 1
2.41845 2.31444 1700 -0.0470649 -0.148949 27.9996 22.137 -13 7929 1 0 1
3.3745 1.56938 1700 -0.153237 -0.122584 27.9993 22.1373 -13 7930 1 0 1
0.663779 0.137602 1700 0.0885408 0.207316 27.9991 22.1371 -13 7931 1 0 1
-0.32489 2.32149 1700 -0.139146 -0.333807 27.9977 22.1383 -13 7932 1 0 1
-3.09188 0.619212 1700 0.101845 -0.0773826 27.9997 22.1369 -13 7933 1 0 1
-2.8808 -1.13165 1700 0.0128333 -0.0692691 27.9999 22.1368 -13 7934 1 0 1
0.385148 -2.78838 1700 0.227275 0.200748 27.9984 22.1376 -13 7935 1 0 1
-0.240004 0.508097 1700 -0.0182248 0.0611376 27.9999 22.1367 -13 7936 1 0 1
0.346972 1.86476 1700 0.0315544 0.201232 27.9993 22.1371 -13 7937 1 0 1
4.91081 3.20967 1700 -0.324559 -0.332059 27.9961 22.1395 -13 7938 1 0 1
1.87166 2.21975 1700 -0.215506 -0.246325 27.9981 22.1381 -13 7939 1 0 1
-1.55678 0.798202 1700 0.00359929 0.11155 27.9998 22.1368 -13 7940 1 0 1
-0.268178 -4.63136 1700 0.422896 0.476889 27.9927 22.141 -13 7941 1 0 1
0.124516 2.18952 1700 -0.081179 -0.346974 27.9977 22.1382 -13 7942 1 0 1
1.41023 -0.0340581 1700 -0.0375298 -0.115919 27.9997 22.1369 -13 7943 1 0 1
3.25675 -1.17205 1700 -0.0989386 0.187308 27.9992 22.1374 -13 7944 1 0 1
3.12424 0.903788 1700 -0.0979975 -0.483858 27.9956 22.1392 -13 7945 1 0 1
-3.15584 -2.46436 1700 0.161621 0.227773 27.9986 22.1374 -13 7946 1 0 1
-3.58332 -3.71647 1700 0.19585 0.245598 27.9982 22.1377 -13 7947 1 0 1
0.424984 -5.29188 1700 0.281748 0.432851 27.9952 22.1397 -13 7948 1 0 1
6.37199 -0.728257 1700 -0.139339 0.128917 27.9994 22.1375 -13 7949 1 0 1
-3.88282 -2.9518 1700 0.256734 0.449147 27.9952 22.1393 -13 7950 1 0 1
0.611834 -1.42032 1700 -0.0807251 -0.265376 27.9986 22.1375 -13 7951 1 0 1
2.53172 0.976099 1700 -0.117086 0.0892305 27.9996 22.1371 -13 7952 1 0 1
-0.727213 0.123138 1700 0.154009 0.000432915 27.9996 22.1368 -13 7953 1 0 1
-0.0970922 -1.70166 1700 0.197619 0.15303 27.9989 22.1372 -13 7954 1 0 1
-2.31177 -7.02285 1700 0.352898 0.772096 27.9871 22.1445 -13 7955 1 0 1
-4.50736 -3.59105 1700 0.184036 0.16639 27.9989 22.1374 -13 7956 1 0 1
3.3554 1.35489 1700 0.0558504 -0.0654743 27.9999 22.1367 -13 7957 1 0 1
2.42821 0.217833 1700 0.0998025 0.0333143 27.9998 22.1367 -13 7958 1 0 1
3.8385 1.84598 1700 -0.0611578 0.0199263 27.9999 22.1369 -13 7959 1 0 1
1.0725 -4.2051 1700 0.231765 0.281014 27.9976 22.1382 -13 7960 1 0 1
-2.84267 1.9791 1700 0.172137 -0.0246999 27.9995 22.1369 -13 7961 1 0 1
-3.49324 -1.70142 1700 0.337663 0.278819 27.9966 22.1385 -13 7962 1 0 1
1.23138 4.80189 1700 -0.210728 -0.413966 27.9961 22.1395 -13 7963 1 0 1
-1.19085 -1.19647 1700 0.0671884 -0.0104272 27.9999 22.1367 -13 7964 1 0 1
2.04213 8.36116 1700 -0.413624 -0.462627 27.9931 22.1421 -13 7965 1 0 1
2.36926 -0.583622 1700 -0.0282693 0.117967 27.9997 22.1369 -13 7966 1 0 1
-2.22611 1.59152 1700 0.0386395 0.0305238 28 22.1367 -13 7967 1 0 1
-1.67339 -2.47129 1700 0.288999 0.311412 27.9968 22.1384 -13 7968 1 0 1
0.784484 1.49522 1700 0.0269387 -0.0914303 27.9998 22.1368 -13 7969 1 0 1
-1.07969 2.15257 1700 0.0611851 0.0886398 27.9998 22.1367 -13 7970 1 0 1
-0.189383 -4.11266 1700 0.391149 0.503465 27.9927 22.141 -13 7971 1 0 1
-3.79848 -7.78478 1700 0.483782 0.563776 27.9901 22.143 -13 7972 1 0 1
-1.12188 1.02593 1700 0.0564059 -0.0163313 27.9999 22.1367 -13 7973 1 0 1
1.95762 3.28761 1700 -0.222795 -0.36708 27.9967 22.139 -13 7974 1 0 1
2.75548 -0.409344 1700 0.0530109 0.0392531 27.9999 22.1367 -13 7975 1 0 1
-2.37376 3.57378 1700 0.256657 0.084096 27.9987 22.1372 -13 7976 1 0 1
3.02385 -0.822645 1700 0.0480445 -0.117696 27.9997 22.1368 -13 7977 1 0 1
3.01399 0.879339 1700 -0.137956 0.0509741 27.9996 22.1371 -13 7978 1 0 1
0.684705 -0.533586 1700 0.0288798 -0.241371 27.9989 22.1373 -13 7979 1 0 1
-0.468597 -1.57051 1700 0.232879 0.074585 27.9989 22.1372 -13 7980 1 0 1
-0.260176 -0.0251075 1700 0.155793 0.236182 27.9986 22.1374 -13 7981 1 0 1
1.43568 3.06727 1700 -0.0456004 -0.0942371 27.9998 22.1369 -13 7982 1 0 1
-1.16932 -1.85919 1700 0.169469 0.328924 27.9976 22.138 -13 7983 1 0 1
1.99097 -2.07317 1700 -0.0503571 0.14945 27.9996 22.137 -13 7984 1 0 1
3.42024 2.08662 1700 -0.230052 -0.379997 27.9965 22.139 -13 7985 1 0 1
0.256344 4.28286 1700 -0.267777 -0.603436 27.9922 22.1419 -13 7986 1 0 1
2.9249 1.4672 1700 -0.17286 0.00560009 27.9995 22.1372 -13 7987 1 0 1
2.22872 5.89121 1700 -0.219117 -0.324309 27.9973 22.1389 -13 7988 1 0 1
0.00895966 1.87889 1700 -0.322635 -0.297772 27.9966 22.1391 -13 7989 1 0 1
1.62112 0.591033 1700 -0.0548504 -0.079437 27.9998 22.1368 -13 7990 1 0 1
0.0236292 0.191483 1700 -0.0879615 -0.116533 27.9996 22.137 -13 7991 1 0 1
0.510994 0.946778 1700 0.0459491 -0.107739 27.9998 22.1368 -13 7992 1 0 1
0.655549 -8.62011 1700 0.0619662 0.175521 27.9994 22.1375 -13 7993 1 0 1
3.20682 3.60494 1700 -0.0723237 -0.0579774 27.9998 22.137 -13 7994 1 0 1
-0.312626 1.07333 1700 0.149358 0.0331776 27.9996 22.1368 -13 7995 1 0 1
0.347858 -1.45731 1700 0.224337 -0.00871275 27.9991 22.1371 -13 7996 1 0 1
1.53261 -7.16031 1700 0.175554 0.175845 27.9989 22.1377 -13 7997 1 0 1
-2.41019 0.951084 1700 -0.0408918 -0.257196 27.9988 22.1376 -13 7998 1 0 1
-1.33667 -1.37829 1700 0.156446 -0.0550738 27.9995 22.1369 -13 7999 1 0 1
-1.14872 -2.76788 1700 0.0983171 0.138453 27.9995 22.137 -13 8000 1 0 1
-1.17923 -2.11414 1700 0.332412 0.289516 27.9965 22.1386 -13 8001 1 0 1
-0.356624 -0.00783682 1700 0.0149091 0.0259695 28 22.1367 -13 8002 1 0 1
-2.13323 -0.435062 1700 0.217256 0.146322 27.9988 22.1372 -13 8003 1 0 1
-0.981468 -1.68989 1700 -0.000261883 -0.0106268 28 22.1367 -13 8004 1 0 1
-2.55131 -2.6198 1700 0.278274 0.374888 27.9961 22.1388 -13 8005 1 0 1
-1.82847 -4.26674 1700 0.281703 0.0374724 27.9986 22.1376 -13 8006 1 0 1
-0.160662 1.13557 1700 0.0107698 0.00868506 28 22.1367 -13 8007 1 0 1
-1.34785 -1.12564 1700 0.140769 0.145393 27.9993 22.137 -13 8008 1 0 1
1.39558 5.92648 1700 -0.0790632 -0.190074 27.9992 22.1375 -13 8009 1 0 1
-0.0341413 -2.89939 1700 0.173364 0.278266 27.9981 22.1378 -13 8010 1 0 1
-1.51275 0.697314 1700 0.112218 0.0338449 27.9998 22.1367 -13 8011 1 0 1
1.41485 0.800561 1700 -0.000292059 -0.0727401 27.9999 22.1367 -13 8012 1 0 1
-2.39585 -2.876 1700 0.194259 0.13921 27.999 22.1373 -13 8013 1 0 1
-5.28483 -4.77301 1700 0.324619 0.336561 27.9961 22.1391 -13 8014 1 0 1
0.202597 -3.66034 1700 0.2722 0.370935 27.9962 22.1389 -13 8015 1 0 1
-0.131547 1.35321 1700 -0.0565955 -0.0806795 27.9998 22.1369 -13 8016 1 0 1
-1.93422 4.18563 1700 -0.0166435 -0.228872 27.9991 22.1375 -13 8017 1 0 1
3.47517 0.55851 1700 -0.112157 -0.121537 27.9995 22.1371 -13 8018 1 0 1
-0.062711 -1.74957 1700 0.0877525 0.276756 27.9985 22.1375 -13 8019 1 0 1
0.454069 4.97168 1700 0.00565423 -0.188624 27.9994 22.1373 -13 8020 1 0 1
-1.29225 2.51933 1700 0.0157321 0.150627 27.9996 22.1369 -13 8021 1 0 1
1.46823 2.01268 1700 0.147147 -0.145066 27.9992 22.137 -13 8022 1 0 1
4.57014 7.0962 1700 -0.495784 -0.695037 27.987 22.1455 -13 8023 1 0 1
-1.69766 0.723273 1700 -0.00811098 -0.254643 27.9988 22.1375 -13 8024 1 0 1
-2.03071 -5.69876 1700 0.376928 0.578454 27.9915 22.1418 -13 8025 1 0 1
-3.42832 -0.819984 1700 0.149174 -0.182698 27.999 22.1374 -13 8026 1 0 1
0.0595452 -0.164588 1700 0.00215116 0.0903481 27.9999 22.1368 -13 8027 1 0 1
1.07055 -1.09188 1700 0.071464 -0.204986 27.9992 22.1371 -13 8028 1 0 1
3.90183 -6.782 1700 0.117817 0.463668 27.9959 22.1397 -13 8029 1 0 1
0.0925228 -1.401 1700 0.144238 0.108916 27.9994 22.1369 -13 8030 1 0 1
-0.41881 0.569044 1700 0.10752 0.136916 27.9995 22.1369 -13 8031 1 0 1
2.93946 2.11291 1700 -0.220729 0.00432801 27.9991 22.1375 -13 8032 1 0 1
2.06082 3.32821 1700 -0.280993 -0.151956 27.9982 22.1382 -13 8033 1 0 1
5.26524 3.8352 1700 -0.237237 -0.306903 27.9973 22.1387 -13 8034 1 0 1
-0.864668 -4.33965 1700 0.286441 -0.156707 27.9981 22.1379 -13 8035 1 0 1
-3.84392 -1.06706 1700 0.232451 0.109629 27.9988 22.1373 -13 8036 1 0 1
3.53995 3.69349 1700 -0.147906 -0.369516 27.9972 22.1386 -13 8037 1 0 1
-0.248566 -0.635568 1700 0.224258 0.0695618 27.999 22.1371 -13 8038 1 0 1
-0.962113 -0.49111 1700 0.0736829 -0.0973479 27.9997 22.1368 -13 8039 1 0 1
-3.28082 0.107433 1700 0.0446792 -0.123373 27.9997 22.137 -13 8040 1 0 1
5.16904 0.792283 1700 -0.142928 0.0337442 27.9996 22.1372 -13 8041 1 0 1
-3.739 -5.37013 1700 0.336065 0.262984 27.9967 22.1388 -13 8042 1 0 1
-3.92159 -0.717542 1700 0.0264014 0.00463589 28 22.1367 -13 8043 1 0 1
-0.308428 -1.64312 1700 0.116923 0.173434 27.9992 22.1371 -13 8044 1 0 1
4.11448 4.3128 1700 -0.247351 -0.26401 27.9977 22.1386 -13 8045 1 0 1
-6.54108 -0.712059 1700 0.043773 -0.112364 27.9997 22.1372 -13 8046 1 0 1
2.56294 2.95635 1700 -0.239781 -0.416281 27.9959 22.1394 -13 8047 1 0 1
-4.25475 2.86894 1700 0.0541964 -0.263406 27.9987 22.1378 -13 8048 1 0 1
-1.63235 -2.60076 1700 0.184006 0.17827 27.9988 22.1373 -13 8049 1 0 1
-1.40137 3.1576 1700 0.133475 -0.0239817 27.9997 22.1368 -13 8050 1 0 1
-2.60106 3.62541 1700 -0.00327838 -0.324542 27.9981 22.1381 -13 8051 1 0 1
-4.75484 -6.56576 1700 0.366219 0.337172 27.9956 22.1396 -13 8052 1 0 1
3.73635 -2.19358 1700 0.111108 0.100189 27.9996 22.137 -13 8053 1 0 1
6.51196 -1.55001 1700 0.0566209 0.21402 27.9991 22.1376 -13 8054 1 0 1
-0.231653 1.76303 1700 0.0755645 -0.0600748 27.9998 22.1367 -13 8055 1 0 1
-1.26326 -3.69405 1700 0.413554 0.342685 27.9948 22.1397 -13 8056 1 0 1
1.95785 2.59214 1700 0.118272 0.0640905 27.9997 22.1368 -13 8057 1 0 1
4.77949 4.94576 1700 -0.444504 -0.71205 27.9874 22.1448 -13 8058 1 0 1
0.907806 1.52714 1700 -0.191464 -0.158148 27.9989 22.1375 -13 8059 1 0 1
2.85051 3.22135 1700 -0.0836772 -0.00456011 27.9999 22.137 -13 8060 1 0 1
-0.951727 -0.102276 1700 0.00898062 -0.214776 27.9992 22.1372 -13 8061 1 0 1
-3.96066 -5.04344 1700 0.387116 0.234836 27.9963 22.139 -13 8062 1 0 1
-0.454139 0.111662 1700 -0.0962277 -0.162313 27.9994 22.1371 -13 8063 1 0 1
1.77564 -2.9167 1700 0.0178 -0.0458866 28 22.1367 -13 8064 1 0 1
0.645964 -2.8967 1700 0.15488 0.160649 27.9991 22.1372 -13 8065 1 0 1
2.60445 -0.384603 1700 -0.0433568 -0.00145037 28 22.1368 -13 8066 1 0 1
-0.0909418 3.52724 1700 -0.120674 -0.207562 27.999 22.1376 -13 8067 1 0 1
0.56835 -4.66276 1700 0.214478 0.505173 27.9946 22.14 -13 8068 1 0 1
-0.31388 4.6559 1700 -0.15654 -0.0747455 27.9995 22.1374 -13 8069 1 0 1
1.16381 -1.67916 1700 0.0629408 0.386467 27.9973 22.1383 -13 8070 1 0 1
-0.489355 0.562038 1700 0.0661098 0.233304 27.9989 22.1372 -13 8071 1 0 1
0.939988 3.73052 1700 -0.109528 -0.369632 27.9973 22.1385 -13 8072 1 0 1
-1.9058 -3.33074 1700 0.151183 0.0765614 27.9995 22.137 -13 8073 1 0 1
0.6104 7.11807 1700 -0.349714 -0.651346 27.9902 22.1435 -13 8074 1 0 1
-2.37654 -3.94029 1700 0.259648 0.00883932 27.9988 22.1375 -13 8075 1 0 1
-0.707149 -3.68563 1700 0.28138 0.404078 27.9957 22.1392 -13 8076 1 0 1
-2.02573 -1.91404 1700 0.0697863 0.0430929 27.9999 22.1367 -13 8077 1 0 1
1.21623 2.97024 1700 -0.0250858 -0.0317669 28 22.1368 -13 8078 1 0 1
0.591424 4.0938 1700 -0.177923 -0.342595 27.9973 22.1387 -13 8079 1 0 1
-1.94849 -2.69569 1700 0.117933 0.0823822 27.9996 22.1369 -13 8080 1 0 1
1.00384 2.52061 1700 -0.0732039 -0.0888086 27.9998 22.137 -13 8081 1 0 1
0.688532 1.5652 1700 -0.00129617 0.2414 27.999 22.1373 -13 8082 1 0 1
-1.79961 -1.64769 1700 0.235495 0.0787756 27.9989 22.1372 -13 8083 1 0 1
-2.20864 -5.66319 1700 0.28231 0.491537 27.9943 22.1402 -13 8084 1 0 1
-1.63795 1.14355 1700 0.0307253 0.0638436 27.9999 22.1367 -13 8085 1 0 1
-2.50524 -1.68699 1700 0.223364 0.104825 27.9989 22.1372 -13 8086 1 0 1
-0.695916 3.72549 1700 -0.0954569 -0.20943 27.9991 22.1375 -13 8087 1 0 1
-3.22808 0.591062 1700 0.289698 -0.0596107 27.9984 22.1375 -13 8088 1 0 1
-1.45177 -2.75831 1700 0.230223 0.271244 27.9977 22.1379 -13 8089 1 0 1
0.794775 3.44214 1700 -0.0473258 -0.249511 27.9988 22.1375 -13 8090 1 0 1
0.290101 1.61676 1700 -0.00347758 -0.0335341 28 22.1367 -13 8091 1 0 1
0.734506 1.04165 1700 0.0327027 -0.0476178 27.9999 22.1367 -13 8092 1 0 1
1.00996 2.76212 1700 -0.119268 0.00822793 27.9997 22.137 -13 8093 1 0 1
3.4905 2.77734 1700 -0.114702 -0.181619 27.9992 22.1374 -13 8094 1 0 1
8.0193 1.04679 1700 -0.17725 0.152008 27.999 22.138 -13 8095 1 0 1
-1.40941 -5.02762 1700 0.114916 0.372859 27.9973 22.1384 -13 8096 1 0 1
0.889197 -0.357308 1700 0.0100239 -0.031066 28 22.1367 -13 8097 1 0 1
-0.258752 1.57063 1700 -0.139296 -0.0329551 27.9996 22.137 -13 8098 1 0 1
1.39225 1.91392 1700 -0.178031 -0.278503 27.998 22.138 -13 8099 1 0 1
-1.40843 5.96495 1700 -0.145215 -0.479842 27.9955 22.14 -13 8100 1 0 1
1.13274 -0.272144 1700 -0.0379723 -0.0766228 27.9999 22.1368 -13 8101 1 0 1
3.39571 -3.07702 1700 0.109684 0.0702716 27.9997 22.1369 -13 8102 1 0 1
-5.27376 -1.03151 1700 0.215629 0.193102 27.9985 22.1375 -13 8103 1 0 1
-5.25331 -0.903016 1700 0.238871 -0.158424 27.9985 22.1377 -13 8104 1 0 1
5.0888 4.47921 1700 -0.266067 -0.358769 27.9964 22.1393 -13 8105 1 0 1
0.859629 -4.18846 1700 -0.023768 0.153961 27.9996 22.137 -13 8106 1 0 1
-0.906567 -0.819212 1700 0.0740303 0.0641751 27.9998 22.1367 -13 8107 1 0 1
1.95102 0.761636 1700 -0.0151743 -0.18828 27.9994 22.1371 -13 8108 1 0 1
-2.62466 -1.66191 1700 0.240611 0.184516 27.9984 22.1375 -13 8109 1 0 1
1.55315 1.93001 1700 -0.199276 -0.353912 27.9971 22.1386 -13 8110 1 0 1
1.6901 1.40724 1700 -0.142114 0.118437 27.9994 22.1372 -13 8111 1 0 1
4.13368 -1.14608 1700 -0.0505584 -0.186992 27.9993 22.1371 -13 8112 1 0 1
1.51149 5.22105 1700 -0.20319 -0.639449 27.992 22.1419 -13 8113 1 0 1
0.444791 -0.67796 1700 0.0543926 -0.132181 27.9996 22.1369 -13 8114 1 0 1
4.42435 3.63276 1700 -0.301008 -0.446042 27.9948 22.1402 -13 8115 1 0 1
3.47215 4.34345 1700 -0.371545 -0.466371 27.9937 22.1411 -13 8116 1 0 1
3.19365 4.9576 1700 -0.273491 -0.397226 27.9958 22.1397 -13 8117 1 0 1
2.12789 2.00568 1700 -0.185054 -0.355524 27.9971 22.1386 -13 8118 1 0 1
3.09018 -1.53238 1700 0.189804 0.215687 27.9985 22.1376 -13 8119 1 0 1
2.75542 9.06641 1700 -0.364762 -0.336731 27.9956 22.1406 -13 8120 1 0 1
-1.208 1.46447 1700 0.0966407 -0.118453 27.9996 22.1369 -13 8121 1 0 1
4.12809 5.27987 1700 -0.240611 -0.443169 27.9955 22.1399 -13 8122 1 0 1
1.21185 4.47601 1700 -0.0943623 -0.186114 27.9992 22.1374 -13 8123 1 0 1
1.17275 -1.27072 1700 0.0717628 0.112983 27.9997 22.1368 -13 8124 1 0 1
-0.136685 2.24975 1700 -0.0632942 -0.184817 27.9993 22.1372 -13 8125 1 0 1
4.56453 6.13632 1700 -0.380822 -0.669457 27.9894 22.1437 -13 8126 1 0 1
-0.154468 -0.52081 1700 0.0461533 0.0165287 28 22.1367 -13 8127 1 0 1
3.86844 2.33495 1700 -0.175321 -0.0861395 27.9993 22.1374 -13 8128 1 0 1
0.399994 -0.588363 1700 -0.0383303 -0.102692 27.9998 22.1368 -13 8129 1 0 1
2.51676 -0.742789 1700 -0.0793593 -0.266461 27.9986 22.1375 -13 8130 1 0 1
1.74645 4.12281 1700 -0.0919624 -0.328912 27.9979 22.1382 -13 8131 1 0 1
-0.586371 -2.59468 1700 0.0612235 0.269692 27.9986 22.1375 -13 8132 1 0 1
0.0226856 -5.35387 1700 0.128713 0.289934 27.9982 22.1379 -13 8133 1 0 1
2.32612 1.00133 1700 0.12762 0.141449 27.9994 22.137 -13 8134 1 0 1
1.90749 2.89933 1700 -0.202212 -0.240047 27.9982 22.138 -13 8135 1 0 1
0.84084 2.09305 1700 -0.121543 -0.130308 27.9994 22.1372 -13 8136 1 0 1
-2.94398 -2.00863 1700 0.167176 -0.0685885 27.9994 22.1371 -13 8137 1 0 1
1.11857 1.25215 1700 -0.0626102 0.153262 27.9995 22.137 -13 8138 1 0 1
0.642914 0.383509 1700 -0.0292622 -0.0665087 27.9999 22.1368 -13 8139 1 0 1
-0.297955 3.61264 1700 -0.176853 -0.368767 27.997 22.1388 -13 8140 1 0 1
1.43631 -5.39233 1700 0.213943 0.273752 27.9978 22.1382 -13 8141 1 0 1
1.362 2.15242 1700 -0.081925 -0.233809 27.9989 22.1375 -13 8142 1 0 1
2.48719 0.125911 1700 -0.144974 0.00555015 27.9996 22.1371 -13 8143 1 0 1
-1.81229 -1.85691 1700 0.0866983 0.097035 27.9997 22.1368 -13 8144 1 0 1
-0.649149 -6.35492 1700 0.390927 0.527163 27.9923 22.1415 -13 8145 1 0 1
-0.34464 2.01317 1700 0.0820561 0.0334503 27.9999 22.1367 -13 8146 1 0 1
-2.78709 -0.323741 1700 0.201656 0.0562929 27.9992 22.137 -13 8147 1 0 1
0.224198 -1.22639 1700 0.154798 0.157364 27.9991 22.1371 -13 8148 1 0 1
0.720425 -2.40588 1700 0.165947 0.495591 27.9951 22.1395 -13 8149 1 0 1
1.48254 3.00328 1700 -0.143119 -0.2712 27.9983 22.1379 -13 8150 1 0 1
3.33051 3.77491 1700 -0.231698 -0.320354 27.9972 22.1387 -13 8151 1 0 1
0.695558 6.47647 1700 -0.097029 -0.409165 27.9968 22.1391 -13 8152 1 0 1
1.31674 -1.87281 1700 -0.0194436 0.124064 27.9997 22.1369 -13 8153 1 0 1
4.68564 0.592995 1700 -0.00832291 0.155723 27.9996 22.1371 -13 8154 1 0 1
0.450263 -0.722677 1700 -0.123002 -0.342192 27.9976 22.1381 -13 8155 1 0 1
1.20214 1.30416 1700 -0.026875 -0.161025 27.9995 22.137 -13 8156 1 0 1
-0.52199 -3.08758 1700 0.121061 0.0271903 27.9997 22.1368 -13 8157 1 0 1
-0.589633 0.83327 1700 0.02505 0.0785753 27.9999 22.1367 -13 8158 1 0 1
1.51434 -2.48419 1700 0.227494 0.267622 27.9978 22.138 -13 8159 1 0 1
2.52302 5.17856 1700 -0.0476423 -0.0213678 28 22.137 -13 8160 1 0 1
4.79475 1.34877 1700 -0.0618185 -0.0246562 27.9999 22.1369 -13 8161 1 0 1
-4.30842 -0.657445 1700 0.157124 0.316 27.9978 22.1378 -13 8162 1 0 1
2.87891 1.19846 1700 -0.0717288 -0.20521 27.9992 22.1372 -13 8163 1 0 1
1.48105 0.414605 1700 0.0417298 -0.00908736 28 22.1367 -13 8164 1 0 1
3.0877 3.96177 1700 -0.272355 -0.436237 27.9953 22.1399 -13 8165 1 0 1
-0.565767 -1.69642 1700 0.237538 0.0371224 27.999 22.1372 -13 8166 1 0 1
1.96519 0.714025 1700 -0.0426403 0.209427 27.9992 22.1373 -13 8167 1 0 1
-3.72368 -0.644932 1700 0.135156 0.236516 27.9987 22.1373 -13 8168 1 0 1
-0.917832 -0.296645 1700 0.123593 0.147544 27.9993 22.137 -13 8169 1 0 1
-6.27391 -3.8465 1700 0.129575 0.233989 27.9987 22.1375 -13 8170 1 0 1
3.16216 1.90118 1700 -0.100802 -0.148202 27.9994 22.1372 -13 8171 1 0 1
-0.798261 1.27373 1700 0.0169935 -0.0760701 27.9999 22.1368 -13 8172 1 0 1
-2.55371 -2.84745 1700 0.262535 0.170994 27.9982 22.1377 -13 8173 1 0 1
0.755536 -2.99331 1700 0.0859855 0.162485 27.9994 22.1371 -13 8174 1 0 1
1.31108 -3.61971 1700 0.175429 -0.05058 27.9994 22.137 -13 8175 1 0 1
1.36847 6.65488 1700 -0.145136 -0.319138 27.9978 22.1386 -13 8176 1 0 1
-1.91698 -3.77294 1700 0.0562213 0.00350744 27.9999 22.1368 -13 8177 1 0 1
0.0282632 -3.65135 1700 0.377686 0.338853 27.9954 22.1394 -13 8178 1 0 1
3.80804 4.194 1700 -0.166343 -0.134719 27.9992 22.1376 -13 8179 1 0 1
-2.26488 -1.79985 1700 0.186239 -0.148254 27.999 22.1373 -13 8180 1 0 1
5.51154 2.55773 1700 -0.162288 -0.0129605 27.9995 22.1374 -13 8181 1 0 1
-5.51042 -4.51111 1700 0.405116 0.301421 27.9954 22.1395 -13 8182 1 0 1
-1.46467 -4.14049 1700 0.134113 0.0837027 27.9996 22.137 -13 8183 1 0 1
-0.495657 3.33586 1700 -0.107273 -0.244897 27.9987 22.1377 -13 8184 1 0 1
-2.45042 -3.49808 1700 0.165793 0.0628521 27.9994 22.1371 -13 8185 1 0 1
2.94335 0.0719894 1700 -0.00462615 0.130946 27.9997 22.137 -13 8186 1 0 1
-1.25261 1.30632 1700 0.077759 -0.209453 27.9991 22.1372 -13 8187 1 0 1
-1.27513 2.62182 1700 0.0103546 0.0652314 27.9999 22.1367 -13 8188 1 0 1
-4.43106 -3.61708 1700 0.238548 0.440783 27.9955 22.1392 -13 8189 1 0 1
-4.80216 1.11546 1700 0.170787 -0.14849 27.9991 22.1374 -13 8190 1 0 1
4.87257 2.89109 1700 -0.172919 -0.169247 27.999 22.1376 -13 8191 1 0 1
-2.34723 -1.05313 1700 0.0994771 0.057622 27.9998 22.1368 -13 8192 1 0 1
0.991331 -2.69791 1700 -0.0194569 -0.111517 27.9998 22.1368 -13 8193 1 0 1
2.97428 2.02786 1700 -0.0758055 -0.00238223 27.9999 22.1369 -13 8194 1 0 1
1.19538 3.92179 1700 -0.0781042 -0.183483 27.9993 22.1373 -13 8195 1 0 1
0.051169 -0.810236 1700 0.120913 0.0651807 27.9997 22.1368 -13 8196 1 0 1
0.997064 1.51008 1700 -0.100864 0.084532 27.9997 22.137 -13 8197 1 0 1
-1.92894 2.37419 1700 0.0972885 -0.120044 27.9996 22.137 -13 8198 1 0 1
-1.61892 1.80146 1700 0.108947 -0.105999 27.9996 22.1369 -13 8199 1 0 1
-2.83921 3.87819 1700 -0.0942577 -0.0802427 27.9997 22.1371 -13 8200 1 0 1
-0.706236 1.84762 1700 0.191569 -0.149457 27.9989 22.1372 -13 8201 1 0 1
3.25192 8.18027 1700 -0.145761 -0.336819 27.9976 22.1389 -13 8202 1 0 1
-0.716232 -0.142194 1700 0.0547008 -0.0617479 27.9999 22.1367 -13 8203 1 0 1
3.04463 2.07912 1700 -0.059477 0.249028 27.9988 22.1376 -13 8204 1 0 1
-1.88986 -4.25922 1700 0.325768 0.228764 27.9972 22.1384 -13 8205 1 0 1
1.62701 2.81908 1700 -0.0919583 0.135629 27.9995 22.1371 -13 8206 1 0 1
-0.666626 -1.4006 1700 0.193576 0.101514 27.9991 22.1371 -13 8207 1 0 1
0.711427 1.86707 1700 0.00805972 -0.143451 27.9996 22.1369 -13 8208 1 0 1
-1.6284 1.028 1700 -0.00147122 0.040448 28 22.1367 -13 8209 1 0 1
-2.70658 3.66608 1700 0.0811065 -0.124774 27.9996 22.137 -13 8210 1 0 1
-3.05907 -1.92163 1700 0.121507 0.0514302 27.9997 22.1369 -13 8211 1 0 1
0.280209 0.778001 1700 0.0236743 0.187716 27.9994 22.137 -13 8212 1 0 1
3.53077 -2.61585 1700 0.0147565 0.084252 27.9999 22.1369 -13 8213 1 0 1
1.91118 -0.734274 1700 -0.037733 0.242734 27.9989 22.1374 -13 8214 1 0 1
2.46039 -1.00418 1700 -0.0564074 -0.121835 27.9997 22.1369 -13 8215 1 0 1
1.40255 2.79018 1700 -0.0764172 -0.481676 27.9958 22.1393 -13 8216 1 0 1
-1.3377 -7.03547 1700 0.479758 0.727644 27.9864 22.145 -13 8217 1 0 1
-1.43352 -3.30711 1700 0.273971 0.21229 27.9979 22.1379 -13 8218 1 0 1
-0.37283 0.733852 1700 0.091163 0.220535 27.999 22.1372 -13 8219 1 0 1
-0.30661 1.84928 1700 0.110223 -0.0757275 27.9997 22.1368 -13 8220 1 0 1
-2.60072 2.47018 1700 0.0947135 -0.241397 27.9988 22.1375 -13 8221 1 0 1
1.18099 4.34527 1700 -0.325873 -0.385134 27.9955 22.14 -13 8222 1 0 1
0.54856 -1.49688 1700 0.0363809 0.0635047 27.9999 22.1367 -13 8223 1 0 1
0.271447 2.07582 1700 -0.14512 -0.516656 27.9949 22.1399 -13 8224 1 0 1
2.01735 -4.00845 1700 0.0291368 0.0291868 28 22.1368 -13 8225 1 0 1
-4.55676 -3.00646 1700 0.335728 0.0401321 27.998 22.138 -13 8226 1 0 1
1.46199 4.09205 1700 -0.241565 -0.294463 27.9974 22.1387 -13 8227 1 0 1
1.22262 1.01769 1700 -0.0313917 -0.267253 27.9987 22.1375 -13 8228 1 0 1
-0.457019 1.11331 1700 0.0085103 0.0484511 28 22.1367 -13 8229 1 0 1
0.485169 0.411385 1700 -0.167664 -0.381186 27.9969 22.1386 -13 8230 1 0 1
0.455486 2.38202 1700 -0.0912294 -0.346272 27.9977 22.1382 -13 8231 1 0 1
3.8076 2.97694 1700 -0.176201 -0.0280845 27.9994 22.1374 -13 8232 1 0 1
0.946287 3.49197 1700 -0.0443376 -0.169658 27.9995 22.1372 -13 8233 1 0 1
-2.72749 -1.50507 1700 0.237924 0.395929 27.9962 22.1387 -13 8234 1 0 1
2.15543 0.488618 1700 -0.119544 -0.174013 27.9992 22.1372 -13 8235 1 0 1
-0.54009 0.545262 1700 0.0766499 -0.110359 27.9997 22.1368 -13 8236 1 0 1
2.54303 -0.50708 1700 0.0184121 0.0358234 28 22.1367 -13 8237 1 0 1
0.901903 1.85126 1700 -0.0929919 -0.0682233 27.9998 22.137 -13 8238 1 0 1
3.1973 2.54113 1700 -0.0537885 -0.0501164 27.9999 22.1369 -13 8239 1 0 1
0.935263 2.93277 1700 -0.0963424 -0.0340838 27.9998 22.137 -13 8240 1 0 1
0.274458 -0.548493 1700 -0.0135522 -0.271351 27.9987 22.1375 -13 8241 1 0 1
-2.45838 -1.44949 1700 0.0550443 -0.0498016 27.9999 22.1368 -13 8242 1 0 1
2.51659 -2.14911 1700 0.276376 0.347021 27.9965 22.1387 -13 8243 1 0 1
-0.60871 2.62236 1700 -0.127325 -0.105912 27.9995 22.1372 -13 8244 1 0 1
1.26036 3.94623 1700 -0.271816 -0.354542 27.9964 22.1393 -13 8245 1 0 1
-1.7293 0.00579975 1700 0.103697 0.281569 27.9984 22.1375 -13 8246 1 0 1
3.96963 -1.62679 1700 0.0376566 -0.0212173 28 22.1367 -13 8247 1 0 1
3.31869 -3.42855 1700 -0.0111486 0.0457464 28 22.1368 -13 8248 1 0 1
-1.79244 -3.43147 1700 0.131672 -0.0655441 27.9996 22.137 -13 8249 1 0 1
-1.03206 -0.411042 1700 0.0797504 -0.223043 27.999 22.1373 -13 8250 1 0 1
-1.05038 1.22885 1700 -0.0415729 -0.107611 27.9998 22.1369 -13 8251 1 0 1
4.1347 -3.05458 1700 0.0688683 0.358329 27.9976 22.1384 -13 8252 1 0 1
2.53815 -3.18903 1700 0.172905 0.176432 27.9989 22.1374 -13 8253 1 0 1
-2.26014 2.19919 1700 0.109537 -0.140315 27.9994 22.137 -13 8254 1 0 1
-2.19204 -3.48878 1700 0.184412 0.335961 27.9974 22.1382 -13 8255 1 0 1
0.689391 0.0254503 1700 -0.0815437 -0.100811 27.9997 22.1369 -13 8256 1 0 1
0.494423 -4.5806 1700 0.18309 0.493384 27.9951 22.1397 -13 8257 1 0 1
0.202158 2.21399 1700 -0.0063502 -0.026374 28 22.1367 -13 8258 1 0 1
-1.28833 4.49138 1700 -0.078113 -0.107825 27.9997 22.1372 -13 8259 1 0 1
1.44495 2.39735 1700 -0.249241 -0.286848 27.9974 22.1385 -13 8260 1 0 1
1.68707 5.8398 1700 -0.101199 -0.23971 27.9988 22.1378 -13 8261 1 0 1
-0.182981 -3.47469 1700 -0.0207486 0.257327 27.9988 22.1374 -13 8262 1 0 1
-4.14906 -3.07956 1700 0.277416 0.0816674 27.9985 22.1376 -13 8263 1 0 1
1.85863 4.95575 1700 -0.224792 -0.479254 27.995 22.1402 -13 8264 1 0 1
1.46143 -2.58427 1700 0.122893 0.232067 27.9988 22.1374 -13 8265 1 0 1
-0.902099 0.401861 1700 -0.053472 0.0200423 27.9999 22.1368 -13 8266 1 0 1
4.97536 -7.20122 1700 0.0374242 0.332685 27.998 22.1385 -13 8267 1 0 1
-0.221219 6.44126 1700 -0.264811 -0.202708 27.998 22.1386 -13 8268 1 0 1
1.2566 -0.262469 1700 0.0440044 0.333301 27.998 22.1379 -13 8269 1 0 1
3.64585 3.21478 1700 -0.262458 -0.390336 27.996 22.1394 -13 8270 1 0 1
2.98335 2.89238 1700 -0.176393 -0.194898 27.9988 22.1377 -13 8271 1 0 1
3.75503 3.92793 1700 -0.224478 -0.274998 27.9977 22.1384 -13 8272 1 0 1
-1.72209 -5.38147 1700 0.470798 0.477722 27.992 22.1415 -13 8273 1 0 1
1.18292 5.91687 1700 -0.17384 -0.312694 27.9977 22.1386 -13 8274 1 0 1
1.63667 1.01902 1700 0.0634986 -0.251607 27.9988 22.1373 -13 8275 1 0 1
3.81371 -2.58858 1700 -0.0430878 0.0995829 27.9998 22.137 -13 8276 1 0 1
-4.35608 0.84443 1700 0.223461 -0.0583069 27.999 22.1373 -13 8277 1 0 1
-2.82327 -3.58727 1700 0.225049 0.376831 27.9966 22.1386 -13 8278 1 0 1
0.566332 1.45547 1700 -0.247725 -0.166683 27.9984 22.1379 -13 8279 1 0 1
-0.0942918 -0.372853 1700 -0.15562 -0.124669 27.9993 22.1372 -13 8280 1 0 1
0.0359126 -4.1616 1700 0.00614595 -0.0363242 28 22.1368 -13 8281 1 0 1
1.20727 2.60527 1700 -0.164345 -0.283755 27.9981 22.1381 -13 8282 1 0 1
-4.54698 1.25062 1700 0.00513638 -0.118484 27.9997 22.137 -13 8283 1 0 1
0.156448 -0.399733 1700 0.124152 -0.0368913 27.9997 22.1368 -13 8284 1 0 1
-1.30345 2.0238 1700 0.0519981 0.118397 27.9997 22.1368 -13 8285 1 0 1
1.30684 -0.45412 1700 0.124174 0.282416 27.9983 22.1376 -13 8286 1 0 1
-4.07865 -1.11678 1700 0.263548 0.0128163 27.9988 22.1374 -13 8287 1 0 1
-1.4769 -0.558805 1700 0.0328312 0.143879 27.9996 22.1369 -13 8288 1 0 1
-1.20074 -3.75697 1700 0.218891 0.186227 27.9985 22.1376 -13 8289 1 0 1
1.13657 1.33885 1700 -0.032696 0.0125832 28 22.1367 -13 8290 1 0 1
3.34684 0.572901 1700 -0.0229497 0.062897 27.9999 22.1368 -13 8291 1 0 1
-0.542957 -2.82905 1700 0.0383159 0.3028 27.9983 22.1376 -13 8292 1 0 1
3.01009 3.26412 1700 -0.114232 -0.216141 27.9989 22.1375 -13 8293 1 0 1
-1.47742 -5.47604 1700 0.108181 0.234232 27.9988 22.1375 -13 8294 1 0 1
0.27899 -0.710926 1700 0.0652009 0.0323877 27.9999 22.1367 -13 8295 1 0 1
-0.0164025 5.73512 1700 -0.166825 -0.25866 27.9983 22.1382 -13 8296 1 0 1
2.11874 -0.585663 1700 -0.114822 -0.136462 27.9994 22.1371 -13 8297 1 0 1
-0.00138491 -1.56058 1700 0.163423 0.0105475 27.9995 22.1369 -13 8298 1 0 1
2.78397 -1.04915 1700 -0.0537054 -0.0718226 27.9999 22.1368 -13 8299 1 0 1
0.27468 -1.89132 1700 -0.0728935 0.202362 27.9992 22.1372 -13 8300 1 0 1
-0.199656 -4.50455 1700 0.192445 0.401564 27.9965 22.1389 -13 8301 1 0 1
-1.26051 -2.34909 1700 0.194838 -0.014844 27.9993 22.137 -13 8302 1 0 1
-0.112802 -1.5035 1700 0.121155 0.147204 27.9994 22.137 -13 8303 1 0 1
-0.653272 -3.36717 1700 0.0874354 0.0876961 27.9997 22.1369 -13 8304 1 0 1
0.999965 -1.49929 1700 0.303182 0.343762 27.9962 22.1387 -13 8305 1 0 1
-4.41806 -1.4127 1700 0.188288 0.166309 27.9989 22.1373 -13 8306 1 0 1
3.63371 2.61092 1700 -0.219745 -0.044858 27.9991 22.1376 -13 8307 1 0 1
1.52542 3.7879 1700 -0.057328 -0.58874 27.9938 22.1405 -13 8308 1 0 1
3.05458 0.0571905 1700 0.0934796 0.1957 27.9992 22.1372 -13 8309 1 0 1
2.9673 0.600803 1700 -0.122019 -0.29963 27.9981 22.1378 -13 8310 1 0 1
0.792559 1.84229 1700 0.0339705 0.230498 27.999 22.1372 -13 8311 1 0 1
-0.734849 1.63199 1700 -0.10023 -0.112913 27.9996 22.1371 -13 8312 1 0 1
-0.848228 1.36543 1700 0.0769377 -0.124782 27.9996 22.1369 -13 8313 1 0 1
-0.900686 0.510742 1700 0.0115529 0.019652 28 22.1367 -13 8314 1 0 1
-1.48065 -1.60632 1700 0.280776 0.195577 27.9979 22.1378 -13 8315 1 0 1
-0.249865 3.11961 1700 -0.0953599 -0.241506 27.9988 22.1376 -13 8316 1 0 1
3.51508 0.0878183 1700 0.0545422 0.011851 27.9999 22.1367 -13 8317 1 0 1
-0.925186 2.0958 1700 -0.0244292 -0.163197 27.9995 22.1371 -13 8318 1 0 1
-0.798923 3.26001 1700 -0.0269999 0.0781896 27.9999 22.1368 -13 8319 1 0 1
0.580686 -0.0572322 1700 -0.102467 0.0502977 27.9998 22.1369 -13 8320 1 0 1
2.9545 1.55212 1700 -0.144237 -0.0207438 27.9996 22.1371 -13 8321 1 0 1
1.65058 0.0684005 1700 0.133408 0.205887 27.9989 22.1372 -13 8322 1 0 1
0.135567 -3.08499 1700 0.304681 0.357096 27.9961 22.1389 -13 8323 1 0 1
-1.95987 -7.35416 1700 0.458405 0.533629 27.9912 22.1423 -13 8324 1 0 1
2.69346 -2.09898 1700 0.0658229 0.225512 27.999 22.1374 -13 8325 1 0 1
-1.76963 0.85149 1700 0.0975573 -0.0757413 27.9997 22.1368 -13 8326 1 0 1
-1.96993 -2.76228 1700 0.279841 0.198388 27.9979 22.1378 -13 8327 1 0 1
0.494099 -0.96022 1700 0.139098 0.0403834 27.9996 22.1368 -13 8328 1 0 1
-1.69797 -0.325987 1700 0.170283 0.062703 27.9994 22.1369 -13 8329 1 0 1
-2.24959 -1.85116 1700 -0.0913288 0.120691 27.9996 22.1369 -13 8330 1 0 1
2.35651 1.43077 1700 -0.0913839 -0.135032 27.9995 22.1371 -13 8331 1 0 1
-1.64158 0.417287 1700 0.108975 -0.0550376 27.9997 22.1368 -13 8332 1 0 1
-6.23819 0.140571 1700 0.0737712 -0.053595 27.9999 22.137 -13 8333 1 0 1
1.43879 0.156218 1700 -0.055081 0.0230056 27.9999 22.1368 -13 8334 1 0 1
-4.75131 -5.8057 1700 0.444458 0.316021 27.9947 22.1401 -13 8335 1 0 1
3.13927 6.73934 1700 -0.48643 -0.716097 27.9866 22.1457 -13 8336 1 0 1
-0.0141013 0.80489 1700 0.0676596 -0.0742512 27.9998 22.1367 -13 8337 1 0 1
3.09512 2.26594 1700 -0.0113349 -0.10074 27.9998 22.1369 -13 8338 1 0 1
0.36874 -0.2135 1700 0.0980882 -0.123384 27.9996 22.1369 -13 8339 1 0 1
6.11058 2.29302 1700 -0.306298 -0.243739 27.9973 22.1388 -13 8340 1 0 1
-2.51252 -3.19553 1700 0.125938 0.262114 27.9985 22.1375 -13 8341 1 0 1
2.9363 2.92041 1700 -0.208987 -0.266019 27.998 22.1382 -13 8342 1 0 1
-1.07347 1.06864 1700 0.0245475 -0.0233442 28 22.1367 -13 8343 1 0 1
0.0116799 -2.11689 1700 0.027911 0.171313 27.9995 22.137 -13 8344 1 0 1
-2.75755 0.64334 1700 0.14161 0.21987 27.9988 22.1372 -13 8345 1 0 1
0.6311 -0.264992 1700 0.0315786 0.176844 27.9994 22.137 -13 8346 1 0 1
-0.122938 -0.0413739 1700 -0.0775012 -0.143086 27.9995 22.137 -13 8347 1 0 1
0.913648 1.49214 1700 -0.229846 -0.572387 27.9932 22.1409 -13 8348 1 0 1
-2.4322 -1.93151 1700 0.0967558 0.109006 27.9996 22.1369 -13 8349 1 0 1
3.01728 -1.48595 1700 -0.0615987 0.0355045 27.9999 22.1368 -13 8350 1 0 1
3.8879 1.27009 1700 -0.158024 -0.200625 27.9988 22.1376 -13 8351 1 0 1
0.878031 2.18227 1700 0.0143439 0.000633439 28 22.1367 -13 8352 1 0 1
1.85365 1.36898 1700 -0.0341031 -0.146482 27.9996 22.137 -13 8353 1 0 1
3.2671 -2.19304 1700 -0.0159456 -0.0247712 28 22.1368 -13 8354 1 0 1
1.39195 3.7236 1700 -0.168921 -0.493878 27.9951 22.1399 -13 8355 1 0 1
3.85482 -6.09873 1700 0.239811 0.510395 27.9943 22.1406 -13 8356 1 0 1
3.07201 -3.3841 1700 0.203285 0.583044 27.9932 22.1409 -13 8357 1 0 1
2.79931 8.77059 1700 -0.389429 -0.539221 27.9921 22.1427 -13 8358 1 0 1
-0.589953 -4.3998 1700 0.305727 0.257338 27.9971 22.1384 -13 8359 1 0 1
4.51064 -2.70856 1700 -0.0862234 0.0933771 27.9997 22.1371 -13 8360 1 0 1
2.49505 1.21926 1700 -0.0173796 -0.139375 27.9996 22.1369 -13 8361 1 0 1
0.565747 2.38826 1700 0.0707444 -0.0637585 27.9998 22.1367 -13 8362 1 0 1
-6.51602 1.22484 1700 0.141329 -0.135121 27.9993 22.1374 -13 8363 1 0 1
0.833963 -0.869981 1700 0.0434506 -0.104668 27.9998 22.1368 -13 8364 1 0 1
0.682269 3.79544 1700 -0.00712085 -0.279629 27.9986 22.1377 -13 8365 1 0 1
2.33674 1.71529 1700 -0.164564 -0.207653 27.9987 22.1376 -13 8366 1 0 1
-2.79295 0.0849194 1700 -0.0840722 -0.273134 27.9985 22.1377 -13 8367 1 0 1
0.29257 6.27214 1700 -0.187577 -0.413827 27.9963 22.1395 -13 8368 1 0 1
-0.193079 -4.02856 1700 0.162586 0.00905047 27.9995 22.137 -13 8369 1 0 1
2.67476 -1.32941 1700 -0.00973675 -0.0698689 27.9999 22.1367 -13 8370 1 0 1
-0.268958 -1.31235 1700 0.13303 0.293077 27.9982 22.1377 -13 8371 1 0 1
0.437802 1.78573 1700 -0.10321 -0.288928 27.9983 22.1378 -13 8372 1 0 1
-1.49557 5.48511 1700 0.104211 -0.0794869 27.9997 22.137 -13 8373 1 0 1
-0.913406 -0.05489 1700 0.0330859 -0.20398 27.9992 22.1371 -13 8374 1 0 1
1.80274 0.24488 1700 -0.108504 -0.125961 27.9995 22.1371 -13 8375 1 0 1
0.463394 -0.00474525 1700 0.106338 0.112642 27.9996 22.1368 -13 8376 1 0 1
0.427217 3.19009 1700 -0.129902 -0.156119 27.9993 22.1374 -13 8377 1 0 1
2.30246 4.56482 1700 0.0102116 -0.0636444 27.9999 22.1369 -13 8378 1 0 1
-3.6589 -1.4898 1700 0.24407 -0.0622008 27.9989 22.1374 -13 8379 1 0 1
-0.95611 0.380089 1700 0.159262 0.0562025 27.9995 22.1369 -13 8380 1 0 1
-0.792524 -0.353695 1700 0.0688279 0.175787 27.9994 22.137 -13 8381 1 0 1
0.762866 -1.69057 1700 0.0277039 0.20716 27.9992 22.1371 -13 8382 1 0 1
0.896948 -3.01373 1700 0.0819365 0.076341 27.9998 22.1368 -13 8383 1 0 1
-0.0574495 1.06533 1700 0.0714141 -0.0194763 27.9999 22.1367 -13 8384 1 0 1
1.65879 1.03092 1700 -0.0808234 -0.0779195 27.9998 22.1369 -13 8385 1 0 1
-1.68736 -6.70571 1700 0.370173 0.474967 27.9935 22.1408 -13 8386 1 0 1
3.09211 -0.603116 1700 -0.157269 -0.041281 27.9995 22.1371 -13 8387 1 0 1
0.726509 -3.64919 1700 0.134426 0.407086 27.9967 22.1387 -13 8388 1 0 1
0.416738 -4.21331 1700 0.131482 0.144586 27.9993 22.1372 -13 8389 1 0 1
1.38031 -1.08847 1700 0.0680172 0.155971 27.9995 22.137 -13 8390 1 0 1
-4.64163 -5.57577 1700 0.387561 0.408971 27.9943 22.1402 -13 8391 1 0 1
1.71285 -0.535968 1700 0.062332 0.155785 27.9995 22.137 -13 8392 1 0 1
-1.5527 -2.31933 1700 0.106391 0.00127571 27.9998 22.1368 -13 8393 1 0 1
-2.1226 -2.40041 1700 0.302489 0.210431 27.9976 22.138 -13 8394 1 0 1
-1.22749 -2.66035 1700 0.242754 0.102599 27.9988 22.1374 -13 8395 1 0 1
-2.25261 -1.87838 1700 0.0963233 -0.0582481 27.9998 22.1368 -13 8396 1 0 1
0.253547 -0.0343242 1700 0.278296 0.124688 27.9983 22.1374 -13 8397 1 0 1
0.87705 3.5001 1700 -0.0976964 0.0398918 27.9998 22.137 -13 8398 1 0 1
-5.27008 -2.90755 1700 0.191833 -0.0871021 27.9992 22.1374 -13 8399 1 0 1
0.406529 -3.05784 1700 0.162926 0.154282 27.9991 22.1372 -13 8400 1 0 1
0.0991532 -0.861008 1700 0.0299693 -0.223489 27.9991 22.1372 -13 8401 1 0 1
6.26545 3.74823 1700 -0.289579 -0.222326 27.9976 22.1387 -13 8402 1 0 1
2.91687 0.456936 1700 -0.132138 -0.310136 27.998 22.1379 -13 8403 1 0 1
-2.61179 -6.14006 1700 0.189667 0.366931 27.997 22.1387 -13 8404 1 0 1
1.21767 0.811697 1700 0.0666282 -0.0432074 27.9999 22.1367 -13 8405 1 0 1
1.40805 1.53911 1700 -0.200287 -0.104636 27.9991 22.1374 -13 8406 1 0 1
5.35452 7.07182 1700 -0.314899 -0.504584 27.9937 22.1413 -13 8407 1 0 1
1.21312 0.469946 1700 -0.0565747 -0.0338894 27.9999 22.1368 -13 8408 1 0 1
-0.604326 -10.0396 1700 0.333396 0.5435 27.9927 22.1418 -13 8409 1 0 1
-2.38197 0.199883 1700 0.110909 -0.215482 27.999 22.1374 -13 8410 1 0 1
-1.45325 -0.932632 1700 0.161868 0.130921 27.9992 22.137 -13 8411 1 0 1
-5.03291 -1.70626 1700 0.19404 -0.0565305 27.9993 22.1373 -13 8412 1 0 1
0.365464 2.48807 1700 0.0597834 0.0408588 27.9999 22.1367 -13 8413 1 0 1
0.0902203 2.3593 1700 -0.0709765 -0.258933 27.9987 22.1376 -13 8414 1 0 1
-0.897074 2.6968 1700 -0.099178 -0.355818 27.9976 22.1384 -13 8415 1 0 1
-2.45722 -1.43274 1700 0.0751093 -0.251413 27.9988 22.1375 -13 8416 1 0 1
-4.96891 -3.93427 1700 0.332944 0.298586 27.9964 22.1388 -13 8417 1 0 1
-2.84412 1.4694 1700 0.0472042 -0.125645 27.9997 22.137 -13 8418 1 0 1
4.93506 5.79913 1700 -0.401586 -0.723929 27.9878 22.1447 -13 8419 1 0 1
1.96244 1.33061 1700 -0.0197299 -0.0187813 28 22.1367 -13 8420 1 0 1
-4.51507 -2.74949 1700 0.282141 0.127691 27.9983 22.1377 -13 8421 1 0 1
-5.03465 1.33266 1700 -0.0368912 -0.110259 27.9998 22.1371 -13 8422 1 0 1
0.606864 -1.66407 1700 0.173886 0.128749 27.9992 22.1371 -13 8423 1 0 1
4.66448 -1.09636 1700 -0.0476578 -0.0612143 27.9999 22.1369 -13 8424 1 0 1
-3.14354 -3.48025 1700 0.2877 0.324343 27.9966 22.1386 -13 8425 1 0 1
-1.67845 -6.72724 1700 0.501524 0.468119 27.9916 22.142 -13 8426 1 0 1
0.589047 2.81749 1700 -0.0043847 -0.239494 27.999 22.1374 -13 8427 1 0 1
0.150719 6.27547 1700 -0.225966 -0.199513 27.9984 22.1383 -13 8428 1 0 1
0.10039 1.28095 1700 -0.0761876 -0.234092 27.9989 22.1374 -13 8429 1 0 1
-2.61236 -0.720816 1700 0.153512 0.0766889 27.9995 22.1369 -13 8430 1 0 1
-3.12885 0.317333 1700 0.0658113 0.0406091 27.9999 22.1367 -13 8431 1 0 1
-1.22487 -2.45635 1700 0.175334 0.123048 27.9992 22.1371 -13 8432 1 0 1
2.79426 -1.64992 1700 -0.0987944 -0.00311807 27.9998 22.1369 -13 8433 1 0 1
-8.15743 -6.02885 1700 0.35646 0.1903 27.9971 22.1389 -13 8434 1 0 1
-2.40135 0.530732 1700 0.273715 0.285598 27.9972 22.138 -13 8435 1 0 1
4.63038 -0.509441 1700 -0.0332896 -0.0564695 27.9999 22.1368 -13 8436 1 0 1
-1.3533 -2.2126 1700 0.133913 0.186186 27.9991 22.1372 -13 8437 1 0 1
-2.06845 5.27376 1700 -0.0244569 -0.318742 27.9982 22.1382 -13 8438 1 0 1
-1.50025 -0.434186 1700 0.081942 -0.0804701 27.9998 22.1368 -13 8439 1 0 1
2.85496 -1.18276 1700 0.187737 0.10028 27.9992 22.1371 -13 8440 1 0 1
0.14158 -2.44268 1700 0.306255 0.239837 27.9973 22.1382 -13 8441 1 0 1
0.106472 3.08204 1700 -0.121344 0.014024 27.9997 22.137 -13 8442 1 0 1
-0.641217 -0.667992 1700 0.134294 0.139675 27.9993 22.137 -13 8443 1 0 1
0.528026 1.43409 1700 0.0477915 -0.186028 27.9993 22.1371 -13 8444 1 0 1
-0.195321 -2.81746 1700 0.274013 0.384194 27.996 22.1389 -13 8445 1 0 1
-0.269682 0.652076 1700 -0.113686 -0.267154 27.9985 22.1377 -13 8446 1 0 1
0.55245 -0.506652 1700 0.0558261 0.186504 27.9993 22.137 -13 8447 1 0 1
0.568468 4.60748 1700 -0.151597 -0.335758 27.9976 22.1385 -13 8448 1 0 1
-0.640816 2.80422 1700 0.0626674 -0.120079 27.9997 22.1369 -13 8449 1 0 1
-0.4916 -0.906086 1700 -0.0162029 -0.261656 27.9988 22.1374 -13 8450 1 0 1
-0.266654 -3.56993 1700 0.1409 -0.0757746 27.9995 22.137 -13 8451 1 0 1
-0.367189 -7.25106 1700 0.466285 0.401114 27.9932 22.1411 -13 8452 1 0 1
-2.49115 -2.57817 1700 0.263758 -0.058826 27.9987 22.1375 -13 8453 1 0 1
2.28988 1.49441 1700 0.073089 0.0422019 27.9999 22.1367 -13 8454 1 0 1
3.21395 4.02538 1700 -0.219021 -0.298996 27.9975 22.1385 -13 8455 1 0 1
1.13192 0.606637 1700 0.13954 0.14153 27.9993 22.137 -13 8456 1 0 1
-0.925543 -1.5302 1700 0.144031 -0.119567 27.9994 22.137 -13 8457 1 0 1
2.91598 2.74573 1700 -0.246828 -0.29054 27.9974 22.1386 -13 8458 1 0 1
5.49261 1.92359 1700 -0.116304 -0.0123839 27.9998 22.1372 -13 8459 1 0 1
-0.970271 6.55489 1700 -0.11737 -0.419067 27.9966 22.1393 -13 8460 1 0 1
-1.21511 -1.38853 1700 0.265027 0.276437 27.9974 22.138 -13 8461 1 0 1
-0.809354 -1.51895 1700 0.11387 0.212224 27.999 22.1372 -13 8462 1 0 1
0.819547 4.6554 1700 0.0115969 -0.113031 27.9998 22.137 -13 8463 1 0 1
-1.09286 -5.16801 1700 0.204245 0.321589 27.9974 22.1383 -13 8464 1 0 1
1.50758 -2.04235 1700 -0.0276499 -0.00158438 28 22.1367 -13 8465 1 0 1
-2.78764 1.07288 1700 0.151186 -0.00213403 27.9996 22.1369 -13 8466 1 0 1
2.62587 -1.07772 1700 -0.00497339 -0.0102644 28 22.1367 -13 8467 1 0 1
3.11503 0.332054 1700 -0.253641 -0.0966941 27.9987 22.1377 -13 8468 1 0 1
0.297248 -7.19554 1700 0.45854 0.543908 27.991 22.1425 -13 8469 1 0 1
2.06993 -3.38057 1700 0.238279 0.34335 27.9969 22.1386 -13 8470 1 0 1
-0.873215 1.97911 1700 -0.147638 -0.244144 27.9985 22.1378 -13 8471 1 0 1
2.02195 -1.91744 1700 0.220519 0.454061 27.9954 22.1394 -13 8472 1 0 1
0.669914 -3.29375 1700 0.0274154 0.0496573 27.9999 22.1368 -13 8473 1 0 1
1.58776 1.12124 1700 -0.0191225 0.140782 27.9996 22.1369 -13 8474 1 0 1
-3.08873 -2.12532 1700 0.0560475 -0.167936 27.9994 22.1371 -13 8475 1 0 1
-0.610124 -0.785587 1700 -0.0688182 -0.142605 27.9996 22.137 -13 8476 1 0 1
-2.95323 3.1624 1700 -0.0654078 -0.200988 27.9992 22.1375 -13 8477 1 0 1
-0.560777 4.50056 1700 -0.23806 -0.147742 27.9986 22.138 -13 8478 1 0 1
-0.372965 1.9199 1700 0.0702667 0.100601 27.9997 22.1368 -13 8479 1 0 1
1.75005 2.10074 1700 -0.220466 -0.472529 27.9951 22.1398 -13 8480 1 0 1
-1.42119 0.944088 1700 -0.00955722 -0.221141 27.9991 22.1373 -13 8481 1 0 1
0.861538 -3.09791 1700 0.124392 -0.0205863 27.9997 22.1368 -13 8482 1 0 1
-2.66934 -1.70192 1700 0.224723 0.0648633 27.999 22.1372 -13 8483 1 0 1
-0.710842 3.34265 1700 -0.140272 -0.266452 27.9984 22.138 -13 8484 1 0 1
5.02638 1.31871 1700 -0.157452 0.0235292 27.9995 22.1373 -13 8485 1 0 1
0.381387 2.30067 1700 -0.00241339 -0.123779 27.9997 22.1369 -13 8486 1 0 1
2.1799 -3.54818 1700 0.0757962 0.438895 27.9965 22.139 -13 8487 1 0 1
-0.355946 5.33206 1700 0.0667916 -0.3594 27.9976 22.1383 -13 8488 1 0 1
-4.9163 4.97599 1700 -0.106081 -0.183544 27.9992 22.1377 -13 8489 1 0 1
-3.71196 -3.45947 1700 0.0712137 0.299137 27.9983 22.1376 -13 8490 1 0 1
-1.92493 3.69118 1700 0.0380668 0.00184094 28 22.1368 -13 8491 1 0 1
-2.40186 -0.538487 1700 0.176183 0.256946 27.9983 22.1375 -13 8492 1 0 1
-3.9748 -3.25767 1700 0.226683 0.218712 27.9982 22.1377 -13 8493 1 0 1
0.593845 3.46944 1700 -0.106645 -0.211986 27.999 22.1375 -13 8494 1 0 1
-1.57038 1.4528 1700 0.0880152 -0.0807778 27.9997 22.1368 -13 8495 1 0 1
1.64943 7.3702 1700 -0.2196 -0.267495 27.9979 22.1387 -13 8496 1 0 1
-2.92383 -4.80653 1700 0.30965 0.289988 27.9968 22.1387 -13 8497 1 0 1
-3.43497 -2.15922 1700 0.271411 0.173935 27.9981 22.1377 -13 8498 1 0 1
-0.413177 -0.535908 1700 0.192166 0.274829 27.998 22.1377 -13 8499 1 0 1
-3.88747 1.24781 1700 0.0884087 -0.0728653 27.9998 22.1369 -13 8500 1 0 1
1.32097 1.65533 1700 0.126739 0.00448229 27.9997 22.1367 -13 8501 1 0 1
-0.858251 2.06456 1700 -0.0735269 -0.27973 27.9985 22.1377 -13 8502 1 0 1
-2.15198 -1.57642 1700 0.088098 0.0605576 27.9998 22.1368 -13 8503 1 0 1
-1.74011 0.13819 1700 -0.0807511 0.0836294 27.9998 22.1369 -13 8504 1 0 1
0.624054 -3.5974 1700 0.186874 -0.0239544 27.9994 22.1371 -13 8505 1 0 1
-5.43502 -2.58082 1700 0.289525 -0.0615447 27.9984 22.1378 -13 8506 1 0 1
-0.239137 2.11804 1700 -0.205381 -0.617239 27.9924 22.1415 -13 8507 1 0 1
0.48223 -2.10227 1700 0.205507 -0.158402 27.9988 22.1373 -13 8508 1 0 1
-2.61616 -7.38996 1700 0.39844 0.446763 27.9936 22.1409 -13 8509 1 0 1
0.210005 0.0725719 1700 0.000440275 -0.396139 27.9972 22.1383 -13 8510 1 0 1
-1.25862 -2.0915 1700 0.166818 0.122986 27.9992 22.1371 -13 8511 1 0 1
-0.292981 -2.29641 1700 0.277928 0.104558 27.9984 22.1375 -13 8512 1 0 1
-0.713411 3.71637 1700 -0.023119 -0.375228 27.9975 22.1384 -13 8513 1 0 1
0.161204 -0.790037 1700 -0.042323 -0.0642651 27.9999 22.1368 -13 8514 1 0 1
2.61959 -3.22916 1700 0.257704 0.240368 27.9978 22.138 -13 8515 1 0 1
1.89391 -2.605 1700 0.113925 0.122861 27.9995 22.137 -13 8516 1 0 1
0.423097 1.47142 1700 -0.16259 -0.234669 27.9985 22.1377 -13 8517 1 0 1
-1.77178 -4.67814 1700 0.313558 0.278204 27.9969 22.1386 -13 8518 1 0 1
2.35626 2.87886 1700 -0.200787 -0.171506 27.9988 22.1377 -13 8519 1 0 1
3.50095 0.283672 1700 -0.0464048 -0.29643 27.9984 22.1376 -13 8520 1 0 1
-1.82421 -5.37474 1700 0.341366 0.489762 27.9936 22.1405 -13 8521 1 0 1
-1.21943 0.891107 1700 -0.0798898 -0.247873 27.9988 22.1375 -13 8522 1 0 1
2.50622 -3.82756 1700 0.26634 0.173601 27.9982 22.1378 -13 8523 1 0 1
3.47249 -1.01709 1700 0.0906729 -0.063202 27.9998 22.1368 -13 8524 1 0 1
-0.231264 0.523737 1700 -0.0845293 -0.0873659 27.9997 22.1369 -13 8525 1 0 1
3.91961 5.06454 1700 -0.173733 -0.402941 27.9966 22.1391 -13 8526 1 0 1
3.47946 0.171613 1700 -0.163263 0.0811432 27.9994 22.1373 -13 8527 1 0 1
-0.400397 -2.66362 1700 0.120697 -0.0231283 27.9997 22.1368 -13 8528 1 0 1
5.62372 1.64259 1700 -0.174935 -0.0815946 27.9993 22.1374 -13 8529 1 0 1
5.95326 3.97578 1700 -0.322633 -0.19354 27.9975 22.1389 -13 8530 1 0 1
1.27767 1.23121 1700 -0.0181851 -0.175734 27.9994 22.137 -13 8531 1 0 1
-2.96043 1.65976 1700 0.222268 -0.105806 27.9989 22.1373 -13 8532 1 0 1
-4.28287 -2.19966 1700 0.287774 0.262291 27.9973 22.1382 -13 8533 1 0 1
4.53655 1.97324 1700 -0.0578678 -0.105689 27.9997 22.137 -13 8534 1 0 1
-0.530983 -3.18947 1700 0.203682 0.164518 27.9988 22.1374 -13 8535 1 0 1
3.1948 0.0154837 1700 -0.0510814 -0.256047 27.9988 22.1374 -13 8536 1 0 1
-1.50317 3.8288 1700 -0.275317 -0.349666 27.9965 22.1393 -13 8537 1 0 1
-1.69905 1.27359 1700 -0.0406331 0.09907 27.9998 22.1368 -13 8538 1 0 1
4.80927 -1.97072 1700 -0.077584 -0.0416035 27.9999 22.1369 -13 8539 1 0 1
-4.42952 -1.58973 1700 0.277677 0.142525 27.9983 22.1376 -13 8540 1 0 1
3.51322 -0.1016 1700 -0.204486 -0.0982593 27.9991 22.1374 -13 8541 1 0 1
-2.69103 -2.68487 1700 0.0998404 0.0800588 27.9997 22.1369 -13 8542 1 0 1
0.751159 2.88566 1700 -0.0794558 -0.2909 27.9984 22.1378 -13 8543 1 0 1
-0.217245 -1.79051 1700 0.0582274 -0.0511086 27.9999 22.1367 -13 8544 1 0 1
-0.59859 -2.46523 1700 0.211122 0.406334 27.9963 22.1388 -13 8545 1 0 1
0.0398289 -2.29585 1700 0.167822 0.466872 27.9956 22.1392 -13 8546 1 0 1
-2.90852 -0.569109 1700 0.223315 0.170779 27.9986 22.1374 -13 8547 1 0 1
-1.19032 -3.06828 1700 0.309132 0.285821 27.9968 22.1385 -13 8548 1 0 1
5.54581 5.92662 1700 -0.278935 -0.540729 27.9934 22.1412 -13 8549 1 0 1
2.89875 6.33191 1700 -0.188961 -0.137865 27.999 22.1379 -13 8550 1 0 1
-2.2395 -6.61421 1700 0.289842 0.622321 27.9916 22.1419 -13 8551 1 0 1
1.01806 5.391 1700 -0.253347 -0.452603 27.9952 22.1402 -13 8552 1 0 1
0.530819 -5.19602 1700 0.13173 0.630702 27.9926 22.1413 -13 8553 1 0 1
-1.085 0.805892 1700 -0.0718997 -0.240942 27.9989 22.1375 -13 8554 1 0 1
-0.53628 0.196591 1700 -0.115166 -0.018711 27.9998 22.1369 -13 8555 1 0 1
0.149349 3.17673 1700 -0.0695444 -0.337337 27.9979 22.1381 -13 8556 1 0 1
3.38224 -0.829521 1700 0.0854234 0.256698 27.9987 22.1375 -13 8557 1 0 1
-3.08886 -1.91898 1700 0.194132 0.407255 27.9964 22.1386 -13 8558 1 0 1
-1.2809 -5.71696 1700 0.401976 0.26657 27.9958 22.1393 -13 8559 1 0 1
1.82954 4.75039 1700 -0.163658 -0.340207 27.9975 22.1386 -13 8560 1 0 1
-2.46749 0.611844 1700 0.109145 0.267925 27.9985 22.1374 -13 8561 1 0 1
-0.145555 -2.795 1700 0.0936283 0.0508605 27.9998 22.1368 -13 8562 1 0 1
0.165632 0.197643 1700 0.109341 0.202592 27.9991 22.1371 -13 8563 1 0 1
-0.713131 -4.56081 1700 0.185553 0.189652 27.9987 22.1375 -13 8564 1 0 1
-3.03844 -8.13286 1700 0.437129 0.633821 27.9894 22.1434 -13 8565 1 0 1
2.10227 1.05599 1700 -0.238411 -0.132946 27.9987 22.1377 -13 8566 1 0 1
-4.95933 -4.70936 1700 0.308157 0.253735 27.9972 22.1385 -13 8567 1 0 1
0.182435 0.0334301 1700 -0.0895366 -0.250739 27.9987 22.1375 -13 8568 1 0 1
1.32389 1.87979 1700 -0.181977 -0.148711 27.999 22.1375 -13 8569 1 0 1
0.870735 3.80675 1700 -0.0353447 -0.32794 27.9981 22.138 -13 8570 1 0 1
0.726449 2.59166 1700 -0.0425961 -0.261407 27.9987 22.1375 -13 8571 1 0 1
2.25599 -1.05 1700 0.143162 0.176311 27.9991 22.1372 -13 8572 1 0 1
4.27971 -2.11026 1700 -0.0815008 -0.341344 27.9978 22.1379 -13 8573 1 0 1
-0.019066 -1.83392 1700 0.117693 -0.0778236 27.9996 22.1368 -13 8574 1 0 1
-2.0282 -0.848271 1700 0.0602005 -0.031657 27.9999 22.1367 -13 8575 1 0 1
-0.501278 -1.28009 1700 0.00498497 0.0408543 28 22.1367 -13 8576 1 0 1
1.44596 0.615111 1700 -0.0963333 -0.0315701 27.9998 22.1369 -13 8577 1 0 1
0.0830814 2.01044 1700 -0.0550571 -0.317189 27.9981 22.1379 -13 8578 1 0 1
5.00747 -0.184793 1700 0.142865 0.145465 27.9993 22.1372 -13 8579 1 0 1
-1.49872 -2.85571 1700 0.231813 0.0696309 27.999 22.1373 -13 8580 1 0 1
1.86064 7.16926 1700 -0.343889 -0.340948 27.9958 22.1402 -13 8581 1 0 1
-3.58253 -1.10519 1700 0.191885 0.247607 27.9982 22.1376 -13 8582 1 0 1
4.12131 2.20231 1700 -0.219318 -0.184779 27.9985 22.1379 -13 8583 1 0 1
-0.891463 -2.03183 1700 0.282912 0.399463 27.9957 22.139 -13 8584 1 0 1
-1.16072 0.414319 1700 0.00253524 -0.0824944 27.9999 22.1368 -13 8585 1 0 1
-0.769709 0.548309 1700 0.0409927 -0.0241042 28 22.1367 -13 8586 1 0 1
-0.932278 3.62887 1700 -0.175171 -0.230415 27.9985 22.1379 -13 8587 1 0 1
1.07106 -3.11481 1700 -0.00463334 -0.0517969 28 22.1367 -13 8588 1 0 1
-1.8815 -9.46841 1700 0.458129 0.717456 27.9871 22.1451 -13 8589 1 0 1
1.78965 1.97671 1700 -0.0884387 -0.300983 27.9982 22.1378 -13 8590 1 0 1
-2.47215 1.43716 1700 -0.0455635 -0.196618 27.9993 22.1373 -13 8591 1 0 1
-1.63683 2.37134 1700 -0.0392415 -0.105165 27.9998 22.1369 -13 8592 1 0 1
-0.584119 2.81953 1700 0.0319731 -0.211862 27.9992 22.1372 -13 8593 1 0 1
2.52147 1.5686 1700 -0.235623 -0.284589 27.9976 22.1384 -13 8594 1 0 1
0.568445 -2.76199 1700 0.136727 0.190786 27.999 22.1373 -13 8595 1 0 1
0.213145 0.981501 1700 0.083518 0.174678 27.9993 22.137 -13 8596 1 0 1
3.21647 2.62382 1700 -0.371088 -0.281616 27.9961 22.1395 -13 8597 1 0 1
-0.627809 -2.88413 1700 0.0316367 -0.129435 27.9997 22.1369 -13 8598 1 0 1
1.95497 -2.48048 1700 0.035272 -0.16212 27.9995 22.1369 -13 8599 1 0 1
-1.61427 0.240421 1700 0.148916 0.0672148 27.9995 22.1369 -13 8600 1 0 1
2.15153 3.2398 1700 -0.247773 -0.678571 27.9907 22.1425 -13 8601 1 0 1
3.52798 -0.987518 1700 -0.10569 0.28168 27.9984 22.1379 -13 8602 1 0 1
4.52733 -1.88138 1700 0.100094 0.262849 27.9986 22.1377 -13 8603 1 0 1
3.53528 5.16209 1700 -0.218942 -0.404464 27.9962 22.1394 -13 8604 1 0 1
-1.60066 -5.09513 1700 0.229439 0.282737 27.9976 22.1382 -13 8605 1 0 1
0.250628 1.13658 1700 0.0582466 -0.134498 27.9996 22.1369 -13 8606 1 0 1
2.2827 2.48909 1700 -0.072781 0.000786753 27.9999 22.1369 -13 8607 1 0 1
-1.27195 5.73754 1700 -0.285509 -0.743666 27.9887 22.1443 -13 8608 1 0 1
-5.00804 5.47145 1700 -0.0843288 -0.509768 27.9952 22.1404 -13 8609 1 0 1
0.350905 -0.608534 1700 0.119914 0.288072 27.9983 22.1376 -13 8610 1 0 1
4.10778 1.65855 1700 -0.155973 -0.252819 27.9984 22.1378 -13 8611 1 0 1
1.34039 5.50076 1700 -0.268788 -0.579072 27.9927 22.1416 -13 8612 1 0 1
0.0432846 5.30678 1700 -0.270393 -0.409555 27.9957 22.1399 -13 8613 1 0 1
1.11663 1.92418 1700 -0.0207874 -0.0544231 27.9999 22.1368 -13 8614 1 0 1
2.09411 4.1587 1700 -0.148239 -0.330058 27.9977 22.1384 -13 8615 1 0 1
-2.99843 2.41053 1700 0.172103 -0.101817 27.9993 22.1371 -13 8616 1 0 1
0.78128 -1.22641 1700 -0.0893536 0.137315 27.9995 22.137 -13 8617 1 0 1
1.01515 -0.325636 1700 -0.110967 -0.0966288 27.9996 22.137 -13 8618 1 0 1
-2.34198 -1.09988 1700 0.0709507 0.161562 27.9994 22.1369 -13 8619 1 0 1
-4.07107 -4.34163 1700 0.242798 0.232991 27.998 22.138 -13 8620 1 0 1
0.139306 -0.345843 1700 0.161902 0.117619 27.9993 22.137 -13 8621 1 0 1
-3.2479 1.76006 1700 0.254994 0.0615898 27.9988 22.1372 -13 8622 1 0 1
-4.95821 -4.22036 1700 0.389758 0.228857 27.9964 22.139 -13 8623 1 0 1
-0.0604665 2.73203 1700 -0.0647433 -0.396969 27.9971 22.1386 -13 8624 1 0 1
-2.71411 2.24386 1700 0.13339 -0.0845445 27.9996 22.1369 -13 8625 1 0 1
0.512415 1.50106 1700 -0.116038 0.0593948 27.9997 22.137 -13 8626 1 0 1
7.34354 1.7824 1700 -0.088659 0.284069 27.9984 22.1383 -13 8627 1 0 1
5.00886 -2.51022 1700 0.1152 0.340472 27.9977 22.1384 -13 8628 1 0 1
0.886376 0.253889 1700 -0.147349 -0.21722 27.9988 22.1375 -13 8629 1 0 1
-0.0275284 1.85688 1700 -0.0904375 -0.163681 27.9994 22.1372 -13 8630 1 0 1
2.89668 6.07793 1700 -0.259713 -0.583964 27.9927 22.1417 -13 8631 1 0 1
-3.97067 0.660648 1700 0.134427 0.186238 27.9991 22.1371 -13 8632 1 0 1
4.34164 0.187466 1700 -0.168106 -0.146923 27.9991 22.1374 -13 8633 1 0 1
-0.551461 -2.18833 1700 0.174505 0.221435 27.9986 22.1374 -13 8634 1 0 1
-2.98341 -2.86032 1700 0.0966913 0.141816 27.9995 22.137 -13 8635 1 0 1
-1.98434 -0.96922 1700 0.160321 0.156666 27.9991 22.1371 -13 8636 1 0 1
1.31323 -0.611384 1700 0.0414171 -0.0691361 27.9999 22.1367 -13 8637 1 0 1
-2.4752 -5.64554 1700 0.240318 0.24511 27.9979 22.1381 -13 8638 1 0 1
2.80491 2.11109 1700 -0.0926272 -0.151695 27.9994 22.1372 -13 8639 1 0 1
-0.767057 -1.21765 1700 0.0859715 0.00804948 27.9999 22.1367 -13 8640 1 0 1
3.52949 6.94479 1700 -0.338696 -0.466072 27.9941 22.1411 -13 8641 1 0 1
2.649 2.35188 1700 -0.0449045 -0.236774 27.999 22.1374 -13 8642 1 0 1
1.00332 1.03682 1700 -0.0977437 -0.241957 27.9988 22.1375 -13 8643 1 0 1
3.18181 0.284598 1700 0.0352124 0.00893713 28 22.1367 -13 8644 1 0 1
-1.72339 -0.502864 1700 0.0385153 -0.196656 27.9993 22.1372 -13 8645 1 0 1
-0.647539 -0.901556 1700 -0.0211029 0.13538 27.9997 22.1369 -13 8646 1 0 1
-3.98885 -7.60039 1700 0.350562 0.440693 27.9943 22.1404 -13 8647 1 0 1
1.1855 1.30795 1700 -0.0297348 0.196055 27.9993 22.1371 -13 8648 1 0 1
0.985904 1.91661 1700 0.0702592 -0.171199 27.9994 22.137 -13 8649 1 0 1
-3.7075 -3.17587 1700 0.260922 0.40114 27.9959 22.139 -13 8650 1 0 1
-0.140406 5.23233 1700 -0.206254 -0.379736 27.9967 22.1392 -13 8651 1 0 1
0.91328 -3.61776 1700 0.0312605 -0.0560396 27.9999 22.1368 -13 8652 1 0 1
-1.37759 -1.91277 1700 0.219504 0.180054 27.9986 22.1374 -13 8653 1 0 1
-3.42967 -1.53868 1700 0.168251 0.46209 27.9957 22.139 -13 8654 1 0 1
0.955127 -0.777939 1700 0.0790746 -0.0737177 27.9998 22.1367 -13 8655 1 0 1
0.181908 -0.428636 1700 0.163615 0.0412642 27.9995 22.1369 -13 8656 1 0 1
-1.47113 -3.73019 1700 0.0890091 0.255785 27.9987 22.1375 -13 8657 1 0 1
-1.35565 2.74432 1700 0.00771401 -0.0785957 27.9999 22.1368 -13 8658 1 0 1
-3.83678 -0.650023 1700 0.0961876 0.180867 27.9993 22.137 -13 8659 1 0 1
0.83503 -2.33059 1700 0.0126596 -0.167196 27.9995 22.137 -13 8660 1 0 1
-2.4146 -5.23241 1700 0.293621 0.456989 27.9947 22.1399 -13 8661 1 0 1
-3.38726 -3.93306 1700 0.206161 0.346635 27.9971 22.1384 -13 8662 1 0 1
-0.608358 1.4201 1700 0.00524725 0.0137453 28 22.1367 -13 8663 1 0 1
-1.45917 -3.14322 1700 0.353454 0.381536 27.9952 22.1394 -13 8664 1 0 1
3.15992 -0.423701 1700 -0.134085 -0.0551308 27.9996 22.137 -13 8665 1 0 1
1.46087 2.75036 1700 -0.157522 -0.304201 27.9979 22.1382 -13 8666 1 0 1
2.26619 0.37247 1700 -0.0452959 -0.0315758 27.9999 22.1368 -13 8667 1 0 1
3.58601 0.942463 1700 -0.0526159 0.0992406 27.9998 22.137 -13 8668 1 0 1
-0.899526 -1.15023 1700 0.124877 -0.0395591 27.9997 22.1368 -13 8669 1 0 1
0.578728 -3.42079 1700 0.129032 0.0709913 27.9996 22.1369 -13 8670 1 0 1
-0.100705 1.05717 1700 0.105021 0.112784 27.9996 22.1368 -13 8671 1 0 1
1.66485 -1.14889 1700 0.0863947 -0.200632 27.9991 22.1371 -13 8672 1 0 1
3.17655 -2.97872 1700 -0.0184752 0.133941 27.9997 22.137 -13 8673 1 0 1
-0.860178 -3.96964 1700 0.29285 0.295726 27.9969 22.1385 -13 8674 1 0 1
-1.0082 2.56322 1700 -0.244291 -0.0712882 27.9988 22.1377 -13 8675 1 0 1
-5.0375 -4.27364 1700 0.496107 0.187368 27.995 22.1398 -13 8676 1 0 1
-2.33788 -0.100769 1700 -0.0965453 -0.202773 27.9991 22.1374 -13 8677 1 0 1
1.20527 4.54758 1700 -0.196628 -0.457302 27.9956 22.1397 -13 8678 1 0 1
-1.40125 -0.70903 1700 0.0185476 -0.0785791 27.9999 22.1368 -13 8679 1 0 1
-1.18736 -1.68541 1700 0.145905 0.294292 27.9981 22.1377 -13 8680 1 0 1
2.03701 -0.554316 1700 0.0913925 0.0292157 27.9998 22.1367 -13 8681 1 0 1
-0.638289 -4.70083 1700 0.213244 0.279608 27.9978 22.1381 -13 8682 1 0 1
3.23535 2.97961 1700 -0.209336 -0.313705 27.9975 22.1385 -13 8683 1 0 1
-1.65286 3.01112 1700 -0.0159636 0.083284 27.9999 22.1368 -13 8684 1 0 1
3.90374 1.53011 1700 -0.13111 -0.0076884 27.9997 22.1371 -13 8685 1 0 1
-0.618346 3.07361 1700 -0.102364 -0.515003 27.9951 22.1399 -13 8686 1 0 1
-2.3928 -0.0914663 1700 -0.0109746 0.119433 27.9997 22.1368 -13 8687 1 0 1
-1.88183 0.169276 1700 -0.00118776 0.0912451 27.9999 22.1367 -13 8688 1 0 1
-2.94074 -0.176263 1700 0.318544 -0.111718 27.998 22.1378 -13 8689 1 0 1
0.742338 -0.649715 1700 0.0593893 -0.162249 27.9995 22.1369 -13 8690 1 0 1
-0.85166 0.504298 1700 0.0578833 -0.218863 27.9991 22.1372 -13 8691 1 0 1
-0.307958 -4.51567 1700 0.340601 0.438785 27.9945 22.14 -13 8692 1 0 1
1.94745 7.43188 1700 -0.200449 -0.539088 27.9941 22.141 -13 8693 1 0 1
0.557624 2.34282 1700 0.0586618 0.184394 27.9993 22.137 -13 8694 1 0 1
2.847 1.47715 1700 -0.0443238 -0.0279895 28 22.1368 -13 8695 1 0 1
3.1923 -1.58509 1700 0.0788692 0.345937 27.9978 22.1381 -13 8696 1 0 1
-2.36124 5.0264 1700 -0.161859 -0.338898 27.9975 22.1388 -13 8697 1 0 1
-2.09813 0.960133 1700 0.0919663 0.0737084 27.9998 22.1368 -13 8698 1 0 1
-2.49611 8.02743 1700 -0.202311 -0.600364 27.9928 22.1421 -13 8699 1 0 1
1.68945 1.2678 1700 -0.0791145 -0.0679699 27.9998 22.1369 -13 8700 1 0 1
-1.54165 1.77365 1700 0.0301848 0.0563225 27.9999 22.1367 -13 8701 1 0 1
-0.945612 2.12822 1700 -0.0755675 -0.0694157 27.9998 22.1369 -13 8702 1 0 1
3.56657 -3.55949 1700 -0.0429873 0.0161834 28 22.1368 -13 8703 1 0 1
1.62728 6.39072 1700 -0.153123 -0.401284 27.9967 22.1392 -13 8704 1 0 1
1.91394 -1.19097 1700 -0.0315053 0.0567356 27.9999 22.1368 -13 8705 1 0 1
1.25938 1.91124 1700 0.0434702 -0.0817794 27.9998 22.1368 -13 8706 1 0 1
-2.45719 -2.29074 1700 0.182179 0.0267707 27.9994 22.137 -13 8707 1 0 1
-3.51431 -0.241709 1700 0.102015 0.0224654 27.9998 22.1368 -13 8708 1 0 1
-0.201412 0.116967 1700 -0.0086394 -0.18934 27.9994 22.1371 -13 8709 1 0 1
2.7915 3.13461 1700 -0.27509 -0.216701 27.9978 22.1384 -13 8710 1 0 1
0.205964 5.97517 1700 -0.241278 -0.288315 27.9975 22.1389 -13 8711 1 0 1
1.55558 2.09255 1700 -0.098889 -0.267605 27.9985 22.1377 -13 8712 1 0 1
-1.03888 3.35422 1700 -0.094001 0.129155 27.9995 22.1371 -13 8713 1 0 1
1.16531 2.75262 1700 -0.208708 -0.366006 27.9968 22.1389 -13 8714 1 0 1
-1.54805 -0.640833 1700 0.279715 -0.00815515 27.9986 22.1374 -13 8715 1 0 1
0.668704 -1.52203 1700 -0.0532769 -0.0779459 27.9998 22.1368 -13 8716 1 0 1
1.11296 5.60803 1700 -0.228822 -0.519588 27.9942 22.1407 -13 8717 1 0 1
1.03854 3.64887 1700 -0.306418 -0.527689 27.9934 22.1411 -13 8718 1 0 1
4.21956 -0.568811 1700 0.0176179 0.110269 27.9998 22.1369 -13 8719 1 0 1
-0.426591 1.49772 1700 -0.159769 -0.0208847 27.9995 22.1371 -13 8720 1 0 1
2.6074 0.667878 1700 0.118723 0.453786 27.9961 22.139 -13 8721 1 0 1
2.50764 -2.22658 1700 -0.0718885 0.0595834 27.9998 22.1369 -13 8722 1 0 1
-4.01603 4.15359 1700 -0.0273037 -0.30574 27.9983 22.1382 -13 8723 1 0 1
-0.979296 1.64568 1700 0.0573899 -0.287775 27.9985 22.1376 -13 8724 1 0 1
1.91944 -0.867431 1700 -0.0406452 -0.0604541 27.9999 22.1368 -13 8725 1 0 1
-0.215214 -2.41627 1700 0.125266 0.353286 27.9975 22.1381 -13 8726 1 0 1
2.17681 -0.310263 1700 0.0149248 0.158953 27.9995 22.137 -13 8727 1 0 1
-4.51618 -4.08262 1700 0.37531 0.561461 27.9919 22.1413 -13 8728 1 0 1
-2.23956 -5.73098 1700 0.391348 0.673647 27.9892 22.1432 -13 8729 1 0 1
-0.227106 2.7779 1700 -0.0411652 -0.094813 27.9998 22.1369 -13 8730 1 0 1
0.646538 -4.65045 1700 0.0853676 0.0656084 27.9998 22.1369 -13 8731 1 0 1
-0.546097 -0.0398079 1700 0.138191 0.0560347 27.9996 22.1368 -13 8732 1 0 1
-2.74307 -1.58626 1700 0.12837 0.265529 27.9984 22.1375 -13 8733 1 0 1
-1.38614 1.28967 1700 0.0984915 0.375041 27.9973 22.138 -13 8734 1 0 1
-0.550908 2.17757 1700 0.0297877 0.0946139 27.9998 22.1368 -13 8735 1 0 1
-0.638104 -4.71999 1700 0.228386 0.511867 27.9944 22.1401 -13 8736 1 0 1
-3.78587 -1.8361 1700 0.222765 0.295501 27.9976 22.138 -13 8737 1 0 1
1.71723 2.60626 1700 0.0594707 0.0204531 27.9999 22.1367 -13 8738 1 0 1
-0.764105 -6.07574 1700 0.222395 0.152545 27.9987 22.1377 -13 8739 1 0 1
-2.20375 6.63793 1700 -0.225143 -0.523971 27.9942 22.1411 -13 8740 1 0 1
5.4784 -0.637677 1700 -0.0809787 -0.221435 27.999 22.1373 -13 8741 1 0 1
1.43755 0.0904515 1700 -0.110167 -0.00481093 27.9998 22.1369 -13 8742 1 0 1
1.92054 1.03285 1700 0.0903865 -0.047096 27.9998 22.1367 -13 8743 1 0 1
1.55535 -2.4126 1700 0.149998 0.206566 27.9988 22.1374 -13 8744 1 0 1
0.0677639 1.01018 1700 -0.0155694 -0.0416795 28 22.1367 -13 8745 1 0 1
-0.0280115 2.87138 1700 -0.0855409 -0.383301 27.9972 22.1385 -13 8746 1 0 1
-4.20492 -2.57451 1700 0.20773 -0.00894861 27.9992 22.1372 -13 8747 1 0 1
0.291906 2.53874 1700 -0.16765 -0.136043 27.9992 22.1374 -13 8748 1 0 1
2.56136 2.16641 1700 -0.00583459 -0.0826068 27.9999 22.1368 -13 8749 1 0 1
-2.8996 4.45934 1700 0.0924065 -0.228417 27.9989 22.1375 -13 8750 1 0 1
-1.07498 -1.15288 1700 0.269584 0.0506819 27.9987 22.1373 -13 8751 1 0 1
-0.143238 2.85803 1700 -0.187434 -0.273435 27.998 22.1382 -13 8752 1 0 1
1.06977 4.1643 1700 -0.236541 -0.394098 27.9962 22.1394 -13 8753 1 0 1
3.11389 3.38763 1700 -0.0977699 -0.179396 27.9993 22.1373 -13 8754 1 0 1
1.78579 0.517389 1700 -0.014349 0.136449 27.9997 22.1369 -13 8755 1 0 1
5.37874 1.7821 1700 -0.0402014 0.144358 27.9996 22.1372 -13 8756 1 0 1
0.0475991 -3.4634 1700 0.210819 0.0977613 27.999 22.1372 -13 8757 1 0 1
-2.39458 -2.16219 1700 0.30152 0.258934 27.9972 22.1382 -13 8758 1 0 1
-1.21474 1.29142 1700 0.219086 0.144074 27.9988 22.1372 -13 8759 1 0 1
-1.58437 3.91187 1700 0.0305287 -0.0660421 27.9999 22.1368 -13 8760 1 0 1
-2.59558 -3.14237 1700 0.0882868 -0.0541811 27.9998 22.1369 -13 8761 1 0 1
0.16936 -4.48161 1700 0.224334 0.0984858 27.9989 22.1374 -13 8762 1 0 1
-7.64895 2.22497 1700 0.169988 -0.191543 27.9988 22.1379 -13 8763 1 0 1
-2.19547 -1.75713 1700 0.214438 0.308327 27.9975 22.138 -13 8764 1 0 1
-1.50778 -0.515638 1700 0.274151 0.378472 27.9961 22.1387 -13 8765 1 0 1
-0.0437823 2.6639 1700 -0.161987 -0.239533 27.9985 22.1378 -13 8766 1 0 1
-2.82958 0.963931 1700 0.0605054 0.0845133 27.9998 22.1367 -13 8767 1 0 1
4.03735 -0.241285 1700 0.0712055 0.374457 27.9974 22.1384 -13 8768 1 0 1
-0.137626 -3.50781 1700 0.265557 0.136615 27.9984 22.1376 -13 8769 1 0 1
1.00757 -2.76933 1700 0.244283 0.326304 27.997 22.1384 -13 8770 1 0 1
0.40478 -6.97243 1700 0.361098 0.449541 27.9941 22.1406 -13 8771 1 0 1
0.903201 6.14276 1700 -0.284414 -0.399499 27.9957 22.14 -13 8772 1 0 1
0.165035 -3.18596 1700 0.0698032 0.292429 27.9984 22.1377 -13 8773 1 0 1
0.184643 -0.801725 1700 0.0533385 -0.0203679 27.9999 22.1367 -13 8774 1 0 1
3.7542 2.8175 1700 -0.237497 -0.0185971 27.999 22.1377 -13 8775 1 0 1
-1.00032 -4.74024 1700 0.0295256 0.327215 27.9981 22.1379 -13 8776 1 0 1
-1.55939 1.10736 1700 -0.101374 -0.0504342 27.9998 22.1369 -13 8777 1 0 1
3.4485 2.8282 1700 -0.24352 -0.201616 27.9982 22.1381 -13 8778 1 0 1
-1.17188 -1.87013 1700 -0.0165094 0.123385 27.9997 22.1368 -13 8779 1 0 1
0.0968232 1.81553 1700 0.156639 0.196266 27.9989 22.1372 -13 8780 1 0 1
0.578528 3.68435 1700 -0.126916 -0.342779 27.9976 22.1384 -13 8781 1 0 1
1.28481 3.63661 1700 -0.0933056 -0.19725 27.9991 22.1374 -13 8782 1 0 1
-2.93226 2.40534 1700 0.0378499 -0.2013 27.9993 22.1373 -13 8783 1 0 1
5.69656 4.03158 1700 -0.234522 -0.173127 27.9985 22.1381 -13 8784 1 0 1
-2.17392 2.94242 1700 0.0988556 0.0301783 27.9998 22.1368 -13 8785 1 0 1
3.4302 -3.14762 1700 -0.0180102 0.0678981 27.9999 22.1369 -13 8786 1 0 1
1.00823 0.0915287 1700 0.0503429 0.0921071 27.9998 22.1368 -13 8787 1 0 1
2.94951 -0.770633 1700 0.0372841 0.0653086 27.9999 22.1368 -13 8788 1 0 1
4.39075 1.48953 1700 0.0570923 0.211216 27.9991 22.1373 -13 8789 1 0 1
2.24441 0.911981 1700 -0.0493012 -0.345585 27.9978 22.138 -13 8790 1 0 1
-1.92423 3.13141 1700 -0.157637 -0.442438 27.9961 22.1395 -13 8791 1 0 1
0.624345 2.96033 1700 -0.133517 -0.00111355 27.9997 22.1371 -13 8792 1 0 1
0.741497 1.92575 1700 0.0538001 0.0206566 27.9999 22.1367 -13 8793 1 0 1
-3.38557 1.21754 1700 0.0571424 0.0463328 27.9999 22.1367 -13 8794 1 0 1
-1.05853 1.05322 1700 -0.108223 -0.245172 27.9987 22.1376 -13 8795 1 0 1
2.40817 -2.03236 1700 0.099383 0.160434 27.9994 22.1371 -13 8796 1 0 1
1.10052 3.56143 1700 -0.18421 -0.236364 27.9984 22.138 -13 8797 1 0 1
0.321677 2.73492 1700 0.110682 -0.11121 27.9996 22.1369 -13 8798 1 0 1
0.788561 -3.6391 1700 0.107989 0.237697 27.9988 22.1375 -13 8799 1 0 1
1.68254 -3.23175 1700 -0.00592851 0.19906 27.9993 22.1372 -13 8800 1 0 1
4.5093 3.24983 1700 -0.104478 -0.0448561 27.9998 22.1371 -13 8801 1 0 1
2.62839 -0.613221 1700 0.0795869 -0.160838 27.9994 22.1369 -13 8802 1 0 1
0.57533 -0.496164 1700 0.137198 -0.110661 27.9994 22.1369 -13 8803 1 0 1
-0.867576 -1.28796 1700 0.00817102 -0.178342 27.9994 22.137 -13 8804 1 0 1
-2.13553 -0.959903 1700 0.271497 0.156216 27.9982 22.1375 -13 8805 1 0 1
-2.75102 0.0730334 1700 0.19598 -0.055956 27.9993 22.1371 -13 8806 1 0 1
0.599306 -2.03511 1700 0.196369 0.240207 27.9983 22.1376 -13 8807 1 0 1
-0.44306 3.46471 1700 -0.105673 -0.199188 27.9991 22.1375 -13 8808 1 0 1
3.52455 0.984975 1700 -0.0341199 0.0378425 28 22.1368 -13 8809 1 0 1
-0.50766 -2.30455 1700 0.0535477 0.151135 27.9995 22.1369 -13 8810 1 0 1
-1.51491 -1.23817 1700 0.121507 0.0802027 27.9996 22.1368 -13 8811 1 0 1
0.231562 -2.78322 1700 0.179808 0.213431 27.9986 22.1375 -13 8812 1 0 1
0.39978 -1.07107 1700 0.210942 0.0273229 27.9992 22.137 -13 8813 1 0 1
-4.25467 -5.43019 1700 0.187853 -0.0866522 27.9992 22.1374 -13 8814 1 0 1
1.43298 -4.17936 1700 -0.0235838 0.235945 27.999 22.1374 -13 8815 1 0 1
-1.59247 -1.09922 1700 0.152045 0.0313981 27.9996 22.1369 -13 8816 1 0 1
4.08444 2.76651 1700 -0.315623 -0.292888 27.9967 22.1391 -13 8817 1 0 1
3.84275 -0.749772 1700 -0.127498 0.046176 27.9997 22.1371 -13 8818 1 0 1
2.20674 5.45435 1700 -0.252716 -0.370714 27.9964 22.1394 -13 8819 1 0 1
2.83221 -1.31397 1700 -0.0934637 -0.140341 27.9995 22.137 -13 8820 1 0 1
-2.17549 -0.642275 1700 0.017057 -0.189192 27.9994 22.1371 -13 8821 1 0 1
5.08078 2.8396 1700 0.0206541 0.122322 27.9997 22.1371 -13 8822 1 0 1
0.22686 4.90223 1700 -0.0303446 -0.0445423 27.9999 22.1369 -13 8823 1 0 1
-0.368841 -0.105568 1700 0.054353 -0.0432687 27.9999 22.1367 -13 8824 1 0 1
-1.85343 1.21646 1700 0.0262167 0.143464 27.9996 22.1368 -13 8825 1 0 1
2.98976 0.987234 1700 -0.188946 -0.35586 27.9971 22.1385 -13 8826 1 0 1
-1.4951 3.6866 1700 -0.00724727 -0.331599 27.998 22.1381 -13 8827 1 0 1
0.0413551 -1.43513 1700 0.115949 0.112232 27.9995 22.1369 -13 8828 1 0 1
-3.45934 2.22516 1700 -0.00947174 -0.253181 27.9989 22.1376 -13 8829 1 0 1
4.54859 -0.595933 1700 -0.0118252 0.157847 27.9996 22.1372 -13 8830 1 0 1
1.08947 2.65707 1700 -0.148671 -0.213037 27.9988 22.1376 -13 8831 1 0 1
1.70082 -1.47721 1700 -0.0229035 0.178787 27.9994 22.1371 -13 8832 1 0 1
2.37334 2.24411 1700 -0.176536 -0.00600258 27.9994 22.1373 -13 8833 1 0 1
1.84881 1.33084 1700 -0.0370787 -0.266666 27.9987 22.1375 -13 8834 1 0 1
-0.74928 -6.04163 1700 0.349671 0.199365 27.9971 22.1386 -13 8835 1 0 1
1.57376 4.20686 1700 -0.239417 -0.331193 27.997 22.1389 -13 8836 1 0 1
-0.278403 -0.346485 1700 0.204718 0.260798 27.998 22.1377 -13 8837 1 0 1
0.839132 2.99073 1700 -0.20096 -0.202107 27.9985 22.1379 -13 8838 1 0 1
-0.0253186 -1.76396 1700 0.0511177 0.119781 27.9997 22.1368 -13 8839 1 0 1
1.02791 -3.21946 1700 0.0206311 0.0604646 27.9999 22.1368 -13 8840 1 0 1
0.755287 1.97215 1700 0.00320997 -0.292549 27.9985 22.1376 -13 8841 1 0 1
0.834319 5.08351 1700 -0.118155 -0.345281 27.9976 22.1385 -13 8842 1 0 1
0.648428 6.33478 1700 -0.177247 -0.298436 27.9978 22.1386 -13 8843 1 0 1
1.02906 4.32285 1700 -0.0267876 -0.21996 27.9991 22.1374 -13 8844 1 0 1
-2.56297 -0.288936 1700 0.0878782 -0.0465474 27.9998 22.1368 -13 8845 1 0 1
-1.83172 1.77591 1700 -0.195897 0.0551871 27.9993 22.1373 -13 8846 1 0 1
-1.05255 1.33643 1700 0.141288 0.215717 27.9988 22.1372 -13 8847 1 0 1
-1.18613 -2.68964 1700 0.286617 0.238186 27.9975 22.1381 -13 8848 1 0 1
2.08782 1.57798 1700 -0.110459 0.0405719 27.9998 22.137 -13 8849 1 0 1
2.95378 1.94144 1700 -0.202884 -0.210026 27.9985 22.1378 -13 8850 1 0 1
-0.69077 1.3222 1700 0.0829024 -0.207966 27.9991 22.1372 -13 8851 1 0 1
0.535531 -4.99538 1700 0.19425 -0.0253467 27.9993 22.1372 -13 8852 1 0 1
1.03829 -1.07253 1700 -0.0529061 0.0191607 27.9999 22.1368 -13 8853 1 0 1
-4.4448 -4.98544 1700 0.268069 0.304616 27.9971 22.1385 -13 8854 1 0 1
3.62658 3.52918 1700 -0.16209 -0.320861 27.9977 22.1383 -13 8855 1 0 1
1.54551 2.58906 1700 -0.284247 -0.286033 27.9971 22.1388 -13 8856 1 0 1
-2.37785 -3.7201 1700 0.311285 0.44217 27.9948 22.1397 -13 8857 1 0 1
-1.92455 6.18521 1700 -0.429965 -0.825074 27.9845 22.1471 -13 8858 1 0 1
2.20493 1.89146 1700 -0.227788 -0.237688 27.9981 22.1381 -13 8859 1 0 1
-0.0610987 2.43664 1700 0.0262319 -0.267053 27.9987 22.1375 -13 8860 1 0 1
-1.37699 -4.25766 1700 0.203835 0.255337 27.9981 22.1378 -13 8861 1 0 1
-2.7894 -0.573133 1700 -0.0113547 0.0409382 28 22.1367 -13 8862 1 0 1
-6.20657 -8.08544 1700 0.390261 0.374513 27.9948 22.1403 -13 8863 1 0 1
-0.433055 -0.304319 1700 0.211788 0.0733734 27.9991 22.1371 -13 8864 1 0 1
-0.34172 -2.90664 1700 0.128698 -0.0825059 27.9996 22.1369 -13 8865 1 0 1
-4.28127 0.741614 1700 0.122507 0.060982 27.9997 22.1369 -13 8866 1 0 1
1.13199 -3.86232 1700 0.162048 0.153309 27.9991 22.1373 -13 8867 1 0 1
-1.93004 2.39108 1700 -0.0821654 -0.181935 27.9993 22.1373 -13 8868 1 0 1
-0.143394 2.59842 1700 -0.00441919 -0.30258 27.9984 22.1378 -13 8869 1 0 1
3.32257 -4.90281 1700 0.0548977 0.180675 27.9994 22.1373 -13 8870 1 0 1
-2.41732 0.760288 1700 0.0264774 -0.332022 27.998 22.138 -13 8871 1 0 1
0.882516 -2.14008 1700 0.244762 0.163332 27.9985 22.1375 -13 8872 1 0 1
-0.183548 -1.39929 1700 0.089923 0.155006 27.9994 22.137 -13 8873 1 0 1
-0.590065 -1.39498 1700 0.181703 0.270691 27.9981 22.1377 -13 8874 1 0 1
-1.15688 0.157357 1700 0.0288973 -0.0489194 27.9999 22.1367 -13 8875 1 0 1
1.58811 1.08239 1700 -0.0949465 -0.143133 27.9995 22.1371 -13 8876 1 0 1
0.761182 2.14405 1700 -0.1231 -0.381277 27.9971 22.1385 -13 8877 1 0 1
-2.32036 6.52471 1700 -0.446064 -0.734446 27.9868 22.1459 -13 8878 1 0 1
4.63267 0.656768 1700 -0.19114 0.0643086 27.9993 22.1375 -13 8879 1 0 1
-3.72444 -3.6208 1700 0.115126 0.149819 27.9994 22.1371 -13 8880 1 0 1
1.92897 -6.24822 1700 0.251175 0.278985 27.9975 22.1385 -13 8881 1 0 1
-0.589558 -0.0444049 1700 -0.119983 -0.268597 27.9985 22.1377 -13 8882 1 0 1
0.47773 4.50294 1700 0.0110763 -0.273634 27.9987 22.1376 -13 8883 1 0 1
-2.6116 -4.11623 1700 0.261269 0.0793408 27.9987 22.1376 -13 8884 1 0 1
-0.877107 0.234668 1700 0.011267 -0.141859 27.9996 22.1369 -13 8885 1 0 1
-3.63899 0.898561 1700 0.0655051 0.0730978 27.9998 22.1368 -13 8886 1 0 1
-1.90505 -0.538008 1700 0.198769 0.0929114 27.9991 22.1371 -13 8887 1 0 1
-2.97071 -0.553196 1700 0.114546 -0.116548 27.9995 22.137 -13 8888 1 0 1
-1.66839 3.33496 1700 -0.0319441 -0.152469 27.9996 22.1371 -13 8889 1 0 1
0.640668 -1.37258 1700 -0.00596353 -0.0357471 28 22.1367 -13 8890 1 0 1
0.253691 -1.55558 1700 0.103022 0.101139 27.9996 22.1368 -13 8891 1 0 1
-2.89687 -4.0866 1700 0.411266 0.398431 27.9941 22.1401 -13 8892 1 0 1
1.64997 3.01512 1700 -0.276106 -0.236666 27.9976 22.1385 -13 8893 1 0 1
0.243762 2.82401 1700 -0.20221 -0.217317 27.9984 22.1379 -13 8894 1 0 1
-3.96965 0.448261 1700 0.0729053 -0.0175233 27.9999 22.1368 -13 8895 1 0 1
0.587 0.839688 1700 -0.0224972 -0.0258233 28 22.1367 -13 8896 1 0 1
-1.36025 -5.50062 1700 0.217737 0.363409 27.9968 22.1387 -13 8897 1 0 1
-1.35316 -1.87865 1700 0.224016 0.1523 27.9987 22.1373 -13 8898 1 0 1
-1.19078 4.70207 1700 0.107624 -0.188503 27.9992 22.1373 -13 8899 1 0 1
1.54668 -3.47857 1700 0.064712 0.433813 27.9966 22.1388 -13 8900 1 0 1
-0.0359385 1.01377 1700 -0.0682419 -0.275993 27.9986 22.1376 -13 8901 1 0 1
-0.991649 4.36205 1700 -0.149039 -0.420101 27.9965 22.1393 -13 8902 1 0 1
0.872347 1.61384 1700 -0.119696 -0.156648 27.9993 22.1372 -13 8903 1 0 1
1.14314 -0.335837 1700 -0.201759 -0.0646891 27.9992 22.1373 -13 8904 1 0 1
6.3167 0.442971 1700 -0.106892 -0.248631 27.9987 22.1376 -13 8905 1 0 1
-3.35254 0.570307 1700 -0.0142762 -0.0872101 27.9999 22.1369 -13 8906 1 0 1
-0.132404 -4.18432 1700 0.342906 0.173074 27.9974 22.1383 -13 8907 1 0 1
-3.35467 -4.31445 1700 0.413229 0.280243 27.9955 22.1394 -13 8908 1 0 1
3.56973 2.59443 1700 -0.273947 -0.438106 27.9952 22.1398 -13 8909 1 0 1
-0.74698 -4.00527 1700 0.253167 0.154398 27.9984 22.1376 -13 8910 1 0 1
1.26025 -0.303534 1700 0.199694 -0.0118764 27.9993 22.1369 -13 8911 1 0 1
-1.27053 -2.41725 1700 0.186124 0.0610737 27.9993 22.137 -13 8912 1 0 1
1.67329 2.26979 1700 0.0277378 -0.231411 27.999 22.1373 -13 8913 1 0 1
1.23361 -1.36923 1700 -0.154811 -0.188918 27.9989 22.1374 -13 8914 1 0 1
0.0065045 -1.11951 1700 0.170285 0.141939 27.9991 22.1371 -13 8915 1 0 1
2.10253 -1.84175 1700 -0.0232763 0.152111 27.9996 22.137 -13 8916 1 0 1
-3.04434 -4.83713 1700 0.346305 0.52992 27.9928 22.1409 -13 8917 1 0 1
0.619945 -7.70281 1700 0.441066 0.6473 27.989 22.1437 -13 8918 1 0 1
1.45651 -2.16583 1700 0.132284 0.0435082 27.9997 22.1368 -13 8919 1 0 1
-1.83194 -5.02286 1700 0.375731 0.386364 27.9948 22.1398 -13 8920 1 0 1
5.69355 3.5797 1700 -0.065631 0.0433718 27.9999 22.1371 -13 8921 1 0 1
-1.89249 -1.08724 1700 -0.123886 0.00416916 27.9997 22.1369 -13 8922 1 0 1
1.36353 0.729617 1700 0.00628359 0.0742203 27.9999 22.1368 -13 8923 1 0 1
-2.21694 -4.22669 1700 0.297226 0.393529 27.9957 22.1392 -13 8924 1 0 1
-0.982062 1.72497 1700 0.0924065 0.0762681 27.9997 22.1367 -13 8925 1 0 1
-2.48851 3.50494 1700 0.0242322 -0.278706 27.9986 22.1378 -13 8926 1 0 1
-0.331128 2.62589 1700 -0.0141568 0.0698463 27.9999 22.1368 -13 8927 1 0 1
3.21643 0.391154 1700 -0.155052 -0.131931 27.9993 22.1373 -13 8928 1 0 1
4.73568 2.1805 1700 -0.171826 -0.356541 27.9972 22.1385 -13 8929 1 0 1
2.95738 4.76049 1700 -0.120528 -0.228635 27.9988 22.1377 -13 8930 1 0 1
1.25281 -0.939106 1700 0.0589761 0.0703966 27.9998 22.1367 -13 8931 1 0 1
-1.78052 -0.108447 1700 0.110614 0.124501 27.9995 22.1369 -13 8932 1 0 1
-1.77459 -1.08297 1700 0.0780245 -0.21294 27.9991 22.1373 -13 8933 1 0 1
-1.93552 4.62033 1700 -0.0341878 -0.474523 27.996 22.1395 -13 8934 1 0 1
-2.00948 1.56808 1700 0.079517 0.0982102 27.9997 22.1368 -13 8935 1 0 1
4.19912 3.25224 1700 -0.171962 -0.0702719 27.9994 22.1374 -13 8936 1 0 1
1.43045 3.66976 1700 -0.185961 -0.134013 27.9991 22.1376 -13 8937 1 0 1
1.12198 -1.37786 1700 0.0519341 0.0375436 27.9999 22.1367 -13 8938 1 0 1
2.17529 -1.03496 1700 -0.0584887 -0.232662 27.999 22.1373 -13 8939 1 0 1
-1.55833 -1.45981 1700 0.206195 0.341605 27.9972 22.1382 -13 8940 1 0 1
-4.14027 -7.28233 1700 0.266325 0.580795 27.9927 22.1412 -13 8941 1 0 1
-0.224937 2.81069 1700 0.0993739 -0.403174 27.9969 22.1385 -13 8942 1 0 1
1.7169 3.37991 1700 -0.202342 -0.170415 27.9988 22.1378 -13 8943 1 0 1
-2.31169 -0.917104 1700 0.0643702 0.0599757 27.9999 22.1367 -13 8944 1 0 1
-0.529515 3.35839 1700 0.0667163 -0.00537302 27.9999 22.1367 -13 8945 1 0 1
-0.767977 -0.423399 1700 -0.0364273 -0.282516 27.9986 22.1376 -13 8946 1 0 1
-3.05567 -2.43024 1700 0.2791 -0.168124 27.9981 22.1379 -13 8947 1 0 1
4.63647 3.75552 1700 -0.31091 -0.309592 27.9966 22.1393 -13 8948 1 0 1
3.26368 3.04636 1700 -0.171148 -0.389214 27.9968 22.1388 -13 8949 1 0 1
2.1853 -3.80846 1700 0.223594 0.350784 27.9969 22.1386 -13 8950 1 0 1
-0.0658339 2.00535 1700 -0.0295643 -0.272465 27.9987 22.1376 -13 8951 1 0 1
-1.65931 0.978849 1700 0.17482 0.107228 27.9992 22.137 -13 8952 1 0 1
-2.91907 -1.35996 1700 0.193444 0.0243261 27.9993 22.137 -13 8953 1 0 1
1.3146 4.10254 1700 -0.201811 -0.465037 27.9954 22.1398 -13 8954 1 0 1
2.39903 3.22136 1700 -0.16387 -0.246616 27.9984 22.1379 -13 8955 1 0 1
0.00936694 1.06296 1700 -0.0547059 -0.0387769 27.9999 22.1368 -13 8956 1 0 1
2.47896 0.477749 1700 -0.194527 -0.196731 27.9986 22.1376 -13 8957 1 0 1
0.0756639 1.23713 1700 -0.00418799 -0.115688 27.9998 22.1369 -13 8958 1 0 1
-4.39214 0.110413 1700 0.286347 0.226086 27.9976 22.1379 -13 8959 1 0 1
0.271468 -3.94777 1700 0.135712 0.24197 27.9986 22.1376 -13 8960 1 0 1
-0.466803 4.687 1700 -0.19082 -0.161268 27.9989 22.1378 -13 8961 1 0 1
0.576954 -2.38581 1700 -0.1335 -0.210845 27.9989 22.1374 -13 8962 1 0 1
-2.40332 0.077463 1700 0.0533304 -0.00718097 27.9999 22.1367 -13 8963 1 0 1
1.93272 2.98477 1700 -0.0460651 0.0266808 27.9999 22.1369 -13 8964 1 0 1
1.2752 -0.684259 1700 0.067302 -0.0435038 27.9999 22.1367 -13 8965 1 0 1
-1.98659 0.865044 1700 0.187695 0.155198 27.9989 22.1371 -13 8966 1 0 1
-0.824854 -0.978848 1700 -0.0140755 0.205379 27.9992 22.1371 -13 8967 1 0 1
-2.40924 2.08242 1700 -0.0395023 -0.322554 27.9981 22.1381 -13 8968 1 0 1
-2.91739 -5.90978 1700 0.273918 0.296735 27.9971 22.1386 -13 8969 1 0 1
0.16573 0.291972 1700 0.13085 0.0442555 27.9997 22.1368 -13 8970 1 0 1
1.42043 2.17067 1700 -0.0495041 -0.230265 27.999 22.1374 -13 8971 1 0 1
-0.887408 -1.91042 1700 0.228845 -0.0507496 27.999 22.1372 -13 8972 1 0 1
1.43849 -4.79643 1700 0.0873948 0.157885 27.9994 22.1372 -13 8973 1 0 1
0.534902 1.60471 1700 -0.0394712 -0.17833 27.9994 22.1371 -13 8974 1 0 1
-3.5073 -0.143966 1700 0.00153015 -0.149134 27.9996 22.1371 -13 8975 1 0 1
3.74497 -0.586871 1700 -0.213191 -0.32615 27.9973 22.1383 -13 8976 1 0 1
-0.939323 -0.13822 1700 -0.0142788 -0.112718 27.9998 22.1368 -13 8977 1 0 1
-3.1333 -4.59342 1700 0.283328 0.358315 27.9963 22.1389 -13 8978 1 0 1
0.577569 -2.41162 1700 0.0656498 0.0944418 27.9998 22.1368 -13 8979 1 0 1
1.68037 0.814155 1700 0.0336997 -0.184944 27.9994 22.137 -13 8980 1 0 1
0.385755 3.2015 1700 -0.187533 -0.474157 27.9954 22.1398 -13 8981 1 0 1
-0.363585 -2.52399 1700 0.129965 -0.0580156 27.9996 22.1369 -13 8982 1 0 1
-3.40283 7.09468 1700 -0.209099 -0.589125 27.993 22.142 -13 8983 1 0 1
1.34997 4.86886 1700 -0.285864 -0.490015 27.9943 22.1407 -13 8984 1 0 1
-3.79808 -6.45723 1700 0.481987 0.367439 27.9934 22.1409 -13 8985 1 0 1
4.13969 1.78254 1700 -0.0395495 0.0106875 28 22.1369 -13 8986 1 0 1
0.115228 -2.96381 1700 0.214002 0.149741 27.9988 22.1374 -13 8987 1 0 1
-1.95994 1.18939 1700 -0.038765 -0.127688 27.9997 22.137 -13 8988 1 0 1
-2.23385 -3.00909 1700 0.128636 0.0536895 27.9997 22.1369 -13 8989 1 0 1
-2.58615 -2.86938 1700 0.102892 0.0659278 27.9997 22.1369 -13 8990 1 0 1
2.50297 -0.292571 1700 0.0370386 0.0808762 27.9999 22.1368 -13 8991 1 0 1
-0.662025 1.98638 1700 -0.084408 -0.239654 27.9988 22.1375 -13 8992 1 0 1
-1.96725 -2.47022 1700 0.328242 0.334028 27.9961 22.1388 -13 8993 1 0 1
1.91282 -0.0146659 1700 -0.0677251 0.0349759 27.9999 22.1368 -13 8994 1 0 1
1.69958 -2.00841 1700 0.131282 0.529954 27.9947 22.1399 -13 8995 1 0 1
0.0246541 2.05977 1700 -0.238341 -0.340336 27.9969 22.1388 -13 8996 1 0 1
-0.51219 -0.595994 1700 0.0351639 -0.0954034 27.9998 22.1368 -13 8997 1 0 1
1.24392 0.411221 1700 0.168758 0.262062 27.9983 22.1376 -13 8998 1 0 1
-1.33987 0.571401 1700 -0.0777848 0.148034 27.9995 22.137 -13 8999 1 0 1
0.267029 10.179 1700 -0.213398 -0.613634 27.9925 22.1425 -13 9000 1 0 1
-1.10695 -3.24234 1700 0.0847989 0.272672 27.9985 22.1375 -13 9001 1 0 1
-1.39317 -3.42138 1700 0.336292 0.225427 27.9971 22.1384 -13 9002 1 0 1
7.193 1.81027 1700 -0.232333 -0.149286 27.9986 22.138 -13 9003 1 0 1
2.03926 2.44716 1700 -0.0313861 -0.344027 27.9979 22.138 -13 9004 1 0 1
0.360019 -0.326062 1700 0.0451444 0.0856667 27.9998 22.1367 -13 9005 1 0 1
-0.136178 3.1902 1700 -0.161011 -0.337671 27.9975 22.1385 -13 9006 1 0 1
5.03135 3.10699 1700 -0.226407 -0.127416 27.9988 22.1379 -13 9007 1 0 1
1.48219 -0.591689 1700 0.109643 0.338989 27.9977 22.138 -13 9008 1 0 1
-0.33626 2.43117 1700 -0.19015 -0.156082 27.9989 22.1376 -13 9009 1 0 1
-3.12109 -0.52061 1700 0.202799 -0.102811 27.9991 22.1372 -13 9010 1 0 1
-0.315407 -2.57411 1700 0.169341 -0.171136 27.999 22.1372 -13 9011 1 0 1
3.72539 -3.61728 1700 -0.139273 -0.0192535 27.9996 22.137 -13 9012 1 0 1
1.39969 -1.23804 1700 0.120113 0.0504187 27.9997 22.1368 -13 9013 1 0 1
-0.365935 0.426499 1700 0.0393703 -0.105318 27.9998 22.1368 -13 9014 1 0 1
-1.26278 -1.38516 1700 0.115547 -0.104974 27.9996 22.1369 -13 9015 1 0 1
1.99437 -3.20022 1700 0.246581 0.221355 27.998 22.1379 -13 9016 1 0 1
3.22893 -1.36843 1700 0.0794733 0.0995038 27.9997 22.1369 -13 9017 1 0 1
-2.28979 -5.91205 1700 0.338512 0.413671 27.9949 22.1399 -13 9018 1 0 1
-4.59211 1.5653 1700 0.0326068 -0.132817 27.9997 22.1371 -13 9019 1 0 1
-0.55775 -1.10249 1700 0.202828 -0.120213 27.999 22.1372 -13 9020 1 0 1
1.86419 -1.32372 1700 0.0705789 -0.162705 27.9994 22.1369 -13 9021 1 0 1
1.76791 1.92512 1700 -0.0221632 -0.0797656 27.9999 22.1368 -13 9022 1 0 1
5.79698 7.09943 1700 -0.404559 -0.592392 27.9908 22.1431 -13 9023 1 0 1
1.31028 3.24644 1700 -0.0381461 0.0341075 28 22.1368 -13 9024 1 0 1
-0.569775 -2.18366 1700 0.0392868 -0.10287 27.9998 22.1368 -13 9025 1 0 1
-4.46434 -0.815278 1700 -0.0679525 -0.163053 27.9994 22.1372 -13 9026 1 0 1
0.356845 -0.285601 1700 0.00880911 0.243941 27.9989 22.1373 -13 9027 1 0 1
2.77719 1.3153 1700 -0.107548 -0.0347362 27.9998 22.137 -13 9028 1 0 1
-0.719522 -9.06818 1700 0.374895 0.721219 27.9882 22.1444 -13 9029 1 0 1
6.7521 7.28587 1700 -0.417518 -0.366864 27.9945 22.1412 -13 9030 1 0 1
-1.14515 -1.06832 1700 0.122158 -0.0657472 27.9997 22.1368 -13 9031 1 0 1
-1.49707 1.73061 1700 -0.0260804 -0.223626 27.9991 22.1374 -13 9032 1 0 1
3.39797 4.87531 1700 -0.177498 -0.275643 27.9981 22.1383 -13 9033 1 0 1
-1.57396 -1.72875 1700 0.314326 0.431267 27.9949 22.1394 -13 9034 1 0 1
4.31917 4.08228 1700 -0.290932 -0.484183 27.9943 22.1405 -13 9035 1 0 1
-1.8177 0.347633 1700 0.153469 -0.0158298 27.9996 22.1369 -13 9036 1 0 1
-1.66717 1.9309 1700 0.117093 -0.0764372 27.9997 22.1369 -13 9037 1 0 1
0.677311 0.864142 1700 0.0589557 -0.233679 27.999 22.1372 -13 9038 1 0 1
1.16445 0.822005 1700 0.0431088 0.210106 27.9992 22.1371 -13 9039 1 0 1
0.133325 4.23247 1700 -0.106607 -0.414797 27.9967 22.139 -13 9040 1 0 1
1.83742 0.731261 1700 -0.00407828 0.283652 27.9986 22.1376 -13 9041 1 0 1
0.0365603 4.1582 1700 -0.170827 -0.365633 27.9971 22.1388 -13 9042 1 0 1
-2.83554 0.567582 1700 0.0879519 -0.165114 27.9994 22.1371 -13 9043 1 0 1
-0.234986 2.64188 1700 -0.0554295 -0.208519 27.9992 22.1373 -13 9044 1 0 1
0.574943 4.60889 1700 -0.198884 -0.294963 27.9977 22.1385 -13 9045 1 0 1
-0.076659 3.71633 1700 -0.0224903 -0.436554 27.9966 22.1389 -13 9046 1 0 1
-1.4243 3.64009 1700 -0.182991 -0.2057 27.9986 22.1379 -13 9047 1 0 1
-0.97831 2.1333 1700 0.120943 0.0719381 27.9996 22.1368 -13 9048 1 0 1
-0.741238 3.50762 1700 0.00231875 -0.351923 27.9978 22.1382 -13 9049 1 0 1
-1.46238 -4.89656 1700 0.248631 0.121263 27.9986 22.1376 -13 9050 1 0 1
2.49854 -5.34603 1700 0.183727 0.419345 27.9963 22.1392 -13 9051 1 0 1
0.625117 -2.47989 1700 0.129255 0.360451 27.9974 22.1382 -13 9052 1 0 1
1.66684 1.52196 1700 0.0668814 0.320024 27.9981 22.1378 -13 9053 1 0 1
4.32024 1.443 1700 -0.073573 0.0540464 27.9999 22.137 -13 9054 1 0 1
0.30218 -0.247664 1700 0.121434 -0.191643 27.9991 22.1371 -13 9055 1 0 1
-0.582112 -3.96462 1700 0.437025 0.651562 27.989 22.1431 -13 9056 1 0 1
-4.55294 -0.854247 1700 0.135701 -0.0176661 27.9997 22.137 -13 9057 1 0 1
0.733533 1.94107 1700 -0.13751 0.251222 27.9985 22.1377 -13 9058 1 0 1
-0.8432 2.83248 1700 -0.247945 -0.265755 27.9976 22.1385 -13 9059 1 0 1
2.83244 -1.53776 1700 -0.0365029 0.0179877 28 22.1368 -13 9060 1 0 1
-0.814433 -2.42376 1700 0.285561 0.305958 27.9969 22.1384 -13 9061 1 0 1
-0.127717 4.07068 1700 -0.039369 -0.237139 27.999 22.1375 -13 9062 1 0 1
0.225724 5.68829 1700 -0.195717 -0.543528 27.994 22.1408 -13 9063 1 0 1
-0.609173 -2.91152 1700 0.267054 0.378065 27.9962 22.1389 -13 9064 1 0 1
0.758278 2.05156 1700 -0.136327 -0.459832 27.9959 22.1393 -13 9065 1 0 1
4.45758 0.423368 1700 -0.184717 -0.072533 27.9993 22.1374 -13 9066 1 0 1
2.58872 1.94689 1700 -0.0469379 -0.0254699 27.9999 22.1368 -13 9067 1 0 1
0.253364 0.321065 1700 0.0897724 -0.0282445 27.9998 22.1367 -13 9068 1 0 1
-2.38971 -2.52062 1700 0.0715852 0.0713934 27.9998 22.1368 -13 9069 1 0 1
-2.25662 0.261621 1700 0.0415205 -0.205911 27.9992 22.1372 -13 9070 1 0 1
0.579668 -2.08056 1700 0.0499119 0.192715 27.9993 22.1371 -13 9071 1 0 1
0.905982 0.707535 1700 -0.204866 -0.223276 27.9984 22.1378 -13 9072 1 0 1
2.68593 3.8658 1700 -0.0860399 -0.271449 27.9986 22.1378 -13 9073 1 0 1
-2.14026 0.224649 1700 0.120506 0.0758014 27.9996 22.1368 -13 9074 1 0 1
1.99589 1.31124 1700 0.0989021 0.0286428 27.9998 22.1367 -13 9075 1 0 1
-1.97636 -1.37396 1700 0.0246236 0.0995857 27.9998 22.1368 -13 9076 1 0 1
1.92889 0.732517 1700 0.0564295 0.0120456 27.9999 22.1367 -13 9077 1 0 1
8.15326 -3.64669 1700 -0.118112 0.131501 27.9994 22.1377 -13 9078 1 0 1
-3.9448 -1.72101 1700 -0.0144684 -0.0755175 27.9999 22.1369 -13 9079 1 0 1
0.215683 0.840255 1700 0.0419329 -0.11457 27.9997 22.1368 -13 9080 1 0 1
-0.409455 4.80457 1700 -0.209262 -0.504669 27.9947 22.1404 -13 9081 1 0 1
-4.47525 1.91364 1700 -0.145859 -0.345932 27.9975 22.1387 -13 9082 1 0 1
1.12212 -3.67932 1700 0.200684 0.0898136 27.9991 22.1372 -13 9083 1 0 1
-3.68174 -1.46983 1700 0.145786 0.00231626 27.9996 22.1369 -13 9084 1 0 1
0.0683312 -1.28972 1700 0.149404 0.316235 27.9978 22.1379 -13 9085 1 0 1
1.41488 1.27823 1700 -0.134682 -0.219526 27.9988 22.1375 -13 9086 1 0 1
-1.59085 -1.85494 1700 0.228051 0.179702 27.9985 22.1375 -13 9087 1 0 1
-2.04403 3.29462 1700 0.0391059 -0.113969 27.9997 22.1369 -13 9088 1 0 1
-0.570591 1.68891 1700 0.108513 -0.203391 27.9991 22.1372 -13 9089 1 0 1
0.665511 -1.30106 1700 0.459035 0.448595 27.9926 22.1407 -13 9090 1 0 1
-1.55032 -4.90429 1700 0.381005 0.403161 27.9945 22.14 -13 9091 1 0 1
-4.41703 -1.35789 1700 0.234983 0.0936937 27.9989 22.1373 -13 9092 1 0 1
4.65802 -4.58516 1700 0.173629 0.176816 27.9989 22.1376 -13 9093 1 0 1
0.242067 2.31895 1700 0.0260534 0.196195 27.9993 22.1371 -13 9094 1 0 1
-1.70279 -0.887191 1700 0.125263 0.143879 27.9994 22.137 -13 9095 1 0 1
3.50562 5.40305 1700 -0.196628 -0.181621 27.9987 22.138 -13 9096 1 0 1
-0.931084 2.16752 1700 -0.0396297 -0.0811603 27.9999 22.1369 -13 9097 1 0 1
6.87307 0.661505 1700 -0.0634715 0.107114 27.9997 22.1373 -13 9098 1 0 1
1.00616 -3.3375 1700 0.0799909 0.0756696 27.9998 22.1368 -13 9099 1 0 1
-0.95887 -4.00326 1700 0.0308892 0.292027 27.9985 22.1376 -13 9100 1 0 1
-0.552375 -5.1952 1700 -0.0266571 0.0541113 27.9999 22.1368 -13 9101 1 0 1
2.58318 6.50003 1700 -0.364362 -0.514551 27.9929 22.1418 -13 9102 1 0 1
1.04274 0.611038 1700 0.0516261 -0.0889058 27.9998 22.1368 -13 9103 1 0 1
-1.40588 3.91067 1700 0.0367677 -0.120121 27.9997 22.137 -13 9104 1 0 1
-2.92736 0.883633 1700 0.0543164 -0.042645 27.9999 22.1368 -13 9105 1 0 1
-0.400556 -1.87743 1700 0.0766349 0.0612094 27.9998 22.1368 -13 9106 1 0 1
0.991 -3.30795 1700 0.0143451 0.0548757 27.9999 22.1368 -13 9107 1 0 1
1.95953 0.0278669 1700 -0.0413819 0.037685 27.9999 22.1368 -13 9108 1 0 1
-1.31887 -4.41288 1700 0.076917 0.29985 27.9983 22.1377 -13 9109 1 0 1
1.6148 -0.217161 1700 -0.0726214 -0.37703 27.9974 22.1382 -13 9110 1 0 1
2.35543 -2.7255 1700 0.0255691 0.164303 27.9995 22.1371 -13 9111 1 0 1
-2.2146 -2.28864 1700 0.185707 0.0823438 27.9993 22.1371 -13 9112 1 0 1
6.02336 -1.1335 1700 -0.367554 -0.156849 27.9971 22.1387 -13 9113 1 0 1
-1.99718 -2.52083 1700 0.113255 0.233167 27.9988 22.1373 -13 9114 1 0 1
0.453611 -2.72358 1700 0.0603414 0.188463 27.9993 22.1371 -13 9115 1 0 1
-0.212785 0.983898 1700 0.0366698 0.0927722 27.9998 22.1367 -13 9116 1 0 1
1.65548 2.39504 1700 -0.00948689 0.129786 27.9997 22.1369 -13 9117 1 0 1
-2.43458 -2.70711 1700 0.120854 -0.126576 27.9995 22.1371 -13 9118 1 0 1
-0.205284 -5.59203 1700 0.253141 0.309335 27.9971 22.1386 -13 9119 1 0 1
-3.0693 -5.07426 1700 0.247935 0.188597 27.9983 22.1378 -13 9120 1 0 1
-1.04614 -2.19013 1700 0.242208 0.307669 27.9973 22.1382 -13 9121 1 0 1
4.35225 3.23464 1700 -0.224749 -0.365453 27.9967 22.139 -13 9122 1 0 1
-0.394126 -0.985278 1700 0.00125712 0.126491 27.9997 22.1368 -13 9123 1 0 1
4.85032 0.307709 1700 -0.119069 -0.0893951 27.9996 22.1371 -13 9124 1 0 1
0.302349 -7.33311 1700 0.227999 0.437265 27.9957 22.1397 -13 9125 1 0 1
1.33763 0.269007 1700 0.0593414 0.104033 27.9997 22.1368 -13 9126 1 0 1
1.72894 -1.04028 1700 -0.0891232 -0.00434548 27.9999 22.1368 -13 9127 1 0 1
3.50046 0.490638 1700 -0.0878242 -0.204588 27.9991 22.1373 -13 9128 1 0 1
4.53678 -4.03581 1700 0.115558 0.360889 27.9974 22.1386 -13 9129 1 0 1
0.581651 4.93986 1700 -0.149922 -0.0977873 27.9994 22.1374 -13 9130 1 0 1
-0.620284 -1.81996 1700 0.10163 0.216607 27.999 22.1372 -13 9131 1 0 1
2.61258 -0.423952 1700 -0.0980065 0.141232 27.9995 22.1371 -13 9132 1 0 1
-2.12912 -0.763416 1700 0.0133942 0.0148114 28 22.1367 -13 9133 1 0 1
-3.17703 -1.77186 1700 0.30695 0.352327 27.9961 22.1388 -13 9134 1 0 1
1.33475 1.85346 1700 0.0919077 0.25295 27.9987 22.1374 -13 9135 1 0 1
-2.01031 -1.51788 1700 0.243396 0.171091 27.9984 22.1375 -13 9136 1 0 1
1.96377 -2.92744 1700 0.0238167 0.0276962 28 22.1367 -13 9137 1 0 1
-2.58218 4.91963 1700 -0.0649481 -0.3245 27.998 22.1383 -13 9138 1 0 1
-2.62971 2.91799 1700 0.166239 -0.195161 27.9988 22.1374 -13 9139 1 0 1
-2.00587 2.14923 1700 0.0817619 0.0283491 27.9999 22.1367 -13 9140 1 0 1
-5.45143 0.57534 1700 0.154136 -0.130349 27.9993 22.1373 -13 9141 1 0 1
1.26147 2.50462 1700 -0.122704 -0.532259 27.9947 22.14 -13 9142 1 0 1
-2.34718 1.26073 1700 0.156513 -0.281656 27.9981 22.1378 -13 9143 1 0 1
1.73444 6.25954 1700 -0.311984 -0.527405 27.9933 22.1415 -13 9144 1 0 1
2.33669 -3.18936 1700 -0.0103614 0.180833 27.9994 22.1372 -13 9145 1 0 1
5.84403 -0.725132 1700 -0.0232483 -0.00631882 28 22.1369 -13 9146 1 0 1
2.90859 3.32134 1700 -0.194963 -0.117085 27.9991 22.1376 -13 9147 1 0 1
1.93109 3.95719 1700 -0.173763 -0.407432 27.9965 22.1391 -13 9148 1 0 1
1.53022 0.49975 1700 0.229722 0.225517 27.9981 22.1376 -13 9149 1 0 1
0.376436 -3.15185 1700 0.0894158 0.194 27.9992 22.1372 -13 9150 1 0 1
1.98461 0.441511 1700 -0.242183 -0.0945071 27.9988 22.1376 -13 9151 1 0 1
-0.838384 -2.77013 1700 0.0820067 0.291371 27.9984 22.1376 -13 9152 1 0 1
-3.69544 -5.2721 1700 0.331933 0.235745 27.997 22.1386 -13 9153 1 0 1
2.6009 0.130679 1700 0.0245971 0.0927372 27.9998 22.1368 -13 9154 1 0 1
-1.09019 -1.54252 1700 0.0773968 -0.0501246 27.9998 22.1368 -13 9155 1 0 1
-0.980045 -1.94348 1700 0.0293047 0.190944 27.9993 22.137 -13 9156 1 0 1
2.8506 5.44028 1700 -0.294265 -0.463363 27.9946 22.1405 -13 9157 1 0 1
0.150627 -0.571126 1700 0.0116438 -0.12535 27.9997 22.1368 -13 9158 1 0 1
-2.17571 3.18098 1700 -0.0538475 -0.18168 27.9994 22.1373 -13 9159 1 0 1
3.74149 6.47611 1700 -0.0913336 -0.204295 27.9991 22.1377 -13 9160 1 0 1
-0.3158 0.658498 1700 0.0750042 -0.245029 27.9988 22.1373 -13 9161 1 0 1
0.207262 1.62779 1700 0.00196834 -0.00168695 28 22.1367 -13 9162 1 0 1
-0.201007 -3.45656 1700 0.397435 0.483573 27.993 22.1407 -13 9163 1 0 1
-3.62453 -0.864077 1700 0.197382 0.000338524 27.9993 22.1371 -13 9164 1 0 1
-1.32597 -1.14 1700 0.0967304 -0.0533142 27.9998 22.1368 -13 9165 1 0 1
6.15306 -1.90926 1700 -0.0140138 0.190868 27.9993 22.1375 -13 9166 1 0 1
1.5819 -3.88402 1700 0.145092 0.0959324 27.9995 22.1371 -13 9167 1 0 1
1.69472 0.200534 1700 -0.0409404 -8.36808e-05 28 22.1367 -13 9168 1 0 1
1.13697 -1.64981 1700 -0.106243 0.0865854 27.9997 22.137 -13 9169 1 0 1
0.797467 0.15659 1700 -0.0922746 -0.156936 27.9994 22.1371 -13 9170 1 0 1
1.45701 3.0273 1700 -0.00424322 -0.0316972 28 22.1368 -13 9171 1 0 1
4.53121 -0.402948 1700 -0.0549599 0.0723081 27.9999 22.137 -13 9172 1 0 1
-2.99338 -5.4728 1700 0.379775 0.31359 27.9957 22.1394 -13 9173 1 0 1
0.519852 2.0719 1700 -0.0216627 -0.186906 27.9994 22.1371 -13 9174 1 0 1
0.296423 -1.9711 1700 0.0423152 0.0894314 27.9998 22.1368 -13 9175 1 0 1
3.55576 -1.40784 1700 0.0155338 0.132021 27.9997 22.137 -13 9176 1 0 1
-0.396973 -2.88111 1700 0.0468583 0.0951506 27.9998 22.1368 -13 9177 1 0 1
-4.0407 -0.417886 1700 0.1563 0.121216 27.9993 22.137 -13 9178 1 0 1
2.38844 1.43154 1700 -0.00175519 0.149991 27.9996 22.137 -13 9179 1 0 1
-1.16284 -1.23898 1700 0.0147436 -0.13149 27.9997 22.1369 -13 9180 1 0 1
-2.45317 1.76308 1700 -0.0257627 -0.280021 27.9986 22.1377 -13 9181 1 0 1
-0.318506 -4.81673 1700 0.27648 0.0803135 27.9985 22.1376 -13 9182 1 0 1
2.41589 -3.25221 1700 0.238923 0.267012 27.9977 22.1381 -13 9183 1 0 1
-0.431412 -2.69081 1700 0.082425 0.245743 27.9988 22.1374 -13 9184 1 0 1
4.01802 0.0895872 1700 -0.237154 -0.291944 27.9975 22.1383 -13 9185 1 0 1
2.16002 1.81051 1700 -0.228844 -0.0745878 27.999 22.1376 -13 9186 1 0 1
0.135698 1.25803 1700 -0.0579839 -0.357747 27.9977 22.1382 -13 9187 1 0 1
2.38635 0.494477 1700 0.0481414 -0.329078 27.998 22.1377 -13 9188 1 0 1
0.829376 0.745674 1700 -0.12771 -0.115784 27.9995 22.1371 -13 9189 1 0 1
0.6426 2.21309 1700 0.0428738 0.0170137 28 22.1367 -13 9190 1 0 1
4.38664 3.51287 1700 -0.166192 -0.0292486 27.9995 22.1374 -13 9191 1 0 1
1.99185 3.61952 1700 -0.252514 -0.467202 27.995 22.1401 -13 9192 1 0 1
-3.58682 1.28174 1700 0.044071 -0.0212735 28 22.1368 -13 9193 1 0 1
-4.48794 -6.59059 1700 0.448004 0.469112 27.9925 22.1414 -13 9194 1 0 1
0.612375 0.92012 1700 0.0433587 0.0487366 27.9999 22.1367 -13 9195 1 0 1
-1.3664 3.41333 1700 -0.353253 -0.457342 27.994 22.1408 -13 9196 1 0 1
-3.13734 -2.24501 1700 0.342546 0.280956 27.9965 22.1386 -13 9197 1 0 1
-2.94779 -3.39213 1700 0.245079 0.189052 27.9983 22.1377 -13 9198 1 0 1
-1.90879 1.33179 1700 0.236478 0.16794 27.9985 22.1373 -13 9199 1 0 1
-1.7684 1.2811 1700 -0.0541068 -0.223087 27.9991 22.1374 -13 9200 1 0 1
3.10106 3.6627 1700 -0.080248 -0.12796 27.9996 22.1372 -13 9201 1 0 1
-0.67677 -3.3475 1700 0.148015 0.154925 27.9992 22.1372 -13 9202 1 0 1
1.60822 -2.92805 1700 0.176515 0.141563 27.9991 22.1372 -13 9203 1 0 1
-4.49009 2.76148 1700 -0.100849 -0.368948 27.9974 22.1388 -13 9204 1 0 1
-3.75642 -3.6357 1700 0.349238 0.483902 27.9936 22.1403 -13 9205 1 0 1
-1.1281 -1.6833 1700 0.184113 -0.210581 27.9986 22.1375 -13 9206 1 0 1
1.13715 3.50016 1700 0.133746 0.0467207 27.9996 22.1368 -13 9207 1 0 1
5.92723 -4.30866 1700 0.0716216 0.620977 27.993 22.1416 -13 9208 1 0 1
3.23393 -4.32703 1700 -0.0320169 0.300522 27.9984 22.1379 -13 9209 1 0 1
-3.90064 2.03667 1700 0.0539007 -0.270815 27.9986 22.1377 -13 9210 1 0 1
-0.180619 6.31415 1700 -0.273246 -0.307162 27.997 22.1393 -13 9211 1 0 1
-3.75319 0.41172 1700 0.28938 -0.0113551 27.9985 22.1375 -13 9212 1 0 1
0.0522283 -2.55519 1700 0.174268 0.266919 27.9982 22.1377 -13 9213 1 0 1
2.10147 0.454462 1700 -0.0831994 0.03152 27.9999 22.1369 -13 9214 1 0 1
-2.14537 4.91701 1700 -0.0320477 -0.208998 27.9992 22.1375 -13 9215 1 0 1
1.56925 -0.388987 1700 0.0535172 0.154865 27.9995 22.137 -13 9216 1 0 1
0.173675 0.862419 1700 0.0869536 0.117276 27.9996 22.1368 -13 9217 1 0 1
-0.405643 -2.52716 1700 0.0130383 0.134976 27.9997 22.1369 -13 9218 1 0 1
3.4247 0.125051 1700 0.00473669 -0.136516 27.9997 22.1369 -13 9219 1 0 1
-0.937707 -1.87617 1700 0.156342 0.0865051 27.9994 22.137 -13 9220 1 0 1
5.39708 4.22538 1700 -0.133292 -0.109683 27.9995 22.1374 -13 9221 1 0 1
-2.90959 -3.52371 1700 0.246421 0.29713 27.9973 22.1382 -13 9222 1 0 1
-1.44616 -5.65403 1700 0.321543 0.489774 27.9939 22.1404 -13 9223 1 0 1
4.8686 1.48437 1700 -0.0796696 -0.00737039 27.9999 22.137 -13 9224 1 0 1
-0.648771 2.02305 1700 0.0213031 -0.00894939 28 22.1367 -13 9225 1 0 1
1.65958 0.884788 1700 0.020613 -0.126151 27.9997 22.1368 -13 9226 1 0 1
2.17447 -0.171743 1700 -0.0941995 -0.100405 27.9997 22.137 -13 9227 1 0 1
-0.243414 0.231037 1700 0.13002 0.040236 27.9997 22.1368 -13 9228 1 0 1
-3.62582 -0.706433 1700 -0.0193542 -0.126389 27.9997 22.137 -13 9229 1 0 1
0.0525014 0.361725 1700 0.129777 0.014632 27.9997 22.1368 -13 9230 1 0 1
-5.59677 2.00772 1700 0.234033 -0.315365 27.9972 22.1386 -13 9231 1 0 1
3.27478 3.16641 1700 -0.0587774 -0.119928 27.9997 22.137 -13 9232 1 0 1
-0.887849 1.90219 1700 0.0268363 -0.114081 27.9998 22.1369 -13 9233 1 0 1
-1.96453 -3.37671 1700 0.186195 0.0999127 27.9992 22.1372 -13 9234 1 0 1
2.70327 -1.05196 1700 0.205015 0.307899 27.9976 22.1381 -13 9235 1 0 1
-3.24388 -0.981557 1700 0.103966 0.0989673 27.9996 22.1369 -13 9236 1 0 1
2.42788 0.136975 1700 0.0419691 0.22997 27.999 22.1373 -13 9237 1 0 1
6.47423 4.10768 1700 -0.199121 -0.148201 27.9989 22.1379 -13 9238 1 0 1
-2.10967 -0.78928 1700 0.0933804 -0.0672253 27.9998 22.1368 -13 9239 1 0 1
0.714283 1.64906 1700 -0.0622067 -0.300032 27.9983 22.1378 -13 9240 1 0 1
-2.12003 2.01359 1700 -0.0584872 -0.230611 27.999 22.1375 -13 9241 1 0 1
-3.18976 -1.42685 1700 0.130261 -0.0754773 27.9996 22.137 -13 9242 1 0 1
-0.369759 -2.61083 1700 0.119833 0.235579 27.9988 22.1374 -13 9243 1 0 1
-0.605477 1.26257 1700 0.0710245 0.0321263 27.9999 22.1367 -13 9244 1 0 1
3.13088 6.38711 1700 -0.372271 -0.821077 27.9855 22.1461 -13 9245 1 0 1
3.59424 -1.57513 1700 -0.056511 0.120679 27.9997 22.137 -13 9246 1 0 1
-2.93803 3.44975 1700 0.0658214 -0.235404 27.9989 22.1375 -13 9247 1 0 1
-0.440437 -4.68674 1700 0.146429 0.0380643 27.9996 22.137 -13 9248 1 0 1
0.45905 3.59888 1700 -0.0691145 -0.123159 27.9996 22.1371 -13 9249 1 0 1
-3.37548 -1.72119 1700 0.238084 0.0847495 27.9989 22.1373 -13 9250 1 0 1
-1.25254 -1.7447 1700 0.0196979 0.0174874 28 22.1367 -13 9251 1 0 1
-2.10834 -2.79235 1700 0.144852 0.182568 27.999 22.1372 -13 9252 1 0 1
-0.211889 -0.229391 1700 -0.012573 -0.149287 27.9996 22.1369 -13 9253 1 0 1
-1.68293 3.1471 1700 0.109239 -0.172556 27.9993 22.1372 -13 9254 1 0 1
-3.17465 0.766546 1700 -0.0341881 0.0703124 27.9999 22.1368 -13 9255 1 0 1
1.69994 0.886362 1700 -0.127878 -0.0223829 27.9997 22.137 -13 9256 1 0 1
0.224042 -1.14825 1700 0.0496438 0.221296 27.9991 22.1372 -13 9257 1 0 1
-2.73645 -2.73954 1700 0.236911 0.254891 27.9978 22.1379 -13 9258 1 0 1
3.31732 -2.54559 1700 -0.0442732 0.126608 27.9997 22.137 -13 9259 1 0 1
-2.08148 -4.28378 1700 0.285266 0.119977 27.9983 22.1378 -13 9260 1 0 1
0.236621 -0.767454 1700 -0.130462 0.00758458 27.9997 22.1369 -13 9261 1 0 1
-5.1474 3.38282 1700 0.0459535 -0.301683 27.9983 22.1381 -13 9262 1 0 1
-0.0195617 0.785759 1700 0.0947802 0.0933279 27.9997 22.1368 -13 9263 1 0 1
-1.85219 -5.38977 1700 0.22795 0.27966 27.9977 22.1382 -13 9264 1 0 1
-1.73091 2.09426 1700 0.0773263 -0.239641 27.9989 22.1374 -13 9265 1 0 1
-0.820545 1.51036 1700 -0.0152724 0.125982 27.9997 22.1368 -13 9266 1 0 1
-1.87168 -0.754632 1700 0.0777577 -0.0465532 27.9999 22.1368 -13 9267 1 0 1
-0.481988 -0.170287 1700 0.132764 0.109622 27.9995 22.1369 -13 9268 1 0 1
5.15822 2.00633 1700 -0.067393 -0.313378 27.9982 22.1378 -13 9269 1 0 1
-1.19904 -3.87585 1700 0.214008 -0.00961217 27.9992 22.1372 -13 9270 1 0 1
-1.35002 -1.53511 1700 0.180369 0.178139 27.9989 22.1372 -13 9271 1 0 1
-4.08625 -0.220385 1700 0.219096 0.0473073 27.9991 22.1372 -13 9272 1 0 1
0.0387262 -2.68759 1700 0.0632182 -0.0166173 27.9999 22.1367 -13 9273 1 0 1
3.3681 -0.181888 1700 0.06521 0.16207 27.9995 22.1371 -13 9274 1 0 1
-0.316146 1.00508 1700 0.105295 -0.0505705 27.9998 22.1368 -13 9275 1 0 1
-2.28195 -7.41312 1700 0.40717 0.548965 27.9917 22.142 -13 9276 1 0 1
3.4008 -8.02883 1700 0.292732 0.76684 27.988 22.1447 -13 9277 1 0 1
-0.514343 1.6749 1700 0.00820684 -0.27867 27.9986 22.1376 -13 9278 1 0 1
-1.12401 1.19814 1700 -0.0699152 0.0214535 27.9999 22.1368 -13 9279 1 0 1
1.4741 0.629006 1700 0.0337793 0.120556 27.9997 22.1368 -13 9280 1 0 1
1.52633 -2.27462 1700 0.0486048 0.0660156 27.9999 22.1368 -13 9281 1 0 1
3.64678 -1.40667 1700 -0.0470528 0.11626 27.9997 22.137 -13 9282 1 0 1
6.49782 4.85634 1700 -0.186863 -0.190459 27.9987 22.138 -13 9283 1 0 1
1.78831 -2.35522 1700 0.0970643 -0.176704 27.9993 22.137 -13 9284 1 0 1
1.66462 -1.04451 1700 -0.119014 0.0848073 27.9996 22.137 -13 9285 1 0 1
-0.231375 0.0935239 1700 -0.0743807 -0.00727996 27.9999 22.1368 -13 9286 1 0 1
0.92122 0.398545 1700 0.0225855 -0.0773133 27.9999 22.1367 -13 9287 1 0 1
-2.95158 0.935486 1700 -0.0479154 -0.0221007 28 22.1368 -13 9288 1 0 1
-0.179564 -1.38052 1700 0.302811 0.0968633 27.9982 22.1376 -13 9289 1 0 1
0.730582 -6.65777 1700 0.17314 0.248979 27.9984 22.138 -13 9290 1 0 1
0.124179 0.420626 1700 -0.00509284 -0.121045 27.9997 22.1368 -13 9291 1 0 1
-0.347748 -0.493612 1700 0.0135616 0.0599591 27.9999 22.1367 -13 9292 1 0 1
-1.28245 -1.36108 1700 0.118451 -0.0851567 27.9996 22.1369 -13 9293 1 0 1
-0.673498 0.502145 1700 0.0408688 0.187018 27.9993 22.137 -13 9294 1 0 1
4.90721 6.18519 1700 -0.288173 -0.457466 27.9948 22.1405 -13 9295 1 0 1
0.26057 0.900847 1700 -0.0637641 -0.0988312 27.9998 22.1369 -13 9296 1 0 1
4.00078 2.67963 1700 -0.264814 -0.298871 27.9972 22.1387 -13 9297 1 0 1
-1.141 1.92789 1700 0.0416466 0.147198 27.9996 22.1369 -13 9298 1 0 1
0.465479 3.84541 1700 -0.0359942 0.0196098 28 22.1368 -13 9299 1 0 1
0.520736 7.43641 1700 -0.323701 -0.502667 27.9936 22.1415 -13 9300 1 0 1
2.09136 1.62154 1700 -0.104635 0.0736854 27.9997 22.137 -13 9301 1 0 1
-4.5623 -2.29583 1700 0.15007 -0.0353072 27.9996 22.1371 -13 9302 1 0 1
0.0408734 -0.524693 1700 0.158246 0.237866 27.9985 22.1374 -13 9303 1 0 1
-0.206122 1.52184 1700 0.0693376 -0.0552661 27.9999 22.1367 -13 9304 1 0 1
-2.4212 0.456802 1700 0.122397 -0.00964477 27.9997 22.1368 -13 9305 1 0 1
-2.60567 -2.76775 1700 0.325272 0.362073 27.9958 22.139 -13 9306 1 0 1
0.810131 0.0610458 1700 -0.329536 -0.11732 27.9978 22.1382 -13 9307 1 0 1
2.93308 2.29745 1700 -0.0610636 -0.236934 27.9989 22.1374 -13 9308 1 0 1
-3.18245 -2.57165 1700 0.180862 0.301231 27.9978 22.1379 -13 9309 1 0 1
0.427912 6.07574 1700 -0.310215 -0.464579 27.9944 22.1408 -13 9310 1 0 1
0.721514 2.98079 1700 -0.181703 -0.261724 27.9982 22.1381 -13 9311 1 0 1
5.06121 -0.00208303 1700 -0.082969 0.109379 27.9997 22.1372 -13 9312 1 0 1
-1.59505 -1.84861 1700 0.214161 -0.107442 27.999 22.1372 -13 9313 1 0 1
-3.11368 0.149306 1700 0.275332 0.433544 27.9953 22.1391 -13 9314 1 0 1
2.91907 3.83922 1700 -0.135796 -0.193364 27.999 22.1376 -13 9315 1 0 1
-0.000595524 1.01103 1700 0.140845 -0.00828482 27.9996 22.1368 -13 9316 1 0 1
2.94801 -1.69977 1700 -0.148095 0.0739805 27.9995 22.1371 -13 9317 1 0 1
4.15352 6.6937 1700 -0.233374 -0.420145 27.9959 22.1398 -13 9318 1 0 1
1.86861 -1.3726 1700 0.0917769 0.275123 27.9985 22.1376 -13 9319 1 0 1
0.611042 -3.1001 1700 0.228704 0.452943 27.9954 22.1394 -13 9320 1 0 1
-0.939445 1.84216 1700 -0.0532825 -0.00532409 27.9999 22.1368 -13 9321 1 0 1
2.81813 0.855708 1700 -0.114853 -0.0714318 27.9997 22.137 -13 9322 1 0 1
-0.834831 -3.24046 1700 0.180576 0.0976551 27.9992 22.1371 -13 9323 1 0 1
-0.733763 0.493209 1700 0.0603078 -0.0738429 27.9998 22.1368 -13 9324 1 0 1
-4.73681 0.550356 1700 0.157356 -0.0730876 27.9995 22.1371 -13 9325 1 0 1
0.787269 -3.60706 1700 0.0130972 -0.0463527 28 22.1367 -13 9326 1 0 1
-0.724716 1.43985 1700 -0.00139108 -0.16163 27.9995 22.137 -13 9327 1 0 1
-2.39365 3.57906 1700 -0.0508255 -0.529454 27.9949 22.1401 -13 9328 1 0 1
0.279597 0.827337 1700 -0.0453834 -0.06736 27.9999 22.1368 -13 9329 1 0 1
3.1314 2.56037 1700 -0.111527 -0.220483 27.9989 22.1375 -13 9330 1 0 1
3.18309 3.42853 1700 -0.224445 -0.216492 27.9983 22.1381 -13 9331 1 0 1
-2.66458 -3.07426 1700 0.191039 0.150001 27.9989 22.1373 -13 9332 1 0 1
2.8898 -1.86062 1700 0.0783474 0.0300696 27.9999 22.1368 -13 9333 1 0 1
-2.7546 -2.52195 1700 0.178008 0.103491 27.9992 22.1371 -13 9334 1 0 1
0.346401 0.0549136 1700 0.0614825 -0.110183 27.9997 22.1368 -13 9335 1 0 1
-4.13845 1.11269 1700 0.113707 0.188103 27.9991 22.1371 -13 9336 1 0 1
-2.65404 -4.54943 1700 0.172256 0.087552 27.9993 22.1372 -13 9337 1 0 1
1.15269 -1.17926 1700 0.0736688 -0.14597 27.9995 22.1369 -13 9338 1 0 1
1.1938 1.84788 1700 -0.0475618 -0.100461 27.9998 22.1369 -13 9339 1 0 1
-5.08559 -6.28608 1700 0.592106 0.487683 27.9895 22.1432 -13 9340 1 0 1
-0.569051 -2.56963 1700 0.0694277 0.0683387 27.9998 22.1368 -13 9341 1 0 1
-2.25623 0.156956 1700 0.129751 -0.220005 27.9988 22.1374 -13 9342 1 0 1
-1.06437 -1.90802 1700 0.186816 0.0582319 27.9993 22.137 -13 9343 1 0 1
3.08571 2.83245 1700 -0.103789 -0.310017 27.9981 22.138 -13 9344 1 0 1
2.55353 0.980747 1700 0.0385763 0.0591822 27.9999 22.1367 -13 9345 1 0 1
2.66246 0.608466 1700 -0.106344 -0.0228889 27.9998 22.1369 -13 9346 1 0 1
-2.74782 -5.7961 1700 0.289393 0.609917 27.9919 22.1416 -13 9347 1 0 1
1.25878 -0.448305 1700 0.108937 0.0464707 27.9997 22.1368 -13 9348 1 0 1
-0.510682 4.89639 1700 -0.366119 -0.562343 27.992 22.1423 -13 9349 1 0 1
2.94376 -1.13931 1700 0.0204195 0.0768938 27.9999 22.1368 -13 9350 1 0 1
5.03356 1.80785 1700 0.0196426 0.280038 27.9986 22.1378 -13 9351 1 0 1
-2.43215 0.362141 1700 0.122415 -0.0620573 27.9997 22.1369 -13 9352 1 0 1
-1.02844 -2.04024 1700 0.136296 0.0953337 27.9995 22.1369 -13 9353 1 0 1
-0.701165 2.52719 1700 -0.0111631 -0.219523 27.9991 22.1373 -13 9354 1 0 1
-1.42175 -5.44382 1700 0.194181 0.170095 27.9988 22.1375 -13 9355 1 0 1
0.575672 2.33253 1700 0.0184573 -0.0357967 28 22.1367 -13 9356 1 0 1
0.128507 -2.02213 1700 0.223863 0.25865 27.9979 22.1378 -13 9357 1 0 1
-0.132425 -2.12303 1700 0.186875 -0.000783964 27.9994 22.137 -13 9358 1 0 1
-0.553676 -0.398751 1700 -0.0305387 0.0130757 28 22.1367 -13 9359 1 0 1
-0.259647 3.99895 1700 -0.213636 -0.317147 27.9974 22.1387 -13 9360 1 0 1
1.31937 1.85642 1700 0.00473541 0.116141 27.9998 22.1369 -13 9361 1 0 1
-2.42968 -3.89454 1700 0.252362 0.295664 27.9973 22.1383 -13 9362 1 0 1
-0.411953 -5.26309 1700 0.281487 0.30157 27.997 22.1386 -13 9363 1 0 1
-2.63099 -3.95102 1700 0.245791 0.321287 27.9971 22.1384 -13 9364 1 0 1
-0.769026 -2.2724 1700 0.127757 -0.0688033 27.9996 22.1369 -13 9365 1 0 1
1.06093 0.366587 1700 -0.0574748 0.130553 27.9996 22.137 -13 9366 1 0 1
-2.49736 2.58323 1700 0.134528 -0.113831 27.9994 22.137 -13 9367 1 0 1
0.481097 4.77833 1700 -0.072737 -0.341508 27.9978 22.1383 -13 9368 1 0 1
6.24566 -0.698887 1700 -0.0824371 0.161247 27.9994 22.1374 -13 9369 1 0 1
-0.223064 -3.03347 1700 -0.0415821 -0.0611045 27.9999 22.1368 -13 9370 1 0 1
4.03963 3.05238 1700 -0.103993 -0.124481 27.9995 22.1372 -13 9371 1 0 1
0.508747 -0.594887 1700 0.0998439 0.141078 27.9995 22.1369 -13 9372 1 0 1
-1.15576 -2.55802 1700 0.0878638 -0.0155292 27.9999 22.1368 -13 9373 1 0 1
0.950566 5.10061 1700 -0.143552 -0.240679 27.9986 22.1379 -13 9374 1 0 1
-0.568049 -0.461073 1700 0.109827 0.0403527 27.9998 22.1367 -13 9375 1 0 1
0.311845 -2.15197 1700 0.233157 0.175819 27.9985 22.1375 -13 9376 1 0 1
-0.286738 -0.17449 1700 0.130235 -0.102653 27.9995 22.1369 -13 9377 1 0 1
2.58713 0.66251 1700 -0.137046 -0.0964308 27.9995 22.1371 -13 9378 1 0 1
2.89978 -0.410014 1700 -0.00566228 0.219587 27.9991 22.1373 -13 9379 1 0 1
0.172351 2.52997 1700 -0.0741575 -0.29885 27.9983 22.1379 -13 9380 1 0 1
-0.267265 -2.63652 1700 0.12368 0.294429 27.9982 22.1377 -13 9381 1 0 1
1.70712 -1.80664 1700 0.12227 0.0970789 27.9996 22.1369 -13 9382 1 0 1
-0.14824 -4.01187 1700 0.207735 0.121842 27.999 22.1373 -13 9383 1 0 1
-0.165503 -0.402732 1700 0.0472289 0.0745166 27.9999 22.1367 -13 9384 1 0 1
4.76013 1.97113 1700 0.0241404 -0.0496919 27.9999 22.1368 -13 9385 1 0 1
-0.810021 -4.36245 1700 0.346821 0.459521 27.9941 22.1402 -13 9386 1 0 1
0.942609 -0.826129 1700 -0.0133166 -0.0466797 28 22.1367 -13 9387 1 0 1
1.27113 -3.13662 1700 0.185836 0.481958 27.9952 22.1395 -13 9388 1 0 1
1.25965 -0.760911 1700 0.0586264 -0.129941 27.9996 22.1368 -13 9389 1 0 1
0.794493 3.31172 1700 0.174679 0.00507627 27.9995 22.1369 -13 9390 1 0 1
-3.56321 1.213 1700 0.0964025 0.000149451 27.9998 22.1368 -13 9391 1 0 1
1.57296 -0.393074 1700 0.142116 0.37843 27.9971 22.1383 -13 9392 1 0 1
1.5386 -2.48501 1700 0.207284 0.288211 27.9977 22.138 -13 9393 1 0 1
1.47722 -2.2662 1700 0.090465 0.200316 27.9991 22.1372 -13 9394 1 0 1
-2.45221 -0.223177 1700 0.0289777 -0.189121 27.9993 22.1372 -13 9395 1 0 1
-0.10594 2.13027 1700 0.0792939 0.130648 27.9996 22.1368 -13 9396 1 0 1
-3.41526 -2.77074 1700 0.251903 0.17885 27.9983 22.1377 -13 9397 1 0 1
-2.12392 2.96348 1700 0.0306646 -0.551872 27.9945 22.1402 -13 9398 1 0 1
-1.77594 5.05345 1700 -0.417705 -0.515708 27.9921 22.1423 -13 9399 1 0 1
2.04593 1.50664 1700 -0.173237 0.0641282 27.9994 22.1373 -13 9400 1 0 1
0.570377 0.580679 1700 0.104273 -0.0330749 27.9998 22.1367 -13 9401 1 0 1
-2.0057 -7.45667 1700 0.606542 0.816572 27.9815 22.148 -13 9402 1 0 1
1.13672 0.638128 1700 0.0852412 0.0577869 27.9998 22.1367 -13 9403 1 0 1
-5.26128 -5.94013 1700 0.37148 0.313272 27.9958 22.1394 -13 9404 1 0 1
-0.760993 -0.0320516 1700 0.211826 0.171699 27.9987 22.1373 -13 9405 1 0 1
3.86347 8.07677 1700 -0.317866 -0.515369 27.9935 22.1416 -13 9406 1 0 1
4.2406 -1.41442 1700 -0.113625 0.0171976 27.9998 22.137 -13 9407 1 0 1
2.23034 -3.78271 1700 0.320267 0.48645 27.9939 22.1404 -13 9408 1 0 1
1.37167 0.769602 1700 -0.19722 -0.000900661 27.9993 22.1373 -13 9409 1 0 1
0.599461 -3.64853 1700 0.321311 0.38982 27.9954 22.1394 -13 9410 1 0 1
-0.161202 -4.21667 1700 0.096358 0.336764 27.9978 22.138 -13 9411 1 0 1
0.387231 -3.54618 1700 0.0894495 0.406478 27.9969 22.1386 -13 9412 1 0 1
-3.07157 -5.87384 1700 0.392083 0.29216 27.9957 22.1394 -13 9413 1 0 1
-2.00564 -0.803936 1700 0.0928213 -0.0431598 27.9998 22.1368 -13 9414 1 0 1
0.115652 -3.14952 1700 0.135362 -0.0888309 27.9995 22.1369 -13 9415 1 0 1
1.58481 1.93695 1700 0.0475774 0.0858396 27.9998 22.1368 -13 9416 1 0 1
-2.01315 -1.45876 1700 0.110715 0.0503775 27.9997 22.1368 -13 9417 1 0 1
1.40534 3.99919 1700 -0.341777 -0.232589 27.9969 22.1391 -13 9418 1 0 1
-2.29216 -1.83543 1700 0.113406 0.096469 27.9996 22.1369 -13 9419 1 0 1
-1.81783 -5.07343 1700 -0.00242225 0.0128744 28 22.1368 -13 9420 1 0 1
-1.7856 -1.67092 1700 0.33107 0.255469 27.9969 22.1383 -13 9421 1 0 1
-0.517159 -3.30194 1700 0.148841 0.2294 27.9987 22.1375 -13 9422 1 0 1
0.5778 0.741418 1700 0.02152 0.137465 27.9997 22.1369 -13 9423 1 0 1
0.24873 0.560979 1700 -0.126788 -0.150605 27.9993 22.1372 -13 9424 1 0 1
-0.566813 1.03074 1700 0.104422 -0.0625266 27.9997 22.1368 -13 9425 1 0 1
-0.270103 2.43415 1700 -0.156517 -0.405236 27.9966 22.139 -13 9426 1 0 1
-2.84852 2.35431 1700 0.0270501 -0.370806 27.9975 22.1384 -13 9427 1 0 1
2.35013 -4.51484 1700 0.102537 0.340374 27.9977 22.1382 -13 9428 1 0 1
-0.580821 0.696145 1700 0.127846 0.0955512 27.9995 22.1368 -13 9429 1 0 1
1.98072 -0.267828 1700 0.00550422 0.0712152 27.9999 22.1368 -13 9430 1 0 1
1.18156 6.23334 1700 -0.343732 -0.473195 27.9939 22.1412 -13 9431 1 0 1
1.94303 3.1296 1700 -0.0377462 -0.13376 27.9997 22.137 -13 9432 1 0 1
1.15088 -8.09758 1700 0.339819 0.500713 27.9935 22.1412 -13 9433 1 0 1
-2.96474 1.51839 1700 0.0176934 -0.189221 27.9994 22.1372 -13 9434 1 0 1
-2.61139 -5.08127 1700 0.0821955 -0.0672829 27.9998 22.137 -13 9435 1 0 1
-5.37777 -3.15012 1700 0.255443 0.407679 27.9959 22.139 -13 9436 1 0 1
2.23211 5.70761 1700 -0.252395 -0.633915 27.9917 22.1422 -13 9437 1 0 1
2.03309 5.676 1700 -0.220874 -0.549831 27.9937 22.141 -13 9438 1 0 1
0.345476 -0.553528 1700 0.0753559 0.0593803 27.9998 22.1367 -13 9439 1 0 1
2.37679 -0.789867 1700 0.0955829 -0.133671 27.9995 22.1369 -13 9440 1 0 1
-2.1187 -4.35632 1700 0.216535 -0.00892186 27.9992 22.1373 -13 9441 1 0 1
1.06241 6.50571 1700 -0.425586 -0.482508 27.9926 22.1421 -13 9442 1 0 1
-3.41366 -1.97567 1700 0.174683 0.173559 27.9989 22.1373 -13 9443 1 0 1
0.442663 -1.20629 1700 -0.172303 -0.0909573 27.9993 22.1372 -13 9444 1 0 1
3.43366 7.34938 1700 -0.363661 -0.738874 27.9879 22.1448 -13 9445 1 0 1
-2.00715 1.58504 1700 0.190507 0.116803 27.9991 22.137 -13 9446 1 0 1
1.83338 0.665705 1700 -0.0169307 0.0404272 28 22.1367 -13 9447 1 0 1
0.810019 4.04414 1700 -0.203663 -0.498038 27.9948 22.1402 -13 9448 1 0 1
2.16112 -2.83106 1700 -0.019801 -0.0664008 27.9999 22.1368 -13 9449 1 0 1
2.77907 0.491503 1700 -0.0724184 -0.0612307 27.9998 22.1369 -13 9450 1 0 1
0.645517 -0.00106403 1700 0.00872881 0.0349811 28 22.1367 -13 9451 1 0 1
-3.46358 -2.74875 1700 0.155611 0.142801 27.9992 22.1371 -13 9452 1 0 1
-0.640688 -0.980296 1700 -0.152247 -0.0661306 27.9995 22.1371 -13 9453 1 0 1
5.06573 1.78479 1700 -0.0175267 0.0895869 27.9999 22.137 -13 9454 1 0 1
-0.873348 1.48693 1700 0.0398331 -0.151578 27.9996 22.137 -13 9455 1 0 1
-4.92829 -5.51418 1700 0.378605 0.240309 27.9964 22.1391 -13 9456 1 0 1
-0.801838 -2.65888 1700 0.277356 0.179603 27.9981 22.1377 -13 9457 1 0 1
-1.03678 3.96143 1700 -0.120423 -0.143847 27.9994 22.1374 -13 9458 1 0 1
-0.419759 -3.15037 1700 0.298169 0.126408 27.9981 22.1377 -13 9459 1 0 1
2.23034 4.93457 1700 -0.251238 -0.297378 27.9973 22.1388 -13 9460 1 0 1
-1.10798 2.26429 1700 -0.100592 -0.333641 27.9978 22.1382 -13 9461 1 0 1
-0.390378 2.80736 1700 -0.183706 -0.186023 27.9988 22.1377 -13 9462 1 0 1
-4.80614 -5.36125 1700 0.211745 0.105739 27.999 22.1375 -13 9463 1 0 1
4.17689 3.43065 1700 -0.202766 -0.138978 27.9989 22.1377 -13 9464 1 0 1
1.32774 -1.67472 1700 0.101446 -0.102578 27.9996 22.1368 -13 9465 1 0 1
-2.17891 0.45151 1700 -0.0153326 -0.369554 27.9976 22.1383 -13 9466 1 0 1
7.2762 5.00212 1700 -0.493236 -0.626318 27.9886 22.1442 -13 9467 1 0 1
2.19965 -2.56528 1700 -0.0350131 0.0687642 27.9999 22.1368 -13 9468 1 0 1
2.03584 -0.383007 1700 0.0480485 -0.169747 27.9994 22.1369 -13 9469 1 0 1
-0.766025 3.14237 1700 -0.18074 -0.450287 27.9958 22.1396 -13 9470 1 0 1
0.538277 -6.74634 1700 0.166096 0.289931 27.998 22.1382 -13 9471 1 0 1
-1.09334 3.06394 1700 0.114557 -0.102881 27.9996 22.1369 -13 9472 1 0 1
-4.93664 -3.44162 1700 0.244428 0.342209 27.9968 22.1385 -13 9473 1 0 1
1.06997 -3.22039 1700 0.164778 0.156767 27.9991 22.1372 -13 9474 1 0 1
1.87137 -3.00154 1700 0.133692 0.30295 27.998 22.1379 -13 9475 1 0 1
-0.51256 0.0581673 1700 0.148582 0.169377 27.9991 22.1371 -13 9476 1 0 1
0.334619 4.10247 1700 -0.246971 -0.294424 27.9974 22.1387 -13 9477 1 0 1
-1.53777 -4.66936 1700 0.212872 0.074447 27.9991 22.1373 -13 9478 1 0 1
-2.25046 -0.64965 1700 0.0985508 0.0729496 27.9997 22.1368 -13 9479 1 0 1
-4.01968 -1.64948 1700 0.138711 0.193514 27.999 22.1372 -13 9480 1 0 1
-0.0701047 1.46077 1700 -0.0982058 -0.383788 27.9972 22.1385 -13 9481 1 0 1
0.196343 0.153477 1700 0.0434563 0.235593 27.999 22.1372 -13 9482 1 0 1
1.53773 1.37875 1700 -0.183161 -0.333282 27.9974 22.1384 -13 9483 1 0 1
2.05952 -1.10741 1700 0.223819 0.14392 27.9987 22.1373 -13 9484 1 0 1
-3.07348 -1.59424 1700 0.107217 -0.00432284 27.9998 22.1368 -13 9485 1 0 1
4.48934 1.93527 1700 -0.204248 -0.380799 27.9967 22.1388 -13 9486 1 0 1
-1.31815 0.317948 1700 -0.0630873 -0.161907 27.9995 22.1371 -13 9487 1 0 1
-3.07394 -4.59444 1700 0.057853 0.133962 27.9996 22.137 -13 9488 1 0 1
1.30033 0.215516 1700 -0.0563916 -0.145767 27.9996 22.137 -13 9489 1 0 1
-2.17964 -2.65441 1700 -0.000757776 -0.156094 27.9996 22.137 -13 9490 1 0 1
2.78119 3.30532 1700 -0.148707 -0.361012 27.9973 22.1385 -13 9491 1 0 1
2.89822 0.583871 1700 0.100395 0.131484 27.9995 22.137 -13 9492 1 0 1
1.21784 -3.31911 1700 0.214004 0.178839 27.9986 22.1375 -13 9493 1 0 1
-2.43354 1.05113 1700 -0.115258 -0.0406757 27.9997 22.137 -13 9494 1 0 1
1.329 -1.53424 1700 -0.050785 -0.00892573 28 22.1367 -13 9495 1 0 1
-1.05092 2.19905 1700 0.0379296 -0.178421 27.9994 22.1371 -13 9496 1 0 1
-0.232228 1.16493 1700 0.173929 -0.0344249 27.9994 22.1369 -13 9497 1 0 1
1.3137 0.708192 1700 -0.100746 -0.157879 27.9994 22.1371 -13 9498 1 0 1
1.1756 5.37689 1700 -0.00105661 -0.116115 27.9998 22.137 -13 9499 1 0 1
-0.401984 -4.31683 1700 0.0689551 0.0766122 27.9998 22.1369 -13 9500 1 0 1
4.84456 4.99298 1700 -0.107968 -0.223609 27.9989 22.1377 -13 9501 1 0 1
-5.57926 -3.57788 1700 0.284712 0.142883 27.9982 22.1379 -13 9502 1 0 1
3.78054 0.315135 1700 -0.0733916 -0.136578 27.9996 22.137 -13 9503 1 0 1
5.75801 8.18979 1700 -0.480797 -0.622203 27.989 22.1446 -13 9504 1 0 1
-1.23376 3.32834 1700 -0.0223795 -0.174666 27.9994 22.1372 -13 9505 1 0 1
0.487001 -3.76438 1700 0.273524 0.303541 27.997 22.1385 -13 9506 1 0 1
-2.53099 0.993881 1700 0.0586618 -0.0414746 27.9999 22.1368 -13 9507 1 0 1
2.52234 0.817608 1700 -0.0143629 -0.246983 27.9989 22.1373 -13 9508 1 0 1
-1.51475 -0.333465 1700 0.11053 0.194724 27.9991 22.1371 -13 9509 1 0 1
-5.41253 -2.43415 1700 0.379877 0.0232853 27.9974 22.1383 -13 9510 1 0 1
-1.06616 -0.252729 1700 -0.100089 0.12713 27.9995 22.137 -13 9511 1 0 1
0.383598 1.46469 1700 -0.0113398 -0.0986765 27.9998 22.1368 -13 9512 1 0 1
-3.13397 -2.35557 1700 0.0893642 0.0933202 27.9997 22.1369 -13 9513 1 0 1
-2.80301 -1.82797 1700 0.294542 0.250208 27.9973 22.1381 -13 9514 1 0 1
-1.54469 0.379081 1700 0.0670986 0.191666 27.9993 22.137 -13 9515 1 0 1
-1.00325 0.299651 1700 -0.0384066 0.0765512 27.9999 22.1368 -13 9516 1 0 1
-1.80994 -0.431957 1700 0.0315619 -0.358514 27.9977 22.1381 -13 9517 1 0 1
2.23322 0.705556 1700 -0.0717902 -0.197679 27.9992 22.1372 -13 9518 1 0 1
-2.5546 -2.9442 1700 -0.0223858 0.380037 27.9974 22.1381 -13 9519 1 0 1
-1.02647 3.68713 1700 -0.19992 -0.169232 27.9988 22.1378 -13 9520 1 0 1
4.77393 4.86278 1700 -0.136651 -0.227205 27.9987 22.1378 -13 9521 1 0 1
1.43781 -2.66321 1700 0.095422 0.19839 27.9991 22.1372 -13 9522 1 0 1
5.1712 0.825065 1700 -0.116988 -0.137827 27.9994 22.1372 -13 9523 1 0 1
0.315953 -2.44888 1700 0.160437 0.153695 27.9991 22.1372 -13 9524 1 0 1
2.94509 5.72289 1700 -0.239738 -0.591532 27.9927 22.1416 -13 9525 1 0 1
5.89722 3.97542 1700 -0.202553 -0.371897 27.9968 22.139 -13 9526 1 0 1
0.862092 3.06203 1700 -0.163946 -0.10982 27.9993 22.1374 -13 9527 1 0 1
-0.391965 0.851652 1700 0.0354643 0.0217595 28 22.1367 -13 9528 1 0 1
3.68783 1.53049 1700 -0.190743 -0.0537404 27.9993 22.1374 -13 9529 1 0 1
-3.23854 -0.806644 1700 0.313398 0.112715 27.998 22.1377 -13 9530 1 0 1
0.20343 2.37628 1700 -0.0271571 0.0362306 28 22.1368 -13 9531 1 0 1
1.70069 2.60093 1700 -0.0142997 -0.213738 27.9992 22.1372 -13 9532 1 0 1
-0.741212 0.200339 1700 -0.0306369 0.0250969 28 22.1367 -13 9533 1 0 1
-0.313182 -0.810386 1700 -0.144654 -0.237152 27.9986 22.1376 -13 9534 1 0 1
1.65831 -4.82304 1700 0.181639 0.465163 27.9955 22.1395 -13 9535 1 0 1
0.260029 -0.447469 1700 0.0424181 0.0881986 27.9998 22.1367 -13 9536 1 0 1
2.03441 0.155379 1700 -0.0116135 -0.197218 27.9993 22.1371 -13 9537 1 0 1
1.08708 3.41625 1700 -0.105859 -0.182361 27.9992 22.1374 -13 9538 1 0 1
-5.10332 -1.17085 1700 0.35968 0.250221 27.9966 22.1385 -13 9539 1 0 1
5.76098 -1.36729 1700 -0.0808271 0.209789 27.9991 22.1376 -13 9540 1 0 1
3.47959 1.47458 1700 -0.126133 -0.309847 27.998 22.138 -13 9541 1 0 1
2.64563 -1.46393 1700 0.125217 0.441025 27.9962 22.139 -13 9542 1 0 1
-1.86798 -1.38713 1700 0.255696 0.302191 27.9972 22.1381 -13 9543 1 0 1
0.326397 -0.838988 1700 -0.0289369 0.0294112 28 22.1367 -13 9544 1 0 1
-0.163916 0.841544 1700 0.180329 0.0164362 27.9994 22.1369 -13 9545 1 0 1
4.15864 2.85052 1700 0.0552986 0.169777 27.9994 22.1371 -13 9546 1 0 1
-2.70274 -2.0601 1700 0.15889 0.0429282 27.9995 22.137 -13 9547 1 0 1
0.263033 3.51241 1700 -0.153755 -0.0041966 27.9996 22.1372 -13 9548 1 0 1
-2.85804 -3.11209 1700 0.1801 0.0331041 27.9994 22.1371 -13 9549 1 0 1
-1.9224 3.42843 1700 -0.131147 -0.271967 27.9984 22.138 -13 9550 1 0 1
-4.25373 -3.24221 1700 0.137452 0.258341 27.9985 22.1376 -13 9551 1 0 1
-0.0561782 1.7308 1700 0.0679743 0.0718556 27.9998 22.1367 -13 9552 1 0 1
-3.17016 -5.7327 1700 0.238727 0.196131 27.9983 22.1379 -13 9553 1 0 1
-1.79414 -2.26133 1700 0.105637 0.283546 27.9984 22.1376 -13 9554 1 0 1
-0.212588 1.37647 1700 0.0508337 0.152995 27.9995 22.1369 -13 9555 1 0 1
0.633753 1.73248 1700 -0.0315081 -0.275755 27.9986 22.1376 -13 9556 1 0 1
-1.54333 0.929785 1700 -0.075505 -0.16236 27.9994 22.1371 -13 9557 1 0 1
0.0613128 -0.910666 1700 0.195709 0.278242 27.9979 22.1378 -13 9558 1 0 1
1.75048 -1.17605 1700 0.0380107 0.0953056 27.9998 22.1368 -13 9559 1 0 1
0.190101 4.61407 1700 -0.0705843 -0.0263323 27.9999 22.137 -13 9560 1 0 1
1.80351 1.90425 1700 -0.0417918 -0.164499 27.9995 22.1371 -13 9561 1 0 1
-1.25181 -1.31354 1700 0.118747 -0.0785323 27.9996 22.1369 -13 9562 1 0 1
-2.26662 -1.56011 1700 0.0578394 0.0815186 27.9998 22.1368 -13 9563 1 0 1
2.86775 6.22932 1700 -0.446292 -0.531292 27.9914 22.1428 -13 9564 1 0 1
1.96658 1.53879 1700 0.00352766 0.130637 27.9997 22.1369 -13 9565 1 0 1
-1.28229 -1.44366 1700 0.0909883 -0.012372 27.9998 22.1367 -13 9566 1 0 1
1.64222 1.93085 1700 -0.0363781 0.139036 27.9996 22.137 -13 9567 1 0 1
-4.0151 -0.779424 1700 0.135746 0.0927823 27.9995 22.1369 -13 9568 1 0 1
1.64441 1.92329 1700 0.0455954 0.0748878 27.9999 22.1368 -13 9569 1 0 1
-1.468 -3.33704 1700 0.216108 0.362922 27.9968 22.1385 -13 9570 1 0 1
2.17068 0.19747 1700 -0.0351416 -0.0404746 27.9999 22.1368 -13 9571 1 0 1
-3.05913 -2.86195 1700 0.279042 0.353724 27.9964 22.1387 -13 9572 1 0 1
0.653932 -1.92389 1700 0.0524468 0.0999132 27.9998 22.1368 -13 9573 1 0 1
0.340492 3.31377 1700 -0.160321 -0.294182 27.998 22.1382 -13 9574 1 0 1
-4.22826 1.53838 1700 0.206167 -0.0570802 27.9992 22.1372 -13 9575 1 0 1
-0.704697 2.30339 1700 -0.0571677 -0.0507234 27.9999 22.1369 -13 9576 1 0 1
-0.566284 -3.57305 1700 0.40423 0.255833 27.9959 22.139 -13 9577 1 0 1
1.50638 -2.16219 1700 0.0931881 0.271371 27.9985 22.1376 -13 9578 1 0 1
3.59036 0.917517 1700 -0.0344128 -0.371759 27.9975 22.1381 -13 9579 1 0 1
0.116277 -2.28385 1700 0.0813252 -0.0513833 27.9998 22.1368 -13 9580 1 0 1
3.16677 2.40609 1700 -0.0467636 -0.279514 27.9986 22.1376 -13 9581 1 0 1
-1.70104 2.1526 1700 0.138928 -0.210686 27.9989 22.1374 -13 9582 1 0 1
3.42696 7.69731 1700 -0.224286 -0.440837 27.9956 22.1401 -13 9583 1 0 1
-1.7148 1.88729 1700 -0.15935 -0.182313 27.999 22.1375 -13 9584 1 0 1
2.22574 -2.32104 1700 0.160258 0.111092 27.9993 22.1371 -13 9585 1 0 1
0.594915 3.48584 1700 0.00184456 -0.038691 28 22.1368 -13 9586 1 0 1
0.477805 -5.25509 1700 0.262198 0.40774 27.9958 22.1393 -13 9587 1 0 1
0.262461 -5.27905 1700 0.204199 0.682803 27.9909 22.1422 -13 9588 1 0 1
0.632018 -1.2298 1700 0.113828 0.19463 27.9991 22.1372 -13 9589 1 0 1
3.93805 3.81153 1700 -0.156846 -0.457872 27.9958 22.1394 -13 9590 1 0 1
1.08277 -0.579615 1700 -0.0270789 0.0671275 27.9999 22.1368 -13 9591 1 0 1
0.0162862 0.27624 1700 0.120741 0.307553 27.9981 22.1377 -13 9592 1 0 1
1.25834 2.96643 1700 -0.127277 -0.194703 27.999 22.1375 -13 9593 1 0 1
1.10259 -4.34533 1700 0.256406 0.469104 27.9949 22.1398 -13 9594 1 0 1
4.45783 -2.64866 1700 0.14629 0.234191 27.9986 22.1377 -13 9595 1 0 1
4.73171 5.02976 1700 -0.194513 -0.464517 27.9955 22.1398 -13 9596 1 0 1
1.18476 4.43655 1700 -0.175444 -0.503959 27.9949 22.1401 -13 9597 1 0 1
-1.66165 0.806145 1700 0.184284 -0.0339464 27.9994 22.1369 -13 9598 1 0 1
0.110665 -6.48902 1700 0.368317 0.449279 27.994 22.1406 -13 9599 1 0 1
-0.937515 -2.67146 1700 0.0824399 0.0992735 27.9997 22.1368 -13 9600 1 0 1
2.91361 0.503546 1700 0.0319385 -0.0750055 27.9999 22.1367 -13 9601 1 0 1
-3.42278 0.16492 1700 -0.0681594 -0.332421 27.9979 22.1382 -13 9602 1 0 1
0.36526 3.4238 1700 -0.241821 -0.251649 27.9978 22.1384 -13 9603 1 0 1
-2.47367 2.25365 1700 -0.0370063 -0.0612948 27.9999 22.1369 -13 9604 1 0 1
-2.25867 -3.38421 1700 0.409262 0.0581213 27.9969 22.1385 -13 9605 1 0 1
-0.243237 0.491984 1700 -0.0473179 -0.116756 27.9997 22.1369 -13 9606 1 0 1
2.62837 -2.69417 1700 0.177573 0.218375 27.9986 22.1376 -13 9607 1 0 1
-1.18276 -6.60809 1700 0.241072 0.25908 27.9978 22.1383 -13 9608 1 0 1
-0.665728 -3.14488 1700 0.203192 0.0416712 27.9992 22.1371 -13 9609 1 0 1
4.32356 -3.86174 1700 0.0812283 0.0528549 27.9998 22.1369 -13 9610 1 0 1
7.69996 5.55978 1700 -0.376528 -0.403751 27.9946 22.1408 -13 9611 1 0 1
1.81472 3.21972 1700 -0.0374555 -0.0977585 27.9998 22.1369 -13 9612 1 0 1
-1.05962 -0.474055 1700 0.183533 0.0998197 27.9992 22.137 -13 9613 1 0 1
-6.84989 -1.10931 1700 0.100723 0.0555036 27.9998 22.137 -13 9614 1 0 1
3.41639 -2.98533 1700 0.0100447 0.192055 27.9993 22.1373 -13 9615 1 0 1
0.951544 0.603559 1700 0.0721095 -0.13631 27.9996 22.1369 -13 9616 1 0 1
0.9188 0.186075 1700 0.107603 0.0513691 27.9997 22.1367 -13 9617 1 0 1
-0.0720605 1.60522 1700 0.117509 0.292836 27.9982 22.1376 -13 9618 1 0 1
-0.751946 3.08882 1700 0.0117606 -0.264592 27.9987 22.1376 -13 9619 1 0 1
-2.36934 -1.01306 1700 0.0549873 -0.217896 27.9991 22.1373 -13 9620 1 0 1
-0.504129 -1.99999 1700 -0.00170147 -0.0153749 28 22.1367 -13 9621 1 0 1
3.50396 1.436 1700 0.108701 0.0695848 27.9997 22.1368 -13 9622 1 0 1
1.74015 4.36043 1700 -0.147928 -0.304649 27.998 22.1382 -13 9623 1 0 1
-0.487515 -1.23961 1700 0.062772 -0.0394798 27.9999 22.1367 -13 9624 1 0 1
1.29724 5.30941 1700 -0.21172 -0.271359 27.9979 22.1385 -13 9625 1 0 1
-4.33875 -0.498755 1700 0.271963 0.2389 27.9977 22.1379 -13 9626 1 0 1
-0.0398881 1.76403 1700 0.134794 -0.0484405 27.9996 22.1368 -13 9627 1 0 1
0.466628 1.25203 1700 0.057484 -0.0383366 27.9999 22.1367 -13 9628 1 0 1
2.28257 -3.42308 1700 0.0200934 -0.312706 27.9982 22.1376 -13 9629 1 0 1
3.09662 4.30361 1700 -0.0333541 -0.0687222 27.9999 22.137 -13 9630 1 0 1
4.99108 5.9989 1700 -0.324342 -0.241044 27.9971 22.1393 -13 9631 1 0 1
3.39911 -0.82915 1700 0.0100916 0.0420332 28 22.1368 -13 9632 1 0 1
1.54429 0.267961 1700 0.0671894 0.0199356 27.9999 22.1367 -13 9633 1 0 1
-0.505001 -1.04217 1700 0.111171 0.403421 27.9969 22.1384 -13 9634 1 0 1
-3.42195 -4.88351 1700 0.158642 0.379067 27.997 22.1385 -13 9635 1 0 1
1.65994 -0.497743 1700 -0.0791189 -0.125243 27.9996 22.137 -13 9636 1 0 1
-2.62854 -3.3785 1700 0.12212 0.0722215 27.9996 22.1369 -13 9637 1 0 1
1.92847 0.927074 1700 0.0948534 0.0460209 27.9998 22.1367 -13 9638 1 0 1
0.0667043 7.7918 1700 -0.355096 -0.697687 27.9891 22.1444 -13 9639 1 0 1
0.675247 2.49339 1700 0.0466576 -0.000809363 28 22.1367 -13 9640 1 0 1
1.44736 5.54709 1700 -0.294482 -0.699981 27.9897 22.1435 -13 9641 1 0 1
-4.01726 -0.390943 1700 0.275007 0.390508 27.9959 22.1387 -13 9642 1 0 1
0.141256 0.0712561 1700 0.0110702 -0.297739 27.9984 22.1376 -13 9643 1 0 1
-2.298 4.04338 1700 -0.0373388 -0.259965 27.9988 22.1377 -13 9644 1 0 1
4.3215 5.49394 1700 -0.240934 -0.328729 27.997 22.139 -13 9645 1 0 1
-0.452084 1.3318 1700 0.207842 -0.123449 27.999 22.1371 -13 9646 1 0 1
-2.78273 -4.77727 1700 0.277616 0.489014 27.9944 22.14 -13 9647 1 0 1
2.68437 -3.99747 1700 0.112854 0.41531 27.9967 22.1389 -13 9648 1 0 1
0.384519 3.34129 1700 -0.189097 -0.330537 27.9974 22.1386 -13 9649 1 0 1
-2.54287 2.38633 1700 0.0191736 0.140983 27.9996 22.1369 -13 9650 1 0 1
-3.85965 2.56628 1700 0.230667 0.0387049 27.999 22.1371 -13 9651 1 0 1
1.29118 4.09062 1700 -0.0722935 -0.197024 27.9992 22.1374 -13 9652 1 0 1
1.5199 2.7294 1700 -0.106723 -0.0916341 27.9996 22.1371 -13 9653 1 0 1
-3.69762 2.41276 1700 -0.0223029 -0.387494 27.9973 22.1387 -13 9654 1 0 1
-1.73019 -2.17495 1700 0.163097 0.336322 27.9975 22.138 -13 9655 1 0 1
1.90211 5.1878 1700 -0.134102 -0.221446 27.9988 22.1378 -13 9656 1 0 1
-1.06733 -0.578331 1700 0.0695381 0.119957 27.9997 22.1368 -13 9657 1 0 1
-3.46599 -3.48917 1700 0.304467 0.465608 27.9945 22.1398 -13 9658 1 0 1
-1.28883 -2.81611 1700 0.185063 0.50665 27.9948 22.1396 -13 9659 1 0 1
-2.94346 -5.79389 1700 0.322905 0.103517 27.9979 22.1381 -13 9660 1 0 1
0.0353887 5.00879 1700 -0.0873901 -0.524035 27.995 22.1401 -13 9661 1 0 1
-2.11077 -1.76964 1700 0.233546 0.156823 27.9986 22.1374 -13 9662 1 0 1
-2.5005 0.961408 1700 0.0718746 -0.240587 27.9989 22.1374 -13 9663 1 0 1
0.368506 5.97652 1700 -0.12341 -0.470171 27.9958 22.1397 -13 9664 1 0 1
0.289091 -2.41861 1700 0.0553313 0.0610998 27.9999 22.1367 -13 9665 1 0 1
3.22618 2.44157 1700 -0.0279347 -0.120929 27.9997 22.1369 -13 9666 1 0 1
2.51292 6.8968 1700 -0.244708 -0.289776 27.9974 22.139 -13 9667 1 0 1
-2.37205 1.81761 1700 -0.172191 -0.169888 27.999 22.1376 -13 9668 1 0 1
-1.98894 -2.94314 1700 0.177586 0.298409 27.9978 22.1379 -13 9669 1 0 1
-0.901642 2.86893 1700 0.00788832 -0.10338 27.9998 22.1369 -13 9670 1 0 1
2.08359 -5.11887 1700 0.257527 0.533276 27.9937 22.1407 -13 9671 1 0 1
0.909839 0.812139 1700 -0.0772308 -0.242822 27.9988 22.1374 -13 9672 1 0 1
-0.585772 -1.7489 1700 -0.042933 -0.00212311 28 22.1367 -13 9673 1 0 1
3.94937 -0.880659 1700 -0.0119449 0.199472 27.9993 22.1373 -13 9674 1 0 1
-0.504935 0.624667 1700 -0.035109 -0.107604 27.9998 22.1369 -13 9675 1 0 1
2.92353 1.05583 1700 0.000492216 -0.0932485 27.9998 22.1368 -13 9676 1 0 1
1.7326 -6.20841 1700 0.317601 0.371858 27.9957 22.1396 -13 9677 1 0 1
-5.19005 1.13685 1700 0.180533 -0.336861 27.9974 22.1386 -13 9678 1 0 1
1.38513 2.42047 1700 -0.0923094 -0.229575 27.9989 22.1375 -13 9679 1 0 1
-4.04653 -3.5491 1700 0.271058 0.163352 27.9982 22.1378 -13 9680 1 0 1
-2.53028 -2.32777 1700 0.209787 0.222874 27.9983 22.1376 -13 9681 1 0 1
0.518333 -1.76202 1700 -0.0248437 0.210648 27.9992 22.1372 -13 9682 1 0 1
0.713995 -3.56892 1700 0.0747776 0.147582 27.9995 22.137 -13 9683 1 0 1
-2.20709 -1.71303 1700 0.244374 0.136582 27.9986 22.1374 -13 9684 1 0 1
-1.38557 -1.65873 1700 0.150596 0.0856277 27.9995 22.1369 -13 9685 1 0 1
-4.18901 -2.05095 1700 0.235677 0.216868 27.9982 22.1377 -13 9686 1 0 1
0.423299 -0.773261 1700 -0.0215588 0.0775702 27.9999 22.1368 -13 9687 1 0 1
-2.29712 0.00336161 1700 -0.0167861 -0.100827 27.9998 22.1369 -13 9688 1 0 1
0.203802 -3.65309 1700 0.272275 0.191322 27.998 22.1379 -13 9689 1 0 1
0.604393 3.44179 1700 -0.227733 -0.497514 27.9947 22.1402 -13 9690 1 0 1
1.92741 -3.55632 1700 0.108375 0.387212 27.9971 22.1385 -13 9691 1 0 1
-0.4116 2.92247 1700 0.0476212 0.0610885 27.9999 22.1367 -13 9692 1 0 1
0.47646 0.05575 1700 -0.112967 -0.12088 27.9995 22.1371 -13 9693 1 0 1
-2.77569 -0.499508 1700 0.124395 0.30716 27.998 22.1376 -13 9694 1 0 1
-3.61325 -1.64473 1700 0.254146 0.433452 27.9955 22.1391 -13 9695 1 0 1
-1.72129 -2.26618 1700 0.32798 0.365726 27.9957 22.139 -13 9696 1 0 1
-3.34516 -4.40767 1700 0.367407 0.235419 27.9966 22.1388 -13 9697 1 0 1
-3.03271 1.93278 1700 0.155147 0.101096 27.9994 22.1369 -13 9698 1 0 1
-1.64767 -7.42454 1700 0.382774 0.416598 27.9943 22.1405 -13 9699 1 0 1
-3.96674 -2.30996 1700 0.218914 0.0729326 27.999 22.1373 -13 9700 1 0 1
-1.81249 3.06668 1700 0.0519753 -0.00201001 28 22.1367 -13 9701 1 0 1
-0.714068 -0.434837 1700 0.0684392 0.136728 27.9996 22.1369 -13 9702 1 0 1
-2.22018 -5.5365 1700 0.322926 0.472955 27.9941 22.1403 -13 9703 1 0 1
-1.04579 -1.41711 1700 0.273 0.288589 27.9972 22.1382 -13 9704 1 0 1
1.10076 -1.83867 1700 0.0044741 -0.00983338 28 22.1367 -13 9705 1 0 1
-1.03585 -0.77494 1700 0.0570511 0.225889 27.999 22.1372 -13 9706 1 0 1
-5.38065 -5.65721 1700 0.309383 0.515896 27.9935 22.1406 -13 9707 1 0 1
-0.137725 3.1522 1700 -0.0775372 -0.140839 27.9995 22.1371 -13 9708 1 0 1
1.22892 -0.814831 1700 -0.0516111 0.193612 27.9993 22.1372 -13 9709 1 0 1
1.72348 -3.48645 1700 -0.00505642 0.00925989 28 22.1367 -13 9710 1 0 1
1.36465 -6.04506 1700 0.419691 0.6062 27.9903 22.1428 -13 9711 1 0 1
1.19098 -1.18638 1700 0.0111281 -0.0934032 27.9998 22.1368 -13 9712 1 0 1
-3.47769 0.46001 1700 0.0280055 -0.0667574 27.9999 22.1368 -13 9713 1 0 1
4.37259 4.38318 1700 -0.224011 0.00625611 27.9991 22.1378 -13 9714 1 0 1
3.08852 1.67289 1700 -0.224332 -0.165939 27.9986 22.1378 -13 9715 1 0 1
-1.13181 2.33357 1700 -0.131735 -0.464164 27.9958 22.1394 -13 9716 1 0 1
0.2724 -0.304656 1700 0.0433569 0.134252 27.9996 22.1368 -13 9717 1 0 1
0.0939367 -7.50223 1700 0.416346 0.605596 27.9904 22.1429 -13 9718 1 0 1
3.53601 3.03088 1700 -0.216962 -0.136389 27.9988 22.1378 -13 9719 1 0 1
-1.36453 0.473529 1700 0.134621 -0.0345194 27.9997 22.1368 -13 9720 1 0 1
-3.15263 -0.21356 1700 0.177103 0.0837358 27.9993 22.137 -13 9721 1 0 1
-0.792482 -4.9988 1700 0.217099 -0.0312327 27.9991 22.1373 -13 9722 1 0 1
4.51842 5.40543 1700 -0.212972 -0.243107 27.9981 22.1384 -13 9723 1 0 1
0.167835 0.245492 1700 -0.0106199 -0.0914911 27.9998 22.1368 -13 9724 1 0 1
2.08141 4.18177 1700 -0.162818 -0.236826 27.9985 22.1379 -13 9725 1 0 1
-2.02611 -6.33118 1700 0.240652 0.485106 27.9948 22.14 -13 9726 1 0 1
3.37552 2.02547 1700 -0.165743 -0.233051 27.9985 22.1378 -13 9727 1 0 1
-1.43199 0.767892 1700 0.0103002 -0.0568396 27.9999 22.1367 -13 9728 1 0 1
0.608368 0.165327 1700 -0.115331 -0.116293 27.9995 22.137 -13 9729 1 0 1
1.82248 -3.72296 1700 0.20754 0.143949 27.9989 22.1374 -13 9730 1 0 1
0.463153 -0.735419 1700 0.12688 0.116431 27.9995 22.1369 -13 9731 1 0 1
0.950104 -0.128173 1700 -0.233549 -0.0926256 27.9989 22.1375 -13 9732 1 0 1
1.48826 0.614394 1700 -0.0554264 0.00573432 27.9999 22.1368 -13 9733 1 0 1
1.44591 -0.436901 1700 0.065037 -0.0703829 27.9998 22.1367 -13 9734 1 0 1
0.0689697 -2.85967 1700 0.0142601 0.183671 27.9994 22.1371 -13 9735 1 0 1
2.23245 -2.28375 1700 0.201864 0.287044 27.9978 22.138 -13 9736 1 0 1
4.4397 3.3795 1700 -0.180185 -0.102409 27.9992 22.1375 -13 9737 1 0 1
1.00969 -3.91039 1700 0.145327 0.16198 27.9992 22.1372 -13 9738 1 0 1
4.5449 -0.531218 1700 -0.206229 0.030368 27.9992 22.1374 -13 9739 1 0 1
-0.572872 3.0776 1700 -0.0488179 -0.175575 27.9994 22.1372 -13 9740 1 0 1
3.35154 -1.34519 1700 -0.00962585 0.130853 27.9997 22.137 -13 9741 1 0 1
2.88507 3.0359 1700 -0.230996 -0.0682829 27.999 22.1377 -13 9742 1 0 1
0.164152 5.01428 1700 -0.121963 -0.63017 27.9926 22.1415 -13 9743 1 0 1
-3.07602 1.90745 1700 -0.0918743 -0.57097 27.994 22.1407 -13 9744 1 0 1
-1.52336 -2.42535 1700 -0.0162064 -0.11987 27.9997 22.1369 -13 9745 1 0 1
-1.26763 1.59271 1700 0.122826 0.0518082 27.9997 22.1368 -13 9746 1 0 1
2.70893 0.0667379 1700 0.0316897 0.240268 27.999 22.1374 -13 9747 1 0 1
-2.38113 -0.0218539 1700 0.15111 -0.341454 27.9975 22.1382 -13 9748 1 0 1
2.478 0.510115 1700 -0.0816719 -0.0638489 27.9998 22.1369 -13 9749 1 0 1
-1.9227 2.18848 1700 -0.037027 -0.114385 27.9997 22.137 -13 9750 1 0 1
0.0349405 -3.0414 1700 0.32912 0.231823 27.9971 22.1383 -13 9751 1 0 1
1.00943 -2.53671 1700 0.17343 0.227345 27.9985 22.1375 -13 9752 1 0 1
-1.84091 1.53279 1700 0.0882937 -0.0239238 27.9999 22.1367 -13 9753 1 0 1
0.280512 2.50143 1700 -0.123445 0.0202099 27.9997 22.137 -13 9754 1 0 1
3.15722 2.82991 1700 -0.189323 -0.379819 27.9968 22.1388 -13 9755 1 0 1
0.864727 -3.07656 1700 0.119699 0.19778 27.999 22.1373 -13 9756 1 0 1
-0.859576 -6.55987 1700 0.343431 0.631021 27.9908 22.1424 -13 9757 1 0 1
0.794885 3.71561 1700 -0.260701 -0.753186 27.9887 22.1438 -13 9758 1 0 1
-1.59059 1.78582 1700 0.00849135 -0.180746 27.9994 22.1371 -13 9759 1 0 1
-1.48139 -5.60082 1700 0.394095 0.381195 27.9946 22.14 -13 9760 1 0 1
1.6861 4.63308 1700 -0.29452 -0.315684 27.9967 22.1392 -13 9761 1 0 1
3.95666 2.16016 1700 -0.120029 -0.00516391 27.9997 22.1371 -13 9762 1 0 1
-1.3331 0.722238 1700 0.00253226 -0.183635 27.9994 22.1371 -13 9763 1 0 1
0.254202 0.424367 1700 -0.0500186 0.0090492 28 22.1367 -13 9764 1 0 1
-3.21571 -2.21549 1700 0.339276 0.34565 27.9958 22.139 -13 9765 1 0 1
-0.758237 -1.44208 1700 0.160005 0.334843 27.9975 22.138 -13 9766 1 0 1
-0.743694 0.222111 1700 0.0756026 0.0348455 27.9999 22.1367 -13 9767 1 0 1
-3.31644 -0.641567 1700 0.101498 0.152048 27.9994 22.137 -13 9768 1 0 1
-1.03129 -2.93587 1700 0.0261601 0.0335831 28 22.1367 -13 9769 1 0 1
4.53816 1.62266 1700 -0.182328 -0.121692 27.9991 22.1375 -13 9770 1 0 1
3.46739 2.60353 1700 -0.109597 0.0363036 27.9998 22.1371 -13 9771 1 0 1
-0.414208 5.9138 1700 0.032925 -0.304801 27.9983 22.138 -13 9772 1 0 1
-2.86056 3.18538 1700 0.0381113 0.0773594 27.9999 22.1368 -13 9773 1 0 1
0.968145 4.2585 1700 -0.108809 -0.0620315 27.9997 22.1371 -13 9774 1 0 1
-0.186446 -5.66439 1700 0.151132 0.388081 27.9969 22.1387 -13 9775 1 0 1
0.606982 0.267207 1700 0.0174055 0.213715 27.9992 22.1371 -13 9776 1 0 1
2.47029 5.58993 1700 -0.030821 -0.351792 27.9978 22.1383 -13 9777 1 0 1
2.15004 3.97699 1700 -0.0209383 -0.111097 27.9998 22.137 -13 9778 1 0 1
-0.620406 3.65786 1700 -0.091824 -0.28132 27.9984 22.1379 -13 9779 1 0 1
-0.621744 -4.42833 1700 0.246213 0.334722 27.9969 22.1386 -13 9780 1 0 1
1.39942 0.902993 1700 -0.10456 -0.0595805 27.9997 22.1369 -13 9781 1 0 1
0.497878 4.72732 1700 0.0319158 -0.127723 27.9997 22.137 -13 9782 1 0 1
0.28263 1.28761 1700 -0.0126915 -0.121539 27.9997 22.1369 -13 9783 1 0 1
-1.70822 -2.45079 1700 0.172781 0.141745 27.9991 22.1372 -13 9784 1 0 1
3.01509 1.71998 1700 0.0348364 0.0203866 28 22.1367 -13 9785 1 0 1
-2.02335 -3.21019 1700 0.134043 0.0818233 27.9996 22.137 -13 9786 1 0 1
0.594125 -0.889559 1700 -0.0265364 0.109736 27.9998 22.1368 -13 9787 1 0 1
-1.05974 1.11475 1700 0.0390499 -0.0620276 27.9999 22.1367 -13 9788 1 0 1
-0.879583 4.30768 1700 -0.179534 -0.0810514 27.9993 22.1375 -13 9789 1 0 1
-1.02275 -3.74706 1700 0.00848791 -0.0452411 28 22.1368 -13 9790 1 0 1
-2.42487 -1.98964 1700 0.309515 0.232897 27.9973 22.1381 -13 9791 1 0 1
1.41681 4.0653 1700 -0.0576755 -0.239434 27.9989 22.1375 -13 9792 1 0 1
2.39587 -0.644749 1700 -0.0453429 0.0939388 27.9998 22.1369 -13 9793 1 0 1
-3.5467 -4.66716 1700 0.409169 0.394739 27.9942 22.1401 -13 9794 1 0 1
-1.78213 1.28858 1700 -0.117962 -0.247115 27.9987 22.1377 -13 9795 1 0 1
5.31238 1.62569 1700 -0.264325 -0.141779 27.9984 22.138 -13 9796 1 0 1
-0.537112 1.40391 1700 -0.208923 -0.400928 27.9963 22.1391 -13 9797 1 0 1
2.8087 3.46038 1700 -0.267072 -0.333395 27.9967 22.139 -13 9798 1 0 1
3.15419 5.02461 1700 -0.148692 -0.460529 27.9958 22.1395 -13 9799 1 0 1
-4.01775 -2.20228 1700 0.450476 0.430881 27.9931 22.1405 -13 9800 1 0 1
5.33204 2.13869 1700 -0.240272 -0.236961 27.998 22.1382 -13 9801 1 0 1
-0.983885 1.48526 1700 0.115744 0.269286 27.9985 22.1374 -13 9802 1 0 1
-0.00688097 2.40171 1700 -0.129051 -0.0671566 27.9996 22.1371 -13 9803 1 0 1
4.40158 -0.608523 1700 0.125627 0.0212813 27.9997 22.1368 -13 9804 1 0 1
1.87282 0.919857 1700 -0.0117437 0.0884114 27.9999 22.1368 -13 9805 1 0 1
-1.76825 -0.544424 1700 0.15714 -0.0370674 27.9995 22.1369 -13 9806 1 0 1
-3.68457 -1.16398 1700 0.291141 0.0233887 27.9985 22.1375 -13 9807 1 0 1
4.92703 2.90962 1700 0.026484 0.136853 27.9997 22.1371 -13 9808 1 0 1
-1.28173 -3.01968 1700 0.362187 0.556792 27.9921 22.1412 -13 9809 1 0 1
-3.57373 4.61591 1700 0.0317412 0.101691 27.9998 22.1369 -13 9810 1 0 1
0.972004 1.21308 1700 -0.133132 -0.206464 27.9989 22.1375 -13 9811 1 0 1
0.623025 1.77931 1700 -0.00760267 -0.0135583 28 22.1367 -13 9812 1 0 1
1.46579 -1.55975 1700 0.0755771 0.298768 27.9983 22.1377 -13 9813 1 0 1
3.29365 6.90293 1700 -0.300116 -0.39732 27.9956 22.1402 -13 9814 1 0 1
-0.136601 -3.80919 1700 0.223138 0.330355 27.9972 22.1384 -13 9815 1 0 1
-1.6997 3.23648 1700 0.12317 0.0859219 27.9996 22.1368 -13 9816 1 0 1
-2.00557 -1.01799 1700 0.294288 0.247117 27.9974 22.138 -13 9817 1 0 1
-1.89088 -1.28059 1700 0.223748 0.173804 27.9986 22.1374 -13 9818 1 0 1
-2.81658 -3.41434 1700 0.114544 0.0969894 27.9996 22.137 -13 9819 1 0 1
-2.14179 2.33429 1700 -0.191958 -0.131719 27.999 22.1375 -13 9820 1 0 1
-2.84067 1.0105 1700 0.251106 0.0456636 27.9988 22.1372 -13 9821 1 0 1
2.34057 2.43946 1700 0.0155727 -0.0830866 27.9999 22.1368 -13 9822 1 0 1
1.72131 3.50834 1700 -0.156564 -0.203182 27.9988 22.1377 -13 9823 1 0 1
0.175282 -3.97408 1700 0.215592 0.370632 27.9967 22.1387 -13 9824 1 0 1
4.15199 1.9142 1700 -0.0353813 -0.153484 27.9996 22.137 -13 9825 1 0 1
1.90863 1.71574 1700 -0.161511 -0.0940148 27.9994 22.1373 -13 9826 1 0 1
2.04854 4.68119 1700 -0.303878 -0.585547 27.9922 22.1418 -13 9827 1 0 1
-1.8675 -4.72405 1700 0.120688 0.134243 27.9994 22.1371 -13 9828 1 0 1
-1.4351 -3.95003 1700 0.315653 0.276185 27.9969 22.1385 -13 9829 1 0 1
1.04857 7.10907 1700 -0.101276 -0.325885 27.9979 22.1385 -13 9830 1 0 1
1.29723 -0.159991 1700 -0.0433352 0.0149621 28 22.1367 -13 9831 1 0 1
-0.549915 -1.734 1700 0.132496 0.191727 27.999 22.1372 -13 9832 1 0 1
1.32923 1.05079 1700 0.178372 0.213192 27.9986 22.1373 -13 9833 1 0 1
-3.58377 -1.76459 1700 0.245727 0.149505 27.9985 22.1375 -13 9834 1 0 1
-0.739677 -0.807328 1700 0.180358 0.0651878 27.9993 22.137 -13 9835 1 0 1
3.83407 -0.855604 1700 0.0358028 0.139741 27.9996 22.137 -13 9836 1 0 1
1.66536 1.13529 1700 -0.0898293 -0.0735854 27.9998 22.1369 -13 9837 1 0 1
-5.722 -2.47794 1700 0.190291 -0.0882886 27.9992 22.1374 -13 9838 1 0 1
1.55789 -4.1683 1700 0.140706 -0.0118481 27.9996 22.1369 -13 9839 1 0 1
0.443588 -0.258311 1700 -0.0190096 0.160987 27.9995 22.137 -13 9840 1 0 1
-0.541058 -1.31248 1700 0.213253 0.209533 27.9984 22.1375 -13 9841 1 0 1
-5.13085 -3.03409 1700 0.248438 0.212858 27.9981 22.1378 -13 9842 1 0 1
0.382363 -3.5076 1700 0.157646 0.178261 27.999 22.1373 -13 9843 1 0 1
-2.73779 -1.35003 1700 0.184025 0.0730439 27.9993 22.137 -13 9844 1 0 1
1.7513 3.10732 1700 -0.169977 -0.238262 27.9985 22.1379 -13 9845 1 0 1
-3.8991 -1.37626 1700 0.111265 0.157877 27.9993 22.137 -13 9846 1 0 1
-1.53459 -5.36913 1700 0.380369 0.362183 27.9951 22.1397 -13 9847 1 0 1
-1.11534 -0.151601 1700 0.0187541 -0.158223 27.9995 22.137 -13 9848 1 0 1
2.34971 1.5208 1700 0.041008 0.214561 27.9991 22.1372 -13 9849 1 0 1
-0.353121 2.21405 1700 -0.214489 -0.323558 27.9973 22.1386 -13 9850 1 0 1
0.155188 -5.52568 1700 0.136049 0.0964695 27.9995 22.1371 -13 9851 1 0 1
-0.0761036 5.69176 1700 -0.0436027 -0.2957 27.9984 22.138 -13 9852 1 0 1
0.150274 -2.74011 1700 0.0587453 0.23573 27.9989 22.1373 -13 9853 1 0 1
2.19218 -1.04377 1700 0.0848061 -0.022867 27.9999 22.1367 -13 9854 1 0 1
-1.35116 6.15355 1700 -0.129113 -0.508016 27.9951 22.1403 -13 9855 1 0 1
1.61349 -1.50454 1700 -0.00686964 0.0792213 27.9999 22.1368 -13 9856 1 0 1
0.596827 5.28648 1700 -0.138086 -0.274729 27.9983 22.1381 -13 9857 1 0 1
-1.40331 3.42801 1700 -0.165285 -0.372495 27.997 22.1389 -13 9858 1 0 1
1.10672 -3.77443 1700 0.105538 0.271025 27.9985 22.1377 -13 9859 1 0 1
2.03795 0.902719 1700 0.0209258 0.0873115 27.9999 22.1368 -13 9860 1 0 1
1.74564 5.61469 1700 -0.253916 -0.192302 27.9982 22.1384 -13 9861 1 0 1
-0.622933 0.82542 1700 0.123014 0.107034 27.9995 22.1368 -13 9862 1 0 1
3.07662 -5.26459 1700 0.0859281 0.555713 27.9944 22.1405 -13 9863 1 0 1
-1.05569 2.23618 1700 -0.188016 -0.340532 27.9973 22.1386 -13 9864 1 0 1
-2.72082 3.54668 1700 -0.161834 -0.335213 27.9975 22.1386 -13 9865 1 0 1
-5.18274 -1.07979 1700 0.224707 0.0638021 27.999 22.1373 -13 9866 1 0 1
-0.850234 -0.0768693 1700 0.0995696 0.192188 27.9992 22.1371 -13 9867 1 0 1
2.06344 -6.09025 1700 0.101544 0.331322 27.9979 22.1383 -13 9868 1 0 1
-0.333771 4.41975 1700 -0.0828583 -0.536809 27.9947 22.1402 -13 9869 1 0 1
-0.35988 -1.36972 1700 0.100883 0.047059 27.9998 22.1368 -13 9870 1 0 1
2.28333 -2.27854 1700 0.198014 0.319058 27.9975 22.1382 -13 9871 1 0 1
-1.44548 4.14934 1700 -0.00801135 -0.326361 27.9981 22.1381 -13 9872 1 0 1
3.53198 -2.89357 1700 -0.00191078 0.268393 27.9987 22.1377 -13 9873 1 0 1
-2.72419 -2.0209 1700 0.184065 0.236744 27.9984 22.1375 -13 9874 1 0 1
-0.382818 -1.02573 1700 0.2023 0.169423 27.9988 22.1373 -13 9875 1 0 1
0.0879819 -0.394387 1700 0.0234844 -0.0848856 27.9999 22.1367 -13 9876 1 0 1
1.52816 2.89108 1700 -0.0888654 -0.0377493 27.9998 22.137 -13 9877 1 0 1
-2.36999 2.23921 1700 -0.0317814 -0.415666 27.9969 22.1388 -13 9878 1 0 1
1.79282 -1.56022 1700 0.124679 0.506772 27.9951 22.1396 -13 9879 1 0 1
2.49996 -4.90618 1700 0.156512 0.237225 27.9986 22.1377 -13 9880 1 0 1
-6.28273 -1.09498 1700 0.272716 0.232205 27.9977 22.1379 -13 9881 1 0 1
-2.19008 -0.537347 1700 0.138667 0.145962 27.9993 22.137 -13 9882 1 0 1
2.11791 -1.11373 1700 -0.0829422 0.0924423 27.9997 22.1369 -13 9883 1 0 1
-1.93237 2.67773 1700 0.0187062 -0.326062 27.9981 22.138 -13 9884 1 0 1
1.17508 -0.137838 1700 0.0896648 -0.0301234 27.9998 22.1367 -13 9885 1 0 1
2.67835 -0.726713 1700 0.0862881 0.130287 27.9996 22.1369 -13 9886 1 0 1
1.08559 -1.84704 1700 0.0216803 0.0563246 27.9999 22.1367 -13 9887 1 0 1
0.145458 2.36305 1700 -0.238588 -0.257453 27.9978 22.1383 -13 9888 1 0 1
-3.41086 -2.48221 1700 0.577638 0.573424 27.9882 22.1433 -13 9889 1 0 1
1.59672 -1.39711 1700 0.168862 0.0108103 27.9995 22.1369 -13 9890 1 0 1
-0.110432 -2.81363 1700 0.20789 0.35001 27.997 22.1384 -13 9891 1 0 1
-1.58393 -0.10404 1700 0.157189 0.0515021 27.9995 22.1369 -13 9892 1 0 1
3.63012 3.19396 1700 -0.120172 0.166414 27.9992 22.1375 -13 9893 1 0 1
-2.12931 -0.0515419 1700 0.0222938 -0.306581 27.9983 22.1378 -13 9894 1 0 1
-2.70406 -2.78124 1700 0.293264 0.172846 27.9979 22.1378 -13 9895 1 0 1
-1.34401 -2.53722 1700 -0.0198671 -0.0804545 27.9999 22.1368 -13 9896 1 0 1
-0.374415 1.34161 1700 -0.0581858 0.0155651 27.9999 22.1368 -13 9897 1 0 1
2.66342 -2.9269 1700 0.224525 0.201781 27.9984 22.1377 -13 9898 1 0 1
-0.116837 -1.00067 1700 0.144593 0.149229 27.9992 22.137 -13 9899 1 0 1
0.768871 -0.865973 1700 0.113322 0.175587 27.9992 22.1371 -13 9900 1 0 1
0.668631 -4.19962 1700 0.241307 0.545382 27.9936 22.1405 -13 9901 1 0 1
3.23794 -1.88608 1700 0.0806666 0.197973 27.9992 22.1373 -13 9902 1 0 1
-0.414011 -2.09081 1700 0.12184 0.252404 27.9986 22.1374 -13 9903 1 0 1
0.789534 -4.60474 1700 0.117183 0.15236 27.9993 22.1372 -13 9904 1 0 1
-1.86247 -5.96826 1700 0.286669 0.371513 27.9961 22.1392 -13 9905 1 0 1
0.600745 -1.09594 1700 -0.0166605 0.0591145 27.9999 22.1367 -13 9906 1 0 1
-0.599092 -0.181603 1700 0.142335 -0.0674025 27.9996 22.1369 -13 9907 1 0 1
-3.89006 -4.21925 1700 0.413768 0.422885 27.9937 22.1403 -13 9908 1 0 1
-3.61448 0.658795 1700 0.216152 0.314288 27.9974 22.1379 -13 9909 1 0 1
-0.57924 4.29941 1700 -0.0563622 -0.43496 27.9966 22.139 -13 9910 1 0 1
-0.38055 -3.11213 1700 0.340667 0.702073 27.9891 22.143 -13 9911 1 0 1
4.06316 -2.58189 1700 0.0807696 0.232688 27.9989 22.1375 -13 9912 1 0 1
-2.06488 -0.46655 1700 0.0988808 -0.0198391 27.9998 22.1368 -13 9913 1 0 1
-2.97705 -6.14595 1700 0.315664 0.199842 27.9975 22.1384 -13 9914 1 0 1
0.913434 1.56987 1700 -0.200963 -0.347249 27.9971 22.1386 -13 9915 1 0 1
2.00911 -3.02738 1700 0.114002 0.236712 27.9988 22.1375 -13 9916 1 0 1
0.708857 3.27627 1700 -0.138782 -0.0448149 27.9996 22.1372 -13 9917 1 0 1
1.27593 -0.194191 1700 -0.0251768 0.162471 27.9995 22.137 -13 9918 1 0 1
-0.789659 -0.878665 1700 0.0294364 0.117623 27.9997 22.1368 -13 9919 1 0 1
0.550588 2.69871 1700 0.19818 -0.100246 27.9991 22.137 -13 9920 1 0 1
0.820614 -2.05678 1700 0.111841 0.383067 27.9972 22.1383 -13 9921 1 0 1
-1.27735 2.27303 1700 0.017052 -0.281757 27.9986 22.1376 -13 9922 1 0 1
0.33059 1.03671 1700 0.00386087 -0.14032 27.9996 22.1369 -13 9923 1 0 1
-1.96822 1.61362 1700 -0.0716207 -0.20945 27.9991 22.1374 -13 9924 1 0 1
-0.731583 -2.84667 1700 0.259544 0.42638 27.9956 22.1392 -13 9925 1 0 1
-0.241881 1.77616 1700 -0.0149223 0.199316 27.9993 22.1371 -13 9926 1 0 1
3.73592 2.60161 1700 -0.134341 -0.311274 27.9979 22.1381 -13 9927 1 0 1
-0.559869 -2.17712 1700 0.0908548 -0.0896033 27.9997 22.1368 -13 9928 1 0 1
-2.85861 -2.91309 1700 0.11838 0.174297 27.9992 22.1371 -13 9929 1 0 1
-1.76909 0.771693 1700 0.0958194 -0.16868 27.9993 22.1371 -13 9930 1 0 1
1.27735 -4.52454 1700 0.287895 0.61803 27.9917 22.1418 -13 9931 1 0 1
1.3696 3.28628 1700 -0.00439173 -0.0643543 27.9999 22.1368 -13 9932 1 0 1
3.24262 -0.161209 1700 -0.0312933 -0.141815 27.9996 22.1369 -13 9933 1 0 1
3.27316 -2.91102 1700 0.0687372 0.124647 27.9996 22.137 -13 9934 1 0 1
-0.536569 -0.62234 1700 0.0737541 -0.0666876 27.9998 22.1367 -13 9935 1 0 1
0.790009 0.304792 1700 0.0127632 -0.135247 27.9997 22.1369 -13 9936 1 0 1
-0.206809 -0.467867 1700 0.0302132 0.172412 27.9995 22.137 -13 9937 1 0 1
-0.0782736 -7.34837 1700 0.374438 0.464553 27.9936 22.1409 -13 9938 1 0 1
0.0978701 4.11172 1700 -0.138093 -0.437002 27.9962 22.1393 -13 9939 1 0 1
0.776925 5.79414 1700 -0.127285 -0.566139 27.994 22.1408 -13 9940 1 0 1
2.51222 0.187657 1700 -0.0477165 0.0442776 27.9999 22.1368 -13 9941 1 0 1
-1.86771 -1.10224 1700 0.204278 -0.107719 27.999 22.1372 -13 9942 1 0 1
-1.25213 1.30489 1700 0.0288232 -0.205162 27.9992 22.1372 -13 9943 1 0 1
-2.97957 -0.62278 1700 0.104465 0.0539473 27.9998 22.1368 -13 9944 1 0 1
2.7945 0.0988841 1700 0.0736435 0.419298 27.9968 22.1387 -13 9945 1 0 1
3.08057 -4.28869 1700 0.172029 0.274551 27.9981 22.138 -13 9946 1 0 1
0.0241527 3.17838 1700 0.0969541 0.0344179 27.9998 22.1367 -13 9947 1 0 1
-0.92674 3.46592 1700 -0.243901 -0.187394 27.9983 22.1381 -13 9948 1 0 1
-0.0520831 2.53357 1700 -0.01099 -0.324494 27.9981 22.1379 -13 9949 1 0 1
-3.34145 -2.98355 1700 0.250657 0.249054 27.9978 22.1379 -13 9950 1 0 1
0.248951 -1.20457 1700 -0.0561284 -0.165777 27.9995 22.137 -13 9951 1 0 1
5.01797 3.79769 1700 -0.246621 -0.145066 27.9985 22.1381 -13 9952 1 0 1
-0.0983881 5.60542 1700 -0.248935 -0.468618 27.995 22.1404 -13 9953 1 0 1
2.67245 5.66138 1700 -0.0669848 -0.196105 27.9992 22.1375 -13 9954 1 0 1
-0.318056 -1.46811 1700 0.118931 0.199119 27.999 22.1372 -13 9955 1 0 1
-0.247437 1.57279 1700 0.0641328 0.0238973 27.9999 22.1367 -13 9956 1 0 1
5.62772 3.68718 1700 -0.34 -0.497186 27.9935 22.141 -13 9957 1 0 1
-0.860564 0.474977 1700 0.0913126 -0.139406 27.9995 22.1369 -13 9958 1 0 1
2.31747 5.88593 1700 -0.373219 -0.416312 27.9944 22.1408 -13 9959 1 0 1
-6.24441 -4.55503 1700 0.3389 0.500416 27.9935 22.1405 -13 9960 1 0 1
0.601381 -0.66394 1700 0.0995166 0.171173 27.9993 22.137 -13 9961 1 0 1
1.39347 -0.774237 1700 0.071477 -0.137081 27.9996 22.1369 -13 9962 1 0 1
-4.64642 -2.08501 1700 0.148897 -0.134543 27.9993 22.1373 -13 9963 1 0 1
0.926657 0.0190521 1700 -0.0357498 -0.181756 27.9994 22.1371 -13 9964 1 0 1
-2.3429 0.546706 1700 0.00045407 -0.0788243 27.9999 22.1368 -13 9965 1 0 1
-0.159442 -4.72963 1700 0.189292 0.371644 27.9969 22.1386 -13 9966 1 0 1
3.66484 0.244524 1700 -0.0180611 0.120061 27.9997 22.137 -13 9967 1 0 1
4.1878 1.2038 1700 -0.224655 -0.26373 27.9979 22.1382 -13 9968 1 0 1
-3.19082 -1.83387 1700 0.16921 0.0406315 27.9995 22.137 -13 9969 1 0 1
-7.54007 -7.30672 1700 0.58623 0.546701 27.9885 22.144 -13 9970 1 0 1
-2.05589 -4.90788 1700 0.341723 0.212392 27.9971 22.1385 -13 9971 1 0 1
-1.38129 0.555276 1700 0.014789 -0.170798 27.9995 22.137 -13 9972 1 0 1
-3.5777 -0.265244 1700 0.254251 0.126429 27.9986 22.1374 -13 9973 1 0 1
3.42945 3.48363 1700 -0.0893903 -0.170671 27.9993 22.1373 -13 9974 1 0 1
3.87568 1.59097 1700 -0.182172 -0.326763 27.9975 22.1383 -13 9975 1 0 1
-0.566323 1.10281 1700 0.0344511 -0.0650216 27.9999 22.1367 -13 9976 1 0 1
-0.983335 1.34977 1700 -0.0615705 -0.329376 27.998 22.138 -13 9977 1 0 1
-1.12794 -0.638875 1700 -0.0347533 0.101454 27.9998 22.1368 -13 9978 1 0 1
2.82848 -4.02333 1700 -0.0265138 0.132756 27.9997 22.137 -13 9979 1 0 1
-2.36712 2.65897 1700 -0.0496446 -0.313854 27.9982 22.138 -13 9980 1 0 1
-5.36372 -4.12663 1700 0.566553 0.549336 27.9889 22.1431 -13 9981 1 0 1
0.416121 0.544419 1700 -0.0821779 -0.113702 27.9996 22.137 -13 9982 1 0 1
-0.451618 -2.1612 1700 0.0711368 -0.0747075 27.9998 22.1368 -13 9983 1 0 1
-1.5719 -0.103371 1700 0.0724899 -0.0928317 27.9998 22.1368 -13 9984 1 0 1
-4.70563 1.48289 1700 0.0504703 -0.158267 27.9995 22.1372 -13 9985 1 0 1
4.28634 2.07313 1700 -0.156526 -0.096779 27.9994 22.1373 -13 9986 1 0 1
-2.92129 -0.789145 1700 0.0815518 0.35478 27.9976 22.1379 -13 9987 1 0 1
0.704843 -0.700131 1700 0.16042 0.205963 27.9988 22.1373 -13 9988 1 0 1
3.93366 2.25223 1700 -0.152196 -0.28104 27.9982 22.138 -13 9989 1 0 1
0.583207 -0.014182 1700 -0.137664 -0.201771 27.9989 22.1374 -13 9990 1 0 1
-2.65596 -0.166592 1700 0.15478 0.308308 27.9979 22.1377 -13 9991 1 0 1
0.831252 -3.88973 1700 0.0488507 0.168932 27.9994 22.1371 -13 9992 1 0 1
0.0175032 3.31097 1700 -0.0554742 -0.482805 27.9958 22.1394 -13 9993 1 0 1
-2.93629 -0.249486 1700 0.246377 -0.0718192 27.9988 22.1373 -13 9994 1 0 1
0.796291 5.1401 1700 -0.20265 -0.245773 27.9982 22.1383 -13 9995 1 0 1
-1.30027 -2.64569 1700 0.232189 0.0597048 27.999 22.1372 -13 9996 1 0 1
0.94779 -2.99527 1700 0.047444 0.147231 27.9996 22.137 -13 9997 1 0 1
3.20218 -1.49182 1700 0.00858138 -0.144873 27.9996 22.1369 -13 9998 1 0 1
-4.62069 -0.46607 1700 0.0592624 -0.190929 27.9993 22.1373 -13 9999 1 0 1
-3.00839 0.978423 1700 0.187231 0.110385 27.9992 22.137 -13 10000 1 0 1
