#BLTrackFile NTuple/Z19250
#x y z Px Py Pz t PDGid EventID TrackID ParentID Weight
#mm mm mm MeV/c MeV/c MeV/c ns - - - - -
3.78847 -9.76965 19250 0.895956 3.97961 27.7013 250.89 -13 1 1 0 1
-0.725178 12.6221 19250 -0.108483 -5.13658 27.5246 251.053 -13 2 1 0 1
8.25241 8.12 19250 -0.689264 -2.58536 27.8719 250.718 -13 3 1 0 1
0.781537 0.98316 19250 0.0294805 -0.0465864 27.9999 250.513 -13 4 1 0 1
-15.2643 0.264444 19250 0.445365 -0.0998712 27.9963 250.533 -13 5 1 0 1
9.22349 9.23413 19250 -0.303585 -2.09612 27.9198 250.646 -13 6 1 0 1
0.80492 -12.796 19250 0.096687 4.71229 27.6005 250.971 -13 7 1 0 1
78.9405 11.1666 19250 3.87631 5.90131 27.0952 251.484 -13 8 1 0 1
-2.12376 -9.70935 19250 0.788629 3.10745 27.8159 250.776 -13 9 1 0 1
-2.24837 -3.49516 19250 0.0606103 0.536439 27.9948 250.523 -13 10 1 0 1
3.92835 3.73692 19250 0.0135762 -0.595247 27.9937 250.519 -13 11 1 0 1
0.338259 -4.24338 19250 0.00512113 0.68345 27.9917 250.536 -13 12 1 0 1
11.5362 5.68017 19250 -0.235539 -1.04448 27.9795 250.579 -13 13 1 0 1
16.3898 4.84231 19250 -0.500978 -1.02983 27.9766 250.615 -13 14 1 0 1
16.0306 -0.213029 19250 -0.275239 0.215547 27.9978 250.559 -13 15 1 0 1
-7.89154 5.61237 19250 0.20196 -0.959339 27.9828 250.538 -13 16 1 0 1
-14.1259 2.22712 19250 0.419135 -0.463458 27.993 250.532 -13 17 1 0 1
-13.3258 -5.37109 19250 0.476679 1.08056 27.9751 250.569 -13 18 1 0 1
-6.12775 -10.0407 19250 0.336378 2.11326 27.9181 250.636 -13 19 1 0 1
-0.697119 -8.78488 19250 0.0560703 1.6836 27.9493 250.585 -13 20 1 0 1
-0.963575 4.34421 19250 0.0913119 -0.767375 27.9893 250.515 -13 21 1 0 1
-1.02627 -7.23607 19250 0.0742774 1.19987 27.9742 250.552 -13 22 1 0 1
5.86483 -0.759845 19250 -0.0519283 0.159215 27.9995 250.524 -13 23 1 0 1
7.1974 -6.474 19250 -0.0828651 1.08977 27.9787 250.556 -13 24 1 0 1
11.8667 3.49267 19250 -0.155145 -0.518895 27.9948 250.546 -13 25 1 0 1
7.34897 3.92015 19250 -0.0668062 -0.586696 27.9938 250.535 -13 26 1 0 1
-6.47596 2.47945 19250 0.166065 -0.344035 27.9974 250.508 -13 27 1 0 1
-7.30666 4.70356 19250 0.196659 -0.717203 27.9901 250.523 -13 28 1 0 1
9.18139 9.35864 19250 -0.321254 -2.08867 27.9201 250.653 -13 29 1 0 1
-8.68272 4.49917 19250 0.225098 -0.69036 27.9906 250.525 -13 30 1 0 1
-8.51056 0.879626 19250 0.179444 -0.133167 27.9991 250.511 -13 31 1 0 1
10.8776 8.94551 19250 -0.32397 -1.80694 27.9398 250.638 -13 32 1 0 1
-4.22023 -3.28382 19250 0.133042 0.487782 27.9954 250.51 -13 33 1 0 1
3.39822 11.0283 19250 -0.0861914 -2.52461 27.8858 250.665 -13 34 1 0 1
1.12305 -0.348173 19250 0.0432581 0.0542303 27.9999 250.507 -13 35 1 0 1
-7.87255 9.18366 19250 0.414553 -2.01888 27.924 250.629 -13 36 1 0 1
-4.20776 -2.47687 19250 1.48974 1.9396 27.893 250.756 -13 37 1 0 1
-14.8166 2.10431 19250 0.426062 -0.299642 27.9952 250.537 -13 38 1 0 1
-6.96451 -1.11936 19250 0.163285 0.0612654 27.9995 250.506 -13 39 1 0 1
2.8515 -3.08067 19250 -0.00927412 0.503814 27.9955 250.525 -13 40 1 0 1
-4.99752 8.18742 19250 0.187161 -1.4315 27.9628 250.569 -13 41 1 0 1
8.26776 -11.6674 19250 0.562812 5.76614 27.3941 251.219 -13 42 1 0 1
-15.4361 1.5567 19250 0.470084 -0.339989 27.994 250.541 -13 43 1 0 1
-1.02877 2.48025 19250 0.0730799 -0.313016 27.9982 250.51 -13 44 1 0 1
-12.778 -5.5559 19250 0.456585 1.07594 27.9756 250.564 -13 45 1 0 1
5.16173 7.98801 19250 -0.102674 -1.56074 27.9563 250.592 -13 46 1 0 1
3.27493 -5.23401 19250 -0.000343749 0.872143 27.9864 250.534 -13 47 1 0 1
-5.83008 -1.40447 19250 0.14949 0.268156 27.9983 250.505 -13 48 1 0 1
1.64025 8.31337 19250 0.0156189 -1.32381 27.9687 250.574 -13 49 1 0 1
-10.7858 3.75897 19250 0.27987 -0.650907 27.991 250.525 -13 50 1 0 1
3.40484 -8.68631 19250 -0.0128987 1.63567 27.9522 250.583 -13 51 1 0 1
18.5621 -0.433882 19250 -0.862476 0.226489 27.9858 250.65 -13 52 1 0 1
1.23227 3.06641 19250 0.0306727 -0.439414 27.9965 250.518 -13 53 1 0 1
9.378 -0.886953 19250 -0.0911553 0.134638 27.9995 250.526 -13 54 1 0 1
14.9611 -3.65138 19250 -0.272395 0.706651 27.9898 250.568 -13 55 1 0 1
-11.1983 2.24134 19250 0.296985 -0.261423 27.9972 250.512 -13 56 1 0 1
-1.02824 -10.4121 19250 0.123403 2.0741 27.9228 250.618 -13 57 1 0 1
6.21616 -5.8022 19250 -0.0675066 1.00195 27.982 250.549 -13 58 1 0 1
7.90095 0.715018 19250 -0.0561682 -0.19956 27.9992 250.52 -13 59 1 0 1
-8.37782 -5.35304 19250 0.198753 0.99815 27.9815 250.54 -13 60 1 0 1
-16.1074 -0.351894 19250 0.558106 0.0868203 27.9943 250.545 -13 61 1 0 1
0.643168 11.8282 19250 0.481196 -3.94011 27.7172 250.861 -13 62 1 0 1
12.4566 -1.82582 19250 -0.199165 0.234867 27.9983 250.55 -13 63 1 0 1
-5.48702 -2.11136 19250 0.112234 0.226314 27.9989 250.516 -13 64 1 0 1
-3.33432 6.3473 19250 0.0986678 -1.13835 27.9767 250.546 -13 65 1 0 1
-7.04341 -9.65263 19250 0.465953 2.37425 27.8953 250.668 -13 66 1 0 1
15.3768 -3.63516 19250 -0.25489 0.734439 27.9892 250.562 -13 67 1 0 1
13.5327 2.62578 19250 -0.216061 -0.436704 27.9958 250.554 -13 68 1 0 1
-14.3115 2.80266 19250 0.418525 -0.50275 27.9924 250.538 -13 69 1 0 1
-15.2871 -2.84375 19250 0.875974 0.823924 27.9742 250.612 -13 70 1 0 1
-2.16397 6.90257 19250 0.126553 -1.13717 27.9766 250.538 -13 71 1 0 1
6.373 -0.720795 19250 -0.0407245 -0.0124862 28 250.519 -13 72 1 0 1
9.98765 5.59946 19250 -0.122732 -0.876259 27.986 250.553 -13 73 1 0 1
16.0887 3.36725 19250 -0.349281 -0.776741 27.987 250.581 -13 74 1 0 1
3.31996 0.799103 19250 0.00636566 -0.134463 27.9997 250.512 -13 75 1 0 1
-4.74685 -1.90482 19250 0.146155 0.276466 27.9983 250.502 -13 76 1 0 1
5.62044 10.3962 19250 -0.115754 -2.1133 27.9199 250.636 -13 77 1 0 1
5.17426 -7.93656 19250 -0.0406397 1.47234 27.9612 250.572 -13 78 1 0 1
1.58426 -8.31005 19250 0.0266076 1.53908 27.9577 250.574 -13 79 1 0 1
-8.38648 8.93573 19250 0.408145 -1.88236 27.9337 250.618 -13 80 1 0 1
-7.49742 8.60747 19250 0.267403 -1.55922 27.9553 250.59 -13 81 1 0 1
-7.43309 -0.0502197 19250 0.174689 -8.70711e-05 27.9995 250.504 -13 82 1 0 1
16.3938 -0.30905 19250 -0.343359 0.0562604 27.9978 250.573 -13 83 1 0 1
-1.33985 -11.7771 19250 0.150589 2.7288 27.8663 250.689 -13 84 1 0 1
9.41736 2.08207 19250 -0.0946914 -0.408732 27.9969 250.53 -13 85 1 0 1
12.5972 -0.098821 19250 -0.138968 -0.102544 27.9995 250.532 -13 86 1 0 1
-15.7592 -2.53578 19250 0.499027 0.637105 27.9883 250.558 -13 87 1 0 1
-8.83741 4.45674 19250 0.264688 -0.678105 27.9905 250.519 -13 88 1 0 1
-4.19872 -3.20048 19250 0.112685 0.513489 27.9951 250.515 -13 89 1 0 1
-6.78829 7.6798 19250 0.227453 -1.37858 27.9651 250.565 -13 90 1 0 1
16.8643 5.01321 19250 -0.533589 -1.25128 27.9669 250.619 -13 91 1 0 1
-9.13202 -5.13826 19250 0.239126 0.869438 27.9855 250.533 -13 92 1 0 1
-2.89348 -2.59613 19250 0.107313 0.362179 27.9975 250.508 -13 93 1 0 1
11.2036 7.91357 19250 -0.363987 -1.88105 27.9344 250.633 -13 94 1 0 1
15.0683 -3.47641 19250 -0.296092 0.604387 27.9919 250.573 -13 95 1 0 1
7.90746 -4.16273 19250 -0.0512856 0.6853 27.9916 250.53 -13 96 1 0 1
6.85809 10.817 19250 -0.208405 -2.17409 27.9147 250.664 -13 97 1 0 1
-12.111 6.2605 19250 0.430852 -1.13265 27.9738 250.568 -13 98 1 0 1
-6.57441 2.30035 19250 -1.62012 -3.23476 27.7653 250.862 -13 99 1 0 1
4.58442 -7.94564 19250 -0.0449158 1.48912 27.9603 250.576 -13 100 1 0 1
-10.9904 4.05058 19250 0.291294 -0.587749 27.9923 250.527 -13 101 1 0 1
1.62716 -5.55757 19250 0.0438613 1.00152 27.982 250.53 -13 102 1 0 1
35.2018 7.52905 19250 2.90279 3.80652 27.5878 251.088 -13 103 1 0 1
9.02339 -7.75476 19250 -0.170301 1.46064 27.9614 250.591 -13 104 1 0 1
0.415155 -8.73953 19250 0.0635022 1.5862 27.955 250.577 -13 105 1 0 1
10.9703 -1.1936 19250 -0.121939 0.166412 27.9992 250.531 -13 106 1 0 1
-9.57367 -7.87454 19250 0.315024 1.44772 27.9608 250.588 -13 107 1 0 1
-0.830495 7.59168 19250 0.0853686 -1.39745 27.965 250.557 -13 108 1 0 1
-10.2174 1.50874 19250 0.224294 -0.182247 27.9985 250.514 -13 109 1 0 1
11.356 3.72437 19250 -0.119893 -0.633443 27.9926 250.538 -13 110 1 0 1
2.14244 -2.11645 19250 0.051353 0.332676 27.998 250.505 -13 111 1 0 1
-15.1089 -3.54346 19250 0.768192 1.01347 27.9711 250.604 -13 112 1 0 1
-12.8367 0.922795 19250 0.332139 -0.16104 27.9976 250.517 -13 113 1 0 1
-10.3347 -4.82117 19250 0.287598 0.795848 27.9872 250.531 -13 114 1 0 1
0.523917 8.15175 19250 0.0589248 -1.51061 27.9592 250.567 -13 115 1 0 1
-1584.8 743.7 19250 -6.23634 2.4244 27.1888 253.74 -13 116 1 0 1
-5.55655 -10.7178 19250 0.43318 2.51302 27.8836 250.69 -13 117 1 0 1
3.75254 10.5163 19250 -0.0353194 -2.05602 27.9244 250.627 -13 118 1 0 1
2.02527 12.4371 19250 0.424805 -4.20579 27.6791 250.894 -13 119 1 0 1
-0.325212 -0.886777 19250 0.065353 0.0710367 27.9998 250.505 -13 120 1 0 1
-5.63893 9.16397 19250 0.249906 -1.85529 27.9373 250.598 -13 121 1 0 1
0.291017 3.74111 19250 0.0651603 -0.630934 27.9928 250.515 -13 122 1 0 1
-0.99357 0.775913 19250 -1.69002 -2.40729 27.8451 250.827 -13 123 1 0 1
7.21872 5.29684 19250 -0.0662771 -0.800003 27.9885 250.542 -13 124 1 0 1
8.62077 -0.185359 19250 -0.0672333 -0.0255099 27.9999 250.521 -13 125 1 0 1
-10.6451 -4.58186 19250 0.297102 0.724639 27.989 250.53 -13 126 1 0 1
9.63633 -11.1475 19250 0.80981 5.15187 27.51 251.091 -13 127 1 0 1
8.96854 -1.57867 19250 -0.0926241 0.228804 27.9989 250.529 -13 128 1 0 1
-16.7222 0.102986 19250 0.76679 -0.00554358 27.9895 250.574 -13 129 1 0 1
-1.56064 -3.24461 19250 0.0704936 0.576519 27.994 250.517 -13 130 1 0 1
10.9601 2.05104 19250 -0.100396 -0.292152 27.9983 250.527 -13 131 1 0 1
-5.45884 -9.59904 19250 0.263374 2.03549 27.9247 250.615 -13 132 1 0 1
8.18459 1.10583 19250 -0.0757245 -0.168942 27.9994 250.525 -13 133 1 0 1
-2.33916 6.05065 19250 0.104321 -1.0304 27.9808 250.533 -13 134 1 0 1
4.11803 -10.064 19250 -0.0860342 2.07967 27.9225 250.628 -13 135 1 0 1
-12.5752 6.56761 19250 0.543459 -1.44032 27.9576 250.606 -13 136 1 0 1
-8.24368 -8.01809 19250 0.291181 1.37902 27.9645 250.576 -13 137 1 0 1
-0.868877 -8.5335 19250 0.0654967 1.31272 27.9691 250.575 -13 138 1 0 1
-6.2828 4.4737 19250 0.155503 -0.890026 27.9854 250.527 -13 139 1 0 1
2.73549 2.22403 19250 0.0254792 -0.361043 27.9977 250.511 -13 140 1 0 1
12.8797 3.68545 19250 -0.177818 -0.616771 27.9926 250.55 -13 141 1 0 1
-14.591 -4.51507 19250 0.651182 1.04782 27.9728 250.589 -13 142 1 0 1
-7.14265 -2.51503 19250 0.179031 0.335098 27.9974 250.509 -13 143 1 0 1
11.7503 7.76913 19250 -0.396709 -1.85822 27.9355 250.637 -13 144 1 0 1
12.9776 5.26746 19250 -0.219566 -0.934178 27.9836 250.567 -13 145 1 0 1
-5.72175 -10.4228 19250 0.501425 2.55519 27.8787 250.697 -13 146 1 0 1
5.05095 5.58401 19250 -0.0112565 -0.898342 27.9856 250.534 -13 147 1 0 1
6.52966 3.99894 19250 -0.0521795 -0.667931 27.992 250.533 -13 148 1 0 1
8.17331 -9.5153 19250 -0.267425 2.19337 27.9127 250.648 -13 149 1 0 1
3.16514 4.04384 19250 0.0228191 -0.665317 27.9921 250.52 -13 150 1 0 1
-9.78278 0.588049 19250 0.227144 -0.0275832 27.9991 250.508 -13 151 1 0 1
-16.8632 -1.62075 19250 0.616515 0.282163 27.9918 250.568 -13 152 1 0 1
-9.67671 -2.6683 19250 0.250985 0.38331 27.9963 250.511 -13 153 1 0 1
-3.4933 -3.10261 19250 0.113678 0.41946 27.9966 250.511 -13 154 1 0 1
3.89583 -3.01037 19250 -0.0202187 0.459181 27.9962 250.525 -13 155 1 0 1
18.8608 1.66777 19250 -0.71514 -0.518703 27.9861 250.63 -13 156 1 0 1
-5.13191 3.66959 19250 0.150686 -0.726668 27.9902 250.515 -13 157 1 0 1
-16.8582 -0.656659 19250 0.857158 0.0912309 27.9867 250.596 -13 158 1 0 1
-2.96004 0.49003 19250 0.103135 -0.152354 27.9994 250.503 -13 159 1 0 1
-357.743 1338.85 19250 -1.23301 5.36176 27.4542 252.571 -13 160 1 0 1
9.60765 8.92418 19250 -0.320159 -2.10416 27.919 250.644 -13 161 1 0 1
-7.82477 2.59856 19250 0.195948 -0.354061 27.9971 250.51 -13 162 1 0 1
-15.9663 -3.59425 19250 0.784958 0.714867 27.9799 250.609 -13 163 1 0 1
9.45177 5.9951 19250 -0.140364 -1.18869 27.9744 250.564 -13 164 1 0 1
-0.627842 -12.3721 19250 0.184466 3.19524 27.8165 250.743 -13 165 1 0 1
1.26084 -5.79583 19250 0.0195592 0.891638 27.9858 250.539 -13 166 1 0 1
3.66768 -2.48008 19250 -0.00220669 0.404918 27.9971 250.518 -13 167 1 0 1
-4.8755 3.90535 19250 0.146679 -0.727125 27.9902 250.516 -13 168 1 0 1
-6.94781 7.67 19250 0.244857 -1.42769 27.9625 250.565 -13 169 1 0 1
0.953925 3.65585 19250 0.0525643 -0.571298 27.9941 250.516 -13 170 1 0 1
1.55607 -8.69353 19250 0.0208697 1.50212 27.9597 250.58 -13 171 1 0 1
-11.9321 -6.69182 19250 0.471366 1.36507 27.9627 250.588 -13 172 1 0 1
-13.2164 -1.5142 19250 0.339384 0.27684 27.9966 250.523 -13 173 1 0 1
15.661 4.71589 19250 -0.37624 -1.01464 27.9791 250.592 -13 174 1 0 1
7.26669 7.5461 19250 -0.793474 -2.67335 27.8608 250.734 -13 175 1 0 1
22.7263 -4.08847 19250 1.83636 4.71144 27.5396 251.075 -13 176 1 0 1
14.151 -3.47178 19250 -0.203948 0.649058 27.9917 250.552 -13 177 1 0 1
-7.027 -4.66515 19250 0.219476 0.731623 27.9896 250.517 -13 178 1 0 1
6.1947 -2.84152 19250 -0.0684205 0.376821 27.9974 250.533 -13 179 1 0 1
-5.49221 -3.99265 19250 0.142323 0.586007 27.9935 250.52 -13 180 1 0 1
109.629 15.1364 19250 4.65921 6.87302 26.7405 251.794 -13 181 1 0 1
0.277174 12.2277 19250 -0.383181 -3.93637 27.7193 250.859 -13 182 1 0 1
-5.89535 4.58248 19250 -1.45948 -3.41084 27.7531 250.869 -13 183 1 0 1
-6.42369 -6.19941 19250 1.03075 2.33147 27.8837 250.731 -13 184 1 0 1
-11.1698 -2.65146 19250 0.266189 0.47807 27.9947 250.521 -13 185 1 0 1
4.87614 -7.97203 19250 -0.0320666 1.39903 27.965 250.571 -13 186 1 0 1
-15.8575 1.85754 19250 0.468067 -0.28928 27.9946 250.548 -13 187 1 0 1
6.138 -3.12564 19250 -0.0284692 0.594162 27.9937 250.523 -13 188 1 0 1
4.87925 -7.01415 19250 -0.0352006 1.25437 27.9719 250.559 -13 189 1 0 1
-7.93206 -6.9019 19250 0.84179 2.23775 27.8977 250.684 -13 190 1 0 1
-15.4009 -3.12623 19250 0.715477 0.736792 27.9812 250.58 -13 191 1 0 1
11.2379 8.01271 19250 -0.259414 -1.62601 27.9515 250.609 -13 192 1 0 1
5.62682 7.2929 19250 -0.0679089 -1.28352 27.9705 250.569 -13 193 1 0 1
5.03782 0.968136 19250 -0.0154556 -0.174785 27.9995 250.515 -13 194 1 0 1
-9.08574 -8.81487 19250 0.534411 2.07858 27.9176 250.658 -13 195 1 0 1
2.54844 -2.45692 19250 -0.00278704 0.405023 27.9971 250.521 -13 196 1 0 1
5.08903 4.15959 19250 -0.0205618 -0.662864 27.9921 250.529 -13 197 1 0 1
-12.4688 2.561 19250 0.359601 -0.526817 27.9927 250.52 -13 198 1 0 1
3.06219 2.57663 19250 0.00757889 -0.340327 27.9979 250.517 -13 199 1 0 1
-3.15944 3.05024 19250 0.0918029 -0.424545 27.9966 250.515 -13 200 1 0 1
48.7083 -0.0448875 19250 2.5534 6.19016 27.1875 251.393 -13 201 1 0 1
2.16459 12.7223 19250 0.15228 -5.18391 27.5155 251.066 -13 202 1 0 1
-12.608 -3.16981 19250 1.08888 1.18534 27.9537 250.656 -13 203 1 0 1
15.3799 5.7175 19250 -0.420445 -1.13854 27.9737 250.609 -13 204 1 0 1
16.0679 4.33136 19250 -0.437904 -0.961804 27.98 250.602 -13 205 1 0 1
8.73013 5.45315 19250 -0.128369 -0.816594 27.9878 250.558 -13 206 1 0 1
-6.45431 -7.24952 19250 0.192961 1.24031 27.9719 250.557 -13 207 1 0 1
-2.05824 -0.384636 19250 0.0559122 0.00571424 27.9999 250.513 -13 208 1 0 1
6.96609 -6.56321 19250 -0.0748476 1.11082 27.9779 250.556 -13 209 1 0 1
-8.71998 5.02073 19250 0.257166 -0.764635 27.9884 250.524 -13 210 1 0 1
-0.795209 -9.69635 19250 0.0917783 1.76834 27.944 250.597 -13 211 1 0 1
-5.43535 1.41616 19250 0.169474 -0.106579 27.9993 250.498 -13 212 1 0 1
5.44647 10.3944 19250 -0.124043 -2.10718 27.9203 250.639 -13 213 1 0 1
-11.5323 -2.4577 19250 0.286037 0.45917 27.9948 250.519 -13 214 1 0 1
16.0056 -3.51848 19250 -0.335215 0.72279 27.9887 250.579 -13 215 1 0 1
-15.3324 -3.54819 19250 0.496746 0.692673 27.987 250.562 -13 216 1 0 1
6.00047 9.21305 19250 -0.0983593 -1.69102 27.9487 250.603 -13 217 1 0 1
-2.16281 -9.22986 19250 0.103935 1.63033 27.9523 250.59 -13 218 1 0 1
6.34739 0.182372 19250 -0.0585357 0.151181 27.9995 250.526 -13 219 1 0 1
12.3251 -5.34326 19250 -0.164736 0.997129 27.9818 250.556 -13 220 1 0 1
6.0897 -7.77766 19250 -0.0966029 1.30084 27.9696 250.58 -13 221 1 0 1
15.2125 -0.762313 19250 -0.26481 0.0711105 27.9987 250.558 -13 222 1 0 1
9.1373 -4.20817 19250 -0.10558 0.632534 27.9927 250.543 -13 223 1 0 1
-2.50041 -7.90731 19250 0.148694 1.45708 27.9617 250.558 -13 224 1 0 1
11.1325 7.53937 19250 -0.537864 -2.07594 27.9178 250.668 -13 225 1 0 1
10.8484 -0.389264 19250 -0.126496 0.108149 27.9995 250.532 -13 226 1 0 1
-12.9932 -5.40601 19250 0.629349 1.34926 27.9604 250.595 -13 227 1 0 1
-1.79703 -9.13655 19250 0.86294 3.14233 27.8097 250.79 -13 228 1 0 1
0.355446 10.431 19250 0.0321117 -2.13716 27.9183 250.63 -13 229 1 0 1
-15.4726 -2.26341 19250 0.48404 0.449603 27.9922 250.546 -13 230 1 0 1
9.79232 -0.0158489 19250 -0.0879694 -0.0103856 27.9999 250.524 -13 231 1 0 1
8.02093 1.42327 19250 -0.0662281 -0.198771 27.9992 250.523 -13 232 1 0 1
-0.478375 9.2152 19250 0.0809164 -1.82127 27.9406 250.59 -13 233 1 0 1
6.28123 7.76472 19250 -0.0416024 -1.40555 27.9647 250.566 -13 234 1 0 1
-13.1471 -1.17831 19250 0.326986 0.107888 27.9979 250.522 -13 235 1 0 1
-9.29492 5.2993 19250 0.251055 -0.970935 27.982 250.536 -13 236 1 0 1
5.74132 3.15108 19250 -0.0166156 -0.49732 27.9956 250.52 -13 237 1 0 1
9.70832 -0.0224118 19250 -0.103466 0.120973 27.9995 250.53 -13 238 1 0 1
14.5686 -5.93189 19250 -0.371859 1.29585 27.9675 250.604 -13 239 1 0 1
4.4904 -10.8411 19250 -0.110281 2.37487 27.8989 250.655 -13 240 1 0 1
1.87826 -1.931 19250 0.0321127 0.207262 27.9992 250.511 -13 241 1 0 1
-3.97051 -9.33084 19250 0.206423 1.86656 27.937 250.594 -13 242 1 0 1
-10.1445 1.27728 19250 0.225133 -0.226657 27.9982 250.513 -13 243 1 0 1
-9.07719 -8.92794 19250 0.499162 2.05982 27.9197 250.653 -13 244 1 0 1
-2.94897 11.5476 19250 0.355665 -2.96015 27.8408 250.722 -13 245 1 0 1
-4.06591 -7.67112 19250 0.946224 2.69187 27.8542 250.743 -13 246 1 0 1
-15.4781 5.06631 19250 -1.60702 -4.31378 27.619 250.98 -13 247 1 0 1
15.8205 5.25456 19250 -0.459098 -1.31102 27.9655 250.612 -13 248 1 0 1
0.0976949 8.0237 19250 0.0606905 -1.42414 27.9637 250.566 -13 249 1 0 1
14.1774 -4.13728 19250 -0.232932 0.753243 27.9889 250.562 -13 250 1 0 1
-4.31462 -4.63998 19250 0.133511 0.652941 27.9921 250.521 -13 251 1 0 1
-10.6504 -1.42199 19250 0.212811 0.178537 27.9986 250.52 -13 252 1 0 1
1.41696 3.09465 19250 0.0509843 -0.554671 27.9945 250.512 -13 253 1 0 1
-3.8786 -5.821 19250 0.127309 0.934677 27.9841 250.532 -13 254 1 0 1
-11.5132 3.3321 19250 0.271721 -0.685966 27.9903 250.531 -13 255 1 0 1
-0.435838 -1.29064 19250 0.0642877 0.12495 27.9996 250.507 -13 256 1 0 1
-4.40427 -3.76963 19250 0.117003 0.388661 27.9971 250.52 -13 257 1 0 1
-13.667 -4.99735 19250 0.625977 1.18861 27.9678 250.586 -13 258 1 0 1
-5.29267 -9.70191 19250 0.207756 1.7933 27.9417 250.609 -13 259 1 0 1
-13.3841 -1.32342 19250 0.352816 0.265494 27.9965 250.522 -13 260 1 0 1
0.384778 11.0896 19250 0.0787277 -2.21878 27.9118 250.638 -13 261 1 0 1
-5.8038 -3.68675 19250 0.144719 0.579395 27.9936 250.518 -13 262 1 0 1
-4.12262 -5.71534 19250 0.146534 0.918295 27.9846 250.527 -13 263 1 0 1
1.50652 9.06436 19250 -0.77548 -3.50316 27.7692 250.806 -13 264 1 0 1
3.17675 4.8038 19250 0.0218028 -0.596739 27.9936 250.527 -13 265 1 0 1
-1.24228 -3.43878 19250 0.0748708 0.494116 27.9955 250.515 -13 266 1 0 1
-15.3024 2.72866 19250 0.492429 -0.546081 27.9903 250.549 -13 267 1 0 1
-0.760702 11.8116 19250 -0.485235 -4.06669 27.6989 250.878 -13 268 1 0 1
13.7769 2.50128 19250 -0.172105 -0.373838 27.997 250.541 -13 269 1 0 1
-3.02545 -0.93162 19250 0.123228 0.0955155 27.9996 250.499 -13 270 1 0 1
-13.5882 2.28893 19250 0.350055 -0.436837 27.9944 250.53 -13 271 1 0 1
-14.6475 -3.99992 19250 0.539751 0.832637 27.9824 250.562 -13 272 1 0 1
96.6133 8.40837 19250 3.95704 7.59931 26.6569 251.872 -13 273 1 0 1
11.3244 5.46536 19250 -0.160267 -0.984918 27.9822 250.557 -13 274 1 0 1
4.43862 5.61193 19250 0.0131859 -0.896232 27.9856 250.53 -13 275 1 0 1
10.5023 8.36908 19250 -0.288527 -1.87753 27.9355 250.623 -13 276 1 0 1
1.58499 7.0757 19250 0.0317006 -1.2314 27.9729 250.552 -13 277 1 0 1
-8.28102 -8.82815 19250 0.484191 1.98286 27.9255 250.628 -13 278 1 0 1
13.617 3.68673 19250 -0.252332 -0.767143 27.9884 250.567 -13 279 1 0 1
-2.0512 -6.94096 19250 0.0870469 1.17308 27.9753 250.549 -13 280 1 0 1
7.48417 -8.03556 19250 -0.125919 1.50899 27.959 250.588 -13 281 1 0 1
11.2299 3.74148 19250 -0.148241 -0.602707 27.9931 250.547 -13 282 1 0 1
6.94207 4.76265 19250 -0.0545727 -0.771669 27.9893 250.536 -13 283 1 0 1
6.91207 9.03682 19250 -0.140367 -1.92282 27.9335 250.611 -13 284 1 0 1
14.2699 -1.85315 19250 -0.219418 0.298591 27.9975 250.55 -13 285 1 0 1
-3.47788 2.32139 19250 0.101833 -0.393896 27.997 250.511 -13 286 1 0 1
-6.96911 -3.84865 19250 0.190697 0.604876 27.9928 250.515 -13 287 1 0 1
4.36462 -10.8058 19250 -0.119282 2.07573 27.9227 250.65 -13 288 1 0 1
-5.87476 3.05352 19250 0.148671 -0.463878 27.9958 250.513 -13 289 1 0 1
-0.738727 5.26197 19250 0.0608463 -0.70335 27.9911 250.531 -13 290 1 0 1
0.468399 12.8011 19250 -0.138597 -3.85444 27.7331 250.842 -13 291 1 0 1
11.4216 4.20363 19250 -0.145324 -0.733549 27.99 250.547 -13 292 1 0 1
-7.14538 -8.41783 19250 0.731221 2.42385 27.8853 250.702 -13 293 1 0 1
-12.6112 -5.77724 19250 0.726841 1.53729 27.9483 250.632 -13 294 1 0 1
50.3244 0.882093 19250 2.68449 5.99119 27.2195 251.377 -13 295 1 0 1
-7.42733 -7.5094 19250 0.826269 2.30679 27.8926 250.696 -13 296 1 0 1
-1.2786 -6.97547 19250 0.0770872 1.20053 27.9741 250.55 -13 297 1 0 1
2.38337 -7.90105 19250 0.00826419 1.40104 27.9649 250.568 -13 298 1 0 1
-1.03795 9.18956 19250 0.0768053 -1.57268 27.9557 250.588 -13 299 1 0 1
-8.36379 -8.47465 19250 0.354186 1.84035 27.9372 250.605 -13 300 1 0 1
9.08934 -2.04302 19250 -0.10269 0.447176 27.9962 250.533 -13 301 1 0 1
-8.12362 -0.597229 19250 0.175849 0.118198 27.9992 250.509 -13 302 1 0 1
7.43585 9.46914 19250 -0.553278 -2.64474 27.8693 250.719 -13 303 1 0 1
-9.3563 8.28874 19250 0.493269 -1.93466 27.9287 250.627 -13 304 1 0 1
21.5092 -7.86688 19250 1.02044 7.14319 27.0543 251.513 -13 305 1 0 1
-13.0988 -5.01768 19250 0.816533 1.46275 27.9498 250.643 -13 306 1 0 1
-37.2122 -4.62725 19250 -2.69388 -4.44 27.5142 251.077 -13 307 1 0 1
4.37203 -11.4523 19250 -0.250973 2.99752 27.838 250.723 -13 308 1 0 1
0.944576 3.18454 19250 0.0511843 -0.475228 27.9959 250.513 -13 309 1 0 1
14.3563 4.19764 19250 -0.219601 -0.834359 27.9867 250.557 -13 310 1 0 1
12.0267 0.673784 19250 -1.29804 -1.16419 27.9457 250.727 -13 311 1 0 1
-10.7235 -7.04078 19250 0.725074 1.90723 27.9256 250.665 -13 312 1 0 1
12.5362 -8.06228 19250 -0.405204 1.80705 27.9387 250.639 -13 313 1 0 1
2.65095 4.61995 19250 0.0176081 -0.641327 27.9926 250.528 -13 314 1 0 1
7.17324 5.82436 19250 -0.109954 -1.0009 27.9819 250.559 -13 315 1 0 1
-7.01225 -4.51679 19250 0.1871 0.783351 27.9884 250.522 -13 316 1 0 1
-4.04088 -5.40714 19250 0.141265 0.944735 27.9837 250.525 -13 317 1 0 1
-7.60647 1.48474 19250 0.17893 -0.185781 27.9988 250.507 -13 318 1 0 1
0.164505 12.2155 19250 0.03452 -3.01746 27.8369 250.725 -13 319 1 0 1
33.0219 -3.7221 19250 1.99156 5.72182 27.3367 251.261 -13 320 1 0 1
4.50604 -8.63844 19250 -0.0437743 1.54768 27.9572 250.585 -13 321 1 0 1
4.78546 -6.11289 19250 -0.0122256 1.09517 27.9786 250.542 -13 322 1 0 1
-4.53504 -9.51655 19250 0.198047 1.90462 27.9344 250.605 -13 323 1 0 1
-1.21544 -12.6177 19250 -0.192326 4.53582 27.6295 250.941 -13 324 1 0 1
-1.28342 -11.6337 19250 0.116516 2.49882 27.888 250.672 -13 325 1 0 1
-7.43892 9.517 19250 0.428899 -2.19784 27.9103 250.648 -13 326 1 0 1
-8.51054 0.0793238 19250 0.193495 -0.0430612 27.9993 250.507 -13 327 1 0 1
5.47344 7.2337 19250 -0.0897949 -1.17796 27.9751 250.575 -13 328 1 0 1
-0.680479 7.25135 19250 0.071988 -1.18372 27.9749 250.551 -13 329 1 0 1
4.71791 -10.3503 19250 -0.083318 2.04284 27.9253 250.63 -13 330 1 0 1
-15.288 3.73337 19250 0.610436 -0.776294 27.9826 250.573 -13 331 1 0 1
9.95832 8.75138 19250 -0.532885 -2.22473 27.9064 250.689 -13 332 1 0 1
-4.20543 10.8424 19250 0.288288 -2.45217 27.8909 250.662 -13 333 1 0 1
7.42987 9.05999 19250 -0.182734 -1.94268 27.9319 250.621 -13 334 1 0 1
-5.24288 -9.10902 19250 0.241981 1.61304 27.9525 250.586 -13 335 1 0 1
15.4081 0.945715 19250 -0.224284 -0.111464 27.9989 250.547 -13 336 1 0 1
-11.7212 -1.23253 19250 0.275549 0.301651 27.997 250.517 -13 337 1 0 1
0.175406 2.72966 19250 0.0419136 -0.337123 27.9979 250.516 -13 338 1 0 1
-8.39114 -8.0728 19250 0.270571 1.48061 27.9595 250.585 -13 339 1 0 1
-1.71386 -1.02445 19250 0.0711205 0.1113 27.9997 250.508 -13 340 1 0 1
8.91757 9.55377 19250 -0.417115 -2.33642 27.8992 250.681 -13 341 1 0 1
-8.78072 -0.872385 19250 1.51113 1.18434 27.9341 250.716 -13 342 1 0 1
5.84123 -5.39091 19250 -0.0434284 0.93813 27.9842 250.54 -13 343 1 0 1
4.82743 8.9541 19250 -0.0691105 -1.60798 27.9537 250.596 -13 344 1 0 1
1.21455 -12.2822 19250 0.419625 4.15683 27.6865 250.892 -13 345 1 0 1
5.10804 7.85833 19250 -0.0365079 -1.37769 27.9661 250.569 -13 346 1 0 1
-6.07106 -9.27242 19250 0.640607 2.62794 27.869 250.709 -13 347 1 0 1
-15.8237 2.46768 19250 0.555079 -0.469515 27.9906 250.555 -13 348 1 0 1
-8.85366 -8.53138 19250 0.419856 1.88538 27.9333 250.616 -13 349 1 0 1
15.0058 -2.21335 19250 -0.239441 0.327385 27.9971 250.554 -13 350 1 0 1
-13.6862 -4.90952 19250 0.437507 0.935911 27.9809 250.561 -13 351 1 0 1
-1.36631 2.95024 19250 0.087314 -0.44506 27.9963 250.509 -13 352 1 0 1
-11.4375 -5.8251 19250 0.792007 1.6502 27.9401 250.638 -13 353 1 0 1
-2.52945 -0.60797 19250 0.0798923 0.101904 27.9997 250.508 -13 354 1 0 1
-4.47917 -9.79566 19250 0.197998 1.86937 27.9368 250.609 -13 355 1 0 1
18.864 -1.97931 19250 -0.634004 0.568941 27.987 250.619 -13 356 1 0 1
9.0674 7.73546 19250 -0.158747 -1.41059 27.964 250.588 -13 357 1 0 1
-10.5028 -4.93765 19250 0.273037 0.880366 27.9848 250.537 -13 358 1 0 1
2.54371 5.54076 19250 0.0252362 -0.810487 27.9883 250.531 -13 359 1 0 1
5.49974 10.6365 19250 -0.19014 -2.31875 27.9032 250.664 -13 360 1 0 1
-8.83937 -8.67508 19250 0.369759 1.81965 27.9384 250.613 -13 361 1 0 1
48.6663 8.78632 19250 3.19835 4.52026 27.447 251.213 -13 362 1 0 1
-15.6616 -0.684308 19250 0.476327 0.129573 27.9956 250.539 -13 363 1 0 1
2.48455 -1.25507 19250 0.0453129 0.13501 27.9996 250.504 -13 364 1 0 1
-2.52829 -9.71052 19250 0.740145 3.10944 27.817 250.765 -13 365 1 0 1
11.3891 7.19836 19250 -0.181603 -1.18902 27.9742 250.579 -13 366 1 0 1
8.74254 3.87852 19250 -0.0865616 -0.633245 27.9927 250.537 -13 367 1 0 1
64.9312 15.5421 19250 3.86452 4.62104 27.3443 251.316 -13 368 1 0 1
-3.95286 5.32448 19250 0.122827 -0.901678 27.9852 250.528 -13 369 1 0 1
-12.333 5.63184 19250 0.416047 -1.1389 27.9737 250.562 -13 370 1 0 1
3.60353 11.1586 19250 -0.0998063 -2.34356 27.9016 250.664 -13 371 1 0 1
17.0673 1.61009 19250 -0.338335 -0.143202 27.9976 250.571 -13 372 1 0 1
-20.6902 5.59569 19250 -1.57538 -5.14255 27.4786 251.073 -13 373 1 0 1
12.2522 4.72589 19250 -0.200121 -0.856256 27.9862 250.561 -13 374 1 0 1
-11.7027 6.68062 19250 0.436999 -1.39488 27.9618 250.586 -13 375 1 0 1
-8.88267 -8.30987 19250 0.341598 1.70058 27.9462 250.599 -13 376 1 0 1
-7.42862 -7.25939 19250 0.234584 1.26892 27.9702 250.559 -13 377 1 0 1
32.4804 -2.91761 19250 2.09902 5.33931 27.4059 251.212 -13 378 1 0 1
6.74004 7.08464 19250 -0.091769 -1.22574 27.973 250.569 -13 379 1 0 1
7.69904 6.10592 19250 -0.0909236 -0.918235 27.9848 250.555 -13 380 1 0 1
3.83256 3.73034 19250 -0.0187469 -0.557286 27.9944 250.53 -13 381 1 0 1
-14.1809 0.248657 19250 0.391939 -0.0649274 27.9972 250.524 -13 382 1 0 1
-10.9427 -1.46968 19250 0.259079 0.160083 27.9983 250.513 -13 383 1 0 1
-53.8503 -4.77408 19250 -2.98703 -5.56592 27.2782 251.237 -13 384 1 0 1
2.93158 1.42267 19250 0.0232029 -0.0909851 27.9998 250.51 -13 385 1 0 1
13.9472 7.58611 19250 1.34005 -4.65326 27.5781 251.022 -13 386 1 0 1
-12.8571 0.119205 19250 0.322425 0.190972 27.9975 250.52 -13 387 1 0 1
-3.19262 -9.10231 19250 0.137904 1.65666 27.9506 250.587 -13 388 1 0 1
-14.4272 0.496298 19250 0.421686 -0.0669729 27.9967 250.525 -13 389 1 0 1
-3.97363 5.37642 19250 0.123071 -0.828025 27.9875 250.528 -13 390 1 0 1
-4.15369 0.676914 19250 0.119581 -0.0646022 27.9997 250.503 -13 391 1 0 1
-7.83055 -2.84752 19250 0.201607 0.40715 27.9963 250.51 -13 392 1 0 1
10.1249 2.03187 19250 -0.0852293 -0.313802 27.9981 250.525 -13 393 1 0 1
0.969682 4.62406 19250 0.0686876 -0.782704 27.989 250.517 -13 394 1 0 1
-5.94671 0.706976 19250 0.156238 -0.144577 27.9992 250.502 -13 395 1 0 1
41.5702 7.2756 19250 3.0006 4.23083 27.5154 251.158 -13 396 1 0 1
3.20754 4.03507 19250 0.011694 -0.566927 27.9943 250.524 -13 397 1 0 1
-2.19388 -5.4416 19250 0.107823 0.865032 27.9864 250.525 -13 398 1 0 1
-8.90989 8.86593 19250 0.391408 -1.81387 27.9384 250.619 -13 399 1 0 1
-7.27915 -5.88436 19250 1.02029 2.16284 27.8977 250.705 -13 400 1 0 1
-11.5384 -6.96262 19250 0.409673 1.38039 27.963 250.587 -13 401 1 0 1
5.95846 6.98366 19250 -0.0548661 -1.24075 27.9724 250.56 -13 402 1 0 1
7.6682 9.0426 19250 -0.536589 -2.71972 27.8624 250.709 -13 403 1 0 1
-4.89974 5.85031 19250 0.143713 -0.83626 27.9871 250.533 -13 404 1 0 1
4.75379 -1.63062 19250 -0.00459285 0.196794 27.9993 250.514 -13 405 1 0 1
-0.747631 -5.3814 19250 0.0697643 0.906502 27.9852 250.529 -13 406 1 0 1
-9.54241 -4.44225 19250 0.232361 0.726984 27.9896 250.53 -13 407 1 0 1
-1.43717 -12.5303 19250 0.312527 3.29453 27.8037 250.777 -13 408 1 0 1
14.9904 3.1174 19250 -0.262984 -0.49749 27.9943 250.564 -13 409 1 0 1
-0.711423 6.25758 19250 0.088841 -1.11667 27.9776 250.534 -13 410 1 0 1
-4.38317 -3.78453 19250 0.142201 0.564703 27.9939 250.513 -13 411 1 0 1
0.763628 -3.412 19250 0.0486026 0.480519 27.9958 250.516 -13 412 1 0 1
-5.72268 5.93874 19250 0.195325 -1.0178 27.9808 250.528 -13 413 1 0 1
-8.27368 -2.97955 19250 0.220571 0.554372 27.9936 250.511 -13 414 1 0 1
-1.72026 -1.36555 19250 0.0938339 0.324019 27.998 250.503 -13 415 1 0 1
-7.38084 -9.77668 19250 0.470574 2.34396 27.8977 250.675 -13 416 1 0 1
0.585888 -12.4592 19250 0.477992 3.74602 27.7442 250.849 -13 417 1 0 1
1.69685 -5.07968 19250 0.0377826 0.831417 27.9876 250.527 -13 418 1 0 1
-14.9992 1.21307 19250 1.08497 -0.480732 27.9748 250.629 -13 419 1 0 1
-8.76561 -8.464 19250 0.646671 2.14228 27.9104 250.673 -13 420 1 0 1
-16.3446 1.81007 19250 0.637826 -0.405843 27.9898 250.564 -13 421 1 0 1
11.6373 -6.37045 19250 -0.201577 1.15741 27.9753 250.574 -13 422 1 0 1
-0.44946 11.4474 19250 0.0402146 -2.36083 27.9003 250.668 -13 423 1 0 1
-14.1151 -0.38886 19250 0.368899 0.161814 27.9971 250.526 -13 424 1 0 1
-11.0055 4.359 19250 0.293626 -0.85602 27.9854 250.534 -13 425 1 0 1
-8.65963 5.33357 19250 -1.41198 -3.89898 27.6912 250.902 -13 426 1 0 1
6.67574 10.5397 19250 -0.156977 -2.16232 27.9159 250.645 -13 427 1 0 1
1.63983 4.24828 19250 0.0580833 -0.736009 27.9903 250.516 -13 428 1 0 1
15.7881 0.176019 19250 -0.285812 -0.0175738 27.9985 250.561 -13 429 1 0 1
4.10695 -1.68235 19250 -0.0239688 0.177758 27.9994 250.521 -13 430 1 0 1
8.19325 -6.09993 19250 -0.142366 1.13873 27.9765 250.568 -13 431 1 0 1
-13.0733 2.85237 19250 0.374481 -0.516938 27.9927 250.527 -13 432 1 0 1
75.2438 9.46226 19250 3.72607 5.89622 27.1174 251.467 -13 433 1 0 1
14.5766 -1.66222 19250 -0.248387 0.362732 27.9965 250.557 -13 434 1 0 1
10.1541 -4.05201 19250 -0.112289 0.611294 27.9931 250.541 -13 435 1 0 1
12.2848 -4.2197 19250 -0.203091 0.774229 27.9886 250.559 -13 436 1 0 1
16.2239 0.615682 19250 -0.240151 0.0223005 27.999 250.549 -13 437 1 0 1
4.12002 -12.6731 19250 0.458637 4.79282 27.5829 251.017 -13 438 1 0 1
-4.25013 -0.533661 19250 0.118596 0.0160483 27.9997 250.504 -13 439 1 0 1
17.1181 3.77305 19250 -0.653054 -0.970098 27.9756 250.633 -13 440 1 0 1
2.06529 2.3962 19250 0.0228164 -0.410206 27.997 250.515 -13 441 1 0 1
1.85865 12.3199 19250 -0.268143 -3.61701 27.7641 250.806 -13 442 1 0 1
8.06478 -6.2505 19250 -0.0905591 1.0006 27.982 250.554 -13 443 1 0 1
-5.59699 -1.74564 19250 0.13161 0.275141 27.9983 250.51 -13 444 1 0 1
18.8418 1.12998 19250 -0.663481 -0.350519 27.9899 250.621 -13 445 1 0 1
-0.565046 -0.459911 19250 0.0685123 0.0389738 27.9999 250.504 -13 446 1 0 1
-2.70789 -8.444 19250 0.100344 1.41773 27.9639 250.576 -13 447 1 0 1
9.58689 -4.86726 19250 -0.101175 0.830376 27.9875 250.543 -13 448 1 0 1
-5.16476 1.87653 19250 0.104295 -0.301457 27.9982 250.516 -13 449 1 0 1
7.83365 2.44745 19250 -1.36383 -1.7957 27.9091 250.761 -13 450 1 0 1
12.0598 -4.8677 19250 -0.150311 0.79725 27.9882 250.55 -13 451 1 0 1
4.81112 -8.21738 19250 -0.0484707 1.49862 27.9598 250.579 -13 452 1 0 1
-12.8263 5.42238 19250 0.425276 -1.04131 27.9774 250.561 -13 453 1 0 1
14.5829 3.98187 19250 -0.264188 -0.743299 27.9889 250.568 -13 454 1 0 1
-12.8008 -1.73006 19250 0.314224 0.34744 27.9961 250.523 -13 455 1 0 1
-22.0827 2.96305 19250 -1.90254 -4.49792 27.5708 251.021 -13 456 1 0 1
9.08529 2.09089 19250 -0.0934268 -0.309208 27.9981 250.53 -13 457 1 0 1
0.528746 7.97201 19250 -0.99053 -3.27741 27.7899 250.819 -13 458 1 0 1
9.61285 2.24708 19250 -0.108384 -0.415036 27.9967 250.534 -13 459 1 0 1
15.0883 -6.10121 19250 -0.44013 1.35815 27.9636 250.617 -13 460 1 0 1
6.15865 -8.33358 19250 -0.0761161 1.44142 27.9628 250.583 -13 461 1 0 1
2.72816 -1.17506 19250 0.0452569 0.20979 27.9992 250.503 -13 462 1 0 1
-7.65573 5.39708 19250 0.213587 -0.958826 27.9828 250.531 -13 463 1 0 1
-6.19786 -7.24147 19250 0.187035 1.36474 27.9661 250.561 -13 464 1 0 1
15.2194 5.68157 19250 -0.486336 -1.37745 27.9619 250.623 -13 465 1 0 1
8.43712 7.24105 19250 -0.10791 -1.25931 27.9715 250.569 -13 466 1 0 1
1.28532 13.07 19250 0.0937635 -4.28653 27.6698 250.892 -13 467 1 0 1
5.81012 0.490635 19250 -0.031514 -0.025232 28 250.517 -13 468 1 0 1
-15.8828 -3.70886 19250 0.642911 0.900463 27.9781 250.592 -13 469 1 0 1
-13.0092 3.24708 19250 0.369854 -0.554689 27.9921 250.53 -13 470 1 0 1
8.35993 -4.80969 19250 -0.0873269 0.719398 27.9906 250.542 -13 471 1 0 1
-2.85483 6.28845 19250 0.0955525 -0.89091 27.9857 250.541 -13 472 1 0 1
-5.48419 -9.11882 19250 0.197639 1.82 27.9401 250.601 -13 473 1 0 1
1.23477 12.4332 19250 0.00562008 -2.90855 27.8485 250.716 -13 474 1 0 1
2.30818 3.20627 19250 0.00368791 -0.424969 27.9968 250.524 -13 475 1 0 1
8.14618 -9.73392 19250 -0.415486 2.50735 27.8844 250.689 -13 476 1 0 1
-4.28904 11.3298 19250 0.340464 -2.83297 27.8542 250.721 -13 477 1 0 1
-12.1404 4.49999 19250 -1.57339 -3.98107 27.6708 250.933 -13 478 1 0 1
-2.97278 -2.13267 19250 0.113887 0.239024 27.9987 250.504 -13 479 1 0 1
7.67198 2.42869 19250 -0.0935406 -0.425732 27.9966 250.535 -13 480 1 0 1
-7.1724 1.23956 19250 0.175563 -0.214946 27.9986 250.505 -13 481 1 0 1
7.99794 2.36684 19250 -0.0786623 -0.370865 27.9974 250.529 -13 482 1 0 1
-0.228538 -5.57904 19250 0.0646222 0.72467 27.9905 250.531 -13 483 1 0 1
-8.79653 -6.18713 19250 0.229741 1.02185 27.9804 250.547 -13 484 1 0 1
-5.59538 9.85616 19250 0.245396 -2.02213 27.9258 250.624 -13 485 1 0 1
0.524213 11.3934 19250 -0.587944 -3.7388 27.743 250.849 -13 486 1 0 1
-1.15221 11.4913 19250 0.147607 -2.77816 27.8614 250.685 -13 487 1 0 1
-0.637665 10.104 19250 0.08097 -1.8718 27.9372 250.61 -13 488 1 0 1
5.95308 7.36554 19250 -0.922489 -2.6936 27.8549 250.761 -13 489 1 0 1
-8.48026 8.70192 19250 0.555992 -2.17902 27.9095 250.658 -13 490 1 0 1
-11.6768 -5.64704 19250 0.802141 1.63763 27.9406 250.641 -13 491 1 0 1
-13.2479 -5.36376 19250 0.586401 1.25212 27.9658 250.586 -13 492 1 0 1
-13.3841 -1.40227 19250 0.355306 0.208749 27.997 250.522 -13 493 1 0 1
-0.504537 3.94917 19250 0.0526348 -0.617973 27.9931 250.523 -13 494 1 0 1
-3.23789 -9.94507 19250 0.168359 2.00791 27.9274 250.613 -13 495 1 0 1
-2.34295 -7.21651 19250 0.0988479 1.39013 27.9653 250.557 -13 496 1 0 1
-1.62715 5.66123 19250 0.105384 -0.92906 27.9844 250.525 -13 497 1 0 1
13.2556 -0.523804 19250 -0.150166 0.0301011 27.9996 250.533 -13 498 1 0 1
-3.52198 7.49521 19250 0.0875567 -1.14677 27.9764 250.565 -13 499 1 0 1
-4.97767 -9.85349 19250 0.215513 1.96304 27.9303 250.617 -13 500 1 0 1
0.681677 -9.04178 19250 0.0332893 1.6113 27.9536 250.587 -13 501 1 0 1
-14.5699 -3.09886 19250 0.427725 0.597836 27.9903 250.545 -13 502 1 0 1
13.5667 -0.784899 19250 -0.162856 0.16179 27.9991 250.536 -13 503 1 0 1
2.65542 -6.0401 19250 0.0236624 0.911444 27.9852 250.536 -13 504 1 0 1
1.96409 2.35605 19250 0.0260093 -0.301966 27.9984 250.514 -13 505 1 0 1
5.7597 -5.41762 19250 -0.0313649 0.758933 27.9897 250.537 -13 506 1 0 1
10.6614 -0.856405 19250 -0.096384 0.198017 27.9991 250.525 -13 507 1 0 1
6.65777 10.5166 19250 -0.323979 -2.5393 27.8827 250.692 -13 508 1 0 1
-4.18989 -0.704779 19250 0.108187 0.101008 27.9996 250.507 -13 509 1 0 1
0.218038 10.0282 19250 0.0540095 -1.98085 27.9298 250.613 -13 510 1 0 1
6.15344 -4.14539 19250 -0.0493866 0.62785 27.9929 250.534 -13 511 1 0 1
-9.54237 -6.32793 19250 0.280573 1.25838 27.9703 250.557 -13 512 1 0 1
-1.84379 3.69919 19250 0.0603627 -0.647521 27.9924 250.524 -13 513 1 0 1
-20.4622 4.9258 19250 -1.68548 -4.83009 27.5287 251.041 -13 514 1 0 1
-8.95266 -4.95286 19250 0.238115 0.846327 27.9862 250.53 -13 515 1 0 1
0.170304 12.9309 19250 0.113421 -3.74854 27.7477 250.826 -13 516 1 0 1
5.00428 5.16517 19250 -0.0249901 -0.819874 27.988 250.535 -13 517 1 0 1
-2.82218 -9.95461 19250 0.107109 2.00654 27.9278 250.62 -13 518 1 0 1
-15.0781 -2.68139 19250 0.567538 0.692708 27.9857 250.553 -13 519 1 0 1
1.1329 -13.0618 19250 0.103265 3.89289 27.7279 250.838 -13 520 1 0 1
-12.5351 5.62771 19250 0.780306 -1.55196 27.9461 250.644 -13 521 1 0 1
-11.7693 -6.12812 19250 0.389994 1.21888 27.9707 250.567 -13 522 1 0 1
13.747 -3.69026 19250 -0.197844 0.733871 27.9897 250.553 -13 523 1 0 1
12.6913 6.56954 19250 -0.616762 -1.93606 27.9262 250.664 -13 524 1 0 1
-4.50987 -4.61684 19250 0.119457 0.722063 27.9904 250.525 -13 525 1 0 1
12.406 -0.41707 19250 -0.161948 0.123103 27.9993 250.538 -13 526 1 0 1
-24.771 3.61619 19250 -1.8889 -4.85863 27.5105 251.068 -13 527 1 0 1
-9.06404 4.54815 19250 0.222146 -0.772697 27.9885 250.529 -13 528 1 0 1
1.71958 -12.7613 19250 -0.114885 3.22931 27.8129 250.765 -13 529 1 0 1
6.23409 -5.20672 19250 -0.0610652 0.912495 27.9851 250.543 -13 530 1 0 1
-11.1914 6.71901 19250 0.528868 -1.63509 27.9472 250.601 -13 531 1 0 1
7.63034 -3.98833 19250 -0.0599538 0.710304 27.9909 250.532 -13 532 1 0 1
13.3893 -2.38261 19250 -0.202205 0.542248 27.994 250.55 -13 533 1 0 1
-0.839932 10.3255 19250 0.102864 -2.01895 27.9269 250.616 -13 534 1 0 1
-13.2471 5.28761 19250 0.495916 -1.01407 27.9772 250.563 -13 535 1 0 1
9.44763 -9.38607 19250 1.09777 4.47052 27.619 250.992 -13 536 1 0 1
11.0317 3.31934 19250 -0.12528 -0.394412 27.9969 250.54 -13 537 1 0 1
19.0786 -0.576757 19250 -0.428669 0.20216 27.996 250.581 -13 538 1 0 1
2.68977 12.1603 19250 -0.0782841 -2.95548 27.8435 250.715 -13 539 1 0 1
-2.39715 -11.0358 19250 0.217543 2.47116 27.8899 250.654 -13 540 1 0 1
17.0368 2.92832 19250 -0.386321 -0.554394 27.9918 250.585 -13 541 1 0 1
17.016 1.31804 19250 -0.407721 -0.263764 27.9958 250.585 -13 542 1 0 1
1.33561 10.8814 19250 -0.596498 -3.6643 27.7528 250.826 -13 543 1 0 1
11.9142 -3.54319 19250 -0.138824 0.450022 27.996 250.542 -13 544 1 0 1
-6.6602 -9.67105 19250 0.315867 1.94657 27.9305 250.622 -13 545 1 0 1
-7.28958 2.27003 19250 0.171808 -0.390393 27.9968 250.511 -13 546 1 0 1
13.2952 -2.48993 19250 -0.184841 0.455905 27.9957 250.545 -13 547 1 0 1
-3.88417 -2.31713 19250 0.124855 0.400716 27.9969 250.506 -13 548 1 0 1
-10.5901 -7.10703 19250 0.397158 1.46915 27.9586 250.583 -13 549 1 0 1
13.2494 6.90978 19250 -0.459901 -1.69888 27.9446 250.636 -13 550 1 0 1
-0.281247 6.84176 19250 0.0632478 -1.15145 27.9762 250.546 -13 551 1 0 1
-12.7341 -0.805888 19250 0.319618 0.15574 27.9977 250.517 -13 552 1 0 1
1.10215 -3.11868 19250 0.0411496 0.432059 27.9966 250.515 -13 553 1 0 1
2.54905 -12.4705 19250 0.428726 4.39304 27.6499 250.928 -13 554 1 0 1
-12.3232 2.27677 19250 0.321867 -0.371067 27.9957 250.52 -13 555 1 0 1
13.2373 -0.744741 19250 -0.175426 0.0976317 27.9993 250.54 -13 556 1 0 1
-6.23651 3.27543 19250 0.169732 -0.548163 27.9941 250.511 -13 557 1 0 1
13.6235 2.29065 19250 -1.13011 -1.24074 27.9497 250.704 -13 558 1 0 1
-4.92695 -9.18645 19250 0.716825 2.80363 27.8501 250.737 -13 559 1 0 1
-4.57543 -6.85382 19250 0.156973 1.21153 27.9733 250.547 -13 560 1 0 1
-2.46775 -2.94282 19250 0.0995045 0.484313 27.9956 250.51 -13 561 1 0 1
5.51017 -10.5102 19250 -0.146122 2.37647 27.8986 250.652 -13 562 1 0 1
-15.2292 -0.00185196 19250 0.416726 0.0443747 27.9969 250.534 -13 563 1 0 1
-1.22093 -10.1748 19250 0.740473 3.39263 27.7838 250.813 -13 564 1 0 1
-4.8824 -4.87745 19250 0.172192 0.720452 27.9902 250.517 -13 565 1 0 1
-7.12953 -7.06916 19250 0.207215 1.16718 27.9749 250.554 -13 566 1 0 1
-6.4447 4.79291 19250 0.187228 -0.781933 27.9885 250.52 -13 567 1 0 1
-14.4515 -1.59559 19250 0.432512 0.322761 27.9948 250.53 -13 568 1 0 1
-17.0183 -1.38279 19250 0.73286 0.4077 27.9874 250.586 -13 569 1 0 1
-2.52248 -8.69143 19250 0.133838 1.58589 27.9547 250.576 -13 570 1 0 1
-0.208526 6.42396 19250 0.0516229 -1.01168 27.9817 250.543 -13 571 1 0 1
-0.271227 -11.928 19250 0.0684585 2.58916 27.8799 250.684 -13 572 1 0 1
17.3411 2.02302 19250 -0.354593 -0.379617 27.9952 250.573 -13 573 1 0 1
10.7023 -0.470129 19250 -0.120059 0.0793567 27.9996 250.531 -13 574 1 0 1
14.0795 6.3321 19250 -0.579083 -1.67168 27.9441 250.65 -13 575 1 0 1
8.97783 8.46475 19250 -0.566291 -2.3788 27.893 250.696 -13 576 1 0 1
-8.3391 -5.8893 19250 0.270839 1.15346 27.9749 250.539 -13 577 1 0 1
-0.303246 0.806426 19250 1.87443 1.84971 27.8759 250.81 -13 578 1 0 1
7.0884 3.2768 19250 -0.0456988 -0.614518 27.9932 250.526 -13 579 1 0 1
-7.08932 -9.22975 19250 0.288756 1.87446 27.9357 250.612 -13 580 1 0 1
2.05544 7.72679 19250 0.0183457 -1.35803 27.967 250.564 -13 581 1 0 1
5.07355 5.05525 19250 -0.0119803 -0.827407 27.9878 250.531 -13 582 1 0 1
13.5191 5.03709 19250 -0.247625 -0.81292 27.9871 250.572 -13 583 1 0 1
-12.7895 -5.85436 19250 0.657759 1.40267 27.9571 250.608 -13 584 1 0 1
-13.5165 -4.3509 19250 0.860308 1.27746 27.9576 250.63 -13 585 1 0 1
10.083 -3.96168 19250 -0.123183 0.597649 27.9933 250.544 -13 586 1 0 1
15.0717 5.76408 19250 -0.440507 -1.26036 27.9682 250.615 -13 587 1 0 1
13.0952 -2.1202 19250 -0.169524 0.296754 27.9979 250.541 -13 588 1 0 1
-0.455158 6.88416 19250 0.052641 -1.09295 27.9786 250.549 -13 589 1 0 1
-15.0458 -3.5739 19250 0.48382 0.773793 27.9851 250.56 -13 590 1 0 1
-11.5113 6.6302 19250 0.477416 -1.37769 27.962 250.581 -13 591 1 0 1
1.94622 -2.30154 19250 0.0405489 0.242843 27.9989 250.51 -13 592 1 0 1
9.99918 7.93539 19250 -0.197611 -1.57612 27.9549 250.598 -13 593 1 0 1
-14.0408 2.79759 19250 0.425444 -0.471376 27.9928 250.534 -13 594 1 0 1
-1.60125 -9.8275 19250 0.0916567 1.98531 27.9294 250.611 -13 595 1 0 1
3.36741 6.45157 19250 -0.00153577 -1.09621 27.9785 250.546 -13 596 1 0 1
12.9052 5.36808 19250 2.48538 2.35895 27.7895 250.947 -13 597 1 0 1
-9.96114 -2.54748 19250 0.215085 0.42362 27.996 250.52 -13 598 1 0 1
-13.9697 1.5869 19250 0.384532 -0.274594 27.996 250.527 -13 599 1 0 1
-1.51174 6.6347 19250 -1.12542 -3.50293 27.7572 250.831 -13 600 1 0 1
-9.90406 -2.5008 19250 0.275103 0.523476 27.9938 250.51 -13 601 1 0 1
8.90516 -4.85195 19250 -0.0971361 0.820196 27.9878 250.543 -13 602 1 0 1
8.24946 9.86237 19250 -0.305109 -2.2406 27.9085 250.663 -13 603 1 0 1
-5.15941 -2.30165 19250 0.131192 0.257646 27.9985 250.51 -13 604 1 0 1
8.35665 6.87059 19250 -0.853362 -2.34203 27.8888 250.73 -13 605 1 0 1
3.36611 -0.304097 19250 0.0127677 0.0650065 27.9999 250.51 -13 606 1 0 1
-15.7623 0.411509 19250 0.507207 0.0220549 27.9954 250.539 -13 607 1 0 1
6.4395 -6.40432 19250 -0.0760344 1.06667 27.9796 250.556 -13 608 1 0 1
7.75137 6.49132 19250 -0.0857381 -1.08329 27.9789 250.556 -13 609 1 0 1
-7.92306 3.7345 19250 -1.53668 -3.53327 27.7336 250.881 -13 610 1 0 1
-0.81543 1.63158 19250 0.0631039 -0.365695 27.9975 250.51 -13 611 1 0 1
-6.31672 -6.06913 19250 0.188895 1.03149 27.9804 250.536 -13 612 1 0 1
4.39201 8.47485 19250 -0.0519757 -1.70675 27.9479 250.587 -13 613 1 0 1
-8.85837 -5.63722 19250 0.259017 1.04328 27.9794 250.537 -13 614 1 0 1
-12.1429 3.0533 19250 0.353086 -0.573962 27.9919 250.522 -13 615 1 0 1
-0.414066 -12.0407 19250 0.089122 2.88329 27.851 250.707 -13 616 1 0 1
0.0983262 -0.569681 19250 0.0618708 -0.0433441 27.9999 250.505 -13 617 1 0 1
-1.64014 10.1055 19250 0.0857973 -1.96778 27.9306 250.619 -13 618 1 0 1
17.4827 4.19981 19250 -0.590002 -1.0436 27.9743 250.622 -13 619 1 0 1
8.24996 -6.89751 19250 1.32527 3.85108 27.7022 250.906 -13 620 1 0 1
-5.01251 -5.72838 19250 1.12344 2.4036 27.874 250.743 -13 621 1 0 1
6.4065 3.78562 19250 -1.19541 -2.28119 27.8813 250.756 -13 622 1 0 1
3.40343 11.5103 19250 -0.0562753 -2.54052 27.8845 250.669 -13 623 1 0 1
10.1122 -8.52895 19250 -0.55435 2.25312 27.9037 250.688 -13 624 1 0 1
-11.7651 -5.7425 19250 0.40023 1.18028 27.9722 250.559 -13 625 1 0 1
-12.747 -3.68239 19250 0.353906 0.734345 27.9881 250.536 -13 626 1 0 1
-3.1911 -5.67166 19250 0.100928 0.93331 27.9843 250.534 -13 627 1 0 1
11.9947 -5.98302 19250 -0.246293 1.22452 27.9721 250.583 -13 628 1 0 1
6.01263 -9.52399 19250 -0.0755283 1.86607 27.9376 250.605 -13 629 1 0 1
7.79048 8.82098 19250 -0.577749 -2.59001 27.874 250.711 -13 630 1 0 1
-14.5922 -4.45354 19250 0.586297 0.981631 27.9766 250.576 -13 631 1 0 1
0.272431 -7.38588 19250 0.0751798 1.1875 27.9747 250.548 -13 632 1 0 1
-7.20037 9.62597 19250 0.32986 -1.96535 27.929 250.628 -13 633 1 0 1
-9.6492 -0.654071 19250 1.53147 0.976974 27.941 250.721 -13 634 1 0 1
3.09702 4.82044 19250 0.0297642 -0.844554 27.9872 250.523 -13 635 1 0 1
5.01768 -0.960711 19250 -0.0357831 0.244633 27.9989 250.521 -13 636 1 0 1
5.7021 1.59316 19250 -0.00868004 -0.255435 27.9988 250.512 -13 637 1 0 1
10.6016 8.52996 19250 -0.328471 -1.78399 27.9412 250.635 -13 638 1 0 1
-11.9039 6.98386 19250 0.597259 -1.61839 27.9468 250.627 -13 639 1 0 1
-8.00391 7.08981 19250 0.238399 -1.1389 27.9758 250.556 -13 640 1 0 1
-12.794 0.392809 19250 0.288348 -0.0924656 27.9984 250.522 -13 641 1 0 1
-9.88878 -5.41428 19250 0.272508 0.970908 27.9818 250.539 -13 642 1 0 1
-2.16532 11.9145 19250 0.514207 -3.23508 27.8077 250.793 -13 643 1 0 1
-12.2642 -2.37515 19250 0.337124 0.448736 27.9944 250.519 -13 644 1 0 1
13.8389 6.13384 19250 -0.637361 -1.57385 27.9485 250.661 -13 645 1 0 1
-2.54002 10.2778 19250 0.138042 -2.019 27.9268 250.621 -13 646 1 0 1
0.490148 11.1644 19250 0.0373287 -2.37599 27.899 250.654 -13 647 1 0 1
5.41597 -8.23933 19250 -0.04614 1.49111 27.9602 250.577 -13 648 1 0 1
-4.08181 -9.22905 19250 0.211466 1.898 27.9348 250.594 -13 649 1 0 1
83.9136 6.63051 19250 3.65223 7.11244 26.8342 251.722 -13 650 1 0 1
-16.4569 0.156419 19250 0.725333 -0.111993 27.9904 250.565 -13 651 1 0 1
-1.23202 0.306145 19250 0.0705483 -0.0531065 27.9999 250.506 -13 652 1 0 1
-7.45042 -5.15668 19250 0.205435 0.881057 27.9854 250.528 -13 653 1 0 1
10.8243 4.89892 19250 -0.166187 -0.848155 27.9867 250.557 -13 654 1 0 1
-12.2617 -0.235496 19250 0.291653 0.161549 27.998 250.517 -13 655 1 0 1
-1.96245 8.89193 19250 0.0901527 -1.62702 27.9525 250.586 -13 656 1 0 1
18.7678 1.49636 19250 -0.519508 -0.308292 27.9935 250.599 -13 657 1 0 1
-14.7557 -1.4374 19250 0.436271 0.187911 27.996 250.531 -13 658 1 0 1
-7.77627 -7.75739 19250 0.264557 1.44961 27.9612 250.573 -13 659 1 0 1
9.69637 9.1682 19250 -0.388261 -2.07756 27.9201 250.664 -13 660 1 0 1
-10.1666 2.84276 19250 -1.68492 -3.56092 27.7215 250.896 -13 661 1 0 1
9.49511 6.75527 19250 -0.167573 -1.29624 27.9695 250.578 -13 662 1 0 1
6.87653 1.48799 19250 -0.0309176 -0.132446 27.9997 250.516 -13 663 1 0 1
11.3173 -6.39678 19250 -0.158145 1.26483 27.971 250.567 -13 664 1 0 1
-0.275249 8.5847 19250 0.084356 -1.42897 27.9634 250.57 -13 665 1 0 1
12.2168 -7.50462 19250 -0.255829 1.40866 27.9634 250.599 -13 666 1 0 1
14.8093 5.56923 19250 -0.339708 -1.0811 27.9771 250.592 -13 667 1 0 1
1.36921 -1.86227 19250 1.67044 2.41297 27.8458 250.82 -13 668 1 0 1
-10.5883 5.33193 19250 0.258459 -0.849966 27.9859 250.545 -13 669 1 0 1
0.342901 12.2064 19250 -0.367586 -4.05585 27.7023 250.865 -13 670 1 0 1
0.912809 7.65801 19250 0.0213722 -1.29446 27.9701 250.566 -13 671 1 0 1
40.4874 2.7861 19250 2.67456 4.82602 27.451 251.17 -13 672 1 0 1
-2.72182 -8.31542 19250 0.133295 1.33412 27.9679 250.565 -13 673 1 0 1
-11.9635 0.175712 19250 1.43509 -0.489526 27.9589 250.684 -13 674 1 0 1
-6.28619 2.05112 19250 0.173127 -0.355988 27.9972 250.504 -13 675 1 0 1
13.7156 5.63033 19250 -0.757408 -1.6893 27.9387 250.676 -13 676 1 0 1
4.93454 -6.9628 19250 -0.0281919 1.10174 27.9783 250.553 -13 677 1 0 1
12.3842 4.02568 19250 -0.211588 -0.63114 27.9921 250.563 -13 678 1 0 1
1.41479 -1.15828 19250 0.0392465 0.0930825 27.9998 250.508 -13 679 1 0 1
-9.47428 -3.90493 19250 0.263976 0.654035 27.9911 250.519 -13 680 1 0 1
1.57943 -8.43677 19250 0.0543435 1.2995 27.9698 250.566 -13 681 1 0 1
-11.3523 -7.72175 19250 0.463815 1.57562 27.9518 250.615 -13 682 1 0 1
13.1983 7.00344 19250 -0.543562 -1.6971 27.9432 250.655 -13 683 1 0 1
-0.752705 -7.13282 19250 0.0563158 1.34859 27.9674 250.558 -13 684 1 0 1
-12.385 6.39782 19250 0.53222 -1.40498 27.9597 250.595 -13 685 1 0 1
-16.7024 -0.658268 19250 0.735102 0.153513 27.9899 250.572 -13 686 1 0 1
4.90526 11.0537 19250 -0.158843 -2.25178 27.9089 250.668 -13 687 1 0 1
6.79237 -6.23033 19250 1.37078 3.58281 27.736 250.884 -13 688 1 0 1
-3.32572 -4.23563 19250 0.103571 0.662578 27.992 250.521 -13 689 1 0 1
1.99232 -6.73086 19250 -0.00373824 1.03085 27.981 250.553 -13 690 1 0 1
-9.77246 4.05586 19250 0.256553 -0.594509 27.9925 250.523 -13 691 1 0 1
-9.92063 2.70829 19250 0.229102 -0.39659 27.9963 250.517 -13 692 1 0 1
-14.1717 0.412384 19250 0.363625 -0.22925 27.9967 250.529 -13 693 1 0 1
7.42846 9.35729 19250 -0.563965 -2.61584 27.8718 250.72 -13 694 1 0 1
-8.18285 -7.69991 19250 0.270158 1.39008 27.9642 250.572 -13 695 1 0 1
1.20227 -11.1609 19250 0.688675 3.79669 27.7328 250.865 -13 696 1 0 1
-10.2672 -4.87493 19250 0.257726 0.839019 27.9862 250.536 -13 697 1 0 1
12.3326 1.97246 19250 -0.133718 -0.477736 27.9956 250.533 -13 698 1 0 1
-1.53965 6.0037 19250 0.0629341 -0.97923 27.9828 250.541 -13 699 1 0 1
-2.73799 -2.35756 19250 0.0952362 0.374904 27.9973 250.509 -13 700 1 0 1
-15.0314 -0.934228 19250 0.395832 0.0897784 27.9971 250.535 -13 701 1 0 1
-0.833601 5.23717 19250 0.0459323 -0.922813 27.9848 250.536 -13 702 1 0 1
-6.09133 -1.78843 19250 0.166265 0.232958 27.9985 250.503 -13 703 1 0 1
-14.8629 -2.92749 19250 0.916115 0.93024 27.9695 250.621 -13 704 1 0 1
-0.540792 -1.77491 19250 0.0774914 0.288388 27.9984 250.504 -13 705 1 0 1
-2.53114 -12.0853 19250 0.308655 3.05686 27.8309 250.743 -13 706 1 0 1
-6.41272 0.996053 19250 0.172148 -0.0984569 27.9993 250.501 -13 707 1 0 1
-0.00121578 12.4953 19250 0.135442 -2.95641 27.8432 250.717 -13 708 1 0 1
-12.8051 -5.84496 19250 0.44342 1.18189 27.9715 250.574 -13 709 1 0 1
-6.25702 -4.76454 19250 0.152988 0.729209 27.9901 250.527 -13 710 1 0 1
3.64659 4.74522 19250 0.0209764 -0.799686 27.9886 250.523 -13 711 1 0 1
9.83867 8.35017 19250 -0.228304 -1.63206 27.9515 250.611 -13 712 1 0 1
6.03274 0.116382 19250 -0.022637 -0.0597601 27.9999 250.514 -13 713 1 0 1
7.86323 0.539413 19250 -0.0610215 0.015874 27.9999 250.521 -13 714 1 0 1
-3.33243 1.02312 19250 0.107775 -0.215056 27.999 250.504 -13 715 1 0 1
-0.567902 -0.141629 19250 0.0779539 0.0402667 27.9999 250.502 -13 716 1 0 1
10.7848 -5.64937 19250 -0.128919 0.825585 27.9875 250.553 -13 717 1 0 1
-1.41094 -9.33826 19250 0.0885829 1.78199 27.9431 250.594 -13 718 1 0 1
1.9678 12.3889 19250 -0.357969 -3.53517 27.7736 250.816 -13 719 1 0 1
3.97317 11.7975 19250 -0.11326 -2.65513 27.8736 250.689 -13 720 1 0 1
4.26958 -6.33012 19250 -0.0196826 0.89534 27.9857 250.547 -13 721 1 0 1
15.3238 1.41674 19250 -0.233723 -0.209247 27.9982 250.55 -13 722 1 0 1
-8.8721 -6.81808 19250 0.833876 2.18156 27.9024 250.693 -13 723 1 0 1
-9.83391 -1.03593 19250 1.47258 1.13166 27.9383 250.722 -13 724 1 0 1
-0.359989 9.04627 19250 0.0842012 -1.53471 27.9578 250.579 -13 725 1 0 1
16.7677 -8.859 19250 1.14458 5.62257 27.4058 251.176 -13 726 1 0 1
0.41221 1.33508 19250 0.064878 -0.176461 27.9994 250.504 -13 727 1 0 1
12.355 -6.30157 19250 -0.253672 1.22359 27.9721 250.585 -13 728 1 0 1
2.51223 12.6196 19250 -0.142595 -3.30647 27.8037 250.765 -13 729 1 0 1
-6.3203 8.71032 19250 0.236176 -1.6963 27.9476 250.589 -13 730 1 0 1
9.03919 4.12948 19250 -0.107519 -0.719358 27.9906 250.543 -13 731 1 0 1
-0.630207 -10.8415 19250 0.0433423 2.219 27.9119 250.645 -13 732 1 0 1
13.9021 -3.39778 19250 -0.214623 0.639404 27.9919 250.555 -13 733 1 0 1
14.5398 -3.50399 19250 -0.253175 0.605362 27.9923 250.564 -13 734 1 0 1
-25.4645 5.1609 19250 -1.66192 -5.61725 27.3804 251.158 -13 735 1 0 1
11.2193 1.8682 19250 -0.121472 -0.362668 27.9974 250.532 -13 736 1 0 1
9.2321 -8.83846 19250 -0.244794 1.69392 27.9476 250.623 -13 737 1 0 1
3.54477 6.96719 19250 -0.000865938 -1.32572 27.9686 250.555 -13 738 1 0 1
113.561 24.8621 19250 5.1707 5.93706 26.8703 251.684 -13 739 1 0 1
29.2274 -6.13349 19250 1.72672 5.93161 27.31 251.314 -13 740 1 0 1
-2.6462 -11.2473 19250 0.515919 3.07132 27.8263 250.747 -13 741 1 0 1
-9.86271 2.8033 19250 0.218948 -0.436685 27.9957 250.52 -13 742 1 0 1
-6.96536 -4.85823 19250 0.179606 0.846213 27.9866 250.527 -13 743 1 0 1
-0.344974 6.6626 19250 0.0724581 -1.04397 27.9804 250.54 -13 744 1 0 1
90.5771 11.8241 19250 4.13891 6.38479 26.9463 251.619 -13 745 1 0 1
-16.7338 -0.0599567 19250 0.797432 0.0818559 27.9885 250.58 -13 746 1 0 1
9.15046 1.09346 19250 -0.101401 -0.0840782 27.9997 250.531 -13 747 1 0 1
-5.68649 -8.17746 19250 0.219019 1.62939 27.9517 250.574 -13 748 1 0 1
-7.6428 -9.71715 19250 0.333532 2.04728 27.9231 250.642 -13 749 1 0 1
-4.13696 -4.81234 19250 0.104441 0.729416 27.9903 250.529 -13 750 1 0 1
5.23275 2.88192 19250 -0.015156 -0.478422 27.9959 250.519 -13 751 1 0 1
5.04292 10.4441 19250 -0.112779 -2.21659 27.9119 250.641 -13 752 1 0 1
1.34062 6.77396 19250 0.0124765 -1.14086 27.9767 250.553 -13 753 1 0 1
-10.3626 -1.76697 19250 0.216881 0.378597 27.9966 250.519 -13 754 1 0 1
0.644965 -10.2874 19250 0.718818 3.6553 27.7511 250.82 -13 755 1 0 1
-7.76859 -8.91436 19250 0.609956 2.3966 27.8906 250.691 -13 756 1 0 1
8.2649 8.7933 19250 -0.208976 -1.8325 27.9392 250.618 -13 757 1 0 1
1.31685 12.1153 19250 -0.0306753 -2.82885 27.8567 250.709 -13 758 1 0 1
178.033 32.6063 19250 6.65991 7.55213 26.1268 252.242 -13 759 1 0 1
-5.69973 4.85959 19250 0.136105 -0.820353 27.9876 250.53 -13 760 1 0 1
2.81729 8.51658 19250 -0.0208684 -1.46176 27.9618 250.584 -13 761 1 0 1
-1.45959 -10.1231 19250 0.72508 3.3114 27.794 250.791 -13 762 1 0 1
10.8977 5.52243 19250 -0.173474 -0.997914 27.9817 250.563 -13 763 1 0 1
-6.99905 -9.98957 19250 0.38964 2.0868 27.9194 250.645 -13 764 1 0 1
-7.73046 4.50981 19250 0.223812 -0.751432 27.989 250.519 -13 765 1 0 1
6.17787 -6.80591 19250 1.28454 3.66316 27.7296 250.879 -13 766 1 0 1
6.33636 7.01941 19250 -0.905531 -2.63511 27.861 250.751 -13 767 1 0 1
-0.500376 4.81544 19250 0.0662419 -0.669369 27.9919 250.525 -13 768 1 0 1
-2.15048 9.59314 19250 0.135097 -1.87312 27.937 250.598 -13 769 1 0 1
-2.00254 -9.7009 19250 0.141565 1.7782 27.9431 250.595 -13 770 1 0 1
-7.68532 -7.49249 19250 0.246737 1.32294 27.9676 250.565 -13 771 1 0 1
-1.56014 -12.1436 19250 0.288718 3.13326 27.8226 250.741 -13 772 1 0 1
-5.10139 -0.624024 19250 0.124221 0.155409 27.9993 250.507 -13 773 1 0 1
10.2912 -0.12615 19250 -0.111883 -0.0036266 27.9998 250.529 -13 774 1 0 1
7.88065 0.49998 19250 -0.0543078 -0.134652 27.9996 250.519 -13 775 1 0 1
-3.32736 2.09892 19250 0.0917924 -0.293325 27.9983 250.512 -13 776 1 0 1
5.63808 0.837186 19250 -0.0403192 -0.115965 27.9997 250.521 -13 777 1 0 1
10.9228 1.05653 19250 -0.122232 -0.191129 27.9991 250.531 -13 778 1 0 1
1.79338 -0.0691679 19250 0.0464666 0.065404 27.9999 250.504 -13 779 1 0 1
-11.6114 -2.05565 19250 0.254903 0.36208 27.9965 250.523 -13 780 1 0 1
5.9007 11.2643 19250 -0.216825 -2.43163 27.8934 250.684 -13 781 1 0 1
13.5418 6.89865 19250 -0.276836 -1.40808 27.9632 250.593 -13 782 1 0 1
1.54003 -2.75979 19250 0.0427498 0.296473 27.9984 250.512 -13 783 1 0 1
17.8978 3.19474 19250 -0.437145 -0.528982 27.9916 250.593 -13 784 1 0 1
-5.33605 1.14899 19250 0.108778 -0.210248 27.999 250.513 -13 785 1 0 1
-2.95475 4.788 19250 0.10771 -0.742819 27.9899 250.522 -13 786 1 0 1
-14.0349 -3.89838 19250 0.484307 0.814363 27.984 250.55 -13 787 1 0 1
11.6773 6.1309 19250 -0.745682 -1.99003 27.9192 250.687 -13 788 1 0 1
25.8172 -5.53604 19250 1.69135 5.54984 27.3923 251.203 -13 789 1 0 1
7.73141 9.61186 19250 -0.152107 -2.00573 27.9277 250.621 -13 790 1 0 1
-2.17088 10.2851 19250 0.171542 -2.00169 27.9278 250.611 -13 791 1 0 1
-9.03194 -1.23458 19250 0.217538 0.228557 27.9982 250.507 -13 792 1 0 1
96.6648 9.75675 19250 4.08174 7.22085 26.7432 251.795 -13 793 1 0 1
0.348075 5.16359 19250 0.0223214 -0.733413 27.9904 250.537 -13 794 1 0 1
7.9216 9.48367 19250 -0.299047 -2.2959 27.9041 250.657 -13 795 1 0 1
3.54907 6.73031 19250 -0.00342861 -1.0313 27.981 250.548 -13 796 1 0 1
1.79935 -11.7502 19250 -0.00612447 2.5164 27.8867 250.674 -13 797 1 0 1
7.55529 8.83057 19250 -0.0995015 -1.68278 27.9492 250.591 -13 798 1 0 1
12.7389 -2.19164 19250 -0.184129 0.445671 27.9958 250.546 -13 799 1 0 1
-5.82821 -6.66554 19250 0.182097 1.17543 27.9747 250.545 -13 800 1 0 1
-11.8009 -5.65722 19250 0.346273 1.09341 27.9765 250.557 -13 801 1 0 1
-11.9017 -5.33703 19250 0.411555 1.06574 27.9767 250.549 -13 802 1 0 1
5.99574 9.37475 19250 -0.0894875 -1.97224 27.9303 250.607 -13 803 1 0 1
3.1105 3.06828 19250 0.00241528 -0.391279 27.9973 250.521 -13 804 1 0 1
-9.24654 7.40455 19250 0.703318 -2.06513 27.9149 250.656 -13 805 1 0 1
-0.844269 -3.29618 19250 0.0605538 0.60507 27.9934 250.518 -13 806 1 0 1
10.8715 7.88808 19250 -0.363728 -1.95331 27.9294 250.635 -13 807 1 0 1
-14.1883 2.69253 19250 0.423681 -0.447309 27.9932 250.534 -13 808 1 0 1
-5.12493 -10.2687 19250 0.297765 2.25359 27.9076 250.641 -13 809 1 0 1
-11.2935 -2.99452 19250 0.254102 0.518398 27.994 250.526 -13 810 1 0 1
2.2227 2.31523 19250 0.0419578 -0.431554 27.9966 250.508 -13 811 1 0 1
-7.57226 1.07665 19250 0.205431 -0.287942 27.9978 250.501 -13 812 1 0 1
-2.31638 3.44751 19250 0.0743994 -0.415827 27.9968 250.52 -13 813 1 0 1
5.48813 -5.8312 19250 -0.0463079 1.05702 27.98 250.546 -13 814 1 0 1
-6.52472 8.85027 19250 0.240403 -1.8598 27.9371 250.603 -13 815 1 0 1
28.5959 6.66381 19250 2.75705 3.45306 27.6491 251.05 -13 816 1 0 1
-0.986631 11.9706 19250 0.119512 -2.86684 27.8526 250.706 -13 817 1 0 1
11.1624 7.95874 19250 -0.498707 -2.05828 27.9198 250.665 -13 818 1 0 1
-14.0745 -2.83185 19250 0.404476 0.505427 27.9925 250.536 -13 819 1 0 1
-4.65753 -4.28584 19250 0.106615 0.557226 27.9943 250.527 -13 820 1 0 1
-11.6139 1.00497 19250 0.25206 -0.231496 27.9979 250.519 -13 821 1 0 1
7.51553 -4.01728 19250 -0.0394157 0.603122 27.9935 250.527 -13 822 1 0 1
-11.0027 6.40338 19250 0.409987 -1.33342 27.9652 250.568 -13 823 1 0 1
0.962879 -10.9146 19250 0.73051 3.638 27.753 250.842 -13 824 1 0 1
-3.95713 -3.81436 19250 0.124746 0.574541 27.9938 250.515 -13 825 1 0 1
-6.0058 5.31854 19250 0.170898 -0.920427 27.9843 250.528 -13 826 1 0 1
-15.7387 2.18961 19250 0.517313 -0.382455 27.9926 250.549 -13 827 1 0 1
5.55775 1.38523 19250 -0.0261511 -0.171342 27.9995 250.517 -13 828 1 0 1
-12.0881 -6.70336 19250 0.490711 1.32049 27.9645 250.588 -13 829 1 0 1
11.3218 0.477236 19250 -0.133796 -0.203196 27.9989 250.534 -13 830 1 0 1
-2.58041 -5.67565 19250 0.108722 0.868272 27.9863 250.529 -13 831 1 0 1
4.38781 -0.135933 19250 -0.000618265 0.0756403 27.9999 250.512 -13 832 1 0 1
-4.05027 -0.261492 19250 0.101203 -0.0987556 27.9996 250.509 -13 833 1 0 1
8.73146 -5.12629 19250 -0.0905321 0.877298 27.9861 250.544 -13 834 1 0 1
-12.4121 6.17202 19250 0.515614 -1.28621 27.9657 250.581 -13 835 1 0 1
4.48715 1.90027 19250 -0.018284 -0.404628 27.9971 250.519 -13 836 1 0 1
-15.0708 -4.05561 19250 0.640982 1.0098 27.9744 250.588 -13 837 1 0 1
5.16208 10.4438 19250 -0.171223 -2.21032 27.9121 250.656 -13 838 1 0 1
2.91089 9.73168 19250 -0.0201027 -1.94443 27.9324 250.61 -13 839 1 0 1
4.68043 -8.47109 19250 -0.0508385 1.52277 27.9585 250.584 -13 840 1 0 1
-0.58406 -12.7679 19250 0.116441 3.0829 27.8295 250.746 -13 841 1 0 1
9.86606 -3.29331 19250 -0.125944 0.562544 27.9941 250.542 -13 842 1 0 1
13.5737 -5.03953 19250 -0.269351 0.954021 27.9824 250.576 -13 843 1 0 1
-6.40167 6.96043 19250 0.192879 -1.21532 27.9729 250.552 -13 844 1 0 1
-13.0905 -0.214392 19250 0.354689 0.00956021 27.9978 250.515 -13 845 1 0 1
1.04781 11.8896 19250 0.0241695 -2.50556 27.8877 250.677 -13 846 1 0 1
-7.74646 -3.22716 19250 0.178462 0.629179 27.9924 250.519 -13 847 1 0 1
-6.08371 -5.8074 19250 0.187439 1.001 27.9815 250.531 -13 848 1 0 1
-0.771893 -8.50156 19250 0.095126 1.50899 27.9591 250.57 -13 849 1 0 1
3.40755 2.59649 19250 0.0260491 -0.38139 27.9974 250.511 -13 850 1 0 1
4.61506 2.05797 19250 0.00875862 -0.401369 27.9971 250.511 -13 851 1 0 1
-6.82978 -0.0872316 19250 0.157454 0.0638244 27.9995 250.506 -13 852 1 0 1
-4.69102 -9.19018 19250 0.188136 1.69671 27.9479 250.592 -13 853 1 0 1
1.06876 -12.8422 19250 -0.110723 3.79429 27.7415 250.828 -13 854 1 0 1
-10.9325 -2.1979 19250 0.291909 0.406849 27.9955 250.512 -13 855 1 0 1
-0.962828 8.48033 19250 0.0613686 -1.44773 27.9625 250.578 -13 856 1 0 1
5.70978 0.31495 19250 -0.0392105 0.07292 27.9999 250.52 -13 857 1 0 1
-6.12669 7.4035 19250 0.225134 -1.35877 27.9661 250.555 -13 858 1 0 1
15.2245 -4.02165 19250 1.72866 4.01324 27.6569 250.985 -13 859 1 0 1
-1.06671 -4.54194 19250 0.0879048 0.767294 27.9893 250.518 -13 860 1 0 1
1.44137 9.63189 19250 0.0087111 -1.87027 27.9375 250.606 -13 861 1 0 1
9.02851 6.07847 19250 -0.0985597 -1.05478 27.98 250.552 -13 862 1 0 1
-12.1971 -2.1315 19250 0.32756 0.321544 27.9962 250.517 -13 863 1 0 1
-7.69384 -5.00948 19250 0.215549 0.738527 27.9894 250.525 -13 864 1 0 1
1.95397 -4.10015 19250 0.0294055 0.65467 27.9923 250.522 -13 865 1 0 1
10.8982 4.30354 19250 -0.110338 -0.649941 27.9922 250.54 -13 866 1 0 1
-9.83276 -0.360605 19250 0.263827 0.189605 27.9981 250.503 -13 867 1 0 1
-15.6834 -3.11517 19250 0.731467 0.831173 27.9781 250.592 -13 868 1 0 1
-13.2409 -5.72503 19250 0.649364 1.47861 27.9534 250.621 -13 869 1 0 1
-45.0916 0.964112 19250 -2.3468 -6.36394 27.166 251.335 -13 870 1 0 1
-14.3083 4.19723 19250 0.789976 -1.25812 27.9606 250.626 -13 871 1 0 1
-0.0238178 5.05376 19250 1.33854 -2.74478 27.833 250.796 -13 872 1 0 1
-4.70753 -5.84213 19250 1.14331 2.39692 27.8738 250.75 -13 873 1 0 1
-5.89697 -1.92483 19250 0.166732 0.346106 27.9974 250.503 -13 874 1 0 1
8.6416 8.81011 19250 -0.183625 -1.76751 27.9436 250.61 -13 875 1 0 1
12.615 0.235644 19250 -0.152712 -0.0399139 27.9996 250.535 -13 876 1 0 1
-2.86215 1.09516 19250 0.120004 -0.272684 27.9984 250.5 -13 877 1 0 1
-1.51377 -12.1527 19250 0.157424 2.66319 27.8726 250.696 -13 878 1 0 1
-2.24414 -8.45402 19250 0.107317 1.63154 27.9522 250.576 -13 879 1 0 1
-5.83966 0.361889 19250 0.138712 -0.00346585 27.9997 250.506 -13 880 1 0 1
16.7642 3.27091 19250 -0.331852 -0.636761 27.9908 250.575 -13 881 1 0 1
-1.52866 3.86018 19250 0.0986005 -0.598541 27.9934 250.512 -13 882 1 0 1
-3.74387 -0.654354 19250 0.120227 0.214569 27.9989 250.503 -13 883 1 0 1
-1.28822 8.56685 19250 0.104145 -1.50156 27.9595 250.571 -13 884 1 0 1
14.8815 3.69076 19250 -0.22316 -0.592471 27.9928 250.556 -13 885 1 0 1
-6.74927 -8.26907 19250 0.730099 2.47463 27.8809 250.695 -13 886 1 0 1
0.355484 9.12329 19250 0.0465455 -1.76321 27.9444 250.59 -13 887 1 0 1
6.49444 4.83823 19250 -1.115 -2.37832 27.8765 250.754 -13 888 1 0 1
-3.66058 9.48806 19250 -0.891519 -4.06535 27.689 250.894 -13 889 1 0 1
50.9124 2.7652 19250 2.82426 5.66622 27.2749 251.314 -13 890 1 0 1
-6.22664 1.83738 19250 0.164367 -0.363006 27.9972 250.505 -13 891 1 0 1
-7.3687 -5.45073 19250 1.09976 2.11752 27.8981 250.731 -13 892 1 0 1
-2.84781 -10.6149 19250 0.179844 2.26727 27.9075 250.637 -13 893 1 0 1
-6.24641 -9.26324 19250 0.632285 2.5109 27.88 250.692 -13 894 1 0 1
-4.58642 -6.0006 19250 0.135796 1.01936 27.9811 250.536 -13 895 1 0 1
8.2157 5.77398 19250 -0.0963497 -1.0144 27.9815 250.551 -13 896 1 0 1
-11.6807 3.23845 19250 0.288878 -0.521568 27.9937 250.526 -13 897 1 0 1
3.70357 6.89666 19250 0.0071089 -1.18732 27.9748 250.548 -13 898 1 0 1
10.6362 0.557548 19250 -0.134541 -0.121592 27.9994 250.535 -13 899 1 0 1
-13.5317 -5.05448 19250 0.402598 0.978627 27.98 250.563 -13 900 1 0 1
8.59542 2.97754 19250 -0.0969194 -0.577905 27.9939 250.536 -13 901 1 0 1
6.2762 3.50474 19250 -0.030936 -0.535052 27.9949 250.525 -13 902 1 0 1
17.9285 -9.04535 19250 1.11961 5.95844 27.3358 251.259 -13 903 1 0 1
13.8474 6.06148 19250 -0.341652 -1.25254 27.9699 250.6 -13 904 1 0 1
3.29092 1.15493 19250 0.00436677 -0.103162 27.9998 250.514 -13 905 1 0 1
6.0854 -10.1397 19250 0.88157 4.38754 27.64 250.946 -13 906 1 0 1
-3.29156 -9.74376 19250 0.703326 2.97819 27.8323 250.744 -13 907 1 0 1
3.24731 -9.15137 19250 -0.00444271 1.77709 27.9435 250.59 -13 908 1 0 1
17.2171 -2.64458 19250 -0.333801 0.477521 27.9939 250.571 -13 909 1 0 1
-4.11892 -3.01468 19250 0.140353 0.5269 27.9947 250.507 -13 910 1 0 1
-19.6667 7.73644 19250 -1.27906 -5.82019 27.3585 251.189 -13 911 1 0 1
15.8721 -2.27106 19250 -0.242151 0.413009 27.9959 250.553 -13 912 1 0 1
-9.76437 7.67774 19250 0.712474 -2.01377 27.9184 250.672 -13 913 1 0 1
14.1252 1.2817 19250 -0.204757 -0.280036 27.9979 250.546 -13 914 1 0 1
3.33351 -8.47882 19250 1.04948 3.65429 27.7407 250.859 -13 915 1 0 1
-4.64564 -8.03797 19250 0.176544 1.48058 27.9603 250.568 -13 916 1 0 1
-11.0589 0.998871 19250 0.262019 -0.10056 27.9986 250.512 -13 917 1 0 1
-9.07948 -4.36422 19250 0.231287 0.776265 27.9883 250.526 -13 918 1 0 1
10.236 7.55302 19250 -0.262995 -1.52931 27.957 250.61 -13 919 1 0 1
14.513 -1.11729 19250 -0.220503 0.285043 27.9977 250.549 -13 920 1 0 1
-1.82107 5.05157 19250 0.079578 -0.814569 27.988 250.527 -13 921 1 0 1
17.3645 -3.60028 19250 -0.484417 0.760927 27.9855 250.604 -13 922 1 0 1
-10.8451 -6.75975 19250 0.733309 1.85995 27.9285 250.656 -13 923 1 0 1
-17.0916 -1.23351 19250 0.80307 0.225984 27.9876 250.595 -13 924 1 0 1
12.5015 -3.13543 19250 -0.158473 0.647366 27.9921 250.544 -13 925 1 0 1
-4.0431 -7.08221 19250 0.119108 1.20291 27.9739 250.554 -13 926 1 0 1
8.27608 -4.8913 19250 -0.06688 0.727422 27.9905 250.537 -13 927 1 0 1
52.4486 3.94596 19250 2.98221 5.38581 27.3148 251.303 -13 928 1 0 1
-3.12468 7.10206 19250 0.125874 -1.17385 27.9751 250.547 -13 929 1 0 1
-4.9718 2.87167 19250 0.143878 -0.467273 27.9957 250.508 -13 930 1 0 1
-5.34261 -10.7774 19250 0.40942 2.52656 27.8828 250.687 -13 931 1 0 1
4.6264 -2.94122 19250 1.61985 2.90003 27.8023 250.844 -13 932 1 0 1
9.39664 9.45943 19250 -0.40085 -2.22124 27.9089 250.673 -13 933 1 0 1
-3.25695 10.9251 19250 0.206965 -2.3767 27.8982 250.653 -13 934 1 0 1
-10.9378 -4.86925 19250 0.282244 0.77549 27.9878 250.538 -13 935 1 0 1
7.02648 -9.45542 19250 -0.112183 1.91032 27.9345 250.61 -13 936 1 0 1
10.8245 8.67211 19250 -0.496476 -2.0224 27.9225 250.676 -13 937 1 0 1
-6.81758 -9.7226 19250 0.328722 2.14955 27.9154 250.638 -13 938 1 0 1
0.833525 -4.30154 19250 0.055056 0.555409 27.9944 250.52 -13 939 1 0 1
-1.13933 8.71359 19250 -0.909842 -3.63684 27.7479 250.844 -13 940 1 0 1
5.08821 10.807 19250 -0.172581 -2.44013 27.8929 250.667 -13 941 1 0 1
1.40496 -4.91899 19250 0.0437538 0.676101 27.9918 250.526 -13 942 1 0 1
8.91445 -0.966945 19250 -0.0592957 0.239927 27.9989 250.519 -13 943 1 0 1
-1.14622 -1.5901 19250 0.0799483 0.265097 27.9986 250.505 -13 944 1 0 1
-14.2295 -3.45727 19250 0.504088 0.740648 27.9857 250.547 -13 945 1 0 1
-11.3993 -6.88034 19250 0.469452 1.47633 27.9571 250.591 -13 946 1 0 1
5.08047 2.18237 19250 -1.38092 -2.19873 27.8794 250.772 -13 947 1 0 1
13.3553 0.885469 19250 -0.181121 -0.0514184 27.9994 250.541 -13 948 1 0 1
-10.7789 -7.24509 19250 0.649194 1.81484 27.9336 250.64 -13 949 1 0 1
3.00128 7.70876 19250 -0.00757585 -1.39753 27.9651 250.568 -13 950 1 0 1
16.4793 5.09109 19250 -0.52131 -1.1893 27.9699 250.619 -13 951 1 0 1
14.2615 5.37183 19250 -0.27068 -0.935418 27.9831 250.577 -13 952 1 0 1
-13.104 3.17921 19250 0.353981 -0.615248 27.991 250.534 -13 953 1 0 1
4.15806 -3.72006 19250 -0.0120946 0.564444 27.9943 250.526 -13 954 1 0 1
10.2503 -5.92303 19250 1.44843 3.90785 27.6881 250.925 -13 955 1 0 1
-0.680426 12.6628 19250 0.315538 -3.24766 27.8092 250.763 -13 956 1 0 1
-9.51682 -5.64623 19250 0.245883 0.98252 27.9817 250.543 -13 957 1 0 1
7.38524 8.07947 19250 -0.111408 -1.44499 27.9625 250.585 -13 958 1 0 1
-8.94595 0.810178 19250 0.194518 -0.152444 27.9989 250.51 -13 959 1 0 1
9.48154 7.0302 19250 -0.124144 -1.26048 27.9713 250.568 -13 960 1 0 1
17.028 -3.47978 19250 -0.563279 0.870075 27.9808 250.618 -13 961 1 0 1
8.20417 -0.0710857 19250 -0.0490866 0.00389388 28 250.516 -13 962 1 0 1
10.6651 -1.08783 19250 -0.117693 0.242445 27.9987 250.531 -13 963 1 0 1
15.7672 5.01309 19250 -0.36239 -0.97746 27.9806 250.59 -13 964 1 0 1
2.06236 -7.23601 19250 1.15548 3.33212 27.777 250.834 -13 965 1 0 1
-11.1511 -2.33337 19250 0.285951 0.437961 27.9951 250.515 -13 966 1 0 1
2.24931 -0.44454 19250 0.0595489 0.0318272 27.9999 250.499 -13 967 1 0 1
5.58759 -10.1625 19250 0.858368 4.27292 27.6587 250.912 -13 968 1 0 1
3.10486 11.1316 19250 0.690088 -4.15097 27.682 250.902 -13 969 1 0 1
-7.15092 -0.379834 19250 0.191992 0.0340662 27.9993 250.499 -13 970 1 0 1
-5.25253 -4.13065 19250 0.137403 0.747883 27.9897 250.521 -13 971 1 0 1
7.04792 -11.5709 19250 0.63896 5.12101 27.5203 251.069 -13 972 1 0 1
-9.23324 -4.51918 19250 0.239078 0.785329 27.988 250.527 -13 973 1 0 1
2.31327 -7.42345 19250 0.0119991 1.34976 27.9674 250.561 -13 974 1 0 1
10.1618 4.77794 19250 -0.132001 -0.840811 27.9871 250.549 -13 975 1 0 1
-3.46436 1.08945 19250 0.118617 -0.136372 27.9994 250.502 -13 976 1 0 1
10.6602 7.54501 19250 -0.250782 -1.45425 27.9611 250.605 -13 977 1 0 1
42.2291 13.0972 19250 3.36058 3.61624 27.5614 251.144 -13 978 1 0 1
25.8839 -2.68761 19250 2.04066 4.58952 27.5458 251.084 -13 979 1 0 1
-14.121 -0.616134 19250 0.352438 0.120452 27.9975 250.527 -13 980 1 0 1
-2.17532 -11.7547 19250 0.210954 2.69294 27.8694 250.689 -13 981 1 0 1
-8.29784 -8.39337 19250 0.622266 2.17525 27.9084 250.659 -13 982 1 0 1
-10.2136 -6.32568 19250 0.265614 1.19187 27.9734 250.562 -13 983 1 0 1
-13.7656 0.924169 19250 0.344856 -0.109851 27.9977 250.525 -13 984 1 0 1
7.13937 -8.10608 19250 -0.0864789 1.57238 27.9557 250.581 -13 985 1 0 1
-2.10756 -11.8928 19250 0.360701 3.22532 27.8113 250.759 -13 986 1 0 1
10.0528 7.08526 19250 -0.172264 -1.36379 27.9662 250.581 -13 987 1 0 1
-3.56045 -10.6608 19250 0.191516 2.29461 27.9052 250.645 -13 988 1 0 1
2.63514 -6.40462 19250 0.0143825 1.09756 27.9785 250.543 -13 989 1 0 1
0.258219 -4.84635 19250 0.0294494 0.836279 27.9875 250.532 -13 990 1 0 1
-5.34159 8.30332 19250 0.18898 -1.57524 27.955 250.577 -13 991 1 0 1
10.5185 -4.98535 19250 -0.132403 0.856084 27.9866 250.549 -13 992 1 0 1
16.9003 -2.83508 19250 -0.349763 0.521825 27.993 250.576 -13 993 1 0 1
-4.59767 -5.82839 19250 0.124051 0.934076 27.9841 250.536 -13 994 1 0 1
13.2981 -5.0886 19250 -0.232016 0.959727 27.9826 250.568 -13 995 1 0 1
-5.80722 9.83049 19250 0.255434 -2.07128 27.9221 250.628 -13 996 1 0 1
4.67123 11.2117 19250 -0.234654 -2.775 27.8612 250.703 -13 997 1 0 1
10.8539 -3.71587 19250 -0.135814 0.622742 27.9927 250.544 -13 998 1 0 1
-6.85356 -9.86278 19250 0.525548 2.47226 27.8857 250.694 -13 999 1 0 1
16.8391 1.25927 19250 -0.287829 -0.31802 27.9967 250.559 -13 1000 1 0 1
-2.31448 3.54513 19250 0.0876486 -0.476581 27.9958 250.516 -13 1001 1 0 1
-2.82017 7.4798 19250 0.131309 -1.26248 27.9712 250.551 -13 1002 1 0 1
2.97872 10.4113 19250 -0.626361 -3.27247 27.8011 250.791 -13 1003 1 0 1
-2.24771 -10.1691 19250 0.0890473 2.04618 27.925 250.626 -13 1004 1 0 1
-16.6486 1.68168 19250 0.786507 -0.435699 27.9856 250.59 -13 1005 1 0 1
12.5774 -1.32581 19250 -0.132701 0.208679 27.9989 250.531 -13 1006 1 0 1
-3.21696 6.82786 19250 0.110088 -1.27522 27.9707 250.552 -13 1007 1 0 1
-12.0633 -1.23133 19250 0.26584 0.0883599 27.9986 250.52 -13 1008 1 0 1
-5.18438 -10.6672 19250 0.412229 2.48873 27.8861 250.677 -13 1009 1 0 1
-2.01022 -10.5859 19250 0.141555 1.97656 27.9298 250.623 -13 1010 1 0 1
5.78956 -4.51891 19250 -0.0494044 0.686641 27.9915 250.537 -13 1011 1 0 1
10.4959 3.08266 19250 -0.122515 -0.501702 27.9952 250.538 -13 1012 1 0 1
-0.164912 10.1421 19250 0.0631176 -2.08215 27.9224 250.619 -13 1013 1 0 1
-10.1283 -7.53766 19250 0.650726 1.87545 27.9295 250.642 -13 1014 1 0 1
-4.52042 -2.25448 19250 0.116742 0.386456 27.9971 250.51 -13 1015 1 0 1
-11.9207 -1.25175 19250 1.3434 0.746149 27.9578 250.67 -13 1016 1 0 1
-1.60455 8.91514 19250 0.0729355 -1.56366 27.9562 250.588 -13 1017 1 0 1
-1.00533 -8.8407 19250 0.0678163 1.67717 27.9496 250.585 -13 1018 1 0 1
-11.8904 -0.660921 19250 0.292517 0.0861497 27.9983 250.513 -13 1019 1 0 1
-10.2362 -3.77825 19250 0.237705 0.533713 27.9939 250.527 -13 1020 1 0 1
-11.8664 1.93383 19250 0.292478 -0.321872 27.9966 250.518 -13 1021 1 0 1
-9.27663 3.43593 19250 0.213433 -0.560071 27.9936 250.522 -13 1022 1 0 1
-2.9148 -1.08905 19250 0.0961274 0.109471 27.9996 250.506 -13 1023 1 0 1
-31.5847 -4.10413 19250 -1.81593 6.10099 27.2668 251.247 -13 1024 1 0 1
0.751481 0.705907 19250 0.0458651 0.0428965 27.9999 250.508 -13 1025 1 0 1
7.94847 -2.1965 19250 -0.0614537 0.370233 27.9975 250.524 -13 1026 1 0 1
-15.517 -0.74782 19250 0.421687 0.0354861 27.9968 250.538 -13 1027 1 0 1
0.711669 -10.9365 19250 0.718132 3.63199 27.7542 250.842 -13 1028 1 0 1
9.90465 -6.01764 19250 -0.14988 1.19181 27.9742 250.565 -13 1029 1 0 1
1.44102 0.958542 19250 0.0370187 -0.314045 27.9982 250.51 -13 1030 1 0 1
0.197738 9.84901 19250 0.0313529 -1.73596 27.9461 250.608 -13 1031 1 0 1
1.27864 6.18912 19250 0.0304637 -1.00434 27.982 250.54 -13 1032 1 0 1
-3.12474 8.93755 19250 0.14408 -1.6095 27.9533 250.581 -13 1033 1 0 1
-1.65702 7.48839 19250 0.085872 -1.26755 27.9712 250.557 -13 1034 1 0 1
49.3053 -1.43897 19250 2.4113 6.7125 27.0763 251.501 -13 1035 1 0 1
3.8043 -4.2111 19250 -0.0227162 0.637178 27.9927 250.533 -13 1036 1 0 1
-0.787528 -1.30611 19250 0.0801416 0.188941 27.9992 250.503 -13 1037 1 0 1
-15.3832 -0.780316 19250 0.402389 0.204023 27.9964 250.539 -13 1038 1 0 1
0.970432 -11.1779 19250 0.0593337 2.35699 27.9006 250.646 -13 1039 1 0 1
2.3214 -7.25298 19250 1.14143 3.38916 27.7707 250.831 -13 1040 1 0 1
18.2946 0.575954 19250 -0.430368 -0.103811 27.9965 250.584 -13 1041 1 0 1
-5.26987 -9.12194 19250 0.209446 1.76745 27.9434 250.595 -13 1042 1 0 1
-8.60234 -8.87171 19250 0.481688 2.06376 27.9197 250.642 -13 1043 1 0 1
-0.476019 -12.3789 19250 0.305232 3.46219 27.7835 250.781 -13 1044 1 0 1
-11.1735 -5.05225 19250 0.308904 1.00549 27.9802 250.543 -13 1045 1 0 1
-15.2659 -0.872236 19250 0.418966 0.100476 27.9967 250.536 -13 1046 1 0 1
-15.285 -2.01952 19250 0.948567 0.784236 27.9729 250.62 -13 1047 1 0 1
-14.1646 -3.65515 19250 0.406268 0.622845 27.9901 250.547 -13 1048 1 0 1
167.152 27.8455 19250 6.25655 7.73425 26.1732 252.224 -13 1049 1 0 1
2.42587 10.8191 19250 -0.581208 -3.45441 27.78 250.804 -13 1050 1 0 1
-2.0602 9.53532 19250 0.102895 -1.96899 27.9305 250.607 -13 1051 1 0 1
4.9145 -4.85688 19250 1.44879 3.22762 27.7756 250.851 -13 1052 1 0 1
-4.97982 -6.14331 19250 0.143812 1.0516 27.9799 250.539 -13 1053 1 0 1
-2.25272 12.0169 19250 0.186205 -2.58989 27.8793 250.692 -13 1054 1 0 1
7.60827 -6.2955 19250 -0.0999947 0.989035 27.9823 250.558 -13 1055 1 0 1
17.7452 2.99176 19250 -0.545971 -0.727972 27.9852 250.612 -13 1056 1 0 1
-3.01437 1.58415 19250 0.0940413 -0.197716 27.9991 250.508 -13 1057 1 0 1
3.79577 -11.6152 19250 -0.254703 3.04342 27.8329 250.732 -13 1058 1 0 1
-0.848077 3.04773 19250 0.0536828 -0.395718 27.9972 250.518 -13 1059 1 0 1
4.26544 2.70906 19250 0.0394223 -0.284443 27.9985 250.506 -13 1060 1 0 1
-1.64483 9.93224 19250 0.116683 -1.8331 27.9397 250.603 -13 1061 1 0 1
-11.5398 1.92519 19250 0.260611 -0.269763 27.9975 250.52 -13 1062 1 0 1
162.055 35.5045 19250 6.47884 6.75178 26.3901 252.038 -13 1063 1 0 1
13.1544 5.14234 19250 -0.23876 -0.897264 27.9846 250.571 -13 1064 1 0 1
-4.30501 -4.67647 19250 0.134878 0.636478 27.9924 250.522 -13 1065 1 0 1
-4.06351 0.285407 19250 0.104634 -0.0390574 27.9998 250.507 -13 1066 1 0 1
0.41251 -2.54263 19250 0.0364815 0.406901 27.997 250.516 -13 1067 1 0 1
15.3237 -1.38475 19250 -0.26993 0.211946 27.9979 250.559 -13 1068 1 0 1
-6.78713 -4.35985 19250 0.181873 0.689496 27.9909 250.521 -13 1069 1 0 1
-10.5094 -5.99624 19250 0.278541 1.0599 27.9785 250.553 -13 1070 1 0 1
5.39152 8.8178 19250 -0.0582209 -1.65087 27.9512 250.588 -13 1071 1 0 1
4.0353 -5.36781 19250 -0.0157896 0.853119 27.987 250.537 -13 1072 1 0 1
0.315719 0.291748 19250 0.0286035 -0.0979199 27.9998 250.514 -13 1073 1 0 1
-1.78311 5.26377 19250 0.0958044 -0.774892 27.9891 250.524 -13 1074 1 0 1
6.25004 8.59757 19250 -0.0433293 -1.60085 27.9542 250.578 -13 1075 1 0 1
8.26843 2.79744 19250 -0.0822597 -0.508559 27.9953 250.531 -13 1076 1 0 1
-10.9925 6.87556 19250 0.39126 -1.26067 27.9689 250.571 -13 1077 1 0 1
-16.589 1.36811 19250 0.848843 -0.267667 27.9859 250.595 -13 1078 1 0 1
-5.25423 -10.8944 19250 0.386418 2.52138 27.8836 250.687 -13 1079 1 0 1
-0.494407 -3.34537 19250 0.0859608 0.555242 27.9944 250.509 -13 1080 1 0 1
-17.0888 7.27263 19250 -1.34793 -5.14533 27.4902 251.072 -13 1081 1 0 1
-12.1855 -5.38137 19250 0.846223 1.56997 27.9431 250.652 -13 1082 1 0 1
-9.87915 3.46038 19250 0.260862 -0.560042 27.9932 250.518 -13 1083 1 0 1
-1.60864 2.7502 19250 0.0889025 -0.555784 27.9943 250.509 -13 1084 1 0 1
0.128398 -10.4584 19250 0.718973 3.55422 27.7642 250.817 -13 1085 1 0 1
2.73488 11.9758 19250 -0.124751 -2.9131 27.8478 250.717 -13 1086 1 0 1
-7.50178 -1.07843 19250 0.159567 0.168853 27.999 250.51 -13 1087 1 0 1
7.17988 -4.23133 19250 -0.0453038 0.694251 27.9914 250.531 -13 1088 1 0 1
-5.67158 2.40226 19250 0.135763 -0.453081 27.996 250.512 -13 1089 1 0 1
11.812 -1.87002 19250 1.82261 3.42829 27.7295 250.915 -13 1090 1 0 1
-1.45897 -1.54314 19250 0.0914034 0.207305 27.9991 250.503 -13 1091 1 0 1
8.22064 -0.571906 19250 -0.0691902 0.10645 27.9997 250.522 -13 1092 1 0 1
11.5474 0.107647 19250 -0.0946623 -0.0473753 27.9998 250.522 -13 1093 1 0 1
1.78484 6.95183 19250 0.0327906 -1.26312 27.9715 250.55 -13 1094 1 0 1
5.38326 7.75202 19250 -0.0531948 -1.36598 27.9666 250.572 -13 1095 1 0 1
-2.14718 8.76874 19250 0.127079 -1.57278 27.9555 250.575 -13 1096 1 0 1
-11.3854 -5.00306 19250 0.297739 0.902853 27.9839 250.543 -13 1097 1 0 1
2.42988 5.6527 19250 -0.00389937 -1.00427 27.982 250.542 -13 1098 1 0 1
-2.54051 -9.26564 19250 0.791956 3.09266 27.8174 250.768 -13 1099 1 0 1
-8.66386 -6.32878 19250 0.896372 2.11666 27.9055 250.688 -13 1100 1 0 1
8.56352 8.96278 19250 -0.166092 -1.60801 27.9533 250.608 -13 1101 1 0 1
4.10634 2.16035 19250 0.00285559 -0.322697 27.9981 250.514 -13 1102 1 0 1
12.7441 5.29297 19250 -0.229952 -0.967592 27.9823 250.57 -13 1103 1 0 1
4.28046 7.36011 19250 -0.0181436 -1.19142 27.9746 250.559 -13 1104 1 0 1
-11.9607 -5.25777 19250 0.339883 1.02789 27.9791 250.552 -13 1105 1 0 1
9.15662 8.86092 19250 -0.246333 -1.84555 27.938 250.625 -13 1106 1 0 1
-8.6276 -0.478053 19250 0.20133 0.0253223 27.9993 250.506 -13 1107 1 0 1
-15.9202 -2.76913 19250 0.674947 0.607135 27.9853 250.574 -13 1108 1 0 1
5.8349 6.04253 19250 -0.0423377 -0.955899 27.9836 250.545 -13 1109 1 0 1
-6.79449 -3.15809 19250 0.163047 0.555189 27.994 250.515 -13 1110 1 0 1
3.80567 1.44046 19250 0.00342281 -0.0920157 27.9998 250.514 -13 1111 1 0 1
-0.192591 11.001 19250 -0.55416 -3.92193 27.7184 250.85 -13 1112 1 0 1
-12.5348 -3.2643 19250 0.320532 0.543436 27.9929 250.53 -13 1113 1 0 1
-8.85159 -3.47294 19250 0.203099 0.630297 27.9922 250.522 -13 1114 1 0 1
-12.9313 -1.25732 19250 0.365739 0.197827 27.9969 250.515 -13 1115 1 0 1
7.95539 2.23627 19250 -0.0781561 -0.368084 27.9975 250.529 -13 1116 1 0 1
0.446303 7.04774 19250 0.0457979 -1.05039 27.9803 250.55 -13 1117 1 0 1
-2.52472 -11.4185 19250 0.199003 2.60359 27.878 250.676 -13 1118 1 0 1
-2.28127 11.6229 19250 -0.544103 -4.40894 27.6453 250.92 -13 1119 1 0 1
-7.74295 -9.21127 19250 0.463056 2.11308 27.9163 250.64 -13 1120 1 0 1
-5.84463 2.29719 19250 0.168143 -0.323103 27.9976 250.504 -13 1121 1 0 1
2.15727 -6.33987 19250 0.0131749 1.06982 27.9796 250.544 -13 1122 1 0 1
-0.0337912 -11.7912 19250 0.0662512 2.87493 27.8519 250.699 -13 1123 1 0 1
1.91362 6.41555 19250 0.00898067 -1.06841 27.9796 250.547 -13 1124 1 0 1
-13.9035 -2.4106 19250 0.384528 0.414098 27.9943 250.531 -13 1125 1 0 1
8.98455 9.13202 19250 -0.266767 -1.96955 27.9294 250.636 -13 1126 1 0 1
3.32477 -3.21283 19250 0.0128382 0.392069 27.9973 250.518 -13 1127 1 0 1
-13.2897 -4.78744 19250 0.736158 1.34099 27.9582 250.609 -13 1128 1 0 1
6.40798 0.364503 19250 -0.0143072 -0.0216678 28 250.511 -13 1129 1 0 1
-7.8338 -2.6223 19250 0.192984 0.375155 27.9968 250.511 -13 1130 1 0 1
-4.86284 -7.52376 19250 0.147967 1.33947 27.9676 250.563 -13 1131 1 0 1
39.3181 -2.26406 19250 2.21896 5.92492 27.2758 251.312 -13 1132 1 0 1
10.8339 -0.434867 19250 -0.115436 0.0109337 27.9998 250.529 -13 1133 1 0 1
7.92955 -2.20945 19250 -0.0596441 0.335491 27.9979 250.523 -13 1134 1 0 1
-11.9461 -0.848152 19250 0.279988 0.168029 27.9981 250.516 -13 1135 1 0 1
12.0548 -5.58372 19250 -0.194016 1.04555 27.9798 250.565 -13 1136 1 0 1
-15.2739 -1.98931 19250 0.51821 0.463664 27.9914 250.543 -13 1137 1 0 1
-9.52984 -8.81589 19250 0.493765 2.07523 27.9186 250.659 -13 1138 1 0 1
22.9469 -6.26073 19250 1.58508 5.38372 27.4318 251.157 -13 1139 1 0 1
10.2281 0.156297 19250 -0.12828 -0.0634488 27.9996 250.534 -13 1140 1 0 1
-14.4384 0.0604796 19250 0.37903 0.0511535 27.9974 250.528 -13 1141 1 0 1
0.363132 8.96263 19250 -0.901463 -3.42033 27.7757 250.83 -13 1142 1 0 1
-10.3769 0.180516 19250 0.258989 -0.0766872 27.9987 250.506 -13 1143 1 0 1
-15.3885 3.53914 19250 0.57326 -0.730219 27.9846 250.567 -13 1144 1 0 1
5.41354 -1.55182 19250 -0.0241067 0.243265 27.9989 250.517 -13 1145 1 0 1
-5.75036 -10.251 19250 0.498291 2.56926 27.8774 250.693 -13 1146 1 0 1
-1.13328 -4.31772 19250 0.0764936 0.878868 27.9861 250.522 -13 1147 1 0 1
-0.73097 11.7609 19250 0.135317 -2.63333 27.8756 250.677 -13 1148 1 0 1
-2.10032 8.80399 19250 0.107456 -1.69387 27.9485 250.583 -13 1149 1 0 1
-11.3749 5.20277 19250 0.334297 -1.03321 27.9789 250.545 -13 1150 1 0 1
4.29318 11.4488 19250 -0.120192 -2.43578 27.8936 250.674 -13 1151 1 0 1
-14.6088 -4.39765 19250 0.632438 1.04435 27.9734 250.585 -13 1152 1 0 1
-11.0945 5.53126 19250 0.34957 -1.00265 27.9799 250.544 -13 1153 1 0 1
9.92061 0.322977 19250 -0.103006 -0.00429516 27.9998 250.528 -13 1154 1 0 1
4.87492 10.2432 19250 -0.451456 -2.97526 27.8378 250.735 -13 1155 1 0 1
-0.757405 10.2081 19250 0.0794353 -1.95913 27.9313 250.616 -13 1156 1 0 1
2.04476 -8.57434 19250 1.03082 3.44148 27.7686 250.831 -13 1157 1 0 1
-7.45845 -3.8385 19250 0.183531 0.528084 27.9944 250.519 -13 1158 1 0 1
-3.39679 -10.9903 19250 0.474038 3.06692 27.8275 250.742 -13 1159 1 0 1
14.4164 -5.99529 19250 -0.425397 1.32117 27.9656 250.616 -13 1160 1 0 1
-11.5733 0.292645 19250 0.295354 -0.160205 27.998 250.51 -13 1161 1 0 1
16.6141 3.71497 19250 -0.414553 -0.870697 27.9834 250.592 -13 1162 1 0 1
-5.75244 -9.29864 19250 0.262028 2.0366 27.9246 250.612 -13 1163 1 0 1
-4.28781 8.06921 19250 0.180604 -1.49523 27.9595 250.565 -13 1164 1 0 1
7.74433 -1.51085 19250 -0.0494044 0.307064 27.9983 250.519 -13 1165 1 0 1
-2.2468 7.04094 19250 0.100848 -1.0976 27.9783 250.547 -13 1166 1 0 1
15.3795 2.85606 19250 -0.256979 -0.615959 27.992 250.56 -13 1167 1 0 1
14.7817 0.13142 19250 -0.211302 -0.143167 27.9988 250.545 -13 1168 1 0 1
13.7166 4.63623 19250 -0.847599 -1.55526 27.9439 250.683 -13 1169 1 0 1
-12.674 1.529 19250 0.309832 -0.216637 27.9974 250.521 -13 1170 1 0 1
-6.56005 -5.39824 19250 0.174987 0.861555 27.9862 250.531 -13 1171 1 0 1
4.62728 -4.49829 19250 -0.0436697 0.78269 27.989 250.538 -13 1172 1 0 1
11.9185 4.39692 19250 -0.17301 -0.778001 27.9887 250.553 -13 1173 1 0 1
17.955 1.62001 19250 -0.469842 -0.366849 27.9937 250.594 -13 1174 1 0 1
-4.07586 9.08969 19250 0.199856 -1.62921 27.9518 250.581 -13 1175 1 0 1
-4.3067 -2.9111 19250 0.131754 0.442031 27.9962 250.509 -13 1176 1 0 1
10.8826 6.6307 19250 -0.173534 -1.14595 27.976 250.572 -13 1177 1 0 1
-24.496 5.95207 19250 -1.54697 -5.82363 27.344 251.188 -13 1178 1 0 1
2.44376 -0.900235 19250 0.0377957 0.179633 27.9994 250.506 -13 1179 1 0 1
16.1614 -4.73814 19250 -0.50529 1.0328 27.9764 250.616 -13 1180 1 0 1
5.04641 4.64112 19250 -0.0494401 -0.765964 27.9895 250.54 -13 1181 1 0 1
11.238 -7.57004 19250 -0.573803 1.98905 27.9234 250.674 -13 1182 1 0 1
13.5616 6.97697 19250 -0.478468 -1.65201 27.9471 250.64 -13 1183 1 0 1
0.606234 -4.99153 19250 0.0554392 0.775989 27.9892 250.524 -13 1184 1 0 1
-3.19761 -11.6648 19250 0.385634 2.86468 27.8504 250.721 -13 1185 1 0 1
15.7841 0.175263 19250 -0.225165 -0.00124825 27.9991 250.546 -13 1186 1 0 1
3.72812 7.54053 19250 -0.0129341 -1.36088 27.9669 250.564 -13 1187 1 0 1
0.184053 9.86457 19250 0.032349 -1.92886 27.9335 250.613 -13 1188 1 0 1
-7.00551 -4.86832 19250 0.181818 0.864644 27.9861 250.527 -13 1189 1 0 1
7.55144 -1.59016 19250 -0.0543345 0.228609 27.999 250.521 -13 1190 1 0 1
-12.6522 -2.71283 19250 0.339296 0.516836 27.9932 250.525 -13 1191 1 0 1
8.45794 -9.35018 19250 -0.23396 1.96657 27.9299 250.633 -13 1192 1 0 1
-6.55002 5.26603 19250 0.173784 -0.766702 27.989 250.529 -13 1193 1 0 1
-2.38463 -1.28026 19250 0.0906712 0.137805 27.9995 250.506 -13 1194 1 0 1
-9.92378 5.93791 19250 0.25352 -0.901328 27.9843 250.549 -13 1195 1 0 1
10.3923 -0.146789 19250 -0.114831 0.16198 27.9993 250.531 -13 1196 1 0 1
-1.52396 12.3873 19250 0.262668 -2.99441 27.8382 250.729 -13 1197 1 0 1
-4.54887 -7.47793 19250 0.170772 1.33522 27.9676 250.555 -13 1198 1 0 1
3.7604 -3.85789 19250 -0.0378098 0.602361 27.9935 250.536 -13 1199 1 0 1
-6.51287 -2.49551 19250 1.39776 1.76279 27.9095 250.727 -13 1200 1 0 1
16.716 -2.67368 19250 -0.332099 0.577825 27.9921 250.573 -13 1201 1 0 1
-12.7725 2.57188 19250 0.290252 -0.476728 27.9944 250.532 -13 1202 1 0 1
-16.5023 0.118608 19250 0.562105 0.009072 27.9944 250.55 -13 1203 1 0 1
-5.39474 -7.92092 19250 0.179874 1.41176 27.9638 250.568 -13 1204 1 0 1
1.66191 12.834 19250 -0.203748 -3.7335 27.7492 250.825 -13 1205 1 0 1
-2.76601 -11.3562 19250 0.39684 3.08318 27.8269 250.734 -13 1206 1 0 1
4.00199 6.53028 19250 -0.0219986 -1.10822 27.9781 250.55 -13 1207 1 0 1
15.4667 3.59199 19250 -0.245991 -0.756106 27.9887 250.559 -13 1208 1 0 1
-7.61025 -7.08885 19250 0.225765 1.31277 27.9683 250.561 -13 1209 1 0 1
3.91185 11.119 19250 -0.443677 -3.19911 27.8131 250.764 -13 1210 1 0 1
-13.5805 0.749703 19250 0.337045 -0.145227 27.9976 250.524 -13 1211 1 0 1
18.2782 2.79021 19250 -0.697853 -0.702999 27.9825 250.633 -13 1212 1 0 1
4.07878 6.84627 19250 -0.0171175 -1.27905 27.9708 250.555 -13 1213 1 0 1
9.94268 -5.93818 19250 -0.135464 1.10567 27.9778 250.559 -13 1214 1 0 1
11.8876 3.60994 19250 -0.158686 -0.66637 27.9916 250.547 -13 1215 1 0 1
-10.0754 -3.40168 19250 0.229404 0.471704 27.9951 250.524 -13 1216 1 0 1
15.4205 -0.0939935 19250 -0.223733 0.0449467 27.9991 250.547 -13 1217 1 0 1
-14.0861 4.14511 19250 0.520118 -0.923101 27.9799 250.558 -13 1218 1 0 1
-7.34989 4.45305 19250 0.169136 -0.640037 27.9922 250.528 -13 1219 1 0 1
-5.3974 -10.2022 19250 0.279972 2.19118 27.9127 250.638 -13 1220 1 0 1
3.34243 -0.272665 19250 0.0113282 0.0931081 27.9998 250.511 -13 1221 1 0 1
6.07993 6.97498 19250 -0.0484154 -1.19781 27.9743 250.557 -13 1222 1 0 1
-6.40442 -10.1871 19250 0.370095 2.22752 27.9088 250.653 -13 1223 1 0 1
-7.6368 1.15522 19250 0.197412 -0.235122 27.9983 250.503 -13 1224 1 0 1
13.2105 -1.01347 19250 -0.204388 0.212993 27.9984 250.548 -13 1225 1 0 1
-10.4856 -5.03678 19250 0.264624 0.738448 27.989 250.538 -13 1226 1 0 1
0.501337 11.0374 19250 0.0549434 -2.26799 27.9079 250.642 -13 1227 1 0 1
12.4221 7.33198 19250 -0.259468 -1.47167 27.9601 250.597 -13 1228 1 0 1
4.19888 -10.0838 19250 0.875316 4.07909 27.6874 250.908 -13 1229 1 0 1
4.35364 -8.23391 19250 -0.0536037 1.42807 27.9635 250.582 -13 1230 1 0 1
1.90198 -5.34555 19250 0.0439226 0.811068 27.9882 250.526 -13 1231 1 0 1
-4.66224 -4.20647 19250 0.140706 0.553077 27.9942 250.518 -13 1232 1 0 1
3.13821 7.63649 19250 -0.028256 -1.39442 27.9652 250.573 -13 1233 1 0 1
-1.29192 -1.62037 19250 0.0778674 0.196533 27.9992 250.506 -13 1234 1 0 1
7.33887 6.79985 19250 -0.865405 -2.50812 27.874 250.736 -13 1235 1 0 1
1.71955 -12.4913 19250 -0.081313 3.1024 27.8275 250.743 -13 1236 1 0 1
-12.4917 -5.74697 19250 0.421387 1.21555 27.9704 250.571 -13 1237 1 0 1
3.29429 0.145986 19250 0.0106958 -0.0221075 28 250.511 -13 1238 1 0 1
4.11045 5.52263 19250 -0.00307817 -0.79701 27.9887 250.535 -13 1239 1 0 1
-2.89835 7.32704 19250 0.117643 -1.21834 27.9732 250.552 -13 1240 1 0 1
-6.69295 3.45913 19250 0.160167 -0.548505 27.9942 250.518 -13 1241 1 0 1
-10.7149 -5.33075 19250 0.291776 0.829274 27.9862 250.541 -13 1242 1 0 1
7.45242 -10.9519 19250 0.796701 4.79199 27.5754 251.016 -13 1243 1 0 1
8.0277 -3.31183 19250 -0.0531403 0.61323 27.9932 250.526 -13 1244 1 0 1
-8.19901 0.67847 19250 0.20428 -0.171527 27.9987 250.503 -13 1245 1 0 1
-8.93653 8.4768 19250 0.406967 -1.76239 27.9415 250.606 -13 1246 1 0 1
-7.18567 -9.42164 19250 0.530737 2.35081 27.8961 250.671 -13 1247 1 0 1
-10.6435 -5.32912 19250 0.244878 0.923365 27.9837 250.548 -13 1248 1 0 1
-3.65696 2.07687 19250 0.117701 -0.203276 27.999 250.506 -13 1249 1 0 1
-9.25492 4.8092 19250 0.241089 -0.779874 27.9881 250.529 -13 1250 1 0 1
-5.54153 0.712748 19250 0.134755 -0.0529627 27.9996 250.506 -13 1251 1 0 1
15.0316 3.83875 19250 -0.262845 -0.598826 27.9924 250.567 -13 1252 1 0 1
9.63018 1.43711 19250 -0.127791 -0.325342 27.9978 250.537 -13 1253 1 0 1
7.8261 8.92791 19250 -0.145177 -1.73503 27.9458 250.604 -13 1254 1 0 1
-10.6539 -8.04094 19250 0.433283 1.62652 27.9494 250.613 -13 1255 1 0 1
7.74256 -6.57728 19250 -0.109181 1.12423 27.9772 250.563 -13 1256 1 0 1
1.14093 7.74986 19250 0.0420808 -1.23173 27.9729 250.559 -13 1257 1 0 1
1.53526 7.03596 19250 0.0276167 -1.14361 27.9766 250.551 -13 1258 1 0 1
-12.6316 -5.61651 19250 0.790928 1.45325 27.9511 250.636 -13 1259 1 0 1
18.3049 0.76323 19250 -0.490069 -0.18506 27.9951 250.595 -13 1260 1 0 1
-3.76863 -10.6555 19250 0.261669 2.45228 27.8912 250.653 -13 1261 1 0 1
57.7763 9.3051 19250 3.3831 4.96989 27.3469 251.257 -13 1262 1 0 1
-0.297717 10.1907 19250 0.0719486 -2.09244 27.9216 250.619 -13 1263 1 0 1
-3.82388 3.23869 19250 0.136402 -0.545949 27.9943 250.508 -13 1264 1 0 1
2.89258 1.12795 19250 0.0411084 -0.223498 27.9991 250.504 -13 1265 1 0 1
-5.34357 3.41168 19250 0.155658 -0.559418 27.994 250.511 -13 1266 1 0 1
45.2876 3.06105 19250 2.80367 5.0401 27.3996 251.238 -13 1267 1 0 1
-5.23308 5.94003 19250 0.130717 -0.943378 27.9838 250.54 -13 1268 1 0 1
7.00929 1.6603 19250 -0.0640537 -0.242463 27.9989 250.526 -13 1269 1 0 1
-6.42385 -8.90723 19250 0.675985 2.58049 27.8726 250.708 -13 1270 1 0 1
-5.24856 1.81875 19250 0.150404 -0.286109 27.9981 250.503 -13 1271 1 0 1
-7.54423 1.26612 19250 0.17606 -0.239351 27.9984 250.507 -13 1272 1 0 1
-4.51594 5.16488 19250 0.120332 -0.859925 27.9865 250.53 -13 1273 1 0 1
12.3131 5.64043 19250 -0.214633 -1.08798 27.978 250.569 -13 1274 1 0 1
12.1867 7.75386 19250 -0.575182 -1.94437 27.9265 250.672 -13 1275 1 0 1
9.68855 8.85721 19250 -0.450578 -2.28343 27.9031 250.673 -13 1276 1 0 1
3.21659 -6.9362 19250 -0.0133078 1.30977 27.9693 250.559 -13 1277 1 0 1
-2.59521 -10.0534 19250 0.706253 3.18882 27.8089 250.783 -13 1278 1 0 1
-14.4171 -4.29491 19250 0.496807 0.863057 27.9823 250.561 -13 1279 1 0 1
-13.9805 -4.29751 19250 0.727484 1.23 27.9635 250.602 -13 1280 1 0 1
32.6063 -6.3989 19250 1.53849 7.13971 27.0307 251.561 -13 1281 1 0 1
-0.169842 -0.0852312 19250 0.0549243 0.0750816 27.9998 250.507 -13 1282 1 0 1
0.104117 -5.48857 19250 0.0552693 0.84609 27.9872 250.53 -13 1283 1 0 1
-5.27068 10.1282 19250 0.300562 -2.26181 27.9069 250.639 -13 1284 1 0 1
-11.976 -4.32273 19250 0.315727 0.797686 27.9869 250.538 -13 1285 1 0 1
-13.8201 -5.36591 19250 0.618163 1.14107 27.9699 250.591 -13 1286 1 0 1
5.30624 9.78645 19250 -0.0864981 -2.0117 27.9275 250.617 -13 1287 1 0 1
8.90555 0.715073 19250 2.01841 2.71543 27.7948 250.885 -13 1288 1 0 1
-6.89958 -0.00529103 19250 0.170449 -0.0180676 27.9995 250.503 -13 1289 1 0 1
3.78502 7.39236 19250 -0.902731 -3.01883 27.8221 250.772 -13 1290 1 0 1
-6.60502 6.00632 19250 0.182328 -1.02858 27.9805 250.538 -13 1291 1 0 1
-6.0475 0.317917 19250 0.162552 -0.024714 27.9995 250.5 -13 1292 1 0 1
-16.6615 1.56924 19250 0.778534 -0.405529 27.9862 250.588 -13 1293 1 0 1
-10.5022 -5.14094 19250 0.305285 1.01716 27.9799 250.539 -13 1294 1 0 1
1.14454 4.10304 19250 0.0411662 -0.632781 27.9928 250.522 -13 1295 1 0 1
2.68859 -0.958623 19250 0.019276 0.0652384 27.9999 250.51 -13 1296 1 0 1
-1.76033 5.05166 19250 0.100451 -0.770237 27.9892 250.521 -13 1297 1 0 1
32.9858 5.74801 19250 2.76833 3.83036 27.5983 251.074 -13 1298 1 0 1
-3.13692 8.59797 19250 0.145988 -1.64906 27.951 250.576 -13 1299 1 0 1
17.2568 0.755778 19250 -0.374026 -0.128068 27.9972 250.577 -13 1300 1 0 1
0.315559 0.68255 19250 0.0375549 -0.058525 27.9999 250.511 -13 1301 1 0 1
-3.01284 -1.27633 19250 0.0877018 0.252949 27.9987 250.509 -13 1302 1 0 1
11.4489 -3.49079 19250 -0.174247 0.682433 27.9911 250.552 -13 1303 1 0 1
19.7958 0.455428 19250 2.17527 3.60848 27.6812 250.973 -13 1304 1 0 1
-1.60286 -9.17797 19250 0.874714 3.10765 27.8133 250.784 -13 1305 1 0 1
-4.00824 6.39411 19250 0.134428 -1.11088 27.9776 250.54 -13 1306 1 0 1
8.15338 -0.798945 19250 -0.0492816 0.178447 27.9994 250.517 -13 1307 1 0 1
0.662365 11.1929 19250 0.0632844 -2.37142 27.8993 250.647 -13 1308 1 0 1
0.35861 -9.68992 19250 0.052073 1.85484 27.9384 250.601 -13 1309 1 0 1
3.18603 6.20156 19250 -0.0133014 -1.0178 27.9815 250.547 -13 1310 1 0 1
-14.3436 -4.18718 19250 0.735413 1.15313 27.9666 250.602 -13 1311 1 0 1
0.710735 -13.1938 19250 0.108836 3.78795 27.7424 250.834 -13 1312 1 0 1
-11.714 -6.45344 19250 0.459786 1.38238 27.9621 250.581 -13 1313 1 0 1
-0.399153 -6.87039 19250 0.0668977 1.13189 27.977 250.545 -13 1314 1 0 1
-8.47206 -8.81702 19250 0.395134 1.83057 27.9373 250.613 -13 1315 1 0 1
-9.47545 -6.7383 19250 0.848981 2.00332 27.9153 250.684 -13 1316 1 0 1
2.75257 -8.71973 19250 -0.0259585 1.69874 27.9484 250.59 -13 1317 1 0 1
7.37808 9.03589 19250 -0.151866 -1.87433 27.9368 250.611 -13 1318 1 0 1
-8.08246 6.61966 19250 0.242998 -1.1865 27.9738 250.55 -13 1319 1 0 1
-7.77774 1.14841 19250 0.198134 -0.152253 27.9989 250.503 -13 1320 1 0 1
12.7468 7.61266 19250 -0.413812 -1.75704 27.9418 250.635 -13 1321 1 0 1
5.26426 -1.74552 19250 -0.000784083 0.428787 27.9967 250.513 -13 1322 1 0 1
1.24446 -12.115 19250 0.0050035 2.69621 27.8699 250.694 -13 1323 1 0 1
-5.66514 -1.55526 19250 0.135978 0.37234 27.9972 250.509 -13 1324 1 0 1
3.44903 9.04341 19250 -0.0388869 -1.69176 27.9488 250.595 -13 1325 1 0 1
0.424934 -0.45674 19250 0.0665338 0.00453043 27.9999 250.502 -13 1326 1 0 1
1.21525 1.43669 19250 0.0179875 -0.22343 27.9991 250.516 -13 1327 1 0 1
-5.51007 -5.48265 19250 0.171676 0.882004 27.9856 250.527 -13 1328 1 0 1
13.2756 6.38082 19250 -0.59262 -1.76658 27.9379 250.656 -13 1329 1 0 1
-7.15986 -1.16554 19250 0.171884 0.085539 27.9993 250.505 -13 1330 1 0 1
-6.56452 6.87838 19250 0.207951 -1.19039 27.9739 250.548 -13 1331 1 0 1
17.8169 -3.64199 19250 -0.59245 0.743363 27.9839 250.622 -13 1332 1 0 1
10.4249 -4.03644 19250 -0.0891982 0.564373 27.9942 250.535 -13 1333 1 0 1
-0.990664 -4.77925 19250 0.0714956 0.765829 27.9894 250.524 -13 1334 1 0 1
1.74777 -9.62365 19250 0.0267704 1.90993 27.9348 250.601 -13 1335 1 0 1
-3.51998 -6.00869 19250 0.110497 0.951355 27.9836 250.536 -13 1336 1 0 1
-0.728946 -5.54464 19250 0.0580057 0.895234 27.9856 250.533 -13 1337 1 0 1
9.22621 7.74354 19250 -0.161825 -1.52088 27.9582 250.589 -13 1338 1 0 1
-2.50059 -10.9939 19250 0.618402 3.14298 27.8162 250.776 -13 1339 1 0 1
-8.06593 -4.36983 19250 0.208068 0.72994 27.9897 250.523 -13 1340 1 0 1
1.0656 -2.23818 19250 0.0398006 0.396618 27.9972 250.512 -13 1341 1 0 1
8.51809 9.14986 19250 -0.474138 -2.43115 27.8902 250.689 -13 1342 1 0 1
18.9473 -0.335176 19250 -0.497527 0.164075 27.9951 250.594 -13 1343 1 0 1
0.677649 8.30463 19250 -0.0834422 -7.68437 26.9248 251.604 -13 1344 1 0 1
0.514199 -13.0332 19250 0.0475502 4.54025 27.6294 250.945 -13 1345 1 0 1
-0.549429 -4.64894 19250 0.0572258 0.801281 27.9885 250.525 -13 1346 1 0 1
-11.516 -1.7361 19250 0.323536 0.224562 27.9972 250.509 -13 1347 1 0 1
3.5348 -11.6243 19250 0.590903 4.3624 27.6518 250.919 -13 1348 1 0 1
4.81954 -10.1658 19250 -0.132539 2.18845 27.914 250.641 -13 1349 1 0 1
1.74196 8.89187 19250 0.0141087 -1.56917 27.956 250.585 -13 1350 1 0 1
16.9982 -2.07686 19250 -0.955072 0.844976 27.9709 250.67 -13 1351 1 0 1
4.26376 1.23297 19250 0.000534865 -0.0641497 27.9999 250.513 -13 1352 1 0 1
-1.15108 0.965059 19250 0.0657024 -0.129113 27.9996 250.508 -13 1353 1 0 1
-6.97797 2.65983 19250 0.152146 -0.436435 27.9962 250.516 -13 1354 1 0 1
-12.2284 -6.57949 19250 0.419486 1.36155 27.9637 250.589 -13 1355 1 0 1
-1.51244 -10.091 19250 0.118644 2.05689 27.9241 250.614 -13 1356 1 0 1
107.326 20.7341 19250 4.88926 6.04592 26.8987 251.658 -13 1357 1 0 1
-5.40489 7.64653 19250 0.191303 -1.26044 27.971 250.556 -13 1358 1 0 1
1.8642 12.3662 19250 -0.0547388 -3.0958 27.8283 250.734 -13 1359 1 0 1
-13.2944 1.63976 19250 0.346996 -0.249964 27.9967 250.523 -13 1360 1 0 1
-5.52994 -9.97821 19250 0.239046 1.9865 27.9284 250.624 -13 1361 1 0 1
-3.69224 -6.69615 19250 1.07696 2.63965 27.8545 250.763 -13 1362 1 0 1
-13.4555 4.95163 19250 0.434275 -0.818303 27.9847 250.555 -13 1363 1 0 1
10.2269 2.10048 19250 -0.0811877 -0.190231 27.9992 250.525 -13 1364 1 0 1
-3.00657 -9.23316 19250 0.0879061 1.7663 27.9441 250.602 -13 1365 1 0 1
6.03023 -5.91418 19250 -0.048613 0.935051 27.9843 250.545 -13 1366 1 0 1
-0.343916 -8.97826 19250 0.0562363 1.61815 27.9531 250.586 -13 1367 1 0 1
-13.2504 -5.52429 19250 0.593953 1.32106 27.9625 250.595 -13 1368 1 0 1
-6.5516 -3.48705 19250 0.176224 0.571819 27.9936 250.513 -13 1369 1 0 1
5.64462 -0.704556 19250 1.83539 2.65991 27.8129 250.854 -13 1370 1 0 1
-0.865796 0.546589 19250 0.0598209 0.0849681 27.9998 250.509 -13 1371 1 0 1
11.1977 7.83197 19250 -0.376471 -1.86903 27.935 250.635 -13 1372 1 0 1
-7.36917 -3.44476 19250 0.183188 0.632927 27.9922 250.517 -13 1373 1 0 1
-2.91585 -7.37984 19250 0.127843 1.3465 27.9673 250.554 -13 1374 1 0 1
-6.39944 -5.17586 19250 0.190026 0.857074 27.9862 250.524 -13 1375 1 0 1
-16.7642 -2.27699 19250 0.676569 0.357737 27.9895 250.579 -13 1376 1 0 1
5.48387 -1.34261 19250 -0.042082 0.322667 27.9981 250.523 -13 1377 1 0 1
-8.7215 10.0117 19250 -0.537879 -6.32201 27.2716 251.281 -13 1378 1 0 1
3.13251 -2.20047 19250 0.0129317 0.372265 27.9975 250.514 -13 1379 1 0 1
5.16055 10.3838 19250 -0.122647 -2.16094 27.9162 250.641 -13 1380 1 0 1
-16.9183 -0.471372 19250 0.815688 0.19854 27.9874 250.59 -13 1381 1 0 1
0.898914 -0.962554 19250 0.0391748 0.246378 27.9989 250.51 -13 1382 1 0 1
0.365254 -13.0809 19250 0.215677 3.74499 27.7476 250.832 -13 1383 1 0 1
4.16833 9.46195 19250 -0.0729011 -1.90632 27.9349 250.612 -13 1384 1 0 1
-3.52139 11.391 19250 0.240922 -2.48039 27.8889 250.675 -13 1385 1 0 1
9.56483 8.11354 19250 -0.212567 -1.40661 27.9638 250.605 -13 1386 1 0 1
7.81751 1.97091 19250 -0.0704234 -0.309751 27.9982 250.526 -13 1387 1 0 1
4.77275 -6.17325 19250 -0.0636577 1.03492 27.9808 250.555 -13 1388 1 0 1
-5.17197 2.52972 19250 0.130321 -0.397071 27.9969 250.511 -13 1389 1 0 1
-7.16213 5.25361 19250 -1.41815 -3.61915 27.7289 250.888 -13 1390 1 0 1
-16.0606 1.37795 19250 0.609712 -0.30737 27.9917 250.553 -13 1391 1 0 1
4.72036 11.1241 19250 -0.190119 -2.56485 27.8816 250.684 -13 1392 1 0 1
6.36254 0.0877196 19250 -0.0232487 0.0945744 27.9998 250.514 -13 1393 1 0 1
-10.8945 -3.58906 19250 0.25087 0.584238 27.9928 250.529 -13 1394 1 0 1
4.11497 -1.1329 19250 -0.0168027 0.202152 27.9993 250.518 -13 1395 1 0 1
-11.4174 -6.52203 19250 0.349588 1.24775 27.97 250.572 -13 1396 1 0 1
0.118445 7.32483 19250 1.08966 -3.13756 27.8023 250.798 -13 1397 1 0 1
-5.86017 6.60552 19250 0.176101 -1.21449 27.9731 250.548 -13 1398 1 0 1
-0.335842 -7.70261 19250 0.0492774 1.35379 27.9672 250.565 -13 1399 1 0 1
11.5545 5.16141 19250 -0.174682 -0.816911 27.9875 250.559 -13 1400 1 0 1
-16.4021 -0.938063 19250 0.564823 0.209454 27.9935 250.552 -13 1401 1 0 1
-4.47017 -7.52504 19250 0.129431 1.34354 27.9674 250.564 -13 1402 1 0 1
-4.06044 -6.47819 19250 1.03122 2.62112 27.858 250.733 -13 1403 1 0 1
-5.75346 -0.21297 19250 0.134723 -0.0243764 27.9997 250.506 -13 1404 1 0 1
-5.08304 10.8963 19250 -0.672462 -4.68292 27.5974 250.968 -13 1405 1 0 1
-15.659 -3.86597 19250 0.688486 0.82155 27.9795 250.593 -13 1406 1 0 1
-0.0573922 6.75984 19250 0.0681886 -1.08803 27.9788 250.542 -13 1407 1 0 1
7.78376 8.37603 19250 -0.143999 -1.63131 27.9521 250.597 -13 1408 1 0 1
-14.0778 -1.2765 19250 0.3778 0.152449 27.997 250.527 -13 1409 1 0 1
-1.89363 12.1587 19250 0.311698 -3.12914 27.8229 250.746 -13 1410 1 0 1
-12.7565 -5.96274 19250 0.729992 1.52906 27.9487 250.64 -13 1411 1 0 1
4.50675 -4.98801 19250 -0.00938872 0.872188 27.9864 250.532 -13 1412 1 0 1
-1.88327 -4.39561 19250 0.094785 0.764808 27.9894 250.519 -13 1413 1 0 1
2.32431 5.96202 19250 0.00868718 -1.08364 27.979 250.542 -13 1414 1 0 1
13.1859 4.30173 19250 -0.205177 -0.73422 27.9896 250.558 -13 1415 1 0 1
-4.51169 -1.74579 19250 0.0984857 0.311184 27.9981 250.514 -13 1416 1 0 1
-10.5143 -3.52514 19250 0.268302 0.460836 27.9949 250.522 -13 1417 1 0 1
-1.83586 -2.84141 19250 0.0688728 0.480299 27.9958 250.515 -13 1418 1 0 1
-10.4906 -5.47652 19250 0.270347 0.883926 27.9847 250.544 -13 1419 1 0 1
-3.71491 -5.74752 19250 0.118259 0.811535 27.988 250.532 -13 1420 1 0 1
-1.13011 -2.72903 19250 0.0819758 0.411368 27.9969 250.509 -13 1421 1 0 1
-2.33924 3.80693 19250 0.0837596 -0.459317 27.9961 250.52 -13 1422 1 0 1
-7.21171 -9.79896 19250 0.407352 2.18249 27.9118 250.65 -13 1423 1 0 1
-10.5721 -2.66431 19250 0.262471 0.327996 27.9968 250.516 -13 1424 1 0 1
-15.9073 1.06003 19250 0.520211 -0.189453 27.9945 250.544 -13 1425 1 0 1
-3.19795 -7.54624 19250 0.952561 2.92397 27.8306 250.77 -13 1426 1 0 1
10.8256 -6.165 19250 -0.165283 1.12714 27.9768 250.566 -13 1427 1 0 1
-6.68997 4.95568 19250 0.173297 -0.651134 27.9919 250.528 -13 1428 1 0 1
-2.37279 11.0423 19250 0.115374 -2.31483 27.9039 250.657 -13 1429 1 0 1
13.5447 -4.5255 19250 -0.188787 0.818943 27.9874 250.553 -13 1430 1 0 1
-4.59664 -3.93245 19250 0.114282 0.518425 27.995 250.522 -13 1431 1 0 1
-1.31468 -11.7977 19250 0.172275 3.04374 27.8335 250.717 -13 1432 1 0 1
7.83958 -8.96273 19250 -0.13965 1.70606 27.9476 250.603 -13 1433 1 0 1
-5.83299 7.16873 19250 0.206097 -1.31422 27.9684 250.552 -13 1434 1 0 1
8.26845 -2.80446 19250 -0.0640829 0.462423 27.9961 250.526 -13 1435 1 0 1
11.8089 -1.61298 19250 -0.152652 0.226331 27.9987 250.539 -13 1436 1 0 1
-3.93375 -6.28064 19250 0.119786 0.953136 27.9835 250.539 -13 1437 1 0 1
13.8268 -9.31142 19250 1.11886 5.14327 27.5008 251.092 -13 1438 1 0 1
7.74262 7.70119 19250 -0.126633 -1.5912 27.9545 250.585 -13 1439 1 0 1
10.7226 -3.85299 19250 -0.135723 0.643382 27.9923 250.545 -13 1440 1 0 1
-7.63137 -9.37285 19250 0.352803 1.87216 27.9351 250.62 -13 1441 1 0 1
-1.48393 0.976329 19250 0.0608673 -0.0919398 27.9998 250.511 -13 1442 1 0 1
-12.6078 -4.79538 19250 0.360834 0.874901 27.984 250.547 -13 1443 1 0 1
31.0112 -3.70865 19250 1.97222 5.50076 27.3834 251.22 -13 1444 1 0 1
-5.63419 9.04249 19250 0.257662 -1.73781 27.9448 250.588 -13 1445 1 0 1
16.3024 -1.12273 19250 -0.33384 0.207906 27.9972 250.571 -13 1446 1 0 1
-16.9414 -2.59405 19250 -2.23038 -3.23242 27.7232 250.938 -13 1447 1 0 1
3.17309 4.02273 19250 0.00644922 -0.653005 27.9924 250.525 -13 1448 1 0 1
7.51646 9.85434 19250 -0.237659 -2.09304 27.9207 250.649 -13 1449 1 0 1
4.82036 10.4512 19250 0.247186 -6.52419 27.2282 251.342 -13 1450 1 0 1
-16.1461 -0.514664 19250 0.534081 0.0460018 27.9949 250.545 -13 1451 1 0 1
0.373848 -11.7291 19250 0.576451 3.79512 27.7356 250.863 -13 1452 1 0 1
3.51365 5.15931 19250 0.00580853 -0.691582 27.9915 250.532 -13 1453 1 0 1
-3.73953 -4.61156 19250 0.117348 0.764419 27.9893 250.522 -13 1454 1 0 1
24.5646 4.88065 19250 2.57613 3.36748 27.6771 251.009 -13 1455 1 0 1
5.95172 -1.53186 19250 -0.0256366 0.298146 27.9984 250.517 -13 1456 1 0 1
5.22 11.4084 19250 -0.218589 -2.62444 27.8759 250.695 -13 1457 1 0 1
10.28 8.36803 19250 -0.278731 -1.74894 27.9439 250.621 -13 1458 1 0 1
-6.96854 -8.49494 19250 0.253269 1.58585 27.9539 250.585 -13 1459 1 0 1
3.46566 6.5947 19250 -0.0126235 -1.15712 27.9761 250.551 -13 1460 1 0 1
4.81038 -8.24693 19250 -0.0676571 1.5354 27.9578 250.585 -13 1461 1 0 1
9.99122 8.85808 19250 -0.415522 -2.17415 27.9124 250.664 -13 1462 1 0 1
7.84697 7.79094 19250 -0.0947517 -1.36409 27.9666 250.575 -13 1463 1 0 1
-1.7911 -10.2296 19250 0.113007 2.0385 27.9255 250.619 -13 1464 1 0 1
15.1694 5.8093 19250 -0.392357 -1.16704 27.9729 250.604 -13 1465 1 0 1
-8.03905 6.25451 19250 0.202019 -1.03549 27.9801 250.548 -13 1466 1 0 1
-1.93534 11.6636 19250 -0.154848 -6.00691 27.3476 251.235 -13 1467 1 0 1
-8.36496 0.831771 19250 0.188356 -0.0615151 27.9993 250.508 -13 1468 1 0 1
-14.7097 -2.71292 19250 0.457841 0.506935 27.9917 250.54 -13 1469 1 0 1
0.718779 0.576535 19250 0.0508275 -0.101255 27.9998 250.506 -13 1470 1 0 1
-0.976499 7.78199 19250 -0.999928 -3.52791 27.7589 250.834 -13 1471 1 0 1
-5.97923 -5.86128 19250 1.07278 2.30085 27.8847 250.723 -13 1472 1 0 1
6.83778 -3.94176 19250 -0.0313543 0.623174 27.993 250.526 -13 1473 1 0 1
-16.3588 1.75547 19250 0.713471 -0.463991 27.9871 250.574 -13 1474 1 0 1
11.8541 7.52154 19250 -0.252388 -1.44191 27.9617 250.599 -13 1475 1 0 1
7.9819 5.77902 19250 -0.0979985 -1.02638 27.981 250.552 -13 1476 1 0 1
0.137955 -0.551079 19250 0.0505367 0.0824165 27.9998 250.508 -13 1477 1 0 1
-0.632386 -10.4905 19250 0.101963 2.02646 27.9264 250.62 -13 1478 1 0 1
1.56603 -2.23995 19250 0.0318582 0.37725 27.9974 250.513 -13 1479 1 0 1
19.4852 -0.556582 19250 -0.578531 0.132353 27.9937 250.605 -13 1480 1 0 1
-11.198 -6.42778 19250 0.730023 1.69153 27.9393 250.635 -13 1481 1 0 1
-10.0377 -7.69633 19250 0.675814 2.00019 27.9203 250.666 -13 1482 1 0 1
-4.37324 9.57659 19250 0.19095 -1.74791 27.9447 250.599 -13 1483 1 0 1
-1.56794 -8.70492 19250 0.0789954 1.4818 27.9607 250.58 -13 1484 1 0 1
11.9906 -4.55872 19250 -0.192776 0.674417 27.9912 250.56 -13 1485 1 0 1
10.0957 7.04447 19250 0.216647 -8.40572 26.7076 251.832 -13 1486 1 0 1
-1.02951 -8.97297 19250 0.0600471 1.67819 27.9496 250.589 -13 1487 1 0 1
-4.89987 4.67346 19250 0.106711 -0.723906 27.9904 250.532 -13 1488 1 0 1
3.13363 -11.2329 19250 0.718715 4.16474 27.6792 250.926 -13 1489 1 0 1
17.4413 3.10496 19250 -0.382526 -0.544125 27.9921 250.583 -13 1490 1 0 1
-0.909174 12.1072 19250 0.135055 -2.72087 27.8672 250.695 -13 1491 1 0 1
-9.56971 -3.8661 19250 0.246419 0.637658 27.9917 250.522 -13 1492 1 0 1
-3.64176 4.78024 19250 0.123638 -0.734227 27.9901 250.521 -13 1493 1 0 1
1.45781 3.61426 19250 0.0128903 -0.53023 27.995 250.526 -13 1494 1 0 1
80.4914 36.6085 19250 5.09901 3.75701 27.2743 251.541 -13 1495 1 0 1
-7.29502 -1.05426 19250 0.194203 0.127183 27.999 250.501 -13 1496 1 0 1
-1.23215 0.399422 19250 0.0624373 -0.00234587 27.9999 250.508 -13 1497 1 0 1
-10.7775 -5.77608 19250 0.312955 1.04664 27.9787 250.549 -13 1498 1 0 1
-1.53105 -6.37587 19250 0.107343 1.08559 27.9787 250.534 -13 1499 1 0 1
-2.7395 4.24548 19250 0.147112 -0.639615 27.9923 250.507 -13 1500 1 0 1
7.39651 8.72626 19250 1.10873 -4.1517 27.6683 250.932 -13 1501 1 0 1
-6.20482 8.35871 19250 0.201372 -1.60484 27.9532 250.584 -13 1502 1 0 1
2.20621 -5.71104 19250 0.0173939 0.912089 27.9851 250.536 -13 1503 1 0 1
-11.4238 -4.20577 19250 0.334485 0.834269 27.9856 250.531 -13 1504 1 0 1
16.2036 2.86032 19250 -0.298146 -0.545309 27.9931 250.567 -13 1505 1 0 1
-6.64105 -3.67486 19250 0.158499 0.556603 27.994 250.519 -13 1506 1 0 1
-1.88017 7.4782 19250 0.0963798 -1.26313 27.9713 250.555 -13 1507 1 0 1
-3.15973 10.9223 19250 0.200319 -2.4435 27.8925 250.658 -13 1508 1 0 1
-4.72026 1.75398 19250 0.0997171 -0.333348 27.9978 250.515 -13 1509 1 0 1
2.83075 -1.42808 19250 0.0156525 0.181817 27.9994 250.512 -13 1510 1 0 1
-11.5364 -6.90563 19250 0.534904 1.48836 27.9553 250.599 -13 1511 1 0 1
-14.1618 -3.87869 19250 0.530547 0.749328 27.9849 250.551 -13 1512 1 0 1
10.5332 5.03253 19250 -0.121741 -0.869344 27.9862 250.546 -13 1513 1 0 1
-11.7215 -3.44538 19250 0.316854 0.480524 27.9941 250.524 -13 1514 1 0 1
-11.0032 -5.69736 19250 0.324341 0.964501 27.9815 250.547 -13 1515 1 0 1
5.49447 -11.5095 19250 0.682635 4.59538 27.6119 250.972 -13 1516 1 0 1
-1.31698 -11.4042 19250 0.49968 3.48516 27.7778 250.797 -13 1517 1 0 1
9.77034 5.85505 19250 -0.169819 -0.925582 27.9842 250.569 -13 1518 1 0 1
-0.947061 -0.584792 19250 0.0778802 0.165653 27.9994 250.503 -13 1519 1 0 1
8.46986 6.48877 19250 -0.112186 -1.06418 27.9795 250.561 -13 1520 1 0 1
-7.59324 -4.74923 19250 0.198799 0.813493 27.9875 250.526 -13 1521 1 0 1
-11.5396 -3.24879 19250 0.330975 0.545955 27.9927 250.52 -13 1522 1 0 1
3.58679 6.53611 19250 -1.02301 -2.90418 27.8302 250.778 -13 1523 1 0 1
0.828509 3.01663 19250 0.0473249 -0.381364 27.9974 250.514 -13 1524 1 0 1
0.6542 12.1037 19250 -0.384074 -3.93635 27.7193 250.851 -13 1525 1 0 1
10.1357 1.00605 19250 -0.11655 -0.221345 27.9989 250.532 -13 1526 1 0 1
-6.70159 4.34878 19250 0.154511 -0.627767 27.9925 250.527 -13 1527 1 0 1
3.6632 5.60845 19250 0.0279984 -0.904041 27.9854 250.528 -13 1528 1 0 1
5.77067 3.25954 19250 -0.0247945 -0.540272 27.9948 250.523 -13 1529 1 0 1
-2.88442 10.7516 19250 0.161477 -2.23564 27.9101 250.642 -13 1530 1 0 1
-3.87973 7.31696 19250 0.128434 -1.34377 27.9674 250.559 -13 1531 1 0 1
0.914608 -1.42893 19250 0.0747598 0.427124 27.9966 250.503 -13 1532 1 0 1
59.941 12.9505 19250 3.63962 4.63415 27.3729 251.283 -13 1533 1 0 1
0.528648 -9.84452 19250 0.0651294 1.97145 27.9304 250.605 -13 1534 1 0 1
-13.2727 -1.73986 19250 1.16608 1.01783 27.9572 250.664 -13 1535 1 0 1
6.10455 0.198398 19250 -0.0118303 -0.0446924 28 250.51 -13 1536 1 0 1
2.46022 -2.47795 19250 0.0304896 0.410827 27.997 250.512 -13 1537 1 0 1
-13.4111 -2.37361 19250 0.327462 0.376011 27.9956 250.531 -13 1538 1 0 1
6.2664 -5.02692 19250 -0.0295905 0.897225 27.9856 250.533 -13 1539 1 0 1
5.79532 3.32289 19250 -1.29686 -2.20053 27.8833 250.768 -13 1540 1 0 1
-0.191599 -2.71694 19250 0.0678174 0.454752 27.9962 250.51 -13 1541 1 0 1
-9.44954 -5.03251 19250 0.246284 0.878424 27.9851 250.534 -13 1542 1 0 1
0.679336 7.89448 19250 0.0430824 -1.44769 27.9625 250.566 -13 1543 1 0 1
-8.15151 -3.57901 19250 0.220188 0.62006 27.9923 250.515 -13 1544 1 0 1
-12.946 -5.72249 19250 0.645458 1.45978 27.9545 250.612 -13 1545 1 0 1
-7.37755 8.40267 19250 0.264339 -1.5897 27.9536 250.586 -13 1546 1 0 1
1.98612 -0.418585 19250 0.044575 0.0596938 27.9999 250.504 -13 1547 1 0 1
-5.07017 -3.17953 19250 0.136678 0.468334 27.9957 250.513 -13 1548 1 0 1
-11.2755 -1.82938 19250 0.268244 0.352166 27.9965 250.516 -13 1549 1 0 1
11.4647 2.53028 19250 -0.140244 -0.435386 27.9963 250.538 -13 1550 1 0 1
6.13964 9.32605 19250 -0.110975 -1.82944 27.94 250.609 -13 1551 1 0 1
0.845038 -12.9795 19250 0.198225 3.69566 27.7543 250.814 -13 1552 1 0 1
-14.9873 -3.79095 19250 0.477615 0.708226 27.987 250.56 -13 1553 1 0 1
-9.1262 -6.88428 19250 0.279323 1.17629 27.9739 250.558 -13 1554 1 0 1
-13.5698 2.83344 19250 0.371324 -0.507571 27.9929 250.532 -13 1555 1 0 1
-12.8277 5.67866 19250 0.437035 -1.23216 27.9695 250.576 -13 1556 1 0 1
6.76332 10.2851 19250 -0.45538 -2.68662 27.8671 250.718 -13 1557 1 0 1
5.89619 -4.34461 19250 -0.0315041 0.810711 27.9882 250.53 -13 1558 1 0 1
14.1505 -1.85036 19250 -0.203438 0.341091 27.9972 250.546 -13 1559 1 0 1
-10.2901 -7.99954 19250 0.540796 1.90399 27.93 250.64 -13 1560 1 0 1
-5.64258 -4.04075 19250 0.151354 0.594073 27.9933 250.519 -13 1561 1 0 1
10.6736 7.3796 19250 -0.261144 -1.47843 27.9597 250.606 -13 1562 1 0 1
11.6983 -5.66586 19250 -0.206589 1.05462 27.9794 250.569 -13 1563 1 0 1
1.39797 -8.38168 19250 0.0374343 1.50627 27.9594 250.572 -13 1564 1 0 1
0.583452 12.4144 19250 0.0426435 -2.9059 27.8488 250.716 -13 1565 1 0 1
2.87977 6.55424 19250 0.0231723 -0.99919 27.9822 250.541 -13 1566 1 0 1
5.44272 2.39885 19250 -0.0224631 -0.361309 27.9977 250.519 -13 1567 1 0 1
-1.73154 0.202011 19250 0.0895446 -0.0338823 27.9998 250.502 -13 1568 1 0 1
3.92861 3.53447 19250 0.00505327 -0.609534 27.9934 250.521 -13 1569 1 0 1
11.6293 -3.38369 19250 1.70699 3.6018 27.7149 250.921 -13 1570 1 0 1
-5.38107 1.70252 19250 0.130353 -0.2559 27.9985 250.509 -13 1571 1 0 1
-8.24693 0.809199 19250 -1.80299 -3.08357 27.7712 250.875 -13 1572 1 0 1
14.962 3.19235 19250 -0.217735 -0.524603 27.9942 250.552 -13 1573 1 0 1
11.4889 7.91608 19250 -0.315633 -1.55533 27.955 250.622 -13 1574 1 0 1
-14.8018 3.58151 19250 0.47779 -0.695081 27.9873 250.554 -13 1575 1 0 1
-14.9672 -3.85208 19250 0.869136 1.05197 27.9667 250.635 -13 1576 1 0 1
-1.0496 -1.51312 19250 1.59907 2.22935 27.8653 250.777 -13 1577 1 0 1
-5.7195 -7.04112 19250 0.167967 1.16711 27.9752 250.552 -13 1578 1 0 1
-10.113 -3.68185 19250 0.238529 0.622702 27.9921 250.526 -13 1579 1 0 1
10.6266 -3.04079 19250 -0.130202 0.456479 27.996 250.54 -13 1580 1 0 1
4.06936 2.24233 19250 -0.00913379 -0.427509 27.9967 250.519 -13 1581 1 0 1
-11.8441 -5.06221 19250 0.863328 1.59523 27.9412 250.646 -13 1582 1 0 1
-10.9558 -5.56383 19250 0.3051 0.982533 27.9811 250.547 -13 1583 1 0 1
-14.491 -0.0885499 19250 0.405905 -0.0172179 27.9971 250.526 -13 1584 1 0 1
-8.82107 -8.14267 19250 0.307263 1.54471 27.9557 250.59 -13 1585 1 0 1
-9.45887 -6.95688 19250 0.284919 1.30762 27.968 250.567 -13 1586 1 0 1
8.59103 -5.34105 19250 1.45046 3.70507 27.7159 250.894 -13 1587 1 0 1
-15.0057 1.46221 19250 0.440828 -0.248221 27.9954 250.535 -13 1588 1 0 1
-9.86117 -7.96869 19250 0.35987 1.52079 27.9564 250.594 -13 1589 1 0 1
-0.0883108 10.5362 19250 0.0145843 -2.15061 27.9173 250.641 -13 1590 1 0 1
-5.82212 -2.39017 19250 0.162051 0.366679 27.9971 250.506 -13 1591 1 0 1
-6.57527 8.52879 19250 0.281193 -1.76663 27.9428 250.586 -13 1592 1 0 1
-2.49651 0.741952 19250 0.124706 -0.121551 27.9995 250.496 -13 1593 1 0 1
-0.868106 -0.750635 19250 0.0489445 0.123983 27.9997 250.512 -13 1594 1 0 1
-10.551 4.58622 19250 0.259934 -0.679665 27.9905 250.535 -13 1595 1 0 1
-1.12376 -6.08794 19250 0.0679125 0.918102 27.9849 250.538 -13 1596 1 0 1
4.81806 6.28869 19250 -0.000339863 -1.05181 27.9802 250.538 -13 1597 1 0 1
-5.80859 -0.540535 19250 0.142133 0.0580673 27.9996 250.505 -13 1598 1 0 1
-4.70446 0.000916647 19250 0.105637 0.0389761 27.9998 250.509 -13 1599 1 0 1
-6.6617 -5.36574 19250 0.191798 0.856862 27.9862 250.527 -13 1600 1 0 1
12.0665 2.14805 19250 -0.1567 -0.393148 27.9968 250.54 -13 1601 1 0 1
-8.45739 10.2643 19250 -0.771321 -5.2507 27.4925 251.058 -13 1602 1 0 1
-6.41766 -3.51186 19250 0.153442 0.565005 27.9939 250.518 -13 1603 1 0 1
-12.0337 4.97092 19250 -1.56641 -3.95664 27.6747 250.939 -13 1604 1 0 1
-14.2447 -2.13205 19250 0.376618 0.371322 27.995 250.534 -13 1605 1 0 1
6.4168 3.59582 19250 -0.0285091 -0.432122 27.9967 250.525 -13 1606 1 0 1
3.8424 -0.634177 19250 0.00678416 0.106211 27.9998 250.511 -13 1607 1 0 1
6.83058 9.61597 19250 -0.144844 -1.88782 27.9359 250.621 -13 1608 1 0 1
-16.9881 0.968963 19250 0.654997 -0.152375 27.9919 250.568 -13 1609 1 0 1
18.7409 1.22898 19250 -0.506956 -0.288388 27.9939 250.596 -13 1610 1 0 1
-15.151 -3.93032 19250 0.568848 0.771147 27.9836 250.569 -13 1611 1 0 1
8.21719 2.72611 19250 -0.073757 -0.514643 27.9952 250.529 -13 1612 1 0 1
-11.8938 3.02954 19250 0.296321 -0.396541 27.9956 250.524 -13 1613 1 0 1
7.77774 5.73453 19250 -0.0948772 -1.0005 27.982 250.552 -13 1614 1 0 1
7.33526 4.38192 19250 -1.12042 -2.28914 27.8838 250.746 -13 1615 1 0 1
-9.56704 -0.160227 19250 0.241882 -0.0668465 27.9989 250.504 -13 1616 1 0 1
4.54417 1.60154 19250 -0.004135 -0.177082 27.9994 250.514 -13 1617 1 0 1
-4.46143 7.12038 19250 0.164012 -1.20555 27.9736 250.547 -13 1618 1 0 1
18.2773 -8.85427 19250 1.17032 5.85253 27.3565 251.24 -13 1619 1 0 1
-3.69577 -5.42001 19250 0.101572 0.92784 27.9844 250.533 -13 1620 1 0 1
6.77495 8.50275 19250 -0.12129 -1.58586 27.9548 250.596 -13 1621 1 0 1
-4.14395 7.8773 19250 0.141928 -1.37016 27.9661 250.566 -13 1622 1 0 1
-0.152511 -4.97182 19250 0.0671668 0.746247 27.99 250.524 -13 1623 1 0 1
-7.60353 -9.20068 19250 0.521443 2.37111 27.8945 250.673 -13 1624 1 0 1
1.21241 -5.69737 19250 0.0417514 0.918336 27.9849 250.532 -13 1625 1 0 1
8.99209 8.81339 19250 -0.606602 -2.449 27.8861 250.709 -13 1626 1 0 1
-10.0317 -3.83007 19250 0.248718 0.567186 27.9931 250.524 -13 1627 1 0 1
-12.2564 -3.52808 19250 1.07304 1.25134 27.9514 250.656 -13 1628 1 0 1
-4.59045 -10.6219 19250 0.358857 2.60689 27.8761 250.677 -13 1629 1 0 1
-11.7061 1.11811 19250 0.302882 -0.21784 27.9975 250.511 -13 1630 1 0 1
-2.01052 2.36233 19250 0.0905725 -0.343705 27.9977 250.508 -13 1631 1 0 1
-11.8116 -6.82572 19250 0.560136 1.64068 27.9463 250.617 -13 1632 1 0 1
-1.20983 -0.016366 19250 0.0864942 -0.0192696 27.9999 250.501 -13 1633 1 0 1
1.83378 -1.8031 19250 -0.000880785 0.252615 27.9989 250.521 -13 1634 1 0 1
-14.0907 -2.52718 19250 0.416509 0.542664 27.9916 250.534 -13 1635 1 0 1
-9.98548 -4.47527 19250 0.2699 0.761335 27.9883 250.528 -13 1636 1 0 1
-14.7414 2.00833 19250 0.461197 -0.379257 27.9936 250.535 -13 1637 1 0 1
-10.3136 -0.651014 19250 1.60063 0.573305 27.9483 250.732 -13 1638 1 0 1
-7.2088 -3.3799 19250 0.159188 0.421481 27.9964 250.52 -13 1639 1 0 1
6.44793 4.59933 19250 -0.0537968 -0.661958 27.9921 250.538 -13 1640 1 0 1
-5.82238 0.574492 19250 0.148257 -0.106868 27.9994 250.503 -13 1641 1 0 1
9.50332 5.34217 19250 -0.141905 -1.03037 27.9807 250.557 -13 1642 1 0 1
69.0343 4.0179 19250 3.213 6.71919 26.9913 251.575 -13 1643 1 0 1
14.8443 2.41477 19250 -0.213484 -0.439608 27.9957 250.548 -13 1644 1 0 1
9.27701 -7.81235 19250 -0.179682 1.44033 27.9624 250.593 -13 1645 1 0 1
-7.33187 0.605891 19250 0.157371 -0.0401022 27.9995 250.509 -13 1646 1 0 1
-1.63724 3.9838 19250 0.071281 -0.564998 27.9942 250.522 -13 1647 1 0 1
4.114 8.62004 19250 -0.0241564 -1.50067 27.9597 250.581 -13 1648 1 0 1
-6.09137 1.14407 19250 0.157196 -0.0692325 27.9995 250.504 -13 1649 1 0 1
-15.0117 -3.10473 19250 0.526125 0.63586 27.9878 250.552 -13 1650 1 0 1
3.72654 -1.31992 19250 0.00721262 0.196158 27.9993 250.512 -13 1651 1 0 1
11.0698 0.971192 19250 -0.127304 -0.058898 27.9996 250.533 -13 1652 1 0 1
96.2757 23.4985 19250 4.79376 5.34996 27.0628 251.546 -13 1653 1 0 1
5.27894 11.2833 19250 -0.306065 -2.71745 27.8661 250.715 -13 1654 1 0 1
-8.12722 -8.21359 19250 0.377216 1.7923 27.94 250.593 -13 1655 1 0 1
-6.74069 -1.77128 19250 0.160791 0.306033 27.9979 250.508 -13 1656 1 0 1
-4.1028 7.96421 19250 -1.06987 -3.87646 27.7097 250.878 -13 1657 1 0 1
13.4379 5.22206 19250 -0.774267 -1.69976 27.9376 250.677 -13 1658 1 0 1
0.764875 4.9878 19250 0.0398075 -0.784559 27.989 250.528 -13 1659 1 0 1
12.2657 4.39062 19250 -0.95026 -1.66252 27.9344 250.703 -13 1660 1 0 1
9.64406 -1.59816 19250 -0.0728457 0.203158 27.9992 250.522 -13 1661 1 0 1
-12.0904 -6.31958 19250 0.446 1.26309 27.9679 250.576 -13 1662 1 0 1
-6.54972 2.63617 19250 0.172187 -0.557955 27.9939 250.51 -13 1663 1 0 1
6.44678 -1.766 19250 1.76205 2.85991 27.7978 250.856 -13 1664 1 0 1
9.1745 -9.1391 19250 -0.302567 2.1184 27.9181 250.645 -13 1665 1 0 1
14.11 -4.35607 19250 -0.871868 1.50523 27.9459 250.681 -13 1666 1 0 1
5.38951 5.17267 19250 -0.0222216 -0.889674 27.9859 250.534 -13 1667 1 0 1
14.5898 3.95559 19250 -0.247702 -0.705539 27.99 250.564 -13 1668 1 0 1
-10.8811 -2.44559 19250 0.273139 0.361162 27.9963 250.515 -13 1669 1 0 1
-2.06312 11.3362 19250 0.154486 -2.31678 27.9036 250.656 -13 1670 1 0 1
14.0835 4.78816 19250 -0.344677 -1.0684 27.9775 250.592 -13 1671 1 0 1
-0.0724236 -7.00329 19250 1.14467 3.02171 27.8129 250.801 -13 1672 1 0 1
-17.1564 0.897444 19250 0.831894 -0.26995 27.9863 250.602 -13 1673 1 0 1
-5.16635 -5.35242 19250 0.156957 0.861342 27.9863 250.526 -13 1674 1 0 1
-7.73756 -4.96169 19250 0.187599 0.836618 27.9869 250.531 -13 1675 1 0 1
-69.0415 -15.1499 19250 -3.86416 -4.96394 27.2842 251.263 -13 1676 1 0 1
-1.89889 -12.2362 19250 0.190299 2.99472 27.8387 250.73 -13 1677 1 0 1
2.98974 -6.41287 19250 0.000869209 1.10434 27.9782 250.546 -13 1678 1 0 1
12.3014 -5.75388 19250 -0.199488 0.900091 27.9848 250.567 -13 1679 1 0 1
-99.4309 -21.0032 19250 -4.69048 -5.80438 26.9872 251.458 -13 1680 1 0 1
10.0775 -0.0219461 19250 -0.0675308 0.199244 27.9992 250.52 -13 1681 1 0 1
18.8844 -1.49322 19250 -0.5665 0.254464 27.9931 250.606 -13 1682 1 0 1
-4.70733 -4.19662 19250 0.143209 0.644581 27.9922 250.517 -13 1683 1 0 1
7.55877 -0.361112 19250 -0.0543302 -0.0449441 27.9999 250.52 -13 1684 1 0 1
-7.16544 9.95289 19250 0.419747 -2.29519 27.9026 250.667 -13 1685 1 0 1
-14.0721 -4.83001 19250 0.610821 1.07345 27.9727 250.581 -13 1686 1 0 1
11.1996 8.17177 19250 -0.402091 -1.94991 27.9291 250.646 -13 1687 1 0 1
-10.3795 -6.15393 19250 0.314199 1.18378 27.9732 250.556 -13 1688 1 0 1
2.55805 -5.73853 19250 0.00604517 0.935574 27.9844 250.538 -13 1689 1 0 1
2.37112 -5.11435 19250 -0.000904727 0.984746 27.9827 250.537 -13 1690 1 0 1
13.812 -2.7447 19250 -0.173189 0.446022 27.9959 250.542 -13 1691 1 0 1
0.171868 1.95592 19250 0.0439617 -0.254718 27.9988 250.513 -13 1692 1 0 1
3.15355 2.05326 19250 0.00990016 -0.286477 27.9985 250.515 -13 1693 1 0 1
-0.382851 8.61832 19250 0.0605483 -1.54791 27.9571 250.579 -13 1694 1 0 1
-0.459903 -4.35406 19250 0.0500248 0.716045 27.9908 250.526 -13 1695 1 0 1
2.37849 -9.366 19250 0.0319254 1.71349 27.9475 250.588 -13 1696 1 0 1
4.48185 11.571 19250 -0.262134 -2.84774 27.8536 250.72 -13 1697 1 0 1
6.29136 10.6786 19250 -0.240258 -2.46821 27.89 250.675 -13 1698 1 0 1
9.63803 2.42278 19250 -0.091294 -0.450597 27.9962 250.529 -13 1699 1 0 1
9.41719 9.57038 19250 -0.344516 -2.11948 27.9175 250.661 -13 1700 1 0 1
0.17203 -9.87203 19250 0.0531447 1.78877 27.9428 250.604 -13 1701 1 0 1
1.30895 -10.6583 19250 -0.00820508 1.98712 27.9294 250.634 -13 1702 1 0 1
-15.748 -2.82393 19250 0.854799 0.666776 27.979 250.607 -13 1703 1 0 1
0.7551 -12.6243 19250 0.0294247 3.25707 27.8099 250.753 -13 1704 1 0 1
-9.95122 -0.85415 19250 0.237414 0.104874 27.9988 250.508 -13 1705 1 0 1
-2.10754 -1.44892 19250 0.103084 0.212362 27.999 250.502 -13 1706 1 0 1
-11.0593 -6.02054 19250 0.81628 1.75716 27.9329 250.655 -13 1707 1 0 1
1.07472 -9.83728 19250 0.0164351 1.88566 27.9364 250.609 -13 1708 1 0 1
6.07845 10.7455 19250 -0.444521 -2.769 27.8592 250.73 -13 1709 1 0 1
-2.14611 -11.0969 19250 -0.623472 4.14958 27.6838 250.891 -13 1710 1 0 1
0.633345 -13.1496 19250 0.0915271 4.54247 27.6289 250.954 -13 1711 1 0 1
-13.2638 -0.999581 19250 0.336794 0.202514 27.9972 250.521 -13 1712 1 0 1
-13.4182 4.62008 19250 0.374837 -0.782888 27.9865 250.552 -13 1713 1 0 1
-13.0622 3.69989 19250 0.347675 -0.678967 27.9896 250.54 -13 1714 1 0 1
2.03056 3.29718 19250 0.0286084 -0.465655 27.9961 250.517 -13 1715 1 0 1
-1.70767 4.94146 19250 0.0719401 -0.873462 27.9863 250.529 -13 1716 1 0 1
-8.76387 -6.27171 19250 0.238178 1.13452 27.976 250.55 -13 1717 1 0 1
9.91404 -1.9092 19250 -0.0915151 0.262656 27.9986 250.527 -13 1718 1 0 1
5.12506 5.83551 19250 -0.0204049 -0.972129 27.9831 250.539 -13 1719 1 0 1
-12.3594 0.65078 19250 0.300956 -0.0255353 27.9984 250.515 -13 1720 1 0 1
16.06 -8.77893 19250 1.21323 5.29067 27.4688 251.128 -13 1721 1 0 1
-7.65808 0.666776 19250 0.189904 -0.074984 27.9993 250.503 -13 1722 1 0 1
-15.5612 -1.44908 19250 1.01497 0.445547 27.9781 250.621 -13 1723 1 0 1
-5.4186 7.57737 19250 0.211116 -1.41344 27.9635 250.557 -13 1724 1 0 1
6.9064 7.07254 19250 -0.0666134 -1.22121 27.9733 250.561 -13 1725 1 0 1
-1.78039 -9.71273 19250 0.12056 1.9368 27.9327 250.603 -13 1726 1 0 1
1.83303 12.6275 19250 0.36058 -4.1585 27.6871 250.88 -13 1727 1 0 1
2.70072 3.87304 19250 0.0217763 -0.662694 27.9921 250.521 -13 1728 1 0 1
-7.01645 -1.70039 19250 0.165373 0.190878 27.9989 250.508 -13 1729 1 0 1
7.49657 9.01474 19250 -0.637188 -2.68128 27.864 250.728 -13 1730 1 0 1
-24.3043 2.27348 19250 -1.98133 -4.60392 27.5477 251.034 -13 1731 1 0 1
46.6945 2.39184 19250 2.78308 5.23562 27.365 251.257 -13 1732 1 0 1
-2.17882 -3.25424 19250 0.0748801 0.524991 27.995 250.517 -13 1733 1 0 1
18.0425 -2.51036 19250 -0.658701 0.720091 27.983 250.628 -13 1734 1 0 1
10.9425 -6.01993 19250 1.45161 3.99873 27.675 250.938 -13 1735 1 0 1
-4.39605 -0.927841 19250 0.104113 0.0965287 27.9996 250.509 -13 1736 1 0 1
-7.48887 -8.9059 19250 0.359683 1.85846 27.9359 250.605 -13 1737 1 0 1
45.6948 -2.19045 19250 2.25381 6.69214 27.0949 251.46 -13 1738 1 0 1
10.8893 8.46021 19250 -0.283995 -1.77541 27.9422 250.621 -13 1739 1 0 1
50.7736 3.43127 19250 2.92492 5.32924 27.3321 251.284 -13 1740 1 0 1
8.48109 -6.09552 19250 -0.14085 1.10802 27.9777 250.565 -13 1741 1 0 1
-1.23947 -8.5728 19250 0.059081 1.47715 27.9609 250.581 -13 1742 1 0 1
10.5429 3.77591 19250 -0.149808 -0.638925 27.9923 250.549 -13 1743 1 0 1
0.408719 12.6612 19250 -0.159922 -4.22367 27.6791 250.878 -13 1744 1 0 1
-2.9834 2.83883 19250 0.103693 -0.410074 27.9968 250.51 -13 1745 1 0 1
-5.94351 -9.43735 19250 0.225708 1.80157 27.9411 250.607 -13 1746 1 0 1
10.1215 -4.2733 19250 -0.13427 0.626475 27.9927 250.549 -13 1747 1 0 1
4.19379 -12.0826 19250 0.581653 4.50171 27.6296 250.959 -13 1748 1 0 1
-2.19952 -8.87144 19250 0.104645 1.6743 27.9497 250.584 -13 1749 1 0 1
1.36412 2.82874 19250 0.0312443 -0.441836 27.9965 250.516 -13 1750 1 0 1
-14.6536 -4.785 19250 0.652161 1.07471 27.9718 250.597 -13 1751 1 0 1
-16.2346 -2.40713 19250 0.818385 0.605656 27.9815 250.6 -13 1752 1 0 1
105.359 19.8327 19250 4.81294 6.05266 26.911 251.646 -13 1753 1 0 1
-13.8927 -2.55515 19250 0.422131 0.583462 27.9907 250.533 -13 1754 1 0 1
8.13122 7.2019 19250 -0.106417 -1.2637 27.9713 250.57 -13 1755 1 0 1
-13.2881 -2.0497 19250 0.33846 0.33948 27.9959 250.526 -13 1756 1 0 1
1.15053 -10.8676 19250 0.0231526 2.17174 27.9156 250.637 -13 1757 1 0 1
-13.9835 0.684013 19250 0.414112 -0.288515 27.9955 250.524 -13 1758 1 0 1
-14.6351 3.5327 19250 0.4483 -0.663644 27.9885 250.551 -13 1759 1 0 1
26.2153 7.50644 19250 2.76408 3.21058 27.6776 251.02 -13 1760 1 0 1
9.16656 -10.47 19250 0.798105 5.16371 27.5082 251.062 -13 1761 1 0 1
2.34744 -10.3743 19250 -0.0276136 2.06097 27.924 250.629 -13 1762 1 0 1
-1.93883 -10.7288 19250 0.132232 2.27352 27.9072 250.639 -13 1763 1 0 1
-7.67352 8.47496 19250 0.680644 -2.24612 27.9015 250.671 -13 1764 1 0 1
-12.2872 2.48542 19250 0.30403 -0.441522 27.9949 250.524 -13 1765 1 0 1
-3.52734 -1.20622 19250 0.0977761 0.167541 27.9993 250.508 -13 1766 1 0 1
1.61245 -7.05795 19250 0.0206335 1.23724 27.9726 250.555 -13 1767 1 0 1
-9.05478 1.04644 19250 0.233774 -0.168234 27.9985 250.503 -13 1768 1 0 1
-9.82444 5.17109 19250 0.242178 -0.86673 27.9855 250.539 -13 1769 1 0 1
-4.77914 9.54199 19250 0.211911 -1.87372 27.9364 250.604 -13 1770 1 0 1
4.51592 6.84054 19250 -0.974315 -2.81751 27.8408 250.77 -13 1771 1 0 1
12.1089 -0.456956 19250 -0.145178 0.0536151 27.9996 250.534 -13 1772 1 0 1
9.52547 4.37628 19250 -0.129476 -0.735705 27.99 250.549 -13 1773 1 0 1
-7.74624 7.60505 19250 0.262589 -1.39347 27.9641 250.567 -13 1774 1 0 1
-7.07351 -8.64647 19250 0.291778 1.57938 27.9539 250.585 -13 1775 1 0 1
-8.41326 2.67373 19250 0.224166 -0.461816 27.9953 250.508 -13 1776 1 0 1
16.3513 5.03567 19250 -0.412808 -0.993875 27.9793 250.599 -13 1777 1 0 1
-2.4107 -5.56078 19250 0.0730745 0.924132 27.9847 250.536 -13 1778 1 0 1
6.82269 -8.99282 19250 -0.0893787 1.73254 27.9462 250.595 -13 1779 1 0 1
-10.4889 -7.68106 19250 0.446646 1.64016 27.9484 250.604 -13 1780 1 0 1
-10.8533 -7.76817 19250 0.501205 1.75866 27.9402 250.625 -13 1781 1 0 1
2.56902 2.59062 19250 0.00483328 -0.414695 27.9969 250.52 -13 1782 1 0 1
3.31671 9.61834 19250 -0.674072 -3.28919 27.798 250.782 -13 1783 1 0 1
-3.84538 -1.37151 19250 0.117138 0.212234 27.999 250.504 -13 1784 1 0 1
-4.83183 -10.2006 19250 0.244149 1.97978 27.9289 250.623 -13 1785 1 0 1
-2.93544 -5.94368 19250 0.117613 0.931894 27.9842 250.531 -13 1786 1 0 1
-3.15926 3.7512 19250 0.105144 -0.595497 27.9935 250.517 -13 1787 1 0 1
0.149936 -3.33201 19250 0.0374197 0.561437 27.9943 250.521 -13 1788 1 0 1
-3.89142 5.62111 19250 0.126843 -0.903935 27.9851 250.53 -13 1789 1 0 1
0.792903 11.326 19250 -0.536824 -3.76393 27.7407 250.838 -13 1790 1 0 1
-3.08946 -0.0732048 19250 0.107101 0.0353601 27.9998 250.502 -13 1791 1 0 1
0.679478 -12.3725 19250 0.0575066 2.7511 27.8645 250.701 -13 1792 1 0 1
-3.0315 -2.41956 19250 0.0864582 0.321694 27.998 250.513 -13 1793 1 0 1
-12.8417 -6.19481 19250 0.641132 1.46301 27.9544 250.619 -13 1794 1 0 1
-3.6474 -7.85847 19250 0.14774 1.485 27.9602 250.564 -13 1795 1 0 1
-13.873 3.30592 19250 0.384632 -0.611381 27.9907 250.541 -13 1796 1 0 1
8.42394 8.82879 19250 -0.133922 -1.80687 27.9413 250.598 -13 1797 1 0 1
8.49697 -7.24224 19250 -0.128365 1.22147 27.9731 250.574 -13 1798 1 0 1
-6.53798 -9.02633 19250 0.604396 2.49179 27.8824 250.68 -13 1799 1 0 1
-3.73477 8.61495 19250 0.156085 -1.76802 27.9437 250.583 -13 1800 1 0 1
-45.3964 -0.735874 19250 -2.53431 -5.83236 27.2683 251.245 -13 1801 1 0 1
13.6053 -4.34057 19250 -0.226523 0.701669 27.9903 250.563 -13 1802 1 0 1
0.355232 9.66858 19250 0.0730029 -1.81154 27.9412 250.594 -13 1803 1 0 1
13.3097 -0.264848 19250 -0.195443 -0.0901264 27.9992 250.545 -13 1804 1 0 1
-5.97348 -8.90544 19250 0.244118 1.67845 27.9486 250.589 -13 1805 1 0 1
-4.6287 -10.3243 19250 0.284025 2.32112 27.9022 250.642 -13 1806 1 0 1
-4.64822 -6.11449 19250 0.144666 1.05125 27.9799 250.536 -13 1807 1 0 1
-10.8738 -3.41591 19250 0.223406 0.444503 27.9956 250.531 -13 1808 1 0 1
-4.7294 -10.2885 19250 0.520842 2.79782 27.855 250.711 -13 1809 1 0 1
-11.9661 2.67586 19250 0.269399 -0.427157 27.9954 250.527 -13 1810 1 0 1
-4.38129 -1.67609 19250 0.122608 0.148367 27.9993 250.506 -13 1811 1 0 1
9.24602 5.46767 19250 -0.125227 -0.990376 27.9822 250.554 -13 1812 1 0 1
-1.68707 -4.49467 19250 0.118563 0.633239 27.9926 250.513 -13 1813 1 0 1
-9.28266 -4.3992 19250 1.13873 1.65077 27.9281 250.688 -13 1814 1 0 1
-12.3923 -6.01342 19250 0.732428 1.45768 27.9524 250.626 -13 1815 1 0 1
13.2382 6.27514 19250 -0.319009 -1.25987 27.9698 250.599 -13 1816 1 0 1
11.9962 6.52895 19250 -0.221672 -1.23091 27.9721 250.58 -13 1817 1 0 1
3.35246 8.52974 19250 -0.835595 -3.14048 27.8108 250.783 -13 1818 1 0 1
7.96739 -4.78469 19250 1.51478 3.4761 27.7421 250.878 -13 1819 1 0 1
-4.35376 -1.17105 19250 0.128818 0.205895 27.9989 250.503 -13 1820 1 0 1
-3.9604 8.13251 19250 0.164495 -1.54079 27.9571 250.568 -13 1821 1 0 1
-13.8557 -2.26276 19250 0.382826 0.479861 27.9933 250.531 -13 1822 1 0 1
-5.96302 -7.23207 19250 0.201636 1.28117 27.9699 250.553 -13 1823 1 0 1
-6.29487 -6.34787 19250 0.170555 1.04606 27.9799 250.543 -13 1824 1 0 1
-13.8075 -3.34279 19250 0.38391 0.616434 27.9906 250.54 -13 1825 1 0 1
8.62914 -11.2534 19250 0.72502 5.26822 27.4904 251.11 -13 1826 1 0 1
-2.97985 6.80484 19250 -1.16162 -3.57443 27.7466 250.851 -13 1827 1 0 1
11.2481 -8.34763 19250 -0.302708 1.80128 27.9404 250.624 -13 1828 1 0 1
8.41745 -3.31158 19250 -0.0718031 0.564566 27.9942 250.53 -13 1829 1 0 1
-0.121638 6.39138 19250 -1.13656 -3.18608 27.7949 250.817 -13 1830 1 0 1
-6.89069 -8.38566 19250 0.233949 1.50501 27.9585 250.582 -13 1831 1 0 1
-12.5396 -2.20081 19250 0.316528 0.453088 27.9945 250.523 -13 1832 1 0 1
-0.0744797 6.30222 19250 0.0323513 -1.022 27.9813 250.547 -13 1833 1 0 1
8.97079 -1.05398 19250 -0.0511478 0.133801 27.9996 250.516 -13 1834 1 0 1
-2.80146 -1.50995 19250 0.0848094 0.277019 27.9985 250.51 -13 1835 1 0 1
5.16599 3.53867 19250 -0.0147272 -0.659075 27.9922 250.523 -13 1836 1 0 1
4.81129 10.2051 19250 -0.060369 -1.89602 27.9357 250.618 -13 1837 1 0 1
-4.88758 4.35459 19250 0.125002 -0.801035 27.9883 250.525 -13 1838 1 0 1
-8.52529 4.80282 19250 0.22755 -0.74634 27.9891 250.526 -13 1839 1 0 1
-7.8736 -7.14151 19250 0.27055 1.37597 27.9649 250.56 -13 1840 1 0 1
-9.53935 0.6184 19250 0.218822 -0.143383 27.9988 250.509 -13 1841 1 0 1
-2.46921 3.50605 19250 0.110416 -0.647037 27.9923 250.511 -13 1842 1 0 1
-1.13319 0.0102918 19250 0.0582893 -0.0386424 27.9999 250.509 -13 1843 1 0 1
-16.1697 -2.53352 19250 0.510066 0.38596 27.9927 250.559 -13 1844 1 0 1
-12.488 -5.27537 19250 0.436424 1.05799 27.9766 250.555 -13 1845 1 0 1
-8.11021 -3.42668 19250 0.238719 0.590248 27.9928 250.51 -13 1846 1 0 1
-10.3667 0.284476 19250 0.242699 -0.0381242 27.9989 250.509 -13 1847 1 0 1
4.5361 9.72981 19250 -0.0945349 -1.89451 27.9357 250.62 -13 1848 1 0 1
7.74794 10.085 19250 -0.408095 -2.47613 27.8873 250.695 -13 1849 1 0 1
18.406 2.39501 19250 -0.63872 -0.578096 27.9867 250.623 -13 1850 1 0 1
3.37397 1.50486 19250 -1.53187 -2.13209 27.8766 250.795 -13 1851 1 0 1
-3.0747 -0.810673 19250 0.10278 0.0930087 27.9997 250.504 -13 1852 1 0 1
-2.77843 2.12322 19250 0.0980686 -0.294206 27.9983 250.508 -13 1853 1 0 1
-5.9662 -8.68017 19250 0.763593 2.64734 27.8641 250.734 -13 1854 1 0 1
0.311023 -3.44196 19250 0.0225775 0.460224 27.9962 250.525 -13 1855 1 0 1
-4.06952 -2.2938 19250 0.117694 0.39788 27.9969 250.509 -13 1856 1 0 1
12.9376 -3.32276 19250 -0.170258 0.542191 27.9942 250.546 -13 1857 1 0 1
-5.42945 -5.58088 19250 0.119449 0.945713 27.9838 250.54 -13 1858 1 0 1
-11.021 -0.526708 19250 0.214496 0.00835889 27.9992 250.52 -13 1859 1 0 1
-15.6335 -0.132657 19250 0.434227 -0.0194623 27.9966 250.538 -13 1860 1 0 1
-15.8 1.32398 19250 0.563968 -0.166909 27.9938 250.544 -13 1861 1 0 1
-10.9776 -7.30556 19250 0.491093 1.68355 27.945 250.609 -13 1862 1 0 1
4.90154 11.1269 19250 -0.310772 -2.99376 27.8378 250.723 -13 1863 1 0 1
17.3889 3.34563 19250 -0.71089 -1.01178 27.9727 250.638 -13 1864 1 0 1
-4.45526 -10.1351 19250 0.205488 2.043 27.9246 250.625 -13 1865 1 0 1
3.21237 2.3524 19250 0.0161826 -0.462604 27.9962 250.514 -13 1866 1 0 1
-0.0971492 -12.7571 19250 0.274303 3.62906 27.7625 250.813 -13 1867 1 0 1
-0.439008 9.85811 19250 0.0692404 -1.79336 27.9424 250.604 -13 1868 1 0 1
-8.01969 8.11523 19250 0.312505 -1.57223 27.9541 250.581 -13 1869 1 0 1
6.6444 5.6402 19250 -0.0741672 -0.957603 27.9835 250.549 -13 1870 1 0 1
-2.63719 -1.13982 19250 1.61525 2.01069 27.881 250.777 -13 1871 1 0 1
-9.56145 -8.02688 19250 0.495667 1.87815 27.9325 250.619 -13 1872 1 0 1
-6.43935 -3.94615 19250 0.173881 0.646588 27.992 250.517 -13 1873 1 0 1
-9.79532 -1670.2 19250 0.377598 -6.8047 27.1579 253.315 -13 1874 1 0 1
-15.9641 2.11338 19250 0.538047 -0.575886 27.9889 250.558 -13 1875 1 0 1
-8.55102 -4.03295 19250 0.223917 0.62405 27.9921 250.52 -13 1876 1 0 1
7.92299 8.47653 19250 -0.131364 -1.66688 27.95 250.594 -13 1877 1 0 1
13.661 3.97222 19250 -0.201267 -0.591405 27.993 250.556 -13 1878 1 0 1
0.716478 0.996113 19250 0.05677 -0.160593 27.9995 250.505 -13 1879 1 0 1
3.56979 5.08984 19250 0.0070587 -0.918268 27.9849 250.53 -13 1880 1 0 1
-11.1059 -0.172546 19250 0.252492 0.0442236 27.9988 250.513 -13 1881 1 0 1
-8.9963 -8.42912 19250 0.385445 1.79516 27.9397 250.608 -13 1882 1 0 1
1.94785 -5.28045 19250 0.022954 0.817975 27.988 250.531 -13 1883 1 0 1
-4.49885 -4.28764 19250 1.28035 2.27788 27.8778 250.754 -13 1884 1 0 1
9.95031 -6.81787 19250 -0.144571 1.24876 27.9718 250.57 -13 1885 1 0 1
5.97058 1.90582 19250 -0.0418368 -0.321916 27.9981 250.522 -13 1886 1 0 1
11.1141 -6.03153 19250 -0.227577 1.14902 27.9755 250.58 -13 1887 1 0 1
-8.66493 -3.2693 19250 0.214188 0.407153 27.9962 250.516 -13 1888 1 0 1
1.07923 1.0504 19250 0.0365371 -0.106432 27.9998 250.51 -13 1889 1 0 1
-6.38316 -10.3104 19250 0.367733 2.30372 27.9026 250.663 -13 1890 1 0 1
-8.3009 -4.05349 19250 1.17992 1.81673 27.9161 250.703 -13 1891 1 0 1
12.9136 6.38905 19250 -0.281471 -1.3097 27.9679 250.592 -13 1892 1 0 1
-13.3034 -5.59219 19250 0.504998 1.093 27.9741 250.573 -13 1893 1 0 1
-1.37267 -9.40091 19250 0.0761937 1.71184 27.9475 250.596 -13 1894 1 0 1
5.11065 -9.83309 19250 -0.0902941 1.87248 27.9372 250.617 -13 1895 1 0 1
-8.19864 -6.49901 19250 0.25393 1.16775 27.9745 250.547 -13 1896 1 0 1
15.4849 5.26359 19250 -0.503059 -1.23072 27.9684 250.622 -13 1897 1 0 1
7.9339 9.70069 19250 -0.164459 -1.97198 27.93 250.624 -13 1898 1 0 1
5.6394 12.0768 19250 0.604006 -4.7981 27.5792 251.015 -13 1899 1 0 1
6.91641 7.24118 19250 -0.0977328 -1.25337 27.9718 250.572 -13 1900 1 0 1
12.2079 -4.43407 19250 -0.187734 0.772766 27.9887 250.556 -13 1901 1 0 1
-0.0619786 3.61969 19250 0.0934569 -0.51426 27.9951 250.507 -13 1902 1 0 1
13.2957 3.16858 19250 -0.211169 -0.489085 27.9949 250.555 -13 1903 1 0 1
-3.8752 -4.35488 19250 0.0966554 0.727576 27.9904 250.526 -13 1904 1 0 1
-1.27623 -9.70491 19250 0.0942776 1.85806 27.9381 250.602 -13 1905 1 0 1
-11.9994 -5.80494 19250 0.337177 1.09389 27.9766 250.562 -13 1906 1 0 1
16.1651 1.6253 19250 -0.297165 -0.301797 27.9968 250.564 -13 1907 1 0 1
-2.44511 1.64891 19250 0.0781301 -0.291377 27.9984 250.511 -13 1908 1 0 1
-9.76272 -7.81399 19250 0.329039 1.46724 27.9596 250.589 -13 1909 1 0 1
-3.2714 2.20348 19250 0.0974233 -0.318784 27.998 250.51 -13 1910 1 0 1
-7.40559 -4.20432 19250 0.16777 0.580762 27.9935 250.526 -13 1911 1 0 1
-11.0773 -6.4169 19250 0.355136 1.20172 27.9719 250.564 -13 1912 1 0 1
-10.9108 7.59155 19250 0.407597 -1.45427 27.9592 250.596 -13 1913 1 0 1
-1.35638 4.80354 19250 0.0861559 -0.770664 27.9893 250.521 -13 1914 1 0 1
-10.4122 -2.57359 19250 0.244807 0.392387 27.9962 250.517 -13 1915 1 0 1
-9.53496 -8.53523 19250 0.506822 2.02826 27.9218 250.648 -13 1916 1 0 1
-1.79165 -1.18026 19250 0.0771218 0.229058 27.999 250.507 -13 1917 1 0 1
-1.63497 -10.1304 19250 0.148658 1.89008 27.9357 250.605 -13 1918 1 0 1
-5.47502 -4.87642 19250 0.136747 0.755914 27.9895 250.528 -13 1919 1 0 1
12.7998 -5.81573 19250 -0.231686 1.03769 27.9798 250.574 -13 1920 1 0 1
8.42172 3.82526 19250 -0.113614 -0.706451 27.9909 250.545 -13 1921 1 0 1
10.1269 6.72442 19250 -0.73454 -2.23519 27.901 250.699 -13 1922 1 0 1
-8.25252 -4.52157 19250 1.12732 1.89449 27.9131 250.7 -13 1923 1 0 1
6.91312 7.69923 19250 -0.067306 -1.3585 27.9669 250.569 -13 1924 1 0 1
5.12922 9.96143 19250 -0.121846 -2.06269 27.9237 250.632 -13 1925 1 0 1
-4.38728 -4.20908 19250 0.127738 0.614782 27.993 250.52 -13 1926 1 0 1
5.21173 0.237559 19250 -0.00378118 0.0408164 28 250.511 -13 1927 1 0 1
-2.50004 8.59428 19250 0.139793 -1.42082 27.9636 250.569 -13 1928 1 0 1
-7.31992 7.16255 19250 0.176329 -1.28917 27.9698 250.569 -13 1929 1 0 1
-14.0252 3.22002 19250 0.401867 -0.62898 27.99 250.542 -13 1930 1 0 1
-12.3246 6.08392 19250 0.565615 -1.40847 27.9588 250.592 -13 1931 1 0 1
-5.37796 -0.33774 19250 0.131606 0.0696055 27.9996 250.505 -13 1932 1 0 1
0.653214 -12.9477 19250 0.121914 3.71923 27.7516 250.815 -13 1933 1 0 1
11.9848 -6.85982 19250 -0.262742 1.57875 27.9542 250.597 -13 1934 1 0 1
-14.481 -1.53971 19250 0.417127 0.211382 27.9961 250.53 -13 1935 1 0 1
-15.1181 -1.68441 19250 0.460837 0.255277 27.995 250.537 -13 1936 1 0 1
-10.9356 -2.47868 19250 0.274227 0.338655 27.9966 250.516 -13 1937 1 0 1
-8.72114 -8.48447 19250 0.639218 2.18541 27.9073 250.676 -13 1938 1 0 1
114.242 29.4457 19250 5.34809 5.62482 26.9028 251.666 -13 1939 1 0 1
4.93687 -3.6541 19250 -0.0415235 0.511958 27.9953 250.532 -13 1940 1 0 1
5.58639 -7.85978 19250 -0.058072 1.30151 27.9697 250.572 -13 1941 1 0 1
4.10852 -3.91716 19250 -0.0193937 0.567337 27.9942 250.53 -13 1942 1 0 1
-4.49289 8.73839 19250 0.156784 -1.60407 27.9536 250.585 -13 1943 1 0 1
-27.1507 6.05438 19250 -1.58171 -6.12583 27.2759 251.263 -13 1944 1 0 1
1.32493 -0.531043 19250 0.0596246 0.0535523 27.9999 250.502 -13 1945 1 0 1
6.52207 1.78009 19250 -0.0254058 -0.297178 27.9984 250.516 -13 1946 1 0 1
0.95805 -8.72327 19250 0.0146911 1.5528 27.9569 250.585 -13 1947 1 0 1
5.05729 7.21809 19250 -0.0174946 -1.30113 27.9697 250.556 -13 1948 1 0 1
1.35773 3.02381 19250 0.0432347 -0.436144 27.9966 250.513 -13 1949 1 0 1
-9.15686 -6.61321 19250 0.281494 1.2737 27.9696 250.558 -13 1950 1 0 1
10.5055 7.6354 19250 -0.66107 -2.19245 27.9062 250.695 -13 1951 1 0 1
-15.5707 2.82006 19250 0.689518 -0.762044 27.9811 250.577 -13 1952 1 0 1
10.9048 5.2248 19250 -0.13725 -0.948174 27.9836 250.551 -13 1953 1 0 1
-6.27209 6.073 19250 0.177287 -0.962985 27.9829 250.537 -13 1954 1 0 1
-8.47862 -5.15797 19250 0.227555 0.863477 27.9858 250.531 -13 1955 1 0 1
-1.48684 -2.17357 19250 0.0711363 0.3345 27.9979 250.511 -13 1956 1 0 1
-5.72618 -2.17426 19250 0.157108 0.310855 27.9978 250.505 -13 1957 1 0 1
3.08844 8.99165 19250 -0.0165032 -1.67428 27.9499 250.59 -13 1958 1 0 1
-6.30624 3.769 19250 0.147923 -0.667764 27.9916 250.522 -13 1959 1 0 1
16.6488 2.38334 19250 -0.37518 -0.404494 27.9946 250.582 -13 1960 1 0 1
14.7364 -1.78059 19250 -0.197637 0.362316 27.997 250.543 -13 1961 1 0 1
-3.61109 -1.31625 19250 0.108574 0.181939 27.9992 250.506 -13 1962 1 0 1
17.0714 -5.73768 19250 1.59551 4.46959 27.5949 251.007 -13 1963 1 0 1
13.9801 -6.34468 19250 -0.421285 1.46174 27.9586 250.621 -13 1964 1 0 1
8.10803 -5.87795 19250 -0.113931 0.956309 27.9834 250.557 -13 1965 1 0 1
-0.52769 5.24542 19250 0.0674175 -0.896766 27.9856 250.528 -13 1966 1 0 1
-3.00884 -10.9483 19250 0.194016 2.46868 27.8903 250.659 -13 1967 1 0 1
7.68966 2.44071 19250 -0.0635233 -0.337319 27.9979 250.526 -13 1968 1 0 1
-9.61429 2.66762 19250 0.223864 -0.458814 27.9953 250.516 -13 1969 1 0 1
-15.1205 2.74636 19250 0.959618 -0.777389 27.9728 250.627 -13 1970 1 0 1
-2.97356 10.0433 19250 0.09021 -1.75791 27.9446 250.62 -13 1971 1 0 1
10.4481 7.32977 19250 -0.217947 -1.31584 27.9682 250.594 -13 1972 1 0 1
-11.9963 1.92507 19250 0.316513 -0.249443 27.9971 250.515 -13 1973 1 0 1
-2.61645 -12.0752 19250 -0.243187 5.49911 27.4536 251.123 -13 1974 1 0 1
7.71016 4.2249 19250 -0.0922987 -0.622097 27.9929 250.544 -13 1975 1 0 1
24.1061 -5.57655 19250 1.7124 5.21539 27.4566 251.152 -13 1976 1 0 1
0.178057 -4.70415 19250 1.32234 2.8646 27.8217 250.798 -13 1977 1 0 1
-10.109 -5.96798 19250 0.296203 0.890723 27.9843 250.545 -13 1978 1 0 1
13.6586 6.74456 19250 -0.43703 -1.54403 27.954 250.629 -13 1979 1 0 1
-8.52026 -8.40989 19250 0.350091 1.57168 27.9537 250.591 -13 1980 1 0 1
-8.76391 -1.09304 19250 0.190342 0.253545 27.9982 250.511 -13 1981 1 0 1
-12.0417 -6.08313 19250 0.557702 1.47857 27.9554 250.593 -13 1982 1 0 1
11.6037 7.93934 19250 -0.354375 -1.85373 27.9363 250.629 -13 1983 1 0 1
-12.1 6.09043 19250 0.423205 -1.13218 27.9739 250.565 -13 1984 1 0 1
135.328 40.4714 19250 6.1532 5.56089 26.7435 251.863 -13 1985 1 0 1
-2.84506 -2.98665 19250 0.086288 0.412534 27.9968 250.515 -13 1986 1 0 1
13.2094 -3.52745 19250 -0.177795 0.627125 27.9924 250.548 -13 1987 1 0 1
138.391 18.0436 19250 5.19001 8.18764 26.2684 252.176 -13 1988 1 0 1
3.15597 -9.84352 19250 0.890759 3.88578 27.7147 250.884 -13 1989 1 0 1
22.9507 -4.82877 19250 1.7519 4.94834 27.5035 251.093 -13 1990 1 0 1
-0.0492909 5.37914 19250 0.074774 -0.845617 27.9871 250.524 -13 1991 1 0 1
6.96595 9.80166 19250 -0.124105 -1.93977 27.9325 250.618 -13 1992 1 0 1
12.6194 -2.13527 19250 1.80945 3.53734 27.7167 250.917 -13 1993 1 0 1
-12.9493 -1.32411 19250 0.318265 0.252354 27.9971 250.522 -13 1994 1 0 1
25.9632 7.20903 19250 2.73911 3.23262 27.6776 251.019 -13 1995 1 0 1
0.569577 13.1738 19250 0.0808864 -3.74291 27.7486 250.828 -13 1996 1 0 1
13.8841 6.71245 19250 -0.457551 -1.62141 27.9493 250.631 -13 1997 1 0 1
5.0052 -6.63004 19250 -0.00822065 1.14099 27.9767 250.545 -13 1998 1 0 1
1.25177 -7.39817 19250 0.0339103 1.2418 27.9724 250.556 -13 1999 1 0 1
13.4343 5.77866 19250 -0.253672 -1.00248 27.9809 250.578 -13 2000 1 0 1
-4.93972 1.3471 19250 0.104703 -0.280906 27.9984 250.513 -13 2001 1 0 1
3.21758 -3.78433 19250 0.0257259 0.582443 27.9939 250.518 -13 2002 1 0 1
11.6579 5.51536 19250 -0.208455 -1.07578 27.9785 250.569 -13 2003 1 0 1
-5.40278 -4.98194 19250 0.163427 0.840243 27.9869 250.523 -13 2004 1 0 1
-2.30148 -4.31443 19250 0.108284 0.724938 27.9904 250.516 -13 2005 1 0 1
-6.72074 -4.19446 19250 1.18081 2.1503 27.8923 250.727 -13 2006 1 0 1
17.442 2.99121 19250 -0.461503 -0.775577 27.9855 250.597 -13 2007 1 0 1
16.9234 4.40134 19250 -0.67683 -1.08158 27.9709 250.64 -13 2008 1 0 1
8.23039 6.26585 19250 -0.0917073 -0.850952 27.9869 250.556 -13 2009 1 0 1
7.63037 -2.39398 19250 -0.0415049 0.40644 27.997 250.52 -13 2010 1 0 1
4.03101 -0.662244 19250 1.80982 2.49683 27.8297 250.833 -13 2011 1 0 1
-13.7099 -5.62997 19250 0.580296 1.23262 27.9668 250.595 -13 2012 1 0 1
-3.58479 0.962007 19250 0.137049 -0.132097 27.9994 250.497 -13 2013 1 0 1
9.11932 5.85351 19250 -0.132371 -1.07429 27.9791 250.559 -13 2014 1 0 1
-2.30362 -11.9883 19250 0.310567 3.15619 27.8198 250.75 -13 2015 1 0 1
-0.90931 -6.53856 19250 0.0762639 1.06943 27.9795 250.54 -13 2016 1 0 1
-4.07454 -3.47498 19250 0.126011 0.524773 27.9948 250.513 -13 2017 1 0 1
2.53226 0.356202 19250 0.023113 0.0368947 28 250.509 -13 2018 1 0 1
3.27922 11.2889 19250 -0.0557025 -2.53784 27.8847 250.665 -13 2019 1 0 1
-12.9334 1.95104 19250 0.356335 -0.294294 27.9962 250.52 -13 2020 1 0 1
-0.969955 0.554039 19250 0.0654513 -0.144762 27.9995 250.507 -13 2021 1 0 1
11.458 -1.89495 19250 -0.132835 0.289625 27.9982 250.534 -13 2022 1 0 1
8.9099 -9.26864 19250 1.05967 4.4603 27.6221 250.966 -13 2023 1 0 1
-2.68539 -9.94937 19250 0.128527 1.97313 27.9301 250.614 -13 2024 1 0 1
1.08929 -0.0288368 19250 0.0354881 -0.0198508 28 250.509 -13 2025 1 0 1
-0.309347 4.4538 19250 0.0458081 -0.689306 27.9915 250.528 -13 2026 1 0 1
-6.01531 -4.2741 19250 0.137785 0.787539 27.9886 250.526 -13 2027 1 0 1
-4.45798 2.46062 19250 0.122497 -0.397123 27.9969 250.51 -13 2028 1 0 1
3.71569 5.60169 19250 -1.09579 -2.78932 27.8392 250.776 -13 2029 1 0 1
2.78131 -6.12562 19250 0.0241007 1.00545 27.9819 250.537 -13 2030 1 0 1
13.1587 5.24684 19250 -0.229582 -0.989831 27.9816 250.568 -13 2031 1 0 1
-3.02843 10.2031 19250 0.17102 -2.01662 27.9268 250.617 -13 2032 1 0 1
-11.1258 -2.10453 19250 0.21069 0.343543 27.9971 250.527 -13 2033 1 0 1
1.17379 -6.13404 19250 0.0317558 1.01675 27.9815 250.54 -13 2034 1 0 1
4.69699 -1.84483 19250 -0.0414376 0.330607 27.998 250.525 -13 2035 1 0 1
0.0527918 12.4098 19250 0.16553 -3.04549 27.8334 250.72 -13 2036 1 0 1
5.34581 7.75048 19250 -0.0396181 -1.46238 27.9618 250.569 -13 2037 1 0 1
6.29865 9.20534 19250 -0.62729 -2.8338 27.8492 250.738 -13 2038 1 0 1
-16.1774 -1.48963 19250 0.912324 0.453872 27.9815 250.607 -13 2039 1 0 1
-3.945 -7.65877 19250 0.125249 1.24599 27.972 250.561 -13 2040 1 0 1
-8.70749 -0.266251 19250 0.204263 0.0902991 27.9991 250.506 -13 2041 1 0 1
3.84329 3.33253 19250 -0.00935929 -0.513462 27.9953 250.524 -13 2042 1 0 1
-4.74413 11.0056 19250 0.3342 -2.56864 27.8799 250.685 -13 2043 1 0 1
9.22075 6.98288 19250 -0.158959 -1.18741 27.9744 250.578 -13 2044 1 0 1
-10.7633 -8.02494 19250 0.490258 1.72147 27.9427 250.626 -13 2045 1 0 1
-6.76566 0.698659 19250 0.161927 -0.0127981 27.9995 250.505 -13 2046 1 0 1
-0.919835 -7.78202 19250 0.0698992 1.3259 27.9685 250.563 -13 2047 1 0 1
-8.8123 -3.84946 19250 0.211211 0.691377 27.9907 250.524 -13 2048 1 0 1
10.4551 -3.34975 19250 -0.115037 0.51072 27.9951 250.537 -13 2049 1 0 1
-11.3563 -6.36143 19250 0.357912 1.16428 27.9735 250.564 -13 2050 1 0 1
-4.76532 7.10007 19250 0.163877 -1.18353 27.9745 250.548 -13 2051 1 0 1
18.6296 -2.35446 19250 -0.629351 0.707141 27.984 250.62 -13 2052 1 0 1
17.685 -2.72637 19250 -0.663383 0.931024 27.9767 250.629 -13 2053 1 0 1
-3.31241 -0.890788 19250 0.0923263 0.158473 27.9994 250.508 -13 2054 1 0 1
-10.5036 -7.77583 19250 0.438739 1.72915 27.9431 250.612 -13 2055 1 0 1
-5.92594 -7.11497 19250 0.181966 1.33074 27.9678 250.557 -13 2056 1 0 1
1.96775 8.47684 19250 -0.887977 -3.2693 27.7943 250.802 -13 2057 1 0 1
13.7403 6.49403 19250 -0.336982 -1.32125 27.9668 250.603 -13 2058 1 0 1
-17.2205 -0.182062 19250 0.745197 -0.140859 27.9897 250.584 -13 2059 1 0 1
-12.2268 0.837391 19250 1.46416 -0.136231 27.9614 250.69 -13 2060 1 0 1
-0.910938 2.6059 19250 0.0651031 -0.307382 27.9982 250.513 -13 2061 1 0 1
5.41989 7.21881 19250 -0.0474161 -1.32181 27.9687 250.563 -13 2062 1 0 1
-1.59303 2.97566 19250 0.07391 -0.46736 27.996 250.514 -13 2063 1 0 1
-8.95187 -7.80938 19250 0.658755 2.07873 27.915 250.651 -13 2064 1 0 1
8.20986 5.04733 19250 -0.0831376 -0.872103 27.9863 250.542 -13 2065 1 0 1
-23.0287 3.48439 19250 -1.84304 -4.77552 27.5281 251.043 -13 2066 1 0 1
-1.39542 6.2296 19250 0.0837228 -1.03166 27.9809 250.536 -13 2067 1 0 1
-9.37258 -8.59736 19250 0.353652 1.75998 27.9424 250.615 -13 2068 1 0 1
0.487904 12.6624 19250 0.00750786 -3.07426 27.8307 250.743 -13 2069 1 0 1
-13.0252 -5.28806 19250 0.730952 1.39119 27.9559 250.616 -13 2070 1 0 1
-3.1794 6.63027 19250 0.111936 -1.16601 27.9755 250.546 -13 2071 1 0 1
-3.96783 6.06556 19250 0.112722 -1.04544 27.9802 250.54 -13 2072 1 0 1
0.803409 0.311403 19250 0.0390962 0.109693 27.9998 250.51 -13 2073 1 0 1
-4.08055 -4.21791 19250 0.135657 0.736088 27.99 250.517 -13 2074 1 0 1
10.9633 -0.823394 19250 -0.095549 0.039245 27.9998 250.524 -13 2075 1 0 1
8.32447 -2.11685 19250 -0.0729811 0.40074 27.997 250.526 -13 2076 1 0 1
-14.8266 -3.25325 19250 0.505714 0.53658 27.9903 250.548 -13 2077 1 0 1
4.44076 -1.65435 19250 -0.0172211 0.243818 27.9989 250.518 -13 2078 1 0 1
-1.92684 -11.8063 19250 0.156399 2.71378 27.8677 250.693 -13 2079 1 0 1
9.47368 4.62603 19250 -0.109856 -0.761069 27.9894 250.544 -13 2080 1 0 1
7.3587 7.0173 19250 -0.0967473 -1.25283 27.9718 250.568 -13 2081 1 0 1
-7.64238 7.72519 19250 0.278952 -1.28301 27.9692 250.562 -13 2082 1 0 1
-10.5134 5.25847 19250 0.269004 -0.999691 27.9809 250.545 -13 2083 1 0 1
-16.7301 -0.37821 19250 0.568109 0.0398082 27.9942 250.555 -13 2084 1 0 1
55.8873 7.0461 19250 3.21801 5.19017 27.3259 251.287 -13 2085 1 0 1
4.14038 10.653 19250 -0.528516 -3.21781 27.8095 250.768 -13 2086 1 0 1
9.53992 -0.578588 19250 -0.106822 0.124098 27.9995 250.53 -13 2087 1 0 1
-4.46454 2.39997 19250 0.10832 -0.274235 27.9984 250.513 -13 2088 1 0 1
-7.05314 -6.9577 19250 0.201646 1.22788 27.9723 250.555 -13 2089 1 0 1
-5.17514 10.0187 19250 0.255771 -2.08722 27.9209 250.626 -13 2090 1 0 1
-14.8117 3.1882 19250 0.438159 -0.562087 27.9909 250.548 -13 2091 1 0 1
-1.61085 7.8063 19250 0.0931197 -1.35855 27.9669 250.561 -13 2092 1 0 1
-12.3638 -4.84938 19250 0.349982 1.09042 27.9766 250.555 -13 2093 1 0 1
13.0428 -0.924963 19250 -0.162793 0.191154 27.9989 250.537 -13 2094 1 0 1
-11.5016 -6.38454 19250 0.715828 1.67267 27.9408 250.635 -13 2095 1 0 1
3.24782 3.34106 19250 0.00223209 -0.591117 27.9938 250.523 -13 2096 1 0 1
-14.1349 -3.13867 19250 0.464965 0.688317 27.9877 250.541 -13 2097 1 0 1
-6.56225 -5.42402 19250 0.167405 0.936137 27.9838 250.533 -13 2098 1 0 1
-0.666824 -12.6403 19250 -0.205384 4.45491 27.6426 250.923 -13 2099 1 0 1
-0.084766 -7.86093 19250 0.061519 1.36492 27.9666 250.563 -13 2100 1 0 1
5.41626 11.2113 19250 -0.242385 -2.69285 27.8692 250.697 -13 2101 1 0 1
-10.286 -7.57614 19250 0.640094 1.88254 27.9293 250.644 -13 2102 1 0 1
0.898399 -13.0157 19250 0.0307672 3.46649 27.7846 250.787 -13 2103 1 0 1
-7.28155 -1.97629 19250 0.170468 0.359939 27.9972 250.509 -13 2104 1 0 1
0.231393 -6.32761 19250 1.18129 3.01278 27.8124 250.788 -13 2105 1 0 1
-4.87161 -10.7007 19250 0.380127 2.62835 27.8738 250.686 -13 2106 1 0 1
4.78276 8.98909 19250 -0.0549628 -1.62822 27.9526 250.592 -13 2107 1 0 1
-10.4746 -5.34259 19250 0.323676 1.15522 27.9743 250.545 -13 2108 1 0 1
-3.00297 3.44873 19250 0.102317 -0.578916 27.9938 250.515 -13 2109 1 0 1
10.1837 -10.8169 19250 0.714076 5.71546 27.4012 251.191 -13 2110 1 0 1
-9.84915 3.45226 19250 0.201687 -0.456781 27.9955 250.529 -13 2111 1 0 1
1.06946 -2.88027 19250 0.0210806 0.410262 27.997 250.52 -13 2112 1 0 1
2.4687 0.0830869 19250 0.0258139 0.0778756 27.9999 250.509 -13 2113 1 0 1
5.94113 7.53973 19250 -0.0705263 -1.34662 27.9675 250.572 -13 2114 1 0 1
-6.70406 -1.31219 19250 0.155466 0.224171 27.9987 250.508 -13 2115 1 0 1
11.0524 5.18295 19250 -0.900089 -2.00403 27.9137 250.705 -13 2116 1 0 1
-1.94687 -6.43978 19250 0.113813 1.23845 27.9724 250.54 -13 2117 1 0 1
7.28307 -1.04008 19250 -0.028771 0.20212 27.9993 250.514 -13 2118 1 0 1
-12.4013 -4.05226 19250 0.318605 0.703631 27.9893 250.539 -13 2119 1 0 1
9.58967 5.35561 19250 -0.151413 -0.945117 27.9836 250.56 -13 2120 1 0 1
-9.93899 -8.08833 19250 0.407316 1.65154 27.9483 250.605 -13 2121 1 0 1
-12.0265 -4.92817 19250 0.873989 1.58742 27.9413 250.65 -13 2122 1 0 1
-0.325705 0.186745 19250 0.0800364 0.0776938 27.9998 250.501 -13 2123 1 0 1
3.42501 4.28585 19250 -0.000505403 -0.723795 27.9906 250.528 -13 2124 1 0 1
11.926 -6.40137 19250 -0.261077 1.22228 27.9721 250.589 -13 2125 1 0 1
6.20832 4.56231 19250 -0.0305669 -0.704083 27.9911 250.531 -13 2126 1 0 1
-13.8759 -4.85281 19250 0.474822 1.04614 27.9764 250.567 -13 2127 1 0 1
-6.50991 6.98338 19250 0.220131 -1.31072 27.9684 250.552 -13 2128 1 0 1
-1.88521 1.14092 19250 0.0959058 -0.0701822 27.9997 250.502 -13 2129 1 0 1
-9.60149 2.49465 19250 0.21072 -0.469983 27.9953 250.519 -13 2130 1 0 1
6.43444 4.80899 19250 -0.0428573 -0.672073 27.9919 250.536 -13 2131 1 0 1
-0.305938 8.24958 19250 0.103163 -1.49708 27.9598 250.561 -13 2132 1 0 1
18.0567 -2.01478 19250 -0.808989 0.557051 27.9828 250.648 -13 2133 1 0 1
7.88978 4.75009 19250 -0.0891588 -0.761767 27.9895 250.543 -13 2134 1 0 1
-10.996 6.00937 19250 0.352879 -1.15233 27.9741 250.555 -13 2135 1 0 1
24.2571 -4.334 19250 1.85785 4.83869 27.5161 251.103 -13 2136 1 0 1
-4.5361 9.04942 19250 0.203778 -1.73301 27.9456 250.586 -13 2137 1 0 1
6.76588 10.4163 19250 -0.23095 -2.303 27.9042 250.663 -13 2138 1 0 1
4.41685 -4.91606 19250 -0.0177828 0.789769 27.9889 250.533 -13 2139 1 0 1
-2.76316 -4.88687 19250 0.0973896 0.674343 27.9917 250.526 -13 2140 1 0 1
2.73035 -2.76722 19250 0.0337149 0.345095 27.9979 250.511 -13 2141 1 0 1
17.5209 1.74137 19250 -0.444103 -0.278758 27.9951 250.591 -13 2142 1 0 1
-8.91678 -5.56655 19250 0.24051 1.03651 27.9798 250.539 -13 2143 1 0 1
8.97584 2.64959 19250 -0.0901967 -0.390665 27.9971 250.531 -13 2144 1 0 1
9.04913 -4.76244 19250 -0.0980634 0.757378 27.9896 250.543 -13 2145 1 0 1
7.15089 5.74333 19250 -0.0740178 -0.866271 27.9865 250.548 -13 2146 1 0 1
0.913819 -12.7978 19250 -0.00834318 3.02802 27.8358 250.74 -13 2147 1 0 1
1.80902 -6.98484 19250 -0.00728223 1.36908 27.9665 250.564 -13 2148 1 0 1
-10.629 -7.98402 19250 0.378757 1.68729 27.9465 250.614 -13 2149 1 0 1
-15.3715 -1.62563 19250 0.505758 0.342117 27.9933 250.54 -13 2150 1 0 1
17.2666 2.67337 19250 -0.404142 -0.576946 27.9911 250.586 -13 2151 1 0 1
-3.83716 -3.96764 19250 0.121751 0.574031 27.9939 250.517 -13 2152 1 0 1
-14.6404 -3.8436 19250 0.489296 0.900408 27.9812 250.561 -13 2153 1 0 1
-12.1496 5.56743 19250 0.362341 -0.998004 27.9799 250.556 -13 2154 1 0 1
7.56602 3.38734 19250 -0.055217 -0.609219 27.9933 250.528 -13 2155 1 0 1
-9.33915 -3.66031 19250 0.22998 0.667785 27.9911 250.522 -13 2156 1 0 1
-6.80542 -7.20103 19250 0.185262 1.12854 27.9766 250.558 -13 2157 1 0 1
9.19616 1.85215 19250 -0.0671061 -0.388291 27.9972 250.522 -13 2158 1 0 1
-4.91101 -3.19182 19250 0.114844 0.492832 27.9954 250.517 -13 2159 1 0 1
-3.91559 -6.10677 19250 0.110111 0.998429 27.982 250.54 -13 2160 1 0 1
-13.0831 -5.82515 19250 0.675485 1.3829 27.9577 250.615 -13 2161 1 0 1
61.079 8.61579 19250 3.39425 5.29386 27.2847 251.31 -13 2162 1 0 1
-15.2139 -1.46439 19250 0.481732 0.318583 27.994 250.537 -13 2163 1 0 1
-4.94252 -3.40302 19250 0.140268 0.517598 27.9949 250.513 -13 2164 1 0 1
4.61882 -4.20735 19250 1.53719 3.02991 27.7931 250.86 -13 2165 1 0 1
2.13886 9.35336 19250 -0.0202571 -1.98394 27.9296 250.609 -13 2166 1 0 1
-7.52901 9.11717 19250 0.559518 -2.26734 27.9024 250.662 -13 2167 1 0 1
-8.87557 -7.91344 19250 0.72239 2.13934 27.9088 250.68 -13 2168 1 0 1
-3.9542 -3.71236 19250 0.125656 0.681448 27.9914 250.515 -13 2169 1 0 1
12.2623 7.02838 19250 -0.30847 -1.5145 27.9573 250.608 -13 2170 1 0 1
-16.3109 0.627039 19250 0.569318 -0.0161051 27.9942 250.548 -13 2171 1 0 1
9.64671 1.22614 19250 -0.0906696 -0.00211649 27.9999 250.527 -13 2172 1 0 1
-15.3826 6.41804 19250 -1.45846 -4.62215 27.5773 251.006 -13 2173 1 0 1
9.83325 0.0933977 19250 -0.0978669 -0.0327099 27.9998 250.527 -13 2174 1 0 1
-7.13873 5.62567 19250 0.19503 -0.996808 27.9816 250.534 -13 2175 1 0 1
17.2381 -4.4203 19250 -0.568346 0.953186 27.978 250.621 -13 2176 1 0 1
4.15928 0.222152 19250 2.50776e-05 -0.0782811 27.9999 250.512 -13 2177 1 0 1
-16.632 -2.40925 19250 0.585784 0.492348 27.9895 250.57 -13 2178 1 0 1
-8.19709 6.94912 19250 0.278549 -1.28184 27.9693 250.554 -13 2179 1 0 1
-5.82813 6.07433 19250 1.06781 -2.35852 27.88 250.736 -13 2180 1 0 1
-13.9358 -1.598 19250 0.344114 0.287874 27.9964 250.53 -13 2181 1 0 1
-3.85415 -3.61413 19250 0.0964095 0.498541 27.9954 250.521 -13 2182 1 0 1
8.53827 -3.94002 19250 -0.0759949 0.571605 27.9941 250.535 -13 2183 1 0 1
-13.1471 -0.288304 19250 0.36667 -0.00846424 27.9976 250.514 -13 2184 1 0 1
-14.1387 0.321182 19250 0.359154 0.0783419 27.9976 250.527 -13 2185 1 0 1
-11.607 5.14633 19250 0.903926 -1.5699 27.9413 250.652 -13 2186 1 0 1
3.52113 9.89601 19250 -0.0515084 -2.0088 27.9278 250.619 -13 2187 1 0 1
-5.50684 -5.75174 19250 1.09864 2.36003 27.8787 250.734 -13 2188 1 0 1
-8.86693 -3.43975 19250 0.219098 0.626853 27.9921 250.519 -13 2189 1 0 1
13.305 4.92345 19250 -0.21066 -0.91835 27.9841 250.561 -13 2190 1 0 1
15.3856 4.29512 19250 -0.712936 -1.41347 27.9552 250.653 -13 2191 1 0 1
0.309319 -2.29239 19250 0.0499111 0.448561 27.9964 250.512 -13 2192 1 0 1
-11.4377 6.029 19250 0.337572 -1.14046 27.9747 250.561 -13 2193 1 0 1
-10.84 -0.254948 19250 0.246023 -0.0920512 27.9988 250.513 -13 2194 1 0 1
13.2226 2.61752 19250 -0.162535 -0.587412 27.9934 250.54 -13 2195 1 0 1
-0.264458 12.4711 19250 0.12397 -3.11627 27.8258 250.736 -13 2196 1 0 1
-2.83715 -8.65446 19250 0.119657 1.50142 27.9595 250.578 -13 2197 1 0 1
10.2632 8.25396 19250 -0.431538 -2.08355 27.919 250.659 -13 2198 1 0 1
-12.0168 6.22786 19250 0.633564 -1.58786 27.9478 250.615 -13 2199 1 0 1
2.83522 -1.27189 19250 0.0211084 0.273842 27.9987 250.51 -13 2200 1 0 1
-2.60004 -8.10678 19250 0.943061 2.94792 27.8284 250.772 -13 2201 1 0 1
3.54125 4.76692 19250 -1.21272 -2.62081 27.8507 250.783 -13 2202 1 0 1
-13.6989 -2.8908 19250 0.393147 0.583038 27.9912 250.534 -13 2203 1 0 1
-7.3721 2.6955 19250 0.180819 -0.390589 27.9967 250.511 -13 2204 1 0 1
3.94223 1.78015 19250 -0.0102109 -0.298735 27.9984 250.518 -13 2205 1 0 1
8.36628 4.60754 19250 -0.0660046 -0.756067 27.9897 250.535 -13 2206 1 0 1
9.99002 7.51728 19250 -0.18424 -1.29654 27.9694 250.588 -13 2207 1 0 1
-3.88154 -9.25141 19250 0.151963 1.72063 27.9467 250.594 -13 2208 1 0 1
-6.26927 5.41578 19250 0.161638 -0.782396 27.9886 250.532 -13 2209 1 0 1
16.2111 0.881071 19250 -0.298007 -0.194648 27.9977 250.563 -13 2210 1 0 1
11.2989 -6.91202 19250 -0.208678 1.24686 27.9714 250.583 -13 2211 1 0 1
121.85 18.3302 19250 5.03876 6.99796 26.6391 251.867 -13 2212 1 0 1
-12.5365 -4.01277 19250 0.32714 0.630083 27.991 250.538 -13 2213 1 0 1
-7.88961 2.45468 19250 0.21451 -0.406176 27.9962 250.505 -13 2214 1 0 1
-11.9936 2.75559 19250 0.315846 -0.502128 27.9937 250.521 -13 2215 1 0 1
-5.25565 6.7781 19250 0.189724 -1.17683 27.9746 250.541 -13 2216 1 0 1
2.72778 7.10934 19250 0.00958601 -1.15629 27.9761 250.553 -13 2217 1 0 1
-3.02116 -11.1753 19250 0.555467 3.08896 27.8235 250.764 -13 2218 1 0 1
-9.62982 -1.83245 19250 1.37019 1.35297 27.9337 250.709 -13 2219 1 0 1
-34.4301 3.82425 19250 -1.76801 -6.77802 27.1096 251.382 -13 2220 1 0 1
1.28734 6.42261 19250 0.0622461 -1.11958 27.9775 250.535 -13 2221 1 0 1
-15.0801 -1.91003 19250 1.01073 0.73291 27.9722 250.629 -13 2222 1 0 1
9.28609 9.38135 19250 -0.28634 -2.06316 27.9224 250.644 -13 2223 1 0 1
0.341017 -0.520322 19250 0.0524342 -0.0371923 27.9999 250.507 -13 2224 1 0 1
-9.21427 4.8588 19250 0.229647 -0.799428 27.9876 250.532 -13 2225 1 0 1
-1.50344 5.6183 19250 0.0896483 -0.861971 27.9866 250.528 -13 2226 1 0 1
24.408 -1.97 19250 2.04235 4.43635 27.5708 251.05 -13 2227 1 0 1
15.5916 0.849766 19250 -0.284756 -0.135832 27.9982 250.562 -13 2228 1 0 1
-27.3361 5.7821 19250 -1.59134 -6.163 27.2669 251.26 -13 2229 1 0 1
-1.0209 7.77738 19250 0.11063 -1.47456 27.9609 250.556 -13 2230 1 0 1
2.33456 -0.383575 19250 0.0215108 0.0713754 27.9999 250.51 -13 2231 1 0 1
0.0663288 9.0675 19250 0.0434504 -1.7372 27.946 250.591 -13 2232 1 0 1
6.37509 1.07527 19250 -0.0166472 -0.075071 27.9999 250.512 -13 2233 1 0 1
38.2539 5.47158 19250 2.84299 4.21089 27.5352 251.136 -13 2234 1 0 1
11.1587 -1.3804 19250 -0.140834 0.27441 27.9983 250.537 -13 2235 1 0 1
-14.0044 -5.30395 19250 0.639156 1.17971 27.9678 250.599 -13 2236 1 0 1
1.97288 1.88756 19250 0.0252709 -0.257071 27.9988 250.513 -13 2237 1 0 1
-12.0108 -4.34309 19250 0.324497 0.686896 27.9897 250.537 -13 2238 1 0 1
-8.88182 -5.34822 19250 0.226332 0.959413 27.9826 250.537 -13 2239 1 0 1
-2.91044 -3.58102 19250 1.34753 2.41017 27.8635 250.759 -13 2240 1 0 1
-9.97241 -0.548034 19250 0.227974 0.0372361 27.999 250.509 -13 2241 1 0 1
5.80087 1.6179 19250 -0.0292799 -0.32595 27.9981 250.518 -13 2242 1 0 1
-2.25728 -9.5726 19250 0.105697 1.68099 27.9493 250.598 -13 2243 1 0 1
-10.7625 -5.32225 19250 0.31524 0.95138 27.9821 250.54 -13 2244 1 0 1
15.0691 -0.733256 19250 -0.228772 0.101184 27.9989 250.549 -13 2245 1 0 1
-15.7438 -2.64276 19250 0.778283 0.707828 27.9802 250.59 -13 2246 1 0 1
9.78158 4.88949 19250 -0.117446 -0.988619 27.9823 250.547 -13 2247 1 0 1
2.9048 10.4691 19250 -0.0198114 -2.0388 27.9257 250.626 -13 2248 1 0 1
7.61249 -2.40673 19250 -0.0560539 0.403678 27.997 250.524 -13 2249 1 0 1
-2.40259 4.69743 19250 0.104376 -0.819724 27.9878 250.52 -13 2250 1 0 1
-6.96035 -0.920578 19250 0.157191 0.182546 27.999 250.508 -13 2251 1 0 1
-3.4324 -10.3609 19250 0.196281 2.19063 27.9135 250.63 -13 2252 1 0 1
0.939014 -8.92239 19250 0.0473489 1.70812 27.9478 250.582 -13 2253 1 0 1
-33.192 3.46137 19250 -1.99496 -5.73481 27.3337 251.209 -13 2254 1 0 1
7.27393 6.45461 19250 -0.923212 -2.43748 27.8784 250.742 -13 2255 1 0 1
-0.128684 2.6086 19250 0.064286 -0.438888 27.9965 250.51 -13 2256 1 0 1
-13.9396 -5.19903 19250 0.565306 1.17634 27.9696 250.586 -13 2257 1 0 1
8.79986 -5.17509 19250 -0.1086 0.80063 27.9883 250.549 -13 2258 1 0 1
10.9962 7.69017 19250 -0.284676 -1.67113 27.9486 250.613 -13 2259 1 0 1
1.50618 -8.64898 19250 0.017182 1.47878 27.9609 250.58 -13 2260 1 0 1
-16.5363 -2.19446 19250 0.668252 0.456848 27.9883 250.574 -13 2261 1 0 1
13.0182 2.61292 19250 -0.186347 -0.33274 27.9974 250.548 -13 2262 1 0 1
5.57131 5.88318 19250 -0.0373662 -0.885751 27.986 250.543 -13 2263 1 0 1
-1.95355 0.426435 19250 0.0687189 -0.0885869 27.9998 250.509 -13 2264 1 0 1
-10.1976 1.26411 19250 0.229914 -0.265725 27.9978 250.513 -13 2265 1 0 1
15.9352 -0.936374 19250 -0.261886 0.222492 27.9979 250.555 -13 2266 1 0 1
17.1985 4.02642 19250 -0.609203 -1.07427 27.9728 250.626 -13 2267 1 0 1
-0.0302516 8.34129 19250 0.0701563 -1.52766 27.9582 250.57 -13 2268 1 0 1
-9.37819 -7.73839 19250 0.379453 1.5761 27.953 250.586 -13 2269 1 0 1
8.43507 9.01038 19250 -0.250554 -2.06226 27.9228 250.634 -13 2270 1 0 1
4.0616 9.14126 19250 -0.0381741 -1.64102 27.9518 250.593 -13 2271 1 0 1
-9.31583 0.0826235 19250 0.195487 -0.071255 27.9992 250.512 -13 2272 1 0 1
3.22693 -9.40372 19250 -0.0242367 1.80859 27.9415 250.6 -13 2273 1 0 1
-7.04748 4.29464 19250 0.183897 -0.605584 27.9928 250.521 -13 2274 1 0 1
7.04667 2.37362 19250 -0.0426553 -0.326445 27.9981 250.521 -13 2275 1 0 1
-2.93776 -5.01929 19250 0.120002 0.676157 27.9916 250.522 -13 2276 1 0 1
-1.43141 -2.04895 19250 0.0812409 0.272852 27.9986 250.507 -13 2277 1 0 1
16.6917 -4.17504 19250 -0.532116 0.883966 27.981 250.617 -13 2278 1 0 1
-0.284181 6.49866 19250 0.0542187 -1.13526 27.9769 250.545 -13 2279 1 0 1
-1.94903 4.55298 19250 0.0804992 -0.733222 27.9903 250.524 -13 2280 1 0 1
-7.0579 -1.64667 19250 0.1738 0.21774 27.9986 250.506 -13 2281 1 0 1
5.0022 -2.06391 19250 -0.0192682 0.489786 27.9957 250.52 -13 2282 1 0 1
1.97105 -1.73454 19250 0.0174945 0.310745 27.9983 250.515 -13 2283 1 0 1
17.9881 0.636387 19250 -0.325305 -0.0844022 27.998 250.563 -13 2284 1 0 1
0.718187 12.9873 19250 0.298201 -3.85746 27.7314 250.85 -13 2285 1 0 1
-8.72968 0.95391 19250 0.192945 -0.149254 27.9989 250.509 -13 2286 1 0 1
-0.513597 0.412332 19250 0.059919 -0.0659643 27.9999 250.507 -13 2287 1 0 1
-1.63944 -7.88824 19250 0.0817336 1.3753 27.9661 250.566 -13 2288 1 0 1
2.37469 -10.5388 19250 0.774451 3.86454 27.7212 250.864 -13 2289 1 0 1
-4.64797 0.5673 19250 0.107401 -0.150645 27.9994 250.509 -13 2290 1 0 1
3.7675 -7.66197 19250 -0.0205359 1.42776 27.9636 250.568 -13 2291 1 0 1
-9.99988 -7.79943 19250 0.607229 1.88821 27.9297 250.638 -13 2292 1 0 1
-6.04529 0.648553 19250 0.164624 -0.222815 27.9986 250.502 -13 2293 1 0 1
-1.22295 3.17701 19250 0.077699 -0.485004 27.9957 250.512 -13 2294 1 0 1
-10.349 -4.93817 19250 0.304004 0.804017 27.9868 250.531 -13 2295 1 0 1
-3.81772 -8.31955 19250 0.147039 1.43785 27.9627 250.571 -13 2296 1 0 1
8.30056 4.04255 19250 -0.0543349 -0.617857 27.9931 250.529 -13 2297 1 0 1
3.46146 0.125045 19250 0.0166478 -0.0702195 27.9999 250.509 -13 2298 1 0 1
-6.03575 -2.30877 19250 0.158677 0.400101 27.9967 250.507 -13 2299 1 0 1
-11.3834 -7.39389 19250 0.593626 1.68241 27.9431 250.632 -13 2300 1 0 1
-9.03532 -8.5924 19250 0.494423 2.07763 27.9184 250.644 -13 2301 1 0 1
1.43214 5.63305 19250 -1.17127 -2.929 27.8217 250.801 -13 2302 1 0 1
2.73533 -0.470175 19250 0.0302594 0.0508398 27.9999 250.506 -13 2303 1 0 1
0.06595 -9.55404 19250 0.861447 3.38873 27.7808 250.813 -13 2304 1 0 1
-3.02649 1.12295 19250 0.132926 -0.254171 27.9985 250.497 -13 2305 1 0 1
-7.26788 -7.05016 19250 0.221126 1.32381 27.9678 250.559 -13 2306 1 0 1
-13.7432 -5.04391 19250 0.460742 0.854202 27.9832 250.562 -13 2307 1 0 1
-11.2049 -7.42616 19250 0.519728 1.61846 27.9484 250.614 -13 2308 1 0 1
-2.82677 8.72741 19250 -0.938352 -3.91157 27.7095 250.868 -13 2309 1 0 1
15.4639 5.13475 19250 -0.344582 -0.955181 27.9816 250.589 -13 2310 1 0 1
6.53643 9.17858 19250 -0.10769 -1.78345 27.9429 250.603 -13 2311 1 0 1
-1.64473 11.6427 19250 -0.553258 -4.19083 27.6791 250.899 -13 2312 1 0 1
0.967202 7.04178 19250 0.0380985 -1.11784 27.9777 250.55 -13 2313 1 0 1
-5.03363 5.4045 19250 0.164222 -0.934087 27.9839 250.525 -13 2314 1 0 1
-14.3284 -0.264378 19250 0.376125 0.0010617 27.9975 250.526 -13 2315 1 0 1
6.53632 7.05904 19250 -0.0356738 -1.11978 27.9776 250.552 -13 2316 1 0 1
0.845131 -0.571175 19250 0.0302728 0.0629181 27.9999 250.512 -13 2317 1 0 1
4.04664 4.02487 19250 0.0180368 -0.630573 27.9929 250.519 -13 2318 1 0 1
-16.4067 1.99353 19250 0.732764 -0.456557 27.9867 250.579 -13 2319 1 0 1
4.59735 3.83031 19250 2.28969 1.72345 27.853 250.883 -13 2320 1 0 1
-10.5537 -6.61719 19250 0.405785 1.46743 27.9586 250.574 -13 2321 1 0 1
3.66015 -2.8004 19250 -0.0134197 0.365864 27.9976 250.523 -13 2322 1 0 1
3.41008 7.02109 19250 -0.00899938 -1.14474 27.9766 250.554 -13 2323 1 0 1
4.50566 9.66285 19250 -0.649982 -3.1144 27.8187 250.764 -13 2324 1 0 1
7.05938 -3.91306 19250 -0.0454695 0.675951 27.9918 250.529 -13 2325 1 0 1
-4.28669 10.482 19250 0.206169 -2.20583 27.9122 250.642 -13 2326 1 0 1
-16.3095 -0.326491 19250 0.56778 0.00119278 27.9942 250.548 -13 2327 1 0 1
-13.4356 -5.42297 19250 0.573991 1.22985 27.9671 250.587 -13 2328 1 0 1
-13.577 0.936454 19250 0.364333 -0.169679 27.9971 250.521 -13 2329 1 0 1
-15.8174 -3.3168 19250 0.760863 0.764124 27.9792 250.599 -13 2330 1 0 1
2.39079 -0.314503 19250 0.0247349 0.0896173 27.9998 250.509 -13 2331 1 0 1
-11.034 -3.67559 19250 0.29562 0.72042 27.9892 250.526 -13 2332 1 0 1
-5.01981 -3.45361 19250 1.36514 2.06199 27.8906 250.752 -13 2333 1 0 1
-1.72466 2.15218 19250 0.0999781 -0.373696 27.9973 250.503 -13 2334 1 0 1
-5.23968 -4.52891 19250 0.169272 0.885917 27.9855 250.518 -13 2335 1 0 1
-10.3748 4.85648 19250 0.267567 -0.733149 27.9891 250.535 -13 2336 1 0 1
-8.91644 -1.86235 19250 0.225825 0.38958 27.9964 250.508 -13 2337 1 0 1
1.8119 11.3113 19250 -0.00381467 -2.25076 27.9094 250.654 -13 2338 1 0 1
-15.3112 -3.46998 19250 0.619921 0.785058 27.9821 250.572 -13 2339 1 0 1
4.03542 8.08896 19250 -0.805534 -3.01038 27.826 250.769 -13 2340 1 0 1
9.05761 0.901809 19250 -0.0837671 -0.174325 27.9993 250.525 -13 2341 1 0 1
15.8769 -0.0343465 19250 2.07975 3.38775 27.7164 250.958 -13 2342 1 0 1
-5.5185 6.48416 19250 0.179128 -1.1008 27.9778 250.539 -13 2343 1 0 1
6.77138 -8.89794 19250 1.0811 4.10168 27.6768 250.924 -13 2344 1 0 1
15.6543 0.24337 19250 -0.29841 0.0265043 27.9984 250.565 -13 2345 1 0 1
16.5195 2.60022 19250 -0.355045 -0.635325 27.9905 250.578 -13 2346 1 0 1
-7.50702 -5.49795 19250 0.172428 0.948682 27.9834 250.539 -13 2347 1 0 1
-1.94517 -1.25968 19250 0.0780504 0.231861 27.9989 250.508 -13 2348 1 0 1
-7.48632 0.642972 19250 0.179074 -0.103203 27.9992 250.504 -13 2349 1 0 1
-4.50075 -9.80297 19250 0.647205 2.8442 27.8477 250.73 -13 2350 1 0 1
-4.42209 -3.85332 19250 0.119454 0.44312 27.9962 250.519 -13 2351 1 0 1
-5.96583 -10.3943 19250 0.543779 2.58042 27.8755 250.715 -13 2352 1 0 1
11.286 3.52246 19250 -0.152957 -0.563118 27.9939 250.547 -13 2353 1 0 1
-2.47951 2.19972 19250 0.0957917 -0.315395 27.9981 250.507 -13 2354 1 0 1
1.03368 10.0474 19250 -0.692138 -3.52763 27.7683 250.82 -13 2355 1 0 1
3.66178 5.85402 19250 -1.07841 -2.8442 27.8343 250.777 -13 2356 1 0 1
1.31094 5.48289 19250 -1.19748 -2.91474 27.8221 250.803 -13 2357 1 0 1
-8.28267 -1.20927 19250 0.188469 0.182305 27.9988 250.508 -13 2358 1 0 1
-1590.82 671.808 19250 -6.35804 2.15359 27.1834 253.723 -13 2359 1 0 1
16.8931 -4.65911 19250 1.68641 4.31542 27.614 251.011 -13 2360 1 0 1
-16.708 -1.88261 19250 0.695138 0.454976 27.9877 250.578 -13 2361 1 0 1
-6.5091 -7.58341 19250 0.196396 1.51048 27.9585 250.571 -13 2362 1 0 1
-12.8751 0.563851 19250 -1.92143 -3.36609 27.7304 250.912 -13 2363 1 0 1
8.53103 -4.38445 19250 1.59446 3.38968 27.7483 250.892 -13 2364 1 0 1
-2.74023 -4.58971 19250 0.0690812 0.729032 27.9904 250.53 -13 2365 1 0 1
0.583215 -8.59155 19250 0.0600881 1.6624 27.9505 250.576 -13 2366 1 0 1
4.62282 11.3588 19250 -0.310817 -3.00783 27.8362 250.73 -13 2367 1 0 1
-12.0226 6.60314 19250 0.468548 -1.28518 27.9666 250.582 -13 2368 1 0 1
0.687286 2.60135 19250 0.0562385 -0.472375 27.996 250.51 -13 2369 1 0 1
6.21414 3.67693 19250 -0.035294 -0.535438 27.9949 250.527 -13 2370 1 0 1
-15.1014 -1.27069 19250 0.416611 0.289161 27.9954 250.537 -13 2371 1 0 1
-4.62046 -6.56025 19250 0.145119 1.08042 27.9788 250.542 -13 2372 1 0 1
11.1949 4.36252 19250 -0.144496 -0.612005 27.9929 250.55 -13 2373 1 0 1
10.6145 8.0899 19250 -0.526069 -2.21671 27.9072 250.674 -13 2374 1 0 1
-0.0855544 6.40444 19250 0.06235 -1.0644 27.9797 250.539 -13 2375 1 0 1
12.1064 6.2448 19250 -0.189235 -1.0509 27.9796 250.569 -13 2376 1 0 1
-5.81842 -6.74397 19250 0.159068 1.17499 27.9749 250.551 -13 2377 1 0 1
-8.4607 0.457159 19250 0.222117 0.0550692 27.9991 250.501 -13 2378 1 0 1
-11.6405 -1.17293 19250 0.307059 0.19337 27.9976 250.51 -13 2379 1 0 1
-5.21297 -2.20074 19250 0.134435 0.34971 27.9975 250.509 -13 2380 1 0 1
9.43225 8.67126 19250 -0.201334 -1.61704 27.9525 250.61 -13 2381 1 0 1
0.113146 -12.6276 19250 -0.0347747 5.04527 27.5417 251.028 -13 2382 1 0 1
-8.91737 -4.71534 19250 0.198278 0.759576 27.989 250.534 -13 2383 1 0 1
12.3285 0.756048 19250 -0.147563 -0.150118 27.9992 250.535 -13 2384 1 0 1
3.44817 11.6273 19250 -0.117721 -2.62133 27.8768 250.689 -13 2385 1 0 1
-8.00233 -2.32055 19250 0.185392 0.274549 27.998 250.512 -13 2386 1 0 1
8.92423 8.74309 19250 -0.223596 -1.60373 27.9531 250.619 -13 2387 1 0 1
8.13915 5.42602 19250 -0.989796 -2.28304 27.8892 250.735 -13 2388 1 0 1
-5.0477 -2.18675 19250 0.158243 0.334709 27.9976 250.502 -13 2389 1 0 1
-7.31753 1.36069 19250 0.157979 -0.231676 27.9986 250.51 -13 2390 1 0 1
9.75178 -10.9642 19250 0.654451 5.83793 27.3768 251.216 -13 2391 1 0 1
-0.799781 2.05582 19250 0.0641529 -0.200633 27.9992 250.51 -13 2392 1 0 1
15.7178 1.14286 19250 -0.289094 -0.303683 27.9969 250.563 -13 2393 1 0 1
7.55849 7.70808 19250 -0.10361 -1.43659 27.9629 250.578 -13 2394 1 0 1
-13.675 -3.31276 19250 0.408461 0.697028 27.9883 250.539 -13 2395 1 0 1
-8.19579 2.88492 19250 0.176073 -0.549025 27.9941 250.52 -13 2396 1 0 1
-12.064 -3.09693 19250 0.313224 0.526796 27.9933 250.525 -13 2397 1 0 1
-6.84324 4.2448 19250 0.154475 -0.536195 27.9944 250.527 -13 2398 1 0 1
-9.12426 -5.7465 19250 0.226715 1.06676 27.9788 250.546 -13 2399 1 0 1
2.27414 -7.61215 19250 0.0283309 1.22803 27.973 250.557 -13 2400 1 0 1
2.1695 3.96103 19250 0.00320033 -0.565196 27.9943 250.529 -13 2401 1 0 1
-12.7599 -0.23011 19250 0.3104 0.0168143 27.9983 250.517 -13 2402 1 0 1
-16.0563 -1.41287 19250 0.57534 0.312872 27.9923 250.551 -13 2403 1 0 1
-16.2884 -0.953433 19250 0.620263 0.186569 27.9925 250.554 -13 2404 1 0 1
-10.2971 0.0587843 19250 0.260116 -0.0484899 27.9987 250.505 -13 2405 1 0 1
6.62159 -8.82857 19250 -0.143454 1.58625 27.9547 250.606 -13 2406 1 0 1
8.0191 -8.62459 19250 -0.153597 1.57034 27.9555 250.601 -13 2407 1 0 1
-3.14246 -4.9057 19250 0.117183 0.822897 27.9877 250.522 -13 2408 1 0 1
-15.196 -3.37926 19250 0.642726 0.799736 27.9812 250.572 -13 2409 1 0 1
11.2956 -6.70975 19250 -0.198831 1.21357 27.973 250.578 -13 2410 1 0 1
16.0799 -2.56052 19250 1.84201 3.89243 27.6669 250.968 -13 2411 1 0 1
-7.97534 -2.16293 19250 0.202215 0.384697 27.9966 250.507 -13 2412 1 0 1
-1.6734 -8.74862 19250 0.104863 1.64523 27.9514 250.579 -13 2413 1 0 1
5.45079 11.1008 19250 -0.221215 -2.63492 27.8749 250.688 -13 2414 1 0 1
9.13898 8.65824 19250 -0.562521 -2.31239 27.8987 250.698 -13 2415 1 0 1
11.0211 7.24404 19250 -0.277827 -1.43625 27.9618 250.607 -13 2416 1 0 1
1.1795 -1.51853 19250 1.66603 2.39276 27.8478 250.802 -13 2417 1 0 1
-28.083 3.4181 19250 -1.91127 -5.25229 27.4365 251.117 -13 2418 1 0 1
-9.75313 -6.84816 19250 0.825713 1.96539 27.9187 250.679 -13 2419 1 0 1
2.4304 11.2751 19250 -0.0362032 -2.42408 27.8948 250.662 -13 2420 1 0 1
1.57221 2.67193 19250 0.0417634 -0.457126 27.9962 250.512 -13 2421 1 0 1
10.1649 3.47092 19250 -0.124545 -0.501601 27.9952 250.542 -13 2422 1 0 1
-5.61882 -3.502 19250 0.15593 0.545789 27.9942 250.513 -13 2423 1 0 1
17.9208 -1.85172 19250 -0.474385 0.481556 27.9918 250.595 -13 2424 1 0 1
16.2501 0.644861 19250 -0.277834 -0.186965 27.998 250.558 -13 2425 1 0 1
-13.6345 -1.16694 19250 0.346192 0.0980742 27.9977 250.524 -13 2426 1 0 1
-3.25282 4.81704 19250 0.130591 -0.772699 27.989 250.518 -13 2427 1 0 1
-13.4381 4.0938 19250 0.435673 -0.811889 27.9848 250.545 -13 2428 1 0 1
-3.63152 -7.00596 19250 0.127642 1.16249 27.9756 250.548 -13 2429 1 0 1
-11.6543 -2.72074 19250 1.19727 1.3031 27.944 250.687 -13 2430 1 0 1
-4.9362 9.16252 19250 -0.938133 -4.22927 27.6628 250.908 -13 2431 1 0 1
7.25325 -10.1369 19250 -0.256558 2.26414 27.9071 250.66 -13 2432 1 0 1
13.4097 7.04663 19250 -0.386006 -1.6632 27.9479 250.621 -13 2433 1 0 1
-7.71318 1.11116 19250 0.18022 -0.150305 27.999 250.506 -13 2434 1 0 1
-0.0933368 -2.13518 19250 0.050366 0.228102 27.999 250.512 -13 2435 1 0 1
-14.9614 3.24216 19250 0.526164 -0.579731 27.9891 250.55 -13 2436 1 0 1
5.64778 0.13038 19250 -0.0259454 -0.052407 27.9999 250.516 -13 2437 1 0 1
11.035 5.53609 19250 -0.882085 -2.01919 27.9132 250.706 -13 2438 1 0 1
-12.7989 5.18273 19250 0.846968 -1.38947 27.9527 250.638 -13 2439 1 0 1
-3.55695 -10.9417 19250 0.231312 2.38667 27.8971 250.655 -13 2440 1 0 1
1.07572 -12.6302 19250 -0.00867586 3.05975 27.8323 250.737 -13 2441 1 0 1
8.58876 1.77101 19250 -0.0624719 -0.274367 27.9986 250.521 -13 2442 1 0 1
10.549 -3.68994 19250 -0.134446 0.512953 27.995 250.544 -13 2443 1 0 1
11.652 7.48433 19250 -0.532155 -2.03843 27.9206 250.664 -13 2444 1 0 1
-10.4367 4.48964 19250 0.26381 -0.713718 27.9897 250.532 -13 2445 1 0 1
-13.302 -0.161372 19250 0.336894 0.015539 27.998 250.519 -13 2446 1 0 1
49.9357 11.3579 19250 3.38011 4.24973 27.4684 251.2 -13 2447 1 0 1
-3.82352 -2.19393 19250 0.107192 0.213419 27.999 250.51 -13 2448 1 0 1
-13.6149 2.01147 19250 1.15191 -0.885208 27.9623 250.657 -13 2449 1 0 1
-10.812 -2.25263 19250 0.261085 0.279028 27.9974 250.516 -13 2450 1 0 1
-3.26847 -8.9138 19250 0.770023 3.0382 27.824 250.753 -13 2451 1 0 1
-0.259825 -1.24746 19250 0.0717747 0.30215 27.9983 250.505 -13 2452 1 0 1
-8.19483 8.23884 19250 0.30427 -1.63484 27.9506 250.589 -13 2453 1 0 1
-1.24449 0.875042 19250 0.0795248 -0.200972 27.9992 250.504 -13 2454 1 0 1
-2.93619 -0.200002 19250 0.102143 0.0269441 27.9998 250.503 -13 2455 1 0 1
3.03767 11.5694 19250 -0.10348 -2.73117 27.8663 250.692 -13 2456 1 0 1
-13.1186 -5.39998 19250 0.435354 1.04771 27.977 250.565 -13 2457 1 0 1
-3.23219 10.4472 19250 0.171978 -2.13746 27.9178 250.631 -13 2458 1 0 1
-12.1386 6.08986 19250 0.392885 -1.29014 27.9675 250.577 -13 2459 1 0 1
3.14248 0.648331 19250 0.0037187 -0.0542813 27.9999 250.514 -13 2460 1 0 1
-14.1915 -2.4365 19250 0.415636 0.448528 27.9933 250.533 -13 2461 1 0 1
9.5832 7.72448 19250 -0.173667 -1.41399 27.9637 250.59 -13 2462 1 0 1
12.3474 -2.91946 19250 1.74456 3.6231 27.7097 250.921 -13 2463 1 0 1
-12.5167 -2.60927 19250 0.315449 0.389357 27.9955 250.525 -13 2464 1 0 1
-6.74724 0.394499 19250 0.154447 -0.0728381 27.9995 250.506 -13 2465 1 0 1
11.4604 -1.69019 19250 -0.108331 0.281306 27.9984 250.528 -13 2466 1 0 1
-11.834 2.86337 19250 0.290729 -0.499418 27.994 250.524 -13 2467 1 0 1
1.73634 -10.0649 19250 0.809229 3.72297 27.7396 250.843 -13 2468 1 0 1
-6.79206 -9.72381 19250 0.50983 2.34976 27.8966 250.67 -13 2469 1 0 1
1.23043 1.65642 19250 0.0461929 -0.244676 27.9989 250.508 -13 2470 1 0 1
7.82461 -7.82817 19250 -0.105329 1.48299 27.9605 250.58 -13 2471 1 0 1
4.87461 5.50307 19250 -0.00428797 -0.899722 27.9855 250.532 -13 2472 1 0 1
-2.42947 7.82393 19250 0.12117 -1.37325 27.966 250.559 -13 2473 1 0 1
-7.88741 9.17426 19250 -1.02446 -4.47555 27.621 250.958 -13 2474 1 0 1
-11.5615 2.85603 19250 0.263085 -0.483774 27.9946 250.526 -13 2475 1 0 1
-15.1811 -1.00679 19250 0.460744 0.162073 27.9957 250.534 -13 2476 1 0 1
-2.10744 -0.382507 19250 0.09397 0.00637703 27.9998 250.502 -13 2477 1 0 1
-16.3466 1.83214 19250 0.749405 -0.543611 27.9847 250.582 -13 2478 1 0 1
-9.3431 6.1338 19250 0.256966 -0.878295 27.985 250.546 -13 2479 1 0 1
12.4507 4.02588 19250 -0.172349 -0.780854 27.9886 250.55 -13 2480 1 0 1
-9.11919 -5.65948 19250 0.256567 0.890232 27.9847 250.537 -13 2481 1 0 1
-8.23137 1.23323 19250 0.238431 -0.161066 27.9985 250.497 -13 2482 1 0 1
-40.8461 -3.03368 19250 -2.65828 -4.9186 27.4361 251.125 -13 2483 1 0 1
-15.9274 3.49342 19250 0.622642 -0.742296 27.9832 250.582 -13 2484 1 0 1
-3.09368 -2.56094 19250 0.100829 0.336576 27.9978 250.51 -13 2485 1 0 1
8.18917 -7.76457 19250 -0.103285 1.35272 27.9671 250.576 -13 2486 1 0 1
-14.9989 3.64539 19250 0.823957 -0.927047 27.9725 250.609 -13 2487 1 0 1
2.97917 11.4519 19250 -0.123166 -2.82658 27.8567 250.699 -13 2488 1 0 1
27.0181 -1.93966 19250 2.09807 4.60466 27.539 251.076 -13 2489 1 0 1
-4.85156 -1.28387 19250 0.136432 0.217697 27.9988 250.503 -13 2490 1 0 1
-3.00225 -3.40848 19250 0.0959006 0.571171 27.994 250.516 -13 2491 1 0 1
2.66303 -5.10777 19250 0.0226514 0.834564 27.9876 250.528 -13 2492 1 0 1
-1.50225 8.80076 19250 0.0900503 -1.54942 27.957 250.58 -13 2493 1 0 1
-10.6106 -2.03252 19250 0.253703 0.350165 27.9967 250.514 -13 2494 1 0 1
-5.30792 -8.23527 19250 0.204882 1.57239 27.9551 250.573 -13 2495 1 0 1
-11.0418 -6.27779 19250 0.370827 1.2897 27.9678 250.566 -13 2496 1 0 1
16.3594 -1.77436 19250 1.9301 3.72112 27.6844 250.959 -13 2497 1 0 1
1.14144 -0.838883 19250 0.0478365 0.11268 27.9997 250.506 -13 2498 1 0 1
4.25641 10.6594 19250 -0.476415 -3.0455 27.8298 250.753 -13 2499 1 0 1
11.7073 7.47717 19250 -0.523648 -2.06545 27.9188 250.661 -13 2500 1 0 1
4.38643 4.04131 19250 0.013701 -0.505086 27.9954 250.521 -13 2501 1 0 1
1.98936 12.4959 19250 0.340734 -4.26367 27.6714 250.887 -13 2502 1 0 1
-6.52156 -6.52258 19250 0.208802 1.16601 27.9749 250.543 -13 2503 1 0 1
6.03596 5.83576 19250 -0.0471595 -0.978187 27.9829 250.544 -13 2504 1 0 1
-7.00037 2.19866 19250 0.194449 -0.280709 27.9979 250.503 -13 2505 1 0 1
-13.063 -4.51933 19250 0.381827 0.925034 27.9821 250.55 -13 2506 1 0 1
-8.21463 -8.80626 19250 0.405103 1.97413 27.9274 250.62 -13 2507 1 0 1
14.4475 5.10325 19250 -0.30625 -1.16452 27.9741 250.583 -13 2508 1 0 1
41.8229 -3.34187 19250 2.09929 6.68271 27.1097 251.475 -13 2509 1 0 1
9.37793 9.28465 19250 -0.253845 -1.84906 27.9377 250.632 -13 2510 1 0 1
-16.6556 -1.7082 19250 0.669047 0.447961 27.9884 250.573 -13 2511 1 0 1
-7.09577 -9.941 19250 0.431244 2.17436 27.9121 250.654 -13 2512 1 0 1
0.951468 -9.58226 19250 0.0105438 1.85264 27.9386 250.606 -13 2513 1 0 1
44.7633 -1.64818 19250 2.35967 6.2363 27.1945 251.392 -13 2514 1 0 1
11.8214 6.88089 19250 -0.277901 -1.46099 27.9605 250.6 -13 2515 1 0 1
-12.1011 0.322931 19250 0.299859 0.0552354 27.9983 250.513 -13 2516 1 0 1
-11.1959 1.42504 19250 0.272508 -0.190186 27.998 250.513 -13 2517 1 0 1
-0.879944 -7.84125 19250 1.01871 3.10931 27.8082 250.795 -13 2518 1 0 1
-10.5313 2.23181 19250 0.261342 -0.447187 27.9952 250.514 -13 2519 1 0 1
-1.17313 6.30127 19250 0.069993 -0.932522 27.9844 250.54 -13 2520 1 0 1
9.34998 0.633514 19250 -0.0688365 -0.103544 27.9997 250.52 -13 2521 1 0 1
15.2917 -5.71114 19250 1.55463 4.37839 27.6118 251 -13 2522 1 0 1
-3.26758 -1.20485 19250 0.0949748 0.229527 27.9989 250.508 -13 2523 1 0 1
-15.2854 -3.65777 19250 0.579584 0.831701 27.9816 250.571 -13 2524 1 0 1
7.85541 -0.0796493 19250 -0.0508711 -0.00266089 28 250.518 -13 2525 1 0 1
4.57995 7.45432 19250 -0.0272758 -1.37166 27.9664 250.564 -13 2526 1 0 1
6.5144 7.47175 19250 -0.0942567 -1.31599 27.9689 250.576 -13 2527 1 0 1
-15.0167 0.522793 19250 1.16943 -0.287274 27.9741 250.648 -13 2528 1 0 1
-0.032193 -4.26476 19250 1.41234 2.65606 27.8379 250.804 -13 2529 1 0 1
-0.218778 -2.90589 19250 0.0631008 0.438965 27.9965 250.512 -13 2530 1 0 1
-6.63382 -8.6494 19250 0.261985 1.56126 27.9552 250.584 -13 2531 1 0 1
5.95988 11.485 19250 -0.229807 -2.72331 27.8663 250.698 -13 2532 1 0 1
0.308941 2.91577 19250 0.0766628 -0.557227 27.9943 250.507 -13 2533 1 0 1
-7.08999 5.6349 19250 0.200323 -0.987667 27.9819 250.533 -13 2534 1 0 1
16.0948 5.38431 19250 -0.43002 -1.17108 27.9722 250.605 -13 2535 1 0 1
-1.81028 0.850505 19250 0.102182 -0.117968 27.9996 250.499 -13 2536 1 0 1
-3.56723 5.83553 19250 0.12941 -0.944095 27.9838 250.53 -13 2537 1 0 1
5.36267 3.69846 19250 -0.0200317 -0.549604 27.9946 250.525 -13 2538 1 0 1
8.74109 -4.43083 19250 -0.0929851 0.79865 27.9885 250.54 -13 2539 1 0 1
3.6531 -0.873794 19250 -0.00284743 0.0968269 27.9998 250.514 -13 2540 1 0 1
-2.26766 5.79155 19250 0.113513 -0.934706 27.9842 250.527 -13 2541 1 0 1
-3.87559 4.68231 19250 0.126297 -0.720755 27.9904 250.521 -13 2542 1 0 1
-3.21778 -11.587 19250 0.411194 2.99049 27.8368 250.738 -13 2543 1 0 1
7.31937 10.0783 19250 0.903974 -4.58671 27.607 250.985 -13 2544 1 0 1
-7.31047 -5.21977 19250 1.11297 2.07477 27.9008 250.72 -13 2545 1 0 1
-8.41289 3.52537 19250 0.204315 -0.662102 27.9914 250.52 -13 2546 1 0 1
-13.1401 -3.44186 19250 0.37934 0.650174 27.9899 250.534 -13 2547 1 0 1
-5.81968 -9.7361 19250 0.465642 2.61387 27.8738 250.68 -13 2548 1 0 1
-3.32516 -3.28846 19250 1.4109 2.22297 27.8759 250.763 -13 2549 1 0 1
9.81705 9.21678 19250 -0.30353 -2.06394 27.9222 250.643 -13 2550 1 0 1
12.6452 -0.508748 19250 -0.187531 0.108434 27.9992 250.545 -13 2551 1 0 1
-3.67167 0.587177 19250 0.0928047 -0.109404 27.9996 250.509 -13 2552 1 0 1
-4.21253 0.971702 19250 0.0957805 -0.227545 27.9989 250.512 -13 2553 1 0 1
3.43661 -3.95236 19250 -0.013569 0.523491 27.9951 250.53 -13 2554 1 0 1
-7.01325 6.6533 19250 0.202077 -1.11848 27.9769 250.547 -13 2555 1 0 1
-7.19504 7.22738 19250 0.250712 -1.3862 27.9645 250.558 -13 2556 1 0 1
13.6745 5.19225 19250 -0.254706 -1.05371 27.979 250.572 -13 2557 1 0 1
17.8107 -0.0996669 19250 -0.397638 0.137527 27.9968 250.58 -13 2558 1 0 1
-6.59596 -0.199737 19250 0.148224 0.043814 27.9996 250.507 -13 2559 1 0 1
4.50915 1.03006 19250 0.0164545 -0.211263 27.9992 250.507 -13 2560 1 0 1
1.63853 -12.8581 19250 -0.0547879 3.34822 27.799 250.772 -13 2561 1 0 1
-9.29316 -7.24021 19250 0.310677 1.48957 27.9586 250.576 -13 2562 1 0 1
0.338655 13.0557 19250 0.0593229 -3.91219 27.7253 250.85 -13 2563 1 0 1
-6.1011 -0.15849 19250 0.169166 0.0238449 27.9995 250.499 -13 2564 1 0 1
-23.2935 -6.19777 19250 -2.55697 -3.33322 27.6831 250.974 -13 2565 1 0 1
6.8968 6.78048 19250 -0.0413301 -1.20726 27.9739 250.551 -13 2566 1 0 1
-8.72423 0.207703 19250 0.202623 -0.0172655 27.9993 250.506 -13 2567 1 0 1
-7.35754 -0.782781 19250 0.17741 0.138273 27.9991 250.504 -13 2568 1 0 1
-13.1017 5.03631 19250 0.48021 -1.11953 27.9735 250.563 -13 2569 1 0 1
-11.7584 6.68711 19250 0.589305 -1.70193 27.942 250.624 -13 2570 1 0 1
-1.58205 -9.39476 19250 0.0813365 1.70066 27.9482 250.595 -13 2571 1 0 1
-15.4011 2.77706 19250 0.54657 -0.665259 27.9868 250.557 -13 2572 1 0 1
22.3603 -4.02757 19250 1.81043 4.75506 27.5338 251.072 -13 2573 1 0 1
3.55041 1.97771 19250 0.0057673 -0.237863 27.999 250.515 -13 2574 1 0 1
-2.77373 0.291797 19250 0.108333 -0.0568524 27.9997 250.501 -13 2575 1 0 1
0.690343 2.18915 19250 0.0593765 -0.504173 27.9954 250.508 -13 2576 1 0 1
-13.946 5.32852 19250 0.378275 -0.970281 27.9806 250.575 -13 2577 1 0 1
9.81083 3.60581 19250 -1.15552 -1.85628 27.9145 250.734 -13 2578 1 0 1
-8.56197 -6.86622 19250 0.24641 1.16711 27.9746 250.556 -13 2579 1 0 1
-0.377115 7.84629 19250 0.0553524 -1.38561 27.9656 250.566 -13 2580 1 0 1
3.20122 9.17755 19250 -0.0108938 -1.67057 27.9501 250.591 -13 2581 1 0 1
4.67006 -11.502 19250 -0.156305 2.62142 27.8766 250.687 -13 2582 1 0 1
-9.54531 -7.45317 19250 0.732981 1.99687 27.9191 250.664 -13 2583 1 0 1
-5.09519 -1.57029 19250 0.137286 0.318708 27.9978 250.506 -13 2584 1 0 1
-11.6367 -6.68757 19250 0.419641 1.39685 27.962 250.584 -13 2585 1 0 1
11.1477 7.8286 19250 -0.281992 -1.70582 27.9466 250.612 -13 2586 1 0 1
6.3979 5.01678 19250 -0.0602074 -0.793804 27.9887 250.541 -13 2587 1 0 1
16.5356 0.239392 19250 -0.320326 0.06854 27.9981 250.568 -13 2588 1 0 1
2.35068 -0.119033 19250 0.0178068 0.0311012 28 250.511 -13 2589 1 0 1
3.01958 1.93661 19250 -1.49744 -2.22675 27.8711 250.795 -13 2590 1 0 1
11.39 1.34442 19250 -0.120767 -0.245257 27.9987 250.53 -13 2591 1 0 1
-10.4849 2.67319 19250 0.236836 -0.427747 27.9957 250.52 -13 2592 1 0 1
-32.462 2.92794 19250 -1.56385 -8.50061 26.6326 251.827 -13 2593 1 0 1
10.5612 -3.32416 19250 -0.0940327 0.535026 27.9947 250.532 -13 2594 1 0 1
9.03993 9.54079 19250 -0.264085 -1.93509 27.9318 250.641 -13 2595 1 0 1
-0.576331 -1.35365 19250 0.0729361 0.19162 27.9992 250.505 -13 2596 1 0 1
-13.2671 -5.10396 19250 0.387242 0.871692 27.9837 250.558 -13 2597 1 0 1
12.7869 0.907313 19250 -0.18204 -0.0866086 27.9993 250.543 -13 2598 1 0 1
-2.52748 7.10918 19250 0.116638 -1.2753 27.9707 250.549 -13 2599 1 0 1
-2.16979 -8.27679 19250 0.119825 1.52437 27.9582 250.569 -13 2600 1 0 1
4.75103 3.75466 19250 -0.0367436 -0.57626 27.994 250.532 -13 2601 1 0 1
-9.89676 1.72731 19250 0.214627 -0.33241 27.9972 250.516 -13 2602 1 0 1
12.2923 -7.17958 19250 -0.500207 1.81583 27.9366 250.65 -13 2603 1 0 1
-7.19837 4.57807 19250 -1.48449 -3.49938 27.7408 250.883 -13 2604 1 0 1
-4.54985 -9.96377 19250 0.248884 2.22589 27.9103 250.628 -13 2605 1 0 1
-2.84116 -3.41506 19250 0.0918962 0.47886 27.9958 250.516 -13 2606 1 0 1
-7.67232 6.86896 19250 0.887942 -2.24979 27.8953 250.698 -13 2607 1 0 1
5.55721 9.45414 19250 -0.60798 -2.92798 27.8399 250.745 -13 2608 1 0 1
9.7978 2.65415 19250 -0.102041 -0.393206 27.9971 250.533 -13 2609 1 0 1
-7.86913 3.08135 19250 0.181858 -0.510331 27.9948 250.516 -13 2610 1 0 1
16.5262 -1.39119 19250 -0.331688 0.141583 27.9977 250.57 -13 2611 1 0 1
1.95053 -11.9183 19250 0.548109 4.05002 27.7001 250.88 -13 2612 1 0 1
7.27947 -9.86086 19250 -0.242923 2.18751 27.9134 250.651 -13 2613 1 0 1
4.22357 10.8347 19250 -0.138815 -2.32495 27.903 250.663 -13 2614 1 0 1
-9.2829 -9.09361 19250 0.448641 2.01003 27.9242 250.651 -13 2615 1 0 1
-16.4862 -0.101456 19250 0.702668 0.0499962 27.9911 250.561 -13 2616 1 0 1
5.38424 2.52472 19250 -0.0204644 -0.374415 27.9975 250.519 -13 2617 1 0 1
-5.78042 -3.75947 19250 0.136036 0.679017 27.9914 250.522 -13 2618 1 0 1
2.04033 1.1136 19250 0.0263539 -0.126622 27.9997 250.51 -13 2619 1 0 1
18.6099 0.877414 19250 -0.536461 -0.234134 27.9939 250.602 -13 2620 1 0 1
-4.02286 7.69147 19250 0.143457 -1.26724 27.9709 250.559 -13 2621 1 0 1
8.09744 -2.99637 19250 -0.0685793 0.445223 27.9964 250.528 -13 2622 1 0 1
-7.55629 2.91284 19250 0.174863 -0.432001 27.9961 250.515 -13 2623 1 0 1
-15.6803 1.47821 19250 0.470545 -0.343719 27.9939 250.544 -13 2624 1 0 1
0.7494 -13.1864 19250 -0.114001 3.80679 27.7398 250.844 -13 2625 1 0 1
-12.5513 -3.6277 19250 0.981605 1.32062 27.9516 250.64 -13 2626 1 0 1
-14.0276 2.58172 19250 0.377103 -0.343762 27.9953 250.534 -13 2627 1 0 1
4.05646 4.56909 19250 -0.00586027 -0.742594 27.9902 250.529 -13 2628 1 0 1
-2.33428 -11.112 19250 0.265131 2.67733 27.8704 250.671 -13 2629 1 0 1
8.76807 -5.80352 19250 -0.10072 1.12629 27.9772 250.553 -13 2630 1 0 1
-3.41498 4.04312 19250 0.100903 -0.686569 27.9914 250.521 -13 2631 1 0 1
-0.152545 -8.04202 19250 1.00929 3.29573 27.787 250.825 -13 2632 1 0 1
10.4678 7.71642 19250 -0.616341 -2.2462 27.903 250.688 -13 2633 1 0 1
27.336 0.772453 19250 2.32031 4.1518 27.5931 251.05 -13 2634 1 0 1
8.48697 -7.72242 19250 -0.140689 1.51265 27.9588 250.586 -13 2635 1 0 1
-12.2103 -0.911493 19250 0.309239 0.182605 27.9977 250.514 -13 2636 1 0 1
12.8557 -3.04311 19250 -0.15931 0.401097 27.9967 250.542 -13 2637 1 0 1
-11.2922 -6.60509 19250 0.317058 1.2436 27.9706 250.574 -13 2638 1 0 1
2.59462 11.2653 19250 -0.0407237 -2.31601 27.904 250.658 -13 2639 1 0 1
8.45245 9.78094 19250 -0.333818 -2.33649 27.9003 250.667 -13 2640 1 0 1
3.3252 4.08038 19250 -0.0166464 -0.719522 27.9907 250.533 -13 2641 1 0 1
-15.6564 -1.48852 19250 0.572197 0.259024 27.993 250.544 -13 2642 1 0 1
-9.36416 -2.33661 19250 0.210971 0.492828 27.9949 250.516 -13 2643 1 0 1
-15.8647 -2.88471 19250 0.605567 0.747326 27.9835 250.572 -13 2644 1 0 1
11.5531 0.85518 19250 -0.130406 -0.0923909 27.9995 250.532 -13 2645 1 0 1
-7.27085 -2.97983 19250 0.185287 0.382021 27.9968 250.511 -13 2646 1 0 1
-10.8379 7.46882 19250 0.519015 -1.55066 27.9522 250.603 -13 2647 1 0 1
13.7762 -0.113143 19250 -0.200808 0.142602 27.9989 250.546 -13 2648 1 0 1
-10.1454 -6.21136 19250 0.322346 1.3192 27.967 250.56 -13 2649 1 0 1
0.241295 11.8496 19250 -0.447062 -3.93777 27.7181 250.856 -13 2650 1 0 1
-16.4849 -1.95185 19250 0.784911 0.420084 27.9858 250.588 -13 2651 1 0 1
-4.00877 2.80222 19250 -1.53292 -3.08702 27.7871 250.842 -13 2652 1 0 1
0.33044 5.95488 19250 0.0439254 -0.959224 27.9835 250.538 -13 2653 1 0 1
14.0053 0.999991 19250 -0.239424 -0.278465 27.9976 250.555 -13 2654 1 0 1
-3.75214 -3.15286 19250 0.13189 0.526798 27.9947 250.508 -13 2655 1 0 1
-0.676322 9.08792 19250 0.0864694 -1.6482 27.9513 250.583 -13 2656 1 0 1
6.57198 -1.75127 19250 -0.0427115 0.284363 27.9985 250.521 -13 2657 1 0 1
15.5235 -2.65999 19250 -0.921089 1.12865 27.9621 250.673 -13 2658 1 0 1
-14.0614 -2.23613 19250 0.369114 0.447829 27.994 250.534 -13 2659 1 0 1
5.72344 0.881605 19250 -0.047416 -0.23234 27.999 250.523 -13 2660 1 0 1
-6.63933 1.41876 19250 0.156677 -0.237999 27.9986 250.507 -13 2661 1 0 1
-8.6533 -1.97032 19250 0.184933 0.239353 27.9984 250.514 -13 2662 1 0 1
0.722025 3.26166 19250 0.0366657 -0.478284 27.9959 250.519 -13 2663 1 0 1
0.213206 -12.8563 19250 0.0428371 3.31914 27.8025 250.771 -13 2664 1 0 1
-2.65291 -9.07596 19250 0.83552 3.01354 27.8248 250.767 -13 2665 1 0 1
-9.82448 -3.01574 19250 -1.64565 3.54603 27.7258 250.894 -13 2666 1 0 1
7.72704 -6.75237 19250 -0.0997844 1.1622 27.9757 250.563 -13 2667 1 0 1
-0.170826 6.46292 19250 0.0539844 -1.07142 27.9794 250.543 -13 2668 1 0 1
2.898 10.1477 19250 0.0160038 -1.92375 27.9338 250.607 -13 2669 1 0 1
36.4099 -1.54476 19250 2.27481 5.35729 27.3884 251.217 -13 2670 1 0 1
-0.404506 -2.07467 19250 1.56708 2.40703 27.8523 250.798 -13 2671 1 0 1
6.28374 0.802655 19250 -0.0167394 -0.193695 27.9993 250.512 -13 2672 1 0 1
3.47929 8.04221 19250 -0.0216144 -1.31409 27.9691 250.573 -13 2673 1 0 1
7.33623 9.30928 19250 -0.199346 -1.96564 27.9302 250.63 -13 2674 1 0 1
11.5196 5.03556 19250 -0.893315 -1.97005 27.9163 250.7 -13 2675 1 0 1
-1.86205 -11.9478 19250 0.345816 3.16788 27.8181 250.747 -13 2676 1 0 1
-12.9234 -3.19724 19250 -2.18618 -2.9284 27.7605 250.909 -13 2677 1 0 1
-3.00489 -7.50601 19250 0.997028 2.77328 27.8445 250.753 -13 2678 1 0 1
4.93846 -3.10487 19250 -0.0258437 0.608721 27.9934 250.525 -13 2679 1 0 1
2.3989 12.1516 19250 -0.0685717 -2.9447 27.8446 250.715 -13 2680 1 0 1
0.0698271 8.91289 19250 0.0871945 -1.5103 27.9591 250.574 -13 2681 1 0 1
9.3168 5.8528 19250 -0.132199 -1.1088 27.9777 250.559 -13 2682 1 0 1
12.1659 -3.54763 19250 -0.206414 0.716269 27.9901 250.559 -13 2683 1 0 1
-13.3141 -1.53516 19250 0.347196 0.245894 27.9968 250.523 -13 2684 1 0 1
2.98571 2.24207 19250 0.0141426 -0.271751 27.9987 250.515 -13 2685 1 0 1
-8.51477 7.44635 19250 0.289871 -1.39109 27.9639 250.568 -13 2686 1 0 1
20.7481 3.34301 19250 2.40184 3.29413 27.7016 250.974 -13 2687 1 0 1
0.808543 6.77311 19250 0.0366926 -1.06011 27.9799 250.547 -13 2688 1 0 1
-6.97904 -0.989391 19250 0.175034 0.18482 27.9988 250.503 -13 2689 1 0 1
-0.468444 13.3726 19250 -0.121363 -4.40937 27.6504 250.946 -13 2690 1 0 1
-4.32709 -9.89219 19250 0.183342 1.95603 27.931 250.616 -13 2691 1 0 1
-8.31493 -6.02191 19250 0.223796 1.17376 27.9745 250.548 -13 2692 1 0 1
-0.0720523 3.33181 19250 0.0687631 -0.524222 27.995 250.512 -13 2693 1 0 1
-11.1316 -1.6704 19250 0.262937 0.282845 27.9973 250.515 -13 2694 1 0 1
-7.57642 -2.80622 19250 0.193495 0.54764 27.994 250.511 -13 2695 1 0 1
-4.00709 -6.22604 19250 1.07405 2.6601 27.8527 250.758 -13 2696 1 0 1
-7.48948 3.64655 19250 0.182248 -0.560907 27.9938 250.518 -13 2697 1 0 1
-0.732312 -1.09638 19250 0.0610883 0.12914 27.9996 250.508 -13 2698 1 0 1
16.9306 2.19852 19250 -0.272668 -0.381445 27.9961 250.557 -13 2699 1 0 1
0.180863 -4.03349 19250 0.0452254 0.687698 27.9915 250.523 -13 2700 1 0 1
2.17417 -11.8446 19250 -0.0090796 2.54618 27.884 250.677 -13 2701 1 0 1
-7.63042 -5.96846 19250 0.18432 1.05536 27.9795 250.545 -13 2702 1 0 1
-12.1953 2.07373 19250 0.308943 -0.36412 27.9959 250.519 -13 2703 1 0 1
0.619384 11.675 19250 -0.425065 -3.82243 27.7346 250.836 -13 2704 1 0 1
0.597274 12.2801 19250 -0.45008 -3.82111 27.7344 250.858 -13 2705 1 0 1
6.39392 6.63895 19250 -0.0649879 -1.08755 27.9788 250.556 -13 2706 1 0 1
-16.7034 -0.37271 19250 0.597978 0.0330862 27.9936 250.556 -13 2707 1 0 1
0.984379 0.233305 19250 0.0523509 0.0243959 27.9999 250.504 -13 2708 1 0 1
5.34293 0.796731 19250 -1.53056 -1.89578 27.8938 250.782 -13 2709 1 0 1
-3.82747 -7.65273 19250 0.160317 1.2345 27.9723 250.553 -13 2710 1 0 1
7.58309 4.09549 19250 -0.0545042 -0.545143 27.9946 250.532 -13 2711 1 0 1
6.19217 4.43332 19250 -1.15503 -2.37887 27.8748 250.756 -13 2712 1 0 1
-4.30738 -9.03998 19250 0.158976 1.56781 27.9556 250.588 -13 2713 1 0 1
-1.18975 -11.2491 19250 0.0984946 2.3083 27.9045 250.654 -13 2714 1 0 1
-0.164642 6.06963 19250 0.0585166 -0.933433 27.9844 250.536 -13 2715 1 0 1
-0.920343 12.0091 19250 0.113909 -2.75407 27.864 250.698 -13 2716 1 0 1
10.5734 3.12881 19250 -0.112641 -0.495331 27.9954 250.535 -13 2717 1 0 1
5.71406 -6.27927 19250 -0.0528044 1.02554 27.9812 250.55 -13 2718 1 0 1
15.9781 -7.08337 19250 1.4245 4.7805 27.5521 251.054 -13 2719 1 0 1
10.1357 7.35395 19250 -0.692329 -2.27839 27.8986 250.698 -13 2720 1 0 1
-3.77886 -1.11854 19250 0.127252 0.154718 27.9993 250.501 -13 2721 1 0 1
-15.9274 -2.70139 19250 0.581888 0.561414 27.9883 250.563 -13 2722 1 0 1
-7.75152 2.51517 19250 0.184082 -0.337688 27.9974 250.511 -13 2723 1 0 1
-7.47926 -7.33216 19250 0.204801 1.28273 27.9699 250.565 -13 2724 1 0 1
12.4464 4.12098 19250 -0.22038 -0.729631 27.9896 250.564 -13 2725 1 0 1
-4.45206 -0.671974 19250 0.131697 0.0615398 27.9996 250.501 -13 2726 1 0 1
-1.416 -7.35702 19250 1.04403 2.99917 27.8193 250.782 -13 2727 1 0 1
-2.88019 -10.4326 19250 0.662172 3.08457 27.8217 250.766 -13 2728 1 0 1
6.88246 7.27384 19250 -0.103271 -1.30709 27.9693 250.575 -13 2729 1 0 1
13.9752 7.16141 19250 -0.37211 -1.40944 27.962 250.617 -13 2730 1 0 1
1.78887 -12.2776 19250 -0.169301 3.47341 27.7832 250.779 -13 2731 1 0 1
15.4467 5.25344 19250 -0.477358 -1.18583 27.9708 250.617 -13 2732 1 0 1
-13.2104 6.10233 19250 0.552128 -1.18971 27.9693 250.589 -13 2733 1 0 1
10.0641 4.26148 19250 -0.0925747 -0.682605 27.9915 250.537 -13 2734 1 0 1
-7.18139 -2.79844 19250 0.181737 0.497591 27.995 250.51 -13 2735 1 0 1
5.08868 7.59193 19250 -0.0417491 -1.33428 27.9682 250.567 -13 2736 1 0 1
5.39657 -2.20213 19250 -0.039148 0.34367 27.9979 250.523 -13 2737 1 0 1
-8.46806 -8.99647 19250 0.540129 2.1524 27.9119 250.661 -13 2738 1 0 1
-1.4921 4.7114 19250 0.0888277 -0.841625 27.9872 250.521 -13 2739 1 0 1
3.88718 -8.70309 19250 1.0599 3.70226 27.7339 250.874 -13 2740 1 0 1
-10.8591 6.14686 19250 0.327194 -1.10792 27.9762 250.555 -13 2741 1 0 1
12.0382 1.82219 19250 -0.13088 -0.257974 27.9985 250.533 -13 2742 1 0 1
1.2841 9.06701 19250 0.0502522 -1.60566 27.9539 250.581 -13 2743 1 0 1
-4.22873 8.98873 19250 0.148704 -1.53678 27.9574 250.588 -13 2744 1 0 1
4.01513 1.20344 19250 0.0123215 -0.076676 27.9999 250.51 -13 2745 1 0 1
3.94595 0.399207 19250 -0.00132468 0.0124595 28 250.513 -13 2746 1 0 1
0.340833 -3.88001 19250 0.0840018 0.657864 27.9921 250.511 -13 2747 1 0 1
-12.9653 -6.48915 19250 0.458737 1.2273 27.9693 250.59 -13 2748 1 0 1
-15.1165 -1.41433 19250 0.509374 0.197037 27.9947 250.534 -13 2749 1 0 1
-6.50567 -5.33025 19250 0.153466 1.00438 27.9816 250.537 -13 2750 1 0 1
0.675139 13.2037 19250 -0.0603433 -4.14242 27.6918 250.883 -13 2751 1 0 1
6.38903 4.08053 19250 -0.0283103 -0.608333 27.9934 250.527 -13 2752 1 0 1
-9.15621 6.47482 19250 0.237369 -1.12366 27.9764 250.556 -13 2753 1 0 1
-16.4949 1.13344 19250 0.897991 -0.341267 27.9835 250.605 -13 2754 1 0 1
1.00249 1.64432 19250 0.0490233 -0.263472 27.9987 250.508 -13 2755 1 0 1
3.91168 9.90654 19250 -0.679032 -3.10154 27.8194 250.778 -13 2756 1 0 1
-15.7846 -2.94087 19250 0.550341 0.564545 27.9889 250.561 -13 2757 1 0 1
1.20894 4.57993 19250 0.0571472 -0.736067 27.9903 250.519 -13 2758 1 0 1
-7.45855 -0.803277 19250 0.171059 0.248379 27.9984 250.507 -13 2759 1 0 1
8.77264 3.33668 19250 -0.0824247 -0.590981 27.9936 250.533 -13 2760 1 0 1
4.64574 -11.1403 19250 -0.188378 2.55823 27.8823 250.683 -13 2761 1 0 1
3.01913 -1.24196 19250 0.00117212 0.17963 27.9994 250.515 -13 2762 1 0 1
-13.9555 -2.53646 19250 0.357564 0.245796 27.9966 250.535 -13 2763 1 0 1
5.99878 0.77362 19250 -0.0470731 -0.155741 27.9995 250.522 -13 2764 1 0 1
-9.61341 1.80031 19250 0.215964 -0.227417 27.9982 250.513 -13 2765 1 0 1
3.20773 2.39308 19250 0.0386662 -0.262232 27.9987 250.508 -13 2766 1 0 1
-13.8225 -4.82483 19250 0.609536 1.11768 27.971 250.579 -13 2767 1 0 1
-0.527445 -12.1693 19250 -0.350305 4.296 27.6663 250.893 -13 2768 1 0 1
9.36351 1.59322 19250 -0.0702703 -0.237735 27.9989 250.522 -13 2769 1 0 1
10.3981 -0.869806 19250 -0.077617 0.10101 27.9997 250.521 -13 2770 1 0 1
-10.16 4.24087 19250 0.236072 -0.69603 27.9904 250.533 -13 2771 1 0 1
-17.2149 0.174039 19250 0.865707 -0.203262 27.9859 250.608 -13 2772 1 0 1
-4.37956 7.10312 19250 0.146442 -1.2677 27.9709 250.553 -13 2773 1 0 1
-7.75614 -8.53456 19250 0.319071 1.78884 27.941 250.597 -13 2774 1 0 1
2.37687 0.331411 19250 0.0333288 -0.0397263 28 250.506 -13 2775 1 0 1
-10.523 -0.684144 19250 0.228533 0.210009 27.9983 250.514 -13 2776 1 0 1
-15.3721 -3.32375 19250 0.423819 0.540403 27.9916 250.557 -13 2777 1 0 1
6.58143 1.05602 19250 -0.0539562 -0.30136 27.9983 250.523 -13 2778 1 0 1
3.23617 11.6307 19250 -0.0967425 -2.63245 27.8758 250.686 -13 2779 1 0 1
-12.4672 1.44847 19250 0.325681 -0.324338 27.9962 250.517 -13 2780 1 0 1
19.2982 -0.0813611 19250 -0.700996 0.0106679 27.9912 250.625 -13 2781 1 0 1
4.40632 -1.58784 19250 -0.00320626 0.233134 27.999 250.514 -13 2782 1 0 1
-0.360425 4.63846 19250 0.0566565 -0.796795 27.9886 250.525 -13 2783 1 0 1
-4.22647 -1.77546 19250 0.112699 0.281546 27.9984 250.508 -13 2784 1 0 1
-3.6638 -3.51176 19250 0.114671 0.483192 27.9956 250.514 -13 2785 1 0 1
-4.05653 -0.617538 19250 0.115956 0.18852 27.9991 250.505 -13 2786 1 0 1
-12.9923 -6.49424 19250 0.577449 1.45294 27.9563 250.617 -13 2787 1 0 1
11.5622 1.90297 19250 -0.15946 -0.288086 27.9981 250.542 -13 2788 1 0 1
7.59279 4.28859 19250 -0.0426037 -0.734814 27.9903 250.529 -13 2789 1 0 1
-6.66705 -1.35054 19250 0.191691 0.216449 27.9985 250.499 -13 2790 1 0 1
16.187 -1.97087 19250 -0.327979 0.414566 27.995 250.571 -13 2791 1 0 1
-6.15584 -8.50223 19250 0.20961 1.74443 27.9448 250.589 -13 2792 1 0 1
11.3622 -3.55151 19250 -0.123481 0.588395 27.9935 250.539 -13 2793 1 0 1
7.836 -2.87088 19250 -0.0617068 0.463815 27.9961 250.527 -13 2794 1 0 1
-11.4747 -2.36139 19250 0.286864 0.417245 27.9954 250.518 -13 2795 1 0 1
1.67603 -10.9555 19250 -0.00874453 2.02058 27.927 250.64 -13 2796 1 0 1
2.58697 -11.8326 19250 0.577651 4.23222 27.6723 250.915 -13 2797 1 0 1
16.1876 -2.337 19250 -0.300017 0.563553 27.9927 250.567 -13 2798 1 0 1
0.565354 7.58409 19250 0.0568636 -1.22789 27.973 250.555 -13 2799 1 0 1
-0.76119 12.4562 19250 0.261326 -3.41198 27.7901 250.778 -13 2800 1 0 1
-4.71518 -8.47915 19250 0.207655 1.59316 27.9539 250.573 -13 2801 1 0 1
-9.14741 0.599922 19250 0.210873 -0.0657528 27.9991 250.507 -13 2802 1 0 1
8.72055 -3.87007 19250 -0.0815483 0.606227 27.9933 250.535 -13 2803 1 0 1
4.94588 -6.00183 19250 -0.0318929 1.04776 27.9804 250.544 -13 2804 1 0 1
-9.11773 -0.958176 19250 0.217581 0.17436 27.9986 250.507 -13 2805 1 0 1
1.83435 1.60018 19250 0.0278367 -0.308784 27.9983 250.512 -13 2806 1 0 1
3.67399 -7.66217 19250 -0.014366 1.33099 27.9683 250.565 -13 2807 1 0 1
18.0301 1.66305 19250 -0.817393 -0.649533 27.9805 250.648 -13 2808 1 0 1
8.60951 -6.1678 19250 -0.100754 1.10773 27.9779 250.555 -13 2809 1 0 1
-12.108 -4.30731 19250 0.331526 0.886684 27.984 250.54 -13 2810 1 0 1
7.61486 -5.36303 19250 -0.10051 0.906702 27.9851 250.551 -13 2811 1 0 1
-4.62274 -2.90148 19250 0.151179 0.510381 27.9949 250.506 -13 2812 1 0 1
-13.1896 -6.30955 19250 0.514232 1.349 27.9628 250.601 -13 2813 1 0 1
-4.3904 3.73056 19250 0.100286 -0.604901 27.9933 250.524 -13 2814 1 0 1
-11.2664 1.07686 19250 0.269268 -0.134976 27.9984 250.513 -13 2815 1 0 1
2.61557 12.5629 19250 -0.197147 -3.26776 27.808 250.769 -13 2816 1 0 1
11.8878 -5.45456 19250 -0.203242 0.982786 27.982 250.567 -13 2817 1 0 1
8.88271 5.82424 19250 -0.128151 -1.00852 27.9815 250.559 -13 2818 1 0 1
-10.8474 0.715667 19250 0.222911 -0.177655 27.9985 250.518 -13 2819 1 0 1
7.98755 -6.76771 19250 -0.0920312 1.26672 27.9712 250.562 -13 2820 1 0 1
12.2527 7.04788 19250 -0.63771 -1.86808 27.9303 250.676 -13 2821 1 0 1
5.70728 0.338336 19250 -0.0337555 -0.0530177 27.9999 250.518 -13 2822 1 0 1
-13.5356 3.42714 19250 0.393927 -0.598188 27.9908 250.537 -13 2823 1 0 1
-8.41591 -8.88483 19250 0.433202 1.91148 27.9313 250.622 -13 2824 1 0 1
13.2083 7.01312 19250 -0.418158 -1.66143 27.9475 250.629 -13 2825 1 0 1
-2.41873 3.96477 19250 0.0955735 -0.644914 27.9924 250.518 -13 2826 1 0 1
-15.3804 7.51845 19250 -1.30329 -5.03433 27.5128 251.046 -13 2827 1 0 1
-3.45251 10.0296 19250 0.154421 -1.84933 27.9384 250.613 -13 2828 1 0 1
-7.81787 1.57381 19250 0.169121 -0.264537 27.9982 250.511 -13 2829 1 0 1
8.57391 -1.7439 19250 -0.0866498 0.267825 27.9986 250.528 -13 2830 1 0 1
11.7538 -2.82344 19250 -0.140489 0.363901 27.9973 250.539 -13 2831 1 0 1
16.891 -2.71302 19250 -0.410623 0.637883 27.9897 250.59 -13 2832 1 0 1
-8.68625 -3.93337 19250 0.224566 0.597727 27.9927 250.52 -13 2833 1 0 1
-8.41166 -8.07658 19250 0.284744 1.58825 27.9535 250.588 -13 2834 1 0 1
-8.73692 -8.61519 19250 0.476444 1.95548 27.9276 250.626 -13 2835 1 0 1
301.481 66.9885 19250 9.96363 8.19948 24.8494 252.984 -13 2836 1 0 1
12.4458 2.62584 19250 -0.174189 -0.513963 27.9947 250.545 -13 2837 1 0 1
-9.62796 0.223938 19250 0.203922 -0.00742712 27.9993 250.511 -13 2838 1 0 1
-13.3175 3.53007 19250 0.340348 -0.695702 27.9893 250.542 -13 2839 1 0 1
14.7384 -0.724377 19250 -0.276488 0.212568 27.9978 250.563 -13 2840 1 0 1
19.1472 -3.81533 19250 1.79851 4.33425 27.604 251.015 -13 2841 1 0 1
14.8704 0.589682 19250 -0.233742 -0.0993022 27.9988 250.551 -13 2842 1 0 1
-15.2042 3.80997 19250 0.498842 -0.732851 27.986 250.564 -13 2843 1 0 1
32.6041 -3.27193 19250 2.05741 5.45825 27.3857 251.222 -13 2844 1 0 1
15.5262 0.365857 19250 -0.259737 -0.0278765 27.9988 250.555 -13 2845 1 0 1
0.213168 -1.14945 19250 0.0778855 0.0158233 27.9999 250.501 -13 2846 1 0 1
-5.66226 -5.88545 19250 0.166685 1.02466 27.9807 250.534 -13 2847 1 0 1
2.19846 -5.91285 19250 0.00952028 1.01479 27.9816 250.54 -13 2848 1 0 1
2.59824 6.14097 19250 -0.0137235 -1.04565 27.9805 250.549 -13 2849 1 0 1
-6.59004 8.40267 19250 0.219113 -1.58107 27.9545 250.585 -13 2850 1 0 1
-0.529072 9.1604 19250 0.0950413 -1.77989 27.9432 250.584 -13 2851 1 0 1
2.03958 -0.372758 19250 0.00672475 0.0374399 28 250.515 -13 2852 1 0 1
-5.20747 4.20175 19250 0.138289 -0.712262 27.9906 250.521 -13 2853 1 0 1
2.78213 10.0043 19250 -0.679649 -3.21325 27.8067 250.793 -13 2854 1 0 1
-12.4247 -3.515 19250 0.350347 0.712633 27.9887 250.531 -13 2855 1 0 1
5.35342 7.01229 19250 -0.0449398 -1.1593 27.976 250.558 -13 2856 1 0 1
-4.89291 -3.05157 19250 0.127465 0.286801 27.9982 250.514 -13 2857 1 0 1
7.18373 -2.87813 19250 -0.0757658 0.544843 27.9946 250.533 -13 2858 1 0 1
3.39395 5.55666 19250 0.00214788 -0.848027 27.9872 250.536 -13 2859 1 0 1
17.932 -0.0307668 19250 -0.414778 -0.209298 27.9961 250.582 -13 2860 1 0 1
-8.03805 0.608199 19250 0.19836 -0.0280807 27.9993 250.503 -13 2861 1 0 1
-16.06 -1.45526 19250 0.488735 0.2957 27.9942 250.549 -13 2862 1 0 1
-2.04424 6.66258 19250 0.0946628 -1.15714 27.9759 250.544 -13 2863 1 0 1
-10.2435 -8.06713 19250 0.443075 1.67903 27.9461 250.612 -13 2864 1 0 1
1.41397 4.95532 19250 0.0364436 -0.819544 27.988 250.527 -13 2865 1 0 1
-0.0979033 -5.57503 19250 0.0660457 0.862673 27.9866 250.529 -13 2866 1 0 1
10.5953 5.32414 19250 -0.156684 -0.888526 27.9855 250.558 -13 2867 1 0 1
10.1271 -1.21455 19250 -0.087869 0.274475 27.9985 250.525 -13 2868 1 0 1
4.20257 9.04791 19250 -0.0533895 -1.70567 27.9479 250.596 -13 2869 1 0 1
10.4506 2.86626 19250 -0.124933 -0.410692 27.9967 250.538 -13 2870 1 0 1
4.64391 4.61432 19250 -0.0184169 -0.862581 27.9867 250.531 -13 2871 1 0 1
11.1403 2.9216 19250 -0.127462 -0.475607 27.9957 250.537 -13 2872 1 0 1
-37.6076 3.3988 19250 -1.88919 -6.90635 27.069 251.418 -13 2873 1 0 1
-8.54835 -8.08484 19250 0.641191 2.21103 27.9052 250.663 -13 2874 1 0 1
-5.85147 -8.70579 19250 0.208746 1.65135 27.9505 250.587 -13 2875 1 0 1
-8.20062 -7.6648 19250 0.274567 1.35207 27.966 250.57 -13 2876 1 0 1
9.59155 9.02634 19250 -0.51544 -2.32369 27.8987 250.691 -13 2877 1 0 1
10.1978 6.60535 19250 -0.169019 -1.24766 27.9717 250.574 -13 2878 1 0 1
10.2742 6.49613 19250 -0.147289 -1.27429 27.9706 250.567 -13 2879 1 0 1
-11.9119 -6.78217 19250 0.455412 1.48051 27.9571 250.597 -13 2880 1 0 1
4.19442 -9.86051 19250 0.930355 3.96426 27.7023 250.902 -13 2881 1 0 1
-1.717 5.01805 19250 0.0951918 -0.865403 27.9865 250.522 -13 2882 1 0 1
-2.18037 -2.62519 19250 0.109525 0.513357 27.9951 250.505 -13 2883 1 0 1
3.32567 4.039 19250 -3.35254e-05 -0.584351 27.9939 250.527 -13 2884 1 0 1
17.2542 -9.53962 19250 1.0119 6.18894 27.2887 251.318 -13 2885 1 0 1
-9.96662 -5.80864 19250 0.255952 0.997697 27.981 250.548 -13 2886 1 0 1
-8.0177 -6.05847 19250 0.225233 1.01107 27.9808 250.54 -13 2887 1 0 1
15.183 -2.21338 19250 -0.224638 0.321178 27.9973 250.55 -13 2888 1 0 1
4.92269 3.3656 19250 -0.0180356 -0.532305 27.9949 250.524 -13 2889 1 0 1
-10.2098 -7.792 19250 0.403668 1.59428 27.9517 250.599 -13 2890 1 0 1
9.83303 2.88614 19250 -0.0890034 -0.421875 27.9967 250.53 -13 2891 1 0 1
7.04893 0.908748 19250 -0.0625644 -0.123235 27.9997 250.524 -13 2892 1 0 1
1.96007 -7.61729 19250 0.0119481 1.35567 27.9672 250.564 -13 2893 1 0 1
9.22217 -8.84024 19250 -0.21828 1.87071 27.9366 250.618 -13 2894 1 0 1
-14.1716 -2.82257 19250 0.421084 0.610189 27.9902 250.539 -13 2895 1 0 1
-7.61715 -7.58086 19250 0.848273 2.28665 27.8936 250.71 -13 2896 1 0 1
12.737 7.26754 19250 -0.333052 -1.50144 27.9577 250.614 -13 2897 1 0 1
3.3743 -5.30175 19250 -0.0111718 0.919611 27.9849 250.537 -13 2898 1 0 1
-4.65538 -10.788 19250 0.320823 2.45099 27.8907 250.666 -13 2899 1 0 1
10.3883 -4.61134 19250 -0.115639 0.819162 27.9878 250.543 -13 2900 1 0 1
-11.286 -2.35385 19250 0.280969 0.37871 27.996 250.517 -13 2901 1 0 1
11.7081 8.21924 19250 -0.33325 -1.76566 27.9423 250.627 -13 2902 1 0 1
6.77944 -2.07222 19250 -0.0385926 0.342458 27.9979 250.52 -13 2903 1 0 1
-9.4504 -7.72505 19250 0.580453 1.88285 27.9306 250.622 -13 2904 1 0 1
-14.163 -0.278026 19250 0.35252 -0.026569 27.9978 250.527 -13 2905 1 0 1
6.66845 -1.82051 19250 -0.0602397 0.28769 27.9985 250.526 -13 2906 1 0 1
-9.59222 3.53397 19250 0.251747 -0.568302 27.9931 250.518 -13 2907 1 0 1
0.3696 -10.6719 19250 0.0570265 2.15141 27.9172 250.63 -13 2908 1 0 1
-7.03273 -8.56343 19250 0.230741 1.68436 27.9483 250.593 -13 2909 1 0 1
14.3647 -5.03688 19250 -0.332488 1.0168 27.9796 250.588 -13 2910 1 0 1
8.70274 -9.19529 19250 0.379417 7.16275 27.0657 251.495 -13 2911 1 0 1
-4.19537 -3.98467 19250 0.105389 0.634309 27.9926 250.523 -13 2912 1 0 1
5.29029 -10.1753 19250 -0.133123 2.17337 27.9152 250.639 -13 2913 1 0 1
6.63659 0.599701 19250 -0.0345158 -0.110488 27.9998 250.516 -13 2914 1 0 1
0.289536 -3.25549 19250 0.0322034 0.524618 27.9951 250.521 -13 2915 1 0 1
-38.7472 -4.54745 19250 -2.73235 -4.51888 27.4975 251.09 -13 2916 1 0 1
-5.96906 2.49656 19250 0.147831 -0.289249 27.9981 250.511 -13 2917 1 0 1
0.431291 -6.92572 19250 0.0679772 1.23933 27.9725 250.546 -13 2918 1 0 1
-1.4778 -10.9879 19250 0.108185 2.38039 27.8984 250.651 -13 2919 1 0 1
-2.6125 -3.34985 19250 0.0877215 0.459332 27.9961 250.516 -13 2920 1 0 1
-4.98418 -4.29626 19250 0.16147 0.62984 27.9924 250.515 -13 2921 1 0 1
2.92312 -6.44789 19250 0.003002 1.01083 27.9817 250.545 -13 2922 1 0 1
9.99684 8.85612 19250 -0.253585 -1.75372 27.9439 250.623 -13 2923 1 0 1
-6.45764 -6.10601 19250 0.178227 1.01219 27.9811 250.539 -13 2924 1 0 1
-7.41794 -8.33447 19250 0.71236 2.40137 27.8877 250.695 -13 2925 1 0 1
15.1998 0.278064 19250 -0.234985 -0.00987101 27.999 250.55 -13 2926 1 0 1
-14.1932 1.07655 19250 0.374612 -0.135471 27.9972 250.527 -13 2927 1 0 1
-10.0951 -8.04234 19250 0.419482 1.65508 27.9479 250.606 -13 2928 1 0 1
2.72348 9.95373 19250 0.00510863 -1.779 27.9434 250.604 -13 2929 1 0 1
-13.9816 1.53059 19250 0.365513 -0.371338 27.9952 250.53 -13 2930 1 0 1
-0.945429 -0.574657 19250 0.0815215 0.0637145 27.9998 250.502 -13 2931 1 0 1
-1.95572 11.7027 19250 0.14808 -2.61659 27.8771 250.685 -13 2932 1 0 1
3.70132 -11.5672 19250 -0.15872 2.93317 27.8455 250.709 -13 2933 1 0 1
-7.69759 -5.03587 19250 0.1921 0.772284 27.9887 250.53 -13 2934 1 0 1
-0.517399 -3.05845 19250 0.0715239 0.437723 27.9965 250.511 -13 2935 1 0 1
5.94998 7.73963 19250 -0.076206 -1.3738 27.9662 250.576 -13 2936 1 0 1
1.18314 -10.4453 19250 0.0175931 2.27534 27.9074 250.633 -13 2937 1 0 1
15.8297 4.73659 19250 -0.526548 -1.30004 27.9648 250.622 -13 2938 1 0 1
0.637413 0.938984 19250 0.0302034 -0.1197 27.9997 250.513 -13 2939 1 0 1
2.70825 10.8357 19250 -0.587522 -3.40964 27.7854 250.801 -13 2940 1 0 1
-0.985513 2.48515 19250 0.0678432 -0.366737 27.9975 250.511 -13 2941 1 0 1
1.01282 -9.98019 19250 0.0163161 1.97499 27.9303 250.615 -13 2942 1 0 1
-12.6175 -3.71673 19250 1.05879 1.3392 27.9479 250.676 -13 2943 1 0 1
-6.36383 4.99425 19250 0.167245 -0.80661 27.9879 250.527 -13 2944 1 0 1
1.26123 0.171354 19250 0.0686963 -0.0331428 27.9999 250.499 -13 2945 1 0 1
-13.2019 5.81893 19250 0.677823 -1.30803 27.9612 250.61 -13 2946 1 0 1
-10.5398 -1.91897 19250 0.258968 0.314874 27.997 250.512 -13 2947 1 0 1
-5.93631 10.3889 19250 0.449943 -2.44212 27.8897 250.678 -13 2948 1 0 1
-4.5894 -8.39188 19250 0.847733 2.73531 27.8532 250.742 -13 2949 1 0 1
-2.18946 9.93624 19250 0.118134 -1.86926 27.9373 250.608 -13 2950 1 0 1
-3.95356 -7.0379 19250 0.156544 1.16286 27.9754 250.544 -13 2951 1 0 1
5.21385 1.52289 19250 -1.45862 -2.05431 27.8864 250.778 -13 2952 1 0 1
-6.6196 -7.25598 19250 0.896265 2.38764 27.8836 250.712 -13 2953 1 0 1
-1.16716 -7.06212 19250 0.0567068 1.21447 27.9736 250.556 -13 2954 1 0 1
-5.63092 -5.85849 19250 1.05361 2.42798 27.8746 250.729 -13 2955 1 0 1
11.2338 7.52606 19250 -0.25741 -1.47606 27.9599 250.604 -13 2956 1 0 1
2.47465 -3.53741 19250 0.0120403 0.557006 27.9945 250.522 -13 2957 1 0 1
-4.4149 -3.33672 19250 0.13129 0.511875 27.995 250.512 -13 2958 1 0 1
-11.7643 -6.5901 19250 0.499805 1.47699 27.9566 250.593 -13 2959 1 0 1
0.566824 12.9201 19250 -0.101902 -4.12317 27.6946 250.873 -13 2960 1 0 1
-19.1146 5.96269 19250 -1.54056 -4.9976 27.5073 251.054 -13 2961 1 0 1
-5.07774 -6.17382 19250 0.157242 0.961411 27.983 250.536 -13 2962 1 0 1
-6.18129 -7.73844 19250 0.192901 1.27677 27.9702 250.564 -13 2963 1 0 1
10.7861 5.37355 19250 -0.146321 -1.03589 27.9804 250.554 -13 2964 1 0 1
8.01805 -7.90699 19250 -0.0924446 1.37045 27.9663 250.575 -13 2965 1 0 1
-8.85083 2.37702 19250 0.187682 -0.30992 27.9977 250.517 -13 2966 1 0 1
0.438803 6.20323 19250 0.0402508 -0.911831 27.9851 250.541 -13 2967 1 0 1
17.7129 8.16216 19250 0.742184 -7.54001 26.9555 251.601 -13 2968 1 0 1
-5.35632 6.91826 19250 0.150767 -1.12771 27.9769 250.551 -13 2969 1 0 1
5.82142 -1.73211 19250 -0.0172547 0.234613 27.999 250.515 -13 2970 1 0 1
1.03451 -12.4844 19250 0.0276819 3.08425 27.8296 250.731 -13 2971 1 0 1
-7.35213 -1.66359 19250 0.171618 0.30422 27.9978 250.508 -13 2972 1 0 1
6.90451 1.22864 19250 -0.0440314 -0.142558 27.9996 250.519 -13 2973 1 0 1
4.43733 8.95586 19250 -0.752567 -2.98702 27.83 250.769 -13 2974 1 0 1
7.65898 6.46505 19250 -0.0858418 -1.03398 27.9808 250.556 -13 2975 1 0 1
-2.69035 0.177759 19250 0.0718941 -0.079909 27.9998 250.511 -13 2976 1 0 1
13.525 6.7098 19250 -0.378461 -1.51555 27.9564 250.616 -13 2977 1 0 1
-7.17055 9.45874 19250 0.395624 -2.03273 27.9233 250.627 -13 2978 1 0 1
-11.6353 -6.78042 19250 0.469294 1.40044 27.961 250.588 -13 2979 1 0 1
-14.3346 -2.85221 19250 0.959478 1.01823 27.965 250.629 -13 2980 1 0 1
6.80139 -10.046 19250 -0.178689 2.13678 27.9178 250.641 -13 2981 1 0 1
-10.9717 7.48259 19250 0.454297 -1.61774 27.9495 250.606 -13 2982 1 0 1
-8.80581 7.35536 19250 0.263397 -1.40663 27.9634 250.575 -13 2983 1 0 1
12.1428 2.64252 19250 -0.143848 -0.400711 27.9968 250.538 -13 2984 1 0 1
1.57391 -7.82936 19250 0.0202171 1.25457 27.9719 250.564 -13 2985 1 0 1
7.25879 8.22799 19250 -0.131508 -1.57589 27.9553 250.594 -13 2986 1 0 1
6.89603 -6.06816 19250 -0.0686927 0.955701 27.9836 250.55 -13 2987 1 0 1
10.9265 2.01723 19250 -0.146829 -0.487544 27.9954 250.541 -13 2988 1 0 1
15.6925 -4.61574 19250 1.6928 4.10471 27.6457 250.985 -13 2989 1 0 1
-6.97101 -8.99354 19250 0.314483 1.84303 27.9375 250.602 -13 2990 1 0 1
8.89945 -7.84231 19250 -0.154963 1.52002 27.9583 250.589 -13 2991 1 0 1
-12.8744 -4.53869 19250 0.79057 1.41804 27.9529 250.617 -13 2992 1 0 1
11.0437 0.739248 19250 -0.12468 -0.208065 27.9989 250.532 -13 2993 1 0 1
-3.42756 -3.31604 19250 0.111753 0.700482 27.991 250.515 -13 2994 1 0 1
4.8649 3.63906 19250 -0.0100224 -0.658446 27.9923 250.523 -13 2995 1 0 1
12.4493 6.43044 19250 -0.253722 -1.16824 27.9745 250.586 -13 2996 1 0 1
-4.85582 -10.1382 19250 0.63369 2.7427 27.8581 250.73 -13 2997 1 0 1
3.23802 1.08908 19250 0.0338864 -0.157725 27.9995 250.505 -13 2998 1 0 1
-7.98097 6.78653 19250 -1.27841 -4.0167 27.6809 250.914 -13 2999 1 0 1
12.9921 -5.46454 19250 -0.235382 0.99318 27.9814 250.572 -13 3000 1 0 1
15.1537 3.82878 19250 -0.245637 -0.700147 27.9902 250.561 -13 3001 1 0 1
14.1833 2.03121 19250 -0.220944 -0.378363 27.9966 250.551 -13 3002 1 0 1
7.06933 -1.97546 19250 -0.0481111 0.276085 27.9986 250.522 -13 3003 1 0 1
3.13829 1.56338 19250 0.0180985 -0.299154 27.9984 250.511 -13 3004 1 0 1
-26.4891 4.16397 19250 -1.81137 -5.3231 27.4296 251.12 -13 3005 1 0 1
-6.71463 9.74365 19250 0.485884 -2.39144 27.8935 250.67 -13 3006 1 0 1
-2.5698 1.97753 19250 0.0826455 -0.312405 27.9981 250.511 -13 3007 1 0 1
-12.3961 -2.39307 19250 0.35243 0.309103 27.9961 250.518 -13 3008 1 0 1
-12.2212 2.90127 19250 0.343999 -0.563227 27.9922 250.522 -13 3009 1 0 1
-2.94387 2.08317 19250 0.107199 -0.294454 27.9982 250.506 -13 3010 1 0 1
-9.86089 7.68774 19250 0.584803 -1.98253 27.9236 250.64 -13 3011 1 0 1
-10.4071 -0.406817 19250 0.2422 0.0725779 27.9989 250.509 -13 3012 1 0 1
45.1243 14.8244 19250 3.50518 3.61842 27.5431 251.171 -13 3013 1 0 1
-3.27625 -4.98343 19250 1.22496 2.49496 27.8617 250.751 -13 3014 1 0 1
-5.56889 -9.57069 19250 0.252774 2.07208 27.9221 250.619 -13 3015 1 0 1
14.9327 -0.922669 19250 -0.233462 0.0928107 27.9989 250.551 -13 3016 1 0 1
2.92843 2.37603 19250 0.00748222 -0.32988 27.9981 250.517 -13 3017 1 0 1
1.13644 12.3102 19250 -0.0400235 -3.2098 27.8154 250.746 -13 3018 1 0 1
-1.85223 -1.29896 19250 1.61972 2.12252 27.8724 250.787 -13 3019 1 0 1
-2315.99 787.592 19250 -8.78987 2.48801 26.4679 256.413 -13 3020 1 0 1
-1.35424 3.19084 19250 0.062434 -0.42081 27.9968 250.518 -13 3021 1 0 1
1.02823 11.7654 19250 -0.429956 -3.7608 27.743 250.832 -13 3022 1 0 1
-0.198758 -10.9544 19250 0.634512 3.49896 27.7733 250.799 -13 3023 1 0 1
-8.4824 -6.08183 19250 0.204728 1.01211 27.981 250.548 -13 3024 1 0 1
11.6185 -3.02648 19250 -0.154412 0.578361 27.9936 250.544 -13 3025 1 0 1
-11.6987 3.52677 19250 0.307193 -0.584585 27.9922 250.527 -13 3026 1 0 1
9.53748 2.5256 19250 -0.108761 -0.291073 27.9983 250.536 -13 3027 1 0 1
-7.81791 -4.85874 19250 0.193563 0.805065 27.9878 250.529 -13 3028 1 0 1
-6.67913 -6.20764 19250 0.967875 2.36164 27.8834 250.71 -13 3029 1 0 1
8.16222 7.44999 19250 -0.162988 -1.4762 27.9606 250.59 -13 3030 1 0 1
19.0493 1.44042 19250 -0.559081 -0.407502 27.9915 250.604 -13 3031 1 0 1
12.7993 7.24221 19250 -0.511698 -1.87633 27.9324 250.65 -13 3032 1 0 1
0.897512 -9.88923 19250 0.00668964 1.96685 27.9308 250.616 -13 3033 1 0 1
10.0061 0.203403 19250 -0.0743577 -0.0559455 27.9998 250.52 -13 3034 1 0 1
1.38941 -2.92671 19250 0.0370361 0.429805 27.9967 250.515 -13 3035 1 0 1
11.9608 -0.550768 19250 1.93977 3.2149 27.7471 250.908 -13 3036 1 0 1
-1.43947 -2.63901 19250 0.0938688 0.455983 27.9961 250.506 -13 3037 1 0 1
2.51611 12.2922 19250 -0.185421 -3.33675 27.7999 250.766 -13 3038 1 0 1
-2.05726 -11.7704 19250 0.260654 3.07686 27.8292 250.727 -13 3039 1 0 1
1.16123 -3.80046 19250 0.0348544 0.684285 27.9916 250.522 -13 3040 1 0 1
-2.80834 10.2443 19250 0.170682 -2.10158 27.9205 250.62 -13 3041 1 0 1
2.68724 3.60522 19250 0.0117915 -0.485229 27.9958 250.523 -13 3042 1 0 1
-9.17973 -3.87903 19250 0.218003 0.605678 27.9926 250.524 -13 3043 1 0 1
29.9674 -4.64967 19250 1.8834 5.57273 27.3751 251.233 -13 3044 1 0 1
-8.56297 -8.2267 19250 0.353305 1.6985 27.9462 250.593 -13 3045 1 0 1
-3.89072 -3.78111 19250 0.122307 0.57163 27.9939 250.515 -13 3046 1 0 1
47.8206 2.49103 19250 2.80073 5.33614 27.3438 251.278 -13 3047 1 0 1
-11.1391 1.13774 19250 0.264753 -0.239454 27.9977 250.513 -13 3048 1 0 1
-17.0082 1.68853 19250 0.676578 -0.356146 27.9896 250.579 -13 3049 1 0 1
-5.47229 4.28044 19250 0.15969 -0.589065 27.9933 250.518 -13 3050 1 0 1
14.3946 -5.57333 19250 1.56266 4.20086 27.6389 250.97 -13 3051 1 0 1
8.76137 9.25746 19250 -0.439003 -2.37514 27.8956 250.682 -13 3052 1 0 1
-13.9137 -5.46345 19250 0.583168 1.18796 27.9687 250.593 -13 3053 1 0 1
-9.06915 -6.45997 19250 0.263174 1.19024 27.9735 250.554 -13 3054 1 0 1
-3.9666 -3.43614 19250 0.124541 0.511591 27.995 250.512 -13 3055 1 0 1
1.43627 -4.62501 19250 0.0457978 0.739335 27.9902 250.522 -13 3056 1 0 1
1.49642 5.64889 19250 0.0504278 -0.868248 27.9865 250.528 -13 3057 1 0 1
-10.0107 -7.93204 19250 0.593023 1.87204 27.9311 250.638 -13 3058 1 0 1
10.0489 6.44509 19250 -0.17284 -1.12262 27.977 250.573 -13 3059 1 0 1
12.7259 0.653089 19250 -0.15844 -0.19937 27.9988 250.537 -13 3060 1 0 1
-1.65747 12.5786 19250 0.232554 -3.22423 27.8128 250.769 -13 3061 1 0 1
-16.834 1.62872 19250 0.647793 -0.469925 27.9886 250.575 -13 3062 1 0 1
-7.71643 -4.00502 19250 0.168342 0.595341 27.9932 250.526 -13 3063 1 0 1
-11.2189 -6.14434 19250 0.796381 1.73331 27.9349 250.653 -13 3064 1 0 1
3.44412 3.43404 19250 -0.00341645 -0.598575 27.9936 250.524 -13 3065 1 0 1
-1.47356 -8.11603 19250 0.0927811 1.42222 27.9637 250.566 -13 3066 1 0 1
12.9458 -0.428036 19250 -0.135335 0.0605657 27.9996 250.53 -13 3067 1 0 1
4.30233 4.77322 19250 0.0326866 -0.663352 27.9921 250.52 -13 3068 1 0 1
-16.2694 1.05026 19250 0.762451 -0.335426 27.9876 250.573 -13 3069 1 0 1
-1.35727 0.305665 19250 0.0798278 0.00637415 27.9999 250.503 -13 3070 1 0 1
7.88823 -9.89493 19250 -0.316549 2.30904 27.9028 250.668 -13 3071 1 0 1
10.9891 4.93902 19250 -0.155571 -0.868148 27.9861 250.554 -13 3072 1 0 1
-0.123939 5.46436 19250 0.0466796 -0.878145 27.9862 250.534 -13 3073 1 0 1
-2.1199 -10.1455 19250 0.670447 3.26797 27.8006 250.777 -13 3074 1 0 1
-1.51564 -4.54567 19250 1.35005 2.56946 27.8492 250.792 -13 3075 1 0 1
-4.46951 -10.6511 19250 0.206189 2.05402 27.9238 250.639 -13 3076 1 0 1
6.12653 8.42738 19250 -0.086733 -1.50691 27.9593 250.588 -13 3077 1 0 1
-2.80712 1.10926 19250 1.89642 1.44788 27.8982 250.797 -13 3078 1 0 1
-0.639601 -4.78928 19250 0.0555845 0.732078 27.9904 250.527 -13 3079 1 0 1
-0.392755 -3.46859 19250 0.0454131 0.52135 27.9951 250.521 -13 3080 1 0 1
-7.79563 -2.89028 19250 0.186894 0.431865 27.996 250.513 -13 3081 1 0 1
-2.02131 -12.2032 19250 0.215934 2.94622 27.8437 250.725 -13 3082 1 0 1
15.3413 2.2583 19250 -0.269644 -0.400967 27.9958 250.561 -13 3083 1 0 1
7.06378 9.77333 19250 -0.509423 -2.69622 27.8652 250.718 -13 3084 1 0 1
-12.6878 -4.13081 19250 0.956573 1.32206 27.9524 250.643 -13 3085 1 0 1
4.5882 -1.667 19250 -0.00727535 0.208934 27.9992 250.515 -13 3086 1 0 1
16.7768 4.31531 19250 -0.525897 -0.963209 27.9785 250.616 -13 3087 1 0 1
5.42916 5.33345 19250 -0.0344036 -0.969017 27.9832 250.538 -13 3088 1 0 1
-10.3705 -7.781 19250 0.522559 1.75651 27.94 250.619 -13 3089 1 0 1
-13.8651 -2.87448 19250 0.971124 0.95968 27.9667 250.617 -13 3090 1 0 1
1.01715 10.5758 19250 0.0374041 -2.00811 27.9279 250.624 -13 3091 1 0 1
0.17781 -12.9838 19250 -0.130536 4.1841 27.6853 250.888 -13 3092 1 0 1
-13.4324 -4.6266 19250 0.797701 1.38136 27.9545 250.628 -13 3093 1 0 1
-10.6191 2.44742 19250 0.251774 -0.438612 27.9954 250.517 -13 3094 1 0 1
-11.4651 -7.1947 19250 0.430142 1.44323 27.9595 250.595 -13 3095 1 0 1
-4.01713 -1.30492 19250 0.105573 0.24537 27.9987 250.508 -13 3096 1 0 1
10.9622 -3.21579 19250 -0.106158 0.529543 27.9948 250.533 -13 3097 1 0 1
-6.56784 -5.39364 19250 0.192552 0.921952 27.9842 250.528 -13 3098 1 0 1
12.4258 7.65572 19250 -0.480928 -1.85105 27.9346 250.651 -13 3099 1 0 1
0.836321 0.219049 19250 0.0430343 0.0442702 27.9999 250.508 -13 3100 1 0 1
23.6152 -7.49678 19250 1.45792 5.86218 27.3406 251.266 -13 3101 1 0 1
-14.4849 -4.38238 19250 0.480569 0.844444 27.9831 250.562 -13 3102 1 0 1
2.43001 -11.4698 19250 -0.441126 3.47547 27.78 250.797 -13 3103 1 0 1
14.1858 -2.8519 19250 -0.234193 0.396186 27.9962 250.557 -13 3104 1 0 1
6.95839 -6.97523 19250 -0.0603229 1.14337 27.9766 250.557 -13 3105 1 0 1
0.99999 -1.21983 19250 0.0323782 0.179552 27.9994 250.512 -13 3106 1 0 1
1.89726 5.38173 19250 0.0216731 -0.855094 27.9869 250.533 -13 3107 1 0 1
-8.01094 -1.12869 19250 0.159596 0.148348 27.9992 250.513 -13 3108 1 0 1
-7.07595 -5.52137 19250 0.182981 0.864812 27.986 250.533 -13 3109 1 0 1
5.01465 9.72213 19250 -0.065157 -1.68086 27.9494 250.607 -13 3110 1 0 1
3.14437 12.0911 19250 -0.257574 -3.33165 27.7999 250.766 -13 3111 1 0 1
7.38858 6.67387 19250 -0.095074 -1.14962 27.9762 250.562 -13 3112 1 0 1
74.3399 12.6989 19250 3.88783 5.40338 27.1972 251.405 -13 3113 1 0 1
-3.86655 -9.98659 19250 0.230282 2.05129 27.9238 250.614 -13 3114 1 0 1
7.06309 10.4774 19250 -0.362181 -2.55239 27.8811 250.697 -13 3115 1 0 1
-11.3431 1.87709 19250 0.256182 -0.26373 27.9976 250.519 -13 3116 1 0 1
-0.143285 4.50355 19250 0.0868392 -0.718616 27.9906 250.515 -13 3117 1 0 1
5.46927 0.559968 19250 -0.0165875 -0.126113 27.9997 250.514 -13 3118 1 0 1
-12.2181 -5.89648 19250 0.68579 1.48772 27.952 250.612 -13 3119 1 0 1
-12.8227 -5.99541 19250 0.504434 1.26328 27.9669 250.583 -13 3120 1 0 1
6.52743 10.6194 19250 -0.331655 -2.60163 27.8769 250.697 -13 3121 1 0 1
-2.97063 4.46683 19250 0.084176 -0.639456 27.9926 250.527 -13 3122 1 0 1
-4.57054 -5.7174 19250 0.144652 0.929685 27.9842 250.53 -13 3123 1 0 1
-13.1226 -5.94644 19250 0.493813 1.22444 27.9689 250.584 -13 3124 1 0 1
19.0001 -2.37776 19250 1.94184 3.99685 27.6452 250.999 -13 3125 1 0 1
12.1011 -5.57271 19250 -0.203626 0.888218 27.9852 250.567 -13 3126 1 0 1
0.3606 -9.64683 19250 0.0707074 1.84813 27.9389 250.596 -13 3127 1 0 1
-12.7778 -4.86228 19250 0.379134 0.893592 27.9832 250.549 -13 3128 1 0 1
-7.59831 -5.54621 19250 0.216616 0.975175 27.9822 250.532 -13 3129 1 0 1
3.63271 -7.0551 19250 -0.010356 1.1051 27.9782 250.554 -13 3130 1 0 1
-3.68749 9.69425 19250 0.141947 -1.82064 27.9404 250.608 -13 3131 1 0 1
-9.80917 4.28888 19250 1.11286 -1.6672 27.9282 250.689 -13 3132 1 0 1
16.9774 3.24209 19250 -0.367187 -0.628801 27.9905 250.582 -13 3133 1 0 1
14.914 5.70745 19250 -0.436422 -1.21731 27.9701 250.614 -13 3134 1 0 1
2.39838 -2.03612 19250 0.0344734 0.323771 27.9981 250.509 -13 3135 1 0 1
-0.430933 8.85392 19250 -0.909304 -3.57297 27.7562 250.838 -13 3136 1 0 1
0.156049 6.50708 19250 0.050496 -1.08405 27.979 250.543 -13 3137 1 0 1
8.1528 0.72575 19250 -0.0651372 -0.164652 27.9994 250.522 -13 3138 1 0 1
-10.2813 -7.85098 19250 0.539063 1.8511 27.9335 250.63 -13 3139 1 0 1
-1.80684 -6.68939 19250 0.0749171 1.13968 27.9767 250.547 -13 3140 1 0 1
-12.1418 -5.60101 19250 0.812326 1.55496 27.945 250.644 -13 3141 1 0 1
12.2266 7.34913 19250 -0.35056 -1.63718 27.9499 250.621 -13 3142 1 0 1
4.83456 -2.38543 19250 -0.00123644 0.354652 27.9978 250.515 -13 3143 1 0 1
-8.39184 8.67875 19250 -0.46694 -7.31369 27.0239 251.521 -13 3144 1 0 1
-5.65058 -5.78436 19250 0.153287 1.1325 27.9767 250.54 -13 3145 1 0 1
-5.45413 1.07804 19250 0.180091 -0.185362 27.9988 250.495 -13 3146 1 0 1
-16.5659 -0.848061 19250 0.806685 0.180719 27.9878 250.582 -13 3147 1 0 1
16.5331 1.87506 19250 -0.309092 -0.459906 27.9945 250.566 -13 3148 1 0 1
-2.21791 6.42101 19250 0.0874914 -1.11258 27.9778 250.543 -13 3149 1 0 1
11.7363 7.01491 19250 -0.241817 -1.38533 27.9647 250.592 -13 3150 1 0 1
-6.83948 1.59813 19250 0.168818 -0.285173 27.998 250.506 -13 3151 1 0 1
6.58811 3.90984 19250 -0.0465126 -0.635991 27.9927 250.531 -13 3152 1 0 1
1.19757 -12.1064 19250 0.428294 3.9819 27.7121 250.852 -13 3153 1 0 1
-10.4561 -2.44008 19250 0.2495 0.302274 27.9973 250.516 -13 3154 1 0 1
-11.2887 -5.40248 19250 0.341891 1.11727 27.9756 250.55 -13 3155 1 0 1
-13.2272 -0.883275 19250 0.319527 0.176724 27.9976 250.523 -13 3156 1 0 1
5.53626 -1.36292 19250 -0.00922251 0.21581 27.9992 250.512 -13 3157 1 0 1
17.9571 2.53906 19250 -0.524299 -0.477074 27.991 250.607 -13 3158 1 0 1
-1.61936 -3.20668 19250 0.0751905 0.555067 27.9944 250.515 -13 3159 1 0 1
6.71031 10.9629 19250 -0.316105 -2.66081 27.8715 250.701 -13 3160 1 0 1
-0.767292 -4.87203 19250 0.0759645 0.734978 27.9902 250.523 -13 3161 1 0 1
-4.34614 -10.6014 19250 0.267965 2.31679 27.9027 250.647 -13 3162 1 0 1
-12.842 1.80657 19250 0.343252 -0.438043 27.9945 250.522 -13 3163 1 0 1
-16.4401 -0.976687 19250 0.558695 0.290103 27.9929 250.554 -13 3164 1 0 1
-11.7496 -0.616831 19250 0.28805 0.159949 27.9981 250.513 -13 3165 1 0 1
17.3659 4.1304 19250 -0.513992 -0.938956 27.9795 250.61 -13 3166 1 0 1
-12.6851 -5.88181 19250 0.464168 1.24538 27.9684 250.577 -13 3167 1 0 1
10.4036 8.61223 19250 -0.290322 -1.93322 27.9317 250.628 -13 3168 1 0 1
3.98429 11.5637 19250 -0.183471 -2.66309 27.8725 250.7 -13 3169 1 0 1
-9.44018 1.45238 19250 0.221343 -0.182397 27.9985 250.509 -13 3170 1 0 1
-7.38132 -2.44395 19250 1.32213 1.76657 27.9129 250.707 -13 3171 1 0 1
-7.81956 1.64382 19250 0.180113 -0.343426 27.9973 250.51 -13 3172 1 0 1
-6.31817 9.22262 19250 0.646773 -2.53922 27.8771 250.7 -13 3173 1 0 1
-4.07048 -1.50525 19250 0.128142 0.28641 27.9982 250.503 -13 3174 1 0 1
7.96581 6.3477 19250 -0.0932945 -1.12775 27.9771 250.556 -13 3175 1 0 1
-9.64103 -7.33648 19250 0.295021 1.4709 27.9598 250.581 -13 3176 1 0 1
-5.03596 -4.69426 19250 0.140354 0.780329 27.9888 250.523 -13 3177 1 0 1
-0.871532 -2.74182 19250 0.0536285 0.392395 27.9972 250.516 -13 3178 1 0 1
47.3625 5.21342 19250 2.95266 4.91905 27.4059 251.213 -13 3179 1 0 1
8.14693 -1.88919 19250 -0.0551964 0.308562 27.9982 250.521 -13 3180 1 0 1
9.35313 -7.06753 19250 -0.147782 1.30939 27.969 250.576 -13 3181 1 0 1
6.51815 -8.40483 19250 1.11703 4.02205 27.6871 250.912 -13 3182 1 0 1
11.7409 3.39997 19250 -0.136685 -0.531722 27.9946 250.54 -13 3183 1 0 1
-17.1027 -1.19899 19250 0.603042 0.152449 27.9931 250.567 -13 3184 1 0 1
-6.49373 -0.130687 19250 0.155924 0.0355081 27.9995 250.504 -13 3185 1 0 1
2.88221 6.00223 19250 0.0233243 -0.923214 27.9848 250.535 -13 3186 1 0 1
-8.77539 -6.59252 19250 0.882145 2.07842 27.9088 250.687 -13 3187 1 0 1
18.3459 -1.85014 19250 1.98136 3.82055 27.6673 250.98 -13 3188 1 0 1
18.0082 9.20308 19250 1.15157 -5.77075 27.3747 251.218 -13 3189 1 0 1
-38.1671 -1.15539 19250 -2.4913 -5.00329 27.4365 251.128 -13 3190 1 0 1
5.72387 0.0989279 19250 -0.0176206 0.0437352 28 250.513 -13 3191 1 0 1
-21.303 5.71374 19250 -1.53846 -5.3513 27.4408 251.099 -13 3192 1 0 1
3.54387 0.808635 19250 0.011447 -0.223282 27.9991 250.511 -13 3193 1 0 1
0.0853412 -3.79718 19250 0.0405598 0.511414 27.9953 250.523 -13 3194 1 0 1
-9.98271 -6.40008 19250 0.284098 1.13444 27.9756 250.556 -13 3195 1 0 1
-8.27356 -4.16957 19250 0.214795 0.717951 27.99 250.522 -13 3196 1 0 1
-11.8618 6.04434 19250 0.544752 -1.49702 27.9546 250.59 -13 3197 1 0 1
-15.4815 -1.95178 19250 0.933239 0.673922 27.9763 250.611 -13 3198 1 0 1
-1.32771 -9.91144 19250 0.0827518 1.83092 27.94 250.608 -13 3199 1 0 1
5.05243 1.87203 19250 -0.0243088 -0.345038 27.9979 250.519 -13 3200 1 0 1
-3.30351 -9.92386 19250 0.162217 1.93235 27.9328 250.611 -13 3201 1 0 1
5.47738 -10.2014 19250 0.906429 4.21559 27.666 250.935 -13 3202 1 0 1
0.0708508 1.559 19250 0.061204 -0.259427 27.9987 250.507 -13 3203 1 0 1
-14.076 -1.54241 19250 0.383421 0.190023 27.9967 250.527 -13 3204 1 0 1
-0.647434 -2.1729 19250 0.0584669 0.353564 27.9977 250.512 -13 3205 1 0 1
-8.56957 -8.25432 19250 0.334712 1.54859 27.9551 250.588 -13 3206 1 0 1
-7.98714 -2.01168 19250 0.173126 0.272154 27.9981 250.513 -13 3207 1 0 1
-0.53093 9.21476 19250 -0.84731 -3.61497 27.7527 250.84 -13 3208 1 0 1
-2.50214 -10.2049 19250 0.134107 2.03712 27.9255 250.62 -13 3209 1 0 1
112.557 32.6241 19250 5.45484 5.28819 26.9496 251.662 -13 3210 1 0 1
-3.6512 -4.12021 19250 0.114212 0.669238 27.9918 250.519 -13 3211 1 0 1
-7.72365 3.53097 19250 0.186131 -0.555573 27.9939 250.518 -13 3212 1 0 1
-4.34088 1.58155 19250 0.139815 -0.400913 27.9968 250.503 -13 3213 1 0 1
8.87639 7.89015 19250 -0.171478 -1.3369 27.9675 250.594 -13 3214 1 0 1
5.73716 8.98049 19250 -0.0649725 -1.51061 27.9591 250.591 -13 3215 1 0 1
13.0202 -2.50051 19250 -0.171821 0.294879 27.9979 250.543 -13 3216 1 0 1
2.39682 2.98795 19250 0.0401519 -0.538343 27.9948 250.511 -13 3217 1 0 1
0.581069 -3.11203 19250 0.0511083 0.468217 27.996 250.514 -13 3218 1 0 1
13.6883 4.82056 19250 -0.253055 -0.885331 27.9849 250.571 -13 3219 1 0 1
11.2615 3.76649 19250 -0.137517 -0.659231 27.9919 250.543 -13 3220 1 0 1
-14.6196 -4.80241 19250 0.657631 1.13054 27.9694 250.601 -13 3221 1 0 1
-4.82824 -9.30439 19250 0.71695 2.77534 27.8529 250.733 -13 3222 1 0 1
-4.66775 3.62507 19250 0.15727 -0.56952 27.9938 250.509 -13 3223 1 0 1
1.16096 13.0463 19250 -0.102939 -3.8471 27.7343 250.839 -13 3224 1 0 1
6.64704 9.03199 19250 -0.148145 -1.71861 27.9468 250.612 -13 3225 1 0 1
2.41773 1.27973 19250 0.0323843 -0.198844 27.9993 250.508 -13 3226 1 0 1
-3.66603 1.0996 19250 0.124711 -0.146469 27.9993 250.501 -13 3227 1 0 1
-13.3523 -0.670389 19250 0.336354 0.0988939 27.9978 250.521 -13 3228 1 0 1
5.6428 4.38556 19250 -0.0207893 -0.579599 27.994 250.529 -13 3229 1 0 1
15.5735 4.5887 19250 -0.41674 -1.04554 27.9774 250.6 -13 3230 1 0 1
-8.04225 -7.01993 19250 0.811249 2.27539 27.8956 250.684 -13 3231 1 0 1
-8.8668 -0.0301829 19250 0.17482 -0.0989001 27.9993 250.514 -13 3232 1 0 1
-7.89815 -9.07069 19250 0.339597 1.83374 27.9378 250.613 -13 3233 1 0 1
1.46499 4.70809 19250 0.0312792 -0.748842 27.99 250.527 -13 3234 1 0 1
-11.782 1.33783 19250 0.29422 -0.244438 27.9974 250.514 -13 3235 1 0 1
33.0389 1.07565 19250 2.4691 4.4236 27.5379 251.109 -13 3236 1 0 1
-15.6339 -3.25758 19250 0.547699 0.705821 27.9857 250.566 -13 3237 1 0 1
-13.1291 -5.1081 19250 0.475896 1.16945 27.9715 250.568 -13 3238 1 0 1
-6.28837 -3.4232 19250 0.139379 0.4528 27.996 250.52 -13 3239 1 0 1
7.90704 9.28548 19250 -0.492029 -2.52009 27.882 250.7 -13 3240 1 0 1
-2.16824 -3.69944 19250 0.0965417 0.58406 27.9937 250.514 -13 3241 1 0 1
3.27298 -1.48209 19250 0.00805322 0.245766 27.9989 250.513 -13 3242 1 0 1
-10.4224 4.48787 19250 0.276821 -0.781684 27.9877 250.53 -13 3243 1 0 1
16.0379 2.98984 19250 -0.308171 -0.550555 27.9929 250.571 -13 3244 1 0 1
10.5321 8.7082 19250 -0.347205 -2.01179 27.9255 250.643 -13 3245 1 0 1
-15.3332 2.71194 19250 0.599674 -0.554626 27.9881 250.554 -13 3246 1 0 1
0.839431 7.7345 19250 0.0727957 -1.22754 27.973 250.551 -13 3247 1 0 1
-8.08573 -6.40603 19250 0.921872 2.18823 27.8991 250.7 -13 3248 1 0 1
-15.3355 3.22958 19250 0.718687 -0.89408 27.9765 250.588 -13 3249 1 0 1
-0.607654 0.117287 19250 0.063976 0.00649951 27.9999 250.506 -13 3250 1 0 1
-7.8814 -7.10263 19250 0.238407 1.30959 27.9683 250.561 -13 3251 1 0 1
-15.4035 1.75112 19250 0.472531 -0.206063 27.9953 250.54 -13 3252 1 0 1
-13.7891 -2.40464 19250 0.343725 0.427045 27.9946 250.533 -13 3253 1 0 1
-6.55959 -9.10972 19250 0.274523 1.81048 27.9401 250.601 -13 3254 1 0 1
-9.09591 4.29238 19250 0.215441 -0.611524 27.9925 250.528 -13 3255 1 0 1
0.0085839 -8.21582 19250 0.0491486 1.32555 27.9686 250.57 -13 3256 1 0 1
7.93173 -1.59544 19250 -0.0705569 0.34788 27.9977 250.525 -13 3257 1 0 1
0.629324 7.10308 19250 0.0355774 -1.11553 27.9777 250.553 -13 3258 1 0 1
-0.893741 11.8188 19250 0.0792461 -2.58069 27.8807 250.685 -13 3259 1 0 1
10.7576 5.71218 19250 -0.162268 -1.04186 27.9801 250.561 -13 3260 1 0 1
-16.4488 -2.11054 19250 0.878274 0.608219 27.9796 250.617 -13 3261 1 0 1
10.8623 -3.29072 19250 -0.138521 0.550328 27.9942 250.543 -13 3262 1 0 1
0.212057 1.47307 19250 0.0199815 -0.166763 27.9995 250.519 -13 3263 1 0 1
86.2296 8.6932 19250 3.84997 6.76707 26.8958 251.658 -13 3264 1 0 1
1.81929 -0.221506 19250 0.0343395 0.047113 27.9999 250.507 -13 3265 1 0 1
0.643747 -10.1433 19250 0.0318082 2.00858 27.9278 250.618 -13 3266 1 0 1
-4.59438 -2.85797 19250 0.138211 0.434123 27.9963 250.508 -13 3267 1 0 1
-4.86931 -1.48734 19250 0.148185 0.275317 27.9983 250.501 -13 3268 1 0 1
-3.67856 -6.05933 19250 0.10244 1.0102 27.9816 250.54 -13 3269 1 0 1
-11.1884 -7.02476 19250 0.369175 1.44056 27.9605 250.588 -13 3270 1 0 1
-12.8176 -4.16393 19250 0.320089 0.595547 27.9918 250.543 -13 3271 1 0 1
0.480446 5.02719 19250 0.056674 -0.757584 27.9897 250.525 -13 3272 1 0 1
-15.4352 2.8946 19250 0.735539 -0.752817 27.9802 250.581 -13 3273 1 0 1
3.37976 11.7556 19250 -0.116825 -2.77266 27.8621 250.698 -13 3274 1 0 1
-12.8409 -3.5719 19250 0.405643 0.730943 27.9875 250.533 -13 3275 1 0 1
14.963 -2.50942 19250 -0.231707 0.471033 27.9951 250.553 -13 3276 1 0 1
-15.5253 -2.54045 19250 0.466214 0.45817 27.9924 250.549 -13 3277 1 0 1
2.22184 4.51589 19250 0.0220319 -0.627987 27.9929 250.527 -13 3278 1 0 1
15.5321 1.68669 19250 -1.08255 -0.82449 27.9669 250.692 -13 3279 1 0 1
15.8856 1.49333 19250 -1.12563 -0.703798 27.9685 250.695 -13 3280 1 0 1
6.67376 -1.3327 19250 -0.0407631 0.134916 27.9996 250.519 -13 3281 1 0 1
-4.53323 -5.69796 19250 0.141789 0.905689 27.985 250.53 -13 3282 1 0 1
-4.41751 -3.75518 19250 0.106479 0.546326 27.9945 250.522 -13 3283 1 0 1
-12.2637 2.37204 19250 0.325545 -0.428329 27.9948 250.52 -13 3284 1 0 1
4.07019 -9.75927 19250 -0.0660932 1.83658 27.9396 250.613 -13 3285 1 0 1
16.5819 -1.45362 19250 1.93684 3.76668 27.6778 250.963 -13 3286 1 0 1
-11.6207 -5.63407 19250 0.783627 1.78216 27.9322 250.652 -13 3287 1 0 1
14.4483 3.41439 19250 -0.259914 -0.663985 27.9909 250.565 -13 3288 1 0 1
-3.84835 -1.32055 19250 0.104468 0.145488 27.9994 250.508 -13 3289 1 0 1
-1.90261 8.10156 19250 0.111297 -1.33659 27.9679 250.562 -13 3290 1 0 1
-16.7057 -2.06774 19250 0.72729 0.568918 27.9848 250.588 -13 3291 1 0 1
40.4594 2.19658 19250 2.63038 4.92621 27.4374 251.175 -13 3292 1 0 1
-3.38379 9.92657 19250 0.131599 -1.80705 27.9413 250.613 -13 3293 1 0 1
-12.9297 2.38036 19250 0.318897 -0.417101 27.9951 250.527 -13 3294 1 0 1
-5.90155 -8.98017 19250 0.246672 1.90125 27.9343 250.6 -13 3295 1 0 1
-0.400203 8.02387 19250 0.0712558 -1.38701 27.9655 250.565 -13 3296 1 0 1
-3.11987 6.10604 19250 0.127052 -1.03137 27.9807 250.532 -13 3297 1 0 1
-12.0187 3.44412 19250 0.294319 -0.45826 27.9947 250.53 -13 3298 1 0 1
-0.466495 -8.58265 19250 0.944908 3.25086 27.7946 250.802 -13 3299 1 0 1
-2.01988 -8.71856 19250 0.0873745 1.56797 27.9559 250.582 -13 3300 1 0 1
-16.5683 -1.63037 19250 -2.12503 -3.43398 27.7073 250.93 -13 3301 1 0 1
6.72938 -10.1105 19250 -0.175672 2.19599 27.9132 250.642 -13 3302 1 0 1
-7.66387 -6.23671 19250 0.193268 1.05551 27.9794 250.546 -13 3303 1 0 1
7.29299 -6.88076 19250 -0.0839851 1.18619 27.9747 250.562 -13 3304 1 0 1
-5.2099 5.00501 19250 0.133837 -0.809179 27.988 250.529 -13 3305 1 0 1
-11.0014 -7.21545 19250 0.392869 1.46437 27.9589 250.59 -13 3306 1 0 1
-11.7596 -6.04044 19250 0.590312 1.43241 27.9571 250.588 -13 3307 1 0 1
-12.1884 -2.97626 19250 0.317591 0.462552 27.9944 250.524 -13 3308 1 0 1
-28.2586 5.47091 19250 -1.64263 -6.13777 27.2696 251.256 -13 3309 1 0 1
-12.2448 6.48263 19250 0.558535 -1.54585 27.9517 250.61 -13 3310 1 0 1
-6.80201 -5.45511 19250 0.208219 0.992876 27.9816 250.528 -13 3311 1 0 1
-7.63094 -9.52139 19250 0.458526 2.16009 27.9128 250.651 -13 3312 1 0 1
-16.3339 0.0741436 19250 0.478201 -0.129445 27.9956 250.548 -13 3313 1 0 1
14.3017 -4.62718 19250 -0.26601 0.984924 27.9814 250.571 -13 3314 1 0 1
-14.6836 0.913827 19250 0.41157 -0.207699 27.9962 250.53 -13 3315 1 0 1
-24.8993 5.56646 19250 -1.61486 -5.67177 27.3719 251.166 -13 3316 1 0 1
-1.04122 -0.916692 19250 0.0604421 0.256383 27.9988 250.51 -13 3317 1 0 1
8.58719 3.32934 19250 -0.107642 -0.499075 27.9953 250.541 -13 3318 1 0 1
2.64173 0.213345 19250 0.0142682 -0.0677403 27.9999 250.511 -13 3319 1 0 1
-8.38386 -7.50581 19250 0.251683 1.32617 27.9674 250.57 -13 3320 1 0 1
6.26913 11.1523 19250 -0.24863 -2.44891 27.8916 250.688 -13 3321 1 0 1
-0.656485 6.54393 19250 0.0746107 -1.03444 27.9808 250.539 -13 3322 1 0 1
-13.7401 -5.52545 19250 0.513575 1.22109 27.9686 250.588 -13 3323 1 0 1
7.86181 9.55827 19250 -0.181536 -2.04257 27.9248 250.627 -13 3324 1 0 1
7.00696 1.41658 19250 -0.0286634 -0.224281 27.9991 250.515 -13 3325 1 0 1
6.71148 9.09374 19250 -0.613051 -2.74682 27.8582 250.731 -13 3326 1 0 1
10.1832 -3.87658 19250 1.60836 3.62368 27.7179 250.9 -13 3327 1 0 1
18.3139 1.31038 19250 -0.496621 -0.3043 27.9939 250.597 -13 3328 1 0 1
-5.51608 0.53346 19250 0.160621 -0.0210807 27.9995 250.499 -13 3329 1 0 1
-23.7212 -3.52801 19250 -2.41302 -3.60024 27.6625 250.981 -13 3330 1 0 1
6.48441 0.747961 19250 1.94865 2.56175 27.8144 250.849 -13 3331 1 0 1
11.691 3.14532 19250 -0.162713 -0.621929 27.9926 250.547 -13 3332 1 0 1
-2.90241 -11.7122 19250 0.175583 2.43199 27.8936 250.679 -13 3333 1 0 1
2.32329 5.38091 19250 0.0113661 -0.821189 27.988 250.535 -13 3334 1 0 1
5.54522 -9.26017 19250 1.01254 4.01623 27.692 250.903 -13 3335 1 0 1
-8.08821 -7.29833 19250 0.823804 2.14445 27.9056 250.679 -13 3336 1 0 1
1.30961 10.2585 19250 0.0125249 -1.8678 27.9376 250.618 -13 3337 1 0 1
1.87447 -1.65357 19250 0.011549 0.218465 27.9991 250.516 -13 3338 1 0 1
-13.7104 -3.77766 19250 0.402975 0.719923 27.9878 250.545 -13 3339 1 0 1
7.83789 0.571459 19250 -0.0533956 -0.0193346 27.9999 250.519 -13 3340 1 0 1
7.93487 5.82312 19250 -0.0994767 -0.873788 27.9862 250.554 -13 3341 1 0 1
6.22192 -5.31036 19250 -0.0489528 0.948202 27.9839 250.54 -13 3342 1 0 1
-12.6591 -0.506695 19250 0.287589 0.0368379 27.9985 250.52 -13 3343 1 0 1
5.82416 -6.90179 19250 -0.0455607 1.21714 27.9735 250.557 -13 3344 1 0 1
-0.0700026 4.54377 19250 0.054447 -0.71376 27.9908 250.524 -13 3345 1 0 1
0.339911 -11.1891 19250 0.0442079 2.22176 27.9117 250.648 -13 3346 1 0 1
3.34723 -12.0921 19250 -0.124696 2.77323 27.862 250.708 -13 3347 1 0 1
-9.77925 -3.18039 19250 0.235558 0.4983 27.9946 250.519 -13 3348 1 0 1
-5.96324 0.939017 19250 0.15979 -0.101815 27.9994 250.502 -13 3349 1 0 1
-3.43545 -6.70431 19250 0.148222 1.08873 27.9784 250.537 -13 3350 1 0 1
-14.172 -4.13607 19250 0.79412 1.20326 27.9629 250.615 -13 3351 1 0 1
0.8234 -6.46865 19250 0.018418 1.01863 27.9815 250.548 -13 3352 1 0 1
4.48067 -1.8373 19250 0.00848596 0.230916 27.999 250.511 -13 3353 1 0 1
-15.552 -1.13611 19250 1.03874 0.523943 27.9758 250.629 -13 3354 1 0 1
3.36011 -6.69179 19250 -0.00362396 1.10452 27.9782 250.549 -13 3355 1 0 1
-3.04296 -10.114 19250 0.202068 2.07536 27.9222 250.615 -13 3356 1 0 1
5.11097 11.2289 19250 -0.34805 -2.86407 27.851 250.728 -13 3357 1 0 1
1.20084 -11.8527 19250 0.501703 4.03389 27.7034 250.874 -13 3358 1 0 1
-1.50059 -11.5392 19250 0.506279 3.4954 27.7764 250.81 -13 3359 1 0 1
-10.9209 -5.5406 19250 0.255564 0.962579 27.9823 250.552 -13 3360 1 0 1
-36.8621 -3.70111 19250 -2.63404 -4.54594 27.5027 251.081 -13 3361 1 0 1
-8.25287 -7.6479 19250 0.236205 1.36489 27.9657 250.575 -13 3362 1 0 1
34.4085 -3.01509 19250 2.07853 5.64995 27.3452 251.245 -13 3363 1 0 1
-14.9178 4.11843 19250 0.563172 -0.994913 27.9767 250.577 -13 3364 1 0 1
2.11667 -12.466 19250 -0.0279972 3.15458 27.8217 250.736 -13 3365 1 0 1
10.5805 6.13643 19250 -0.14514 -1.02684 27.9808 250.561 -13 3366 1 0 1
18.1048 0.58292 19250 -0.887291 -0.250012 27.9848 250.655 -13 3367 1 0 1
-13.2725 0.330976 19250 1.32688 -0.322211 27.9667 250.664 -13 3368 1 0 1
2.11544 4.44762 19250 0.0323668 -0.641319 27.9926 250.524 -13 3369 1 0 1
8.13875 -0.55359 19250 -0.0787089 0.0901759 27.9997 250.525 -13 3370 1 0 1
-1.36326 8.09108 19250 0.0747348 -1.56903 27.9559 250.574 -13 3371 1 0 1
0.810273 12.3682 19250 0.0172902 -3.07204 27.831 250.73 -13 3372 1 0 1
15.7869 0.181325 19250 -0.308211 -0.00582314 27.9983 250.567 -13 3373 1 0 1
1.07218 -2.83138 19250 0.0286828 0.375917 27.9975 250.518 -13 3374 1 0 1
18.5613 2.59174 19250 -0.694713 -0.703507 27.9825 250.631 -13 3375 1 0 1
-3.56402 3.23405 19250 0.0917245 -0.394812 27.9971 250.519 -13 3376 1 0 1
-0.22841 -7.18208 19250 1.11504 3.02447 27.8138 250.792 -13 3377 1 0 1
-4.42733 0.0168744 19250 0.128345 0.0433449 27.9997 250.502 -13 3378 1 0 1
-0.638401 7.67246 19250 0.0594703 -1.31592 27.969 250.563 -13 3379 1 0 1
-1.79329 -5.40363 19250 0.080463 0.79432 27.9886 250.53 -13 3380 1 0 1
-13.477 -4.71644 19250 0.445644 0.897707 27.9821 250.555 -13 3381 1 0 1
-9.95393 2.60247 19250 0.229696 -0.431601 27.9957 250.517 -13 3382 1 0 1
-0.543955 -11.4912 19250 0.545936 3.57475 27.7655 250.815 -13 3383 1 0 1
-0.0237911 -11.9636 19250 0.0521497 2.75751 27.8638 250.696 -13 3384 1 0 1
48.693 11.244 19250 3.35378 4.19615 27.4799 251.197 -13 3385 1 0 1
9.67306 8.81997 19250 -0.471128 -2.22815 27.9072 250.678 -13 3386 1 0 1
5.71857 -1.4009 19250 -0.0274792 0.204937 27.9992 250.517 -13 3387 1 0 1
8.67046 3.70649 19250 -0.112501 -0.474571 27.9958 250.545 -13 3388 1 0 1
-6.37043 0.558962 19250 0.163781 -0.0324195 27.9995 250.502 -13 3389 1 0 1
-16.6283 -0.384774 19250 0.860926 0.0258896 27.9867 250.59 -13 3390 1 0 1
13.7406 4.81617 19250 -0.233512 -0.943627 27.9831 250.565 -13 3391 1 0 1
3.95531 -3.01694 19250 0.00834725 0.501196 27.9955 250.517 -13 3392 1 0 1
-5.76186 -6.16553 19250 0.15274 1.07914 27.9788 250.542 -13 3393 1 0 1
9.80315 -1.82263 19250 1.79395 3.24277 27.7537 250.895 -13 3394 1 0 1
10.9227 6.21893 19250 -0.811999 -2.14071 27.9062 250.702 -13 3395 1 0 1
3.26227 -4.2554 19250 -0.00185077 0.678165 27.9918 250.529 -13 3396 1 0 1
7.13024 2.43488 19250 -0.038565 -0.34291 27.9979 250.52 -13 3397 1 0 1
-6.65114 9.78945 19250 0.420474 -2.21459 27.9091 250.644 -13 3398 1 0 1
-8.19929 -6.61516 19250 0.263628 1.23713 27.9714 250.551 -13 3399 1 0 1
-6.87719 -9.49139 19250 0.272708 1.86208 27.9367 250.617 -13 3400 1 0 1
2.83842 10.3019 19250 -0.019906 -1.98734 27.9294 250.622 -13 3401 1 0 1
-1.78911 -9.66578 19250 0.125992 1.82425 27.9402 250.597 -13 3402 1 0 1
12.4107 -5.80735 19250 -0.20899 0.942047 27.9834 250.569 -13 3403 1 0 1
-4.9446 -5.49506 19250 0.127342 0.952432 27.9835 250.534 -13 3404 1 0 1
-12.0262 -3.49148 19250 1.07642 1.33478 27.9474 250.662 -13 3405 1 0 1
8.49092 5.0023 19250 -0.101962 -0.860029 27.9866 250.547 -13 3406 1 0 1
8.74918 -7.19086 19250 1.29896 4.00861 27.6811 250.931 -13 3407 1 0 1
7.38389 7.74717 19250 -0.111129 -1.51263 27.9589 250.582 -13 3408 1 0 1
4.57103 -9.26632 19250 -0.0593388 1.68874 27.949 250.599 -13 3409 1 0 1
-12.5243 -2.85313 19250 0.318153 0.407243 27.9952 250.526 -13 3410 1 0 1
11.7936 3.23181 19250 -0.150282 -0.566791 27.9939 250.543 -13 3411 1 0 1
1.63963 3.08865 19250 0.0273803 -0.391903 27.9972 250.518 -13 3412 1 0 1
0.794818 -11.6477 19250 0.583809 3.73272 27.7439 250.839 -13 3413 1 0 1
2.34123 11.9859 19250 -0.265413 -3.54557 27.7733 250.786 -13 3414 1 0 1
-12.8904 -5.69036 19250 0.737157 1.41968 27.9543 250.626 -13 3415 1 0 1
0.847473 -10.7148 19250 0.0275978 2.32867 27.903 250.641 -13 3416 1 0 1
-2.35885 -10.5173 19250 0.171452 2.02103 27.9264 250.621 -13 3417 1 0 1
-25.7927 4.49245 19250 -1.28397 -8.18858 26.7451 251.72 -13 3418 1 0 1
-7.328 -7.93053 19250 0.259278 1.6467 27.9503 250.58 -13 3419 1 0 1
-1.38452 -10.3461 19250 0.655787 3.33776 27.7926 250.776 -13 3420 1 0 1
16.9503 4.02673 19250 -0.608448 -0.944349 27.9775 250.628 -13 3421 1 0 1
-7.60591 0.110391 19250 0.192418 -0.101435 27.9992 250.502 -13 3422 1 0 1
-11.0246 -5.88613 19250 0.326559 1.10129 27.9764 250.553 -13 3423 1 0 1
-13.0386 2.06466 19250 0.358919 -0.261128 27.9965 250.521 -13 3424 1 0 1
6.66938 10.4965 19250 -0.230601 -2.2389 27.9094 250.664 -13 3425 1 0 1
-9.39672 -1.3245 19250 0.221863 0.105801 27.9989 250.509 -13 3426 1 0 1
18.8093 1.07996 19250 -0.661156 -0.295676 27.9906 250.621 -13 3427 1 0 1
12.7096 -0.309867 19250 -0.145606 0.1543 27.9992 250.534 -13 3428 1 0 1
-11.5617 1.06447 19250 0.294269 -0.172753 27.9979 250.511 -13 3429 1 0 1
-14.5365 -4.03893 19250 0.509466 0.81427 27.9835 250.559 -13 3430 1 0 1
15.8626 4.45446 19250 -0.356271 -0.853407 27.9847 250.586 -13 3431 1 0 1
-9.29721 -1.73143 19250 0.21179 0.248803 27.9981 250.512 -13 3432 1 0 1
-14.4713 3.18357 19250 0.38625 -0.56615 27.9916 250.546 -13 3433 1 0 1
-10.9363 7.33396 19250 0.395641 -1.48377 27.9579 250.593 -13 3434 1 0 1
-9.39846 2.05319 19250 0.200549 -0.368304 27.9969 250.517 -13 3435 1 0 1
-6.2734 -8.87147 19250 0.280517 1.86205 27.9366 250.596 -13 3436 1 0 1
-1.99373 -2.15756 19250 0.076043 0.35247 27.9977 250.511 -13 3437 1 0 1
1.73979 12.1481 19250 -0.0265679 -2.61804 27.8773 250.695 -13 3438 1 0 1
5.49715 -2.13213 19250 1.68338 2.88881 27.7997 250.836 -13 3439 1 0 1
-35.4229 1.15053 19250 -2.25015 -5.30772 27.4001 251.15 -13 3440 1 0 1
3.5871 -11.3405 19250 -0.102087 2.51169 27.8869 250.673 -13 3441 1 0 1
0.815405 -13.0232 19250 -0.0136754 3.36511 27.797 250.781 -13 3442 1 0 1
-2.17606 -10.3184 19250 0.118543 2.13807 27.918 250.627 -13 3443 1 0 1
13.7357 -0.761136 19250 -0.168075 0.113302 27.9993 250.537 -13 3444 1 0 1
-4.525 -4.72136 19250 0.128697 0.714611 27.9906 250.524 -13 3445 1 0 1
7.80684 3.24442 19250 -0.090031 -0.516648 27.9951 250.537 -13 3446 1 0 1
0.785415 -9.09148 19250 0.902254 3.46204 27.7705 250.814 -13 3447 1 0 1
-50.179 1746.45 19250 0.183155 7.17562 27.0643 253.671 -13 3448 1 0 1
1.05669 -12.7274 19250 0.285003 4.05467 27.7034 250.865 -13 3449 1 0 1
1.28169 1.2016 19250 0.041163 -0.153102 27.9996 250.508 -13 3450 1 0 1
0.710295 3.97856 19250 0.0477807 -0.509511 27.9953 250.52 -13 3451 1 0 1
12.8106 -1.34442 19250 -0.180762 0.282462 27.998 250.543 -13 3452 1 0 1
10.7342 -4.65256 19250 -0.108743 0.777266 27.989 250.541 -13 3453 1 0 1
2.63963 9.79733 19250 0.00914967 -1.94201 27.9326 250.604 -13 3454 1 0 1
-1.68491 4.19022 19250 0.11784 -0.743421 27.9899 250.51 -13 3455 1 0 1
5.26912 6.38608 19250 -0.0549511 -1.17343 27.9753 250.556 -13 3456 1 0 1
12.2316 -9.64743 19250 1.03592 5.11569 27.5092 251.083 -13 3457 1 0 1
17.6466 -3.08047 19250 -0.461093 0.658695 27.9885 250.597 -13 3458 1 0 1
-7.55475 0.898361 19250 0.175341 -0.0886201 27.9993 250.506 -13 3459 1 0 1
37.1483 -3.81395 19250 2.06242 6.06016 27.2584 251.342 -13 3460 1 0 1
4.12428 -8.86074 19250 -0.0446267 1.72279 27.9469 250.591 -13 3461 1 0 1
4.92542 1.47114 19250 -0.0254609 -0.304644 27.9983 250.519 -13 3462 1 0 1
-6.83177 -2.9035 19250 0.151564 0.433738 27.9962 250.516 -13 3463 1 0 1
-8.76419 -3.87273 19250 0.190306 0.610639 27.9927 250.527 -13 3464 1 0 1
15.8442 1.20437 19250 -0.236052 -0.227987 27.9981 250.549 -13 3465 1 0 1
5.00309 10.9397 19250 -0.130747 -2.45761 27.8916 250.661 -13 3466 1 0 1
2.60357 8.48318 19250 0.00518309 -1.54417 27.9574 250.578 -13 3467 1 0 1
-15.7755 1.72886 19250 0.489508 -0.265595 27.9945 250.545 -13 3468 1 0 1
5.99055 4.44281 19250 -0.0414615 -0.711864 27.9909 250.534 -13 3469 1 0 1
8.1593 -0.350932 19250 -0.039277 0.0659248 27.9999 250.514 -13 3470 1 0 1
-4.79433 -1.65903 19250 0.127009 0.236164 27.9987 250.507 -13 3471 1 0 1
29.7044 1.74681 19250 2.42982 4.20159 27.5761 251.079 -13 3472 1 0 1
-16.7678 -1.00409 19250 0.631075 0.24594 27.9918 250.564 -13 3473 1 0 1
6.1611 10.8967 19250 -0.3427 -2.67449 27.8699 250.709 -13 3474 1 0 1
11.4476 5.06348 19250 -0.178401 -1.012 27.9811 250.559 -13 3475 1 0 1
-1.04392 6.65324 19250 -1.12466 -3.41697 27.768 250.827 -13 3476 1 0 1
-9.97646 -7.68556 19250 0.659553 2.02934 27.9186 250.664 -13 3477 1 0 1
8.86645 6.20542 19250 -0.116789 -1.09494 27.9783 250.559 -13 3478 1 0 1
12.4831 5.08215 19250 -0.904317 -1.75549 27.9303 250.699 -13 3479 1 0 1
12.3359 6.28809 19250 -0.246953 -1.18992 27.9736 250.584 -13 3480 1 0 1
-3.00422 -4.42126 19250 0.118294 0.676365 27.9916 250.518 -13 3481 1 0 1
-3.3319 -5.9067 19250 0.104537 0.980133 27.9826 250.536 -13 3482 1 0 1
1.77951 12.6863 19250 -0.0946466 -3.53214 27.7762 250.787 -13 3483 1 0 1
2.28891 -11.9622 19250 -0.0504714 2.82796 27.8568 250.701 -13 3484 1 0 1
-8.17482 -6.41712 19250 0.201931 1.17379 27.9747 250.555 -13 3485 1 0 1
-4.29353 9.01299 19250 0.153872 -1.70787 27.9474 250.592 -13 3486 1 0 1
-6.63663 -8.24177 19250 0.223397 1.51155 27.9583 250.579 -13 3487 1 0 1
10.332 1.36988 19250 2.09604 2.75391 27.7853 250.906 -13 3488 1 0 1
10.8986 8.67765 19250 -0.46417 -2.03938 27.9218 250.668 -13 3489 1 0 1
-6.30833 -6.34818 19250 0.188831 1.1366 27.9763 250.542 -13 3490 1 0 1
5.29005 11.1148 19250 -0.387308 -2.89293 27.8475 250.733 -13 3491 1 0 1
8.70724 -2.1436 19250 1.76349 3.15895 27.7653 250.89 -13 3492 1 0 1
15.9526 4.8601 19250 -0.597588 -1.35715 27.9607 250.634 -13 3493 1 0 1
3.79792 11.8016 19250 -0.319971 -3.16186 27.8191 250.755 -13 3494 1 0 1
-16.4197 2.18225 19250 0.6477 -0.450131 27.9889 250.569 -13 3495 1 0 1
-13.7235 2.49272 19250 0.423451 -0.461714 27.993 250.528 -13 3496 1 0 1
1.944 -1.85201 19250 0.0254083 0.193661 27.9993 250.513 -13 3497 1 0 1
-5.38248 10.6823 19250 0.396883 -2.56847 27.8791 250.688 -13 3498 1 0 1
0.189216 -2.44396 19250 0.0643113 0.365894 27.9975 250.508 -13 3499 1 0 1
-12.5402 -0.740614 19250 0.320924 0.134397 27.9978 250.515 -13 3500 1 0 1
15.6717 3.72152 19250 -0.809128 -1.3282 27.9568 250.661 -13 3501 1 0 1
-2.96204 8.5034 19250 0.137847 -1.64318 27.9514 250.575 -13 3502 1 0 1
-4.56935 -0.0314058 19250 0.135109 0.0327461 27.9997 250.501 -13 3503 1 0 1
4.02719 12.0109 19250 0.561556 -4.52599 27.6261 250.956 -13 3504 1 0 1
-8.82247 -4.99954 19250 0.224451 0.803523 27.9876 250.531 -13 3505 1 0 1
-15.0176 3.79422 19250 0.571619 -0.842696 27.9815 250.568 -13 3506 1 0 1
-9.91797 -1.46577 19250 0.220545 0.309905 27.9974 250.513 -13 3507 1 0 1
-14.6011 -2.3084 19250 0.420453 0.382667 27.9942 250.537 -13 3508 1 0 1
12.0203 7.94852 19250 -0.399287 -1.82147 27.9378 250.638 -13 3509 1 0 1
2.2794 -12.7208 19250 0.387217 4.26606 27.6704 250.907 -13 3510 1 0 1
25.9827 -6.5813 19250 1.59858 5.8037 27.3452 251.255 -13 3511 1 0 1
-10.8807 -0.00982003 19250 0.251822 0.0475276 27.9988 250.511 -13 3512 1 0 1
-3.73189 6.65821 19250 0.138453 -1.21212 27.9734 250.544 -13 3513 1 0 1
1.59887 -3.84122 19250 1.46718 2.79 27.822 250.815 -13 3514 1 0 1
-1.47356 7.67748 19250 0.106358 -1.35463 27.967 250.555 -13 3515 1 0 1
9.03258 4.49276 19250 -0.099994 -0.620328 27.9929 250.544 -13 3516 1 0 1
-10.3469 -4.30028 19250 0.30974 0.875119 27.9846 250.525 -13 3517 1 0 1
-18.1214 7.18996 19250 -1.36989 -5.30321 27.459 251.093 -13 3518 1 0 1
-3.50567 9.13704 19250 0.154026 -1.76083 27.9442 250.59 -13 3519 1 0 1
-13.5468 -3.57936 19250 0.425691 0.658897 27.989 250.538 -13 3520 1 0 1
8.38707 8.23544 19250 -0.648529 -2.56475 27.8747 250.712 -13 3521 1 0 1
9.3844 -5.95761 19250 -0.111639 1.00762 27.9816 250.554 -13 3522 1 0 1
15.3086 -5.05745 19250 -0.367807 1.08038 27.9767 250.593 -13 3523 1 0 1
-6.4583 4.56297 19250 0.1806 -0.7881 27.9883 250.52 -13 3524 1 0 1
7.2592 -7.24335 19250 -0.0997927 1.19469 27.9743 250.57 -13 3525 1 0 1
5.93545 -7.2239 19250 -0.0875787 1.3086 27.9693 250.573 -13 3526 1 0 1
6.0657 1.98627 19250 -0.02588 -0.17464 27.9994 250.518 -13 3527 1 0 1
8.18581 1.25688 19250 -0.0783008 -0.324662 27.998 250.526 -13 3528 1 0 1
-8.79895 6.67035 19250 0.272411 -1.19239 27.9733 250.553 -13 3529 1 0 1
-1.3935 8.68449 19250 0.104935 -1.50637 27.9593 250.573 -13 3530 1 0 1
-10.1873 4.34011 19250 0.289906 -0.819258 27.9865 250.526 -13 3531 1 0 1
17.5012 1.34053 19250 -0.362417 -0.335542 27.9956 250.573 -13 3532 1 0 1
-5.5364 -3.92436 19250 0.15943 0.672195 27.9915 250.516 -13 3533 1 0 1
1.06389 -6.79934 19250 1.22031 3.0671 27.8047 250.827 -13 3534 1 0 1
16.7118 1.08715 19250 -0.321439 -0.16668 27.9977 250.567 -13 3535 1 0 1
4.00313 -2.92339 19250 -0.0163943 0.484478 27.9958 250.523 -13 3536 1 0 1
1.60135 6.25701 19250 0.0186607 -1.00511 27.9819 250.543 -13 3537 1 0 1
9.9658 7.98314 19250 -0.245609 -1.52397 27.9574 250.611 -13 3538 1 0 1
8.03533 -8.39485 19250 -0.150742 1.49867 27.9595 250.597 -13 3539 1 0 1
12.6072 5.29103 19250 -0.242495 -1.13038 27.9761 250.575 -13 3540 1 0 1
-7.24186 -4.14264 19250 1.16042 2.03059 27.9022 250.703 -13 3541 1 0 1
-2.6798 -1.3141 19250 0.110944 0.178202 27.9992 250.501 -13 3542 1 0 1
-2.63871 5.54968 19250 0.0947704 -0.904533 27.9852 250.532 -13 3543 1 0 1
-1.96555 4.94076 19250 0.099048 -0.842185 27.9872 250.522 -13 3544 1 0 1
1.11859 9.36321 19250 -0.0125125 -1.67763 27.9497 250.605 -13 3545 1 0 1
1.23565 3.1582 19250 0.0432593 -0.440764 27.9965 250.514 -13 3546 1 0 1
-9.79292 -2.73576 19250 1.24485 1.5543 27.9291 250.701 -13 3547 1 0 1
-12.2628 -3.18948 19250 0.30067 0.448398 27.9948 250.529 -13 3548 1 0 1
-3.3252 5.31582 19250 0.102573 -0.772474 27.9892 250.53 -13 3549 1 0 1
-3.49611 -8.59972 19250 0.853597 2.89873 27.8365 250.757 -13 3550 1 0 1
2.15691 -7.48977 19250 0.0018947 1.36465 27.9667 250.565 -13 3551 1 0 1
5.07054 -11.3451 19250 -0.319751 2.87601 27.8501 250.724 -13 3552 1 0 1
-7.98222 6.68639 19250 0.251295 -1.25566 27.9707 250.552 -13 3553 1 0 1
-3.68125 -9.16012 19250 0.16835 1.7362 27.9456 250.589 -13 3554 1 0 1
6.01258 -0.363974 19250 -0.0345558 0.0671405 27.9999 250.517 -13 3555 1 0 1
-12.8076 -3.56335 19250 0.374335 0.621008 27.9906 250.532 -13 3556 1 0 1
0.206568 -2.67837 19250 0.0552719 0.366053 27.9976 250.512 -13 3557 1 0 1
-12.5057 -6.20479 19250 0.483499 1.30509 27.9654 250.584 -13 3558 1 0 1
-1.6863 -12.5885 19250 0.254972 3.1783 27.8179 250.762 -13 3559 1 0 1
-15.746 1.42642 19250 0.49207 -0.266545 27.9944 250.544 -13 3560 1 0 1
7.26317 5.70991 19250 -0.0890432 -0.945163 27.9839 250.552 -13 3561 1 0 1
-5.39491 -8.74147 19250 0.200105 1.72104 27.9463 250.588 -13 3562 1 0 1
4.49977 11.0995 19250 -0.342273 -2.97391 27.8395 250.732 -13 3563 1 0 1
-2.41497 8.0893 19250 0.113348 -1.40476 27.9645 250.566 -13 3564 1 0 1
-8.79384 -8.67407 19250 0.581389 2.07599 27.9169 250.657 -13 3565 1 0 1
-10.6147 -6.23806 19250 0.307903 1.22021 27.9717 250.562 -13 3566 1 0 1
-3.26111 10.8692 19250 0.205726 -2.31343 27.9035 250.647 -13 3567 1 0 1
-0.296912 10.587 19250 -0.724967 -3.75522 27.7376 250.856 -13 3568 1 0 1
-10.2926 -5.42203 19250 0.272109 1.02001 27.9801 250.544 -13 3569 1 0 1
-0.858389 -11.6704 19250 0.0805254 2.31128 27.9043 250.666 -13 3570 1 0 1
-11.1104 -7.21788 19250 0.360521 1.41274 27.962 250.589 -13 3571 1 0 1
3.74267 10.544 19250 -0.582653 -3.2545 27.8041 250.779 -13 3572 1 0 1
-10.4192 7.12326 19250 0.342397 -1.35408 27.9651 250.577 -13 3573 1 0 1
0.394946 11.0464 19250 -0.583134 -3.80908 27.7336 250.843 -13 3574 1 0 1
14.0696 -2.91569 19250 -0.201086 0.540058 27.9941 250.549 -13 3575 1 0 1
8.13116 -5.25106 19250 -0.0897049 0.895431 27.9855 250.546 -13 3576 1 0 1
-13.9419 5.21809 19250 0.515992 -1.20524 27.9693 250.587 -13 3577 1 0 1
-4.66813 -10.633 19250 0.286178 2.39302 27.8961 250.657 -13 3578 1 0 1
-14.9581 -3.56352 19250 0.831192 0.99087 27.9701 250.614 -13 3579 1 0 1
13.2367 -6.08689 19250 1.44276 4.3717 27.619 250.975 -13 3580 1 0 1
8.33118 2.74632 19250 -0.0855684 -0.495162 27.9955 250.532 -13 3581 1 0 1
7.96984 -7.69186 19250 -0.0923944 1.43723 27.9629 250.574 -13 3582 1 0 1
2.23386 10.475 19250 0.00352617 -2.04105 27.9255 250.624 -13 3583 1 0 1
4.22191 -5.04419 19250 -0.00512195 0.814428 27.9882 250.531 -13 3584 1 0 1
1.21925 12.1165 19250 0.441843 -4.12557 27.6909 250.887 -13 3585 1 0 1
4.79416 11.8082 19250 -0.295302 -2.92244 27.8455 250.733 -13 3586 1 0 1
-0.75582 7.90579 19250 0.0397951 -1.22639 27.9731 250.571 -13 3587 1 0 1
2.2319 -0.691173 19250 0.0411494 0.0654949 27.9999 250.505 -13 3588 1 0 1
-9.3057 -8.83278 19250 0.493256 2.06394 27.9195 250.654 -13 3589 1 0 1
6.02985 -7.72577 19250 -0.0914262 1.37861 27.9659 250.579 -13 3590 1 0 1
-15.7067 1.63039 19250 0.492579 -0.387848 27.993 250.546 -13 3591 1 0 1
-1.33594 -5.26156 19250 0.0950019 0.80028 27.9884 250.523 -13 3592 1 0 1
17.293 3.38155 19250 -0.374186 -0.705679 27.9886 250.582 -13 3593 1 0 1
-4.93418 10.1541 19250 0.579948 -2.74289 27.8593 250.716 -13 3594 1 0 1
-9.83876 4.19401 19250 1.06761 -1.77612 27.9232 250.686 -13 3595 1 0 1
15.3606 -5.40224 19250 -0.342743 1.02063 27.9793 250.59 -13 3596 1 0 1
-13.9021 -4.5497 19250 0.517521 0.967244 27.9785 250.561 -13 3597 1 0 1
-3254.72 872.055 19250 -11.6828 2.63315 25.3096 261.116 -13 3598 1 0 1
16.3356 -1.68035 19250 -0.280326 0.302826 27.997 250.559 -13 3599 1 0 1
-12.9191 -1.07277 19250 0.346308 0.257957 27.9967 250.517 -13 3600 1 0 1
7.09234 1.87753 19250 -0.0416742 -0.341637 27.9979 250.519 -13 3601 1 0 1
4.92644 5.62379 19250 -0.0400696 -0.882251 27.9861 250.544 -13 3602 1 0 1
32.6681 6.36682 19250 1.44446 -7.50008 26.9381 251.639 -13 3603 1 0 1
-14.5312 -2.65835 19250 0.440351 0.526594 27.9916 250.539 -13 3604 1 0 1
-7.12665 -2.91778 19250 0.170549 0.431764 27.9962 250.513 -13 3605 1 0 1
-13.6994 -2.52729 19250 0.38672 0.486767 27.9931 250.53 -13 3606 1 0 1
16.3177 4.41166 19250 -0.680326 -1.12547 27.9691 250.644 -13 3607 1 0 1
-5.35132 -7.31799 19250 0.174332 1.2819 27.9701 250.556 -13 3608 1 0 1
256.199 53.0489 19250 8.10707 9.85417 24.9233 253.064 -13 3609 1 0 1
7.69708 5.08502 19250 -0.0497246 -0.806684 27.9883 250.534 -13 3610 1 0 1
-13.2685 -2.96512 19250 1.03288 1.14 27.9577 250.642 -13 3611 1 0 1
-3.46801 -7.61525 19250 0.13982 1.40088 27.9646 250.559 -13 3612 1 0 1
6.00839 9.66648 19250 -0.171707 -2.0577 27.9238 250.636 -13 3613 1 0 1
-4.46496 -3.21233 19250 0.116829 0.548918 27.9944 250.515 -13 3614 1 0 1
9.38677 0.550395 19250 -0.0834512 -0.00868378 27.9999 250.524 -13 3615 1 0 1
-5.93687 -2.74897 19250 0.157173 0.377082 27.997 250.509 -13 3616 1 0 1
-7.19073 0.243988 19250 0.184875 -0.0225592 27.9994 250.501 -13 3617 1 0 1
9.61171 -8.98039 19250 -0.312833 2.0487 27.9232 250.643 -13 3618 1 0 1
-14.3881 -1.86975 19250 1.1107 0.714654 27.9688 250.644 -13 3619 1 0 1
-13.7292 3.55653 19250 0.430817 -0.800766 27.9852 250.544 -13 3620 1 0 1
-5.69822 1.18296 19250 0.157944 -0.14039 27.9992 250.502 -13 3621 1 0 1
-5.78284 -9.28865 19250 0.244697 1.88037 27.9357 250.604 -13 3622 1 0 1
-12.3424 -3.43186 19250 0.337555 0.606509 27.9914 250.529 -13 3623 1 0 1
9.90358 3.64673 19250 -0.125335 -0.702423 27.9909 250.543 -13 3624 1 0 1
-5.38432 5.11585 19250 0.154153 -0.803965 27.988 250.525 -13 3625 1 0 1
3.34795 10.8525 19250 -0.0604339 -2.30794 27.9047 250.648 -13 3626 1 0 1
-9.00079 2.26061 19250 0.224259 -0.31076 27.9974 250.509 -13 3627 1 0 1
16.0978 -0.628123 19250 -0.27852 -0.0434118 27.9986 250.558 -13 3628 1 0 1
6.28792 6.65824 19250 -0.0680032 -1.16606 27.9756 250.559 -13 3629 1 0 1
-12.8117 -4.35869 19250 0.373623 0.800936 27.986 250.542 -13 3630 1 0 1
12.2533 2.38784 19250 -0.138615 -0.410578 27.9966 250.535 -13 3631 1 0 1
-14.0863 0.498778 19250 1.32326 0.0947396 27.9686 250.677 -13 3632 1 0 1
8.27893 9.11063 19250 -0.183408 -1.77024 27.9434 250.616 -13 3633 1 0 1
3.71073 5.21441 19250 -1.1566 -2.70067 27.8454 250.779 -13 3634 1 0 1
-2.40046 -10.2211 19250 0.145786 2.01027 27.9274 250.617 -13 3635 1 0 1
-8.133 1.2254 19250 0.213472 -0.173362 27.9986 250.502 -13 3636 1 0 1
-2.72859 -8.63763 19250 0.841052 3.03945 27.8218 250.761 -13 3637 1 0 1
8.75356 3.25459 19250 -0.0952683 -0.605575 27.9933 250.536 -13 3638 1 0 1
10.9889 7.93476 19250 -0.32264 -1.71755 27.9454 250.625 -13 3639 1 0 1
12.2784 -6.04515 19250 -0.242725 1.05647 27.979 250.58 -13 3640 1 0 1
-14.423 -3.78427 19250 0.477399 0.626752 27.9889 250.55 -13 3641 1 0 1
-14.0485 3.20724 19250 0.390293 -0.521677 27.9924 250.54 -13 3642 1 0 1
-3.55974 -2.81875 19250 0.113353 0.431379 27.9964 250.51 -13 3643 1 0 1
1.21799 5.06755 19250 0.00953963 -0.754419 27.9898 250.537 -13 3644 1 0 1
-10.7313 -7.10183 19250 0.364487 1.40832 27.9622 250.582 -13 3645 1 0 1
1.91934 -9.92871 19250 0.0299445 1.8973 27.9356 250.605 -13 3646 1 0 1
3.84543 7.93176 19250 -0.0134465 -1.4202 27.964 250.569 -13 3647 1 0 1
1.99862 12.8345 19250 -0.0489876 -3.25448 27.8102 250.758 -13 3648 1 0 1
3.3759 0.122339 19250 0.00114767 0.0529597 27.9999 250.514 -13 3649 1 0 1
1.19886 0.113826 19250 0.0251808 0.0773317 27.9999 250.513 -13 3650 1 0 1
15.4446 4.82388 19250 -0.577207 -1.26937 27.9653 250.633 -13 3651 1 0 1
-5.61746 -4.70512 19250 0.136985 0.785474 27.9886 250.527 -13 3652 1 0 1
2.31107 11.7119 19250 0.596924 -4.05174 27.6989 250.881 -13 3653 1 0 1
-5.17554 -7.96334 19250 0.189874 1.45912 27.9613 250.567 -13 3654 1 0 1
17.403 -1.73296 19250 -0.368699 0.358036 27.9953 250.575 -13 3655 1 0 1
-7.25472 -2.25394 19250 0.191593 0.353143 27.9971 250.506 -13 3656 1 0 1
-9.27928 -8.40677 19250 0.341239 1.633 27.9503 250.603 -13 3657 1 0 1
-11.6382 2.97632 19250 0.296499 -0.51172 27.9938 250.522 -13 3658 1 0 1
3.22095 -2.66067 19250 1.60735 2.78521 27.8147 250.839 -13 3659 1 0 1
3.3268 -11.8169 19250 -0.258072 3.29512 27.8042 250.757 -13 3660 1 0 1
6.05102 1.69045 19250 0.00436793 -0.21502 27.9992 250.508 -13 3661 1 0 1
3.95568 -0.887488 19250 0.0223695 0.154931 27.9996 250.506 -13 3662 1 0 1
-1.67573 6.98291 19250 0.106696 -1.19141 27.9744 250.543 -13 3663 1 0 1
-5.88029 -10.0863 19250 0.462208 2.43109 27.8904 250.668 -13 3664 1 0 1
-9.17868 -4.58973 19250 1.07042 1.85146 27.9182 250.69 -13 3665 1 0 1
-12.0033 -2.75108 19250 0.294985 0.410933 27.9954 250.523 -13 3666 1 0 1
0.66472 -0.471043 19250 0.0234019 0.102949 27.9998 250.514 -13 3667 1 0 1
-12.5613 3.56086 19250 0.353159 -0.583004 27.9917 250.53 -13 3668 1 0 1
-6.35704 -9.74012 19250 0.625703 2.58304 27.8736 250.721 -13 3669 1 0 1
5.01741 0.170735 19250 1.92837 2.3997 27.8303 250.852 -13 3670 1 0 1
-1.98334 -0.962553 19250 0.0769812 0.176143 27.9993 250.507 -13 3671 1 0 1
2.38433 -3.48877 19250 0.028677 0.623014 27.9931 250.518 -13 3672 1 0 1
10.7665 -7.81613 19250 -0.298089 1.63063 27.9509 250.618 -13 3673 1 0 1
-2.14711 -11.903 19250 0.192146 2.82112 27.8569 250.705 -13 3674 1 0 1
5.93857 10.0729 19250 -0.488867 -2.82477 27.8529 250.729 -13 3675 1 0 1
5.65887 2.24322 19250 -0.00773749 -0.425933 27.9968 250.514 -13 3676 1 0 1
3.17123 8.42825 19250 -0.0135161 -1.5186 27.9588 250.58 -13 3677 1 0 1
-1.04655 10.3062 19250 0.108931 -1.98129 27.9296 250.614 -13 3678 1 0 1
-0.414578 -1.53144 19250 0.0570187 0.169712 27.9994 250.509 -13 3679 1 0 1
23.6607 -1.32198 19250 2.05989 4.29791 27.5914 251.014 -13 3680 1 0 1
16.8716 1.04617 19250 2.14313 3.39621 27.7105 250.95 -13 3681 1 0 1
0.984763 -10.0033 19250 -0.0095913 1.88099 27.9367 250.619 -13 3682 1 0 1
2.15823 -0.225417 19250 0.00171327 0.0866325 27.9999 250.517 -13 3683 1 0 1
6.88321 5.99921 19250 -0.968624 -2.51903 27.8696 250.744 -13 3684 1 0 1
-13.0834 -2.94905 19250 0.359543 0.51355 27.993 250.529 -13 3685 1 0 1
2.29396 6.27628 19250 0.00974715 -1.00649 27.9819 250.544 -13 3686 1 0 1
-4.18605 -7.4938 19250 0.147673 1.23978 27.9721 250.555 -13 3687 1 0 1
-8.34972 -1.47451 19250 0.198041 0.161267 27.9988 250.508 -13 3688 1 0 1
-11.3116 0.967724 19250 0.263794 -0.102162 27.9986 250.514 -13 3689 1 0 1
-0.632183 -4.74714 19250 0.0717617 0.689726 27.9914 250.523 -13 3690 1 0 1
-8.26715 -8.41154 19250 0.275603 1.64167 27.9505 250.596 -13 3691 1 0 1
2.11861 -6.4 19250 0.0240528 1.0341 27.9809 250.541 -13 3692 1 0 1
1.72683 -9.26478 19250 0.0386837 1.76181 27.9445 250.588 -13 3693 1 0 1
-1.21816 9.63886 19250 -0.84236 -3.76738 27.7326 250.858 -13 3694 1 0 1
-1.67194 11.0573 19250 0.143004 -2.39227 27.8973 250.65 -13 3695 1 0 1
-12.3704 4.25659 19250 0.399588 -0.805092 27.9856 250.534 -13 3696 1 0 1
9.97841 -8.07216 19250 -0.25566 1.59757 27.9532 250.613 -13 3697 1 0 1
4.30404 2.56796 19250 0.00988517 -0.377686 27.9975 250.513 -13 3698 1 0 1
-6.95637 6.80636 19250 0.195207 -1.07135 27.9788 250.549 -13 3699 1 0 1
10.1208 8.14771 19250 -0.202884 -1.62177 27.9523 250.601 -13 3700 1 0 1
-10.0244 2.57746 19250 0.233728 -0.479367 27.9949 250.517 -13 3701 1 0 1
-5.84263 6.19721 19250 0.163654 -0.918146 27.9845 250.539 -13 3702 1 0 1
-6.4613 -2.25298 19250 0.160551 0.373488 27.997 250.509 -13 3703 1 0 1
11.0231 0.587683 19250 -0.113363 -0.155203 27.9993 250.528 -13 3704 1 0 1
5.46851 -5.3406 19250 1.41358 3.34626 27.7634 250.856 -13 3705 1 0 1
1.30389 9.56516 19250 0.0548049 -1.70041 27.9483 250.589 -13 3706 1 0 1
-5.59867 -1.71602 19250 1.52293 1.73084 27.9049 250.756 -13 3707 1 0 1
18.1679 -2.5279 19250 -0.481457 0.620829 27.989 250.598 -13 3708 1 0 1
-9.36158 3.60032 19250 0.24063 -0.615237 27.9922 250.519 -13 3709 1 0 1
-8.75535 -4.26118 19250 0.229847 0.711172 27.99 250.523 -13 3710 1 0 1
-3.31346 4.0609 19250 0.105301 -0.646849 27.9923 250.52 -13 3711 1 0 1
2.18999 -12.3875 19250 0.329679 4.40719 27.649 250.908 -13 3712 1 0 1
-16.5201 -0.437608 19250 0.635729 0.0611595 27.9927 250.556 -13 3713 1 0 1
14.1332 6.57316 19250 -0.507672 -1.50343 27.955 250.64 -13 3714 1 0 1
-5.62594 -2.04159 19250 0.132373 0.217654 27.9988 250.511 -13 3715 1 0 1
8.16173 8.56691 19250 -0.611666 -2.57529 27.8746 250.711 -13 3716 1 0 1
-9.71722 -3.02539 19250 0.246993 0.603515 27.9924 250.517 -13 3717 1 0 1
5.85008 7.41474 19250 -0.0934351 -1.22406 27.9731 250.577 -13 3718 1 0 1
-9.07562 2.29424 19250 0.188304 -0.310196 27.9976 250.518 -13 3719 1 0 1
12.6999 7.11296 19250 -0.462481 -1.723 27.9431 250.641 -13 3720 1 0 1
-5.59472 5.38269 19250 0.165139 -0.834655 27.9871 250.527 -13 3721 1 0 1
-11.9585 -6.86489 19250 0.645495 1.60618 27.9464 250.633 -13 3722 1 0 1
-14.3914 4.65184 19250 0.481235 -0.931896 27.9803 250.568 -13 3723 1 0 1
-12.0659 -5.38142 19250 0.357175 0.958419 27.9813 250.551 -13 3724 1 0 1
-10.9957 7.19269 19250 0.542181 -1.68901 27.9438 250.613 -13 3725 1 0 1
-8.54105 8.96153 19250 0.447034 -1.92027 27.9305 250.626 -13 3726 1 0 1
-5.12264 -1.59025 19250 0.134673 0.301623 27.9981 250.506 -13 3727 1 0 1
-3.71128 11.3754 19250 0.233163 -2.40789 27.8953 250.672 -13 3728 1 0 1
12.7329 0.955698 19250 -0.152619 -0.209829 27.9988 250.535 -13 3729 1 0 1
8.79072 -8.66362 19250 -0.539172 2.36831 27.8945 250.694 -13 3730 1 0 1
3.1976 5.20313 19250 -0.0014598 -0.789161 27.9889 250.534 -13 3731 1 0 1
-4.25973 0.682633 19250 0.11829 -0.00300776 27.9997 250.504 -13 3732 1 0 1
-0.789316 5.1436 19250 0.0682349 -0.869617 27.9864 250.527 -13 3733 1 0 1
-14.9338 -0.560825 19250 0.423839 0.193829 27.9961 250.532 -13 3734 1 0 1
11.941 -0.107439 19250 -1.48338 0.72561 27.9513 250.749 -13 3735 1 0 1
-8.41364 -3.81981 19250 0.222359 0.61073 27.9925 250.518 -13 3736 1 0 1
4.29291 9.71641 19250 -0.0408316 -1.87994 27.9368 250.606 -13 3737 1 0 1
-5.53207 -1.39079 19250 0.114599 0.199692 27.9991 250.513 -13 3738 1 0 1
6.13462 10.8228 19250 -0.35231 -2.8182 27.8556 250.713 -13 3739 1 0 1
-6.10188 -2.87745 19250 0.142533 0.470129 27.9957 250.514 -13 3740 1 0 1
16.5182 -0.711104 19250 -0.299224 0.189296 27.9978 250.562 -13 3741 1 0 1
17.6143 0.448807 19250 -1.0029 -0.427174 27.9788 250.67 -13 3742 1 0 1
13.4694 6.68416 19250 -0.381442 -1.47843 27.9583 250.617 -13 3743 1 0 1
-6.84819 5.25942 19250 0.181536 -0.872185 27.9858 250.53 -13 3744 1 0 1
-7.77808 -1.88155 19250 0.203924 0.271989 27.9979 250.504 -13 3745 1 0 1
0.446962 6.9104 19250 0.0522984 -1.01381 27.9816 250.546 -13 3746 1 0 1
-1.65366 -7.22128 19250 0.0918844 1.24321 27.9722 250.552 -13 3747 1 0 1
-11.6958 3.86742 19250 0.324634 -0.683867 27.9898 250.529 -13 3748 1 0 1
-9.04896 2.80745 19250 0.213612 -0.331448 27.9972 250.515 -13 3749 1 0 1
11.2311 -0.374673 19250 -0.14576 0.121851 27.9994 250.537 -13 3750 1 0 1
-13.0835 -2.96141 19250 0.351307 0.473879 27.9938 250.529 -13 3751 1 0 1
-13.5609 2.25007 19250 0.335503 -0.309679 27.9963 250.53 -13 3752 1 0 1
5.83024 11.277 19250 0.714933 -4.61584 27.6077 250.975 -13 3753 1 0 1
-9.36437 -8.27153 19250 0.31647 1.55517 27.955 250.598 -13 3754 1 0 1
-1.65751 -7.18309 19250 0.0695932 1.21119 27.9737 250.556 -13 3755 1 0 1
-2.42356 -2.61643 19250 0.084519 0.411222 27.9969 250.512 -13 3756 1 0 1
-6.36097 -0.383829 19250 0.157681 0.0206398 27.9995 250.503 -13 3757 1 0 1
-30.1428 5.2817 19250 -1.57077 -6.79453 27.1177 251.389 -13 3758 1 0 1
12.4396 6.4944 19250 -0.264239 -1.3822 27.9646 250.591 -13 3759 1 0 1
-2.41128 -7.48699 19250 0.0739798 1.30362 27.9695 250.564 -13 3760 1 0 1
8.50093 3.12858 19250 -0.0745397 -0.504826 27.9953 250.53 -13 3761 1 0 1
-9.76426 -2.56828 19250 0.218069 0.438426 27.9957 250.518 -13 3762 1 0 1
-3.19874 0.190426 19250 0.100413 0.0619425 27.9998 250.505 -13 3763 1 0 1
12.0688 -0.738783 19250 -0.13677 0.159582 27.9992 250.533 -13 3764 1 0 1
-14.8878 0.7612 19250 0.467441 0.0105198 27.9961 250.528 -13 3765 1 0 1
-13.3274 -3.75963 19250 0.339025 0.548949 27.9926 250.542 -13 3766 1 0 1
2.5333 -6.53877 19250 0.00572917 0.977413 27.9829 250.547 -13 3767 1 0 1
-3.00495 -9.35629 19250 0.153467 1.84105 27.939 250.594 -13 3768 1 0 1
-11.684 3.65689 19250 0.298795 -0.545663 27.9931 250.528 -13 3769 1 0 1
-2.3361 -10.5166 19250 0.149016 2.09556 27.9211 250.626 -13 3770 1 0 1
-10.3759 -3.84674 19250 1.10422 1.55398 27.935 250.671 -13 3771 1 0 1
-10.4474 -4.00343 19250 0.312752 0.668 27.9903 250.521 -13 3772 1 0 1
1.68658 -12.6111 19250 -0.104228 3.58285 27.7696 250.793 -13 3773 1 0 1
-10.4428 -6.0568 19250 0.305273 1.02322 27.9796 250.55 -13 3774 1 0 1
-13.3178 -5.25036 19250 0.777135 1.39173 27.9546 250.632 -13 3775 1 0 1
3.26658 -6.98871 19250 1.21982 3.39312 27.7669 250.852 -13 3776 1 0 1
1.71946 5.27632 19250 0.0439994 -0.825721 27.9878 250.526 -13 3777 1 0 1
-7.21713 -6.02763 19250 0.199367 0.909675 27.9845 250.538 -13 3778 1 0 1
14.2627 6.16256 19250 -0.516971 -1.52616 27.9536 250.637 -13 3779 1 0 1
-14.5669 -4.42634 19250 0.565746 0.955486 27.978 250.573 -13 3780 1 0 1
-1.4555 -9.84451 19250 0.100214 1.86528 27.9376 250.605 -13 3781 1 0 1
6.51275 2.3631 19250 -0.0277013 -0.308427 27.9983 250.518 -13 3782 1 0 1
-34.4706 0.320536 19250 -2.30108 -5.03362 27.4475 251.117 -13 3783 1 0 1
9.16683 9.22033 19250 -0.208553 -1.82187 27.9399 250.62 -13 3784 1 0 1
2.88482 -11.7721 19250 -0.12073 2.88639 27.8506 250.708 -13 3785 1 0 1
-5.67339 -8.94181 19250 0.183277 1.66272 27.95 250.594 -13 3786 1 0 1
-19.3589 1.94085 19250 -1.8945 -4.22938 27.6138 250.975 -13 3787 1 0 1
-10.7746 -7.90944 19250 0.463295 1.68568 27.9454 250.618 -13 3788 1 0 1
-11.8154 -2.14576 19250 0.265994 0.399649 27.9959 250.523 -13 3789 1 0 1
-2.03244 7.18163 19250 0.0782638 -1.20806 27.9738 250.556 -13 3790 1 0 1
13.8669 -0.565607 19250 -0.190643 0.06835 27.9993 250.542 -13 3791 1 0 1
-12.8895 -5.60268 19250 0.427286 1.09707 27.9752 250.566 -13 3792 1 0 1
-1.86525 -9.88145 19250 0.114034 1.87662 27.9368 250.606 -13 3793 1 0 1
-2.58119 3.73925 19250 0.11666 -0.583028 27.9937 250.511 -13 3794 1 0 1
5.23001 -2.08026 19250 1.69774 2.84591 27.8032 250.846 -13 3795 1 0 1
-9.60401 -7.96918 19250 0.515403 1.93616 27.9282 250.626 -13 3796 1 0 1
6.38286 -2.01661 19250 -0.0163648 0.362524 27.9976 250.514 -13 3797 1 0 1
6.87001 3.15444 19250 -0.0482106 -0.457215 27.9962 250.527 -13 3798 1 0 1
3.11241 3.93323 19250 2.29081 1.53671 27.8638 250.878 -13 3799 1 0 1
-9.14452 -7.97496 19250 0.647149 2.08532 27.9147 250.658 -13 3800 1 0 1
-14.7119 -2.90927 19250 0.94009 0.812314 27.9724 250.617 -13 3801 1 0 1
4.29088 7.07494 19250 -0.949154 -2.86424 27.8369 250.771 -13 3802 1 0 1
1.45588 -3.21857 19250 0.0336094 0.487551 27.9957 250.517 -13 3803 1 0 1
-8.82593 -8.50736 19250 0.433531 1.78633 27.9396 250.608 -13 3804 1 0 1
-5.53587 -8.89061 19250 0.729617 2.58866 27.8705 250.707 -13 3805 1 0 1
-10.9331 3.90548 19250 0.296618 -0.705662 27.9895 250.526 -13 3806 1 0 1
6.80181 1.24825 19250 -0.0649152 -0.191087 27.9993 250.526 -13 3807 1 0 1
-9.56872 -3.19755 19250 0.216071 0.397832 27.9963 250.521 -13 3808 1 0 1
-15.2003 4.17561 19250 0.627443 -0.852053 27.98 250.581 -13 3809 1 0 1
-10.6372 -3.67342 19250 0.23806 0.508462 27.9944 250.529 -13 3810 1 0 1
-5.0807 -7.36873 19250 0.128254 1.26984 27.9709 250.564 -13 3811 1 0 1
7.77488 -11.0006 19250 0.86915 4.61988 27.6026 251.006 -13 3812 1 0 1
-13.6071 3.77707 19250 0.398748 -0.710167 27.9882 250.543 -13 3813 1 0 1
-4.7897 1.48102 19250 0.124234 -0.202945 27.999 250.507 -13 3814 1 0 1
7.97027 -8.97411 19250 -0.162178 1.886 27.9359 250.611 -13 3815 1 0 1
-0.112039 -8.11196 19250 0.0579603 1.5113 27.9591 250.57 -13 3816 1 0 1
-7.00945 -9.19591 19250 0.618819 2.4941 27.8818 250.7 -13 3817 1 0 1
-4.14247 -0.269985 19250 0.133459 0.00329347 27.9997 250.499 -13 3818 1 0 1
7.09359 -4.74192 19250 -0.044581 0.767787 27.9894 250.533 -13 3819 1 0 1
3.28319 -9.77443 19250 0.91672 3.82514 27.7223 250.877 -13 3820 1 0 1
-2.17787 0.747989 19250 0.106678 -0.109666 27.9996 250.499 -13 3821 1 0 1
7.773 9.78458 19250 -0.194057 -2.09643 27.9207 250.635 -13 3822 1 0 1
-3.6825 -11.4672 19250 0.300744 2.80978 27.857 250.709 -13 3823 1 0 1
6.69266 -8.55631 19250 -0.104752 1.64973 27.9512 250.592 -13 3824 1 0 1
3.99031 4.75561 19250 0.0220567 -0.688403 27.9915 250.523 -13 3825 1 0 1
-2.87659 0.923591 19250 0.092021 -0.195177 27.9992 250.507 -13 3826 1 0 1
13.304 5.17813 19250 -0.217364 -0.85809 27.986 250.565 -13 3827 1 0 1
-5.73259 10.5181 19250 0.414044 -2.44305 27.8901 250.676 -13 3828 1 0 1
13.5509 -3.86144 19250 -0.224472 0.699169 27.9904 250.56 -13 3829 1 0 1
9.88553 -2.98077 19250 -0.0984166 0.416138 27.9967 250.533 -13 3830 1 0 1
1.21372 -1.12964 19250 0.0479582 0.241554 27.9989 250.506 -13 3831 1 0 1
-4.51341 -6.93446 19250 0.138728 1.18598 27.9745 250.55 -13 3832 1 0 1
32.9772 -1.27762 19250 2.26778 4.93113 27.4689 251.158 -13 3833 1 0 1
-13.6001 -5.26171 19250 0.773669 1.27183 27.9604 250.625 -13 3834 1 0 1
-6.05496 2.61145 19250 0.181366 -0.397933 27.9966 250.503 -13 3835 1 0 1
-1.00906 -2.73451 19250 0.0777236 0.444466 27.9964 250.509 -13 3836 1 0 1
21.6727 -4.09021 19250 1.80569 4.65546 27.5512 251.057 -13 3837 1 0 1
-3.28438 -3.62856 19250 0.106986 0.56165 27.9942 250.516 -13 3838 1 0 1
-6.14142 -6.72172 19250 0.19236 1.10513 27.9775 250.544 -13 3839 1 0 1
-1.57731 11.623 19250 0.137891 -2.43884 27.8932 250.669 -13 3840 1 0 1
-9.69254 0.648417 19250 0.236185 -0.118821 27.9988 250.506 -13 3841 1 0 1
11.7063 0.836673 19250 -0.135927 -0.0330833 27.9997 250.533 -13 3842 1 0 1
6.47687 7.9648 19250 -0.861052 -2.58085 27.8675 250.758 -13 3843 1 0 1
2.48725 -6.28214 19250 0.00788653 1.01756 27.9815 250.543 -13 3844 1 0 1
-12.2718 -6.44086 19250 0.419395 1.28 27.9676 250.582 -13 3845 1 0 1
3.56096 9.78912 19250 -0.081706 -2.04733 27.9249 250.626 -13 3846 1 0 1
13.388 2.37572 19250 -0.221457 -0.398572 27.9963 250.555 -13 3847 1 0 1
0.995101 3.01143 19250 0.043644 -0.36561 27.9976 250.515 -13 3848 1 0 1
2.08456 -1.14593 19250 1.68129 2.51403 27.8362 250.808 -13 3849 1 0 1
-9.86832 -3.37497 19250 0.224008 0.408711 27.9961 250.523 -13 3850 1 0 1
3.07932 -9.66139 19250 0.929842 3.75625 27.7313 250.867 -13 3851 1 0 1
4.83428 8.95549 19250 -0.737889 -3.07093 27.8213 250.763 -13 3852 1 0 1
14.9608 2.96857 19250 -0.252726 -0.583215 27.9928 250.56 -13 3853 1 0 1
-3.23388 8.74682 19250 -1.00152 -3.8376 27.7177 250.878 -13 3854 1 0 1
-1.21649 -7.75245 19250 1.00693 3.0784 27.812 250.786 -13 3855 1 0 1
-13.817 -5.05514 19250 0.495524 1.07426 27.975 250.571 -13 3856 1 0 1
-3.54434 11.0505 19250 0.261947 -2.49943 27.887 250.664 -13 3857 1 0 1
6.9569 -0.771998 19250 -0.0541882 -0.101852 27.9998 250.523 -13 3858 1 0 1
-0.819961 9.49424 19250 0.0926182 -1.83107 27.9399 250.594 -13 3859 1 0 1
9.03023 9.52167 19250 -0.400364 -2.24124 27.9073 250.676 -13 3860 1 0 1
6.78823 4.26834 19250 -0.0386177 -0.659529 27.9922 250.53 -13 3861 1 0 1
-3.45164 -10.1344 19250 0.658373 2.97609 27.8336 250.745 -13 3862 1 0 1
2.83398 -9.64909 19250 -0.0227078 1.83356 27.9399 250.606 -13 3863 1 0 1
-11.8089 -3.80544 19250 0.327442 0.687261 27.9896 250.529 -13 3864 1 0 1
-0.586828 9.42284 19250 0.0878576 -1.86971 27.9374 250.594 -13 3865 1 0 1
-8.9421 5.86899 19250 0.271428 -1.08896 27.9775 250.54 -13 3866 1 0 1
0.944616 -1.29517 19250 0.0383797 0.171238 27.9995 250.51 -13 3867 1 0 1
-3.06193 10.8642 19250 0.218631 -2.44963 27.8918 250.653 -13 3868 1 0 1
-11.3666 7.67264 19250 -1.24169 -4.53123 27.603 250.978 -13 3869 1 0 1
-7.31178 7.68763 19250 0.291542 -1.50924 27.9578 250.566 -13 3870 1 0 1
4.2377 -9.29657 19250 -0.0405253 1.70181 27.9482 250.596 -13 3871 1 0 1
-13.5014 -3.87198 19250 0.896886 1.17721 27.9609 250.621 -13 3872 1 0 1
19.7365 7.33261 19250 2.6689 2.78152 27.7334 250.996 -13 3873 1 0 1
0.387815 8.4309 19250 0.0389613 -1.40692 27.9646 250.576 -13 3874 1 0 1
-0.926251 10.3545 19250 0.0790585 -2.13718 27.9182 250.627 -13 3875 1 0 1
10.549 -3.83522 19250 -0.105266 0.576892 27.9939 250.537 -13 3876 1 0 1
-8.70809 -8.78363 19250 0.371667 1.82597 27.9379 250.615 -13 3877 1 0 1
0.473108 -6.34244 19250 0.0578239 1.07551 27.9793 250.538 -13 3878 1 0 1
-0.0413063 -10.9531 19250 0.0621787 2.3751 27.899 250.647 -13 3879 1 0 1
-0.487686 6.62882 19250 0.0476572 -1.30713 27.9694 250.554 -13 3880 1 0 1
14.7083 5.25553 19250 -0.652407 -1.32124 27.9612 250.653 -13 3881 1 0 1
6.72159 8.99777 19250 -0.0983733 -1.7867 27.9428 250.597 -13 3882 1 0 1
-2.96102 -10.6681 19250 0.19401 2.28106 27.9063 250.639 -13 3883 1 0 1
-14.8891 -4.25939 19250 0.726539 0.834938 27.9781 250.592 -13 3884 1 0 1
-12.0512 -6.27179 19250 0.393319 1.15391 27.9734 250.569 -13 3885 1 0 1
-6.34687 9.64596 19250 0.29419 -1.95408 27.9302 250.619 -13 3886 1 0 1
-7.30931 -6.7908 19250 0.226825 1.39289 27.9644 250.558 -13 3887 1 0 1
0.498143 0.605042 19250 2.47436 0.148116 27.8901 250.899 -13 3888 1 0 1
34.2531 -4.12858 19250 1.94903 6.02828 27.2738 251.313 -13 3889 1 0 1
0.697774 -7.18564 19250 0.0498508 1.24828 27.9721 250.552 -13 3890 1 0 1
9.60664 0.991033 19250 -0.0791328 -0.126944 27.9996 250.523 -13 3891 1 0 1
-11.299 -0.049126 19250 0.274875 0.00314105 27.9987 250.51 -13 3892 1 0 1
-11.6759 -4.51929 19250 0.330603 0.739797 27.9883 250.535 -13 3893 1 0 1
-1.70863 9.79185 19250 0.108391 -1.78488 27.9428 250.601 -13 3894 1 0 1
14.3338 6.44659 19250 -0.382237 -1.4291 27.9609 250.611 -13 3895 1 0 1
6.93472 1.98987 19250 -0.0527378 -0.430558 27.9966 250.524 -13 3896 1 0 1
-6.60486 -3.05616 19250 0.152774 0.498389 27.9951 250.516 -13 3897 1 0 1
15.8655 -1.84911 19250 -0.281964 0.283563 27.9971 250.561 -13 3898 1 0 1
-9.19397 2.3305 19250 0.234268 -0.253633 27.9979 250.509 -13 3899 1 0 1
-10.5592 -3.4352 19250 0.242401 0.630135 27.9919 250.527 -13 3900 1 0 1
-11.9014 -6.30037 19250 0.657683 1.58547 27.9473 250.619 -13 3901 1 0 1
16.8185 -3.82588 19250 -0.72019 0.96895 27.974 250.644 -13 3902 1 0 1
-4.2674 3.96819 19250 0.0970067 -0.595239 27.9935 250.526 -13 3903 1 0 1
7.02432 -2.9312 19250 -0.0565934 0.480137 27.9958 250.527 -13 3904 1 0 1
-15.0864 0.908735 19250 1.10779 -0.242338 27.977 250.627 -13 3905 1 0 1
-6.26633 1.71723 19250 0.157094 -0.165629 27.9991 250.506 -13 3906 1 0 1
-4.36544 -8.74029 19250 0.191767 1.47383 27.9605 250.575 -13 3907 1 0 1
15.2652 2.89317 19250 -0.274428 -0.43433 27.9953 250.565 -13 3908 1 0 1
4.7142 -6.0507 19250 -0.030036 0.988419 27.9825 250.545 -13 3909 1 0 1
-9.77794 3.58103 19250 0.257823 -0.629806 27.9917 250.519 -13 3910 1 0 1
-11.046 -3.34744 19250 0.266849 0.566 27.993 250.525 -13 3911 1 0 1
-6.00015 4.08299 19250 0.140138 -0.677315 27.9915 250.524 -13 3912 1 0 1
-7.60045 -6.9558 19250 0.221394 1.2082 27.973 250.555 -13 3913 1 0 1
14.574 5.34495 19250 -0.662081 -1.42759 27.9557 250.656 -13 3914 1 0 1
1.17989 -1.29421 19250 0.0221752 0.0389508 28 250.515 -13 3915 1 0 1
3.65946 10.0624 19250 -0.0338364 -1.94632 27.9323 250.615 -13 3916 1 0 1
-11.8285 1.78818 19250 0.323896 -0.308654 27.9964 250.512 -13 3917 1 0 1
12.7645 -1.28807 19250 -0.1885 0.0605904 27.9993 250.545 -13 3918 1 0 1
-8.58124 -7.78382 19250 0.288308 1.43956 27.9615 250.578 -13 3919 1 0 1
-3.89059 -0.530388 19250 0.123485 0.0643818 27.9997 250.501 -13 3920 1 0 1
8.9094 9.09244 19250 -0.239159 -2.04996 27.9238 250.63 -13 3921 1 0 1
-16.3289 1.07269 19250 0.638397 -0.292425 27.9912 250.558 -13 3922 1 0 1
-11.671 2.77525 19250 0.292144 -0.385561 27.9958 250.521 -13 3923 1 0 1
-7.35207 5.32245 19250 0.178169 -0.864105 27.9861 250.534 -13 3924 1 0 1
2.57743 12.2455 19250 -0.0465981 -2.70539 27.869 250.7 -13 3925 1 0 1
6.9073 4.64964 19250 -0.0582023 -0.769762 27.9894 250.537 -13 3926 1 0 1
10.9871 1.49496 19250 -0.118565 -0.246913 27.9987 250.531 -13 3927 1 0 1
-0.551816 1.73476 19250 0.0705225 -0.168571 27.9994 250.507 -13 3928 1 0 1
-4.76064 3.31313 19250 0.102928 -0.426835 27.9966 250.521 -13 3929 1 0 1
-12.6835 -3.89531 19250 0.347693 0.560292 27.9922 250.536 -13 3930 1 0 1
-8.04119 -8.32911 19250 0.404595 1.97758 27.9271 250.608 -13 3931 1 0 1
-6.62134 -8.87341 19250 0.614942 2.47149 27.8839 250.677 -13 3932 1 0 1
-16.432 -0.82216 19250 0.80529 0.170483 27.9879 250.578 -13 3933 1 0 1
-4.83405 0.944785 19250 0.115246 -0.105502 27.9996 250.508 -13 3934 1 0 1
10.0439 2.85432 19250 -0.116579 -0.386177 27.9971 250.537 -13 3935 1 0 1
-1.99544 -4.1 19250 1.36292 2.4974 27.8551 250.782 -13 3936 1 0 1
-1.81945 11.5756 19250 0.182294 -2.73302 27.8657 250.686 -13 3937 1 0 1
-8.57615 -8.17613 19250 0.367947 1.70311 27.9457 250.592 -13 3938 1 0 1
-0.73098 -9.64703 19250 0.829296 3.33734 27.788 250.81 -13 3939 1 0 1
147.886 26.3184 19250 5.87379 7.10383 26.4393 252.005 -13 3940 1 0 1
0.238305 -11.3756 19250 0.582718 3.71569 27.7462 250.835 -13 3941 1 0 1
-8.91724 -3.37003 19250 1.20112 1.7156 27.9216 250.696 -13 3942 1 0 1
3.58894 3.47875 19250 0.00884809 -0.558928 27.9944 250.52 -13 3943 1 0 1
-14.2082 -1.15609 19250 1.23966 0.605446 27.966 250.675 -13 3944 1 0 1
10.1961 0.00633281 19250 -0.096753 -0.00888831 27.9998 250.526 -13 3945 1 0 1
-12.0972 4.6837 19250 0.381378 -0.777213 27.9866 250.536 -13 3946 1 0 1
-214.553 565.675 19250 -0.821886 1.34808 27.9555 251.254 -13 3947 1 0 1
-29.3119 5.05866 19250 -1.43058 -7.45799 26.9505 251.536 -13 3948 1 0 1
0.321263 3.0907 19250 0.0531114 -0.381988 27.9973 250.514 -13 3949 1 0 1
19.084 -0.718383 19250 -0.553981 0.136233 27.9942 250.603 -13 3950 1 0 1
-15.21 -3.25182 19250 0.594236 0.8036 27.9822 250.566 -13 3951 1 0 1
-5.41135 -1.1353 19250 0.117113 0.169861 27.9992 250.511 -13 3952 1 0 1
16.5055 1.42984 19250 -1.04356 -0.70726 27.9716 250.683 -13 3953 1 0 1
6.90951 -2.15413 19250 -0.0410018 0.230462 27.999 250.521 -13 3954 1 0 1
14.0133 3.58422 19250 -0.249144 -0.595182 27.9926 250.565 -13 3955 1 0 1
-5.40271 2.29976 19250 0.144611 -0.309125 27.9979 250.507 -13 3956 1 0 1
-4.17965 6.12525 19250 0.131863 -1.04903 27.98 250.537 -13 3957 1 0 1
6.22535 -9.4613 19250 -0.120315 1.77168 27.9436 250.612 -13 3958 1 0 1
-12.7178 -2.43523 19250 1.1888 1.07029 27.9543 250.675 -13 3959 1 0 1
-10.2477 -5.61059 19250 0.300892 1.04434 27.9789 250.543 -13 3960 1 0 1
-10.9536 -0.167129 19250 0.296035 0.069122 27.9983 250.504 -13 3961 1 0 1
-15.9398 -0.443416 19250 1.03003 0.236361 27.98 250.622 -13 3962 1 0 1
-8.71421 2.22971 19250 0.195062 -0.407795 27.9964 250.514 -13 3963 1 0 1
0.297304 -9.55522 19250 0.826142 3.50937 27.7669 250.817 -13 3964 1 0 1
14.064 -2.00176 19250 -0.214482 0.282698 27.9978 250.55 -13 3965 1 0 1
-13.6121 5.25998 19250 0.537017 -1.13916 27.9717 250.577 -13 3966 1 0 1
-3.30416 -11.5341 19250 0.389221 2.96226 27.8401 250.731 -13 3967 1 0 1
-1.67157 8.39121 19250 0.0626223 -1.64526 27.9516 250.584 -13 3968 1 0 1
-2.78195 -10.1786 19250 0.158581 2.05219 27.9242 250.618 -13 3969 1 0 1
-12.6091 -6.02839 19250 0.548239 1.54656 27.9519 250.606 -13 3970 1 0 1
2.90815 11.7105 19250 -0.0471398 -2.65093 27.8742 250.681 -13 3971 1 0 1
-14.2676 1.53304 19250 0.43782 -0.212305 27.9958 250.526 -13 3972 1 0 1
4.52717 5.42553 19250 -0.00210664 -0.880843 27.9861 250.532 -13 3973 1 0 1
-6.34046 3.33981 19250 0.169206 -0.504626 27.9949 250.512 -13 3974 1 0 1
-16.5571 0.823248 19250 0.705131 -0.0917004 27.991 250.565 -13 3975 1 0 1
-4.5605 -2.50048 19250 0.140029 0.427581 27.9964 250.506 -13 3976 1 0 1
-6.62294 8.79878 19250 0.286935 -1.7401 27.9444 250.59 -13 3977 1 0 1
-3.04977 -8.57955 19250 0.865469 2.9349 27.8323 250.758 -13 3978 1 0 1
-7.19274 0.642536 19250 0.155672 -0.00477551 27.9996 250.508 -13 3979 1 0 1
1.1886 -2.37305 19250 0.0483401 0.336105 27.9979 250.51 -13 3980 1 0 1
-12.6905 -4.02251 19250 0.985503 1.29377 27.9527 250.648 -13 3981 1 0 1
-3.19702 -5.33929 19250 0.108504 0.965616 27.9831 250.529 -13 3982 1 0 1
11.2692 1.99407 19250 -0.134487 -0.326748 27.9978 250.536 -13 3983 1 0 1
2.37597 3.69341 19250 0.016499 -0.620549 27.9931 250.523 -13 3984 1 0 1
-2.08287 -8.29586 19250 0.0953403 1.52956 27.958 250.574 -13 3985 1 0 1
-4.36396 5.52554 19250 0.121582 -0.924823 27.9845 250.533 -13 3986 1 0 1
2.27233 3.61169 19250 0.00951481 -0.518358 27.9952 250.525 -13 3987 1 0 1
-14.5397 -4.67278 19250 0.604483 1.05515 27.9736 250.585 -13 3988 1 0 1
0.396102 5.03732 19250 0.0283867 -0.809704 27.9883 250.534 -13 3989 1 0 1
-8.41939 4.13738 19250 0.225657 -0.716824 27.9899 250.521 -13 3990 1 0 1
4.0825 0.561861 19250 0.0238729 -0.149852 27.9996 250.505 -13 3991 1 0 1
-9.2981 -1.17251 19250 0.216145 0.216471 27.9983 250.509 -13 3992 1 0 1
-5.79421 -3.65949 19250 0.167657 0.512476 27.9948 250.512 -13 3993 1 0 1
18.3413 0.646345 19250 -0.446207 -0.0381894 27.9964 250.587 -13 3994 1 0 1
7.88155 -9.04136 19250 -0.155358 1.97389 27.9299 250.613 -13 3995 1 0 1
5.82432 7.64213 19250 -0.0641188 -1.41353 27.9642 250.572 -13 3996 1 0 1
9.38181 4.98045 19250 -0.0953095 -0.85818 27.9867 250.542 -13 3997 1 0 1
0.879576 7.31778 19250 0.0318148 -1.25083 27.972 250.558 -13 3998 1 0 1
-8.30202 -2.75073 19250 0.197309 0.44092 27.9958 250.513 -13 3999 1 0 1
2.39443 11.6187 19250 -0.00556102 -2.52408 27.886 250.667 -13 4000 1 0 1
2.07171 -0.956421 19250 0.0439798 0.180705 27.9994 250.505 -13 4001 1 0 1
1.24883 -10.8716 19250 0.0214051 2.39897 27.897 250.646 -13 4002 1 0 1
5.86593 -5.6486 19250 -0.0687529 0.843689 27.9872 250.549 -13 4003 1 0 1
-0.157802 2.21367 19250 0.0292719 -0.399913 27.9971 250.519 -13 4004 1 0 1
-11.2606 4.61756 19250 0.301328 -0.939845 27.9826 250.54 -13 4005 1 0 1
2.35953 7.40436 19250 8.36959e-05 -1.36727 27.9666 250.564 -13 4006 1 0 1
-10.2272 -4.24994 19250 0.266171 0.78811 27.9876 250.528 -13 4007 1 0 1
-16.4493 -1.32769 19250 0.591743 0.279182 27.9924 250.557 -13 4008 1 0 1
8.16983 4.24718 19250 -0.0880079 -0.609373 27.9932 250.541 -13 4009 1 0 1
-1.12599 0.554463 19250 0.0714826 -0.0898137 27.9998 250.505 -13 4010 1 0 1
10.8039 -3.5585 19250 -0.112655 0.623174 27.9928 250.537 -13 4011 1 0 1
8.78787 -9.43239 19250 1.0431 4.48631 27.6186 250.974 -13 4012 1 0 1
-3.45374 -5.66616 19250 0.118184 0.932644 27.9842 250.531 -13 4013 1 0 1
-3.59852 6.38142 19250 0.146051 -0.979673 27.9825 250.532 -13 4014 1 0 1
-3.89306 -10.632 19250 0.237347 2.29096 27.9051 250.643 -13 4015 1 0 1
-2.83755 11.8138 19250 0.247928 -2.70665 27.8678 250.699 -13 4016 1 0 1
11.0198 1.76788 19250 -0.112772 -0.269675 27.9985 250.53 -13 4017 1 0 1
-4.46569 11.3736 19250 0.339603 -2.63222 27.8739 250.701 -13 4018 1 0 1
-4.28653 -5.32573 19250 0.124933 0.784985 27.9887 250.529 -13 4019 1 0 1
-11.473 -4.5209 19250 0.296029 0.75376 27.9883 250.537 -13 4020 1 0 1
-9.49423 -0.644175 19250 0.229072 0.109068 27.9989 250.506 -13 4021 1 0 1
6.48268 -8.50198 19250 -0.108164 1.57236 27.9556 250.593 -13 4022 1 0 1
-10.2343 -5.25452 19250 0.248402 0.991046 27.9814 250.544 -13 4023 1 0 1
-3.60145 -2.6394 19250 0.0965981 0.455125 27.9961 250.514 -13 4024 1 0 1
15.6534 -3.4398 19250 -0.268482 0.535442 27.9936 250.564 -13 4025 1 0 1
-9.73849 1.81397 19250 0.212194 -0.266214 27.9979 250.515 -13 4026 1 0 1
4.09678 10.2546 19250 -0.603997 -3.20254 27.8097 250.772 -13 4027 1 0 1
-11.0155 7.00856 19250 0.407026 -1.51299 27.9561 250.59 -13 4028 1 0 1
-5.36248 -8.90882 19250 0.209426 1.77968 27.9426 250.592 -13 4029 1 0 1
1.20944 12.4902 19250 -0.0407201 -3.1384 27.8235 250.744 -13 4030 1 0 1
-9.49676 7.36978 19250 0.303802 -1.27607 27.9693 250.57 -13 4031 1 0 1
-16.0731 2.21732 19250 0.60711 -0.549505 27.988 250.563 -13 4032 1 0 1
3.61281 -3.04884 19250 0.0164168 0.547737 27.9946 250.516 -13 4033 1 0 1
-5.27397 5.60458 19250 0.148984 -0.970385 27.9828 250.532 -13 4034 1 0 1
-14.9478 -2.37578 19250 0.963383 0.771606 27.9728 250.619 -13 4035 1 0 1
-7.82908 -4.36585 19250 0.19862 0.674947 27.9912 250.524 -13 4036 1 0 1
-7.19854 4.53165 19250 0.181244 -0.817696 27.9875 250.525 -13 4037 1 0 1
3.36485 -0.127496 19250 -0.00345222 0.120946 27.9997 250.515 -13 4038 1 0 1
17.5908 -2.61829 19250 -0.480303 0.701211 27.9871 250.6 -13 4039 1 0 1
-4.13987 -10.5416 19250 0.215674 2.06565 27.9229 250.633 -13 4040 1 0 1
8.91734 -7.86463 19250 -0.139028 1.48215 27.9604 250.585 -13 4041 1 0 1
-9.52484 2.33287 19250 0.220549 -0.361049 27.9968 250.514 -13 4042 1 0 1
-1.45319 12.4855 19250 0.181173 -3.06632 27.831 250.743 -13 4043 1 0 1
-13.3276 -5.77865 19250 0.467576 1.13438 27.9731 250.578 -13 4044 1 0 1
-8.60701 1.52889 19250 0.179873 -0.336734 27.9974 250.515 -13 4045 1 0 1
-6.4719 -5.25654 19250 0.162791 0.833887 27.9871 250.531 -13 4046 1 0 1
-12.8576 -0.523972 19250 0.304889 0.0810912 27.9982 250.52 -13 4047 1 0 1
9.4531 -0.199164 19250 -0.0704399 -0.0432783 27.9999 250.52 -13 4048 1 0 1
-10.0253 2.25327 19250 0.222074 -0.377758 27.9966 250.517 -13 4049 1 0 1
-4.63844 0.344901 19250 0.130935 -0.0581084 27.9996 250.502 -13 4050 1 0 1
-3.69969 -5.50614 19250 0.131978 0.831981 27.9873 250.526 -13 4051 1 0 1
-3.16936 -6.95143 19250 1.02569 2.75259 27.8455 250.75 -13 4052 1 0 1
-13.9829 -4.49344 19250 0.557185 1.02314 27.9758 250.567 -13 4053 1 0 1
-1.76841 -1.86645 19250 0.0779643 0.262088 27.9987 250.508 -13 4054 1 0 1
-3.6011 10.2048 19250 -0.819788 -4.13537 27.6808 250.906 -13 4055 1 0 1
-10.9821 -5.59929 19250 0.853177 1.6423 27.9388 250.641 -13 4056 1 0 1
6.17025 10.2658 19250 -0.200627 -2.34164 27.9012 250.656 -13 4057 1 0 1
0.621852 2.50802 19250 0.0614435 -0.463011 27.9961 250.508 -13 4058 1 0 1
-2.268 1.26713 19250 0.10862 -0.214752 27.999 250.5 -13 4059 1 0 1
5.21905 -5.50331 19250 -0.0505394 0.787249 27.9889 250.545 -13 4060 1 0 1
-1.76663 -8.81926 19250 0.919439 3.11152 27.8114 250.802 -13 4061 1 0 1
4.14112 6.53791 19250 -0.0187259 -1.21057 27.9738 250.552 -13 4062 1 0 1
26.2321 -0.145199 19250 2.20679 4.28245 27.5824 251.038 -13 4063 1 0 1
-17.1758 0.154868 19250 0.77286 0.0336919 27.9893 250.584 -13 4064 1 0 1
9.84744 -9.08769 19250 -0.288949 1.89781 27.9341 250.636 -13 4065 1 0 1
6.38781 -10.4622 19250 -0.254013 2.36254 27.899 250.671 -13 4066 1 0 1
11.5357 7.35338 19250 -0.185693 -1.37557 27.9656 250.582 -13 4067 1 0 1
-14.9722 -4.34429 19250 0.581071 0.912722 27.9791 250.577 -13 4068 1 0 1
0.285079 -7.63935 19250 0.0473587 1.36476 27.9667 250.562 -13 4069 1 0 1
-7.28201 -2.41011 19250 0.165109 0.349962 27.9973 250.512 -13 4070 1 0 1
12.5565 -9.67753 19250 0.864399 5.7364 27.3925 251.168 -13 4071 1 0 1
9.46695 7.93297 19250 -0.170683 -1.50109 27.9592 250.592 -13 4072 1 0 1
-1.02863 -0.474182 19250 0.0678223 0.0675746 27.9998 250.506 -13 4073 1 0 1
8.58919 1.30642 19250 -0.0650363 -0.268706 27.9986 250.521 -13 4074 1 0 1
10.7389 3.19793 19250 -0.117506 -0.425382 27.9965 250.537 -13 4075 1 0 1
16.7024 1.99552 19250 -0.346255 -0.378039 27.9953 250.574 -13 4076 1 0 1
-3.94664 -8.27126 19250 0.134265 1.46557 27.9613 250.574 -13 4077 1 0 1
-1.85788 -4.30708 19250 0.0921302 0.744018 27.99 250.519 -13 4078 1 0 1
6.17466 6.65168 19250 -0.0509623 -1.23793 27.9726 250.555 -13 4079 1 0 1
-7.0173 -8.09173 19250 0.265532 1.6331 27.9511 250.579 -13 4080 1 0 1
12.7636 0.632097 19250 -0.179525 -0.0534789 27.9994 250.542 -13 4081 1 0 1
-8.53315 0.779337 19250 0.250318 -0.101267 27.9987 250.496 -13 4082 1 0 1
-1.29911 12.554 19250 0.218073 -3.04737 27.8328 250.739 -13 4083 1 0 1
-11.4053 -6.66594 19250 0.620592 1.54294 27.9506 250.607 -13 4084 1 0 1
3.77343 -1.25533 19250 1.71965 2.66894 27.8194 250.835 -13 4085 1 0 1
2.53657 0.499392 19250 0.0358441 -0.0396848 27.9999 250.505 -13 4086 1 0 1
-15.7476 0.516612 19250 0.48376 0.0270203 27.9958 250.539 -13 4087 1 0 1
14.6043 4.82457 19250 -0.220655 -0.865015 27.9858 250.56 -13 4088 1 0 1
-0.99871 -8.43493 19250 0.0850748 1.70274 27.948 250.576 -13 4089 1 0 1
9.24371 5.18799 19250 -0.115654 -0.931406 27.9843 250.55 -13 4090 1 0 1
-8.1941 3.56514 19250 0.230227 -0.667016 27.9911 250.513 -13 4091 1 0 1
-8.51214 3.51243 19250 -1.5819 -3.52826 27.7317 250.885 -13 4092 1 0 1
-0.0231187 -2.64342 19250 0.0571446 0.307672 27.9983 250.512 -13 4093 1 0 1
12.3687 -0.92093 19250 -0.14767 0.0556978 27.9996 250.535 -13 4094 1 0 1
-13.9383 -2.8849 19250 0.404207 0.541764 27.9918 250.535 -13 4095 1 0 1
-12.8982 -5.15909 19250 0.517721 1.18289 27.9702 250.567 -13 4096 1 0 1
-3.76859 -7.50408 19250 0.14292 1.30523 27.9692 250.556 -13 4097 1 0 1
-4.42486 -0.291634 19250 0.120217 0.109559 27.9995 250.504 -13 4098 1 0 1
-9.86497 -2.9227 19250 0.200689 0.323629 27.9974 250.525 -13 4099 1 0 1
-1.58377 1.30847 19250 0.0894181 -0.135283 27.9995 250.503 -13 4100 1 0 1
11.19 -3.21275 19250 -0.153288 0.452799 27.9959 250.545 -13 4101 1 0 1
-11.0338 -7.1317 19250 0.552454 1.67868 27.9442 250.612 -13 4102 1 0 1
-15.1724 -1.19984 19250 1.1247 0.156348 27.977 250.635 -13 4103 1 0 1
7.13583 6.41166 19250 -0.0729774 -1.0939 27.9785 250.553 -13 4104 1 0 1
4.87745 5.0201 19250 -0.0219079 -0.830389 27.9877 250.534 -13 4105 1 0 1
-0.438321 0.6926 19250 0.0554055 -0.280726 27.9985 250.51 -13 4106 1 0 1
2.75066 -8.07846 19250 -0.00416788 1.52302 27.9585 250.574 -13 4107 1 0 1
-12.7792 -5.35956 19250 0.833095 1.5158 27.9465 250.655 -13 4108 1 0 1
3.58652 7.13707 19250 0.00144477 -1.13428 27.977 250.552 -13 4109 1 0 1
7.68641 1.36849 19250 -0.0674866 -0.175477 27.9994 250.524 -13 4110 1 0 1
3.94426 7.83479 19250 -0.0109483 -1.47562 27.9611 250.567 -13 4111 1 0 1
16.7688 4.18536 19250 -0.635926 -1.20436 27.9669 250.632 -13 4112 1 0 1
-1.56721 -9.67359 19250 0.119478 1.66892 27.95 250.593 -13 4113 1 0 1
-10.4644 -2.97117 19250 0.248499 0.494598 27.9945 250.52 -13 4114 1 0 1
4.13843 -6.7847 19250 0.0132868 0.971482 27.9831 250.544 -13 4115 1 0 1
16.5105 1.54124 19250 -0.322913 -0.427248 27.9949 250.568 -13 4116 1 0 1
-0.977599 -11.4097 19250 0.116866 2.62348 27.8766 250.672 -13 4117 1 0 1
8.38188 6.24878 19250 -0.111837 -1.06236 27.9796 250.559 -13 4118 1 0 1
-6.07922 -1.95869 19250 0.131146 0.312851 27.9979 250.513 -13 4119 1 0 1
-7.38036 -8.79713 19250 0.635893 2.42616 27.8874 250.69 -13 4120 1 0 1
18.1918 1.51204 19250 -0.490253 -0.350958 27.9935 250.596 -13 4121 1 0 1
-2.39768 -2.75084 19250 0.095455 0.483558 27.9957 250.51 -13 4122 1 0 1
7.71222 6.8384 19250 -0.116137 -1.35195 27.9671 250.572 -13 4123 1 0 1
11.7964 -4.33067 19250 -0.158105 0.855647 27.9865 250.55 -13 4124 1 0 1
130.412 29.6266 19250 5.68028 6.1486 26.7195 251.819 -13 4125 1 0 1
15.1564 -0.333243 19250 -0.230125 0.00246167 27.9991 250.549 -13 4126 1 0 1
-8.9505 -5.01591 19250 0.245284 0.765132 27.9885 250.529 -13 4127 1 0 1
-6.262 -6.19517 19250 0.154437 0.955766 27.9833 250.544 -13 4128 1 0 1
-8.16898 8.38112 19250 0.344613 -1.66588 27.9483 250.59 -13 4129 1 0 1
5.23996 8.47484 19250 -0.0707325 -1.48836 27.9603 250.588 -13 4130 1 0 1
-8.79258 -7.79727 19250 0.267156 1.46791 27.9602 250.583 -13 4131 1 0 1
-15.5957 0.57831 19250 0.493102 -0.00422813 27.9957 250.536 -13 4132 1 0 1
-4.91101 7.71956 19250 0.186553 -1.41038 27.9638 250.56 -13 4133 1 0 1
16.6016 -3.95542 19250 -0.326569 0.703638 27.9893 250.577 -13 4134 1 0 1
5.57363 10.6432 19250 -0.131149 -2.21228 27.9122 250.647 -13 4135 1 0 1
-6.65801 -2.22513 19250 0.188097 0.325186 27.9975 250.503 -13 4136 1 0 1
-1.2221 0.53152 19250 0.061386 -0.11509 27.9997 250.509 -13 4137 1 0 1
6.28221 10.2318 19250 -0.354495 -2.65646 27.8714 250.699 -13 4138 1 0 1
12.2202 -6.70538 19250 -0.252172 1.37152 27.9653 250.591 -13 4139 1 0 1
-1.48324 3.65847 19250 0.0673822 -0.626166 27.9929 250.52 -13 4140 1 0 1
8.90735 -5.97768 19250 1.41693 3.78322 27.707 250.904 -13 4141 1 0 1
11.399 7.54157 19250 -0.532726 -1.99618 27.9237 250.666 -13 4142 1 0 1
6.97689 3.1084 19250 -0.0386802 -0.440101 27.9965 250.523 -13 4143 1 0 1
6.02065 -2.63074 19250 -0.0471379 0.508935 27.9953 250.526 -13 4144 1 0 1
-11.2668 4.93784 19250 0.309427 -0.857589 27.9852 250.539 -13 4145 1 0 1
2.92577 -6.03834 19250 0.0187369 1.06236 27.9798 250.537 -13 4146 1 0 1
14.5641 5.91659 19250 -0.492937 -1.3537 27.9629 250.63 -13 4147 1 0 1
10.7403 0.0975734 19250 -0.109611 -0.0216086 27.9998 250.528 -13 4148 1 0 1
13.1142 2.53707 19250 -1.02002 -1.50755 27.9408 250.697 -13 4149 1 0 1
-0.772027 3.49891 19250 0.0801267 -0.654884 27.9922 250.513 -13 4150 1 0 1
48.0204 3.32731 19250 2.84131 5.24745 27.3567 251.241 -13 4151 1 0 1
-15.1265 1.10265 19250 0.472125 -0.201873 27.9953 250.533 -13 4152 1 0 1
-9.06236 0.610611 19250 0.218162 -0.0895305 27.999 250.505 -13 4153 1 0 1
-8.00223 1.62794 19250 0.207699 -0.169017 27.9987 250.504 -13 4154 1 0 1
-15.8811 -3.24644 19250 0.784517 0.626818 27.982 250.598 -13 4155 1 0 1
2.0425 10.4188 19250 -0.0138081 -2.02274 27.9268 250.628 -13 4156 1 0 1
12.4719 7.69182 19250 -0.464746 -1.87285 27.9334 250.647 -13 4157 1 0 1
13.6689 0.0780982 19250 -0.185331 0.0500601 27.9993 250.541 -13 4158 1 0 1
-3.24843 -11.3872 19250 0.301625 2.86533 27.8514 250.707 -13 4159 1 0 1
5.814 1.19459 19250 -0.024595 -0.26281 27.9988 250.516 -13 4160 1 0 1
-11.2013 -4.83856 19250 0.309348 0.856934 27.9852 250.537 -13 4161 1 0 1
-0.0386682 1.93849 19250 0.0629367 -0.226374 27.999 250.508 -13 4162 1 0 1
-10.022 -7.97387 19250 0.632986 1.98088 27.9227 250.66 -13 4163 1 0 1
-8.26036 4.42246 19250 0.206177 -0.701428 27.9905 250.526 -13 4164 1 0 1
-4.21904 2.74101 19250 0.113498 -0.459912 27.996 250.512 -13 4165 1 0 1
-11.3995 6.30535 19250 0.297167 -1.10116 27.9768 250.567 -13 4166 1 0 1
-0.851901 -2.97987 19250 0.0698614 0.484107 27.9957 250.512 -13 4167 1 0 1
-2.34308 -10.397 19250 0.685833 3.09613 27.8198 250.763 -13 4168 1 0 1
5.89398 9.08306 19250 -0.108657 -1.7797 27.9432 250.605 -13 4169 1 0 1
0.228328 6.23141 19250 0.0417829 -1.05747 27.98 250.542 -13 4170 1 0 1
1.87137 6.91962 19250 0.0143961 -1.0676 27.9796 250.551 -13 4171 1 0 1
8.00894 0.71758 19250 -0.0769174 -0.121753 27.9996 250.525 -13 4172 1 0 1
-0.859255 3.9509 19250 0.0818111 -0.561821 27.9942 250.515 -13 4173 1 0 1
-9.00825 -6.48114 19250 0.872254 2.06036 27.9105 250.682 -13 4174 1 0 1
-11.5319 -6.506 19250 0.375354 1.27243 27.9686 250.574 -13 4175 1 0 1
-0.0369637 12.5188 19250 -0.0604981 -5.26346 27.5008 251.071 -13 4176 1 0 1
-2.53865 -4.84418 19250 0.118095 0.685133 27.9914 250.519 -13 4177 1 0 1
-4.03654 -1.43359 19250 0.121011 0.177332 27.9992 250.504 -13 4178 1 0 1
16.4969 4.50165 19250 -0.408751 -0.887361 27.983 250.595 -13 4179 1 0 1
-3.10773 4.45801 19250 0.0884285 -0.75883 27.9896 250.526 -13 4180 1 0 1
-5.51139 -10.4777 19250 0.503971 2.65354 27.8694 250.709 -13 4181 1 0 1
-8.9527 -6.89748 19250 0.839676 2.04258 27.9128 250.678 -13 4182 1 0 1
-9.43375 -3.53103 19250 0.257053 0.594299 27.9925 250.516 -13 4183 1 0 1
0.162655 -3.70398 19250 0.0474105 0.553937 27.9945 250.52 -13 4184 1 0 1
-9.48867 5.629 19250 -1.452 -3.88065 27.6917 250.918 -13 4185 1 0 1
-4.90442 3.55627 19250 0.13605 -0.596318 27.9933 250.515 -13 4186 1 0 1
-15.4423 -3.02682 19250 0.805143 0.679909 27.9802 250.593 -13 4187 1 0 1
-6.07384 -7.57502 19250 0.191724 1.34644 27.967 250.563 -13 4188 1 0 1
8.86204 6.88988 19250 -0.116358 -1.20419 27.9739 250.566 -13 4189 1 0 1
2.06999 -12.4104 19250 -0.245575 3.32315 27.801 250.779 -13 4190 1 0 1
8.16648 -7.15834 19250 -0.129247 1.32064 27.9685 250.576 -13 4191 1 0 1
-3.59405 4.54144 19250 0.108246 -0.72721 27.9903 250.524 -13 4192 1 0 1
5.18406 7.13503 19250 -0.0334227 -1.30371 27.9696 250.559 -13 4193 1 0 1
1.80844 6.84003 19250 0.0151256 -1.06239 27.9798 250.55 -13 4194 1 0 1
76.9842 25.0613 19250 4.52811 4.36406 27.2846 251.404 -13 4195 1 0 1
-16.0948 1.796 19250 0.750045 -0.491255 27.9856 250.575 -13 4196 1 0 1
14.6725 3.43551 19250 -0.244929 -0.658467 27.9912 250.561 -13 4197 1 0 1
-1.46589 -10.4006 19250 0.718938 3.32122 27.793 250.803 -13 4198 1 0 1
-10.7347 -5.62621 19250 0.307283 1.12617 27.9757 250.55 -13 4199 1 0 1
2.87301 0.683127 19250 0.0114787 -0.117266 27.9998 250.512 -13 4200 1 0 1
16.3851 0.726727 19250 2.09933 3.4223 27.7107 250.939 -13 4201 1 0 1
9.43728 9.18596 19250 -0.257995 -1.98726 27.9282 250.633 -13 4202 1 0 1
149.359 34.9485 19250 6.22191 6.3949 26.5404 251.95 -13 4203 1 0 1
7.3075 9.246 19250 -0.601082 -2.64043 27.8687 250.726 -13 4204 1 0 1
13.3825 -4.7619 19250 -0.254312 0.961295 27.9823 250.571 -13 4205 1 0 1
-4.45833 -10.9956 19250 0.37974 2.6326 27.8734 250.69 -13 4206 1 0 1
1.93345 -1.99686 19250 0.0292871 0.318001 27.9982 250.512 -13 4207 1 0 1
1.75008 -9.03554 19250 0.932582 3.59074 27.7531 250.836 -13 4208 1 0 1
-3.88854 7.58179 19250 0.177826 -1.29924 27.9693 250.549 -13 4209 1 0 1
5.93577 5.94385 19250 -0.0447789 -1.09123 27.9787 250.545 -13 4210 1 0 1
-1.88666 -12.0103 19250 0.364197 3.2132 27.8126 250.758 -13 4211 1 0 1
6.63531 11.0035 19250 -0.244947 -2.43085 27.8932 250.681 -13 4212 1 0 1
5.7649 1.66233 19250 -0.0264809 -0.244163 27.9989 250.517 -13 4213 1 0 1
-11.1846 -4.54941 19250 0.298663 0.834078 27.986 250.535 -13 4214 1 0 1
5.43461 -0.567735 19250 0.000960089 0.0307618 28 250.508 -13 4215 1 0 1
-1.0196 -6.74573 19250 0.0919287 1.15409 27.9761 250.541 -13 4216 1 0 1
37.2145 2.90333 19250 2.65147 4.49704 27.509 251.135 -13 4217 1 0 1
7.62359 9.50994 19250 -0.149592 -1.85679 27.938 250.617 -13 4218 1 0 1
-8.77846 -1.08204 19250 0.217432 0.142275 27.9988 250.505 -13 4219 1 0 1
-12.0793 6.373 19250 0.528501 -1.5076 27.9544 250.599 -13 4220 1 0 1
-2.95088 8.04072 19250 0.135835 -1.34852 27.9672 250.561 -13 4221 1 0 1
4.24996 -1.06494 19250 -0.00250159 0.223745 27.9991 250.513 -13 4222 1 0 1
-3.04924 6.48671 19250 0.0855388 -1.03107 27.9809 250.547 -13 4223 1 0 1
5.26479 -9.82582 19250 -0.104657 1.9506 27.9318 250.621 -13 4224 1 0 1
-4.4221 9.19651 19250 0.140691 -1.6172 27.9529 250.597 -13 4225 1 0 1
-7.62283 0.709061 19250 -1.80397 -3.00783 27.7795 250.871 -13 4226 1 0 1
-25.6349 5.18034 19250 -1.68327 -5.57984 27.3867 251.156 -13 4227 1 0 1
4.35589 -0.055834 19250 -0.0238457 0.0612522 27.9999 250.519 -13 4228 1 0 1
-11.8795 5.285 19250 0.376031 -1.03156 27.9785 250.549 -13 4229 1 0 1
-8.24282 7.78412 19250 -1.16745 -4.28504 27.6455 250.933 -13 4230 1 0 1
3.40351 -0.550331 19250 0.0161489 0.0258099 28 250.509 -13 4231 1 0 1
-9.98952 -7.5775 19250 0.560514 1.79885 27.9365 250.616 -13 4232 1 0 1
6.59235 -0.43856 19250 -0.0187541 0.094202 27.9998 250.512 -13 4233 1 0 1
0.955125 13.0993 19250 0.0446699 -3.7582 27.7466 250.822 -13 4234 1 0 1
-13.3368 -2.44122 19250 0.356744 0.396864 27.9949 250.527 -13 4235 1 0 1
8.42968 -1.48586 19250 -0.0492057 0.217348 27.9991 250.518 -13 4236 1 0 1
0.925313 10.0532 19250 0.0315885 -1.91689 27.9343 250.612 -13 4237 1 0 1
3.80858 4.75061 19250 -0.00195521 -0.713201 27.9909 250.53 -13 4238 1 0 1
17.2331 -6.44228 19250 1.49409 4.76727 27.5507 251.038 -13 4239 1 0 1
-15.8303 -2.77838 19250 0.594496 0.653772 27.9861 250.566 -13 4240 1 0 1
-4.02303 -8.86173 19250 0.165889 1.57044 27.9554 250.582 -13 4241 1 0 1
-11.5596 -6.57295 19250 0.722707 1.66357 27.9412 250.641 -13 4242 1 0 1
-9.1626 0.150847 19250 0.185686 0.0022085 27.9994 250.513 -13 4243 1 0 1
2.54496 -1.86702 19250 0.0146026 0.333969 27.998 250.514 -13 4244 1 0 1
4.3108 8.02759 19250 -0.0384813 -1.42136 27.9639 250.576 -13 4245 1 0 1
-9.54201 -0.00237694 19250 0.188296 0.00329234 27.9994 250.515 -13 4246 1 0 1
-7.9341 -6.81776 19250 0.916524 2.1839 27.8997 250.706 -13 4247 1 0 1
0.54389 -5.99696 19250 0.0438364 0.924033 27.9847 250.537 -13 4248 1 0 1
11.7703 4.74213 19250 -0.195889 -0.806943 27.9877 250.562 -13 4249 1 0 1
3.3163 -4.88011 19250 -0.0302852 0.799337 27.9886 250.54 -13 4250 1 0 1
3.17847 -4.55486 19250 0.0261101 0.679339 27.9917 250.523 -13 4251 1 0 1
-5.34618 2.42781 19250 0.132798 -0.29786 27.9981 250.511 -13 4252 1 0 1
11.5413 -4.1243 19250 -0.19352 0.859111 27.9861 250.559 -13 4253 1 0 1
2.55419 9.39964 19250 -0.00136057 -1.72967 27.9465 250.595 -13 4254 1 0 1
-8.7504 -7.43792 19250 0.271221 1.35383 27.9659 250.571 -13 4255 1 0 1
-0.545025 -5.91177 19250 0.0693467 1.01469 27.9815 250.534 -13 4256 1 0 1
-4.74199 10.8473 19250 0.325108 -2.39237 27.8957 250.663 -13 4257 1 0 1
-9.93656 -5.16804 19250 0.266901 0.850433 27.9858 250.536 -13 4258 1 0 1
10.1043 1.38328 19250 -1.39379 -1.33939 27.9332 250.748 -13 4259 1 0 1
-13.5297 5.76469 19250 0.689359 -1.42866 27.955 250.632 -13 4260 1 0 1
4.843 7.39367 19250 -0.0595842 -1.34376 27.9677 250.571 -13 4261 1 0 1
-4.20353 -9.50727 19250 0.701958 2.83431 27.8473 250.73 -13 4262 1 0 1
3.29626 6.78056 19250 -0.000911688 -1.09149 27.9787 250.549 -13 4263 1 0 1
11.5583 7.2289 19250 -0.253912 -1.45996 27.9608 250.598 -13 4264 1 0 1
21.1975 5.27772 19250 2.51124 3.18528 27.7047 250.98 -13 4265 1 0 1
16.7143 1.627 19250 -0.3481 -0.246527 27.9968 250.574 -13 4266 1 0 1
2.62355 -4.61625 19250 0.0192226 0.671079 27.992 250.527 -13 4267 1 0 1
-6.13887 4.86007 19250 0.177081 -0.806544 27.9878 250.522 -13 4268 1 0 1
-6.71331 -5.47643 19250 0.172809 1.01479 27.9811 250.535 -13 4269 1 0 1
14.9396 1.66611 19250 2.17779 3.11203 27.7412 250.937 -13 4270 1 0 1
-12.2271 3.0198 19250 0.315696 -0.435176 27.9948 250.525 -13 4271 1 0 1
7.73648 6.94914 19250 -0.109253 -1.22874 27.9728 250.569 -13 4272 1 0 1
-4.0403 5.67502 19250 0.119177 -0.984873 27.9824 250.534 -13 4273 1 0 1
10.224 8.65937 19250 -0.3716 -1.931 27.9309 250.65 -13 4274 1 0 1
-4.08322 7.38128 19250 0.122879 -1.29799 27.9696 250.561 -13 4275 1 0 1
-13.042 -2.10531 19250 0.336613 0.338078 27.9959 250.524 -13 4276 1 0 1
-30.6575 -1.93759 19250 -2.40494 -4.39112 27.5488 251.042 -13 4277 1 0 1
13.7332 -3.16427 19250 -0.216376 0.509313 27.9945 250.555 -13 4278 1 0 1
-1.8894 7.29425 19250 0.0822853 -1.20605 27.9739 250.555 -13 4279 1 0 1
-14.4724 0.0278915 19250 1.26617 0.0163616 27.9714 250.661 -13 4280 1 0 1
14.6588 1.31936 19250 -0.236361 -0.278316 27.9976 250.553 -13 4281 1 0 1
4.69314 -1.51373 19250 0.000370342 0.285358 27.9985 250.512 -13 4282 1 0 1
6.63777 -9.43998 19250 -0.122387 1.86038 27.9379 250.612 -13 4283 1 0 1
14.5103 -1.8224 19250 -0.238177 0.367834 27.9966 250.554 -13 4284 1 0 1
-0.98882 1.58721 19250 0.068051 -0.267678 27.9986 250.508 -13 4285 1 0 1
-6.30269 -6.17532 19250 0.176018 0.913438 27.9845 250.539 -13 4286 1 0 1
8.62753 9.13354 19250 -0.448131 -2.3841 27.8947 250.683 -13 4287 1 0 1
2.11497 -5.32138 19250 0.0118088 0.836349 27.9875 250.534 -13 4288 1 0 1
-1.64184 -11.4992 19250 0.147768 2.5852 27.88 250.673 -13 4289 1 0 1
-7.13837 2.62608 19250 0.179552 -0.431949 27.9961 250.509 -13 4290 1 0 1
13.946 4.96087 19250 -0.206486 -0.859977 27.986 250.559 -13 4291 1 0 1
-14.6802 -1.9225 19250 0.407625 0.503126 27.9925 250.538 -13 4292 1 0 1
9.31802 -8.88165 19250 -0.316787 1.94089 27.9309 250.642 -13 4293 1 0 1
-4.32265 -4.27973 19250 0.165906 0.704353 27.9906 250.511 -13 4294 1 0 1
-3.07141 -7.44116 19250 0.108963 1.23292 27.9726 250.557 -13 4295 1 0 1
6.11618 10.5185 19250 -0.3733 -2.69002 27.868 250.709 -13 4296 1 0 1
-8.20032 -0.483887 19250 0.213723 0.0527375 27.9991 250.501 -13 4297 1 0 1
188.75 32.0623 19250 6.71494 8.3222 25.8776 252.44 -13 4298 1 0 1
-4.4329 -7.42856 19250 0.954916 2.67301 27.8558 250.745 -13 4299 1 0 1
9.18643 -1.07006 19250 -0.0678446 0.0939725 27.9998 250.52 -13 4300 1 0 1
2.12744 -7.5956 19250 0.0400856 1.26519 27.9714 250.555 -13 4301 1 0 1
11.2204 4.75642 19250 -0.961292 -1.82235 27.9241 250.712 -13 4302 1 0 1
15.06 3.45009 19250 -0.259196 -0.63899 27.9915 250.564 -13 4303 1 0 1
16.1411 2.44652 19250 -0.313979 -0.482875 27.9941 250.57 -13 4304 1 0 1
165.659 44.7627 19250 6.83337 6.25085 26.4241 252.054 -13 4305 1 0 1
-3.05671 -11.5314 19250 0.361165 2.85578 27.8516 250.711 -13 4306 1 0 1
0.229973 -8.73949 19250 0.0422735 1.63883 27.952 250.583 -13 4307 1 0 1
-13.0215 3.33075 19250 0.352744 -0.597648 27.9914 250.534 -13 4308 1 0 1
2.09914 -4.44513 19250 0.0233037 0.737666 27.9903 250.525 -13 4309 1 0 1
-13.1711 5.56496 19250 0.567834 -1.4105 27.9587 250.6 -13 4310 1 0 1
-14.6139 5.15091 19250 0.502127 -1.02099 27.9769 250.584 -13 4311 1 0 1
-0.50771 -11.3702 19250 0.0832703 2.2714 27.9076 250.653 -13 4312 1 0 1
-12.5468 9.39267 19250 -0.741817 -6.54432 27.2144 251.335 -13 4313 1 0 1
0.39171 -13.0614 19250 0.0142025 4.37293 27.6564 250.914 -13 4314 1 0 1
5.95709 10.279 19250 -0.174262 -2.23257 27.9103 250.649 -13 4315 1 0 1
12.0175 0.529958 19250 -0.143594 -0.0608666 27.9996 250.534 -13 4316 1 0 1
-9.5552 8.07639 19250 0.565021 -2.05873 27.9185 250.65 -13 4317 1 0 1
-5.42725 -1.46599 19250 0.151497 0.258906 27.9984 250.503 -13 4318 1 0 1
-6.98289 0.286856 19250 0.153397 -0.0549789 27.9995 250.508 -13 4319 1 0 1
0.852482 3.37926 19250 0.0395761 -0.514869 27.9952 250.518 -13 4320 1 0 1
10.9235 -0.452889 19250 -0.0888605 -0.00156215 27.9999 250.522 -13 4321 1 0 1
0.136826 3.33224 19250 0.0700733 -0.572118 27.9941 250.511 -13 4322 1 0 1
-4.61735 -2.29934 19250 0.127147 0.313133 27.998 250.508 -13 4323 1 0 1
21.3744 2.85792 19250 2.34213 3.50797 27.6805 250.981 -13 4324 1 0 1
0.675001 -11.586 19250 0.523401 3.88395 27.7244 250.849 -13 4325 1 0 1
3.66571 2.00705 19250 0.000733262 -0.219187 27.9991 250.516 -13 4326 1 0 1
7.69354 -2.97292 19250 -0.0626969 0.55879 27.9944 250.528 -13 4327 1 0 1
-6.83112 -2.6608 19250 0.206211 0.377079 27.9967 250.502 -13 4328 1 0 1
-2.8813 5.48827 19250 0.0869102 -0.935402 27.9842 250.535 -13 4329 1 0 1
-8.48549 1.21165 19250 0.185583 -0.183206 27.9988 250.51 -13 4330 1 0 1
16.8136 -0.420817 19250 -0.334451 0.123039 27.9977 250.569 -13 4331 1 0 1
-10.1489 -4.48071 19250 0.274334 0.704098 27.9898 250.528 -13 4332 1 0 1
-6.11418 1.41846 19250 0.135382 -0.164023 27.9992 250.51 -13 4333 1 0 1
7.85619 -2.91625 19250 -0.0587406 0.453357 27.9963 250.526 -13 4334 1 0 1
11.5535 -1.35871 19250 -0.128319 0.212957 27.9989 250.532 -13 4335 1 0 1
10.6535 -9.00405 19250 1.0668 4.7897 27.5667 251.012 -13 4336 1 0 1
1.29228 -13.1399 19250 0.182253 4.29338 27.6683 250.908 -13 4337 1 0 1
4.99948 9.8716 19250 -0.0916124 -1.9869 27.9293 250.621 -13 4338 1 0 1
-11.5591 -2.40643 19250 0.264839 0.547011 27.9934 250.524 -13 4339 1 0 1
-15.0086 0.445944 19250 0.43008 -0.00123843 27.9967 250.53 -13 4340 1 0 1
-2.94225 -11.6227 19250 0.276346 2.77145 27.8611 250.7 -13 4341 1 0 1
-2.38574 6.91811 19250 0.136755 -1.0076 27.9815 250.536 -13 4342 1 0 1
6.23362 5.74328 19250 -0.0553799 -0.997707 27.9822 250.545 -13 4343 1 0 1
-7.68494 -8.30557 19250 0.713474 2.35625 27.8916 250.694 -13 4344 1 0 1
-7.93073 -7.8717 19250 0.234442 1.35771 27.9661 250.576 -13 4345 1 0 1
5.67867 -6.74282 19250 -0.05766 1.19939 27.9742 250.559 -13 4346 1 0 1
15.2201 -4.39104 19250 -0.307465 0.838555 27.9858 250.577 -13 4347 1 0 1
-0.998143 -3.54549 19250 0.0725606 0.446147 27.9964 250.516 -13 4348 1 0 1
-8.72273 -2.81221 19250 0.227952 0.464906 27.9952 250.51 -13 4349 1 0 1
13.5751 -2.62456 19250 -0.17365 0.452545 27.9958 250.542 -13 4350 1 0 1
-6.00077 -6.75603 19250 0.185212 1.19563 27.9738 250.548 -13 4351 1 0 1
-5.77001 3.05628 19250 0.176946 -0.481911 27.9953 250.505 -13 4352 1 0 1
-0.456177 4.99463 19250 0.0728675 -0.74683 27.9899 250.523 -13 4353 1 0 1
-10.8234 -7.40275 19250 0.475172 1.67137 27.946 250.607 -13 4354 1 0 1
12.7459 7.01815 19250 -0.554117 -1.87149 27.9319 250.657 -13 4355 1 0 1
6.50593 8.51669 19250 -0.120184 -1.53943 27.9574 250.597 -13 4356 1 0 1
8.29605 1.22602 19250 -0.0585682 -0.229597 27.999 250.52 -13 4357 1 0 1
-6.30629 -9.95195 19250 0.366321 2.20635 27.9105 250.643 -13 4358 1 0 1
-4.71935 -10.9948 19250 0.33312 2.59 27.878 250.686 -13 4359 1 0 1
-8.75144 -6.86305 19250 0.256859 1.28559 27.9693 250.561 -13 4360 1 0 1
4.81899 -11.4081 19250 0.620741 4.60961 27.611 250.957 -13 4361 1 0 1
-14.2061 -3.05584 19250 0.451519 0.580791 27.9903 250.539 -13 4362 1 0 1
-0.728417 -7.57909 19250 0.0674705 1.29122 27.9701 250.559 -13 4363 1 0 1
-10.3303 -5.25115 19250 0.280416 0.812208 27.9868 250.538 -13 4364 1 0 1
-0.329511 7.32911 19250 0.0717996 -1.2183 27.9734 250.551 -13 4365 1 0 1
15.7826 3.60062 19250 -0.307852 -0.527914 27.9933 250.575 -13 4366 1 0 1
-7.989 1.69193 19250 0.1695 -0.213553 27.9987 250.513 -13 4367 1 0 1
-2.09958 -1.50824 19250 0.0767074 0.291961 27.9984 250.509 -13 4368 1 0 1
11.9107 7.64529 19250 -0.458369 -1.8233 27.9368 250.649 -13 4369 1 0 1
2.83774 12.0493 19250 -0.0888747 -2.96577 27.8423 250.714 -13 4370 1 0 1
4.21202 3.4533 19250 -0.0295483 -0.547998 27.9946 250.53 -13 4371 1 0 1
4.98654 10.3374 19250 -0.567803 -2.96536 27.8367 250.757 -13 4372 1 0 1
-16.1058 -2.80743 19250 0.669366 0.575128 27.9861 250.576 -13 4373 1 0 1
-5.64858 4.03194 19250 0.153195 -0.6586 27.9918 250.518 -13 4374 1 0 1
-7.78302 -9.48736 19250 0.425114 2.12284 27.9162 250.646 -13 4375 1 0 1
-1.52157 4.54037 19250 0.0708605 -0.875317 27.9862 250.526 -13 4376 1 0 1
-5.32421 -3.50529 19250 0.133657 0.626214 27.9927 250.518 -13 4377 1 0 1
-0.814737 -11.8569 19250 0.147684 3.02697 27.8355 250.713 -13 4378 1 0 1
-2.92735 2.75886 19250 0.124409 -0.40635 27.9968 250.504 -13 4379 1 0 1
-15.2476 -4.13921 19250 0.726085 0.94523 27.9746 250.602 -13 4380 1 0 1
2.8201 6.6031 19250 -0.0037545 -1.16755 27.9756 250.551 -13 4381 1 0 1
-7.35156 -9.07802 19250 0.239153 1.70561 27.947 250.607 -13 4382 1 0 1
4.54712 1.76101 19250 -0.00225337 -0.210805 27.9992 250.514 -13 4383 1 0 1
-16.7695 1.05437 19250 0.683812 -0.129635 27.9913 250.567 -13 4384 1 0 1
10.4342 2.5116 19250 -0.115015 -0.379497 27.9972 250.534 -13 4385 1 0 1
4.35036 2.46412 19250 -0.014975 -0.323396 27.9981 250.52 -13 4386 1 0 1
-9.28623 7.95374 19250 0.355109 -1.6691 27.948 250.595 -13 4387 1 0 1
1.19818 3.73672 19250 0.0277995 -0.536756 27.9948 250.523 -13 4388 1 0 1
3.62871 7.81418 19250 -0.0148617 -1.41928 27.964 250.569 -13 4389 1 0 1
13.0652 5.20275 19250 -0.217405 -0.8759 27.9855 250.566 -13 4390 1 0 1
14.1804 1.91156 19250 -0.196933 -0.215052 27.9985 250.545 -13 4391 1 0 1
-4.65413 3.28312 19250 0.149497 -0.521453 27.9947 250.508 -13 4392 1 0 1
11.0282 5.21952 19250 -0.17723 -1.02218 27.9808 250.561 -13 4393 1 0 1
11.0983 3.785 19250 -0.110732 -0.643868 27.9924 250.537 -13 4394 1 0 1
-25.4676 4.41523 19250 -1.8065 -5.18127 27.4571 251.104 -13 4395 1 0 1
-7.17469 -3.95658 19250 0.17292 0.588152 27.9933 250.521 -13 4396 1 0 1
-8.47241 -4.64514 19250 0.194679 0.70913 27.9903 250.531 -13 4397 1 0 1
-11.2074 -5.58394 19250 0.333709 1.04445 27.9785 250.548 -13 4398 1 0 1
0.85378 -12.5761 19250 0.0873319 4.56373 27.6254 250.931 -13 4399 1 0 1
-13.5778 -3.91867 19250 0.897932 1.25512 27.9574 250.633 -13 4400 1 0 1
2.69765 1.48357 19250 0.0458 -0.211421 27.9992 250.503 -13 4401 1 0 1
-6.26013 5.14298 19250 0.161432 -0.925033 27.9843 250.531 -13 4402 1 0 1
-7.84799 0.502565 19250 1.64669 -1.08223 27.9306 250.747 -13 4403 1 0 1
-8.41765 -2.24116 19250 0.210833 0.361532 27.9969 250.509 -13 4404 1 0 1
-3.1781 5.23152 19250 0.116707 -0.70144 27.991 250.525 -13 4405 1 0 1
4.14191 -11.0407 19250 -0.0576766 2.43047 27.8943 250.652 -13 4406 1 0 1
-9.39778 2.55266 19250 1.28168 -1.56735 27.9267 250.709 -13 4407 1 0 1
-3.84767 -7.44281 19250 0.115878 1.1948 27.9743 250.558 -13 4408 1 0 1
0.849135 10.9228 19250 0.0235248 -2.07544 27.923 250.639 -13 4409 1 0 1
-0.304463 -2.48083 19250 0.0533997 0.443418 27.9964 250.513 -13 4410 1 0 1
-9.17792 -5.75598 19250 0.299222 1.0107 27.9802 250.535 -13 4411 1 0 1
8.03336 0.0935383 19250 -0.0691279 0.00328467 27.9999 250.523 -13 4412 1 0 1
1.19485 11.6545 19250 0.0199717 -2.51741 27.8866 250.67 -13 4413 1 0 1
-3.03847 -3.57683 19250 1.37172 2.33761 27.8685 250.763 -13 4414 1 0 1
-9.98707 1.9087 19250 0.246332 -0.325754 27.997 250.51 -13 4415 1 0 1
-8.54883 8.88859 19250 0.441266 -1.94195 27.9291 250.626 -13 4416 1 0 1
8.53354 -0.262689 19250 -0.0548213 -0.0182272 27.9999 250.517 -13 4417 1 0 1
-7.14266 -6.16054 19250 0.19001 1.00753 27.9812 250.542 -13 4418 1 0 1
-14.7306 3.84047 19250 -1.6598 -4.1509 27.6408 250.951 -13 4419 1 0 1
-7.4696 -8.90954 19250 0.669093 2.4273 27.8866 250.706 -13 4420 1 0 1
-1.27552 2.84319 19250 0.0718751 -0.36956 27.9975 250.513 -13 4421 1 0 1
43.7541 -2.51466 19250 2.24956 6.42663 27.1595 251.423 -13 4422 1 0 1
16.4265 3.85287 19250 -0.711709 -1.22578 27.9641 250.644 -13 4423 1 0 1
-13.4073 -3.86082 19250 0.417627 0.652939 27.9893 250.54 -13 4424 1 0 1
-8.62054 -3.57498 19250 0.22692 0.561866 27.9934 250.516 -13 4425 1 0 1
-16.0468 -2.54376 19250 0.712504 0.782366 27.98 250.588 -13 4426 1 0 1
14.2825 5.97639 19250 -0.319218 -1.21218 27.9719 250.592 -13 4427 1 0 1
-2.17814 2.97154 19250 0.103442 -0.41085 27.9968 250.508 -13 4428 1 0 1
-15.8522 -3.13768 19250 0.639886 0.64613 27.9852 250.574 -13 4429 1 0 1
7.79463 -8.89076 19250 -0.163715 1.84789 27.9385 250.61 -13 4430 1 0 1
6.20375 -5.57483 19250 -0.0606041 1.0891 27.9787 250.547 -13 4431 1 0 1
-9.9707 -0.199691 19250 0.230788 0.139246 27.9987 250.509 -13 4432 1 0 1
0.50235 12.1063 19250 0.0539236 -2.98254 27.8406 250.713 -13 4433 1 0 1
7.42456 8.41952 19250 -0.130475 -1.62849 27.9523 250.595 -13 4434 1 0 1
14.9738 3.57341 19250 -0.273664 -0.644614 27.9912 250.568 -13 4435 1 0 1
-10.6092 -0.419109 19250 1.47818 0.953495 27.9447 250.715 -13 4436 1 0 1
11.5615 5.48931 19250 -0.16313 -0.856267 27.9864 250.559 -13 4437 1 0 1
-9.55459 6.61472 19250 0.259565 -1.1216 27.9763 250.558 -13 4438 1 0 1
9.1466 9.23228 19250 -0.419886 -2.24042 27.9071 250.675 -13 4439 1 0 1
-11.7162 -7.28624 19250 0.507087 1.56673 27.9515 250.614 -13 4440 1 0 1
-3.33566 6.79384 19250 0.109213 -1.10102 27.9781 250.547 -13 4441 1 0 1
5.16327 10.9517 19250 -0.231818 -2.56448 27.8814 250.688 -13 4442 1 0 1
0.585523 4.99778 19250 0.0263761 -0.711062 27.991 250.534 -13 4443 1 0 1
0.757806 -9.7722 19250 0.0373256 1.8535 27.9386 250.604 -13 4444 1 0 1
0.599129 -6.54561 19250 0.0383501 1.06827 27.9796 250.544 -13 4445 1 0 1
6.57402 7.41955 19250 -0.0721843 -1.26349 27.9714 250.568 -13 4446 1 0 1
-7.76954 1.3564 19250 0.184786 -0.189357 27.9987 250.506 -13 4447 1 0 1
7.53108 10.3396 19250 -0.26528 -2.21305 27.9111 250.665 -13 4448 1 0 1
-1.72008 2.59952 19250 0.0964492 -0.310321 27.9981 250.506 -13 4449 1 0 1
-2.67451 -4.80379 19250 0.0839423 0.753575 27.9897 250.527 -13 4450 1 0 1
-1.71856 6.94633 19250 0.0879793 -1.11726 27.9776 250.546 -13 4451 1 0 1
4.78386 -3.379 19250 0.00159752 0.487807 27.9958 250.519 -13 4452 1 0 1
-40.668 -0.832648 19250 -2.46345 -5.42696 27.3584 251.171 -13 4453 1 0 1
13.5627 2.76744 19250 -0.210892 -0.356457 27.9969 250.553 -13 4454 1 0 1
-8.69674 -3.72671 19250 0.21184 0.630615 27.9921 250.521 -13 4455 1 0 1
5.30497 -1.93099 19250 -0.025135 0.2604 27.9988 250.519 -13 4456 1 0 1
-8.77045 8.73269 19250 0.315956 -1.7173 27.9455 250.61 -13 4457 1 0 1
0.517119 1.53772 19250 0.0287359 -0.364439 27.9976 250.516 -13 4458 1 0 1
0.0208243 -10.6602 19250 0.0474649 2.15106 27.9172 250.634 -13 4459 1 0 1
-6.88544 0.279883 19250 0.168378 -0.0791799 27.9994 250.503 -13 4460 1 0 1
13.201 7.47317 19250 -0.408568 -1.63961 27.949 250.631 -13 4461 1 0 1
-6.44113 4.02533 19250 0.160248 -0.640638 27.9922 250.521 -13 4462 1 0 1
-6.05242 -10.5366 19250 0.369607 2.38041 27.8962 250.672 -13 4463 1 0 1
-5.11728 1.62187 19250 0.124858 -0.302256 27.9981 250.509 -13 4464 1 0 1
9.0928 -0.762858 19250 -0.0677329 0.165779 27.9994 250.52 -13 4465 1 0 1
-15.6913 3.03341 19250 0.686458 -0.565773 27.9859 250.572 -13 4466 1 0 1
3.62676 3.71116 19250 0.00658694 -0.469655 27.9961 250.522 -13 4467 1 0 1
-5.30891 4.65386 19250 0.147643 -0.827177 27.9874 250.523 -13 4468 1 0 1
7.25616 0.853715 19250 -0.0500422 -0.0934295 27.9998 250.52 -13 4469 1 0 1
14.8073 -3.26447 19250 -0.264632 0.508287 27.9941 250.565 -13 4470 1 0 1
1.88269 -10.7648 19250 -0.000264265 2.13774 27.9183 250.635 -13 4471 1 0 1
15.3716 2.5774 19250 -0.274455 -0.446137 27.9951 250.563 -13 4472 1 0 1
-3.32869 5.18442 19250 0.137425 -0.833158 27.9873 250.52 -13 4473 1 0 1
-4.24031 3.80211 19250 0.144642 -0.553501 27.9942 250.511 -13 4474 1 0 1
1.29003 -2.91555 19250 0.0246899 0.406593 27.997 250.519 -13 4475 1 0 1
0.522791 13.09 19250 0.133784 -3.61374 27.7655 250.808 -13 4476 1 0 1
-12.4505 -0.59514 19250 0.299648 0.135365 27.9981 250.517 -13 4477 1 0 1
15.9669 -0.618464 19250 -0.316842 0.0432871 27.9982 250.568 -13 4478 1 0 1
-5.12198 -7.23625 19250 0.96287 2.58094 27.8642 250.744 -13 4479 1 0 1
53.1935 5.30122 19250 3.08144 5.21449 27.337 251.279 -13 4480 1 0 1
0.336901 -12.1291 19250 0.450844 3.8907 27.7247 250.859 -13 4481 1 0 1
17.2424 -0.890058 19250 -0.358799 0.173 27.9972 250.573 -13 4482 1 0 1
-5.35915 -3.74469 19250 0.142496 0.656437 27.9919 250.518 -13 4483 1 0 1
-13.0272 -3.48357 19250 0.360213 0.713299 27.9886 250.537 -13 4484 1 0 1
12.54 7.06518 19250 -0.285857 -1.48859 27.9589 250.601 -13 4485 1 0 1
5.36276 -0.276316 19250 -0.0192831 0.0418475 28 250.514 -13 4486 1 0 1
12.4485 7.18628 19250 -0.593107 -1.87665 27.9307 250.668 -13 4487 1 0 1
3.40112 11.7972 19250 -0.311377 -3.17931 27.8172 250.758 -13 4488 1 0 1
1.26883 -7.56507 19250 0.0399554 1.18607 27.9748 250.556 -13 4489 1 0 1
3.05562 10.1905 19250 -0.0257515 -1.86821 27.9376 250.618 -13 4490 1 0 1
-2.28875 8.93619 19250 0.0951406 -1.7675 27.944 250.592 -13 4491 1 0 1
-5.94577 -5.63673 19250 1.09416 2.26403 27.8869 250.719 -13 4492 1 0 1
12.8998 7.26289 19250 -0.356995 -1.60468 27.9517 250.619 -13 4493 1 0 1
-13.5135 2.14125 19250 1.12454 -0.938311 27.9617 250.65 -13 4494 1 0 1
6.39916 9.80109 19250 -0.141056 -1.94639 27.9319 250.626 -13 4495 1 0 1
-15.4431 3.34878 19250 0.779737 -0.798779 27.9777 250.597 -13 4496 1 0 1
15.5353 5.15977 19250 -0.421595 -1.18801 27.9716 250.604 -13 4497 1 0 1
10.7644 8.44265 19250 -0.458053 -2.03074 27.9225 250.665 -13 4498 1 0 1
-5.43829 -9.27474 19250 0.700437 2.71091 27.8597 250.729 -13 4499 1 0 1
10.9572 -5.6498 19250 -0.146267 1.18832 27.9744 250.56 -13 4500 1 0 1
-0.3641 0.337596 19250 0.0669928 -0.165953 27.9994 250.505 -13 4501 1 0 1
-12.2674 -5.97849 19250 0.437693 1.2909 27.9668 250.576 -13 4502 1 0 1
7.81724 10.1537 19250 -0.336511 -2.40594 27.8944 250.679 -13 4503 1 0 1
15.2337 1.69541 19250 -1.13249 -0.956916 27.9607 250.696 -13 4504 1 0 1
5.65044 10.5419 19250 -0.448748 -2.96401 27.8391 250.733 -13 4505 1 0 1
-10.8293 1.46909 19250 0.231006 -0.254216 27.9979 250.518 -13 4506 1 0 1
-3.04677 6.17402 19250 0.0973978 -0.95918 27.9834 250.54 -13 4507 1 0 1
12.997 -5.67545 19250 -0.252276 1.11648 27.9766 250.577 -13 4508 1 0 1
2.17586 -9.87125 19250 0.909817 3.63866 27.7477 250.861 -13 4509 1 0 1
14.6729 1.83393 19250 -0.215757 -0.341945 27.9971 250.548 -13 4510 1 0 1
-11.5935 -5.79677 19250 0.745292 1.66917 27.9403 250.631 -13 4511 1 0 1
-1.01115 3.53465 19250 0.0876293 -0.485945 27.9956 250.511 -13 4512 1 0 1
14.5266 5.29324 19250 -0.351451 -1.13736 27.9747 250.594 -13 4513 1 0 1
7.04159 0.55418 19250 -0.0356384 0.000604112 28 250.516 -13 4514 1 0 1
-0.0400849 11.6099 19250 0.0466022 -2.53129 27.8853 250.675 -13 4515 1 0 1
3.7918 0.847259 19250 0.00445488 -0.152049 27.9996 250.512 -13 4516 1 0 1
-1.99991 -11.9389 19250 0.370184 3.14504 27.8203 250.748 -13 4517 1 0 1
22.5473 -2.40704 19250 1.96015 4.39682 27.5831 251.026 -13 4518 1 0 1
-45.1863 1.68787 19250 -2.14354 -7.26356 26.9564 251.506 -13 4519 1 0 1
-13.1331 -3.05915 19250 0.369547 0.490413 27.9933 250.529 -13 4520 1 0 1
4.70862 8.86651 19250 -0.030103 -1.6016 27.9541 250.584 -13 4521 1 0 1
2.40684 -0.698519 19250 0.0210697 0.070655 27.9999 250.51 -13 4522 1 0 1
-5.56647 1.51689 19250 0.127694 -0.291029 27.9982 250.51 -13 4523 1 0 1
-9.17955 -6.83531 19250 0.271888 1.33754 27.9667 250.565 -13 4524 1 0 1
5.29323 -7.59856 19250 -0.0702805 1.31264 27.9691 250.574 -13 4525 1 0 1
-3.29183 -2.06251 19250 0.100403 0.26965 27.9985 250.509 -13 4526 1 0 1
-3.39854 -11.3256 19250 0.238279 2.46923 27.8899 250.67 -13 4527 1 0 1
-5.3462 -2.43544 19250 0.11625 0.364519 27.9974 250.515 -13 4528 1 0 1
8.33435 4.19791 19250 -0.0756743 -0.68928 27.9914 250.536 -13 4529 1 0 1
4.82535 -3.11753 19250 -0.0145945 0.375639 27.9975 250.522 -13 4530 1 0 1
4.98074 -8.37795 19250 -0.0394407 1.41098 27.9644 250.578 -13 4531 1 0 1
15.661 -4.24896 19250 -0.361269 0.796197 27.9863 250.587 -13 4532 1 0 1
-2.91081 -11.2995 19250 0.436973 3.07381 27.8273 250.739 -13 4533 1 0 1
34.3522 6.1791 19250 1.25648 -8.34804 26.697 251.897 -13 4534 1 0 1
3.96899 6.12247 19250 0.024539 -1.04135 27.9806 250.532 -13 4535 1 0 1
0.537647 -12.7412 19250 0.270951 3.58495 27.7682 250.797 -13 4536 1 0 1
-1.17041 -10.3644 19250 0.6973 3.39335 27.7849 250.8 -13 4537 1 0 1
-2.32572 -9.23959 19250 0.130479 1.72931 27.9462 250.588 -13 4538 1 0 1
-13.8115 -0.347508 19250 0.361494 0.0444935 27.9976 250.522 -13 4539 1 0 1
10.9746 7.39691 19250 -0.239459 -1.42143 27.9629 250.599 -13 4540 1 0 1
14.435 -1.67577 19250 -0.23823 0.225824 27.9981 250.554 -13 4541 1 0 1
8.35935 7.44673 19250 -0.135036 -1.27287 27.9707 250.58 -13 4542 1 0 1
-7.67511 6.42918 19250 0.21896 -1.17877 27.9743 250.549 -13 4543 1 0 1
-2.11297 8.40777 19250 0.100619 -1.45513 27.962 250.573 -13 4544 1 0 1
4.39164 1.60848 19250 -0.000376556 -0.261414 27.9988 250.513 -13 4545 1 0 1
9.17601 3.90083 19250 -0.10088 -0.523088 27.9949 250.541 -13 4546 1 0 1
8.87034 -5.22658 19250 -0.0804627 0.871409 27.9863 250.541 -13 4547 1 0 1
15.1355 5.93103 19250 -0.488055 -1.42289 27.9596 250.625 -13 4548 1 0 1
-1.8481 -4.8399 19250 0.0757111 0.894906 27.9856 250.527 -13 4549 1 0 1
-6.73742 1.95165 19250 0.181197 -0.296752 27.9978 250.503 -13 4550 1 0 1
-10.8488 -6.01695 19250 0.359872 1.24554 27.97 250.558 -13 4551 1 0 1
-11.918 -2.44551 19250 0.284989 0.409167 27.9956 250.522 -13 4552 1 0 1
-3.37832 -6.94889 19250 0.134588 1.27484 27.9706 250.548 -13 4553 1 0 1
1.6109 -12.6407 19250 -0.0899801 3.07605 27.8304 250.746 -13 4554 1 0 1
-2.15359 2.76487 19250 0.107085 -0.439963 27.9963 250.505 -13 4555 1 0 1
-1.40368 1.31114 19250 0.0777576 -0.216331 27.9991 250.506 -13 4556 1 0 1
5.37043 8.05895 19250 -0.0300153 -1.41829 27.964 250.569 -13 4557 1 0 1
11.8371 -5.09312 19250 -0.158591 0.896527 27.9852 250.554 -13 4558 1 0 1
-6.82723 4.82102 19250 0.17573 -0.738749 27.9897 250.526 -13 4559 1 0 1
0.924142 11.0052 19250 0.0337176 -2.23281 27.9108 250.642 -13 4560 1 0 1
-6.2182 -9.87095 19250 0.314373 2.12992 27.9171 250.634 -13 4561 1 0 1
4.89049 -1.29308 19250 -0.0180187 0.329338 27.9981 250.517 -13 4562 1 0 1
9.29181 9.38207 19250 -0.291377 -2.06801 27.922 250.645 -13 4563 1 0 1
4.80041 -10.4682 19250 -0.0796146 2.13578 27.9183 250.633 -13 4564 1 0 1
7.47571 1.17133 19250 -0.0224041 -0.0883902 27.9999 250.512 -13 4565 1 0 1
8.76755 9.11328 19250 -0.288275 -2.06081 27.9226 250.643 -13 4566 1 0 1
7.43571 -1.00596 19250 -0.0764949 0.114352 27.9997 250.527 -13 4567 1 0 1
-12.2418 0.430606 19250 0.291071 -0.0312719 27.9985 250.515 -13 4568 1 0 1
-6.28738 -4.90489 19250 0.154661 0.838156 27.987 250.529 -13 4569 1 0 1
6.12385 -1.72427 19250 -0.0118305 0.153948 27.9996 250.513 -13 4570 1 0 1
7.73222 9.41247 19250 -0.187806 -2.04572 27.9245 250.627 -13 4571 1 0 1
5.99977 3.39039 19250 -0.0300156 -0.513742 27.9953 250.524 -13 4572 1 0 1
-13.2972 1.70754 19250 0.376471 -0.291202 27.996 250.52 -13 4573 1 0 1
-3.62317 -0.0503236 19250 0.102096 -0.0485457 27.9998 250.506 -13 4574 1 0 1
-3.6965 -2.90015 19250 0.101083 0.34701 27.9977 250.514 -13 4575 1 0 1
12.2696 6.26985 19250 -0.233523 -1.22747 27.9721 250.58 -13 4576 1 0 1
-15.3193 -1.39909 19250 0.481432 0.244004 27.9948 250.537 -13 4577 1 0 1
9.87046 4.20611 19250 -0.114527 -0.665157 27.9919 250.543 -13 4578 1 0 1
-62.1887 -4.44047 19250 -3.06835 -6.36633 27.0934 251.374 -13 4579 1 0 1
11.5415 0.837195 19250 -0.134198 -0.16786 27.9992 250.533 -13 4580 1 0 1
-6.58098 9.21468 19250 0.280835 -1.93134 27.9319 250.611 -13 4581 1 0 1
-7.50743 -2.4917 19250 0.174532 0.333164 27.9975 250.512 -13 4582 1 0 1
-12.0257 7.93449 19250 -1.21078 -4.7725 27.5637 250.998 -13 4583 1 0 1
1.85855 -0.149769 19250 0.0469635 0.00203642 28 250.503 -13 4584 1 0 1
16.5871 -0.369265 19250 -0.299132 0.0934475 27.9982 250.562 -13 4585 1 0 1
7.92995 9.91194 19250 -0.247622 -2.24968 27.9084 250.651 -13 4586 1 0 1
0.0145747 -11.9965 19250 0.438011 3.67966 27.7537 250.815 -13 4587 1 0 1
1.68797 1.88776 19250 0.0423331 -0.230673 27.999 250.508 -13 4588 1 0 1
1.66816 4.02377 19250 0.0441464 -0.509372 27.9953 250.519 -13 4589 1 0 1
9.01619 -9.50438 19250 -0.266222 2.13124 27.9175 250.644 -13 4590 1 0 1
3.69331 6.45099 19250 -0.0126897 -0.969608 27.9832 250.548 -13 4591 1 0 1
-33.7005 3.40814 19250 -2.00395 -5.79187 27.321 251.217 -13 4592 1 0 1
-1.79615 -8.85662 19250 0.101507 1.67771 27.9495 250.582 -13 4593 1 0 1
-2.78894 0.312464 19250 0.0877702 -0.0552744 27.9998 250.507 -13 4594 1 0 1
0.286953 13.2181 19250 0.00527915 -3.49119 27.7815 250.807 -13 4595 1 0 1
0.197183 -12.7221 19250 0.269778 3.91191 27.7241 250.852 -13 4596 1 0 1
3.21887 3.26293 19250 0.00977611 -0.505608 27.9954 250.519 -13 4597 1 0 1
-6.25927 0.248849 19250 0.152199 0.0178935 27.9996 250.504 -13 4598 1 0 1
8.25875 -5.4082 19250 -0.101882 0.861845 27.9865 250.55 -13 4599 1 0 1
6.57482 9.45315 19250 -0.101043 -1.77363 27.9436 250.606 -13 4600 1 0 1
6.2788 -11.717 19250 0.613917 4.94679 27.5527 251.029 -13 4601 1 0 1
-13.8644 1.21024 19250 0.377925 -0.335336 27.9954 250.526 -13 4602 1 0 1
-13.1074 0.567535 19250 0.322786 -0.0523226 27.9981 250.52 -13 4603 1 0 1
-10.1969 -1.71651 19250 0.220946 0.242805 27.9981 250.516 -13 4604 1 0 1
3.43139 10.7266 19250 -0.0196302 -2.04127 27.9255 250.629 -13 4605 1 0 1
-4.66925 -7.60777 19250 0.163386 1.38806 27.9651 250.561 -13 4606 1 0 1
2.54901 -10.058 19250 0.837531 3.87101 27.7185 250.875 -13 4607 1 0 1
6.92185 0.699098 19250 -0.0538014 -0.0375612 27.9999 250.521 -13 4608 1 0 1
15.8335 -2.30339 19250 -0.286556 0.475593 27.9945 250.564 -13 4609 1 0 1
-10.7625 -4.51396 19250 1.00553 1.60777 27.9357 250.662 -13 4610 1 0 1
6.77528 -1.6735 19250 -0.0305475 0.235112 27.999 250.516 -13 4611 1 0 1
9.16495 -3.52003 19250 -0.089887 0.616953 27.9931 250.535 -13 4612 1 0 1
0.367189 -0.173502 19250 0.0673332 0.0628537 27.9998 250.502 -13 4613 1 0 1
7.44771 8.3425 19250 -0.146158 -1.62598 27.9524 250.598 -13 4614 1 0 1
7.38899 8.07217 19250 -0.774381 -2.56935 27.8711 250.738 -13 4615 1 0 1
4.08828 -4.55107 19250 1.44674 3.12331 27.7876 250.834 -13 4616 1 0 1
19.6537 -0.149775 19250 -0.559019 0.0979373 27.9942 250.602 -13 4617 1 0 1
-5.6751 -1.70876 19250 0.143188 0.287594 27.9982 250.507 -13 4618 1 0 1
-4.8444 2.40249 19250 0.107367 -0.272708 27.9985 250.516 -13 4619 1 0 1
2.29357 -10.0353 19250 0.00606997 1.93957 27.9327 250.612 -13 4620 1 0 1
11.219 1.37897 19250 -0.1166 -0.194369 27.9991 250.53 -13 4621 1 0 1
-0.934672 -12.0262 19250 -0.0902423 5.47373 27.4596 251.109 -13 4622 1 0 1
-6.21446 5.87728 19250 0.169681 -1.04943 27.9798 250.538 -13 4623 1 0 1
3.07881 -11.2785 19250 0.688142 4.09034 27.6911 250.893 -13 4624 1 0 1
-10.0693 -6.07822 19250 0.295203 1.01294 27.9801 250.548 -13 4625 1 0 1
1.33857 -0.291755 19250 0.0256812 -0.0255345 28 250.511 -13 4626 1 0 1
12.8128 5.11553 19250 -0.210475 -0.818388 27.9872 250.565 -13 4627 1 0 1
-8.94215 4.86868 19250 0.236372 -0.789746 27.9879 250.528 -13 4628 1 0 1
-3.06065 9.27713 19250 0.154671 -1.9239 27.9334 250.597 -13 4629 1 0 1
-1.02696 -4.1528 19250 0.097075 0.71822 27.9906 250.514 -13 4630 1 0 1
5.98298 -4.18655 19250 -0.044745 0.702962 27.9911 250.533 -13 4631 1 0 1
11.7737 7.44166 19250 -0.305502 -1.56038 27.9548 250.613 -13 4632 1 0 1
-4.05129 5.29917 19250 0.11977 -1.02415 27.981 250.532 -13 4633 1 0 1
9.18517 -2.0423 19250 -0.0819578 0.334262 27.9979 250.526 -13 4634 1 0 1
10.5615 -6.72457 19250 -0.179574 1.24444 27.9718 250.577 -13 4635 1 0 1
-8.54596 -5.42901 19250 0.233561 1.00865 27.9809 250.535 -13 4636 1 0 1
-5.82238 7.64121 19250 0.900306 -2.49029 27.8745 250.726 -13 4637 1 0 1
8.42284 1.57978 19250 -0.0756085 -0.158863 27.9994 250.526 -13 4638 1 0 1
4.60053 -0.303405 19250 0.00395653 -0.0205387 28 250.509 -13 4639 1 0 1
-11.7982 -4.8183 19250 0.318751 0.891495 27.984 250.543 -13 4640 1 0 1
-14.0185 -2.56338 19250 0.367327 0.551045 27.9922 250.537 -13 4641 1 0 1
-6.70695 -0.0257296 19250 0.164084 0.0853531 27.9994 250.504 -13 4642 1 0 1
5.26705 -8.51339 19250 1.04663 3.96807 27.6976 250.887 -13 4643 1 0 1
-11.6192 3.04164 19250 0.286239 -0.609767 27.9919 250.526 -13 4644 1 0 1
-12.1232 -6.1714 19250 0.702544 1.57927 27.9466 250.629 -13 4645 1 0 1
-2.30114 4.6233 19250 0.0961433 -0.688933 27.9914 250.522 -13 4646 1 0 1
-29.9765 4.40546 19250 -1.79681 -5.91233 27.3096 251.216 -13 4647 1 0 1
-3.62729 4.79647 19250 0.121687 -0.71811 27.9905 250.522 -13 4648 1 0 1
-8.92926 -1.94737 19250 0.229181 0.277901 27.9977 250.507 -13 4649 1 0 1
-12.5975 -4.76641 19250 0.376751 0.920237 27.9823 250.547 -13 4650 1 0 1
7.99541 2.75689 19250 -0.0594982 -0.504122 27.9954 250.525 -13 4651 1 0 1
-1.58557 6.20777 19250 0.0669009 -1.01217 27.9816 250.542 -13 4652 1 0 1
-4.02575 -8.71135 19250 0.143637 1.50635 27.9591 250.581 -13 4653 1 0 1
-5.01308 4.38318 19250 0.179254 -0.652077 27.9918 250.511 -13 4654 1 0 1
-2.62918 -6.25934 19250 0.122119 1.05778 27.9797 250.533 -13 4655 1 0 1
9.58407 -7.85734 19250 -0.204475 1.56726 27.9554 250.6 -13 4656 1 0 1
-3.42349 11.1818 19250 0.27761 -2.44719 27.8915 250.662 -13 4657 1 0 1
9.59602 -2.03988 19250 -0.0708836 0.314404 27.9981 250.522 -13 4658 1 0 1
0.0823268 10.0494 19250 0.0609049 -2.0905 27.9218 250.616 -13 4659 1 0 1
12.6967 7.42269 19250 -0.380697 -1.59152 27.9521 250.627 -13 4660 1 0 1
0.305205 -6.62173 19250 0.0590105 1.01646 27.9815 250.541 -13 4661 1 0 1
1.68583 1.90202 19250 0.0169217 -0.323737 27.9981 250.516 -13 4662 1 0 1
71.0605 6.80663 19250 3.45795 6.19872 27.0854 251.472 -13 4663 1 0 1
-10.0327 -6.14765 19250 0.818909 1.92744 27.9216 250.658 -13 4664 1 0 1
-7.78974 -6.71363 19250 0.24081 1.28236 27.9696 250.554 -13 4665 1 0 1
-15.0878 -1.42089 19250 0.423605 0.250363 27.9957 250.536 -13 4666 1 0 1
3.63975 4.76431 19250 -0.0128897 -0.656203 27.9923 250.535 -13 4667 1 0 1
-8.42895 8.42894 19250 0.295785 -1.62205 27.9514 250.596 -13 4668 1 0 1
12.3731 -7.16959 19250 -0.262419 1.42741 27.9624 250.597 -13 4669 1 0 1
4.18473 6.2612 19250 0.00714848 -0.983251 27.9827 250.538 -13 4670 1 0 1
17.1718 3.94861 19250 -0.525606 -1.05619 27.9751 250.611 -13 4671 1 0 1
9.22645 3.10694 19250 -0.10372 -0.52324 27.9949 250.537 -13 4672 1 0 1
15.4116 -3.83173 19250 -0.284531 0.659138 27.9908 250.57 -13 4673 1 0 1
15.5559 2.22233 19250 -0.284836 -0.596633 27.9922 250.564 -13 4674 1 0 1
3.61386 -0.632671 19250 -0.00117866 0.086758 27.9999 250.514 -13 4675 1 0 1
-29.3081 2.25398 19250 -2.05848 -5.04187 27.4653 251.095 -13 4676 1 0 1
2.33883 11.6203 19250 -0.015684 -2.41049 27.896 250.666 -13 4677 1 0 1
-8.65134 -1.65225 19250 0.183461 0.284385 27.998 250.513 -13 4678 1 0 1
1.78366 3.92515 19250 -0.00264332 -0.643637 27.9926 250.532 -13 4679 1 0 1
-5.83156 -9.91771 19250 0.342169 2.32554 27.9012 250.645 -13 4680 1 0 1
4.70077 11.1696 19250 -0.217343 -2.71956 27.8668 250.697 -13 4681 1 0 1
-8.42733 -4.76046 19250 0.241599 0.851082 27.986 250.524 -13 4682 1 0 1
76.0367 6.06522 19250 3.51729 6.60153 26.9824 251.605 -13 4683 1 0 1
-8.62846 -4.13476 19250 0.222308 0.663853 27.9912 250.522 -13 4684 1 0 1
-1.18338 -12.5643 19250 0.322216 3.45179 27.7846 250.8 -13 4685 1 0 1
-9.11712 -2.16382 19250 0.219914 0.397736 27.9963 250.511 -13 4686 1 0 1
-13.2259 -4.58069 19250 0.401739 0.905848 27.9825 250.551 -13 4687 1 0 1
8.41727 1.1053 19250 -0.0634289 -0.187457 27.9993 250.521 -13 4688 1 0 1
7.71009 -3.42198 19250 -0.0392313 0.58523 27.9939 250.524 -13 4689 1 0 1
-2.3748 7.04401 19250 0.126042 -1.20501 27.9738 250.543 -13 4690 1 0 1
-4.96826 3.38015 19250 0.132024 -0.514502 27.995 250.515 -13 4691 1 0 1
-13.9383 -4.5564 19250 0.488257 1.01532 27.9773 250.563 -13 4692 1 0 1
-4.65441 -11.2175 19250 0.332036 2.62945 27.8743 250.697 -13 4693 1 0 1
-3.73463 4.73214 19250 0.10246 -0.772967 27.9891 250.527 -13 4694 1 0 1
-15.9204 -1.29604 19250 0.560125 0.256379 27.9932 250.547 -13 4695 1 0 1
5.4602 -8.29711 19250 1.08585 3.92646 27.7021 250.888 -13 4696 1 0 1
-11.5398 -6.53754 19250 0.501951 1.46781 27.957 250.588 -13 4697 1 0 1
-6.28681 -1.57941 19250 1.46986 1.70991 27.9091 250.733 -13 4698 1 0 1
-13.4219 1.70726 19250 1.20648 -0.830116 27.9617 250.666 -13 4699 1 0 1
15.548 -4.46354 19250 1.67906 4.12723 27.6432 250.973 -13 4700 1 0 1
-7.52506 0.353065 19250 0.152616 -0.0201737 27.9996 250.511 -13 4701 1 0 1
2.41747 -7.48419 19250 0.00164543 1.34711 27.9676 250.564 -13 4702 1 0 1
-3.59162 -9.78568 19250 0.161629 1.90451 27.9347 250.609 -13 4703 1 0 1
-13.562 -0.735519 19250 0.350716 0.104657 27.9976 250.521 -13 4704 1 0 1
-4.10124 -11.4234 19250 0.315262 2.55884 27.8811 250.689 -13 4705 1 0 1
13.3534 0.847047 19250 -0.159242 -0.0269631 27.9995 250.536 -13 4706 1 0 1
13.9876 -6.29452 19250 -0.348862 1.3082 27.9672 250.603 -13 4707 1 0 1
-7.63483 3.69365 19250 0.17916 -0.58941 27.9932 250.521 -13 4708 1 0 1
5.3222 4.16097 19250 -0.0407873 -0.790239 27.9888 250.534 -13 4709 1 0 1
-4.7097 -11.0775 19250 -0.645928 4.69566 27.5959 250.967 -13 4710 1 0 1
-8.22426 7.08144 19250 0.234221 -1.32984 27.9674 250.566 -13 4711 1 0 1
-12.5515 -6.31428 19250 0.539565 1.44231 27.9576 250.6 -13 4712 1 0 1
-7.09227 -9.9353 19250 0.427126 2.2518 27.906 250.661 -13 4713 1 0 1
-12.9908 -6.02463 19250 0.475502 1.10811 27.974 250.577 -13 4714 1 0 1
19.259 -0.393032 19250 -0.59626 0.0270069 27.9936 250.609 -13 4715 1 0 1
6.98895 -3.01616 19250 -0.023764 0.389532 27.9973 250.519 -13 4716 1 0 1
-12.1783 -6.43827 19250 0.5486 1.55261 27.9515 250.607 -13 4717 1 0 1
-7.7259 1.60452 19250 0.165799 -0.281963 27.9981 250.512 -13 4718 1 0 1
0.194492 12.131 19250 -0.389251 -4.01439 27.708 250.863 -13 4719 1 0 1
-1.8766 -7.78607 19250 0.112145 1.34779 27.9673 250.558 -13 4720 1 0 1
-1.20422 -6.03438 19250 1.19567 2.81454 27.8325 250.783 -13 4721 1 0 1
1.19588 -9.97882 19250 0.785278 3.67926 27.7461 250.83 -13 4722 1 0 1
-6.4948 -4.44229 19250 0.184289 0.725412 27.99 250.519 -13 4723 1 0 1
-7.06117 -9.85755 19250 0.513901 2.38763 27.8933 250.685 -13 4724 1 0 1
7.35152 -0.375638 19250 -0.0829412 0.168384 27.9994 250.529 -13 4725 1 0 1
4.98943 -7.38016 19250 -0.0336406 1.29718 27.9699 250.562 -13 4726 1 0 1
2.59871 4.03777 19250 0.0234741 -0.636799 27.9927 250.522 -13 4727 1 0 1
-7.14824 2.72147 19250 0.174176 -0.427892 27.9962 250.511 -13 4728 1 0 1
-7.69161 -8.34947 19250 0.663543 2.31145 27.8965 250.673 -13 4729 1 0 1
-3.89538 -7.31619 19250 0.155418 1.24225 27.972 250.55 -13 4730 1 0 1
-9.421 -8.0639 19250 0.582081 2.0391 27.9196 250.647 -13 4731 1 0 1
-16.189 -0.782857 19250 0.606279 0.282841 27.992 250.553 -13 4732 1 0 1
8.07307 10.0283 19250 -0.401316 -2.43647 27.8909 250.691 -13 4733 1 0 1
-3.63055 -0.355878 19250 0.11221 0.0189232 27.9998 250.503 -13 4734 1 0 1
11.0519 8.34573 19250 -0.477936 -2.0004 27.9244 250.666 -13 4735 1 0 1
-4.84278 5.68703 19250 0.138909 -0.94492 27.9837 250.533 -13 4736 1 0 1
-8.45404 4.69594 19250 0.243136 -0.626311 27.9919 250.522 -13 4737 1 0 1
9.26853 8.27711 19250 -0.179583 -1.53046 27.9576 250.6 -13 4738 1 0 1
-8.65272 1.74607 19250 0.185888 -0.321416 27.9975 250.514 -13 4739 1 0 1
13.2572 6.86874 19250 -0.622839 -1.80616 27.9347 250.666 -13 4740 1 0 1
6.47072 5.04239 19250 -0.055057 -0.797577 27.9886 250.539 -13 4741 1 0 1
-5.22987 -4.569 19250 1.2054 2.26702 27.882 250.733 -13 4742 1 0 1
-5.43335 -8.89147 19250 0.156076 1.62012 27.9527 250.595 -13 4743 1 0 1
-2.17562 -10.7814 19250 0.553527 3.27342 27.8025 250.765 -13 4744 1 0 1
-0.424682 3.47791 19250 0.0617614 -0.45077 27.9963 250.516 -13 4745 1 0 1
-1.46024 -4.24652 19250 0.0653098 0.692316 27.9914 250.524 -13 4746 1 0 1
10.9043 -8.00485 19250 -0.34661 1.81225 27.9391 250.631 -13 4747 1 0 1
-11.3355 -0.578499 19250 0.265943 0.0677399 27.9987 250.512 -13 4748 1 0 1
3.59406 11.9214 19250 0.618964 -4.29538 27.6616 250.929 -13 4749 1 0 1
-2.58217 -11.7832 19250 0.359176 2.92913 27.8441 250.721 -13 4750 1 0 1
-16.0248 2.51598 19250 0.594546 -0.58873 27.9875 250.565 -13 4751 1 0 1
13.7188 -1.82869 19250 -0.218795 0.272977 27.9978 250.551 -13 4752 1 0 1
-6.21138 6.20674 19250 0.197161 -1.06182 27.9792 250.535 -13 4753 1 0 1
-17.0427 -1.67582 19250 0.718074 0.298826 27.9892 250.584 -13 4754 1 0 1
2.31567 12.7579 19250 -0.0862015 -3.11773 27.8257 250.747 -13 4755 1 0 1
2.30406 -4.02745 19250 -0.00397452 0.709468 27.991 250.531 -13 4756 1 0 1
6.23692 -0.999413 19250 -0.0273931 0.160396 27.9995 250.515 -13 4757 1 0 1
-8.59495 -8.33678 19250 0.310447 1.71336 27.9458 250.598 -13 4758 1 0 1
-12.3331 0.131657 19250 0.283674 -0.120598 27.9983 250.518 -13 4759 1 0 1
-9.33505 -6.34995 19250 0.239803 1.0653 27.9787 250.553 -13 4760 1 0 1
16.3414 -0.835814 19250 -0.274442 0.15193 27.9982 250.557 -13 4761 1 0 1
1.0521 -12.6656 19250 0.10296 4.81029 27.5835 250.983 -13 4762 1 0 1
7.90608 -0.103233 19250 -0.0781014 0.0885793 27.9998 250.526 -13 4763 1 0 1
5.7509 1.80227 19250 -0.0209191 -0.256472 27.9988 250.516 -13 4764 1 0 1
-4.26643 -3.91186 19250 0.122179 0.554085 27.9943 250.518 -13 4765 1 0 1
-14.9466 3.50636 19250 0.451665 -0.744679 27.9865 250.558 -13 4766 1 0 1
-3.66064 -7.22286 19250 0.141126 1.34261 27.9674 250.553 -13 4767 1 0 1
7.31815 -0.850592 19250 -0.0915152 0.134483 27.9995 250.532 -13 4768 1 0 1
17.9444 0.323257 19250 -0.426192 -0.0911086 27.9966 250.584 -13 4769 1 0 1
0.359274 13.0494 19250 0.113115 -3.45887 27.7853 250.789 -13 4770 1 0 1
-7.85425 -9.38054 19250 0.321963 1.91156 27.9328 250.626 -13 4771 1 0 1
-1.32114 -1.0401 19250 0.0437692 0.1961 27.9993 250.515 -13 4772 1 0 1
2.70529 4.40915 19250 0.00492891 -0.717105 27.9908 250.529 -13 4773 1 0 1
-6.87417 6.5851 19250 -1.28272 -3.8795 27.7003 250.897 -13 4774 1 0 1
18.8669 -0.113493 19250 -0.55833 0.0384418 27.9944 250.605 -13 4775 1 0 1
-8.70841 3.17105 19250 0.200087 -0.422213 27.9961 250.518 -13 4776 1 0 1
-10.7249 -4.34562 19250 0.263623 0.552606 27.9933 250.533 -13 4777 1 0 1
-8.72729 0.675591 19250 0.209241 -0.145437 27.9988 250.505 -13 4778 1 0 1
8.53953 -2.09671 19250 -0.069075 0.24332 27.9989 250.524 -13 4779 1 0 1
2.81895 12.0159 19250 0.468666 -4.42383 27.6443 250.921 -13 4780 1 0 1
10.0263 -6.83309 19250 -0.199495 1.27311 27.9703 250.585 -13 4781 1 0 1
1.94708 -8.9137 19250 0.0053852 1.49651 27.96 250.586 -13 4782 1 0 1
11.3907 -5.62544 19250 -0.194919 0.966808 27.9826 250.567 -13 4783 1 0 1
-1.13032 6.27265 19250 0.0904011 -0.92386 27.9846 250.534 -13 4784 1 0 1
-3.93976 2.03564 19250 0.108179 -0.328545 27.9979 250.509 -13 4785 1 0 1
4.98674 -1.83945 19250 0.00844508 0.209352 27.9992 250.51 -13 4786 1 0 1
8.99569 6.34633 19250 -0.138424 -1.02696 27.9808 250.566 -13 4787 1 0 1
-6.60724 -4.85374 19250 0.197943 0.910362 27.9845 250.522 -13 4788 1 0 1
11.1115 -7.76843 19250 1.272 4.41604 27.6203 250.986 -13 4789 1 0 1
0.00671181 -4.59143 19250 0.048953 0.749128 27.9899 250.525 -13 4790 1 0 1
7.68939 5.91329 19250 -0.0865999 -0.957018 27.9835 250.551 -13 4791 1 0 1
-0.587489 -3.37828 19250 0.0700302 0.403877 27.997 250.514 -13 4792 1 0 1
16.2864 -1.67613 19250 -0.302554 0.408626 27.9954 250.565 -13 4793 1 0 1
-8.41727 -6.93005 19250 0.280716 1.19412 27.9731 250.553 -13 4794 1 0 1
5.18838 4.35875 19250 -0.0359612 -0.771172 27.9894 250.533 -13 4795 1 0 1
-3.69317 -1.83503 19250 0.116309 0.202509 27.999 250.506 -13 4796 1 0 1
9.03939 1.95483 19250 -0.0852495 -0.227356 27.9989 250.528 -13 4797 1 0 1
-15.1915 -2.02024 19250 0.51507 0.263984 27.994 250.54 -13 4798 1 0 1
-9.38247 -0.360108 19250 0.223705 -0.0401751 27.9991 250.506 -13 4799 1 0 1
-6.71332 9.77348 19250 0.373153 -2.28748 27.9039 250.651 -13 4800 1 0 1
-7.7248 4.21301 19250 0.183682 -0.679529 27.9912 250.525 -13 4801 1 0 1
4.91897 8.79237 19250 -0.0664818 -1.70933 27.9477 250.592 -13 4802 1 0 1
6.83194 3.86311 19250 -0.0663181 -0.550407 27.9945 250.536 -13 4803 1 0 1
-6.30333 -7.32463 19250 0.198342 1.18967 27.974 250.555 -13 4804 1 0 1
3.93237 -10.172 19250 -0.0700545 2.1667 27.916 250.63 -13 4805 1 0 1
-16.5224 2.77805 19250 -1.8115 -4.02195 27.6504 250.959 -13 4806 1 0 1
-9.63383 0.537127 19250 0.212621 -0.0230971 27.9992 250.51 -13 4807 1 0 1
2.8889 -2.69064 19250 0.0155021 0.297173 27.9984 250.516 -13 4808 1 0 1
-80.0217 -8.44272 19250 -3.59555 -6.94425 26.8859 251.513 -13 4809 1 0 1
-4.13615 -2.01033 19250 0.11949 0.423295 27.9965 250.508 -13 4810 1 0 1
-14.3477 3.79429 19250 -1.64529 -4.14179 27.6431 250.946 -13 4811 1 0 1
5.06776 -9.43134 19250 -0.0871847 1.83979 27.9394 250.609 -13 4812 1 0 1
0.811953 12.9859 19250 -0.154956 -3.9762 27.7158 250.858 -13 4813 1 0 1
-14.3484 -1.20381 19250 0.396955 0.187402 27.9966 250.528 -13 4814 1 0 1
-1.8218 -12.1314 19250 0.243714 2.95927 27.8421 250.722 -13 4815 1 0 1
-4.78432 -9.95209 19250 0.227282 2.03544 27.925 250.62 -13 4816 1 0 1
-11.1616 -4.61017 19250 0.987634 1.58245 27.9378 250.663 -13 4817 1 0 1
-12.3088 -6.21025 19250 0.420611 1.11127 27.9748 250.57 -13 4818 1 0 1
0.794956 5.68609 19250 0.0118387 -0.967427 27.9833 250.543 -13 4819 1 0 1
-11.7001 0.794767 19250 0.299245 -0.135069 27.9981 250.51 -13 4820 1 0 1
10.4496 2.57855 19250 -0.135113 -0.344357 27.9976 250.54 -13 4821 1 0 1
13.1967 3.59288 19250 -0.974717 -1.4922 27.9432 250.696 -13 4822 1 0 1
-5.61266 -7.32016 19250 0.189283 1.3402 27.9673 250.557 -13 4823 1 0 1
6.37756 -9.62888 19250 -0.566614 2.71653 27.8622 250.73 -13 4824 1 0 1
-3.34381 -11.0698 19250 0.245811 2.48955 27.888 250.663 -13 4825 1 0 1
-0.423564 8.24082 19250 0.0919577 -1.51872 27.9586 250.565 -13 4826 1 0 1
8.52892 -3.84886 19250 -0.0857894 0.585628 27.9937 250.537 -13 4827 1 0 1
5.31065 2.97609 19250 -0.0438205 -0.54698 27.9946 250.529 -13 4828 1 0 1
-12.8274 4.2214 19250 0.366642 -0.858333 27.9844 250.544 -13 4829 1 0 1
-8.23455 -5.08522 19250 0.197261 0.840645 27.9867 250.534 -13 4830 1 0 1
8.78222 1.28472 19250 -0.0888106 -0.222355 27.999 250.528 -13 4831 1 0 1
-1.10825 -10.1532 19250 0.127801 1.85086 27.9385 250.604 -13 4832 1 0 1
10.1581 6.8551 19250 -0.140493 -1.21647 27.9732 250.568 -13 4833 1 0 1
11.3553 -6.53165 19250 -0.196615 1.23159 27.9722 250.577 -13 4834 1 0 1
3.07053 12.2019 19250 -0.140679 -2.94805 27.844 250.724 -13 4835 1 0 1
-3.2501 -4.00274 19250 0.101028 0.709076 27.9908 250.52 -13 4836 1 0 1
1.17288 -0.554903 19250 0.0398368 0.117069 27.9997 250.508 -13 4837 1 0 1
10.0862 2.63484 19250 -0.111045 -0.300011 27.9982 250.535 -13 4838 1 0 1
5.98048 -1.83142 19250 -0.0142454 0.298483 27.9984 250.514 -13 4839 1 0 1
4.02037 3.80865 19250 -0.00885939 -0.526392 27.9951 250.527 -13 4840 1 0 1
-15.6505 -0.585426 19250 0.991415 0.271863 27.9811 250.605 -13 4841 1 0 1
4.79656 5.1074 19250 -0.0175051 -0.841172 27.9874 250.533 -13 4842 1 0 1
13.5823 -2.25017 19250 1.82357 3.59705 27.708 250.919 -13 4843 1 0 1
-15.2704 -3.726 19250 0.769619 0.944162 27.9735 250.605 -13 4844 1 0 1
14.8638 -2.58865 19250 -0.265541 0.487461 27.9945 250.562 -13 4845 1 0 1
-6.51749 6.13407 19250 -1.28673 -3.78062 27.7137 250.887 -13 4846 1 0 1
13.3042 5.52406 19250 -0.725367 -1.66353 27.9411 250.674 -13 4847 1 0 1
-7.74293 -3.12545 19250 0.21023 0.587649 27.993 250.511 -13 4848 1 0 1
4.87603 -8.03096 19250 -0.0343751 1.45493 27.9622 250.573 -13 4849 1 0 1
11.3873 3.44534 19250 -0.155587 -0.6004 27.9931 250.547 -13 4850 1 0 1
55.149 1.03836 19250 2.77505 6.3394 27.1314 251.467 -13 4851 1 0 1
10.0452 -4.28222 19250 -0.0994958 0.606821 27.9932 250.54 -13 4852 1 0 1
-16.792 1.40258 19250 0.673215 -0.309042 27.9902 250.571 -13 4853 1 0 1
0.0268391 13.068 19250 0.189744 -3.58647 27.7687 250.812 -13 4854 1 0 1
-3.16504 3.04666 19250 0.114935 -0.487984 27.9955 250.509 -13 4855 1 0 1
-2.04542 -4.41814 19250 0.0681917 0.699576 27.9912 250.527 -13 4856 1 0 1
-7.50988 -5.4531 19250 0.241827 0.935347 27.9833 250.526 -13 4857 1 0 1
-13.3444 -5.91196 19250 0.484285 1.2776 27.9666 250.59 -13 4858 1 0 1
-7.88374 7.29863 19250 0.824606 -2.22936 27.8989 250.686 -13 4859 1 0 1
-9.66878 -8.46955 19250 0.49913 1.79407 27.938 250.626 -13 4860 1 0 1
12.5601 -4.50087 19250 -0.150338 0.794944 27.9883 250.546 -13 4861 1 0 1
-2.97452 -4.13466 19250 0.0942903 0.653638 27.9922 250.521 -13 4862 1 0 1
4.13966 -10.4754 19250 -0.534135 3.15722 27.8163 250.764 -13 4863 1 0 1
10.4671 8.44558 19250 -0.300014 -1.7612 27.9429 250.627 -13 4864 1 0 1
13.2309 7.51571 19250 -0.469172 -1.71793 27.9433 250.644 -13 4865 1 0 1
-5.41862 -1.37466 19250 0.125382 0.239641 27.9987 250.509 -13 4866 1 0 1
0.815723 -7.73762 19250 1.05949 3.30271 27.7843 250.816 -13 4867 1 0 1
-0.00689891 7.6383 19250 0.067307 -1.29093 27.9701 250.557 -13 4868 1 0 1
-6.11511 9.77254 19250 0.310377 -2.13486 27.9168 250.631 -13 4869 1 0 1
12.066 1.96583 19250 2.17284 2.79158 27.7756 250.911 -13 4870 1 0 1
23.7507 -5.72459 19250 1.71282 5.12826 27.473 251.138 -13 4871 1 0 1
8.38525 1.86962 19250 -0.0711671 -0.314341 27.9981 250.525 -13 4872 1 0 1
17.6187 -3.83177 19250 -0.524244 0.795987 27.9838 250.611 -13 4873 1 0 1
-15.1965 2.17439 19250 0.473222 -0.469611 27.9921 250.543 -13 4874 1 0 1
-10.7461 -4.056 19250 0.248922 0.79933 27.9875 250.534 -13 4875 1 0 1
-7.36071 3.17165 19250 0.170261 -0.458631 27.9957 250.516 -13 4876 1 0 1
-7.18415 2.02298 19250 0.164856 -0.334921 27.9975 250.51 -13 4877 1 0 1
-0.0648773 -10.4395 19250 0.0720397 2.02579 27.9265 250.62 -13 4878 1 0 1
11.5461 6.81834 19250 -0.23338 -1.34875 27.9665 250.589 -13 4879 1 0 1
-8.64146 -6.55906 19250 0.270248 1.10681 27.9768 250.547 -13 4880 1 0 1
18.3044 0.862635 19250 -0.87103 -0.327108 27.9845 250.652 -13 4881 1 0 1
0.674943 -12.4284 19250 0.441038 3.77323 27.7411 250.84 -13 4882 1 0 1
2.67567 -6.74974 19250 0.0177932 1.17586 27.9753 250.547 -13 4883 1 0 1
6.98611 9.8266 19250 -0.384884 -2.54913 27.8811 250.691 -13 4884 1 0 1
18.5443 2.08049 19250 -0.674294 -0.557534 27.9863 250.627 -13 4885 1 0 1
5.76042 3.2493 19250 -0.0124302 -0.491426 27.9957 250.519 -13 4886 1 0 1
-1.67728 10.2674 19250 0.149922 -1.94394 27.932 250.609 -13 4887 1 0 1
-5.75074 -4.66305 19250 0.158927 0.773487 27.9889 250.522 -13 4888 1 0 1
-7.71459 5.14062 19250 0.195288 -0.856782 27.9862 250.531 -13 4889 1 0 1
12.1426 6.39326 19250 -0.247739 -1.07642 27.9782 250.586 -13 4890 1 0 1
-1.8353 -12.4218 19250 -0.207383 5.05455 27.5392 251.033 -13 4891 1 0 1
-15.3229 -2.2624 19250 0.462132 0.433789 27.9928 250.544 -13 4892 1 0 1
-7.18303 3.36182 19250 0.194296 -0.594682 27.993 250.512 -13 4893 1 0 1
2.69271 2.09639 19250 0.0320745 -0.302874 27.9983 250.509 -13 4894 1 0 1
-9.69758 8.05109 19250 0.376929 -1.51494 27.9564 250.593 -13 4895 1 0 1
0.412575 -9.44658 19250 0.0196561 1.65717 27.9509 250.599 -13 4896 1 0 1
5.61233 5.98983 19250 -0.0486975 -1.01254 27.9816 250.547 -13 4897 1 0 1
7.72701 -9.72168 19250 -0.280896 2.23088 27.9096 250.656 -13 4898 1 0 1
-16.9737 -2.00969 19250 0.751674 0.383993 27.9873 250.592 -13 4899 1 0 1
-0.75362 11.8779 19250 -0.48994 -4.09014 27.6953 250.882 -13 4900 1 0 1
9.27134 -4.95984 19250 -0.134076 0.917422 27.9846 250.553 -13 4901 1 0 1
-0.759253 -4.05541 19250 0.0718756 0.612048 27.9932 250.519 -13 4902 1 0 1
1.11099 12.0275 19250 0.0239665 -2.53729 27.8848 250.682 -13 4903 1 0 1
4.23866 -2.91722 19250 -0.0100683 0.60475 27.9935 250.522 -13 4904 1 0 1
16.8057 -1.27645 19250 -0.305828 0.277746 27.997 250.563 -13 4905 1 0 1
15.5232 3.31955 19250 -0.277034 -0.671013 27.9906 250.566 -13 4906 1 0 1
-8.55309 -2.49579 19250 0.219751 0.482014 27.995 250.51 -13 4907 1 0 1
8.38779 3.10688 19250 -0.0988055 -0.594119 27.9935 250.538 -13 4908 1 0 1
1.86638 12.5053 19250 -0.0693979 -3.2427 27.8115 250.752 -13 4909 1 0 1
12.3844 -1.87814 19250 -0.180247 0.296488 27.9979 250.545 -13 4910 1 0 1
17.765 -0.449279 19250 -0.379857 0.0952098 27.9973 250.576 -13 4911 1 0 1
16.8939 -3.31605 19250 -0.637985 1.05524 27.9728 250.63 -13 4912 1 0 1
2.33409 2.90731 19250 0.0143676 -0.397461 27.9972 250.519 -13 4913 1 0 1
-4.11231 1.98745 19250 0.124524 -0.279031 27.9983 250.505 -13 4914 1 0 1
-4.35931 -11.27 19250 0.41093 2.74816 27.8618 250.714 -13 4915 1 0 1
-3.9354 -7.1075 19250 0.14008 1.11355 27.9775 250.547 -13 4916 1 0 1
6.57343 -2.29465 19250 1.7002 3.00921 27.7859 250.86 -13 4917 1 0 1
12.7301 6.40147 19250 -0.309671 -1.33063 27.9667 250.601 -13 4918 1 0 1
12.5312 -3.64168 19250 -0.203591 0.599338 27.9928 250.557 -13 4919 1 0 1
-1.36892 -11.2432 19250 0.146899 2.40998 27.8957 250.653 -13 4920 1 0 1
-14.9786 4.04955 19250 0.646034 -1.0629 27.9724 250.591 -13 4921 1 0 1
-14.2556 2.01934 19250 0.401853 -0.314884 27.9953 250.531 -13 4922 1 0 1
-1.96732 -11.3756 19250 0.163075 2.38015 27.8982 250.659 -13 4923 1 0 1
1.14088 6.13339 19250 0.0429588 -0.968774 27.9832 250.537 -13 4924 1 0 1
-3.10637 6.58609 19250 0.124107 -1.07213 27.9792 250.539 -13 4925 1 0 1
-0.461702 -12.1766 19250 0.0680027 2.76361 27.8632 250.704 -13 4926 1 0 1
8.02562 6.06839 19250 -0.937912 -2.39585 27.8815 250.734 -13 4927 1 0 1
9.78662 8.76105 19250 -0.436287 -2.18708 27.911 250.668 -13 4928 1 0 1
-11.8281 -4.87614 19250 0.323106 0.734544 27.9885 250.541 -13 4929 1 0 1
1.86903 1.07123 19250 0.00752716 -0.150623 27.9996 250.517 -13 4930 1 0 1
-1.27358 -12.9696 19250 0.273091 3.32706 27.8003 250.793 -13 4931 1 0 1
2.25058 12.1793 19250 0.452564 -4.31419 27.6619 250.911 -13 4932 1 0 1
-15.6057 -2.25335 19250 0.478398 0.397726 27.9931 250.548 -13 4933 1 0 1
-1.04383 8.92675 19250 0.102477 -1.58315 27.955 250.577 -13 4934 1 0 1
0.0379581 3.4692 19250 0.0577532 -0.491272 27.9956 250.516 -13 4935 1 0 1
90.5995 12.1294 19250 4.15169 6.36645 26.9487 251.621 -13 4936 1 0 1
-8.96472 -8.71109 19250 0.487925 2.01172 27.9234 250.639 -13 4937 1 0 1
-5.33097 -7.21071 19250 0.15162 1.27787 27.9704 250.559 -13 4938 1 0 1
-2.55285 8.43592 19250 0.0850912 -1.50611 27.9593 250.582 -13 4939 1 0 1
-3.93443 3.17953 19250 0.109656 -0.399709 27.9969 250.515 -13 4940 1 0 1
-7.55177 -4.72556 19250 0.189358 0.7141 27.9903 250.527 -13 4941 1 0 1
-5.34464 -10.1606 19250 0.590768 2.71169 27.8621 250.724 -13 4942 1 0 1
6.45465 -4.37782 19250 -0.0447577 0.603921 27.9935 250.534 -13 4943 1 0 1
-11.3897 -1.48945 19250 0.291989 0.273958 27.9971 250.512 -13 4944 1 0 1
16.1441 0.929779 19250 -0.29252 -0.094012 27.9983 250.562 -13 4945 1 0 1
0.71604 -11.4008 19250 0.0162967 2.44809 27.8928 250.664 -13 4946 1 0 1
2.86563 -0.289203 19250 0.0402375 -0.00287962 28 250.503 -13 4947 1 0 1
0.0257975 5.52176 19250 0.0429965 -0.856241 27.9869 250.535 -13 4948 1 0 1
14.4118 5.36145 19250 -0.311777 -1.01116 27.98 250.586 -13 4949 1 0 1
-7.72265 -1.33705 19250 0.174724 0.264615 27.9982 250.509 -13 4950 1 0 1
5.08787 -0.185797 19250 -0.00408189 0.0776948 27.9999 250.511 -13 4951 1 0 1
-1.82879 -7.83766 19250 0.991875 2.96076 27.8253 250.771 -13 4952 1 0 1
1.34999 0.676785 19250 0.0112065 -0.084701 27.9999 250.516 -13 4953 1 0 1
-9.58436 -0.546248 19250 1.61861 0.795538 27.9419 250.745 -13 4954 1 0 1
-9.28205 -5.13905 19250 0.249254 0.84493 27.9861 250.532 -13 4955 1 0 1
8.21067 5.48897 19250 -0.0930507 -0.84062 27.9872 250.549 -13 4956 1 0 1
0.778228 -9.72616 19250 0.0108873 1.85188 27.9387 250.609 -13 4957 1 0 1
-16.0736 -2.78688 19250 0.571205 0.499998 27.9897 250.564 -13 4958 1 0 1
18.1241 0.777196 19250 -0.911919 -0.192461 27.9845 250.658 -13 4959 1 0 1
-15.7871 -2.92989 19250 0.653716 0.622203 27.9855 250.571 -13 4960 1 0 1
12.6684 -0.0754794 19250 -0.172066 0.0980143 27.9993 250.54 -13 4961 1 0 1
1.00921 12.8244 19250 -0.0846889 -3.62079 27.7648 250.808 -13 4962 1 0 1
-15.7864 -2.16633 19250 0.529118 0.426584 27.9917 250.551 -13 4963 1 0 1
11.0258 8.4393 19250 -0.310939 -1.72888 27.9448 250.628 -13 4964 1 0 1
9.40038 7.39418 19250 -0.168928 -1.36561 27.9662 250.586 -13 4965 1 0 1
-4.88368 1.28611 19250 0.132074 -0.182102 27.9991 250.505 -13 4966 1 0 1
-7.02833 -2.69885 19250 0.146002 0.458033 27.9959 250.518 -13 4967 1 0 1
-10.7066 -3.58068 19250 0.276015 0.727397 27.9892 250.525 -13 4968 1 0 1
0.736317 -9.31871 19250 0.0457678 1.83433 27.9398 250.594 -13 4969 1 0 1
-0.888522 7.59952 19250 0.0799283 -1.28703 27.9703 250.557 -13 4970 1 0 1
2.51651 9.13148 19250 0.0331498 -1.59247 27.9547 250.58 -13 4971 1 0 1
-2.15381 0.768733 19250 0.0921527 -0.12841 27.9996 250.503 -13 4972 1 0 1
-0.579268 -12.7396 19250 -0.0723881 5.19787 27.5132 251.073 -13 4973 1 0 1
-10.9758 7.74029 19250 0.553588 -1.69357 27.9433 250.627 -13 4974 1 0 1
-6.56661 -7.46355 19250 0.865078 2.41555 27.8822 250.708 -13 4975 1 0 1
-11.1561 -7.34766 19250 0.619413 1.77166 27.937 250.639 -13 4976 1 0 1
5.18906 4.80698 19250 -0.0149978 -0.731364 27.9904 250.53 -13 4977 1 0 1
1.06765 -9.17058 19250 0.930317 3.48106 27.7672 250.832 -13 4978 1 0 1
9.47591 3.72938 19250 -0.081172 -0.619871 27.993 250.532 -13 4979 1 0 1
9.07484 4.74424 19250 -0.0962164 -0.761 27.9895 250.542 -13 4980 1 0 1
-14.869 2.52335 19250 0.398382 -0.294902 27.9956 250.542 -13 4981 1 0 1
-2.91055 7.41538 19250 0.108857 -1.27058 27.9709 250.557 -13 4982 1 0 1
16.2434 1.24321 19250 -0.314822 -0.156941 27.9978 250.568 -13 4983 1 0 1
-12.3394 -5.38096 19250 0.46726 1.23859 27.9687 250.566 -13 4984 1 0 1
-7.69648 6.71049 19250 0.203139 -1.17463 27.9746 250.555 -13 4985 1 0 1
-14.2879 0.676808 19250 0.371071 -0.218757 27.9967 250.529 -13 4986 1 0 1
0.914475 8.23804 19250 0.0387793 -1.50363 27.9596 250.572 -13 4987 1 0 1
12.0777 0.85299 19250 -0.130346 -0.216813 27.9989 250.531 -13 4988 1 0 1
11.7439 7.0294 19250 -0.313932 -1.47376 27.9594 250.612 -13 4989 1 0 1
0.662449 -9.32352 19250 0.0248225 1.51904 27.9588 250.594 -13 4990 1 0 1
-8.12613 7.41526 19250 0.286206 -1.42231 27.9624 250.566 -13 4991 1 0 1
12.0879 0.809335 19250 -0.144397 -0.164331 27.9991 250.535 -13 4992 1 0 1
0.572339 -0.430214 19250 0.0778383 0.192739 27.9992 250.499 -13 4993 1 0 1
-9.42204 -8.6344 19250 0.40364 1.76055 27.9417 250.617 -13 4994 1 0 1
-16.3312 1.30427 19250 0.812643 -0.27464 27.9869 250.582 -13 4995 1 0 1
0.124076 -12.7786 19250 0.0903167 3.62598 27.7641 250.803 -13 4996 1 0 1
1.39321 12.7753 19250 -0.0562356 -3.25795 27.8098 250.764 -13 4997 1 0 1
-8.47405 -8.65293 19250 0.652695 2.26106 27.9009 250.69 -13 4998 1 0 1
9.06711 0.634837 19250 -0.0714065 -0.0752764 27.9998 250.521 -13 4999 1 0 1
-2.73004 -4.2372 19250 0.092524 0.658898 27.9921 250.522 -13 5000 1 0 1
-8.99288 -8.407 19250 0.532545 2.04964 27.9198 250.641 -13 5001 1 0 1
-9.45245 -2.18274 19250 0.239438 0.316335 27.9972 250.509 -13 5002 1 0 1
11.0083 -4.97191 19250 -0.185953 0.836498 27.9869 250.562 -13 5003 1 0 1
9.77791 -5.47405 19250 1.48027 3.80088 27.7013 250.918 -13 5004 1 0 1
9.46147 4.04173 19250 -1.11404 -1.96871 27.9085 250.733 -13 5005 1 0 1
-3.68964 -11.2215 19250 0.382682 2.84195 27.8528 250.71 -13 5006 1 0 1
9.25336 8.02375 19250 -0.664156 -2.38979 27.8899 250.707 -13 5007 1 0 1
-5.94379 -4.77636 19250 0.191284 0.688464 27.9909 250.518 -13 5008 1 0 1
-12.9655 -5.61091 19250 0.616939 1.32718 27.9617 250.595 -13 5009 1 0 1
16.1156 5.2827 19250 -0.563278 -1.17815 27.9695 250.631 -13 5010 1 0 1
-3.46185 9.67756 19250 0.12604 -1.89327 27.9356 250.613 -13 5011 1 0 1
2.00878 7.69011 19250 0.0323099 -1.3784 27.966 250.56 -13 5012 1 0 1
-3.37482 -10.1292 19250 0.607741 3.19393 27.8106 250.769 -13 5013 1 0 1
14.4434 6.20613 19250 -0.651045 -1.5563 27.9491 250.66 -13 5014 1 0 1
21.2253 -7.39107 19250 1.43212 5.54225 27.4086 251.186 -13 5015 1 0 1
-6.99276 9.9835 19250 0.342652 -2.03312 27.924 250.64 -13 5016 1 0 1
-15.4287 -2.12634 19250 0.893602 0.8166 27.9738 250.611 -13 5017 1 0 1
-11.7362 -6.83135 19250 0.556315 1.54455 27.9518 250.607 -13 5018 1 0 1
9.41093 -2.03775 19250 -0.0749365 0.269099 27.9986 250.524 -13 5019 1 0 1
1.35392 1.59131 19250 0.0477165 -0.293659 27.9984 250.507 -13 5020 1 0 1
0.845587 -9.03528 19250 0.0292141 1.55511 27.9568 250.587 -13 5021 1 0 1
-1.40184 -10.647 19250 0.0967955 2.07233 27.923 250.63 -13 5022 1 0 1
-4.54014 -0.902557 19250 0.123935 0.08721 27.9996 250.504 -13 5023 1 0 1
-11.2317 2.71538 19250 0.248211 -0.46655 27.995 250.525 -13 5024 1 0 1
0.962418 10.7536 19250 -0.599459 -3.70358 27.7475 250.828 -13 5025 1 0 1
14.6191 5.36325 19250 -0.299913 -1.01417 27.98 250.582 -13 5026 1 0 1
-9.98119 -1.05235 19250 0.237667 0.235109 27.998 250.509 -13 5027 1 0 1
3.5006 11.7324 19250 -0.152584 -2.83771 27.8554 250.708 -13 5028 1 0 1
4.10125 6.83388 19250 -0.953188 -2.9518 27.8277 250.769 -13 5029 1 0 1
0.291785 4.80682 19250 0.0370046 -0.656355 27.9923 250.531 -13 5030 1 0 1
-1.71774 3.15892 19250 0.073517 -0.647509 27.9924 250.517 -13 5031 1 0 1
-1.45406 -5.48518 19250 0.0940666 0.819456 27.9878 250.526 -13 5032 1 0 1
0.68309 12.6545 19250 0.0324927 -2.8883 27.8506 250.722 -13 5033 1 0 1
-7.63253 -4.67672 19250 0.205623 0.807507 27.9876 250.524 -13 5034 1 0 1
-3.70193 -3.13376 19250 0.125344 0.569935 27.9939 250.51 -13 5035 1 0 1
-1.45521 11.6327 19250 -0.525292 -4.26258 27.6687 250.898 -13 5036 1 0 1
11.5641 -0.023065 19250 -0.1309 -0.0343198 27.9997 250.532 -13 5037 1 0 1
1.86178 -10.3443 19250 0.800583 3.7333 27.7384 250.85 -13 5038 1 0 1
5.15086 -2.141 19250 -0.000822683 0.35493 27.9978 250.513 -13 5039 1 0 1
1.17227 10.8519 19250 0.0355024 -2.27719 27.9072 250.638 -13 5040 1 0 1
-9.24043 4.10236 19250 0.257459 -0.641348 27.9915 250.52 -13 5041 1 0 1
-4.14981 3.9952 19250 0.120617 -0.67417 27.9916 250.519 -13 5042 1 0 1
-5.10283 -3.18721 19250 0.128138 0.444106 27.9962 250.515 -13 5043 1 0 1
-9.71863 -1.55375 19250 0.239123 0.141825 27.9986 250.508 -13 5044 1 0 1
6.0671 0.176383 19250 -0.0334305 0.0127359 28 250.517 -13 5045 1 0 1
2.30142 -7.15404 19250 1.18006 3.28957 27.781 250.829 -13 5046 1 0 1
0.247334 10.1501 19250 -0.702101 -3.74587 27.7394 250.837 -13 5047 1 0 1
-7.60529 -6.39549 19250 0.210532 0.993946 27.9816 250.544 -13 5048 1 0 1
-2.97684 -11.3217 19250 0.490361 3.0339 27.8308 250.744 -13 5049 1 0 1
-0.155207 2.48799 19250 0.0589918 -0.41986 27.9968 250.511 -13 5050 1 0 1
1.88703 6.75913 19250 0.0275465 -1.20078 27.9742 250.548 -13 5051 1 0 1
2.57984 8.32616 19250 0.0112555 -1.43764 27.9631 250.573 -13 5052 1 0 1
8.8664 8.27366 19250 -0.111615 -1.47028 27.9611 250.583 -13 5053 1 0 1
-9.36867 -7.55184 19250 0.317472 1.44289 27.961 250.579 -13 5054 1 0 1
0.611851 -0.0355971 19250 0.0695791 -0.0244496 27.9999 250.5 -13 5055 1 0 1
160.217 43.6706 19250 6.70928 6.14966 26.4796 252.049 -13 5056 1 0 1
13.401 0.416571 19250 -0.196489 -0.0472043 27.9993 250.545 -13 5057 1 0 1
10.8289 -4.60771 19250 -0.176866 0.903027 27.9849 250.558 -13 5058 1 0 1
-0.0871383 11.8041 19250 0.0962238 -2.50743 27.8873 250.67 -13 5059 1 0 1
-10.3858 -6.70324 19250 0.781304 1.89093 27.9251 250.663 -13 5060 1 0 1
-1.95437 -7.97212 19250 0.0865625 1.42703 27.9635 250.568 -13 5061 1 0 1
-12.7759 -3.31215 19250 0.342819 0.637902 27.9906 250.533 -13 5062 1 0 1
-24.3567 3.30986 19250 -1.87597 -4.88247 27.5071 251.055 -13 5063 1 0 1
-2.42593 -11.785 19250 0.248181 2.82404 27.8561 250.704 -13 5064 1 0 1
8.42274 -4.61885 19250 -0.0848927 0.684845 27.9915 250.541 -13 5065 1 0 1
-14.3801 0.944871 19250 1.16237 -0.58913 27.9697 250.645 -13 5066 1 0 1
-3.8402 -11.3634 19250 0.395231 2.81646 27.8552 250.715 -13 5067 1 0 1
-15.009 -2.51774 19250 0.431486 0.581656 27.9906 250.546 -13 5068 1 0 1
11.3766 2.4135 19250 -0.14784 -0.35173 27.9974 250.541 -13 5069 1 0 1
-1.72143 -6.85638 19250 0.0748422 1.06573 27.9796 250.548 -13 5070 1 0 1
1.0019 -1.88268 19250 0.0558547 0.31696 27.9982 250.506 -13 5071 1 0 1
-7.73158 8.90368 19250 0.627434 -2.35189 27.894 250.688 -13 5072 1 0 1
0.355498 9.76197 19250 -0.76614 -3.6032 27.7566 250.832 -13 5073 1 0 1
2.18009 -4.9295 19250 0.0224146 0.78278 27.989 250.528 -13 5074 1 0 1
4.94964 2.78465 19250 -0.0344645 -0.421197 27.9968 250.526 -13 5075 1 0 1
-1.1699 -6.18781 19250 0.0961573 1.02228 27.9812 250.532 -13 5076 1 0 1
-6.0647 -7.22911 19250 0.183535 1.27871 27.9702 250.557 -13 5077 1 0 1
-3.49849 -3.6885 19250 1.37871 2.28398 27.8726 250.776 -13 5078 1 0 1
3.1323 2.2868 19250 0.0361753 -0.329825 27.998 250.507 -13 5079 1 0 1
15.5043 1.61473 19250 -0.259378 -0.325697 27.9969 250.556 -13 5080 1 0 1
0.620929 -4.52837 19250 0.0356903 0.67535 27.9918 250.527 -13 5081 1 0 1
8.23439 -6.47894 19250 -0.110653 1.18556 27.9747 250.563 -13 5082 1 0 1
4.13356 4.77219 19250 -0.00485542 -0.737264 27.9903 250.53 -13 5083 1 0 1
7.68656 9.78788 19250 -0.48829 -2.53965 27.8803 250.709 -13 5084 1 0 1
9.33379 8.79957 19250 -0.577825 -2.345 27.8956 250.702 -13 5085 1 0 1
-11.9831 -4.4294 19250 0.290824 0.729774 27.989 250.542 -13 5086 1 0 1
5.22036 6.99465 19250 -0.00890932 -1.14379 27.9766 250.548 -13 5087 1 0 1
4.93274 8.2866 19250 -0.0443575 -1.56644 27.9561 250.579 -13 5088 1 0 1
-0.152237 12.3691 19250 -0.399831 -4.06107 27.701 250.88 -13 5089 1 0 1
-0.552235 -4.00589 19250 0.0849195 0.777133 27.9891 250.515 -13 5090 1 0 1
16.1944 -4.6054 19250 -0.503413 1.08359 27.9745 250.614 -13 5091 1 0 1
-9.08696 7.44945 19250 0.295113 -1.4776 27.9594 250.579 -13 5092 1 0 1
-6.83486 -8.14668 19250 0.233333 1.52255 27.9576 250.578 -13 5093 1 0 1
-14.2013 4.84453 19250 0.467443 -1.00635 27.978 250.571 -13 5094 1 0 1
7.67614 0.69853 19250 -0.0470466 -0.0693019 27.9999 250.518 -13 5095 1 0 1
6.31967 -0.403252 19250 -0.0251339 0.101614 27.9998 250.514 -13 5096 1 0 1
1.16155 -7.45169 19250 0.0221493 1.42008 27.964 250.564 -13 5097 1 0 1
-2.11345 -0.0951454 19250 0.102004 0.0539479 27.9998 250.5 -13 5098 1 0 1
-15.361 -3.10324 19250 0.819846 0.822857 27.9759 250.602 -13 5099 1 0 1
-7.6845 8.95355 19250 0.486007 -2.13488 27.9143 250.635 -13 5100 1 0 1
-1.82233 9.84278 19250 0.117339 -1.78961 27.9425 250.601 -13 5101 1 0 1
8.2553 2.55712 19250 -0.0530546 -0.508646 27.9953 250.522 -13 5102 1 0 1
-8.96877 -9.14847 19250 0.350923 1.78312 27.941 250.625 -13 5103 1 0 1
-28.0059 -6.98088 19250 -2.69267 -3.52963 27.6458 251.005 -13 5104 1 0 1
-2.63403 11.0698 19250 0.52232 -3.1351 27.819 250.751 -13 5105 1 0 1
-1.62554 -4.59632 19250 0.0648066 0.684488 27.9916 250.527 -13 5106 1 0 1
-14.5168 4.59902 19250 0.717321 -1.07085 27.9703 250.601 -13 5107 1 0 1
-4.3499 -6.10181 19250 0.120956 0.980737 27.9826 250.539 -13 5108 1 0 1
-14.1826 7.37231 19250 -1.30237 -4.83191 27.5492 251.018 -13 5109 1 0 1
15.1616 0.946233 19250 -0.220444 -0.207756 27.9984 250.547 -13 5110 1 0 1
44.4212 0.308815 19250 2.54829 5.6237 27.3108 251.291 -13 5111 1 0 1
-10.4945 5.74569 19250 0.282593 -0.953845 27.9823 250.547 -13 5112 1 0 1
4.42343 3.52206 19250 -0.00423503 -0.605755 27.9934 250.522 -13 5113 1 0 1
-4.84896 -6.71736 19250 0.159516 1.26602 27.9709 250.548 -13 5114 1 0 1
-6.4452 1.49529 19250 0.166954 -0.276553 27.9981 250.504 -13 5115 1 0 1
6.03241 4.90746 19250 -0.0198518 -0.885268 27.986 250.529 -13 5116 1 0 1
-11.7126 -3.83265 19250 0.321397 0.725418 27.9888 250.53 -13 5117 1 0 1
1.22203 -11.6827 19250 0.573158 3.92334 27.7178 250.868 -13 5118 1 0 1
-2.26686 -8.82574 19250 0.845813 3.09941 27.8151 250.771 -13 5119 1 0 1
4.85932 8.39179 19250 -0.0425603 -1.50907 27.9593 250.58 -13 5120 1 0 1
13.0435 2.04457 19250 -0.159279 -0.305844 27.9979 250.538 -13 5121 1 0 1
13.2654 6.44662 19250 -0.514 -1.72021 27.9424 250.643 -13 5122 1 0 1
5.88671 -0.228406 19250 -0.0223039 0.0445159 28 250.514 -13 5123 1 0 1
6.34967 -4.70489 19250 -0.031344 0.651225 27.9924 250.532 -13 5124 1 0 1
5.49611 -1.23847 19250 -0.0100559 0.176039 27.9994 250.512 -13 5125 1 0 1
-10.1581 -4.03748 19250 0.243478 0.617947 27.9921 250.529 -13 5126 1 0 1
9.28494 2.84337 19250 -0.0753963 -0.480009 27.9958 250.527 -13 5127 1 0 1
-6.80603 7.3307 19250 0.221238 -1.42379 27.9629 250.563 -13 5128 1 0 1
-2.7783 1.3102 19250 0.0865601 -0.192445 27.9992 250.508 -13 5129 1 0 1
137.727 34.1712 19250 5.97535 6.0826 26.6702 251.872 -13 5130 1 0 1
-11.8707 -0.553802 19250 0.284887 0.114723 27.9983 250.514 -13 5131 1 0 1
-13.7143 -4.96277 19250 0.618743 1.17478 27.9685 250.585 -13 5132 1 0 1
-10.3511 -5.90556 19250 0.288543 1.1827 27.9735 250.555 -13 5133 1 0 1
13.3319 3.8152 19250 -0.192477 -0.774997 27.9886 250.552 -13 5134 1 0 1
-3.61081 -0.52932 19250 0.108029 -0.0522262 27.9997 250.505 -13 5135 1 0 1
-1.05738 -8.80709 19250 0.876713 3.27925 27.7935 250.796 -13 5136 1 0 1
-15.2926 2.7526 19250 0.501121 -0.508508 27.9909 250.548 -13 5137 1 0 1
-0.941371 -5.2146 19250 0.082912 0.934371 27.9843 250.525 -13 5138 1 0 1
8.09018 3.23243 19250 -0.0891018 -0.553187 27.9944 250.536 -13 5139 1 0 1
-4.13715 -10.879 19250 0.288103 2.44415 27.8916 250.662 -13 5140 1 0 1
0.385389 5.67024 19250 0.0545019 -0.984271 27.9826 250.532 -13 5141 1 0 1
14.9653 5.42821 19250 -0.549607 -1.45046 27.957 250.635 -13 5142 1 0 1
-8.99069 -5.77503 19250 0.984073 1.99741 27.9113 250.702 -13 5143 1 0 1
-3.39299 -0.127116 19250 0.10916 0.000321282 27.9998 250.503 -13 5144 1 0 1
-1.54906 -9.54588 19250 0.792318 3.22619 27.8022 250.783 -13 5145 1 0 1
1.98317 -1.25431 19250 0.0129408 0.150641 27.9996 250.515 -13 5146 1 0 1
-2.11624 -6.22642 19250 0.100962 1.15004 27.9762 250.539 -13 5147 1 0 1
6.68767 -0.895641 19250 -0.0560852 0.0912396 27.9998 250.523 -13 5148 1 0 1
-1.11632 2.79102 19250 0.0678245 -0.396721 27.9971 250.513 -13 5149 1 0 1
17.2227 3.18759 19250 -0.77832 -0.850119 27.9763 250.651 -13 5150 1 0 1
10.3092 7.91746 19250 -0.253129 -1.57162 27.9547 250.611 -13 5151 1 0 1
11.0075 2.64447 19250 -0.127574 -0.426237 27.9965 250.536 -13 5152 1 0 1
0.222222 -4.88041 19250 0.0684816 0.746182 27.99 250.521 -13 5153 1 0 1
3.78215 2.35806 19250 -0.0103256 -0.38818 27.9973 250.52 -13 5154 1 0 1
-4.62082 -10.055 19250 0.583697 2.87569 27.8458 250.728 -13 5155 1 0 1
10.7238 4.82657 19250 -0.109294 -0.709367 27.9908 250.543 -13 5156 1 0 1
5.24232 9.46054 19250 -0.0745091 -1.90672 27.9349 250.607 -13 5157 1 0 1
-11.107 1.29674 19250 0.286826 -0.122546 27.9983 250.509 -13 5158 1 0 1
-13.1096 -5.97219 19250 0.529735 1.16233 27.9708 250.582 -13 5159 1 0 1
-12.9549 -6.59587 19250 0.437392 1.08222 27.9757 250.587 -13 5160 1 0 1
-1.37441 -3.10689 19250 0.0773935 0.516564 27.9951 250.513 -13 5161 1 0 1
-1517.83 700.878 19250 -6.04101 2.27132 27.2461 253.516 -13 5162 1 0 1
-0.574744 2.45812 19250 0.0934436 -0.448908 27.9962 250.502 -13 5163 1 0 1
-3.59663 -10.5621 19250 0.218568 2.27873 27.9063 250.639 -13 5164 1 0 1
-3.74687 -7.95232 19250 0.154718 1.43248 27.9629 250.563 -13 5165 1 0 1
11.4743 2.33638 19250 -0.118292 -0.380793 27.9972 250.532 -13 5166 1 0 1
0.458039 4.84892 19250 0.0503306 -0.751032 27.9899 250.525 -13 5167 1 0 1
-14.81 -0.880344 19250 0.461893 0.252648 27.995 250.53 -13 5168 1 0 1
4.95519 -2.27478 19250 0.00763754 0.38221 27.9974 250.512 -13 5169 1 0 1
-2.92913 -3.75531 19250 0.101722 0.508124 27.9952 250.516 -13 5170 1 0 1
14.0181 1.7564 19250 -0.208161 -0.277327 27.9979 250.548 -13 5171 1 0 1
-9.66159 6.85568 19250 0.308511 -1.18389 27.9733 250.559 -13 5172 1 0 1
-11.1075 -3.03103 19250 0.260341 0.678566 27.9906 250.527 -13 5173 1 0 1
10.6604 1.45059 19250 -0.137636 -0.319986 27.9978 250.537 -13 5174 1 0 1
8.39507 1.197 19250 -0.0862933 -0.0892288 27.9997 250.528 -13 5175 1 0 1
-4.25091 -1.99571 19250 0.138892 0.372168 27.9972 250.503 -13 5176 1 0 1
2.35246 6.02536 19250 0.0104916 -1.04411 27.9805 250.541 -13 5177 1 0 1
7.32781 1.28058 19250 -0.0258342 -0.186797 27.9994 250.513 -13 5178 1 0 1
32.3032 -5.98619 19250 1.5857 6.96439 27.0737 251.511 -13 5179 1 0 1
-14.2826 -0.724831 19250 1.23773 0.446984 27.9691 250.663 -13 5180 1 0 1
-4.99926 6.41893 19250 0.18019 -1.17697 27.9747 250.538 -13 5181 1 0 1
-4.00606 -10.8857 19250 0.195023 2.19341 27.9133 250.649 -13 5182 1 0 1
1.68974 -3.65387 19250 0.0130765 0.55151 27.9946 250.525 -13 5183 1 0 1
-8.26305 -3.33706 19250 0.179025 0.465643 27.9956 250.521 -13 5184 1 0 1
-11.2575 -6.92793 19250 0.368422 1.32854 27.966 250.581 -13 5185 1 0 1
-0.576134 10.1423 19250 0.0499551 -1.97285 27.9304 250.621 -13 5186 1 0 1
-11.7597 -1.53287 19250 0.302571 0.274712 27.997 250.513 -13 5187 1 0 1
-13.1175 -5.27512 19250 0.432416 0.93441 27.9811 250.559 -13 5188 1 0 1
-15.072 -1.03359 19250 0.432631 0.180252 27.9961 250.534 -13 5189 1 0 1
-14.6313 -0.57001 19250 1.18564 0.403697 27.972 250.648 -13 5190 1 0 1
-3.56273 1.92362 19250 0.100613 -0.150109 27.9994 250.51 -13 5191 1 0 1
2.19383 2.00913 19250 0.0439103 -0.444308 27.9964 250.508 -13 5192 1 0 1
4.4998 -4.98774 19250 -0.0205614 0.708237 27.991 250.535 -13 5193 1 0 1
-1.89892 8.898 19250 0.117087 -1.72311 27.9467 250.581 -13 5194 1 0 1
-6.14875 -1.49052 19250 1.47435 1.77677 27.9046 250.746 -13 5195 1 0 1
-4.4307 -9.41878 19250 0.183156 1.73782 27.9454 250.597 -13 5196 1 0 1
6.25339 1.66949 19250 -0.037853 -0.218737 27.9991 250.52 -13 5197 1 0 1
-1.19377 0.60583 19250 0.0664992 -0.143054 27.9996 250.507 -13 5198 1 0 1
-4.57477 -1.22989 19250 0.131134 0.164368 27.9992 250.503 -13 5199 1 0 1
-4.83809 10.766 19250 0.342266 -2.43411 27.8919 250.666 -13 5200 1 0 1
-6.43385 -9.71295 19250 0.572121 2.56633 27.8763 250.703 -13 5201 1 0 1
11.7554 6.08884 19250 -0.207178 -1.09498 27.9778 250.573 -13 5202 1 0 1
4.1934 3.29715 19250 0.0202839 -0.494354 27.9956 250.514 -13 5203 1 0 1
-8.5673 -5.836 19250 0.255682 1.02635 27.98 250.537 -13 5204 1 0 1
-13.132 -5.66207 19250 0.47079 1.20478 27.9701 250.578 -13 5205 1 0 1
-4.94611 -4.64576 19250 0.146198 0.741465 27.9898 250.521 -13 5206 1 0 1
-9.82599 9.68768 19250 -0.989977 -4.87587 27.5544 251.019 -13 5207 1 0 1
15.0635 -3.11068 19250 -0.27103 0.533411 27.9936 250.565 -13 5208 1 0 1
13.3071 -3.57088 19250 -0.184422 0.621952 27.9925 250.55 -13 5209 1 0 1
-8.72687 -7.85427 19250 0.64107 2.13421 27.9112 250.651 -13 5210 1 0 1
2.59697 6.5555 19250 0.015362 -1.06588 27.9797 250.544 -13 5211 1 0 1
4.32255 -2.62342 19250 -0.0149415 0.382015 27.9974 250.521 -13 5212 1 0 1
-6.44271 -2.87547 19250 0.156632 0.360631 27.9972 250.513 -13 5213 1 0 1
3.6053 9.79039 19250 -0.0474312 -1.85649 27.9383 250.612 -13 5214 1 0 1
-4.0391 -5.88892 19250 0.129008 0.939323 27.9839 250.533 -13 5215 1 0 1
8.30425 -4.64939 19250 -0.076998 0.708176 27.9909 250.539 -13 5216 1 0 1
14.5651 4.91162 19250 -0.252423 -0.899636 27.9844 250.568 -13 5217 1 0 1
-0.377959 12.6049 19250 0.287554 -3.48754 27.7805 250.79 -13 5218 1 0 1
-9.52814 0.63885 19250 0.208292 -0.113304 27.999 250.511 -13 5219 1 0 1
-5.48084 5.69885 19250 0.156866 -0.933034 27.984 250.532 -13 5220 1 0 1
9.21183 8.22997 19250 -0.207878 -1.53488 27.9571 250.607 -13 5221 1 0 1
-3.00241 -6.6301 19250 0.105141 1.21149 27.9736 250.548 -13 5222 1 0 1
3.21294 3.75259 19250 0.0112228 -0.538105 27.9948 250.522 -13 5223 1 0 1
14.7116 5.9782 19250 -0.400017 -1.21652 27.9707 250.609 -13 5224 1 0 1
0.488831 -10.4936 19250 0.71626 3.6472 27.7522 250.83 -13 5225 1 0 1
11.3131 7.81084 19250 -0.266638 -1.59202 27.9534 250.608 -13 5226 1 0 1
-5.84234 2.76108 19250 0.185073 -0.410136 27.9964 250.502 -13 5227 1 0 1
-0.092875 -12.6626 19250 0.164531 3.39394 27.7931 250.771 -13 5228 1 0 1
-5.24961 -9.34144 19250 0.214534 1.77203 27.943 250.599 -13 5229 1 0 1
-16.309 1.06474 19250 0.740209 -0.298892 27.9886 250.569 -13 5230 1 0 1
17.3951 -1.54911 19250 -0.427191 0.382269 27.9941 250.588 -13 5231 1 0 1
0.691302 -1.15287 19250 0.0505574 0.155009 27.9995 250.507 -13 5232 1 0 1
0.121765 4.7654 19250 0.090288 -0.848348 27.987 250.515 -13 5233 1 0 1
1.16046 -3.75656 19250 0.0323118 0.589131 27.9938 250.522 -13 5234 1 0 1
-5.10972 9.53763 19250 -0.908109 -4.2652 27.6583 250.918 -13 5235 1 0 1
-9.99276 -8.11128 19250 0.441686 1.67426 27.9464 250.609 -13 5236 1 0 1
-0.901926 -8.89541 19250 0.0823148 1.64717 27.9514 250.582 -13 5237 1 0 1
-10.685 -6.60022 19250 0.315339 1.3244 27.9669 250.572 -13 5238 1 0 1
3.66231 -5.73746 19250 -0.0189793 0.960689 27.9835 250.542 -13 5239 1 0 1
-7.50464 -9.33904 19250 0.470947 2.36183 27.8962 250.666 -13 5240 1 0 1
-10.5428 -6.92807 19250 0.709073 1.92287 27.9249 250.654 -13 5241 1 0 1
-10.153 -4.70108 19250 0.243153 0.689416 27.9905 250.535 -13 5242 1 0 1
6.23208 11.1192 19250 -0.273978 -2.68648 27.8695 250.697 -13 5243 1 0 1
-6.23266 -6.96019 19250 0.197464 1.17874 27.9745 250.549 -13 5244 1 0 1
-12.9826 -1.32878 19250 0.340781 0.229106 27.997 250.519 -13 5245 1 0 1
7.74639 3.23686 19250 -0.0428962 -0.566578 27.9942 250.523 -13 5246 1 0 1
9.21392 7.35418 19250 -0.158643 -1.30171 27.9693 250.582 -13 5247 1 0 1
1.01935 13.0723 19250 0.0490033 -3.91359 27.7251 250.84 -13 5248 1 0 1
-0.112823 6.6858 19250 0.0543415 -1.15297 27.9762 250.547 -13 5249 1 0 1
5.49931 -10.3908 19250 -0.473956 2.91825 27.8435 250.735 -13 5250 1 0 1
2.66428 -10.4358 19250 0.816111 3.84765 27.7224 250.87 -13 5251 1 0 1
-9.39337 6.3659 19250 0.274901 -1.18414 27.9736 250.554 -13 5252 1 0 1
4.65003 12.2772 19250 0.437844 -5.02412 27.5421 251.04 -13 5253 1 0 1
-16.4921 2.08282 19250 0.655698 -0.495682 27.9879 250.572 -13 5254 1 0 1
-0.629574 12.7621 19250 0.136508 -3.08692 27.829 250.746 -13 5255 1 0 1
2.85792 10.3142 19250 -0.0220881 -2.06311 27.9239 250.624 -13 5256 1 0 1
-11.664 -2.51333 19250 0.270903 0.414592 27.9956 250.523 -13 5257 1 0 1
-1.91146 1.37748 19250 0.0894502 -0.308059 27.9982 250.505 -13 5258 1 0 1
0.0635086 -11.4569 19250 0.0387843 2.37474 27.8991 250.663 -13 5259 1 0 1
-16.7008 -1.85121 19250 0.6565 0.301907 27.9907 250.571 -13 5260 1 0 1
-3.61339 10.3286 19250 0.618375 -2.97216 27.8349 250.742 -13 5261 1 0 1
-1.3113 -10.9586 19250 0.585977 3.3646 27.7909 250.78 -13 5262 1 0 1
-16.653 0.451615 19250 0.551908 0.02054 27.9946 250.553 -13 5263 1 0 1
-12.8362 -6.11696 19250 0.582759 1.36619 27.9606 250.6 -13 5264 1 0 1
-3.43151 -6.53725 19250 0.120531 1.18407 27.9747 250.544 -13 5265 1 0 1
1.799 -12.9192 19250 0.214732 4.44892 27.6435 250.925 -13 5266 1 0 1
-9.51588 -6.42525 19250 0.275624 1.15367 27.9749 250.554 -13 5267 1 0 1
-14.5559 1.92045 19250 0.468064 -0.519804 27.9913 250.535 -13 5268 1 0 1
6.8362 8.72773 19250 -0.106413 -1.57224 27.9556 250.595 -13 5269 1 0 1
3.24925 11.8718 19250 -0.222395 -3.30083 27.8039 250.752 -13 5270 1 0 1
11.3894 2.83043 19250 -0.138949 -0.42028 27.9965 250.539 -13 5271 1 0 1
-2.97164 -9.83588 19250 0.154935 1.93951 27.9323 250.608 -13 5272 1 0 1
-6.35517 -4.45025 19250 0.170466 0.648451 27.992 250.522 -13 5273 1 0 1
6.07479 -3.58717 19250 -0.00732355 0.387264 27.9973 250.52 -13 5274 1 0 1
-1.87477 -6.76548 19250 0.117219 1.09145 27.9785 250.538 -13 5275 1 0 1
13.376 8.67022 19250 1.18525 -4.95065 27.5334 251.062 -13 5276 1 0 1
6.80956 0.0871284 19250 -0.0328839 -0.0252976 28 250.515 -13 5277 1 0 1
3.50813 -2.82634 19250 -0.00118734 0.539721 27.9948 250.52 -13 5278 1 0 1
9.69367 3.9774 19250 -1.08581 -1.96036 27.9102 250.728 -13 5279 1 0 1
-4.69404 -3.14225 19250 0.134543 0.424072 27.9965 250.511 -13 5280 1 0 1
-12.6916 -2.14513 19250 1.22 1.01044 27.9552 250.676 -13 5281 1 0 1
18.2027 1.73008 19250 -0.393458 -0.315399 27.9955 250.578 -13 5282 1 0 1
4.57731 10.3621 19250 -0.0944653 -2.10667 27.9205 250.635 -13 5283 1 0 1
-2.21081 -2.11527 19250 1.58712 2.06476 27.8786 250.783 -13 5284 1 0 1
1.75877 -1.27532 19250 0.0416748 0.18425 27.9994 250.507 -13 5285 1 0 1
-11.5889 -4.72459 19250 0.282533 0.747994 27.9886 250.542 -13 5286 1 0 1
11.9146 4.17495 19250 -0.170534 -0.636655 27.9922 250.554 -13 5287 1 0 1
10.014 -4.41326 19250 -0.16283 0.752745 27.9894 250.556 -13 5288 1 0 1
10.1217 7.13267 19250 -0.719543 -2.17571 27.9061 250.702 -13 5289 1 0 1
7.42004 7.52412 19250 -0.089307 -1.34442 27.9676 250.572 -13 5290 1 0 1
10.3862 2.28833 19250 -0.135378 -0.45096 27.996 250.539 -13 5291 1 0 1
4.13563 11.3098 19250 -0.167494 -2.62475 27.8762 250.689 -13 5292 1 0 1
11.1617 1.10629 19250 -0.127313 -0.253686 27.9986 250.532 -13 5293 1 0 1
11.3972 5.3073 19250 -0.902343 -1.88682 27.9218 250.706 -13 5294 1 0 1
-2.21735 -10.3673 19250 0.694351 3.1955 27.8084 250.782 -13 5295 1 0 1
1.48734 12.1154 19250 0.00979482 -2.88031 27.8515 250.703 -13 5296 1 0 1
6.67642 4.46905 19250 -0.0507838 -0.66365 27.9921 250.535 -13 5297 1 0 1
-9.25377 -6.40628 19250 0.291508 1.13266 27.9756 250.549 -13 5298 1 0 1
-0.342299 -12.212 19250 0.10837 2.80468 27.859 250.703 -13 5299 1 0 1
9.36993 8.04588 19250 -0.187957 -1.50228 27.959 250.599 -13 5300 1 0 1
-54.3002 -5.28005 19250 -3.04323 -5.45094 27.2952 251.23 -13 5301 1 0 1
-10.6548 -4.97742 19250 0.270826 0.990179 27.9812 250.542 -13 5302 1 0 1
-1.21322 -12.2282 19250 0.16607 2.9306 27.8457 250.717 -13 5303 1 0 1
-11.0699 -5.22173 19250 0.363443 1.01319 27.9793 250.54 -13 5304 1 0 1
-15.9548 -3.38366 19250 0.721812 0.756123 27.9805 250.595 -13 5305 1 0 1
1.46941 -4.71596 19250 0.0354824 0.764166 27.9895 250.525 -13 5306 1 0 1
-9.27668 -0.765232 19250 0.207646 0.0409202 27.9992 250.509 -13 5307 1 0 1
12.4766 7.30644 19250 -0.473156 -1.85671 27.9344 250.645 -13 5308 1 0 1
12.1641 0.26859 19250 -0.141204 -0.0920549 27.9995 250.533 -13 5309 1 0 1
-15.739 -1.77151 19250 0.630089 0.269511 27.9916 250.552 -13 5310 1 0 1
-4.36985 -8.25179 19250 0.179473 1.49006 27.9597 250.569 -13 5311 1 0 1
17.8609 2.73863 19250 -0.714717 -0.756152 27.9807 250.637 -13 5312 1 0 1
-16.3172 -0.485189 19250 0.937308 0.0803516 27.9842 250.602 -13 5313 1 0 1
5.96725 -9.09684 19250 -0.0853256 1.72693 27.9466 250.598 -13 5314 1 0 1
43.6644 12.1666 19250 3.33807 3.76728 27.5439 251.153 -13 5315 1 0 1
-2.96606 -2.96787 19250 0.0754729 0.412253 27.9969 250.519 -13 5316 1 0 1
-0.369736 6.77211 19250 0.0698857 -1.18142 27.975 250.545 -13 5317 1 0 1
3.6207 -6.05214 19250 -0.0239123 1.00149 27.9821 250.547 -13 5318 1 0 1
14.6518 6.45015 19250 -0.479749 -1.43211 27.9592 250.63 -13 5319 1 0 1
-10.1894 -1.68456 19250 0.227987 0.283685 27.9976 250.514 -13 5320 1 0 1
-7.81143 9.22414 19250 0.321428 -1.99205 27.9272 250.629 -13 5321 1 0 1
1.67852 6.27782 19250 0.0163023 -0.97696 27.9829 250.544 -13 5322 1 0 1
3.99188 11.3708 19250 -0.15171 -2.63658 27.8752 250.688 -13 5323 1 0 1
4.84834 -2.18794 19250 -0.00526181 0.387339 27.9973 250.515 -13 5324 1 0 1
-8.41895 -2.16958 19250 0.215148 0.375337 27.9967 250.507 -13 5325 1 0 1
-4.73172 -4.93554 19250 0.156282 0.726511 27.9901 250.52 -13 5326 1 0 1
4.90646 5.47081 19250 -0.0181151 -0.855758 27.9869 250.536 -13 5327 1 0 1
-13.4916 3.8621 19250 0.410194 -0.643797 27.9896 250.541 -13 5328 1 0 1
9.05938 -8.97765 19250 -0.199942 1.75714 27.9441 250.614 -13 5329 1 0 1
-7.44719 -6.20855 19250 0.947016 2.21113 27.8965 250.692 -13 5330 1 0 1
-4.39001 1.41563 19250 0.146882 -0.245078 27.9985 250.499 -13 5331 1 0 1
-4.43518 -4.77936 19250 0.140766 0.754766 27.9895 250.521 -13 5332 1 0 1
-0.896792 -1.71427 19250 0.0661759 0.290563 27.9984 250.509 -13 5333 1 0 1
-11.7337 -6.66006 19250 0.424358 1.42 27.9607 250.587 -13 5334 1 0 1
-7.59579 1.70871 19250 0.172028 -0.270761 27.9982 250.51 -13 5335 1 0 1
-15.603 -2.04643 19250 0.503759 0.366651 27.9931 250.546 -13 5336 1 0 1
-12.318 2.36147 19250 0.331947 -0.537949 27.9929 250.522 -13 5337 1 0 1
-7.80763 -3.37698 19250 0.19217 0.654948 27.9917 250.517 -13 5338 1 0 1
-16.9486 0.774261 19250 0.780252 -0.159915 27.9887 250.584 -13 5339 1 0 1
3.18795 5.42222 19250 -0.00265945 -0.873667 27.9864 250.537 -13 5340 1 0 1
-10.5971 -7.86962 19250 0.497957 1.67738 27.9453 250.617 -13 5341 1 0 1
-7.45284 -8.9237 19250 0.616404 2.38514 27.8914 250.684 -13 5342 1 0 1
-12.1718 -6.24857 19250 0.554464 1.54031 27.9521 250.603 -13 5343 1 0 1
-11.0456 7.28335 19250 0.402099 -1.40155 27.962 250.588 -13 5344 1 0 1
-15.4826 2.13399 19250 0.55544 -0.397206 27.9917 250.546 -13 5345 1 0 1
0.226173 -6.11448 19250 0.0709279 1.04306 27.9805 250.533 -13 5346 1 0 1
-60.4885 -4.98035 19250 -3.1128 -5.98045 27.1762 251.32 -13 5347 1 0 1
4.51543 0.966349 19250 -0.0119833 -0.118333 27.9997 250.515 -13 5348 1 0 1
-1.19722 4.62604 19250 0.0828492 -0.713122 27.9908 250.521 -13 5349 1 0 1
94.9685 9.74938 19250 4.04654 7.15519 26.7662 251.767 -13 5350 1 0 1
-3.03517 -1.28304 19250 0.0814641 0.186021 27.9993 250.511 -13 5351 1 0 1
9.86986 5.21822 19250 -0.134924 -0.782669 27.9887 250.554 -13 5352 1 0 1
-14.555 0.352665 19250 0.431957 -0.051664 27.9966 250.525 -13 5353 1 0 1
15.1529 3.93876 19250 -0.262215 -0.672898 27.9907 250.566 -13 5354 1 0 1
-0.446166 4.65948 19250 0.0981666 -0.747747 27.9898 250.514 -13 5355 1 0 1
-8.10498 -9.54135 19250 0.459356 2.18149 27.9111 250.662 -13 5356 1 0 1
4.48249 6.69334 19250 -0.0101752 -1.08384 27.979 250.547 -13 5357 1 0 1
-13.3317 5.02392 19250 0.463617 -1.08112 27.9753 250.564 -13 5358 1 0 1
-17.2667 0.384101 19250 0.563401 -0.139262 27.994 250.565 -13 5359 1 0 1
-13.1889 -4.29713 19250 0.36838 0.800742 27.9861 250.546 -13 5360 1 0 1
-8.23153 -7.51743 19250 0.793113 2.22166 27.9005 250.689 -13 5361 1 0 1
-4.474 -10.4707 19250 0.553383 2.81507 27.8526 250.722 -13 5362 1 0 1
-0.985674 -8.46121 19250 0.117006 1.53057 27.9579 250.567 -13 5363 1 0 1
-2.45499 -4.07867 19250 0.110504 0.648212 27.9923 250.515 -13 5364 1 0 1
6.73878 -1.96412 19250 -0.0681379 0.350012 27.9977 250.528 -13 5365 1 0 1
6.69386 7.79845 19250 -0.0835583 -1.40301 27.9647 250.576 -13 5366 1 0 1
15.3955 2.47577 19250 -0.276606 -0.485841 27.9944 250.563 -13 5367 1 0 1
-12.679 5.29248 19250 0.411587 -1.1196 27.9746 250.561 -13 5368 1 0 1
-5.223 -0.265539 19250 0.144391 0.0224868 27.9996 250.501 -13 5369 1 0 1
-10.7454 -1.02558 19250 0.251097 0.213725 27.9981 250.512 -13 5370 1 0 1
9.30686 -3.47718 19250 -0.0710666 0.544167 27.9946 250.529 -13 5371 1 0 1
-11.4572 0.916588 19250 0.254007 -0.146139 27.9985 250.517 -13 5372 1 0 1
-4.56273 -8.98318 19250 0.712382 2.75181 27.8553 250.71 -13 5373 1 0 1
-7.96303 2.36557 19250 0.205182 -0.396756 27.9964 250.507 -13 5374 1 0 1
-9.45199 2.78288 19250 0.222794 -0.494341 27.9947 250.516 -13 5375 1 0 1
8.8212 -0.123565 19250 -0.0250265 -0.0793901 27.9999 250.509 -13 5376 1 0 1
0.903352 -13.2609 19250 0.0350691 4.36482 27.6577 250.917 -13 5377 1 0 1
16.7079 3.54482 19250 2.36255 2.96418 27.7422 250.955 -13 5378 1 0 1
7.32402 11.1432 19250 0.579251 -5.44144 27.4601 251.113 -13 5379 1 0 1
-15.9144 1.96309 19250 0.892809 -0.692216 27.9772 250.612 -13 5380 1 0 1
-16.4556 2.27989 19250 0.741706 -0.490723 27.9859 250.584 -13 5381 1 0 1
3.47884 -8.78734 19250 -0.0291988 1.69338 27.9487 250.588 -13 5382 1 0 1
-12.1299 -3.29103 19250 0.32059 0.70204 27.9894 250.53 -13 5383 1 0 1
3.7597 -11.2809 19250 -0.130857 2.64393 27.8746 250.683 -13 5384 1 0 1
0.545995 12.7567 19250 0.0697317 -3.21976 27.8142 250.752 -13 5385 1 0 1
0.874756 -0.678758 19250 0.048459 0.170501 27.9994 250.507 -13 5386 1 0 1
-3.03705 -10.8391 19250 0.224594 2.28403 27.9058 250.642 -13 5387 1 0 1
103.298 9.69065 19250 4.11651 7.85437 26.5587 251.939 -13 5388 1 0 1
-10.9497 4.348 19250 0.2744 -0.706485 27.9897 250.534 -13 5389 1 0 1
2.15975 -2.60154 19250 0.0130397 0.376347 27.9975 250.518 -13 5390 1 0 1
-8.62648 4.82062 19250 0.216849 -0.841185 27.9865 250.531 -13 5391 1 0 1
6.17179 -10.4464 19250 -0.214362 2.40189 27.896 250.664 -13 5392 1 0 1
-12.0036 -6.40353 19250 0.385348 1.05913 27.9773 250.569 -13 5393 1 0 1
16.3545 5.13797 19250 -0.527121 -1.23917 27.9676 250.621 -13 5394 1 0 1
7.90203 4.7305 19250 -0.0773064 -0.840583 27.9873 250.539 -13 5395 1 0 1
-14.3471 -0.543966 19250 0.409354 0.181516 27.9964 250.526 -13 5396 1 0 1
18.9086 0.948657 19250 -0.627147 -0.209245 27.9922 250.616 -13 5397 1 0 1
4.5617 -5.2449 19250 -0.0390409 0.795654 27.9887 250.541 -13 5398 1 0 1
-4.00224 -7.46963 19250 0.128874 1.32346 27.9684 250.56 -13 5399 1 0 1
-8.09602 -8.28202 19250 0.316058 1.61108 27.9518 250.587 -13 5400 1 0 1
-5.46664 -4.18549 19250 1.25811 2.18016 27.8866 250.744 -13 5401 1 0 1
12.6953 3.88611 19250 -0.155057 -0.57184 27.9937 250.546 -13 5402 1 0 1
-10.9077 -7.31641 19250 0.624207 1.83635 27.9327 250.641 -13 5403 1 0 1
-0.6564 -1.91149 19250 0.0585638 0.295574 27.9984 250.511 -13 5404 1 0 1
9.04695 -6.07374 19250 -0.151471 1.2781 27.9704 250.57 -13 5405 1 0 1
0.456618 -4.30487 19250 0.0682448 0.706072 27.991 250.517 -13 5406 1 0 1
-101.45 -33.0094 19250 -5.22463 -4.88576 27.0709 251.467 -13 5407 1 0 1
-14.2653 -4.36258 19250 0.563625 0.950604 27.9782 250.567 -13 5408 1 0 1
-12.7613 3.79545 19250 0.376255 -0.642288 27.9901 250.533 -13 5409 1 0 1
-16.5872 -1.07656 19250 0.606255 0.250546 27.9923 250.559 -13 5410 1 0 1
7.09146 4.59958 19250 -0.044502 -0.711799 27.9909 250.532 -13 5411 1 0 1
-12.4664 -5.8708 19250 0.598284 1.29995 27.9634 250.586 -13 5412 1 0 1
-7.28838 -5.27174 19250 0.17308 1.05579 27.9796 250.539 -13 5413 1 0 1
11.7453 -1.45858 19250 -0.148723 0.217813 27.9988 250.537 -13 5414 1 0 1
0.99924 4.75007 19250 0.0558736 -0.779903 27.9891 250.521 -13 5415 1 0 1
10.1662 -2.13528 19250 -0.0794546 0.382573 27.9973 250.524 -13 5416 1 0 1
-11.1401 -6.30583 19250 0.348147 1.35914 27.9648 250.573 -13 5417 1 0 1
-15.614 2.49061 19250 0.520323 -0.423439 27.992 250.55 -13 5418 1 0 1
5.79134 -2.65907 19250 -0.0268875 0.473681 27.996 250.521 -13 5419 1 0 1
3.38344 1.32107 19250 0.000868095 -0.134191 27.9997 250.515 -13 5420 1 0 1
-2.00824 10.7664 19250 0.139184 -2.32118 27.9033 250.642 -13 5421 1 0 1
2.881 -7.752 19250 -0.0116071 1.35069 27.9674 250.569 -13 5422 1 0 1
1.68836 11.9466 19250 0.00344397 -2.76762 27.8629 250.691 -13 5423 1 0 1
-9.16914 -8.18796 19250 0.406351 1.73002 27.9435 250.601 -13 5424 1 0 1
2.9873 -8.10604 19250 -0.000353668 1.5057 27.9595 250.572 -13 5425 1 0 1
-2.4004 9.41409 19250 0.119726 -1.78047 27.9431 250.595 -13 5426 1 0 1
-7.96122 4.83474 19250 -1.45329 -3.72664 27.7128 250.889 -13 5427 1 0 1
14.5663 6.39087 19250 -0.463692 -1.58729 27.9511 250.627 -13 5428 1 0 1
17.0557 6.92276 19250 1.43838 -4.90492 27.5295 251.066 -13 5429 1 0 1
-4.66285 1.01305 19250 -1.72066 -2.82484 27.8039 250.85 -13 5430 1 0 1
0.99781 -1.15884 19250 0.0276985 0.277302 27.9986 250.513 -13 5431 1 0 1
0.067344 10.0514 19250 0.0692809 -1.90343 27.9351 250.608 -13 5432 1 0 1
-8.85573 -0.338972 19250 0.205878 0.0593939 27.9992 250.506 -13 5433 1 0 1
-1.36099 3.96405 19250 0.0779706 -0.650187 27.9923 250.518 -13 5434 1 0 1
5.00476 -8.99744 19250 -0.0692354 1.75804 27.9447 250.596 -13 5435 1 0 1
-1.9372 -12.4134 19250 0.207251 3.02147 27.8357 250.739 -13 5436 1 0 1
-9.55933 -1.88772 19250 0.234256 0.285206 27.9976 250.509 -13 5437 1 0 1
-0.410283 -12.5058 19250 0.344565 3.45986 27.7833 250.79 -13 5438 1 0 1
15.3819 3.81569 19250 -0.829499 -1.2921 27.9579 250.666 -13 5439 1 0 1
2.62029 -0.769997 19250 0.0438963 0.0516499 27.9999 250.503 -13 5440 1 0 1
-5.21685 5.76216 19250 0.17654 -0.92623 27.9841 250.527 -13 5441 1 0 1
17.3338 2.77754 19250 -0.360353 -0.538578 27.9925 250.577 -13 5442 1 0 1
5.56271 -3.49699 19250 1.59671 3.01028 27.7919 250.842 -13 5443 1 0 1
8.15805 9.28949 19250 -0.197192 -1.94552 27.9316 250.624 -13 5444 1 0 1
11.014 4.55279 19250 -0.149212 -0.789557 27.9885 250.55 -13 5445 1 0 1
9.7117 7.95528 19250 -0.612223 -2.31656 27.8973 250.694 -13 5446 1 0 1
-7.97498 3.82231 19250 0.213866 -0.573647 27.9933 250.516 -13 5447 1 0 1
-3.20234 -7.69059 19250 0.100751 1.21836 27.9733 250.563 -13 5448 1 0 1
-15.9007 -2.71074 19250 0.874318 0.770497 27.9757 250.621 -13 5449 1 0 1
-10.3744 -1.42109 19250 0.26476 0.308862 27.997 250.509 -13 5450 1 0 1
-0.690778 -12.7069 19250 0.146742 3.33075 27.8008 250.772 -13 5451 1 0 1
-16.3513 2.36012 19250 0.728249 -0.495614 27.9861 250.581 -13 5452 1 0 1
8.29029 -7.95847 19250 -0.154755 1.48991 27.9599 250.592 -13 5453 1 0 1
6.27142 10.8978 19250 -0.369847 -2.75279 27.8619 250.716 -13 5454 1 0 1
-3.65933 -2.25963 19250 0.117191 0.231131 27.9988 250.507 -13 5455 1 0 1
3.30254 1.31013 19250 -0.012745 -0.214214 27.9992 250.519 -13 5456 1 0 1
-6.51753 -3.35877 19250 0.162446 0.405564 27.9966 250.515 -13 5457 1 0 1
-11.6596 -6.88615 19250 0.618842 1.55887 27.9497 250.618 -13 5458 1 0 1
29.8079 -3.03506 19250 2.04837 5.1185 27.4519 251.166 -13 5459 1 0 1
-7.02233 3.32222 19250 0.196468 -0.531075 27.9943 250.51 -13 5460 1 0 1
-14.7454 -3.78409 19250 0.803206 1.05334 27.9686 250.61 -13 5461 1 0 1
-13.1472 2.76924 19250 0.33487 -0.406552 27.995 250.53 -13 5462 1 0 1
2.05925 9.6625 19250 -0.771713 -3.34296 27.789 250.808 -13 5463 1 0 1
1.90519 -0.677566 19250 0.0203303 0.275995 27.9986 250.513 -13 5464 1 0 1
0.993877 5.09026 19250 0.0448 -0.73021 27.9904 250.527 -13 5465 1 0 1
-1969.06 698.232 19250 -7.70681 2.2088 26.8277 255.024 -13 5466 1 0 1
0.174209 6.05637 19250 0.0423172 -1.02126 27.9813 250.54 -13 5467 1 0 1
-4.74899 -1.29322 19250 0.119326 0.252998 27.9986 250.508 -13 5468 1 0 1
1.28784 -8.28624 19250 0.0437078 1.44334 27.9627 250.569 -13 5469 1 0 1
0.522277 0.87943 19250 0.0526364 -0.190964 27.9993 250.506 -13 5470 1 0 1
-11.6786 -4.81687 19250 0.393942 0.8466 27.9844 250.535 -13 5471 1 0 1
10.1294 1.1598 19250 -0.116173 -0.205924 27.999 250.532 -13 5472 1 0 1
18.8796 0.0401714 19250 -0.538729 -0.0111817 27.9948 250.601 -13 5473 1 0 1
-12.3244 -4.2868 19250 0.365767 0.793129 27.9864 250.537 -13 5474 1 0 1
-6.26569 -4.42553 19250 1.20482 2.09601 27.8954 250.722 -13 5475 1 0 1
0.778454 6.51145 19250 0.0549058 -1.12959 27.9772 250.54 -13 5476 1 0 1
-1.80115 10.3129 19250 0.101072 -1.92417 27.9336 250.62 -13 5477 1 0 1
3.06166 6.84061 19250 -0.0402482 -1.26598 27.9713 250.567 -13 5478 1 0 1
12.1219 -7.86389 19250 -0.343054 1.76295 27.9423 250.624 -13 5479 1 0 1
7.58762 9.58081 19250 -0.170277 -1.94031 27.9322 250.625 -13 5480 1 0 1
-0.652837 -2.76171 19250 0.0385224 0.375338 27.9975 250.52 -13 5481 1 0 1
7.12885 4.01903 19250 -0.055075 -0.734009 27.9903 250.532 -13 5482 1 0 1
0.126274 -1.11764 19250 0.0411163 0.251558 27.9988 250.512 -13 5483 1 0 1
-7.59289 7.18581 19250 0.263856 -1.35966 27.9657 250.558 -13 5484 1 0 1
11.4352 7.87912 19250 -0.272679 -1.46984 27.9601 250.61 -13 5485 1 0 1
1.20453 -3.45076 19250 0.0570582 0.495126 27.9956 250.512 -13 5486 1 0 1
8.37749 1.78213 19250 -0.0531327 -0.275051 27.9986 250.519 -13 5487 1 0 1
-4.89107 -8.40345 19250 0.185079 1.48162 27.9602 250.574 -13 5488 1 0 1
7.99433 -0.795318 19250 -0.0428395 0.128504 27.9997 250.516 -13 5489 1 0 1
3.17435 11.4782 19250 -0.111012 -2.56116 27.8824 250.683 -13 5490 1 0 1
-1.30113 -4.51671 19250 1.33792 2.61299 27.8457 250.784 -13 5491 1 0 1
-7.475 7.28237 19250 0.232 -1.26475 27.9705 250.56 -13 5492 1 0 1
-17.0919 -0.0408458 19250 0.855276 0.000801483 27.9869 250.598 -13 5493 1 0 1
10.9445 1.34561 19250 -0.104526 -0.186905 27.9992 250.527 -13 5494 1 0 1
10.7837 -4.77304 19250 -0.140471 0.824122 27.9875 250.549 -13 5495 1 0 1
15.244 1.84688 19250 -0.295121 -0.461687 27.9946 250.567 -13 5496 1 0 1
-9.03126 -2.78464 19250 0.23866 0.44511 27.9954 250.51 -13 5497 1 0 1
-11.5078 6.60524 19250 0.377284 -1.18931 27.9722 250.57 -13 5498 1 0 1
10.1241 7.14532 19250 -0.155653 -1.26755 27.9709 250.576 -13 5499 1 0 1
4.02701 -10.556 19250 0.803095 4.12779 27.6824 250.904 -13 5500 1 0 1
-7.24031 9.38226 19250 0.52842 -2.31955 27.8988 250.666 -13 5501 1 0 1
-6.23337 -9.62918 19250 0.321006 2.02907 27.9245 250.621 -13 5502 1 0 1
37.5778 -4.37053 19250 1.9722 6.421 27.1824 251.413 -13 5503 1 0 1
10.3516 -1.33245 19250 -0.111957 0.23112 27.9988 250.53 -13 5504 1 0 1
7.195 -0.906375 19250 -0.0849651 0.0334983 27.9999 250.53 -13 5505 1 0 1
3.66442 9.73856 19250 -0.0266924 -1.86248 27.938 250.606 -13 5506 1 0 1
6.40436 1.55796 19250 -0.034923 -0.217131 27.9991 250.518 -13 5507 1 0 1
0.732487 6.20699 19250 0.0538676 -0.801658 27.9885 250.537 -13 5508 1 0 1
39.38 13.2756 19250 3.33434 3.42477 27.589 251.133 -13 5509 1 0 1
4.10616 11.4808 19250 -0.126086 -2.52017 27.8861 250.679 -13 5510 1 0 1
5.55188 7.37789 19250 -0.0466569 -1.1798 27.9751 250.562 -13 5511 1 0 1
8.2512 -2.4808 19250 -0.096387 0.376672 27.9973 250.534 -13 5512 1 0 1
-3.20548 -5.56748 19250 0.113675 0.922483 27.9846 250.529 -13 5513 1 0 1
13.5282 4.67531 19250 -0.290743 -0.874978 27.9848 250.581 -13 5514 1 0 1
-14.1604 -2.69235 19250 0.409546 0.481018 27.9929 250.535 -13 5515 1 0 1
5.07708 -1.93886 19250 -0.045435 0.339758 27.9979 250.526 -13 5516 1 0 1
8.03668 7.59103 19250 -0.0999557 -1.33573 27.9679 250.573 -13 5517 1 0 1
12.7029 -0.391709 19250 -0.159059 0.171523 27.999 250.537 -13 5518 1 0 1
-10.3327 1.06035 19250 0.264263 -0.231156 27.9978 250.507 -13 5519 1 0 1
13.8909 -0.0692192 19250 -0.210075 0.0522836 27.9992 250.547 -13 5520 1 0 1
1.57289 12.9554 19250 0.247317 -4.31864 27.6638 250.908 -13 5521 1 0 1
4.2631 8.1929 19250 -0.0138161 -1.47339 27.9612 250.571 -13 5522 1 0 1
2.76125 10.8591 19250 -0.0522214 -2.27555 27.9073 250.649 -13 5523 1 0 1
16.6902 -1.92231 19250 -0.328151 0.506894 27.9935 250.57 -13 5524 1 0 1
-9.93419 -0.429825 19250 0.250251 0.0747107 27.9988 250.505 -13 5525 1 0 1
-6.56836 -2.40596 19250 0.159752 0.45174 27.9959 250.51 -13 5526 1 0 1
-1.98019 -12.4759 19250 0.271889 3.28011 27.8059 250.777 -13 5527 1 0 1
0.701779 0.133909 19250 0.0584219 -0.00170048 27.9999 250.503 -13 5528 1 0 1
-11.5585 -6.06943 19250 0.408684 1.28705 27.9674 250.568 -13 5529 1 0 1
-9.83146 -0.666523 19250 0.210333 0.0184357 27.9992 250.512 -13 5530 1 0 1
-9.055 -8.92753 19250 0.386575 2.00338 27.9256 250.638 -13 5531 1 0 1
-15.9233 1.41525 19250 0.512508 -0.294407 27.9938 250.547 -13 5532 1 0 1
5.67952 7.60004 19250 -0.0489148 -1.2633 27.9714 250.566 -13 5533 1 0 1
0.287132 8.95834 19250 0.0524134 -1.7422 27.9457 250.586 -13 5534 1 0 1
3.48112 -11.7481 19250 -0.145334 2.9401 27.8448 250.712 -13 5535 1 0 1
-6.43646 10.2794 19250 0.467849 -2.36525 27.896 250.677 -13 5536 1 0 1
5.73043 2.8638 19250 -0.0324565 -0.529287 27.995 250.523 -13 5537 1 0 1
-6.75226 -3.44809 19250 0.152665 0.596245 27.9932 250.52 -13 5538 1 0 1
14.9257 4.58922 19250 -0.329606 -0.917578 27.983 250.584 -13 5539 1 0 1
-4.57169 -10.6906 19250 0.250581 2.21309 27.9113 250.646 -13 5540 1 0 1
-2.13678 0.127792 19250 0.079803 -0.118907 27.9996 250.507 -13 5541 1 0 1
1.999 5.67023 19250 0.0331953 -0.917168 27.985 250.532 -13 5542 1 0 1
-6.34058 -4.38585 19250 0.187288 0.700855 27.9906 250.517 -13 5543 1 0 1
-0.911556 0.0417299 19250 0.0744036 -0.0492134 27.9999 250.504 -13 5544 1 0 1
8.70926 5.69186 19250 -0.894694 -2.3125 27.89 250.721 -13 5545 1 0 1
2.95993 -4.06125 19250 1.45889 2.98469 27.8022 250.826 -13 5546 1 0 1
-54.1027 -2.79489 19250 -2.8303 -6.04271 27.1933 251.307 -13 5547 1 0 1
-2.39512 -12.3181 19250 -0.337255 4.74068 27.5937 250.977 -13 5548 1 0 1
-27.3394 -4.12537 19250 -2.51563 -3.77367 27.6303 251.005 -13 5549 1 0 1
1.8667 12.3649 19250 -0.140514 -3.31387 27.8029 250.765 -13 5550 1 0 1
-4.15044 -10.7333 19250 0.415009 2.74047 27.8625 250.693 -13 5551 1 0 1
-2.03584 4.59025 19250 0.0783745 -0.777984 27.9891 250.525 -13 5552 1 0 1
4.62868 -0.841282 19250 -0.00619454 0.114467 27.9998 250.513 -13 5553 1 0 1
9.94897 9.07776 19250 -0.346745 -2.12235 27.9173 250.651 -13 5554 1 0 1
12.4253 -1.28541 19250 -0.142979 0.239189 27.9986 250.534 -13 5555 1 0 1
-3.20436 -10.6881 19250 0.181364 2.40917 27.8956 250.651 -13 5556 1 0 1
9.25542 -2.23907 19250 -0.0847504 0.412589 27.9968 250.528 -13 5557 1 0 1
-4.61168 8.73829 19250 0.160452 -1.49539 27.9596 250.583 -13 5558 1 0 1
-2.60228 3.33259 19250 0.115765 -0.48377 27.9956 250.508 -13 5559 1 0 1
3.13407 6.93412 19250 0.0153664 -1.13968 27.9768 250.547 -13 5560 1 0 1
-6.12529 4.11702 19250 0.174549 -0.657277 27.9917 250.516 -13 5561 1 0 1
-12.1767 3.05377 19250 0.294136 -0.440218 27.995 250.528 -13 5562 1 0 1
17.1182 0.582048 19250 -0.319766 -0.132309 27.9979 250.565 -13 5563 1 0 1
-5.21522 -6.74752 19250 0.988483 2.54497 27.8666 250.735 -13 5564 1 0 1
9.43034 5.75883 19250 -0.17802 -1.14489 27.976 250.572 -13 5565 1 0 1
0.337807 10.9594 19250 -0.605047 -3.83074 27.7301 250.846 -13 5566 1 0 1
-11.0652 -3.65764 19250 0.273197 0.602655 27.9922 250.527 -13 5567 1 0 1
-1.81867 -2.58375 19250 1.52081 2.26394 27.8669 250.786 -13 5568 1 0 1
-6.41771 -4.01015 19250 0.188121 0.588743 27.9932 250.514 -13 5569 1 0 1
11.1747 -7.60766 19250 -0.276893 1.62462 27.9515 250.609 -13 5570 1 0 1
0.662271 2.03149 19250 0.0426497 -0.337509 27.9979 250.512 -13 5571 1 0 1
13.1851 4.54124 19250 -0.894827 -1.576 27.9413 250.692 -13 5572 1 0 1
11.1037 8.04686 19250 -0.274398 -1.76276 27.9431 250.613 -13 5573 1 0 1
2.34147 -4.79545 19250 0.0134784 0.79984 27.9886 250.529 -13 5574 1 0 1
10.0016 1.29814 19250 -0.0993016 -0.185176 27.9992 250.528 -13 5575 1 0 1
3.89437 -2.12117 19250 -0.0130818 0.286009 27.9985 250.52 -13 5576 1 0 1
12.6664 -6.07466 19250 -0.254019 1.259 27.9705 250.584 -13 5577 1 0 1
17.5088 1.75214 19250 -0.306988 -0.32223 27.9965 250.562 -13 5578 1 0 1
9.08566 1.94199 19250 -0.0862844 -0.281798 27.9984 250.528 -13 5579 1 0 1
-7.38771 -2.44574 19250 0.194598 0.330969 27.9974 250.507 -13 5580 1 0 1
-9.89607 1.67822 19250 0.199382 -0.250444 27.9982 250.518 -13 5581 1 0 1
0.308582 -13.0559 19250 0.0563464 3.33258 27.8009 250.777 -13 5582 1 0 1
67.005 5.84502 19250 3.36433 6.01431 27.1387 251.476 -13 5583 1 0 1
-11.625 -3.00432 19250 1.12928 1.40636 27.9418 250.677 -13 5584 1 0 1
11.0784 8.43619 19250 -0.346715 -1.90686 27.9328 250.636 -13 5585 1 0 1
10.3576 1.91622 19250 -0.0978764 -0.264277 27.9986 250.528 -13 5586 1 0 1
-9.11316 -2.69928 19250 0.226841 0.323678 27.9972 250.512 -13 5587 1 0 1
12.1116 1.39106 19250 -0.172061 -0.15772 27.999 250.543 -13 5588 1 0 1
4.69163 11.1658 19250 -0.416588 -3.07387 27.8276 250.749 -13 5589 1 0 1
-13.4653 -5.35416 19250 0.517487 1.09718 27.9737 250.572 -13 5590 1 0 1
-9.41333 0.385497 19250 0.223997 -0.0454915 27.9991 250.506 -13 5591 1 0 1
3.79093 4.12034 19250 0.0177751 -0.619612 27.9931 250.521 -13 5592 1 0 1
-5.43854 -9.29961 19250 0.20366 1.86098 27.9373 250.605 -13 5593 1 0 1
5.51611 0.839767 19250 0.0154731 -0.0789084 27.9999 250.505 -13 5594 1 0 1
64.1107 10.6975 19250 3.59241 5.10948 27.2945 251.321 -13 5595 1 0 1
1.60018 11.6548 19250 0.00415939 -2.58552 27.8804 250.674 -13 5596 1 0 1
6.68274 10.6316 19250 -0.277438 -2.35916 27.8991 250.68 -13 5597 1 0 1
17.4316 8.42002 19250 2.83408 2.22442 27.7672 251.01 -13 5598 1 0 1
17.1277 3.46445 19250 -0.388514 -0.628671 27.9902 250.587 -13 5599 1 0 1
-10.5449 0.484659 19250 0.257784 -0.154271 27.9984 250.508 -13 5600 1 0 1
11.2964 6.54699 19250 -0.194464 -1.20409 27.9734 250.576 -13 5601 1 0 1
10.3761 4.13922 19250 -0.12089 -0.768199 27.9892 250.542 -13 5602 1 0 1
-0.315183 3.389 19250 0.0585683 -0.472256 27.996 250.516 -13 5603 1 0 1
-5.46482 -8.75231 19250 0.249569 1.72954 27.9454 250.583 -13 5604 1 0 1
27.5109 -2.71523 19250 2.03739 4.83042 27.5048 251.109 -13 5605 1 0 1
6.04151 10.3302 19250 -0.511142 -2.89619 27.8451 250.737 -13 5606 1 0 1
6.91902 3.9352 19250 -0.0315242 -0.630959 27.9929 250.526 -13 5607 1 0 1
-2.99167 -4.50341 19250 0.110002 0.759371 27.9895 250.52 -13 5608 1 0 1
-1.48828 8.07266 19250 0.0934978 -1.38738 27.9655 250.565 -13 5609 1 0 1
-16.915 0.595694 19250 0.543922 -0.0751458 27.9946 250.557 -13 5610 1 0 1
-14.979 -1.70963 19250 1.05487 0.739519 27.9703 250.639 -13 5611 1 0 1
-7.01269 9.51218 19250 0.431578 -2.26273 27.9051 250.648 -13 5612 1 0 1
3.85841 2.34561 19250 0.00160254 -0.491642 27.9957 250.517 -13 5613 1 0 1
-9.05462 2.50083 19250 0.23022 -0.440302 27.9956 250.51 -13 5614 1 0 1
0.87218 -11.6626 19250 0.0386834 2.49451 27.8886 250.668 -13 5615 1 0 1
-7.88916 8.29963 19250 0.719343 -2.21036 27.9033 250.677 -13 5616 1 0 1
18.7637 2.08985 19250 -0.63608 -0.615441 27.986 250.62 -13 5617 1 0 1
-6.37133 5.37075 19250 0.192618 -0.934863 27.9837 250.526 -13 5618 1 0 1
5.47571 -9.67343 19250 0.885663 4.32411 27.6499 250.925 -13 5619 1 0 1
11.1812 -0.99531 19250 -0.161568 0.104598 27.9993 250.542 -13 5620 1 0 1
5.63657 -1.39245 19250 -0.0298817 0.30412 27.9983 250.519 -13 5621 1 0 1
-1.7425 3.59367 19250 0.0831443 -0.517309 27.9951 250.515 -13 5622 1 0 1
5.13983 -5.67131 19250 -0.0399712 1.02413 27.9812 250.543 -13 5623 1 0 1
-10.8133 8.90598 19250 -1.06077 -4.89277 27.5488 251.012 -13 5624 1 0 1
10.189 -2.20539 19250 -0.112245 0.380019 27.9972 250.533 -13 5625 1 0 1
6.15533 8.83296 19250 -0.0891758 -1.62072 27.9529 250.594 -13 5626 1 0 1
1.66247 -3.78072 19250 0.0527527 0.602067 27.9935 250.515 -13 5627 1 0 1
10.0857 -7.82744 19250 -0.251335 1.70358 27.947 250.609 -13 5628 1 0 1
11.3569 -3.38935 19250 -0.127535 0.523772 27.9948 250.539 -13 5629 1 0 1
1.85643 4.46386 19250 0.011294 -0.712485 27.9909 250.53 -13 5630 1 0 1
-5.7097 0.919678 19250 0.162441 -0.0790973 27.9994 250.5 -13 5631 1 0 1
8.74245 4.42245 19250 -0.0995257 -0.707372 27.9909 250.543 -13 5632 1 0 1
14.0027 -1.51896 19250 -0.200118 0.327445 27.9974 250.545 -13 5633 1 0 1
12.7844 -1.56246 19250 -0.141458 0.241787 27.9986 250.533 -13 5634 1 0 1
3.886 3.2933 19250 0.0126882 -0.605439 27.9935 250.518 -13 5635 1 0 1
-11.4584 2.40643 19250 0.308393 -0.418333 27.9952 250.514 -13 5636 1 0 1
-9.41888 -8.04607 19250 0.402839 1.7508 27.9423 250.602 -13 5637 1 0 1
-9.14181 3.41032 19250 0.227139 -0.618371 27.9922 250.519 -13 5638 1 0 1
5.7531 10.9411 19250 -0.261678 -2.50554 27.8864 250.69 -13 5639 1 0 1
0.585628 10.0662 19250 0.0239356 -1.83769 27.9396 250.614 -13 5640 1 0 1
0.893031 -6.23494 19250 0.0363255 0.945829 27.984 250.54 -13 5641 1 0 1
-7.61393 2.88811 19250 0.195869 -0.40996 27.9963 250.51 -13 5642 1 0 1
-7.68813 -8.26737 19250 0.263289 1.63584 27.9509 250.588 -13 5643 1 0 1
3.12252 -8.36947 19250 -0.028286 1.53859 27.9577 250.583 -13 5644 1 0 1
5.97197 6.17653 19250 -0.0236889 -1.11978 27.9776 250.541 -13 5645 1 0 1
1.6011 -7.77359 19250 0.013663 1.3385 27.968 250.567 -13 5646 1 0 1
-8.24725 3.90978 19250 0.238582 -0.612234 27.9923 250.514 -13 5647 1 0 1
-4.36842 4.93598 19250 0.134744 -0.891039 27.9855 250.524 -13 5648 1 0 1
0.966104 7.14804 19250 0.0213353 -1.18967 27.9747 250.557 -13 5649 1 0 1
-6.14712 -5.78651 19250 0.156899 1.05191 27.9798 250.539 -13 5650 1 0 1
1.36001 -12.9119 19250 0.346745 4.18262 27.6837 250.905 -13 5651 1 0 1
13.5313 6.93878 19250 -0.368865 -1.59801 27.9519 250.616 -13 5652 1 0 1
-12.1344 0.161622 19250 0.273177 -0.067585 27.9986 250.518 -13 5653 1 0 1
-4.61361 -10.9337 19250 0.44077 2.72784 27.8633 250.708 -13 5654 1 0 1
25.9811 -3.40694 19250 1.94718 4.86004 27.5062 251.103 -13 5655 1 0 1
-2.65367 -6.20872 19250 0.0974592 0.929983 27.9844 250.538 -13 5656 1 0 1
-83.7186 -10.0268 19250 -3.818 -6.61364 26.9385 251.483 -13 5657 1 0 1
3.65238 11.4781 19250 -0.144122 -2.67224 27.8718 250.692 -13 5658 1 0 1
-5.9008 -4.44336 19250 0.132403 0.790333 27.9885 250.528 -13 5659 1 0 1
-2.59124 -10.2545 19250 0.125776 2.0543 27.9243 250.624 -13 5660 1 0 1
-13.4191 -5.0507 19250 0.722809 1.34212 27.9585 250.613 -13 5661 1 0 1
12.5508 5.09574 19250 -0.212045 -0.849886 27.9863 250.565 -13 5662 1 0 1
-5.79976 -8.25108 19250 0.195621 1.41534 27.9635 250.574 -13 5663 1 0 1
-5.9083 1.65978 19250 0.157869 -0.362289 27.9972 250.505 -13 5664 1 0 1
7.40197 -8.74203 19250 -0.0947749 1.53799 27.9576 250.59 -13 5665 1 0 1
-0.769666 -9.17762 19250 0.081955 1.72172 27.9469 250.587 -13 5666 1 0 1
8.67214 8.38119 19250 -0.171195 -1.54901 27.9566 250.601 -13 5667 1 0 1
0.555618 1.25503 19250 0.055396 -0.149544 27.9995 250.506 -13 5668 1 0 1
17.4832 -0.975382 19250 -0.31839 0.179514 27.9976 250.563 -13 5669 1 0 1
-8.46825 -4.13634 19250 1.18139 1.83597 27.9148 250.716 -13 5670 1 0 1
6.91394 3.35548 19250 -0.0459225 -0.573153 27.9941 250.527 -13 5671 1 0 1
-16.676 2.00316 19250 0.745475 -0.363244 27.9877 250.584 -13 5672 1 0 1
-3.49082 -4.94765 19250 0.129696 0.618923 27.9929 250.522 -13 5673 1 0 1
-3.51147 -6.64092 19250 0.0757706 1.06434 27.9797 250.553 -13 5674 1 0 1
5.26207 9.51637 19250 -0.592941 -2.98347 27.8343 250.746 -13 5675 1 0 1
11.1153 8.30582 19250 -0.476821 -1.90495 27.9311 250.665 -13 5676 1 0 1
13.0923 6.85792 19250 -0.594079 -1.75451 27.9387 250.662 -13 5677 1 0 1
-4.74062 -5.23445 19250 0.128947 0.813546 27.9879 250.529 -13 5678 1 0 1
-9.7415 -6.44047 19250 0.296235 1.12837 27.9757 250.553 -13 5679 1 0 1
4.06555 -11.2127 19250 -0.136297 2.66047 27.873 250.682 -13 5680 1 0 1
-10.9169 10.3289 19250 -0.812528 -5.59322 27.4236 251.145 -13 5681 1 0 1
16.4225 1.3631 19250 -0.340194 -0.289857 27.9964 250.572 -13 5682 1 0 1
10.9668 6.357 19250 -0.196253 -1.29408 27.9694 250.577 -13 5683 1 0 1
-0.0406044 -7.56089 19250 1.08238 3.12893 27.8036 250.806 -13 5684 1 0 1
-4.05732 8.73611 19250 0.166919 -1.6712 27.9496 250.581 -13 5685 1 0 1
-15.6333 -1.66138 19250 0.569052 0.387245 27.9915 250.547 -13 5686 1 0 1
-4.99232 -2.71845 19250 0.148129 0.402946 27.9967 250.507 -13 5687 1 0 1
-7.76808 8.16041 19250 0.298262 -1.54343 27.9558 250.579 -13 5688 1 0 1
-1.81347 5.12223 19250 0.0714244 -0.784135 27.9889 250.53 -13 5689 1 0 1
6.43487 -5.17242 19250 -0.0429719 0.805889 27.9884 250.537 -13 5690 1 0 1
4.61799 8.34926 19250 -0.0539772 -1.47486 27.9611 250.583 -13 5691 1 0 1
2.21149 -5.78084 19250 0.0291979 0.798922 27.9886 250.534 -13 5692 1 0 1
-3.18177 -9.39735 19250 0.784686 2.92885 27.8353 250.753 -13 5693 1 0 1
-4.23191 3.32479 19250 0.0867036 -0.538846 27.9947 250.524 -13 5694 1 0 1
-4.40874 10.529 19250 0.194507 -2.16069 27.9158 250.643 -13 5695 1 0 1
5.72328 -5.71617 19250 -0.0348403 0.87761 27.9862 250.54 -13 5696 1 0 1
-15.8691 -2.96597 19250 0.725598 0.738535 27.9809 250.588 -13 5697 1 0 1
-0.906806 0.0353379 19250 0.0524643 -0.0967088 27.9998 250.511 -13 5698 1 0 1
5.45802 -1.38019 19250 -0.027374 0.218337 27.9991 250.518 -13 5699 1 0 1
-7.00877 -9.34779 19250 0.308792 1.78856 27.9411 250.608 -13 5700 1 0 1
30.6933 -5.80619 19250 1.65947 6.40578 27.2068 251.371 -13 5701 1 0 1
11.7783 -6.60601 19250 -0.214166 1.13103 27.9763 250.579 -13 5702 1 0 1
-6.19357 -10.4649 19250 0.42597 2.50891 27.8841 250.69 -13 5703 1 0 1
-11.6068 -4.08426 19250 0.983961 1.54398 27.9401 250.656 -13 5704 1 0 1
7.71386 -6.46093 19250 -0.0937873 0.943703 27.9839 250.558 -13 5705 1 0 1
-4.30534 -0.490264 19250 0.1174 0.0222225 27.9997 250.504 -13 5706 1 0 1
18.9581 -1.79121 19250 -0.572065 0.41713 27.991 250.607 -13 5707 1 0 1
2.35774 3.95855 19250 0.0453973 -0.656667 27.9923 250.516 -13 5708 1 0 1
-5.29462 -5.73396 19250 0.152256 0.732336 27.99 250.533 -13 5709 1 0 1
-0.689808 -5.79721 19250 1.24835 2.79385 27.8323 250.791 -13 5710 1 0 1
6.488 4.4229 19250 -0.0616062 -0.719237 27.9907 250.538 -13 5711 1 0 1
8.27178 -2.62381 19250 -0.072631 0.254758 27.9987 250.528 -13 5712 1 0 1
-12.372 2.3427 19250 0.328167 -0.336924 27.996 250.52 -13 5713 1 0 1
1.68119 11.7346 19250 -0.006088 -2.53741 27.8848 250.675 -13 5714 1 0 1
1.87134 -11.6624 19250 0.512294 4.08685 27.6954 250.865 -13 5715 1 0 1
0.608157 2.03372 19250 0.0661386 -0.260314 27.9987 250.505 -13 5716 1 0 1
4.41136 -4.37993 19250 -0.0066627 0.693263 27.9914 250.528 -13 5717 1 0 1
2.52673 -12.3618 19250 -0.173453 3.36478 27.7965 250.768 -13 5718 1 0 1
14.8975 -2.83919 19250 -0.255558 0.50671 27.9942 250.56 -13 5719 1 0 1
8.54285 -7.48793 19250 -0.111248 1.41107 27.9642 250.575 -13 5720 1 0 1
-4.33376 -4.64246 19250 0.0994245 0.717067 27.9906 250.53 -13 5721 1 0 1
8.99276 -6.03048 19250 1.44887 3.71765 27.7143 250.914 -13 5722 1 0 1
-10.8926 -1.25264 19250 0.282559 0.238091 27.9976 250.508 -13 5723 1 0 1
14.5638 0.873443 19250 -0.162767 -0.0993467 27.9994 250.534 -13 5724 1 0 1
-5.04872 4.88525 19250 0.139652 -0.901164 27.9851 250.527 -13 5725 1 0 1
-14.7842 -3.09003 19250 0.455525 0.541691 27.9911 250.545 -13 5726 1 0 1
-0.98834 4.93966 19250 0.0638863 -0.757243 27.9897 250.527 -13 5727 1 0 1
-15.1668 -2.56312 19250 0.929088 0.827317 27.9723 250.621 -13 5728 1 0 1
10.8003 8.66962 19250 -0.403417 -2.09144 27.9189 250.654 -13 5729 1 0 1
15.476 -4.34425 19250 -0.276566 0.719612 27.9894 250.57 -13 5730 1 0 1
-2.98819 -7.23207 19250 0.115741 1.25305 27.9717 250.553 -13 5731 1 0 1
-3.00914 -3.91111 19250 0.115682 0.675148 27.9916 250.515 -13 5732 1 0 1
0.920104 -10.6684 19250 -0.596617 3.68897 27.7495 250.825 -13 5733 1 0 1
-3.0206 -4.19855 19250 0.0860038 0.731811 27.9903 250.525 -13 5734 1 0 1
9.59044 -7.20426 19250 -0.141995 1.25008 27.9717 250.574 -13 5735 1 0 1
7.1492 -0.0751176 19250 -0.0214748 0.121529 27.9997 250.512 -13 5736 1 0 1
-12.1123 0.0396166 19250 0.290877 0.0471228 27.9984 250.514 -13 5737 1 0 1
0.31335 11.5395 19250 0.0482349 -2.44671 27.8929 250.665 -13 5738 1 0 1
-9.07594 5.46837 19250 0.229791 -0.878354 27.9853 250.539 -13 5739 1 0 1
1.0129 12.2354 19250 -0.304957 -3.83165 27.7349 250.833 -13 5740 1 0 1
4.00854 -5.14584 19250 0.0111757 0.820938 27.988 250.528 -13 5741 1 0 1
-2.73014 -0.240767 19250 0.123309 0.0280515 27.9997 250.496 -13 5742 1 0 1
10.3306 -8.0652 19250 -0.259578 1.6535 27.9499 250.613 -13 5743 1 0 1
6.12887 -9.93387 19250 -0.0999487 1.97548 27.93 250.62 -13 5744 1 0 1
3.58672 11.7402 19250 -0.0508206 -2.67396 27.872 250.678 -13 5745 1 0 1
-1.36447 -4.10804 19250 0.0882282 0.677363 27.9917 250.517 -13 5746 1 0 1
10.2505 1.90381 19250 -0.108602 -0.256208 27.9986 250.531 -13 5747 1 0 1
9.36443 -0.553931 19250 -0.0830446 0.0954846 27.9997 250.524 -13 5748 1 0 1
-1.02701 -0.985445 19250 0.0680455 0.188191 27.9993 250.507 -13 5749 1 0 1
-3.65561 1.94673 19250 0.108086 -0.281093 27.9984 250.508 -13 5750 1 0 1
10.8988 6.52075 19250 -0.146449 -1.16729 27.9753 250.564 -13 5751 1 0 1
-8.6857 -8.59463 19250 0.33814 1.79651 27.9403 250.609 -13 5752 1 0 1
13.1353 -0.7386 19250 -0.160959 0.242572 27.9985 250.537 -13 5753 1 0 1
-15.9457 -2.70757 19250 0.814975 0.63982 27.9808 250.599 -13 5754 1 0 1
0.838643 -4.42262 19250 0.0299115 0.574065 27.9941 250.528 -13 5755 1 0 1
17.221 -1.25388 19250 -0.350603 0.261901 27.9966 250.572 -13 5756 1 0 1
-13.108 -2.38742 19250 0.36114 0.391125 27.9949 250.524 -13 5757 1 0 1
2.67412 0.902154 19250 0.00967418 -0.158209 27.9996 250.513 -13 5758 1 0 1
5.95957 -2.55843 19250 -0.0132665 0.434462 27.9966 250.516 -13 5759 1 0 1
2.97486 -0.938172 19250 0.0310486 0.11053 27.9998 250.506 -13 5760 1 0 1
-13.1246 2.68561 19250 0.343201 -0.511418 27.9932 250.529 -13 5761 1 0 1
-13.0035 -0.685844 19250 0.321466 0.167494 27.9977 250.52 -13 5762 1 0 1
-5.01654 -10.9921 19250 0.439008 2.72802 27.8633 250.717 -13 5763 1 0 1
-1.93614 -3.71277 19250 0.0887295 0.601911 27.9934 250.516 -13 5764 1 0 1
-1.78766 3.89481 19250 0.0843306 -0.6413 27.9925 250.518 -13 5765 1 0 1
-0.894717 1.22958 19250 0.0761074 -0.173012 27.9994 250.504 -13 5766 1 0 1
-9.97594 5.5438 19250 0.251311 -0.90821 27.9841 250.544 -13 5767 1 0 1
-10.5867 -2.87589 19250 0.239678 0.455423 27.9953 250.522 -13 5768 1 0 1
12.5452 -1.06113 19250 -0.137151 0.201201 27.9989 250.532 -13 5769 1 0 1
-0.64021 0.865408 19250 0.0499772 -0.126396 27.9997 250.511 -13 5770 1 0 1
1.25137 1.68687 19250 0.0565286 -0.315363 27.9982 250.505 -13 5771 1 0 1
9.63628 2.62242 19250 -0.0910434 -0.445678 27.9963 250.53 -13 5772 1 0 1
-13.0076 -3.95532 19250 0.39841 0.640719 27.9898 250.537 -13 5773 1 0 1
-12.7066 2.25963 19250 0.312088 -0.401503 27.9954 250.525 -13 5774 1 0 1
-9.09269 4.22222 19250 0.226494 -0.685961 27.9907 250.526 -13 5775 1 0 1
-10.4655 4.68941 19250 0.27009 -0.781013 27.9878 250.534 -13 5776 1 0 1
0.828311 1.32751 19250 0.0250547 -0.293163 27.9985 250.515 -13 5777 1 0 1
2.61876 2.15265 19250 0.00670126 -0.343017 27.9979 250.517 -13 5778 1 0 1
-1.88161 -0.599911 19250 0.0835086 0.223142 27.999 250.506 -13 5779 1 0 1
-2.78752 -5.75004 19250 0.108081 0.960518 27.9833 250.531 -13 5780 1 0 1
9.80229 -8.61867 19250 -0.280997 1.77926 27.942 250.626 -13 5781 1 0 1
8.22531 5.25725 19250 -0.0770598 -0.824668 27.9877 250.542 -13 5782 1 0 1
-4.95756 6.13101 19250 0.155565 -1.08526 27.9785 250.537 -13 5783 1 0 1
9.966 7.70732 19250 -0.155211 -1.42709 27.9632 250.583 -13 5784 1 0 1
-0.883293 11.0019 19250 0.110091 -2.24448 27.9097 250.64 -13 5785 1 0 1
-13.6476 5.20667 19250 0.471809 -1.13744 27.9729 250.575 -13 5786 1 0 1
-12.8769 -5.99744 19250 0.594625 1.37889 27.9597 250.601 -13 5787 1 0 1
-7.63274 6.08511 19250 0.195194 -1.10258 27.9776 250.546 -13 5788 1 0 1
7.00495 -4.23897 19250 1.52152 3.40415 27.7506 250.876 -13 5789 1 0 1
-0.587926 11.0841 19250 0.126214 -2.23095 27.9107 250.636 -13 5790 1 0 1
-2.95375 -10.6965 19250 0.175363 2.30807 27.9042 250.643 -13 5791 1 0 1
-3.89754 -4.81079 19250 0.104651 0.672244 27.9917 250.528 -13 5792 1 0 1
-5.04405 -0.98429 19250 0.183333 0.167938 27.9989 250.492 -13 5793 1 0 1
2.84778 4.32349 19250 -0.00228766 -0.67668 27.9918 250.531 -13 5794 1 0 1
10.7411 3.89132 19250 -0.160119 -0.553747 27.9941 250.553 -13 5795 1 0 1
-10.1105 -1.99011 19250 0.251383 0.332203 27.9969 250.511 -13 5796 1 0 1
-5.97483 9.27277 19250 0.192402 -1.77571 27.943 250.609 -13 5797 1 0 1
-1.47739 -0.607004 19250 -1.78415 -2.29735 27.8485 250.832 -13 5798 1 0 1
-3.6232 -5.49167 19250 0.128068 0.851555 27.9868 250.527 -13 5799 1 0 1
-10.2636 -7.74541 19250 0.39045 1.63959 27.9492 250.601 -13 5800 1 0 1
-3.9962 -6.49249 19250 0.146183 1.12386 27.9771 250.539 -13 5801 1 0 1
10.0475 8.09145 19250 -0.241818 -1.69335 27.9477 250.61 -13 5802 1 0 1
-10.2626 -3.58026 19250 0.240742 0.570054 27.9932 250.525 -13 5803 1 0 1
-13.1062 -2.91327 19250 0.340939 0.459021 27.9942 250.53 -13 5804 1 0 1
-0.468827 10.3963 19250 0.0637157 -2.03466 27.9259 250.625 -13 5805 1 0 1
5.67503 9.6238 19250 -0.120995 -1.91709 27.934 250.62 -13 5806 1 0 1
-11.6509 -3.57405 19250 0.323728 0.554131 27.9926 250.525 -13 5807 1 0 1
-7.13307 -2.68212 19250 0.200308 0.459483 27.9955 250.505 -13 5808 1 0 1
2.45238 -12.4105 19250 -0.14158 3.03536 27.8346 250.739 -13 5809 1 0 1
2.71442 -6.91876 19250 0.0316531 1.08605 27.9789 250.544 -13 5810 1 0 1
11.81 -0.433911 19250 -0.114882 0.163736 27.9993 250.527 -13 5811 1 0 1
20.8169 -2.73166 19250 1.94553 4.18056 27.6177 251.012 -13 5812 1 0 1
-8.39372 7.50886 19250 0.295334 -1.45379 27.9607 250.571 -13 5813 1 0 1
8.58742 -4.10165 19250 -0.111081 0.787466 27.9887 250.545 -13 5814 1 0 1
-0.362419 -7.42223 19250 0.0761883 1.22815 27.9729 250.552 -13 5815 1 0 1
5.99175 -0.959623 19250 -0.0155067 0.126188 27.9997 250.512 -13 5816 1 0 1
3.89368 -7.30515 19250 -0.0348691 1.20734 27.9739 250.564 -13 5817 1 0 1
13.9631 -6.02053 19250 -0.606214 1.61477 27.9468 250.654 -13 5818 1 0 1
5.13034 -4.71268 19250 -0.0236548 0.853192 27.987 250.532 -13 5819 1 0 1
1.2604 12.8172 19250 -0.0567422 -3.5244 27.7772 250.792 -13 5820 1 0 1
-2.64251 -6.02629 19250 1.12609 2.80392 27.8365 250.779 -13 5821 1 0 1
-4.69764 -10.6215 19250 0.267087 2.36497 27.8987 250.655 -13 5822 1 0 1
-3.3042 11.3131 19250 0.233517 -2.32092 27.9027 250.659 -13 5823 1 0 1
-6.99736 -7.07326 19250 0.2456 1.21297 27.9726 250.549 -13 5824 1 0 1
1.01605 -12.4083 19250 0.0444049 2.94176 27.845 250.715 -13 5825 1 0 1
6.58821 8.65695 19250 -0.112602 -1.58089 27.9551 250.596 -13 5826 1 0 1
1.43539 -7.91778 19250 1.08122 3.38136 27.774 250.843 -13 5827 1 0 1
11.7638 -6.60014 19250 -0.225919 1.26152 27.9707 250.583 -13 5828 1 0 1
-5.41008 9.18865 19250 0.185546 -1.81777 27.9403 250.605 -13 5829 1 0 1
-10.9301 -5.89888 19250 0.315638 1.03162 27.9792 250.551 -13 5830 1 0 1
2.92153 3.3623 19250 0.0434287 -0.461691 27.9962 250.511 -13 5831 1 0 1
16.7616 1.7183 19250 -0.317318 -0.383832 27.9956 250.566 -13 5832 1 0 1
8.03277 7.38016 19250 -0.121449 -1.24415 27.9721 250.576 -13 5833 1 0 1
6.26456 1.5739 19250 -0.0115936 -0.271473 27.9987 250.512 -13 5834 1 0 1
-5.98248 0.715811 19250 0.149691 -0.212808 27.9988 250.505 -13 5835 1 0 1
8.70352 9.67421 19250 -0.255838 -2.1444 27.9166 250.645 -13 5836 1 0 1
8.28074 -7.94188 19250 -0.14738 1.52346 27.9581 250.591 -13 5837 1 0 1
-14.9296 -3.73172 19250 0.488705 0.714865 27.9866 250.558 -13 5838 1 0 1
-9.48801 -7.96911 19250 0.408663 1.60623 27.9509 250.594 -13 5839 1 0 1
-0.172848 -7.66084 19250 0.0461285 1.31406 27.9691 250.564 -13 5840 1 0 1
-7.44849 1.40737 19250 0.160459 -0.275165 27.9982 250.511 -13 5841 1 0 1
1.86725 -12.6717 19250 -0.0568659 3.36366 27.7972 250.767 -13 5842 1 0 1
-3.09882 -4.3843 19250 0.109146 0.708865 27.9908 250.52 -13 5843 1 0 1
6.00332 4.03731 19250 -0.0287075 -0.742938 27.9901 250.528 -13 5844 1 0 1
9.95239 -6.41133 19250 -0.172788 1.17582 27.9748 250.573 -13 5845 1 0 1
5.83735 0.110655 19250 -0.0183169 0.0474483 28 250.513 -13 5846 1 0 1
12.7895 7.05152 19250 -0.386605 -1.51499 27.9563 250.625 -13 5847 1 0 1
3.82524 10.0962 19250 -0.0664078 -2.15126 27.9172 250.628 -13 5848 1 0 1
-13.9053 -5.31568 19250 0.606294 1.18813 27.9682 250.593 -13 5849 1 0 1
8.77596 5.623 19250 -0.114017 -0.991889 27.9822 250.554 -13 5850 1 0 1
-12.2857 1.03472 19250 0.307979 -0.185005 27.9977 250.515 -13 5851 1 0 1
12.9432 -4.07856 19250 -0.19555 0.630993 27.9922 250.556 -13 5852 1 0 1
6.83947 -4.02069 19250 -0.0679754 0.601475 27.9935 250.537 -13 5853 1 0 1
-3.55671 -9.74933 19250 0.196861 1.89002 27.9354 250.602 -13 5854 1 0 1
5.23612 4.15793 19250 -1.22441 -2.42059 27.8683 250.767 -13 5855 1 0 1
-13.6756 5.96044 19250 0.686472 -1.3801 27.9575 250.633 -13 5856 1 0 1
11.8175 -3.66507 19250 -0.153845 0.660213 27.9918 250.546 -13 5857 1 0 1
14.4028 -6.77016 19250 -0.385175 1.46241 27.9591 250.615 -13 5858 1 0 1
3.55192 8.86225 19250 -0.0203269 -1.58355 27.9552 250.586 -13 5859 1 0 1
0.983106 1.89873 19250 0.0359151 -0.228576 27.999 250.512 -13 5860 1 0 1
-2.3503 1.30856 19250 0.0878281 -0.185608 27.9992 250.506 -13 5861 1 0 1
-12.4643 -5.36083 19250 0.369098 0.941147 27.9817 250.554 -13 5862 1 0 1
12.9535 3.3912 19250 -0.213698 -0.608161 27.9926 250.558 -13 5863 1 0 1
-4.64137 5.98818 19250 0.13354 -0.984961 27.9824 250.537 -13 5864 1 0 1
-10.412 6.66147 19250 0.346198 -1.27325 27.9689 250.564 -13 5865 1 0 1
2.1916 -2.82604 19250 0.0173799 0.501543 27.9955 250.518 -13 5866 1 0 1
-11.7973 0.473721 19250 0.285378 -0.0227529 27.9985 250.512 -13 5867 1 0 1
-15.6507 1.33003 19250 0.556384 -0.317832 27.9927 250.544 -13 5868 1 0 1
-7.43348 0.660309 19250 0.16588 -0.167622 27.999 250.508 -13 5869 1 0 1
-13.569 2.25098 19250 0.371104 -0.393516 27.9948 250.527 -13 5870 1 0 1
19.1896 -0.859627 19250 -0.521525 0.202733 27.9944 250.597 -13 5871 1 0 1
11.3154 4.84415 19250 -0.160926 -0.753662 27.9894 250.555 -13 5872 1 0 1
13.3481 -0.270296 19250 -0.184134 0.0938087 27.9992 250.542 -13 5873 1 0 1
-7.57352 -8.93644 19250 0.328237 1.89481 27.9339 250.61 -13 5874 1 0 1
13.1492 6.14582 19250 -0.238102 -1.10063 27.9773 250.577 -13 5875 1 0 1
1.8078 4.77143 19250 0.0219161 -0.781113 27.9891 250.529 -13 5876 1 0 1
-1.09361 5.03342 19250 0.0883874 -0.809245 27.9882 250.521 -13 5877 1 0 1
1.66875 3.78313 19250 0.052523 -0.599905 27.9935 250.514 -13 5878 1 0 1
-8.44522 -4.53614 19250 1.09929 1.92341 27.9122 250.696 -13 5879 1 0 1
1.07605 -4.67651 19250 0.0298795 0.736304 27.9903 250.528 -13 5880 1 0 1
17.6196 -0.0611006 19250 -0.375171 -0.067115 27.9974 250.575 -13 5881 1 0 1
-4.63733 6.12393 19250 0.144719 -1.04823 27.98 250.536 -13 5882 1 0 1
-5.70501 -3.42696 19250 0.147387 0.557719 27.9941 250.515 -13 5883 1 0 1
-4.71019 -4.28675 19250 0.143247 0.691842 27.9911 250.518 -13 5884 1 0 1
-196.083 719.553 19250 -0.71381 2.14779 27.9084 251.38 -13 5885 1 0 1
-9.58725 -7.08542 19250 0.780779 2.04837 27.9141 250.678 -13 5886 1 0 1
16.2885 3.27261 19250 -0.294942 -0.622245 27.9915 250.568 -13 5887 1 0 1
-7.58455 -5.54502 19250 0.18142 0.910329 27.9846 250.538 -13 5888 1 0 1
4.37861 -4.52251 19250 0.0134466 0.716096 27.9908 250.523 -13 5889 1 0 1
6.49591 -6.24555 19250 -0.045833 1.08938 27.9788 250.547 -13 5890 1 0 1
-4.878 2.33289 19250 0.148662 -0.379732 27.997 250.504 -13 5891 1 0 1
0.868194 -11.6664 19250 0.568869 3.6815 27.7511 250.822 -13 5892 1 0 1
-0.762172 9.24738 19250 0.0916216 -1.66143 27.9505 250.585 -13 5893 1 0 1
-13.6795 -4.30476 19250 0.480535 0.859845 27.9827 250.551 -13 5894 1 0 1
-3.22976 -3.96643 19250 0.101187 0.696464 27.9912 250.52 -13 5895 1 0 1
5.77745 -3.5287 19250 -0.022226 0.607321 27.9934 250.524 -13 5896 1 0 1
0.629257 -0.463978 19250 0.0367954 0.0387435 27.9999 250.51 -13 5897 1 0 1
-0.137813 -12.4125 19250 0.110007 2.87568 27.8517 250.712 -13 5898 1 0 1
-5.76976 -10.2119 19250 0.247121 2.07704 27.9218 250.638 -13 5899 1 0 1
0.184055 11.9244 19250 -0.427596 -3.97201 27.7135 250.858 -13 5900 1 0 1
-1.36391 1.21002 19250 0.0905959 -0.254714 27.9987 250.502 -13 5901 1 0 1
-10.3023 -6.43689 19250 0.304035 1.17577 27.9737 250.559 -13 5902 1 0 1
-2.28836 9.06458 19250 0.109825 -1.87643 27.9368 250.595 -13 5903 1 0 1
-4.37018 1.95895 19250 0.111864 -0.236099 27.9988 250.51 -13 5904 1 0 1
6.24051 9.96592 19250 -0.122592 -1.97902 27.9297 250.625 -13 5905 1 0 1
-9.37926 0.264702 19250 0.227638 -0.0323672 27.9991 250.505 -13 5906 1 0 1
-10.3033 7.37307 19250 0.344983 -1.53956 27.9555 250.591 -13 5907 1 0 1
18.0352 0.552599 19250 -0.389948 0.0113254 27.9973 250.577 -13 5908 1 0 1
13.5124 4.7211 19250 -0.239884 -0.992617 27.9814 250.567 -13 5909 1 0 1
16.9999 0.709354 19250 -0.313345 -0.103665 27.9981 250.564 -13 5910 1 0 1
-11.8825 -4.87597 19250 0.923986 1.58003 27.9401 250.662 -13 5911 1 0 1
12.3251 4.06382 19250 -1.01241 -1.57383 27.9374 250.708 -13 5912 1 0 1
-3.7781 2.30762 19250 0.0946036 -0.454273 27.9962 250.514 -13 5913 1 0 1
10.8442 6.39313 19250 -0.206189 -1.15952 27.9752 250.579 -13 5914 1 0 1
0.686634 4.9259 19250 0.0510364 -0.750846 27.9899 250.525 -13 5915 1 0 1
-7.34052 -2.32461 19250 1.40791 1.61772 27.9178 250.724 -13 5916 1 0 1
5.94392 1.47901 19250 -0.0139209 -0.163675 27.9995 250.513 -13 5917 1 0 1
4.22389 4.53593 19250 -0.0111764 -0.722297 27.9907 250.53 -13 5918 1 0 1
-6.60569 -3.17322 19250 1.2786 1.94168 27.9033 250.71 -13 5919 1 0 1
-11.951 -5.7275 19250 0.389545 1.11339 27.9751 250.558 -13 5920 1 0 1
-11.6945 0.068813 19250 0.258247 0.0593861 27.9987 250.517 -13 5921 1 0 1
13.6228 6.2118 19250 -0.235241 -1.16171 27.9749 250.575 -13 5922 1 0 1
-5.72846 -4.00094 19250 0.103774 0.596231 27.9935 250.531 -13 5923 1 0 1
9.64577 -8.08467 19250 -0.25936 1.67651 27.9486 250.615 -13 5924 1 0 1
-9.47 -4.91234 19250 0.233094 0.888546 27.9849 250.535 -13 5925 1 0 1
9.77019 -8.18499 19250 -0.200678 1.47814 27.9602 250.601 -13 5926 1 0 1
5.40102 9.92813 19250 -0.587696 -2.94239 27.8388 250.75 -13 5927 1 0 1
-13.3203 -0.633623 19250 0.329605 0.105991 27.9979 250.521 -13 5928 1 0 1
-2.04802 11.5487 19250 0.334386 -3.05181 27.8312 250.719 -13 5929 1 0 1
-3.25698 -11.0622 19250 0.174634 2.44309 27.8927 250.664 -13 5930 1 0 1
5.9672 -0.0112028 19250 -0.00523622 0.0720835 27.9999 250.509 -13 5931 1 0 1
-10.2804 0.714056 19250 0.259188 -0.0229192 27.9988 250.506 -13 5932 1 0 1
-2.99337 10.2103 19250 0.168788 -2.07299 27.9226 250.62 -13 5933 1 0 1
2.87592 7.05675 19250 -0.0174829 -1.29319 27.9701 250.563 -13 5934 1 0 1
-2.99938 -8.64197 19250 0.141447 1.64188 27.9515 250.577 -13 5935 1 0 1
-8.3369 -9.13436 19250 0.385143 1.98243 27.9271 250.63 -13 5936 1 0 1
5.13445 -5.00915 19250 -0.00555911 0.86354 27.9867 250.529 -13 5937 1 0 1
15.1696 4.47814 19250 -0.376891 -0.973638 27.9805 250.593 -13 5938 1 0 1
-4.3133 6.48389 19250 0.117175 -0.970218 27.9829 250.545 -13 5939 1 0 1
-6.1819 -8.57883 19250 0.725336 2.51361 27.8775 250.697 -13 5940 1 0 1
-0.205279 -9.20568 19250 0.915277 3.33647 27.7854 250.826 -13 5941 1 0 1
-9.02343 1.11055 19250 0.232229 -0.191262 27.9984 250.503 -13 5942 1 0 1
-4.01659 -6.65664 19250 1.04929 2.6456 27.855 250.755 -13 5943 1 0 1
7.74979 8.06739 19250 -0.155282 -1.45613 27.9617 250.597 -13 5944 1 0 1
-10.2087 0.951203 19250 -1.81092 -3.35091 27.7397 250.886 -13 5945 1 0 1
-6.67832 -2.4202 19250 1.36052 1.81586 27.9079 250.718 -13 5946 1 0 1
10.6024 -6.55699 19250 -0.194913 1.19471 27.9738 250.578 -13 5947 1 0 1
-8.73226 -6.52977 19250 0.275689 1.29521 27.9687 250.555 -13 5948 1 0 1
-14.0896 4.12906 19250 0.67512 -1.12193 27.9694 250.584 -13 5949 1 0 1
-9.49968 -5.03638 19250 0.244094 0.739569 27.9892 250.533 -13 5950 1 0 1
11.3105 8.31916 19250 0.387429 -7.82025 26.883 251.667 -13 5951 1 0 1
-9.30874 7.48551 19250 0.29319 -1.43296 27.9618 250.58 -13 5952 1 0 1
-0.958017 -0.357511 19250 0.0769378 0.0556763 27.9998 250.503 -13 5953 1 0 1
-6.8758 -9.90203 19250 0.437234 2.28016 27.9036 250.66 -13 5954 1 0 1
8.09323 8.86926 19250 -0.152599 -1.73359 27.9459 250.605 -13 5955 1 0 1
-2.54653 9.44996 19250 0.100423 -1.75623 27.9447 250.601 -13 5956 1 0 1
10.8238 -3.14594 19250 -0.145066 0.431272 27.9963 250.544 -13 5957 1 0 1
-8.80563 -4.60183 19250 0.204208 0.7412 27.9894 250.531 -13 5958 1 0 1
3.27791 2.6717 19250 -1.42608 -2.32703 27.8667 250.79 -13 5959 1 0 1
0.559945 -6.55725 19250 0.0496223 1.13655 27.9769 250.543 -13 5960 1 0 1
-3.42612 -3.45875 19250 0.0966524 0.503386 27.9953 250.518 -13 5961 1 0 1
-10.964 -1.6916 19250 0.298449 0.266662 27.9971 250.508 -13 5962 1 0 1
-17.3675 0.435898 19250 -1.98023 -3.80607 27.6693 250.944 -13 5963 1 0 1
-61.9705 -8.1092 19250 -3.34999 -5.49773 27.2498 251.261 -13 5964 1 0 1
-0.870012 -12.0456 19250 0.372162 3.48364 27.78 250.786 -13 5965 1 0 1
-11.5706 -6.5307 19250 0.396488 1.26662 27.9685 250.573 -13 5966 1 0 1
1.12883 -8.00614 19250 0.0578739 1.4242 27.9637 250.562 -13 5967 1 0 1
-9.27324 -5.00308 19250 0.246376 0.737005 27.9892 250.531 -13 5968 1 0 1
5.99623 8.88817 19250 -0.669801 -2.92663 27.8386 250.743 -13 5969 1 0 1
2.97685 10.8824 19250 -0.0504626 -2.25831 27.9087 250.648 -13 5970 1 0 1
1.81902 3.35585 19250 0.0286742 -0.54559 27.9947 250.518 -13 5971 1 0 1
14.1889 3.45098 19250 -0.241811 -0.568584 27.9932 250.562 -13 5972 1 0 1
8.77346 6.48331 19250 -0.087393 -1.03971 27.9806 250.553 -13 5973 1 0 1
-1.36401 -10.6278 19250 0.114426 2.1764 27.9151 250.631 -13 5974 1 0 1
-1.52272 0.740527 19250 0.066188 -0.10279 27.9997 250.509 -13 5975 1 0 1
19.9375 -6.82598 19250 1.49293 5.19358 27.4736 251.123 -13 5976 1 0 1
-10.6028 3.74576 19250 0.284415 -0.619171 27.9917 250.523 -13 5977 1 0 1
7.4845 6.90677 19250 -0.0786856 -1.20032 27.9741 250.56 -13 5978 1 0 1
11.4022 2.23012 19250 -0.12414 -0.348889 27.9976 250.533 -13 5979 1 0 1
3.87408 4.6321 19250 0.00234098 -0.779932 27.9891 250.527 -13 5980 1 0 1
9.71887 5.25416 19250 -0.127751 -0.908994 27.9849 250.552 -13 5981 1 0 1
5.55209 9.74395 19250 -0.0979923 -2.09713 27.9212 250.62 -13 5982 1 0 1
2.91024 9.45625 19250 -0.0139935 -1.65541 27.951 250.598 -13 5983 1 0 1
13.883 6.17305 19250 -0.295151 -1.23762 27.9711 250.589 -13 5984 1 0 1
7.57089 -3.84347 19250 -0.0644202 0.678217 27.9917 250.533 -13 5985 1 0 1
-0.869786 -2.27926 19250 0.0612218 0.332973 27.998 250.512 -13 5986 1 0 1
-1.57181 1.91956 19250 0.0745928 -0.19543 27.9992 250.509 -13 5987 1 0 1
-9.33554 -5.33652 19250 0.244069 0.90597 27.9843 250.537 -13 5988 1 0 1
0.374103 -2.91227 19250 0.0748132 0.562179 27.9943 250.508 -13 5989 1 0 1
1.62884 12.4978 19250 -0.0572238 -3.29647 27.8052 250.757 -13 5990 1 0 1
-12.6685 -3.34559 19250 1.05962 1.25199 27.9519 250.658 -13 5991 1 0 1
-2.58965 4.67347 19250 0.124553 -0.707589 27.9908 250.516 -13 5992 1 0 1
-5.77339 -7.28003 19250 0.920597 2.4912 27.8738 250.722 -13 5993 1 0 1
-13.5858 -4.78097 19250 0.479433 0.986217 27.9785 250.56 -13 5994 1 0 1
-2.32384 4.31995 19250 0.107324 -0.577886 27.9938 250.517 -13 5995 1 0 1
10.3757 1.69571 19250 -0.113443 -0.23769 27.9988 250.532 -13 5996 1 0 1
3.68026 -2.86874 19250 0.00528083 0.471994 27.996 250.518 -13 5997 1 0 1
-3.05719 0.859625 19250 0.086512 -0.135589 27.9995 250.509 -13 5998 1 0 1
-9.11979 2.67292 19250 0.203865 -0.346371 27.9971 250.517 -13 5999 1 0 1
-4.39458 1.8534 19250 0.126729 -0.15394 27.9993 250.506 -13 6000 1 0 1
-4.40253 6.90106 19250 0.128317 -1.1393 27.9765 250.55 -13 6001 1 0 1
5.87067 -10.8862 19250 -0.197951 2.21754 27.9113 250.666 -13 6002 1 0 1
-1.38278 -1.48846 19250 0.0948954 0.227963 27.9989 250.501 -13 6003 1 0 1
13.7086 5.09908 19250 -0.280722 -0.946612 27.9826 250.579 -13 6004 1 0 1
-9.51418 -2.81533 19250 0.223067 0.424431 27.9959 250.516 -13 6005 1 0 1
-3.0845 -11.2804 19250 0.187993 2.40049 27.8963 250.664 -13 6006 1 0 1
-2.45225 7.37038 19250 0.98633 -2.96163 27.8255 250.771 -13 6007 1 0 1
-14.9407 -3.33734 19250 0.710375 1.04732 27.9714 250.59 -13 6008 1 0 1
-5.51529 -3.53431 19250 0.169132 0.597624 27.9931 250.51 -13 6009 1 0 1
-2.43591 -0.234435 19250 0.0774152 0.0533274 27.9998 250.508 -13 6010 1 0 1
-15.9897 -1.9786 19250 0.490953 0.509069 27.9911 250.554 -13 6011 1 0 1
-15.0365 -2.6723 19250 0.89549 0.816159 27.9738 250.609 -13 6012 1 0 1
-6.16425 -2.47694 19250 0.14035 0.252489 27.9985 250.514 -13 6013 1 0 1
-10.5202 -0.938141 19250 0.258463 0.157054 27.9984 250.508 -13 6014 1 0 1
2.57845 3.40863 19250 0.00926344 -0.445819 27.9964 250.523 -13 6015 1 0 1
-8.4635 -8.29023 19250 0.598602 2.21387 27.9059 250.658 -13 6016 1 0 1
-3.70371 -3.53704 19250 0.107983 0.60867 27.9932 250.517 -13 6017 1 0 1
-9.77689 2.06299 19250 0.231515 -0.29895 27.9974 250.512 -13 6018 1 0 1
7.73641 9.93916 19250 -0.47138 -2.55043 27.8796 250.707 -13 6019 1 0 1
7.36981 5.84217 19250 -0.933892 -2.54039 27.8689 250.734 -13 6020 1 0 1
17.9306 0.244155 19250 -0.937972 0.183169 27.9837 250.663 -13 6021 1 0 1
5.07393 -8.74226 19250 -0.0599411 1.7213 27.947 250.59 -13 6022 1 0 1
2.34403 2.89624 19250 0.0321196 -0.451206 27.9963 250.513 -13 6023 1 0 1
0.612441 5.02539 19250 0.0609727 -0.767491 27.9894 250.523 -13 6024 1 0 1
4.15456 9.78982 19250 -0.0686688 -1.94546 27.9322 250.617 -13 6025 1 0 1
-3.00679 -10.5214 19250 0.189368 2.26624 27.9075 250.635 -13 6026 1 0 1
19.2004 0.512334 19250 -0.612535 -0.214176 27.9925 250.611 -13 6027 1 0 1
-7.58031 -9.98414 19250 0.396516 2.224 27.9087 250.665 -13 6028 1 0 1
-4.37584 -10.7326 19250 0.308571 2.41328 27.8941 250.658 -13 6029 1 0 1
1.49607 11.6058 19250 0.065837 -2.34603 27.9015 250.651 -13 6030 1 0 1
4.98466 7.23505 19250 -0.0489099 -1.32216 27.9687 250.566 -13 6031 1 0 1
-5.88734 -6.19142 19250 0.177014 1.07946 27.9786 250.538 -13 6032 1 0 1
-0.357242 -6.37569 19250 0.0883312 1.01164 27.9816 250.533 -13 6033 1 0 1
-0.686115 -12.3667 19250 0.402205 3.63818 27.7597 250.829 -13 6034 1 0 1
9.76207 9.11032 19250 -0.275569 -1.92463 27.9324 250.634 -13 6035 1 0 1
-6.87948 -9.60022 19250 0.369827 2.08122 27.9201 250.631 -13 6036 1 0 1
-4.14671 4.55462 19250 0.112495 -0.785111 27.9888 250.525 -13 6037 1 0 1
-1.46155 -4.16888 19250 0.0837268 0.615146 27.9931 250.519 -13 6038 1 0 1
1.2093 -4.96224 19250 0.0306341 0.708499 27.991 250.53 -13 6039 1 0 1
9.55835 0.480075 19250 -0.102604 -0.173291 27.9993 250.529 -13 6040 1 0 1
0.578914 -12.9546 19250 0.0659705 4.37141 27.6566 250.911 -13 6041 1 0 1
7.33231 -6.59944 19250 -0.0933405 1.02276 27.9812 250.56 -13 6042 1 0 1
15.4242 5.60785 19250 -0.461813 -1.13167 27.9733 250.617 -13 6043 1 0 1
-0.6968 11.1118 19250 0.123057 -2.24049 27.9099 250.639 -13 6044 1 0 1
3.03415 -7.84201 19250 -0.00473229 1.36364 27.9668 250.568 -13 6045 1 0 1
-0.0969604 9.64841 19250 0.0559929 -1.79749 27.9422 250.601 -13 6046 1 0 1
11.0718 7.12088 19250 -0.209951 -1.36071 27.9661 250.588 -13 6047 1 0 1
-13.4423 5.55496 19250 0.581952 -1.34422 27.9617 250.6 -13 6048 1 0 1
6.90471 -10.231 19250 -0.305787 2.44646 27.8912 250.678 -13 6049 1 0 1
4.92661 6.42397 19250 -0.0240606 -1.14571 27.9765 250.548 -13 6050 1 0 1
10.0375 9.12996 19250 -0.524513 -2.24708 27.9048 250.692 -13 6051 1 0 1
-14.5188 4.29271 19250 0.489436 -0.850126 27.9828 250.562 -13 6052 1 0 1
7.41209 0.135224 19250 -0.0615997 -0.0158075 27.9999 250.522 -13 6053 1 0 1
14.5464 0.537438 19250 -0.203983 -0.0463253 27.9992 250.544 -13 6054 1 0 1
13.1115 2.36646 19250 -0.195414 -0.364111 27.997 250.548 -13 6055 1 0 1
-8.84106 -5.33214 19250 0.208884 0.878605 27.9854 250.539 -13 6056 1 0 1
11.1451 7.28427 19250 -0.221685 -1.46685 27.9607 250.592 -13 6057 1 0 1
-9.52007 7.72405 19250 -1.19113 -4.4171 27.6237 250.95 -13 6058 1 0 1
3.80483 5.9487 19250 -0.0202218 -0.913161 27.9851 250.545 -13 6059 1 0 1
12.4253 7.18057 19250 -0.289285 -1.5273 27.9568 250.604 -13 6060 1 0 1
-11.568 -1.42626 19250 1.27386 1.1905 27.9457 250.683 -13 6061 1 0 1
-8.02613 -1.77332 19250 0.169671 0.35415 27.9972 250.513 -13 6062 1 0 1
10.1935 -8.42097 19250 -0.295956 1.67938 27.948 250.626 -13 6063 1 0 1
10.4705 -8.26247 19250 -0.263232 1.71659 27.9461 250.615 -13 6064 1 0 1
-0.283885 7.82025 19250 0.0865155 -1.2474 27.9721 250.554 -13 6065 1 0 1
10.397 -5.67797 19250 1.48649 3.85664 27.6933 250.93 -13 6066 1 0 1
-12.8094 -2.47194 19250 0.293988 0.387059 27.9958 250.53 -13 6067 1 0 1
14.2142 6.46872 19250 -0.318697 -1.16993 27.9737 250.597 -13 6068 1 0 1
2.29253 -5.16336 19250 0.0223409 0.823242 27.9879 250.53 -13 6069 1 0 1
8.54146 8.40805 19250 -0.158818 -1.61566 27.9529 250.598 -13 6070 1 0 1
17.5419 2.81609 19250 -0.744467 -0.829421 27.9778 250.643 -13 6071 1 0 1
-5.01455 -10.7433 19250 0.268399 2.31369 27.903 250.658 -13 6072 1 0 1
-3.67264 2.43521 19250 0.100556 -0.354135 27.9976 250.512 -13 6073 1 0 1
-2.55627 2.1384 19250 0.0688367 -0.158834 27.9995 250.516 -13 6074 1 0 1
-4.70304 -11.1423 19250 0.360364 2.6196 27.8749 250.695 -13 6075 1 0 1
-4.8179 -10.6491 19250 0.464099 2.75293 27.8605 250.708 -13 6076 1 0 1
-11.8013 2.87491 19250 0.28231 -0.341172 27.9965 250.524 -13 6077 1 0 1
10.2647 -5.56746 19250 -0.150664 0.971304 27.9827 250.558 -13 6078 1 0 1
0.787401 12.0395 19250 -0.0107839 -2.94212 27.845 250.716 -13 6079 1 0 1
8.30688 5.5039 19250 -0.110189 -0.94207 27.9839 250.553 -13 6080 1 0 1
1.22649 7.36215 19250 0.0434083 -1.13979 27.9768 250.552 -13 6081 1 0 1
4.68792 10.9774 19250 -0.313925 -2.78408 27.8595 250.717 -13 6082 1 0 1
2.95762 6.96484 19250 0.00573714 -1.1657 27.9757 250.551 -13 6083 1 0 1
-6.7024 -10.2342 19250 0.341795 2.25222 27.9072 250.659 -13 6084 1 0 1
13.2164 6.30833 19250 -0.309989 -1.39265 27.9636 250.598 -13 6085 1 0 1
0.462449 -13.1595 19250 0.190079 3.90614 27.7255 250.857 -13 6086 1 0 1
9.38787 5.01741 19250 -0.113634 -0.810936 27.988 250.548 -13 6087 1 0 1
-6.04211 -4.43176 19250 0.117638 0.73937 27.99 250.532 -13 6088 1 0 1
-9.03632 -3.58227 19250 0.2279 0.649823 27.9915 250.52 -13 6089 1 0 1
9.18101 -2.29171 19250 -0.0848848 0.284201 27.9984 250.528 -13 6090 1 0 1
-15.0506 2.75179 19250 0.480368 -0.553782 27.9904 250.546 -13 6091 1 0 1
0.789971 0.0810177 19250 0.0463115 0.0352681 27.9999 250.507 -13 6092 1 0 1
12.7058 7.2541 19250 -0.431725 -1.64855 27.9481 250.637 -13 6093 1 0 1
0.798249 0.00206624 19250 0.0403549 0.0393571 27.9999 250.509 -13 6094 1 0 1
18.3365 1.07297 19250 -0.369712 -0.102125 27.9974 250.572 -13 6095 1 0 1
-0.589082 -5.46498 19250 0.0579878 0.875384 27.9863 250.532 -13 6096 1 0 1
12.8355 0.66138 19250 -0.145729 -0.170369 27.9991 250.533 -13 6097 1 0 1
-2.36413 -1.25035 19250 0.0922317 0.107812 27.9996 250.505 -13 6098 1 0 1
8.40459 -0.709958 19250 -0.043517 0.180951 27.9994 250.515 -13 6099 1 0 1
10.3527 0.784533 19250 -0.097831 -0.084617 27.9997 250.526 -13 6100 1 0 1
0.159806 -13.0965 19250 -0.137332 4.02764 27.7085 250.874 -13 6101 1 0 1
-11.9911 -5.80673 19250 0.423585 1.1445 27.9734 250.56 -13 6102 1 0 1
4.56127 -5.43846 19250 -0.0091795 0.907975 27.9853 250.535 -13 6103 1 0 1
-5.36317 -0.80542 19250 0.134965 0.139412 27.9993 250.505 -13 6104 1 0 1
-12.1907 -0.246785 19250 1.4855 -0.0827324 27.9604 250.696 -13 6105 1 0 1
2.90767 -6.9462 19250 0.0112783 1.11129 27.9779 250.549 -13 6106 1 0 1
5.88778 10.736 19250 -0.421741 -2.80679 27.8558 250.727 -13 6107 1 0 1
7.29624 -2.73809 19250 -0.0560215 0.383581 27.9973 250.526 -13 6108 1 0 1
-2.84638 -12.0641 19250 0.342113 3.02756 27.8337 250.746 -13 6109 1 0 1
4.96343 -3.52792 19250 -0.00953911 0.571347 27.9942 250.522 -13 6110 1 0 1
0.747281 -8.01109 19250 0.973924 3.43087 27.7719 250.807 -13 6111 1 0 1
32.6534 -5.79695 19250 1.69847 6.56993 27.1653 251.424 -13 6112 1 0 1
5.04872 6.26293 19250 -0.00643122 -1.02506 27.9812 250.539 -13 6113 1 0 1
8.16104 -1.45883 19250 -0.0710567 0.274849 27.9986 250.524 -13 6114 1 0 1
-8.67227 -4.32261 19250 1.15154 1.79138 27.9189 250.701 -13 6115 1 0 1
8.34089 0.00628749 19250 -0.0869172 -0.0197832 27.9999 250.527 -13 6116 1 0 1
-6.75439 1.897 19250 0.172309 -0.435622 27.9961 250.507 -13 6117 1 0 1
10.0719 3.38931 19250 -0.137412 -0.631564 27.9925 250.545 -13 6118 1 0 1
-1.30854 -12.5091 19250 0.262969 3.14379 27.8217 250.75 -13 6119 1 0 1
5.94014 -2.05369 19250 -0.0464661 0.414557 27.9969 250.524 -13 6120 1 0 1
1.39198 -11.4518 19250 0.615665 3.91904 27.7175 250.87 -13 6121 1 0 1
9.73153 8.47589 19250 -0.485942 -2.29058 27.9019 250.676 -13 6122 1 0 1
1.0446 6.30341 19250 0.0312118 -0.995498 27.9823 250.542 -13 6123 1 0 1
0.125534 11.5191 19250 0.0910514 -2.61056 27.8779 250.668 -13 6124 1 0 1
-2.96922 -9.09742 19250 0.117588 1.72431 27.9466 250.591 -13 6125 1 0 1
14.1353 -2.37283 19250 -0.245743 0.522177 27.9941 250.559 -13 6126 1 0 1
-7.50287 -3.43765 19250 0.205938 0.530193 27.9942 250.512 -13 6127 1 0 1
1.84826 6.32695 19250 0.00115175 -1.02775 27.9811 250.549 -13 6128 1 0 1
8.52251 0.271944 19250 -0.0866463 -0.0397467 27.9998 250.527 -13 6129 1 0 1
4.54818 10.3476 19250 -0.108319 -2.20647 27.9127 250.641 -13 6130 1 0 1
5.32204 5.95943 19250 -0.0426785 -0.908655 27.9852 250.546 -13 6131 1 0 1
-5.92004 7.36043 19250 0.177198 -1.35759 27.9665 250.563 -13 6132 1 0 1
-8.13054 -8.93184 19250 0.377147 1.96588 27.9284 250.621 -13 6133 1 0 1
-9.92998 3.57162 19250 0.263744 -0.55752 27.9932 250.518 -13 6134 1 0 1
-15.8232 -2.81564 19250 0.573673 0.596707 27.9878 250.562 -13 6135 1 0 1
-3.26346 -11.5191 19250 -0.241833 5.86316 27.3782 251.192 -13 6136 1 0 1
-13.2649 -5.68919 19250 0.506673 1.0956 27.974 250.575 -13 6137 1 0 1
-12.1814 1.33238 19250 0.289934 -0.198864 27.9978 250.518 -13 6138 1 0 1
-7.41273 0.0722432 19250 0.174225 0.0411106 27.9994 250.505 -13 6139 1 0 1
34.8232 3.42273 19250 2.65093 4.24104 27.5497 251.105 -13 6140 1 0 1
-10.2043 -5.66783 19250 0.907175 1.78243 27.9285 250.662 -13 6141 1 0 1
-11.3258 -6.72188 19250 0.532938 1.61215 27.9485 250.602 -13 6142 1 0 1
-5.90093 -8.64977 19250 0.214462 1.63833 27.9512 250.585 -13 6143 1 0 1
9.81083 -8.75316 19250 -0.407561 2.03695 27.9228 250.66 -13 6144 1 0 1
-12.8935 0.561854 19250 0.295279 -0.0804114 27.9983 250.522 -13 6145 1 0 1
11.5727 5.63046 19250 -0.820606 -1.91614 27.9223 250.696 -13 6146 1 0 1
-7.79413 -3.81508 19250 0.193073 0.604633 27.9928 250.52 -13 6147 1 0 1
9.43799 8.51434 19250 -0.204293 -1.60054 27.9535 250.608 -13 6148 1 0 1
9.70595 4.61596 19250 -0.103858 -0.780011 27.9889 250.542 -13 6149 1 0 1
8.83032 5.6941 19250 -0.97623 -2.23524 27.8936 250.732 -13 6150 1 0 1
6.96705 -10.227 19250 -0.172265 2.17715 27.9147 250.643 -13 6151 1 0 1
10.2638 1.36099 19250 -1.32777 -1.42604 27.9321 250.741 -13 6152 1 0 1
-10.548 -5.907 19250 0.287258 1.15565 27.9747 250.556 -13 6153 1 0 1
11.597 1.16678 19250 -0.11187 -0.135087 27.9995 250.527 -13 6154 1 0 1
-15.5312 -3.86515 19250 0.673284 0.878284 27.9781 250.591 -13 6155 1 0 1
11.5303 7.16506 19250 -0.593807 -2.00631 27.9217 250.673 -13 6156 1 0 1
-15.6023 2.25877 19250 0.938414 -0.690811 27.9757 250.62 -13 6157 1 0 1
-6.26711 8.65044 19250 0.752424 -2.61916 27.8671 250.733 -13 6158 1 0 1
-2.02771 5.15564 19250 0.0615566 -0.870794 27.9864 250.535 -13 6159 1 0 1
-8.6624 -3.51239 19250 0.243562 0.664516 27.9911 250.514 -13 6160 1 0 1
2.0205 5.68967 19250 0.0291195 -0.936937 27.9843 250.533 -13 6161 1 0 1
-8.19075 -6.80288 19250 0.223486 1.16493 27.9749 250.556 -13 6162 1 0 1
0.656065 12.7797 19250 -0.0419744 -3.78549 27.7429 250.823 -13 6163 1 0 1
-16.4364 1.80744 19250 0.72796 -0.503162 27.986 250.579 -13 6164 1 0 1
3.25897 10.1885 19250 -0.0367436 -1.9011 27.9354 250.62 -13 6165 1 0 1
0.214189 7.7322 19250 0.0301642 -1.41168 27.9644 250.57 -13 6166 1 0 1
12.5658 2.87948 19250 -0.134101 -0.52475 27.9948 250.535 -13 6167 1 0 1
5.04361 6.29455 19250 -0.0271595 -1.05476 27.9801 250.545 -13 6168 1 0 1
-12.2455 6.17529 19250 0.666559 -1.5461 27.9493 250.62 -13 6169 1 0 1
4.92707 -7.2872 19250 -0.0638827 1.29994 27.9697 250.57 -13 6170 1 0 1
-7.57481 -3.15441 19250 0.205203 0.491758 27.9949 250.51 -13 6171 1 0 1
5.60054 1.25071 19250 -0.028957 -0.21306 27.9992 250.518 -13 6172 1 0 1
-3.09397 7.89298 19250 0.117855 -1.38294 27.9656 250.565 -13 6173 1 0 1
-7.8161 -1.83951 19250 0.181773 0.250719 27.9983 250.509 -13 6174 1 0 1
-12.1174 -5.31897 19250 0.318691 1.00122 27.9803 250.555 -13 6175 1 0 1
12.5647 -1.05518 19250 -0.140944 0.0338372 27.9996 250.533 -13 6176 1 0 1
10.7902 6.1186 19250 -0.187591 -1.11354 27.9772 250.572 -13 6177 1 0 1
1.29887 -12.0607 19250 0.456745 4.0698 27.6989 250.873 -13 6178 1 0 1
-8.21444 -8.93847 19250 0.322303 1.79731 27.9404 250.612 -13 6179 1 0 1
8.19824 -1.64316 19250 -0.0762118 0.371306 27.9974 250.527 -13 6180 1 0 1
4.24492 -4.85834 19250 -0.000408886 0.87619 27.9863 250.529 -13 6181 1 0 1
-14.7805 0.054094 19250 1.27016 -0.081529 27.9711 250.674 -13 6182 1 0 1
2.67597 -8.76411 19250 0.00992618 1.49546 27.96 250.58 -13 6183 1 0 1
-8.82023 -1.2949 19250 0.207792 0.114693 27.999 250.508 -13 6184 1 0 1
-4.25706 7.81081 19250 0.134865 -1.21846 27.9732 250.563 -13 6185 1 0 1
-10.2056 -8.14708 19250 0.378524 1.68801 27.9465 250.611 -13 6186 1 0 1
-8.64782 -1.07487 19250 0.18936 0.0651471 27.9993 250.51 -13 6187 1 0 1
-1.93706 7.4699 19250 0.105144 -1.29914 27.9696 250.554 -13 6188 1 0 1
7.76031 6.11895 19250 -0.103996 -1.1006 27.9782 250.558 -13 6189 1 0 1
2.46496 4.60954 19250 0.0212078 -0.626378 27.993 250.527 -13 6190 1 0 1
5.08261 5.30549 19250 -0.0170663 -0.839284 27.9874 250.534 -13 6191 1 0 1
-14.7421 3.87606 19250 0.563101 -0.735424 27.9847 250.56 -13 6192 1 0 1
-2.26853 2.02102 19250 0.0919161 -0.346461 27.9977 250.507 -13 6193 1 0 1
31.9599 -5.67628 19250 1.73318 6.33853 27.218 251.373 -13 6194 1 0 1
9.38463 -0.583761 19250 -0.0910439 0.149732 27.9995 250.526 -13 6195 1 0 1
-6.72951 -9.45666 19250 0.598115 2.4477 27.8864 250.691 -13 6196 1 0 1
-5.0717 9.89067 19250 0.529118 -2.72534 27.862 250.697 -13 6197 1 0 1
-2.90103 -8.03805 19250 0.11846 1.4494 27.9622 250.568 -13 6198 1 0 1
-4.34329 10.7229 19250 0.207293 -2.22877 27.9104 250.65 -13 6199 1 0 1
-4.80657 7.74731 19250 0.139017 -1.33765 27.9677 250.568 -13 6200 1 0 1
-12.6945 5.35203 19250 0.36338 -0.869819 27.9841 250.556 -13 6201 1 0 1
0.555145 6.68737 19250 -1.04731 -3.28976 27.7863 250.807 -13 6202 1 0 1
14.9547 5.41438 19250 -0.51076 -1.3451 27.963 250.628 -13 6203 1 0 1
9.84379 -2.39327 19250 1.72617 3.39746 27.7395 250.899 -13 6204 1 0 1
-1.54007 -10.9098 19250 0.138433 2.41367 27.8954 250.647 -13 6205 1 0 1
-3.21563 7.32677 19250 0.122234 -1.27132 27.9709 250.554 -13 6206 1 0 1
8.5074 7.01815 19250 -0.801401 -2.4203 27.8837 250.721 -13 6207 1 0 1
-3.61769 0.713709 19250 0.109154 -0.0469214 27.9997 250.504 -13 6208 1 0 1
3.34304 3.57332 19250 -0.0014175 -0.423702 27.9968 250.525 -13 6209 1 0 1
9.35379 7.41604 19250 -0.159337 -1.40889 27.9641 250.584 -13 6210 1 0 1
-7.22615 -4.19283 19250 0.156852 0.639722 27.9923 250.527 -13 6211 1 0 1
13.5836 2.98486 19250 -0.203146 -0.541164 27.994 250.551 -13 6212 1 0 1
-0.5128 -7.52966 19250 0.0674728 1.31001 27.9693 250.558 -13 6213 1 0 1
12.8672 5.37705 19250 -0.199506 -0.951159 27.9831 250.562 -13 6214 1 0 1
-12.8273 -6.03772 19250 0.718223 1.42594 27.9544 250.628 -13 6215 1 0 1
-9.12358 6.73614 19250 0.25066 -1.21601 27.9725 250.561 -13 6216 1 0 1
-5.32875 7.89928 19250 0.18814 -1.28172 27.97 250.561 -13 6217 1 0 1
3.91476 -9.49534 19250 -0.0172951 1.72018 27.9471 250.596 -13 6218 1 0 1
-14.4861 -3.05503 19250 0.984318 0.965137 27.966 250.639 -13 6219 1 0 1
-2.70018 0.636012 19250 0.11341 -0.0858048 27.9996 250.499 -13 6220 1 0 1
-0.431492 -5.8819 19250 0.0457045 0.883133 27.986 250.539 -13 6221 1 0 1
-7.48888 -6.97524 19250 0.274405 1.30944 27.968 250.551 -13 6222 1 0 1
13.6422 -6.54406 19250 -0.307867 1.35848 27.9653 250.598 -13 6223 1 0 1
-0.800901 -2.80594 19250 0.0715527 0.329316 27.998 250.511 -13 6224 1 0 1
-4.98253 -8.84211 19250 0.196639 1.53522 27.9572 250.582 -13 6225 1 0 1
-11.3568 -5.15735 19250 0.288081 0.866294 27.9851 250.545 -13 6226 1 0 1
14.9709 1.06968 19250 -0.246779 -0.168298 27.9984 250.554 -13 6227 1 0 1
11.2067 -2.10689 19250 -0.109565 0.440816 27.9963 250.53 -13 6228 1 0 1
0.549398 13.2427 19250 0.211347 -3.85401 27.7327 250.853 -13 6229 1 0 1
-0.00623397 4.36744 19250 0.0643835 -0.752673 27.9898 250.52 -13 6230 1 0 1
11.287 2.3934 19250 -0.162024 -0.441247 27.9961 250.545 -13 6231 1 0 1
51.5231 0.3947 19250 2.65668 6.24434 27.1652 251.434 -13 6232 1 0 1
-6.72346 4.64326 19250 0.177034 -0.762168 27.9891 250.523 -13 6233 1 0 1
15.8241 -8.48437 19250 1.28575 5.05137 27.5106 251.098 -13 6234 1 0 1
4.75883 -6.88921 19250 1.26191 3.53567 27.7472 250.876 -13 6235 1 0 1
14.4354 5.99366 19250 -0.402245 -1.1564 27.9732 250.612 -13 6236 1 0 1
-3.9149 2.76283 19250 0.0886228 -0.378009 27.9973 250.518 -13 6237 1 0 1
4.10468 -5.56994 19250 0.00840368 0.896476 27.9856 250.532 -13 6238 1 0 1
-7.34003 -2.25015 19250 0.183348 0.260007 27.9982 250.508 -13 6239 1 0 1
0.248442 -4.37778 19250 0.0622158 0.729172 27.9904 250.52 -13 6240 1 0 1
6.92036 -5.55952 19250 -0.0782655 0.981598 27.9827 250.548 -13 6241 1 0 1
0.231242 11.0637 19250 0.051153 -2.24712 27.9096 250.645 -13 6242 1 0 1
-10.4673 -1.50785 19250 0.256349 0.326876 27.9969 250.511 -13 6243 1 0 1
-14.7074 -4.13627 19250 0.735174 1.0088 27.9722 250.597 -13 6244 1 0 1
3.14432 -2.17478 19250 0.0226452 0.321707 27.9981 250.511 -13 6245 1 0 1
-6.37759 -2.32515 19250 0.145643 0.337617 27.9976 250.512 -13 6246 1 0 1
6.55112 -4.68694 19250 -0.0439433 0.804377 27.9884 250.534 -13 6247 1 0 1
-4.18705 -10.0712 19250 0.220602 1.92629 27.9328 250.614 -13 6248 1 0 1
-2.32334 -3.70867 19250 1.34733 2.52521 27.8533 250.775 -13 6249 1 0 1
-1.30503 1.19141 19250 0.0771722 -0.188295 27.9993 250.505 -13 6250 1 0 1
6.49478 -6.119 19250 -0.0653901 0.91338 27.985 250.551 -13 6251 1 0 1
14.878 -5.50675 19250 -0.506331 1.34196 27.9632 250.627 -13 6252 1 0 1
-13.9701 -5.27318 19250 0.488952 1.00295 27.9778 250.574 -13 6253 1 0 1
-3.55744 -8.56849 19250 0.118366 1.41196 27.9641 250.579 -13 6254 1 0 1
6.53871 10.6847 19250 -0.275235 -2.64113 27.8738 250.686 -13 6255 1 0 1
-10.8753 3.67815 19250 0.260648 -0.599107 27.9924 250.528 -13 6256 1 0 1
1.08249 -3.32204 19250 0.0242528 0.44502 27.9965 250.521 -13 6257 1 0 1
11.2594 4.88664 19250 -0.152931 -0.797187 27.9882 250.552 -13 6258 1 0 1
0.3214 -1.58475 19250 0.0463653 0.262418 27.9987 250.51 -13 6259 1 0 1
-0.0981216 4.29351 19250 0.0743084 -0.677918 27.9917 250.517 -13 6260 1 0 1
-15.4767 -1.40341 19250 0.454652 0.245719 27.9952 250.54 -13 6261 1 0 1
-16.435 -1.796 19250 0.738499 0.420891 27.9871 250.578 -13 6262 1 0 1
1.56729 8.98359 19250 0.00633896 -1.52292 27.9586 250.59 -13 6263 1 0 1
7.21742 10.26 19250 -0.322839 -2.46047 27.8898 250.682 -13 6264 1 0 1
-14.7611 -3.09846 19250 0.848343 0.980085 27.97 250.607 -13 6265 1 0 1
-8.71533 -0.343863 19250 1.62565 0.94851 27.9367 250.739 -13 6266 1 0 1
-14.7655 -2.04992 19250 0.416326 0.306647 27.9952 250.537 -13 6267 1 0 1
-8.04616 -5.19608 19250 1.08869 1.99215 27.9078 250.711 -13 6268 1 0 1
-3.92561 6.02661 19250 0.12156 -0.914062 27.9848 250.536 -13 6269 1 0 1
-9.33838 7.78144 19250 0.319025 -1.48296 27.9589 250.585 -13 6270 1 0 1
32.1468 -1.82572 19250 2.18101 5.06984 27.4507 251.16 -13 6271 1 0 1
-12.0985 5.33274 19250 0.850556 -1.55589 27.9438 250.649 -13 6272 1 0 1
4.82556 -8.95154 19250 -0.0733602 1.84972 27.9387 250.6 -13 6273 1 0 1
-9.86161 4.08795 19250 0.268878 -0.718448 27.9895 250.523 -13 6274 1 0 1
-12.7565 -5.78393 19250 0.676673 1.49802 27.9517 250.62 -13 6275 1 0 1
13.0753 -7.29617 19250 1.37667 4.46873 27.6068 251.013 -13 6276 1 0 1
-2.50437 0.0334093 19250 0.0668628 -0.0415586 27.9999 250.512 -13 6277 1 0 1
15.5577 0.41446 19250 -1.22832 -0.323785 27.9712 250.705 -13 6278 1 0 1
-12.0165 -2.47708 19250 0.292041 0.455999 27.9948 250.523 -13 6279 1 0 1
8.50893 3.66661 19250 -0.0567534 -0.555577 27.9944 250.528 -13 6280 1 0 1
10.3299 -5.13188 19250 -0.12322 0.800347 27.9883 250.548 -13 6281 1 0 1
5.11134 11.4024 19250 -0.314135 -2.95127 27.8423 250.726 -13 6282 1 0 1
-7.39008 -3.11421 19250 0.177585 0.620256 27.9926 250.516 -13 6283 1 0 1
16.832 -0.914581 19250 -0.370696 0.187517 27.9969 250.577 -13 6284 1 0 1
-8.35197 2.91729 19250 0.189139 -0.432076 27.996 250.517 -13 6285 1 0 1
-0.78894 -0.64491 19250 0.0692579 0.148431 27.9995 250.505 -13 6286 1 0 1
3.35946 -0.751293 19250 0.015303 0.0766628 27.9999 250.51 -13 6287 1 0 1
-1.62808 11.2323 19250 -0.634099 -4.06901 27.6955 250.889 -13 6288 1 0 1
-12.2287 -6.30585 19250 0.484912 1.36666 27.9624 250.586 -13 6289 1 0 1
-3.79648 -5.45608 19250 1.17193 2.56193 27.8579 250.766 -13 6290 1 0 1
8.83799 8.25272 19250 -0.145956 -1.43236 27.963 250.591 -13 6291 1 0 1
-2.46404 -11.9039 19250 0.328371 2.97747 27.8393 250.727 -13 6292 1 0 1
-2.78442 -5.50668 19250 0.109569 0.794459 27.9885 250.527 -13 6293 1 0 1
15.0192 -3.06486 19250 -0.291671 0.515213 27.9937 250.57 -13 6294 1 0 1
-1.10155 -0.97904 19250 0.0484879 0.0439917 27.9999 250.513 -13 6295 1 0 1
-14.3151 2.18376 19250 0.443827 -0.441528 27.993 250.532 -13 6296 1 0 1
-4.04148 -1.85406 19250 0.111027 0.313646 27.998 250.508 -13 6297 1 0 1
-1.6083 10.2314 19250 -0.770498 -3.96393 27.7073 250.873 -13 6298 1 0 1
9.94879 0.220897 19250 -0.102963 -0.0742994 27.9997 250.528 -13 6299 1 0 1
-2.88169 3.24851 19250 0.100874 -0.521807 27.995 250.513 -13 6300 1 0 1
-7.01802 -10.1137 19250 0.454144 2.16715 27.9123 250.661 -13 6301 1 0 1
-0.904803 6.46586 19250 0.0957906 -0.997838 27.9821 250.534 -13 6302 1 0 1
4.70311 -2.68197 19250 -0.0284028 0.455923 27.9963 250.524 -13 6303 1 0 1
-7.37894 0.529849 19250 0.186501 -0.021806 27.9994 250.502 -13 6304 1 0 1
13.7191 4.31174 19250 2.38351 2.61849 27.7752 250.935 -13 6305 1 0 1
7.5001 0.615136 19250 -0.0710096 -0.134053 27.9996 250.525 -13 6306 1 0 1
-10.0275 6.89105 19250 0.305638 -1.25805 27.9701 250.567 -13 6307 1 0 1
10.6627 2.90622 19250 -0.0905101 -0.484466 27.9957 250.528 -13 6308 1 0 1
11.0189 5.17329 19250 -0.155429 -0.957457 27.9832 250.555 -13 6309 1 0 1
1.41719 -7.98771 19250 0.0316878 1.31995 27.9689 250.565 -13 6310 1 0 1
-4.24109 -8.45734 19250 0.159656 1.64781 27.951 250.579 -13 6311 1 0 1
9.17031 8.10717 19250 -0.170096 -1.59425 27.9541 250.595 -13 6312 1 0 1
-3.24464 -0.998359 19250 0.0884942 0.0567897 27.9998 250.509 -13 6313 1 0 1
-5.75922 -7.55511 19250 0.893665 2.51991 27.8721 250.723 -13 6314 1 0 1
-3.8787 -8.28989 19250 0.884623 2.81609 27.844 250.755 -13 6315 1 0 1
2.99006 -0.214092 19250 0.000676281 0.103096 27.9998 250.515 -13 6316 1 0 1
-13.5978 -4.70129 19250 0.403672 0.830442 27.9848 250.555 -13 6317 1 0 1
12.5853 3.83645 19250 -0.188122 -0.79166 27.9882 250.553 -13 6318 1 0 1
-1.00811 -5.57677 19250 0.0543388 0.981926 27.9827 250.536 -13 6319 1 0 1
-12.033 -0.524392 19250 0.302217 0.175671 27.9978 250.513 -13 6320 1 0 1
11.9351 6.95013 19250 -0.585961 -2.00122 27.9222 250.667 -13 6321 1 0 1
0.709757 10.0185 19250 0.0213105 -1.96554 27.9309 250.617 -13 6322 1 0 1
-2.26086 -3.69245 19250 0.105885 0.580283 27.9938 250.512 -13 6323 1 0 1
10.2953 6.06243 19250 -0.156044 -1.05028 27.9799 250.564 -13 6324 1 0 1
-10.8445 -2.53503 19250 0.234265 0.436044 27.9956 250.523 -13 6325 1 0 1
-9.54546 -1.401 19250 0.2271 0.267038 27.9978 250.509 -13 6326 1 0 1
-3.57008 -4.00098 19250 0.0983964 0.5441 27.9945 250.522 -13 6327 1 0 1
-24.0105 -1.14335 19250 -2.2444 -3.98175 27.6244 250.993 -13 6328 1 0 1
8.90517 7.04508 19250 -0.117035 -1.337 27.9678 250.569 -13 6329 1 0 1
-5.061 -4.74884 19250 0.157766 0.764294 27.9891 250.52 -13 6330 1 0 1
-5.21105 -8.24061 19250 0.182165 1.61157 27.953 250.577 -13 6331 1 0 1
8.96735 -0.128036 19250 -0.0795072 0.0870683 27.9998 250.524 -13 6332 1 0 1
-2.29668 -5.46839 19250 0.130683 0.925071 27.9844 250.521 -13 6333 1 0 1
11.5071 7.59558 19250 -0.315668 -1.44351 27.961 250.619 -13 6334 1 0 1
-62.1719 -6.38764 19250 -3.25557 -5.75599 27.2079 251.298 -13 6335 1 0 1
11.0674 -4.6849 19250 -0.139792 0.837473 27.9871 250.548 -13 6336 1 0 1
-6.59772 -1.94736 19250 0.161095 0.367784 27.9971 250.508 -13 6337 1 0 1
-9.93879 3.17327 19250 0.229484 -0.529427 27.9941 250.521 -13 6338 1 0 1
1.84149 -6.26593 19250 0.03151 1.08227 27.9791 250.54 -13 6339 1 0 1
13.8194 6.17142 19250 -0.609416 -1.61378 27.9468 250.657 -13 6340 1 0 1
18.231 0.689857 19250 -0.884124 0.0286201 27.986 250.655 -13 6341 1 0 1
-9.78527 -3.92319 19250 0.236448 0.622748 27.9921 250.526 -13 6342 1 0 1
-5.18633 -6.49015 19250 0.145285 1.13751 27.9765 250.546 -13 6343 1 0 1
-4.73706 6.40161 19250 0.154199 -1.02269 27.9809 250.537 -13 6344 1 0 1
-1.81337 -0.191882 19250 0.0755356 0.0858074 27.9998 250.506 -13 6345 1 0 1
10.219 -6.09276 19250 -0.150197 1.01849 27.9811 250.563 -13 6346 1 0 1
-10.9105 -6.33938 19250 0.665823 1.79935 27.9342 250.623 -13 6347 1 0 1
-11.1071 -5.08644 19250 0.336045 1.0358 27.9788 250.541 -13 6348 1 0 1
-8.09219 -6.02255 19250 0.20372 1.01663 27.9808 250.544 -13 6349 1 0 1
-2.11731 -0.343638 19250 0.124444 -0.0642691 27.9996 250.495 -13 6350 1 0 1
-14.9646 77.2616 19250 -2.3149 1.59978 27.8582 251.51 -13 6351 1 0 1
-5.35618 -2.59978 19250 0.131904 0.428503 27.9964 250.512 -13 6352 1 0 1
-16.1996 -0.208775 19250 0.501673 0.0777361 27.9954 250.545 -13 6353 1 0 1
-10.4648 5.5238 19250 0.295602 -0.938881 27.9827 250.542 -13 6354 1 0 1
5.68378 8.51983 19250 -0.0603934 -1.52581 27.9583 250.584 -13 6355 1 0 1
-7.64194 -4.87845 19250 0.205677 0.723192 27.9899 250.525 -13 6356 1 0 1
0.284049 -7.98787 19250 0.0523295 1.37336 27.9663 250.565 -13 6357 1 0 1
-6.75458 6.75935 19250 0.19834 -1.14325 27.9759 250.548 -13 6358 1 0 1
1.96665 4.96626 19250 0.0246165 -0.787486 27.9889 250.529 -13 6359 1 0 1
13.654 4.30003 19250 -0.20891 -0.730168 27.9897 250.558 -13 6360 1 0 1
12.6555 -3.28959 19250 -0.180169 0.640728 27.9921 250.549 -13 6361 1 0 1
3.4572 -8.9374 19250 -0.00923821 1.70902 27.9478 250.586 -13 6362 1 0 1
-8.24676 2.25663 19250 0.168341 -0.281382 27.9981 250.517 -13 6363 1 0 1
11.9491 -1.26533 19250 1.88852 3.30596 27.7399 250.913 -13 6364 1 0 1
0.638274 11.6352 19250 0.0406741 -2.39672 27.8972 250.665 -13 6365 1 0 1
5.09272 -8.31261 19250 1.14739 3.70375 27.7302 250.884 -13 6366 1 0 1
-12.6704 -6.48726 19250 0.560815 1.44813 27.9569 250.609 -13 6367 1 0 1
-9.02413 -6.40852 19250 0.279154 1.20917 27.9725 250.552 -13 6368 1 0 1
-0.22744 7.52256 19250 0.0509792 -1.32189 27.9687 250.562 -13 6369 1 0 1
-32.291 -3.15982 19250 -2.53328 -4.25305 27.5589 251.05 -13 6370 1 0 1
-13.2446 -6.32329 19250 0.552153 1.32279 27.9633 250.604 -13 6371 1 0 1
14.9049 0.716953 19250 -0.220617 -0.187292 27.9985 250.547 -13 6372 1 0 1
-9.51008 1.20033 19250 0.213987 -0.168385 27.9987 250.511 -13 6373 1 0 1
3.9722 -1.43605 19250 0.00668083 0.30252 27.9984 250.512 -13 6374 1 0 1
-0.144385 8.86984 19250 0.0553103 -1.59059 27.9547 250.583 -13 6375 1 0 1
8.7311 11.2306 19250 0.608174 -5.60629 27.4263 251.15 -13 6376 1 0 1
26.137 2.05771 19250 2.37467 3.96436 27.616 251.051 -13 6377 1 0 1
-1.15096 -4.62786 19250 0.0736978 0.71505 27.9908 250.523 -13 6378 1 0 1
11.8205 4.72098 19250 -0.187234 -0.810692 27.9876 250.559 -13 6379 1 0 1
-13.2783 5.65656 19250 0.540613 -1.11597 27.9725 250.577 -13 6380 1 0 1
-16.3425 0.737536 19250 0.560374 -0.135997 27.9941 250.55 -13 6381 1 0 1
-6.85207 -9.87614 19250 0.399233 2.20405 27.9103 250.649 -13 6382 1 0 1
14.2093 -3.72848 19250 1.72997 3.88141 27.6757 250.964 -13 6383 1 0 1
9.52503 -7.42655 19250 -0.16574 1.32292 27.9682 250.583 -13 6384 1 0 1
-0.484236 -11.9739 19250 0.149191 3.036 27.8345 250.714 -13 6385 1 0 1
1.95328 11.0538 19250 -0.548666 -3.50437 27.7744 250.81 -13 6386 1 0 1
-1.78804 -11.8996 19250 0.145205 2.71873 27.8673 250.696 -13 6387 1 0 1
6.94491 -10.158 19250 -0.347528 2.63207 27.8738 250.691 -13 6388 1 0 1
3.97149 -6.91003 19250 1.24248 3.4109 27.7637 250.847 -13 6389 1 0 1
2.06213 -1.5556 19250 0.0383234 0.187417 27.9993 250.508 -13 6390 1 0 1
11.1181 4.61215 19250 -0.15511 -0.738925 27.9898 250.553 -13 6391 1 0 1
16.6316 3.34026 19250 -0.572434 -0.956762 27.9778 250.621 -13 6392 1 0 1
-9.29898 -5.18699 19250 0.296205 0.8207 27.9864 250.527 -13 6393 1 0 1
-11.5504 -5.83966 19250 0.411616 1.1584 27.973 250.556 -13 6394 1 0 1
136.906 34.9419 19250 5.97615 6.02554 26.6829 251.853 -13 6395 1 0 1
16.8915 -3.94175 19250 -0.437961 0.819221 27.9846 250.597 -13 6396 1 0 1
-2.85272 10.5725 19250 0.162204 -2.40304 27.8962 250.648 -13 6397 1 0 1
11.0598 5.72538 19250 -0.170874 -0.982932 27.9822 250.563 -13 6398 1 0 1
-13.9116 -2.08293 19250 1.13214 0.886767 27.963 250.658 -13 6399 1 0 1
-8.02763 -9.01074 19250 0.480085 2.21498 27.9081 250.651 -13 6400 1 0 1
-1.44383 -6.18658 19250 0.0577731 1.01075 27.9817 250.543 -13 6401 1 0 1
3.80233 1.11373 19250 -0.00575609 -0.162749 27.9995 250.515 -13 6402 1 0 1
-6.75709 -6.35741 19250 0.218657 1.24019 27.9717 250.544 -13 6403 1 0 1
-6.7121 5.49998 19250 0.179444 -0.921913 27.9842 250.532 -13 6404 1 0 1
-7.29238 5.65749 19250 0.198328 -0.859928 27.9861 250.533 -13 6405 1 0 1
4.5231 -3.24827 19250 1.60864 2.89142 27.8038 250.848 -13 6406 1 0 1
-1.50667 -12.5065 19250 0.305567 3.22382 27.8121 250.766 -13 6407 1 0 1
-6.31817 -9.29645 19250 0.236029 1.75212 27.9441 250.604 -13 6408 1 0 1
2.14882 6.15939 19250 0.0120518 -1.04389 27.9805 250.543 -13 6409 1 0 1
-13.4334 -3.79847 19250 0.411018 0.748058 27.987 250.542 -13 6410 1 0 1
-2.38862 -10.8139 19250 0.169809 2.36012 27.8998 250.645 -13 6411 1 0 1
-12.2313 4.22653 19250 0.353153 -0.616198 27.991 250.534 -13 6412 1 0 1
-4.49113 -2.30197 19250 0.119486 0.292476 27.9982 250.51 -13 6413 1 0 1
10.5388 -2.01221 19250 -0.102878 0.368216 27.9974 250.529 -13 6414 1 0 1
-10.2086 -3.54811 19250 0.245245 0.499294 27.9945 250.523 -13 6415 1 0 1
2.4551 10.9384 19250 -0.0212983 -2.48409 27.8896 250.653 -13 6416 1 0 1
-14.7063 -5.01341 19250 0.590213 1.08443 27.9728 250.593 -13 6417 1 0 1
13.3861 -0.434645 19250 -0.179351 0.0198533 27.9994 250.54 -13 6418 1 0 1
-2.53986 -7.56578 19250 0.101463 1.26406 27.9713 250.558 -13 6419 1 0 1
-11.2273 6.22385 19250 0.387097 -1.27674 27.9682 250.566 -13 6420 1 0 1
-6.953 9.20233 19250 0.309205 -1.85282 27.9369 250.607 -13 6421 1 0 1
17.2453 -0.221244 19250 -0.311168 0.0344586 27.9982 250.562 -13 6422 1 0 1
2.35653 0.725817 19250 0.0122094 -0.172409 27.9995 250.513 -13 6423 1 0 1
-3.74665 2.45955 19250 0.125431 -0.471841 27.9957 250.506 -13 6424 1 0 1
-10.5232 -7.41645 19250 0.573862 1.85587 27.9325 250.629 -13 6425 1 0 1
-0.218967 12.033 19250 0.0798358 -3.01066 27.8376 250.718 -13 6426 1 0 1
-12.014 -1.28493 19250 0.262169 0.142521 27.9984 250.521 -13 6427 1 0 1
-4.79932 -4.41508 19250 0.123514 0.685125 27.9913 250.524 -13 6428 1 0 1
-7.48091 7.58714 19250 0.193977 -1.18793 27.9741 250.57 -13 6429 1 0 1
-2.26851 -4.54987 19250 0.0712319 0.786195 27.9889 250.527 -13 6430 1 0 1
-11.8818 -6.99611 19250 0.463945 1.4022 27.961 250.595 -13 6431 1 0 1
0.720765 -0.214052 19250 0.0578332 -0.0136127 27.9999 250.503 -13 6432 1 0 1
17.0837 3.42369 19250 -0.365125 -0.746621 27.9877 250.58 -13 6433 1 0 1
-1.45762 6.80169 19250 0.0746215 -1.08042 27.979 250.546 -13 6434 1 0 1
-10.2625 -1.18212 19250 0.230419 0.137841 27.9987 250.512 -13 6435 1 0 1
10.6006 4.44601 19250 -0.150373 -0.783442 27.9886 250.551 -13 6436 1 0 1
3.73551 -10.6575 19250 0.770904 4.13825 27.6818 250.901 -13 6437 1 0 1
-8.32902 2.4543 19250 0.206702 -0.391445 27.9965 250.51 -13 6438 1 0 1
-5.75014 8.90797 19250 -1.01908 -4.20501 27.6637 250.917 -13 6439 1 0 1
0.586983 -0.0261523 19250 0.0476469 0.133676 27.9996 250.508 -13 6440 1 0 1
-1.93558 8.88277 19250 0.105903 -1.54567 27.9571 250.581 -13 6441 1 0 1
-2.86671 12.2606 19250 -0.309071 -5.21453 27.5084 251.066 -13 6442 1 0 1
-4.99491 2.46244 19250 0.102753 -0.353315 27.9976 250.518 -13 6443 1 0 1
-5.10771 -2.66479 19250 0.143833 0.444974 27.9961 250.508 -13 6444 1 0 1
-13.6207 -4.84069 19250 0.716968 1.28938 27.9611 250.607 -13 6445 1 0 1
3.98712 2.14434 19250 0.0250681 -0.276313 27.9986 250.508 -13 6446 1 0 1
8.19825 6.47768 19250 -0.108775 -1.05931 27.9797 250.561 -13 6447 1 0 1
-6.26429 -10.0172 19250 0.548915 2.45485 27.8868 250.691 -13 6448 1 0 1
18.3323 1.98281 19250 -0.797477 -0.524106 27.9837 250.645 -13 6449 1 0 1
-3.45249 10.8494 19250 -0.713222 -4.25077 27.6663 250.916 -13 6450 1 0 1
-6.51364 -0.775939 19250 0.167985 0.0394826 27.9995 250.502 -13 6451 1 0 1
-4.11262 -7.45914 19250 0.150611 1.22327 27.9729 250.553 -13 6452 1 0 1
-5.66979 -8.16198 19250 0.814611 2.58318 27.8687 250.717 -13 6453 1 0 1
7.1257 -10.0046 19250 0.961355 4.38286 27.6381 250.963 -13 6454 1 0 1
-6.51963 -9.41261 19250 0.265426 1.92001 27.9328 250.615 -13 6455 1 0 1
14.9211 5.22366 19250 -0.583639 -1.42248 27.9578 250.64 -13 6456 1 0 1
-2.99832 3.9569 19250 0.12172 -0.595391 27.9934 250.513 -13 6457 1 0 1
-9.69357 3.50349 19250 0.25668 -0.574539 27.9929 250.517 -13 6458 1 0 1
-56.0855 -5.02532 19250 -3.06364 -5.57403 27.268 251.259 -13 6459 1 0 1
8.25968 0.599354 19250 -0.084869 -0.174502 27.9993 250.527 -13 6460 1 0 1
6.65536 4.23973 19250 -0.074564 -0.689612 27.9914 250.541 -13 6461 1 0 1
-4.91863 -9.31599 19250 0.667282 2.78557 27.8531 250.72 -13 6462 1 0 1
-12.6819 5.7003 19250 0.451699 -1.17754 27.9716 250.57 -13 6463 1 0 1
-2.98895 -0.604063 19250 0.101298 0.11092 27.9996 250.504 -13 6464 1 0 1
1.12806 -6.79027 19250 0.0295561 1.09858 27.9784 250.548 -13 6465 1 0 1
14.8071 -3.36867 19250 -0.255861 0.607596 27.9922 250.563 -13 6466 1 0 1
9.55054 3.10551 19250 -0.0592899 -0.50008 27.9955 250.523 -13 6467 1 0 1
-2.20919 4.97679 19250 0.0832773 -0.714533 27.9908 250.528 -13 6468 1 0 1
-9.34233 -5.71117 19250 0.232626 1.01966 27.9805 250.545 -13 6469 1 0 1
5.98559 2.67142 19250 -0.0164214 -0.468757 27.9961 250.517 -13 6470 1 0 1
18.1739 -0.567727 19250 -0.394002 0.0774403 27.9971 250.577 -13 6471 1 0 1
3.02182 8.99608 19250 -0.0548978 -1.67471 27.9498 250.601 -13 6472 1 0 1
3.0679 -2.77728 19250 0.0167494 0.453169 27.9963 250.515 -13 6473 1 0 1
-12.0899 -6.16257 19250 0.351663 1.05037 27.9781 250.566 -13 6474 1 0 1
-2.85658 -8.77534 19250 0.133294 1.44517 27.9624 250.577 -13 6475 1 0 1
-3.39225 -11.8444 19250 0.350095 2.95318 27.8416 250.737 -13 6476 1 0 1
2.19987 -6.79595 19250 0.0100086 1.13209 27.9771 250.55 -13 6477 1 0 1
-8.30791 6.74494 19250 0.256454 -1.17033 27.9744 250.551 -13 6478 1 0 1
14.4307 6.3906 19250 -0.366793 -1.46746 27.9591 250.607 -13 6479 1 0 1
0.578894 -9.92546 19250 0.0590351 1.84397 27.9392 250.603 -13 6480 1 0 1
6.37821 1.17028 19250 -0.0121304 -0.183835 27.9994 250.511 -13 6481 1 0 1
7.27342 -7.13888 19250 -0.853194 2.50712 27.8745 250.737 -13 6482 1 0 1
-16.3112 1.99376 19250 0.634173 -0.323219 27.991 250.563 -13 6483 1 0 1
-2.69506 -8.56745 19250 0.120431 1.68452 27.949 250.579 -13 6484 1 0 1
-9.61712 -5.16402 19250 0.260106 0.997628 27.981 250.537 -13 6485 1 0 1
-7.60634 -5.53594 19250 0.204663 1.01193 27.981 250.535 -13 6486 1 0 1
4.50952 -11.5975 19250 0.264673 6.01129 27.3458 251.242 -13 6487 1 0 1
3.99255 -2.11485 19250 -0.00676124 0.26958 27.9987 250.518 -13 6488 1 0 1
-8.16463 8.67213 19250 0.293172 -1.66763 27.9488 250.6 -13 6489 1 0 1
1.92152 4.65393 19250 0.022288 -0.668148 27.992 250.529 -13 6490 1 0 1
-3.60259 8.72166 19250 0.145769 -1.59391 27.9542 250.58 -13 6491 1 0 1
3.40429 -5.32978 19250 -0.0069007 0.921046 27.9848 250.536 -13 6492 1 0 1
-25.1384 5.71678 19250 -1.61416 -5.68192 27.3699 251.175 -13 6493 1 0 1
3.54887 1.94056 19250 0.0113925 -0.359889 27.9977 250.513 -13 6494 1 0 1
-1.01702 -2.14389 19250 1.58244 2.26952 27.863 250.796 -13 6495 1 0 1
7.1964 2.989 19250 -0.0485332 -0.492046 27.9956 250.525 -13 6496 1 0 1
-8.98762 -2.16307 19250 0.210189 0.284499 27.9978 250.512 -13 6497 1 0 1
-13.3693 2.46675 19250 0.349315 -0.503816 27.9933 250.53 -13 6498 1 0 1
8.57772 -6.64152 19250 -0.126551 1.14628 27.9762 250.566 -13 6499 1 0 1
0.894591 -1.41725 19250 0.0388423 0.218681 27.9991 250.51 -13 6500 1 0 1
5.52365 9.14615 19250 -0.0726602 -1.92242 27.9338 250.601 -13 6501 1 0 1
9.73648 -5.45802 19250 -0.115796 0.895506 27.9854 250.55 -13 6502 1 0 1
4.84884 -7.31511 19250 -0.0416396 1.27103 27.9711 250.564 -13 6503 1 0 1
-11.4559 -6.69363 19250 0.67363 1.70736 27.9398 250.634 -13 6504 1 0 1
-15.8587 -2.7239 19250 0.516915 0.577979 27.9893 250.559 -13 6505 1 0 1
-8.06803 -1.19826 19250 0.193441 0.104632 27.9991 250.506 -13 6506 1 0 1
-3.05638 -8.41927 19250 0.127876 1.49855 27.9596 250.574 -13 6507 1 0 1
4.10407 -0.674954 19250 -0.0161353 0.0639092 27.9999 250.517 -13 6508 1 0 1
-4.4073 7.51023 19250 0.147907 -1.28479 27.9701 250.558 -13 6509 1 0 1
-10.2485 -4.35309 19250 0.278173 0.687906 27.9902 250.527 -13 6510 1 0 1
-11.5554 -2.22327 19250 0.266481 0.439119 27.9953 250.521 -13 6511 1 0 1
-11.4975 -2.2912 19250 1.26421 1.15901 27.9474 250.685 -13 6512 1 0 1
13.2932 5.65979 19250 -0.23492 -1.00048 27.9811 250.572 -13 6513 1 0 1
-7.44239 9.43193 19250 0.576989 -2.36965 27.8936 250.689 -13 6514 1 0 1
-0.343962 5.85874 19250 0.0672058 -1.02047 27.9813 250.533 -13 6515 1 0 1
-15.3798 -1.99041 19250 0.977913 0.627509 27.9759 250.619 -13 6516 1 0 1
-1.90903 -0.555327 19250 0.0934726 0.0474124 27.9998 250.502 -13 6517 1 0 1
-5.68115 0.721135 19250 1.97615 0.439658 27.9267 250.784 -13 6518 1 0 1
-14.0668 2.4094 19250 0.424105 -0.404236 27.9939 250.531 -13 6519 1 0 1
6.12719 7.34527 19250 -0.0224991 -1.16489 27.9757 250.553 -13 6520 1 0 1
15.0954 4.79699 19250 -0.287926 -0.91757 27.9835 250.574 -13 6521 1 0 1
1.60206 7.77726 19250 -0.974523 -3.17822 27.802 250.804 -13 6522 1 0 1
-14.8896 2.14768 19250 0.429548 -0.390006 27.994 250.539 -13 6523 1 0 1
40.4061 -4.17401 19250 1.99147 6.80911 27.0863 251.507 -13 6524 1 0 1
7.36857 -0.82557 19250 -0.0311638 0.124213 27.9997 250.514 -13 6525 1 0 1
-11.4812 4.89099 19250 0.297774 -0.836399 27.9859 250.542 -13 6526 1 0 1
-9.17977 0.139694 19250 0.212167 0.0241988 27.9992 250.507 -13 6527 1 0 1
0.0293604 -6.81431 19250 0.0451066 1.0981 27.9784 250.548 -13 6528 1 0 1
15.0358 -3.72066 19250 -0.878732 1.21932 27.9596 250.673 -13 6529 1 0 1
-49.2055 -0.756112 19250 -2.21067 -8.59569 26.5561 251.856 -13 6530 1 0 1
9.99473 -0.150613 19250 -0.0881027 -0.00115578 27.9999 250.524 -13 6531 1 0 1
7.20767 4.97136 19250 -0.0653255 -0.822084 27.9879 250.54 -13 6532 1 0 1
17.4866 -2.8617 19250 -0.339304 0.546269 27.9926 250.572 -13 6533 1 0 1
1.37839 -12.365 19250 0.0993836 5.50891 27.4525 251.136 -13 6534 1 0 1
-13.6751 -5.21952 19250 0.495714 0.93577 27.98 250.566 -13 6535 1 0 1
-7.09857 -8.74781 19250 0.23888 1.62618 27.9517 250.594 -13 6536 1 0 1
-72.9242 -10.695 19250 -3.72294 -5.65481 27.1692 251.33 -13 6537 1 0 1
-14.3844 -1.88856 19250 0.40337 0.237996 27.9961 250.532 -13 6538 1 0 1
10.6306 -3.2477 19250 -0.13437 0.633242 27.9925 250.542 -13 6539 1 0 1
-10.2203 -7.42562 19250 0.332852 1.38712 27.9636 250.582 -13 6540 1 0 1
-7.68905 -5.04126 19250 0.206443 0.763931 27.9888 250.527 -13 6541 1 0 1
-15.127 2.32186 19250 0.397721 -0.40484 27.9942 250.545 -13 6542 1 0 1
-4.77575 -0.329807 19250 0.0961945 0.128595 27.9995 250.513 -13 6543 1 0 1
-5.06714 -7.6784 19250 0.187973 1.43396 27.9626 250.561 -13 6544 1 0 1
10.7247 4.95922 19250 -0.157365 -0.780754 27.9887 250.556 -13 6545 1 0 1
-7.16225 0.0819645 19250 0.171295 0.0471657 27.9994 250.504 -13 6546 1 0 1
10.7859 5.55164 19250 -0.146891 -0.997684 27.9818 250.556 -13 6547 1 0 1
-6.94924 -3.01551 19250 0.157598 0.440553 27.9961 250.516 -13 6548 1 0 1
11.5458 -6.75636 19250 -0.274421 1.46678 27.9602 250.599 -13 6549 1 0 1
-3.60786 -0.257491 19250 0.113283 -0.00356218 27.9998 250.502 -13 6550 1 0 1
-1.04496 -10.0107 19250 0.0784612 1.97122 27.9304 250.614 -13 6551 1 0 1
-4.32724 6.72144 19250 0.14992 -1.11456 27.9774 250.541 -13 6552 1 0 1
3.82543 -8.17083 19250 -0.0171918 1.38304 27.9658 250.573 -13 6553 1 0 1
9.24078 -8.51921 19250 -0.226417 1.8168 27.9401 250.615 -13 6554 1 0 1
-4.93121 -10.3614 19250 0.586428 2.68533 27.8648 250.718 -13 6555 1 0 1
17.3036 -2.53504 19250 -0.381592 0.597535 27.991 250.581 -13 6556 1 0 1
-32.8021 2.81095 19250 -2.05048 -5.50307 27.3772 251.173 -13 6557 1 0 1
-0.346986 -5.8669 19250 0.0566212 0.894249 27.9857 250.535 -13 6558 1 0 1
17.7108 -8.42241 19250 1.26704 5.46463 27.4323 251.174 -13 6559 1 0 1
-11.0614 -7.07009 19250 0.564418 1.52934 27.9525 250.602 -13 6560 1 0 1
3.19859 11.0844 19250 -0.058225 -2.3249 27.9033 250.654 -13 6561 1 0 1
-3.47038 10.3278 19250 -0.808265 -4.15 27.6789 250.907 -13 6562 1 0 1
16.4877 4.39998 19250 -0.315926 -0.839135 27.9856 250.575 -13 6563 1 0 1
-1.11217 -0.935496 19250 0.0837095 0.0991882 27.9997 250.502 -13 6564 1 0 1
-0.570823 -11.0346 19250 0.621276 3.49083 27.7746 250.804 -13 6565 1 0 1
2.52773 8.37955 19250 -0.0204312 -1.47496 27.9611 250.584 -13 6566 1 0 1
-4.8478 -6.89343 19250 0.172786 1.24231 27.9719 250.547 -13 6567 1 0 1
-13.9132 -4.94738 19250 0.680668 1.13342 27.9688 250.594 -13 6568 1 0 1
-4.43833 7.11887 19250 0.132901 -1.1685 27.9753 250.553 -13 6569 1 0 1
-12.845 -4.28472 19250 0.389498 0.853549 27.9843 250.542 -13 6570 1 0 1
-10.409 -2.05979 19250 0.23076 0.363244 27.9967 250.517 -13 6571 1 0 1
13.0894 5.63026 19250 -0.24481 -1.0744 27.9783 250.575 -13 6572 1 0 1
17.4989 2.61953 19250 -0.38118 -0.586169 27.9913 250.58 -13 6573 1 0 1
-8.40399 -9.07246 19250 0.416225 1.99993 27.9254 250.633 -13 6574 1 0 1
-2.75532 -11.3668 19250 -0.215701 5.75808 27.4007 251.156 -13 6575 1 0 1
2.94045 -7.99757 19250 -0.0296393 1.28008 27.9707 250.575 -13 6576 1 0 1
8.12358 9.8687 19250 -0.178973 -2.06453 27.9232 250.631 -13 6577 1 0 1
-13.116 3.91339 19250 0.955687 -1.24757 27.9559 250.639 -13 6578 1 0 1
7.73009 2.26923 19250 -0.0938591 -0.34898 27.9977 250.534 -13 6579 1 0 1
-16.4055 -1.80432 19250 0.788552 0.563059 27.9832 250.59 -13 6580 1 0 1
-0.0339826 -11.2434 19250 0.68187 3.59432 27.76 250.851 -13 6581 1 0 1
-4.33809 10.6402 19250 0.476164 -2.79223 27.8564 250.707 -13 6582 1 0 1
-7.86893 -1.44291 19250 0.203828 0.270705 27.9979 250.503 -13 6583 1 0 1
-5.73758 -9.6384 19250 0.596105 2.66194 27.8668 250.706 -13 6584 1 0 1
-9.00235 -2.94442 19250 0.223663 0.475666 27.9951 250.514 -13 6585 1 0 1
7.96599 4.91851 19250 -0.0732949 -0.779776 27.989 250.539 -13 6586 1 0 1
-9.62591 -1.34941 19250 0.230843 0.186642 27.9984 250.508 -13 6587 1 0 1
-7.09961 -6.62899 19250 0.209468 1.1836 27.9742 250.549 -13 6588 1 0 1
-14.151 -4.12733 19250 0.492433 0.919917 27.9806 250.557 -13 6589 1 0 1
7.12959 -0.936621 19250 -0.0352264 0.159689 27.9995 250.516 -13 6590 1 0 1
-0.0872944 12.3489 19250 0.399459 -3.68725 27.7533 250.825 -13 6591 1 0 1
10.3426 3.14895 19250 -0.0987659 -0.656493 27.9921 250.533 -13 6592 1 0 1
1.04622 -12.5236 19250 0.0468519 3.1154 27.8261 250.733 -13 6593 1 0 1
-11.882 -6.54329 19250 0.514192 1.53241 27.9533 250.599 -13 6594 1 0 1
6.48328 1.11658 19250 -0.042966 -0.0793242 27.9999 250.52 -13 6595 1 0 1
-13.9095 3.05886 19250 0.417219 -0.604502 27.9904 250.537 -13 6596 1 0 1
-13.6772 -4.30878 19250 0.399165 0.87001 27.9836 250.553 -13 6597 1 0 1
-2.58051 -2.15363 19250 1.50356 2.225 27.8709 250.774 -13 6598 1 0 1
-6.59023 0.957489 19250 0.165504 -0.205876 27.9988 250.504 -13 6599 1 0 1
6.11042 6.34421 19250 -0.0331417 -1.17039 27.9755 250.546 -13 6600 1 0 1
-14.0849 4.41948 19250 0.501829 -0.875581 27.9818 250.558 -13 6601 1 0 1
-15.5851 -3.20269 19250 0.528249 0.593386 27.9887 250.56 -13 6602 1 0 1
-1.87858 1.81218 19250 0.0916185 -0.261106 27.9986 250.505 -13 6603 1 0 1
17.5481 0.672684 19250 -0.347426 -0.107133 27.9976 250.569 -13 6604 1 0 1
5.56238 0.679353 19250 -0.00860052 -0.0543395 27.9999 250.511 -13 6605 1 0 1
-15.4343 -3.12905 19250 0.579932 0.559301 27.9884 250.559 -13 6606 1 0 1
1.12008 10.0373 19250 0.0353212 -1.94192 27.9326 250.61 -13 6607 1 0 1
-12.3689 0.0029394 19250 0.33967 -0.0918229 27.9978 250.511 -13 6608 1 0 1
6.34454 3.42582 19250 -0.0483838 -0.585769 27.9938 250.53 -13 6609 1 0 1
-3.81859 -6.37564 19250 0.13845 1.08034 27.9788 250.537 -13 6610 1 0 1
-0.820446 -7.64624 19250 1.05391 3.04668 27.8138 250.793 -13 6611 1 0 1
-9.83941 -7.5248 19250 0.623789 2.06029 27.9171 250.651 -13 6612 1 0 1
18.9627 -0.248283 19250 -0.586771 0.10818 27.9936 250.609 -13 6613 1 0 1
0.73018 -12.2994 19250 0.448732 3.76005 27.7428 250.833 -13 6614 1 0 1
0.0546083 4.87026 19250 0.047908 -0.727059 27.9905 250.528 -13 6615 1 0 1
-8.47162 -4.29473 19250 0.205283 0.70977 27.9902 250.526 -13 6616 1 0 1
7.64431 8.89525 19250 -0.136016 -1.79965 27.9418 250.603 -13 6617 1 0 1
-9.92862 -7.81017 19250 0.474436 1.72387 27.9429 250.606 -13 6618 1 0 1
11.0492 2.93597 19250 -0.12652 -0.502296 27.9952 250.537 -13 6619 1 0 1
-8.85506 8.79018 19250 0.459695 -1.94829 27.9284 250.631 -13 6620 1 0 1
-15.4078 -2.95339 19250 0.85389 0.951411 27.9708 250.619 -13 6621 1 0 1
-8.1341 5.20588 19250 0.203897 -0.884879 27.9853 250.534 -13 6622 1 0 1
-9.39784 -3.32747 19250 0.207581 0.543027 27.994 250.523 -13 6623 1 0 1
103.992 10.903 19250 3.63565 9.40489 26.1214 252.325 -13 6624 1 0 1
6.68053 10.2548 19250 -0.157594 -2.09412 27.9211 250.639 -13 6625 1 0 1
10.2247 7.18945 19250 -0.157112 -1.43244 27.9629 250.577 -13 6626 1 0 1
1.46713 -9.45929 19250 0.0323304 1.62558 27.9528 250.592 -13 6627 1 0 1
7.50075 4.62883 19250 -1.09757 -2.26897 27.8863 250.745 -13 6628 1 0 1
8.3892 -0.769904 19250 -0.0681084 0.143968 27.9995 250.522 -13 6629 1 0 1
14.808 2.36596 19250 -0.231406 -0.377715 27.9965 250.553 -13 6630 1 0 1
-5.01784 4.31112 19250 0.144443 -0.600282 27.9932 250.519 -13 6631 1 0 1
18.0121 1.68828 19250 -0.48622 -0.410806 27.9928 250.597 -13 6632 1 0 1
3.95114 3.66566 19250 -0.0217913 -0.520552 27.9952 250.53 -13 6633 1 0 1
9.08458 -1.94043 19250 -0.0838183 0.274774 27.9985 250.527 -13 6634 1 0 1
-5.67017 3.81571 19250 0.139093 -0.602108 27.9932 250.52 -13 6635 1 0 1
1.25573 -11.3135 19250 -0.00302622 2.29036 27.9062 250.657 -13 6636 1 0 1
-5.24997 -8.83632 19250 0.190848 1.62979 27.9519 250.587 -13 6637 1 0 1
-12.7224 5.12072 19250 0.445416 -1.00345 27.9785 250.553 -13 6638 1 0 1
-15.5184 3.16362 19250 0.825747 -0.772425 27.9772 250.605 -13 6639 1 0 1
-6.86327 -9.59484 19250 0.324344 1.88116 27.9349 250.618 -13 6640 1 0 1
7.98573 9.05997 19250 -0.201221 -1.79171 27.9419 250.621 -13 6641 1 0 1
-12.7541 2.82498 19250 0.329985 -0.470842 27.9941 250.527 -13 6642 1 0 1
-1.09043 -9.76129 19250 0.828871 3.24077 27.7995 250.802 -13 6643 1 0 1
2.87327 11.561 19250 -0.353733 -3.47341 27.7815 250.78 -13 6644 1 0 1
11.0622 0.234304 19250 -0.0857283 -0.00104352 27.9999 250.521 -13 6645 1 0 1
-13.7102 -4.29937 19250 0.39847 0.803009 27.9856 250.551 -13 6646 1 0 1
-14.0438 -3.48494 19250 0.418561 0.583625 27.9908 250.542 -13 6647 1 0 1
7.50882 2.37668 19250 -0.0367801 -0.411825 27.9969 250.518 -13 6648 1 0 1
14.6672 2.20906 19250 -0.252638 -0.435416 27.9955 250.558 -13 6649 1 0 1
-2.15745 12.3529 19250 0.25301 -3.04198 27.8331 250.744 -13 6650 1 0 1
2.45523 0.474546 19250 0.025303 0.0242426 28 250.509 -13 6651 1 0 1
-0.644534 -2.28214 19250 0.0523261 0.246773 27.9989 250.514 -13 6652 1 0 1
4.06889 -12.22 19250 0.510763 4.66753 27.6035 250.982 -13 6653 1 0 1
-3.58806 -6.58969 19250 0.135679 1.09631 27.9782 250.539 -13 6654 1 0 1
-4.96772 4.94871 19250 0.1543 -0.778454 27.9888 250.521 -13 6655 1 0 1
-0.729243 9.66677 19250 0.0795571 -1.81091 27.9413 250.599 -13 6656 1 0 1
-5.18325 -8.54163 19250 0.824622 2.59959 27.8669 250.727 -13 6657 1 0 1
-1.2381 2.35834 19250 0.0716736 -0.331791 27.9979 250.51 -13 6658 1 0 1
-11.0455 4.76775 19250 0.288369 -0.688617 27.99 250.537 -13 6659 1 0 1
-1.95487 -2.62632 19250 0.1048 0.437519 27.9964 250.505 -13 6660 1 0 1
-13.5637 -4.62911 19250 0.391774 0.848342 27.9844 250.554 -13 6661 1 0 1
-7.49782 -6.53909 19250 0.217375 0.992526 27.9816 250.545 -13 6662 1 0 1
-9.10785 2.95254 19250 0.198786 -0.375743 27.9968 250.52 -13 6663 1 0 1
-12.2431 -0.497395 19250 0.321523 0.0772194 27.998 250.512 -13 6664 1 0 1
-10.9403 -5.50861 19250 0.313444 0.984429 27.9809 250.545 -13 6665 1 0 1
-7.06535 -5.24696 19250 0.193003 0.846283 27.9865 250.528 -13 6666 1 0 1
1.92505 -6.76969 19250 0.0221911 1.15224 27.9763 250.548 -13 6667 1 0 1
-10.7528 -2.36354 19250 0.261815 0.426655 27.9955 250.516 -13 6668 1 0 1
-12.1325 -6.03209 19250 0.415703 1.12063 27.9745 250.564 -13 6669 1 0 1
-12.935 -0.706069 19250 0.334897 0.183733 27.9974 250.518 -13 6670 1 0 1
5.14116 5.98256 19250 -0.0370455 -1.03369 27.9809 250.545 -13 6671 1 0 1
5.8984 -5.91925 19250 -0.0512324 0.894236 27.9857 250.546 -13 6672 1 0 1
-14.314 -4.76628 19250 0.638895 1.18048 27.9678 250.596 -13 6673 1 0 1
9.34973 1.30722 19250 -0.0803333 -0.296152 27.9983 250.524 -13 6674 1 0 1
2.7526 -3.99781 19250 0.0123836 0.690841 27.9915 250.525 -13 6675 1 0 1
-8.42655 4.545 19250 0.206267 -0.828139 27.987 250.529 -13 6676 1 0 1
9.54112 -1.18447 19250 -0.0923615 0.180994 27.9993 250.527 -13 6677 1 0 1
-3.73168 3.56133 19250 0.113193 -0.475078 27.9957 250.515 -13 6678 1 0 1
-5.9401 -8.08504 19250 0.201809 1.45259 27.9616 250.572 -13 6679 1 0 1
7.72669 -0.705938 19250 -0.040688 0.0855556 27.9998 250.516 -13 6680 1 0 1
-4.39709 -2.59062 19250 0.116176 0.354236 27.9975 250.511 -13 6681 1 0 1
-3.86272 -2.68044 19250 1.46321 2.01728 27.8889 250.748 -13 6682 1 0 1
1.61228 3.23497 19250 -1.40655 -2.5356 27.8495 250.802 -13 6683 1 0 1
6.37011 3.86639 19250 -1.20377 -2.27801 27.8812 250.758 -13 6684 1 0 1
8.83525 -2.7358 19250 -0.0851348 0.40264 27.997 250.53 -13 6685 1 0 1
6.44716 -5.63422 19250 -0.0300639 0.76915 27.9894 250.537 -13 6686 1 0 1
-6.53038 1.81542 19250 0.12534 -0.354193 27.9975 250.517 -13 6687 1 0 1
3.33524 -11.5983 19250 -0.225565 3.15441 27.8208 250.737 -13 6688 1 0 1
5.23698 1.50826 19250 -0.0219053 -0.289086 27.9985 250.517 -13 6689 1 0 1
-5.47401 -0.148523 19250 0.153535 0.0372491 27.9996 250.5 -13 6690 1 0 1
6.46132 6.73651 19250 -0.0502328 -1.28994 27.9702 250.556 -13 6691 1 0 1
0.389395 1.28653 19250 0.0510513 -0.244434 27.9989 250.508 -13 6692 1 0 1
18.3897 2.08444 19250 -0.549695 -0.519239 27.9898 250.607 -13 6693 1 0 1
4.95053 -7.6432 19250 -0.0510586 1.46394 27.9617 250.572 -13 6694 1 0 1
-14.2752 -0.81426 19250 0.375911 0.188337 27.9968 250.528 -13 6695 1 0 1
0.748997 12.2385 19250 -0.321025 -3.93371 27.7204 250.846 -13 6696 1 0 1
5.04227 -10.0884 19250 0.920179 4.04615 27.6908 250.903 -13 6697 1 0 1
1.53765 12.6235 19250 -0.0495824 -3.4123 27.7913 250.771 -13 6698 1 0 1
-2.85442 3.09902 19250 0.099928 -0.506856 27.9952 250.512 -13 6699 1 0 1
-9.61943 -3.86447 19250 0.206874 0.653079 27.9916 250.53 -13 6700 1 0 1
-13.5541 -0.0778328 19250 0.347364 0.0229914 27.9978 250.521 -13 6701 1 0 1
-4.15533 -7.8947 19250 0.155813 1.33381 27.9678 250.562 -13 6702 1 0 1
-15.0466 -2.51753 19250 0.911358 0.789663 27.974 250.61 -13 6703 1 0 1
-7.28047 -5.28103 19250 0.201952 0.870291 27.9857 250.528 -13 6704 1 0 1
17.4327 2.69825 19250 -0.389055 -0.621792 27.9904 250.583 -13 6705 1 0 1
11.593 7.92579 19250 -0.367829 -1.72621 27.9443 250.633 -13 6706 1 0 1
1.79699 -3.78529 19250 0.0123468 0.510352 27.9953 250.526 -13 6707 1 0 1
1.8518 -1.33282 19250 0.0494995 0.33885 27.9979 250.505 -13 6708 1 0 1
-7.33885 -8.85106 19250 0.2942 1.78325 27.9416 250.6 -13 6709 1 0 1
11.2183 1.02241 19250 -0.135828 -0.0547118 27.9996 250.535 -13 6710 1 0 1
-3.22439 -3.24656 19250 0.101652 0.543896 27.9945 250.514 -13 6711 1 0 1
3.37155 4.40787 19250 -0.0110907 -0.645979 27.9925 250.533 -13 6712 1 0 1
-16.0421 -2.28848 19250 0.558981 0.500829 27.9899 250.558 -13 6713 1 0 1
-14.4227 0.93109 19250 0.391672 -0.149186 27.9969 250.528 -13 6714 1 0 1
13.2532 -7.20372 19250 -0.430706 1.69473 27.9453 250.633 -13 6715 1 0 1
-8.51483 7.32577 19250 0.272557 -1.36731 27.9653 250.568 -13 6716 1 0 1
-12.3759 -4.90065 19250 0.340097 0.80091 27.9865 250.546 -13 6717 1 0 1
-5.22829 -10.8596 19250 0.273675 2.29671 27.9043 250.663 -13 6718 1 0 1
-23.6545 3.34213 19250 -1.87501 -4.78546 27.5242 251.047 -13 6719 1 0 1
-4.5301 -1.57846 19250 0.125303 0.164482 27.9992 250.506 -13 6720 1 0 1
-10.2643 -5.74346 19250 0.258955 0.979535 27.9817 250.549 -13 6721 1 0 1
1.07931 12.8852 19250 -0.0576876 -3.57064 27.7713 250.801 -13 6722 1 0 1
-13.8222 -4.2588 19250 0.869645 1.20997 27.9603 250.63 -13 6723 1 0 1
5.8394 -9.98318 19250 -0.133059 2.12365 27.919 250.632 -13 6724 1 0 1
1.31802 -11.5717 19250 0.607425 3.83584 27.7294 250.855 -13 6725 1 0 1
-1.72098 -5.98231 19250 0.0748398 0.922409 27.9847 250.537 -13 6726 1 0 1
6.66822 9.589 19250 -0.160338 -2.02058 27.9265 250.627 -13 6727 1 0 1
-7.31906 2.96735 19250 0.171368 -0.508939 27.9948 250.515 -13 6728 1 0 1
12.2791 8.10574 19250 -0.387818 -1.74307 27.943 250.637 -13 6729 1 0 1
11.0748 7.75137 19250 -0.248568 -1.63681 27.951 250.604 -13 6730 1 0 1
-14.2094 -1.20633 19250 0.400793 0.188888 27.9965 250.526 -13 6731 1 0 1
18.753 2.00637 19250 -0.433845 -0.517342 27.9919 250.584 -13 6732 1 0 1
2.9124 12.028 19250 -0.237929 -3.38492 27.7936 250.767 -13 6733 1 0 1
-14.4591 -3.78037 19250 0.467542 0.705677 27.9872 250.552 -13 6734 1 0 1
1.18302 -6.22038 19250 1.21708 3.09694 27.8016 250.802 -13 6735 1 0 1
-9.34982 -7.27099 19250 0.291977 1.37796 27.9645 250.573 -13 6736 1 0 1
-6.96234 9.55661 19250 -0.913185 -4.54899 27.6129 250.954 -13 6737 1 0 1
13.199 7.0511 19250 -0.318566 -1.41657 27.9623 250.606 -13 6738 1 0 1
10.8345 5.95807 19250 -0.158266 -1.1397 27.9763 250.562 -13 6739 1 0 1
-15.3849 -3.19437 19250 0.521426 0.640594 27.9878 250.558 -13 6740 1 0 1
13.6024 -2.36378 19250 -0.20783 0.35437 27.997 250.55 -13 6741 1 0 1
2.86484 1.87999 19250 -0.00397173 -0.369647 27.9976 250.519 -13 6742 1 0 1
1.06333 6.17137 19250 0.062582 -1.07112 27.9794 250.532 -13 6743 1 0 1
-6.50093 -0.322488 19250 -1.83414 -2.88631 27.7904 250.858 -13 6744 1 0 1
-3.27489 -1.7121 19250 0.11435 0.342828 27.9977 250.504 -13 6745 1 0 1
-2.84625 5.32214 19250 -1.28822 -3.35131 27.7689 250.84 -13 6746 1 0 1
9.3708 0.732285 19250 -0.0966768 -0.0596288 27.9998 250.528 -13 6747 1 0 1
-1.30738 -12.4958 19250 0.292814 3.13761 27.8221 250.751 -13 6748 1 0 1
18.5942 -2.95019 19250 -0.583733 0.738123 27.9842 250.614 -13 6749 1 0 1
-12.8329 4.80376 19250 0.413788 -0.870908 27.9834 250.547 -13 6750 1 0 1
13.7276 -6.53999 19250 -0.421197 1.49009 27.9571 250.623 -13 6751 1 0 1
-15.8744 0.570019 19250 0.514724 0.0105248 27.9953 250.54 -13 6752 1 0 1
-4.25239 -10.7712 19250 0.485168 2.91048 27.8441 250.728 -13 6753 1 0 1
0.92377 7.10991 19250 0.0434269 -1.27961 27.9707 250.553 -13 6754 1 0 1
13.9134 -4.10961 19250 -0.237731 0.798175 27.9876 250.563 -13 6755 1 0 1
17.4557 -8.7664 19250 1.25563 5.40508 27.4446 251.168 -13 6756 1 0 1
10.9711 4.731 19250 -0.165466 -0.709323 27.9905 250.558 -13 6757 1 0 1
2.20912 -13.1022 19250 0.343206 4.3895 27.6517 250.942 -13 6758 1 0 1
12.3715 -10.3918 19250 0.893813 5.5111 27.4377 251.157 -13 6759 1 0 1
-8.40163 4.14338 19250 0.18016 -0.685998 27.991 250.53 -13 6760 1 0 1
4.57306 6.6756 19250 -0.00783723 -1.01692 27.9815 250.546 -13 6761 1 0 1
-6.11966 2.72485 19250 0.17221 -0.383762 27.9968 250.506 -13 6762 1 0 1
6.68806 -1.26112 19250 -0.0488718 0.202123 27.9992 250.521 -13 6763 1 0 1
-12.842 5.81437 19250 0.483438 -1.25457 27.9677 250.58 -13 6764 1 0 1
-9.41709 -0.252701 19250 0.210363 0.0992703 27.999 250.509 -13 6765 1 0 1
3.51797 4.2617 19250 -0.0205643 -0.662888 27.9921 250.534 -13 6766 1 0 1
8.68683 7.0734 19250 -0.113906 -1.28763 27.9701 250.569 -13 6767 1 0 1
10.6644 4.49412 19250 -0.103957 -0.785808 27.9888 250.538 -13 6768 1 0 1
5.98163 -0.760613 19250 -0.0298413 0.0961969 27.9998 250.516 -13 6769 1 0 1
-12.2557 -6.97134 19250 0.541111 1.48626 27.9553 250.613 -13 6770 1 0 1
-6.41916 9.84633 19250 -0.888037 -4.49318 27.6229 250.95 -13 6771 1 0 1
-3.76116 -9.6204 19250 0.162411 1.94046 27.9322 250.608 -13 6772 1 0 1
-15.6838 -3.61336 19250 0.585458 0.749243 27.9839 250.575 -13 6773 1 0 1
8.63352 8.62756 19250 -0.602942 -2.42583 27.8882 250.708 -13 6774 1 0 1
-7.94897 -3.33693 19250 0.21178 0.571516 27.9934 250.513 -13 6775 1 0 1
-5.8048 6.36181 19250 0.207366 -1.13738 27.9761 250.535 -13 6776 1 0 1
-36.721 2.24916 19250 -2.13366 -5.85604 27.2975 251.226 -13 6777 1 0 1
28.1584 2.81672 19250 2.48852 3.89116 27.6164 251.044 -13 6778 1 0 1
-7.35476 -8.81824 19250 0.674205 2.43332 27.8859 250.703 -13 6779 1 0 1
5.39735 -4.84785 19250 -0.0178812 0.730045 27.9905 250.531 -13 6780 1 0 1
13.3385 -5.3111 19250 -0.756726 1.71382 27.9373 250.676 -13 6781 1 0 1
10.3298 8.70691 19250 -0.372156 -1.98653 27.927 250.65 -13 6782 1 0 1
-10.2161 -1.02121 19250 0.228832 0.136394 27.9987 250.512 -13 6783 1 0 1
1.26466 6.62769 19250 0.0342059 -0.972111 27.9831 250.545 -13 6784 1 0 1
-1.23526 5.08235 19250 0.0694823 -0.828381 27.9877 250.528 -13 6785 1 0 1
-6.32452 -10.2 19250 0.386362 2.23872 27.9077 250.654 -13 6786 1 0 1
11.1779 0.556394 19250 -0.115989 0.0331475 27.9997 250.529 -13 6787 1 0 1
3.79941 -0.173117 19250 -0.00438195 0.0506846 28 250.514 -13 6788 1 0 1
5.73743 10.8335 19250 -0.160263 -2.35544 27.9003 250.659 -13 6789 1 0 1
-15.5899 -3.92722 19250 0.74341 0.905641 27.9755 250.607 -13 6790 1 0 1
5.1541 9.2678 19250 -0.652076 -2.90824 27.8409 250.753 -13 6791 1 0 1
1.90818 -8.18215 19250 -0.0294395 1.59343 27.9546 250.586 -13 6792 1 0 1
-2.40169 -5.54853 19250 0.0741515 0.939335 27.9841 250.536 -13 6793 1 0 1
-11.4767 -2.94548 19250 0.307258 0.52862 27.9933 250.519 -13 6794 1 0 1
5.60417 5.02581 19250 -0.0380923 -0.737617 27.9903 250.537 -13 6795 1 0 1
-10.1507 6.4124 19250 0.324966 -1.04295 27.9787 250.55 -13 6796 1 0 1
6.37727 -0.177564 19250 -0.043092 0.0693424 27.9999 250.519 -13 6797 1 0 1
1.41759 -2.34399 19250 0.0269842 0.284468 27.9985 250.515 -13 6798 1 0 1
5.40044 2.40462 19250 -0.0274218 -0.354469 27.9977 250.521 -13 6799 1 0 1
10.1388 7.48039 19250 -0.261785 -1.68366 27.9481 250.609 -13 6800 1 0 1
-3.93795 -0.327003 19250 0.12945 -0.0761889 27.9996 250.5 -13 6801 1 0 1
4.43329 -7.25703 19250 -0.0424256 1.27633 27.9709 250.565 -13 6802 1 0 1
0.523278 12.2139 19250 -0.382144 -3.9617 27.7157 250.858 -13 6803 1 0 1
9.0973 8.32241 19250 -0.227291 -1.70672 27.947 250.613 -13 6804 1 0 1
4.84426 1.5699 19250 -0.0205936 -0.155537 27.9996 250.518 -13 6805 1 0 1
3.87242 -1.47937 19250 0.0152673 0.286049 27.9985 250.51 -13 6806 1 0 1
13.8309 5.75021 19250 -0.325894 -1.19576 27.9726 250.594 -13 6807 1 0 1
14.0847 5.02766 19250 -0.310403 -0.907261 27.9836 250.586 -13 6808 1 0 1
5.17123 -10.9857 19250 -0.251047 2.58219 27.8795 250.691 -13 6809 1 0 1
-5.63554 -6.64308 19250 0.140004 1.1353 27.9766 250.551 -13 6810 1 0 1
-0.699071 12.129 19250 -0.392956 -4.26546 27.6704 250.893 -13 6811 1 0 1
7.15859 -5.12423 19250 -0.100981 0.838444 27.9873 250.55 -13 6812 1 0 1
1.01932 13.3888 19250 -0.0661258 -3.71593 27.7523 250.836 -13 6813 1 0 1
13.8592 5.71444 19250 -0.654032 -1.57735 27.9479 250.661 -13 6814 1 0 1
38.0256 -1.54252 19250 2.28624 5.54576 27.3499 251.252 -13 6815 1 0 1
14.4695 -0.0471182 19250 -0.22037 -0.0770804 27.999 250.548 -13 6816 1 0 1
-7.84835 2.51463 19250 0.216612 -0.458243 27.9954 250.505 -13 6817 1 0 1
-7.95378 -8.53524 19250 0.64818 2.37609 27.8915 250.69 -13 6818 1 0 1
0.145929 9.83037 19250 0.0312819 -1.77537 27.9436 250.609 -13 6819 1 0 1
8.14017 8.98448 19250 -0.170428 -1.79443 27.9419 250.611 -13 6820 1 0 1
11.4275 3.05566 19250 -0.118244 -0.439484 27.9963 250.535 -13 6821 1 0 1
-7.14989 -6.59809 19250 0.20219 1.27563 27.9702 250.554 -13 6822 1 0 1
-6.96782 0.453603 19250 0.149611 -0.0269888 27.9996 250.509 -13 6823 1 0 1
-0.458219 -7.86747 19250 0.0526569 1.29161 27.9701 250.565 -13 6824 1 0 1
-5.9869 -2.99538 19250 0.170744 0.493999 27.9951 250.508 -13 6825 1 0 1
-6.7787 -9.48011 19250 0.533649 2.38642 27.893 250.67 -13 6826 1 0 1
-5.21612 -10.463 19250 0.3153 2.32887 27.9012 250.653 -13 6827 1 0 1
9.33164 8.21678 19250 -0.172317 -1.56815 27.9555 250.597 -13 6828 1 0 1
5.63491 -6.11301 19250 -0.0528152 1.07275 27.9794 250.549 -13 6829 1 0 1
10.0751 -8.22459 19250 -0.236148 1.65921 27.9498 250.61 -13 6830 1 0 1
2.55415 1.77189 19250 0.0349422 -0.249589 27.9989 250.508 -13 6831 1 0 1
-13.7719 3.751 19250 0.460028 -0.731517 27.9867 250.543 -13 6832 1 0 1
-16.0287 1.40029 19250 0.546325 -0.228774 27.9937 250.548 -13 6833 1 0 1
10.8629 5.444 19250 -0.176459 -0.884416 27.9855 250.564 -13 6834 1 0 1
-2.35032 -2.85918 19250 0.0986172 0.481978 27.9957 250.509 -13 6835 1 0 1
12.6192 7.5244 19250 -0.38266 -1.62463 27.9502 250.629 -13 6836 1 0 1
10.9774 -0.715433 19250 1.92263 3.12194 27.7589 250.901 -13 6837 1 0 1
14.3216 -5.50474 19250 -0.29972 1.16192 27.9743 250.584 -13 6838 1 0 1
-16.762 0.893838 19250 0.602644 -0.189209 27.9929 250.56 -13 6839 1 0 1
-12.403 -3.04421 19250 0.328578 0.582658 27.992 250.527 -13 6840 1 0 1
3.3841 1.32795 19250 0.00858173 -0.293439 27.9985 250.513 -13 6841 1 0 1
4.15698 -7.73759 19250 -0.0174259 1.28024 27.9707 250.565 -13 6842 1 0 1
7.80302 6.31914 19250 -0.0687323 -1.07144 27.9794 250.549 -13 6843 1 0 1
2.49654 -12.0105 19250 0.552731 4.14191 27.6864 250.895 -13 6844 1 0 1
5.9472 8.64725 19250 -0.088829 -1.6484 27.9513 250.592 -13 6845 1 0 1
11.9049 4.32206 19250 -0.941163 -1.79003 27.9269 250.702 -13 6846 1 0 1
-8.93808 -0.961868 19250 0.190014 0.23892 27.9983 250.512 -13 6847 1 0 1
2.89013 0.837432 19250 0.00772809 -0.179531 27.9994 250.513 -13 6848 1 0 1
-2.69773 1.99164 19250 0.107923 -0.341302 27.9977 250.504 -13 6849 1 0 1
-11.3894 -2.98518 19250 0.296033 0.57905 27.9924 250.521 -13 6850 1 0 1
8.96581 -2.81563 19250 -0.0966606 0.34511 27.9977 250.534 -13 6851 1 0 1
7.32216 10.1943 19250 -0.213731 -2.24101 27.9094 250.651 -13 6852 1 0 1
-11.1692 -7.85517 19250 -1.20366 4.61998 27.59 250.979 -13 6853 1 0 1
42.8406 0.905679 19250 2.59515 5.29536 27.372 251.248 -13 6854 1 0 1
-4.85415 4.1321 19250 0.144838 -0.581202 27.9936 250.517 -13 6855 1 0 1
-4.04828 -5.64611 19250 0.114114 0.938679 27.984 250.534 -13 6856 1 0 1
7.19607 8.68071 19250 -0.118348 -1.66653 27.9501 250.596 -13 6857 1 0 1
8.00722 -0.418244 19250 -0.0531995 0.0423125 27.9999 250.518 -13 6858 1 0 1
9.81909 1.71225 19250 -0.0947773 -0.324204 27.998 250.528 -13 6859 1 0 1
-4.07612 -4.40005 19250 0.128643 0.615943 27.9929 250.52 -13 6860 1 0 1
21.5031 -1.75809 19250 2.06319 4.01859 27.6332 251.029 -13 6861 1 0 1
16.0026 3.94999 19250 -0.361652 -0.852888 27.9847 250.584 -13 6862 1 0 1
-7.15518 -5.04905 19250 0.213152 0.853208 27.9862 250.523 -13 6863 1 0 1
4.8395 -0.01699 19250 -0.00893514 0.0454908 28 250.513 -13 6864 1 0 1
86.9821 4.31513 19250 3.39943 8.21624 26.5507 251.997 -13 6865 1 0 1
4.8826 2.54801 19250 -0.0191671 -0.478994 27.9959 250.52 -13 6866 1 0 1
9.38864 6.0913 19250 -0.0956288 -1.00957 27.9816 250.55 -13 6867 1 0 1
7.05447 3.97837 19250 -0.0653148 -0.637237 27.9927 250.536 -13 6868 1 0 1
5.54758 1.9684 19250 -0.0250612 -0.235503 27.999 250.519 -13 6869 1 0 1
10.911 3.89099 19250 -1.06243 -1.79589 27.9221 250.72 -13 6870 1 0 1
-6.01948 -8.90467 19250 0.227354 1.76293 27.9435 250.594 -13 6871 1 0 1
-2.81436 -12.3095 19250 0.266773 2.82933 27.8554 250.727 -13 6872 1 0 1
-11.1538 -6.34852 19250 0.305462 1.16902 27.9739 250.566 -13 6873 1 0 1
-11.612 6.78678 19250 0.415265 -1.30554 27.9665 250.58 -13 6874 1 0 1
9.06775 9.58875 19250 -0.439067 -2.29099 27.9027 250.686 -13 6875 1 0 1
190.739 61.9159 19250 7.80874 5.75799 26.2654 252.309 -13 6876 1 0 1
-0.497817 -3.68958 19250 1.45509 2.5057 27.8497 250.791 -13 6877 1 0 1
-3.03434 6.68406 19250 0.105502 -1.21621 27.9734 250.549 -13 6878 1 0 1
-2.08385 -11.1915 19250 0.175079 2.5978 27.8787 250.668 -13 6879 1 0 1
-6.93904 -8.55929 19250 0.746893 2.46477 27.8813 250.715 -13 6880 1 0 1
-0.739511 -12.3387 19250 0.343168 3.47876 27.7809 250.791 -13 6881 1 0 1
6.16858 -5.52209 19250 1.41099 3.46499 27.7489 250.876 -13 6882 1 0 1
-3.31349 -4.42418 19250 1.29368 2.42332 27.8649 250.765 -13 6883 1 0 1
-12.4409 -3.81418 19250 0.958924 1.37738 27.9497 250.64 -13 6884 1 0 1
-12.0998 -4.89505 19250 0.88128 1.60118 27.9403 250.656 -13 6885 1 0 1
-10.1607 -7.85166 19250 0.4922 1.73531 27.9418 250.612 -13 6886 1 0 1
16.9056 -4.43393 19250 -0.404967 0.91203 27.9822 250.592 -13 6887 1 0 1
-12.4132 -4.52188 19250 0.873323 1.47819 27.9473 250.636 -13 6888 1 0 1
-4.85917 -10.3091 19250 0.605494 2.73265 27.8598 250.727 -13 6889 1 0 1
8.77643 8.71055 19250 -0.235811 -1.86762 27.9366 250.622 -13 6890 1 0 1
-4.00765 2.36784 19250 0.127696 -0.259005 27.9985 250.506 -13 6891 1 0 1
-1.90979 5.85998 19250 0.0637303 -0.853732 27.9869 250.54 -13 6892 1 0 1
-2.73839 -5.42268 19250 0.103194 0.892712 27.9856 250.528 -13 6893 1 0 1
-11.8952 6.11774 19250 0.657803 -1.55357 27.9491 250.611 -13 6894 1 0 1
8.29026 -7.67004 19250 -0.134537 1.48428 27.9603 250.584 -13 6895 1 0 1
11.1161 1.533 19250 -0.117837 -0.186332 27.9991 250.531 -13 6896 1 0 1
-10.5391 -7.64408 19250 0.539891 1.7743 27.9385 250.622 -13 6897 1 0 1
-14.0704 -2.33628 19250 0.403495 0.612822 27.9904 250.536 -13 6898 1 0 1
2.63056 4.18017 19250 0.00100328 -0.69652 27.9913 250.53 -13 6899 1 0 1
-13.5414 -4.53138 19250 0.393346 0.823729 27.9851 250.552 -13 6900 1 0 1
1.61605 7.84265 19250 0.0306351 -1.44917 27.9625 250.565 -13 6901 1 0 1
-13.2826 3.03355 19250 0.397803 -0.613966 27.9904 250.531 -13 6902 1 0 1
-12.0061 5.49847 19250 0.382475 -1.06934 27.977 250.554 -13 6903 1 0 1
-15.4905 -2.47464 19250 0.564317 0.660196 27.9865 250.556 -13 6904 1 0 1
-6.20516 -9.64486 19250 0.279461 1.98656 27.928 250.62 -13 6905 1 0 1
0.602708 -2.0208 19250 0.0500058 0.338789 27.9979 250.51 -13 6906 1 0 1
2.11212 -4.34255 19250 0.0442386 0.690703 27.9914 250.519 -13 6907 1 0 1
2.23825 -3.6 19250 0.031087 0.636712 27.9927 250.518 -13 6908 1 0 1
2.37382 12.5187 19250 -0.0384814 -2.94388 27.8448 250.719 -13 6909 1 0 1
6.29173 -5.00048 19250 -0.0910604 1.0294 27.9809 250.552 -13 6910 1 0 1
-4.31556 -4.77307 19250 0.12531 0.747936 27.9897 250.524 -13 6911 1 0 1
2.34911 11.5583 19250 0.130524 -5.908 27.3693 251.196 -13 6912 1 0 1
12.8308 -0.904846 19250 -0.174469 0.180057 27.9989 250.541 -13 6913 1 0 1
-12.249 3.10531 19250 0.320348 -0.525195 27.9932 250.526 -13 6914 1 0 1
6.12 2.54842 19250 -0.02652 -0.274694 27.9986 250.52 -13 6915 1 0 1
-17.4027 6.84888 19250 -1.42916 -5.02131 27.509 251.056 -13 6916 1 0 1
17.5859 3.64144 19250 -0.567758 -0.781876 27.9833 250.619 -13 6917 1 0 1
16.8237 2.07641 19250 -0.363144 -0.452969 27.994 250.577 -13 6918 1 0 1
-0.72431 -9.25273 19250 0.840564 3.38985 27.7813 250.812 -13 6919 1 0 1
-16.3696 -2.3075 19250 0.632192 0.441292 27.9894 250.568 -13 6920 1 0 1
3.86268 3.67317 19250 -0.00850414 -0.579434 27.994 250.526 -13 6921 1 0 1
6.7 -0.170596 19250 -0.060279 0.11734 27.9997 250.524 -13 6922 1 0 1
11.9781 7.58369 19250 -0.546206 -1.97855 27.9247 250.666 -13 6923 1 0 1
-1.82886 7.22777 19250 -1.10345 -3.48907 27.7598 250.842 -13 6924 1 0 1
16.1843 3.9381 19250 -0.373634 -0.843724 27.9848 250.586 -13 6925 1 0 1
5.5126 -1.88655 19250 1.68161 2.95853 27.7924 250.853 -13 6926 1 0 1
-13.3284 6.91673 19250 -1.35517 -4.59707 27.5868 250.989 -13 6927 1 0 1
5.59658 3.21941 19250 -0.0221471 -0.491668 27.9957 250.522 -13 6928 1 0 1
2.95506 -5.7562 19250 0.00220674 1.09084 27.9787 250.541 -13 6929 1 0 1
-6.16561 -7.7495 19250 0.210125 1.39154 27.9646 250.565 -13 6930 1 0 1
-8.89214 -6.52313 19250 0.232652 1.05913 27.979 250.553 -13 6931 1 0 1
-6.81707 7.93633 19250 0.243443 -1.4713 27.9603 250.571 -13 6932 1 0 1
-13.159 -5.43036 19250 0.743074 1.40155 27.955 250.625 -13 6933 1 0 1
-4.67225 11.0218 19250 0.243279 -2.38948 27.8968 250.671 -13 6934 1 0 1
8.8674 -3.89651 19250 -0.0606585 0.745825 27.99 250.53 -13 6935 1 0 1
3.13899 -4.24878 19250 0.0251571 0.692839 27.9914 250.521 -13 6936 1 0 1
10.5623 3.21473 19250 -0.142477 -0.53424 27.9945 250.544 -13 6937 1 0 1
-17.1828 0.623703 19250 0.665212 -0.114227 27.9919 250.571 -13 6938 1 0 1
-9.14053 -0.568925 19250 0.199056 0.132832 27.999 250.51 -13 6939 1 0 1
13.9017 1.76614 19250 -0.200444 -0.317015 27.9975 250.546 -13 6940 1 0 1
0.345725 -5.47257 19250 0.0486773 0.913334 27.9851 250.531 -13 6941 1 0 1
11.5899 6.76704 19250 -0.246016 -1.26043 27.9705 250.591 -13 6942 1 0 1
-2.4935 -5.04422 19250 0.0750076 0.786083 27.9889 250.531 -13 6943 1 0 1
-16.1678 -2.02262 19250 0.871313 0.620273 27.9796 250.608 -13 6944 1 0 1
12.2456 7.15601 19250 -0.257938 -1.3815 27.9647 250.596 -13 6945 1 0 1
8.63584 6.17751 19250 -0.0904807 -1.12966 27.9771 250.552 -13 6946 1 0 1
-4.67342 -0.58456 19250 0.125893 -0.0086423 27.9997 250.504 -13 6947 1 0 1
-7.09726 -8.49699 19250 0.666649 2.44752 27.8849 250.686 -13 6948 1 0 1
-1.78577 0.918127 19250 0.0952167 -0.118318 27.9996 250.501 -13 6949 1 0 1
13.3775 6.77352 19250 -0.644423 -1.71869 27.9398 250.67 -13 6950 1 0 1
10.4583 -4.30447 19250 -0.140953 0.673396 27.9915 250.549 -13 6951 1 0 1
-11.0324 -0.707063 19250 0.230987 0.0475965 27.999 250.517 -13 6952 1 0 1
0.524246 12.7255 19250 -0.0091605 -4.85287 27.5762 250.987 -13 6953 1 0 1
-0.356804 11.5896 19250 -0.575602 -3.96342 27.7121 250.874 -13 6954 1 0 1
-7.1888 -8.31693 19250 0.775284 2.37458 27.8884 250.709 -13 6955 1 0 1
-9.60064 -2.75904 19250 0.238939 0.391174 27.9962 250.514 -13 6956 1 0 1
0.867072 -3.0624 19250 0.0493076 0.417809 27.9968 250.513 -13 6957 1 0 1
9.73889 -3.0234 19250 -0.108457 0.584199 27.9937 250.537 -13 6958 1 0 1
17.6603 -2.82952 19250 -0.488448 0.732872 27.9861 250.602 -13 6959 1 0 1
4.44204 10.9994 19250 -0.131624 -2.4034 27.8964 250.665 -13 6960 1 0 1
-2.3143 5.8145 19250 0.125195 -1.00769 27.9816 250.525 -13 6961 1 0 1
-10.3014 3.43021 19250 0.240369 -0.530904 27.9939 250.524 -13 6962 1 0 1
-15.3061 -3.52537 19250 0.598557 0.874182 27.9799 250.573 -13 6963 1 0 1
-1.96765 -0.788324 19250 0.0833669 0.141329 27.9995 250.505 -13 6964 1 0 1
10.1373 4.24926 19250 -0.124378 -0.704411 27.9909 250.545 -13 6965 1 0 1
15.0238 -5.63108 19250 -0.42758 1.242 27.9692 250.611 -13 6966 1 0 1
0.607924 -4.70405 19250 0.060588 0.797917 27.9886 250.521 -13 6967 1 0 1
-4.55578 6.92045 19250 0.163735 -1.10371 27.9778 250.542 -13 6968 1 0 1
9.43505 7.85429 19250 -0.188806 -1.58608 27.9544 250.596 -13 6969 1 0 1
-0.541609 -7.05258 19250 0.0708963 1.18499 27.9748 250.548 -13 6970 1 0 1
-17.3198 -0.260405 19250 0.654731 0.0501478 27.9923 250.571 -13 6971 1 0 1
3.5516 -11.4016 19250 -0.132136 2.55858 27.8825 250.682 -13 6972 1 0 1
-8.75088 -1.75566 19250 0.202975 0.315363 27.9975 250.51 -13 6973 1 0 1
2.32889 8.76354 19250 0.000108435 -1.80005 27.9421 250.588 -13 6974 1 0 1
1.5141 -6.95926 19250 1.1976 3.18583 27.7924 250.832 -13 6975 1 0 1
-11.3815 -2.90143 19250 0.271468 0.527399 27.9937 250.523 -13 6976 1 0 1
-0.144061 10.8284 19250 0.0403885 -2.08302 27.9224 250.64 -13 6977 1 0 1
11.7064 7.83075 19250 -0.345938 -1.59377 27.9525 250.628 -13 6978 1 0 1
3.87966 -4.2417 19250 0.00955244 0.753571 27.9899 250.524 -13 6979 1 0 1
15.6393 1.97029 19250 -0.213447 -0.256466 27.998 250.546 -13 6980 1 0 1
-15.5747 -3.53449 19250 0.804209 0.924781 27.9732 250.615 -13 6981 1 0 1
-3.02448 10.686 19250 0.164297 -2.08054 27.9221 250.634 -13 6982 1 0 1
-6.32439 8.14568 19250 0.223251 -1.59094 27.9539 250.577 -13 6983 1 0 1
-9.03428 -8.15266 19250 0.350114 1.70314 27.946 250.597 -13 6984 1 0 1
-8.93976 -1.33735 19250 0.198805 0.16787 27.9988 250.511 -13 6985 1 0 1
0.397975 -7.43242 19250 0.0667863 1.28709 27.9703 250.553 -13 6986 1 0 1
-0.811354 -12.5089 19250 0.256208 3.2683 27.8074 250.76 -13 6987 1 0 1
-5.69655 -4.52648 19250 0.169573 0.885421 27.9855 250.52 -13 6988 1 0 1
10.1528 -6.56111 19250 -0.162277 1.17654 27.9748 250.571 -13 6989 1 0 1
13.9203 0.262627 19250 -0.208657 -0.083753 27.9991 250.547 -13 6990 1 0 1
5.67571 5.78583 19250 -1.04542 -2.59251 27.8601 250.759 -13 6991 1 0 1
-10.7879 -6.93918 19250 0.37299 1.44495 27.9602 250.581 -13 6992 1 0 1
-7.79027 -8.7161 19250 0.624668 2.33642 27.8954 250.68 -13 6993 1 0 1
0.0763165 6.76377 19250 0.0538956 -1.04404 27.9805 250.545 -13 6994 1 0 1
3.64506 3.38932 19250 0.0219459 -0.47695 27.9959 250.515 -13 6995 1 0 1
-7.3157 4.98048 19250 0.181587 -0.876808 27.9857 250.53 -13 6996 1 0 1
6.56844 6.40416 19250 -0.0674604 -1.07078 27.9794 250.554 -13 6997 1 0 1
11.222 -4.7465 19250 -0.152137 0.741279 27.9898 250.552 -13 6998 1 0 1
-11.306 3.63706 19250 0.303302 -0.685088 27.99 250.526 -13 6999 1 0 1
12.2571 1.58675 19250 -0.182923 -0.211177 27.9986 250.546 -13 7000 1 0 1
3.92129 -5.40943 19250 -0.0302512 0.900118 27.9855 250.542 -13 7001 1 0 1
-6.40144 -6.81034 19250 0.198614 1.05945 27.9792 250.545 -13 7002 1 0 1
-6.75886 -2.21985 19250 0.179658 0.300145 27.9978 250.505 -13 7003 1 0 1
-0.895606 8.37253 19250 -0.974242 -3.53371 27.759 250.841 -13 7004 1 0 1
-2.30471 3.03999 19250 0.0958172 -0.607742 27.9932 250.512 -13 7005 1 0 1
13.9088 0.685621 19250 -0.221034 -0.111935 27.9989 250.55 -13 7006 1 0 1
1.6407 3.20496 19250 0.0416388 -0.572715 27.9941 250.515 -13 7007 1 0 1
63.6224 9.70921 19250 3.54273 5.1741 27.2888 251.339 -13 7008 1 0 1
-4.13059 -0.32713 19250 0.10571 0.0469315 27.9998 250.507 -13 7009 1 0 1
-3.29597 -10.724 19250 0.149052 2.15597 27.9165 250.642 -13 7010 1 0 1
-11.0656 8.79664 19250 -1.07206 -4.92463 27.5427 251.015 -13 7011 1 0 1
13.8062 5.9207 19250 -0.666983 -1.65892 27.9429 250.664 -13 7012 1 0 1
-9.54015 2.52813 19250 0.244791 -0.41331 27.9959 250.511 -13 7013 1 0 1
6.67519 -0.871349 19250 -0.0537297 0.0603584 27.9999 250.522 -13 7014 1 0 1
-8.83075 5.10824 19250 -1.476 -3.75188 27.7082 250.904 -13 7015 1 0 1
4.14206 -4.6699 19250 1.43288 3.17635 27.7823 250.842 -13 7016 1 0 1
3.23482 2.02997 19250 0.0143975 -0.300918 27.9984 250.513 -13 7017 1 0 1
-11.2321 -5.3367 19250 0.315305 0.914787 27.9833 250.544 -13 7018 1 0 1
11.8012 6.97761 19250 -0.232051 -1.16866 27.9746 250.589 -13 7019 1 0 1
3.15424 9.07331 19250 -0.0325681 -1.8036 27.9418 250.598 -13 7020 1 0 1
11.0437 0.292521 19250 -0.131419 -0.00140658 27.9997 250.533 -13 7021 1 0 1
-13.3605 4.78956 19250 0.473969 -0.921658 27.9808 250.554 -13 7022 1 0 1
4.67899 -2.07541 19250 -0.014501 0.306801 27.9983 250.518 -13 7023 1 0 1
8.1232 8.6444 19250 -0.640319 -2.4707 27.8834 250.719 -13 7024 1 0 1
-3.62013 -7.06652 19250 0.116768 1.2302 27.9727 250.553 -13 7025 1 0 1
-0.459088 -9.20247 19250 0.897035 3.28581 27.7921 250.808 -13 7026 1 0 1
-15.3058 3.41289 19250 0.720155 -0.933988 27.9752 250.592 -13 7027 1 0 1
-8.77255 1.5883 19250 0.209973 -0.414346 27.9961 250.51 -13 7028 1 0 1
-11.0851 -0.512632 19250 0.243292 0.158155 27.9985 250.515 -13 7029 1 0 1
-5.48326 3.25307 19250 0.135555 -0.396402 27.9969 250.516 -13 7030 1 0 1
11.27 -3.80981 19250 -0.149197 0.634839 27.9924 250.547 -13 7031 1 0 1
-8.18641 -8.90349 19250 0.378509 1.98156 27.9272 250.622 -13 7032 1 0 1
4.75608 -4.39899 19250 -0.0337452 0.737568 27.9903 250.534 -13 7033 1 0 1
-2.12999 -1.8393 19250 0.100949 0.234986 27.9988 250.504 -13 7034 1 0 1
-10.2839 -7.3189 19250 0.412492 1.54895 27.9541 250.588 -13 7035 1 0 1
18.0159 -0.779126 19250 2.03925 3.68896 27.6809 250.965 -13 7036 1 0 1
12.2006 0.882824 19250 -0.135184 -0.117921 27.9994 250.532 -13 7037 1 0 1
9.46678 -9.13639 19250 -0.317587 2.01948 27.9253 250.646 -13 7038 1 0 1
-3.67226 2.91785 19250 0.13395 -0.4997 27.9952 250.505 -13 7039 1 0 1
-8.24062 1.66335 19250 0.169057 -0.254219 27.9983 250.514 -13 7040 1 0 1
-11.9817 -6.33599 19250 0.650344 1.55219 27.9494 250.616 -13 7041 1 0 1
3.57774 4.75054 19250 0.0072308 -0.654977 27.9923 250.529 -13 7042 1 0 1
56.575 24.3114 19250 4.17797 3.46666 27.4687 251.302 -13 7043 1 0 1
-4.34505 7.80512 19250 0.161254 -1.34978 27.967 250.561 -13 7044 1 0 1
-6.7651 0.0628951 19250 0.177377 -0.0489493 27.9994 250.5 -13 7045 1 0 1
7.2458 7.25974 19250 -0.117593 -1.38026 27.9657 250.578 -13 7046 1 0 1
-4.02513 -6.4445 19250 0.111228 1.04099 27.9804 250.544 -13 7047 1 0 1
6.30834 7.79317 19250 -0.0526044 -1.389 27.9655 250.569 -13 7048 1 0 1
-5.06558 8.39876 19250 0.168864 -1.54151 27.957 250.58 -13 7049 1 0 1
1.10748 -4.58455 19250 1.40123 2.79427 27.825 250.805 -13 7050 1 0 1
-13.3194 -2.92357 19250 1.06389 1.15869 27.9558 250.657 -13 7051 1 0 1
16.6697 -0.631953 19250 -0.308531 0.218186 27.9974 250.564 -13 7052 1 0 1
10.4531 -0.876868 19250 -0.123185 0.186373 27.9991 250.533 -13 7053 1 0 1
-11.8749 -5.91128 19250 0.787917 1.55814 27.9455 250.638 -13 7054 1 0 1
-9.70893 -7.09691 19250 0.698099 1.93284 27.9245 250.64 -13 7055 1 0 1
4.20139 -10.3179 19250 -0.0781091 2.16018 27.9164 250.633 -13 7056 1 0 1
1.33821 -9.37877 19250 0.0422709 1.72261 27.9469 250.59 -13 7057 1 0 1
-1.87613 -7.06817 19250 0.110615 1.31288 27.969 250.548 -13 7058 1 0 1
1.42252 8.22567 19250 0.0504347 -1.43788 27.963 250.565 -13 7059 1 0 1
11.7611 5.85099 19250 -0.216069 -0.935817 27.9835 250.575 -13 7060 1 0 1
-3.91601 4.78646 19250 0.113474 -0.738261 27.99 250.525 -13 7061 1 0 1
14.3465 5.58269 19250 -0.333869 -1.15315 27.9743 250.592 -13 7062 1 0 1
-0.0159978 -11.5409 19250 0.0879617 2.5495 27.8835 250.667 -13 7063 1 0 1
-1.77594 0.372047 19250 0.0576695 0.0259203 27.9999 250.512 -13 7064 1 0 1
28.5728 -5.33635 19250 1.79405 5.59995 27.3756 251.227 -13 7065 1 0 1
4.80403 -7.85742 19250 0.00153826 1.3915 27.9654 250.561 -13 7066 1 0 1
13.7339 -1.14702 19250 -0.187856 0.142579 27.999 250.542 -13 7067 1 0 1
7.6063 -4.21337 19250 -0.0591158 0.674888 27.9918 250.533 -13 7068 1 0 1
-10.4719 -7.99409 19250 0.355761 1.49913 27.9576 250.602 -13 7069 1 0 1
-15.738 -0.32801 19250 0.488619 0.108297 27.9955 250.539 -13 7070 1 0 1
11.2958 7.72441 19250 -0.29088 -1.6155 27.9518 250.614 -13 7071 1 0 1
4.08438 7.90509 19250 -0.0115214 -1.33417 27.9682 250.566 -13 7072 1 0 1
-4.31669 -9.22007 19250 0.195167 1.74178 27.9451 250.59 -13 7073 1 0 1
-15.1777 -2.78028 19250 0.883433 0.787672 27.975 250.608 -13 7074 1 0 1
11.8783 -7.7125 19250 -0.428709 1.87901 27.9336 250.643 -13 7075 1 0 1
0.646274 -9.40438 19250 0.865097 3.49932 27.767 250.82 -13 7076 1 0 1
0.153163 -12.8925 19250 -0.0236586 3.97281 27.7167 250.853 -13 7077 1 0 1
9.96848 4.52955 19250 -0.968789 -2.06267 27.9071 250.715 -13 7078 1 0 1
0.99271 1.12895 19250 0.033248 -0.106186 27.9998 250.511 -13 7079 1 0 1
-7.2493 -8.58977 19250 0.267738 1.65043 27.95 250.59 -13 7080 1 0 1
-8.79651 2.92187 19250 0.219847 -0.4285 27.9959 250.513 -13 7081 1 0 1
5.45824 4.57218 19250 -0.0209534 -0.746629 27.99 250.529 -13 7082 1 0 1
-7.46651 -5.56027 19250 0.215519 0.93924 27.9834 250.531 -13 7083 1 0 1
-13.6038 -3.77556 19250 0.436329 0.630532 27.9895 250.54 -13 7084 1 0 1
2.10312 -1.48257 19250 0.000603069 0.297597 27.9984 250.519 -13 7085 1 0 1
7.53091 -0.0297212 19250 -0.0761968 0.0715067 27.9998 250.526 -13 7086 1 0 1
-1.96083 0.985969 19250 0.0835652 -0.122201 27.9996 250.505 -13 7087 1 0 1
4.32326 -5.07993 19250 -0.016588 0.793515 27.9887 250.534 -13 7088 1 0 1
0.37462 -7.64325 19250 1.06244 3.26057 27.7892 250.818 -13 7089 1 0 1
-5.43419 -10.2772 19250 0.304015 2.32486 27.9017 250.65 -13 7090 1 0 1
-6.47381 7.47202 19250 0.225322 -1.4836 27.9598 250.564 -13 7091 1 0 1
7.15576 3.14327 19250 -0.0461386 -0.49879 27.9955 250.525 -13 7092 1 0 1
0.909086 -8.96841 19250 0.0199043 1.68161 27.9495 250.589 -13 7093 1 0 1
-10.4276 -6.72241 19250 0.310267 1.12905 27.9755 250.563 -13 7094 1 0 1
-11.0381 -3.62507 19250 0.287066 0.597689 27.9921 250.525 -13 7095 1 0 1
-8.36436 -4.77128 19250 1.10169 1.90782 27.9132 250.698 -13 7096 1 0 1
-12.9025 0.566248 19250 0.33974 -0.0262606 27.9979 250.515 -13 7097 1 0 1
10.4648 -6.54757 19250 1.41256 4.01772 27.6742 250.951 -13 7098 1 0 1
-1.41368 -9.95449 19250 0.0859219 1.77082 27.9438 250.607 -13 7099 1 0 1
-4.85042 3.81975 19250 0.146887 -0.573846 27.9937 250.514 -13 7100 1 0 1
0.290768 -9.58714 19250 0.0534897 1.83914 27.9395 250.599 -13 7101 1 0 1
-2.80998 -3.72598 19250 0.100184 0.49783 27.9954 250.516 -13 7102 1 0 1
9.79244 5.36834 19250 -0.144602 -0.97074 27.9828 250.557 -13 7103 1 0 1
-5.36797 0.318866 19250 0.136843 0.00192582 27.9997 250.504 -13 7104 1 0 1
10.4645 -3.24967 19250 -0.119153 0.532946 27.9947 250.538 -13 7105 1 0 1
5.59461 -7.11714 19250 1.20903 3.72177 27.7252 250.866 -13 7106 1 0 1
2.575 3.22393 19250 0.0105576 -0.5649 27.9943 250.521 -13 7107 1 0 1
6.92484 -1.66534 19250 -0.0137187 0.234897 27.999 250.511 -13 7108 1 0 1
26.9999 -6.19234 19250 1.61579 5.95723 27.3112 251.278 -13 7109 1 0 1
-7.37693 2.88468 19250 0.180185 -0.480072 27.9953 250.512 -13 7110 1 0 1
0.475518 4.58053 19250 0.0464845 -0.737471 27.9902 250.525 -13 7111 1 0 1
-3.81186 -5.8471 19250 0.110978 0.867552 27.9863 250.536 -13 7112 1 0 1
-16.3895 -1.30441 19250 0.812411 0.238632 27.9872 250.583 -13 7113 1 0 1
9.36682 -10.3588 19250 0.611255 5.96883 27.3496 251.211 -13 7114 1 0 1
-7.34349 -8.30097 19250 0.705813 2.41552 27.8867 250.692 -13 7115 1 0 1
-3.78436 -6.38529 19250 0.132615 0.958292 27.9833 250.537 -13 7116 1 0 1
-9.58259 -2.75743 19250 0.254396 0.455516 27.9951 250.511 -13 7117 1 0 1
-3.50867 4.48686 19250 0.106964 -0.680672 27.9915 250.523 -13 7118 1 0 1
-0.0216562 -12.8028 19250 -0.0582401 4.83304 27.5797 250.991 -13 7119 1 0 1
74.045 23.2636 19250 4.38882 4.39088 27.3031 251.378 -13 7120 1 0 1
-5.31623 6.95392 19250 0.175627 -1.26613 27.9708 250.55 -13 7121 1 0 1
-1.09093 12.9085 19250 0.239977 -3.2796 27.8062 250.78 -13 7122 1 0 1
-16.5723 2.53476 19250 0.589729 -0.558861 27.9882 250.573 -13 7123 1 0 1
2.04273 7.43987 19250 0.0264782 -1.31803 27.9689 250.557 -13 7124 1 0 1
-14.706 1.56023 19250 0.441747 -0.233651 27.9955 250.531 -13 7125 1 0 1
-16.1058 1.78413 19250 0.817777 -0.333235 27.9861 250.583 -13 7126 1 0 1
17.3757 2.91555 19250 -0.445247 -0.759369 27.9862 250.594 -13 7127 1 0 1
-0.737554 -2.27595 19250 0.0585989 0.406087 27.997 250.512 -13 7128 1 0 1
-3.75076 -6.42526 19250 0.099238 0.982357 27.9826 250.545 -13 7129 1 0 1
2.52688 -2.85428 19250 0.0166734 0.553119 27.9945 250.518 -13 7130 1 0 1
10.2984 0.665557 19250 -0.0851752 -0.0663877 27.9998 250.523 -13 7131 1 0 1
-0.64281 11.9299 19250 -0.473866 -4.08237 27.6967 250.88 -13 7132 1 0 1
-13.422 -4.84423 19250 0.416546 0.910902 27.9821 250.556 -13 7133 1 0 1
-6.08107 10.1245 19250 0.408394 -2.38876 27.8949 250.663 -13 7134 1 0 1
14.041 2.03082 19250 -0.238388 -0.364585 27.9966 250.556 -13 7135 1 0 1
5.03187 0.606856 19250 -0.0101559 -0.0893111 27.9999 250.513 -13 7136 1 0 1
-15.3624 -3.57078 19250 0.753709 0.934202 27.9743 250.601 -13 7137 1 0 1
-1.6657 5.53449 19250 0.0834582 -0.888551 27.9858 250.53 -13 7138 1 0 1
3.63654 -3.59029 19250 0.0122768 0.584127 27.9939 250.52 -13 7139 1 0 1
-12.9403 1.13136 19250 0.327804 -0.251986 27.9969 250.52 -13 7140 1 0 1
-0.655012 4.95483 19250 0.0689901 -0.818201 27.988 250.525 -13 7141 1 0 1
-1.08864 7.65195 19250 0.0723538 -1.26892 27.9711 250.56 -13 7142 1 0 1
-1.88397 -6.82769 19250 0.08377 1.07144 27.9794 250.546 -13 7143 1 0 1
10.1192 -2.72937 19250 -0.118494 0.498429 27.9953 250.537 -13 7144 1 0 1
10.3632 6.72876 19250 -0.176391 -1.1791 27.9746 250.576 -13 7145 1 0 1
24.1781 -6.20817 19250 1.58092 5.58741 27.3913 251.189 -13 7146 1 0 1
-16.3767 1.49009 19250 0.623977 -0.252258 27.9919 250.559 -13 7147 1 0 1
1.73966 -7.39088 19250 0.0190425 1.26106 27.9716 250.559 -13 7148 1 0 1
-2.945 -1.93937 19250 0.0927405 0.296438 27.9983 250.509 -13 7149 1 0 1
-1.56111 11.8365 19250 0.128117 -2.87715 27.8515 250.71 -13 7150 1 0 1
5.05977 -4.46986 19250 -0.0284394 0.727746 27.9905 250.532 -13 7151 1 0 1
-1.96768 -2.95513 19250 0.0757195 0.455493 27.9962 250.514 -13 7152 1 0 1
-15.5302 1.94072 19250 0.527941 -0.255089 27.9939 250.543 -13 7153 1 0 1
-15.1391 1.67151 19250 0.456042 -0.29455 27.9947 250.537 -13 7154 1 0 1
-4.91585 -0.0359743 19250 0.106851 0.0847515 27.9997 250.51 -13 7155 1 0 1
-10.3269 -7.56193 19250 0.554737 1.78458 27.9376 250.62 -13 7156 1 0 1
-11.8446 -6.57889 19250 0.50559 1.41919 27.9594 250.59 -13 7157 1 0 1
11.3384 3.51224 19250 2.29032 2.51563 27.7926 250.912 -13 7158 1 0 1
2.53086 12.395 19250 -0.0993781 -3.0159 27.8369 250.73 -13 7159 1 0 1
10.1397 -3.01539 19250 -0.111688 0.468133 27.9959 250.536 -13 7160 1 0 1
0.290954 0.227379 19250 0.044968 0.0674655 27.9999 250.509 -13 7161 1 0 1
11.6733 7.95455 19250 -0.493391 -2.08824 27.9177 250.66 -13 7162 1 0 1
5.16568 10.8761 19250 -0.169861 -2.39165 27.8972 250.667 -13 7163 1 0 1
2.43706 3.07287 19250 0.0519739 -0.37303 27.9975 250.508 -13 7164 1 0 1
18.5096 2.00717 19250 -0.457718 -0.39456 27.9935 250.59 -13 7165 1 0 1
-12.0116 -2.80833 19250 0.308379 0.558154 27.9927 250.524 -13 7166 1 0 1
-6.99543 -5.05663 19250 0.179346 0.866004 27.986 250.529 -13 7167 1 0 1
14.2206 5.63455 19250 -0.762462 -1.57241 27.9454 250.674 -13 7168 1 0 1
-8.50369 -6.39959 19250 0.264122 1.24681 27.971 250.551 -13 7169 1 0 1
15.787 2.25161 19250 -0.285049 -0.313505 27.9968 250.564 -13 7170 1 0 1
-12.7198 -5.61786 19250 0.381263 1.12501 27.9748 250.567 -13 7171 1 0 1
-11.6689 -0.308646 19250 0.313376 0.145218 27.9979 250.508 -13 7172 1 0 1
-6.38325 5.90722 19250 0.195135 -0.982036 27.9821 250.532 -13 7173 1 0 1
-16.4752 -1.23719 19250 0.774709 0.358975 27.987 250.58 -13 7174 1 0 1
7.24121 4.65678 19250 -0.051588 -0.758405 27.9897 250.534 -13 7175 1 0 1
1.20448 8.50686 19250 0.991676 -3.43988 27.7702 250.828 -13 7176 1 0 1
-0.561385 -7.25789 19250 0.0667546 1.20688 27.9739 250.552 -13 7177 1 0 1
-11.0175 -6.93235 19250 0.39786 1.46338 27.9589 250.585 -13 7178 1 0 1
-13.7741 5.01608 19250 0.602418 -1.27044 27.9647 250.594 -13 7179 1 0 1
-8.51984 -1.35152 19250 0.220228 0.202188 27.9984 250.503 -13 7180 1 0 1
-5.21609 8.13479 19250 -0.355331 -7.768 26.8985 251.631 -13 7181 1 0 1
-13.7264 -0.267762 19250 0.351444 0.1742 27.9973 250.523 -13 7182 1 0 1
-10.6256 -0.8274 19250 0.265085 0.12195 27.9985 250.508 -13 7183 1 0 1
2.20313 -4.46208 19250 0.0309339 0.657692 27.9923 250.524 -13 7184 1 0 1
-3.26822 6.93264 19250 0.126363 -1.06258 27.9795 250.544 -13 7185 1 0 1
3.61088 5.39377 19250 -0.0100253 -0.813399 27.9882 250.537 -13 7186 1 0 1
11.3558 -2.35147 19250 -0.156759 0.3474 27.9974 250.543 -13 7187 1 0 1
0.213972 6.17763 19250 0.048189 -0.929354 27.9845 250.539 -13 7188 1 0 1
-11.2563 -0.359501 19250 0.281743 0.0973349 27.9984 250.509 -13 7189 1 0 1
3.44538 6.41117 19250 -0.0221021 -1.13057 27.9772 250.552 -13 7190 1 0 1
1.80089 11.2028 19250 -0.0121154 -2.3341 27.9025 250.655 -13 7191 1 0 1
-0.99217 8.85932 19250 0.0868048 -1.64554 27.9515 250.58 -13 7192 1 0 1
1.09822 7.2794 19250 0.0304892 -1.28192 27.9706 250.558 -13 7193 1 0 1
-6.62968 -6.87258 19250 0.953392 2.29688 27.8893 250.711 -13 7194 1 0 1
11.8421 4.79959 19250 -0.186169 -0.75658 27.9892 250.56 -13 7195 1 0 1
-11.1011 -7.0654 19250 0.381161 1.31801 27.9664 250.58 -13 7196 1 0 1
-2.72251 1.25914 19250 0.0842463 -0.131855 27.9996 250.509 -13 7197 1 0 1
2.48151 12.3824 19250 -0.242375 -3.20889 27.8145 250.769 -13 7198 1 0 1
-0.430906 2.7103 19250 0.0620739 -0.473575 27.9959 250.512 -13 7199 1 0 1
2.871 12.2198 19250 -0.310635 -3.44347 27.7857 250.789 -13 7200 1 0 1
9.39531 -2.7841 19250 -0.125441 0.436955 27.9963 250.541 -13 7201 1 0 1
2.76571 -7.91435 19250 -0.00144378 1.34378 27.9677 250.568 -13 7202 1 0 1
-7.75936 0.470044 19250 0.153307 -0.181124 27.999 250.513 -13 7203 1 0 1
-1129.58 653.941 19250 -4.57582 2.10512 27.5432 252.477 -13 7204 1 0 1
-11.4286 -6.01546 19250 0.351676 1.12349 27.9752 250.559 -13 7205 1 0 1
-1668.02 723.001 19250 -6.57539 2.33752 27.1164 254 -13 7206 1 0 1
-12.5977 1.55305 19250 0.364976 -0.273795 27.9963 250.514 -13 7207 1 0 1
12.4286 3.50626 19250 -0.192134 -0.608669 27.9927 250.554 -13 7208 1 0 1
13.5024 -5.02292 19250 -0.231002 1.05054 27.9793 250.567 -13 7209 1 0 1
-14.385 4.36736 19250 0.552767 -1.00497 27.9765 250.571 -13 7210 1 0 1
18.1384 -3.0153 19250 -0.70154 0.815585 27.9793 250.634 -13 7211 1 0 1
-3.29793 -1.16219 19250 0.12982 0.234082 27.9987 250.499 -13 7212 1 0 1
-16.1488 -2.22782 19250 0.651663 0.496399 27.988 250.567 -13 7213 1 0 1
1.29229 -12.855 19250 0.204785 4.40768 27.6501 250.92 -13 7214 1 0 1
3.77285 9.9421 19250 -0.630325 -3.27376 27.8008 250.776 -13 7215 1 0 1
1.91234 -2.02149 19250 0.0474657 0.203698 27.9992 250.507 -13 7216 1 0 1
9.7104 -2.88151 19250 1.73796 3.31573 27.7486 250.909 -13 7217 1 0 1
-4.25811 -7.85154 19250 0.127885 1.24624 27.972 250.565 -13 7218 1 0 1
2.51868 -2.99818 19250 0.0308419 0.526443 27.995 250.514 -13 7219 1 0 1
1.91079 7.05633 19250 0.00427484 -1.1557 27.9761 250.557 -13 7220 1 0 1
-10.1512 -2.63538 19250 0.254698 0.4467 27.9953 250.514 -13 7221 1 0 1
-10.8333 0.630406 19250 0.236956 -0.073144 27.9989 250.514 -13 7222 1 0 1
5.7787 9.52395 19250 -0.097597 -1.93899 27.9326 250.612 -13 7223 1 0 1
-35.6678 0.0137018 19250 -2.32328 -5.16868 27.4206 251.124 -13 7224 1 0 1
18.7075 1.66186 19250 -0.499189 -0.187006 27.9949 250.597 -13 7225 1 0 1
-5.8053 0.623574 19250 0.15465 -0.0744873 27.9995 250.502 -13 7226 1 0 1
13.6633 -5.6619 19250 1.55675 4.11845 27.6517 250.968 -13 7227 1 0 1
5.47021 -0.828305 19250 -0.00630456 0.253194 27.9989 250.512 -13 7228 1 0 1
3.51734 1.71835 19250 -0.00888911 -0.160592 27.9995 250.519 -13 7229 1 0 1
2.41742 12.5966 19250 0.283665 -4.84844 27.5756 251.005 -13 7230 1 0 1
-1.91588 -5.58441 19250 0.0754374 0.742569 27.9901 250.534 -13 7231 1 0 1
0.693249 5.98475 19250 0.0572171 -0.94626 27.9839 250.533 -13 7232 1 0 1
-7.27676 -4.58212 19250 0.206743 0.781245 27.9883 250.52 -13 7233 1 0 1
-10.0911 4.52224 19250 0.268054 -0.762037 27.9883 250.529 -13 7234 1 0 1
1.90053 -1.67625 19250 0.033976 0.24842 27.9989 250.51 -13 7235 1 0 1
-4.37151 -10.9323 19250 0.260648 2.44085 27.8922 250.666 -13 7236 1 0 1
3.75852 2.41107 19250 0.0176003 -0.288936 27.9985 250.512 -13 7237 1 0 1
-3.66474 -11.0263 19250 0.304141 2.65509 27.8722 250.68 -13 7238 1 0 1
-10.8011 0.862729 19250 0.282501 -0.236891 27.9976 250.507 -13 7239 1 0 1
2.17126 6.47249 19250 0.0213778 -1.09285 27.9787 250.543 -13 7240 1 0 1
0.689946 -8.97997 19250 0.053286 1.80777 27.9415 250.586 -13 7241 1 0 1
22.2322 -6.51976 19250 1.5618 5.36482 27.4368 251.167 -13 7242 1 0 1
15.5545 1.80675 19250 -1.03417 -0.961478 27.9644 250.684 -13 7243 1 0 1
-7.12423 -0.724297 19250 0.183941 0.018268 27.9994 250.501 -13 7244 1 0 1
5.2311 6.87719 19250 -0.0449522 -1.23516 27.9727 250.559 -13 7245 1 0 1
34.884 0.199622 19250 2.40484 4.81462 27.4779 251.142 -13 7246 1 0 1
3.38033 8.25563 19250 -0.0204812 -1.60694 27.9538 250.579 -13 7247 1 0 1
12.3173 -10.1094 19250 0.911761 5.50499 27.4384 251.153 -13 7248 1 0 1
-4.28806 -8.82223 19250 0.160314 1.66026 27.9503 250.585 -13 7249 1 0 1
-4.84697 -5.83859 19250 0.148967 0.952647 27.9834 250.532 -13 7250 1 0 1
13.3308 6.66362 19250 -0.484042 -1.68294 27.9452 250.639 -13 7251 1 0 1
-3.32343 -11.3016 19250 0.270886 2.5267 27.8844 250.672 -13 7252 1 0 1
-12.2473 -7.59297 19250 0.553884 1.582 27.9498 250.638 -13 7253 1 0 1
-11.4455 -0.822193 19250 0.262674 -0.00906422 27.9988 250.515 -13 7254 1 0 1
-4.47377 -0.59285 19250 0.129205 0.171985 27.9992 250.503 -13 7255 1 0 1
41.0813 8.06294 19250 3.0665 4.01268 27.5408 251.136 -13 7256 1 0 1
30.2375 -3.53751 19250 1.98094 5.35914 27.4109 251.188 -13 7257 1 0 1
-7.90061 -0.238029 19250 0.166986 0.0299285 27.9995 250.509 -13 7258 1 0 1
13.552 4.0976 19250 -0.221898 -0.718346 27.9899 250.561 -13 7259 1 0 1
69.1479 16.9951 19250 3.99067 4.74374 27.3052 251.336 -13 7260 1 0 1
7.39916 -1.59476 19250 -0.0554454 0.292886 27.9984 250.522 -13 7261 1 0 1
10.8218 -2.89774 19250 1.69981 3.53012 27.7245 250.897 -13 7262 1 0 1
-0.139937 -4.12711 19250 0.0512551 0.574932 27.994 250.523 -13 7263 1 0 1
-13.0922 -2.97611 19250 0.338304 0.528875 27.993 250.532 -13 7264 1 0 1
-9.09964 -3.15234 19250 0.234808 0.468502 27.9951 250.514 -13 7265 1 0 1
-15.1261 -2.9436 19250 0.486777 0.601891 27.9893 250.55 -13 7266 1 0 1
-14.2918 1.31037 19250 0.358166 -0.239788 27.9967 250.531 -13 7267 1 0 1
-8.40702 5.96974 19250 0.239587 -0.999473 27.9811 250.539 -13 7268 1 0 1
14.7485 -3.43987 19250 -0.225456 0.589829 27.9929 250.556 -13 7269 1 0 1
0.0877161 9.37677 19250 0.055337 -1.78154 27.9432 250.594 -13 7270 1 0 1
-6.36177 5.65261 19250 0.171978 -0.857628 27.9863 250.533 -13 7271 1 0 1
-11.8256 6.15654 19250 0.730621 -1.55756 27.9471 250.627 -13 7272 1 0 1
24.6217 -3.03534 19250 1.96653 4.62769 27.5448 251.072 -13 7273 1 0 1
-1.98894 4.72827 19250 0.0872251 -0.835355 27.9874 250.524 -13 7274 1 0 1
17.5985 -2.2364 19250 -0.374912 0.409475 27.9945 250.577 -13 7275 1 0 1
4.54248 -5.70474 19250 -0.0239434 1.19229 27.9746 250.546 -13 7276 1 0 1
-3.78234 -4.58206 19250 0.107187 0.75625 27.9896 250.525 -13 7277 1 0 1
1.91169 4.75749 19250 0.0203734 -0.786746 27.9889 250.529 -13 7278 1 0 1
1.23785 10.8891 19250 0.00920768 -2.27237 27.9076 250.644 -13 7279 1 0 1
-10.4218 4.94997 19250 0.278122 -0.691235 27.9901 250.535 -13 7280 1 0 1
-11.2885 -6.975 19250 0.528575 1.67437 27.9449 250.611 -13 7281 1 0 1
-10.7996 -6.42568 19250 0.324196 1.18148 27.9732 250.562 -13 7282 1 0 1
2.14597 -9.8416 19250 0.842534 3.72646 27.7381 250.84 -13 7283 1 0 1
3.59702 7.78365 19250 -0.0107333 -1.36432 27.9667 250.567 -13 7284 1 0 1
-2.3092 -1.06054 19250 0.0835809 0.232161 27.9989 250.507 -13 7285 1 0 1
-5.96271 -1.63096 19250 0.140912 0.25606 27.9985 250.509 -13 7286 1 0 1
-11.9023 2.00425 19250 0.289824 -0.404622 27.9956 250.52 -13 7287 1 0 1
6.52034 3.02084 19250 -0.0260951 -0.419879 27.9968 250.52 -13 7288 1 0 1
-1.30599 -2.49772 19250 0.0820059 0.405668 27.9969 250.508 -13 7289 1 0 1
1.8197 4.88364 19250 0.019063 -0.812024 27.9882 250.53 -13 7290 1 0 1
10.4191 3.18283 19250 -0.128333 -0.532295 27.9946 250.541 -13 7291 1 0 1
-8.70593 -3.06408 19250 0.208589 0.448078 27.9956 250.516 -13 7292 1 0 1
16.5582 4.60301 19250 -0.472442 -1.00369 27.978 250.608 -13 7293 1 0 1
-4.92363 7.2028 19250 0.153449 -1.05588 27.9797 250.551 -13 7294 1 0 1
10.9734 7.71937 19250 -0.26384 -1.61917 27.9519 250.608 -13 7295 1 0 1
-10.8865 0.0304939 19250 0.245827 0.0290836 27.9989 250.512 -13 7296 1 0 1
-9.4076 -6.26311 19250 0.307778 1.13643 27.9752 250.546 -13 7297 1 0 1
5.29234 -4.72714 19250 -0.0442554 0.835846 27.9875 250.537 -13 7298 1 0 1
13.2903 3.1142 19250 -0.200753 -0.419581 27.9961 250.553 -13 7299 1 0 1
-6.44327 5.16168 19250 0.167622 -0.800217 27.9881 250.529 -13 7300 1 0 1
-3.05878 -6.40868 19250 0.105002 1.02185 27.9812 250.541 -13 7301 1 0 1
26.0592 0.345364 19250 2.27592 4.10707 27.6035 251.049 -13 7302 1 0 1
8.11116 1.6253 19250 -0.0433902 -0.30613 27.9983 250.517 -13 7303 1 0 1
-12.9112 4.57823 19250 0.371791 -0.944647 27.9816 250.551 -13 7304 1 0 1
1.13155 -13.0986 19250 -0.000933201 3.54292 27.7749 250.799 -13 7305 1 0 1
0.401086 5.34094 19250 0.0433399 -0.778704 27.9891 250.532 -13 7306 1 0 1
-15.0627 -2.51593 19250 0.515567 0.464292 27.9914 250.543 -13 7307 1 0 1
-12.9076 4.35312 19250 0.364294 -0.840541 27.985 250.545 -13 7308 1 0 1
12.0711 -2.2036 19250 -0.156645 0.459076 27.9958 250.541 -13 7309 1 0 1
5.7986 0.411604 19250 -0.0025769 0.00167506 28 250.509 -13 7310 1 0 1
11.4923 0.427892 19250 -0.131426 -0.0435286 27.9997 250.532 -13 7311 1 0 1
-3.27169 -11.1118 19250 0.466262 3.02589 27.8321 250.736 -13 7312 1 0 1
12.4123 -4.11623 19250 -0.166032 0.66074 27.9917 250.55 -13 7313 1 0 1
-3.79955 10.8704 19250 0.233456 -2.32922 27.902 250.652 -13 7314 1 0 1
5.95447 -8.6079 19250 1.10293 3.94529 27.6987 250.907 -13 7315 1 0 1
11.4216 7.87101 19250 -0.315175 -1.69331 27.947 250.62 -13 7316 1 0 1
9.09118 8.04215 19250 -0.197062 -1.49088 27.9596 250.602 -13 7317 1 0 1
-15.6926 0.158767 19250 0.419837 -0.0222239 27.9968 250.54 -13 7318 1 0 1
70.7235 21.6776 19250 4.2625 4.36458 27.3273 251.364 -13 7319 1 0 1
14.8287 -5.92459 19250 -0.38023 1.21671 27.971 250.603 -13 7320 1 0 1
-0.182418 8.03903 19250 -0.975048 -3.48396 27.7653 250.827 -13 7321 1 0 1
-3.13597 -8.48601 19250 0.821552 2.99523 27.8272 250.748 -13 7322 1 0 1
0.539549 -0.559883 19250 0.0375176 0.114916 27.9997 250.51 -13 7323 1 0 1
10.8266 -9.41842 19250 1.04383 4.86118 27.555 251.033 -13 7324 1 0 1
5.46666 -1.47734 19250 -0.000906491 0.184885 27.9994 250.51 -13 7325 1 0 1
-3.15026 -2.01963 19250 0.118221 0.286097 27.9983 250.503 -13 7326 1 0 1
-11.0061 -2.80731 19250 0.261163 0.365127 27.9964 250.521 -13 7327 1 0 1
0.31567 3.16504 19250 0.0215854 -0.572441 27.9941 250.525 -13 7328 1 0 1
-6.49593 11.2899 19250 -0.660243 -5.04882 27.5331 251.039 -13 7329 1 0 1
-10.097 -2.47455 19250 0.227584 0.347759 27.9969 250.518 -13 7330 1 0 1
-14.5727 -1.14694 19250 0.372068 0.152952 27.9971 250.532 -13 7331 1 0 1
-4.51488 -11.1096 19250 0.252144 2.47974 27.8888 250.677 -13 7332 1 0 1
8.45947 -1.45923 19250 -0.0810465 0.264432 27.9986 250.526 -13 7333 1 0 1
-11.7941 1.7795 19250 0.267655 -0.301411 27.9971 250.52 -13 7334 1 0 1
3.98006 -9.8874 19250 0.858521 4.03171 27.6949 250.88 -13 7335 1 0 1
3.31154 12.0441 19250 -0.233267 -3.34622 27.7984 250.76 -13 7336 1 0 1
-1.56409 -7.93291 19250 0.0823388 1.32065 27.9687 250.564 -13 7337 1 0 1
8.81698 3.1948 19250 -0.0926246 -0.447053 27.9963 250.535 -13 7338 1 0 1
2.01828 -3.20831 19250 0.00912582 0.522828 27.9951 250.523 -13 7339 1 0 1
4.85205 11.1381 19250 -0.133713 -2.38713 27.8977 250.666 -13 7340 1 0 1
-9.13013 -1.46137 19250 0.208843 0.113555 27.999 250.51 -13 7341 1 0 1
8.27999 -8.25573 19250 -0.151105 1.61825 27.9528 250.596 -13 7342 1 0 1
-2.9113 -6.59884 19250 0.104359 1.18096 27.9749 250.546 -13 7343 1 0 1
-16.0204 -1.73895 19250 0.90003 0.409433 27.9825 250.601 -13 7344 1 0 1
-12.3594 1.30468 19250 0.317884 -0.244372 27.9971 250.516 -13 7345 1 0 1
-14.2995 -3.1319 19250 0.996234 0.919421 27.9672 250.636 -13 7346 1 0 1
8.95504 7.20068 19250 -0.155062 -1.3619 27.9664 250.582 -13 7347 1 0 1
-16.2347 1.04931 19250 0.645445 -0.248272 27.9915 250.556 -13 7348 1 0 1
5.63684 0.763011 19250 -0.017304 -0.0949153 27.9998 250.514 -13 7349 1 0 1
-5.3881 -2.31273 19250 0.155926 0.20007 27.9989 250.506 -13 7350 1 0 1
8.39309 9.40826 19250 -0.184713 -1.81805 27.9403 250.62 -13 7351 1 0 1
2.14388 5.95083 19250 0.0167202 -0.923631 27.9848 250.539 -13 7352 1 0 1
5.60509 10.0608 19250 -0.130875 -2.12842 27.9187 250.634 -13 7353 1 0 1
8.68818 2.07562 19250 -0.0925492 -0.265755 27.9986 250.531 -13 7354 1 0 1
-10.632 4.91049 19250 0.261578 -0.757221 27.9885 250.539 -13 7355 1 0 1
-3.39612 -11.1689 19250 0.338898 2.72378 27.8651 250.689 -13 7356 1 0 1
-2.22544 -9.76905 19250 0.135171 1.80772 27.9413 250.6 -13 7357 1 0 1
12.2823 3.25954 19250 2.26317 2.68931 27.7785 250.922 -13 7358 1 0 1
-3.19267 1.66464 19250 0.0908853 -0.259717 27.9986 250.51 -13 7359 1 0 1
-7.02705 0.917516 19250 0.183061 -0.207913 27.9986 250.502 -13 7360 1 0 1
-4.1275 10.4619 19250 0.536966 -2.93488 27.8406 250.73 -13 7361 1 0 1
15.3353 -2.15263 19250 -0.275682 0.375982 27.9961 250.562 -13 7362 1 0 1
-4.18755 -0.286949 19250 0.150078 0.140524 27.9992 250.496 -13 7363 1 0 1
-7.01893 -4.86963 19250 0.188471 0.707682 27.9904 250.525 -13 7364 1 0 1
1.38311 -2.07422 19250 0.0275535 0.266617 27.9987 250.514 -13 7365 1 0 1
-6.51767 1.66773 19250 0.140161 -0.340646 27.9976 250.513 -13 7366 1 0 1
-2.98807 -7.24055 19250 0.115041 1.33684 27.9678 250.555 -13 7367 1 0 1
-13.8869 -4.31743 19250 0.892703 1.11517 27.9635 250.632 -13 7368 1 0 1
45.4609 -1.66455 19250 2.37509 6.26509 27.1865 251.399 -13 7369 1 0 1
3.11489 4.43023 19250 -0.00524009 -0.766624 27.9895 250.531 -13 7370 1 0 1
3.45417 -0.376204 19250 0.0202023 0.117106 27.9997 250.508 -13 7371 1 0 1
7.49445 4.43161 19250 -0.0589674 -0.773743 27.9892 250.534 -13 7372 1 0 1
8.30744 5.13816 19250 -0.0690658 -0.934612 27.9843 250.539 -13 7373 1 0 1
10.4998 -7.5168 19250 -0.227981 1.46068 27.9609 250.598 -13 7374 1 0 1
-3.96932 -0.540419 19250 0.0938067 0.0849998 27.9997 250.51 -13 7375 1 0 1
102.229 9.96506 19250 4.16355 7.59323 26.6272 251.894 -13 7376 1 0 1
-4.7854 -9.47033 19250 0.200346 1.79696 27.9416 250.601 -13 7377 1 0 1
-2.99241 -8.18203 19250 0.132992 1.49908 27.9595 250.569 -13 7378 1 0 1
-11.2812 -4.00498 19250 0.308082 0.657359 27.9906 250.528 -13 7379 1 0 1
1.18712 -8.95575 19250 0.00512715 1.71165 27.9476 250.592 -13 7380 1 0 1
-13.8975 -2.29839 19250 0.396491 0.394384 27.9944 250.53 -13 7381 1 0 1
5.19263 -3.2089 19250 1.62379 2.95666 27.7961 250.857 -13 7382 1 0 1
9.95492 6.23669 19250 -0.121318 -1.0377 27.9805 250.557 -13 7383 1 0 1
-8.37361 -2.2284 19250 0.185778 0.260492 27.9982 250.514 -13 7384 1 0 1
-7.53252 8.6349 19250 0.321158 -1.67015 27.9483 250.59 -13 7385 1 0 1
-11.0745 -7.70749 19250 0.636714 1.70515 27.9408 250.646 -13 7386 1 0 1
10.378 -10.0338 19250 0.995974 4.86641 27.5559 251.045 -13 7387 1 0 1
-15.3821 -3.70001 19250 0.80286 0.83715 27.976 250.608 -13 7388 1 0 1
-58.9379 -19.6208 19250 -3.91318 -4.03676 27.4298 251.205 -13 7389 1 0 1
10.7581 4.02033 19250 -0.140121 -0.644657 27.9922 250.547 -13 7390 1 0 1
8.81737 -1.89063 19250 -0.0741296 0.20058 27.9992 250.525 -13 7391 1 0 1
-10.2837 3.37787 19250 0.266865 -0.561572 27.9931 250.519 -13 7392 1 0 1
2.42199 -8.70694 19250 -0.0243788 1.67221 27.95 250.59 -13 7393 1 0 1
9.19149 -3.01572 19250 -0.101597 0.532378 27.9948 250.536 -13 7394 1 0 1
-7.47172 -7.09306 19250 0.850757 2.31937 27.8908 250.696 -13 7395 1 0 1
1.90008 9.93225 19250 0.0104628 -1.82744 27.9403 250.607 -13 7396 1 0 1
5.27914 1.62987 19250 -0.015635 -0.211433 27.9992 250.516 -13 7397 1 0 1
-15.2434 -0.521973 19250 0.429365 0.129507 27.9964 250.534 -13 7398 1 0 1
11.7613 5.42598 19250 -0.200603 -0.991179 27.9817 250.567 -13 7399 1 0 1
8.94494 7.75323 19250 -0.164573 -1.37346 27.9658 250.59 -13 7400 1 0 1
-12.7099 -2.75226 19250 0.316276 0.310278 27.9965 250.528 -13 7401 1 0 1
7.30322 10.13 19250 -0.318447 -2.48754 27.8875 250.678 -13 7402 1 0 1
-13.524 -2.00575 19250 0.373752 0.444026 27.994 250.526 -13 7403 1 0 1
-7.12996 4.68223 19250 1.14253 -2.0651 27.9004 250.712 -13 7404 1 0 1
0.457511 0.0863145 19250 0.070121 -0.0169457 27.9999 250.501 -13 7405 1 0 1
16.4397 3.93692 19250 -0.352719 -0.691538 27.9892 250.583 -13 7406 1 0 1
-16.8453 -0.422993 19250 0.823903 0.247693 27.9868 250.591 -13 7407 1 0 1
2.22473 10.334 19250 -0.00597496 -1.93336 27.9332 250.621 -13 7408 1 0 1
5.35933 -11.6567 19250 0.665456 4.62168 27.6079 250.982 -13 7409 1 0 1
16.5167 3.94606 19250 -0.387383 -0.707067 27.9884 250.591 -13 7410 1 0 1
0.379428 10.7586 19250 0.0932427 -2.11932 27.9195 250.623 -13 7411 1 0 1
-10.6386 -6.80267 19250 0.36151 1.3107 27.967 250.57 -13 7412 1 0 1
-5.60491 -3.50078 19250 1.26907 2.12572 27.8903 250.721 -13 7413 1 0 1
13.5888 -3.8133 19250 1.70301 3.84523 27.6824 250.946 -13 7414 1 0 1
-0.693579 3.85755 19250 0.106395 -0.602451 27.9933 250.507 -13 7415 1 0 1
15.2535 -1.1267 19250 1.93979 3.5989 27.6999 250.942 -13 7416 1 0 1
2.10455 2.73554 19250 0.0230708 -0.421047 27.9968 250.516 -13 7417 1 0 1
-1.98912 -9.37884 19250 0.133124 1.90852 27.9346 250.595 -13 7418 1 0 1
-10.2096 3.31874 19250 0.226404 -0.607742 27.9925 250.527 -13 7419 1 0 1
6.01662 0.386873 19250 -0.0276466 -0.0956391 27.9998 250.515 -13 7420 1 0 1
6.75654 9.4642 19250 -0.158839 -1.87748 27.9365 250.622 -13 7421 1 0 1
-4.63838 4.79099 19250 0.120112 -0.82946 27.9875 250.528 -13 7422 1 0 1
7.9753 10.1046 19250 -0.302661 -2.17023 27.9141 250.668 -13 7423 1 0 1
1.3634 12.5087 19250 -0.19109 -3.81648 27.738 250.823 -13 7424 1 0 1
-14.7678 -0.543491 19250 0.409455 0.136112 27.9967 250.53 -13 7425 1 0 1
-13.2554 1.83507 19250 0.337905 -0.4244 27.9947 250.527 -13 7426 1 0 1
2.22627 -9.70939 19250 -0.011301 1.84017 27.9395 250.607 -13 7427 1 0 1
5.62763 -0.534919 19250 -0.0299665 0.0738039 27.9999 250.517 -13 7428 1 0 1
9.11167 -8.21584 19250 -0.179538 1.63642 27.9516 250.599 -13 7429 1 0 1
-1.4038 0.65189 19250 0.07212 -0.14716 27.9995 250.506 -13 7430 1 0 1
7.25301 3.80129 19250 -0.0661852 -0.586296 27.9938 250.535 -13 7431 1 0 1
0.0328676 -4.68332 19250 0.0740051 0.774622 27.9892 250.519 -13 7432 1 0 1
1.89681 10.0921 19250 0.0117712 -2.0857 27.9222 250.617 -13 7433 1 0 1
-4.24326 6.55462 19250 0.141256 -1.06191 27.9795 250.54 -13 7434 1 0 1
-11.4439 -6.46469 19250 0.651877 1.735 27.9386 250.627 -13 7435 1 0 1
-10.6231 -0.801846 19250 0.264649 0.0446017 27.9987 250.508 -13 7436 1 0 1
-4.91313 -7.81651 19250 0.194144 1.40794 27.9639 250.561 -13 7437 1 0 1
3.49714 7.99342 19250 -0.0127206 -1.37465 27.9662 250.571 -13 7438 1 0 1
1.0726 2.14254 19250 0.0424236 -0.34011 27.9979 250.511 -13 7439 1 0 1
-9.41585 1.98698 19250 0.205405 -0.325328 27.9974 250.515 -13 7440 1 0 1
8.59865 4.33518 19250 -0.0968818 -0.623154 27.9929 250.543 -13 7441 1 0 1
11.3804 0.651202 19250 -0.137528 -0.0584984 27.9996 250.534 -13 7442 1 0 1
-48.0756 0.675723 19250 -2.33447 -6.95042 27.023 251.441 -13 7443 1 0 1
-6.65355 -5.85378 19250 0.186431 1.02626 27.9806 250.536 -13 7444 1 0 1
-16.1987 -1.79367 19250 0.730833 0.428222 27.9872 250.573 -13 7445 1 0 1
-9.62107 -6.50742 19250 0.307251 1.14707 27.9748 250.552 -13 7446 1 0 1
16.1996 5.41533 19250 -0.450466 -1.08648 27.9753 250.609 -13 7447 1 0 1
12.5663 4.63479 19250 -0.940984 -1.65491 27.9352 250.701 -13 7448 1 0 1
14.659 4.65692 19250 -0.280178 -0.871707 27.985 250.573 -13 7449 1 0 1
4.8764 -8.55405 19250 -0.0633216 1.48756 27.9604 250.587 -13 7450 1 0 1
-10.9464 -4.13166 19250 0.269788 0.591044 27.9925 250.532 -13 7451 1 0 1
-12.222 5.53682 19250 0.372542 -1.01613 27.9791 250.556 -13 7452 1 0 1
6.39231 -6.79902 19250 -0.0533474 1.1652 27.9757 250.555 -13 7453 1 0 1
11.3756 -6.61921 19250 -0.695454 2.01166 27.919 250.685 -13 7454 1 0 1
3.63695 -9.30859 19250 -0.0132947 1.64102 27.9519 250.592 -13 7455 1 0 1
9.72335 2.10656 19250 -0.0833331 -0.526261 27.9949 250.527 -13 7456 1 0 1
-16.6144 -1.55633 19250 0.583055 0.328468 27.992 250.562 -13 7457 1 0 1
-3.99322 -3.33874 19250 0.102022 0.411676 27.9968 250.518 -13 7458 1 0 1
-7.80012 8.08409 19250 0.243886 -1.41793 27.963 250.581 -13 7459 1 0 1
-15.548 1.8101 19250 1.01654 -0.437982 27.9781 250.623 -13 7460 1 0 1
3.21937 -7.30235 19250 1.16347 3.46956 27.7598 250.843 -13 7461 1 0 1
12.7087 -2.38374 19250 -0.182088 0.480336 27.9953 250.546 -13 7462 1 0 1
-7.00355 -9.93772 19250 0.332349 2.03586 27.9239 250.639 -13 7463 1 0 1
4.29753 -0.0176709 19250 -0.0257639 0.0168684 28 250.519 -13 7464 1 0 1
0.300094 7.18532 19250 0.0508087 -1.37864 27.966 250.556 -13 7465 1 0 1
-5.75743 -9.42912 19250 0.239495 1.94377 27.9314 250.611 -13 7466 1 0 1
0.558693 -8.24198 19250 0.0455806 1.43315 27.9633 250.571 -13 7467 1 0 1
10.4736 7.90711 19250 -0.253598 -1.57529 27.9545 250.61 -13 7468 1 0 1
2.10963 6.1551 19250 0.0492836 -0.96054 27.9835 250.532 -13 7469 1 0 1
-7.28033 -10.0746 19250 0.384785 2.31893 27.9012 250.671 -13 7470 1 0 1
7.16912 -8.23476 19250 -0.120086 1.56144 27.9562 250.59 -13 7471 1 0 1
-13.2525 -5.81429 19250 0.580543 1.34323 27.9617 250.6 -13 7472 1 0 1
10.0462 -2.83749 19250 -0.108174 0.431763 27.9965 250.534 -13 7473 1 0 1
-14.1494 -4.47654 19250 0.676939 1.17726 27.967 250.594 -13 7474 1 0 1
10.7749 7.73733 19250 -0.245517 -1.60704 27.9528 250.604 -13 7475 1 0 1
7.73082 9.93265 19250 -0.477647 -2.59911 27.875 250.709 -13 7476 1 0 1
-15.1683 -3.47456 19250 0.523968 0.787925 27.984 250.562 -13 7477 1 0 1
0.599767 -8.23944 19250 0.0622074 1.54763 27.9571 250.569 -13 7478 1 0 1
-11.4928 -1.93773 19250 0.29872 0.342718 27.9963 250.514 -13 7479 1 0 1
1.41891 -12.6256 19250 -0.1369 3.31521 27.8027 250.773 -13 7480 1 0 1
-8.46436 -6.80173 19250 0.910224 2.07715 27.908 250.699 -13 7481 1 0 1
-11.1414 -2.79352 19250 0.257731 0.452485 27.9952 250.522 -13 7482 1 0 1
-37.5238 -6.24208 19250 -2.79871 -4.25579 27.5328 251.07 -13 7483 1 0 1
-10.253 -6.61496 19250 0.334214 1.30303 27.9677 250.565 -13 7484 1 0 1
7.84208 4.18978 19250 -0.0549879 -0.656573 27.9922 250.531 -13 7485 1 0 1
-11.1671 -4.29678 19250 0.303462 0.771727 27.9877 250.531 -13 7486 1 0 1
-16.3694 -1.29185 19250 0.664785 0.198503 27.9914 250.561 -13 7487 1 0 1
7.4715 8.66105 19250 -0.114047 -1.69542 27.9484 250.593 -13 7488 1 0 1
1.79808 7.72746 19250 0.0337487 -1.33798 27.968 250.56 -13 7489 1 0 1
5.84746 -8.45008 19250 -0.0735728 1.54173 27.9574 250.586 -13 7490 1 0 1
-17.0752 -0.724236 19250 0.768795 0.135393 27.9891 250.584 -13 7491 1 0 1
-12.7492 4.04724 19250 0.355812 -0.653501 27.9901 250.538 -13 7492 1 0 1
-13.9955 3.6815 19250 0.364434 -0.686709 27.9892 250.549 -13 7493 1 0 1
-11.0742 6.38023 19250 0.329384 -1.17724 27.9733 250.564 -13 7494 1 0 1
2.32178 -7.83912 19250 1.08844 3.48056 27.7615 250.843 -13 7495 1 0 1
-0.969794 -7.97986 19250 1.01886 3.12349 27.8066 250.808 -13 7496 1 0 1
9.38593 -0.642248 19250 -0.0810325 0.070763 27.9998 250.523 -13 7497 1 0 1
6.69137 6.59703 19250 -0.910719 -2.58475 27.8656 250.744 -13 7498 1 0 1
7.32967 1.16421 19250 -0.0781652 -0.252328 27.9988 250.528 -13 7499 1 0 1
2.36302 9.87784 19250 -0.704331 -3.34923 27.79 250.801 -13 7500 1 0 1
10.3887 -3.36394 19250 -0.143754 0.48284 27.9955 250.545 -13 7501 1 0 1
1.04392 0.58215 19250 0.0600137 -0.0911226 27.9998 250.502 -13 7502 1 0 1
-8.34008 -8.44663 19250 0.329883 1.78315 27.9412 250.601 -13 7503 1 0 1
-15.5696 -2.28268 19250 0.613593 0.540754 27.9881 250.555 -13 7504 1 0 1
15.1399 -2.25968 19250 -0.227586 0.374535 27.9966 250.551 -13 7505 1 0 1
-52.7707 -5.24743 19250 -3.01155 -5.3609 27.3165 251.213 -13 7506 1 0 1
-6.50967 -7.59909 19250 0.237017 1.34716 27.9666 250.56 -13 7507 1 0 1
6.33859 2.0674 19250 -0.0499656 -0.247222 27.9989 250.525 -13 7508 1 0 1
13.2974 6.79795 19250 -0.332591 -1.33305 27.9663 250.607 -13 7509 1 0 1
-0.152823 12.5379 19250 0.267311 -3.74618 27.747 250.824 -13 7510 1 0 1
-5.93232 -8.87945 19250 0.221641 1.59219 27.9538 250.588 -13 7511 1 0 1
-14.779 -2.56718 19250 0.405441 0.426388 27.9938 250.542 -13 7512 1 0 1
5.52212 -9.66644 19250 -0.0678279 1.82176 27.9406 250.606 -13 7513 1 0 1
8.21945 -0.0762858 19250 -0.0559271 0.027253 27.9999 250.518 -13 7514 1 0 1
-4.8797 9.40008 19250 0.183353 -1.77412 27.9431 250.602 -13 7515 1 0 1
2.1116 11.504 19250 -0.0133789 -2.45657 27.892 250.665 -13 7516 1 0 1
2.61433 3.07209 19250 0.0279303 -0.511937 27.9953 250.515 -13 7517 1 0 1
5.93838 -0.340615 19250 -0.0230959 -0.0204526 28 250.514 -13 7518 1 0 1
17.9683 3.25215 19250 -0.503439 -0.672367 27.9874 250.605 -13 7519 1 0 1
4.1795 10.4614 19250 -0.0666987 -2.01476 27.9273 250.631 -13 7520 1 0 1
15.0105 -5.64525 19250 -0.357667 1.23157 27.9706 250.597 -13 7521 1 0 1
-3.12402 -0.779756 19250 0.100844 0.177391 27.9993 250.505 -13 7522 1 0 1
-9.94132 4.72391 19250 0.239029 -0.843226 27.9863 250.536 -13 7523 1 0 1
12.4245 5.36697 19250 -0.846467 -1.79236 27.9297 250.694 -13 7524 1 0 1
3.22969 -4.85145 19250 -0.00615656 0.66528 27.9921 250.534 -13 7525 1 0 1
7.38065 6.89371 19250 -0.093541 -1.11456 27.9777 250.564 -13 7526 1 0 1
0.857698 -6.41587 19250 0.0265666 1.066 27.9797 250.545 -13 7527 1 0 1
-8.66063 -8.58853 19250 0.351103 1.72064 27.9449 250.603 -13 7528 1 0 1
-2.19677 -10.6209 19250 0.156576 2.27035 27.9074 250.635 -13 7529 1 0 1
4.50261 -2.75479 19250 0.0311643 0.451999 27.9963 250.508 -13 7530 1 0 1
-12.5406 -6.24315 19250 0.659145 1.48 27.9531 250.62 -13 7531 1 0 1
-5.12823 1.68143 19250 0.122049 -0.254537 27.9986 250.51 -13 7532 1 0 1
-9.28068 2.40411 19250 0.24136 -0.364651 27.9966 250.509 -13 7533 1 0 1
-2.91426 -11.0083 19250 0.166339 2.35654 27.9002 250.654 -13 7534 1 0 1
2.68968 11.9349 19250 -0.0378688 -2.74072 27.8655 250.69 -13 7535 1 0 1
-6.24528 -1.81349 19250 0.156394 0.379182 27.997 250.507 -13 7536 1 0 1
73.0441 10.5493 19250 3.73344 5.65646 27.1674 251.414 -13 7537 1 0 1
-14.5297 3.64444 19250 0.534864 -0.831248 27.9825 250.556 -13 7538 1 0 1
-5.07027 -10.5726 19250 0.286404 2.21196 27.911 250.646 -13 7539 1 0 1
8.66556 9.07446 19250 -0.569412 -2.53665 27.879 250.707 -13 7540 1 0 1
-1.76845 -11.4175 19250 0.154417 2.52369 27.8856 250.667 -13 7541 1 0 1
0.340518 -5.7988 19250 0.0273653 0.942191 27.9841 250.54 -13 7542 1 0 1
-0.919518 2.47834 19250 0.0567451 -0.351805 27.9977 250.514 -13 7543 1 0 1
-8.27906 6.95901 19250 0.263804 -1.21428 27.9724 250.554 -13 7544 1 0 1
4.20928 -1.63841 19250 -0.0085617 0.241123 27.999 250.516 -13 7545 1 0 1
-7.56261 0.092682 19250 0.16589 0.000991842 27.9995 250.507 -13 7546 1 0 1
-12.5494 -5.22716 19250 0.376781 0.959872 27.981 250.553 -13 7547 1 0 1
53.6023 3.71614 19250 2.96811 5.55527 27.2824 251.317 -13 7548 1 0 1
-14.8431 -3.24421 19250 0.626152 0.675264 27.9849 250.558 -13 7549 1 0 1
-5.95942 -8.31082 19250 0.78818 2.52666 27.8746 250.709 -13 7550 1 0 1
-10.8201 2.53646 19250 0.299914 -0.496057 27.994 250.512 -13 7551 1 0 1
-3.6378 -6.09816 19250 1.10407 2.60499 27.8567 250.747 -13 7552 1 0 1
3.60578 -0.801256 19250 0.0252108 0.0859898 27.9999 250.506 -13 7553 1 0 1
61.1542 4.16601 19250 3.10917 6.08587 27.1532 251.435 -13 7554 1 0 1
85.9743 12.5096 19250 4.07409 6.09783 27.0226 251.537 -13 7555 1 0 1
6.01743 7.31004 19250 -0.0594823 -1.33193 27.9682 250.566 -13 7556 1 0 1
8.01743 4.58306 19250 -0.102895 -0.793585 27.9886 250.546 -13 7557 1 0 1
15.0613 3.17383 19250 -0.262611 -0.631512 27.9916 250.563 -13 7558 1 0 1
0.603132 8.46251 19250 0.0289785 -1.5333 27.958 250.58 -13 7559 1 0 1
-4.36634 -3.00202 19250 0.126965 0.477658 27.9956 250.511 -13 7560 1 0 1
2.73485 -4.34734 19250 -0.000172531 0.675245 27.9919 250.53 -13 7561 1 0 1
17.1135 3.2064 19250 -0.409832 -0.589755 27.9908 250.591 -13 7562 1 0 1
-0.578432 -1.14171 19250 0.0570363 0.215711 27.9991 250.509 -13 7563 1 0 1
2.5945 12.2434 19250 0.562047 -4.11747 27.6899 250.902 -13 7564 1 0 1
8.19296 7.47793 19250 -0.765935 -2.47192 27.8802 250.723 -13 7565 1 0 1
1.05509 8.87013 19250 0.0622918 -1.49672 27.9599 250.574 -13 7566 1 0 1
-16.2217 -1.46485 19250 0.572996 0.445078 27.9906 250.557 -13 7567 1 0 1
-6.93878 -7.37235 19250 0.233419 1.37165 27.9654 250.561 -13 7568 1 0 1
-11.1478 3.27909 19250 0.269949 -0.502176 27.9942 250.524 -13 7569 1 0 1
7.38878 7.01161 19250 -0.111481 -1.18866 27.9745 250.571 -13 7570 1 0 1
3.95182 -6.33377 19250 0.00723233 1.06189 27.9799 250.54 -13 7571 1 0 1
-7.55288 -4.62225 19250 0.195582 0.79564 27.988 250.525 -13 7572 1 0 1
-10.9196 0.143722 19250 0.229079 -0.0161444 27.9991 250.516 -13 7573 1 0 1
-12.5422 -4.33935 19250 0.37611 0.888534 27.9834 250.541 -13 7574 1 0 1
-13.7701 0.886736 19250 0.365454 -0.113487 27.9974 250.522 -13 7575 1 0 1
-13.8033 -3.93912 19250 0.4478 0.69734 27.9877 250.545 -13 7576 1 0 1
-15.0343 3.45729 19250 0.594711 -0.931801 27.9782 250.572 -13 7577 1 0 1
4.35881 -7.19995 19250 -0.0114881 1.25287 27.972 250.556 -13 7578 1 0 1
16.5719 2.74581 19250 -0.336379 -0.524818 27.9931 250.574 -13 7579 1 0 1
-11.1007 -6.74632 19250 0.415852 1.32741 27.9654 250.574 -13 7580 1 0 1
3.09622 9.51202 19250 -0.00513252 -1.82163 27.9407 250.598 -13 7581 1 0 1
18.3417 -1.54916 19250 -0.747549 0.380588 27.9874 250.636 -13 7582 1 0 1
32.5895 -2.37308 19250 2.14584 5.2247 27.4244 251.19 -13 7583 1 0 1
4.81457 2.96484 19250 0.00930565 -0.382263 27.9974 250.514 -13 7584 1 0 1
-0.547317 -0.701676 19250 0.0589521 0.0468117 27.9999 250.507 -13 7585 1 0 1
-12.3353 -3.11696 19250 1.07525 1.30932 27.9487 250.66 -13 7586 1 0 1
-5.18615 6.12442 19250 0.140653 -1.00735 27.9815 250.54 -13 7587 1 0 1
-2.24972 -10.943 19250 0.560958 3.22011 27.8086 250.764 -13 7588 1 0 1
2.23876 10.3885 19250 -0.0144164 -1.90967 27.9348 250.624 -13 7589 1 0 1
-3.35982 -9.76106 19250 0.698331 3.04894 27.8247 250.758 -13 7590 1 0 1
-0.977139 -9.28197 19250 0.866423 3.22783 27.7998 250.795 -13 7591 1 0 1
8.48035 -6.93389 19250 -0.0947159 1.29808 27.9697 250.564 -13 7592 1 0 1
7.08888 10.1674 19250 -0.214369 -2.10952 27.9196 250.651 -13 7593 1 0 1
6.50398 -6.06127 19250 -0.095248 1.06981 27.9794 250.558 -13 7594 1 0 1
2.13263 -4.87627 19250 0.0138331 0.777442 27.9892 250.53 -13 7595 1 0 1
-3.1882 -10.0043 19250 0.149219 2.10854 27.9201 250.622 -13 7596 1 0 1
-11.5721 4.33916 19250 0.336691 -0.739422 27.9882 250.531 -13 7597 1 0 1
-13.7133 -5.619 19250 0.578331 1.26343 27.9655 250.597 -13 7598 1 0 1
1.45289 -9.77964 19250 0.0197689 1.92888 27.9335 250.607 -13 7599 1 0 1
8.38539 -8.55953 19250 -0.182234 1.71022 27.9471 250.606 -13 7600 1 0 1
-3.55114 5.87024 19250 0.120385 -0.974109 27.9828 250.533 -13 7601 1 0 1
-1.65111 6.41003 19250 0.0642934 -1.01456 27.9815 250.545 -13 7602 1 0 1
7.02258 -3.90235 19250 -0.0773221 0.652839 27.9923 250.538 -13 7603 1 0 1
5.76725 6.82043 19250 -0.0288319 -1.0269 27.9811 250.55 -13 7604 1 0 1
-1.26904 -10.8146 19250 0.608907 3.38136 27.7884 250.784 -13 7605 1 0 1
-1.04839 -8.47938 19250 0.0966682 1.40071 27.9648 250.569 -13 7606 1 0 1
12.3728 6.21131 19250 -0.238616 -1.3447 27.9667 250.582 -13 7607 1 0 1
-2.25096 -7.32178 19250 0.104253 1.26045 27.9714 250.553 -13 7608 1 0 1
5.86155 10.4541 19250 -0.185228 -2.26844 27.9073 250.656 -13 7609 1 0 1
-5.3193 -3.24686 19250 0.124298 0.563959 27.994 250.518 -13 7610 1 0 1
-0.717716 -12.5854 19250 0.301457 3.44621 27.7855 250.79 -13 7611 1 0 1
-36.3698 2.61308 19250 -2.11866 -5.81585 27.3073 251.229 -13 7612 1 0 1
10.2518 2.10518 19250 -0.117527 -0.336488 27.9977 250.534 -13 7613 1 0 1
-0.107193 -5.39182 19250 1.28215 2.8393 27.8261 250.793 -13 7614 1 0 1
8.9064 9.2515 19250 -0.499556 -2.42717 27.8901 250.695 -13 7615 1 0 1
-12.2842 -5.82893 19250 0.415711 1.16617 27.9726 250.566 -13 7616 1 0 1
-4.92036 -0.782135 19250 0.105838 0.108881 27.9996 250.511 -13 7617 1 0 1
-5.14376 -8.04214 19250 0.143712 1.42065 27.9636 250.575 -13 7618 1 0 1
2.59256 1.30473 19250 0.0105039 -0.12728 27.9997 250.514 -13 7619 1 0 1
-1.17613 -5.45632 19250 0.0519327 0.784426 27.989 250.536 -13 7620 1 0 1
-7.85146 -1.16541 19250 0.178415 0.141333 27.9991 250.508 -13 7621 1 0 1
3.98155 5.18635 19250 -0.00879566 -0.919251 27.9849 250.534 -13 7622 1 0 1
-6.38626 -3.82254 19250 0.185143 0.652313 27.9918 250.513 -13 7623 1 0 1
-0.352218 -12.742 19250 -0.181106 4.23748 27.6769 250.892 -13 7624 1 0 1
-9.83857 2.62714 19250 0.240115 -0.491448 27.9947 250.515 -13 7625 1 0 1
-13.6367 -1.79035 19250 0.359042 0.349776 27.9955 250.527 -13 7626 1 0 1
-7.83526 -4.2951 19250 0.206305 0.718512 27.99 250.522 -13 7627 1 0 1
-5.5084 -9.44044 19250 0.708185 2.6823 27.8622 250.736 -13 7628 1 0 1
-7.16058 -0.781727 19250 0.19404 0.230249 27.9984 250.5 -13 7629 1 0 1
5.10293 10.3584 19250 -0.557088 -3.01115 27.832 250.754 -13 7630 1 0 1
-2.49933 -7.80215 19250 0.968674 2.96991 27.8252 250.778 -13 7631 1 0 1
11.7719 7.47894 19250 -0.352859 -1.70948 27.9455 250.624 -13 7632 1 0 1
-8.67237 -4.16528 19250 1.11491 1.8706 27.9152 250.691 -13 7633 1 0 1
-4.2524 -8.36907 19250 0.129453 1.40974 27.9642 250.578 -13 7634 1 0 1
5.01735 2.49681 19250 -0.0127201 -0.320587 27.9982 250.518 -13 7635 1 0 1
-6.05728 7.10787 19250 0.206009 -1.12339 27.9767 250.546 -13 7636 1 0 1
-2.06826 3.3712 19250 0.107512 -0.587807 27.9936 250.509 -13 7637 1 0 1
-4.75857 -7.359 19250 0.151502 1.19644 27.974 250.555 -13 7638 1 0 1
5.24242 -5.17228 19250 1.44424 3.27471 27.7703 250.864 -13 7639 1 0 1
-6.25025 9.53297 19250 -0.9541 -4.31168 27.6496 250.937 -13 7640 1 0 1
2.78614 -4.32608 19250 0.0216619 0.80581 27.9884 250.524 -13 7641 1 0 1
8.06793 9.25911 19250 -0.449251 -2.49853 27.8847 250.689 -13 7642 1 0 1
9.005 4.72908 19250 -0.116389 -0.801297 27.9883 250.548 -13 7643 1 0 1
-12.0908 -10.0304 19250 -0.874367 5.61521 27.4172 251.149 -13 7644 1 0 1
8.11206 4.48209 19250 -0.0910589 -0.845002 27.9871 250.542 -13 7645 1 0 1
-7.91831 -9.13822 19250 0.356408 1.89417 27.9336 250.618 -13 7646 1 0 1
12.5398 7.04475 19250 -0.299569 -1.39866 27.9634 250.604 -13 7647 1 0 1
-16.489 -1.82892 19250 0.62404 0.186907 27.9924 250.563 -13 7648 1 0 1
-8.76231 -8.01551 19250 0.325119 1.56588 27.9543 250.586 -13 7649 1 0 1
-10.004 -0.477935 19250 0.235293 0.0655928 27.9989 250.508 -13 7650 1 0 1
-16.9692 0.717892 19250 0.869637 -0.0720213 27.9864 250.6 -13 7651 1 0 1
-4.55065 -1.33447 19250 1.56675 1.76427 27.9004 250.749 -13 7652 1 0 1
1.05648 -6.64257 19250 1.20918 3.09494 27.8021 250.817 -13 7653 1 0 1
12.476 -3.44637 19250 -0.147414 0.517085 27.9948 250.542 -13 7654 1 0 1
11.0265 -8.19644 19250 -0.278504 1.56576 27.9548 250.616 -13 7655 1 0 1
1.88295 2.51801 19250 0.023911 -0.456174 27.9963 250.516 -13 7656 1 0 1
7.8621 -7.71351 19250 -0.113262 1.37996 27.9657 250.579 -13 7657 1 0 1
9.80493 5.09451 19250 -0.12335 -0.791444 27.9885 250.55 -13 7658 1 0 1
-3.73033 11.0652 19250 0.259683 -2.40044 27.8957 250.659 -13 7659 1 0 1
-7.68645 -8.54152 19250 0.297521 1.80515 27.9402 250.599 -13 7660 1 0 1
-6.28833 -0.657928 19250 0.140511 0.0485876 27.9996 250.508 -13 7661 1 0 1
1.05881 9.02508 19250 0.0531787 -1.67112 27.95 250.581 -13 7662 1 0 1
-1.5036 -6.79843 19250 1.10977 2.94077 27.823 250.794 -13 7663 1 0 1
-2.13836 -8.50695 19250 0.0925381 1.69631 27.9484 250.581 -13 7664 1 0 1
6.18843 7.93935 19250 -0.0667051 -1.35242 27.9672 250.575 -13 7665 1 0 1
8.01544 5.02664 19250 -0.0892723 -0.927721 27.9845 250.545 -13 7666 1 0 1
-2.12633 -6.90295 19250 0.0954002 1.07604 27.9792 250.545 -13 7667 1 0 1
-4.73654 -6.0842 19250 0.154478 1.03462 27.9805 250.534 -13 7668 1 0 1
-5.95136 6.84008 19250 0.204232 -1.21008 27.9731 250.545 -13 7669 1 0 1
-8.39872 -6.13736 19250 0.211673 1.06407 27.979 250.547 -13 7670 1 0 1
-13.9176 -1.05686 19250 0.400722 0.239101 27.9961 250.523 -13 7671 1 0 1
-9.16868 -0.445516 19250 0.203334 0.00879777 27.9993 250.509 -13 7672 1 0 1
12.8435 3.32512 19250 -0.17658 -0.384209 27.9968 250.549 -13 7673 1 0 1
-7.76165 -8.72534 19250 0.276377 1.7161 27.946 250.6 -13 7674 1 0 1
-8.48038 -8.8226 19250 0.508151 2.05509 27.9199 250.64 -13 7675 1 0 1
11.2606 2.05917 19250 -0.106112 -0.41111 27.9968 250.528 -13 7676 1 0 1
-6.04724 -5.05429 19250 0.125901 0.817328 27.9878 250.535 -13 7677 1 0 1
-11.6301 -6.15247 19250 0.822161 1.69392 27.9366 250.667 -13 7678 1 0 1
-1.02721 0.341554 19250 0.0925033 0.00404031 27.9998 250.499 -13 7679 1 0 1
-12.8565 -5.7992 19250 0.450239 1.05697 27.9764 250.568 -13 7680 1 0 1
0.478652 12.3336 19250 0.00819181 -2.83938 27.8557 250.716 -13 7681 1 0 1
-7.01631 9.08935 19250 0.238638 -1.79498 27.9414 250.61 -13 7682 1 0 1
-6.818 -5.98843 19250 0.202627 1.10857 27.9773 250.538 -13 7683 1 0 1
17.7287 -4.60445 19250 1.69086 4.40553 27.5995 251.011 -13 7684 1 0 1
2.54573 -2.18877 19250 1.63128 2.64887 27.8266 250.825 -13 7685 1 0 1
10.79 -4.5254 19250 -0.162441 0.780497 27.9886 250.554 -13 7686 1 0 1
-3.296 1.43854 19250 0.143207 -0.192184 27.999 250.495 -13 7687 1 0 1
-5.73362 7.30957 19250 0.16552 -1.30756 27.969 250.562 -13 7688 1 0 1
4.37067 6.19464 19250 1.28821 -3.43852 27.7582 250.85 -13 7689 1 0 1
7.18424 5.75754 19250 -0.0652294 -0.93016 27.9845 250.545 -13 7690 1 0 1
7.45087 10.185 19250 -0.450368 -2.67053 27.8687 250.71 -13 7691 1 0 1
-9.64167 -7.81748 19250 0.388953 1.64244 27.9491 250.594 -13 7692 1 0 1
2.02976 -6.64975 19250 1.20494 3.26726 27.7826 250.83 -13 7693 1 0 1
2.99681 1.31829 19250 2.03347 1.9328 27.8591 250.838 -13 7694 1 0 1
0.0304923 7.96079 19250 0.0820987 -1.36786 27.9664 250.558 -13 7695 1 0 1
8.62466 11.4679 19250 0.766548 -5.04652 27.5308 251.072 -13 7696 1 0 1
-0.991214 -1.02451 19250 0.09095 0.175887 27.9993 250.5 -13 7697 1 0 1
-8.54231 -4.32737 19250 0.199381 0.800109 27.9879 250.529 -13 7698 1 0 1
18.4882 -1.083 19250 -0.537287 0.308273 27.9931 250.603 -13 7699 1 0 1
-10.1273 4.71734 19250 0.281425 -0.797254 27.9872 250.529 -13 7700 1 0 1
-10.4411 -4.649 19250 0.287154 0.916915 27.9835 250.533 -13 7701 1 0 1
-12.679 0.269311 19250 0.337366 -0.142953 27.9976 250.515 -13 7702 1 0 1
2.21259 -6.12253 19250 0.0310388 1.0351 27.9808 250.537 -13 7703 1 0 1
-6.07197 0.550899 19250 0.13862 -0.0766384 27.9996 250.507 -13 7704 1 0 1
-8.19402 9.24791 19250 0.495929 -2.16621 27.9117 250.658 -13 7705 1 0 1
2.01558 -6.12649 19250 1.2911 3.07719 27.8004 250.824 -13 7706 1 0 1
4.70084 -2.59427 19250 -0.0354262 0.424287 27.9968 250.526 -13 7707 1 0 1
12.997 0.991481 19250 -0.161431 -0.155764 27.9991 250.537 -13 7708 1 0 1
-4.98023 -10.1109 19250 0.267418 2.25138 27.9081 250.636 -13 7709 1 0 1
6.87816 9.78213 19250 -0.169139 -2.11583 27.9194 250.633 -13 7710 1 0 1
7.55048 9.82866 19250 -0.20025 -2.07216 27.9225 250.638 -13 7711 1 0 1
17.8974 3.19723 19250 -0.55392 -0.705112 27.9856 250.614 -13 7712 1 0 1
4.97799 -11.1471 19250 -0.217086 2.59098 27.879 250.689 -13 7713 1 0 1
-15.2284 -3.79405 19250 0.499575 0.752334 27.9854 250.565 -13 7714 1 0 1
19.232 0.175624 19250 -0.738951 -0.0306209 27.9902 250.631 -13 7715 1 0 1
-2.21484 -10.6244 19250 0.124571 2.09345 27.9214 250.632 -13 7716 1 0 1
-0.129878 10.2713 19250 0.0731746 -2.02012 27.9269 250.617 -13 7717 1 0 1
12.6443 0.080333 19250 -0.15178 0.0728414 27.9995 250.535 -13 7718 1 0 1
-12.6911 -3.13852 19250 1.0515 1.23133 27.9531 250.649 -13 7719 1 0 1
4.64265 0.587245 19250 0.00230515 -0.0323951 28 250.51 -13 7720 1 0 1
8.12688 3.47753 19250 -0.0662248 -0.592092 27.9937 250.53 -13 7721 1 0 1
-3.09148 -11.0084 19250 0.180333 2.29407 27.9053 250.651 -13 7722 1 0 1
5.8585 -2.68614 19250 -0.043248 0.457138 27.9962 250.525 -13 7723 1 0 1
-12.5086 6.21285 19250 0.459285 -1.35519 27.9634 250.588 -13 7724 1 0 1
1.1627 -11.5041 19250 -0.0079308 2.34924 27.9013 250.665 -13 7725 1 0 1
-1.21771 7.15316 19250 0.0472866 -1.15679 27.9761 250.559 -13 7726 1 0 1
-12.0409 -2.95829 19250 0.294959 0.465875 27.9946 250.526 -13 7727 1 0 1
16.0752 -2.12961 19250 -0.957296 1.03274 27.9646 250.673 -13 7728 1 0 1
0.779887 12.7254 19250 0.0432977 -3.61034 27.7662 250.793 -13 7729 1 0 1
-7.6644 -10.0674 19250 0.460455 2.23867 27.9066 250.678 -13 7730 1 0 1
-15.0217 -0.557065 19250 0.418273 0.20612 27.9961 250.533 -13 7731 1 0 1
-4.65454 0.578794 19250 0.129353 -0.00837113 27.9997 250.503 -13 7732 1 0 1
-8.34426 -4.70527 19250 0.224185 0.742768 27.9892 250.525 -13 7733 1 0 1
14.6211 -5.61377 19250 -0.449545 1.2862 27.9668 250.617 -13 7734 1 0 1
-10.3993 -1.03555 19250 0.237591 0.152327 27.9986 250.512 -13 7735 1 0 1
-15.2752 0.826604 19250 0.406317 -0.211404 27.9963 250.538 -13 7736 1 0 1
1.33588 -9.742 19250 0.0126407 1.70989 27.9477 250.603 -13 7737 1 0 1
1.05448 -3.31479 19250 0.0396561 0.481704 27.9958 250.517 -13 7738 1 0 1
7.35365 -2.89306 19250 -0.0226684 0.530089 27.995 250.517 -13 7739 1 0 1
-5.33269 4.23042 19250 0.15536 -0.715192 27.9904 250.518 -13 7740 1 0 1
4.72656 6.16617 19250 -1.02878 -2.72651 27.8479 250.768 -13 7741 1 0 1
16.7519 4.56147 19250 -0.58453 -1.07769 27.9731 250.627 -13 7742 1 0 1
-8.34059 4.58106 19250 0.223445 -0.775342 27.9884 250.524 -13 7743 1 0 1
11.0322 3.23611 19250 -0.141991 -0.592158 27.9934 250.543 -13 7744 1 0 1
5.65 7.31636 19250 -0.0879039 -1.4106 27.9643 250.577 -13 7745 1 0 1
-1.37575 2.0064 19250 0.0812742 -0.350479 27.9977 250.507 -13 7746 1 0 1
-6.78208 -7.55028 19250 0.233168 1.41913 27.963 250.564 -13 7747 1 0 1
117.674 17.4378 19250 4.91224 6.95 26.6752 251.828 -13 7748 1 0 1
5.74262 6.50261 19250 -0.0436359 -1.10452 27.9782 250.55 -13 7749 1 0 1
12.1246 6.71893 19250 -0.278545 -1.40845 27.9632 250.598 -13 7750 1 0 1
10.4695 1.76926 19250 -0.117238 -0.34895 27.9976 250.532 -13 7751 1 0 1
-8.31602 8.49654 19250 0.285066 -1.62974 27.9511 250.598 -13 7752 1 0 1
4.69416 7.41916 19250 -0.00633685 -1.28032 27.9707 250.556 -13 7753 1 0 1
-3.93243 -9.41946 19250 0.131512 1.71401 27.9472 250.601 -13 7754 1 0 1
12.1 2.47631 19250 -0.158916 -0.328791 27.9976 250.542 -13 7755 1 0 1
11.9004 5.58672 19250 -0.141961 -1.01257 27.9813 250.552 -13 7756 1 0 1
43.4122 3.76657 19250 2.79815 4.8443 27.4354 251.186 -13 7757 1 0 1
-8.16434 -2.12245 19250 0.185486 0.442098 27.9959 250.513 -13 7758 1 0 1
10.7518 -7.03551 19250 -0.20244 1.35574 27.9664 250.586 -13 7759 1 0 1
-3.55533 -10.3328 19250 0.221294 2.12619 27.9183 250.624 -13 7760 1 0 1
-5.36339 -10.5893 19250 0.440615 2.6312 27.8726 250.696 -13 7761 1 0 1
-4.95452 10.0338 19250 -0.809279 -4.39472 27.6411 250.927 -13 7762 1 0 1
13.5691 1.74619 19250 -0.164379 -0.297528 27.9979 250.537 -13 7763 1 0 1
10.7011 1.69733 19250 -0.11427 -0.3662 27.9974 250.531 -13 7764 1 0 1
-7.22486 -2.26038 19250 1.40697 1.68803 27.9136 250.734 -13 7765 1 0 1
4.37864 8.47432 19250 -0.0501381 -1.50992 27.9592 250.585 -13 7766 1 0 1
-6.04415 -4.69752 19250 0.18874 0.755981 27.9892 250.518 -13 7767 1 0 1
-1.04956 6.80588 19250 0.097616 -1.13274 27.9769 250.539 -13 7768 1 0 1
-5.20619 -6.97236 19250 0.164884 1.15874 27.9755 250.548 -13 7769 1 0 1
6.81911 -2.12581 19250 -0.0640844 0.320674 27.9981 250.527 -13 7770 1 0 1
-2.9646 -11.1431 19250 0.572432 3.06122 27.8263 250.762 -13 7771 1 0 1
-0.847985 9.83958 19250 -0.762651 -3.79219 27.7315 250.85 -13 7772 1 0 1
7.758 5.44567 19250 -0.0784775 -1.07398 27.9793 250.546 -13 7773 1 0 1
-7.76701 -8.67436 19250 0.280078 1.65093 27.9499 250.596 -13 7774 1 0 1
0.95251 -10.1716 19250 0.0316791 1.88809 27.9363 250.613 -13 7775 1 0 1
-4.54956 10.8769 19250 0.389398 -2.72493 27.8644 250.699 -13 7776 1 0 1
10.2248 -7.4525 19250 -0.246831 1.47282 27.9601 250.603 -13 7777 1 0 1
-5.19228 -8.79489 19250 0.813784 2.57966 27.869 250.729 -13 7778 1 0 1
-7.04467 -4.04608 19250 0.196564 0.643125 27.9919 250.516 -13 7779 1 0 1
-11.7798 -6.47504 19250 0.491002 1.41705 27.9598 250.586 -13 7780 1 0 1
2.24516 -2.52225 19250 0.00493414 0.351107 27.9978 250.52 -13 7781 1 0 1
10.7027 5.60658 19250 -0.154599 -0.971577 27.9827 250.559 -13 7782 1 0 1
8.04612 5.89305 19250 -0.107361 -1.00371 27.9818 250.556 -13 7783 1 0 1
-29.0702 -0.70795 19250 -2.29465 -4.44261 27.5499 251.041 -13 7784 1 0 1
-4.21191 -9.62043 19250 0.150485 1.84386 27.9388 250.609 -13 7785 1 0 1
2.04706 -6.43765 19250 1.22683 3.20908 27.7884 250.821 -13 7786 1 0 1
-4.23813 -9.33369 19250 0.194778 1.85885 27.9376 250.597 -13 7787 1 0 1
-12.2332 -3.98726 19250 0.308558 0.65261 27.9907 250.537 -13 7788 1 0 1
-11.6004 -7.52759 19250 0.46433 1.56705 27.9523 250.614 -13 7789 1 0 1
-15.9488 1.59653 19250 0.498011 -0.209004 27.9948 250.547 -13 7790 1 0 1
-9.80008 -4.74812 19250 0.271583 0.771927 27.988 250.528 -13 7791 1 0 1
6.51769 -7.49661 19250 -0.0803712 1.32839 27.9684 250.572 -13 7792 1 0 1
-3.15747 -10.0319 19250 0.160662 2.07715 27.9224 250.619 -13 7793 1 0 1
-15.043 9.15384 19250 -0.965053 -5.98794 27.3352 251.217 -13 7794 1 0 1
5.84271 3.12692 19250 -0.0273057 -0.364327 27.9976 250.523 -13 7795 1 0 1
11.6886 7.46876 19250 -0.301488 -1.57256 27.9542 250.613 -13 7796 1 0 1
2.12708 2.62367 19250 0.0291433 -0.296492 27.9984 250.514 -13 7797 1 0 1
10.6506 8.37636 19250 -0.266036 -1.76155 27.9433 250.616 -13 7798 1 0 1
0.52718 8.10028 19250 0.0499063 -1.41276 27.9643 250.567 -13 7799 1 0 1
2.75077 -9.01342 19250 0.00716544 1.719 27.9472 250.586 -13 7800 1 0 1
1.71184 2.65898 19250 0.0473745 -0.300442 27.9983 250.51 -13 7801 1 0 1
0.226333 -0.0623719 19250 0.0484163 -0.117587 27.9997 250.509 -13 7802 1 0 1
-1.27189 12.4709 19250 -0.332961 -4.43934 27.6438 250.927 -13 7803 1 0 1
-12.2719 -6.0884 19250 0.689782 1.50792 27.9509 250.62 -13 7804 1 0 1
2.1471 4.1943 19250 0.00513005 -0.62801 27.993 250.53 -13 7805 1 0 1
1.93009 3.99562 19250 -1.29016 -2.74574 27.8352 250.793 -13 7806 1 0 1
18.0913 2.26801 19250 -0.403516 -0.276287 27.9957 250.583 -13 7807 1 0 1
14.586 1.08675 19250 -0.212844 -0.106334 27.999 250.547 -13 7808 1 0 1
-13.2985 -5.4295 19250 0.537397 0.962513 27.9783 250.568 -13 7809 1 0 1
16.5992 -2.13745 19250 -0.4021 0.419635 27.994 250.587 -13 7810 1 0 1
3.33483 6.63051 19250 0.018318 -1.04814 27.9804 250.541 -13 7811 1 0 1
-27.5126 5.21265 19250 -1.34088 -7.60307 26.9146 251.569 -13 7812 1 0 1
9.28506 5.89014 19250 -0.134466 -1.00167 27.9818 250.56 -13 7813 1 0 1
12.9677 3.95041 19250 -0.178757 -0.707678 27.9905 250.55 -13 7814 1 0 1
-3.05737 9.49314 19250 0.162528 -1.79741 27.9418 250.594 -13 7815 1 0 1
-3.66618 -2.81998 19250 0.119703 0.391984 27.997 250.509 -13 7816 1 0 1
-6.07803 11.4374 19250 -0.594538 -5.12877 27.5199 251.052 -13 7817 1 0 1
-14.8918 -0.49216 19250 0.46788 0.134905 27.9958 250.528 -13 7818 1 0 1
12.7293 7.28521 19250 -0.396838 -1.76106 27.9417 250.628 -13 7819 1 0 1
-0.299979 -6.13839 19250 0.0626305 0.960946 27.9834 250.537 -13 7820 1 0 1
-11.4605 -0.279927 19250 1.47046 0.644052 27.9539 250.698 -13 7821 1 0 1
7.59494 -3.50403 19250 -0.0506229 0.595195 27.9936 250.527 -13 7822 1 0 1
-16.3923 -1.56157 19250 0.65319 0.342515 27.9903 250.564 -13 7823 1 0 1
-4.93997 1.91868 19250 0.131583 -0.321752 27.9978 250.507 -13 7824 1 0 1
10.818 -2.97529 19250 -0.124154 0.498908 27.9953 250.537 -13 7825 1 0 1
-9.589 4.07568 19250 0.239737 -0.707984 27.99 250.526 -13 7826 1 0 1
3.84693 -7.11515 19250 -0.0120384 1.28415 27.9705 250.558 -13 7827 1 0 1
11.0064 6.30678 19250 -0.186921 -1.34425 27.9671 250.575 -13 7828 1 0 1
-4.49652 7.25154 19250 0.15154 -1.28774 27.97 250.555 -13 7829 1 0 1
-3.58507 -10.129 19250 0.67542 2.94627 27.8364 250.749 -13 7830 1 0 1
-15.0736 -3.65527 19250 0.858756 0.863911 27.9735 250.616 -13 7831 1 0 1
3.66494 -10.0834 19250 -0.0391939 2.0846 27.9223 250.621 -13 7832 1 0 1
14.3085 7.97736 19250 2.76067 2.0189 27.7903 250.978 -13 7833 1 0 1
-10.9413 -7.52006 19250 0.553423 1.70099 27.9428 250.622 -13 7834 1 0 1
1.97255 -4.85355 19250 0.0260862 0.768943 27.9894 250.527 -13 7835 1 0 1
1.49183 -12.2622 19250 0.108275 5.18201 27.5161 251.045 -13 7836 1 0 1
-8.96257 -5.26694 19250 0.24138 0.808915 27.9873 250.532 -13 7837 1 0 1
-10.7027 -1.58747 19250 0.24478 0.321325 27.9971 250.515 -13 7838 1 0 1
-11.5417 -2.49124 19250 0.274707 0.365188 27.9963 250.521 -13 7839 1 0 1
6.69392 3.2788 19250 -0.0411604 -0.417071 27.9969 250.526 -13 7840 1 0 1
9.73899 -10.3247 19250 0.891788 5.01764 27.5323 251.053 -13 7841 1 0 1
8.03989 9.30193 19250 -0.173662 -1.80142 27.9415 250.617 -13 7842 1 0 1
0.00836736 -0.965631 19250 0.0640635 0.0953061 27.9998 250.505 -13 7843 1 0 1
-3.78874 -5.6579 19250 0.111653 0.887699 27.9857 250.533 -13 7844 1 0 1
7.89783 6.66346 19250 -0.868516 -2.435 27.8804 250.731 -13 7845 1 0 1
-11.701 6.02519 19250 0.405664 -1.18582 27.9719 250.562 -13 7846 1 0 1
10.8648 8.05063 19250 -0.263362 -1.57303 27.9545 250.612 -13 7847 1 0 1
-12.9819 -5.14062 19250 0.379842 0.933942 27.9818 250.557 -13 7848 1 0 1
12.924 -10.1956 19250 0.870594 5.7368 27.3922 251.193 -13 7849 1 0 1
-13.5991 -0.374273 19250 0.33036 0.0545588 27.998 250.523 -13 7850 1 0 1
-13.934 -3.53022 19250 0.442927 0.804435 27.9849 250.546 -13 7851 1 0 1
-14.891 -4.22469 19250 0.615219 1.03135 27.9742 250.584 -13 7852 1 0 1
2.37759 1.43982 19250 0.0145218 -0.11877 27.9997 250.514 -13 7853 1 0 1
13.0813 6.75044 19250 -0.499389 -1.70312 27.9437 250.644 -13 7854 1 0 1
-2.69228 9.23895 19250 0.150708 -1.72421 27.9465 250.585 -13 7855 1 0 1
-3.67644 9.47837 19250 0.151001 -1.71716 27.9469 250.598 -13 7856 1 0 1
1.94224 5.68172 19250 0.029241 -0.966702 27.9833 250.533 -13 7857 1 0 1
53.4027 11.5848 19250 3.45514 4.40541 27.4345 251.225 -13 7858 1 0 1
-11.5994 -7.01048 19250 0.518625 1.64783 27.9467 250.613 -13 7859 1 0 1
-3.47478 -0.950597 19250 0.10421 0.115156 27.9996 250.505 -13 7860 1 0 1
4.23728 0.710537 19250 -0.00646133 -0.093241 27.9998 250.514 -13 7861 1 0 1
-11.3252 -6.17759 19250 0.754903 1.6902 27.9387 250.638 -13 7862 1 0 1
49.3844 1.01921 19250 2.68073 5.86335 27.2477 251.342 -13 7863 1 0 1
-2.46425 -11.8853 19250 0.275078 2.934 27.8445 250.719 -13 7864 1 0 1
9.31438 -9.10266 19250 -0.33975 2.19146 27.912 250.653 -13 7865 1 0 1
13.3344 -3.43367 19250 -0.215706 0.562052 27.9935 250.557 -13 7866 1 0 1
-2.53584 -3.81058 19250 0.0984495 0.630038 27.9927 250.516 -13 7867 1 0 1
-6.79333 -7.23348 19250 0.187882 1.21189 27.9731 250.559 -13 7868 1 0 1
12.6828 1.83675 19250 -0.179234 -0.31602 27.9976 250.544 -13 7869 1 0 1
-0.392155 1.62522 19250 0.068772 -0.192888 27.9993 250.506 -13 7870 1 0 1
-11.81 0.20541 19250 0.273848 -0.0285385 27.9986 250.514 -13 7871 1 0 1
-5.45872 2.92108 19250 0.137451 -0.349219 27.9975 250.513 -13 7872 1 0 1
-12.6066 -1.69006 19250 0.315579 0.242248 27.9972 250.52 -13 7873 1 0 1
11.9425 7.91698 19250 -0.409951 -1.81373 27.9382 250.641 -13 7874 1 0 1
0.39902 -2.88802 19250 0.0506991 0.364609 27.9976 250.514 -13 7875 1 0 1
-1.12607 -8.97538 19250 0.0739995 1.65277 27.9511 250.586 -13 7876 1 0 1
4.67367 4.36982 19250 -0.0239382 -0.683893 27.9916 250.532 -13 7877 1 0 1
7.41435 1.11935 19250 -0.056697 -0.156457 27.9995 250.522 -13 7878 1 0 1
0.286061 -4.66051 19250 0.0570982 0.70753 27.991 250.523 -13 7879 1 0 1
0.406996 12.8901 19250 -0.217168 -4.04058 27.7061 250.871 -13 7880 1 0 1
-13.2041 -4.24278 19250 0.389904 0.842362 27.9846 250.546 -13 7881 1 0 1
-7.96366 7.24194 19250 0.24773 -1.31747 27.9679 250.563 -13 7882 1 0 1
-8.00669 9.15479 19250 0.378255 -1.91273 27.932 250.621 -13 7883 1 0 1
6.29357 -3.56197 19250 -0.0454556 0.474233 27.9959 250.529 -13 7884 1 0 1
5.1572 -11.0978 19250 -0.322705 2.63791 27.8736 250.711 -13 7885 1 0 1
10.5999 1.89275 19250 -1.2552 -1.50023 27.9316 250.734 -13 7886 1 0 1
-3.80565 7.01888 19250 0.140435 -1.31256 27.9689 250.551 -13 7887 1 0 1
-11.5591 -6.73567 19250 0.364958 1.19978 27.9719 250.575 -13 7888 1 0 1
11.2383 8.47047 19250 -0.303632 -1.89015 27.9345 250.625 -13 7889 1 0 1
-19.3647 5.39014 19250 -1.01018 -8.14279 26.7708 251.706 -13 7890 1 0 1
8.63109 7.60394 19250 -0.136173 -1.28554 27.9701 250.581 -13 7891 1 0 1
8.75975 6.18832 19250 -0.0948812 -1.00258 27.9819 250.553 -13 7892 1 0 1
-5.15982 -10.1067 19250 0.263602 2.11036 27.9191 250.629 -13 7893 1 0 1
-8.54356 -1.15481 19250 1.47948 1.30778 27.9303 250.718 -13 7894 1 0 1
12.7972 -0.770784 19250 -0.154578 0.105998 27.9994 250.535 -13 7895 1 0 1
4.551 3.68435 19250 -0.0123393 -0.565177 27.9943 250.525 -13 7896 1 0 1
-8.41833 -8.42272 19250 0.652845 2.27455 27.8998 250.683 -13 7897 1 0 1
-0.426943 2.9141 19250 0.0494603 -0.447384 27.9964 250.517 -13 7898 1 0 1
-7.01952 1.97051 19250 0.156556 -0.306346 27.9979 250.511 -13 7899 1 0 1
2.24426 -0.577852 19250 -0.000655322 0.128422 27.9997 250.517 -13 7900 1 0 1
-9.19592 -4.1663 19250 0.221635 0.678451 27.9909 250.527 -13 7901 1 0 1
10.1101 0.763616 19250 -0.101137 -0.0485953 27.9998 250.527 -13 7902 1 0 1
6.66135 8.70592 19250 -0.703707 -2.71247 27.8594 250.742 -13 7903 1 0 1
7.08085 -0.0464514 19250 1.88718 2.76697 27.799 250.865 -13 7904 1 0 1
-1.70064 -8.96674 19250 0.0950912 1.55434 27.9567 250.583 -13 7905 1 0 1
1.30958 -2.31893 19250 0.0591824 0.412381 27.9969 250.506 -13 7906 1 0 1
6.13495 9.44653 19250 -0.647322 -2.82941 27.8492 250.747 -13 7907 1 0 1
2.25283 4.66053 19250 0.00658902 -0.592646 27.9937 250.534 -13 7908 1 0 1
2.24672 -3.32927 19250 -0.0110032 0.541347 27.9948 250.529 -13 7909 1 0 1
-5.92025 -1.36727 19250 0.135695 0.275916 27.9983 250.509 -13 7910 1 0 1
-17.7403 2.56015 19250 -1.84705 -4.12618 27.6326 250.968 -13 7911 1 0 1
11.4697 -7.48028 19250 -0.289326 1.56248 27.9549 250.61 -13 7912 1 0 1
7.5218 6.59014 19250 -0.104561 -1.12341 27.9773 250.563 -13 7913 1 0 1
-12.1069 -1.97914 19250 0.278952 0.177036 27.9981 250.522 -13 7914 1 0 1
-2.69749 7.59226 19250 0.108692 -1.31286 27.969 250.559 -13 7915 1 0 1
1.21316 5.23849 19250 0.0538552 -0.869795 27.9864 250.525 -13 7916 1 0 1
-2.43256 -0.572895 19250 1.6852 1.90413 27.8843 250.783 -13 7917 1 0 1
-82.3705 -14.7861 19250 -4.09944 -5.64809 27.1163 251.366 -13 7918 1 0 1
0.517662 10.7008 19250 0.0232064 -2.21459 27.9123 250.64 -13 7919 1 0 1
1.80324 -11.2971 19250 0.694241 3.87695 27.7216 250.878 -13 7920 1 0 1
-5.93391 0.385013 19250 0.125635 -0.0854508 27.9996 250.51 -13 7921 1 0 1
4.85923 -3.88191 19250 -0.00940519 0.656833 27.9923 250.525 -13 7922 1 0 1
-4.80304 -10.2303 19250 0.568482 2.7242 27.8614 250.711 -13 7923 1 0 1
-5.10299 -1.24541 19250 0.118637 0.127363 27.9995 250.509 -13 7924 1 0 1
-7.25908 5.27396 19250 -1.44328 -3.56807 27.7342 250.89 -13 7925 1 0 1
-4.39392 -7.52548 19250 0.175557 1.25566 27.9713 250.552 -13 7926 1 0 1
-16.8197 0.183291 19250 0.818418 -0.0872765 27.9879 250.586 -13 7927 1 0 1
2.4752 -8.61371 19250 1.04619 3.48217 27.7629 250.842 -13 7928 1 0 1
-3.82065 5.62123 19250 0.134434 -0.883217 27.9857 250.527 -13 7929 1 0 1
11.6829 5.84355 19250 -0.174232 -1.04483 27.98 250.563 -13 7930 1 0 1
-4.65432 -6.94629 19250 0.15842 1.25863 27.9712 250.549 -13 7931 1 0 1
7.01761 9.4837 19250 -0.170343 -1.95977 27.9308 250.626 -13 7932 1 0 1
-10.404 -0.388362 19250 0.217369 0.0630327 27.9991 250.514 -13 7933 1 0 1
7.21418 0.554729 19250 -0.0693629 -0.143523 27.9995 250.525 -13 7934 1 0 1
-12.7003 -6.03936 19250 0.511239 1.25577 27.9672 250.582 -13 7935 1 0 1
6.8715 -2.38374 19250 -0.0513018 0.402927 27.9971 250.524 -13 7936 1 0 1
-0.878144 -7.13147 19250 0.0746875 1.33518 27.968 250.554 -13 7937 1 0 1
-2.45311 5.54276 19250 -1.2703 -3.34872 27.77 250.837 -13 7938 1 0 1
12.4928 7.40852 19250 -0.483695 -1.82391 27.9363 250.648 -13 7939 1 0 1
6.12949 -4.9524 19250 -0.06024 0.864707 27.9866 250.541 -13 7940 1 0 1
53.0132 8.09094 19250 3.2453 4.80519 27.393 251.237 -13 7941 1 0 1
-0.0449193 10.1886 19250 0.0606944 -2.02819 27.9264 250.618 -13 7942 1 0 1
3.55328 4.61488 19250 0.00878757 -0.770206 27.9894 250.526 -13 7943 1 0 1
17.4009 -2.84308 19250 -0.364536 0.585874 27.9915 250.578 -13 7944 1 0 1
1.07002 12.6437 19250 0.219883 -4.04894 27.7048 250.851 -13 7945 1 0 1
-1.8112 -9.30949 19250 0.0817083 1.71606 27.9472 250.595 -13 7946 1 0 1
-2.11758 -9.87799 19250 0.0960901 1.8359 27.9396 250.609 -13 7947 1 0 1
-3.53777 -10.8879 19250 0.544639 2.96596 27.8371 250.74 -13 7948 1 0 1
17.1959 0.470778 19250 -0.266812 -0.0788342 27.9986 250.553 -13 7949 1 0 1
1.06898 -12.2294 19250 0.436029 4.08554 27.6969 250.883 -13 7950 1 0 1
8.43253 8.60723 19250 -0.197687 -1.87288 27.9366 250.613 -13 7951 1 0 1
15.0432 -1.0526 19250 -0.224864 0.237571 27.9981 250.548 -13 7952 1 0 1
-15.2754 -1.47628 19250 0.461518 0.288853 27.9947 250.538 -13 7953 1 0 1
-13.0988 -5.26059 19250 0.451729 1.03802 27.9771 250.562 -13 7954 1 0 1
21.1021 -8.04741 19250 1.02595 7.04337 27.0802 251.495 -13 7955 1 0 1
-1.90503 -8.18238 19250 0.0702159 1.36525 27.9666 250.574 -13 7956 1 0 1
-13.3248 2.94433 19250 0.402826 -0.500008 27.9926 250.528 -13 7957 1 0 1
-13.1978 -0.482332 19250 0.362597 0.105492 27.9975 250.516 -13 7958 1 0 1
2.12396 1.26139 19250 0.0478726 -0.128207 27.9997 250.504 -13 7959 1 0 1
-9.56845 -7.96679 19250 0.389753 1.56789 27.9534 250.593 -13 7960 1 0 1
-16.6018 -2.06205 19250 0.657642 0.551012 27.9869 250.576 -13 7961 1 0 1
6.69202 -2.71553 19250 1.65825 3.11327 27.7769 250.866 -13 7962 1 0 1
4.61018 11.5428 19250 -0.213241 -2.7356 27.8652 250.704 -13 7963 1 0 1
-1.73946 -0.655561 19250 0.0734588 0.0593399 27.9998 250.507 -13 7964 1 0 1
-10.3205 4.76758 19250 -1.54546 -3.78826 27.6995 250.917 -13 7965 1 0 1
8.71226 -2.24358 19250 -0.0650425 0.366645 27.9975 250.523 -13 7966 1 0 1
-2.3332 -3.3087 19250 0.0749506 0.571421 27.9941 250.519 -13 7967 1 0 1
-4.34509 -7.42501 19250 0.95222 2.6955 27.8537 250.746 -13 7968 1 0 1
-8.24787 2.58397 19250 0.200667 -0.384686 27.9966 250.511 -13 7969 1 0 1
-7.05105 -4.70067 19250 0.17477 0.865053 27.9861 250.527 -13 7970 1 0 1
43.6888 3.38103 19250 2.77801 4.91719 27.4245 251.192 -13 7971 1 0 1
57.5248 2.66895 19250 2.96617 6.04018 27.1794 251.426 -13 7972 1 0 1
-6.49069 -1.03906 19250 0.148715 0.188522 27.999 250.508 -13 7973 1 0 1
6.8912 10.2041 19250 -0.427461 -2.69261 27.867 250.71 -13 7974 1 0 1
-6.56225 -0.0401261 19250 0.176619 0.0066313 27.9994 250.499 -13 7975 1 0 1
-2.16543 1.20165 19250 1.83806 1.68766 27.8886 250.794 -13 7976 1 0 1
-8.6863 5.17769 19250 0.257603 -0.940487 27.983 250.528 -13 7977 1 0 1
16.135 0.50348 19250 -0.25797 -0.0510789 27.9988 250.553 -13 7978 1 0 1
-6.06385 7.62763 19250 0.209292 -1.46124 27.9611 250.565 -13 7979 1 0 1
-15.8261 -2.97115 19250 0.71414 0.684566 27.9825 250.583 -13 7980 1 0 1
-9.11988 -8.00976 19250 0.361344 1.70233 27.9459 250.595 -13 7981 1 0 1
-3.08985 3.07184 19250 0.107484 -0.403178 27.9969 250.511 -13 7982 1 0 1
-3.38785 -10.815 19250 0.198392 2.33779 27.9015 250.649 -13 7983 1 0 1
15.5019 -2.67561 19250 -0.257597 0.456069 27.9951 250.559 -13 7984 1 0 1
3.7349 9.98903 19250 -0.613054 -3.26112 27.8027 250.774 -13 7985 1 0 1
-9.36738 9.44783 19250 -0.970693 -4.82713 27.5637 251.003 -13 7986 1 0 1
17.2372 1.76518 19250 -0.336627 -0.293432 27.9964 250.569 -13 7987 1 0 1
5.95459 10.2327 19250 -0.120786 -1.99241 27.9288 250.631 -13 7988 1 0 1
-5.78079 -1.17764 19250 -1.91327 -2.596 27.8137 250.861 -13 7989 1 0 1
5.18881 3.4842 19250 -0.0123876 -0.553452 27.9945 250.522 -13 7990 1 0 1
11.7084 3.85238 19250 -0.162031 -0.688131 27.9911 250.549 -13 7991 1 0 1
-9.40439 2.95866 19250 0.228644 -0.477084 27.995 250.516 -13 7992 1 0 1
17.5612 -3.05152 19250 -0.382607 0.34954 27.9952 250.582 -13 7993 1 0 1
-2.2894 2.96318 19250 0.105563 -0.357884 27.9975 250.508 -13 7994 1 0 1
-15.6231 -2.27257 19250 0.531627 0.51527 27.9902 250.551 -13 7995 1 0 1
-16.681 -0.568282 19250 0.814799 0.0903015 27.988 250.583 -13 7996 1 0 1
-0.36752 -3.93094 19250 0.0795277 0.438267 27.9965 250.515 -13 7997 1 0 1
3.33622 6.49919 19250 -0.0238867 -1.13173 27.9771 250.554 -13 7998 1 0 1
-13.8186 0.158644 19250 0.354504 -0.0845086 27.9976 250.523 -13 7999 1 0 1
2.06512 -5.16517 19250 0.0180462 0.776947 27.9892 250.532 -13 8000 1 0 1
3.68805 -2.29825 19250 1.63815 2.7717 27.8143 250.83 -13 8001 1 0 1
2.60548 -1.3874 19250 0.0163968 0.215934 27.9992 250.512 -13 8002 1 0 1
-13.0042 -5.89698 19250 0.603842 1.42011 27.9574 250.606 -13 8003 1 0 1
9.2057 0.0448124 19250 -0.090964 -0.0670577 27.9998 250.526 -13 8004 1 0 1
-1.15363 -9.63998 19250 0.796353 3.32266 27.7907 250.8 -13 8005 1 0 1
-16.268 -2.5993 19250 0.627001 0.426245 27.9897 250.569 -13 8006 1 0 1
-0.813344 -1.03748 19250 0.0641333 0.193808 27.9993 250.507 -13 8007 1 0 1
-7.5308 -6.11467 19250 0.2004 1.05306 27.9795 250.542 -13 8008 1 0 1
-8.08409 5.41314 19250 0.212994 -0.766677 27.9887 250.533 -13 8009 1 0 1
-5.01411 -8.94796 19250 0.196426 1.6724 27.9493 250.588 -13 8010 1 0 1
-11.004 -3.02909 19250 0.261663 0.541806 27.9935 250.523 -13 8011 1 0 1
-3.02756 2.77876 19250 0.108873 -0.420431 27.9966 250.508 -13 8012 1 0 1
-8.93496 -6.28591 19250 0.235683 1.0486 27.9794 250.549 -13 8013 1 0 1
-2.7921 -10.7437 19250 0.621234 3.2051 27.809 250.786 -13 8014 1 0 1
-5.37359 -9.18413 19250 0.704743 2.6652 27.864 250.718 -13 8015 1 0 1
6.11604 2.25216 19250 -0.0386038 -0.330924 27.998 250.522 -13 8016 1 0 1
-8.5558 4.80384 19250 0.199077 -0.72358 27.9899 250.533 -13 8017 1 0 1
8.9655 6.07673 19250 -0.0980888 -1.07258 27.9793 250.552 -13 8018 1 0 1
3.08442 -8.80894 19250 -0.0144299 1.63634 27.9521 250.586 -13 8019 1 0 1
-13.9182 4.26563 19250 0.43282 -0.692087 27.9881 250.551 -13 8020 1 0 1
0.650449 -6.63331 19250 0.0325092 1.23312 27.9728 250.551 -13 8021 1 0 1
-14.4066 2.1125 19250 1.07366 -0.720937 27.9701 250.634 -13 8022 1 0 1
-50.7842 -0.10132 19250 -2.30795 -7.71021 26.8184 251.599 -13 8023 1 0 1
-1.71291 6.73851 19250 0.0749891 -1.17713 27.9751 250.549 -13 8024 1 0 1
23.385 -6.45569 19250 1.58386 5.45183 27.4184 251.181 -13 8025 1 0 1
-14.079 2.66882 19250 0.373247 -0.56028 27.9919 250.539 -13 8026 1 0 1
6.04535 -3.07204 19250 -0.0362302 0.501077 27.9955 250.524 -13 8027 1 0 1
-9.61838 6.44452 19250 0.316842 -1.28495 27.9687 250.557 -13 8028 1 0 1
8.497 -10.1022 19250 -0.222608 2.13159 27.9179 250.646 -13 8029 1 0 1
-10.3363 -4.0384 19250 0.26998 0.668705 27.9907 250.526 -13 8030 1 0 1
-8.71148 -5.54319 19250 0.233229 1.01346 27.9807 250.538 -13 8031 1 0 1
18.8404 1.73039 19250 -0.528478 -0.321738 27.9932 250.601 -13 8032 1 0 1
15.7065 4.24149 19250 -0.770153 -1.2424 27.9618 250.659 -13 8033 1 0 1
6.74655 10.8626 19250 -0.282665 -2.61331 27.8763 250.689 -13 8034 1 0 1
-14.0285 1.47035 19250 1.08399 -0.882024 27.9651 250.637 -13 8035 1 0 1
-13.3308 -5.96653 19250 0.533343 1.32229 27.9637 250.597 -13 8036 1 0 1
0.212179 11.9709 19250 0.0902225 -2.70858 27.8685 250.686 -13 8037 1 0 1
-15.7528 -2.66215 19250 0.802733 0.710129 27.9795 250.595 -13 8038 1 0 1
-7.3823 2.0492 19250 0.17036 -0.360083 27.9972 250.51 -13 8039 1 0 1
-1.89272 1.52003 19250 0.0610901 -0.260135 27.9987 250.513 -13 8040 1 0 1
14.0986 2.31212 19250 -0.175507 -0.364789 27.9971 250.54 -13 8041 1 0 1
-8.2712 -8.6311 19250 0.67149 2.2677 27.8999 250.692 -13 8042 1 0 1
7.7164 -2.64801 19250 -0.0914099 0.394003 27.9971 250.535 -13 8043 1 0 1
-3.87847 -6.19125 19250 0.124758 1.02176 27.9811 250.537 -13 8044 1 0 1
10.0343 9.28461 19250 -0.323508 -2.05703 27.9225 250.648 -13 8045 1 0 1
6.15588 -0.567511 19250 -0.0755768 0.0310402 27.9999 250.53 -13 8046 1 0 1
2.88991 10.2018 19250 -0.62107 -3.37343 27.7891 250.79 -13 8047 1 0 1
-11.9621 4.33611 19250 0.284244 -0.734267 27.9889 250.542 -13 8048 1 0 1
-8.05148 -7.03348 19250 0.234083 1.2287 27.972 250.559 -13 8049 1 0 1
-16.5769 -1.45876 19250 0.650573 0.450734 27.9888 250.568 -13 8050 1 0 1
-9.3598 7.20702 19250 0.269494 -1.30597 27.9682 250.572 -13 8051 1 0 1
-3.45378 -10.1747 19250 0.702161 3.03396 27.8263 250.776 -13 8052 1 0 1
-9.63137 -1.2341 19250 0.257339 0.159567 27.9984 250.503 -13 8053 1 0 1
-4.83078 -3.134 19250 0.178198 0.505122 27.9949 250.502 -13 8054 1 0 1
-12.7286 0.580261 19250 0.313487 -0.0527047 27.9982 250.517 -13 8055 1 0 1
30.7892 6.4905 19250 2.77263 3.62377 27.6257 251.055 -13 8056 1 0 1
-15.8639 -1.9292 19250 0.643565 0.556478 27.9871 250.561 -13 8057 1 0 1
-36.6232 2.70879 19250 -1.73188 -7.86661 26.8164 251.622 -13 8058 1 0 1
15.8359 4.93569 19250 -0.46223 -1.10897 27.9742 250.61 -13 8059 1 0 1
2.58028 1.17092 19250 0.0335565 -0.07908 27.9999 250.507 -13 8060 1 0 1
-2.10762 6.08993 19250 0.0845744 -1.0652 27.9796 250.539 -13 8061 1 0 1
-3.87851 -4.99 19250 1.24797 2.40807 27.8683 250.768 -13 8062 1 0 1
12.0052 4.93684 19250 -0.201779 -0.93146 27.9838 250.563 -13 8063 1 0 1
4.6514 3.12621 19250 0.00210658 -0.595023 27.9937 250.518 -13 8064 1 0 1
-7.71666 -5.05073 19250 0.210103 0.793535 27.988 250.527 -13 8065 1 0 1
6.80334 1.78004 19250 -0.0282844 -0.290422 27.9985 250.516 -13 8066 1 0 1
5.75596 6.0107 19250 -0.0525282 -0.951452 27.9838 250.548 -13 8067 1 0 1
0.200533 -12.8314 19250 0.147487 3.46239 27.7847 250.783 -13 8068 1 0 1
11.8475 1.53428 19250 -0.155486 -0.126195 27.9993 250.54 -13 8069 1 0 1
5.63572 -10.4631 19250 -0.155036 2.31742 27.9035 250.651 -13 8070 1 0 1
-0.162405 -8.33825 19250 0.056313 1.57587 27.9556 250.575 -13 8071 1 0 1
-1.29884 10.8833 19250 0.111836 -2.2252 27.9112 250.639 -13 8072 1 0 1
-4.76397 -3.78821 19250 0.123663 0.511429 27.9951 250.519 -13 8073 1 0 1
-18.626 7.39924 19250 -1.35913 -5.36951 27.4467 251.114 -13 8074 1 0 1
-15.9001 -2.18358 19250 0.516883 0.299251 27.9936 250.551 -13 8075 1 0 1
-2.21572 -9.79473 19250 0.75203 3.1551 27.8115 250.775 -13 8076 1 0 1
2.7905 -2.70599 19250 0.00440309 0.365907 27.9976 250.519 -13 8077 1 0 1
-3.8373 0.78729 19250 0.115651 -0.0346325 27.9997 250.503 -13 8078 1 0 1
6.40095 9.9948 19250 -0.154393 -2.03143 27.9258 250.634 -13 8079 1 0 1
-1.35384 -3.99836 19250 0.067849 0.561599 27.9943 250.521 -13 8080 1 0 1
3.42954 2.95775 19250 0.00881702 -0.403597 27.9971 250.518 -13 8081 1 0 1
4.86142 -7.73922 19250 -0.0470358 1.49905 27.9598 250.573 -13 8082 1 0 1
-15.3251 -3.87522 19250 0.62617 0.845184 27.9802 250.579 -13 8083 1 0 1
0.482391 -12.8594 19250 0.310638 3.88912 27.7269 250.856 -13 8084 1 0 1
0.134965 -3.85145 19250 0.0428512 0.652054 27.9924 250.523 -13 8085 1 0 1
-13.8823 -5.19334 19250 0.484493 1.04742 27.9762 250.572 -13 8086 1 0 1
2.55353 5.57926 19250 0.00362511 -0.844899 27.9872 250.538 -13 8087 1 0 1
-11.5932 -0.294563 19250 1.50943 0.466348 27.9554 250.71 -13 8088 1 0 1
-8.43464 -9.02925 19250 0.418749 1.99093 27.926 250.631 -13 8089 1 0 1
-6.39708 7.3552 19250 0.198514 -1.25793 27.971 250.558 -13 8090 1 0 1
-1.90764 0.569204 19250 0.0819232 -0.0445148 27.9998 250.505 -13 8091 1 0 1
-6.78019 1.25054 19250 0.166308 -0.171069 27.999 250.505 -13 8092 1 0 1
11.7305 0.0320447 19250 -0.137586 0.0825476 27.9995 250.534 -13 8093 1 0 1
2.30369 7.48229 19250 0.0324962 -1.24822 27.9721 250.554 -13 8094 1 0 1
16.5764 0.457992 19250 -0.224137 -0.00575576 27.9991 250.544 -13 8095 1 0 1
7.79831 -10.1353 19250 -0.353574 2.37782 27.8966 250.682 -13 8096 1 0 1
0.635996 1.39199 19250 0.0521887 -0.229647 27.999 250.507 -13 8097 1 0 1
16.5042 0.984479 19250 -0.320212 -0.145542 27.9978 250.568 -13 8098 1 0 1
10.4196 8.58536 19250 -0.32297 -1.92203 27.9321 250.635 -13 8099 1 0 1
-1.28047 11.972 19250 0.108185 -2.63598 27.8754 250.693 -13 8100 1 0 1
5.85868 3.25489 19250 -0.0259051 -0.544552 27.9947 250.523 -13 8101 1 0 1
-7.71673 -0.203276 19250 0.208794 -0.0422753 27.9992 250.499 -13 8102 1 0 1
-8.064 -9.32074 19250 0.347674 2.04432 27.9231 250.636 -13 8103 1 0 1
-17.4568 0.269128 19250 0.719053 -0.150718 27.9904 250.584 -13 8104 1 0 1
4.94695 11.1226 19250 -0.412267 -3.07896 27.8271 250.745 -13 8105 1 0 1
17.3253 -2.88319 19250 -0.378081 0.47108 27.9935 250.581 -13 8106 1 0 1
-2.1201 -3.088 19250 0.08138 0.469156 27.996 250.514 -13 8107 1 0 1
-4.35236 6.77827 19250 0.154955 -1.17893 27.9747 250.543 -13 8108 1 0 1
-11.5907 -7.09544 19250 0.560127 1.66232 27.945 250.621 -13 8109 1 0 1
7.41309 9.70352 19250 -0.466335 -2.63367 27.872 250.705 -13 8110 1 0 1
17.303 -2.1198 19250 -0.377887 0.506324 27.9929 250.579 -13 8111 1 0 1
2.39342 8.59126 19250 0.0319613 -1.65241 27.9512 250.573 -13 8112 1 0 1
1.40398 12.5417 19250 0.107798 -5.10342 27.5308 251.04 -13 8113 1 0 1
-7.01731 4.1624 19250 0.185294 -0.727842 27.9899 250.52 -13 8114 1 0 1
-6.59961 8.13598 19250 -1.09794 -4.19446 27.6623 250.916 -13 8115 1 0 1
-29.2902 0.147159 19250 -2.22733 -4.63015 27.5245 251.054 -13 8116 1 0 1
4.6601 10.6621 19250 -0.512628 -3.10378 27.8227 250.758 -13 8117 1 0 1
6.57261 10.5032 19250 -0.334012 -2.6665 27.8707 250.697 -13 8118 1 0 1
-13.4759 -5.00309 19250 0.579423 1.11004 27.972 250.573 -13 8119 1 0 1
9.9031 8.95209 19250 -0.564666 -2.23795 27.9047 250.699 -13 8120 1 0 1
-14.196 1.72566 19250 0.381703 -0.287203 27.9959 250.53 -13 8121 1 0 1
2.21104 12.682 19250 -0.18659 -3.54073 27.7746 250.796 -13 8122 1 0 1
-1.94961 5.75918 19250 0.0894527 -0.844145 27.9871 250.532 -13 8123 1 0 1
-2.42511 -3.2671 19250 0.100997 0.498938 27.9954 250.511 -13 8124 1 0 1
1.6329 5.38219 19250 0.0244086 -0.846059 27.9872 250.533 -13 8125 1 0 1
-26.565 6.05844 19250 -1.4529 -6.59269 27.174 251.338 -13 8126 1 0 1
-1.34846 -0.99185 19250 0.0736467 0.138211 27.9996 250.506 -13 8127 1 0 1
12.9769 4.93285 19250 -0.191417 -0.836333 27.9869 250.558 -13 8128 1 0 1
7.08291 3.72358 19250 -0.0524151 -0.645341 27.9925 250.53 -13 8129 1 0 1
4.74678 9.73872 19250 -0.0652891 -2.04263 27.9253 250.614 -13 8130 1 0 1
-4.29176 10.0237 19250 0.211619 -1.95829 27.9306 250.615 -13 8131 1 0 1
8.64102 -8.2046 19250 -0.166893 1.5649 27.9557 250.597 -13 8132 1 0 1
6.59733 -8.36259 19250 -0.0845602 1.43892 27.9629 250.584 -13 8133 1 0 1
-13.9267 -3.84868 19250 0.491001 0.849157 27.9828 250.549 -13 8134 1 0 1
11.948 7.76502 19250 -0.326087 -1.64208 27.9499 250.62 -13 8135 1 0 1
10.1433 4.46692 19250 -0.123064 -0.723934 27.9904 250.546 -13 8136 1 0 1
-12.3821 -0.224045 19250 0.281145 -0.0436161 27.9986 250.519 -13 8137 1 0 1
10.9796 -4.28236 19250 -0.146102 0.813121 27.9878 250.548 -13 8138 1 0 1
3.91683 2.40154 19250 0.00232427 -0.376444 27.9975 250.516 -13 8139 1 0 1
7.07724 10.0585 19250 -0.227561 -2.18449 27.9137 250.652 -13 8140 1 0 1
-6.94399 -7.63246 19250 0.237897 1.28318 27.9696 250.561 -13 8141 1 0 1
1.19945 7.84573 19250 0.0398432 -1.35982 27.9669 250.563 -13 8142 1 0 1
17.2891 1.69352 19250 -0.345132 -0.329994 27.9959 250.571 -13 8143 1 0 1
1.23983 -4.44711 19250 0.0285899 0.666601 27.992 250.527 -13 8144 1 0 1
20.1489 -5.27526 19250 1.70007 4.66461 27.5563 251.058 -13 8145 1 0 1
-11.7488 -2.50097 19250 0.289478 0.499885 27.994 250.521 -13 8146 1 0 1
-14.8987 -4.12088 19250 0.5193 0.867269 27.9817 250.567 -13 8147 1 0 1
-10.5929 -5.45966 19250 0.304091 0.985036 27.981 250.542 -13 8148 1 0 1
0.31964 -12.6776 19250 0.125716 3.50969 27.7789 250.783 -13 8149 1 0 1
5.89045 8.86316 19250 -0.084062 -1.6498 27.9512 250.594 -13 8150 1 0 1
7.93835 10.1268 19250 -0.34888 -2.44405 27.8909 250.681 -13 8151 1 0 1
-6.67707 10.2559 19250 0.432926 -2.32404 27.9 250.672 -13 8152 1 0 1
12.1549 -2.65536 19250 -0.147993 0.413387 27.9966 250.539 -13 8153 1 0 1
0.0742208 -2.6218 19250 0.0825875 0.462638 27.9961 250.504 -13 8154 1 0 1
7.56431 9.66159 19250 -0.361288 -2.49202 27.8865 250.679 -13 8155 1 0 1
-2.55199 5.47858 19250 0.104396 -0.888859 27.9857 250.528 -13 8156 1 0 1
-4.57271 -1.23004 19250 0.123964 0.0994688 27.9995 250.505 -13 8157 1 0 1
0.592358 -3.5679 19250 0.0430604 0.601273 27.9935 250.519 -13 8158 1 0 1
-11.2033 -6.96224 19250 0.591982 1.63853 27.9457 250.614 -13 8159 1 0 1
-8.13374 0.718843 19250 0.200294 0.0471196 27.9992 250.504 -13 8160 1 0 1
0.722807 3.46105 19250 0.0735982 -0.501601 27.9954 250.509 -13 8161 1 0 1
-1.24375 -11.865 19250 0.0976919 2.81881 27.8576 250.703 -13 8162 1 0 1
0.817325 8.02799 19250 0.0593134 -1.4272 27.9635 250.563 -13 8163 1 0 1
-6.50979 0.582667 19250 0.166496 -0.0769617 27.9994 250.502 -13 8164 1 0 1
0.606346 9.97003 19250 -0.732725 -3.6462 27.7519 250.83 -13 8165 1 0 1
-16.3809 -2.06961 19250 0.75241 0.463177 27.9861 250.582 -13 8166 1 0 1
9.80126 -5.4983 19250 -0.12705 1.03573 27.9805 250.553 -13 8167 1 0 1
-1.66113 -10.0323 19250 0.0819343 2.00677 27.9279 250.619 -13 8168 1 0 1
-7.76079 -6.04771 19250 0.209678 1.07289 27.9787 250.542 -13 8169 1 0 1
7.81551 -9.7005 19250 -0.292783 2.06567 27.9222 250.656 -13 8170 1 0 1
3.94775 6.43546 19250 0.00256403 -1.0556 27.9801 250.542 -13 8171 1 0 1
-3.54509 1.28654 19250 0.100922 -0.174663 27.9993 250.507 -13 8172 1 0 1
-12.4384 -6.62996 19250 0.561596 1.47633 27.9554 250.61 -13 8173 1 0 1
2.24692 -4.66588 19250 0.030507 0.688951 27.9915 250.525 -13 8174 1 0 1
-13.7808 1.93812 19250 0.411241 -0.481304 27.9928 250.527 -13 8175 1 0 1
-3.32167 9.42641 19250 0.142628 -1.63395 27.9519 250.593 -13 8176 1 0 1
8.39859 -0.681034 19250 -0.0803713 -0.0150308 27.9999 250.525 -13 8177 1 0 1
13.7078 0.870936 19250 2.09779 3.09887 27.7488 250.916 -13 8178 1 0 1
6.62538 6.07109 19250 -0.0418125 -0.92356 27.9847 250.543 -13 8179 1 0 1
-15.6666 2.13401 19250 0.509769 -0.528697 27.9904 250.551 -13 8180 1 0 1
11.0584 3.63667 19250 -0.0986367 -0.527226 27.9949 250.533 -13 8181 1 0 1
10.72 -3.31597 19250 1.7029 3.51879 27.7258 250.923 -13 8182 1 0 1
-0.452437 -3.41028 19250 0.0574382 0.421265 27.9968 250.517 -13 8183 1 0 1
3.94459 6.92234 19250 -0.0263534 -1.13895 27.9768 250.556 -13 8184 1 0 1
-5.94723 -3.70483 19250 0.141678 0.493078 27.9953 250.52 -13 8185 1 0 1
3.057 -2.7182 19250 0.0293868 0.455635 27.9963 250.512 -13 8186 1 0 1
-13.1346 4.49292 19250 0.386135 -0.851554 27.9844 250.548 -13 8187 1 0 1
-1.43388 -4.00053 19250 0.0671188 0.725371 27.9905 250.522 -13 8188 1 0 1
0.0585197 -13.0029 19250 0.13981 3.90432 27.7261 250.852 -13 8189 1 0 1
-16.8958 0.257225 19250 0.531539 -0.0513362 27.9949 250.556 -13 8190 1 0 1
8.07014 7.94049 19250 -0.0947444 -1.41363 27.9641 250.576 -13 8191 1 0 1
-3.17142 -3.82531 19250 0.0925087 0.580041 27.9938 250.52 -13 8192 1 0 1
8.4639 4.77203 19250 -0.0873731 -0.917821 27.9848 250.541 -13 8193 1 0 1
4.58689 1.49624 19250 0.00746999 -0.166884 27.9995 250.51 -13 8194 1 0 1
-2.71729 5.72921 19250 0.104036 -0.857022 27.9867 250.531 -13 8195 1 0 1
-10.0064 -2.75462 19250 0.243073 0.444737 27.9954 250.516 -13 8196 1 0 1
13.7847 -2.03049 19250 -0.204984 0.420165 27.9961 250.548 -13 8197 1 0 1
-15.0988 1.12213 19250 0.417461 -0.152519 27.9965 250.535 -13 8198 1 0 1
-15.2324 0.953266 19250 0.429556 -0.138352 27.9964 250.535 -13 8199 1 0 1
8.94563 0.0774912 19250 -0.106936 0.0852503 27.9997 250.532 -13 8200 1 0 1
-14.3434 1.13082 19250 1.20104 -0.463543 27.9704 250.653 -13 8201 1 0 1
-7.41156 9.86238 19250 0.393338 -1.98227 27.927 250.638 -13 8202 1 0 1
-5.02543 1.06822 19250 0.126771 -0.181967 27.9991 250.506 -13 8203 1 0 1
8.21636 -6.39819 19250 -0.0937953 1.2592 27.9715 250.559 -13 8204 1 0 1
-9.8642 -6.19356 19250 0.894839 1.89039 27.9218 250.679 -13 8205 1 0 1
10.0988 -3.78406 19250 -0.115208 0.754889 27.9896 250.541 -13 8206 1 0 1
-14.05 -4.16076 19250 0.457085 0.798999 27.9849 250.552 -13 8207 1 0 1
-7.7299 4.19775 19250 0.199226 -0.658991 27.9915 250.521 -13 8208 1 0 1
4.62213 -2.82721 19250 -0.0254987 0.480937 27.9959 250.524 -13 8209 1 0 1
-15.2918 0.606367 19250 0.410016 -0.0158787 27.997 250.536 -13 8210 1 0 1
-3.12696 -3.9232 19250 0.0882272 0.566415 27.9941 250.522 -13 8211 1 0 1
2.67113 -6.41751 19250 0.00735772 1.14633 27.9765 250.546 -13 8212 1 0 1
5.28822 -0.112469 19250 0.00673012 -0.0423018 28 250.507 -13 8213 1 0 1
12.6856 -5.86356 19250 -0.234513 1.14788 27.9755 250.575 -13 8214 1 0 1
6.91413 5.71057 19250 -0.0531 -1.02783 27.9811 250.542 -13 8215 1 0 1
-0.779842 11.8772 19250 0.441613 -3.49133 27.778 250.792 -13 8216 1 0 1
125.274 16.0157 19250 4.92768 7.67351 26.4733 252.006 -13 8217 1 0 1
-11.7634 -6.79552 19250 0.63794 1.62611 27.9455 250.627 -13 8218 1 0 1
-4.31697 -8.0322 19250 0.15628 1.53095 27.9577 250.57 -13 8219 1 0 1
-15.772 0.757771 19250 0.493069 -0.0956517 27.9955 250.54 -13 8220 1 0 1
-15.1823 3.98324 19250 0.531057 -0.81186 27.9832 250.569 -13 8221 1 0 1
-1.69813 4.87152 19250 -1.32769 -3.11114 27.7949 250.829 -13 8222 1 0 1
3.12823 -1.73237 19250 0.0164487 0.234108 27.999 250.512 -13 8223 1 0 1
1.10521 12.5742 19250 -0.15973 -3.7687 27.7448 250.82 -13 8224 1 0 1
7.6375 1.09651 19250 -0.040827 -0.289872 27.9985 250.517 -13 8225 1 0 1
-14.0058 -3.06569 19250 1.04606 1.02222 27.9618 250.656 -13 8226 1 0 1
11.2235 8.34877 19250 -0.441469 -1.97267 27.9269 250.657 -13 8227 1 0 1
-3.24757 8.66135 19250 0.144352 -1.62343 27.9525 250.578 -13 8228 1 0 1
1.2535 -2.49602 19250 0.0325816 0.428052 27.9967 250.515 -13 8229 1 0 1
6.306 9.59875 19250 -0.52302 -2.83156 27.8515 250.725 -13 8230 1 0 1
0.352203 10.3272 19250 0.0510332 -2.06516 27.9237 250.621 -13 8231 1 0 1
13.5569 3.01311 19250 -0.17827 -0.433359 27.9961 250.545 -13 8232 1 0 1
-5.67228 5.04566 19250 0.156869 -0.752482 27.9894 250.526 -13 8233 1 0 1
-0.817007 -10.9153 19250 0.610693 3.53036 27.7698 250.81 -13 8234 1 0 1
10.2051 6.79395 19250 -0.16083 -1.29048 27.9698 250.574 -13 8235 1 0 1
-10.9837 2.32694 19250 0.263042 -0.392391 27.996 250.517 -13 8236 1 0 1
-0.961353 0.191591 19250 0.0850472 -0.0342356 27.9998 250.501 -13 8237 1 0 1
8.71697 2.51078 19250 -0.0789844 -0.361819 27.9976 250.528 -13 8238 1 0 1
-1.96309 2.91435 19250 0.101392 -0.381231 27.9972 250.507 -13 8239 1 0 1
7.41454 1.13744 19250 -0.0515546 -0.095591 27.9998 250.52 -13 8240 1 0 1
-0.746932 8.60661 19250 0.0760671 -1.65528 27.9509 250.578 -13 8241 1 0 1
1.72035 0.024658 19250 0.0177955 -0.0630328 27.9999 250.513 -13 8242 1 0 1
-3.61759 -5.08253 19250 1.20803 2.44797 27.8666 250.742 -13 8243 1 0 1
12.2942 2.71508 19250 -0.17591 -0.406756 27.9965 250.547 -13 8244 1 0 1
7.31341 8.0206 19250 -0.751656 -2.60304 27.8686 250.734 -13 8245 1 0 1
-0.812122 -10.1932 19250 0.0722073 2.10305 27.9208 250.622 -13 8246 1 0 1
-4.55018 3.13608 19250 0.156457 -0.545262 27.9943 250.505 -13 8247 1 0 1
10.2346 1.37703 19250 -0.0811197 -0.319524 27.9981 250.523 -13 8248 1 0 1
-5.8936 1.0743 19250 0.140115 -0.286904 27.9982 250.508 -13 8249 1 0 1
-10.4063 5.6497 19250 0.293923 -1.08852 27.9773 250.548 -13 8250 1 0 1
4.93121 2.52497 19250 -0.0261453 -0.383016 27.9974 250.522 -13 8251 1 0 1
5.05541 -8.4496 19250 -0.0231481 1.54153 27.9575 250.576 -13 8252 1 0 1
-11.1235 -4.3291 19250 0.324982 0.705046 27.9892 250.528 -13 8253 1 0 1
-15.7181 1.47432 19250 0.466416 -0.239427 27.9951 250.543 -13 8254 1 0 1
-0.642793 -11.3129 19250 0.0751282 2.38465 27.8982 250.658 -13 8255 1 0 1
10.8527 3.80504 19250 -0.133178 -0.668608 27.9917 250.544 -13 8256 1 0 1
1.42082 -12.7244 19250 -0.0239352 3.28081 27.8071 250.759 -13 8257 1 0 1
-2.82538 0.109446 19250 0.0946384 0.0453942 27.9998 250.505 -13 8258 1 0 1
1.91789 1.61144 19250 0.0151171 -0.134928 27.9997 250.516 -13 8259 1 0 1
10.1998 6.77888 19250 -0.758951 -2.19963 27.9031 250.704 -13 8260 1 0 1
-6.28884 7.25195 19250 0.191971 -1.14467 27.9759 250.554 -13 8261 1 0 1
15.1731 -5.5892 19250 -0.573646 1.36345 27.9609 250.638 -13 8262 1 0 1
-14.6176 -5.13284 19250 0.568112 1.05552 27.9743 250.59 -13 8263 1 0 1
2.18165 12.4298 19250 -0.248171 -3.50031 27.7792 250.794 -13 8264 1 0 1
-3.24193 -6.7512 19250 0.129482 1.11846 27.9774 250.541 -13 8265 1 0 1
11.6988 -1.1604 19250 -0.150566 0.204187 27.9989 250.538 -13 8266 1 0 1
15.6876 -5.40389 19250 -0.298847 0.923559 27.9832 250.58 -13 8267 1 0 1
15.4417 5.137 19250 -0.391238 -0.905854 27.9826 250.6 -13 8268 1 0 1
4.30968 -9.65015 19250 -0.0569403 1.98017 27.9298 250.612 -13 8269 1 0 1
2.76357 9.69435 19250 -0.699994 -3.35666 27.7893 250.793 -13 8270 1 0 1
10.0942 7.51559 19250 -0.168665 -1.38168 27.9654 250.584 -13 8271 1 0 1
9.00786 9.61875 19250 -0.259456 -2.07636 27.9217 250.643 -13 8272 1 0 1
78.9012 15.5908 19250 4.1182 5.30411 27.1828 251.427 -13 8273 1 0 1
2.45992 9.46926 19250 -0.00344187 -1.66515 27.9504 250.597 -13 8274 1 0 1
-11.6251 6.62711 19250 0.581592 -1.5705 27.9499 250.606 -13 8275 1 0 1
13.0035 -0.109703 19250 -0.138096 -0.041824 27.9996 250.53 -13 8276 1 0 1
-16.8776 -1.76209 19250 0.792631 0.48928 27.9845 250.598 -13 8277 1 0 1
-2.1049 -12.145 19250 0.213436 2.94283 27.8441 250.724 -13 8278 1 0 1
14.6855 3.49625 19250 -0.905321 -1.31304 27.9545 250.678 -13 8279 1 0 1
16.998 3.61107 19250 -0.529366 -0.916735 27.98 250.612 -13 8280 1 0 1
11.9899 2.07504 19250 -0.151823 -0.496657 27.9952 250.539 -13 8281 1 0 1
8.65431 8.90667 19250 -0.202938 -1.81027 27.9407 250.616 -13 8282 1 0 1
3.21063 0.471881 19250 -0.0194386 -0.0667872 27.9999 250.521 -13 8283 1 0 1
-13.5522 0.384066 19250 0.355762 -0.0851792 27.9976 250.52 -13 8284 1 0 1
-4.21896 -5.71931 19250 0.118515 1.03759 27.9805 250.536 -13 8285 1 0 1
-6.01188 -8.59959 19250 0.238395 1.71034 27.9467 250.585 -13 8286 1 0 1
-15.9403 -3.12356 19250 0.783881 0.792584 27.9778 250.606 -13 8287 1 0 1
6.21991 -5.67693 19250 -0.0650329 0.967188 27.9832 250.547 -13 8288 1 0 1
-9.90716 -6.79298 19250 0.301026 1.18934 27.9731 250.561 -13 8289 1 0 1
3.28539 -0.163225 19250 0.0153615 0.0687398 27.9999 250.509 -13 8290 1 0 1
1.82448 -0.292302 19250 0.0504499 0.0787299 27.9998 250.503 -13 8291 1 0 1
10.9086 -8.29174 19250 -0.328982 1.79483 27.9405 250.63 -13 8292 1 0 1
0.939204 8.11746 19250 0.0550293 -1.37738 27.966 250.564 -13 8293 1 0 1
9.86343 -7.24759 19250 -0.170601 1.22244 27.9728 250.581 -13 8294 1 0 1
-3.91914 -1.30815 19250 0.116141 0.185787 27.9991 250.505 -13 8295 1 0 1
4.96284 7.2665 19250 -0.0475101 -1.14317 27.9766 250.563 -13 8296 1 0 1
12.688 5.75018 19250 -0.231788 -1.14688 27.9755 250.574 -13 8297 1 0 1
-14.0947 -1.05746 19250 0.388919 0.142659 27.9969 250.525 -13 8298 1 0 1
7.61883 4.35859 19250 -0.0508813 -0.765096 27.9895 250.531 -13 8299 1 0 1
16.7694 -4.18102 19250 -0.561458 1.01023 27.9761 250.621 -13 8300 1 0 1
-0.230236 -11.7436 19250 0.0841893 2.55097 27.8834 250.674 -13 8301 1 0 1
-14.8446 -0.974168 19250 0.418899 0.0972086 27.9967 250.531 -13 8302 1 0 1
-5.89548 -5.30511 19250 0.163433 0.863708 27.9862 250.528 -13 8303 1 0 1
3.25792 -2.9852 19250 0.00808873 0.37847 27.9974 250.519 -13 8304 1 0 1
5.55328 -2.29539 19250 1.67008 2.92326 27.7969 250.839 -13 8305 1 0 1
-7.24876 -8.44315 19250 0.223911 1.60346 27.9532 250.591 -13 8306 1 0 1
17.4383 3.40879 19250 -0.388261 -0.630628 27.9902 250.585 -13 8307 1 0 1
15.9255 7.32545 19250 1.38818 -4.82936 27.5454 251.046 -13 8308 1 0 1
-8.93045 -5.12271 19250 0.264004 0.93812 27.983 250.529 -13 8309 1 0 1
5.11982 10.4956 19250 -0.112107 -2.30556 27.9047 250.643 -13 8310 1 0 1
-0.941382 -7.74109 19250 0.080585 1.4792 27.9608 250.563 -13 8311 1 0 1
11.2143 3.00146 19250 -0.148792 -0.483966 27.9954 250.543 -13 8312 1 0 1
-12.6028 2.31895 19250 0.31552 -0.381782 27.9956 250.524 -13 8313 1 0 1
2.35951 -1.65173 19250 0.0155193 0.271435 27.9987 250.514 -13 8314 1 0 1
-10.114 -5.01305 19250 0.989151 1.78978 27.9252 250.678 -13 8315 1 0 1
2.56695 6.97966 19250 0.0016835 -1.14848 27.9764 250.554 -13 8316 1 0 1
-9.65709 1.13286 19250 0.252586 -0.171163 27.9983 250.504 -13 8317 1 0 1
-1.85959 4.04863 19250 0.0764097 -0.611083 27.9932 250.521 -13 8318 1 0 1
2.01214 -4.0844 19250 0.0158495 0.764605 27.9896 250.526 -13 8319 1 0 1
16.5737 -0.752857 19250 -0.308763 0.146083 27.9979 250.564 -13 8320 1 0 1
14.0536 2.50111 19250 -0.196361 -0.391505 27.9966 250.546 -13 8321 1 0 1
-10.7372 -6.15215 19250 0.364243 1.234 27.9704 250.558 -13 8322 1 0 1
-1.18972 -6.26764 19250 1.168 2.85155 27.8299 250.781 -13 8323 1 0 1
44.0208 1.10559 19250 2.63498 5.31856 27.3637 251.255 -13 8324 1 0 1
1.51639 -5.66203 19250 0.0496802 0.914734 27.985 250.529 -13 8325 1 0 1
-11.9678 0.299525 19250 0.272677 -0.0394595 27.9986 250.516 -13 8326 1 0 1
-11.6117 -6.38043 19250 0.734057 1.68561 27.9396 250.643 -13 8327 1 0 1
-12.7837 -1.72351 19250 0.335814 0.280064 27.9966 250.52 -13 8328 1 0 1
-13.7672 -3.83272 19250 0.406907 0.728653 27.9876 250.546 -13 8329 1 0 1
17.2757 -2.86237 19250 -0.749218 0.784585 27.979 250.645 -13 8330 1 0 1
5.39838 5.62266 19250 -0.0241508 -0.920283 27.9849 250.537 -13 8331 1 0 1
-12.0643 -0.220475 19250 0.277455 0.0382015 27.9986 250.516 -13 8332 1 0 1
0.473445 -2.76963 19250 0.0084679 0.411305 27.997 250.525 -13 8333 1 0 1
9.48185 0.187605 19250 -0.0810529 -0.0211699 27.9999 250.523 -13 8334 1 0 1
17.2062 -0.603469 19250 2.05184 3.59033 27.6929 250.972 -13 8335 1 0 1
-53.1138 -0.722735 19250 -2.39303 -7.76248 26.7958 251.614 -13 8336 1 0 1
-10.4005 1.4885 19250 0.244976 -0.232009 27.998 250.512 -13 8337 1 0 1
-8.30107 4.23264 19250 0.230702 -0.646591 27.9916 250.519 -13 8338 1 0 1
-12.8026 3.21166 19250 0.356564 -0.607844 27.9911 250.53 -13 8339 1 0 1
4.94795 6.01791 19250 -1.03563 -2.75008 27.8454 250.765 -13 8340 1 0 1
4.32044 -9.43156 19250 -0.0726059 1.76829 27.944 250.607 -13 8341 1 0 1
10.1933 8.94889 19250 -0.314637 -1.98312 27.9279 250.64 -13 8342 1 0 1
-2.18494 -0.603875 19250 0.0780582 0.118087 27.9996 250.507 -13 8343 1 0 1
9.30148 -5.12146 19250 -0.111514 0.843127 27.9871 250.548 -13 8344 1 0 1
-6.51062 -9.16481 19250 0.255038 1.92673 27.9325 250.611 -13 8345 1 0 1
3.41651 -5.63265 19250 0.000996494 0.960918 27.9835 250.537 -13 8346 1 0 1
10.3569 4.61334 19250 -0.140675 -0.833697 27.9872 250.55 -13 8347 1 0 1
-12.2846 8.1603 19250 -1.14594 -4.93062 27.5386 251.017 -13 8348 1 0 1
1.20597 -5.23094 19250 0.0220223 0.805387 27.9884 250.534 -13 8349 1 0 1
12.2682 1.22473 19250 -0.131417 -0.242567 27.9986 250.531 -13 8350 1 0 1
9.69739 8.31741 19250 -0.189383 -1.67177 27.9494 250.6 -13 8351 1 0 1
-6.07855 -0.477123 19250 0.152904 0.142914 27.9992 250.504 -13 8352 1 0 1
-2.27858 5.42898 19250 0.103636 -0.873017 27.9862 250.526 -13 8353 1 0 1
5.90254 3.31502 19250 -0.00977315 -0.600432 27.9936 250.519 -13 8354 1 0 1
1.2262 12.8416 19250 -0.0479517 -3.57972 27.7702 250.797 -13 8355 1 0 1
-2.38086 -11.8026 19250 0.334987 2.85968 27.8516 250.71 -13 8356 1 0 1
1.36793 -12.4509 19250 0.367594 3.9951 27.7111 250.853 -13 8357 1 0 1
-9.17512 8.63323 19250 -1.1398 -4.43228 27.6235 250.965 -13 8358 1 0 1
-10.3497 -6.78739 19250 0.780209 1.84697 27.9281 250.659 -13 8359 1 0 1
16.723 0.696853 19250 -0.265147 -0.199063 27.998 250.553 -13 8360 1 0 1
-4.98317 5.48873 19250 0.160103 -0.897599 27.9852 250.526 -13 8361 1 0 1
-14.1099 0.998169 19250 0.386396 -0.108531 27.9971 250.525 -13 8362 1 0 1
-13.3876 -0.966216 19250 0.283155 0.16763 27.9981 250.53 -13 8363 1 0 1
-4.90206 3.68119 19250 0.143751 -0.633318 27.9925 250.514 -13 8364 1 0 1
-10.9658 7.26139 19250 0.418222 -1.435 27.9601 250.588 -13 8365 1 0 1
11.2534 7.51989 19250 -0.238991 -1.50437 27.9585 250.599 -13 8366 1 0 1
10.5175 6.74185 19250 -0.224709 -1.36337 27.9659 250.591 -13 8367 1 0 1
1.89449 11.4321 19250 -0.0178319 -2.34358 27.9017 250.662 -13 8368 1 0 1
-9.01198 -0.426531 19250 0.21284 -0.0543076 27.9991 250.507 -13 8369 1 0 1
2.31667 4.14318 19250 0.0400539 -0.711388 27.9909 250.518 -13 8370 1 0 1
-2.87831 -9.66203 19250 0.145873 1.90274 27.9349 250.603 -13 8371 1 0 1
4.59083 8.95622 19250 -0.0593174 -1.70304 27.9481 250.594 -13 8372 1 0 1
-16.9206 -0.228179 19250 0.804708 0.284924 27.987 250.59 -13 8373 1 0 1
-5.43282 5.58048 19250 0.148318 -0.976837 27.9826 250.533 -13 8374 1 0 1
11.2889 5.21457 19250 -0.161203 -0.951584 27.9834 250.556 -13 8375 1 0 1
-9.25966 -4.14525 19250 0.240584 0.722374 27.9896 250.524 -13 8376 1 0 1
8.53448 4.81401 19250 -0.0939016 -0.743652 27.99 250.544 -13 8377 1 0 1
-13.7641 1.75362 19250 0.38738 -0.169263 27.9968 250.524 -13 8378 1 0 1
-17.0958 -1.23813 19250 0.684797 0.211398 27.9908 250.576 -13 8379 1 0 1
-14.6453 -3.26161 19250 0.46179 0.665581 27.9883 250.548 -13 8380 1 0 1
0.471675 -6.63465 19250 0.0413891 1.14177 27.9767 250.547 -13 8381 1 0 1
8.06385 -5.93123 19250 -0.090706 1.0147 27.9815 250.551 -13 8382 1 0 1
0.311734 -1.75638 19250 0.0602788 0.193919 27.9993 250.507 -13 8383 1 0 1
-10.1759 -0.379547 19250 0.235008 0.0924926 27.9989 250.509 -13 8384 1 0 1
7.71416 3.44573 19250 -0.056053 -0.542939 27.9947 250.528 -13 8385 1 0 1
5.69856 -9.24767 19250 1.04708 3.98027 27.6959 250.914 -13 8386 1 0 1
17.3546 3.35959 19250 -0.411234 -0.75612 27.9868 250.589 -13 8387 1 0 1
3.04718 -11.2937 19250 -0.0520133 2.44946 27.8926 250.663 -13 8388 1 0 1
-1.17918 -4.21504 19250 0.0824111 0.567975 27.9941 250.518 -13 8389 1 0 1
-1.47994 -4.5554 19250 0.089293 0.729765 27.9903 250.52 -13 8390 1 0 1
9.65114 -7.43899 19250 1.30621 4.12486 27.6637 250.957 -13 8391 1 0 1
-2.63719 -4.48272 19250 0.110817 0.736745 27.9901 250.518 -13 8392 1 0 1
-3.59391 -1.15663 19250 0.101157 0.10416 27.9996 250.507 -13 8393 1 0 1
-8.90501 -5.4002 19250 1.01137 1.96242 27.9128 250.695 -13 8394 1 0 1
-14.9624 -4.19719 19250 0.57135 0.84402 27.9814 250.571 -13 8395 1 0 1
-3.98248 0.301686 19250 0.101811 -0.118556 27.9996 250.508 -13 8396 1 0 1
-8.97468 -1.17422 19250 1.45818 1.2664 27.9333 250.711 -13 8397 1 0 1
8.0443 -1.44407 19250 -0.0674547 0.345455 27.9978 250.524 -13 8398 1 0 1
-10.9469 -0.889051 19250 0.220043 0.0286633 27.9991 250.519 -13 8399 1 0 1
-8.20468 -4.98071 19250 0.220451 0.778311 27.9883 250.527 -13 8400 1 0 1
-4.5345 6.96047 19250 0.153858 -1.28656 27.97 250.551 -13 8401 1 0 1
10.6835 8.31308 19250 -0.562634 -2.25029 27.9038 250.684 -13 8402 1 0 1
5.80702 10.5693 19250 -0.173994 -2.43163 27.8937 250.659 -13 8403 1 0 1
4.54297 -11.3906 19250 -0.160123 2.45051 27.8921 250.68 -13 8404 1 0 1
-11.0951 1.22885 19250 0.27415 -0.182539 27.9981 250.511 -13 8405 1 0 1
17.2395 3.75693 19250 -0.496005 -0.843658 27.9829 250.607 -13 8406 1 0 1
-1.35888 12.3129 19250 -0.429603 -4.39787 27.6491 250.924 -13 8407 1 0 1
7.66833 1.80249 19250 -0.0534048 -0.278701 27.9986 250.521 -13 8408 1 0 1
0.586141 -13.4508 19250 0.147334 3.67337 27.7576 250.832 -13 8409 1 0 1
-13.4248 4.13363 19250 0.386349 -0.82269 27.9852 250.548 -13 8410 1 0 1
-10.5541 -5.72645 19250 0.292844 1.03856 27.9792 250.548 -13 8411 1 0 1
-13.1444 -2.04216 19250 0.298944 0.279692 27.997 250.53 -13 8412 1 0 1
-10.8922 -2.35468 19250 0.266888 0.483493 27.9946 250.517 -13 8413 1 0 1
0.326474 7.77562 19250 0.0483347 -1.3432 27.9677 250.563 -13 8414 1 0 1
2.07032 9.88817 19250 -0.00896503 -1.92487 27.9338 250.613 -13 8415 1 0 1
-6.44775 6.23636 19250 0.173264 -1.1779 27.9747 250.547 -13 8416 1 0 1
-2.94723 -8.7243 19250 0.871681 3.00918 27.8242 250.781 -13 8417 1 0 1
-6.70729 1.40808 19250 0.140866 -0.203293 27.9989 250.512 -13 8418 1 0 1
-23.665 5.79618 19250 -1.19414 -7.4052 26.9766 251.509 -13 8419 1 0 1
-0.911799 1.29728 19250 0.0786628 -0.159202 27.9994 250.504 -13 8420 1 0 1
-12.9359 -6.39739 19250 0.60173 1.46878 27.955 250.619 -13 8421 1 0 1
9.87349 0.142287 19250 -0.138915 -0.0154475 27.9997 250.539 -13 8422 1 0 1
-12.8197 -4.24687 19250 0.385887 0.767488 27.9868 250.54 -13 8423 1 0 1
4.35903 5.16024 19250 0.0156269 -0.888696 27.9859 250.526 -13 8424 1 0 1
-4.94937 -9.76925 19250 0.649773 2.81615 27.8504 250.736 -13 8425 1 0 1
77.889 16.3598 19250 4.14505 5.15273 27.2079 251.418 -13 8426 1 0 1
-9.6319 6.67108 19250 0.294659 -1.19554 27.9729 250.558 -13 8427 1 0 1
12.3322 5.47861 19250 -0.216491 -0.847004 27.9863 250.57 -13 8428 1 0 1
4.34826 7.28508 19250 -0.0301294 -1.28965 27.9703 250.563 -13 8429 1 0 1
-10.2357 -4.82947 19250 0.251861 0.828372 27.9866 250.536 -13 8430 1 0 1
-1.14749 -3.95668 19250 0.0537619 0.636938 27.9927 250.524 -13 8431 1 0 1
-9.67713 -5.13093 19250 0.250287 0.835464 27.9864 250.535 -13 8432 1 0 1
15.7843 2.37464 19250 -0.263508 -0.499992 27.9943 250.558 -13 8433 1 0 1
-8.48178 -9.77356 19250 0.462538 2.20713 27.909 250.68 -13 8434 1 0 1
3.58588 -3.85821 19250 1.47454 3.0505 27.7942 250.83 -13 8435 1 0 1
0.856939 4.77012 19250 0.0721938 -0.789693 27.9888 250.517 -13 8436 1 0 1
-2.77134 -7.11765 19250 0.103341 1.19131 27.9745 250.551 -13 8437 1 0 1
-10.9026 6.90179 19250 0.324828 -1.22783 27.9712 250.574 -13 8438 1 0 1
-7.49268 1.11128 19250 0.166252 -0.20564 27.9988 250.509 -13 8439 1 0 1
-15.8608 -2.0294 19250 0.669279 0.449274 27.9884 250.561 -13 8440 1 0 1
-7.01411 -3.90819 19250 1.23588 1.94042 27.9053 250.717 -13 8441 1 0 1
12.4809 -0.737923 19250 -0.16744 0.222567 27.9986 250.54 -13 8442 1 0 1
-8.89377 -5.56476 19250 0.23717 0.979125 27.9819 250.538 -13 8443 1 0 1
-11.7469 5.0293 19250 0.344056 -0.916784 27.9829 250.543 -13 8444 1 0 1
-2.42687 -8.61406 19250 0.880048 3.01919 27.8228 250.768 -13 8445 1 0 1
9.48497 7.91567 19250 -0.207267 -1.61581 27.9526 250.602 -13 8446 1 0 1
0.948299 -6.08352 19250 0.0412417 1.03392 27.9809 250.537 -13 8447 1 0 1
2.84259 9.91519 19250 -0.020533 -1.85782 27.9383 250.611 -13 8448 1 0 1
-13.9015 1.95088 19250 0.369199 -0.279983 27.9962 250.529 -13 8449 1 0 1
1.80404 8.03579 19250 0.0154787 -1.52841 27.9582 250.572 -13 8450 1 0 1
-9.16337 2.23455 19250 0.222539 -0.489592 27.9948 250.512 -13 8451 1 0 1
28.3998 3.90812 19250 2.58211 3.72358 27.6309 251.044 -13 8452 1 0 1
-17.101 -0.679196 19250 0.777981 0.0464638 27.9892 250.585 -13 8453 1 0 1
-12.5438 -1.03419 19250 0.335813 0.241189 27.9969 250.515 -13 8454 1 0 1
8.21985 9.95534 19250 -0.24845 -2.1685 27.9148 250.65 -13 8455 1 0 1
-13.2544 -4.54308 19250 0.447218 0.953959 27.9802 250.552 -13 8456 1 0 1
-13.6514 2.41816 19250 0.374173 -0.512831 27.9928 250.531 -13 8457 1 0 1
9.61796 8.23924 19250 -0.602808 -2.35462 27.8943 250.697 -13 8458 1 0 1
6.48659 3.60226 19250 -0.00968111 -0.514724 27.9953 250.519 -13 8459 1 0 1
-4.95275 10.5253 19250 0.227797 -2.09229 27.9208 250.641 -13 8460 1 0 1
-6.68456 -6.79293 19250 0.927219 2.38177 27.8831 250.712 -13 8461 1 0 1
-1.65007 -7.65918 19250 0.0872177 1.33701 27.9679 250.56 -13 8462 1 0 1
-13.4919 2.38389 19250 0.362411 -0.290249 27.9961 250.527 -13 8463 1 0 1
-1.15114 -10.3387 19250 0.0954355 1.9508 27.9318 250.618 -13 8464 1 0 1
10.3696 1.49076 19250 -0.0997627 -0.308828 27.9981 250.527 -13 8465 1 0 1
-14.7263 -2.7502 19250 0.419532 0.557169 27.9913 250.544 -13 8466 1 0 1
2.72544 2.08074 19250 0.0340804 -0.354361 27.9977 250.508 -13 8467 1 0 1
14.8629 2.9462 19250 -0.963902 -1.26933 27.9546 250.681 -13 8468 1 0 1
52.8884 5.28011 19250 3.08576 5.15335 27.3481 251.271 -13 8469 1 0 1
-8.61469 -8.45687 19250 0.578382 2.06793 27.9175 250.645 -13 8470 1 0 1
11.9113 6.68486 19250 -0.264485 -1.31858 27.9677 250.594 -13 8471 1 0 1
-1.72909 -9.99345 19250 0.711017 3.23157 27.8038 250.77 -13 8472 1 0 1
8.62392 -0.587282 19250 -0.0665783 -0.00122594 27.9999 250.521 -13 8473 1 0 1
4.69109 -4.05104 19250 -0.00714831 0.714452 27.9909 250.525 -13 8474 1 0 1
0.995155 3.69937 19250 0.0242462 -0.688829 27.9915 250.525 -13 8475 1 0 1
11.5469 4.40484 19250 -0.175346 -0.838637 27.9869 250.555 -13 8476 1 0 1
3.55145 3.95204 19250 -0.0188705 -0.578577 27.994 250.532 -13 8477 1 0 1
17.2565 3.5882 19250 -0.484962 -0.681282 27.9875 250.607 -13 8478 1 0 1
-8.30375 -4.60621 19250 0.21162 0.857391 27.9861 250.528 -13 8479 1 0 1
-0.636774 10.1897 19250 -0.705512 -3.86685 27.7227 250.851 -13 8480 1 0 1
-1.72944 5.82802 19250 0.0724846 -0.982465 27.9827 250.537 -13 8481 1 0 1
-8.3833 1.12397 19250 0.207671 -0.276433 27.9979 250.505 -13 8482 1 0 1
-14.8346 -4.16062 19250 0.504474 0.815209 27.9836 250.564 -13 8483 1 0 1
7.91338 7.43046 19250 -0.126768 -1.31497 27.9688 250.579 -13 8484 1 0 1
14.5621 2.46438 19250 -0.19298 -0.382241 27.9967 250.544 -13 8485 1 0 1
-6.50241 3.33502 19250 0.162401 -0.486826 27.9953 250.515 -13 8486 1 0 1
6.96024 -10.502 19250 -0.261311 2.46524 27.89 250.674 -13 8487 1 0 1
-5.76777 3.38743 19250 1.35677 -1.96072 27.8983 250.745 -13 8488 1 0 1
8.20918 1.88775 19250 -0.111674 -0.195442 27.9991 250.538 -13 8489 1 0 1
9.25264 -8.91469 19250 -0.49566 2.24821 27.9052 250.685 -13 8490 1 0 1
-8.9395 -2.74549 19250 0.197753 0.561329 27.9937 250.519 -13 8491 1 0 1
-6.806 -9.61193 19250 0.317696 2.11655 27.9181 250.633 -13 8492 1 0 1
-6.68868 -9.35521 19250 0.243571 1.8158 27.94 250.611 -13 8493 1 0 1
2.7916 6.53555 19250 0.00411035 -1.03626 27.9808 250.546 -13 8494 1 0 1
-12.4455 0.460431 19250 0.290129 -0.0483871 27.9985 250.518 -13 8495 1 0 1
5.40668 8.28543 19250 -0.0559622 -1.32415 27.9686 250.579 -13 8496 1 0 1
-7.59008 -9.21271 19250 0.602809 2.35635 27.8942 250.69 -13 8497 1 0 1
-11.6311 -6.78124 19250 0.667093 1.72655 27.9388 250.64 -13 8498 1 0 1
-8.84703 -8.4793 19250 0.510008 2.07223 27.9186 250.639 -13 8499 1 0 1
-8.94785 -1.12099 19250 0.178491 0.197036 27.9987 250.515 -13 8500 1 0 1
-16.2121 -0.62011 19250 0.598567 0.201412 27.9929 250.551 -13 8501 1 0 1
2.272 7.9213 19250 0.00171246 -1.40039 27.965 250.571 -13 8502 1 0 1
-0.238393 -3.57236 19250 0.0474564 0.52117 27.9951 250.52 -13 8503 1 0 1
16.3687 -2.99515 19250 -0.372169 0.619938 27.9907 250.584 -13 8504 1 0 1
-13.9696 0.712263 19250 0.397428 -0.248576 27.9961 250.524 -13 8505 1 0 1
-17.0902 -2.05093 19250 0.722636 0.375373 27.9882 250.59 -13 8506 1 0 1
-7.37965 10.3322 19250 -0.766192 -4.95844 27.5468 251.011 -13 8507 1 0 1
-14.7455 2.72648 19250 0.881491 -0.941046 27.9703 250.608 -13 8508 1 0 1
6.14927 -8.55855 19250 1.14202 3.89013 27.7049 250.914 -13 8509 1 0 1
-4.26346 10.7503 19250 0.325274 -2.61514 27.8757 250.676 -13 8510 1 0 1
-9.41131 -5.20663 19250 0.242465 0.85865 27.9858 250.535 -13 8511 1 0 1
-14.5418 -2.96424 19250 0.96139 0.898757 27.9691 250.626 -13 8512 1 0 1
-8.28578 9.15691 19250 0.396691 -1.98655 27.9266 250.631 -13 8513 1 0 1
9.55231 2.40469 19250 -0.0974452 -0.432861 27.9965 250.531 -13 8514 1 0 1
-12.8691 -5.03854 19250 0.794804 1.33149 27.957 250.617 -13 8515 1 0 1
-5.81315 -2.98972 19250 0.165021 0.421784 27.9963 250.508 -13 8516 1 0 1
12.5769 7.0174 19250 -0.330295 -1.49958 27.9579 250.612 -13 8517 1 0 1
-8.73436 -7.93 19250 0.726761 2.15386 27.9076 250.68 -13 8518 1 0 1
13.5928 6.28171 19250 -0.297818 -1.21821 27.9719 250.592 -13 8519 1 0 1
-2.56873 10.5574 19250 0.193448 -2.27662 27.9066 250.631 -13 8520 1 0 1
7.08981 -9.44183 19250 1.02873 4.24652 27.657 250.944 -13 8521 1 0 1
7.1834 6.96545 19250 -0.10307 -1.27544 27.9707 250.57 -13 8522 1 0 1
-14.8281 -3.571 19250 0.798715 0.845458 27.9758 250.594 -13 8523 1 0 1
-12.4703 3.38978 19250 0.380303 -0.651719 27.9898 250.526 -13 8524 1 0 1
11.7467 2.71224 19250 -0.155131 -0.465501 27.9957 250.542 -13 8525 1 0 1
-0.269838 12.4906 19250 0.142444 -2.98911 27.8396 250.722 -13 8526 1 0 1
18.8016 0.191599 19250 -0.433786 -0.0154174 27.9966 250.583 -13 8527 1 0 1
-7.29618 0.351272 19250 0.172315 -0.141682 27.9991 250.505 -13 8528 1 0 1
12.1986 5.95592 19250 -0.173953 -1.05964 27.9794 250.562 -13 8529 1 0 1
11.2351 6.38612 19250 -0.796622 -2.08851 27.9106 250.7 -13 8530 1 0 1
-4.05124 5.9234 19250 0.133904 -0.984823 27.9824 250.533 -13 8531 1 0 1
-15.7622 -0.110244 19250 1.10923 0.111708 27.9778 250.639 -13 8532 1 0 1
-5.9255 -8.4 19250 0.783377 2.64067 27.8642 250.73 -13 8533 1 0 1
-3.37117 5.66655 19250 0.141162 -0.890887 27.9855 250.524 -13 8534 1 0 1
-10.9092 -5.82642 19250 0.318255 1.00545 27.9801 250.549 -13 8535 1 0 1
-0.672756 9.67631 19250 0.104562 -1.9325 27.933 250.598 -13 8536 1 0 1
8.32664 5.67141 19250 -0.969075 -2.23851 27.8935 250.735 -13 8537 1 0 1
10.5773 -4.35817 19250 -0.158816 0.810888 27.9878 250.553 -13 8538 1 0 1
10.7323 4.86871 19250 -0.113075 -0.913912 27.9849 250.542 -13 8539 1 0 1
-11.8288 -6.24007 19250 0.743929 1.71098 27.9378 250.65 -13 8540 1 0 1
16.4083 4.455 19250 -0.607802 -1.22312 27.9667 250.631 -13 8541 1 0 1
2.47804 -4.24553 19250 0.00598865 0.602844 27.9935 250.529 -13 8542 1 0 1
-1.44888 8.91122 19250 0.0918585 -1.61423 27.9533 250.582 -13 8543 1 0 1
-1.52793 1.52384 19250 0.0773564 -0.299858 27.9983 250.507 -13 8544 1 0 1
-2.95956 -11.5046 19250 0.380851 3.01243 27.8349 250.73 -13 8545 1 0 1
-0.0322852 -12.5645 19250 0.128835 3.35734 27.7977 250.764 -13 8546 1 0 1
-11.66 -6.94229 19250 0.573797 1.68307 27.9435 250.623 -13 8547 1 0 1
-5.65022 -6.25001 19250 1.04172 2.40335 27.8772 250.731 -13 8548 1 0 1
-1.41752 12.5186 19250 -0.258765 -4.89269 27.568 250.997 -13 8549 1 0 1
5.72865 5.20065 19250 -0.0252938 -0.683403 27.9916 250.536 -13 8550 1 0 1
0.748771 -12.5789 19250 0.0487603 5.21749 27.5096 251.068 -13 8551 1 0 1
4.06693 11.2289 19250 -0.431822 -3.13691 27.8204 250.761 -13 8552 1 0 1
-9.25713 -9.227 19250 -1.01168 4.7385 27.5776 250.989 -13 8553 1 0 1
6.39316 6.85874 19250 -0.0795922 -1.23918 27.9725 250.565 -13 8554 1 0 1
16.9888 0.617598 19250 -0.349515 -0.124601 27.9975 250.572 -13 8555 1 0 1
-3.45201 9.65818 19250 0.15587 -1.84634 27.9386 250.604 -13 8556 1 0 1
-4.50758 -6.64145 19250 0.171414 1.17642 27.9748 250.54 -13 8557 1 0 1
-0.703355 -12.5899 19250 0.180311 3.42191 27.7895 250.779 -13 8558 1 0 1
-1.23905 -2.87386 19250 1.52263 2.31532 27.8625 250.791 -13 8559 1 0 1
2.26632 10.6324 19250 -0.00114518 -2.08078 27.9226 250.629 -13 8560 1 0 1
-2.09418 -10.3118 19250 0.110593 2.17438 27.9152 250.629 -13 8561 1 0 1
-1.14971 -1.69776 19250 0.0739372 0.184987 27.9993 250.507 -13 8562 1 0 1
-6.72908 -7.11837 19250 0.213034 1.33234 27.9675 250.557 -13 8563 1 0 1
-4.93927 -6.49298 19250 0.148848 0.995978 27.9819 250.541 -13 8564 1 0 1
32.3738 -5.32629 19250 1.81903 6.12811 27.2605 251.342 -13 8565 1 0 1
15.682 3.92135 19250 -0.783497 -1.26615 27.9604 250.658 -13 8566 1 0 1
-7.63885 -9.78882 19250 0.48567 2.32277 27.8993 250.681 -13 8567 1 0 1
8.12839 7.90963 19250 -0.143953 -1.56837 27.9557 250.59 -13 8568 1 0 1
15.1028 5.10797 19250 -0.352786 -1.02957 27.9788 250.591 -13 8569 1 0 1
-8.45355 8.88517 19250 0.377168 -1.83944 27.937 250.615 -13 8570 1 0 1
-4.9033 7.90208 19250 0.171322 -1.39321 27.9648 250.565 -13 8571 1 0 1
-11.5658 -4.79572 19250 0.354437 0.888357 27.9837 250.537 -13 8572 1 0 1
2.9383 11.8092 19250 -0.0968394 -3.13211 27.8241 250.72 -13 8573 1 0 1
-10.5861 2.04794 19250 0.25906 -0.411692 27.9958 250.514 -13 8574 1 0 1
-0.898775 -0.533062 19250 0.0561436 0.0453855 27.9999 250.509 -13 8575 1 0 1
8.10126 -1.47766 19250 -0.0698447 0.199033 27.9992 250.524 -13 8576 1 0 1
12.1966 1.99877 19250 -0.148674 -0.324923 27.9977 250.537 -13 8577 1 0 1
-2.17435 9.34367 19250 0.113211 -1.77806 27.9433 250.594 -13 8578 1 0 1
-15.2282 -2.21284 19250 0.611148 0.516549 27.9886 250.549 -13 8579 1 0 1
-14.9407 -3.52665 19250 0.487744 0.621257 27.9889 250.554 -13 8580 1 0 1
8.69891 7.74759 19250 -0.768531 -2.37455 27.8885 250.725 -13 8581 1 0 1
-6.23784 -9.96895 19250 0.287871 2.16857 27.9144 250.64 -13 8582 1 0 1
13.1913 7.33524 19250 -0.389688 -1.64736 27.9488 250.626 -13 8583 1 0 1
3.09217 -7.4313 19250 1.14469 3.4857 27.7586 250.843 -13 8584 1 0 1
1.45436 1.63406 19250 0.0268029 -0.258124 27.9988 250.513 -13 8585 1 0 1
-3.72265 -0.332109 19250 0.104188 0.0614443 27.9997 250.506 -13 8586 1 0 1
12.2782 6.08787 19250 -0.251491 -1.09933 27.9773 250.583 -13 8587 1 0 1
9.15391 3.008 19250 -0.0828903 -0.604345 27.9934 250.531 -13 8588 1 0 1
40.7157 -4.08937 19250 2.02754 6.71419 27.1074 251.489 -13 8589 1 0 1
0.293182 9.92103 19250 0.0639523 -1.93431 27.933 250.606 -13 8590 1 0 1
4.55908 4.4814 19250 -0.0344449 -0.726718 27.9905 250.536 -13 8591 1 0 1
2.4935 1.73167 19250 0.00696254 -0.219677 27.9991 250.516 -13 8592 1 0 1
-12.1744 4.90713 19250 0.343336 -0.85506 27.9848 250.545 -13 8593 1 0 1
9.17097 7.40582 19250 -0.723451 -2.38706 27.8887 250.709 -13 8594 1 0 1
-4.62757 -6.01163 19250 0.14655 0.962354 27.9831 250.534 -13 8595 1 0 1
-6.35128 -6.38301 19250 0.187841 1.17624 27.9747 250.544 -13 8596 1 0 1
-14.5057 -3.01273 19250 -2.20229 -3.06362 27.7446 250.918 -13 8597 1 0 1
3.85168 4.26681 19250 -0.00583049 -0.807846 27.9883 250.528 -13 8598 1 0 1
-2.35658 6.62489 19250 0.119544 -1.24053 27.9723 250.542 -13 8599 1 0 1
-12.8504 -4.03167 19250 0.357058 0.762275 27.9873 250.541 -13 8600 1 0 1
-9.69671 9.92023 19250 -0.650436 -6.04305 27.3324 251.206 -13 8601 1 0 1
16.4634 -4.65178 19250 -0.53549 1.18727 27.9697 250.62 -13 8602 1 0 1
-5.5134 -5.96879 19250 0.194283 1.0186 27.9808 250.529 -13 8603 1 0 1
2.88449 12.3591 19250 -0.108758 -2.99846 27.8388 250.727 -13 8604 1 0 1
-4.65981 -9.6463 19250 0.18954 1.77893 27.9428 250.604 -13 8605 1 0 1
-11.4427 3.44084 19250 0.294766 -0.58353 27.9924 250.525 -13 8606 1 0 1
4.01783 0.810288 19250 0.0108724 -0.0466261 28 250.509 -13 8607 1 0 1
-13.6614 9.39536 19250 -0.901734 -5.90625 27.3551 251.196 -13 8608 1 0 1
-3.68599 10.9912 19250 0.155375 -2.28497 27.9062 250.661 -13 8609 1 0 1
-3.81347 -9.28952 19250 0.172909 1.8389 27.939 250.596 -13 8610 1 0 1
6.84356 9.80872 19250 -0.132681 -2.03801 27.9254 250.623 -13 8611 1 0 1
-3.46373 11.5639 19250 -0.581037 -4.53312 27.6245 250.947 -13 8612 1 0 1
6.90412 9.33023 19250 -0.607068 -2.6862 27.8642 250.732 -13 8613 1 0 1
-2.07093 1.77377 19250 0.0898173 -0.22403 27.999 250.506 -13 8614 1 0 1
1.65763 10.5793 19250 0.0215565 -2.0753 27.923 250.626 -13 8615 1 0 1
-17.2157 -0.242072 19250 0.787451 0.140771 27.9886 250.589 -13 8616 1 0 1
17.6473 -2.69395 19250 -0.43003 0.561693 27.9911 250.59 -13 8617 1 0 1
14.3224 3.89443 19250 -0.249342 -0.759594 27.9886 250.564 -13 8618 1 0 1
4.00794 -6.81643 19250 -0.0345205 1.16531 27.9757 250.557 -13 8619 1 0 1
-5.85337 -9.68713 19250 0.215684 1.84318 27.9384 250.615 -13 8620 1 0 1
-13.4373 -4.32604 19250 0.430427 0.856599 27.9836 250.549 -13 8621 1 0 1
-10.7391 -2.01589 19250 1.27195 1.36269 27.9379 250.695 -13 8622 1 0 1
-0.0266464 -3.98922 19250 1.42904 2.66427 27.8363 250.811 -13 8623 1 0 1
-3.35199 10.8973 19250 0.202083 -2.35616 27.9 250.653 -13 8624 1 0 1
-16.3548 -0.468917 19250 0.511353 0.153666 27.9949 250.548 -13 8625 1 0 1
15.3713 -1.40031 19250 -0.264152 0.314559 27.997 250.558 -13 8626 1 0 1
7.93127 -4.8931 19250 -0.0362651 0.945228 27.984 250.531 -13 8627 1 0 1
-3.99881 -7.919 19250 0.190477 1.43198 27.9627 250.558 -13 8628 1 0 1
12.9051 6.86338 19250 -0.353856 -1.53824 27.9555 250.615 -13 8629 1 0 1
6.95567 4.96697 19250 -0.0653816 -0.804718 27.9884 250.54 -13 8630 1 0 1
-1.22589 12.6534 19250 -0.238251 -4.76356 27.5908 250.979 -13 8631 1 0 1
-5.3743 -9.03677 19250 0.181063 1.80564 27.9411 250.6 -13 8632 1 0 1
13.171 6.9486 19250 -0.313845 -1.50637 27.9577 250.604 -13 8633 1 0 1
-7.66396 -7.7151 19250 0.252749 1.42015 27.9628 250.571 -13 8634 1 0 1
5.34504 -6.22338 19250 -0.0581475 0.988607 27.9825 250.552 -13 8635 1 0 1
-8.80034 -6.82222 19250 0.253182 1.24981 27.9709 250.56 -13 8636 1 0 1
-5.0804 2.75982 19250 0.144924 -0.463615 27.9958 250.508 -13 8637 1 0 1
-4.80083 -9.04882 19250 0.169386 1.56789 27.9556 250.59 -13 8638 1 0 1
2.67404 6.25401 19250 0.0234704 -1.00894 27.9818 250.538 -13 8639 1 0 1
-4.65775 -1.11569 19250 0.121397 0.134739 27.9994 250.506 -13 8640 1 0 1
-1.22841 10.0051 19250 -0.807522 -3.82806 27.7253 250.864 -13 8641 1 0 1
-5.75458 8.21513 19250 0.217798 -1.499 27.959 250.571 -13 8642 1 0 1
6.22923 8.06353 19250 -0.0790966 -1.51021 27.9591 250.581 -13 8643 1 0 1
-7.25913 1.10198 19250 0.193645 -0.156964 27.9989 250.501 -13 8644 1 0 1
-3.74874 5.01578 19250 0.108019 -0.874507 27.9861 250.529 -13 8645 1 0 1
12.4807 -4.29526 19250 -0.199511 0.760728 27.989 250.558 -13 8646 1 0 1
-0.249618 -12.418 19250 0.457742 3.65714 27.7564 250.84 -13 8647 1 0 1
7.51728 -5.86746 19250 -0.0827728 1.09535 27.9784 250.551 -13 8648 1 0 1
-14.2961 4.25401 19250 0.506936 -0.839937 27.9828 250.558 -13 8649 1 0 1
-0.997325 -11.8839 19250 0.457817 3.54515 27.7709 250.81 -13 8650 1 0 1
6.7876 10.2832 19250 -0.210546 -2.16783 27.9152 250.654 -13 8651 1 0 1
5.57526 3.05873 19250 -0.0185468 -0.611747 27.9933 250.521 -13 8652 1 0 1
-12.0207 -6.62168 19250 0.470938 1.38844 27.9616 250.59 -13 8653 1 0 1
0.172528 -12.861 19250 -0.0464185 4.03547 27.7076 250.86 -13 8654 1 0 1
-9.38378 2.44669 19250 0.232298 -0.435384 27.9957 250.512 -13 8655 1 0 1
-15.1523 -2.06257 19250 0.480672 0.397841 27.993 250.54 -13 8656 1 0 1
8.67582 -8.1695 19250 -0.167353 1.5057 27.959 250.597 -13 8657 1 0 1
-5.37195 0.62581 19250 0.124112 -0.0300523 27.9997 250.507 -13 8658 1 0 1
2.15775 -8.44211 19250 -0.0179405 1.54557 27.9573 250.585 -13 8659 1 0 1
1.9062 6.247 19250 0.0292745 -1.15789 27.976 250.542 -13 8660 1 0 1
0.0446808 -12.14 19250 0.476785 3.70721 27.7494 250.836 -13 8661 1 0 1
-0.521428 -11.9516 19250 0.0679161 2.65796 27.8735 250.691 -13 8662 1 0 1
0.113759 -1.53152 19250 0.0479123 0.279159 27.9986 250.51 -13 8663 1 0 1
14.4729 -2.37327 19250 1.84165 3.6738 27.6968 250.939 -13 8664 1 0 1
15.28 3.9299 19250 -0.273652 -0.780501 27.9878 250.567 -13 8665 1 0 1
6.82577 9.63808 19250 -0.147892 -1.95813 27.9311 250.623 -13 8666 1 0 1
4.75856 2.34479 19250 0.000230683 -0.359409 27.9977 250.514 -13 8667 1 0 1
5.89135 -1.26113 19250 -0.00833197 0.248281 27.9989 250.511 -13 8668 1 0 1
-11.1083 0.0792917 19250 0.257549 -0.0571814 27.9988 250.512 -13 8669 1 0 1
-5.2471 -1.94129 19250 0.144867 0.212784 27.9988 250.505 -13 8670 1 0 1
-10.5203 -4.66485 19250 0.282917 0.879047 27.9848 250.534 -13 8671 1 0 1
-11.096 6.28256 19250 0.41251 -1.33718 27.965 250.568 -13 8672 1 0 1
12.513 -1.58341 19250 -0.133316 0.198753 27.999 250.532 -13 8673 1 0 1
-8.37905 -7.948 19250 0.730806 2.20153 27.9037 250.681 -13 8674 1 0 1
17.7974 1.37753 19250 -0.872048 -0.376225 27.9839 250.656 -13 8675 1 0 1
36.0157 14.0496 19250 3.36205 3.09788 27.6243 251.139 -13 8676 1 0 1
13.3966 4.93997 19250 -0.286868 -1.01007 27.9803 250.581 -13 8677 1 0 1
2.65016 12.3353 19250 -0.154827 -3.13465 27.8236 250.746 -13 8678 1 0 1
2.64674 1.60734 19250 0.00961584 -0.289176 27.9985 250.515 -13 8679 1 0 1
-2.33415 -10.1036 19250 0.129154 2.02062 27.9267 250.617 -13 8680 1 0 1
-10.455 -0.336044 19250 0.262067 0.0486062 27.9987 250.506 -13 8681 1 0 1
-5.03941 -9.09061 19250 0.194245 1.64249 27.9511 250.59 -13 8682 1 0 1
7.815 10.1453 19250 -0.310209 -2.40981 27.8944 250.673 -13 8683 1 0 1
2.50913 -4.71838 19250 -8.31108e-05 0.871298 27.9864 250.533 -13 8684 1 0 1
11.7952 2.6385 19250 -0.123428 -0.391644 27.997 250.533 -13 8685 1 0 1
-0.513407 12.5976 19250 0.172617 -3.38641 27.7939 250.774 -13 8686 1 0 1
11.1877 -5.08698 19250 -0.191233 0.926763 27.984 250.564 -13 8687 1 0 1
8.36376 -4.25046 19250 -0.0996361 0.725297 27.9904 250.543 -13 8688 1 0 1
-8.64333 -0.074309 19250 1.80877 0.0513501 27.9415 250.76 -13 8689 1 0 1
-8.64255 5.14181 19250 0.237394 -0.93597 27.9833 250.531 -13 8690 1 0 1
-10.1062 5.54994 19250 0.2762 -1.02403 27.9799 250.544 -13 8691 1 0 1
7.22246 -6.51089 19250 1.34833 3.67635 27.7248 250.891 -13 8692 1 0 1
0.548094 13.0055 19250 0.303389 -3.82332 27.7361 250.849 -13 8693 1 0 1
-6.40299 -6.67215 19250 0.198759 1.29525 27.9693 250.55 -13 8694 1 0 1
0.73504 2.2464 19250 0.0608234 -0.30379 27.9983 250.507 -13 8695 1 0 1
1.14632 -9.08463 19250 0.0543671 1.72544 27.9467 250.583 -13 8696 1 0 1
7.06413 8.29357 19250 -0.13689 -1.47956 27.9605 250.597 -13 8697 1 0 1
-7.22329 -4.66823 19250 0.171449 0.816001 27.9876 250.528 -13 8698 1 0 1
-0.110004 13.1951 19250 0.0724523 -3.49604 27.7808 250.808 -13 8699 1 0 1
7.13505 3.07859 19250 -0.0448344 -0.468133 27.9961 250.524 -13 8700 1 0 1
-1.91396 -3.73646 19250 0.0735278 0.653299 27.9923 250.52 -13 8701 1 0 1
8.36554 1.26438 19250 -0.0817247 -0.152737 27.9995 250.527 -13 8702 1 0 1
13.257 2.56749 19250 -0.162485 -0.555619 27.994 250.54 -13 8703 1 0 1
-2.77104 11.4638 19250 0.196611 -2.39947 27.8963 250.666 -13 8704 1 0 1
9.84093 -0.347889 19250 -0.0824936 0.0300734 27.9999 250.523 -13 8705 1 0 1
-11.5616 2.2808 19250 0.292665 -0.337117 27.9964 250.517 -13 8706 1 0 1
-11.7801 -2.92225 19250 0.27867 0.429337 27.9953 250.525 -13 8707 1 0 1
-4.91637 -3.6384 19250 0.112454 0.568819 27.994 250.522 -13 8708 1 0 1
-0.633844 5.78172 19250 0.0627644 -0.990781 27.9824 250.535 -13 8709 1 0 1
12.8924 5.98733 19250 -0.732862 -1.80587 27.9321 250.679 -13 8710 1 0 1
11.4524 7.90409 19250 -0.293015 -1.51729 27.9573 250.616 -13 8711 1 0 1
2.46265 8.94267 19250 0.00603434 -1.65012 27.9513 250.585 -13 8712 1 0 1
11.8356 -4.98452 19250 -0.220259 1.04917 27.9795 250.569 -13 8713 1 0 1
7.42668 9.85636 19250 -0.443129 -2.5965 27.8758 250.702 -13 8714 1 0 1
-13.8345 -0.943621 19250 1.26401 0.475933 27.9674 250.664 -13 8715 1 0 1
11.4561 3.33762 19250 -0.143269 -0.6377 27.9924 250.543 -13 8716 1 0 1
1.40841 12.7034 19250 -0.222195 -3.70052 27.7535 250.823 -13 8717 1 0 1
-17.1073 4.952 19250 -1.60558 -4.54968 27.5812 250.997 -13 8718 1 0 1
-1.21201 -1.21537 19250 0.0993972 0.196822 27.9991 250.499 -13 8719 1 0 1
18.0993 0.646612 19250 -0.447132 -0.0937674 27.9963 250.588 -13 8720 1 0 1
-2.08172 -11.4443 19250 0.344338 3.0947 27.8263 250.724 -13 8721 1 0 1
15.8872 0.400096 19250 -0.248862 -0.135893 27.9986 250.551 -13 8722 1 0 1
-5.95655 6.10148 19250 0.133428 -0.968842 27.9829 250.546 -13 8723 1 0 1
-11.8141 6.64684 19250 0.450664 -1.40709 27.961 250.588 -13 8724 1 0 1
7.03244 3.38255 19250 -0.0392455 -0.584687 27.9939 250.525 -13 8725 1 0 1
1.69845 -10.8084 19250 0.00405049 2.24406 27.9099 250.639 -13 8726 1 0 1
3.16235 -4.07942 19250 0.0233288 0.67406 27.9919 250.521 -13 8727 1 0 1
34.5176 -3.99504 19250 1.97282 5.99981 27.2784 251.314 -13 8728 1 0 1
42.3761 -3.08743 19250 2.14031 6.61106 27.124 251.456 -13 8729 1 0 1
-0.334455 2.1415 19250 0.0551477 -0.265365 27.9987 250.512 -13 8730 1 0 1
4.36881 -1.05731 19250 0.00421045 0.0330601 28 250.511 -13 8731 1 0 1
-12.8564 -3.00688 19250 0.342877 0.548881 27.9925 250.529 -13 8732 1 0 1
0.721948 -10.0865 19250 0.0208716 1.98587 27.9295 250.618 -13 8733 1 0 1
-0.634949 -11.8903 19250 0.1034 3.00383 27.8382 250.714 -13 8734 1 0 1
-3.39066 -4.47656 19250 0.105206 0.80627 27.9882 250.523 -13 8735 1 0 1
0.480506 -13.0175 19250 0.139135 3.7805 27.7433 250.829 -13 8736 1 0 1
-5.31434 -10.7559 19250 0.367198 2.60821 27.8758 250.691 -13 8737 1 0 1
-13.0624 -0.902002 19250 0.35023 0.251793 27.9967 250.518 -13 8738 1 0 1
-7.20648 -5.14004 19250 0.189524 0.697347 27.9907 250.529 -13 8739 1 0 1
3.22604 12.0485 19250 -0.252699 -3.00044 27.8376 250.745 -13 8740 1 0 1
2.2878 10.1162 19250 0.0362659 -2.09129 27.9218 250.609 -13 8741 1 0 1
15.2847 1.3345 19250 -0.24482 -0.240821 27.9979 250.553 -13 8742 1 0 1
-14.4096 1.47078 19250 0.431469 -0.239834 27.9956 250.528 -13 8743 1 0 1
-8.0303 -5.99876 19250 0.237537 1.01854 27.9805 250.538 -13 8744 1 0 1
1.75957 0.966988 19250 0.0300418 -0.126586 27.9997 250.51 -13 8745 1 0 1
-1.45727 10.8213 19250 0.11021 -2.24671 27.9095 250.64 -13 8746 1 0 1
-12.7545 -2.87471 19250 0.29925 0.410028 27.9954 250.531 -13 8747 1 0 1
14.6271 4.18957 19250 -0.278595 -0.744689 27.9887 250.572 -13 8748 1 0 1
-7.71775 3.3575 19250 0.203947 -0.490209 27.995 250.512 -13 8749 1 0 1
-16.5817 2.82981 19250 0.685088 -0.558725 27.986 250.586 -13 8750 1 0 1
-14.694 -2.06871 19250 1.0561 0.733169 27.9705 250.636 -13 8751 1 0 1
12.0176 7.52479 19250 -0.344952 -1.60544 27.9518 250.622 -13 8752 1 0 1
6.64808 10.2028 19250 -0.456308 -2.72508 27.8633 250.718 -13 8753 1 0 1
-1.15909 6.96985 19250 0.0921372 -1.11381 27.9777 250.543 -13 8754 1 0 1
5.2006 -3.63928 19250 -0.0118024 0.626927 27.993 250.523 -13 8755 1 0 1
0.132558 -2.006 19250 0.0848445 0.40096 27.997 250.502 -13 8756 1 0 1
-13.4536 -3.39988 19250 0.38921 0.533601 27.9922 250.535 -13 8757 1 0 1
-5.40962 -6.1207 19250 1.05595 2.44509 27.873 250.737 -13 8758 1 0 1
-11.8636 -4.16607 19250 0.960235 1.53726 27.9413 250.654 -13 8759 1 0 1
-10.732 -0.378362 19250 0.234864 0.170414 27.9985 250.514 -13 8760 1 0 1
1.4481 0.410249 19250 0.0225007 -0.174577 27.9994 250.513 -13 8761 1 0 1
-13.1297 -3.20169 19250 0.367368 0.453711 27.9939 250.531 -13 8762 1 0 1
-17.0699 -0.267939 19250 0.491236 0.0789759 27.9956 250.558 -13 8763 1 0 1
-6.01461 -10.2805 19250 0.405154 2.48328 27.8867 250.676 -13 8764 1 0 1
6.98757 -5.7135 19250 1.38413 3.62213 27.7302 250.879 -13 8765 1 0 1
11.3374 6.98456 19250 -0.237007 -1.33564 27.9671 250.592 -13 8766 1 0 1
-1.34296 -5.32213 19250 0.0568505 0.908849 27.9852 250.534 -13 8767 1 0 1
-1.38855 -9.62692 19250 0.135263 1.96099 27.9309 250.598 -13 8768 1 0 1
-14.8934 -4.24028 19250 0.669295 0.914758 27.977 250.586 -13 8769 1 0 1
-8.35962 -8.27301 19250 0.648051 2.18414 27.9072 250.663 -13 8770 1 0 1
0.728055 -8.6711 19250 1.00504 3.29329 27.7875 250.82 -13 8771 1 0 1
7.20429 9.78374 19250 -0.535612 -2.64083 27.87 250.723 -13 8772 1 0 1
8.50009 -8.36331 19250 -0.157399 1.58499 27.9547 250.597 -13 8773 1 0 1
-3.27159 0.475881 19250 0.105114 -0.101173 27.9996 250.504 -13 8774 1 0 1
18.4438 2.67786 19250 -0.476492 -0.504323 27.9914 250.596 -13 8775 1 0 1
11.6588 -7.02384 19250 -0.680039 1.96924 27.9224 250.685 -13 8776 1 0 1
14.8065 0.715066 19250 -0.252527 -0.109345 27.9986 250.556 -13 8777 1 0 1
13.5748 6.96431 19250 -0.49908 -1.68954 27.9445 250.643 -13 8778 1 0 1
14.262 -3.89546 19250 -0.257726 0.677937 27.9906 250.567 -13 8779 1 0 1
-11.8383 -6.20431 19250 0.611486 1.61928 27.9464 250.611 -13 8780 1 0 1
1.71037 10.1955 19250 0.0107808 -1.97088 27.9305 250.617 -13 8781 1 0 1
-0.225774 6.38014 19250 0.0618186 -0.990458 27.9824 250.539 -13 8782 1 0 1
-9.4613 3.51664 19250 0.206903 -0.550688 27.9938 250.526 -13 8783 1 0 1
11.1262 8.1485 19250 -0.218561 -1.55701 27.9558 250.601 -13 8784 1 0 1
-12.9995 -3.6562 19250 0.35099 0.770673 27.9872 250.54 -13 8785 1 0 1
10.8804 0.690506 19250 -0.0922571 -0.195403 27.9992 250.523 -13 8786 1 0 1
-3.30108 -2.97333 19250 0.111994 0.488566 27.9955 250.51 -13 8787 1 0 1
-2.8706 -0.56842 19250 0.116699 0.0810928 27.9996 250.499 -13 8788 1 0 1
-8.97378 -5.00274 19250 0.275675 0.971306 27.9818 250.527 -13 8789 1 0 1
-2.78527 10.9489 19250 0.212529 -2.44668 27.8921 250.653 -13 8790 1 0 1
5.21362 10.9123 19250 -0.245324 -2.5775 27.88 250.69 -13 8791 1 0 1
13.2147 0.139501 19250 -0.181505 0.0690068 27.9993 250.542 -13 8792 1 0 1
-9.98561 -1.32976 19250 0.238428 0.283794 27.9975 250.51 -13 8793 1 0 1
-1.77171 -4.50237 19250 0.05999 0.761612 27.9896 250.528 -13 8794 1 0 1
9.93617 6.87381 19250 -0.184772 -1.31847 27.9683 250.583 -13 8795 1 0 1
-4.95091 -3.97702 19250 0.157503 0.610398 27.9929 250.513 -13 8796 1 0 1
10.7533 7.45499 19250 -0.213645 -1.39277 27.9645 250.593 -13 8797 1 0 1
-16.5295 1.71311 19250 0.689584 -0.310061 27.9898 250.57 -13 8798 1 0 1
2.74472 -6.91589 19250 0.0144944 1.1141 27.9778 250.548 -13 8799 1 0 1
14.1846 -4.28954 19250 -0.229984 0.725193 27.9897 250.562 -13 8800 1 0 1
1.80102 3.6202 19250 0.0539078 -0.473809 27.9959 250.513 -13 8801 1 0 1
-12.0111 5.56042 19250 0.431581 -1.14964 27.9731 250.557 -13 8802 1 0 1
-15.2478 2.54245 19250 0.521571 -0.553779 27.9897 250.548 -13 8803 1 0 1
1.99919 5.34895 19250 0.0163639 -0.954978 27.9837 250.535 -13 8804 1 0 1
-11.3233 -4.63563 19250 0.967556 1.62359 27.9361 250.666 -13 8805 1 0 1
-16.8499 -1.06209 19250 0.619351 0.22054 27.9923 250.564 -13 8806 1 0 1
-10.4221 -7.32312 19250 0.412219 1.50345 27.9566 250.587 -13 8807 1 0 1
4.60491 5.51213 19250 -0.0296332 -0.847062 27.9872 250.541 -13 8808 1 0 1
1.40303 0.582594 19250 0.0569575 -0.0471923 27.9999 250.502 -13 8809 1 0 1
6.64127 -4.98175 19250 -0.0561646 0.781658 27.989 250.539 -13 8810 1 0 1
-6.45896 -4.09709 19250 0.159162 0.638012 27.9923 250.522 -13 8811 1 0 1
-8.60223 -6.91953 19250 0.267137 1.22699 27.9718 250.557 -13 8812 1 0 1
-16.4721 -1.42589 19250 0.732301 0.314578 27.9887 250.573 -13 8813 1 0 1
-5.57141 0.541184 19250 0.120327 -0.273241 27.9984 250.512 -13 8814 1 0 1
16.7646 -4.56662 19250 -0.459707 0.93276 27.9807 250.604 -13 8815 1 0 1
-11.7781 -2.71728 19250 0.283311 0.43398 27.9952 250.523 -13 8816 1 0 1
1.44491 4.81877 19250 -1.24453 -2.88772 27.8229 250.798 -13 8817 1 0 1
16.8721 1.42132 19250 -0.292266 -0.284365 27.997 250.56 -13 8818 1 0 1
6.99688 10.63 19250 -0.338249 -2.54866 27.8817 250.695 -13 8819 1 0 1
10.9544 6.45135 19250 -0.172775 -1.28253 27.9701 250.572 -13 8820 1 0 1
0.670691 4.69876 19250 0.0309407 -0.818298 27.988 250.53 -13 8821 1 0 1
-10.9265 -2.0014 19250 0.306003 0.464386 27.9945 250.51 -13 8822 1 0 1
-7.11464 0.052236 19250 0.163548 0.134822 27.9992 250.507 -13 8823 1 0 1
-5.09706 0.663569 19250 0.129874 -0.114367 27.9995 250.505 -13 8824 1 0 1
3.1626 -6.39767 19250 -0.016775 1.14697 27.9765 250.551 -13 8825 1 0 1
5.63258 10.3098 19250 -0.458039 -2.96974 27.8383 250.731 -13 8826 1 0 1
-9.68076 7.81929 19250 0.33277 -1.51182 27.9572 250.59 -13 8827 1 0 1
-6.60624 -4.09988 19250 0.173011 0.643748 27.9921 250.519 -13 8828 1 0 1
-2.96814 5.27996 19250 0.0788969 -0.846769 27.9871 250.535 -13 8829 1 0 1
4.19849 -2.36958 19250 0.0244873 0.388276 27.9973 250.509 -13 8830 1 0 1
9.39159 7.01223 19250 -0.147009 -1.25639 27.9714 250.575 -13 8831 1 0 1
12.1852 -4.17169 19250 -0.162791 0.718368 27.9903 250.549 -13 8832 1 0 1
16.7611 1.6583 19250 -0.310726 -0.241584 27.9972 250.565 -13 8833 1 0 1
-3.95958 8.88353 19250 0.172734 -1.68478 27.9487 250.582 -13 8834 1 0 1
-12.6912 -5.12979 19250 0.879231 1.37299 27.9525 250.644 -13 8835 1 0 1
9.35195 9.28577 19250 -0.424978 -2.2582 27.9056 250.676 -13 8836 1 0 1
-9.60306 -7.61143 19250 0.633648 2.02352 27.9196 250.646 -13 8837 1 0 1
14.0558 6.15109 19250 -0.352088 -1.24657 27.97 250.603 -13 8838 1 0 1
4.13414 -3.89725 19250 -0.00267819 0.589434 27.9938 250.525 -13 8839 1 0 1
9.14974 -0.702221 19250 -0.0737933 0.0223136 27.9999 250.522 -13 8840 1 0 1
-8.74108 8.22775 19250 0.343878 -1.66804 27.9482 250.594 -13 8841 1 0 1
-2.78438 10.0463 19250 0.14268 -1.87943 27.9365 250.611 -13 8842 1 0 1
3.04932 8.72316 19250 -0.0130675 -1.45323 27.9623 250.584 -13 8843 1 0 1
-10.5965 6.06409 19250 0.309913 -1.01571 27.9799 250.55 -13 8844 1 0 1
-6.1773 -0.717029 19250 0.134603 0.0892451 27.9995 250.509 -13 8845 1 0 1
17.5301 -1.17585 19250 -0.878134 0.508782 27.9816 250.658 -13 8846 1 0 1
-9.47494 -7.93756 19250 0.393968 1.77941 27.9406 250.603 -13 8847 1 0 1
-9.64348 -6.29193 19250 0.871187 1.94631 27.9187 250.675 -13 8848 1 0 1
12.6913 -0.0604446 19250 -0.150973 0.0688535 27.9995 250.535 -13 8849 1 0 1
12.7685 7.44268 19250 -0.382137 -1.67557 27.9472 250.627 -13 8850 1 0 1
-13.7501 4.57706 19250 0.449959 -0.908715 27.9816 250.557 -13 8851 1 0 1
-12.1787 1.10797 19250 0.320029 -0.352134 27.996 250.516 -13 8852 1 0 1
12.4602 0.410477 19250 -0.149655 -0.101493 27.9994 250.535 -13 8853 1 0 1
-4.0519 -11.3937 19250 0.236311 2.47435 27.8895 250.68 -13 8854 1 0 1
2.81285 11.109 19250 -0.016858 -2.32442 27.9033 250.647 -13 8855 1 0 1
7.10045 5.02841 19250 -1.06996 -2.34379 27.8812 250.747 -13 8856 1 0 1
4.70781 -9.34158 19250 0.983338 3.9695 27.6997 250.899 -13 8857 1 0 1
-46.1235 0.818773 19250 -2.10856 -7.74908 26.8236 251.605 -13 8858 1 0 1
12.508 6.91493 19250 -0.594661 -1.88982 27.9298 250.664 -13 8859 1 0 1
-11.2621 6.73577 19250 0.396352 -1.33019 27.9656 250.577 -13 8860 1 0 1
-4.61604 -8.8969 19250 0.17044 1.58121 27.9548 250.586 -13 8861 1 0 1
11.5297 -2.85443 19250 -0.168914 0.466976 27.9956 250.547 -13 8862 1 0 1
-1.30877 -11.7337 19250 0.565383 3.46266 27.7793 250.827 -13 8863 1 0 1
-15.6562 -2.97377 19250 0.739318 0.758959 27.9799 250.588 -13 8864 1 0 1
-9.22426 2.28346 19250 0.222285 -0.478367 27.995 250.513 -13 8865 1 0 1
-7.83849 -5.61584 19250 0.178071 0.991258 27.9819 250.542 -13 8866 1 0 1
-7.26886 -4.31785 19250 0.198894 0.622734 27.9924 250.52 -13 8867 1 0 1
6.88699 4.23492 19250 -0.0705163 -0.65985 27.9921 250.539 -13 8868 1 0 1
-8.70308 8.03645 19250 0.311502 -1.56435 27.9545 250.587 -13 8869 1 0 1
8.5481 -2.89832 19250 -0.0495801 0.35237 27.9977 250.522 -13 8870 1 0 1
-6.64482 8.17011 19250 0.212387 -1.5932 27.9538 250.583 -13 8871 1 0 1
-14.3042 -4.25617 19250 0.763023 1.08519 27.9686 250.602 -13 8872 1 0 1
-1.43995 -5.47831 19250 0.0786962 0.88304 27.986 250.53 -13 8873 1 0 1
-7.70994 -8.96967 19250 0.341207 1.8988 27.9335 250.612 -13 8874 1 0 1
-0.892179 0.448744 19250 0.0602046 -0.0759664 27.9998 250.508 -13 8875 1 0 1
7.63602 5.48238 19250 -0.0728614 -0.926578 27.9846 250.544 -13 8876 1 0 1
2.89842 11.2257 19250 -0.0606053 -2.48924 27.8891 250.665 -13 8877 1 0 1
-88.8251 -10.7129 19250 -3.91022 -6.92867 26.8459 251.548 -13 8878 1 0 1
18.9126 1.22555 19250 -0.447787 -0.224637 27.9955 250.585 -13 8879 1 0 1
5.95725 -6.75405 19250 -0.0784528 1.07859 27.9791 250.562 -13 8880 1 0 1
-9.6912 -7.28065 19250 0.341629 1.26154 27.9695 250.567 -13 8881 1 0 1
11.1931 7.59907 19250 -0.309344 -1.68653 27.9474 250.617 -13 8882 1 0 1
-12.9222 6.26054 19250 0.564 -1.32402 27.963 250.598 -13 8883 1 0 1
-14.3398 -4.31394 19250 0.450192 0.725576 27.987 250.557 -13 8884 1 0 1
-1.56959 3.73785 19250 0.0741604 -0.613507 27.9932 250.519 -13 8885 1 0 1
-0.950428 -5.44624 19250 0.04509 0.925494 27.9847 250.537 -13 8886 1 0 1
-14.3261 -4.62456 19250 0.50929 0.97736 27.9783 250.569 -13 8887 1 0 1
-10.3595 1.19886 19250 0.221544 -0.238953 27.9981 250.515 -13 8888 1 0 1
-2.63516 2.92783 19250 0.0794197 -0.386502 27.9972 250.516 -13 8889 1 0 1
6.06072 1.78856 19250 -0.0288072 -0.33117 27.998 250.518 -13 8890 1 0 1
-5.13125 -3.52351 19250 0.142644 0.533667 27.9946 250.514 -13 8891 1 0 1
34.3166 2.9003 19250 2.58777 4.34414 27.5396 251.106 -13 8892 1 0 1
12.0719 5.41204 19250 -0.843495 -1.84659 27.9263 250.695 -13 8893 1 0 1
14.2911 6.12338 19250 -0.404217 -1.30879 27.9665 250.614 -13 8894 1 0 1
-2.90869 -2.66614 19250 0.0723428 0.416352 27.9968 250.518 -13 8895 1 0 1
2.91597 0.857382 19250 0.0174732 -0.111691 27.9998 250.51 -13 8896 1 0 1
-0.498744 -11.3837 19250 0.0815073 2.32831 27.9029 250.656 -13 8897 1 0 1
-13.2447 -5.75716 19250 0.515017 1.21693 27.9688 250.583 -13 8898 1 0 1
-16.1026 2.17918 19250 0.923048 -0.497424 27.9804 250.616 -13 8899 1 0 1
7.46991 -10.19 19250 -0.360126 2.53724 27.8825 250.689 -13 8900 1 0 1
3.04298 8.43564 19250 -0.0136504 -1.57183 27.9558 250.581 -13 8901 1 0 1
2.67807 11.1349 19250 -0.0588661 -2.34837 27.9013 250.66 -13 8902 1 0 1
10.1143 5.37568 19250 -0.137616 -0.927057 27.9843 250.554 -13 8903 1 0 1
17.6915 2.25792 19250 -0.787378 -0.76949 27.9783 250.647 -13 8904 1 0 1
1.46007 10.9998 19250 0.0622811 -2.37024 27.8994 250.637 -13 8905 1 0 1
6.88798 0.500158 19250 -0.0684363 -0.0862771 27.9998 250.526 -13 8906 1 0 1
-10.6178 -3.02167 19250 1.22924 1.35509 27.9402 250.687 -13 8907 1 0 1
12.7943 0.371443 19250 2.04702 3.10801 27.7516 250.921 -13 8908 1 0 1
-4.9383 8.06092 19250 -1.06349 -4.0181 27.6898 250.891 -13 8909 1 0 1
-13.5649 -5.32952 19250 0.481975 0.996702 27.9781 250.568 -13 8910 1 0 1
-16.5026 -0.157829 19250 0.874844 0.0381272 27.9863 250.59 -13 8911 1 0 1
-12.4571 -3.24316 19250 0.321154 0.505553 27.9936 250.529 -13 8912 1 0 1
-11.8077 6.4984 19250 0.462119 -1.32701 27.9647 250.579 -13 8913 1 0 1
14.2258 5.68867 19250 -0.576358 -1.6076 27.9479 250.645 -13 8914 1 0 1
-12.3299 -5.06536 19250 0.379076 0.957434 27.9811 250.549 -13 8915 1 0 1
12.1671 -3.05033 19250 -0.144631 0.493229 27.9953 250.54 -13 8916 1 0 1
13.8315 -8.75674 19250 1.18604 5.01856 27.521 251.076 -13 8917 1 0 1
49.4761 0.430715 19250 2.65457 5.93098 27.2356 251.362 -13 8918 1 0 1
-10.696 -0.913977 19250 0.267828 0.0950012 27.9986 250.508 -13 8919 1 0 1
8.20521 -4.92556 19250 1.51948 3.51426 27.737 250.894 -13 8920 1 0 1
-4.36036 1.11025 19250 0.15295 -0.0441545 27.9995 250.497 -13 8921 1 0 1
18.7563 -0.373787 19250 -0.645203 0.0345187 27.9925 250.619 -13 8922 1 0 1
0.460314 -2.10683 19250 0.056105 0.363126 27.9976 250.509 -13 8923 1 0 1
-1.94724 -10.3615 19250 0.693003 3.25765 27.8012 250.788 -13 8924 1 0 1
-10.3758 -4.19643 19250 0.262534 0.794292 27.9875 250.53 -13 8925 1 0 1
-11.7768 5.69981 19250 0.324876 -1.01143 27.9798 250.557 -13 8926 1 0 1
0.863286 -3.43867 19250 0.0384039 0.634242 27.9928 250.52 -13 8927 1 0 1
13.6051 6.01673 19250 -0.277751 -1.21957 27.972 250.585 -13 8928 1 0 1
3.26515 12.0683 19250 -0.113694 -3.01528 27.8369 250.718 -13 8929 1 0 1
-2.28183 8.09084 19250 0.11962 -1.32899 27.9682 250.562 -13 8930 1 0 1
-2.80384 -1.85475 19250 0.105816 0.27337 27.9985 250.505 -13 8931 1 0 1
-6.02858 -5.88277 19250 0.157068 1.01491 27.9812 250.538 -13 8932 1 0 1
-7.89082 5.31015 19250 0.200119 -0.986501 27.9819 250.536 -13 8933 1 0 1
-6.07234 9.98476 19250 0.549628 -2.62475 27.8713 250.71 -13 8934 1 0 1
-6.37967 -5.48875 19250 0.158875 0.98955 27.9821 250.536 -13 8935 1 0 1
10.8691 4.51475 19250 -0.113677 -0.680187 27.9915 250.542 -13 8936 1 0 1
13.2646 4.68444 19250 -0.218899 -0.766499 27.9887 250.563 -13 8937 1 0 1
-1.25103 -0.670093 19250 0.0813242 0.0691975 27.9998 250.503 -13 8938 1 0 1
4.48101 8.75983 19250 -0.0391831 -1.73419 27.9462 250.587 -13 8939 1 0 1
-4.99595 -10.6006 19250 0.428479 2.69706 27.8665 250.698 -13 8940 1 0 1
-4.48863 -12.0965 19250 -0.469269 5.00977 27.5442 251.035 -13 8941 1 0 1
1.30687 2.72827 19250 1.55558 -2.60786 27.8349 250.808 -13 8942 1 0 1
13.7724 5.86136 19250 -0.289975 -1.08674 27.9774 250.586 -13 8943 1 0 1
1.75419 -3.69639 19250 0.0170054 0.562107 27.9944 250.524 -13 8944 1 0 1
-13.3101 -1.6276 19250 0.344411 0.39728 27.9951 250.525 -13 8945 1 0 1
3.10538 8.40526 19250 -0.0206581 -1.62223 27.953 250.582 -13 8946 1 0 1
-15.3522 0.865133 19250 1.07434 -0.544383 27.9741 250.636 -13 8947 1 0 1
4.40994 7.29264 19250 -0.935333 -2.90423 27.8333 250.771 -13 8948 1 0 1
2.74186 12.1397 19250 -0.0841662 -2.96343 27.8426 250.716 -13 8949 1 0 1
-7.91848 -9.08198 19250 0.435004 1.9905 27.9258 250.626 -13 8950 1 0 1
-4.41786 7.88593 19250 0.153496 -1.40612 27.9642 250.566 -13 8951 1 0 1
-13.976 -4.96423 19250 0.546647 1.15213 27.9709 250.58 -13 8952 1 0 1
-13.9855 -3.28823 19250 0.381845 0.566321 27.9917 250.541 -13 8953 1 0 1
2.72397 12.2188 19250 -0.236259 -3.30763 27.8029 250.768 -13 8954 1 0 1
7.33009 8.63432 19250 -0.115407 -1.60461 27.9537 250.594 -13 8955 1 0 1
7.57473 1.04852 19250 -0.0588186 -0.142347 27.9996 250.522 -13 8956 1 0 1
13.6943 6.46215 19250 -0.532812 -1.69262 27.9437 250.645 -13 8957 1 0 1
-2.744 3.25307 19250 0.0957596 -0.496607 27.9954 250.514 -13 8958 1 0 1
-1.35497 -4.83536 19250 1.2755 2.75502 27.8349 250.788 -13 8959 1 0 1
0.550733 -7.42691 19250 0.0525638 1.20955 27.9738 250.554 -13 8960 1 0 1
13.5211 4.1985 19250 -0.231991 -0.648437 27.9915 250.566 -13 8961 1 0 1
13.4013 5.85002 19250 -0.605198 -1.7533 27.9385 250.654 -13 8962 1 0 1
-1.15125 -1.81583 19250 0.0562097 0.275759 27.9986 250.513 -13 8963 1 0 1
-0.204612 -0.579188 19250 0.0666083 0.186829 27.9993 250.505 -13 8964 1 0 1
-7.81713 1.74341 19250 0.195403 -0.30462 27.9977 250.506 -13 8965 1 0 1
-12.3632 -6.23727 19250 0.579481 1.5385 27.9517 250.609 -13 8966 1 0 1
12.6402 -6.21697 19250 -0.274532 1.23482 27.9714 250.589 -13 8967 1 0 1
-1.28938 8.14949 19250 0.0652426 -1.46115 27.9618 250.574 -13 8968 1 0 1
-5.39962 -10.4643 19250 0.254303 2.09115 27.9206 250.641 -13 8969 1 0 1
-13.6856 -2.26329 19250 0.380206 0.429851 27.9941 250.528 -13 8970 1 0 1
-3.34956 7.56379 19250 0.13387 -1.3057 27.9692 250.556 -13 8971 1 0 1
-16.9169 -0.10177 19250 0.739911 -0.0639292 27.9901 250.575 -13 8972 1 0 1
5.83512 -3.54472 19250 -0.0174418 0.450207 27.9964 250.522 -13 8973 1 0 1
-0.984333 5.62155 19250 0.0721042 -0.908795 27.9852 250.531 -13 8974 1 0 1
4.95235 2.54212 19250 -0.0416729 -0.441242 27.9965 250.527 -13 8975 1 0 1
2.65267 7.56286 19250 -0.911128 -3.18954 27.8028 250.785 -13 8976 1 0 1
4.28174 3.00446 19250 -0.0138844 -0.505076 27.9954 250.522 -13 8977 1 0 1
-4.07073 -11.2318 19250 0.446173 2.90464 27.8454 250.733 -13 8978 1 0 1
2.08905 -2.63065 19250 0.0317317 0.352298 27.9978 250.513 -13 8979 1 0 1
-10.0284 5.96936 19250 0.306402 -1.09829 27.9768 250.546 -13 8980 1 0 1
2.91611 11.8479 19250 -0.309282 -3.32364 27.8003 250.771 -13 8981 1 0 1
-9.72818 1.36677 19250 0.229925 -0.311795 27.9973 250.51 -13 8982 1 0 1
1.30904 12.7866 19250 -0.1501 -3.33098 27.8008 250.785 -13 8983 1 0 1
-1.68773 9.51285 19250 -0.853498 -3.82191 27.7248 250.863 -13 8984 1 0 1
39.7491 6.28316 19250 2.9158 4.21356 27.5272 251.144 -13 8985 1 0 1
-1.75741 1.6376 19250 0.104741 -0.189409 27.9992 250.5 -13 8986 1 0 1
-13.1123 -4.92622 19250 0.427117 0.896882 27.9824 250.553 -13 8987 1 0 1
5.47114 2.61748 19250 -0.0411543 -0.406129 27.997 250.526 -13 8988 1 0 1
-2.44109 -3.21323 19250 0.080762 0.417514 27.9968 250.516 -13 8989 1 0 1
1.98817 -3.69145 19250 0.0135932 0.501762 27.9955 250.524 -13 8990 1 0 1
-2.98892 -1.50314 19250 0.115722 0.242226 27.9987 250.502 -13 8991 1 0 1
4.59832 6.88918 19250 -0.0393114 -1.182 27.975 250.558 -13 8992 1 0 1
5.28132 -4.36712 19250 1.48991 3.21758 27.7746 250.853 -13 8993 1 0 1
11.1605 0.213322 19250 -0.112865 -0.0285637 27.9998 250.528 -13 8994 1 0 1
1.23038 -12.7127 19250 -0.0194486 3.65136 27.7609 250.798 -13 8995 1 0 1
7.69675 6.80615 19250 -0.852719 -2.46854 27.8779 250.732 -13 8996 1 0 1
-2.12411 2.56265 19250 0.0834326 -0.435561 27.9965 250.511 -13 8997 1 0 1
-10.3485 -7.2902 19250 0.56825 1.81952 27.935 250.619 -13 8998 1 0 1
15.2886 -4.5839 19250 -0.39423 1.01278 27.9789 250.596 -13 8999 1 0 1
2.42007 12.1452 19250 0.59836 -4.10471 27.691 250.917 -13 9000 1 0 1
7.93619 -8.55867 19250 -0.154371 1.61617 27.9529 250.601 -13 9001 1 0 1
-6.80405 -4.19764 19250 1.22652 2.00004 27.9015 250.725 -13 9002 1 0 1
12.3363 8.0984 19250 -0.36254 -1.84625 27.9367 250.63 -13 9003 1 0 1
-6.46369 9.90139 19250 0.407868 -2.27881 27.9041 250.651 -13 9004 1 0 1
-0.531483 -2.99703 19250 0.0651579 0.474735 27.9959 250.513 -13 9005 1 0 1
7.31451 9.5489 19250 -0.184896 -1.96495 27.9304 250.63 -13 9006 1 0 1
13.7797 6.52771 19250 -0.286166 -1.25579 27.9704 250.59 -13 9007 1 0 1
-2.69109 -9.97629 19250 0.163362 2.06068 27.9236 250.613 -13 9008 1 0 1
16.2311 4.22777 19250 -0.420888 -0.863612 27.9835 250.598 -13 9009 1 0 1
-17.0452 0.0421469 19250 0.618436 -0.0555577 27.9931 250.563 -13 9010 1 0 1
-14.2651 3.98843 19250 0.524701 -0.963551 27.9785 250.561 -13 9011 1 0 1
17.7647 2.93542 19250 -0.62832 -0.9623 27.9764 250.622 -13 9012 1 0 1
-11.0549 -1.35577 19250 0.278226 0.200088 27.9979 250.51 -13 9013 1 0 1
-5.97342 2.61321 19250 0.148165 -0.418531 27.9965 250.511 -13 9014 1 0 1
-10.4152 2.06573 19250 0.24288 -0.406075 27.996 250.516 -13 9015 1 0 1
-13.3723 -5.26544 19250 0.678945 1.23305 27.9646 250.597 -13 9016 1 0 1
-6.84751 -1.58533 19250 0.188585 0.233886 27.9984 250.501 -13 9017 1 0 1
-0.665423 -10.2296 19250 0.771913 3.39005 27.7833 250.816 -13 9018 1 0 1
-2.26267 0.648385 19250 0.0562954 -0.0853964 27.9998 250.514 -13 9019 1 0 1
-16.3584 1.56589 19250 0.800414 -0.486876 27.9843 250.588 -13 9020 1 0 1
-9.47886 5.79696 19250 0.292147 -1.11818 27.9761 250.542 -13 9021 1 0 1
-3.58251 3.00499 19250 0.118937 -0.424555 27.9965 250.509 -13 9022 1 0 1
-26.7564 5.73692 19250 -1.62181 -5.96358 27.3094 251.223 -13 9023 1 0 1
-0.927129 -1.3349 19250 0.0725147 0.311633 27.9982 250.507 -13 9024 1 0 1
1.52274 3.22844 19250 0.0327842 -0.597286 27.9936 250.518 -13 9025 1 0 1
15.3256 2.61798 19250 -0.331583 -0.583246 27.992 250.578 -13 9026 1 0 1
8.36326 -7.38998 19250 -0.130706 1.41139 27.9641 250.579 -13 9027 1 0 1
10.1773 2.77768 19250 -0.0943975 -0.420964 27.9967 250.53 -13 9028 1 0 1
10.4064 -10.7862 19250 0.647617 6.00773 27.3402 251.248 -13 9029 1 0 1
-7.18225 5.85132 19250 -1.376 -3.76386 27.7117 250.893 -13 9030 1 0 1
-11.2338 0.754327 19250 0.2608 -0.17192 27.9983 250.513 -13 9031 1 0 1
-1.39449 5.73666 19250 0.0654874 -0.939407 27.9842 250.536 -13 9032 1 0 1
3.27508 9.81006 19250 -0.00912389 -1.79805 27.9422 250.603 -13 9033 1 0 1
17.1975 -3.95315 19250 1.74152 4.21761 27.6257 250.988 -13 9034 1 0 1
-5.73942 9.68459 19250 -0.895233 -4.42248 27.634 250.934 -13 9035 1 0 1
-14.9991 -1.67211 19250 0.428537 0.32141 27.9949 250.537 -13 9036 1 0 1
-15.6023 -0.00558263 19250 0.45056 0.0516151 27.9963 250.537 -13 9037 1 0 1
-11.6982 6.29655 19250 0.427345 -1.30003 27.9665 250.573 -13 9038 1 0 1
-0.875532 -6.73696 19250 0.0799044 1.21754 27.9734 250.545 -13 9039 1 0 1
-2.34494 11.3478 19250 0.163594 -2.43376 27.8935 250.664 -13 9040 1 0 1
6.56613 -7.99225 19250 -0.085916 1.57562 27.9555 250.581 -13 9041 1 0 1
5.55173 10.306 19250 -0.138544 -2.11606 27.9196 250.641 -13 9042 1 0 1
-10.7944 2.63504 19250 0.239926 -0.45755 27.9952 250.522 -13 9043 1 0 1
-1.0803 5.91151 19250 0.067468 -0.938302 27.9842 250.536 -13 9044 1 0 1
9.171 8.62389 19250 -0.209239 -1.66033 27.9499 250.612 -13 9045 1 0 1
-5.50917 9.60324 19250 0.635949 -2.69518 27.8627 250.718 -13 9046 1 0 1
14.1718 5.01468 19250 -0.310404 -0.913493 27.9834 250.585 -13 9047 1 0 1
-13.6877 -3.98441 19250 0.423782 0.86148 27.9835 250.549 -13 9048 1 0 1
-9.96725 8.22073 19250 0.465289 -1.81149 27.9375 250.622 -13 9049 1 0 1
-12.4334 -4.82747 19250 0.353607 0.753349 27.9876 250.545 -13 9050 1 0 1
-0.29832 -10.9112 19250 0.104705 2.18018 27.9148 250.633 -13 9051 1 0 1
0.616737 -10.6577 19250 0.0508271 2.18016 27.9149 250.63 -13 9052 1 0 1
-3.01974 -9.64158 19250 0.168913 2.04076 27.925 250.607 -13 9053 1 0 1
5.28695 0.634406 19250 0.00672413 -0.0382562 28 250.507 -13 9054 1 0 1
-14.2269 4.48245 19250 0.564004 -1.03143 27.9753 250.571 -13 9055 1 0 1
137.512 23.5584 19250 5.5593 7.02536 26.5281 251.927 -13 9056 1 0 1
-7.65465 -2.96466 19250 0.153077 0.438255 27.9962 250.521 -13 9057 1 0 1
14.3616 -5.07515 19250 -0.652164 1.56592 27.9486 250.653 -13 9058 1 0 1
12.9721 5.23749 19250 -0.800284 -1.68548 27.9378 250.685 -13 9059 1 0 1
8.96498 1.57746 19250 -0.0632662 -0.295245 27.9984 250.52 -13 9060 1 0 1
-5.34342 -6.90863 19250 0.972862 2.51945 27.8694 250.73 -13 9061 1 0 1
-7.71345 6.25182 19250 0.206294 -1.00565 27.9812 250.544 -13 9062 1 0 1
0.801804 13.1054 19250 -0.0230075 -3.6896 27.7558 250.821 -13 9063 1 0 1
-3.51726 -9.33586 19250 0.755963 2.95487 27.8334 250.751 -13 9064 1 0 1
1.98304 12.3336 19250 -0.103771 -3.26039 27.8093 250.753 -13 9065 1 0 1
16.017 4.86797 19250 -0.374634 -1.04077 27.9781 250.59 -13 9066 1 0 1
0.327626 1.87376 19250 0.0645821 -0.231142 27.999 250.506 -13 9067 1 0 1
-11.292 0.189804 19250 0.269916 -0.0247124 27.9987 250.511 -13 9068 1 0 1
5.49651 -3.63554 19250 -0.0405807 0.512418 27.9953 250.53 -13 9069 1 0 1
-5.63912 4.72788 19250 0.13849 -0.809051 27.988 250.528 -13 9070 1 0 1
6.01581 -5.69473 19250 -0.0436347 0.930661 27.9845 250.542 -13 9071 1 0 1
13.4944 5.76417 19250 -0.670987 -1.71193 27.9396 250.665 -13 9072 1 0 1
-4.76697 9.06792 19250 0.200567 -1.66003 27.95 250.587 -13 9073 1 0 1
-9.0178 -4.65818 19250 0.217247 0.80934 27.9875 250.531 -13 9074 1 0 1
-14.4588 -0.8284 19250 0.430899 0.209748 27.9959 250.526 -13 9075 1 0 1
9.07729 -4.25668 19250 -0.110826 0.683235 27.9914 250.544 -13 9076 1 0 1
-9.37075 -0.0189153 19250 0.229571 0.0328876 27.999 250.504 -13 9077 1 0 1
18.0783 1.87171 19250 -0.319708 -0.465282 27.9943 250.563 -13 9078 1 0 1
13.2213 0.402908 19250 -0.215214 -0.153398 27.9988 250.551 -13 9079 1 0 1
-8.39853 3.07784 19250 0.203502 -0.496903 27.9949 250.515 -13 9080 1 0 1
2.60464 12.1178 19250 -0.287792 -3.32712 27.8001 250.777 -13 9081 1 0 1
12.1673 7.0346 19250 -0.421051 -1.6208 27.9499 250.636 -13 9082 1 0 1
-13.4192 -2.47924 19250 0.38288 0.346382 27.9952 250.526 -13 9083 1 0 1
-8.20512 -2.95837 19250 0.172015 0.426475 27.9962 250.52 -13 9084 1 0 1
-4.36163 -9.99809 19250 0.21932 2.0842 27.9215 250.621 -13 9085 1 0 1
9.94698 7.51548 19250 -0.183656 -1.45844 27.9614 250.589 -13 9086 1 0 1
-12.2103 -6.60502 19250 0.51608 1.44462 27.9579 250.599 -13 9087 1 0 1
-10.8625 1.00059 19250 0.235172 -0.0848114 27.9989 250.515 -13 9088 1 0 1
-15.2323 3.82878 19250 0.64049 -0.867505 27.9792 250.58 -13 9089 1 0 1
142.477 52.0301 19250 6.63323 5.10983 26.7187 251.916 -13 9090 1 0 1
12.9876 -3.68405 19250 1.71878 3.72352 27.698 250.937 -13 9091 1 0 1
-13.3981 -5.93359 19250 0.487168 1.24695 27.968 250.589 -13 9092 1 0 1
-10.9936 -2.78072 19250 0.317031 0.372641 27.9957 250.512 -13 9093 1 0 1
-1.25761 -7.127 19250 0.0809381 1.34953 27.9673 250.554 -13 9094 1 0 1
-5.62449 -6.30887 19250 0.152939 1.07296 27.979 250.543 -13 9095 1 0 1
6.81323 7.13734 19250 -0.0587352 -1.11998 27.9775 250.559 -13 9096 1 0 1
2.68946 1.44079 19250 0.00916855 -0.174118 27.9995 250.515 -13 9097 1 0 1
3.38976 0.629594 19250 0.051125 -0.0459264 27.9999 250.499 -13 9098 1 0 1
1.3229 -1.55294 19250 0.0473156 0.151793 27.9995 250.507 -13 9099 1 0 1
12.8876 -7.27969 19250 -0.48537 1.69986 27.9441 250.646 -13 9100 1 0 1
18.4141 -0.68577 19250 -0.459747 -0.0471217 27.9962 250.589 -13 9101 1 0 1
-13.6544 6.30783 19250 -1.44189 -4.44885 27.6067 250.979 -13 9102 1 0 1
-9.5949 2.73669 19250 0.237204 -0.445479 27.9955 250.514 -13 9103 1 0 1
-12.7034 1.40059 19250 0.300477 -0.137426 27.9981 250.521 -13 9104 1 0 1
-3.73402 -1.2288 19250 0.0907138 0.201641 27.9991 250.511 -13 9105 1 0 1
-0.470713 -2.37708 19250 0.0614737 0.320303 27.9981 250.511 -13 9106 1 0 1
10.098 -0.482512 19250 -0.091825 -0.0167193 27.9998 250.524 -13 9107 1 0 1
7.5467 -0.0190208 19250 -0.0420148 0.0120775 28 250.516 -13 9108 1 0 1
10.7779 -8.48224 19250 -0.324167 1.77519 27.9418 250.632 -13 9109 1 0 1
1.38304 11.6286 19250 0.0134613 -2.76612 27.863 250.684 -13 9110 1 0 1
7.94049 -3.41945 19250 -0.0502094 0.504302 27.9954 250.526 -13 9111 1 0 1
-11.008 -4.51429 19250 0.278243 0.730216 27.9891 250.535 -13 9112 1 0 1
-25.3098 -10.4142 19250 -2.87658 -2.96364 27.6937 251.002 -13 9113 1 0 1
3.23945 -8.55114 19250 -0.0260096 1.52986 27.9582 250.584 -13 9114 1 0 1
6.2992 -5.51251 19250 -0.0467202 0.874322 27.9863 250.541 -13 9115 1 0 1
-1.77205 -3.91763 19250 0.0810898 0.668068 27.9919 250.519 -13 9116 1 0 1
-0.649043 -4.13646 19250 0.0738473 0.760532 27.9896 250.519 -13 9117 1 0 1
-6.87424 2.49066 19250 0.155505 -0.506831 27.995 250.515 -13 9118 1 0 1
-6.98751 -9.40957 19250 0.302043 1.81592 27.9394 250.611 -13 9119 1 0 1
-7.98717 -7.82014 19250 0.238086 1.3267 27.9675 250.574 -13 9120 1 0 1
-7.42136 -8.98295 19250 0.599333 2.37738 27.8925 250.68 -13 9121 1 0 1
4.73321 11.3741 19250 -0.332731 -3.05734 27.8306 250.736 -13 9122 1 0 1
9.67815 -4.14118 19250 -0.112858 0.686928 27.9913 250.543 -13 9123 1 0 1
9.39909 5.98198 19250 -0.0958939 -1.05643 27.9799 250.549 -13 9124 1 0 1
1.64386 -11.9811 19250 0.00974283 2.53179 27.8853 250.679 -13 9125 1 0 1
-5.24378 -3.25132 19250 0.14941 0.548464 27.9942 250.511 -13 9126 1 0 1
14.9302 1.66884 19250 -0.2302 -0.3365 27.997 250.551 -13 9127 1 0 1
3.81578 8.50729 19250 -0.00550147 -1.5915 27.9547 250.576 -13 9128 1 0 1
0.827543 -8.42775 19250 0.0779915 1.47337 27.9611 250.566 -13 9129 1 0 1
8.56709 2.69239 19250 -0.0817074 -0.300864 27.9983 250.531 -13 9130 1 0 1
0.609794 -7.54078 19250 0.0434006 1.29836 27.9698 250.559 -13 9131 1 0 1
16.3435 -2.20661 19250 -0.290832 0.433809 27.9951 250.563 -13 9132 1 0 1
7.30919 -1.82335 19250 -0.0684001 0.262099 27.9987 250.526 -13 9133 1 0 1
5.5006 -6.27041 19250 1.31204 3.56174 27.7415 250.873 -13 9134 1 0 1
-7.80752 -7.96962 19250 0.301185 1.68867 27.9474 250.583 -13 9135 1 0 1
-12.4808 -6.22232 19250 0.640797 1.5293 27.9509 250.619 -13 9136 1 0 1
5.61005 0.826192 19250 -0.00935935 -0.211436 27.9992 250.512 -13 9137 1 0 1
-5.02007 7.47896 19250 0.135356 -1.22945 27.9727 250.563 -13 9138 1 0 1
-15.8537 1.57905 19250 1.01535 -0.461701 27.9778 250.63 -13 9139 1 0 1
-10.046 -3.40367 19250 0.2332 0.641756 27.9917 250.525 -13 9140 1 0 1
-14.4618 -0.39188 19250 0.337287 0.0536438 27.9979 250.532 -13 9141 1 0 1
0.723682 12.8133 19250 0.156663 -4.04181 27.7063 250.857 -13 9142 1 0 1
-13.6342 3.58797 19250 0.94832 -1.22285 27.9572 250.642 -13 9143 1 0 1
-3.86264 9.99259 19250 -0.85146 -4.1494 27.6777 250.907 -13 9144 1 0 1
13.7577 -3.42951 19250 -0.191319 0.541733 27.9941 250.55 -13 9145 1 0 1
-0.517767 3.89826 19250 0.102702 -0.632481 27.9927 250.508 -13 9146 1 0 1
13.4714 5.10676 19250 -0.22421 -0.865474 27.9857 250.566 -13 9147 1 0 1
2.59655 11.9952 19250 -0.069023 -2.80247 27.8593 250.702 -13 9148 1 0 1
-9.08738 -3.80833 19250 1.13304 1.7625 27.9215 250.684 -13 9149 1 0 1
3.57287 -5.82658 19250 0.00126673 0.908177 27.9853 250.538 -13 9150 1 0 1
15.8279 2.66936 19250 -0.92812 -1.07917 27.9638 250.672 -13 9151 1 0 1
7.10135 -9.0401 19250 -0.144495 1.7592 27.9443 250.608 -13 9152 1 0 1
-9.65965 -8.11559 19250 0.654861 2.03124 27.9185 250.669 -13 9153 1 0 1
-2.10408 -1.88891 19250 0.102353 0.317677 27.998 250.503 -13 9154 1 0 1
-3.67575 0.758679 19250 0.104317 -0.174881 27.9993 250.506 -13 9155 1 0 1
10.1422 -6.21355 19250 -0.165502 1.09846 27.978 250.568 -13 9156 1 0 1
0.239757 10.4545 19250 -0.693801 -3.72915 27.7419 250.842 -13 9157 1 0 1
-0.551168 4.06763 19250 0.0666329 -0.687563 27.9915 250.52 -13 9158 1 0 1
1.0807 3.74131 19250 0.0225524 -0.532692 27.9949 250.525 -13 9159 1 0 1
-10.2658 6.86264 19250 0.340006 -1.12713 27.9752 250.56 -13 9160 1 0 1
-12.1714 6.01555 19250 0.43629 -1.25689 27.9684 250.573 -13 9161 1 0 1
-1.76181 -0.569766 19250 0.0791362 0.136141 27.9996 250.506 -13 9162 1 0 1
54.4972 8.01136 19250 3.25979 4.92529 27.37 251.249 -13 9163 1 0 1
-14.8325 -3.0536 19250 0.422918 0.551269 27.9914 250.547 -13 9164 1 0 1
-7.29672 0.458212 19250 0.163704 -0.118984 27.9993 250.507 -13 9165 1 0 1
6.49263 -2.04537 19250 0.00188343 0.308332 27.9983 250.509 -13 9166 1 0 1
-7.12157 -2.10225 19250 0.186933 0.236271 27.9984 250.505 -13 9167 1 0 1
6.36401 0.9949 19250 -0.026395 -0.148313 27.9996 250.515 -13 9168 1 0 1
18.5974 -1.00464 19250 -0.470673 0.171501 27.9955 250.59 -13 9169 1 0 1
10.0444 5.56533 19250 -0.141728 -1.01711 27.9812 250.557 -13 9170 1 0 1
-7.36338 0.790489 19250 0.178744 -0.0341071 27.9994 250.504 -13 9171 1 0 1
7.66418 0.622084 19250 -0.0264147 -0.0906798 27.9998 250.512 -13 9172 1 0 1
-0.731657 -6.23735 19250 1.20878 2.87189 27.8261 250.802 -13 9173 1 0 1
-4.95388 5.60783 19250 0.144557 -0.903954 27.985 250.531 -13 9174 1 0 1
4.67752 -2.61452 19250 -0.00870843 0.365092 27.9976 250.518 -13 9175 1 0 1
3.17263 -2.04998 19250 0.0343788 0.30512 27.9983 250.507 -13 9176 1 0 1
7.62498 -2.93365 19250 -0.0620397 0.3967 27.9971 250.527 -13 9177 1 0 1
-7.74339 -7.10663 19250 0.207221 1.2931 27.9694 250.564 -13 9178 1 0 1
0.270496 -4.10832 19250 0.0659318 0.729652 27.9904 250.518 -13 9179 1 0 1
2.73681 3.64751 19250 0.00967424 -0.646056 27.9925 250.524 -13 9180 1 0 1
-1.48004 6.89805 19250 0.0643782 -1.18213 27.975 250.553 -13 9181 1 0 1
-15.816 -2.88295 19250 0.596838 0.467192 27.9897 250.562 -13 9182 1 0 1
-11.9879 -6.34997 19250 0.624853 1.4725 27.9543 250.605 -13 9183 1 0 1
5.87083 -7.81241 19250 -0.0666284 1.37456 27.9662 250.574 -13 9184 1 0 1
4.30088 6.76311 19250 -0.954577 -2.91793 27.8312 250.767 -13 9185 1 0 1
17.9729 3.15909 19250 -0.610268 -0.771293 27.9827 250.622 -13 9186 1 0 1
-1.02123 10.4884 19250 0.0943553 -2.18355 27.9146 250.629 -13 9187 1 0 1
-6.9838 8.13622 19250 0.727862 -2.40691 27.8869 250.684 -13 9188 1 0 1
13.8194 4.19871 19250 -0.237017 -0.778577 27.9882 250.564 -13 9189 1 0 1
-9.24395 -1.30303 19250 0.218467 0.284495 27.9977 250.509 -13 9190 1 0 1
10.5171 3.25121 19250 -0.0939814 -0.431191 27.9965 250.532 -13 9191 1 0 1
0.139516 10.2648 19250 -0.697833 -3.74167 27.7401 250.84 -13 9192 1 0 1
-1.59342 -2.3896 19250 0.0536935 0.39735 27.9971 250.517 -13 9193 1 0 1
33.6512 -1.47543 19250 2.2584 5.05083 27.4479 251.179 -13 9194 1 0 1
-5.14335 -2.00617 19250 0.13826 0.351127 27.9975 250.507 -13 9195 1 0 1
-29.996 -4.91252 19250 -2.5993 -3.87345 27.6087 251.022 -13 9196 1 0 1
4.78306 -3.17638 19250 1.58504 3.00377 27.7933 250.848 -13 9197 1 0 1
-10.2877 -7.77404 19250 0.36885 1.51682 27.9565 250.595 -13 9198 1 0 1
-8.94683 -4.15036 19250 1.10205 1.88015 27.9151 250.694 -13 9199 1 0 1
4.29737 5.79972 19250 -0.0343255 -0.980862 27.9828 250.546 -13 9200 1 0 1
-3.12249 5.18622 19250 0.123023 -0.751693 27.9896 250.522 -13 9201 1 0 1
-3.9231 -5.53682 19250 0.122113 0.835717 27.9873 250.53 -13 9202 1 0 1
-11.7897 -3.8653 19250 0.33517 0.622863 27.9911 250.528 -13 9203 1 0 1
6.62882 8.23306 19250 -0.14441 -1.55779 27.9563 250.6 -13 9204 1 0 1
19.1597 -6.29912 19250 1.54756 4.9452 27.5164 251.086 -13 9205 1 0 1
-14.8078 3.73161 19250 0.718108 -1.06389 27.9706 250.594 -13 9206 1 0 1
-15.8713 -1.6945 19250 0.834419 0.648673 27.98 250.593 -13 9207 1 0 1
3.08102 -11.0042 19250 -0.487677 3.50774 27.7751 250.793 -13 9208 1 0 1
16.4494 -5.12799 19250 -0.494535 1.13198 27.9727 250.614 -13 9209 1 0 1
-10.6561 5.03264 19250 0.2538 -0.88021 27.985 250.544 -13 9210 1 0 1
12.5041 7.6636 19250 -0.451349 -1.67446 27.9462 250.646 -13 9211 1 0 1
-12.1425 -1.08082 19250 1.3584 0.842465 27.9543 250.693 -13 9212 1 0 1
-6.25211 -8.606 19250 0.232011 1.62421 27.9519 250.585 -13 9213 1 0 1
11.7016 0.388069 19250 -0.124619 -0.0432117 27.9997 250.53 -13 9214 1 0 1
-7.60654 3.95362 19250 0.166698 -0.534383 27.9944 250.525 -13 9215 1 0 1
-1.56552 -4.52881 19250 0.0909639 0.747526 27.9899 250.519 -13 9216 1 0 1
-8.28736 -4.60991 19250 0.215908 0.828318 27.9869 250.526 -13 9217 1 0 1
11.9285 -3.96244 19250 -0.164475 0.627991 27.9925 250.55 -13 9218 1 0 1
-6.3007 6.06464 19250 0.202846 -1.05997 27.9792 250.533 -13 9219 1 0 1
-10.055 -3.89511 19250 0.250003 0.614273 27.9921 250.525 -13 9220 1 0 1
0.121932 6.10468 19250 0.0826284 -0.895639 27.9855 250.529 -13 9221 1 0 1
-6.12363 -10.4116 19250 0.348493 2.33746 27.9001 250.664 -13 9222 1 0 1
2.73626 -11.0041 19250 0.739491 3.9814 27.7056 250.888 -13 9223 1 0 1
3.43052 3.00407 19250 0.0347178 -0.420777 27.9968 250.51 -13 9224 1 0 1
-4.59475 -1.09341 19250 0.117379 0.226893 27.9988 250.507 -13 9225 1 0 1
-7.82393 4.40863 19250 0.212455 -0.726169 27.9898 250.521 -13 9226 1 0 1
10.7361 4.74603 19250 -0.133367 -0.852087 27.9867 250.547 -13 9227 1 0 1
-13.2214 -2.38033 19250 0.35278 0.440099 27.9943 250.527 -13 9228 1 0 1
9.99315 1.96243 19250 -0.135014 -0.380556 27.9971 250.539 -13 9229 1 0 1
-14.1801 -1.44171 19250 0.397259 0.27992 27.9958 250.528 -13 9230 1 0 1
-10.3979 0.693952 19250 1.49674 -0.976605 27.9429 250.727 -13 9231 1 0 1
-4.90968 5.03216 19250 0.15818 -0.744292 27.9897 250.521 -13 9232 1 0 1
-7.51793 2.19922 19250 0.170268 -0.313493 27.9977 250.512 -13 9233 1 0 1
-8.64248 -4.71134 19250 0.211576 0.703244 27.9904 250.53 -13 9234 1 0 1
-9.75489 -6.99258 19250 0.713211 1.92865 27.9244 250.641 -13 9235 1 0 1
-1.42786 -5.70837 19250 0.0581413 0.922059 27.9848 250.538 -13 9236 1 0 1
-0.332583 -6.44434 19250 0.0770109 1.13904 27.9767 250.539 -13 9237 1 0 1
7.03092 8.10325 19250 -0.053659 -1.37666 27.9661 250.57 -13 9238 1 0 1
-6.93094 0.352831 19250 0.151421 -0.0954979 27.9994 250.508 -13 9239 1 0 1
-0.884846 9.33088 19250 0.0828532 -1.7768 27.9434 250.592 -13 9240 1 0 1
3.35432 5.66431 19250 -0.0185024 -0.928007 27.9846 250.543 -13 9241 1 0 1
-9.04495 -0.0744728 19250 0.18795 -0.0517307 27.9993 250.512 -13 9242 1 0 1
0.291888 -7.85644 19250 0.0525536 1.34531 27.9676 250.563 -13 9243 1 0 1
-8.48647 -2.42987 19250 0.196688 0.436626 27.9959 250.513 -13 9244 1 0 1
-0.604325 8.1977 19250 -0.145729 -7.72243 26.9136 251.614 -13 9245 1 0 1
13.1062 -1.09968 19250 -0.146983 0.161362 27.9991 250.533 -13 9246 1 0 1
-14.6133 3.78644 19250 0.430873 -0.66935 27.9887 250.554 -13 9247 1 0 1
-3.86123 -1.19529 19250 0.114949 0.0473117 27.9997 250.505 -13 9248 1 0 1
-0.295994 3.39998 19250 0.0578925 -0.447526 27.9964 250.517 -13 9249 1 0 1
-14.3793 -5.03074 19250 0.527622 1.04511 27.9755 250.58 -13 9250 1 0 1
7.79575 -1.12541 19250 -0.067771 0.12206 27.9997 250.524 -13 9251 1 0 1
-1.79626 -7.33718 19250 0.0796953 1.21459 27.9735 250.556 -13 9252 1 0 1
1.98757 4.63886 19250 0.0227746 -0.785275 27.989 250.527 -13 9253 1 0 1
-16.5934 2.24737 19250 0.652803 -0.431597 27.9891 250.573 -13 9254 1 0 1
12.0648 -4.1291 19250 -0.210678 0.764739 27.9888 250.562 -13 9255 1 0 1
14.9488 1.89997 19250 -0.235015 -0.318244 27.9972 250.552 -13 9256 1 0 1
4.91056 -7.01598 19250 -0.0358621 1.23187 27.9729 250.558 -13 9257 1 0 1
-8.12107 -9.30687 19250 0.396133 2.04898 27.9221 250.638 -13 9258 1 0 1
14.1956 -1.22825 19250 -0.180713 0.15608 27.999 250.539 -13 9259 1 0 1
-14.62 -4.9064 19250 0.58277 0.972374 27.977 250.583 -13 9260 1 0 1
18.5852 0.517632 19250 -0.493391 -0.151226 27.9952 250.594 -13 9261 1 0 1
-11.8012 4.89585 19250 0.277354 -0.835684 27.9862 250.549 -13 9262 1 0 1
-9.47816 -3.97588 19250 0.240723 0.713313 27.9899 250.524 -13 9263 1 0 1
-3.68909 -9.66939 19250 0.153088 1.74645 27.9451 250.602 -13 9264 1 0 1
-14.017 4.72128 19250 0.461244 -0.936988 27.9805 250.563 -13 9265 1 0 1
6.21964 -5.06561 19250 -0.0595545 0.913163 27.985 250.542 -13 9266 1 0 1
-4.55402 -0.0875367 19250 0.111324 -0.0217345 27.9998 250.507 -13 9267 1 0 1
-10.7755 -4.60868 19250 0.287087 0.829211 27.9862 250.534 -13 9268 1 0 1
-4.08219 10.861 19250 0.3784 -2.59234 27.8772 250.674 -13 9269 1 0 1
-14.1805 -0.818502 19250 0.380082 0.0160355 27.9974 250.526 -13 9270 1 0 1
-9.8556 -6.93999 19250 0.310906 1.30912 27.9677 250.568 -13 9271 1 0 1
-14.9774 -4.49595 19250 0.561618 0.999967 27.9765 250.582 -13 9272 1 0 1
0.817486 0.798306 19250 0.0471838 -0.208073 27.9992 250.507 -13 9273 1 0 1
-6.29596 -3.7849 19250 0.187496 0.645408 27.9919 250.512 -13 9274 1 0 1
-13.9963 0.268073 19250 0.368824 -0.0226312 27.9976 250.523 -13 9275 1 0 1
18.0005 -7.42381 19250 1.44056 5.00797 27.5108 251.1 -13 9276 1 0 1
3.5164 -11.969 19250 0.218729 5.57182 27.4392 251.131 -13 9277 1 0 1
-7.81051 7.51831 19250 0.248091 -1.4023 27.9638 250.569 -13 9278 1 0 1
12.1778 -1.44931 19250 -0.168397 0.28146 27.9981 250.542 -13 9279 1 0 1
-2.23398 -3.67886 19250 0.100091 0.627365 27.9928 250.514 -13 9280 1 0 1
1.98804 -1.05499 19250 0.0401568 0.106471 27.9998 250.506 -13 9281 1 0 1
11.4167 -1.05196 19250 -0.105186 0.153983 27.9994 250.526 -13 9282 1 0 1
2.60294 9.19319 19250 0.0373314 -1.58621 27.955 250.58 -13 9283 1 0 1
-10.0802 6.13661 19250 0.341439 -1.27066 27.9691 250.554 -13 9284 1 0 1
18.4843 -0.771497 19250 -0.441671 0.141074 27.9962 250.585 -13 9285 1 0 1
13.3853 0.289031 19250 -0.188938 -0.0528204 27.9993 250.543 -13 9286 1 0 1
-4.68047 2.60188 19250 0.13321 -0.407149 27.9967 250.508 -13 9287 1 0 1
11.4588 -1.21875 19250 -0.162012 0.218899 27.9987 250.542 -13 9288 1 0 1
-10.6142 -1.30748 19250 1.40667 1.02689 27.9458 250.697 -13 9289 1 0 1
1.74682 -6.85248 19250 0.0373654 0.999177 27.9821 250.545 -13 9290 1 0 1
-0.609968 3.71115 19250 0.0659575 -0.597289 27.9936 250.518 -13 9291 1 0 1
5.07627 -2.32027 19250 -0.0213005 0.357139 27.9977 250.519 -13 9292 1 0 1
-10.3964 1.40644 19250 0.23873 -0.290926 27.9975 250.513 -13 9293 1 0 1
2.38419 -6.94154 19250 0.006304 1.24581 27.9723 250.555 -13 9294 1 0 1
1.18361 12.2958 19250 -0.371165 -3.85427 27.731 250.844 -13 9295 1 0 1
7.19786 3.227 19250 -0.0559215 -0.514636 27.9952 250.528 -13 9296 1 0 1
7.46161 8.23183 19250 -0.712958 -2.66539 27.8637 250.73 -13 9297 1 0 1
-1.84532 -6.43335 19250 0.0795698 1.17391 27.9753 250.545 -13 9298 1 0 1
-1.98446 -1.5716 19250 0.0820443 0.363415 27.9975 250.508 -13 9299 1 0 1
0.628275 10.0523 19250 -0.760491 -3.54575 27.7642 250.833 -13 9300 1 0 1
12.5881 -1.13339 19250 -0.152344 0.257039 27.9984 250.536 -13 9301 1 0 1
-6.36677 -2.06369 19250 0.129126 0.238296 27.9987 250.516 -13 9302 1 0 1
-8.93652 -7.89816 19250 0.339511 1.62368 27.9508 250.588 -13 9303 1 0 1
-11.5095 0.55212 19250 0.271243 -0.0531217 27.9986 250.513 -13 9304 1 0 1
-11.6321 -2.19096 19250 0.267037 0.378667 27.9962 250.521 -13 9305 1 0 1
5.48347 -6.00854 19250 1.34482 3.49439 27.7485 250.87 -13 9306 1 0 1
0.406521 -3.0771 19250 -2.07758 -1.46754 27.8842 250.848 -13 9307 1 0 1
-3.97289 8.53898 19250 0.17326 -1.54832 27.9566 250.573 -13 9308 1 0 1
-1.73197 -11.0943 19250 0.10634 2.33507 27.9023 250.653 -13 9309 1 0 1
1.3315 8.86482 19250 -0.869902 -3.32993 27.7877 250.814 -13 9310 1 0 1
10.9735 7.8728 19250 -0.268588 -1.5892 27.9536 250.611 -13 9311 1 0 1
10.6815 -0.204399 19250 -0.078123 0.0603986 27.9998 250.52 -13 9312 1 0 1
-16.6653 1.05096 19250 0.670973 -0.338548 27.9899 250.568 -13 9313 1 0 1
17.5727 -5.2513 19250 1.60387 4.60029 27.5729 251.022 -13 9314 1 0 1
2.99188 7.33723 19250 0.0141566 -1.18825 27.9748 250.553 -13 9315 1 0 1
-15.9698 -0.928596 19250 0.532967 0.224938 27.994 250.545 -13 9316 1 0 1
19.368 0.351677 19250 -0.573004 -0.141322 27.9938 250.605 -13 9317 1 0 1
1.41439 12.8437 19250 0.00967691 -3.10662 27.8271 250.742 -13 9318 1 0 1
-1.09787 -7.94746 19250 0.0958234 1.42868 27.9634 250.562 -13 9319 1 0 1
-2.00987 -11.4135 19250 0.484026 3.24303 27.8073 250.763 -13 9320 1 0 1
7.64379 -0.845885 19250 -0.0681405 0.185255 27.9993 250.524 -13 9321 1 0 1
11.0126 4.08424 19250 -0.123231 -0.682208 27.9914 250.542 -13 9322 1 0 1
-9.83951 -3.94993 19250 0.245634 0.580329 27.9929 250.525 -13 9323 1 0 1
-7.77601 1.20833 19250 0.176464 -0.190292 27.9988 250.508 -13 9324 1 0 1
-14.2398 -1.72371 19250 0.345508 0.304377 27.9962 250.534 -13 9325 1 0 1
8.54874 2.72385 19250 -0.0723466 -0.566244 27.9942 250.528 -13 9326 1 0 1
-3.72778 4.17119 19250 0.110464 -0.653318 27.9922 250.521 -13 9327 1 0 1
-3.00869 11.4386 19250 0.429194 -3.14191 27.8199 250.757 -13 9328 1 0 1
5.62096 2.16397 19250 -0.0272437 -0.328636 27.9981 250.519 -13 9329 1 0 1
2.09099 8.43935 19250 0.0311744 -1.4859 27.9605 250.571 -13 9330 1 0 1
12.3279 7.73801 19250 -0.330886 -1.6211 27.9511 250.619 -13 9331 1 0 1
-7.42882 -6.75153 19250 0.197511 1.11991 27.9769 250.552 -13 9332 1 0 1
-6.82951 0.62724 19250 0.18503 -0.144181 27.999 250.5 -13 9333 1 0 1
-8.35509 -5.46123 19250 0.204052 0.871649 27.9857 250.538 -13 9334 1 0 1
-9.11938 3.10763 19250 0.223936 -0.530667 27.9941 250.516 -13 9335 1 0 1
-3.71409 -9.25239 19250 0.129344 1.84301 27.939 250.602 -13 9336 1 0 1
-3.07894 -4.36989 19250 0.0942496 0.569115 27.9941 250.524 -13 9337 1 0 1
-9.33578 4.90301 19250 0.260485 -0.912837 27.9839 250.53 -13 9338 1 0 1
0.759169 3.50976 19250 0.0497338 -0.514532 27.9952 250.516 -13 9339 1 0 1
215.177 63.6895 19250 8.3548 6.2661 25.9795 252.462 -13 9340 1 0 1
3.06116 -2.44169 19250 0.0109935 0.311666 27.9983 250.516 -13 9341 1 0 1
-14.6665 3.98522 19250 0.494754 -0.864434 27.9823 250.562 -13 9342 1 0 1
-13.6238 -3.10925 19250 0.377276 0.519078 27.9926 250.535 -13 9343 1 0 1
-1.31725 10.5885 19250 0.129983 -2.13873 27.9179 250.625 -13 9344 1 0 1
-7.27037 -1.14398 19250 0.1889 0.227083 27.9984 250.502 -13 9345 1 0 1
12.0595 2.4982 19250 -0.138211 -0.405336 27.9967 250.536 -13 9346 1 0 1
2.14162 -12.2946 19250 0.179161 5.3002 27.4932 251.084 -13 9347 1 0 1
-11.356 -1.46589 19250 0.285835 0.244723 27.9975 250.512 -13 9348 1 0 1
-39.2086 -2.37058 19250 -2.58689 -4.88602 27.4488 251.121 -13 9349 1 0 1
1.07287 -0.730971 19250 0.0602966 0.0959768 27.9998 250.502 -13 9350 1 0 1
-3.76369 -6.7544 19250 0.16824 1.29745 27.9694 250.542 -13 9351 1 0 1
-12.6638 -0.523322 19250 0.292772 0.0856176 27.9983 250.52 -13 9352 1 0 1
-6.78128 -4.13671 19250 0.169622 0.62614 27.9925 250.521 -13 9353 1 0 1
-6.6049 5.68907 19250 0.171113 -0.9273 27.9841 250.536 -13 9354 1 0 1
-3.44296 -6.11769 19250 0.112758 0.879912 27.9859 250.537 -13 9355 1 0 1
-7.59081 0.46293 19250 0.177862 -0.00630098 27.9994 250.505 -13 9356 1 0 1
-10.453 -7.58033 19250 0.552493 1.78477 27.9376 250.622 -13 9357 1 0 1
-15.1867 -0.773867 19250 0.454089 0.075787 27.9962 250.533 -13 9358 1 0 1
10.0864 -0.656935 19250 -0.107671 0.0921175 27.9996 250.529 -13 9359 1 0 1
10.9377 8.36163 19250 -0.37258 -1.84859 27.9364 250.642 -13 9360 1 0 1
-1.157 -3.8262 19250 0.080258 0.687014 27.9915 250.516 -13 9361 1 0 1
-6.70224 -10.1117 19250 0.365523 2.22849 27.9088 250.654 -13 9362 1 0 1
-8.99831 -8.83387 19250 0.485158 1.93476 27.9289 250.636 -13 9363 1 0 1
-5.04322 -10.888 19250 0.309971 2.44166 27.8916 250.673 -13 9364 1 0 1
-9.7602 1.40987 19250 0.227272 -0.313878 27.9973 250.511 -13 9365 1 0 1
12.0888 -3.38724 19250 -0.158738 0.621593 27.9926 250.546 -13 9366 1 0 1
-16.9839 0.375379 19250 0.602021 -0.00999131 27.9935 250.561 -13 9367 1 0 1
-6.72816 9.35441 19250 0.274181 -1.80992 27.9401 250.609 -13 9368 1 0 1
11.8836 -0.941804 19250 -0.0970328 0.172347 27.9993 250.523 -13 9369 1 0 1
14.5832 2.49892 19250 -0.244841 -0.576038 27.993 250.558 -13 9370 1 0 1
0.666649 5.94232 19250 0.0660191 -0.907185 27.9852 250.53 -13 9371 1 0 1
-6.35951 -4.87656 19250 0.17424 0.817856 27.9875 250.524 -13 9372 1 0 1
-1.34722 -0.165797 19250 0.0697432 -0.0579955 27.9999 250.507 -13 9373 1 0 1
2.44603 7.36355 19250 0.00940266 -1.16196 27.9759 250.557 -13 9374 1 0 1
-9.25799 -2.38745 19250 0.216637 0.381282 27.9966 250.513 -13 9375 1 0 1
-13.7436 -5.1882 19250 0.633459 1.19148 27.9675 250.592 -13 9376 1 0 1
-14.8205 1.93596 19250 0.443779 -0.390051 27.9938 250.536 -13 9377 1 0 1
13.3326 4.70117 19250 -0.213957 -0.863695 27.9859 250.561 -13 9378 1 0 1
6.80301 -5.32766 19250 -0.0431309 0.928103 27.9846 250.537 -13 9379 1 0 1
-0.704244 8.89588 19250 0.0703802 -1.62192 27.9529 250.583 -13 9380 1 0 1
1.23991 -9.41283 19250 0.0274354 1.75683 27.9448 250.595 -13 9381 1 0 1
-9.30899 -2.52385 19250 0.237111 0.378746 27.9964 250.51 -13 9382 1 0 1
-11.5013 -4.18018 19250 0.31027 0.632288 27.9911 250.531 -13 9383 1 0 1
-0.108285 -2.9412 19250 0.0557746 0.459598 27.9962 250.514 -13 9384 1 0 1
-12.4645 3.32024 19250 0.377288 -0.53209 27.9924 250.524 -13 9385 1 0 1
11.8448 -6.01143 19250 1.47811 4.05405 27.6655 250.95 -13 9386 1 0 1
4.91043 2.20809 19250 -0.00970646 -0.38034 27.9974 250.516 -13 9387 1 0 1
-0.660671 -12.4107 19250 0.21268 3.22966 27.8123 250.749 -13 9388 1 0 1
-8.33871 4.50884 19250 0.226861 -0.805807 27.9875 250.523 -13 9389 1 0 1
-14.4148 -0.485005 19250 1.17993 0.472292 27.9711 250.643 -13 9390 1 0 1
-8.38804 -3.30063 19250 0.178114 0.571094 27.9936 250.523 -13 9391 1 0 1
-4.47808 -10.5472 19250 0.321796 2.49772 27.8865 250.661 -13 9392 1 0 1
-9.86756 -7.89131 19250 0.461363 1.7166 27.9435 250.605 -13 9393 1 0 1
-0.474095 -5.68388 19250 0.0747769 0.906211 27.9852 250.529 -13 9394 1 0 1
-1.8061 4.34217 19250 0.0685009 -0.742599 27.9901 250.526 -13 9395 1 0 1
-9.24883 -5.3994 19250 0.25057 1.04652 27.9793 250.539 -13 9396 1 0 1
-11.121 -7.59235 19250 0.450778 1.59895 27.9507 250.609 -13 9397 1 0 1
5.94317 6.65957 19250 1.28339 -3.66444 27.7295 250.883 -13 9398 1 0 1
-62.595 -14.9066 19250 -3.75024 -4.61391 27.3614 251.226 -13 9399 1 0 1
18.4558 -0.29355 19250 -0.437962 0.131417 27.9963 250.585 -13 9400 1 0 1
-13.6903 0.358094 19250 0.364249 -0.0470756 27.9976 250.52 -13 9401 1 0 1
-2651.39 775.87 19250 -9.9225 2.3969 26.073 257.939 -13 9402 1 0 1
-10.4718 -2.07686 19250 0.260989 0.379132 27.9962 250.513 -13 9403 1 0 1
-2.9428 -9.23187 19250 0.834569 3.03178 27.8229 250.787 -13 9404 1 0 1
-12.724 -5.55261 19250 0.70261 1.48064 27.952 250.618 -13 9405 1 0 1
-0.0723627 12.5253 19250 -0.384671 -4.09447 27.6963 250.885 -13 9406 1 0 1
15.7451 2.6047 19250 -0.248735 -0.526977 27.9939 250.555 -13 9407 1 0 1
11.4269 -5.02718 19250 1.56146 3.80941 27.6957 250.918 -13 9408 1 0 1
18.9342 1.15973 19250 -0.644439 -0.27835 27.9912 250.618 -13 9409 1 0 1
2.49278 -5.66621 19250 1.32143 3.10416 27.796 250.821 -13 9410 1 0 1
8.17957 -9.43812 19250 -0.202549 1.91017 27.934 250.627 -13 9411 1 0 1
6.68593 -10.5641 19250 -0.274822 2.48479 27.8882 250.679 -13 9412 1 0 1
-1.91283 -5.76154 19250 1.22968 2.68378 27.8439 250.789 -13 9413 1 0 1
-6.28456 -0.360751 19250 0.14045 0.0199544 27.9996 250.507 -13 9414 1 0 1
-10.1502 2.7414 19250 0.25635 -0.573932 27.9929 250.517 -13 9415 1 0 1
-8.64096 -2.88495 19250 0.219378 0.553624 27.9937 250.513 -13 9416 1 0 1
-4.45901 -3.32826 19250 0.113637 0.486888 27.9955 250.517 -13 9417 1 0 1
7.08604 2.47777 19250 -1.34084 -1.94366 27.9003 250.762 -13 9418 1 0 1
-2.11113 -4.88558 19250 0.0763072 0.746257 27.9899 250.528 -13 9419 1 0 1
17.1776 -0.328648 19250 -0.366429 -0.124655 27.9973 250.575 -13 9420 1 0 1
2.35415 -1.97474 19250 1.63915 2.61097 27.8298 250.819 -13 9421 1 0 1
-1.98724 -7.73157 19250 0.0981133 1.29793 27.9697 250.559 -13 9422 1 0 1
1.16414 -4.69949 19250 0.0394947 0.806667 27.9883 250.525 -13 9423 1 0 1
13.6846 4.87397 19250 -0.262606 -0.946444 27.9828 250.573 -13 9424 1 0 1
-13.9302 0.48592 19250 0.363554 -0.0632309 27.9976 250.523 -13 9425 1 0 1
5.40917 10.8891 19250 -0.237383 -2.58955 27.879 250.687 -13 9426 1 0 1
-9.54446 8.18838 19250 0.355371 -1.71063 27.9454 250.606 -13 9427 1 0 1
6.08688 -8.6385 19250 -0.0617526 1.54676 27.9572 250.585 -13 9428 1 0 1
-12.0612 -4.34039 19250 0.33622 0.832877 27.9856 250.538 -13 9429 1 0 1
2.29286 -1.3119 19250 0.0359299 0.20881 27.9992 250.507 -13 9430 1 0 1
-5.07294 6.9432 19250 -1.22156 -3.71434 27.7256 250.88 -13 9431 1 0 1
-6.17229 4.55492 19250 0.173022 -0.67008 27.9914 250.521 -13 9432 1 0 1
-1.19559 -11.2746 19250 0.621468 3.3237 27.7951 250.795 -13 9433 1 0 1
-4.06471 3.57883 19250 0.099279 -0.561374 27.9942 250.521 -13 9434 1 0 1
7.18943 1.42678 19250 -0.0654492 -0.404339 27.997 250.526 -13 9435 1 0 1
-0.132613 -12.6828 19250 0.295592 3.85343 27.732 250.85 -13 9436 1 0 1
-2.32584 12.1475 19250 -0.255977 -5.22936 27.5061 251.06 -13 9437 1 0 1
0.517513 13.1173 19250 -0.0682599 -4.16904 27.6878 250.885 -13 9438 1 0 1
-5.13837 -2.25859 19250 0.138499 0.347093 27.9975 250.508 -13 9439 1 0 1
-12.8854 4.60058 19250 0.439446 -0.946345 27.9806 250.547 -13 9440 1 0 1
-12.6521 -1.24502 19250 0.304565 0.0683539 27.9983 250.52 -13 9441 1 0 1
-38.1254 -4.79437 19250 -2.74712 -4.39696 27.5158 251.086 -13 9442 1 0 1
-5.74062 -8.06199 19250 0.171828 1.4399 27.9624 250.575 -13 9443 1 0 1
17.3559 2.66423 19250 -0.730686 -0.88833 27.9764 250.64 -13 9444 1 0 1
-12.6822 8.82823 19250 -0.71892 -6.77812 27.1577 251.377 -13 9445 1 0 1
-13.5439 -4.91249 19250 0.712068 1.37129 27.9573 250.614 -13 9446 1 0 1
2.44367 -0.542067 19250 0.0321273 0.112939 27.9998 250.507 -13 9447 1 0 1
1.90825 12.2784 19250 -0.282794 -3.57 27.77 250.803 -13 9448 1 0 1
8.44962 4.12016 19250 -0.0701012 -0.786458 27.9889 250.533 -13 9449 1 0 1
6.69045 3.70958 19250 -0.0296847 -0.593557 27.9937 250.525 -13 9450 1 0 1
2.16703 -1.03792 19250 0.0291004 0.165577 27.9995 250.509 -13 9451 1 0 1
-2.56074 -6.98396 19250 0.0827948 1.12736 27.9772 250.552 -13 9452 1 0 1
18.3117 1.79947 19250 -0.651385 -0.553229 27.987 250.624 -13 9453 1 0 1
-4.34902 -0.53132 19250 0.151095 0.162443 27.9991 250.496 -13 9454 1 0 1
-9.0854 3.41615 19250 0.214032 -0.547771 27.9938 250.52 -13 9455 1 0 1
-6.20297 -7.11737 19250 0.962801 2.43387 27.8774 250.741 -13 9456 1 0 1
-12.7938 -5.13199 19250 0.818884 1.42555 27.9517 250.634 -13 9457 1 0 1
7.99453 3.30861 19250 -0.0840172 -0.447553 27.9963 250.535 -13 9458 1 0 1
-14.0173 -3.35937 19250 0.971558 1.02279 27.9644 250.633 -13 9459 1 0 1
10.4016 8.99705 19250 -0.364263 -2.00443 27.9258 250.652 -13 9460 1 0 1
4.03993 9.25764 19250 -0.0615822 -1.77875 27.9434 250.603 -13 9461 1 0 1
14.7715 5.09092 19250 -0.345807 -0.989552 27.9804 250.591 -13 9462 1 0 1
-2.82602 -6.21129 19250 0.0785068 0.877527 27.9861 250.544 -13 9463 1 0 1
11.9009 6.50356 19250 -0.192038 -1.14112 27.9761 250.572 -13 9464 1 0 1
-10.9419 3.60542 19250 0.299109 -0.692741 27.9898 250.523 -13 9465 1 0 1
-1.92494 9.71696 19250 0.0990028 -1.96691 27.9307 250.61 -13 9466 1 0 1
-54.8046 -1.37125 19250 -2.45759 -7.90944 26.747 251.646 -13 9467 1 0 1
13.2548 -0.142783 19250 -0.159394 -0.0450879 27.9995 250.535 -13 9468 1 0 1
-9.24358 5.99682 19250 0.28529 -1.12321 27.976 250.543 -13 9469 1 0 1
4.67548 11.1671 19250 -0.32359 -2.90273 27.8473 250.726 -13 9470 1 0 1
4.34626 -8.05428 19250 -0.0182091 1.28148 27.9707 250.568 -13 9471 1 0 1
-16.8279 0.784957 19250 0.623285 -0.0754429 27.993 250.561 -13 9472 1 0 1
-2.4058 -12.2085 19250 0.23963 3.03808 27.8337 250.74 -13 9473 1 0 1
-8.89355 -4.6181 19250 0.241128 0.714361 27.9898 250.525 -13 9474 1 0 1
-1.86688 -8.53476 19250 0.118419 1.52522 27.9582 250.572 -13 9475 1 0 1
-10.7233 -6.3637 19250 0.34556 1.26333 27.9694 250.563 -13 9476 1 0 1
12.1994 7.46016 19250 -0.534392 -1.85424 27.9334 250.661 -13 9477 1 0 1
-10.2142 -3.42323 19250 0.244947 0.439361 27.9955 250.522 -13 9478 1 0 1
-3.81795 -4.3703 19250 0.105099 0.689351 27.9913 250.524 -13 9479 1 0 1
-0.481063 -8.90974 19250 0.0404538 1.61923 27.9531 250.589 -13 9480 1 0 1
2.53227 10.9938 19250 -0.0444094 -2.41269 27.8958 250.656 -13 9481 1 0 1
2.98721 -7.79115 19250 -0.0037695 1.43924 27.963 250.568 -13 9482 1 0 1
8.17359 9.51009 19250 -0.424945 -2.4763 27.887 250.686 -13 9483 1 0 1
-14.7552 -3.12159 19250 0.856148 0.891989 27.9727 250.602 -13 9484 1 0 1
-3.47829 -2.13311 19250 0.0894803 0.274543 27.9985 250.513 -13 9485 1 0 1
3.56802 11.4325 19250 -0.372653 -3.35183 27.7962 250.768 -13 9486 1 0 1
8.95857 4.38553 19250 -0.110873 -0.767399 27.9893 250.545 -13 9487 1 0 1
13.7052 -4.95308 19250 -0.272793 0.800852 27.9872 250.576 -13 9488 1 0 1
4.89956 5.49427 19250 -0.0208196 -0.936557 27.9843 250.537 -13 9489 1 0 1
9.20995 4.16956 19250 -0.121307 -0.830276 27.9874 250.546 -13 9490 1 0 1
1.77251 11.6112 19250 0.00593147 -2.54126 27.8844 250.669 -13 9491 1 0 1
-12.1611 -3.29762 19250 0.355491 0.642568 27.9904 250.525 -13 9492 1 0 1
-12.9168 -5.06974 19250 0.436765 0.92803 27.9812 250.553 -13 9493 1 0 1
16.9273 0.0376183 19250 -0.36849 0.00959273 27.9976 250.577 -13 9494 1 0 1
12.1366 1.57348 19250 -0.143627 -0.316857 27.9978 250.535 -13 9495 1 0 1
-10.7326 3.90497 19250 0.264219 -0.63271 27.9916 250.529 -13 9496 1 0 1
-16.832 -0.407503 19250 0.781774 0.151153 27.9887 250.581 -13 9497 1 0 1
9.1776 5.8298 19250 -0.116979 -1.036 27.9806 250.555 -13 9498 1 0 1
-13.8641 2.55213 19250 0.387293 -0.302103 27.9957 250.531 -13 9499 1 0 1
7.84719 -2.04131 19250 -0.0607397 0.202857 27.9992 250.524 -13 9500 1 0 1
-6.23474 8.64751 19250 0.255109 -1.53021 27.957 250.579 -13 9501 1 0 1
-11.4081 -7.69793 19250 0.445049 1.58906 27.9513 250.615 -13 9502 1 0 1
3.61205 6.71475 19250 0.0140517 -1.16076 27.9759 250.544 -13 9503 1 0 1
-51.9098 -0.455032 19250 -2.5567 -6.6885 27.0689 251.404 -13 9504 1 0 1
-5.30444 3.83076 19250 0.130587 -0.544475 27.9944 250.521 -13 9505 1 0 1
-9.20927 -7.74807 19250 0.692077 2.04054 27.917 250.659 -13 9506 1 0 1
-5.28329 -1.08198 19250 0.117727 0.184834 27.9991 250.51 -13 9507 1 0 1
-5.87445 8.57344 19250 0.23744 -1.66673 27.9493 250.581 -13 9508 1 0 1
-3.50475 -7.79452 19250 0.123828 1.41064 27.9642 250.565 -13 9509 1 0 1
-7.8485 -0.756145 19250 1.59938 1.2461 27.9265 250.753 -13 9510 1 0 1
17.3163 -3.26785 19250 -0.52777 0.781233 27.9841 250.611 -13 9511 1 0 1
-2.31316 2.8639 19250 0.0898517 -0.420403 27.9967 250.511 -13 9512 1 0 1
4.10676 -4.9443 19250 -0.0278029 0.744775 27.9901 250.537 -13 9513 1 0 1
-5.80143 -6.34129 19250 1.01702 2.44123 27.8748 250.733 -13 9514 1 0 1
0.547816 -7.69638 19250 0.0350569 1.39923 27.965 250.565 -13 9515 1 0 1
11.3825 -3.02191 19250 -0.153951 0.533959 27.9945 250.544 -13 9516 1 0 1
-5.52215 9.34027 19250 0.228282 -1.98178 27.9288 250.611 -13 9517 1 0 1
3.13563 7.55089 19250 0.00932045 -1.345 27.9677 250.56 -13 9518 1 0 1
-3.12918 -3.37281 19250 -1.48701 3.00792 27.7982 250.837 -13 9519 1 0 1
15.8879 4.13175 19250 -0.378857 -0.764691 27.987 250.591 -13 9520 1 0 1
-2.51005 9.0521 19250 0.146892 -1.56783 27.9557 250.578 -13 9521 1 0 1
-0.134253 -5.5634 19250 0.0694588 0.869402 27.9864 250.528 -13 9522 1 0 1
6.28121 7.54072 19250 -0.0371475 -1.34786 27.9675 250.561 -13 9523 1 0 1
-9.12508 -5.1233 19250 0.246087 0.837319 27.9864 250.531 -13 9524 1 0 1
-0.182648 12.7862 19250 -0.09315 -4.85207 27.5762 250.993 -13 9525 1 0 1
2.15441 12.6441 19250 -0.0281699 -3.2074 27.8157 250.744 -13 9526 1 0 1
13.5154 3.69763 19250 -0.210154 -0.585529 27.9931 250.557 -13 9527 1 0 1
-3.00246 -1.67299 19250 0.0960113 0.287131 27.9984 250.508 -13 9528 1 0 1
16.5178 3.86461 19250 -0.339123 -0.740329 27.9882 250.579 -13 9529 1 0 1
-8.11417 -2.24913 19250 1.36889 1.62643 27.9192 250.725 -13 9530 1 0 1
1.71252 -1.86994 19250 0.029028 0.367437 27.9976 250.512 -13 9531 1 0 1
-8.88006 6.69426 19250 0.274623 -1.17977 27.9738 250.553 -13 9532 1 0 1
9.17805 -1.33357 19250 -0.0934824 0.220794 27.999 250.528 -13 9533 1 0 1
13.4683 6.26292 19250 -0.522986 -1.66958 27.9453 250.643 -13 9534 1 0 1
0.730822 -12.1356 19250 0.060146 2.7761 27.862 250.696 -13 9535 1 0 1
0.460004 -3.08417 19250 0.0503813 0.485456 27.9957 250.514 -13 9536 1 0 1
-3.49203 7.23635 19250 0.143213 -1.29723 27.9696 250.55 -13 9537 1 0 1
2.89422 5.91356 19250 0.00879511 -0.912003 27.9851 250.538 -13 9538 1 0 1
14.6691 0.384592 19250 2.05038 3.3398 27.7244 250.937 -13 9539 1 0 1
14.6228 -2.46503 19250 -0.185467 0.440183 27.9959 250.542 -13 9540 1 0 1
3.21945 10.9554 19250 -0.0350738 -2.37452 27.8991 250.647 -13 9541 1 0 1
-1.06769 -11.534 19250 0.161528 2.68711 27.8703 250.676 -13 9542 1 0 1
-5.52379 -8.13223 19250 0.815722 2.65035 27.8623 250.726 -13 9543 1 0 1
10.1573 -0.536185 19250 -0.101529 0.0634763 27.9997 250.527 -13 9544 1 0 1
-16.4546 -1.58352 19250 0.733452 0.430599 27.9871 250.577 -13 9545 1 0 1
-12.0249 -3.99942 19250 0.383664 0.880376 27.9835 250.532 -13 9546 1 0 1
-8.77564 -3.56233 19250 0.197837 0.5257 27.9944 250.523 -13 9547 1 0 1
14.6155 0.0148583 19250 -0.231181 0.108796 27.9988 250.551 -13 9548 1 0 1
-9.06004 -3.16363 19250 0.201062 0.423023 27.9961 250.52 -13 9549 1 0 1
8.07768 6.86793 19250 -0.130957 -1.18921 27.9744 250.573 -13 9550 1 0 1
4.80546 -10.0875 19250 -0.120013 1.99921 27.9283 250.633 -13 9551 1 0 1
-8.85506 -3.46473 19250 0.218163 0.642007 27.9918 250.519 -13 9552 1 0 1
-5.18944 -8.02016 19250 0.155853 1.29022 27.9698 250.569 -13 9553 1 0 1
4.1657 -9.72523 19250 -0.0703358 1.89887 27.9354 250.614 -13 9554 1 0 1
-3.01853 -5.98768 19250 0.105382 1.07351 27.9792 250.537 -13 9555 1 0 1
-4.35026 8.39731 19250 0.165718 -1.54661 27.9568 250.575 -13 9556 1 0 1
9.46342 4.16079 19250 -0.120965 -0.710227 27.9907 250.546 -13 9557 1 0 1
-9.11885 -8.32675 19250 0.509614 1.99832 27.924 250.632 -13 9558 1 0 1
0.95832 -2.16298 19250 0.0539176 0.318421 27.9981 250.508 -13 9559 1 0 1
0.247451 -0.255556 19250 0.047525 0.173555 27.9994 250.509 -13 9560 1 0 1
-2.96207 5.84603 19250 0.115989 -0.941341 27.9839 250.531 -13 9561 1 0 1
-10.4384 1.19945 19250 0.239122 -0.253231 27.9978 250.513 -13 9562 1 0 1
4.9787 -4.09679 19250 -0.0330067 0.619972 27.9931 250.532 -13 9563 1 0 1
-64.183 -8.94807 19250 -3.44866 -5.45968 27.2452 251.272 -13 9564 1 0 1
-0.711378 -3.80353 19250 0.0780319 0.67721 27.9917 250.515 -13 9565 1 0 1
-4.54719 -0.71933 19250 0.116147 0.061938 27.9997 250.506 -13 9566 1 0 1
4.87983 -4.0957 19250 -0.0120718 0.748942 27.99 250.527 -13 9567 1 0 1
-5.41365 -6.164 19250 0.129361 1.02887 27.9808 250.544 -13 9568 1 0 1
-8.73559 -2.48867 19250 0.219153 0.482395 27.995 250.511 -13 9569 1 0 1
-3.5507 -11.3941 19250 0.26613 2.62196 27.8757 250.686 -13 9570 1 0 1
3.6212 2.57397 19250 0.0164113 -0.401474 27.9971 250.513 -13 9571 1 0 1
-2.73219 -9.94648 19250 0.708694 3.15175 27.813 250.775 -13 9572 1 0 1
2.76398 -2.82726 19250 0.0216728 0.40115 27.9971 250.515 -13 9573 1 0 1
7.94136 8.71874 19250 -0.162418 -1.68036 27.9491 250.606 -13 9574 1 0 1
-16.8805 -1.7985 19250 0.767888 0.517679 27.9847 250.595 -13 9575 1 0 1
5.45226 0.644416 19250 -0.0301131 -0.0424952 28 250.518 -13 9576 1 0 1
12.6029 3.79302 19250 2.3298 2.57821 27.7835 250.919 -13 9577 1 0 1
1.08704 -7.84703 19250 0.0490474 1.37115 27.9664 250.561 -13 9578 1 0 1
-3.15353 10.9829 19250 0.461427 -2.95794 27.8395 250.718 -13 9579 1 0 1
-4.15274 1.73907 19250 0.121677 -0.348684 27.9976 250.506 -13 9580 1 0 1
-6.23629 9.38656 19250 0.3012 -1.9067 27.9334 250.607 -13 9581 1 0 1
-15.8385 2.82446 19250 0.819246 -0.739835 27.9782 250.604 -13 9582 1 0 1
-0.182587 12.8298 19250 0.130436 -3.05907 27.8321 250.74 -13 9583 1 0 1
15.4528 4.32198 19250 -0.377587 -0.873816 27.9838 250.592 -13 9584 1 0 1
-12.6575 -2.64198 19250 0.358138 0.420531 27.9946 250.522 -13 9585 1 0 1
-8.3099 0.32483 19250 0.19243 0.0506241 27.9993 250.506 -13 9586 1 0 1
-4.60602 -11.0041 19250 0.406777 2.63017 27.8732 250.694 -13 9587 1 0 1
-5.05304 -11.4121 19250 -0.459153 5.38773 27.4729 251.087 -13 9588 1 0 1
-5.19721 -6.37388 19250 0.161663 1.08842 27.9784 250.539 -13 9589 1 0 1
0.64462 12.8926 19250 0.194431 -3.68555 27.7557 250.809 -13 9590 1 0 1
9.11266 -1.38623 19250 -0.0783464 0.21587 27.9991 250.524 -13 9591 1 0 1
-4.49865 -9.95206 19250 0.226582 2.14492 27.9168 250.624 -13 9592 1 0 1
6.40743 6.55555 19250 -0.0607333 -1.0785 27.9792 250.554 -13 9593 1 0 1
-1.89398 -11.2559 19250 0.540996 3.24702 27.8058 250.769 -13 9594 1 0 1
-10.0876 -5.00478 19250 0.315331 0.860121 27.985 250.529 -13 9595 1 0 1
0.977657 13.0826 19250 0.158815 -3.83041 27.7363 250.832 -13 9596 1 0 1
0.993701 12.9517 19250 -0.0103497 -3.57293 27.7711 250.799 -13 9597 1 0 1
-16.8288 -1.11391 19250 0.691664 0.287102 27.99 250.572 -13 9598 1 0 1
4.23688 -7.44449 19250 1.2105 3.49459 27.7547 250.861 -13 9599 1 0 1
2.82894 -3.70977 19250 0.0117144 0.521869 27.9951 250.523 -13 9600 1 0 1
-8.90092 3.55014 19250 0.241537 -0.582037 27.9929 250.515 -13 9601 1 0 1
7.69234 8.10308 19250 -0.173621 -1.64941 27.9508 250.603 -13 9602 1 0 1
13.7656 6.34383 19250 -0.583116 -1.61258 27.9474 250.654 -13 9603 1 0 1
5.04848 -0.19078 19250 -0.0354576 0.0805451 27.9999 250.52 -13 9604 1 0 1
-1.96158 1.56147 19250 2.08099 1.13155 27.8996 250.827 -13 9605 1 0 1
6.16327 3.53914 19250 -0.0410514 -0.580253 27.994 250.528 -13 9606 1 0 1
-11.2721 -5.57527 19250 0.367798 1.01345 27.9792 250.546 -13 9607 1 0 1
-4.29124 -8.57077 19250 0.156876 1.40554 27.9643 250.576 -13 9608 1 0 1
-13.7957 -2.18493 19250 0.378171 0.298667 27.9959 250.529 -13 9609 1 0 1
-3.49609 1.37724 19250 0.140127 -0.312986 27.9979 250.498 -13 9610 1 0 1
-10.7041 6.99328 19250 -1.31236 -4.37111 27.6256 250.953 -13 9611 1 0 1
-5.34698 3.30304 19250 0.149033 -0.441179 27.9961 250.512 -13 9612 1 0 1
-14.0996 -4.4205 19250 0.474963 0.903022 27.9814 250.559 -13 9613 1 0 1
3.71375 -6.32258 19250 -0.0577181 1.03133 27.9809 250.558 -13 9614 1 0 1
9.87627 -3.4686 19250 -0.0794466 0.522156 27.995 250.53 -13 9615 1 0 1
-12.3976 3.86761 19250 0.355591 -0.703648 27.9889 250.533 -13 9616 1 0 1
-11.9416 -1.96978 19250 0.306374 0.355977 27.9961 250.517 -13 9617 1 0 1
-6.42604 -9.5173 19250 0.334224 2.20653 27.9109 250.633 -13 9618 1 0 1
-10.9309 6.40561 19250 0.330888 -1.172 27.9735 250.562 -13 9619 1 0 1
-4.32225 5.34138 19250 0.115504 -0.958603 27.9833 250.533 -13 9620 1 0 1
9.34128 0.580814 19250 -0.0906591 -0.162937 27.9994 250.526 -13 9621 1 0 1
-15.4491 -1.17301 19250 0.553228 0.316437 27.9927 250.54 -13 9622 1 0 1
2.21623 9.75229 19250 0.00691858 -1.79827 27.9422 250.603 -13 9623 1 0 1
-2.96397 0.774208 19250 0.0967656 -0.165032 27.9993 250.505 -13 9624 1 0 1
9.15955 8.35416 19250 -0.180331 -1.52533 27.9578 250.601 -13 9625 1 0 1
-4.88984 -7.03867 19250 0.960994 2.66153 27.8566 250.746 -13 9626 1 0 1
-16.6369 0.0433494 19250 0.618231 0.0514995 27.9931 250.556 -13 9627 1 0 1
-9.96348 0.564138 19250 0.233076 -0.0575843 27.999 250.508 -13 9628 1 0 1
-1.24427 10.7693 19250 0.150219 -2.52351 27.8856 250.648 -13 9629 1 0 1
-9.53989 2.75894 19250 0.245452 -0.323889 27.9971 250.512 -13 9630 1 0 1
11.7183 8.07436 19250 -0.55371 -2.03714 27.9203 250.675 -13 9631 1 0 1
0.00807556 0.664873 19250 0.0773751 -0.114022 27.9997 250.5 -13 9632 1 0 1
-8.9334 -0.43216 19250 0.217915 0.08526 27.999 250.504 -13 9633 1 0 1
1.42362 -11.9037 19250 -0.0177193 2.8653 27.853 250.702 -13 9634 1 0 1
4.62174 -11.4537 19250 -0.295272 2.81354 27.8567 250.721 -13 9635 1 0 1
9.64431 5.2451 19250 -0.116279 -0.953871 27.9835 250.549 -13 9636 1 0 1
0.738212 -3.89512 19250 0.0327835 0.519417 27.9952 250.524 -13 9637 1 0 1
-13.1898 -1.31053 19250 0.362464 0.276612 27.9963 250.519 -13 9638 1 0 1
-18.6201 7.99872 19250 -1.26025 -5.66469 27.392 251.165 -13 9639 1 0 1
-10.8075 -0.795897 19250 0.258661 0.212149 27.998 250.511 -13 9640 1 0 1
-11.6525 9.77106 19250 -0.774619 -5.98653 27.3416 251.206 -13 9641 1 0 1
8.57795 -7.46991 19250 1.23207 4.14825 27.6636 250.935 -13 9642 1 0 1
-5.47749 8.79952 19250 0.213452 -1.75965 27.9438 250.589 -13 9643 1 0 1
-5.63847 5.77412 19250 0.13661 -0.894314 27.9854 250.539 -13 9644 1 0 1
5.77555 11.1704 19250 -0.17292 -2.43837 27.8931 250.671 -13 9645 1 0 1
-14.1505 0.782983 19250 1.24195 -0.345777 27.9703 250.656 -13 9646 1 0 1
1.10667 -12.6286 19250 0.373916 4.09588 27.6963 250.886 -13 9647 1 0 1
4.4086 -10.5301 19250 -0.0579096 2.15113 27.9172 250.632 -13 9648 1 0 1
8.90977 9.33718 19250 -0.282632 -2.04175 27.924 250.644 -13 9649 1 0 1
2.13153 -6.98455 19250 -0.00493422 1.30549 27.9695 250.56 -13 9650 1 0 1
-12.3978 -2.50669 19250 1.12991 1.28633 27.9476 250.671 -13 9651 1 0 1
-4.44719 6.09635 19250 0.138316 -0.931316 27.9842 250.535 -13 9652 1 0 1
6.85657 3.46388 19250 -0.0435099 -0.491477 27.9957 250.527 -13 9653 1 0 1
-4.02948 9.0295 19250 0.129983 -1.71139 27.9473 250.596 -13 9654 1 0 1
-1.45234 -11.2299 19250 0.112089 2.42994 27.8941 250.659 -13 9655 1 0 1
-0.0223199 7.27229 19250 0.0616183 -1.12749 27.9772 250.551 -13 9656 1 0 1
-0.275651 -5.01262 19250 0.0530246 0.813869 27.9881 250.528 -13 9657 1 0 1
6.15074 -10.1514 19250 0.890988 4.38827 27.6396 250.951 -13 9658 1 0 1
0.521424 -12.971 19250 0.0292869 3.98142 27.7155 250.852 -13 9659 1 0 1
-15.0003 -4.76371 19250 0.595034 0.884413 27.9797 250.585 -13 9660 1 0 1
-0.729149 11.1886 19250 0.609513 -3.49856 27.7739 250.813 -13 9661 1 0 1
-12.8394 -6.21546 19250 0.539926 1.37213 27.9611 250.598 -13 9662 1 0 1
-11.3149 5.02421 19250 0.294813 -0.926696 27.9831 250.544 -13 9663 1 0 1
-3.315 11.7597 19250 0.34494 -2.88088 27.8493 250.724 -13 9664 1 0 1
3.22471 -1.64059 19250 0.0148752 0.190414 27.9993 250.512 -13 9665 1 0 1
-7.20556 5.01599 19250 0.2086 -0.781829 27.9883 250.523 -13 9666 1 0 1
7.53661 9.35642 19250 -0.143288 -1.70218 27.9478 250.612 -13 9667 1 0 1
16.8696 3.4657 19250 -0.495255 -0.768257 27.9851 250.608 -13 9668 1 0 1
-2.15423 -10.4661 19250 0.122826 2.08745 27.9218 250.627 -13 9669 1 0 1
-7.01305 1.66953 19250 0.157935 -0.195411 27.9989 250.51 -13 9670 1 0 1
0.122075 -11.9851 19250 0.4898 3.60554 27.7626 250.813 -13 9671 1 0 1
4.27139 8.08158 19250 -0.0308268 -1.49214 27.9602 250.575 -13 9672 1 0 1
14.1414 0.245812 19250 -0.212648 -0.106859 27.999 250.547 -13 9673 1 0 1
6.96659 -3.94229 19250 -0.0260812 0.655515 27.9923 250.524 -13 9674 1 0 1
4.75103 2.99331 19250 -0.0196478 -0.478449 27.9959 250.523 -13 9675 1 0 1
-6.55022 4.21366 19250 0.189429 -0.667716 27.9914 250.516 -13 9676 1 0 1
-7.50013 -8.30516 19250 0.744489 2.26501 27.8983 250.687 -13 9677 1 0 1
-13.9723 3.50477 19250 0.93878 -1.23087 27.9572 250.648 -13 9678 1 0 1
1.99125 7.70806 19250 0.0240388 -1.32183 27.9688 250.561 -13 9679 1 0 1
-11.4788 -7.45047 19250 0.445763 1.52052 27.9551 250.606 -13 9680 1 0 1
-8.21938 -8.69994 19250 0.307887 1.73902 27.9442 250.603 -13 9681 1 0 1
14.0862 -5.35199 19250 -0.295764 1.04114 27.9791 250.582 -13 9682 1 0 1
5.15049 -3.94164 19250 -0.0123498 0.549512 27.9946 250.525 -13 9683 1 0 1
-13.6588 -5.51294 19250 0.622865 1.28737 27.9635 250.602 -13 9684 1 0 1
-9.27392 -4.17825 19250 0.226889 0.663344 27.9912 250.526 -13 9685 1 0 1
-8.56687 -9.13384 19250 0.39847 2.02494 27.9238 250.638 -13 9686 1 0 1
10.0084 -2.0686 19250 -0.102967 0.326322 27.9979 250.53 -13 9687 1 0 1
6.70886 1.76265 19250 -0.0601618 -0.304475 27.9983 250.526 -13 9688 1 0 1
-13.5499 -5.30772 19250 0.695561 1.24706 27.9636 250.606 -13 9689 1 0 1
0.613106 10.8326 19250 -0.597655 -3.73299 27.7436 250.834 -13 9690 1 0 1
4.3451 -10.2802 19250 -0.0550016 2.06906 27.9234 250.625 -13 9691 1 0 1
-8.81794 -3.55698 19250 0.214908 0.692138 27.9906 250.521 -13 9692 1 0 1
13.814 4.23398 19250 -0.24362 -0.814869 27.9871 250.565 -13 9693 1 0 1
-0.242405 -11.1647 19250 0.0466368 2.45009 27.8926 250.66 -13 9694 1 0 1
2.69462 -10.9398 19250 0.693129 4.11517 27.6873 250.895 -13 9695 1 0 1
10.2341 -3.65517 19250 1.64652 3.54784 27.7255 250.903 -13 9696 1 0 1
-4.81215 -5.05001 19250 1.20935 2.33133 27.8766 250.754 -13 9697 1 0 1
-12.7753 -5.82517 19250 0.462311 1.31387 27.9653 250.583 -13 9698 1 0 1
0.401913 -8.95847 19250 0.971145 3.31185 27.7865 250.825 -13 9699 1 0 1
-12.4334 -5.24631 19250 0.340117 0.916913 27.9829 250.554 -13 9700 1 0 1
-9.52742 -2.44787 19250 0.210525 0.492896 27.9949 250.518 -13 9701 1 0 1
-0.5657 -5.368 19250 0.0596956 0.886841 27.9859 250.531 -13 9702 1 0 1
2.3555 -11.1142 19250 0.714919 3.95719 27.7097 250.885 -13 9703 1 0 1
-5.0883 -6.35108 19250 1.03139 2.50779 27.8684 250.734 -13 9704 1 0 1
5.80687 1.30744 19250 -0.0201793 -0.26213 27.9988 250.515 -13 9705 1 0 1
4.88688 -7.94041 19250 -0.0557232 1.45722 27.962 250.577 -13 9706 1 0 1
2.14208 -12.7404 19250 0.272824 4.83172 27.5786 251.008 -13 9707 1 0 1
2.64343 3.78769 19250 0.0126046 -0.532448 27.9949 250.524 -13 9708 1 0 1
14.3006 -4.64152 19250 -0.269992 0.900884 27.9842 250.572 -13 9709 1 0 1
10.8014 1.55626 19250 -0.10728 -0.364881 27.9974 250.529 -13 9710 1 0 1
55.0152 3.85609 19250 3.00259 5.61676 27.266 251.328 -13 9711 1 0 1
0.479629 3.85274 19250 0.058485 -0.662847 27.9921 250.517 -13 9712 1 0 1
1.69037 -0.470861 19250 0.00953079 0.0659804 27.9999 250.516 -13 9713 1 0 1
15.9831 2.146 19250 -0.254769 -0.24303 27.9978 250.556 -13 9714 1 0 1
14.8547 5.93451 19250 -0.534973 -1.48211 27.9556 250.636 -13 9715 1 0 1
2.80555 11.853 19250 -0.144127 -2.93332 27.8456 250.719 -13 9716 1 0 1
1.17636 -4.60142 19250 0.0393894 0.754353 27.9898 250.524 -13 9717 1 0 1
29.9406 -4.17894 19250 1.94866 5.36357 27.4123 251.195 -13 9718 1 0 1
14.4341 5.91967 19250 -0.314181 -1.13657 27.9752 250.59 -13 9719 1 0 1
-14.4595 -0.826606 19250 0.388866 0.157972 27.9969 250.529 -13 9720 1 0 1
-12.4919 -5.34942 19250 0.361916 1.03061 27.9787 250.557 -13 9721 1 0 1
-13.278 0.3592 19250 0.348055 -0.231341 27.9969 250.521 -13 9722 1 0 1
5.7728 9.46344 19250 -0.0672816 -1.70971 27.9477 250.6 -13 9723 1 0 1
1.52082 2.86649 19250 0.0335719 -0.458116 27.9962 250.515 -13 9724 1 0 1
5.91423 8.10186 19250 -0.0610231 -1.39028 27.9654 250.576 -13 9725 1 0 1
1.03712 -13.1165 19250 -0.0501077 3.56638 27.7719 250.807 -13 9726 1 0 1
8.74394 8.83656 19250 -0.177099 -1.77657 27.943 250.608 -13 9727 1 0 1
0.477336 0.46564 19250 0.0388148 -0.0622568 27.9999 250.51 -13 9728 1 0 1
13.8415 4.16442 19250 -0.240616 -0.794234 27.9877 250.564 -13 9729 1 0 1
-13.3792 -3.67268 19250 0.41771 0.598064 27.9905 250.537 -13 9730 1 0 1
-9.99238 -4.14904 19250 0.263695 0.709584 27.9898 250.526 -13 9731 1 0 1
15.3884 1.98137 19250 -1.02925 -0.991294 27.9635 250.685 -13 9732 1 0 1
7.8425 0.638237 19250 -0.0519777 -0.0804598 27.9998 250.518 -13 9733 1 0 1
-8.94633 2.62484 19250 0.225529 -0.451302 27.9955 250.511 -13 9734 1 0 1
12.5894 -4.99743 19250 -0.205788 0.850911 27.9863 250.563 -13 9735 1 0 1
-10.4152 -7.45613 19250 0.488769 1.63479 27.948 250.6 -13 9736 1 0 1
10.2829 5.63271 19250 -0.115124 -0.897853 27.9854 250.55 -13 9737 1 0 1
-4.43141 -4.5842 19250 0.141836 0.653616 27.992 250.519 -13 9738 1 0 1
19.0167 1.96138 19250 -0.654964 -0.560026 27.9867 250.621 -13 9739 1 0 1
-1.81048 4.51004 19250 0.0770572 -0.662442 27.9921 250.524 -13 9740 1 0 1
6.98833 -1.97783 19250 -0.0252339 0.299512 27.9984 250.515 -13 9741 1 0 1
17.5828 3.53282 19250 -0.437779 -0.679083 27.9883 250.595 -13 9742 1 0 1
6.42457 11.1513 19250 0.73272 -4.73063 27.5878 250.997 -13 9743 1 0 1
0.371274 12.6995 19250 -0.0054953 -3.6056 27.7669 250.801 -13 9744 1 0 1
10.7333 3.42095 19250 -0.144083 -0.689802 27.9911 250.545 -13 9745 1 0 1
-13.3907 -3.54784 19250 0.378673 0.720549 27.9882 250.54 -13 9746 1 0 1
1.18634 -6.51662 19250 0.0518986 1.15352 27.9762 250.541 -13 9747 1 0 1
-10.9024 5.12458 19250 0.903813 -1.77101 27.9293 250.664 -13 9748 1 0 1
8.28782 3.63243 19250 -0.0610138 -0.589639 27.9937 250.529 -13 9749 1 0 1
2.85129 1.90166 19250 5.72003e-05 -0.254681 27.9988 250.518 -13 9750 1 0 1
-6.05472 -3.12581 19250 1.35389 1.90649 27.9022 250.733 -13 9751 1 0 1
-8.90402 -6.89008 19250 0.287799 1.24674 27.9707 250.558 -13 9752 1 0 1
-11.0523 -1.51936 19250 0.24882 0.293821 27.9974 250.516 -13 9753 1 0 1
13.8422 -0.629936 19250 -0.205153 0.191136 27.9986 250.546 -13 9754 1 0 1
4.28626 11.6686 19250 -0.217232 -2.93404 27.845 250.717 -13 9755 1 0 1
-1.6903 -5.89789 19250 0.0926697 0.921437 27.9847 250.531 -13 9756 1 0 1
11.25 -10.4416 19250 0.872624 5.36055 27.4682 251.121 -13 9757 1 0 1
-10.4911 9.14999 19250 -0.620134 -6.56823 27.2116 251.319 -13 9758 1 0 1
-5.28007 4.08838 19250 0.131714 -0.63753 27.9924 250.522 -13 9759 1 0 1
9.35712 -3.81309 19250 1.64322 3.42854 27.7407 250.899 -13 9760 1 0 1
9.18969 7.26865 19250 -0.774818 -2.32054 27.8929 250.717 -13 9761 1 0 1
8.90883 2.38391 19250 -0.0603427 -0.313112 27.9982 250.522 -13 9762 1 0 1
-2.06837 4.70257 19250 0.0785344 -0.774108 27.9892 250.526 -13 9763 1 0 1
9.44907 -0.180092 19250 -0.0892938 0.0413321 27.9998 250.525 -13 9764 1 0 1
11.627 -3.52244 19250 1.68511 3.65239 27.7096 250.922 -13 9765 1 0 1
-3.48392 -10.7824 19250 0.208922 2.35854 27.8997 250.65 -13 9766 1 0 1
-6.23369 -2.34847 19250 0.150322 0.38155 27.997 250.51 -13 9767 1 0 1
-0.154204 -7.43011 19250 0.0383139 1.29393 27.9701 250.562 -13 9768 1 0 1
9.97918 -1.18317 19250 -0.105863 0.100487 27.9996 250.53 -13 9769 1 0 1
13.0038 6.38463 19250 -0.238854 -1.22214 27.9723 250.58 -13 9770 1 0 1
8.17001 0.561298 19250 -0.046457 0.00259812 28 250.516 -13 9771 1 0 1
-12.9353 5.00684 19250 0.880664 -1.37497 27.9524 250.647 -13 9772 1 0 1
-4.05502 -5.60237 19250 0.103279 1.03912 27.9805 250.538 -13 9773 1 0 1
4.88564 1.73823 19250 -0.0134185 -0.152223 27.9996 250.517 -13 9774 1 0 1
5.82111 -10.7629 19250 -0.159381 2.2497 27.909 250.655 -13 9775 1 0 1
5.03041 -6.77377 19250 -0.0366987 1.22654 27.9731 250.556 -13 9776 1 0 1
-7.40019 7.62488 19250 0.844504 -2.26718 27.8953 250.699 -13 9777 1 0 1
-10.0901 3.53907 19250 0.260048 -0.48619 27.9946 250.52 -13 9778 1 0 1
0.304605 7.81808 19250 0.0418922 -1.31387 27.9691 250.565 -13 9779 1 0 1
-6.30435 -10.1751 19250 0.356366 2.21083 27.9103 250.649 -13 9780 1 0 1
11.912 2.80516 19250 -0.146857 -0.460902 27.9958 250.54 -13 9781 1 0 1
-15.0877 2.4404 19250 0.461463 -0.327133 27.9943 250.541 -13 9782 1 0 1
-2.11976 3.60251 19250 0.0884544 -0.553344 27.9944 250.516 -13 9783 1 0 1
-8.15741 -6.01033 19250 0.214224 0.995508 27.9815 250.542 -13 9784 1 0 1
-10.1249 0.205797 19250 0.257019 0.0312617 27.9988 250.505 -13 9785 1 0 1
-2.24475 -3.96986 19250 0.0816777 0.541891 27.9946 250.521 -13 9786 1 0 1
11.3733 -2.87694 19250 -0.13791 0.476597 27.9956 250.539 -13 9787 1 0 1
-5.56331 0.573494 19250 0.131846 -0.0681151 27.9996 250.506 -13 9788 1 0 1
15.402 1.60116 19250 -0.280816 -0.171516 27.9981 250.563 -13 9789 1 0 1
11.9507 1.61194 19250 -0.157097 -0.407666 27.9966 250.54 -13 9790 1 0 1
-5.54625 -5.00545 19250 1.16542 2.29624 27.8813 250.738 -13 9791 1 0 1
-7.12887 7.26378 19250 0.221423 -1.22662 27.9722 250.557 -13 9792 1 0 1
10.5356 -1.3216 19250 -0.0968749 0.213899 27.999 250.526 -13 9793 1 0 1
24.8586 -0.774993 19250 2.15949 4.23164 27.594 251.048 -13 9794 1 0 1
11.2651 6.41295 19250 -0.231519 -1.24543 27.9713 250.585 -13 9795 1 0 1
13.9319 5.63278 19250 -0.710415 -1.71171 27.9386 250.667 -13 9796 1 0 1
5.17762 8.15279 19250 -0.779985 -2.89063 27.8395 250.757 -13 9797 1 0 1
7.2363 8.55516 19250 -0.687048 -2.68609 27.8624 250.732 -13 9798 1 0 1
-0.536284 12.5353 19250 0.325156 -3.43389 27.7867 250.785 -13 9799 1 0 1
110.518 27.1698 19250 5.19041 5.66418 26.9254 251.645 -13 9800 1 0 1
10.2273 8.68685 19250 -0.490728 -2.29005 27.9019 250.676 -13 9801 1 0 1
-5.96012 -9.52924 19250 0.277884 2.11815 27.9184 250.623 -13 9802 1 0 1
13.1312 1.92923 19250 -0.190315 -0.272269 27.998 250.546 -13 9803 1 0 1
-15.3223 0.980273 19250 0.549405 -0.199187 27.9939 250.536 -13 9804 1 0 1
2.26086 -2.20336 19250 0.0333724 0.388416 27.9973 250.51 -13 9805 1 0 1
-14.4809 -0.844962 19250 0.386604 0.125835 27.997 250.529 -13 9806 1 0 1
-14.4847 -2.52256 19250 1.04412 0.892015 27.9663 250.646 -13 9807 1 0 1
-11.1436 -2.57118 19250 0.318867 0.573937 27.9923 250.514 -13 9808 1 0 1
45.7065 0.76627 19250 2.59211 5.6615 27.2989 251.29 -13 9809 1 0 1
-4.79996 -7.01633 19250 0.128572 1.39308 27.965 250.562 -13 9810 1 0 1
10.8236 6.88351 19250 -0.198064 -1.32438 27.968 250.583 -13 9811 1 0 1
-1.73887 0.088287 19250 0.0812347 0.0384207 27.9999 250.504 -13 9812 1 0 1
2.71358 -8.63406 19250 0.00719811 1.60141 27.9542 250.579 -13 9813 1 0 1
5.44911 11.0923 19250 -0.418325 -2.92089 27.8441 250.738 -13 9814 1 0 1
-6.16389 -9.99713 19250 0.32257 2.11777 27.9179 250.636 -13 9815 1 0 1
-13.8126 -4.77255 19250 0.499439 1.14415 27.9722 250.572 -13 9816 1 0 1
-3.30546 -4.45688 19250 1.27329 2.45921 27.8627 250.76 -13 9817 1 0 1
-12.2308 -6.57742 19250 0.54278 1.49784 27.9546 250.605 -13 9818 1 0 1
2.93465 -4.73255 19250 -0.00245553 0.670598 27.992 250.533 -13 9819 1 0 1
17.8243 2.4855 19250 -0.563629 -0.550761 27.9889 250.614 -13 9820 1 0 1
-13.2643 -2.34607 19250 1.11675 1.09413 27.9563 250.66 -13 9821 1 0 1
-10.7067 2.97897 19250 0.27851 -0.436164 27.9952 250.516 -13 9822 1 0 1
7.95065 7.00134 19250 -0.0998358 -1.18417 27.9748 250.565 -13 9823 1 0 1
-4.27951 -10.8478 19250 0.272301 2.36542 27.8986 250.657 -13 9824 1 0 1
-6.60924 6.70213 19250 0.222634 -1.14413 27.9757 250.541 -13 9825 1 0 1
14.7513 4.0409 19250 -0.260757 -0.724678 27.9894 250.567 -13 9826 1 0 1
-14.2385 8.10275 19250 -1.20995 -5.07997 27.5087 251.051 -13 9827 1 0 1
5.07441 -4.98306 19250 -0.031527 0.68989 27.9915 250.537 -13 9828 1 0 1
-7.71204 -6.91763 19250 0.900967 2.22691 27.8968 250.703 -13 9829 1 0 1
-8.74335 8.70989 19250 0.333394 -1.60594 27.9519 250.602 -13 9830 1 0 1
8.64333 0.386008 19250 -0.0667376 -0.0639232 27.9998 250.521 -13 9831 1 0 1
-4.77684 -6.91579 19250 0.150425 1.18077 27.9747 250.549 -13 9832 1 0 1
-12.0404 -5.49803 19250 0.738337 1.57171 27.9461 250.621 -13 9833 1 0 1
-12.2548 -6.79056 19250 0.531688 1.52357 27.9535 250.611 -13 9834 1 0 1
-14.6653 -3.23973 19250 0.462409 0.621729 27.9893 250.547 -13 9835 1 0 1
-1.66023 -2.44108 19250 0.10479 0.385353 27.9972 250.503 -13 9836 1 0 1
8.78563 3.31482 19250 -0.0767017 -0.522606 27.995 250.531 -13 9837 1 0 1
-11.0953 -1.23435 19250 0.221237 0.0978912 27.999 250.521 -13 9838 1 0 1
-8.64506 1.47021 19250 0.222211 -0.364941 27.9967 250.506 -13 9839 1 0 1
10.0648 -4.76952 19250 -0.129162 0.845846 27.9869 250.548 -13 9840 1 0 1
-11.6893 -6.80837 19250 0.540248 1.56132 27.9512 250.606 -13 9841 1 0 1
-7.56897 -9.62696 19250 0.319033 2.01328 27.9257 250.636 -13 9842 1 0 1
-5.73473 -5.63383 19250 0.167205 0.869617 27.986 250.53 -13 9843 1 0 1
-12.1661 -4.67115 19250 0.323249 0.817875 27.9862 250.543 -13 9844 1 0 1
9.29853 7.99353 19250 -0.169862 -1.49944 27.9593 250.593 -13 9845 1 0 1
1.41751 -7.76523 19250 0.00359868 1.34458 27.9677 250.57 -13 9846 1 0 1
4.64225 -4.9662 19250 1.44829 3.18487 27.7806 250.853 -13 9847 1 0 1
-1.70615 4.19289 19250 0.075664 -0.705548 27.991 250.522 -13 9848 1 0 1
-4.00126 -6.35522 19250 0.147844 1.17787 27.9748 250.539 -13 9849 1 0 1
10.6112 7.52734 19250 -0.619675 -2.14695 27.9107 250.686 -13 9850 1 0 1
0.91858 -2.42475 19250 0.0500481 0.225 27.9991 250.511 -13 9851 1 0 1
-10.9552 7.20903 19250 0.3703 -1.31023 27.9669 250.581 -13 9852 1 0 1
7.92224 -6.98568 19250 -0.102983 1.21277 27.9735 250.566 -13 9853 1 0 1
-9.91732 1.59654 19250 0.253448 -0.293639 27.9973 250.507 -13 9854 1 0 1
-2.72735 12.0986 19250 0.256699 -2.89604 27.8486 250.726 -13 9855 1 0 1
8.23802 -1.30995 19250 -0.0567535 0.176121 27.9994 250.52 -13 9856 1 0 1
0.95767 8.11512 19250 0.0347984 -1.32251 27.9687 250.568 -13 9857 1 0 1
7.5973 9.63331 19250 -0.233349 -2.05547 27.9235 250.643 -13 9858 1 0 1
3.92249 -7.64004 19250 -0.00769865 1.28426 27.9705 250.562 -13 9859 1 0 1
-2.92507 -2.26848 19250 0.111041 0.399302 27.9969 250.506 -13 9860 1 0 1
14.1335 6.1432 19250 -0.322884 -1.10934 27.9762 250.595 -13 9861 1 0 1
-11.4713 -4.74858 19250 0.316956 0.908429 27.9835 250.54 -13 9862 1 0 1
3.32318 -10.1459 19250 -0.633938 3.32461 27.7947 250.787 -13 9863 1 0 1
10.4645 8.29252 19250 -0.468279 -2.08813 27.9181 250.667 -13 9864 1 0 1
10.1091 7.94772 19250 -0.26455 -1.58631 27.9538 250.615 -13 9865 1 0 1
-13.3816 -5.70929 19250 0.427217 1.13096 27.9739 250.577 -13 9866 1 0 1
-3.77953 -7.35846 19250 0.130547 1.32512 27.9683 250.557 -13 9867 1 0 1
9.74193 -7.93708 19250 -0.154931 1.39199 27.9649 250.586 -13 9868 1 0 1
-0.354919 11.487 19250 0.562547 -3.59258 27.7629 250.821 -13 9869 1 0 1
-5.91763 -2.18613 19250 0.148584 0.309001 27.9979 250.509 -13 9870 1 0 1
-9.05609 -8.30086 19250 0.46869 1.85817 27.9343 250.614 -13 9871 1 0 1
-10.4809 7.51458 19250 0.362179 -1.44977 27.9601 250.589 -13 9872 1 0 1
12.1942 -5.52276 19250 -0.173209 0.973445 27.9825 250.559 -13 9873 1 0 1
-5.61565 -9.35667 19250 0.209873 1.83074 27.9393 250.605 -13 9874 1 0 1
-13.0302 -5.74882 19250 0.531565 1.26807 27.9662 250.584 -13 9875 1 0 1
-1.58077 2.59316 19250 0.0784949 -0.431162 27.9966 250.511 -13 9876 1 0 1
5.44166 1.58568 19250 -0.016742 -0.164861 27.9995 250.516 -13 9877 1 0 1
-4.14794 10.3072 19250 0.19015 -2.16041 27.9159 250.635 -13 9878 1 0 1
1.03904 -12.5896 19250 0.0294985 3.43914 27.788 250.769 -13 9879 1 0 1
-3.53959 -5.85848 19250 0.139645 0.87239 27.9861 250.528 -13 9880 1 0 1
-5.72252 -8.96307 19250 0.710775 2.75317 27.8552 250.737 -13 9881 1 0 1
-7.28378 -6.72743 19250 0.199643 1.20243 27.9735 250.554 -13 9882 1 0 1
15.9515 -1.00452 19250 -0.259589 0.163733 27.9983 250.554 -13 9883 1 0 1
-9.97671 7.52985 19250 0.335435 -1.48018 27.9588 250.586 -13 9884 1 0 1
-11.4201 0.919682 19250 0.284117 -0.159742 27.9981 250.511 -13 9885 1 0 1
-7.6689 -3.125 19250 0.207712 0.516609 27.9945 250.51 -13 9886 1 0 1
5.27959 -0.966187 19250 -0.0105801 0.103962 27.9998 250.513 -13 9887 1 0 1
12.834 5.79276 19250 -0.734778 -1.76913 27.9344 250.679 -13 9888 1 0 1
-2126.3 665.148 19250 -8.31714 2.06735 26.6562 255.601 -13 9889 1 0 1
-15.7436 -0.247172 19250 0.52937 0.00912166 27.995 250.538 -13 9890 1 0 1
-5.4752 -10.4291 19250 0.342511 2.36849 27.8975 250.659 -13 9891 1 0 1
-13.4776 -3.48587 19250 0.374906 0.64827 27.99 250.539 -13 9892 1 0 1
10.8762 -3.51051 19250 -0.117571 0.732955 27.9902 250.539 -13 9893 1 0 1
-4.2388 7.98122 19250 0.140235 -1.51284 27.9587 250.573 -13 9894 1 0 1
-11.934 -5.88615 19250 0.794129 1.62904 27.9413 250.649 -13 9895 1 0 1
12.228 2.31821 19250 -0.173712 -0.501274 27.995 250.545 -13 9896 1 0 1
9.29965 -0.98446 19250 -0.0940899 0.199394 27.9991 250.528 -13 9897 1 0 1
-14.0633 -4.6428 19250 0.613273 0.999846 27.9754 250.574 -13 9898 1 0 1
-9.76869 -5.47366 19250 0.269883 0.970777 27.9819 250.539 -13 9899 1 0 1
-6.79613 -5.76981 19250 0.193104 0.996068 27.9816 250.534 -13 9900 1 0 1
1.33998 -12.478 19250 0.39367 4.03919 27.7043 250.868 -13 9901 1 0 1
-2.85786 -4.62896 19250 0.126451 0.732692 27.9901 250.516 -13 9902 1 0 1
-0.673615 -8.48375 19250 0.0723043 1.52094 27.9586 250.575 -13 9903 1 0 1
1.72094 -4.02776 19250 0.0418568 0.525891 27.995 250.519 -13 9904 1 0 1
-4.41971 -11.335 19250 0.35188 2.6289 27.8741 250.698 -13 9905 1 0 1
9.48313 -1.32153 19250 -0.0874237 0.187493 27.9992 250.526 -13 9906 1 0 1
-15.1804 0.680335 19250 0.443974 -0.14582 27.9961 250.533 -13 9907 1 0 1
37.7412 1.90951 19250 2.57528 4.75244 27.4733 251.157 -13 9908 1 0 1
-2.85543 -9.45481 19250 0.728121 3.15836 27.8118 250.769 -13 9909 1 0 1
-5.77519 10.5363 19250 0.404909 -2.49908 27.8853 250.683 -13 9910 1 0 1
55.8524 0.277384 19250 2.64914 6.83758 27.0228 251.533 -13 9911 1 0 1
-1.3271 -5.04129 19250 0.106048 0.790828 27.9886 250.518 -13 9912 1 0 1
-7.30978 -1.29714 19250 0.159038 0.18223 27.999 250.51 -13 9913 1 0 1
-11.5459 -7.5379 19250 0.465555 1.47128 27.9574 250.607 -13 9914 1 0 1
8.06446 8.87095 19250 -0.562976 -2.55535 27.8775 250.707 -13 9915 1 0 1
-1.59965 -6.42606 19250 0.0996273 1.03412 27.9807 250.536 -13 9916 1 0 1
12.1676 1.481 19250 -0.153359 -0.154325 27.9992 250.538 -13 9917 1 0 1
9.751 -4.35652 19250 -0.108056 0.76432 27.9894 250.542 -13 9918 1 0 1
5.94783 -4.38767 19250 -0.0431709 0.706866 27.991 250.534 -13 9919 1 0 1
-12.1373 0.566998 19250 1.46418 -0.226082 27.9608 250.691 -13 9920 1 0 1
1.8163 -11.011 19250 0.00270216 2.35886 27.9005 250.648 -13 9921 1 0 1
-9.49915 6.89694 19250 0.284551 -1.27744 27.9694 250.565 -13 9922 1 0 1
-4.43778 4.19591 19250 0.130381 -0.666671 27.9918 250.519 -13 9923 1 0 1
6.57253 5.22206 19250 -0.0739602 -0.87146 27.9863 250.546 -13 9924 1 0 1
-0.889158 -10.3398 19250 0.708902 3.4057 27.7831 250.8 -13 9925 1 0 1
6.43355 -6.94878 19250 -0.0797863 1.33345 27.9681 250.567 -13 9926 1 0 1
1.73168 11.0478 19250 0.0269032 -2.31369 27.9042 250.642 -13 9927 1 0 1
-5.79565 2.46221 19250 0.147247 -0.471756 27.9956 250.51 -13 9928 1 0 1
3.12259 -7.27917 19250 -0.019186 1.20175 27.9742 250.562 -13 9929 1 0 1
-13.1431 3.1261 19250 0.344519 -0.573028 27.992 250.534 -13 9930 1 0 1
9.39097 -10.4204 19250 0.883419 4.92452 27.5494 251.031 -13 9931 1 0 1
-8.56595 1.71703 19250 0.206573 -0.182456 27.9986 250.508 -13 9932 1 0 1
-0.468114 6.50048 19250 0.0847372 -1.12428 27.9773 250.537 -13 9933 1 0 1
-0.454469 -1.84658 19250 0.0856955 0.225153 27.999 250.502 -13 9934 1 0 1
-6.89548 1.35719 19250 0.162446 -0.245169 27.9985 250.507 -13 9935 1 0 1
-4.33641 4.46631 19250 0.133099 -0.736339 27.99 250.52 -13 9936 1 0 1
5.23367 -5.87104 19250 -0.0399152 1.00793 27.9818 250.545 -13 9937 1 0 1
2.95591 -8.68285 19250 1.06105 3.53417 27.7558 250.856 -13 9938 1 0 1
0.476745 11.939 19250 0.0368937 -2.68328 27.8711 250.69 -13 9939 1 0 1
2.35816 11.6239 19250 0.627747 -4.05432 27.6978 250.891 -13 9940 1 0 1
7.37791 0.0894755 19250 -0.035549 0.00226784 28 250.515 -13 9941 1 0 1
-16.8204 0.84394 19250 0.670472 -0.261107 27.9908 250.568 -13 9942 1 0 1
-7.86056 5.00674 19250 0.194494 -0.843938 27.9866 250.531 -13 9943 1 0 1
-4.16416 -4.23722 19250 0.105885 0.662316 27.992 250.524 -13 9944 1 0 1
0.307776 -11.1743 19250 0.0782944 2.54745 27.8838 250.658 -13 9945 1 0 1
-6.6695 -6.84477 19250 0.225838 1.13818 27.9759 250.544 -13 9946 1 0 1
-14.9956 -2.40662 19250 0.479101 0.596979 27.9895 250.544 -13 9947 1 0 1
16.4642 4.07211 19250 -0.661612 -1.02858 27.9733 250.639 -13 9948 1 0 1
-8.01915 8.68327 19250 0.317299 -1.75474 27.9432 250.601 -13 9949 1 0 1
-8.21778 -9.34933 19250 0.419136 2.09654 27.9183 250.646 -13 9950 1 0 1
9.17371 5.72328 19250 -0.125254 -1.08546 27.9787 250.557 -13 9951 1 0 1
13.859 6.83513 19250 -0.319579 -1.34603 27.9658 250.601 -13 9952 1 0 1
4.29826 11.1515 19250 -0.431057 -3.06158 27.8288 250.754 -13 9953 1 0 1
-10.2636 6.1715 19250 0.308555 -0.978928 27.9812 250.548 -13 9954 1 0 1
-3.71873 -7.01947 19250 0.129542 1.20564 27.9737 250.549 -13 9955 1 0 1
-9.05106 -1.9957 19250 0.210686 0.376977 27.9967 250.512 -13 9956 1 0 1
-23.4964 4.68312 19250 -1.71631 -5.18774 27.4616 251.087 -13 9957 1 0 1
-12.5778 2.89718 19250 0.323431 -0.523074 27.9932 250.527 -13 9958 1 0 1
-8.77159 4.03147 19250 -1.56004 -3.58813 27.7253 250.893 -13 9959 1 0 1
9.02918 -10.7054 19250 0.80402 5.18527 27.5039 251.091 -13 9960 1 0 1
-5.34706 -5.74767 19250 0.158976 0.980485 27.9824 250.532 -13 9961 1 0 1
-10.0669 4.63654 19250 0.282333 -0.857761 27.9854 250.529 -13 9962 1 0 1
-9.36017 1.0353 19250 0.187716 -0.26391 27.9981 250.516 -13 9963 1 0 1
2.08033 6.36259 19250 0.0228527 -1.10547 27.9782 250.542 -13 9964 1 0 1
3.44464 0.760695 19250 -0.0081852 -0.121428 27.9997 250.517 -13 9965 1 0 1
-0.17352 -11.0962 19250 0.0768405 2.25072 27.9093 250.644 -13 9966 1 0 1
3.13 -1.90115 19250 0.03357 0.330253 27.998 250.507 -13 9967 1 0 1
9.24712 8.37542 19250 -0.587075 -2.44384 27.887 250.697 -13 9968 1 0 1
-9.97994 -3.8708 19250 0.228111 0.594193 27.9928 250.528 -13 9969 1 0 1
208.605 44.1487 19250 7.61759 7.47446 25.8864 252.439 -13 9970 1 0 1
-10.6369 -5.84226 19250 0.905406 1.75317 27.9304 250.673 -13 9971 1 0 1
-2.95674 4.24827 19250 0.0943638 -0.696455 27.9912 250.523 -13 9972 1 0 1
-12.2874 -5.26252 19250 0.82595 1.59481 27.9423 250.649 -13 9973 1 0 1
-2.82057 6.80355 19250 0.125839 -1.07676 27.979 250.54 -13 9974 1 0 1
6.10719 10.8373 19250 -0.279845 -2.71869 27.8663 250.695 -13 9975 1 0 1
-5.70552 1.00403 19250 0.138135 -0.134925 27.9993 250.506 -13 9976 1 0 1
1.22904 9.32086 19250 0.0161657 -1.79417 27.9425 250.598 -13 9977 1 0 1
13.4657 -3.50856 19250 -0.221124 0.622332 27.9922 250.559 -13 9978 1 0 1
15.7817 -1.37401 19250 -0.239875 0.140653 27.9986 250.55 -13 9979 1 0 1
-1.24848 7.84013 19250 0.0629138 -1.36443 27.9667 250.568 -13 9980 1 0 1
-146.067 1683.95 19250 -0.344286 6.93857 27.1245 253.473 -13 9981 1 0 1
9.82112 3.93618 19250 -0.110714 -0.668476 27.9918 250.541 -13 9982 1 0 1
-2.72645 2.18684 19250 0.0954227 -0.420337 27.9967 250.509 -13 9983 1 0 1
-7.22873 1.4287 19250 0.160892 -0.248061 27.9984 250.509 -13 9984 1 0 1
-5.28239 1.32744 19250 0.102806 -0.197541 27.9991 250.515 -13 9985 1 0 1
10.6146 5.57441 19250 -0.125408 -0.93539 27.9841 250.551 -13 9986 1 0 1
4.18289 -11.2561 19250 -0.245665 2.82055 27.8565 250.71 -13 9987 1 0 1
-10.7773 -6.56098 19250 0.378029 1.3181 27.9664 250.568 -13 9988 1 0 1
4.79665 10.4421 19250 -0.0734168 -2.1629 27.9162 250.631 -13 9989 1 0 1
13.4032 6.36601 19250 -0.342812 -1.40289 27.9627 250.606 -13 9990 1 0 1
-3.53561 -11.0757 19250 0.222579 2.55778 27.882 250.672 -13 9991 1 0 1
9.87117 -4.21184 19250 -0.100459 0.616564 27.993 250.54 -13 9992 1 0 1
-2.59919 11.1991 19250 0.503903 -3.18203 27.814 250.761 -13 9993 1 0 1
-16.4991 -0.716208 19250 0.961231 0.193304 27.9828 250.615 -13 9994 1 0 1
9.85334 7.4021 19250 -0.174807 -1.2852 27.9699 250.585 -13 9995 1 0 1
-15.4486 -3.12997 19250 0.530566 0.565915 27.9893 250.557 -13 9996 1 0 1
7.18736 -3.7686 19250 -0.0456942 0.545969 27.9946 250.528 -13 9997 1 0 1
-2.54638 6.68231 19250 0.130174 -1.2143 27.9734 250.54 -13 9998 1 0 1
-2.28779 2.99473 19250 0.0597802 -0.528253 27.995 250.521 -13 9999 1 0 1
-13.2481 -5.73253 19250 0.54373 1.35195 27.9621 250.595 -13 10000 1 0 1
