#BLTrackFile NTuple/Z800
#x y z Px Py Pz t PDGid EventID TrackID ParentID Weight
#mm mm mm MeV/c MeV/c MeV/c ns - - - - -
-16.4268 -3.48291 800 0.267404 -0.526455 27.9938 10.4177 -13 1 1 0 1
22.6359 10.1581 800 -0.493097 0.773781 27.985 10.4183 -13 2 1 0 1
15.6819 -1.63757 800 -0.02841 0.494596 27.9956 10.4175 -13 3 1 0 1
3.23828 3.459 800 -0.0976438 0.199863 27.9991 10.4174 -13 4 1 0 1
-2.00371 3.11179 800 -0.136761 -0.120254 27.9994 10.4173 -13 5 1 0 1
12.0232 1.79349 800 -0.172896 0.412806 27.9964 10.4175 -13 6 1 0 1
-18.5978 -6.94005 800 0.387318 -0.550905 27.9919 10.4178 -13 7 1 0 1
-21.8872 -1.30814 800 0.210041 -0.727878 27.9897 10.4179 -13 8 1 0 1
-15.2603 -5.77562 800 0.30035 -0.587916 27.9922 10.4178 -13 9 1 0 1
-4.83755 2.14803 800 -0.105141 -0.0830151 27.9997 10.4173 -13 10 1 0 1
5.18136 -0.881914 800 0.00778184 0.14451 27.9996 10.4173 -13 11 1 0 1
-5.80041 3.89833 800 -0.175691 -0.0479668 27.9994 10.4175 -13 12 1 0 1
5.97825 3.80841 800 -0.246162 0.3115 27.9972 10.4176 -13 13 1 0 1
10.5336 -0.725349 800 0.00171846 0.438504 27.9966 10.4175 -13 14 1 0 1
6.26947 -2.25052 800 0.167472 0.313151 27.9977 10.4175 -13 15 1 0 1
4.60815 5.07676 800 -0.241961 0.154064 27.9985 10.4174 -13 16 1 0 1
0.616194 2.52022 800 -0.122295 -0.0607427 27.9997 10.4173 -13 17 1 0 1
-7.07424 0.00400983 800 0.0488495 -0.276813 27.9986 10.4174 -13 18 1 0 1
-11.4868 -5.80991 800 0.280833 -0.451553 27.995 10.4176 -13 19 1 0 1
-7.15211 -1.45824 800 0.142197 -0.158426 27.9992 10.4173 -13 20 1 0 1
3.86533 -1.39349 800 -0.0107821 0.0415694 28 10.4173 -13 21 1 0 1
-7.33081 -3.56731 800 0.153659 -0.246548 27.9985 10.4174 -13 22 1 0 1
0.0526369 1.8752 800 -0.0834871 0.10304 27.9997 10.4173 -13 23 1 0 1
-5.62535 -4.84618 800 0.192652 -0.165831 27.9988 10.4173 -13 24 1 0 1
6.97112 0.167948 800 -0.00914424 0.296182 27.9984 10.4174 -13 25 1 0 1
5.66325 1.88553 800 -0.0971004 0.249345 27.9987 10.4174 -13 26 1 0 1
3.82888 1.97787 800 -0.0538425 0.114692 27.9997 10.4173 -13 27 1 0 1
6.24081 3.22979 800 -0.105692 0.192117 27.9991 10.4173 -13 28 1 0 1
12.907 3.51975 800 -0.216518 0.486323 27.9949 10.4176 -13 29 1 0 1
5.68936 3.9558 800 -0.134669 0.181406 27.9991 10.4173 -13 30 1 0 1
-0.178843 3.8589 800 -0.165099 0.0217758 27.9995 10.4173 -13 31 1 0 1
16.1413 3.00975 800 -0.0974878 0.617364 27.993 10.4178 -13 32 1 0 1
-2.74918 -2.63576 800 0.11715 -0.137278 27.9994 10.4173 -13 33 1 0 1
10.7518 3.46195 800 -0.289803 0.323092 27.9966 10.4175 -13 34 1 0 1
0.609169 -0.790289 800 0.0270059 0.0217987 28 10.4173 -13 35 1 0 1
10.3731 6.11301 800 -0.273202 0.290582 27.9972 10.4174 -13 36 1 0 1
-11.7367 -1.00264 800 0.100924 -0.52907 27.9948 10.4177 -13 37 1 0 1
2.77965 5.8923 800 -0.175198 0.100211 27.9993 10.4173 -13 38 1 0 1
-3.98227 -0.569933 800 -0.0468078 -0.185888 27.9993 10.4174 -13 39 1 0 1
-2.88619 1.20064 800 -0.0509838 -0.00648034 28 10.4173 -13 40 1 0 1
9.87313 4.34073 800 -0.176621 0.30535 27.9978 10.4174 -13 41 1 0 1
-27.8554 -10.9959 800 0.411314 -0.977347 27.9799 10.4187 -13 42 1 0 1
-0.785574 4.56377 800 -0.201363 -0.067145 27.9992 10.4173 -13 43 1 0 1
4.71866 1.68413 800 -0.0382664 0.177377 27.9994 10.4173 -13 44 1 0 1
-6.88431 -1.67024 800 0.112875 -0.30248 27.9981 10.4174 -13 45 1 0 1
4.51839 6.0223 800 -0.410083 0.223273 27.9961 10.4178 -13 46 1 0 1
-3.60853 -2.54201 800 0.131359 -0.0854557 27.9996 10.4173 -13 47 1 0 1
0.308365 0.572948 800 0.0266751 0.0150083 28 10.4173 -13 48 1 0 1
11.7225 6.23707 800 -0.221884 0.471596 27.9951 10.4177 -13 49 1 0 1
3.01947 3.41142 800 -0.153758 0.0617473 27.9995 10.4173 -13 50 1 0 1
-6.17727 -5.51869 800 0.293661 -0.191721 27.9978 10.4174 -13 51 1 0 1
4.25137 -7.18536 800 0.263128 0.226281 27.9978 10.4174 -13 52 1 0 1
4.01188 2.41092 800 -0.10774 0.173672 27.9993 10.4173 -13 53 1 0 1
0.303817 -1.98737 800 0.0521399 0.0456299 27.9999 10.4173 -13 54 1 0 1
-0.906391 -5.169 800 0.209484 0.0256879 27.9992 10.4173 -13 55 1 0 1
5.64682 2.02701 800 0.0156704 0.149707 27.9996 10.4174 -13 56 1 0 1
-9.17734 -7.63508 800 0.376801 -0.358942 27.9952 10.4177 -13 57 1 0 1
-4.43062 -2.38916 800 0.116457 -0.0809134 27.9996 10.4173 -13 58 1 0 1
0.121774 -2.95694 800 0.0355183 -0.0207707 28 10.4173 -13 59 1 0 1
-4.5753 2.70193 800 -0.0306731 -0.0715525 27.9999 10.4173 -13 60 1 0 1
-0.86782 2.7289 800 -0.0605946 -0.0922756 27.9998 10.4173 -13 61 1 0 1
12.7905 11.1991 800 -0.612895 0.424641 27.9901 10.4181 -13 62 1 0 1
-3.47813 -0.823027 800 -0.0656809 -0.0268753 27.9999 10.4174 -13 63 1 0 1
-6.0392 2.02495 800 -0.164229 -0.174748 27.999 10.4174 -13 64 1 0 1
3.24859 4.76227 800 -0.302975 0.11661 27.9981 10.4175 -13 65 1 0 1
-11.3564 -1.76457 800 0.168092 -0.362889 27.9971 10.4174 -13 66 1 0 1
1.24686 -7.78478 800 0.355208 0.045966 27.9977 10.4175 -13 67 1 0 1
4.41707 0.0296761 800 -0.0497255 0.225134 27.9991 10.4174 -13 68 1 0 1
2.29009 4.82223 800 -0.178677 0.0467678 27.9994 10.4173 -13 69 1 0 1
-6.1846 3.16649 800 -0.0662278 -0.258043 27.9987 10.4173 -13 70 1 0 1
9.52776 0.443062 800 -0.0118434 0.246217 27.9989 10.4174 -13 71 1 0 1
-2.95233 -2.4895 800 -0.00792951 -0.112278 27.9998 10.4173 -13 72 1 0 1
9.89359 0.648846 800 -0.0150573 0.37055 27.9975 10.4174 -13 73 1 0 1
3.83197 -3.02117 800 -0.0113191 0.142236 27.9996 10.4173 -13 74 1 0 1
1.09142 -0.028223 800 -0.0306092 0.0543958 27.9999 10.4173 -13 75 1 0 1
-0.903321 -2.51937 800 0.11769 -0.0904316 27.9996 10.4173 -13 76 1 0 1
13.9467 3.39155 800 -0.177446 0.47314 27.9954 10.4176 -13 77 1 0 1
-4.83189 -5.8952 800 0.308326 -0.15108 27.9979 10.4174 -13 78 1 0 1
-5.94449 -4.13254 800 0.241262 -0.171194 27.9984 10.4174 -13 79 1 0 1
10.8685 6.13482 800 -0.246572 0.315621 27.9971 10.4174 -13 80 1 0 1
10.6914 7.14269 800 -0.264945 0.370332 27.9963 10.4175 -13 81 1 0 1
-0.200821 0.936884 800 -0.0364204 -0.0274912 28 10.4173 -13 82 1 0 1
0.507794 -0.87443 800 -0.0314591 0.136487 27.9996 10.4174 -13 83 1 0 1
-11.72 -5.65413 800 0.320369 -0.375071 27.9957 10.4176 -13 84 1 0 1
1.61566 -1.69547 800 -0.0217162 0.0545192 27.9999 10.4173 -13 85 1 0 1
-0.108034 -6.02507 800 0.146039 -0.0560548 27.9996 10.4173 -13 86 1 0 1
-3.02242 6.70886 800 -0.173712 -0.0272832 27.9994 10.4174 -13 87 1 0 1
7.74283 0.538094 800 0.0405344 0.17355 27.9994 10.4174 -13 88 1 0 1
-2.86473 0.341235 800 0.00594347 -0.0704598 27.9999 10.4173 -13 89 1 0 1
8.25539 4.58459 800 -0.205028 0.244658 27.9982 10.4174 -13 90 1 0 1
12.7522 -7.51906 800 0.270055 0.359172 27.9964 10.4176 -13 91 1 0 1
-5.45861 -0.742599 800 0.0641614 -0.197769 27.9992 10.4173 -13 92 1 0 1
-2.44007 -2.29611 800 0.0863122 -0.119696 27.9996 10.4173 -13 93 1 0 1
9.1512 -0.0575245 800 -0.147707 0.299854 27.998 10.4174 -13 94 1 0 1
-3.46663 -3.69891 800 0.0846377 -0.0371312 27.9998 10.4173 -13 95 1 0 1
-1.23974 -5.73506 800 0.255862 -0.0594092 27.9988 10.4174 -13 96 1 0 1
17.8589 6.43944 800 -0.215786 0.699416 27.9904 10.4181 -13 97 1 0 1
9.07028 5.79871 800 -0.167836 0.274046 27.9982 10.4174 -13 98 1 0 1
14.3438 -0.607677 800 -0.167004 0.513485 27.9948 10.4176 -13 99 1 0 1
-5.40023 -3.77939 800 0.221448 -0.124826 27.9988 10.4174 -13 100 1 0 1
6.39146 4.44127 800 -0.111666 0.207189 27.999 10.4173 -13 101 1 0 1
-1.07761 -3.88747 800 0.258835 -0.0293255 27.9988 10.4174 -13 102 1 0 1
-15.8058 0.541446 800 0.118306 -0.588997 27.9936 10.4177 -13 103 1 0 1
-6.96958 -5.17728 800 0.215366 -0.179965 27.9986 10.4173 -13 104 1 0 1
-7.05054 -5.99954 800 0.298034 -0.25983 27.9972 10.4175 -13 105 1 0 1
-0.12504 -3.15021 800 0.0866567 0.0186452 27.9999 10.4173 -13 106 1 0 1
-11.4393 -1.05202 800 0.0322761 -0.393723 27.9972 10.4175 -13 107 1 0 1
6.53237 1.62565 800 -0.159233 0.157449 27.9991 10.4173 -13 108 1 0 1
1.83944 4.76297 800 -0.159346 0.0957119 27.9994 10.4173 -13 109 1 0 1
6.47133 -3.19303 800 0.0916165 0.188279 27.9992 10.4173 -13 110 1 0 1
0.697544 -4.57675 800 0.215456 -0.0321597 27.9992 10.4174 -13 111 1 0 1
-5.75742 4.12397 800 -0.0709231 -0.191774 27.9993 10.4173 -13 112 1 0 1
0.509135 2.1892 800 -0.0732336 -0.031432 27.9999 10.4173 -13 113 1 0 1
-5.44851 -2.0815 800 0.107555 -0.245036 27.9987 10.4174 -13 114 1 0 1
7.73814 1.69606 800 -0.155749 0.203495 27.9988 10.4173 -13 115 1 0 1
-34.4834 -8.91288 800 0.519547 -1.1166 27.9729 10.419 -13 116 1 0 1
-14.673 -5.3123 800 0.236436 -0.54733 27.9937 10.4177 -13 117 1 0 1
14.3934 3.56097 800 -0.159598 0.477383 27.9955 10.4176 -13 118 1 0 1
17.8306 8.21488 800 -0.418786 0.539277 27.9917 10.4178 -13 119 1 0 1
-1.54427 -1.87812 800 0.032735 -0.0862117 27.9998 10.4173 -13 120 1 0 1
8.8842 4.03364 800 -0.231688 0.227045 27.9981 10.4174 -13 121 1 0 1
3.72124 -0.526436 800 -0.0295211 0.0751203 27.9999 10.4173 -13 122 1 0 1
15.4613 -0.240022 800 -0.0758838 0.649245 27.9924 10.4179 -13 123 1 0 1
8.34763 1.88817 800 -0.074266 0.327808 27.998 10.4174 -13 124 1 0 1
0.212395 -3.15091 800 0.0710056 -0.00286952 27.9999 10.4173 -13 125 1 0 1
-5.77912 -2.53695 800 0.107997 -0.275115 27.9984 10.4174 -13 126 1 0 1
-22.563 -11.3036 800 0.499882 -0.851165 27.9826 10.4185 -13 127 1 0 1
-1.19993 -1.62606 800 0.0248216 0.00645735 28 10.4173 -13 128 1 0 1
-0.53491 3.38909 800 -0.0774621 -0.103009 27.9997 10.4173 -13 129 1 0 1
-1.26796 0.668306 800 0.0273834 0.0154804 28 10.4173 -13 130 1 0 1
5.94636 -3.29234 800 0.140329 0.189766 27.999 10.4173 -13 131 1 0 1
-8.10816 -3.56457 800 0.259334 -0.267756 27.9975 10.4175 -13 132 1 0 1
2.02372 -0.0537408 800 -0.0325711 0.116426 27.9997 10.4173 -13 133 1 0 1
5.88734 1.75408 800 -0.122274 0.155322 27.9993 10.4173 -13 134 1 0 1
-8.93755 -4.15312 800 0.230717 -0.220861 27.9982 10.4174 -13 135 1 0 1
6.56155 8.98093 800 -0.366107 0.220377 27.9967 10.4175 -13 136 1 0 1
-10.7715 -5.42945 800 0.196695 -0.462804 27.9955 10.4177 -13 137 1 0 1
-13.0655 -5.24908 800 0.109399 -0.480881 27.9957 10.4177 -13 138 1 0 1
-0.484835 2.69083 800 -0.25466 -0.06245 27.9988 10.4175 -13 139 1 0 1
2.95799 -0.899799 800 0.00458924 0.0771926 27.9999 10.4173 -13 140 1 0 1
6.61692 -1.62104 800 0.0321255 0.244653 27.9989 10.4173 -13 141 1 0 1
-7.1411 1.16908 800 0.00762176 -0.286695 27.9985 10.4174 -13 142 1 0 1
-3.47579 -1.54209 800 0.0456374 -0.170035 27.9994 10.4173 -13 143 1 0 1
10.1984 -0.288004 800 -0.115333 0.340923 27.9977 10.4174 -13 144 1 0 1
8.68808 -0.728812 800 -0.00704267 0.320595 27.9982 10.4174 -13 145 1 0 1
-14.4792 -5.31827 800 0.24664 -0.549379 27.9935 10.4177 -13 146 1 0 1
8.00931 -0.295913 800 -0.00635798 0.242668 27.9989 10.4173 -13 147 1 0 1
3.96164 1.03595 800 -0.109674 0.15829 27.9993 10.4173 -13 148 1 0 1
-7.06196 -7.03313 800 0.364002 -0.17306 27.9971 10.4175 -13 149 1 0 1
4.77218 -0.728474 800 -0.0151389 0.123199 27.9997 10.4173 -13 150 1 0 1
2.02059 2.59336 800 -0.0500291 0.0684416 27.9999 10.4173 -13 151 1 0 1
-5.95278 5.07017 800 -0.219137 -0.21752 27.9983 10.4174 -13 152 1 0 1
-3.05101 -2.1745 800 0.0945455 -0.18608 27.9992 10.4174 -13 153 1 0 1
-3.84625 -2.29334 800 0.0687992 -0.168306 27.9994 10.4173 -13 154 1 0 1
-3.33587 0.0738044 800 -0.0278584 -0.0449209 28 10.4173 -13 155 1 0 1
6.43353 -6.84581 800 0.198191 0.237269 27.9983 10.4174 -13 156 1 0 1
0.390068 -0.178585 800 -0.107377 -0.0769537 27.9997 10.4174 -13 157 1 0 1
-4.5486 4.76853 800 -0.19369 -0.221476 27.9985 10.4174 -13 158 1 0 1
-0.906934 -0.928068 800 -0.0196765 -0.0773513 27.9999 10.4173 -13 159 1 0 1
-27.1285 -3.97691 800 0.385122 -0.912106 27.9825 10.4184 -13 160 1 0 1
10.8359 0.269461 800 -0.145079 0.340305 27.9976 10.4174 -13 161 1 0 1
4.29783 2.24318 800 -0.0506242 0.126822 27.9997 10.4173 -13 162 1 0 1
-11.3757 2.44331 800 -0.17022 -0.460311 27.9957 10.4177 -13 163 1 0 1
4.57544 -0.473556 800 -0.127335 0.132391 27.9994 10.4174 -13 164 1 0 1
-12.4269 -6.95028 800 0.398668 -0.410466 27.9942 10.4177 -13 165 1 0 1
-6.95451 -1.92016 800 0.0483085 -0.200554 27.9992 10.4173 -13 166 1 0 1
-1.14936 -0.956337 800 0.0475764 0.00207659 28 10.4173 -13 167 1 0 1
1.62667 0.266588 800 -0.100008 -0.0218219 27.9998 10.4173 -13 168 1 0 1
7.73333 3.50048 800 -0.180314 0.195439 27.9987 10.4173 -13 169 1 0 1
4.68686 0.230181 800 -0.03132 0.135174 27.9997 10.4173 -13 170 1 0 1
-9.45897 -4.93792 800 0.192227 -0.317165 27.9975 10.4174 -13 171 1 0 1
-9.00523 -1.35602 800 0.0932662 -0.351298 27.9976 10.4174 -13 172 1 0 1
-2.05963 2.38822 800 -0.0616229 -0.0854417 27.9998 10.4173 -13 173 1 0 1
7.54866 -2.4051 800 0.00895935 0.272627 27.9987 10.4173 -13 174 1 0 1
15.7363 -2.31358 800 -0.0133797 0.488353 27.9957 10.4175 -13 175 1 0 1
-19.3865 -3.42837 800 0.255318 -0.66366 27.991 10.4178 -13 176 1 0 1
0.464579 -6.81846 800 0.297783 0.0214289 27.9984 10.4174 -13 177 1 0 1
-3.38599 -5.37181 800 0.254056 -0.225587 27.9979 10.4175 -13 178 1 0 1
-5.16999 0.391354 800 -0.0979936 -0.093055 27.9997 10.4174 -13 179 1 0 1
-5.12478 -0.867983 800 0.0215671 -0.180719 27.9994 10.4173 -13 180 1 0 1
-26.9741 -5.234 800 0.30231 -0.962479 27.9818 10.4185 -13 181 1 0 1
18.0773 7.75975 800 -0.425806 0.644117 27.9894 10.418 -13 182 1 0 1
19.1835 2.83152 800 -0.192258 0.737873 27.9896 10.418 -13 183 1 0 1
-13.9749 0.632631 800 0.0278475 -0.490366 27.9957 10.4175 -13 184 1 0 1
-2.59045 2.07045 800 -0.0366996 -0.0765458 27.9999 10.4173 -13 185 1 0 1
-6.58381 -6.47958 800 0.285026 -0.233898 27.9976 10.4174 -13 186 1 0 1
0.902212 7.8567 800 -0.280137 0.0689361 27.9985 10.4174 -13 187 1 0 1
1.21352 -2.46082 800 0.173716 0.0820496 27.9993 10.4174 -13 188 1 0 1
-4.60959 -4.12881 800 0.218837 -0.118876 27.9989 10.4173 -13 189 1 0 1
-9.08708 -1.18198 800 0.192205 -0.335381 27.9973 10.4175 -13 190 1 0 1
-4.69492 0.357836 800 0.0510996 -0.251643 27.9988 10.4174 -13 191 1 0 1
12.1234 -0.171322 800 -0.04433 0.403793 27.9971 10.4174 -13 192 1 0 1
7.52518 3.73942 800 -0.224742 0.296839 27.9975 10.4175 -13 193 1 0 1
1.2949 -0.897791 800 -0.00564023 0.0496111 28 10.4173 -13 194 1 0 1
-13.5951 -1.1622 800 0.0686158 -0.466808 27.996 10.4175 -13 195 1 0 1
-2.12635 1.38871 800 -0.0574809 0.0145223 27.9999 10.4173 -13 196 1 0 1
5.02726 0.832035 800 -0.0748494 0.181205 27.9993 10.4173 -13 197 1 0 1
1.46436 0.122532 800 -0.0332146 -0.0743842 27.9999 10.4173 -13 198 1 0 1
4.42718 1.82216 800 -0.0668324 0.1944 27.9992 10.4173 -13 199 1 0 1
3.68338 3.83138 800 -0.151711 0.167742 27.9991 10.4173 -13 200 1 0 1
-22.0645 -3.71325 800 0.323983 -0.697812 27.9894 10.4179 -13 201 1 0 1
24.792 9.27332 800 -0.399058 0.80924 27.9855 10.4182 -13 202 1 0 1
-8.20115 1.39259 800 0.00568098 -0.366258 27.9976 10.4175 -13 203 1 0 1
11.6491 0.0392002 800 -0.0128545 0.470729 27.996 10.4176 -13 204 1 0 1
6.52764 -0.689935 800 -0.0725252 0.28908 27.9984 10.4174 -13 205 1 0 1
7.97441 5.10936 800 -0.210603 0.400316 27.9963 10.4176 -13 206 1 0 1
-8.26375 -2.36845 800 0.111307 -0.290402 27.9983 10.4174 -13 207 1 0 1
-3.06586 2.98723 800 -0.188566 -0.043966 27.9993 10.4174 -13 208 1 0 1
-5.43476 -5.14174 800 0.211671 -0.166223 27.9987 10.4173 -13 209 1 0 1
8.31854 1.76776 800 -0.00714285 0.216594 27.9992 10.4174 -13 210 1 0 1
-10.104 -6.74032 800 0.286259 -0.384517 27.9959 10.4176 -13 211 1 0 1
6.09778 -0.670905 800 0.127769 0.159215 27.9993 10.4174 -13 212 1 0 1
13.3697 4.76233 800 -0.239998 0.483969 27.9948 10.4176 -13 213 1 0 1
-1.74324 1.48053 800 0.00156027 -0.065287 27.9999 10.4173 -13 214 1 0 1
-0.752788 -5.1825 800 0.207372 0.0445613 27.9992 10.4173 -13 215 1 0 1
-6.82734 3.92429 800 -0.14249 -0.219377 27.9988 10.4174 -13 216 1 0 1
12.3785 4.15471 800 -0.190818 0.458202 27.9956 10.4176 -13 217 1 0 1
-10.9162 -4.34144 800 0.167254 -0.375373 27.997 10.4175 -13 218 1 0 1
4.49129 3.83589 800 -0.0720051 0.305615 27.9982 10.4176 -13 219 1 0 1
-0.675196 -9.0007 800 0.415466 -0.055929 27.9969 10.4176 -13 220 1 0 1
-10.117 -3.20771 800 0.0689744 -0.279169 27.9985 10.4174 -13 221 1 0 1
-0.835119 -2.81482 800 0.0244774 0.0308884 28 10.4173 -13 222 1 0 1
-4.71721 -3.43672 800 0.0844793 -0.123657 27.9996 10.4173 -13 223 1 0 1
-4.09549 -6.50658 800 0.372634 -0.197298 27.9968 10.4176 -13 224 1 0 1
9.70912 0.566821 800 -0.187117 0.34845 27.9972 10.4175 -13 225 1 0 1
1.94874 -0.991309 800 0.037467 0.13497 27.9996 10.4173 -13 226 1 0 1
-5.45112 -0.152815 800 0.13018 -0.225276 27.9988 10.4174 -13 227 1 0 1
-16.0162 -3.28273 800 0.196706 -0.565596 27.9936 10.4177 -13 228 1 0 1
9.32211 6.30864 800 -0.370575 0.328861 27.9956 10.4176 -13 229 1 0 1
-3.86892 3.34572 800 -0.0954751 -0.144411 27.9995 10.4173 -13 230 1 0 1
1.53633 -2.79173 800 0.0823821 0.061006 27.9998 10.4173 -13 231 1 0 1
3.19808 -0.423449 800 0.000780477 0.145246 27.9996 10.4173 -13 232 1 0 1
8.0413 2.45091 800 -0.213107 0.20524 27.9984 10.4174 -13 233 1 0 1
10.3295 -1.36083 800 0.00813391 0.273734 27.9987 10.4174 -13 234 1 0 1
-4.40965 1.62994 800 -0.108754 -0.197703 27.9991 10.4174 -13 235 1 0 1
3.60183 3.62248 800 -0.203112 0.0728763 27.9992 10.4173 -13 236 1 0 1
4.90323 -1.31154 800 0.0283556 0.144852 27.9996 10.4173 -13 237 1 0 1
3.86704 0.528663 800 0.0247455 0.22922 27.9991 10.4174 -13 238 1 0 1
-3.12606 -8.08792 800 0.347348 -0.0685856 27.9978 10.4174 -13 239 1 0 1
-9.34582 -7.50321 800 0.374905 -0.29175 27.996 10.4175 -13 240 1 0 1
-3.12874 -2.69564 800 0.0477122 -0.135175 27.9996 10.4173 -13 241 1 0 1
-6.58996 -5.76288 800 0.348779 -0.258577 27.9966 10.4176 -13 242 1 0 1
-0.253395 3.35021 800 -0.156183 -0.0126503 27.9996 10.4173 -13 243 1 0 1
-13.5663 -0.848909 800 0.0548393 -0.454274 27.9963 10.4175 -13 244 1 0 1
12.7969 7.2274 800 -0.378718 0.381013 27.9948 10.4176 -13 245 1 0 1
-12.8257 -4.02906 800 0.256339 -0.51247 27.9941 10.4177 -13 246 1 0 1
21.8453 5.86294 800 -0.315127 0.839037 27.9857 10.4183 -13 247 1 0 1
8.99243 -5.38776 800 0.106606 0.249895 27.9987 10.4174 -13 248 1 0 1
8.2676 3.11137 800 -0.18504 0.257787 27.9982 10.4174 -13 249 1 0 1
-1.5658 -6.54079 800 0.259421 -0.0332678 27.9988 10.4173 -13 250 1 0 1
-6.00562 -3.24622 800 0.0997704 -0.253419 27.9987 10.4174 -13 251 1 0 1
-4.85894 4.36925 800 -0.22057 -0.12052 27.9989 10.4174 -13 252 1 0 1
2.69912 -1.79125 800 0.00635615 0.0237926 28 10.4173 -13 253 1 0 1
-5.58297 -2.87687 800 0.135583 -0.206496 27.9989 10.4173 -13 254 1 0 1
-1.37628 5.01174 800 -0.307695 -0.0631106 27.9982 10.4175 -13 255 1 0 1
-2.28428 -1.79372 800 0.0240595 -0.106425 27.9998 10.4173 -13 256 1 0 1
-8.88671 -2.61893 800 -0.0232762 -0.361813 27.9977 10.4176 -13 257 1 0 1
-5.65476 -0.397694 800 0.114506 -0.250987 27.9986 10.4174 -13 258 1 0 1
-12.8065 -3.99686 800 0.14346 -0.453835 27.996 10.4176 -13 259 1 0 1
-1.13528 2.18868 800 -0.0359024 -0.0604455 27.9999 10.4173 -13 260 1 0 1
14.9911 4.01521 800 -0.166556 0.47051 27.9956 10.4175 -13 261 1 0 1
-3.95555 0.137249 800 0.007019 -0.119336 27.9997 10.4173 -13 262 1 0 1
-4.64599 -4.49432 800 0.214205 -0.214085 27.9984 10.4174 -13 263 1 0 1
15.2791 0.171887 800 -0.188357 0.452965 27.9957 10.4176 -13 264 1 0 1
10.4056 2.29167 800 -0.00283761 0.39479 27.9972 10.4176 -13 265 1 0 1
-3.67354 -2.13093 800 0.0708311 -0.137645 27.9996 10.4173 -13 266 1 0 1
1.35939 5.46908 800 -0.220432 0.0118083 27.9991 10.4173 -13 267 1 0 1
17.917 7.62257 800 -0.438792 0.639194 27.9893 10.418 -13 268 1 0 1
7.29824 -4.04422 800 0.173008 0.23751 27.9985 10.4174 -13 269 1 0 1
-0.229364 -3.48405 800 0.132804 -0.0926503 27.9995 10.4173 -13 270 1 0 1
0.0115952 4.90937 800 -0.225996 -0.0157896 27.9991 10.4173 -13 271 1 0 1
-5.36099 0.716476 800 0.0283989 -0.23182 27.999 10.4173 -13 272 1 0 1
-25.7611 -10.4187 800 0.583389 -0.947379 27.9779 10.4189 -13 273 1 0 1
7.79709 -1.46814 800 0.000718546 0.252207 27.9989 10.4173 -13 274 1 0 1
8.84488 -1.66164 800 0.064934 0.236248 27.9989 10.4174 -13 275 1 0 1
10.4122 -0.756704 800 -0.0899384 0.31499 27.9981 10.4174 -13 276 1 0 1
7.13353 2.15271 800 -0.152914 0.220183 27.9987 10.4173 -13 277 1 0 1
-9.53024 -5.86047 800 0.31769 -0.420726 27.995 10.4177 -13 278 1 0 1
2.53367 -0.0347248 800 -0.13866 0.136901 27.9993 10.4174 -13 279 1 0 1
-6.67854 -2.13133 800 0.113201 -0.199053 27.9991 10.4173 -13 280 1 0 1
-6.79465 -4.87549 800 0.222217 -0.175843 27.9986 10.4173 -13 281 1 0 1
5.7516 0.522112 800 -0.0587379 0.250436 27.9988 10.4174 -13 282 1 0 1
6.26385 0.491929 800 -0.059228 0.222173 27.9991 10.4173 -13 283 1 0 1
8.39863 0.886134 800 -0.187791 0.239179 27.9983 10.4174 -13 284 1 0 1
-0.445562 -4.10001 800 0.122029 0.024407 27.9997 10.4173 -13 285 1 0 1
1.11355 1.82888 800 -0.12194 0.0325616 27.9997 10.4173 -13 286 1 0 1
-3.19899 -2.39253 800 0.125821 -0.158011 27.9993 10.4173 -13 287 1 0 1
-15.637 -5.16841 800 0.119064 -0.482585 27.9956 10.4176 -13 288 1 0 1
3.26207 2.72453 800 -0.11497 0.10637 27.9996 10.4173 -13 289 1 0 1
8.57417 5.01646 800 -0.147675 0.360474 27.9973 10.4175 -13 290 1 0 1
15.1212 9.79638 800 -0.548819 0.554513 27.9891 10.4181 -13 291 1 0 1
6.05012 -1.50202 800 0.00303518 0.206702 27.9992 10.4173 -13 292 1 0 1
-13.2471 -1.84897 800 0.139844 -0.472928 27.9957 10.4175 -13 293 1 0 1
-9.68223 1.99952 800 -0.0150731 -0.330608 27.998 10.4174 -13 294 1 0 1
-23.2384 -3.38405 800 0.265664 -0.760217 27.9884 10.418 -13 295 1 0 1
-11.5972 -2.5185 800 0.19139 -0.450248 27.9957 10.4176 -13 296 1 0 1
-5.92655 -2.52001 800 0.144994 -0.174447 27.9991 10.4173 -13 297 1 0 1
-6.57668 -4.00935 800 0.202509 -0.19388 27.9986 10.4173 -13 298 1 0 1
11.9504 6.4608 800 -0.245866 0.44847 27.9953 10.4176 -13 299 1 0 1
-7.6351 -1.11813 800 0.164294 -0.233324 27.9985 10.4174 -13 300 1 0 1
1.62187 0.257966 800 0.0448455 0.167461 27.9995 10.4174 -13 301 1 0 1
-0.739186 2.77592 800 -0.0953425 0.000926618 27.9998 10.4173 -13 302 1 0 1
15.4863 3.06136 800 -0.206542 0.565076 27.9935 10.4177 -13 303 1 0 1
7.95639 6.74224 800 -0.327696 0.208104 27.9973 10.4174 -13 304 1 0 1
-24.7199 -12.1606 800 0.647198 -0.81104 27.9808 10.4186 -13 305 1 0 1
-10.0383 3.896 800 -0.0989222 -0.320208 27.998 10.4174 -13 306 1 0 1
18.6134 0.572653 800 -0.212372 0.667595 27.9912 10.4179 -13 307 1 0 1
-9.71864 -9.34631 800 0.487552 -0.299036 27.9942 10.4177 -13 308 1 0 1
4.72029 0.269409 800 -0.0167674 0.144688 27.9996 10.4173 -13 309 1 0 1
6.8511 -5.36173 800 0.139518 0.166723 27.9992 10.4173 -13 310 1 0 1
4.18589 -4.59536 800 -0.0390373 0.217396 27.9991 10.4175 -13 311 1 0 1
-12.9894 2.07314 800 -0.0497916 -0.416936 27.9969 10.4175 -13 312 1 0 1
-7.39065 -12.5059 800 0.486302 -0.297721 27.9942 10.4177 -13 313 1 0 1
7.53741 2.71524 800 -0.0835132 0.297721 27.9983 10.4174 -13 314 1 0 1
4.94893 4.78292 800 -0.283574 0.261466 27.9973 10.4176 -13 315 1 0 1
-2.93689 -0.937803 800 0.103843 -0.102293 27.9996 10.4173 -13 316 1 0 1
-2.44991 -2.99623 800 0.206986 -0.099649 27.9991 10.4174 -13 317 1 0 1
2.50432 2.51232 800 -0.0712842 0.0861119 27.9998 10.4173 -13 318 1 0 1
11.6773 7.92771 800 -0.469503 0.403283 27.9932 10.4178 -13 319 1 0 1
-22.2746 -3.7706 800 0.282557 -0.713404 27.9895 10.4179 -13 320 1 0 1
-8.2812 -5.77969 800 0.243035 -0.270145 27.9976 10.4174 -13 321 1 0 1
-1.96112 -5.24016 800 0.294126 -0.0634121 27.9984 10.4174 -13 322 1 0 1
-8.77007 -2.97708 800 0.204722 -0.272962 27.9979 10.4174 -13 323 1 0 1
-18.1989 -4.23809 800 0.270514 -0.45048 27.9951 10.4176 -13 324 1 0 1
-13.3905 -5.56498 800 0.25533 -0.442107 27.9953 10.4176 -13 325 1 0 1
9.82393 7.41297 800 -0.352747 0.290357 27.9963 10.4175 -13 326 1 0 1
-1.00556 1.43499 800 -0.0748878 -0.0554967 27.9998 10.4173 -13 327 1 0 1
8.01002 7.81613 800 -0.353156 0.415423 27.9947 10.4178 -13 328 1 0 1
8.94701 3.72116 800 -0.159452 0.30877 27.9978 10.4174 -13 329 1 0 1
-10.8269 -7.4995 800 0.307278 -0.366139 27.9959 10.4175 -13 330 1 0 1
3.94959 6.42335 800 -0.225403 0.0950662 27.9989 10.4173 -13 331 1 0 1
15.4643 3.29237 800 -0.173445 0.60218 27.993 10.4178 -13 332 1 0 1
11.7624 5.85086 800 -0.302381 0.340041 27.9963 10.4175 -13 333 1 0 1
8.39035 2.6809 800 -0.259347 0.286027 27.9973 10.4175 -13 334 1 0 1
-10.0566 -9.12695 800 0.370886 -0.487119 27.9933 10.4179 -13 335 1 0 1
5.54773 -4.45158 800 0.187979 0.202123 27.9986 10.4174 -13 336 1 0 1
0.181587 3.65096 800 -0.066094 0.039267 27.9999 10.4173 -13 337 1 0 1
4.5164 3.54758 800 -0.120928 0.218525 27.9989 10.4174 -13 338 1 0 1
-10.6346 -1.27498 800 0.059148 -0.35589 27.9977 10.4174 -13 339 1 0 1
-2.14463 0.244774 800 -0.0491079 -0.0640254 27.9999 10.4173 -13 340 1 0 1
14.9241 2.52171 800 -0.164898 0.53531 27.9944 10.4176 -13 341 1 0 1
-6.42063 3.02019 800 -0.00517009 -0.309709 27.9983 10.4174 -13 342 1 0 1
-2.7446 -3.38316 800 0.18119 -0.0521064 27.9994 10.4173 -13 343 1 0 1
10.9721 5.1233 800 -0.243225 0.425088 27.9957 10.4176 -13 344 1 0 1
-17.6201 -3.97308 800 0.266741 -0.513086 27.994 10.4176 -13 345 1 0 1
9.90284 1.64672 800 -0.106609 0.321501 27.998 10.4174 -13 346 1 0 1
-12.4902 -1.55462 800 0.164502 -0.407066 27.9966 10.4175 -13 347 1 0 1
2.27195 5.48205 800 -0.183881 0.0402108 27.9994 10.4173 -13 348 1 0 1
-8.99808 -2.20878 800 0.182927 -0.316806 27.9976 10.4174 -13 349 1 0 1
-1.26571 -5.7964 800 0.169991 -0.0342454 27.9995 10.4173 -13 350 1 0 1
-7.56541 1.55322 800 -0.0402913 -0.265565 27.9987 10.4173 -13 351 1 0 1
4.30429 0.0679292 800 -0.00538934 0.113184 27.9998 10.4173 -13 352 1 0 1
-8.21681 -1.15428 800 0.147311 -0.346875 27.9975 10.4175 -13 353 1 0 1
-0.645258 1.64892 800 -0.0716184 0.0146668 27.9999 10.4173 -13 354 1 0 1
-11.1479 -4.45016 800 0.203565 -0.394372 27.9965 10.4175 -13 355 1 0 1
2.27765 -8.5282 800 0.338074 0.119029 27.9977 10.4174 -13 356 1 0 1
10.3155 2.52272 800 -0.147935 0.388899 27.9969 10.4175 -13 357 1 0 1
-5.31624 0.88415 800 0.0119493 -0.166551 27.9995 10.4173 -13 358 1 0 1
8.9159 1.78652 800 -0.0454863 0.311717 27.9982 10.4174 -13 359 1 0 1
12.2311 6.24096 800 -0.346001 0.473515 27.9939 10.4177 -13 360 1 0 1
-10.5236 -1.33121 800 0.108293 -0.348742 27.9976 10.4174 -13 361 1 0 1
-20.5773 4.59757 800 -0.0810352 -0.622084 27.993 10.4177 -13 362 1 0 1
-2.13258 3.58929 800 -0.118229 -0.101843 27.9996 10.4173 -13 363 1 0 1
-0.275157 -4.76572 800 0.169937 -0.0848993 27.9994 10.4174 -13 364 1 0 1
-13.2448 -4.28509 800 0.291998 -0.472528 27.9945 10.4177 -13 365 1 0 1
14.3449 0.531225 800 0.0347955 0.520228 27.9951 10.4177 -13 366 1 0 1
5.15755 0.10654 800 -0.0517457 0.197652 27.9993 10.4173 -13 367 1 0 1
-19.5844 -0.251524 800 0.118089 -0.733304 27.9901 10.4179 -13 368 1 0 1
4.34631 2.71283 800 -0.166662 0.12226 27.9992 10.4173 -13 369 1 0 1
4.46942 4.97805 800 -0.237076 0.0902662 27.9989 10.4173 -13 370 1 0 1
13.4085 7.16674 800 -0.348505 0.514674 27.9931 10.4178 -13 371 1 0 1
7.88552 -1.63303 800 0.11542 0.368678 27.9973 10.4175 -13 372 1 0 1
21.1287 3.51824 800 -0.317562 0.690512 27.9897 10.4179 -13 373 1 0 1
6.09461 0.099333 800 -0.0784665 0.24601 27.9988 10.4173 -13 374 1 0 1
5.6663 6.88056 800 -0.315128 0.158726 27.9978 10.4174 -13 375 1 0 1
-9.24751 -1.27355 800 0.119062 -0.304824 27.9981 10.4174 -13 376 1 0 1
-7.8914 -3.13168 800 0.154763 -0.302645 27.9979 10.4174 -13 377 1 0 1
-23.478 -2.69294 800 0.182201 -0.770182 27.9888 10.418 -13 378 1 0 1
8.03451 3.73655 800 -0.20983 0.327679 27.9973 10.4175 -13 379 1 0 1
9.95821 3.47783 800 -0.119645 0.417212 27.9966 10.4176 -13 380 1 0 1
4.03122 3.72058 800 -0.183978 0.212138 27.9986 10.4174 -13 381 1 0 1
-0.765675 2.15577 800 -0.0757609 -0.083221 27.9998 10.4173 -13 382 1 0 1
-3.81655 0.431921 800 -0.0514637 -0.180428 27.9994 10.4173 -13 383 1 0 1
24.0982 1.28345 800 -0.198546 0.812899 27.9875 10.418 -13 384 1 0 1
5.90824 0.635044 800 0.0492969 0.238125 27.9989 10.4174 -13 385 1 0 1
16.4971 11.9741 800 -0.560783 0.502973 27.9899 10.4179 -13 386 1 0 1
4.29076 5.24296 800 -0.0546174 0.200741 27.9992 10.4175 -13 387 1 0 1
-9.54749 -4.20004 800 0.198802 -0.329979 27.9973 10.4174 -13 388 1 0 1
0.873066 1.94875 800 -0.032122 -0.0349211 28 10.4173 -13 389 1 0 1
6.42943 3.64013 800 -0.147637 0.222485 27.9987 10.4173 -13 390 1 0 1
2.04838 1.05776 800 -0.0173405 0.0702392 27.9999 10.4173 -13 391 1 0 1
-3.19127 -2.06214 800 0.0848995 -0.17182 27.9993 10.4173 -13 392 1 0 1
4.9803 -3.14892 800 0.114706 0.151095 27.9994 10.4173 -13 393 1 0 1
5.58052 -2.13412 800 0.0436564 0.0960247 27.9998 10.4173 -13 394 1 0 1
0.366984 -0.224361 800 -0.00967562 -0.0361932 28 10.4173 -13 395 1 0 1
-20.2845 1.08423 800 0.0252184 -0.71209 27.9909 10.4179 -13 396 1 0 1
6.49388 1.86819 800 -0.0633255 0.250804 27.9988 10.4174 -13 397 1 0 1
-4.17634 -4.33859 800 0.204109 -0.184142 27.9987 10.4174 -13 398 1 0 1
10.5903 8.25698 800 -0.322516 0.357775 27.9959 10.4175 -13 399 1 0 1
-11.09 -1.89426 800 0.167987 -0.454397 27.9958 10.4176 -13 400 1 0 1
-9.77852 0.0918198 800 0.0225169 -0.334792 27.998 10.4174 -13 401 1 0 1
7.6413 1.32031 800 -0.126594 0.250033 27.9986 10.4173 -13 402 1 0 1
12.863 -1.84052 800 -0.0938947 0.354085 27.9976 10.4175 -13 403 1 0 1
8.97521 4.91766 800 -0.140253 0.334558 27.9976 10.4175 -13 404 1 0 1
-1.46544 -3.17221 800 0.0880661 -0.0700262 27.9998 10.4173 -13 405 1 0 1
-3.44034 -2.33721 800 0.145482 -0.0990827 27.9994 10.4173 -13 406 1 0 1
-5.61109 0.616663 800 -0.0104333 -0.184347 27.9994 10.4173 -13 407 1 0 1
-17.1415 -6.42558 800 0.288291 -0.588311 27.9923 10.4178 -13 408 1 0 1
6.91143 -0.531878 800 0.00784428 0.310335 27.9983 10.4174 -13 409 1 0 1
5.84734 -0.489321 800 -0.0562798 0.106337 27.9997 10.4173 -13 410 1 0 1
-3.20367 -3.28953 800 0.145461 -0.163327 27.9991 10.4173 -13 411 1 0 1
-3.52314 -2.92208 800 0.0955312 -0.138725 27.9995 10.4173 -13 412 1 0 1
7.13147 0.0864301 800 -0.0178508 0.137853 27.9997 10.4173 -13 413 1 0 1
-0.149002 -1.11667 800 0.135967 -0.0355704 27.9996 10.4173 -13 414 1 0 1
3.06441 -0.667152 800 0.125016 0.114699 27.9995 10.4174 -13 415 1 0 1
-13.9138 -1.21172 800 0.0883746 -0.448168 27.9963 10.4175 -13 416 1 0 1
-19.0456 -8.71408 800 0.370262 -0.708221 27.9886 10.4181 -13 417 1 0 1
-3.04675 -3.71936 800 0.186571 -0.106468 27.9992 10.4173 -13 418 1 0 1
0.359754 5.36576 800 -0.181825 -0.0945567 27.9992 10.4173 -13 419 1 0 1
-13.6494 -2.71917 800 0.132922 -0.516929 27.9949 10.4176 -13 420 1 0 1
0.443305 5.14904 800 -0.193052 -0.0404913 27.9993 10.4173 -13 421 1 0 1
-4.92287 -7.03266 800 0.27597 -0.151306 27.9982 10.4174 -13 422 1 0 1
12.2526 10.4083 800 -0.478409 0.510059 27.9913 10.418 -13 423 1 0 1
0.468846 4.54786 800 -0.105348 0.0356171 27.9998 10.4173 -13 424 1 0 1
1.40242 3.53818 800 -0.220933 -0.0108375 27.9991 10.4174 -13 425 1 0 1
19.3339 -0.150318 800 -0.122707 0.627232 27.9927 10.4177 -13 426 1 0 1
16.1182 2.65308 800 -0.111659 0.542668 27.9945 10.4176 -13 427 1 0 1
4.69274 -2.46374 800 0.0430437 0.0652191 27.9999 10.4173 -13 428 1 0 1
2.01344 -1.68974 800 0.0232388 0.155481 27.9996 10.4173 -13 429 1 0 1
-4.04246 0.150373 800 -0.0909032 -0.0899491 27.9997 10.4173 -13 430 1 0 1
-4.7742 -0.18971 800 0.0372194 -0.0167374 28 10.4174 -13 431 1 0 1
2.83068 2.27749 800 -0.0812688 0.0186579 27.9999 10.4173 -13 432 1 0 1
-21.8366 -5.38405 800 0.352888 -0.821885 27.9857 10.4183 -13 433 1 0 1
1.28837 -1.87451 800 0.0811656 0.145459 27.9995 10.4173 -13 434 1 0 1
-3.67681 -5.15115 800 0.163312 -0.120948 27.9993 10.4173 -13 435 1 0 1
-2.46601 -2.8433 800 0.114054 0.00639661 27.9998 10.4173 -13 436 1 0 1
7.66597 -5.20125 800 0.277132 0.278138 27.9972 10.4176 -13 437 1 0 1
-23.1765 -9.92153 800 0.403427 -0.825387 27.9849 10.4183 -13 438 1 0 1
-1.86191 -0.527774 800 -0.0219626 -0.0959405 27.9998 10.4173 -13 439 1 0 1
9.24739 -2.41012 800 0.0376512 0.386544 27.9973 10.4175 -13 440 1 0 1
1.73071 0.494135 800 -0.0791427 0.0579093 27.9998 10.4173 -13 441 1 0 1
16.8109 5.58344 800 -0.34381 0.553775 27.9924 10.4178 -13 442 1 0 1
-6.19297 -6.26515 800 0.217898 -0.219122 27.9983 10.4174 -13 443 1 0 1
-1.97953 1.45001 800 -0.0524122 -0.0425195 27.9999 10.4173 -13 444 1 0 1
4.19155 -5.35339 800 0.122749 0.194469 27.9991 10.4173 -13 445 1 0 1
-0.335576 -1.21941 800 0.0272326 -0.0330796 28 10.4173 -13 446 1 0 1
-10.9198 -2.68566 800 0.0802481 -0.352747 27.9977 10.4174 -13 447 1 0 1
-2.21181 -5.86584 800 0.254943 -0.072369 27.9987 10.4174 -13 448 1 0 1
-0.264423 5.11998 800 -0.254237 0.0567561 27.9988 10.4174 -13 449 1 0 1
16.6609 -1.9932 800 0.0787862 0.681193 27.9916 10.4179 -13 450 1 0 1
-2.85161 -8.51638 800 0.325251 -0.139597 27.9978 10.4175 -13 451 1 0 1
-6.77051 -4.92446 800 0.235649 -0.19779 27.9983 10.4174 -13 452 1 0 1
5.38461 5.8356 800 -0.233731 0.146307 27.9986 10.4173 -13 453 1 0 1
6.31594 -1.3496 800 -0.0104958 0.250643 27.9989 10.4173 -13 454 1 0 1
-1.76238 3.45102 800 -0.0864096 -0.0403408 27.9998 10.4173 -13 455 1 0 1
22.6763 4.48333 800 -0.260668 0.847297 27.986 10.4182 -13 456 1 0 1
3.66885 0.296179 800 -0.0385648 0.177225 27.9994 10.4173 -13 457 1 0 1
17.1986 5.57115 800 -0.324031 0.68832 27.9897 10.4181 -13 458 1 0 1
1.84607 -0.385569 800 -0.0685678 0.0936443 27.9998 10.4173 -13 459 1 0 1
-4.36659 -10.3236 800 0.403269 -0.14931 27.9967 10.4175 -13 460 1 0 1
-8.91501 -6.61651 800 0.24037 -0.306994 27.9973 10.4174 -13 461 1 0 1
2.29593 -4.14785 800 0.209236 0.0270903 27.9992 10.4174 -13 462 1 0 1
4.3926 2.54881 800 -0.151815 0.0893926 27.9994 10.4173 -13 463 1 0 1
-5.76756 -0.201042 800 0.100073 -0.142769 27.9995 10.4173 -13 464 1 0 1
9.86972 -2.61196 800 0.0142676 0.339793 27.9979 10.4174 -13 465 1 0 1
10.5075 0.824256 800 -0.0579245 0.359099 27.9976 10.4174 -13 466 1 0 1
20.2215 5.17093 800 -0.285224 0.588562 27.9924 10.4177 -13 467 1 0 1
2.56817 0.305596 800 -0.00353758 0.138824 27.9997 10.4173 -13 468 1 0 1
-7.60004 6.46009 800 -0.216031 -0.197983 27.9985 10.4174 -13 469 1 0 1
3.73594 3.4209 800 -0.111674 0.0745546 27.9997 10.4173 -13 470 1 0 1
-5.26321 -4.73365 800 0.137945 -0.171126 27.9991 10.4173 -13 471 1 0 1
9.401 6.25844 800 -0.197375 0.390362 27.9966 10.4176 -13 472 1 0 1
-9.03286 -0.544808 800 0.1007 -0.236837 27.9988 10.4173 -13 473 1 0 1
16.1707 6.42378 800 -0.306669 0.545626 27.993 10.4177 -13 474 1 0 1
4.48695 4.21849 800 -0.167761 0.239705 27.9985 10.4174 -13 475 1 0 1
-8.5263 -10.2916 800 0.471959 -0.267299 27.9947 10.4176 -13 476 1 0 1
10.5539 11.9396 800 -0.587078 0.410728 27.9908 10.418 -13 477 1 0 1
19.3194 3.32758 800 -0.255647 0.713193 27.9897 10.418 -13 478 1 0 1
-3.00259 -3.39411 800 0.0970956 -0.175606 27.9993 10.4174 -13 479 1 0 1
0.86204 2.62513 800 -0.198177 0.113305 27.9991 10.4174 -13 480 1 0 1
0.915616 0.805743 800 -0.0451217 -0.007657 28 10.4173 -13 481 1 0 1
3.06355 0.831608 800 -0.0776308 0.155574 27.9995 10.4173 -13 482 1 0 1
-8.68236 -5.43226 800 0.125446 -0.364963 27.9973 10.4176 -13 483 1 0 1
-8.3519 -0.663278 800 0.0218147 -0.28559 27.9985 10.4174 -13 484 1 0 1
9.49686 7.65939 800 -0.372197 0.321979 27.9957 10.4176 -13 485 1 0 1
21.0727 7.18034 800 -0.324177 0.781403 27.9872 10.4182 -13 486 1 0 1
9.93242 4.53599 800 -0.349027 0.255842 27.9967 10.4176 -13 487 1 0 1
12.6127 5.83877 800 -0.245217 0.441574 27.9954 10.4176 -13 488 1 0 1
20.3202 0.470649 800 -0.0125246 0.731824 27.9904 10.418 -13 489 1 0 1
8.88206 8.14589 800 -0.382598 0.255959 27.9962 10.4175 -13 490 1 0 1
-8.45193 0.172713 800 0.092384 -0.328535 27.9979 10.4174 -13 491 1 0 1
-5.83751 -0.292836 800 0.113113 -0.243313 27.9987 10.4174 -13 492 1 0 1
-2.6832 1.04011 800 -0.0334114 -0.145994 27.9996 10.4173 -13 493 1 0 1
3.47625 3.313 800 -0.175828 0.150395 27.999 10.4173 -13 494 1 0 1
-8.9009 -4.07812 800 0.251258 -0.286512 27.9974 10.4174 -13 495 1 0 1
-3.49379 -0.4896 800 0.149864 -0.0372107 27.9996 10.4174 -13 496 1 0 1
7.07934 0.0320673 800 -0.020378 0.17005 27.9995 10.4173 -13 497 1 0 1
1.33891 -6.24653 800 0.202731 0.00513804 27.9993 10.4173 -13 498 1 0 1
8.70633 10.0095 800 -0.386181 0.429942 27.994 10.4179 -13 499 1 0 1
-10.9248 -3.00357 800 0.167468 -0.352632 27.9973 10.4174 -13 500 1 0 1
-9.6664 -4.20442 800 0.177237 -0.306688 27.9978 10.4174 -13 501 1 0 1
-4.71599 3.1332 800 -0.087475 -0.155932 27.9994 10.4173 -13 502 1 0 1
3.12411 -5.29853 800 0.222589 0.103147 27.9989 10.4174 -13 503 1 0 1
-6.15448 -5.96239 800 0.215436 -0.255165 27.998 10.4174 -13 504 1 0 1
4.35631 1.62721 800 -0.0511777 0.183458 27.9994 10.4173 -13 505 1 0 1
-6.73641 -6.19482 800 0.178901 -0.271418 27.9981 10.4174 -13 506 1 0 1
3.27431 -3.77275 800 0.185377 0.123075 27.9991 10.4173 -13 507 1 0 1
13.7662 4.81207 800 -0.289853 0.509756 27.9939 10.4177 -13 508 1 0 1
-1.10883 1.34539 800 -0.0641871 -0.0193399 27.9999 10.4173 -13 509 1 0 1
9.97517 4.7756 800 -0.279853 0.323258 27.9967 10.4175 -13 510 1 0 1
-4.31829 -2.32729 800 0.0617857 -0.105412 27.9997 10.4173 -13 511 1 0 1
-4.89807 1.20436 800 0.061299 -0.114883 27.9997 10.4173 -13 512 1 0 1
0.623722 4.06616 800 -0.262672 0.0571712 27.9987 10.4174 -13 513 1 0 1
24.359 2.91794 800 -0.193819 0.82942 27.987 10.4181 -13 514 1 0 1
-4.62491 -1.08212 800 0.0903103 -0.176393 27.9993 10.4173 -13 515 1 0 1
15.1449 9.57811 800 -0.513155 0.522428 27.9904 10.418 -13 516 1 0 1
6.61601 1.48324 800 -0.0907096 0.24017 27.9988 10.4173 -13 517 1 0 1
-10.5425 0.288442 800 0.0509025 -0.236418 27.999 10.4174 -13 518 1 0 1
-0.554229 1.52415 800 0.0815505 -0.0577404 27.9998 10.4174 -13 519 1 0 1
-14.5519 -11.4166 800 0.569678 -0.54385 27.9889 10.4181 -13 520 1 0 1
5.54608 10.3024 800 -0.426569 0.180138 27.9962 10.4175 -13 521 1 0 1
-6.95123 0.257326 800 0.055221 -0.23776 27.9989 10.4173 -13 522 1 0 1
1.35661 -6.36669 800 0.313645 0.0669972 27.9982 10.4174 -13 523 1 0 1
11.4371 -3.63676 800 0.0176066 0.344786 27.9979 10.4174 -13 524 1 0 1
-5.20622 -0.231925 800 0.0136963 -0.151584 27.9996 10.4173 -13 525 1 0 1
2.38164 -1.47355 800 0.0607917 0.152697 27.9995 10.4173 -13 526 1 0 1
22.8667 6.81674 800 -0.371019 0.878753 27.9837 10.4185 -13 527 1 0 1
3.29214 4.74994 800 -0.225408 0.106466 27.9989 10.4173 -13 528 1 0 1
-16.6503 -7.51149 800 0.305317 -0.527815 27.9934 10.4177 -13 529 1 0 1
-3.09975 -1.95747 800 0.114859 -0.0308663 27.9997 10.4173 -13 530 1 0 1
4.38874 4.73087 800 -0.286491 0.0400717 27.9985 10.4174 -13 531 1 0 1
-0.489825 -3.42917 800 0.188615 0.0200822 27.9994 10.4173 -13 532 1 0 1
2.47258 -2.30684 800 0.155854 0.180791 27.999 10.4174 -13 533 1 0 1
12.2839 4.3005 800 -0.210298 0.382762 27.9966 10.4175 -13 534 1 0 1
7.32521 4.39972 800 -0.127977 0.175591 27.9992 10.4173 -13 535 1 0 1
-21.2276 -6.53664 800 0.305269 -0.761129 27.988 10.4181 -13 536 1 0 1
9.03054 0.606066 800 0.0396108 0.379742 27.9974 10.4175 -13 537 1 0 1
5.80148 -8.35752 800 0.36616 0.19507 27.9969 10.4176 -13 538 1 0 1
15.694 3.90852 800 -0.237859 0.485857 27.9948 10.4176 -13 539 1 0 1
-8.70182 -7.59713 800 0.436058 -0.337455 27.9946 10.4178 -13 540 1 0 1
6.47449 -1.54879 800 0.018226 0.295819 27.9984 10.4174 -13 541 1 0 1
2.32246 0.0274509 800 -0.0835568 0.207558 27.9991 10.4174 -13 542 1 0 1
19.448 3.47722 800 -0.22182 0.645251 27.9917 10.4178 -13 543 1 0 1
-4.48089 -7.46788 800 0.202296 -0.203434 27.9985 10.4174 -13 544 1 0 1
-11.6061 -4.93353 800 0.227486 -0.444285 27.9956 10.4176 -13 545 1 0 1
1.07767 2.17225 800 -0.121768 0.013951 27.9997 10.4173 -13 546 1 0 1
0.536404 -4.47398 800 0.185753 0.0545368 27.9993 10.4173 -13 547 1 0 1
-0.0883034 -1.19255 800 0.101325 -0.015487 27.9998 10.4173 -13 548 1 0 1
-7.31922 -1.02697 800 0.126455 -0.260305 27.9985 10.4174 -13 549 1 0 1
10.301 -1.27333 800 -0.0618252 0.34912 27.9978 10.4174 -13 550 1 0 1
7.23257 2.86974 800 -0.160741 0.233316 27.9986 10.4173 -13 551 1 0 1
-0.949735 2.21467 800 -0.0539217 -0.0548881 27.9999 10.4173 -13 552 1 0 1
-3.38012 -2.54004 800 0.0752169 -0.126623 27.9996 10.4173 -13 553 1 0 1
-18.0493 -8.11637 800 0.425187 -0.611771 27.9901 10.4179 -13 554 1 0 1
2.42881 2.90492 800 -0.0961482 0.0392895 27.9998 10.4173 -13 555 1 0 1
0.696995 -3.74589 800 0.105334 0.0462535 27.9998 10.4173 -13 556 1 0 1
3.05611 0.948986 800 -0.0635573 0.0491683 27.9999 10.4173 -13 557 1 0 1
11.0753 -5.155 800 0.130722 0.43191 27.9964 10.4175 -13 558 1 0 1
-13.7614 -1.14892 800 0.139066 -0.441088 27.9962 10.4175 -13 559 1 0 1
-5.10911 -2.87242 800 0.187737 -0.177413 27.9988 10.4174 -13 560 1 0 1
-1.15578 -1.54592 800 0.101946 -0.0449937 27.9998 10.4173 -13 561 1 0 1
-7.18075 -8.15326 800 0.440778 -0.218757 27.9957 10.4176 -13 562 1 0 1
-0.926894 5.41401 800 -0.179546 -0.0151631 27.9994 10.4173 -13 563 1 0 1
-17.2987 -1.60315 800 0.128022 -0.539589 27.9945 10.4176 -13 564 1 0 1
-4.26886 -6.11007 800 0.255411 -0.258179 27.9976 10.4175 -13 565 1 0 1
-9.05263 -2.74459 800 0.100309 -0.336752 27.9978 10.4174 -13 566 1 0 1
5.61014 1.46969 800 -0.0655696 0.130291 27.9996 10.4173 -13 567 1 0 1
-1.32755 1.37046 800 0.00649337 -0.0963911 27.9998 10.4173 -13 568 1 0 1
-3.80789 7.24378 800 -0.229126 -0.0985099 27.9989 10.4174 -13 569 1 0 1
-7.33079 -5.39178 800 0.279391 -0.278267 27.9972 10.4175 -13 570 1 0 1
7.56435 4.32506 800 -0.189561 0.289554 27.9979 10.4174 -13 571 1 0 1
-14.2709 -5.90146 800 0.253061 -0.46648 27.995 10.4176 -13 572 1 0 1
5.85868 -4.14611 800 0.129501 0.226397 27.9988 10.4173 -13 573 1 0 1
0.985019 -1.7842 800 0.0440627 0.0794699 27.9999 10.4173 -13 574 1 0 1
12.5486 -2.64551 800 0.036132 0.423862 27.9968 10.4175 -13 575 1 0 1
11.6568 2.66036 800 -0.252446 0.441384 27.9954 10.4176 -13 576 1 0 1
-1.70221 -2.93654 800 0.264965 -0.094055 27.9986 10.4175 -13 577 1 0 1
-10.0353 3.7839 800 -0.0388696 -0.401435 27.9971 10.4175 -13 578 1 0 1
2.54147 -1.84319 800 -0.0224493 0.0506323 27.9999 10.4173 -13 579 1 0 1
-10.4959 -1.88975 800 0.131276 -0.336968 27.9977 10.4174 -13 580 1 0 1
8.03141 2.92968 800 -0.181751 0.263772 27.9982 10.4174 -13 581 1 0 1
6.66697 -0.521556 800 -0.0151109 0.195597 27.9993 10.4173 -13 582 1 0 1
9.5729 1.65192 800 -0.0621968 0.420699 27.9968 10.4176 -13 583 1 0 1
-8.26965 -1.08715 800 0.11055 -0.348113 27.9976 10.4174 -13 584 1 0 1
-8.27256 1.66987 800 -0.000144254 -0.326775 27.9981 10.4174 -13 585 1 0 1
-4.23444 -3.74437 800 0.0967533 -0.109543 27.9996 10.4173 -13 586 1 0 1
10.1089 -0.444239 800 -0.0439622 0.397554 27.9971 10.4175 -13 587 1 0 1
-1.1054 -5.58545 800 0.170642 -0.0437921 27.9994 10.4173 -13 588 1 0 1
8.01814 5.16401 800 -0.222191 0.317471 27.9973 10.4175 -13 589 1 0 1
-5.1333 4.66474 800 -0.12365 -0.133083 27.9994 10.4173 -13 590 1 0 1
7.7343 4.23935 800 -0.167825 0.170678 27.999 10.4173 -13 591 1 0 1
-3.43697 -4.34498 800 0.109787 -0.180521 27.9992 10.4174 -13 592 1 0 1
10.2748 0.324267 800 -0.0913835 0.336935 27.9978 10.4174 -13 593 1 0 1
3.74721 3.44304 800 -0.0923977 0.0703382 27.9998 10.4173 -13 594 1 0 1
-8.57363 -2.112 800 0.17561 -0.213702 27.9986 10.4174 -13 595 1 0 1
6.9311 1.65367 800 -0.125885 0.223621 27.9988 10.4173 -13 596 1 0 1
-14.6972 4.3922 800 -0.120641 -0.567094 27.994 10.4177 -13 597 1 0 1
-3.6116 2.97596 800 -0.104951 -0.0845579 27.9997 10.4173 -13 598 1 0 1
1.04794 3.51903 800 -0.123766 -0.00320244 27.9997 10.4173 -13 599 1 0 1
18.4588 -3.33762 800 0.00757185 0.530484 27.995 10.4176 -13 600 1 0 1
1.71584 -1.46948 800 0.18879 0.00569955 27.9994 10.4174 -13 601 1 0 1
-2.87059 -4.55247 800 0.193124 -0.0708382 27.9992 10.4173 -13 602 1 0 1
13.5596 3.47999 800 -0.215163 0.493209 27.9948 10.4176 -13 603 1 0 1
-4.70737 -0.964861 800 -0.019618 -0.19244 27.9993 10.4173 -13 604 1 0 1
14.0919 3.36038 800 -0.225175 0.589968 27.9929 10.4178 -13 605 1 0 1
1.30352 -0.988286 800 0.0431387 0.0567066 27.9999 10.4173 -13 606 1 0 1
1.73199 4.0896 800 -0.0715335 0.0341835 27.9999 10.4173 -13 607 1 0 1
-6.27571 -3.42313 800 0.125424 -0.163025 27.9992 10.4173 -13 608 1 0 1
9.13907 1.02466 800 -0.0683386 0.320646 27.9981 10.4174 -13 609 1 0 1
15.3832 1.94491 800 -0.260591 0.574023 27.9929 10.4178 -13 610 1 0 1
-1.20051 -0.207866 800 -0.0950238 -0.0748796 27.9997 10.4173 -13 611 1 0 1
-5.07608 -3.03373 800 0.173384 -0.204542 27.9987 10.4174 -13 612 1 0 1
6.25353 1.56309 800 -0.222865 0.166809 27.9986 10.4174 -13 613 1 0 1
-3.58195 -1.87085 800 0.170708 -0.145602 27.9991 10.4174 -13 614 1 0 1
2.95807 0.651515 800 -0.0307652 -0.0107019 28 10.4173 -13 615 1 0 1
-12.1076 -5.07372 800 0.301257 -0.35591 27.9961 10.4175 -13 616 1 0 1
-2.73945 -3.02684 800 0.0318568 -0.160266 27.9995 10.4174 -13 617 1 0 1
9.54723 7.85333 800 -0.39484 0.366176 27.9948 10.4177 -13 618 1 0 1
11.6956 -5.98956 800 0.215002 0.3818 27.9966 10.4175 -13 619 1 0 1
-15.7071 -5.17652 800 0.334508 -0.593004 27.9917 10.4179 -13 620 1 0 1
-13.3045 -0.586449 800 0.0947269 -0.498317 27.9954 10.4176 -13 621 1 0 1
12.2182 -1.53204 800 -0.0884832 0.461735 27.9961 10.4175 -13 622 1 0 1
15.1515 2.72411 800 -0.164851 0.460172 27.9957 10.4175 -13 623 1 0 1
-9.60534 -10.9249 800 0.423349 -0.310876 27.9951 10.4176 -13 624 1 0 1
-4.71408 -0.534383 800 0.127419 -0.179535 27.9991 10.4173 -13 625 1 0 1
-3.05467 2.16802 800 -0.00322483 -0.0894696 27.9999 10.4173 -13 626 1 0 1
-5.40814 -0.984403 800 0.0654913 -0.151737 27.9995 10.4173 -13 627 1 0 1
-2.9668 -3.59222 800 0.194241 0.00710649 27.9993 10.4173 -13 628 1 0 1
-6.90712 -9.5497 800 0.443976 -0.276199 27.9951 10.4177 -13 629 1 0 1
12.2043 2.07239 800 -0.239888 0.432493 27.9956 10.4176 -13 630 1 0 1
-6.4318 1.08048 800 0.0146462 -0.25823 27.9988 10.4173 -13 631 1 0 1
-6.91123 -7.3324 800 0.297723 -0.311082 27.9967 10.4176 -13 632 1 0 1
11.1067 8.27966 800 -0.341177 0.381562 27.9953 10.4176 -13 633 1 0 1
-7.27163 5.28981 800 -0.131119 -0.308365 27.998 10.4174 -13 634 1 0 1
5.12313 -2.10841 800 0.0170405 0.090076 27.9998 10.4173 -13 635 1 0 1
1.43463 2.16652 800 -0.0500149 0.159568 27.9995 10.4174 -13 636 1 0 1
3.45977 -2.66408 800 0.0897 0.0825485 27.9997 10.4173 -13 637 1 0 1
12.3095 4.18257 800 -0.221392 0.505759 27.9946 10.4177 -13 638 1 0 1
7.58903 9.71361 800 -0.38905 0.259153 27.9961 10.4175 -13 639 1 0 1
10.008 6.11625 800 -0.189488 0.353188 27.9971 10.4175 -13 640 1 0 1
-2.16922 4.86769 800 -0.219984 -0.055309 27.9991 10.4174 -13 641 1 0 1
-5.18748 -0.583586 800 0.0812575 -0.185612 27.9993 10.4173 -13 642 1 0 1
18.5797 12.5329 800 -0.44998 0.685442 27.988 10.4182 -13 643 1 0 1
-1.01262 -0.283136 800 0.0850576 -0.0895858 27.9997 10.4173 -13 644 1 0 1
11.9428 2.02505 800 -0.138981 0.521265 27.9948 10.4177 -13 645 1 0 1
10.9463 6.63579 800 -0.319482 0.375865 27.9957 10.4176 -13 646 1 0 1
11.6323 5.96314 800 -0.332838 0.390805 27.9953 10.4176 -13 647 1 0 1
-6.2744 -6.9613 800 0.319144 -0.223968 27.9973 10.4175 -13 648 1 0 1
-5.46279 -5.10928 800 0.352633 -0.201642 27.9971 10.4176 -13 649 1 0 1
-25.936 -8.58949 800 0.474694 -0.941223 27.9801 10.4186 -13 650 1 0 1
-1.4846 1.40261 800 -0.0435179 -0.183231 27.9994 10.4174 -13 651 1 0 1
0.483907 0.434339 800 -0.0326052 0.0216014 28 10.4173 -13 652 1 0 1
-4.08572 -1.77615 800 0.128027 -0.15905 27.9993 10.4173 -13 653 1 0 1
5.94886 1.62578 800 -0.132845 0.263707 27.9984 10.4174 -13 654 1 0 1
1.74801 4.35556 800 -0.0811618 0.0947262 27.9997 10.4173 -13 655 1 0 1
8.41447 6.09976 800 -0.312253 0.304178 27.9966 10.4175 -13 656 1 0 1
5.92623 -4.68637 800 0.149581 0.253088 27.9985 10.4174 -13 657 1 0 1
-3.77899 0.844664 800 -0.0445037 -0.208381 27.9992 10.4173 -13 658 1 0 1
-7.80076 -2.60497 800 0.163362 -0.28245 27.9981 10.4174 -13 659 1 0 1
13.5368 4.98294 800 -0.258225 0.555416 27.9933 10.4178 -13 660 1 0 1
22.0011 -1.66686 800 0.0231241 0.747286 27.99 10.4179 -13 661 1 0 1
6.46922 1.95056 800 -0.194107 0.250151 27.9982 10.4174 -13 662 1 0 1
5.8716 -0.956394 800 0.0897715 0.223007 27.999 10.4174 -13 663 1 0 1
-0.676822 -8.9993 800 0.456592 -0.0433461 27.9962 10.4177 -13 664 1 0 1
12.5668 3.14639 800 -0.0933674 0.407868 27.9969 10.4175 -13 665 1 0 1
-7.15007 -10.1816 800 0.372823 -0.277699 27.9961 10.4176 -13 666 1 0 1
10.0616 -0.823183 800 -0.00317177 0.383232 27.9974 10.4174 -13 667 1 0 1
-14.8843 -0.119969 800 0.0428584 -0.602106 27.9935 10.4178 -13 668 1 0 1
5.43064 8.18125 800 -0.313272 0.243242 27.9972 10.4175 -13 669 1 0 1
19.7041 4.2639 800 -0.270442 0.615363 27.9919 10.4178 -13 670 1 0 1
7.69596 5.83739 800 -0.285994 0.316241 27.9968 10.4175 -13 671 1 0 1
-18.4956 -1.48917 800 0.213249 -0.631857 27.9921 10.4178 -13 672 1 0 1
-10.1606 -7.14166 800 0.251497 -0.435129 27.9955 10.4177 -13 673 1 0 1
-1.86046 4.80681 800 -0.192384 -0.22001 27.9985 10.4175 -13 674 1 0 1
2.07561 -0.512449 800 0.00258888 -0.00327932 28 10.4173 -13 675 1 0 1
14.6579 -2.55657 800 0.0726304 0.528193 27.9949 10.4176 -13 676 1 0 1
-7.33373 -6.3084 800 0.222307 -0.27528 27.9978 10.4174 -13 677 1 0 1
6.05229 3.33987 800 -0.167771 0.335453 27.9975 10.4176 -13 678 1 0 1
-2.28273 -2.26496 800 0.03094 -0.107968 27.9998 10.4173 -13 679 1 0 1
-2.72979 -2.52718 800 0.156713 -0.161604 27.9991 10.4174 -13 680 1 0 1
-10.4158 -9.909 800 0.330447 -0.479347 27.9939 10.4179 -13 681 1 0 1
-13.0508 -0.0507909 800 -0.0170118 -0.451539 27.9964 10.4175 -13 682 1 0 1
12.8479 1.56897 800 -0.113405 0.517496 27.995 10.4176 -13 683 1 0 1
-4.17993 0.077755 800 0.103178 -0.0393594 27.9998 10.4173 -13 684 1 0 1
6.43712 6.7431 800 -0.283706 0.169313 27.9981 10.4174 -13 685 1 0 1
-2.13153 3.26392 800 -0.0846422 -0.146558 27.9995 10.4173 -13 686 1 0 1
14.9559 8.65456 800 -0.364708 0.623526 27.9907 10.418 -13 687 1 0 1
-16.2565 -4.1356 800 0.261603 -0.613925 27.992 10.4178 -13 688 1 0 1
-4.19521 -0.691473 800 0.0389213 -0.123333 27.9997 10.4173 -13 689 1 0 1
-9.30237 -2.00506 800 0.0204111 -0.269944 27.9987 10.4174 -13 690 1 0 1
6.11312 3.64093 800 -0.0948093 0.188109 27.9992 10.4173 -13 691 1 0 1
2.95766 4.3369 800 -0.155715 0.109505 27.9994 10.4173 -13 692 1 0 1
-4.83121 2.9414 800 -0.216657 -0.219131 27.9983 10.4175 -13 693 1 0 1
14.6558 4.05978 800 -0.259044 0.560645 27.9932 10.4178 -13 694 1 0 1
-8.96142 -2.87336 800 0.141752 -0.3363 27.9976 10.4174 -13 695 1 0 1
-18.8359 -4.62135 800 0.235416 -0.630475 27.9919 10.4178 -13 696 1 0 1
-5.91354 1.01659 800 -0.0125521 -0.184642 27.9994 10.4173 -13 697 1 0 1
1.63053 -6.18626 800 0.127619 -0.0304443 27.9997 10.4174 -13 698 1 0 1
5.26278 5.16607 800 -0.259932 0.221609 27.9979 10.4174 -13 699 1 0 1
-1.50043 -0.415042 800 0.0354073 -0.0414947 27.9999 10.4173 -13 700 1 0 1
-4.95919 4.31199 800 -0.21559 -0.176187 27.9986 10.4174 -13 701 1 0 1
2.11532 4.21073 800 -0.28338 0.0978233 27.9984 10.4175 -13 702 1 0 1
-1.83351 -2.15471 800 0.0822166 -0.127447 27.9996 10.4173 -13 703 1 0 1
-6.31898 3.6702 800 -0.0722025 -0.247988 27.9988 10.4173 -13 704 1 0 1
0.292415 -2.40564 800 0.125912 -0.0173377 27.9997 10.4173 -13 705 1 0 1
-15.7076 -4.70719 800 0.237231 -0.510474 27.9943 10.4176 -13 706 1 0 1
3.36692 0.252748 800 0.04217 0.0795509 27.9999 10.4173 -13 707 1 0 1
17.7145 4.61503 800 -0.197564 0.536726 27.9942 10.4176 -13 708 1 0 1
-7.81196 1.05519 800 0.006064 -0.265318 27.9987 10.4173 -13 709 1 0 1
-6.2776 -0.238052 800 -0.00194901 -0.201523 27.9993 10.4173 -13 710 1 0 1
5.86385 -1.74666 800 0.0235927 0.131415 27.9997 10.4173 -13 711 1 0 1
11.4446 3.0363 800 -0.174777 0.439548 27.996 10.4175 -13 712 1 0 1
0.639099 -2.53942 800 0.059504 0.00532538 27.9999 10.4173 -13 713 1 0 1
4.29503 0.0549682 800 0.0404687 0.211105 27.9992 10.4174 -13 714 1 0 1
-0.0581823 -0.222595 800 -0.0386664 -0.0393412 27.9999 10.4173 -13 715 1 0 1
1.84127 -1.65132 800 0.0874151 0.0331859 27.9998 10.4173 -13 716 1 0 1
-6.52338 -9.22801 800 0.285544 -0.292731 27.997 10.4176 -13 717 1 0 1
-8.468 -3.41891 800 0.201624 -0.251519 27.9981 10.4174 -13 718 1 0 1
20.1143 8.30926 800 -0.363594 0.754104 27.9875 10.4182 -13 719 1 0 1
16.8124 4.02482 800 -0.191145 0.553927 27.9939 10.4177 -13 720 1 0 1
-9.13796 -5.53599 800 0.129231 -0.340596 27.9976 10.4175 -13 721 1 0 1
5.38358 -3.68355 800 0.139937 0.20657 27.9989 10.4173 -13 722 1 0 1
-12.2423 2.75326 800 -0.0270686 -0.366567 27.9976 10.4174 -13 723 1 0 1
-9.02489 6.46085 800 -0.196408 -0.328113 27.9974 10.4174 -13 724 1 0 1
13.1212 3.79023 800 -0.118238 0.434776 27.9964 10.4175 -13 725 1 0 1
-20.2359 -8.9522 800 0.510498 -0.706044 27.9864 10.4182 -13 726 1 0 1
3.49139 -1.10731 800 0.0607777 0.0912108 27.9998 10.4173 -13 727 1 0 1
-4.66592 -5.65671 800 0.233064 -0.0975488 27.9989 10.4173 -13 728 1 0 1
18.2731 4.90448 800 -0.251597 0.592054 27.9926 10.4177 -13 729 1 0 1
8.14009 5.43864 800 -0.279798 0.240005 27.9976 10.4174 -13 730 1 0 1
3.98442 0.914462 800 -0.12069 0.171434 27.9992 10.4173 -13 731 1 0 1
-12.5254 -1.64551 800 0.0957561 -0.322981 27.998 10.4174 -13 732 1 0 1
-0.273381 -4.96416 800 0.211965 0.03582 27.9992 10.4173 -13 733 1 0 1
-2.52163 -4.77789 800 0.149302 -0.0350044 27.9996 10.4173 -13 734 1 0 1
22.0295 5.28668 800 -0.398958 0.741517 27.9873 10.4181 -13 735 1 0 1
2.7176 -3.22396 800 0.0598137 0.0755709 27.9998 10.4173 -13 736 1 0 1
-11.5794 -5.85014 800 0.164136 -0.33755 27.9975 10.4175 -13 737 1 0 1
5.19049 -0.094146 800 -0.12843 0.106745 27.9995 10.4174 -13 738 1 0 1
-21.8546 -0.603573 800 0.1873 -0.759898 27.9891 10.418 -13 739 1 0 1
-27.8121 -6.74687 800 0.27434 -0.956919 27.9823 10.4185 -13 740 1 0 1
-13.833 -7.89941 800 0.402491 -0.546759 27.9918 10.4179 -13 741 1 0 1
1.99772 5.01058 800 -0.207601 0.0889002 27.9991 10.4173 -13 742 1 0 1
-3.69569 -0.169993 800 0.068656 -0.106225 27.9997 10.4173 -13 743 1 0 1
9.23855 2.47444 800 -0.0887039 0.302429 27.9982 10.4174 -13 744 1 0 1
-24.6715 -4.62498 800 0.297436 -0.884633 27.9844 10.4183 -13 745 1 0 1
-0.336119 4.26465 800 -0.0904218 -0.0734589 27.9998 10.4173 -13 746 1 0 1
3.71259 1.7904 800 -0.0577231 0.231178 27.999 10.4174 -13 747 1 0 1
-5.03481 -3.02654 800 0.25525 -0.165227 27.9983 10.4174 -13 748 1 0 1
-13.9314 -0.2891 800 0.0191171 -0.424151 27.9968 10.4175 -13 749 1 0 1
-6.48517 0.325195 800 -0.033792 -0.180411 27.9994 10.4173 -13 750 1 0 1
3.50435 -0.85813 800 -0.0127015 0.104355 27.9998 10.4173 -13 751 1 0 1
12.0686 3.25469 800 -0.224243 0.393576 27.9963 10.4175 -13 752 1 0 1
6.01156 4.95593 800 -0.269311 0.250428 27.9976 10.4175 -13 753 1 0 1
-1.26207 5.09163 800 -0.14331 0.0400659 27.9996 10.4173 -13 754 1 0 1
-11.9871 -4.04809 800 0.360658 -0.377615 27.9951 10.4177 -13 755 1 0 1
-13.3931 0.534633 800 0.045539 -0.408376 27.997 10.4174 -13 756 1 0 1
9.09684 3.39286 800 -0.259315 0.340813 27.9967 10.4175 -13 757 1 0 1
13.4441 7.85605 800 -0.415561 0.488467 27.9927 10.4178 -13 758 1 0 1
-26.0932 -5.66433 800 0.389804 -0.94207 27.9814 10.4185 -13 759 1 0 1
2.75919 5.06285 800 -0.269777 0.115476 27.9985 10.4174 -13 760 1 0 1
9.85677 6.36027 800 -0.287947 0.407015 27.9956 10.4176 -13 761 1 0 1
-14.5874 -3.90107 800 0.265599 -0.496183 27.9943 10.4176 -13 762 1 0 1
6.65567 0.859125 800 -0.111436 0.26195 27.9986 10.4174 -13 763 1 0 1
-13.6885 -5.99667 800 0.238527 -0.5494 27.9936 10.4178 -13 764 1 0 1
5.34136 0.827907 800 -0.0366172 0.0988304 27.9998 10.4173 -13 765 1 0 1
-15.173 -3.24499 800 0.262011 -0.538241 27.9936 10.4177 -13 766 1 0 1
15.8095 1.08633 800 -0.13278 0.583033 27.9936 10.4177 -13 767 1 0 1
7.60426 3.21313 800 -0.0950308 0.288982 27.9983 10.4174 -13 768 1 0 1
9.80486 3.50546 800 -0.212545 0.274926 27.9978 10.4174 -13 769 1 0 1
-9.57978 -7.99813 800 0.349927 -0.405515 27.9949 10.4177 -13 770 1 0 1
-8.47265 -3.02649 800 0.147003 -0.320631 27.9978 10.4174 -13 771 1 0 1
-13.0336 -7.06541 800 0.388666 -0.456549 27.9936 10.4177 -13 772 1 0 1
0.655846 2.22911 800 -0.0504291 0.0610204 27.9999 10.4173 -13 773 1 0 1
0.515661 -1.68868 800 0.0189971 0.0552537 27.9999 10.4173 -13 774 1 0 1
0.743996 -2.74708 800 0.0508897 0.0107591 28 10.4173 -13 775 1 0 1
2.15024 3.41708 800 -0.14545 0.114395 27.9994 10.4173 -13 776 1 0 1
1.25852 1.3489 800 -0.0840327 0.108525 27.9997 10.4173 -13 777 1 0 1
2.15246 -1.87217 800 0.0259005 0.09797 27.9998 10.4173 -13 778 1 0 1
3.08766 -1.6631 800 0.10955 0.0934971 27.9996 10.4173 -13 779 1 0 1
-3.39242 4.25476 800 -0.152991 -0.0660036 27.9995 10.4173 -13 780 1 0 1
17.5236 6.21777 800 -0.240888 0.664144 27.9911 10.4179 -13 781 1 0 1
12.33 -4.3745 800 0.138865 0.346523 27.9975 10.4175 -13 782 1 0 1
-4.53665 -4.28462 800 0.0953846 -0.215916 27.999 10.4174 -13 783 1 0 1
10.1369 -2.22678 800 0.120054 0.42478 27.9965 10.4176 -13 784 1 0 1
-1.35138 4.23244 800 -0.226974 0.00503124 27.9991 10.4174 -13 785 1 0 1
5.61759 2.50755 800 -0.112182 0.181313 27.9992 10.4173 -13 786 1 0 1
-3.55099 0.0753749 800 0.0844104 -0.172064 27.9993 10.4173 -13 787 1 0 1
11.1023 -0.857404 800 -0.100579 0.407033 27.9969 10.4175 -13 788 1 0 1
-21.2721 -3.5173 800 0.285557 -0.662322 27.9907 10.4178 -13 789 1 0 1
13.1276 -0.5165 800 -0.0447884 0.376985 27.9974 10.4174 -13 790 1 0 1
13.7249 2.66606 800 -0.108462 0.384854 27.9971 10.4175 -13 791 1 0 1
-0.166925 0.615396 800 0.0198842 -0.0270226 28 10.4173 -13 792 1 0 1
-25.731 -9.49209 800 0.51676 -0.967469 27.9785 10.4188 -13 793 1 0 1
6.07641 6.7795 800 -0.274158 0.318333 27.9968 10.4176 -13 794 1 0 1
9.51718 1.89773 800 -0.252229 0.306855 27.9972 10.4175 -13 795 1 0 1
10.0774 3.1276 800 -0.107056 0.37471 27.9973 10.4175 -13 796 1 0 1
-12.9511 -7.96563 800 0.341996 -0.451189 27.9943 10.4177 -13 797 1 0 1
12.8261 -1.14344 800 0.0127554 0.363197 27.9976 10.4174 -13 798 1 0 1
1.04829 -2.12836 800 0.108154 0.121236 27.9995 10.4173 -13 799 1 0 1
-5.36051 -2.45652 800 0.165398 -0.188554 27.9989 10.4173 -13 800 1 0 1
-6.47961 1.54832 800 -0.00151193 -0.194503 27.9993 10.4173 -13 801 1 0 1
-3.79321 -2.65438 800 0.210064 -0.20454 27.9985 10.4175 -13 802 1 0 1
9.77926 -0.685252 800 -0.101539 0.239311 27.9988 10.4174 -13 803 1 0 1
5.36124 2.91409 800 -0.0976414 0.248145 27.9987 10.4174 -13 804 1 0 1
7.76389 6.58761 800 -0.319638 0.167465 27.9977 10.4174 -13 805 1 0 1
-0.723879 0.759969 800 0.0372186 0.0435376 27.9999 10.4173 -13 806 1 0 1
7.65872 -0.648182 800 -0.166899 0.227664 27.9986 10.4174 -13 807 1 0 1
3.43387 4.00797 800 -0.11606 0.0732372 27.9997 10.4173 -13 808 1 0 1
-9.87191 -4.76388 800 0.290494 -0.350662 27.9963 10.4175 -13 809 1 0 1
-4.29047 3.41638 800 -0.116051 -0.102647 27.9996 10.4173 -13 810 1 0 1
2.15472 -2.66006 800 0.0454664 -6.95431e-05 28 10.4173 -13 811 1 0 1
-0.594684 -2.60678 800 0.0436526 -0.147951 27.9996 10.4174 -13 812 1 0 1
5.71491 5.3181 800 -0.167796 0.27865 27.9981 10.4175 -13 813 1 0 1
-2.62084 -2.68564 800 0.175808 -0.0252722 27.9994 10.4173 -13 814 1 0 1
5.10963 6.83694 800 -0.416303 0.15287 27.9965 10.4176 -13 815 1 0 1
-17.4641 1.53461 800 0.0126247 -0.652853 27.9924 10.4178 -13 816 1 0 1
11.8324 7.43781 800 -0.424595 0.39052 27.9941 10.4177 -13 817 1 0 1
11.7257 0.832454 800 -0.148883 0.421725 27.9964 10.4175 -13 818 1 0 1
-4.20652 1.45011 800 -0.0300591 -0.177508 27.9994 10.4173 -13 819 1 0 1
-8.37388 0.346809 800 -0.0980858 -0.262924 27.9986 10.4174 -13 820 1 0 1
-2.46312 4.44834 800 -0.237719 -0.076519 27.9989 10.4174 -13 821 1 0 1
-2.35544 -6.40128 800 0.247485 -0.12322 27.9986 10.4174 -13 822 1 0 1
5.57064 3.29803 800 -0.181227 0.0844597 27.9993 10.4173 -13 823 1 0 1
-17.4414 -7.33732 800 0.351708 -0.657798 27.9901 10.418 -13 824 1 0 1
-3.6227 -2.08146 800 0.0914106 -0.146363 27.9995 10.4173 -13 825 1 0 1
4.39331 2.40326 800 -0.148316 0.101095 27.9994 10.4173 -13 826 1 0 1
1.96329 5.82496 800 -0.193322 0.0484461 27.9993 10.4173 -13 827 1 0 1
3.30962 0.358435 800 -0.0140524 0.15213 27.9996 10.4173 -13 828 1 0 1
-9.92776 -2.80232 800 0.121674 -0.42334 27.9965 10.4176 -13 829 1 0 1
-1.04299 -3.23549 800 0.0094461 -0.0423796 28 10.4173 -13 830 1 0 1
-5.80463 -4.13693 800 0.164374 -0.239165 27.9985 10.4174 -13 831 1 0 1
2.52742 -0.749322 800 0.0570368 0.112351 27.9997 10.4173 -13 832 1 0 1
-4.39673 0.451365 800 -0.130022 -0.169814 27.9992 10.4174 -13 833 1 0 1
-2.61976 -5.22576 800 0.232933 -0.0742876 27.9989 10.4173 -13 834 1 0 1
7.56153 4.97798 800 -0.180873 0.179856 27.9988 10.4173 -13 835 1 0 1
-0.589021 -0.303789 800 -0.102147 -0.0246915 27.9998 10.4173 -13 836 1 0 1
-6.00701 3.8379 800 -0.07128 -0.188925 27.9993 10.4173 -13 837 1 0 1
10.9306 7.61976 800 -0.412186 0.459617 27.9932 10.4179 -13 838 1 0 1
9.53161 3.48889 800 -0.247957 0.301902 27.9973 10.4175 -13 839 1 0 1
-8.02494 -5.09077 800 0.218825 -0.245316 27.9981 10.4174 -13 840 1 0 1
-16.8905 -6.80333 800 0.278484 -0.566548 27.9929 10.4177 -13 841 1 0 1
-2.18597 -1.40543 800 0.045353 0.0113813 28 10.4173 -13 842 1 0 1
-3.6719 -4.70197 800 0.175703 -0.0514683 27.9994 10.4173 -13 843 1 0 1
6.83667 4.55311 800 -0.216294 0.210783 27.9984 10.4174 -13 844 1 0 1
-0.560156 0.17959 800 0.00964093 -0.104464 27.9998 10.4173 -13 845 1 0 1
15.7973 6.92602 800 -0.291142 0.55966 27.9929 10.4178 -13 846 1 0 1
-1.13102 2.64504 800 -0.0166598 0.0273318 28 10.4173 -13 847 1 0 1
-3.96029 -3.30026 800 0.201491 -0.171687 27.9987 10.4174 -13 848 1 0 1
-7.11167 -6.3781 800 0.304969 -0.28475 27.9969 10.4175 -13 849 1 0 1
5.00381 -1.63084 800 0.0682858 0.134466 27.9996 10.4173 -13 850 1 0 1
2.00994 -3.36377 800 0.0668087 -0.00310525 27.9999 10.4173 -13 851 1 0 1
0.925299 2.27244 800 -0.0560149 0.0520269 27.9999 10.4173 -13 852 1 0 1
-10.0917 -4.39173 800 0.203559 -0.365193 27.9969 10.4175 -13 853 1 0 1
-14.9628 -8.75278 800 0.442615 -0.472808 27.9925 10.4178 -13 854 1 0 1
-0.308151 -1.003 800 0.114663 -0.0719437 27.9997 10.4173 -13 855 1 0 1
9.25646 6.90695 800 -0.305857 0.371943 27.9959 10.4176 -13 856 1 0 1
3.66 2.20662 800 -0.0375525 0.228271 27.999 10.4174 -13 857 1 0 1
7.87376 1.69122 800 -0.105048 0.17032 27.9993 10.4173 -13 858 1 0 1
-20.4399 -0.0349475 800 0.0513318 -0.671411 27.9919 10.4178 -13 859 1 0 1
-1.63451 -3.34849 800 0.200492 -0.0716007 27.9992 10.4173 -13 860 1 0 1
8.95012 5.29605 800 -0.313633 0.315548 27.9965 10.4175 -13 861 1 0 1
8.71513 -1.30505 800 0.0110006 0.263694 27.9988 10.4173 -13 862 1 0 1
-2.76062 -0.970451 800 0.0542541 -0.175618 27.9994 10.4173 -13 863 1 0 1
-6.30243 -3.92308 800 0.141866 -0.29897 27.998 10.4175 -13 864 1 0 1
-2.69329 -2.35832 800 0.114774 -0.0749059 27.9997 10.4173 -13 865 1 0 1
9.02418 -1.92295 800 0.0951908 0.30219 27.9982 10.4174 -13 866 1 0 1
4.33305 -0.291474 800 0.142758 0.0993847 27.9995 10.4174 -13 867 1 0 1
-5.30333 4.08206 800 -0.0853209 -0.186067 27.9993 10.4173 -13 868 1 0 1
-9.00081 4.30478 800 -0.0935153 -0.248346 27.9987 10.4174 -13 869 1 0 1
24.691 8.15178 800 -0.498457 0.916643 27.9806 10.4187 -13 870 1 0 1
0.938678 9.91834 800 -0.470872 0.0158008 27.996 10.4176 -13 871 1 0 1
12.4495 9.90744 800 -0.360764 0.344333 27.9956 10.4175 -13 872 1 0 1
-14.696 -2.0786 800 0.115815 -0.586419 27.9936 10.4177 -13 873 1 0 1
0.571445 -1.46184 800 0.122293 -0.0169421 27.9997 10.4173 -13 874 1 0 1
11.4092 1.42266 800 -0.128321 0.38174 27.9971 10.4174 -13 875 1 0 1
2.37999 -3.12311 800 0.0963624 0.102641 27.9996 10.4173 -13 876 1 0 1
0.0319097 -3.21367 800 0.0659811 -0.106372 27.9997 10.4174 -13 877 1 0 1
-15.6393 -7.22925 800 0.285149 -0.560874 27.9929 10.4178 -13 878 1 0 1
-5.7654 -2.20567 800 0.198135 -0.142364 27.9989 10.4174 -13 879 1 0 1
1.41457 2.45422 800 -0.0675824 0.0743679 27.9998 10.4173 -13 880 1 0 1
7.29998 -4.09159 800 0.120848 0.253732 27.9986 10.4173 -13 881 1 0 1
5.38731 -0.231177 800 0.00421094 0.130855 27.9997 10.4173 -13 882 1 0 1
3.23516 0.549228 800 0.0706459 0.126298 27.9996 10.4173 -13 883 1 0 1
10.7319 2.93561 800 -0.130135 0.32541 27.9978 10.4174 -13 884 1 0 1
9.11254 -3.31877 800 0.14442 0.313715 27.9979 10.4174 -13 885 1 0 1
-10.3326 -2.24189 800 0.224482 -0.369515 27.9967 10.4175 -13 886 1 0 1
7.92143 3.71911 800 -0.259614 0.240179 27.9978 10.4174 -13 887 1 0 1
14.7092 -0.914021 800 -0.0629165 0.547327 27.9946 10.4176 -13 888 1 0 1
18.5925 5.40432 800 -0.351337 0.660477 27.99 10.4179 -13 889 1 0 1
-19.7658 -1.59389 800 0.256469 -0.622975 27.9919 10.4178 -13 890 1 0 1
0.394052 -0.250978 800 -0.0428087 -0.0559775 27.9999 10.4173 -13 891 1 0 1
-15.3864 1.27268 800 -0.049038 -0.553815 27.9945 10.4177 -13 892 1 0 1
-9.28826 -4.80486 800 0.29864 -0.302176 27.9968 10.4175 -13 893 1 0 1
-11.3877 -4.81807 800 0.296192 -0.448846 27.9948 10.4177 -13 894 1 0 1
-5.1047 -1.52967 800 0.109499 -0.157776 27.9993 10.4173 -13 895 1 0 1
6.61412 0.426246 800 -0.0897527 0.226128 27.9989 10.4173 -13 896 1 0 1
3.07144 4.77643 800 -0.180337 0.0990645 27.9992 10.4173 -13 897 1 0 1
8.40556 0.115016 800 -0.0504801 0.235937 27.999 10.4173 -13 898 1 0 1
0.330745 -0.122552 800 -0.0650421 0.0781318 27.9998 10.4173 -13 899 1 0 1
-7.89028 3.42165 800 -0.112061 -0.226539 27.9989 10.4174 -13 900 1 0 1
1.06997 0.239137 800 -0.130681 0.0609387 27.9996 10.4174 -13 901 1 0 1
5.53221 -0.296055 800 -0.00514869 0.190945 27.9993 10.4173 -13 902 1 0 1
-24.1763 -8.33575 800 0.424587 -0.80977 27.9851 10.4182 -13 903 1 0 1
8.65457 0.452232 800 -0.101527 0.34469 27.9977 10.4174 -13 904 1 0 1
3.44371 1.55079 800 -0.038044 0.174406 27.9994 10.4173 -13 905 1 0 1
-17.3823 -4.32503 800 0.309264 -0.550017 27.9929 10.4177 -13 906 1 0 1
-12.1126 -5.57999 800 0.352158 -0.465386 27.9939 10.4178 -13 907 1 0 1
-5.84093 -6.64155 800 0.36034 -0.197946 27.997 10.4175 -13 908 1 0 1
0.0580161 -8.47711 800 0.306393 -0.0131139 27.9983 10.4174 -13 909 1 0 1
0.129366 -2.565 800 0.178709 -0.0311474 27.9994 10.4174 -13 910 1 0 1
23.8748 8.33673 800 -0.48157 0.842146 27.9832 10.4184 -13 911 1 0 1
1.714 -8.14395 800 0.328977 0.0306821 27.9981 10.4174 -13 912 1 0 1
9.90046 11.1395 800 -0.429806 0.34943 27.9945 10.4177 -13 913 1 0 1
2.22456 -3.56372 800 0.0644858 0.0820846 27.9998 10.4173 -13 914 1 0 1
-15.5042 -3.31564 800 0.255755 -0.52869 27.9938 10.4177 -13 915 1 0 1
-6.53441 -3.52502 800 0.219472 -0.229361 27.9982 10.4174 -13 916 1 0 1
2.06286 3.20754 800 -0.0786538 0.0673171 27.9998 10.4173 -13 917 1 0 1
-3.38879 0.292513 800 0.0537697 -0.106604 27.9997 10.4173 -13 918 1 0 1
7.37659 4.88561 800 -0.319613 0.34849 27.996 10.4177 -13 919 1 0 1
3.21566 -2.92541 800 0.149219 0.180711 27.999 10.4174 -13 920 1 0 1
4.81819 3.09636 800 -0.165871 0.168942 27.999 10.4173 -13 921 1 0 1
-2.52176 -6.93513 800 0.223976 -0.0304111 27.9991 10.4173 -13 922 1 0 1
-11.3139 1.39727 800 0.0071873 -0.376217 27.9975 10.4174 -13 923 1 0 1
-6.28479 5.84775 800 -0.2532 -0.24314 27.9978 10.4175 -13 924 1 0 1
2.18183 -4.50447 800 0.253487 0.120452 27.9986 10.4174 -13 925 1 0 1
-7.75556 -0.82949 800 0.0524755 -0.219122 27.9991 10.4173 -13 926 1 0 1
-4.38357 -6.90112 800 0.239634 -0.190329 27.9983 10.4174 -13 927 1 0 1
-22.5483 -4.26359 800 0.25662 -0.825781 27.9866 10.4182 -13 928 1 0 1
8.60696 3.26378 800 -0.139024 0.269864 27.9984 10.4174 -13 929 1 0 1
2.9744 0.63249 800 -0.0452565 0.054058 27.9999 10.4173 -13 930 1 0 1
-14.0109 -5.09396 800 0.243974 -0.512551 27.9942 10.4177 -13 931 1 0 1
-14.7373 -1.09249 800 0.127326 -0.570159 27.9939 10.4177 -13 932 1 0 1
15.147 3.11143 800 -0.169477 0.563371 27.9938 10.4177 -13 933 1 0 1
11.2006 6.28485 800 -0.333086 0.346446 27.9959 10.4175 -13 934 1 0 1
-7.49015 -0.15423 800 -0.00909518 -0.278275 27.9986 10.4174 -13 935 1 0 1
-6.20485 -9.82318 800 0.468895 -0.245503 27.995 10.4177 -13 936 1 0 1
16.0312 4.69344 800 -0.19022 0.665448 27.9914 10.418 -13 937 1 0 1
-10.7439 -1.19381 800 0.132748 -0.318243 27.9979 10.4174 -13 938 1 0 1
-5.78292 -4.92251 800 0.136945 -0.257516 27.9985 10.4174 -13 939 1 0 1
14.6387 5.58693 800 -0.413559 0.55546 27.9914 10.418 -13 940 1 0 1
12.1334 4.36498 800 -0.290916 0.4171 27.9954 10.4176 -13 941 1 0 1
-6.0756 -4.98029 800 0.149351 -0.255904 27.9984 10.4174 -13 942 1 0 1
3.93727 -3.55567 800 0.203712 0.141952 27.9989 10.4174 -13 943 1 0 1
0.171342 -1.39609 800 0.0831827 -0.00417924 27.9999 10.4173 -13 944 1 0 1
-2.39739 -0.418053 800 0.117498 -0.151083 27.9993 10.4174 -13 945 1 0 1
-7.79232 -1.11166 800 0.124008 -0.292965 27.9982 10.4174 -13 946 1 0 1
12.4905 -3.60017 800 -0.000899679 0.454684 27.9963 10.4175 -13 947 1 0 1
5.19639 -1.3473 800 0.0811159 0.247671 27.9988 10.4174 -13 948 1 0 1
-10.7914 -0.909414 800 0.0960174 -0.399826 27.997 10.4175 -13 949 1 0 1
6.99973 3.01206 800 -0.215148 0.233527 27.9982 10.4174 -13 950 1 0 1
11.762 -4.09872 800 0.130907 0.399925 27.9968 10.4175 -13 951 1 0 1
10.7383 -0.773106 800 0.0330356 0.40655 27.997 10.4175 -13 952 1 0 1
1.01987 4.4327 800 -0.215821 -0.00232803 27.9992 10.4173 -13 953 1 0 1
-3.5753 -1.87849 800 0.0570442 -0.0877764 27.9998 10.4173 -13 954 1 0 1
-15.8047 -3.4229 800 0.274593 -0.562481 27.993 10.4177 -13 955 1 0 1
19.9456 5.76007 800 -0.197169 0.605881 27.9927 10.4178 -13 956 1 0 1
-6.60843 0.367573 800 0.0160676 -0.208731 27.9992 10.4173 -13 957 1 0 1
10.5692 2.90627 800 -0.156268 0.389304 27.9969 10.4175 -13 958 1 0 1
-0.729759 2.97433 800 -0.144178 -0.0226284 27.9996 10.4173 -13 959 1 0 1
10.3517 -0.851218 800 -0.00148464 0.323381 27.9981 10.4174 -13 960 1 0 1
-1.86082 -4.81613 800 0.169022 0.0570419 27.9994 10.4173 -13 961 1 0 1
2.04527 -3.58385 800 0.130742 0.0503394 27.9996 10.4173 -13 962 1 0 1
2.15951 -1.74961 800 0.0930509 0.134728 27.9995 10.4173 -13 963 1 0 1
10.2373 -2.13753 800 0.0613512 0.376254 27.9974 10.4174 -13 964 1 0 1
-15.4773 -2.14693 800 0.186056 -0.537707 27.9942 10.4176 -13 965 1 0 1
-0.925746 0.335118 800 0.057042 -0.0617436 27.9999 10.4173 -13 966 1 0 1
1.65677 -5.47083 800 0.218992 -0.0435813 27.9991 10.4174 -13 967 1 0 1
-13.4495 -7.74013 800 0.513594 -0.489897 27.991 10.4181 -13 968 1 0 1
15.1286 10.6826 800 -0.543629 0.474695 27.9907 10.4179 -13 969 1 0 1
0.348947 -1.99799 800 0.0911039 -0.071399 27.9998 10.4173 -13 970 1 0 1
-1.969 0.991911 800 0.0399113 -0.0133131 28 10.4173 -13 971 1 0 1
-21.379 -8.39815 800 0.4208 -0.722993 27.9875 10.4181 -13 972 1 0 1
-3.94543 -0.306362 800 0.0667808 -0.140811 27.9996 10.4173 -13 973 1 0 1
-4.80744 -3.2509 800 0.204633 -0.117476 27.999 10.4173 -13 974 1 0 1
5.77517 -0.134032 800 -0.0665108 0.2113 27.9991 10.4173 -13 975 1 0 1
2.83496 -0.138644 800 0.0298366 0.0688606 27.9999 10.4173 -13 976 1 0 1
9.43138 4.07137 800 -0.236395 0.409465 27.996 10.4176 -13 977 1 0 1
-14.5295 0.426373 800 0.135348 -0.594141 27.9934 10.4178 -13 978 1 0 1
-20.0909 -5.62743 800 0.304903 -0.768477 27.9878 10.4182 -13 979 1 0 1
-2.12681 4.59219 800 -0.167714 -0.0568416 27.9994 10.4173 -13 980 1 0 1
-12.6266 -6.61319 800 0.336231 -0.444114 27.9945 10.4176 -13 981 1 0 1
-9.99231 -3.68192 800 0.252909 -0.397741 27.996 10.4176 -13 982 1 0 1
-7.80806 3.28974 800 -0.0860781 -0.177378 27.9993 10.4173 -13 983 1 0 1
0.650868 5.04649 800 -0.165928 0.0354699 27.9995 10.4173 -13 984 1 0 1
-3.92015 -7.50905 800 0.391983 -0.134245 27.9969 10.4175 -13 985 1 0 1
-14.1972 -4.30222 800 0.273821 -0.443636 27.9951 10.4176 -13 986 1 0 1
8.36782 0.28964 800 -0.102394 0.279399 27.9984 10.4174 -13 987 1 0 1
-10.6271 -2.85081 800 0.202372 -0.309452 27.9976 10.4174 -13 988 1 0 1
-4.12263 -4.03405 800 0.212128 -0.125848 27.9989 10.4173 -13 989 1 0 1
-3.67813 1.02964 800 -0.000431429 -0.028242 28 10.4173 -13 990 1 0 1
7.00776 4.95651 800 -0.277617 0.205478 27.9979 10.4174 -13 991 1 0 1
-2.76976 -5.75578 800 0.238513 -0.0798955 27.9989 10.4173 -13 992 1 0 1
-1.04711 -6.66929 800 0.222639 -0.00841909 27.9991 10.4173 -13 993 1 0 1
-6.72506 -0.860388 800 0.0380128 -0.204905 27.9992 10.4173 -13 994 1 0 1
-2.38542 -6.38096 800 0.269439 -0.0482989 27.9987 10.4174 -13 995 1 0 1
8.51835 7.91551 800 -0.407281 0.287975 27.9956 10.4176 -13 996 1 0 1
12.7197 4.62295 800 -0.324728 0.433509 27.9948 10.4176 -13 997 1 0 1
-2.13327 -3.74653 800 0.140197 -0.028069 27.9996 10.4173 -13 998 1 0 1
-14.6986 -1.74445 800 0.104373 -0.488116 27.9956 10.4175 -13 999 1 0 1
3.41853 -6.87528 800 0.195773 0.0725993 27.9992 10.4173 -13 1000 1 0 1
5.49375 3.23312 800 -0.103134 0.218587 27.999 10.4173 -13 1001 1 0 1
9.31767 2.4853 800 -0.107186 0.272041 27.9985 10.4174 -13 1002 1 0 1
17.4475 6.31459 800 -0.339231 0.668754 27.99 10.418 -13 1003 1 0 1
-11.2348 -0.0906828 800 0.052619 -0.263081 27.9987 10.4174 -13 1004 1 0 1
-0.201731 6.97812 800 -0.266586 -0.0443775 27.9987 10.4173 -13 1005 1 0 1
1.70798 -6.12874 800 0.237369 0.0299091 27.999 10.4174 -13 1006 1 0 1
3.42215 3.74047 800 -0.279742 0.0892061 27.9985 10.4175 -13 1007 1 0 1
-5.73768 2.73107 800 -0.185752 -0.208842 27.9986 10.4174 -13 1008 1 0 1
-12.4954 -6.76466 800 0.334692 -0.497427 27.9936 10.4178 -13 1009 1 0 1
-12.9646 -7.67253 800 0.287483 -0.509199 27.9939 10.4177 -13 1010 1 0 1
-5.07979 -2.06767 800 0.0463434 -0.123887 27.9997 10.4173 -13 1011 1 0 1
4.72039 -0.355212 800 -0.0278839 0.195234 27.9993 10.4173 -13 1012 1 0 1
8.94755 4.54935 800 -0.304234 0.27321 27.997 10.4175 -13 1013 1 0 1
-10.5839 -2.86601 800 0.178518 -0.430519 27.9961 10.4176 -13 1014 1 0 1
-1.31049 1.10167 800 -0.0107701 -0.0107382 28 10.4173 -13 1015 1 0 1
-4.40285 0.49023 800 0.0747159 -0.312594 27.9982 10.4175 -13 1016 1 0 1
9.38556 7.57082 800 -0.340117 0.379698 27.9954 10.4176 -13 1017 1 0 1
-7.48845 -2.11214 800 0.159725 -0.18866 27.9989 10.4173 -13 1018 1 0 1
-1.43818 1.02637 800 -0.0338679 -0.0972094 27.9998 10.4173 -13 1019 1 0 1
-7.10677 0.580882 800 -0.0676351 -0.257243 27.9987 10.4174 -13 1020 1 0 1
1.41653 3.16813 800 -0.122015 0.0188347 27.9997 10.4173 -13 1021 1 0 1
2.36808 4.72185 800 -0.210559 0.089417 27.9991 10.4173 -13 1022 1 0 1
-2.19132 -0.560807 800 -0.0158694 -0.0921532 27.9998 10.4173 -13 1023 1 0 1
-16.9199 -13.9372 800 0.704545 -0.474433 27.9871 10.4182 -13 1024 1 0 1
5.24844 1.88153 800 0.0173276 0.241704 27.999 10.4174 -13 1025 1 0 1
0.129404 -2.85587 800 0.125017 0.0292042 27.9997 10.4173 -13 1026 1 0 1
-5.35785 4.36458 800 -0.232118 -0.198758 27.9983 10.4174 -13 1027 1 0 1
-17.842 -6.27632 800 0.303748 -0.646961 27.9909 10.4179 -13 1028 1 0 1
-1.5175 -4.11835 800 0.252389 0.0237052 27.9989 10.4174 -13 1029 1 0 1
-2.62568 -2.24707 800 -0.0447577 -0.152359 27.9995 10.4174 -13 1030 1 0 1
12.1956 8.4352 800 -0.339207 0.502864 27.9934 10.4178 -13 1031 1 0 1
6.89394 2.99131 800 -0.157007 0.245686 27.9985 10.4174 -13 1032 1 0 1
10.4792 4.38534 800 -0.19607 0.329144 27.9974 10.4174 -13 1033 1 0 1
8.00552 4.49854 800 -0.216074 0.280395 27.9978 10.4174 -13 1034 1 0 1
-24.1233 -7.05242 800 0.440334 -0.802057 27.985 10.4182 -13 1035 1 0 1
-5.19129 -0.314745 800 -0.0223741 -0.104723 27.9998 10.4173 -13 1036 1 0 1
-0.0243667 -2.38726 800 0.103402 -0.0376971 27.9998 10.4173 -13 1037 1 0 1
-2.33013 7.18878 800 -0.249942 -0.0112738 27.9989 10.4174 -13 1038 1 0 1
-9.66085 -8.83624 800 0.434033 -0.371598 27.9942 10.4177 -13 1039 1 0 1
-13.6642 -2.26833 800 0.237376 -0.467395 27.9951 10.4176 -13 1040 1 0 1
3.9003 -4.30049 800 0.130698 0.189878 27.9991 10.4173 -13 1041 1 0 1
-8.9077 -3.32875 800 0.199951 -0.299592 27.9977 10.4174 -13 1042 1 0 1
-10.9379 -2.18861 800 0.161664 -0.384355 27.9969 10.4175 -13 1043 1 0 1
-13.2665 -7.54156 800 0.431293 -0.458979 27.9929 10.4178 -13 1044 1 0 1
-3.75558 1.63798 800 0.0370712 -0.0934246 27.9998 10.4173 -13 1045 1 0 1
-4.21611 4.09327 800 -0.188658 -0.157952 27.9989 10.4174 -13 1046 1 0 1
-3.74144 5.38093 800 -0.0969284 -0.132679 27.9995 10.4173 -13 1047 1 0 1
-6.89332 2.19967 800 -0.0957353 -0.247598 27.9987 10.4174 -13 1048 1 0 1
-27.364 -7.65605 800 0.435204 -1.02598 27.9778 10.4188 -13 1049 1 0 1
18.8208 4.6011 800 -0.2593 0.661129 27.991 10.4179 -13 1050 1 0 1
5.98289 5.37588 800 -0.378891 0.179615 27.9969 10.4176 -13 1051 1 0 1
-14.9562 -2.02268 800 0.184489 -0.554345 27.9939 10.4177 -13 1052 1 0 1
-5.3353 -1.30152 800 0.102111 -0.161458 27.9993 10.4173 -13 1053 1 0 1
16.0712 9.13512 800 -0.355018 0.582557 27.9917 10.4179 -13 1054 1 0 1
-7.75318 -4.29429 800 0.111243 -0.232395 27.9988 10.4174 -13 1055 1 0 1
6.05231 -2.52591 800 0.0109628 0.273305 27.9987 10.4174 -13 1056 1 0 1
2.58075 2.39962 800 -0.0833875 0.115958 27.9996 10.4173 -13 1057 1 0 1
-11.2279 -7.6718 800 0.398986 -0.315234 27.9954 10.4176 -13 1058 1 0 1
4.38124 4.12737 800 -0.151799 0.216008 27.9988 10.4174 -13 1059 1 0 1
9.66748 -3.30371 800 0.239656 0.271464 27.9977 10.4176 -13 1060 1 0 1
12.6431 5.07159 800 -0.206683 0.419021 27.9961 10.4175 -13 1061 1 0 1
1.61572 5.50164 800 -0.199989 0.0872726 27.9991 10.4173 -13 1062 1 0 1
-21.1212 -5.87579 800 0.463824 -0.820503 27.9841 10.4185 -13 1063 1 0 1
8.29288 0.807963 800 -0.0684938 0.346906 27.9978 10.4174 -13 1064 1 0 1
-6.52352 -3.72456 800 0.104603 -0.283927 27.9984 10.4174 -13 1065 1 0 1
-0.0072239 2.07444 800 -0.093513 0.0249079 27.9998 10.4173 -13 1066 1 0 1
-2.07097 0.512819 800 -0.0159839 -0.0171442 28 10.4173 -13 1067 1 0 1
-0.637046 -3.25126 800 0.0664545 0.0408403 27.9999 10.4173 -13 1068 1 0 1
-4.19035 -1.8022 800 0.0957731 -0.171488 27.9993 10.4173 -13 1069 1 0 1
-8.04808 1.17121 800 -0.0299132 -0.245794 27.9989 10.4173 -13 1070 1 0 1
10.8132 1.41933 800 -0.115265 0.334756 27.9978 10.4174 -13 1071 1 0 1
-4.98232 -2.96978 800 0.113661 -0.139903 27.9994 10.4173 -13 1072 1 0 1
-1.92682 2.177 800 -0.159557 -0.0164239 27.9995 10.4174 -13 1073 1 0 1
7.93092 2.12672 800 -0.0588654 0.259184 27.9987 10.4174 -13 1074 1 0 1
12.2783 -2.0962 800 0.0519112 0.313799 27.9982 10.4174 -13 1075 1 0 1
2.1451 -0.218498 800 -0.0793436 0.0906716 27.9997 10.4173 -13 1076 1 0 1
9.34261 5.61161 800 -0.178614 0.27995 27.998 10.4174 -13 1077 1 0 1
1.39424 7.0025 800 -0.203364 0.0178394 27.9993 10.4173 -13 1078 1 0 1
-14.4277 -4.86715 800 0.225266 -0.518949 27.9943 10.4177 -13 1079 1 0 1
-0.270575 -3.92857 800 0.215189 -0.0501914 27.9991 10.4174 -13 1080 1 0 1
19.8188 7.87287 800 -0.504936 0.72538 27.986 10.4183 -13 1081 1 0 1
-10.9125 1.96833 800 -0.0347698 -0.389923 27.9973 10.4174 -13 1082 1 0 1
4.19223 2.00641 800 -0.0668038 0.0851877 27.9998 10.4173 -13 1083 1 0 1
0.310483 -1.42179 800 -0.0467955 -0.0707046 27.9999 10.4173 -13 1084 1 0 1
-14.2888 -4.82066 800 0.326979 -0.487492 27.9938 10.4177 -13 1085 1 0 1
13.6929 6.24203 800 -0.36708 0.474975 27.9936 10.4177 -13 1086 1 0 1
-1.94278 2.5885 800 -0.106311 -0.0367287 27.9998 10.4173 -13 1087 1 0 1
-1.78132 -4.76512 800 0.212182 -0.0604195 27.9991 10.4173 -13 1088 1 0 1
-0.268109 2.15112 800 -0.164351 -0.027663 27.9995 10.4173 -13 1089 1 0 1
-15.45 1.27402 800 0.0720642 -0.511696 27.9952 10.4176 -13 1090 1 0 1
-0.671863 -2.82486 800 0.112144 -0.0731521 27.9997 10.4173 -13 1091 1 0 1
1.10523 -1.39705 800 0.0453418 0.0765409 27.9999 10.4173 -13 1092 1 0 1
3.08022 -6.59897 800 0.245765 0.0376338 27.9989 10.4174 -13 1093 1 0 1
5.98239 0.894309 800 -0.134678 0.149261 27.9993 10.4173 -13 1094 1 0 1
9.04915 2.66283 800 -0.162313 0.317971 27.9977 10.4174 -13 1095 1 0 1
10.567 2.99307 800 -0.141192 0.309641 27.9979 10.4174 -13 1096 1 0 1
-6.16506 1.69505 800 -0.0302077 -0.18453 27.9994 10.4173 -13 1097 1 0 1
3.27736 3.13008 800 -0.240998 0.129511 27.9987 10.4174 -13 1098 1 0 1
-13.281 -2.89298 800 0.2402 -0.450073 27.9954 10.4176 -13 1099 1 0 1
-10.6465 0.542675 800 0.0834715 -0.371472 27.9974 10.4174 -13 1100 1 0 1
14.7392 3.72712 800 -0.121334 0.56059 27.9941 10.4177 -13 1101 1 0 1
3.58368 -0.364131 800 -0.00118827 0.123255 27.9997 10.4173 -13 1102 1 0 1
7.50763 0.290234 800 -0.07436 0.298859 27.9983 10.4174 -13 1103 1 0 1
10.5266 2.81987 800 -0.110184 0.377953 27.9972 10.4175 -13 1104 1 0 1
-5.6309 2.07091 800 -0.0125047 -0.156973 27.9996 10.4173 -13 1105 1 0 1
10.9917 3.24034 800 -0.21724 0.414364 27.9961 10.4175 -13 1106 1 0 1
-1.74111 0.395988 800 -0.0385631 -0.100552 27.9998 10.4173 -13 1107 1 0 1
-5.06573 1.53246 800 -0.0199212 -0.24457 27.9989 10.4173 -13 1108 1 0 1
8.65041 1.78195 800 -0.0824377 0.314971 27.9981 10.4174 -13 1109 1 0 1
-1.98297 1.02959 800 0.0124218 -0.0385975 28 10.4173 -13 1110 1 0 1
5.57587 1.46547 800 0.00813508 0.251081 27.9989 10.4174 -13 1111 1 0 1
15.0162 5.09885 800 -0.40369 0.494219 27.9927 10.4178 -13 1112 1 0 1
-5.00504 1.50568 800 -0.0498425 -0.183108 27.9994 10.4173 -13 1113 1 0 1
-2.80296 2.43837 800 -0.0390222 -0.0445988 27.9999 10.4173 -13 1114 1 0 1
-0.922559 -1.20008 800 0.0844 -0.133647 27.9996 10.4174 -13 1115 1 0 1
2.45322 0.595362 800 -0.0804431 0.128779 27.9996 10.4173 -13 1116 1 0 1
10.5763 4.92168 800 -0.156418 0.411368 27.9965 10.4176 -13 1117 1 0 1
-11.35 -4.72879 800 0.286764 -0.358415 27.9962 10.4175 -13 1118 1 0 1
21.1341 4.53188 800 -0.281667 0.672303 27.9905 10.4178 -13 1119 1 0 1
-10.1838 -4.63575 800 0.271981 -0.403577 27.9958 10.4176 -13 1120 1 0 1
4.2921 0.0651653 800 0.029373 0.092863 27.9998 10.4173 -13 1121 1 0 1
-4.98357 -2.91878 800 0.149887 -0.135451 27.9993 10.4173 -13 1122 1 0 1
-9.92609 -4.29151 800 0.318496 -0.254264 27.997 10.4175 -13 1123 1 0 1
6.15375 3.87761 800 -0.217444 0.23963 27.9981 10.4174 -13 1124 1 0 1
-3.79883 1.6434 800 -0.0439615 -0.162164 27.9995 10.4173 -13 1125 1 0 1
11.2809 3.25328 800 -0.226609 0.419826 27.9959 10.4176 -13 1126 1 0 1
-4.55502 -4.09258 800 0.096961 -0.192692 27.9992 10.4174 -13 1127 1 0 1
-5.34966 0.986032 800 0.0935944 -0.213388 27.999 10.4174 -13 1128 1 0 1
3.69082 -3.20631 800 0.151267 0.101834 27.9994 10.4173 -13 1129 1 0 1
-3.24058 -1.02784 800 0.0396219 -0.151954 27.9996 10.4173 -13 1130 1 0 1
-7.52636 -0.802173 800 0.0781278 -0.209457 27.9991 10.4173 -13 1131 1 0 1
-21.3635 -4.4385 800 0.344827 -0.692871 27.9893 10.418 -13 1132 1 0 1
-0.134849 -3.27775 800 0.066585 0.0013986 27.9999 10.4173 -13 1133 1 0 1
-0.744267 -3.40955 800 0.12293 -0.0170643 27.9997 10.4173 -13 1134 1 0 1
-1.10225 2.94977 800 -0.0866268 -0.0342958 27.9998 10.4173 -13 1135 1 0 1
-2.50912 -6.58896 800 0.293424 -0.0618255 27.9984 10.4174 -13 1136 1 0 1
-1.13848 1.80426 800 0.0225674 -0.0841111 27.9999 10.4173 -13 1137 1 0 1
-14.3777 2.20277 800 -0.0727185 -0.414234 27.9968 10.4175 -13 1138 1 0 1
-18.9618 -6.3729 800 0.428471 -0.649916 27.9892 10.418 -13 1139 1 0 1
-0.468279 0.0742541 800 -0.077578 0.0562927 27.9998 10.4173 -13 1140 1 0 1
-0.0143513 4.82085 800 -0.141746 0.0128744 27.9996 10.4173 -13 1141 1 0 1
19.1081 6.35777 800 -0.318775 0.754293 27.988 10.4182 -13 1142 1 0 1
-0.484833 -0.331672 800 0.00455839 -0.0956827 27.9998 10.4173 -13 1143 1 0 1
2.91787 6.60406 800 -0.250459 0.0694441 27.9988 10.4173 -13 1144 1 0 1
-0.373117 -1.50685 800 0.0518572 0.0147469 27.9999 10.4173 -13 1145 1 0 1
-12.9658 -4.468 800 0.250715 -0.472719 27.9949 10.4176 -13 1146 1 0 1
1.47398 0.097575 800 0.150661 0.124692 27.9993 10.4175 -13 1147 1 0 1
14.3747 4.57039 800 -0.237887 0.427909 27.9957 10.4175 -13 1148 1 0 1
7.1947 3.92232 800 -0.264447 0.204849 27.998 10.4174 -13 1149 1 0 1
2.87665 3.89782 800 -0.22475 0.0301274 27.9991 10.4174 -13 1150 1 0 1
16.0192 5.84998 800 -0.254344 0.579952 27.9928 10.4178 -13 1151 1 0 1
-6.14429 1.67587 800 0.00929729 -0.237053 27.999 10.4173 -13 1152 1 0 1
6.47636 3.04386 800 -0.112892 0.141275 27.9994 10.4173 -13 1153 1 0 1
2.6999 -0.617253 800 0.0236423 0.1531 27.9996 10.4173 -13 1154 1 0 1
10.2395 4.67553 800 -0.411131 0.366487 27.9946 10.4178 -13 1155 1 0 1
11.4065 6.17947 800 -0.293955 0.400312 27.9956 10.4176 -13 1156 1 0 1
-14.9243 -6.84401 800 0.377123 -0.603461 27.991 10.418 -13 1157 1 0 1
-5.99271 -1.49513 800 0.0240358 -0.244595 27.9989 10.4174 -13 1158 1 0 1
-13.0189 -2.52916 800 0.225188 -0.388908 27.9964 10.4175 -13 1159 1 0 1
-5.19223 -6.32586 800 0.237391 -0.0959599 27.9988 10.4173 -13 1160 1 0 1
-2.03397 -0.749878 800 -0.0199328 -0.176474 27.9994 10.4174 -13 1161 1 0 1
5.45019 -3.22508 800 0.012139 0.200496 27.9993 10.4173 -13 1162 1 0 1
-6.56329 -1.72083 800 0.225148 -0.170406 27.9986 10.4174 -13 1163 1 0 1
8.25814 2.0735 800 -0.137142 0.196096 27.999 10.4173 -13 1164 1 0 1
2.31291 -2.65243 800 0.151736 0.103337 27.9994 10.4173 -13 1165 1 0 1
9.63574 4.30346 800 -0.149581 0.342213 27.9975 10.4174 -13 1166 1 0 1
4.12293 -4.58077 800 0.0833861 0.114094 27.9996 10.4173 -13 1167 1 0 1
0.197342 -5.86329 800 0.129637 -0.0253249 27.9997 10.4173 -13 1168 1 0 1
11.4226 -1.0887 800 -0.0396016 0.467551 27.9961 10.4175 -13 1169 1 0 1
1.48102 4.46093 800 -0.149133 0.0526306 27.9996 10.4173 -13 1170 1 0 1
-5.98476 -1.73718 800 0.0813829 -0.219038 27.999 10.4173 -13 1171 1 0 1
-3.29469 0.692109 800 -0.00287963 0.00219463 28 10.4173 -13 1172 1 0 1
6.02335 -0.605999 800 -0.0400339 0.228423 27.999 10.4173 -13 1173 1 0 1
3.74238 -2.60105 800 0.0222846 0.205501 27.9992 10.4173 -13 1174 1 0 1
12.9149 2.63841 800 -0.0739745 0.36588 27.9975 10.4175 -13 1175 1 0 1
-2.10588 -2.02523 800 0.100124 -0.104802 27.9996 10.4173 -13 1176 1 0 1
10.6995 0.748471 800 -0.0433721 0.393377 27.9972 10.4175 -13 1177 1 0 1
23.0407 5.11248 800 -0.386789 0.754387 27.9872 10.4181 -13 1178 1 0 1
2.10165 -2.38316 800 0.134091 0.0563766 27.9996 10.4173 -13 1179 1 0 1
-4.83284 -6.65146 800 0.205024 -0.0914503 27.9991 10.4173 -13 1180 1 0 1
3.64272 3.80709 800 -0.231712 0.19363 27.9984 10.4175 -13 1181 1 0 1
-8.93412 -6.13596 800 0.228138 -0.18361 27.9985 10.4174 -13 1182 1 0 1
12.3064 -0.52319 800 -0.0412591 0.445545 27.9964 10.4175 -13 1183 1 0 1
-3.99213 -3.95576 800 0.171187 -0.156517 27.999 10.4173 -13 1184 1 0 1
-14.7575 -7.88605 800 0.358543 -0.57383 27.9918 10.4179 -13 1185 1 0 1
4.66422 -6.0756 800 0.247374 0.146032 27.9985 10.4174 -13 1186 1 0 1
7.475 1.92979 800 -0.161808 0.232939 27.9986 10.4174 -13 1187 1 0 1
8.59554 6.83681 800 -0.381166 0.32568 27.9955 10.4176 -13 1188 1 0 1
-3.29235 -0.0557269 800 0.0756097 -0.0884559 27.9998 10.4173 -13 1189 1 0 1
-0.590836 -2.70809 800 0.0834573 -0.00719711 27.9999 10.4173 -13 1190 1 0 1
-2.11622 1.11596 800 0.0213189 -0.094366 27.9998 10.4173 -13 1191 1 0 1
-8.97514 -6.9707 800 0.296784 -0.257125 27.9972 10.4174 -13 1192 1 0 1
7.52905 4.69362 800 -0.144977 0.272826 27.9983 10.4174 -13 1193 1 0 1
-2.18167 -1.0599 800 0.00636882 -0.0974847 27.9998 10.4173 -13 1194 1 0 1
7.99622 8.15985 800 -0.268518 0.333949 27.9967 10.4176 -13 1195 1 0 1
4.53611 0.129981 800 0.0575192 0.252175 27.9988 10.4174 -13 1196 1 0 1
17.5168 6.5879 800 -0.263605 0.551535 27.9933 10.4177 -13 1197 1 0 1
-5.79897 -3.99562 800 0.232627 -0.221412 27.9982 10.4174 -13 1198 1 0 1
-5.24774 2.09524 800 -0.120215 -0.054363 27.9997 10.4174 -13 1199 1 0 1
-9.07625 0.120839 800 0.102675 -0.412168 27.9968 10.4175 -13 1200 1 0 1
1.31985 -5.97806 800 0.255871 0.092731 27.9987 10.4174 -13 1201 1 0 1
-0.747889 6.86233 800 -0.326874 0.00873279 27.9981 10.4175 -13 1202 1 0 1
-0.866319 4.86684 800 -0.151151 -0.0525597 27.9995 10.4173 -13 1203 1 0 1
-8.127 -2.51842 800 0.141016 -0.27195 27.9983 10.4174 -13 1204 1 0 1
20.1852 5.6558 800 -0.27517 0.663312 27.9908 10.4178 -13 1205 1 0 1
-11.6037 -4.11601 800 0.313435 -0.359146 27.9959 10.4176 -13 1206 1 0 1
6.77989 2.6481 800 -0.170394 0.244972 27.9984 10.4174 -13 1207 1 0 1
6.21593 -6.70726 800 0.185008 0.129557 27.9991 10.4174 -13 1208 1 0 1
-6.79314 -0.454369 800 0.0847304 -0.200205 27.9992 10.4173 -13 1209 1 0 1
16.4832 4.57114 800 -0.285938 0.574209 27.9927 10.4177 -13 1210 1 0 1
-1.03794 4.16474 800 -0.174232 -0.0447852 27.9994 10.4173 -13 1211 1 0 1
9.40072 -4.35975 800 0.145516 0.380699 27.997 10.4175 -13 1212 1 0 1
5.28602 0.790851 800 -0.155236 0.137638 27.9992 10.4174 -13 1213 1 0 1
-2.29679 -5.78971 800 0.287139 -0.0488667 27.9985 10.4174 -13 1214 1 0 1
4.27636 -1.51478 800 -0.0240807 0.15275 27.9996 10.4173 -13 1215 1 0 1
-6.55609 0.677879 800 -0.0702991 -0.238929 27.9989 10.4174 -13 1216 1 0 1
3.83478 -5.18013 800 0.205374 0.138195 27.9989 10.4173 -13 1217 1 0 1
2.71428 3.38977 800 -0.171334 -0.0124545 27.9995 10.4173 -13 1218 1 0 1
5.27423 6.27292 800 -0.229618 0.23457 27.9981 10.4174 -13 1219 1 0 1
-10.8197 -3.44997 800 0.214624 -0.357281 27.9969 10.4175 -13 1220 1 0 1
2.06864 -0.345048 800 0.0386872 0.100333 27.9998 10.4173 -13 1221 1 0 1
8.98867 0.838259 800 -0.0746467 0.290332 27.9984 10.4174 -13 1222 1 0 1
-12.7389 -4.51564 800 0.219798 -0.46767 27.9952 10.4176 -13 1223 1 0 1
0.636049 -0.822753 800 0.00963168 -0.0600029 27.9999 10.4173 -13 1224 1 0 1
0.820809 -0.66848 800 0.00919147 0.1317 27.9997 10.4173 -13 1225 1 0 1
-9.02597 -0.841949 800 -0.0222924 -0.346667 27.9978 10.4175 -13 1226 1 0 1
12.9826 4.97003 800 -0.253398 0.420375 27.9957 10.4175 -13 1227 1 0 1
11.8919 -2.08756 800 0.0390618 0.368962 27.9975 10.4174 -13 1228 1 0 1
-17.898 -3.74496 800 0.250881 -0.577561 27.9929 10.4177 -13 1229 1 0 1
-9.27266 -3.54517 800 0.12371 -0.262102 27.9985 10.4174 -13 1230 1 0 1
-4.35555 -5.84976 800 0.236342 -0.201726 27.9983 10.4174 -13 1231 1 0 1
-6.11539 -3.55366 800 0.0950783 -0.274421 27.9985 10.4174 -13 1232 1 0 1
5.71527 4.83734 800 -0.311189 0.231851 27.9973 10.4175 -13 1233 1 0 1
-2.01742 -1.76745 800 0.0426796 -0.0958232 27.9998 10.4173 -13 1234 1 0 1
12.5688 1.54513 800 -0.21079 0.481206 27.9951 10.4176 -13 1235 1 0 1
-14.6909 -6.77764 800 0.313212 -0.448536 27.9947 10.4176 -13 1236 1 0 1
-6.12599 1.97472 800 0.0112827 -0.177516 27.9994 10.4173 -13 1237 1 0 1
1.03606 -0.603103 800 0.00893284 0.0484143 28 10.4173 -13 1238 1 0 1
9.25241 2.08923 800 -0.0528761 0.342111 27.9979 10.4174 -13 1239 1 0 1
8.59375 4.00781 800 -0.173968 0.284896 27.998 10.4174 -13 1240 1 0 1
2.86835 3.66231 800 -0.168844 0.101935 27.9993 10.4173 -13 1241 1 0 1
-8.33185 -1.83759 800 0.0439097 -0.342385 27.9979 10.4175 -13 1242 1 0 1
-20.1415 -6.80887 800 0.368274 -0.673731 27.9895 10.4179 -13 1243 1 0 1
1.18792 -4.17186 800 0.234244 0.0563953 27.999 10.4174 -13 1244 1 0 1
-0.375347 -0.555387 800 -0.00859578 -0.0878647 27.9999 10.4173 -13 1245 1 0 1
10.1823 5.37509 800 -0.217873 0.278374 27.9978 10.4174 -13 1246 1 0 1
-11.5975 -3.43652 800 0.223266 -0.422355 27.9959 10.4175 -13 1247 1 0 1
-8.12952 3.68339 800 -0.145821 -0.197865 27.9989 10.4174 -13 1248 1 0 1
5.63693 2.0403 800 -0.00648015 0.209062 27.9992 10.4174 -13 1249 1 0 1
5.28994 4.16198 800 -0.161389 0.160799 27.9991 10.4173 -13 1250 1 0 1
1.91976 2.51701 800 -0.0688513 0.0909509 27.9998 10.4173 -13 1251 1 0 1
8.93026 -0.562432 800 0.0350063 0.374145 27.9975 10.4175 -13 1252 1 0 1
-1.07568 0.974183 800 -0.164907 0.0304665 27.9995 10.4174 -13 1253 1 0 1
11.8255 1.70063 800 -0.12288 0.395441 27.9969 10.4174 -13 1254 1 0 1
-12.686 -1.0102 800 0.0305174 -0.449497 27.9964 10.4175 -13 1255 1 0 1
-6.28791 -3.83718 800 0.142828 -0.15901 27.9992 10.4173 -13 1256 1 0 1
11.1814 3.83829 800 -0.129652 0.399469 27.9969 10.4175 -13 1257 1 0 1
8.63415 3.46873 800 -0.159007 0.309909 27.9978 10.4174 -13 1258 1 0 1
-10.9216 -0.642464 800 0.0455318 -0.450112 27.9963 10.4175 -13 1259 1 0 1
2.71085 -2.9922 800 0.0410173 0.17861 27.9994 10.4173 -13 1260 1 0 1
-8.3815 -4.80072 800 0.342509 -0.274887 27.9966 10.4176 -13 1261 1 0 1
-15.0907 -3.27304 800 0.368359 -0.576217 27.9916 10.418 -13 1262 1 0 1
9.34547 4.24942 800 -0.284759 0.278446 27.9972 10.4175 -13 1263 1 0 1
3.59101 -0.94067 800 0.0107371 0.0409276 28 10.4173 -13 1264 1 0 1
2.18357 -3.9509 800 0.127174 -0.0072213 27.9997 10.4173 -13 1265 1 0 1
3.54807 0.737116 800 -0.0505626 0.0665877 27.9999 10.4173 -13 1266 1 0 1
-23.249 -2.3466 800 0.144375 -0.822872 27.9875 10.4181 -13 1267 1 0 1
5.69435 6.40136 800 -0.278956 0.243142 27.9976 10.4175 -13 1268 1 0 1
2.25834 1.55375 800 -0.0970112 0.147156 27.9994 10.4173 -13 1269 1 0 1
-12.4772 -0.777224 800 0.132775 -0.398291 27.9969 10.4175 -13 1270 1 0 1
2.5253 -0.030184 800 0.000998978 0.0363155 28 10.4173 -13 1271 1 0 1
-0.00124116 1.46371 800 -0.0913856 -0.0291016 27.9998 10.4173 -13 1272 1 0 1
3.76715 4.29562 800 -0.230482 0.138012 27.9987 10.4174 -13 1273 1 0 1
7.24345 -1.35943 800 -0.0338183 0.239437 27.999 10.4173 -13 1274 1 0 1
16.7524 0.28558 800 -0.00787638 0.61577 27.9932 10.4178 -13 1275 1 0 1
12.7871 0.3334 800 -0.128994 0.420999 27.9965 10.4175 -13 1276 1 0 1
-3.42056 -1.56724 800 0.161576 -0.0255393 27.9995 10.4174 -13 1277 1 0 1
-16.0427 -1.74284 800 0.143142 -0.507351 27.995 10.4176 -13 1278 1 0 1
-6.19543 1.36713 800 -0.0111417 -0.237621 27.999 10.4173 -13 1279 1 0 1
-4.4905 2.45308 800 0.0442829 -0.15822 27.9995 10.4173 -13 1280 1 0 1
-27.4344 -12.0177 800 0.578942 -0.947506 27.978 10.4187 -13 1281 1 0 1
1.92513 1.07944 800 -0.0103273 0.104069 27.9998 10.4173 -13 1282 1 0 1
-5.43219 -3.39611 800 0.132566 -0.192193 27.999 10.4173 -13 1283 1 0 1
9.54553 5.21244 800 -0.304246 0.250158 27.9972 10.4175 -13 1284 1 0 1
-4.93195 1.96449 800 -0.0283022 -0.147358 27.9996 10.4173 -13 1285 1 0 1
-8.82865 -1.35879 800 0.0746264 -0.389601 27.9972 10.4175 -13 1286 1 0 1
10.8573 1.73173 800 -0.170588 0.325576 27.9976 10.4174 -13 1287 1 0 1
-14.7571 0.157598 800 0.0638847 -0.594835 27.9936 10.4177 -13 1288 1 0 1
-0.0461556 0.0406551 800 -0.00400932 -0.0404568 28 10.4173 -13 1289 1 0 1
13.7299 -0.203691 800 -0.170165 0.444856 27.9959 10.4176 -13 1290 1 0 1
5.45892 3.93739 800 -0.196547 0.161395 27.9988 10.4173 -13 1291 1 0 1
1.82863 -0.224914 800 0.0400511 0.0238446 28 10.4173 -13 1292 1 0 1
-0.316236 6.62641 800 -0.252202 -0.0532687 27.9988 10.4173 -13 1293 1 0 1
-2.75708 -0.234975 800 0.128039 -0.0954054 27.9995 10.4173 -13 1294 1 0 1
4.84952 1.62041 800 -0.0913057 0.169018 27.9993 10.4173 -13 1295 1 0 1
-2.08366 -2.07343 800 0.0189383 -0.0907419 27.9998 10.4173 -13 1296 1 0 1
7.23673 1.03398 800 -0.0312051 0.210091 27.9992 10.4173 -13 1297 1 0 1
-16.8552 -2.13781 800 0.190121 -0.681646 27.9911 10.4179 -13 1298 1 0 1
7.59714 2.74493 800 -0.20171 0.186331 27.9987 10.4174 -13 1299 1 0 1
3.1065 -2.06342 800 0.0331124 0.19636 27.9993 10.4173 -13 1300 1 0 1
1.53046 2.49805 800 -0.0957595 0.114283 27.9996 10.4173 -13 1301 1 0 1
-0.0253865 2.0604 800 -0.0482103 0.05518 27.9999 10.4173 -13 1302 1 0 1
-0.828825 -0.735552 800 0.0589775 0.0970981 27.9998 10.4173 -13 1303 1 0 1
-15.8959 -3.49192 800 0.245756 -0.653576 27.9913 10.418 -13 1304 1 0 1
-15.4405 -5.98173 800 0.304149 -0.610787 27.9917 10.4179 -13 1305 1 0 1
5.62579 2.68368 800 -0.168506 0.149628 27.9991 10.4173 -13 1306 1 0 1
2.91574 -3.22074 800 0.163142 0.103397 27.9993 10.4173 -13 1307 1 0 1
13.3802 3.43007 800 -0.198854 0.39416 27.9965 10.4175 -13 1308 1 0 1
-8.74181 -4.92061 800 0.254372 -0.278455 27.9975 10.4174 -13 1309 1 0 1
6.39927 3.85907 800 -0.208262 0.260404 27.998 10.4174 -13 1310 1 0 1
-5.47255 2.25047 800 0.0209555 -0.206204 27.9992 10.4173 -13 1311 1 0 1
-16.8789 -9.53933 800 0.440202 -0.592358 27.9903 10.4179 -13 1312 1 0 1
-6.5604 -0.826422 800 0.128107 -0.247797 27.9986 10.4174 -13 1313 1 0 1
-6.27137 -4.06067 800 0.183151 -0.220579 27.9985 10.4174 -13 1314 1 0 1
-10.2257 -4.44824 800 0.230966 -0.410269 27.996 10.4176 -13 1315 1 0 1
-13.1876 -0.137343 800 0.0383146 -0.482688 27.9958 10.4175 -13 1316 1 0 1
-6.44068 -2.13234 800 0.171481 -0.121637 27.9992 10.4174 -13 1317 1 0 1
9.63367 1.4281 800 -0.176332 0.30156 27.9978 10.4174 -13 1318 1 0 1
6.30584 4.12946 800 -0.199588 0.171344 27.9988 10.4173 -13 1319 1 0 1
2.58178 0.410754 800 0.0163413 0.0419874 28 10.4173 -13 1320 1 0 1
12.9146 -1.21206 800 -0.0118832 0.431602 27.9967 10.4175 -13 1321 1 0 1
4.70701 -2.32662 800 0.215591 0.187689 27.9985 10.4175 -13 1322 1 0 1
-13.9692 -7.54031 800 0.323594 -0.472812 27.9941 10.4176 -13 1323 1 0 1
1.54614 2.85762 800 -0.0187337 0.120411 27.9997 10.4173 -13 1324 1 0 1
9.26263 4.82453 800 -0.274752 0.341591 27.9966 10.4175 -13 1325 1 0 1
-0.380386 -3.30292 800 0.0967157 -0.0786117 27.9997 10.4173 -13 1326 1 0 1
0.592037 2.88431 800 -0.159623 0.0827184 27.9994 10.4173 -13 1327 1 0 1
-4.7132 -3.81219 800 0.185942 -0.213458 27.9986 10.4174 -13 1328 1 0 1
10.3881 -1.38932 800 -0.0684574 0.365971 27.9975 10.4174 -13 1329 1 0 1
-3.34532 -0.890393 800 -0.0170625 -0.170638 27.9995 10.4173 -13 1330 1 0 1
7.66128 3.39892 800 -0.151066 0.213724 27.9988 10.4173 -13 1331 1 0 1
-4.58097 -8.85596 800 0.236875 -0.133371 27.9987 10.4174 -13 1332 1 0 1
-3.25303 -8.49009 800 0.290385 -0.185453 27.9979 10.4175 -13 1333 1 0 1
-3.82187 -2.13599 800 0.109461 -0.119867 27.9995 10.4173 -13 1334 1 0 1
-6.62583 -5.81929 800 0.334399 -0.209471 27.9972 10.4175 -13 1335 1 0 1
-6.74327 -1.96905 800 0.0785606 -0.222564 27.999 10.4173 -13 1336 1 0 1
-5.28792 -1.51434 800 0.0745624 -0.145614 27.9995 10.4173 -13 1337 1 0 1
9.02 0.292128 800 -0.106912 0.286334 27.9983 10.4174 -13 1338 1 0 1
-17.289 -6.63509 800 0.285963 -0.65706 27.9908 10.4179 -13 1339 1 0 1
-3.94629 -0.659568 800 0.0678562 -0.143547 27.9995 10.4173 -13 1340 1 0 1
-0.00126847 -0.56989 800 0.0629626 0.0336754 27.9999 10.4173 -13 1341 1 0 1
12.2177 2.27598 800 -0.228085 0.433806 27.9957 10.4176 -13 1342 1 0 1
4.84213 -5.55832 800 0.231976 0.229024 27.9981 10.4174 -13 1343 1 0 1
29.1381 8.72017 800 -0.539662 0.935052 27.9792 10.4186 -13 1344 1 0 1
-18.7972 -7.9722 800 0.40282 -0.584602 27.991 10.4178 -13 1345 1 0 1
-2.66393 -0.55071 800 0.077251 -0.0371061 27.9999 10.4173 -13 1346 1 0 1
-1.80406 -3.43527 800 0.149229 -0.2011 27.9989 10.4175 -13 1347 1 0 1
-15.6115 -7.05465 800 0.443742 -0.517651 27.9917 10.4179 -13 1348 1 0 1
-8.90025 -3.73015 800 0.223216 -0.194884 27.9984 10.4174 -13 1349 1 0 1
10.4526 4.91744 800 -0.231058 0.379596 27.9965 10.4175 -13 1350 1 0 1
1.07122 -12.2741 800 0.463989 0.045065 27.9961 10.4176 -13 1351 1 0 1
5.55077 0.809344 800 0.0356878 0.24065 27.9989 10.4174 -13 1352 1 0 1
1.46667 1.50478 800 -0.0665 0.074453 27.9998 10.4173 -13 1353 1 0 1
0.992205 4.16238 800 -0.207703 0.0550448 27.9992 10.4173 -13 1354 1 0 1
-9.35749 2.73835 800 -0.0672197 -0.265493 27.9987 10.4174 -13 1355 1 0 1
-8.06726 -4.90909 800 0.299012 -0.258278 27.9972 10.4175 -13 1356 1 0 1
-22.6977 -2.76362 800 0.249802 -0.825309 27.9867 10.4182 -13 1357 1 0 1
10.656 3.9381 800 -0.122009 0.334748 27.9977 10.4174 -13 1358 1 0 1
14.9606 5.52264 800 -0.324063 0.481965 27.994 10.4177 -13 1359 1 0 1
1.71228 3.82223 800 -0.121757 0.0366725 27.9997 10.4173 -13 1360 1 0 1
-12.2727 -3.07557 800 0.144901 -0.407694 27.9967 10.4175 -13 1361 1 0 1
-15.1544 -1.42812 800 0.105351 -0.559576 27.9942 10.4177 -13 1362 1 0 1
7.56581 6.64629 800 -0.183992 0.254996 27.9982 10.4174 -13 1363 1 0 1
8.60256 -1.9138 800 0.161266 0.315821 27.9978 10.4175 -13 1364 1 0 1
-10.5048 1.52239 800 -0.0228011 -0.220713 27.9991 10.4174 -13 1365 1 0 1
-5.7769 -4.85839 800 0.172681 -0.191621 27.9988 10.4173 -13 1366 1 0 1
-9.27206 -3.64299 800 0.169175 -0.2868 27.998 10.4174 -13 1367 1 0 1
-6.73628 1.13293 800 0.050335 -0.240172 27.9989 10.4173 -13 1368 1 0 1
-2.28773 -1.50639 800 0.10419 -0.104958 27.9996 10.4173 -13 1369 1 0 1
-14.1547 0.316286 800 0.0679287 -0.557623 27.9944 10.4177 -13 1370 1 0 1
4.87999 3.39381 800 -0.0354489 0.25671 27.9988 10.4175 -13 1371 1 0 1
8.65515 0.76634 800 -0.18793 0.30292 27.9977 10.4175 -13 1372 1 0 1
-1.38848 0.734097 800 0.0499169 -0.0229452 27.9999 10.4173 -13 1373 1 0 1
-4.68015 -3.23876 800 0.224163 -0.150712 27.9987 10.4174 -13 1374 1 0 1
-3.83307 -3.34717 800 0.185644 -0.180029 27.9988 10.4174 -13 1375 1 0 1
-8.22316 3.34604 800 -0.188932 -0.34074 27.9973 10.4175 -13 1376 1 0 1
1.69 1.89727 800 -0.0234534 0.171989 27.9995 10.4174 -13 1377 1 0 1
23.2292 11.9824 800 -0.665047 0.82845 27.9798 10.4187 -13 1378 1 0 1
-0.167299 -1.47117 800 0.0832732 0.018461 27.9999 10.4173 -13 1379 1 0 1
12.132 4.55209 800 -0.26494 0.429935 27.9954 10.4176 -13 1380 1 0 1
-1.88869 6.19476 800 -0.175931 -0.0798344 27.9993 10.4173 -13 1381 1 0 1
2.14955 1.07605 800 0.0193369 0.13302 27.9997 10.4173 -13 1382 1 0 1
-17.4264 -8.41392 800 0.389079 -0.603765 27.9908 10.4179 -13 1383 1 0 1
8.30455 4.42353 800 -0.309879 0.293802 27.9967 10.4175 -13 1384 1 0 1
13.6582 8.19871 800 -0.35556 0.467909 27.9938 10.4177 -13 1385 1 0 1
12.4144 6.62077 800 -0.257467 0.567249 27.9931 10.4179 -13 1386 1 0 1
2.78713 0.243532 800 -0.0502945 0.136001 27.9996 10.4173 -13 1387 1 0 1
-6.78354 -0.203563 800 -0.0045672 -0.120409 27.9997 10.4173 -13 1388 1 0 1
2.0045 2.59436 800 -0.127805 0.0696611 27.9996 10.4173 -13 1389 1 0 1
17.259 5.44846 800 -0.349837 0.703901 27.989 10.4181 -13 1390 1 0 1
0.632724 3.06947 800 -0.0995393 -0.0681986 27.9997 10.4173 -13 1391 1 0 1
12.7034 5.46253 800 -0.33218 0.456562 27.9943 10.4177 -13 1392 1 0 1
4.74122 -1.2973 800 0.118832 0.191867 27.9991 10.4174 -13 1393 1 0 1
-5.54788 2.42931 800 -0.0954239 -0.161479 27.9994 10.4173 -13 1394 1 0 1
-0.276351 0.873777 800 -0.0390736 0.0605835 27.9999 10.4173 -13 1395 1 0 1
-8.94258 1.45847 800 -0.0301279 -0.272901 27.9987 10.4173 -13 1396 1 0 1
11.335 8.94426 800 -0.421246 0.290448 27.9953 10.4176 -13 1397 1 0 1
4.38833 3.61798 800 -0.235603 0.106238 27.9988 10.4174 -13 1398 1 0 1
-7.30138 -1.66492 800 0.102405 -0.187192 27.9992 10.4173 -13 1399 1 0 1
8.94862 1.51837 800 -0.0639629 0.375304 27.9974 10.4175 -13 1400 1 0 1
-2.44197 4.31113 800 -0.132245 -0.105469 27.9995 10.4173 -13 1401 1 0 1
-7.70837 0.124685 800 0.0389517 -0.190606 27.9993 10.4173 -13 1402 1 0 1
-8.9549 -2.56056 800 0.285602 -0.352097 27.9963 10.4176 -13 1403 1 0 1
-2.03751 1.0936 800 -0.0890828 -0.0782717 27.9997 10.4173 -13 1404 1 0 1
17.6508 7.62064 800 -0.501122 0.610786 27.9889 10.4181 -13 1405 1 0 1
-9.06787 2.48415 800 -0.110637 -0.351972 27.9976 10.4175 -13 1406 1 0 1
8.83215 2.11702 800 -0.0908558 0.278552 27.9985 10.4174 -13 1407 1 0 1
9.32095 2.32013 800 -0.186793 0.325412 27.9975 10.4174 -13 1408 1 0 1
-3.92046 1.67842 800 -0.0886794 -0.186609 27.9992 10.4173 -13 1409 1 0 1
14.9038 7.93368 800 -0.380111 0.474066 27.9934 10.4177 -13 1410 1 0 1
-11.8283 2.30932 800 -0.0744744 -0.402651 27.997 10.4175 -13 1411 1 0 1
-1.66147 -3.51731 800 0.203758 -0.0314919 27.9992 10.4173 -13 1412 1 0 1
-1.42372 -2.0396 800 0.157444 -0.0397614 27.9995 10.4173 -13 1413 1 0 1
3.78436 1.6516 800 -0.185656 0.106502 27.9992 10.4174 -13 1414 1 0 1
7.39772 -0.915038 800 0.00225052 0.284366 27.9986 10.4174 -13 1415 1 0 1
-1.8053 3.52326 800 -0.125249 0.0215838 27.9997 10.4173 -13 1416 1 0 1
-6.49266 -2.11893 800 0.036706 -0.307683 27.9983 10.4175 -13 1417 1 0 1
-1.91263 1.03888 800 -0.014018 -0.00802046 28 10.4173 -13 1418 1 0 1
-8.51052 -0.0416315 800 -0.020113 -0.30058 27.9984 10.4174 -13 1419 1 0 1
-8.31359 -3.57421 800 0.0865376 -0.3261 27.998 10.4175 -13 1420 1 0 1
-1.54753 -2.57843 800 0.117446 -0.0793392 27.9996 10.4173 -13 1421 1 0 1
6.94296 4.68866 800 -0.125562 0.303418 27.9981 10.4175 -13 1422 1 0 1
-12.413 -3.52776 800 0.187699 -0.444898 27.9958 10.4175 -13 1423 1 0 1
-5.26423 -1.34082 800 0.0120807 -0.256707 27.9988 10.4174 -13 1424 1 0 1
0.320926 4.33716 800 -0.141904 -0.0296513 27.9996 10.4173 -13 1425 1 0 1
-13.5089 2.08448 800 0.0411596 -0.378901 27.9974 10.4174 -13 1426 1 0 1
-3.58077 -6.55327 800 0.287396 -0.102611 27.9983 10.4174 -13 1427 1 0 1
8.5833 5.49039 800 -0.135048 0.335888 27.9977 10.4175 -13 1428 1 0 1
10.1315 9.84957 800 -0.490308 0.406498 27.9928 10.4179 -13 1429 1 0 1
-0.543557 -8.98237 800 0.38618 -0.0546769 27.9973 10.4175 -13 1430 1 0 1
-6.91106 -0.503461 800 -0.0422049 -0.23385 27.999 10.4174 -13 1431 1 0 1
-9.62618 -3.08356 800 0.306425 -0.227064 27.9974 10.4176 -13 1432 1 0 1
-8.16794 -8.51518 800 0.350015 -0.292281 27.9963 10.4175 -13 1433 1 0 1
6.93786 1.94008 800 -0.130485 0.14915 27.9993 10.4173 -13 1434 1 0 1
-0.375234 -3.88012 800 0.167163 -0.00223101 27.9995 10.4173 -13 1435 1 0 1
-1.2773 -2.70967 800 0.0525676 0.000130148 28 10.4173 -13 1436 1 0 1
-8.23376 -2.72904 800 0.0778756 -0.295362 27.9983 10.4174 -13 1437 1 0 1
-20.1174 -8.91247 800 0.472136 -0.732179 27.9864 10.4182 -13 1438 1 0 1
5.99803 -0.139816 800 -0.160142 0.152546 27.9991 10.4174 -13 1439 1 0 1
-2.42153 -3.64082 800 0.134027 -0.0349487 27.9997 10.4173 -13 1440 1 0 1
-12.1084 -4.82762 800 0.206482 -0.474348 27.9952 10.4176 -13 1441 1 0 1
1.83456 3.27955 800 -0.119268 0.12853 27.9995 10.4173 -13 1442 1 0 1
-6.42496 1.14108 800 -0.0143857 -0.222543 27.9991 10.4173 -13 1443 1 0 1
-22.0433 -2.86229 800 0.237248 -0.699627 27.9903 10.4179 -13 1444 1 0 1
11.3339 2.68669 800 -0.113965 0.290514 27.9983 10.4174 -13 1445 1 0 1
-0.0104153 -2.02331 800 0.0256843 0.10292 27.9998 10.4173 -13 1446 1 0 1
15.9586 1.92766 800 -0.219714 0.684273 27.9908 10.418 -13 1447 1 0 1
3.97253 1.38186 800 -0.10964 0.144637 27.9994 10.4173 -13 1448 1 0 1
12.3058 5.43854 800 -0.294953 0.487396 27.9942 10.4177 -13 1449 1 0 1
25.4996 12.3974 800 -0.620238 0.862813 27.9798 10.4186 -13 1450 1 0 1
-2.94616 2.80717 800 -0.114495 -0.164992 27.9993 10.4173 -13 1451 1 0 1
-20.019 -2.9391 800 0.146821 -0.620568 27.9927 10.4177 -13 1452 1 0 1
9.51903 2.94567 800 -0.0617506 0.374668 27.9974 10.4175 -13 1453 1 0 1
-3.36388 -1.17964 800 0.0912753 -0.100453 27.9997 10.4173 -13 1454 1 0 1
-15.7063 -1.04519 800 0.140394 -0.642683 27.9923 10.4179 -13 1455 1 0 1
1.59095 -1.77042 800 0.108402 0.0854375 27.9997 10.4173 -13 1456 1 0 1
16.1786 5.13441 800 -0.250335 0.57773 27.9929 10.4177 -13 1457 1 0 1
10.8789 2.43522 800 -0.181675 0.408019 27.9964 10.4175 -13 1458 1 0 1
-9.37273 -3.42147 800 0.175848 -0.34366 27.9973 10.4174 -13 1459 1 0 1
5.86075 2.44899 800 -0.187151 0.200539 27.9987 10.4174 -13 1460 1 0 1
-7.17828 -2.94774 800 0.157371 -0.163267 27.9991 10.4173 -13 1461 1 0 1
12.6815 1.23915 800 -0.151714 0.439847 27.9961 10.4175 -13 1462 1 0 1
11.5663 0.643013 800 -0.0409031 0.380279 27.9974 10.4174 -13 1463 1 0 1
-10.0715 -4.01704 800 0.221546 -0.312441 27.9974 10.4174 -13 1464 1 0 1
11.4176 -0.88508 800 0.014079 0.43452 27.9966 10.4175 -13 1465 1 0 1
5.92077 7.06782 800 -0.299484 0.239313 27.9974 10.4175 -13 1466 1 0 1
27.7147 12.1527 800 -0.521305 0.98061 27.978 10.4188 -13 1467 1 0 1
2.07509 3.25758 800 -0.0851016 0.0931503 27.9997 10.4173 -13 1468 1 0 1
-3.80668 1.04995 800 -0.0028835 -0.182331 27.9994 10.4173 -13 1469 1 0 1
1.16445 -0.766152 800 0.0126256 0.0262287 28 10.4173 -13 1470 1 0 1
14.9621 2.80393 800 -0.297113 0.523726 27.9935 10.4177 -13 1471 1 0 1
-11.7496 -1.87345 800 0.16675 -0.47292 27.9955 10.4176 -13 1472 1 0 1
-1.64152 -5.41444 800 0.230117 -0.0785696 27.9989 10.4174 -13 1473 1 0 1
-0.0754009 4.6034 800 -0.186688 -0.0852406 27.9992 10.4173 -13 1474 1 0 1
12.2733 0.283298 800 -0.0359272 0.433939 27.9966 10.4175 -13 1475 1 0 1
5.97592 0.971686 800 -0.124644 0.213675 27.9989 10.4173 -13 1476 1 0 1
-0.117729 0.0342347 800 -0.0111767 0.0114374 28 10.4173 -13 1477 1 0 1
-10.7564 -7.65194 800 0.335828 -0.41466 27.9949 10.4176 -13 1478 1 0 1
-0.526463 -0.791941 800 0.0561188 0.0118552 27.9999 10.4173 -13 1479 1 0 1
3.62708 -8.11865 800 0.289725 0.139935 27.9982 10.4174 -13 1480 1 0 1
-8.99777 -2.14063 800 0.16926 -0.384706 27.9968 10.4175 -13 1481 1 0 1
-13.4495 0.588385 800 0.00277887 -0.451695 27.9964 10.4175 -13 1482 1 0 1
12.3792 5.94123 800 -0.222004 0.413991 27.9961 10.4175 -13 1483 1 0 1
-10.8402 -3.42444 800 0.114056 -0.35503 27.9975 10.4174 -13 1484 1 0 1
-6.70946 -4.13325 800 0.061454 -0.18374 27.9993 10.4174 -13 1485 1 0 1
27.4166 12.4809 800 -0.765568 0.935943 27.9739 10.4192 -13 1486 1 0 1
-8.7638 -1.59699 800 0.113407 -0.221962 27.9989 10.4173 -13 1487 1 0 1
3.29525 6.94643 800 -0.318685 0.190763 27.9975 10.4175 -13 1488 1 0 1
-21.4824 -3.10016 800 0.150577 -0.671501 27.9915 10.4178 -13 1489 1 0 1
8.72831 -2.91927 800 0.117067 0.348114 27.9976 10.4175 -13 1490 1 0 1
15.501 6.92019 800 -0.30699 0.51702 27.9935 10.4177 -13 1491 1 0 1
-3.78409 -0.75575 800 0.0656633 -0.158866 27.9995 10.4173 -13 1492 1 0 1
6.01474 2.26124 800 -0.0910125 0.18559 27.9992 10.4173 -13 1493 1 0 1
3.57202 4.50666 800 -0.21142 0.200649 27.9985 10.4174 -13 1494 1 0 1
-18.281 3.9326 800 -0.071828 -0.748684 27.9899 10.418 -13 1495 1 0 1
-0.702273 -2.23528 800 0.0947614 -0.107059 27.9996 10.4173 -13 1496 1 0 1
1.72622 2.32171 800 -0.0711023 0.112339 27.9997 10.4173 -13 1497 1 0 1
-6.38985 -0.767326 800 0.0768154 -0.237116 27.9989 10.4173 -13 1498 1 0 1
-3.46252 -5.48789 800 0.292607 -0.165946 27.998 10.4175 -13 1499 1 0 1
7.9684 -2.79644 800 0.152207 0.150617 27.9992 10.4175 -13 1500 1 0 1
15.1821 11.3066 800 -0.530273 0.461883 27.9912 10.4178 -13 1501 1 0 1
6.37942 6.67143 800 -0.355047 0.214758 27.9969 10.4175 -13 1502 1 0 1
-5.16238 -3.2819 800 0.136668 -0.161262 27.9992 10.4173 -13 1503 1 0 1
-1.80977 -0.597588 800 0.137277 -0.0908034 27.9995 10.4174 -13 1504 1 0 1
6.05132 -3.3857 800 0.0854382 0.224063 27.999 10.4173 -13 1505 1 0 1
-4.7299 0.14924 800 -0.010309 -0.153912 27.9996 10.4173 -13 1506 1 0 1
8.38639 3.91 800 -0.184337 0.278937 27.998 10.4174 -13 1507 1 0 1
9.83861 6.37319 800 -0.374764 0.2971 27.9959 10.4176 -13 1508 1 0 1
-1.51097 4.04815 800 -0.245364 -0.0109608 27.9989 10.4174 -13 1509 1 0 1
-1.43 -1.58686 800 0.0322671 -0.0460017 27.9999 10.4173 -13 1510 1 0 1
-8.70613 -3.18052 800 0.18411 -0.382352 27.9968 10.4175 -13 1511 1 0 1
-4.39109 -2.5116 800 0.155608 -0.272343 27.9982 10.4175 -13 1512 1 0 1
7.65579 -2.04867 800 0.0392312 0.233915 27.999 10.4173 -13 1513 1 0 1
-5.79903 -2.34459 800 0.066601 -0.29848 27.9983 10.4175 -13 1514 1 0 1
-7.57112 -2.19349 800 0.0940488 -0.319576 27.998 10.4174 -13 1515 1 0 1
-18.6168 -8.66023 800 0.452285 -0.661547 27.9885 10.4181 -13 1516 1 0 1
-14.3239 -2.65854 800 0.239315 -0.414476 27.9959 10.4175 -13 1517 1 0 1
8.13491 5.57999 800 -0.244184 0.419228 27.9958 10.4177 -13 1518 1 0 1
2.56768 -0.384272 800 0.0756939 0.0956707 27.9997 10.4173 -13 1519 1 0 1
9.41326 2.34266 800 -0.111649 0.368269 27.9974 10.4175 -13 1520 1 0 1
-3.85434 -0.749487 800 0.0842312 -0.132627 27.9996 10.4173 -13 1521 1 0 1
-2.49641 -2.72151 800 0.158846 -0.185006 27.9989 10.4174 -13 1522 1 0 1
15.8994 -0.176028 800 -0.112006 0.549563 27.9944 10.4176 -13 1523 1 0 1
5.84361 1.74855 800 -0.0348723 0.224313 27.9991 10.4173 -13 1524 1 0 1
18.8899 5.0026 800 -0.306943 0.611917 27.9916 10.4178 -13 1525 1 0 1
0.433555 -1.00738 800 -0.0438447 0.0494454 27.9999 10.4173 -13 1526 1 0 1
4.86713 6.12407 800 -0.233367 0.222102 27.9981 10.4174 -13 1527 1 0 1
8.59901 -1.92513 800 0.0711197 0.215636 27.9991 10.4174 -13 1528 1 0 1
3.94693 -0.662147 800 -0.0226465 0.123292 27.9997 10.4173 -13 1529 1 0 1
10.8332 7.14543 800 -0.362535 0.366829 27.9952 10.4176 -13 1530 1 0 1
4.89635 4.47386 800 -0.282819 0.148044 27.9982 10.4174 -13 1531 1 0 1
6.76052 -2.28073 800 0.268925 0.232106 27.9977 10.4177 -13 1532 1 0 1
-19.7065 0.527992 800 0.0904666 -0.70419 27.991 10.4178 -13 1533 1 0 1
-6.84965 -6.13723 800 0.353435 -0.231255 27.9968 10.4175 -13 1534 1 0 1
-5.33645 7.00778 800 -0.153672 -0.159455 27.9991 10.4173 -13 1535 1 0 1
2.14024 -3.5848 800 0.131707 0.0353616 27.9997 10.4173 -13 1536 1 0 1
-0.0695563 -2.55068 800 0.134786 -0.00402083 27.9997 10.4173 -13 1537 1 0 1
-5.19242 3.52082 800 -0.15269 -0.162858 27.9991 10.4173 -13 1538 1 0 1
-0.616974 -5.17336 800 0.285048 -0.0190721 27.9985 10.4174 -13 1539 1 0 1
15.1755 -0.70425 800 -0.0433995 0.607952 27.9934 10.4177 -13 1540 1 0 1
-0.348931 -2.07665 800 0.126644 -0.0163872 27.9997 10.4173 -13 1541 1 0 1
-4.94135 -0.107846 800 0.0534953 -0.1669 27.9995 10.4173 -13 1542 1 0 1
6.71991 2.94357 800 -0.216982 0.201883 27.9984 10.4174 -13 1543 1 0 1
-1.69305 -1.6051 800 0.132973 -0.0951937 27.9995 10.4173 -13 1544 1 0 1
-7.62573 2.10483 800 0.0145702 -0.247948 27.9989 10.4173 -13 1545 1 0 1
8.73314 6.08368 800 -0.272601 0.274707 27.9973 10.4174 -13 1546 1 0 1
1.3113 -2.68791 800 0.1115 0.00881658 27.9998 10.4173 -13 1547 1 0 1
-3.47971 -1.15654 800 0.0458357 -0.136122 27.9996 10.4173 -13 1548 1 0 1
-1.30242 2.33509 800 -0.0401498 -0.0357253 27.9999 10.4173 -13 1549 1 0 1
3.87353 -1.42321 800 0.00226607 0.153787 27.9996 10.4173 -13 1550 1 0 1
10.9069 2.98624 800 -0.197021 0.373008 27.9968 10.4175 -13 1551 1 0 1
-14.5918 -11.3317 800 0.55279 -0.565985 27.9888 10.4182 -13 1552 1 0 1
-7.24109 3.00716 800 -0.11626 -0.249374 27.9986 10.4174 -13 1553 1 0 1
-8.77846 -3.04838 800 0.124949 -0.352296 27.9975 10.4175 -13 1554 1 0 1
1.97934 4.47959 800 -0.178548 0.0366321 27.9994 10.4173 -13 1555 1 0 1
2.26667 7.42998 800 -0.384047 0.0557128 27.9973 10.4175 -13 1556 1 0 1
15.9117 4.72329 800 -0.258365 0.597867 27.9924 10.4178 -13 1557 1 0 1
0.206099 -2.88423 800 0.203536 0.0531711 27.9992 10.4174 -13 1558 1 0 1
1.18236 -4.71662 800 0.186114 0.0693528 27.9993 10.4173 -13 1559 1 0 1
-11.65 0.887364 800 0.0187286 -0.36553 27.9976 10.4174 -13 1560 1 0 1
-4.87643 -1.5543 800 0.0543452 -0.188397 27.9993 10.4173 -13 1561 1 0 1
7.84716 3.97258 800 -0.269974 0.350281 27.9965 10.4176 -13 1562 1 0 1
-3.80267 -4.68025 800 0.197139 -0.0647907 27.9992 10.4173 -13 1563 1 0 1
-6.71855 -5.29837 800 0.265045 -0.229503 27.9978 10.4174 -13 1564 1 0 1
15.5518 6.87604 800 -0.333136 0.526316 27.9931 10.4177 -13 1565 1 0 1
10.5142 1.44447 800 -0.0276703 0.34869 27.9978 10.4174 -13 1566 1 0 1
3.73169 -0.047105 800 -0.0208312 0.141602 27.9996 10.4173 -13 1567 1 0 1
1.18674 -0.973875 800 0.039877 0.0122615 28 10.4173 -13 1568 1 0 1
3.29644 -0.532446 800 -0.045986 0.0856308 27.9998 10.4173 -13 1569 1 0 1
-16.4523 -0.98971 800 0.144742 -0.576825 27.9937 10.4177 -13 1570 1 0 1
1.39457 2.66248 800 -0.119007 0.0603842 27.9997 10.4173 -13 1571 1 0 1
16.3201 0.0738696 800 -0.131325 0.632911 27.9925 10.4178 -13 1572 1 0 1
8.14521 -4.12052 800 0.165294 0.266378 27.9982 10.4174 -13 1573 1 0 1
12.0818 4.37793 800 -0.207073 0.518549 27.9944 10.4177 -13 1574 1 0 1
2.52659 6.30741 800 -0.252215 0.0652516 27.9988 10.4173 -13 1575 1 0 1
-11.1039 5.1064 800 -0.215924 -0.373761 27.9967 10.4175 -13 1576 1 0 1
-8.76092 0.650319 800 0.140513 -0.36724 27.9972 10.4175 -13 1577 1 0 1
-8.3015 -2.33732 800 0.0971812 -0.288925 27.9983 10.4174 -13 1578 1 0 1
-4.38607 1.72138 800 -0.0411533 -0.127661 27.9997 10.4173 -13 1579 1 0 1
-2.83818 -3.43366 800 0.0894086 -0.0612382 27.9998 10.4173 -13 1580 1 0 1
0.618719 -0.0136923 800 -0.0912673 0.0192269 27.9998 10.4173 -13 1581 1 0 1
-8.02248 1.43887 800 0.051865 -0.296751 27.9984 10.4174 -13 1582 1 0 1
-6.9157 -0.206364 800 0.0356605 -0.24751 27.9989 10.4173 -13 1583 1 0 1
-1.53226 2.1603 800 -0.0824942 -0.109717 27.9997 10.4173 -13 1584 1 0 1
-10.3634 -1.66275 800 0.0892346 -0.358316 27.9976 10.4174 -13 1585 1 0 1
-7.79088 0.0851452 800 0.0482933 -0.240697 27.9989 10.4173 -13 1586 1 0 1
-13.628 -1.36913 800 0.234883 -0.449751 27.9954 10.4176 -13 1587 1 0 1
0.946033 4.33197 800 -0.145603 0.00186827 27.9996 10.4173 -13 1588 1 0 1
-11.1395 -2.06654 800 0.0871649 -0.409457 27.9969 10.4175 -13 1589 1 0 1
8.23021 9.58121 800 -0.516701 0.362961 27.9929 10.418 -13 1590 1 0 1
-1.41153 -1.86866 800 0.100929 -0.0934575 27.9997 10.4173 -13 1591 1 0 1
7.3147 2.44464 800 -0.191364 0.132747 27.999 10.4174 -13 1592 1 0 1
2.91867 -3.53151 800 0.159986 0.0016914 27.9995 10.4174 -13 1593 1 0 1
-1.07678 2.21514 800 -0.103333 0.0250207 27.9998 10.4173 -13 1594 1 0 1
5.8399 6.7889 800 -0.227853 0.239006 27.9981 10.4174 -13 1595 1 0 1
-7.60659 -3.03908 800 0.0884038 -0.26346 27.9986 10.4174 -13 1596 1 0 1
8.93467 -1.53869 800 0.0382891 0.233806 27.999 10.4173 -13 1597 1 0 1
-1.17113 0.658667 800 -0.0410787 -0.051942 27.9999 10.4173 -13 1598 1 0 1
0.0272125 3.57194 800 -0.134808 0.0628726 27.9996 10.4173 -13 1599 1 0 1
-5.20344 -3.34536 800 0.157711 -0.230248 27.9986 10.4174 -13 1600 1 0 1
2.98229 -1.64348 800 -0.00294951 0.125877 27.9997 10.4173 -13 1601 1 0 1
22.0211 4.52068 800 -0.333559 0.673459 27.9899 10.4179 -13 1602 1 0 1
-3.67639 0.695974 800 -0.00895718 -0.102148 27.9998 10.4173 -13 1603 1 0 1
22.3395 5.4538 800 -0.258002 0.875258 27.9851 10.4184 -13 1604 1 0 1
-4.19704 3.57698 800 -0.130825 -0.136841 27.9994 10.4173 -13 1605 1 0 1
8.81285 0.671959 800 0.0412564 0.336016 27.998 10.4175 -13 1606 1 0 1
0.848586 -1.43654 800 0.0563922 0.0371055 27.9999 10.4173 -13 1607 1 0 1
12.5603 3.75348 800 -0.199416 0.454175 27.9956 10.4176 -13 1608 1 0 1
-0.037542 6.97041 800 -0.229224 -0.00265373 27.9991 10.4173 -13 1609 1 0 1
4.69966 -5.10619 800 0.143345 0.199511 27.9989 10.4173 -13 1610 1 0 1
-7.22951 1.08142 800 -0.0317634 -0.301582 27.9984 10.4174 -13 1611 1 0 1
2.02199 -1.31591 800 -0.0410122 0.0602898 27.9999 10.4173 -13 1612 1 0 1
5.11791 5.36436 800 -0.139416 0.192024 27.999 10.4174 -13 1613 1 0 1
6.0695 1.48646 800 -0.137705 0.229032 27.9987 10.4174 -13 1614 1 0 1
14.3298 -3.112 800 0.0171456 0.494584 27.9956 10.4175 -13 1615 1 0 1
-1.5917 -1.72375 800 0.0332643 -0.159012 27.9995 10.4174 -13 1616 1 0 1
4.48017 0.268746 800 0.0154433 0.183229 27.9994 10.4173 -13 1617 1 0 1
8.58414 2.5821 800 -0.112399 0.24121 27.9987 10.4173 -13 1618 1 0 1
-23.8666 -7.88164 800 0.406362 -0.799498 27.9856 10.4182 -13 1619 1 0 1
-4.68554 0.666084 800 0.0191238 -0.0918966 27.9998 10.4173 -13 1620 1 0 1
9.67061 4.11725 800 -0.237456 0.373126 27.9965 10.4175 -13 1621 1 0 1
7.9985 5.42351 800 -0.254634 0.275604 27.9975 10.4174 -13 1622 1 0 1
-4.70613 -4.08374 800 0.159179 -0.191828 27.9989 10.4173 -13 1623 1 0 1
-11.2342 -0.108949 800 0.112052 -0.331135 27.9978 10.4174 -13 1624 1 0 1
-4.47541 -3.9157 800 0.178966 -0.15801 27.999 10.4173 -13 1625 1 0 1
17.7991 1.06448 800 -0.0636478 0.630384 27.9928 10.4178 -13 1626 1 0 1
-5.82371 -0.633112 800 0.0094705 -0.236504 27.999 10.4173 -13 1627 1 0 1
-8.66428 -0.13561 800 0.0583857 -0.409895 27.9969 10.4175 -13 1628 1 0 1
-9.57449 -3.88706 800 0.303858 -0.306421 27.9967 10.4175 -13 1629 1 0 1
0.723471 0.527468 800 -0.020326 -0.0567588 27.9999 10.4173 -13 1630 1 0 1
3.45583 0.820993 800 -0.0328591 0.104857 27.9998 10.4173 -13 1631 1 0 1
-9.00514 1.65753 800 0.0195163 -0.278832 27.9986 10.4173 -13 1632 1 0 1
0.838845 -1.96587 800 0.0714227 -0.0179659 27.9999 10.4173 -13 1633 1 0 1
-3.43437 2.34318 800 -0.142682 -0.0264327 27.9996 10.4174 -13 1634 1 0 1
-1.58546 2.03091 800 0.00894155 -0.0697581 27.9999 10.4173 -13 1635 1 0 1
-4.27627 -1.22217 800 0.0934016 -0.182524 27.9992 10.4173 -13 1636 1 0 1
1.73658 2.80832 800 -0.0921177 -0.0157785 27.9998 10.4173 -13 1637 1 0 1
-9.14341 6.11261 800 -0.252588 -0.398172 27.996 10.4176 -13 1638 1 0 1
-7.06226 0.0578345 800 -0.0740896 -0.252754 27.9988 10.4174 -13 1639 1 0 1
7.16106 2.91091 800 -0.113672 0.31364 27.998 10.4174 -13 1640 1 0 1
0.362981 0.560279 800 -0.0338148 -0.0143313 28 10.4173 -13 1641 1 0 1
3.85727 0.524872 800 -0.157175 0.141251 27.9992 10.4174 -13 1642 1 0 1
-23.7806 -6.92204 800 0.437811 -0.832342 27.9842 10.4183 -13 1643 1 0 1
5.6232 -4.714 800 0.149388 0.168998 27.9991 10.4173 -13 1644 1 0 1
-7.97839 -5.56223 800 0.204212 -0.22378 27.9984 10.4174 -13 1645 1 0 1
1.07893 3.78421 800 -0.125738 0.0798767 27.9996 10.4173 -13 1646 1 0 1
5.03947 4.02321 800 -0.158903 0.218297 27.9987 10.4174 -13 1647 1 0 1
11.6011 3.17972 800 -0.140504 0.401911 27.9968 10.4175 -13 1648 1 0 1
4.29982 1.98358 800 -0.00125957 0.156502 27.9996 10.4173 -13 1649 1 0 1
-3.86782 0.880977 800 0.0252753 -0.188972 27.9994 10.4173 -13 1650 1 0 1
-0.215881 -1.83209 800 0.0653844 -0.00226424 27.9999 10.4173 -13 1651 1 0 1
4.82426 -0.213906 800 0.0381304 0.240922 27.9989 10.4174 -13 1652 1 0 1
-21.1371 -1.37545 800 0.178254 -0.797404 27.9881 10.4181 -13 1653 1 0 1
15.7655 7.29061 800 -0.351332 0.620248 27.9909 10.418 -13 1654 1 0 1
-5.08997 -4.32786 800 0.332362 -0.219411 27.9972 10.4176 -13 1655 1 0 1
-1.01039 0.939959 800 -0.00479091 -0.0258745 28 10.4173 -13 1656 1 0 1
18.728 2.50766 800 -0.229047 0.633841 27.9919 10.4178 -13 1657 1 0 1
11.2438 -2.03365 800 -0.0234233 0.416624 27.9969 10.4175 -13 1658 1 0 1
5.46874 2.6673 800 -0.140314 0.201067 27.9989 10.4173 -13 1659 1 0 1
11.0726 0.612024 800 -0.123476 0.495121 27.9953 10.4177 -13 1660 1 0 1
-0.0965552 -5.66692 800 0.194213 -0.0454023 27.9993 10.4173 -13 1661 1 0 1
-8.00718 -1.22922 800 0.095879 -0.315835 27.9981 10.4174 -13 1662 1 0 1
-0.570017 -0.463025 800 -0.084631 -0.112825 27.9996 10.4174 -13 1663 1 0 1
-13.9964 -2.48966 800 0.190858 -0.592182 27.9931 10.4178 -13 1664 1 0 1
-6.67114 -7.70294 800 0.382385 -0.169979 27.9969 10.4175 -13 1665 1 0 1
-4.35196 -11.1656 800 0.410296 -0.110778 27.9968 10.4175 -13 1666 1 0 1
5.70054 -0.662392 800 -0.0401116 0.156123 27.9995 10.4173 -13 1667 1 0 1
7.25041 -1.94402 800 0.037262 0.27131 27.9987 10.4173 -13 1668 1 0 1
-3.37088 -0.56118 800 0.0274522 -0.171794 27.9995 10.4173 -13 1669 1 0 1
14.5275 7.22972 800 -0.294516 0.501769 27.994 10.4177 -13 1670 1 0 1
3.46764 1.00872 800 -0.206976 0.185692 27.9986 10.4175 -13 1671 1 0 1
-15.0229 -3.93061 800 0.233617 -0.587165 27.9929 10.4178 -13 1672 1 0 1
-2.79064 8.93559 800 -0.365171 -0.0885024 27.9975 10.4175 -13 1673 1 0 1
-4.72841 -2.96228 800 0.149659 -0.192927 27.9989 10.4173 -13 1674 1 0 1
-5.27209 0.641502 800 0.00637641 -0.149404 27.9996 10.4173 -13 1675 1 0 1
19.8136 0.286266 800 -0.215579 0.728023 27.9897 10.418 -13 1676 1 0 1
-14.9198 -3.59638 800 0.204029 -0.438737 27.9958 10.4175 -13 1677 1 0 1
-4.45435 -3.24053 800 0.175059 -0.116232 27.9992 10.4173 -13 1678 1 0 1
-7.07753 -7.94417 800 0.226977 -0.263393 27.9978 10.4175 -13 1679 1 0 1
21.0208 0.835392 800 -0.274811 0.757526 27.9884 10.4181 -13 1680 1 0 1
8.29593 -3.38754 800 0.274155 0.302931 27.997 10.4177 -13 1681 1 0 1
-0.347294 -7.28227 800 0.196746 0.0201299 27.9993 10.4173 -13 1682 1 0 1
-3.77045 -2.47579 800 0.116774 -0.160528 27.9993 10.4173 -13 1683 1 0 1
-1.5705 -2.94205 800 0.0277007 -0.0691923 27.9999 10.4173 -13 1684 1 0 1
10.5792 10.0639 800 -0.444759 0.375007 27.994 10.4177 -13 1685 1 0 1
-6.47072 -0.742138 800 0.0939831 -0.295689 27.9983 10.4174 -13 1686 1 0 1
11.2347 0.658061 800 -0.137749 0.392111 27.9969 10.4175 -13 1687 1 0 1
-5.69872 -0.10228 800 0.0854215 -0.186324 27.9992 10.4173 -13 1688 1 0 1
-5.07289 -2.5655 800 0.113674 -0.137519 27.9994 10.4173 -13 1689 1 0 1
-1.02864 0.851686 800 0.0761027 0.0857242 27.9998 10.4174 -13 1690 1 0 1
0.242837 -7.8392 800 0.303495 -0.0304362 27.9983 10.4174 -13 1691 1 0 1
2.96729 2.4866 800 -0.0984903 0.147156 27.9994 10.4173 -13 1692 1 0 1
3.44534 0.826429 800 -0.0403228 0.142411 27.9996 10.4173 -13 1693 1 0 1
8.75532 4.87928 800 -0.25531 0.304365 27.9972 10.4175 -13 1694 1 0 1
-3.6031 0.051814 800 0.0220633 -0.0622564 27.9999 10.4173 -13 1695 1 0 1
-7.65559 -9.03272 800 0.406717 -0.32984 27.9951 10.4177 -13 1696 1 0 1
15.4293 6.24509 800 -0.331405 0.567969 27.9923 10.4178 -13 1697 1 0 1
13.7922 3.51879 800 -0.230541 0.471375 27.9951 10.4176 -13 1698 1 0 1
2.80328 -2.35937 800 0.0200083 0.0789519 27.9999 10.4173 -13 1699 1 0 1
15.3728 3.54647 800 -0.167447 0.579242 27.9935 10.4177 -13 1700 1 0 1
-11.3752 -5.7817 800 0.222154 -0.398084 27.9963 10.4175 -13 1701 1 0 1
-14.7647 -4.02522 800 0.101086 -0.456501 27.9961 10.4176 -13 1702 1 0 1
-7.72098 2.02054 800 -0.0794097 -0.349761 27.9977 10.4175 -13 1703 1 0 1
-13.1767 -7.23716 800 0.387971 -0.415246 27.9942 10.4177 -13 1704 1 0 1
-1.56686 0.292383 800 -0.013159 -0.100784 27.9998 10.4173 -13 1705 1 0 1
-0.0318491 -2.62139 800 0.120169 -0.0499877 27.9997 10.4173 -13 1706 1 0 1
-10.1782 0.402639 800 0.0596321 -0.377704 27.9974 10.4174 -13 1707 1 0 1
-9.9343 -3.62678 800 0.181376 -0.282523 27.998 10.4174 -13 1708 1 0 1
17.6217 6.19348 800 -0.279884 0.684542 27.9902 10.418 -13 1709 1 0 1
-15.6865 -7.87855 800 0.392601 -0.413168 27.9942 10.4176 -13 1710 1 0 1
-20.7055 -7.52216 800 0.344463 -0.649531 27.9903 10.4179 -13 1711 1 0 1
-1.20492 2.89288 800 -0.0748719 -0.04959 27.9999 10.4173 -13 1712 1 0 1
4.54365 8.37952 800 -0.31202 0.195751 27.9976 10.4175 -13 1713 1 0 1
1.74579 6.11289 800 -0.273915 0.057153 27.9986 10.4174 -13 1714 1 0 1
5.20635 1.37174 800 -0.0507367 0.194637 27.9993 10.4173 -13 1715 1 0 1
2.43928 2.79788 800 -0.212777 0.0748316 27.9991 10.4174 -13 1716 1 0 1
-6.35396 0.192562 800 0.0481743 -0.188361 27.9993 10.4173 -13 1717 1 0 1
-0.876542 -4.42545 800 0.139629 -0.037076 27.9996 10.4173 -13 1718 1 0 1
7.41041 0.103742 800 -0.0448681 0.226171 27.9991 10.4173 -13 1719 1 0 1
2.00708 3.679 800 -0.0798503 0.0718209 27.9998 10.4173 -13 1720 1 0 1
-21.3495 -8.01416 800 0.422601 -0.755084 27.9866 10.4182 -13 1721 1 0 1
1.91909 0.707795 800 0.00387699 0.0329351 28 10.4173 -13 1722 1 0 1
-4.86072 3.60151 800 -0.0996781 -0.248948 27.9987 10.4174 -13 1723 1 0 1
7.60845 1.17842 800 -0.101792 0.150054 27.9994 10.4173 -13 1724 1 0 1
9.46763 0.759444 800 -0.0674176 0.310282 27.9982 10.4174 -13 1725 1 0 1
-7.62758 -4.44841 800 0.27812 -0.240479 27.9976 10.4174 -13 1726 1 0 1
18.5542 6.32352 800 -0.334319 0.530322 27.993 10.4177 -13 1727 1 0 1
3.40204 -0.0681838 800 -0.0661998 0.0876302 27.9998 10.4173 -13 1728 1 0 1
-3.59243 -0.303021 800 -0.0274674 -0.156396 27.9995 10.4173 -13 1729 1 0 1
17.514 0.794432 800 -0.0833593 0.59875 27.9935 10.4177 -13 1730 1 0 1
21.7608 3.04479 800 -0.24008 0.77742 27.9882 10.418 -13 1731 1 0 1
-21.8916 -5.83883 800 0.316717 -0.84034 27.9856 10.4183 -13 1732 1 0 1
-2.93265 0.626512 800 -0.010964 -0.051926 27.9999 10.4173 -13 1733 1 0 1
0.374104 -6.42851 800 0.242613 0.108021 27.9987 10.4174 -13 1734 1 0 1
-16.394 -3.19405 800 0.260034 -0.572298 27.9929 10.4177 -13 1735 1 0 1
-2.7824 1.7187 800 -0.111932 -0.0711197 27.9997 10.4173 -13 1736 1 0 1
-8.19175 -5.24886 800 0.305875 -0.343249 27.9962 10.4176 -13 1737 1 0 1
-19.1426 -11.6745 800 0.721127 -0.722764 27.9814 10.4189 -13 1738 1 0 1
12.9509 0.151463 800 -0.0566039 0.433653 27.9966 10.4175 -13 1739 1 0 1
-21.4301 -6.69821 800 0.364914 -0.845098 27.9849 10.4184 -13 1740 1 0 1
-5.06768 -1.38497 800 0.0704277 -0.0548876 27.9999 10.4173 -13 1741 1 0 1
-10.6934 -1.69664 800 0.0511577 -0.306977 27.9983 10.4174 -13 1742 1 0 1
4.04857 1.94051 800 -0.150793 0.215459 27.9988 10.4174 -13 1743 1 0 1
17.8446 4.8865 800 -0.340295 0.526551 27.993 10.4177 -13 1744 1 0 1
3.91031 1.64549 800 -0.062394 0.12779 27.9996 10.4173 -13 1745 1 0 1
-11.6476 -2.7917 800 0.126667 -0.389565 27.997 10.4175 -13 1746 1 0 1
-5.6614 -3.46753 800 0.060565 -0.150563 27.9995 10.4173 -13 1747 1 0 1
-19.7703 -9.03194 800 0.429295 -0.708048 27.9878 10.4181 -13 1748 1 0 1
-7.67149 -2.73917 800 0.18298 -0.219666 27.9985 10.4174 -13 1749 1 0 1
2.91345 1.4513 800 -0.0944402 0.113987 27.9996 10.4173 -13 1750 1 0 1
-8.9851 1.80534 800 -0.0518615 -0.337029 27.9979 10.4174 -13 1751 1 0 1
-6.40235 3.94764 800 -0.131403 -0.260001 27.9985 10.4174 -13 1752 1 0 1
-22.4645 -3.07651 800 0.267225 -0.820563 27.9867 10.4182 -13 1753 1 0 1
-0.437927 1.58298 800 0.0554829 -0.0354285 27.9999 10.4173 -13 1754 1 0 1
9.71636 1.3117 800 -0.0926353 0.339604 27.9978 10.4174 -13 1755 1 0 1
-3.6632 2.45199 800 -0.0867347 -0.136173 27.9995 10.4173 -13 1756 1 0 1
-11.6126 -6.0903 800 0.268537 -0.384197 27.9961 10.4175 -13 1757 1 0 1
-2.8326 -0.726222 800 -0.0452737 -0.240615 27.9989 10.4175 -13 1758 1 0 1
2.39971 6.5987 800 -0.263986 0.0737844 27.9987 10.4174 -13 1759 1 0 1
-13.1456 2.03329 800 0.0788403 -0.5022 27.9954 10.4176 -13 1760 1 0 1
-16.8631 -6.74874 800 0.473505 -0.528131 27.991 10.4179 -13 1761 1 0 1
-10.988 -4.25152 800 0.196363 -0.313854 27.9976 10.4174 -13 1762 1 0 1
-9.77835 -4.19294 800 0.261919 -0.29544 27.9972 10.4175 -13 1763 1 0 1
12.1684 5.75846 800 -0.217368 0.306217 27.9975 10.4174 -13 1764 1 0 1
1.04624 4.08101 800 -0.180913 0.01331 27.9994 10.4173 -13 1765 1 0 1
-1.79225 0.955669 800 -0.05413 -0.0422888 27.9999 10.4173 -13 1766 1 0 1
-5.50571 -2.5739 800 0.151383 -0.138396 27.9992 10.4173 -13 1767 1 0 1
2.01944 -0.509933 800 0.0422249 -0.00959077 28 10.4173 -13 1768 1 0 1
4.33005 6.39658 800 -0.275794 0.167648 27.9981 10.4174 -13 1769 1 0 1
9.90235 5.42471 800 -0.269049 0.301606 27.9971 10.4174 -13 1770 1 0 1
15.7875 1.09825 800 -0.152217 0.575454 27.9937 10.4177 -13 1771 1 0 1
0.874824 -3.04926 800 0.0803283 0.0551522 27.9998 10.4173 -13 1772 1 0 1
4.72422 2.21024 800 -0.158695 0.230386 27.9986 10.4174 -13 1773 1 0 1
8.14187 4.54431 800 -0.202482 0.230579 27.9983 10.4174 -13 1774 1 0 1
-9.62929 -6.96714 800 0.301682 -0.439811 27.9949 10.4177 -13 1775 1 0 1
2.7928 -0.10552 800 -0.0068309 0.00689225 28 10.4173 -13 1776 1 0 1
11.5778 -2.44779 800 0.0959887 0.426686 27.9966 10.4175 -13 1777 1 0 1
-5.66806 0.661794 800 -0.0057134 -0.117873 27.9998 10.4173 -13 1778 1 0 1
-6.10301 -9.41058 800 0.436998 -0.246864 27.9955 10.4176 -13 1779 1 0 1
-9.33611 -1.47132 800 0.122596 -0.339049 27.9977 10.4174 -13 1780 1 0 1
-11.2754 0.844603 800 0.0112066 -0.358769 27.9977 10.4174 -13 1781 1 0 1
1.97092 2.16783 800 -0.140188 0.107448 27.9994 10.4173 -13 1782 1 0 1
15.9103 1.60063 800 -0.205474 0.512848 27.9945 10.4176 -13 1783 1 0 1
-0.599607 -0.577357 800 0.0365776 -0.0342396 28 10.4173 -13 1784 1 0 1
-12.3034 -6.61961 800 0.272407 -0.487856 27.9944 10.4177 -13 1785 1 0 1
-5.75196 -4.24497 800 0.180027 -0.237921 27.9984 10.4174 -13 1786 1 0 1
3.56457 2.26411 800 -0.12166 0.113991 27.9995 10.4173 -13 1787 1 0 1
-2.42091 0.980284 800 -0.015473 -0.00791771 28 10.4173 -13 1788 1 0 1
6.21841 2.9489 800 -0.137106 0.193755 27.999 10.4173 -13 1789 1 0 1
18.468 5.46943 800 -0.323515 0.638927 27.9908 10.4179 -13 1790 1 0 1
1.33801 -0.141366 800 0.027069 0.0335505 28 10.4173 -13 1791 1 0 1
-14.7018 -9.52637 800 0.389123 -0.552454 27.9918 10.4179 -13 1792 1 0 1
-4.00009 0.444615 800 -0.0554274 -0.115328 27.9997 10.4173 -13 1793 1 0 1
-10.5085 0.857377 800 -0.00273984 -0.378986 27.9974 10.4174 -13 1794 1 0 1
-4.94524 -2.86588 800 0.226039 -0.148681 27.9987 10.4174 -13 1795 1 0 1
1.64812 6.0267 800 -0.257472 0.0489884 27.9988 10.4174 -13 1796 1 0 1
11.7833 -2.68153 800 0.0294413 0.292925 27.9985 10.4174 -13 1797 1 0 1
-8.12914 -5.82013 800 0.187242 -0.257211 27.9982 10.4174 -13 1798 1 0 1
-9.00506 -3.3439 800 0.293356 -0.325113 27.9966 10.4176 -13 1799 1 0 1
4.84458 3.01456 800 -0.283874 0.0839621 27.9984 10.4175 -13 1800 1 0 1
24.8632 2.57376 800 -0.25027 0.826895 27.9867 10.4181 -13 1801 1 0 1
-4.42898 -5.79252 800 0.16705 -0.125957 27.9992 10.4173 -13 1802 1 0 1
11.9838 2.57066 800 -0.13358 0.353885 27.9974 10.4174 -13 1803 1 0 1
-2.13986 -3.17182 800 -0.00528732 -0.0533706 27.9999 10.4173 -13 1804 1 0 1
-9.02605 -5.33935 800 0.263201 -0.363189 27.9964 10.4175 -13 1805 1 0 1
-8.61636 -4.70021 800 0.321656 -0.29528 27.9966 10.4176 -13 1806 1 0 1
-4.66653 -2.17891 800 0.147979 -0.15592 27.9992 10.4173 -13 1807 1 0 1
-8.84662 3.16787 800 -0.213385 -0.270107 27.9979 10.4175 -13 1808 1 0 1
-11.5285 -3.52221 800 0.270727 -0.383955 27.9961 10.4175 -13 1809 1 0 1
1.23826 6.54958 800 -0.270229 0.08193 27.9986 10.4174 -13 1810 1 0 1
-3.98092 -1.64003 800 0.000411844 -0.185881 27.9994 10.4173 -13 1811 1 0 1
5.58957 0.614992 800 -0.11786 0.204514 27.999 10.4173 -13 1812 1 0 1
-3.62463 -7.07783 800 0.282251 -0.242149 27.9975 10.4176 -13 1813 1 0 1
-10.8053 -3.52303 800 0.180398 -0.538748 27.9942 10.4179 -13 1814 1 0 1
-10.3697 -2.43773 800 0.122519 -0.460824 27.9959 10.4176 -13 1815 1 0 1
8.64975 1.50124 800 -0.13962 0.36106 27.9973 10.4175 -13 1816 1 0 1
9.60345 -0.363185 800 -0.0405035 0.335496 27.998 10.4174 -13 1817 1 0 1
17.9331 1.09065 800 -0.130356 0.60878 27.9931 10.4177 -13 1818 1 0 1
-14.014 -4.35278 800 0.312083 -0.558374 27.9927 10.4178 -13 1819 1 0 1
0.394609 -0.576775 800 0.0570743 -0.00336719 27.9999 10.4173 -13 1820 1 0 1
7.15132 2.55284 800 -0.186456 0.167513 27.9989 10.4174 -13 1821 1 0 1
-1.62046 2.84077 800 -0.0337106 -0.0521314 27.9999 10.4173 -13 1822 1 0 1
-6.21164 -3.81081 800 0.213198 -0.24596 27.9981 10.4174 -13 1823 1 0 1
-7.24048 -1.43772 800 0.0704596 -0.242168 27.9989 10.4173 -13 1824 1 0 1
-4.87744 2.59432 800 -0.0713118 -0.162763 27.9994 10.4173 -13 1825 1 0 1
-23.7675 -7.57933 800 0.347563 -0.791475 27.9867 10.4181 -13 1826 1 0 1
17.5741 1.45729 800 -0.193607 0.602982 27.9928 10.4177 -13 1827 1 0 1
-6.23463 -10.1431 800 0.438362 -0.219659 27.9957 10.4176 -13 1828 1 0 1
-0.711977 -3.5725 800 0.163846 0.00252655 27.9995 10.4173 -13 1829 1 0 1
14.7111 3.53159 800 -0.300699 0.575983 27.9925 10.4179 -13 1830 1 0 1
-10.3589 -3.04466 800 0.12968 -0.372604 27.9972 10.4175 -13 1831 1 0 1
-1.28595 2.77028 800 -0.034729 -0.0292567 28 10.4173 -13 1832 1 0 1
5.63792 5.82324 800 -0.288231 0.256489 27.9973 10.4175 -13 1833 1 0 1
1.30982 -5.96161 800 0.225062 -0.0136138 27.9991 10.4174 -13 1834 1 0 1
-0.524231 1.72483 800 -0.0422516 0.0333881 27.9999 10.4173 -13 1835 1 0 1
2.35429 -1.45197 800 -0.0420182 0.0363016 27.9999 10.4173 -13 1836 1 0 1
15.3948 3.76247 800 -0.130786 0.535619 27.9946 10.4177 -13 1837 1 0 1
0.884422 3.08019 800 -0.233385 0.0113102 27.999 10.4174 -13 1838 1 0 1
6.24 3.60665 800 -0.118793 0.189473 27.9991 10.4173 -13 1839 1 0 1
-4.88976 -2.8834 800 0.22612 -0.190034 27.9984 10.4174 -13 1840 1 0 1
-0.858962 1.5542 800 -0.0890998 -0.0636176 27.9998 10.4173 -13 1841 1 0 1
2.09615 -1.10044 800 -0.034098 -0.0139973 28 10.4173 -13 1842 1 0 1
-1.26083 1.28461 800 -0.0978627 -0.0178977 27.9998 10.4173 -13 1843 1 0 1
-8.05929 4.10795 800 -0.218396 -0.2892 27.9977 10.4175 -13 1844 1 0 1
-4.76528 -1.74638 800 0.15674 -0.225606 27.9987 10.4174 -13 1845 1 0 1
-0.600107 -3.80926 800 0.233948 -0.110208 27.9988 10.4175 -13 1846 1 0 1
0.209602 1.8854 800 -0.0593581 -0.0166962 27.9999 10.4173 -13 1847 1 0 1
10.1497 6.4148 800 -0.344025 0.409471 27.9949 10.4177 -13 1848 1 0 1
15.3438 4.41801 800 -0.237893 0.578638 27.993 10.4178 -13 1849 1 0 1
7.15966 -3.15199 800 0.0735106 0.327578 27.998 10.4174 -13 1850 1 0 1
14.4715 -0.661719 800 -0.0558011 0.615564 27.9932 10.4178 -13 1851 1 0 1
-1.01318 -0.622106 800 0.00780102 -0.0547333 27.9999 10.4173 -13 1852 1 0 1
3.21834 1.55466 800 -0.0549441 0.112438 27.9997 10.4173 -13 1853 1 0 1
-15.5451 0.276931 800 0.0329483 -0.494821 27.9956 10.4175 -13 1854 1 0 1
-6.25071 0.907986 800 -0.106678 -0.150688 27.9994 10.4174 -13 1855 1 0 1
-0.672806 0.0946235 800 0.0407901 -0.00774397 28 10.4173 -13 1856 1 0 1
-1.40523 -6.16007 800 0.224674 -0.0484997 27.9991 10.4173 -13 1857 1 0 1
-6.44943 2.44123 800 -0.0763439 -0.123739 27.9996 10.4173 -13 1858 1 0 1
-4.94365 5.07042 800 -0.275671 -0.123391 27.9984 10.4175 -13 1859 1 0 1
-3.30373 5.03182 800 -0.222414 -0.117323 27.9989 10.4174 -13 1860 1 0 1
3.27078 3.29094 800 -0.0347525 0.0481407 27.9999 10.4173 -13 1861 1 0 1
-8.31393 0.571148 800 0.0768227 -0.261662 27.9987 10.4173 -13 1862 1 0 1
14.3282 1.63145 800 -0.20373 0.424677 27.996 10.4175 -13 1863 1 0 1
9.39126 -6.17652 800 0.171371 0.315264 27.9977 10.4174 -13 1864 1 0 1
-11.2236 -3.22565 800 0.177205 -0.360208 27.9971 10.4174 -13 1865 1 0 1
0.966771 -1.68111 800 -0.0238815 -0.0151691 28 10.4173 -13 1866 1 0 1
-16.0862 -7.16113 800 0.367281 -0.539972 27.9924 10.4178 -13 1867 1 0 1
12.2153 6.01001 800 -0.252061 0.437981 27.9954 10.4176 -13 1868 1 0 1
9.04926 3.96667 800 -0.179457 0.231143 27.9985 10.4174 -13 1869 1 0 1
5.73355 2.55536 800 -0.17509 0.236003 27.9985 10.4174 -13 1870 1 0 1
-10.3821 3.37387 800 -0.0171319 -0.385127 27.9973 10.4174 -13 1871 1 0 1
-8.11462 -2.09353 800 0.200231 -0.29701 27.9977 10.4174 -13 1872 1 0 1
-2.91235 -1.37654 800 0.0982136 -0.117339 27.9996 10.4173 -13 1873 1 0 1
32.1493 15.563 800 -0.784053 1.0767 27.9683 10.4194 -13 1874 1 0 1
-2.70634 5.37704 800 -0.301799 -0.146045 27.998 10.4175 -13 1875 1 0 1
-4.44455 -1.81974 800 0.0868025 -0.199464 27.9992 10.4173 -13 1876 1 0 1
10.2278 0.24884 800 -0.0947419 0.308296 27.9981 10.4174 -13 1877 1 0 1
9.17901 -0.796237 800 0.0551296 0.362857 27.9976 10.4175 -13 1878 1 0 1
2.04196 -1.2772 800 0.0398236 0.040171 27.9999 10.4173 -13 1879 1 0 1
4.06126 -0.751007 800 -0.0689407 0.0817008 27.9998 10.4173 -13 1880 1 0 1
-0.637262 2.98907 800 -0.10222 -0.0198894 27.9998 10.4173 -13 1881 1 0 1
-9.19371 -1.87448 800 0.154937 -0.317535 27.9978 10.4174 -13 1882 1 0 1
-5.07157 -3.1632 800 0.121111 -0.163971 27.9993 10.4173 -13 1883 1 0 1
-13.0804 0.854991 800 0.0365584 -0.485249 27.9958 10.4175 -13 1884 1 0 1
-4.29578 -7.30806 800 0.320819 -0.143603 27.9978 10.4174 -13 1885 1 0 1
1.68576 0.569179 800 -0.0807678 0.0912031 27.9997 10.4173 -13 1886 1 0 1
-5.2131 -2.09642 800 0.0856727 -0.0509057 27.9998 10.4173 -13 1887 1 0 1
-5.99429 -2.11902 800 0.0325075 -0.278531 27.9986 10.4174 -13 1888 1 0 1
2.74192 1.43689 800 -0.0414029 0.132974 27.9997 10.4173 -13 1889 1 0 1
-13.4807 -3.00435 800 0.156074 -0.455556 27.9959 10.4175 -13 1890 1 0 1
-10.0821 -0.237638 800 0.0963518 -0.428597 27.9966 10.4175 -13 1891 1 0 1
8.44019 -0.621087 800 -0.0698697 0.295405 27.9984 10.4174 -13 1892 1 0 1
-8.16402 -1.60962 800 0.0878267 -0.355329 27.9976 10.4175 -13 1893 1 0 1
-10.7056 -3.29872 800 0.140264 -0.332002 27.9977 10.4174 -13 1894 1 0 1
-10.6214 -6.44031 800 0.251915 -0.341434 27.9968 10.4175 -13 1895 1 0 1
-5.5273 -2.86703 800 0.183361 -0.224797 27.9985 10.4174 -13 1896 1 0 1
8.94246 -0.528989 800 -0.065209 0.367034 27.9975 10.4174 -13 1897 1 0 1
14.3293 0.666099 800 -0.0591034 0.451603 27.9963 10.4175 -13 1898 1 0 1
22.2357 11.3365 800 -0.470071 0.741288 27.9862 10.4182 -13 1899 1 0 1
8.48434 3.8525 800 -0.209027 0.345982 27.9971 10.4175 -13 1900 1 0 1
-2.94721 -4.54641 800 0.168746 -0.050991 27.9994 10.4173 -13 1901 1 0 1
7.57215 -2.30154 800 0.135892 0.175787 27.9991 10.4174 -13 1902 1 0 1
6.02318 0.794106 800 -0.0529091 0.293196 27.9984 10.4174 -13 1903 1 0 1
-4.26798 1.85527 800 -0.0471886 -0.0657903 27.9999 10.4173 -13 1904 1 0 1
-9.22581 -4.45731 800 0.232904 -0.297814 27.9974 10.4174 -13 1905 1 0 1
-8.07713 2.68273 800 -0.0772776 -0.225559 27.999 10.4173 -13 1906 1 0 1
4.03673 -2.70166 800 0.0559207 0.18593 27.9993 10.4173 -13 1907 1 0 1
0.11012 2.1406 800 -0.140599 0.0201141 27.9996 10.4173 -13 1908 1 0 1
-10.9608 -0.949379 800 0.0419651 -0.375991 27.9974 10.4174 -13 1909 1 0 1
2.40919 2.55857 800 -0.111904 0.101987 27.9996 10.4173 -13 1910 1 0 1
-7.47583 0.0985334 800 -0.0586463 -0.255079 27.9988 10.4174 -13 1911 1 0 1
-7.83043 -1.0338 800 0.0794309 -0.291326 27.9984 10.4174 -13 1912 1 0 1
9.35584 8.68414 800 -0.314582 0.335167 27.9962 10.4175 -13 1913 1 0 1
5.49305 1.16882 800 -0.0738502 0.15467 27.9995 10.4173 -13 1914 1 0 1
-3.80305 0.873733 800 -0.0325265 -0.146687 27.9996 10.4173 -13 1915 1 0 1
-12.2914 0.885402 800 0.0169423 -0.37311 27.9975 10.4174 -13 1916 1 0 1
0.449802 0.740032 800 0.00367403 0.0474652 28 10.4173 -13 1917 1 0 1
-9.95909 -9.37103 800 0.405117 -0.443142 27.9936 10.4178 -13 1918 1 0 1
-6.06774 -0.203973 800 0.00286888 -0.185574 27.9994 10.4173 -13 1919 1 0 1
-4.84819 -7.19624 800 0.261153 -0.151537 27.9984 10.4174 -13 1920 1 0 1
1.45498 2.53181 800 -0.229807 0.11641 27.9988 10.4175 -13 1921 1 0 1
10.8006 -0.612441 800 -0.14207 0.377501 27.9971 10.4175 -13 1922 1 0 1
-10.0719 -0.37139 800 0.108959 -0.418146 27.9967 10.4175 -13 1923 1 0 1
10.624 0.315835 800 -0.0446994 0.331442 27.998 10.4174 -13 1924 1 0 1
10.0102 5.10213 800 -0.320843 0.371603 27.9957 10.4176 -13 1925 1 0 1
-5.02149 -1.83952 800 0.061559 -0.189538 27.9993 10.4173 -13 1926 1 0 1
4.09914 -1.59621 800 0.112288 0.150341 27.9994 10.4173 -13 1927 1 0 1
13.1293 3.25566 800 -0.0753006 0.414964 27.9968 10.4175 -13 1928 1 0 1
4.10309 9.43212 800 -0.463607 0.215505 27.9953 10.4178 -13 1929 1 0 1
1.13125 5.39262 800 -0.245512 0.0123109 27.9989 10.4173 -13 1930 1 0 1
5.83153 4.68268 800 -0.218296 0.0967552 27.999 10.4173 -13 1931 1 0 1
-0.0121053 1.53213 800 -0.0506323 0.0126596 28 10.4173 -13 1932 1 0 1
-14.6308 -8.86436 800 0.461597 -0.498687 27.9918 10.4178 -13 1933 1 0 1
0.110787 -7.09295 800 0.43384 0.0639142 27.9966 10.4177 -13 1934 1 0 1
-3.79033 1.02463 800 -0.0493928 -0.199024 27.9992 10.4173 -13 1935 1 0 1
-3.96685 1.36397 800 -0.0554256 -0.202835 27.9992 10.4173 -13 1936 1 0 1
-4.10578 -0.875527 800 0.0209001 -0.207182 27.9992 10.4173 -13 1937 1 0 1
-13.5682 -1.39328 800 0.0910698 -0.479744 27.9957 10.4175 -13 1938 1 0 1
-19.2961 -0.536664 800 0.221683 -0.700889 27.9903 10.4179 -13 1939 1 0 1
-5.49555 -0.641275 800 -0.0398538 -0.125541 27.9997 10.4173 -13 1940 1 0 1
-8.89462 -6.00951 800 0.202471 -0.305146 27.9976 10.4174 -13 1941 1 0 1
-4.97789 -1.3638 800 0.00976272 -0.125018 27.9997 10.4173 -13 1942 1 0 1
8.25228 6.64068 800 -0.32225 0.293207 27.9966 10.4175 -13 1943 1 0 1
26.4574 9.30145 800 -0.479818 0.969646 27.9791 10.4187 -13 1944 1 0 1
0.929923 -3.66478 800 0.142196 -0.0317178 27.9996 10.4173 -13 1945 1 0 1
3.23801 -2.46723 800 0.0682726 0.0815447 27.9998 10.4173 -13 1946 1 0 1
-9.57575 -2.3749 800 0.102516 -0.262199 27.9986 10.4174 -13 1947 1 0 1
8.43581 -0.85114 800 -0.033049 0.216407 27.9991 10.4173 -13 1948 1 0 1
4.79533 0.536668 800 -0.0205518 0.159169 27.9995 10.4173 -13 1949 1 0 1
-5.58028 -0.48641 800 0.111215 -0.174571 27.9992 10.4173 -13 1950 1 0 1
14.8613 0.890492 800 -0.0997106 0.550717 27.9944 10.4176 -13 1951 1 0 1
0.499147 4.32852 800 -0.211957 -0.085924 27.9991 10.4174 -13 1952 1 0 1
7.22777 -2.45463 800 0.0328005 0.207599 27.9992 10.4173 -13 1953 1 0 1
7.49343 4.3762 800 -0.162685 0.250683 27.9984 10.4174 -13 1954 1 0 1
-5.12057 -1.49831 800 0.0966743 -0.198558 27.9991 10.4173 -13 1955 1 0 1
-1.79751 -0.125375 800 0.00782527 -0.0402665 28 10.4173 -13 1956 1 0 1
-1.89812 -1.74432 800 0.0769631 -0.111378 27.9997 10.4173 -13 1957 1 0 1
9.71524 3.55862 800 -0.213993 0.325993 27.9973 10.4174 -13 1958 1 0 1
0.938394 3.84678 800 -0.235585 0.031611 27.999 10.4174 -13 1959 1 0 1
5.31829 0.266053 800 -0.0495689 0.302313 27.9983 10.4175 -13 1960 1 0 1
3.13777 -6.65858 800 0.30045 0.0993795 27.9982 10.4174 -13 1961 1 0 1
-1.38247 -0.27079 800 0.00343622 -0.055499 27.9999 10.4173 -13 1962 1 0 1
-16.0196 -7.8009 800 0.471883 -0.642212 27.9887 10.4182 -13 1963 1 0 1
-4.2185 -6.98069 800 0.302859 -0.0699402 27.9983 10.4174 -13 1964 1 0 1
-6.63063 -3.09024 800 0.0824862 -0.163973 27.9994 10.4173 -13 1965 1 0 1
4.44833 1.32768 800 -0.123184 0.117288 27.9995 10.4173 -13 1966 1 0 1
-9.88952 -3.2926 800 0.252559 -0.281106 27.9974 10.4175 -13 1967 1 0 1
4.68689 0.466579 800 -0.0243866 0.204187 27.9992 10.4173 -13 1968 1 0 1
1.34214 3.21132 800 -0.157328 0.0243706 27.9995 10.4173 -13 1969 1 0 1
3.3417 8.85362 800 -0.296729 0.0874976 27.9983 10.4174 -13 1970 1 0 1
11.5444 12.4275 800 -0.492039 0.548087 27.9903 10.4182 -13 1971 1 0 1
10.1797 4.45918 800 -0.215786 0.449548 27.9956 10.4177 -13 1972 1 0 1
4.01611 2.33841 800 -0.0241533 0.0942864 27.9998 10.4173 -13 1973 1 0 1
-22.6708 -12.7189 800 0.550515 -0.772904 27.9839 10.4183 -13 1974 1 0 1
5.59388 4.08067 800 -0.188259 0.297757 27.9978 10.4175 -13 1975 1 0 1
-21.8548 -4.93082 800 0.2927 -0.745132 27.9886 10.418 -13 1976 1 0 1
-12.068 1.6059 800 0.088327 -0.3823 27.9973 10.4174 -13 1977 1 0 1
-9.68101 -4.40022 800 0.119 -0.441746 27.9963 10.4177 -13 1978 1 0 1
10.5981 0.158117 800 -0.0888224 0.400604 27.997 10.4175 -13 1979 1 0 1
-10.2757 -6.11119 800 0.259159 -0.45939 27.995 10.4177 -13 1980 1 0 1
0.063371 3.51509 800 -0.0825691 0.0522799 27.9998 10.4173 -13 1981 1 0 1
-4.89951 -0.405457 800 0.164658 -0.188141 27.9989 10.4174 -13 1982 1 0 1
10.6739 -1.43783 800 -0.0604092 0.325527 27.998 10.4174 -13 1983 1 0 1
7.85387 5.33264 800 -0.177332 0.220647 27.9986 10.4174 -13 1984 1 0 1
-25.4442 1.03525 800 0.0079666 -0.934231 27.9844 10.4184 -13 1985 1 0 1
-4.36162 -0.14907 800 -0.0261716 -0.133122 27.9997 10.4173 -13 1986 1 0 1
-0.322728 -6.28858 800 0.263191 -0.00397383 27.9988 10.4174 -13 1987 1 0 1
-27.0602 -7.75779 800 0.483618 -0.950025 27.9797 10.4186 -13 1988 1 0 1
-17.687 -3.18055 800 0.219283 -0.572249 27.9933 10.4177 -13 1989 1 0 1
-17.864 -4.65872 800 0.355673 -0.611924 27.9911 10.4179 -13 1990 1 0 1
7.38294 0.391285 800 -0.0210765 0.205833 27.9992 10.4173 -13 1991 1 0 1
14.1932 1.10342 800 -0.0713567 0.448105 27.9963 10.4175 -13 1992 1 0 1
-14.1613 0.112 800 0.153549 -0.480206 27.9955 10.4176 -13 1993 1 0 1
-1.87906 3.20806 800 -0.0942374 -0.0586968 27.9998 10.4173 -13 1994 1 0 1
-13.5595 2.27832 800 0.0620791 -0.507935 27.9953 10.4176 -13 1995 1 0 1
17.8699 8.82029 800 -0.42504 0.61015 27.9901 10.4179 -13 1996 1 0 1
11.2332 -2.30225 800 0.00527663 0.367629 27.9976 10.4174 -13 1997 1 0 1
-3.26766 -7.28152 800 0.34967 -0.15167 27.9974 10.4175 -13 1998 1 0 1
-7.01224 -4.22817 800 0.183482 -0.232192 27.9984 10.4174 -13 1999 1 0 1
10.6902 0.309454 800 -0.0156419 0.41732 27.9969 10.4175 -13 2000 1 0 1
-2.04838 3.50392 800 -0.226272 -0.0392054 27.9991 10.4174 -13 2001 1 0 1
-1.98391 -4.50501 800 0.194907 -0.0970964 27.9992 10.4173 -13 2002 1 0 1
5.55353 0.165639 800 -0.122558 0.209833 27.9989 10.4174 -13 2003 1 0 1
-3.17013 -2.50472 800 0.162073 -0.130842 27.9992 10.4173 -13 2004 1 0 1
-1.66626 -2.93856 800 0.181801 -0.0750123 27.9993 10.4173 -13 2005 1 0 1
-10.3131 4.16325 800 -0.0337738 -0.308198 27.9983 10.4174 -13 2006 1 0 1
4.35608 -4.38524 800 0.0422596 0.153709 27.9995 10.4173 -13 2007 1 0 1
13.2852 -3.38668 800 0.145553 0.505361 27.9951 10.4177 -13 2008 1 0 1
13.0682 3.71559 800 -0.0547767 0.5408 27.9947 10.4178 -13 2009 1 0 1
0.889762 -4.44705 800 0.207885 0.0198723 27.9992 10.4173 -13 2010 1 0 1
-12.3884 -0.522474 800 0.124553 -0.524268 27.9948 10.4177 -13 2011 1 0 1
-9.27347 1.06489 800 -0.0138279 -0.338607 27.9979 10.4174 -13 2012 1 0 1
3.36092 -2.41645 800 0.128192 0.0346373 27.9997 10.4173 -13 2013 1 0 1
5.73503 1.04603 800 -0.142998 0.213225 27.9988 10.4174 -13 2014 1 0 1
-14.4713 -3.46362 800 0.229329 -0.430877 27.9957 10.4175 -13 2015 1 0 1
-5.75683 -3.91954 800 0.181539 -0.206786 27.9986 10.4174 -13 2016 1 0 1
-3.10273 -1.98997 800 0.0909088 -0.130829 27.9995 10.4173 -13 2017 1 0 1
3.65136 0.477682 800 0.0322662 0.164518 27.9995 10.4173 -13 2018 1 0 1
13.2173 2.38103 800 -0.194825 0.382392 27.9967 10.4175 -13 2019 1 0 1
3.14675 2.28797 800 -0.0422552 0.0501575 27.9999 10.4173 -13 2020 1 0 1
-0.754712 0.000445412 800 -0.057037 -0.0373377 27.9999 10.4173 -13 2021 1 0 1
-0.45623 -3.91473 800 0.126577 0.00355596 27.9997 10.4173 -13 2022 1 0 1
-16.7841 -6.98542 800 0.424888 -0.603107 27.9903 10.418 -13 2023 1 0 1
-9.90785 -2.50957 800 0.16481 -0.28163 27.9981 10.4174 -13 2024 1 0 1
-0.288106 0.0780819 800 -0.0362317 0.00401075 28 10.4173 -13 2025 1 0 1
4.08806 4.14391 800 -0.206571 0.186602 27.9986 10.4174 -13 2026 1 0 1
-2.79015 2.88781 800 -0.0402144 -0.00063822 28 10.4173 -13 2027 1 0 1
1.97415 1.7126 800 -0.0974366 0.0531564 27.9998 10.4173 -13 2028 1 0 1
13.8201 -0.340249 800 -0.144097 0.488739 27.9954 10.4176 -13 2029 1 0 1
-4.12235 -5.64412 800 0.258783 -0.168765 27.9983 10.4174 -13 2030 1 0 1
7.72405 -1.57563 800 -0.00424059 0.265446 27.9987 10.4173 -13 2031 1 0 1
11.5526 5.19953 800 -0.249457 0.35931 27.9966 10.4175 -13 2032 1 0 1
-5.273 6.63393 800 -0.286629 -0.0730857 27.9984 10.4175 -13 2033 1 0 1
-5.08082 -2.85394 800 0.140899 -0.147907 27.9993 10.4173 -13 2034 1 0 1
-1.31525 2.30933 800 -0.095537 0.0718658 27.9997 10.4174 -13 2035 1 0 1
17.0621 2.81653 800 -0.152981 0.464164 27.9957 10.4176 -13 2036 1 0 1
7.86082 -0.188314 800 -0.0929554 0.203272 27.9991 10.4173 -13 2037 1 0 1
15.0538 2.05754 800 -0.199559 0.523357 27.9944 10.4176 -13 2038 1 0 1
-4.26397 4.58692 800 -0.125836 -0.192674 27.9991 10.4173 -13 2039 1 0 1
-9.88947 -2.64628 800 0.0813171 -0.333553 27.9979 10.4174 -13 2040 1 0 1
0.953784 1.62816 800 -0.0198304 0.0267894 28 10.4173 -13 2041 1 0 1
3.72971 2.05181 800 -0.119709 0.166774 27.9992 10.4173 -13 2042 1 0 1
11.836 8.83426 800 -0.416777 0.397347 27.9941 10.4177 -13 2043 1 0 1
9.61501 4.21264 800 -0.196831 0.418956 27.9962 10.4176 -13 2044 1 0 1
-12.8871 -0.684099 800 0.0269474 -0.452487 27.9963 10.4175 -13 2045 1 0 1
3.14225 2.50622 800 -0.0330423 0.128808 27.9997 10.4173 -13 2046 1 0 1
-7.9678 -3.16945 800 0.142761 -0.251646 27.9985 10.4173 -13 2047 1 0 1
-2.96352 1.63573 800 -0.00220684 -0.0642194 27.9999 10.4173 -13 2048 1 0 1
-2.45866 -4.75999 800 0.156648 -0.0755169 27.9995 10.4173 -13 2049 1 0 1
-8.61407 -0.878145 800 0.0524539 -0.320011 27.9981 10.4174 -13 2050 1 0 1
8.63221 3.47908 800 -0.141099 0.263382 27.9984 10.4174 -13 2051 1 0 1
2.59734 -8.91473 800 0.380008 0.130229 27.9971 10.4175 -13 2052 1 0 1
3.0294 -7.6843 800 0.37536 0.188954 27.9968 10.4176 -13 2053 1 0 1
-0.603569 1.79361 800 -0.0643886 0.019073 27.9999 10.4173 -13 2054 1 0 1
-9.55668 1.09237 800 0.0337294 -0.282005 27.9986 10.4173 -13 2055 1 0 1
-5.40544 -0.621855 800 0.117941 -0.139563 27.9994 10.4173 -13 2056 1 0 1
18.5981 1.97321 800 -0.159223 0.648107 27.992 10.4178 -13 2057 1 0 1
10.5694 -0.140471 800 -0.0472118 0.394291 27.9972 10.4174 -13 2058 1 0 1
-6.084 5.1812 800 -0.28284 -0.270702 27.9973 10.4176 -13 2059 1 0 1
2.29097 8.18703 800 -0.170162 0.0283832 27.9995 10.4173 -13 2060 1 0 1
5.07045 2.85871 800 -0.0751076 0.217411 27.9991 10.4174 -13 2061 1 0 1
7.01265 1.24324 800 -0.146061 0.21626 27.9988 10.4174 -13 2062 1 0 1
2.79176 1.97959 800 -0.111536 0.100967 27.9996 10.4173 -13 2063 1 0 1
-8.96221 -3.24959 800 0.250373 -0.364302 27.9965 10.4176 -13 2064 1 0 1
5.95488 -0.293119 800 -0.0553121 0.195777 27.9993 10.4173 -13 2065 1 0 1
20.9705 3.74545 800 -0.299484 0.739773 27.9886 10.418 -13 2066 1 0 1
6.68885 2.39501 800 -0.133499 0.204701 27.9989 10.4173 -13 2067 1 0 1
-12.1374 0.486013 800 -0.000620072 -0.369637 27.9976 10.4174 -13 2068 1 0 1
14.9569 9.50967 800 -0.461445 0.560472 27.9906 10.418 -13 2069 1 0 1
-7.54556 0.143998 800 0.0823208 -0.306619 27.9982 10.4174 -13 2070 1 0 1
5.11321 3.57608 800 -0.223529 0.153676 27.9987 10.4174 -13 2071 1 0 1
4.21514 4.55878 800 -0.259771 0.14899 27.9984 10.4174 -13 2072 1 0 1
4.65682 2.60056 800 -0.0108934 0.24335 27.9989 10.4174 -13 2073 1 0 1
-1.33388 -1.93165 800 0.157959 -0.051296 27.9995 10.4173 -13 2074 1 0 1
-0.12549 -6.31198 800 0.186438 -0.0649083 27.9993 10.4174 -13 2075 1 0 1
1.01958 -1.91879 800 0.110813 0.0870237 27.9996 10.4173 -13 2076 1 0 1
-5.99322 -1.1826 800 0.0414209 -0.315395 27.9982 10.4175 -13 2077 1 0 1
-1.43843 -0.544889 800 -0.00275728 -0.00684478 28 10.4173 -13 2078 1 0 1
-13.2395 -3.84284 800 0.220819 -0.392626 27.9964 10.4175 -13 2079 1 0 1
6.43956 0.445846 800 -0.0602674 0.247501 27.9988 10.4173 -13 2080 1 0 1
7.87578 2.07106 800 -0.156195 0.286386 27.9981 10.4174 -13 2081 1 0 1
12.6976 3.31218 800 -0.0448721 0.373165 27.9975 10.4175 -13 2082 1 0 1
2.00294 5.96778 800 -0.322916 0.0591337 27.9981 10.4175 -13 2083 1 0 1
-3.40442 5.04365 800 -0.205024 -0.138703 27.9989 10.4173 -13 2084 1 0 1
-19.9647 1.13001 800 0.113492 -0.624027 27.9928 10.4177 -13 2085 1 0 1
17.9794 2.49465 800 -0.180918 0.594154 27.9931 10.4177 -13 2086 1 0 1
0.844379 -0.0127178 800 -0.0144109 0.110202 27.9998 10.4173 -13 2087 1 0 1
3.9332 4.81054 800 -0.155193 0.202103 27.9988 10.4174 -13 2088 1 0 1
-7.38582 -1.02587 800 0.0796639 -0.233631 27.9989 10.4173 -13 2089 1 0 1
10.3426 6.15232 800 -0.305727 0.31504 27.9966 10.4175 -13 2090 1 0 1
2.52599 6.9738 800 -0.260228 0.0947287 27.9986 10.4174 -13 2091 1 0 1
8.18245 3.77671 800 -0.197051 0.262942 27.9981 10.4174 -13 2092 1 0 1
-2.98729 5.0647 800 -0.0582758 0.00553672 27.9999 10.4174 -13 2093 1 0 1
2.42519 -3.84174 800 0.159948 0.110518 27.9993 10.4173 -13 2094 1 0 1
-9.31823 -0.886032 800 0.113977 -0.368045 27.9973 10.4175 -13 2095 1 0 1
1.88482 0.898737 800 -0.123926 0.0660622 27.9996 10.4173 -13 2096 1 0 1
-1.56266 0.675457 800 0.0844966 -0.0946875 27.9997 10.4173 -13 2097 1 0 1
-4.8983 0.137182 800 0.0445483 -0.132215 27.9997 10.4173 -13 2098 1 0 1
-16.4879 -8.24639 800 0.445313 -0.482139 27.9923 10.4178 -13 2099 1 0 1
-7.03561 -4.02003 800 0.19695 -0.230381 27.9984 10.4174 -13 2100 1 0 1
15.1452 3.74189 800 -0.230933 0.510082 27.9944 10.4176 -13 2101 1 0 1
-11.2091 -1.6456 800 0.12075 -0.423935 27.9965 10.4175 -13 2102 1 0 1
-15.4144 -9.07187 800 0.422996 -0.530518 27.9918 10.4178 -13 2103 1 0 1
-0.813405 1.30385 800 -0.00407056 -0.0100514 28 10.4173 -13 2104 1 0 1
-10.9191 -3.49146 800 0.311926 -0.42908 27.995 10.4177 -13 2105 1 0 1
-11.3605 -3.43119 800 0.250929 -0.364157 27.9965 10.4175 -13 2106 1 0 1
11.4451 3.5695 800 -0.17724 0.403833 27.9965 10.4175 -13 2107 1 0 1
-1.10581 0.503953 800 0.155495 -0.0127965 27.9996 10.4174 -13 2108 1 0 1
2.50348 1.62517 800 -0.116835 0.0646983 27.9997 10.4173 -13 2109 1 0 1
-24.0971 -8.19953 800 0.398676 -0.787229 27.9861 10.4181 -13 2110 1 0 1
3.77102 8.45391 800 -0.304577 0.228898 27.9974 10.4176 -13 2111 1 0 1
-4.00364 0.361437 800 -0.0507727 -0.0837307 27.9998 10.4173 -13 2112 1 0 1
3.47836 0.164571 800 0.0477251 0.154321 27.9995 10.4173 -13 2113 1 0 1
8.12234 2.95299 800 -0.192075 0.297588 27.9978 10.4174 -13 2114 1 0 1
-1.0071 1.46421 800 -0.0380977 -0.0199621 28 10.4173 -13 2115 1 0 1
12.5607 -2.75501 800 -0.00359418 0.438342 27.9966 10.4175 -13 2116 1 0 1
-0.805523 -3.08181 800 0.280584 -0.00982126 27.9986 10.4175 -13 2117 1 0 1
2.63162 -3.98271 800 0.193384 0.0719037 27.9992 10.4173 -13 2118 1 0 1
-6.04335 2.37114 800 -0.0795306 -0.187247 27.9993 10.4173 -13 2119 1 0 1
5.2711 2.82683 800 -0.202566 0.250903 27.9981 10.4175 -13 2120 1 0 1
-10.6153 -2.0339 800 0.114937 -0.389113 27.9971 10.4175 -13 2121 1 0 1
-8.50986 2.77357 800 -0.00832557 -0.28686 27.9985 10.4173 -13 2122 1 0 1
4.75855 -1.11792 800 0.130955 0.151847 27.9993 10.4174 -13 2123 1 0 1
3.55971 1.35753 800 -0.128893 0.126023 27.9994 10.4173 -13 2124 1 0 1
-6.18503 -3.94056 800 0.13813 -0.114583 27.9994 10.4173 -13 2125 1 0 1
7.03804 -0.0670417 800 -0.00941112 0.235905 27.999 10.4173 -13 2126 1 0 1
-5.84616 2.57621 800 -0.0245878 -0.179839 27.9994 10.4173 -13 2127 1 0 1
5.92164 2.12931 800 -0.155569 0.112853 27.9993 10.4173 -13 2128 1 0 1
5.01576 0.351577 800 0.060896 0.171658 27.9994 10.4173 -13 2129 1 0 1
-0.511991 3.95304 800 -0.225547 -0.0239058 27.9991 10.4174 -13 2130 1 0 1
8.6878 1.97166 800 -0.048167 0.344786 27.9978 10.4174 -13 2131 1 0 1
10.1081 -0.513321 800 -0.0168776 0.230536 27.999 10.4174 -13 2132 1 0 1
-1.10765 -7.72183 800 0.221265 0.0340365 27.9991 10.4173 -13 2133 1 0 1
5.91716 2.18292 800 -0.131911 0.257063 27.9985 10.4174 -13 2134 1 0 1
5.45151 4.14885 800 -0.196513 0.118729 27.9991 10.4173 -13 2135 1 0 1
-20.7991 -5.8372 800 0.317654 -0.766397 27.9877 10.4181 -13 2136 1 0 1
9.91229 3.25665 800 -0.172973 0.263206 27.9982 10.4174 -13 2137 1 0 1
13.6019 4.28749 800 -0.245575 0.491523 27.9946 10.4176 -13 2138 1 0 1
-3.95252 -2.93996 800 0.122866 -0.105413 27.9995 10.4173 -13 2139 1 0 1
-7.10274 -2.70666 800 0.0550302 -0.267272 27.9987 10.4174 -13 2140 1 0 1
-2.73447 -4.94956 800 0.160834 -0.155975 27.9991 10.4174 -13 2141 1 0 1
5.03043 -0.000180139 800 -0.0318208 0.309777 27.9983 10.4175 -13 2142 1 0 1
-4.14438 0.102482 800 0.0837456 -0.119726 27.9996 10.4173 -13 2143 1 0 1
4.59177 0.352972 800 -0.0348173 0.203502 27.9992 10.4173 -13 2144 1 0 1
-3.93277 -4.95119 800 0.17638 -0.121415 27.9992 10.4173 -13 2145 1 0 1
8.9844 2.94331 800 -0.110466 0.369635 27.9973 10.4175 -13 2146 1 0 1
-16.9297 -7.53869 800 0.289671 -0.564828 27.9928 10.4177 -13 2147 1 0 1
-3.45945 1.58487 800 0.0553846 0.0409921 27.9999 10.4174 -13 2148 1 0 1
-11.8775 3.58487 800 -0.115271 -0.303769 27.9981 10.4175 -13 2149 1 0 1
-1.83094 1.84586 800 -0.0127345 -0.116158 27.9998 10.4173 -13 2150 1 0 1
5.04504 -2.60583 800 0.0231561 0.223424 27.9991 10.4173 -13 2151 1 0 1
-4.4677 -2.31816 800 0.0828307 -0.180602 27.9993 10.4173 -13 2152 1 0 1
-3.74399 4.40846 800 -0.0669356 -0.0788417 27.9998 10.4173 -13 2153 1 0 1
5.71254 6.78385 800 -0.263216 0.19275 27.9981 10.4174 -13 2154 1 0 1
3.31092 -1.48865 800 -0.0210181 0.089507 27.9998 10.4173 -13 2155 1 0 1
-2.37762 1.10687 800 0.0278739 -0.0618993 27.9999 10.4173 -13 2156 1 0 1
-10.9985 -2.36049 800 0.038422 -0.395654 27.9972 10.4175 -13 2157 1 0 1
2.16142 -4.55769 800 0.102261 0.00790102 27.9998 10.4173 -13 2158 1 0 1
-3.99843 1.33673 800 -0.0558792 -0.0935947 27.9998 10.4173 -13 2159 1 0 1
-6.69673 -0.657602 800 0.0384329 -0.189973 27.9993 10.4173 -13 2160 1 0 1
-9.79963 -0.22535 800 0.0436911 -0.388886 27.9973 10.4175 -13 2161 1 0 1
-17.3203 0.234544 800 0.218441 -0.546534 27.9938 10.4177 -13 2162 1 0 1
-1.39971 2.16269 800 -0.0209503 -0.0915473 27.9998 10.4173 -13 2163 1 0 1
-3.10516 -1.67353 800 0.0804385 -0.130215 27.9996 10.4173 -13 2164 1 0 1
-18.441 -2.11405 800 0.0880555 -0.712577 27.9908 10.418 -13 2165 1 0 1
5.05113 3.93733 800 -0.364739 0.146404 27.9972 10.4177 -13 2166 1 0 1
11.2395 6.25928 800 -0.272474 0.296565 27.9971 10.4174 -13 2167 1 0 1
-13.4684 -1.70677 800 0.101031 -0.499422 27.9954 10.4176 -13 2168 1 0 1
-0.424091 -0.512719 800 0.113777 0.0100692 27.9998 10.4173 -13 2169 1 0 1
8.40522 0.264553 800 -0.129703 0.299851 27.9981 10.4174 -13 2170 1 0 1
1.83186 4.7666 800 -0.0950091 0.0395218 27.9998 10.4173 -13 2171 1 0 1
7.57538 0.778021 800 0.0700068 0.353802 27.9977 10.4176 -13 2172 1 0 1
20.6507 7.28818 800 -0.421474 0.791492 27.9856 10.4183 -13 2173 1 0 1
1.04115 -1.84621 800 0.0325851 0.0640123 27.9999 10.4173 -13 2174 1 0 1
4.3097 3.23528 800 -0.187208 0.103352 27.9992 10.4173 -13 2175 1 0 1
-4.60421 -10.6362 800 0.33539 -0.165394 27.9975 10.4175 -13 2176 1 0 1
0.13799 -1.46534 800 0.0116526 -0.0015795 28 10.4173 -13 2177 1 0 1
-6.479 5.79529 800 -0.227848 -0.19876 27.9984 10.4174 -13 2178 1 0 1
7.53904 2.48278 800 -0.121853 0.167029 27.9992 10.4173 -13 2179 1 0 1
9.62877 11.2829 800 -0.450015 0.300002 27.9948 10.4176 -13 2180 1 0 1
-3.48393 4.55692 800 -0.16845 -0.090523 27.9993 10.4173 -13 2181 1 0 1
-5.96422 0.461073 800 -0.0649382 -0.175026 27.9994 10.4173 -13 2182 1 0 1
-3.80793 -4.95889 800 0.15415 -0.136115 27.9992 10.4173 -13 2183 1 0 1
-0.979224 -0.943226 800 0.0409877 -0.147483 27.9996 10.4174 -13 2184 1 0 1
1.82124 5.97902 800 -0.145168 0.110089 27.9994 10.4174 -13 2185 1 0 1
7.16188 7.8861 800 -0.293957 0.172275 27.9979 10.4174 -13 2186 1 0 1
9.50329 4.3129 800 -0.289698 0.322438 27.9966 10.4175 -13 2187 1 0 1
-12.3991 -0.723459 800 0.116234 -0.468844 27.9958 10.4175 -13 2188 1 0 1
-1.93665 0.81138 800 0.0398906 -0.0525648 27.9999 10.4173 -13 2189 1 0 1
7.80437 -2.92818 800 0.0584158 0.241684 27.9989 10.4173 -13 2190 1 0 1
7.9747 -4.2575 800 0.020809 0.268511 27.9987 10.4174 -13 2191 1 0 1
0.956331 0.141591 800 0.0660182 0.0828612 27.9998 10.4173 -13 2192 1 0 1
4.51448 6.986 800 -0.320009 0.149989 27.9978 10.4174 -13 2193 1 0 1
-4.33016 1.07583 800 -0.128365 -0.201917 27.999 10.4174 -13 2194 1 0 1
2.77751 -6.04461 800 0.124629 0.0127755 27.9997 10.4174 -13 2195 1 0 1
14.846 6.57738 800 -0.350316 0.469815 27.9939 10.4177 -13 2196 1 0 1
-9.86863 -3.93307 800 0.160854 -0.341259 27.9975 10.4174 -13 2197 1 0 1
9.03588 2.36299 800 -0.264298 0.343496 27.9966 10.4176 -13 2198 1 0 1
4.98203 6.50166 800 -0.32007 0.0893813 27.998 10.4174 -13 2199 1 0 1
2.06648 -0.801422 800 0.087503 0.101777 27.9997 10.4173 -13 2200 1 0 1
-14.4634 -2.42135 800 0.184079 -0.514194 27.9947 10.4176 -13 2201 1 0 1
15.6859 0.813129 800 -0.127138 0.609937 27.9931 10.4178 -13 2202 1 0 1
-2.51387 1.87976 800 -0.000600711 -0.0980226 27.9998 10.4173 -13 2203 1 0 1
3.57388 2.49431 800 -0.0827011 0.107714 27.9997 10.4173 -13 2204 1 0 1
1.34129 0.99461 800 -0.0935313 0.0770915 27.9997 10.4173 -13 2205 1 0 1
7.07183 -1.66615 800 0.0369085 0.212449 27.9992 10.4173 -13 2206 1 0 1
11.7755 3.60127 800 -0.14549 0.482192 27.9955 10.4176 -13 2207 1 0 1
-10.0329 -3.13454 800 0.158706 -0.324318 27.9977 10.4174 -13 2208 1 0 1
7.49249 5.62337 800 -0.18448 0.293691 27.9979 10.4174 -13 2209 1 0 1
2.32396 -3.00679 800 0.0489009 0.127104 27.9997 10.4173 -13 2210 1 0 1
-6.65773 -7.15965 800 0.256519 -0.211181 27.998 10.4174 -13 2211 1 0 1
-26.1292 -5.87819 800 0.355571 -0.948387 27.9817 10.4185 -13 2212 1 0 1
-7.25132 1.00559 800 -0.0640665 -0.268194 27.9986 10.4174 -13 2213 1 0 1
3.22394 -0.495724 800 0.0234716 0.0213806 28 10.4173 -13 2214 1 0 1
1.93333 2.3692 800 -0.107906 0.00175125 27.9998 10.4173 -13 2215 1 0 1
7.86674 1.20132 800 -0.0681349 0.180162 27.9993 10.4173 -13 2216 1 0 1
9.26213 2.93367 800 -0.131299 0.327135 27.9978 10.4174 -13 2217 1 0 1
-16.9645 -5.75861 800 0.256161 -0.619547 27.992 10.4178 -13 2218 1 0 1
-8.7323 4.19137 800 -0.083175 -0.33939 27.9978 10.4174 -13 2219 1 0 1
21.0991 9.33039 800 -0.669832 0.759999 27.9817 10.4188 -13 2220 1 0 1
7.37287 -1.48076 800 0.00553486 0.15044 27.9996 10.4173 -13 2221 1 0 1
-4.7641 4.85541 800 -0.104487 -0.193143 27.9991 10.4173 -13 2222 1 0 1
13.4785 1.72122 800 -0.13377 0.463346 27.9958 10.4175 -13 2223 1 0 1
-2.71286 -2.09288 800 -0.00287207 -0.13598 27.9997 10.4173 -13 2224 1 0 1
4.50001 5.12318 800 -0.217477 0.154259 27.9987 10.4173 -13 2225 1 0 1
7.65939 2.19291 800 -0.0808444 0.246372 27.9988 10.4173 -13 2226 1 0 1
-17.3204 -2.20315 800 0.237493 -0.594883 27.9927 10.4177 -13 2227 1 0 1
2.6444 -1.01031 800 -0.00765055 0.182445 27.9994 10.4173 -13 2228 1 0 1
26.5253 6.35939 800 -0.376015 0.899899 27.983 10.4184 -13 2229 1 0 1
7.19579 -0.77375 800 -0.0638836 0.118317 27.9997 10.4174 -13 2230 1 0 1
0.655948 -0.230051 800 0.00564559 0.0453999 28 10.4173 -13 2231 1 0 1
7.49505 4.88652 800 -0.308385 0.251682 27.9972 10.4175 -13 2232 1 0 1
5.63868 -1.88468 800 0.131417 0.195145 27.999 10.4174 -13 2233 1 0 1
-20.6577 -1.40689 800 0.102834 -0.778558 27.989 10.4181 -13 2234 1 0 1
0.905381 -1.12872 800 0.047135 0.111841 27.9997 10.4173 -13 2235 1 0 1
-9.31431 0.350137 800 0.00699831 -0.369783 27.9976 10.4174 -13 2236 1 0 1
3.16249 1.16972 800 -0.0505641 0.135189 27.9996 10.4173 -13 2237 1 0 1
-6.99363 -0.404735 800 0.00111304 -0.283612 27.9986 10.4174 -13 2238 1 0 1
-4.98302 0.750131 800 0.0303403 -0.138304 27.9996 10.4173 -13 2239 1 0 1
-9.64561 1.96029 800 0.0885887 -0.328223 27.9979 10.4174 -13 2240 1 0 1
-2.1802 1.10658 800 -0.0676871 -0.108789 27.9997 10.4173 -13 2241 1 0 1
0.722745 -1.31766 800 -0.0285164 0.0130597 28 10.4173 -13 2242 1 0 1
-12.3681 -4.63375 800 0.153105 -0.432022 27.9962 10.4175 -13 2243 1 0 1
-5.27685 -1.75586 800 0.123359 -0.22641 27.9988 10.4174 -13 2244 1 0 1
1.19911 -4.7094 800 0.14408 0.0584626 27.9996 10.4173 -13 2245 1 0 1
-4.31747 2.39303 800 -0.0169514 -0.20472 27.9992 10.4173 -13 2246 1 0 1
3.48786 -2.93279 800 -0.0289235 0.0527088 27.9999 10.4173 -13 2247 1 0 1
13.3183 4.78721 800 -0.223924 0.461458 27.9953 10.4176 -13 2248 1 0 1
-0.102224 -2.84922 800 0.126744 0.0216366 27.9997 10.4173 -13 2249 1 0 1
3.67485 0.518217 800 -0.0902778 0.0652019 27.9998 10.4173 -13 2250 1 0 1
-0.323836 2.18077 800 -0.0576497 0.0152492 27.9999 10.4173 -13 2251 1 0 1
-9.05547 -4.39887 800 0.281941 -0.29352 27.997 10.4175 -13 2252 1 0 1
-5.80206 -5.21275 800 0.308529 -0.185037 27.9977 10.4175 -13 2253 1 0 1
24.746 7.95201 800 -0.439044 0.923044 27.9813 10.4186 -13 2254 1 0 1
13.1107 2.98823 800 -0.244376 0.546214 27.9936 10.4178 -13 2255 1 0 1
2.48391 -0.273617 800 -0.0324423 0.0501947 27.9999 10.4173 -13 2256 1 0 1
-7.28145 2.01612 800 -0.0130952 -0.24801 27.9989 10.4173 -13 2257 1 0 1
-5.79398 -4.21255 800 0.117182 -0.1678 27.9993 10.4173 -13 2258 1 0 1
8.51957 0.745575 800 -0.161968 0.294572 27.998 10.4174 -13 2259 1 0 1
-9.95238 -4.45344 800 0.160721 -0.325127 27.9977 10.4174 -13 2260 1 0 1
-5.54451 3.56098 800 -0.126509 -0.229486 27.9988 10.4173 -13 2261 1 0 1
6.94853 0.280047 800 0.0113977 0.321589 27.9982 10.4174 -13 2262 1 0 1
9.20221 2.43939 800 -0.0847682 0.352637 27.9977 10.4174 -13 2263 1 0 1
-0.663561 1.88928 800 -0.114661 0.007416 27.9998 10.4173 -13 2264 1 0 1
-1.13658 2.60151 800 -0.151829 -0.0644584 27.9995 10.4173 -13 2265 1 0 1
3.16249 -4.66042 800 0.196841 0.147437 27.9989 10.4173 -13 2266 1 0 1
9.84549 -5.42823 800 0.149938 0.32684 27.9977 10.4174 -13 2267 1 0 1
8.48088 2.29604 800 -0.16257 0.238482 27.9985 10.4174 -13 2268 1 0 1
-7.31447 -3.63525 800 0.234334 -0.304335 27.9974 10.4175 -13 2269 1 0 1
8.49879 1.62685 800 -0.236759 0.273816 27.9977 10.4175 -13 2270 1 0 1
11.8416 4.08447 800 -0.186875 0.423451 27.9962 10.4175 -13 2271 1 0 1
-2.63685 2.99481 800 -0.169081 -0.0845485 27.9994 10.4173 -13 2272 1 0 1
-7.99093 -5.25768 800 0.266205 -0.239826 27.9977 10.4174 -13 2273 1 0 1
6.53315 3.77094 800 -0.104756 0.225539 27.9989 10.4173 -13 2274 1 0 1
5.01806 -0.488704 800 0.022516 0.190042 27.9993 10.4173 -13 2275 1 0 1
-6.65591 -5.34363 800 0.164659 -0.31377 27.9978 10.4175 -13 2276 1 0 1
-2.08634 -1.98915 800 0.0625824 -0.0978228 27.9998 10.4173 -13 2277 1 0 1
-5.11868 -5.75423 800 0.140772 -0.0857524 27.9995 10.4173 -13 2278 1 0 1
5.08819 3.088 800 -0.211768 0.163734 27.9987 10.4174 -13 2279 1 0 1
4.05336 2.98748 800 -0.164673 0.144949 27.9991 10.4173 -13 2280 1 0 1
-2.20777 -0.748308 800 0.0217429 -0.11601 27.9998 10.4173 -13 2281 1 0 1
3.33399 0.299031 800 0.0990692 0.203369 27.9991 10.4175 -13 2282 1 0 1
-0.301081 0.635569 800 -0.0058642 0.0495205 28 10.4173 -13 2283 1 0 1
6.13336 -7.39915 800 0.302502 0.186164 27.9977 10.4175 -13 2284 1 0 1
19.2508 8.88358 800 -0.388162 0.631128 27.9902 10.4179 -13 2285 1 0 1
0.231916 2.97991 800 -0.125109 0.0128081 27.9997 10.4173 -13 2286 1 0 1
0.674752 0.49902 800 -0.0356132 0.0331819 28 10.4173 -13 2287 1 0 1
-7.84666 -2.42675 800 0.126585 -0.232391 27.9987 10.4173 -13 2288 1 0 1
-15.5877 -5.91772 800 0.363588 -0.545944 27.9923 10.4178 -13 2289 1 0 1
-1.96166 2.23701 800 -0.155715 -0.052426 27.9995 10.4173 -13 2290 1 0 1
-4.68878 -3.49216 800 0.221208 -0.103238 27.9989 10.4174 -13 2291 1 0 1
-10.5869 -2.80596 800 0.176741 -0.421156 27.9963 10.4175 -13 2292 1 0 1
-1.55136 -2.03489 800 0.00788293 -0.151696 27.9996 10.4174 -13 2293 1 0 1
3.96931 1.08718 800 -0.0576573 0.122593 27.9997 10.4173 -13 2294 1 0 1
-5.3397 -3.67757 800 0.171198 -0.278614 27.9981 10.4175 -13 2295 1 0 1
-9.07304 -4.20145 800 0.182847 -0.330474 27.9975 10.4174 -13 2296 1 0 1
7.47417 -1.83638 800 0.07303 0.231595 27.9989 10.4173 -13 2297 1 0 1
0.245071 -2.34347 800 0.0507641 -0.0217085 27.9999 10.4173 -13 2298 1 0 1
-0.62836 -0.368491 800 0.0659142 -0.0302575 27.9999 10.4173 -13 2299 1 0 1
-12.4264 -1.16516 800 0.0532014 -0.467711 27.996 10.4176 -13 2300 1 0 1
-10.4943 0.0729969 800 0.0906845 -0.319336 27.998 10.4174 -13 2301 1 0 1
13.9107 3.37599 800 -0.290318 0.570119 27.9927 10.4179 -13 2302 1 0 1
0.633336 -2.53667 800 0.0884013 -0.00745132 27.9999 10.4173 -13 2303 1 0 1
-15.314 -5.3289 800 0.308711 -0.566867 27.9926 10.4178 -13 2304 1 0 1
1.2843 -4.16689 800 0.131067 -0.0841774 27.9996 10.4174 -13 2305 1 0 1
-5.89334 -0.729326 800 0.114642 -0.171349 27.9992 10.4173 -13 2306 1 0 1
-9.42708 -1.31424 800 0.0160216 -0.40616 27.997 10.4175 -13 2307 1 0 1
-10.6442 -1.40889 800 0.0923743 -0.400371 27.997 10.4175 -13 2308 1 0 1
17.4353 1.86887 800 -0.237614 0.555108 27.9935 10.4177 -13 2309 1 0 1
10.6282 -1.1674 800 0.0378302 0.409313 27.997 10.4175 -13 2310 1 0 1
11.4611 1.7992 800 -0.136242 0.370384 27.9972 10.4174 -13 2311 1 0 1
19.8306 7.13367 800 -0.388366 0.698665 27.9886 10.418 -13 2312 1 0 1
9.17041 3.82709 800 -0.155784 0.335095 27.9976 10.4174 -13 2313 1 0 1
5.23253 0.741904 800 -0.0737857 0.0977934 27.9997 10.4173 -13 2314 1 0 1
-2.60234 3.11616 800 -0.139472 -0.120241 27.9994 10.4173 -13 2315 1 0 1
12.4291 -0.387144 800 0.053144 0.392103 27.9972 10.4175 -13 2316 1 0 1
-1.33789 0.96868 800 -0.0765309 -0.00705914 27.9999 10.4173 -13 2317 1 0 1
6.16996 -1.44058 800 0.0430218 0.16421 27.9995 10.4173 -13 2318 1 0 1
1.3992 5.75716 800 -0.194974 -0.00839212 27.9993 10.4173 -13 2319 1 0 1
-10.5985 6.39783 800 -0.156258 -0.408515 27.9966 10.4175 -13 2320 1 0 1
-3.76996 -0.734889 800 0.191813 -0.126815 27.9991 10.4174 -13 2321 1 0 1
-4.44217 -0.791507 800 -0.0313034 -0.112533 27.9998 10.4173 -13 2322 1 0 1
8.82763 3.42676 800 -0.15971 0.328825 27.9976 10.4174 -13 2323 1 0 1
17.0518 1.60861 800 -0.163862 0.566163 27.9938 10.4176 -13 2324 1 0 1
-0.758462 -3.72609 800 0.191362 -0.0030245 27.9993 10.4173 -13 2325 1 0 1
9.63463 8.23661 800 -0.418318 0.339384 27.9948 10.4177 -13 2326 1 0 1
-2.72615 2.49134 800 -0.102884 -0.172684 27.9993 10.4173 -13 2327 1 0 1
-6.84722 0.266159 800 0.067505 -0.267401 27.9986 10.4174 -13 2328 1 0 1
0.37554 2.3681 800 -0.0802393 -0.0401805 27.9999 10.4173 -13 2329 1 0 1
-8.17049 3.05198 800 -0.117275 -0.322275 27.9979 10.4174 -13 2330 1 0 1
1.71975 -0.353587 800 0.0344635 0.0815939 27.9999 10.4173 -13 2331 1 0 1
-1.57745 0.751776 800 0.0721155 -0.0539121 27.9999 10.4173 -13 2332 1 0 1
-13.1808 0.637029 800 0.020373 -0.521234 27.9951 10.4176 -13 2333 1 0 1
2.54689 -1.80496 800 0.0428801 0.0125021 28 10.4173 -13 2334 1 0 1
0.823654 -1.82402 800 0.224645 0.0293425 27.9991 10.4175 -13 2335 1 0 1
6.55061 5.93848 800 -0.189265 0.241194 27.9983 10.4174 -13 2336 1 0 1
1.0948 0.210694 800 0.0867326 0.021167 27.9999 10.4173 -13 2337 1 0 1
15.0882 7.05186 800 -0.288501 0.557465 27.993 10.4178 -13 2338 1 0 1
-5.05483 1.84382 800 -0.00905173 -0.213382 27.9992 10.4173 -13 2339 1 0 1
10.7786 3.661 800 -0.375452 0.411184 27.9945 10.4178 -13 2340 1 0 1
1.45581 -1.62953 800 0.0120676 0.0663844 27.9999 10.4173 -13 2341 1 0 1
-19.1504 -0.102406 800 0.0281453 -0.708403 27.991 10.4179 -13 2342 1 0 1
7.19631 2.3671 800 -0.115467 0.187767 27.9991 10.4173 -13 2343 1 0 1
-17.34 -5.00895 800 0.312049 -0.606332 27.9917 10.4178 -13 2344 1 0 1
2.66787 0.250844 800 -0.029524 0.226393 27.9991 10.4174 -13 2345 1 0 1
2.61765 -3.26243 800 -0.00743929 0.107405 27.9998 10.4173 -13 2346 1 0 1
-6.24665 1.96757 800 -0.0478534 -0.143376 27.9996 10.4173 -13 2347 1 0 1
0.0378825 0.786554 800 -0.00540226 0.0334056 28 10.4173 -13 2348 1 0 1
0.712905 1.03404 800 -0.038402 -0.0023737 28 10.4173 -13 2349 1 0 1
-12.978 -3.80024 800 0.255117 -0.459396 27.9951 10.4176 -13 2350 1 0 1
-7.84116 -2.36602 800 -0.00280375 -0.315144 27.9982 10.4175 -13 2351 1 0 1
-17.1872 -4.05447 800 0.14267 -0.62568 27.9926 10.4178 -13 2352 1 0 1
5.34659 0.947269 800 -0.0769828 0.249434 27.9988 10.4174 -13 2353 1 0 1
3.21669 1.13055 800 -0.0432915 0.102867 27.9998 10.4173 -13 2354 1 0 1
14.2147 6.91707 800 -0.458927 0.552032 27.9908 10.4181 -13 2355 1 0 1
15.4921 -1.68387 800 -0.0616644 0.513232 27.9952 10.4176 -13 2356 1 0 1
15.1474 2.84964 800 -0.241351 0.607753 27.9924 10.4179 -13 2357 1 0 1
-1.70013 1.2517 800 -0.0456512 -0.0638749 27.9999 10.4173 -13 2358 1 0 1
-28.2891 -5.14643 800 0.414547 -1.02602 27.9781 10.4188 -13 2359 1 0 1
-19.4149 -0.683663 800 0.125152 -0.619763 27.9929 10.4177 -13 2360 1 0 1
-4.55676 5.0283 800 -0.15844 -0.165426 27.9991 10.4173 -13 2361 1 0 1
-5.56042 1.24341 800 0.0711019 -0.0959682 27.9997 10.4173 -13 2362 1 0 1
16.8942 3.2518 800 -0.25741 0.709706 27.9898 10.4181 -13 2363 1 0 1
-17.2999 -5.08044 800 0.252775 -0.713742 27.9898 10.4181 -13 2364 1 0 1
-5.78478 2.02956 800 -0.0882045 -0.107032 27.9997 10.4173 -13 2365 1 0 1
-4.44826 -4.99642 800 0.324688 -0.137417 27.9978 10.4175 -13 2366 1 0 1
15.435 3.16555 800 -0.236042 0.497792 27.9946 10.4176 -13 2367 1 0 1
8.78305 6.22336 800 -0.206257 0.259024 27.998 10.4174 -13 2368 1 0 1
1.90012 -1.30511 800 -0.0130446 0.0087686 28 10.4173 -13 2369 1 0 1
6.06658 0.776887 800 -0.0349273 0.233775 27.999 10.4173 -13 2370 1 0 1
-2.15035 5.2252 800 -0.159291 -0.042779 27.9995 10.4173 -13 2371 1 0 1
-6.53001 -2.91305 800 0.141008 -0.236357 27.9986 10.4173 -13 2372 1 0 1
9.06444 1.5208 800 -0.0289839 0.388846 27.9973 10.4175 -13 2373 1 0 1
12.5348 -1.23299 800 -0.0731097 0.396919 27.9971 10.4174 -13 2374 1 0 1
7.01675 2.08272 800 -0.124173 0.215251 27.9989 10.4173 -13 2375 1 0 1
11.7828 -0.758083 800 0.0452698 0.413342 27.9969 10.4175 -13 2376 1 0 1
-6.92867 -0.188061 800 0.0472419 -0.190504 27.9993 10.4173 -13 2377 1 0 1
4.89794 0.373889 800 0.101293 0.134344 27.9995 10.4174 -13 2378 1 0 1
-0.476395 -0.818144 800 0.072431 -0.0961454 27.9997 10.4173 -13 2379 1 0 1
-1.74207 0.206703 800 0.0107442 -0.0541947 27.9999 10.4173 -13 2380 1 0 1
13.5739 3.1379 800 -0.128692 0.513902 27.995 10.4176 -13 2381 1 0 1
-18.8448 -10.8731 800 0.546346 -0.625413 27.9877 10.4181 -13 2382 1 0 1
-6.98783 2.20428 800 -0.0961557 -0.187985 27.9992 10.4173 -13 2383 1 0 1
2.23606 -3.0293 800 0.0730266 0.0886822 27.9998 10.4173 -13 2384 1 0 1
14.1097 6.19523 800 -0.327435 0.5056 27.9935 10.4177 -13 2385 1 0 1
-4.82849 -0.4053 800 -0.0318756 -0.202732 27.9992 10.4173 -13 2386 1 0 1
12.5415 7.04178 800 -0.29365 0.566101 27.9927 10.4179 -13 2387 1 0 1
12.6639 0.320339 800 -0.143502 0.493969 27.9953 10.4176 -13 2388 1 0 1
-0.497958 -3.11755 800 0.159146 -0.0875075 27.9994 10.4174 -13 2389 1 0 1
-0.123438 3.2774 800 -0.162428 0.0106224 27.9995 10.4173 -13 2390 1 0 1
-24.735 -9.18545 800 0.428989 -0.820931 27.9847 10.4182 -13 2391 1 0 1
5.16947 2.8005 800 -0.0537638 0.228876 27.999 10.4174 -13 2392 1 0 1
0.818001 -2.78934 800 -0.00548544 0.0662816 27.9999 10.4173 -13 2393 1 0 1
8.8996 0.91331 800 -0.116324 0.285465 27.9983 10.4174 -13 2394 1 0 1
-2.3937 2.05667 800 0.0134878 -0.0828497 27.9999 10.4173 -13 2395 1 0 1
-0.76696 4.08662 800 -0.253743 -0.0256528 27.9988 10.4174 -13 2396 1 0 1
-3.71601 0.492244 800 0.0107939 -0.158199 27.9996 10.4173 -13 2397 1 0 1
6.50785 7.11553 800 -0.222125 0.308383 27.9974 10.4175 -13 2398 1 0 1
-5.59122 2.20567 800 -0.0205491 -0.121151 27.9997 10.4173 -13 2399 1 0 1
-7.75388 -6.88117 800 0.262059 -0.313594 27.997 10.4175 -13 2400 1 0 1
4.53669 4.79713 800 -0.210809 0.242885 27.9982 10.4175 -13 2401 1 0 1
-1.65588 2.60685 800 -0.105821 -0.0814868 27.9997 10.4173 -13 2402 1 0 1
-2.19373 2.66462 800 -0.0500374 -0.125527 27.9997 10.4173 -13 2403 1 0 1
-2.15261 2.01436 800 -0.0411902 -0.155579 27.9995 10.4173 -13 2404 1 0 1
-0.210466 -0.650849 800 0.0265879 -0.0905813 27.9998 10.4173 -13 2405 1 0 1
-11.6219 -3.57327 800 0.0828619 -0.31694 27.9981 10.4174 -13 2406 1 0 1
-9.81792 -6.47769 800 0.221504 -0.311413 27.9974 10.4174 -13 2407 1 0 1
-2.8598 -2.50577 800 0.158652 -0.105084 27.9994 10.4173 -13 2408 1 0 1
-4.14264 1.21664 800 0.0365094 -0.196475 27.9993 10.4173 -13 2409 1 0 1
-5.83744 -7.12441 800 0.268786 -0.184326 27.9981 10.4174 -13 2410 1 0 1
-16.9802 1.11838 800 0.0821087 -0.53418 27.9948 10.4176 -13 2411 1 0 1
-0.416007 -0.471909 800 0.0779222 -0.0406252 27.9999 10.4173 -13 2412 1 0 1
-6.66138 -4.25288 800 0.255629 -0.217164 27.998 10.4174 -13 2413 1 0 1
14.3077 3.24282 800 -0.224832 0.46844 27.9952 10.4176 -13 2414 1 0 1
13.1067 4.73492 800 -0.288292 0.544267 27.9932 10.4178 -13 2415 1 0 1
7.91528 4.69511 800 -0.291257 0.375864 27.996 10.4177 -13 2416 1 0 1
-10.9625 -0.461202 800 0.145778 -0.466233 27.9957 10.4176 -13 2417 1 0 1
19.7267 6.45151 800 -0.466234 0.723605 27.9868 10.4183 -13 2418 1 0 1
-13.418 -0.356125 800 0.0367004 -0.496022 27.9956 10.4176 -13 2419 1 0 1
12.9806 5.38085 800 -0.295278 0.441209 27.995 10.4176 -13 2420 1 0 1
2.60831 -0.851257 800 -0.0162907 0.0507644 27.9999 10.4173 -13 2421 1 0 1
6.1702 1.61664 800 -0.0718995 0.288831 27.9984 10.4174 -13 2422 1 0 1
-2.9238 -1.70866 800 0.0919979 -0.127272 27.9996 10.4173 -13 2423 1 0 1
1.71029 -4.04509 800 0.163693 0.166488 27.999 10.4174 -13 2424 1 0 1
1.97403 -4.9614 800 0.117219 0.0696825 27.9997 10.4173 -13 2425 1 0 1
-4.72262 1.71654 800 -0.117928 -0.21235 27.9989 10.4174 -13 2426 1 0 1
6.14082 0.209136 800 -0.0177766 0.142366 27.9996 10.4173 -13 2427 1 0 1
3.36798 3.49634 800 -0.154392 0.0343172 27.9996 10.4173 -13 2428 1 0 1
-7.09843 -3.26462 800 0.15063 -0.252216 27.9985 10.4174 -13 2429 1 0 1
-10.0237 5.09987 800 -0.154236 -0.351954 27.9974 10.4174 -13 2430 1 0 1
19.381 2.53918 800 -0.243343 0.616731 27.9921 10.4178 -13 2431 1 0 1
-10.2962 -7.0358 800 0.305667 -0.292866 27.9968 10.4175 -13 2432 1 0 1
10.9651 -3.63656 800 0.0468248 0.312232 27.9982 10.4174 -13 2433 1 0 1
1.54749 2.09915 800 -0.0688848 0.0456089 27.9999 10.4173 -13 2434 1 0 1
-4.33049 -1.4197 800 -0.0154186 -0.158881 27.9995 10.4173 -13 2435 1 0 1
4.70723 4.34544 800 -0.111969 0.100884 27.9996 10.4173 -13 2436 1 0 1
0.300682 -1.23668 800 0.005618 0.0213502 28 10.4173 -13 2437 1 0 1
14.039 -2.13791 800 0.00575271 0.502054 27.9955 10.4175 -13 2438 1 0 1
8.04698 8.68811 800 -0.284534 0.236444 27.9976 10.4174 -13 2439 1 0 1
-11.1917 -5.15175 800 0.28548 -0.383903 27.9959 10.4175 -13 2440 1 0 1
-14.9572 -7.53832 800 0.336774 -0.48989 27.9937 10.4177 -13 2441 1 0 1
4.00004 -2.32486 800 0.0750789 0.127721 27.9996 10.4173 -13 2442 1 0 1
-5.0433 -3.98868 800 0.0742519 -0.147207 27.9995 10.4173 -13 2443 1 0 1
11.0013 -0.948024 800 -0.0988998 0.364852 27.9974 10.4174 -13 2444 1 0 1
4.82662 5.53061 800 -0.20717 0.172163 27.9987 10.4173 -13 2445 1 0 1
-1.24644 2.54844 800 -0.0927032 -0.0741802 27.9997 10.4173 -13 2446 1 0 1
-17.4281 -0.709263 800 0.158544 -0.669411 27.9915 10.4179 -13 2447 1 0 1
-5.25688 -1.27305 800 -0.0304533 -0.2133 27.9992 10.4174 -13 2448 1 0 1
1.43138 8.62583 800 -0.331635 -0.0110011 27.998 10.4174 -13 2449 1 0 1
-4.73782 -0.304076 800 -0.0236688 -0.219703 27.9991 10.4174 -13 2450 1 0 1
-10.8911 -0.365888 800 0.198473 -0.306241 27.9976 10.4175 -13 2451 1 0 1
3.15655 -0.776797 800 0.122865 0.122986 27.9995 10.4174 -13 2452 1 0 1
7.67113 5.78541 800 -0.284391 0.219112 27.9977 10.4174 -13 2453 1 0 1
-0.0199866 -1.2012 800 -0.00502716 -0.0456262 28 10.4173 -13 2454 1 0 1
0.356769 -0.248994 800 0.00960286 -0.00285745 28 10.4173 -13 2455 1 0 1
12.2623 5.0732 800 -0.337529 0.404204 27.995 10.4176 -13 2456 1 0 1
-7.47983 0.598691 800 0.0117861 -0.273312 27.9987 10.4173 -13 2457 1 0 1
10.5783 6.5303 800 -0.332921 0.346529 27.9959 10.4175 -13 2458 1 0 1
2.43402 7.9224 800 -0.412016 0.0768815 27.9969 10.4176 -13 2459 1 0 1
2.05444 1.34374 800 -0.0495009 0.12452 27.9997 10.4173 -13 2460 1 0 1
-3.11641 1.26606 800 -0.00834397 -0.149171 27.9996 10.4173 -13 2461 1 0 1
10.7787 2.22493 800 -0.129038 0.403246 27.9968 10.4175 -13 2462 1 0 1
-14.8998 -0.33195 800 0.159519 -0.505155 27.995 10.4176 -13 2463 1 0 1
-4.80857 0.977102 800 -0.0498808 -0.19941 27.9992 10.4173 -13 2464 1 0 1
-0.294601 1.89223 800 -0.089015 -0.0100654 27.9999 10.4173 -13 2465 1 0 1
1.63397 -5.91652 800 0.243815 0.0295497 27.9989 10.4174 -13 2466 1 0 1
1.64678 4.15388 800 -0.182262 0.0353729 27.9994 10.4173 -13 2467 1 0 1
-14.1149 -4.96675 800 0.35169 -0.483436 27.9936 10.4177 -13 2468 1 0 1
-12.0477 -5.22435 800 0.277442 -0.475416 27.9946 10.4177 -13 2469 1 0 1
2.93648 -0.426168 800 0.00997352 0.0871234 27.9999 10.4173 -13 2470 1 0 1
-4.64513 -7.05136 800 0.344961 -0.150255 27.9975 10.4175 -13 2471 1 0 1
7.68842 -0.913624 800 0.010687 0.215711 27.9992 10.4173 -13 2472 1 0 1
8.51859 2.84046 800 -0.153208 0.245988 27.9985 10.4173 -13 2473 1 0 1
21.2958 6.15096 800 -0.350914 0.76042 27.9875 10.4181 -13 2474 1 0 1
1.01731 5.83212 800 -0.258153 0.0561948 27.9988 10.4174 -13 2475 1 0 1
-2.35211 1.84817 800 -0.0545485 -0.141897 27.9996 10.4173 -13 2476 1 0 1
-0.70695 -1.63851 800 0.0350521 -0.0679847 27.9999 10.4173 -13 2477 1 0 1
-0.83191 5.04608 800 -0.228046 -0.112483 27.9988 10.4174 -13 2478 1 0 1
10.5391 6.77486 800 -0.161661 0.397056 27.9967 10.4176 -13 2479 1 0 1
4.81387 -3.02358 800 0.024221 0.134246 27.9997 10.4173 -13 2480 1 0 1
-7.36743 -3.2911 800 0.122904 -0.323797 27.9979 10.4175 -13 2481 1 0 1
4.3941 -2.57739 800 0.167391 0.031861 27.9995 10.4174 -13 2482 1 0 1
21.9405 1.54584 800 -0.207403 0.76908 27.9887 10.418 -13 2483 1 0 1
2.24232 9.10951 800 -0.35359 0.0928228 27.9976 10.4174 -13 2484 1 0 1
-3.51917 -1.31943 800 0.0239182 -0.138345 27.9996 10.4173 -13 2485 1 0 1
-6.81919 -8.52174 800 0.335728 -0.267537 27.9967 10.4175 -13 2486 1 0 1
4.65211 7.65835 800 -0.25748 0.114144 27.9986 10.4173 -13 2487 1 0 1
10.3438 4.81024 800 -0.381308 0.326038 27.9955 10.4177 -13 2488 1 0 1
-17.1972 -4.89876 800 0.349775 -0.644796 27.9904 10.418 -13 2489 1 0 1
0.026306 -0.479431 800 0.0495756 -0.0164186 28 10.4173 -13 2490 1 0 1
-2.25838 0.198966 800 0.0288366 -0.0400035 28 10.4173 -13 2491 1 0 1
-3.08463 -4.00332 800 0.193768 -0.107721 27.9991 10.4173 -13 2492 1 0 1
10.0921 5.27146 800 -0.23703 0.352589 27.9968 10.4175 -13 2493 1 0 1
-1.95065 1.2624 800 -0.0154816 -0.0778238 27.9999 10.4173 -13 2494 1 0 1
-6.20499 -3.69494 800 0.246842 -0.222473 27.998 10.4174 -13 2495 1 0 1
-5.49543 0.127209 800 0.0987562 -0.177992 27.9993 10.4173 -13 2496 1 0 1
-16.6653 -1.37145 800 0.163116 -0.602143 27.993 10.4177 -13 2497 1 0 1
0.060205 -1.83809 800 0.065542 -0.0163023 27.9999 10.4173 -13 2498 1 0 1
13.1487 6.99725 800 -0.437455 0.52259 27.9917 10.418 -13 2499 1 0 1
11.0602 -2.41737 800 -0.0465528 0.331708 27.998 10.4174 -13 2500 1 0 1
9.46779 0.0907722 800 0.0712767 0.326197 27.998 10.4175 -13 2501 1 0 1
17.3613 5.42967 800 -0.341593 0.464244 27.9941 10.4177 -13 2502 1 0 1
-4.57001 -3.28661 800 0.213805 -0.186434 27.9986 10.4174 -13 2503 1 0 1
7.00585 1.03712 800 -0.0923329 0.239712 27.9988 10.4173 -13 2504 1 0 1
5.16925 0.050489 800 0.0591167 0.118575 27.9997 10.4173 -13 2505 1 0 1
-4.55292 2.84774 800 -0.0296529 -0.118865 27.9997 10.4173 -13 2506 1 0 1
-8.53466 -2.46062 800 0.211271 -0.295085 27.9976 10.4174 -13 2507 1 0 1
5.63979 -4.19659 800 0.0202678 0.137191 27.9997 10.4173 -13 2508 1 0 1
-25.5097 -5.99275 800 0.3686 -0.81075 27.9858 10.4181 -13 2509 1 0 1
14.5728 3.81626 800 -0.161597 0.558628 27.994 10.4177 -13 2510 1 0 1
-3.31477 5.2471 800 -0.142638 -0.112554 27.9994 10.4173 -13 2511 1 0 1
-13.4082 -5.77545 800 0.247233 -0.536302 27.9938 10.4178 -13 2512 1 0 1
-9.29889 -2.1584 800 0.136686 -0.228101 27.9987 10.4173 -13 2513 1 0 1
-22.8986 -6.59387 800 0.409697 -0.786053 27.986 10.4182 -13 2514 1 0 1
7.13467 0.668352 800 -0.163241 0.260297 27.9983 10.4174 -13 2515 1 0 1
2.67928 3.08143 800 -0.0314906 0.0903105 27.9998 10.4173 -13 2516 1 0 1
2.22651 2.78166 800 -0.0729322 0.0546614 27.9999 10.4173 -13 2517 1 0 1
-14.6524 -2.2253 800 0.187432 -0.512248 27.9947 10.4176 -13 2518 1 0 1
0.135991 1.3682 800 -0.106108 -0.0669659 27.9997 10.4173 -13 2519 1 0 1
8.83735 4.92701 800 -0.170961 0.347855 27.9973 10.4175 -13 2520 1 0 1
3.02231 -3.63155 800 0.130475 0.0827977 27.9996 10.4173 -13 2521 1 0 1
-18.0005 -2.49779 800 0.228704 -0.593976 27.9928 10.4177 -13 2522 1 0 1
-0.0971881 1.56121 800 -0.0337255 0.0376067 28 10.4173 -13 2523 1 0 1
-5.32272 3.18352 800 -0.0596304 -0.183509 27.9993 10.4173 -13 2524 1 0 1
1.3503 -2.71369 800 0.0837671 0.0431198 27.9998 10.4173 -13 2525 1 0 1
7.22204 0.993904 800 -0.136269 0.208047 27.9989 10.4173 -13 2526 1 0 1
8.16285 4.19162 800 -0.235661 0.334869 27.997 10.4175 -13 2527 1 0 1
-2.38492 7.64361 800 -0.291784 -0.138685 27.9981 10.4174 -13 2528 1 0 1
-15.4577 -0.949932 800 0.0827757 -0.595112 27.9936 10.4177 -13 2529 1 0 1
-2.03321 -2.09088 800 0.0906747 -0.0771081 27.9997 10.4173 -13 2530 1 0 1
-9.83693 -6.07771 800 0.260369 -0.421964 27.9956 10.4176 -13 2531 1 0 1
19.2927 0.92056 800 -0.0369277 0.595058 27.9937 10.4177 -13 2532 1 0 1
2.25095 -3.30893 800 0.0580131 -0.0339321 27.9999 10.4174 -13 2533 1 0 1
4.93508 2.68315 800 -0.152098 0.113539 27.9994 10.4173 -13 2534 1 0 1
11.4594 -4.17186 800 0.133161 0.372541 27.9972 10.4175 -13 2535 1 0 1
2.84268 -1.86426 800 0.0933442 0.0419959 27.9998 10.4173 -13 2536 1 0 1
6.93391 2.10931 800 -0.0972377 0.19862 27.9991 10.4173 -13 2537 1 0 1
5.73617 0.63487 800 -0.0358303 0.212005 27.9992 10.4173 -13 2538 1 0 1
-1.18191 -3.4442 800 0.18352 0.0109729 27.9994 10.4173 -13 2539 1 0 1
-1.34609 -0.542628 800 -0.0223878 -0.0212493 28 10.4173 -13 2540 1 0 1
7.41534 0.885375 800 -0.0441016 0.196824 27.9993 10.4173 -13 2541 1 0 1
5.72802 2.38714 800 -0.0988935 0.177848 27.9993 10.4173 -13 2542 1 0 1
-15.1611 -5.43256 800 0.27331 -0.528665 27.9937 10.4177 -13 2543 1 0 1
15.0599 13.5382 800 -0.67671 0.512938 27.9871 10.4182 -13 2544 1 0 1
-13.1673 -0.398708 800 0.0579299 -0.515308 27.9952 10.4176 -13 2545 1 0 1
0.676871 2.67074 800 -0.186884 -0.0191758 27.9994 10.4173 -13 2546 1 0 1
-3.35151 0.68 800 0.0354706 -0.144988 27.9996 10.4173 -13 2547 1 0 1
-8.1175 -0.733548 800 0.226012 -0.202218 27.9984 10.4175 -13 2548 1 0 1
-12.2267 -0.127632 800 0.0866763 -0.49467 27.9955 10.4176 -13 2549 1 0 1
13.7882 0.254787 800 -0.0745737 0.446572 27.9963 10.4175 -13 2550 1 0 1
0.714664 -0.226385 800 -0.0239644 0.124397 27.9997 10.4173 -13 2551 1 0 1
-0.70481 2.57457 800 -0.139527 0.00878032 27.9997 10.4173 -13 2552 1 0 1
-2.29375 2.81118 800 -0.198404 -0.0544439 27.9992 10.4174 -13 2553 1 0 1
-6.55162 -1.27899 800 -0.0300276 -0.186237 27.9994 10.4174 -13 2554 1 0 1
7.31524 4.7933 800 -0.199851 0.236492 27.9983 10.4174 -13 2555 1 0 1
6.1899 2.28755 800 -0.161705 0.114084 27.9993 10.4173 -13 2556 1 0 1
6.89074 -2.72968 800 0.0105263 0.211378 27.9992 10.4173 -13 2557 1 0 1
4.7744 -2.85492 800 0.135429 0.265294 27.9984 10.4174 -13 2558 1 0 1
-0.405791 2.31218 800 -0.0884486 0.00641282 27.9999 10.4173 -13 2559 1 0 1
2.05722 -4.01329 800 0.123953 -0.00159242 27.9997 10.4173 -13 2560 1 0 1
-15.0811 -9.81288 800 0.439859 -0.526591 27.9916 10.4178 -13 2561 1 0 1
-6.00155 0.546117 800 0.0942145 -0.157573 27.9994 10.4173 -13 2562 1 0 1
16.042 9.88249 800 -0.522596 0.561883 27.9895 10.418 -13 2563 1 0 1
1.09099 -1.42491 800 0.078987 -0.0256748 27.9999 10.4173 -13 2564 1 0 1
16.8057 -4.76034 800 0.0302048 0.580959 27.994 10.4176 -13 2565 1 0 1
9.13419 -2.44282 800 0.048122 0.224438 27.9991 10.4174 -13 2566 1 0 1
0.487499 1.62859 800 -0.0468502 0.00141356 28 10.4173 -13 2567 1 0 1
-0.072006 0.507056 800 0.00510063 -0.0209728 28 10.4173 -13 2568 1 0 1
2.99777 3.72895 800 -0.211145 -2.3214e-05 27.9992 10.4174 -13 2569 1 0 1
3.81924 8.74315 800 -0.447349 0.0975341 27.9963 10.4176 -13 2570 1 0 1
-10.9295 -3.37739 800 0.137677 -0.344135 27.9975 10.4174 -13 2571 1 0 1
-0.0382201 4.36536 800 -0.222311 -0.0787074 27.999 10.4174 -13 2572 1 0 1
-18.4313 -0.863106 800 0.190942 -0.56111 27.9937 10.4177 -13 2573 1 0 1
4.42811 1.06756 800 -0.0228472 0.188445 27.9994 10.4173 -13 2574 1 0 1
1.12261 -1.23243 800 0.0479726 -0.00457983 28 10.4173 -13 2575 1 0 1
-0.724337 -3.0832 800 -0.00343564 -0.125716 27.9997 10.4174 -13 2576 1 0 1
2.89985 12.9115 800 -0.539745 0.22343 27.9939 10.4179 -13 2577 1 0 1
15.1004 -2.55082 800 0.0588151 0.581133 27.9939 10.4177 -13 2578 1 0 1
-8.8202 -1.97274 800 0.0807033 -0.323019 27.998 10.4174 -13 2579 1 0 1
7.10045 4.74004 800 -0.264565 0.25378 27.9976 10.4174 -13 2580 1 0 1
11.4874 3.29558 800 -0.165639 0.383737 27.9969 10.4175 -13 2581 1 0 1
-11.6203 -9.83872 800 0.432737 -0.409244 27.9937 10.4177 -13 2582 1 0 1
-11.9114 -2.34382 800 0.14445 -0.469753 27.9957 10.4176 -13 2583 1 0 1
0.898328 0.640514 800 0.0418473 0.0462993 27.9999 10.4173 -13 2584 1 0 1
-7.9418 0.850519 800 0.0367655 -0.252608 27.9988 10.4173 -13 2585 1 0 1
9.61472 -0.592984 800 -0.0934275 0.302082 27.9982 10.4174 -13 2586 1 0 1
6.16633 2.5859 800 -0.142075 0.261649 27.9984 10.4174 -13 2587 1 0 1
4.54968 -1.31431 800 0.0704443 0.269353 27.9986 10.4174 -13 2588 1 0 1
0.671599 0.33737 800 -0.0223599 0.0556266 27.9999 10.4173 -13 2589 1 0 1
14.4123 0.168764 800 -0.0965546 0.618322 27.993 10.4178 -13 2590 1 0 1
3.02435 -3.27758 800 0.0864541 0.0954025 27.9997 10.4173 -13 2591 1 0 1
1.65127 4.87128 800 -0.205223 0.0693414 27.9992 10.4173 -13 2592 1 0 1
32.4027 7.49965 800 -0.451921 1.15131 27.9727 10.4191 -13 2593 1 0 1
-0.491767 -6.7771 800 0.276749 -0.050671 27.9986 10.4174 -13 2594 1 0 1
14.8393 4.5151 800 -0.191049 0.578993 27.9934 10.4178 -13 2595 1 0 1
-0.438268 -1.95899 800 0.0786139 -0.0407708 27.9999 10.4173 -13 2596 1 0 1
-9.37805 1.15781 800 -0.0756542 -0.334663 27.9979 10.4174 -13 2597 1 0 1
3.57106 0.0464853 800 -0.00821529 0.21527 27.9992 10.4174 -13 2598 1 0 1
6.3056 2.1516 800 -0.161195 0.158849 27.9991 10.4173 -13 2599 1 0 1
-6.07803 -4.44981 800 0.261299 -0.212628 27.998 10.4174 -13 2600 1 0 1
3.68154 3.69981 800 -0.196229 0.20435 27.9986 10.4174 -13 2601 1 0 1
-0.930612 3.76553 800 -0.203732 -0.0334455 27.9992 10.4173 -13 2602 1 0 1
-6.06002 -6.31712 800 0.280985 -0.0979031 27.9984 10.4174 -13 2603 1 0 1
17.3586 5.36989 800 -0.334637 0.722762 27.9887 10.4182 -13 2604 1 0 1
-6.89765 -3.38126 800 0.298499 -0.20248 27.9977 10.4175 -13 2605 1 0 1
-4.58408 -1.00715 800 0.0123177 -0.155458 27.9996 10.4173 -13 2606 1 0 1
8.65273 8.90114 800 -0.389299 0.227626 27.9964 10.4175 -13 2607 1 0 1
13.8117 3.10109 800 -0.274035 0.490313 27.9944 10.4177 -13 2608 1 0 1
4.97558 -0.240898 800 -0.00755147 0.209231 27.9992 10.4173 -13 2609 1 0 1
1.94028 3.48801 800 -0.170613 0.0604223 27.9994 10.4173 -13 2610 1 0 1
-2.36011 -4.29609 800 0.0518663 -0.0359184 27.9999 10.4173 -13 2611 1 0 1
-16.6754 -7.30353 800 0.401567 -0.577904 27.9912 10.4179 -13 2612 1 0 1
-9.35975 -5.70738 800 0.270001 -0.233685 27.9977 10.4174 -13 2613 1 0 1
11.5213 7.45066 800 -0.402 0.462221 27.9933 10.4178 -13 2614 1 0 1
-14.9577 0.715048 800 -0.0399862 -0.465231 27.9961 10.4176 -13 2615 1 0 1
-0.0353785 2.12933 800 -0.0164508 -0.0997386 27.9998 10.4173 -13 2616 1 0 1
4.08992 -0.0356762 800 -0.0159542 0.1529 27.9996 10.4173 -13 2617 1 0 1
-2.39564 2.3388 800 -0.028893 -0.00600116 28 10.4173 -13 2618 1 0 1
2.81671 0.771777 800 -0.0210206 0.124907 27.9997 10.4173 -13 2619 1 0 1
3.09545 -3.93499 800 0.0729021 0.17578 27.9994 10.4173 -13 2620 1 0 1
9.685 4.90819 800 -0.186957 0.332481 27.9974 10.4174 -13 2621 1 0 1
-2.22356 -3.67185 800 0.119636 -0.0646823 27.9997 10.4173 -13 2622 1 0 1
3.0734 3.74088 800 -0.146041 0.114389 27.9994 10.4173 -13 2623 1 0 1
-1.7799 5.45757 800 -0.255282 -0.0838633 27.9987 10.4174 -13 2624 1 0 1
-18.8366 -8.34344 800 0.340873 -0.606088 27.9914 10.4178 -13 2625 1 0 1
-5.61834 0.95459 800 0.0931555 -0.258051 27.9987 10.4174 -13 2626 1 0 1
3.88655 6.55005 800 -0.189349 0.15992 27.9989 10.4174 -13 2627 1 0 1
5.06502 1.09624 800 -0.0931009 0.175675 27.9993 10.4173 -13 2628 1 0 1
-7.16283 -7.62802 800 0.494347 -0.277615 27.9943 10.4179 -13 2629 1 0 1
-0.494625 -4.98762 800 0.302985 0.0250041 27.9983 10.4175 -13 2630 1 0 1
2.14264 3.06186 800 -0.194469 0.0735683 27.9992 10.4173 -13 2631 1 0 1
-17.1997 1.75937 800 0.00183248 -0.498373 27.9956 10.4176 -13 2632 1 0 1
13.3543 -0.953108 800 -0.070829 0.44402 27.9964 10.4175 -13 2633 1 0 1
-17.4009 -2.84742 800 0.232469 -0.658705 27.9913 10.4179 -13 2634 1 0 1
-4.61422 -5.5792 800 0.290363 -0.10704 27.9983 10.4174 -13 2635 1 0 1
-0.325894 1.36166 800 -0.00666503 -0.0459129 28 10.4173 -13 2636 1 0 1
-2.98804 -7.34889 800 0.21651 -0.144363 27.9988 10.4174 -13 2637 1 0 1
-9.88213 3.07028 800 -0.11176 -0.265322 27.9985 10.4174 -13 2638 1 0 1
14.2203 6.70616 800 -0.305465 0.522778 27.9935 10.4177 -13 2639 1 0 1
13.7895 1.20312 800 -0.138321 0.450156 27.996 10.4175 -13 2640 1 0 1
1.47852 3.10304 800 -0.236584 0.0928778 27.9988 10.4174 -13 2641 1 0 1
-2.44451 -0.229699 800 0.0432553 -0.201569 27.9992 10.4174 -13 2642 1 0 1
-0.261051 3.29362 800 -0.039493 0.0500417 27.9999 10.4173 -13 2643 1 0 1
-3.64501 5.40662 800 -0.116343 -0.0857428 27.9996 10.4173 -13 2644 1 0 1
3.8917 -1.75672 800 0.0707435 0.173758 27.9994 10.4173 -13 2645 1 0 1
-4.57113 -2.3486 800 0.0619082 -0.224601 27.999 10.4174 -13 2646 1 0 1
10.982 5.30906 800 -0.155964 0.298347 27.998 10.4174 -13 2647 1 0 1
4.53496 -1.0804 800 0.0867698 0.250893 27.9987 10.4174 -13 2648 1 0 1
-3.41589 1.15274 800 0.105256 -0.0676617 27.9997 10.4174 -13 2649 1 0 1
18.1979 5.89568 800 -0.35757 0.614454 27.991 10.4179 -13 2650 1 0 1
-5.65245 2.94968 800 -0.106031 -0.266066 27.9985 10.4174 -13 2651 1 0 1
15.3353 -1.32677 800 -0.103864 0.539849 27.9946 10.4176 -13 2652 1 0 1
6.3759 3.42757 800 -0.17454 0.234526 27.9985 10.4174 -13 2653 1 0 1
-0.754968 -0.882072 800 -0.0979439 0.0398156 27.9998 10.4174 -13 2654 1 0 1
-0.675209 -2.65553 800 0.164619 -0.0589411 27.9995 10.4173 -13 2655 1 0 1
10.8164 3.38309 800 -0.165922 0.333874 27.9975 10.4174 -13 2656 1 0 1
-0.268638 -1.72197 800 0.0648532 0.024602 27.9999 10.4173 -13 2657 1 0 1
-0.247488 -7.43777 800 0.305114 0.112829 27.9981 10.4174 -13 2658 1 0 1
-2.96381 4.15843 800 -0.115936 -0.072071 27.9997 10.4173 -13 2659 1 0 1
-1.75632 0.558992 800 -0.134203 -0.0233479 27.9997 10.4174 -13 2660 1 0 1
0.660723 1.95714 800 -0.0997015 0.0116232 27.9998 10.4173 -13 2661 1 0 1
-4.84269 1.64201 800 -0.113553 -0.163258 27.9993 10.4173 -13 2662 1 0 1
3.88782 2.67208 800 -0.124697 0.168983 27.9992 10.4173 -13 2663 1 0 1
-15.96 -5.77668 800 0.279749 -0.484534 27.9944 10.4176 -13 2664 1 0 1
-14.3494 -4.45915 800 0.265533 -0.537656 27.9936 10.4177 -13 2665 1 0 1
-11.0802 -10.3291 800 0.439036 -0.237924 27.9955 10.4176 -13 2666 1 0 1
-5.88967 -5.03103 800 0.201234 -0.17019 27.9988 10.4173 -13 2667 1 0 1
6.55632 3.33941 800 -0.182054 0.226981 27.9985 10.4174 -13 2668 1 0 1
14.3375 1.60992 800 -0.0694911 0.428578 27.9966 10.4175 -13 2669 1 0 1
-20.6037 -4.4132 800 0.313431 -0.714511 27.9891 10.418 -13 2670 1 0 1
-12.3339 3.46238 800 -0.0265162 -0.415871 27.9969 10.4174 -13 2671 1 0 1
1.23748 -3.91793 800 0.100959 -0.0145639 27.9998 10.4173 -13 2672 1 0 1
10.7395 5.39132 800 -0.216247 0.43073 27.9959 10.4176 -13 2673 1 0 1
9.34067 4.51893 800 -0.309824 0.361253 27.996 10.4176 -13 2674 1 0 1
12.8306 -4.43609 800 0.0675446 0.413733 27.9969 10.4175 -13 2675 1 0 1
-13.089 -6.65948 800 0.377957 -0.457273 27.9937 10.4177 -13 2676 1 0 1
15.4826 -3.22796 800 -0.0185874 0.578013 27.994 10.4176 -13 2677 1 0 1
-12.3939 -5.1482 800 0.314637 -0.521305 27.9934 10.4178 -13 2678 1 0 1
0.645783 0.0435024 800 0.073711 0.112914 27.9997 10.4174 -13 2679 1 0 1
15.0492 4.76426 800 -0.281642 0.479967 27.9945 10.4176 -13 2680 1 0 1
13.5161 2.1797 800 -0.0478726 0.415799 27.9969 10.4175 -13 2681 1 0 1
5.40312 -0.0494985 800 -0.114096 0.175415 27.9992 10.4173 -13 2682 1 0 1
-0.882533 -0.22626 800 0.0400023 0.116391 27.9997 10.4174 -13 2683 1 0 1
-2.74052 1.64099 800 -0.051829 -0.130271 27.9996 10.4173 -13 2684 1 0 1
4.83747 1.28792 800 -0.0267074 0.201373 27.9993 10.4173 -13 2685 1 0 1
7.70575 4.59479 800 -0.209012 0.209897 27.9984 10.4174 -13 2686 1 0 1
-14.5612 -1.47559 800 0.17779 -0.603035 27.9929 10.4178 -13 2687 1 0 1
8.65089 4.2037 800 -0.172544 0.328403 27.9975 10.4174 -13 2688 1 0 1
0.4181 -0.0126788 800 0.0411676 -0.00933083 28 10.4173 -13 2689 1 0 1
21.286 13.3319 800 -0.579685 0.832868 27.9816 10.4187 -13 2690 1 0 1
-10.9019 -2.40445 800 0.143038 -0.33103 27.9977 10.4174 -13 2691 1 0 1
-4.00002 1.71182 800 0.0447313 -0.0639162 27.9999 10.4173 -13 2692 1 0 1
4.3077 -0.108369 800 -0.0152994 0.111271 27.9998 10.4173 -13 2693 1 0 1
-2.08683 1.77871 800 -0.0469069 -0.0802084 27.9998 10.4173 -13 2694 1 0 1
0.267604 0.205569 800 0.0909225 0.0147229 27.9998 10.4173 -13 2695 1 0 1
-13.0441 2.21133 800 0.0238393 -0.395712 27.9972 10.4174 -13 2696 1 0 1
3.84469 3.65008 800 -0.147135 0.129233 27.9993 10.4173 -13 2697 1 0 1
-1.71711 -0.32243 800 -0.0190753 -0.0542761 27.9999 10.4173 -13 2698 1 0 1
7.77489 -6.96105 800 0.279054 0.218708 27.9978 10.4175 -13 2699 1 0 1
-2.28293 -0.155733 800 0.0504196 -0.0188537 27.9999 10.4173 -13 2700 1 0 1
-12.8201 -9.50277 800 0.40307 -0.478426 27.993 10.4178 -13 2701 1 0 1
-6.34979 1.57623 800 -0.0191688 -0.150531 27.9996 10.4173 -13 2702 1 0 1
1.24543 2.97347 800 -0.123056 0.00159791 27.9997 10.4173 -13 2703 1 0 1
14.7062 6.56902 800 -0.452269 0.506155 27.9918 10.4179 -13 2704 1 0 1
21.9741 8.4158 800 -0.350782 0.8186 27.9858 10.4183 -13 2705 1 0 1
8.84624 2.54913 800 -0.128077 0.334754 27.9977 10.4174 -13 2706 1 0 1
-3.08761 4.11115 800 -0.162966 -0.152738 27.9991 10.4173 -13 2707 1 0 1
3.10681 -0.696813 800 0.068896 0.107706 27.9997 10.4173 -13 2708 1 0 1
12.6773 -4.11222 800 0.0516601 0.49561 27.9956 10.4176 -13 2709 1 0 1
-8.23098 -7.00618 800 0.27751 -0.377158 27.9961 10.4176 -13 2710 1 0 1
8.51507 0.97451 800 0.00174318 0.332812 27.998 10.4174 -13 2711 1 0 1
14.4486 -1.96452 800 -0.0312431 0.519208 27.9952 10.4176 -13 2712 1 0 1
-11.6797 -4.14094 800 0.142768 -0.418885 27.9965 10.4175 -13 2713 1 0 1
-13.2796 -5.18566 800 0.222581 -0.436958 27.9957 10.4175 -13 2714 1 0 1
7.95413 3.41538 800 -0.135845 0.288422 27.9982 10.4174 -13 2715 1 0 1
13.5349 7.68302 800 -0.384437 0.464448 27.9935 10.4177 -13 2716 1 0 1
5.68546 -1.35848 800 0.0306344 0.206812 27.9992 10.4173 -13 2717 1 0 1
-5.99391 -4.06143 800 0.152347 -0.176136 27.999 10.4173 -13 2718 1 0 1
-20.2938 -3.51337 800 0.244796 -0.660976 27.9911 10.4178 -13 2719 1 0 1
13.8803 -1.21448 800 -0.0546039 0.465531 27.9961 10.4175 -13 2720 1 0 1
-0.145726 -2.12014 800 0.0946516 -0.0581513 27.9998 10.4173 -13 2721 1 0 1
-5.02544 2.80957 800 -0.0776253 -0.204839 27.9991 10.4173 -13 2722 1 0 1
3.74025 3.27347 800 -0.0989096 0.133084 27.9995 10.4173 -13 2723 1 0 1
-9.38819 -0.00306452 800 0.00791018 -0.281105 27.9986 10.4174 -13 2724 1 0 1
4.54338 2.34516 800 -0.176975 0.253741 27.9983 10.4175 -13 2725 1 0 1
-0.80076 -1.40744 800 0.0411745 -0.0769972 27.9999 10.4173 -13 2726 1 0 1
-13.2391 -1.93917 800 0.200174 -0.465181 27.9954 10.4176 -13 2727 1 0 1
-15.6845 -5.30607 800 0.270006 -0.577581 27.9927 10.4178 -13 2728 1 0 1
7.3385 3.78066 800 -0.237616 0.299802 27.9974 10.4175 -13 2729 1 0 1
15.0285 -0.105046 800 0.0347284 0.556313 27.9945 10.4177 -13 2730 1 0 1
-11.9254 -6.52337 800 0.395217 -0.313511 27.9955 10.4176 -13 2731 1 0 1
8.70535 -0.115846 800 -0.0788611 0.36656 27.9975 10.4175 -13 2732 1 0 1
9.41801 7.50877 800 -0.215692 0.303673 27.9975 10.4175 -13 2733 1 0 1
7.66176 -2.2337 800 0.0764246 0.237966 27.9989 10.4173 -13 2734 1 0 1
-0.900933 -0.265557 800 0.0756969 -0.037934 27.9999 10.4173 -13 2735 1 0 1
8.81746 2.19033 800 -0.144249 0.298643 27.998 10.4174 -13 2736 1 0 1
-1.86028 -0.175505 800 -0.0122547 0.00161287 28 10.4173 -13 2737 1 0 1
-12.8493 -2.56129 800 0.143936 -0.46585 27.9958 10.4175 -13 2738 1 0 1
3.29013 0.0799571 800 -0.0880702 0.046063 27.9998 10.4173 -13 2739 1 0 1
-17.3421 -4.48636 800 0.258743 -0.621617 27.9919 10.4178 -13 2740 1 0 1
6.37255 5.64372 800 -0.229066 0.192145 27.9984 10.4174 -13 2741 1 0 1
5.55312 -2.94948 800 0.12102 0.195356 27.9991 10.4173 -13 2742 1 0 1
12.177 2.33096 800 -0.0993434 0.37462 27.9973 10.4174 -13 2743 1 0 1
11.1872 7.8876 800 -0.298217 0.433296 27.9951 10.4176 -13 2744 1 0 1
5.57665 -0.394071 800 0.0807628 0.211249 27.9991 10.4174 -13 2745 1 0 1
3.02873 0.668235 800 0.00406033 0.154163 27.9996 10.4173 -13 2746 1 0 1
0.28171 -5.25532 800 0.290428 -0.0478005 27.9985 10.4175 -13 2747 1 0 1
-12.1265 0.776879 800 -0.0699639 -0.426545 27.9967 10.4175 -13 2748 1 0 1
-2.72527 -1.07761 800 0.0551308 -0.224782 27.999 10.4174 -13 2749 1 0 1
-3.48042 2.71325 800 -0.0131926 -0.0174877 28 10.4173 -13 2750 1 0 1
20.4599 7.63509 800 -0.366888 0.677344 27.9894 10.4179 -13 2751 1 0 1
6.95775 -0.399192 800 0.0155776 0.23354 27.999 10.4173 -13 2752 1 0 1
5.50731 7.66061 800 -0.33674 0.222876 27.9971 10.4175 -13 2753 1 0 1
-1.04568 7.0383 800 -0.264797 -0.0797317 27.9986 10.4174 -13 2754 1 0 1
2.35742 -0.620041 800 0.00333264 0.0595455 27.9999 10.4173 -13 2755 1 0 1
18.1961 5.756 800 -0.287216 0.704636 27.9897 10.418 -13 2756 1 0 1
-6.02074 2.61563 800 -0.0926683 -0.239425 27.9988 10.4173 -13 2757 1 0 1
5.96148 -0.68398 800 0.0027849 0.147708 27.9996 10.4173 -13 2758 1 0 1
2.0698 2.89263 800 -0.0238547 0.117173 27.9997 10.4173 -13 2759 1 0 1
3.5883 -1.05634 800 -0.0328429 0.119466 27.9997 10.4173 -13 2760 1 0 1
-11.432 -6.07401 800 0.290396 -0.314821 27.9967 10.4175 -13 2761 1 0 1
-1.31822 0.274416 800 -0.0373095 0.00155323 28 10.4173 -13 2762 1 0 1
-8.92735 1.06217 800 -0.155517 -0.368133 27.9971 10.4176 -13 2763 1 0 1
-0.0733583 0.749874 800 -0.095797 0.0476402 27.9998 10.4173 -13 2764 1 0 1
2.50548 4.18852 800 -0.133653 0.10662 27.9995 10.4173 -13 2765 1 0 1
7.56805 -1.66462 800 0.141706 0.230784 27.9987 10.4174 -13 2766 1 0 1
-5.19512 -0.883275 800 0.132371 -0.248692 27.9986 10.4174 -13 2767 1 0 1
-13.6617 -11.8749 800 0.616219 -0.452488 27.9896 10.4181 -13 2768 1 0 1
4.47303 -3.06919 800 0.11631 0.135621 27.9994 10.4173 -13 2769 1 0 1
1.42264 -6.12521 800 0.223031 -0.00617427 27.9991 10.4174 -13 2770 1 0 1
2.90968 6.52036 800 -0.28412 0.131796 27.9982 10.4174 -13 2771 1 0 1
-5.82019 8.08899 800 -0.386683 -0.21612 27.9965 10.4176 -13 2772 1 0 1
5.99281 3.77782 800 -0.221133 0.173032 27.9986 10.4174 -13 2773 1 0 1
-7.32606 -2.21253 800 0.203523 -0.242416 27.9982 10.4174 -13 2774 1 0 1
2.03113 -1.48401 800 0.062384 0.0555716 27.9999 10.4173 -13 2775 1 0 1
0.518982 4.58099 800 -0.11444 0.0758395 27.9997 10.4173 -13 2776 1 0 1
-9.02463 5.24927 800 -0.263467 -0.269699 27.9975 10.4175 -13 2777 1 0 1
-2.08473 -0.935267 800 -0.0982561 -0.0687553 27.9997 10.4174 -13 2778 1 0 1
13.9814 5.36994 800 -0.299729 0.478009 27.9943 10.4176 -13 2779 1 0 1
-0.556466 1.28942 800 -0.0886513 -0.0997838 27.9997 10.4173 -13 2780 1 0 1
3.55678 -6.75548 800 0.211116 0.175109 27.9987 10.4173 -13 2781 1 0 1
-0.579724 -2.10156 800 0.0721019 -0.0136812 27.9999 10.4173 -13 2782 1 0 1
3.1682 1.92959 800 -0.157761 0.095149 27.9994 10.4173 -13 2783 1 0 1
-1.52453 0.721421 800 -0.0188633 -0.0335626 28 10.4173 -13 2784 1 0 1
-4.51481 -2.16483 800 0.0610061 -0.184852 27.9993 10.4173 -13 2785 1 0 1
2.16236 1.45859 800 0.0112147 0.105555 27.9998 10.4173 -13 2786 1 0 1
-11.8394 2.34399 800 -0.0892132 -0.384969 27.9972 10.4175 -13 2787 1 0 1
3.23189 0.923399 800 -0.0764635 0.19778 27.9992 10.4174 -13 2788 1 0 1
5.90915 -2.76572 800 0.0605569 0.141786 27.9996 10.4173 -13 2789 1 0 1
0.73458 -3.0402 800 0.166896 -0.0634678 27.9994 10.4174 -13 2790 1 0 1
0.48914 -2.95293 800 0.103487 0.114833 27.9996 10.4173 -13 2791 1 0 1
-6.68272 0.426189 800 0.107316 -0.138994 27.9994 10.4174 -13 2792 1 0 1
-0.942684 -6.13754 800 0.247836 -0.0408117 27.9989 10.4173 -13 2793 1 0 1
-0.996477 -3.29414 800 0.134153 -0.0134155 27.9997 10.4173 -13 2794 1 0 1
-2.04848 0.87281 800 0.0114094 -0.0928662 27.9998 10.4173 -13 2795 1 0 1
-15.7976 -6.00553 800 0.154154 -0.535555 27.9945 10.4177 -13 2796 1 0 1
-18.8788 -5.0055 800 0.283653 -0.59798 27.9922 10.4177 -13 2797 1 0 1
3.02308 -4.65914 800 0.243666 0.175131 27.9984 10.4174 -13 2798 1 0 1
10.4601 3.08319 800 -0.11376 0.352692 27.9975 10.4174 -13 2799 1 0 1
14.2904 7.8865 800 -0.426935 0.446174 27.9932 10.4177 -13 2800 1 0 1
-6.26275 -5.97282 800 0.331783 -0.27237 27.9967 10.4176 -13 2801 1 0 1
1.06679 2.24791 800 -0.0649196 0.0286161 27.9999 10.4173 -13 2802 1 0 1
-2.70517 -4.27585 800 0.155343 -0.0776605 27.9995 10.4173 -13 2803 1 0 1
-3.47514 -3.56633 800 0.192133 -0.0800014 27.9992 10.4173 -13 2804 1 0 1
-0.228357 0.740111 800 0.00527227 -0.0312872 28 10.4173 -13 2805 1 0 1
0.46985 -0.258942 800 -0.0584502 0.0036921 27.9999 10.4173 -13 2806 1 0 1
-6.69609 -4.6546 800 0.209887 -0.208458 27.9984 10.4174 -13 2807 1 0 1
5.31261 -5.75765 800 0.111351 0.223605 27.9989 10.4173 -13 2808 1 0 1
-3.02785 -5.87089 800 0.28178 -0.0866264 27.9984 10.4174 -13 2809 1 0 1
-3.04895 2.77286 800 -0.00523466 -0.0584093 27.9999 10.4173 -13 2810 1 0 1
-4.86897 -1.84638 800 0.0675761 -0.0807276 27.9998 10.4173 -13 2811 1 0 1
0.337097 -2.65766 800 0.18546 -0.030836 27.9994 10.4174 -13 2812 1 0 1
-10.719 2.65128 800 -0.0908428 -0.335249 27.9978 10.4174 -13 2813 1 0 1
1.58972 5.38066 800 -0.277727 0.107741 27.9984 10.4174 -13 2814 1 0 1
1.63713 2.9758 800 -0.0832414 0.0425787 27.9998 10.4173 -13 2815 1 0 1
18.3931 6.87714 800 -0.320254 0.651608 27.9906 10.4179 -13 2816 1 0 1
-4.13922 -4.95345 800 0.189643 -0.0873468 27.9992 10.4173 -13 2817 1 0 1
6.59322 2.37231 800 -0.164746 0.276574 27.9981 10.4174 -13 2818 1 0 1
-2.8343 4.71051 800 -0.249851 -0.0723543 27.9988 10.4174 -13 2819 1 0 1
-2.8278 -5.86575 800 0.310195 -0.0726333 27.9982 10.4174 -13 2820 1 0 1
13.6928 2.09539 800 -0.135151 0.560154 27.9941 10.4177 -13 2821 1 0 1
0.881344 0.0727132 800 -0.0328356 0.0718265 27.9999 10.4173 -13 2822 1 0 1
3.51957 4.4973 800 -0.159873 0.0825709 27.9994 10.4173 -13 2823 1 0 1
-10.201 -4.77699 800 0.253954 -0.417362 27.9957 10.4176 -13 2824 1 0 1
10.381 -1.38669 800 -0.0496963 0.345357 27.9978 10.4174 -13 2825 1 0 1
3.56579 1.78546 800 -0.11379 0.103922 27.9996 10.4173 -13 2826 1 0 1
22.1142 4.56442 800 -0.322319 0.737715 27.9884 10.418 -13 2827 1 0 1
12.2738 7.67279 800 -0.306139 0.451373 27.9947 10.4176 -13 2828 1 0 1
0.140132 3.42999 800 -0.166295 0.0171063 27.9995 10.4173 -13 2829 1 0 1
-1.0916 -1.4088 800 0.0264784 0.0157059 28 10.4173 -13 2830 1 0 1
-3.22665 -5.68425 800 0.147983 -0.126042 27.9993 10.4173 -13 2831 1 0 1
0.214044 -3.16966 800 0.131115 0.131218 27.9994 10.4174 -13 2832 1 0 1
-4.66683 -1.71299 800 0.0745281 -0.207706 27.9991 10.4173 -13 2833 1 0 1
-8.85235 -0.358671 800 0.0775871 -0.266415 27.9986 10.4173 -13 2834 1 0 1
-9.40605 -3.78439 800 0.241643 -0.371174 27.9965 10.4175 -13 2835 1 0 1
-23.6594 -3.68751 800 0.366483 -0.878689 27.9838 10.4184 -13 2836 1 0 1
2.65458 -1.67595 800 -0.0291664 0.1081 27.9998 10.4173 -13 2837 1 0 1
-0.280918 3.97095 800 -0.146652 0.0230275 27.9996 10.4173 -13 2838 1 0 1
-0.251603 6.98967 800 -0.350356 0.00434644 27.9978 10.4175 -13 2839 1 0 1
1.44623 0.997567 800 -0.0490236 0.207236 27.9992 10.4175 -13 2840 1 0 1
-17.486 -2.46705 800 0.235739 -0.597408 27.9926 10.4177 -13 2841 1 0 1
2.72871 -2.63344 800 0.0653083 0.142303 27.9996 10.4173 -13 2842 1 0 1
2.59272 8.48707 800 -0.334333 0.109871 27.9978 10.4174 -13 2843 1 0 1
-22.1959 -4.64262 800 0.292041 -0.757865 27.9882 10.418 -13 2844 1 0 1
3.29278 -2.45136 800 0.0783049 0.17851 27.9993 10.4173 -13 2845 1 0 1
-2.9178 -5.84757 800 0.145153 -0.225424 27.9987 10.4175 -13 2846 1 0 1
-4.29932 -1.87858 800 0.143325 -0.145616 27.9993 10.4173 -13 2847 1 0 1
-4.18234 -1.95238 800 0.121837 -0.0886918 27.9996 10.4173 -13 2848 1 0 1
4.69402 4.62182 800 -0.274664 0.211896 27.9979 10.4175 -13 2849 1 0 1
7.61131 6.7914 800 -0.327613 0.259466 27.9969 10.4175 -13 2850 1 0 1
9.24286 1.27915 800 -0.137553 0.222064 27.9988 10.4174 -13 2851 1 0 1
-1.39255 1.80809 800 -0.117553 0.0157161 27.9997 10.4173 -13 2852 1 0 1
2.64599 2.99077 800 -0.179036 0.0754182 27.9993 10.4173 -13 2853 1 0 1
15.2292 8.57198 800 -0.468082 0.649764 27.9885 10.4183 -13 2854 1 0 1
-1.89023 1.23991 800 0.051511 -0.0684308 27.9999 10.4173 -13 2855 1 0 1
9.1741 2.71126 800 -0.133754 0.337741 27.9976 10.4174 -13 2856 1 0 1
-7.63519 -2.45286 800 -0.0187532 -0.325194 27.9981 10.4175 -13 2857 1 0 1
-0.510061 0.628765 800 0.0102639 0.0959769 27.9998 10.4173 -13 2858 1 0 1
7.74682 2.34196 800 -0.0988749 0.286449 27.9984 10.4174 -13 2859 1 0 1
-1.69311 -6.25774 800 0.0735347 -0.0645397 27.9998 10.4174 -13 2860 1 0 1
2.81927 1.15489 800 0.0141674 0.0759155 27.9999 10.4173 -13 2861 1 0 1
-3.81453 5.4771 800 -0.196129 -0.109803 27.9991 10.4173 -13 2862 1 0 1
5.86835 2.87245 800 -0.183978 0.172636 27.9989 10.4173 -13 2863 1 0 1
-11.2031 -2.08158 800 0.108465 -0.416489 27.9967 10.4175 -13 2864 1 0 1
4.96015 1.20609 800 -0.102817 0.151227 27.9994 10.4173 -13 2865 1 0 1
-5.08189 -4.31597 800 0.177542 -0.201333 27.9987 10.4174 -13 2866 1 0 1
7.6302 1.55183 800 -0.100147 0.316584 27.998 10.4174 -13 2867 1 0 1
3.29442 -3.41418 800 0.186595 0.134405 27.9991 10.4174 -13 2868 1 0 1
9.64732 3.96548 800 -0.238694 0.340571 27.9969 10.4175 -13 2869 1 0 1
5.47463 0.73419 800 -0.0393165 0.253182 27.9988 10.4174 -13 2870 1 0 1
2.59082 -0.369161 800 -0.108437 0.0506881 27.9997 10.4173 -13 2871 1 0 1
5.16288 -1.52129 800 0.0272476 0.190909 27.9993 10.4173 -13 2872 1 0 1
27.1049 7.34034 800 -0.462221 0.943226 27.9803 10.4186 -13 2873 1 0 1
-9.50505 -1.13413 800 0.174605 -0.323016 27.9976 10.4174 -13 2874 1 0 1
-8.89521 -2.49852 800 0.156531 -0.290099 27.9981 10.4174 -13 2875 1 0 1
-9.20153 -3.8824 800 0.169147 -0.370479 27.997 10.4175 -13 2876 1 0 1
16.3267 1.79382 800 -0.108837 0.589145 27.9936 10.4177 -13 2877 1 0 1
7.64055 0.557134 800 -0.112646 0.268247 27.9985 10.4174 -13 2878 1 0 1
7.38086 -2.41221 800 -0.0103012 0.188183 27.9994 10.4173 -13 2879 1 0 1
-8.74365 2.18428 800 -0.0173158 -0.252547 27.9989 10.4173 -13 2880 1 0 1
-18.7888 -4.7754 800 0.257645 -0.649017 27.9913 10.4178 -13 2881 1 0 1
4.4446 0.374545 800 -0.078312 0.0898451 27.9997 10.4173 -13 2882 1 0 1
2.10489 -2.20221 800 0.196628 0.058231 27.9992 10.4174 -13 2883 1 0 1
5.48913 2.86136 800 -0.124639 0.237879 27.9987 10.4174 -13 2884 1 0 1
-27.2141 -11.4472 800 0.478611 -0.974855 27.9789 10.4187 -13 2885 1 0 1
-7.77896 0.74369 800 -0.0190878 -0.244468 27.9989 10.4173 -13 2886 1 0 1
-6.64083 -2.32859 800 0.116293 -0.258589 27.9986 10.4174 -13 2887 1 0 1
-0.530761 -7.55111 800 0.250137 -0.0485561 27.9988 10.4174 -13 2888 1 0 1
4.11646 0.682723 800 -0.0663069 0.154815 27.9995 10.4173 -13 2889 1 0 1
-9.78141 -1.41956 800 0.103692 -0.349265 27.9976 10.4174 -13 2890 1 0 1
6.22845 -1.54974 800 0.0630269 0.22084 27.9991 10.4173 -13 2891 1 0 1
1.6013 1.15555 800 -0.0756022 0.124983 27.9996 10.4173 -13 2892 1 0 1
-6.18021 -2.87942 800 0.163967 -0.159423 27.9991 10.4173 -13 2893 1 0 1
-6.08923 -8.27954 800 0.394472 -0.186697 27.9966 10.4175 -13 2894 1 0 1
-2.14959 2.70733 800 -0.0174768 -0.0702754 27.9999 10.4173 -13 2895 1 0 1
-14.9693 -1.46307 800 0.0747822 -0.554782 27.9944 10.4177 -13 2896 1 0 1
11.3815 0.723573 800 -0.0828485 0.423903 27.9967 10.4175 -13 2897 1 0 1
-3.3396 -1.22703 800 0.0939063 -0.0414653 27.9998 10.4173 -13 2898 1 0 1
-11.5687 -5.33551 800 0.295086 -0.416457 27.9953 10.4176 -13 2899 1 0 1
-1.03431 -6.00928 800 0.279397 -0.0291391 27.9986 10.4174 -13 2900 1 0 1
-2.82619 0.358318 800 0.00803785 -0.133413 27.9997 10.4173 -13 2901 1 0 1
13.4668 -0.11668 800 -0.0372935 0.458211 27.9962 10.4175 -13 2902 1 0 1
0.138064 -2.82052 800 0.123537 0.0198562 27.9997 10.4173 -13 2903 1 0 1
-7.01819 -4.87998 800 0.329453 -0.33275 27.9961 10.4177 -13 2904 1 0 1
-3.78701 3.73882 800 -0.193253 -0.14672 27.9989 10.4174 -13 2905 1 0 1
-1.4851 0.00418674 800 -0.025018 0.0226328 28 10.4173 -13 2906 1 0 1
4.25634 2.12087 800 -0.0725319 0.0917216 27.9998 10.4173 -13 2907 1 0 1
-10.2253 -6.10757 800 0.300531 -0.3429 27.9963 10.4175 -13 2908 1 0 1
-9.25247 0.282126 800 0.052956 -0.246307 27.9989 10.4173 -13 2909 1 0 1
-3.75669 -4.23796 800 0.157878 -0.0288625 27.9995 10.4173 -13 2910 1 0 1
-25.2295 -14.5546 800 0.70881 -0.843353 27.9783 10.4187 -13 2911 1 0 1
-4.43513 1.21509 800 -0.0397364 -0.0956547 27.9998 10.4173 -13 2912 1 0 1
-8.6857 -5.46856 800 0.288792 -0.225666 27.9976 10.4174 -13 2913 1 0 1
1.62148 -1.84938 800 0.0425856 0.0551817 27.9999 10.4173 -13 2914 1 0 1
-3.11207 1.01402 800 -0.0369867 -0.03342 28 10.4173 -13 2915 1 0 1
22.2142 0.136449 800 -0.115564 0.787354 27.9887 10.418 -13 2916 1 0 1
4.75776 3.64836 800 -0.0912271 0.192823 27.9992 10.4173 -13 2917 1 0 1
-3.31194 -4.79411 800 0.285148 -0.12092 27.9983 10.4174 -13 2918 1 0 1
-10.3702 -3.58909 800 0.236225 -0.292161 27.9975 10.4174 -13 2919 1 0 1
-4.73717 -1.09352 800 0.00867918 -0.162831 27.9995 10.4173 -13 2920 1 0 1
-4.01993 -4.36321 800 0.181486 -0.216194 27.9986 10.4174 -13 2921 1 0 1
-6.87576 -4.33672 800 0.152641 -0.233845 27.9986 10.4174 -13 2922 1 0 1
13.9676 2.67466 800 -0.122272 0.519691 27.9949 10.4176 -13 2923 1 0 1
-6.44859 -1.85786 800 0.0981108 -0.227622 27.9989 10.4173 -13 2924 1 0 1
-12.2603 -1.16683 800 0.134857 -0.420223 27.9965 10.4175 -13 2925 1 0 1
3.63283 -3.23864 800 0.119718 0.169916 27.9992 10.4173 -13 2926 1 0 1
1.05089 4.84573 800 -0.151307 0.0374716 27.9996 10.4173 -13 2927 1 0 1
-10.7099 -1.90038 800 0.108951 -0.391793 27.997 10.4175 -13 2928 1 0 1
14.7241 4.04091 800 -0.134348 0.506462 27.9951 10.4176 -13 2929 1 0 1
-2.28814 3.88594 800 -0.222599 -0.118593 27.9989 10.4174 -13 2930 1 0 1
0.21166 -2.10037 800 0.0770171 -0.0345142 27.9999 10.4173 -13 2931 1 0 1
12.1752 8.53986 800 -0.427835 0.432843 27.9934 10.4177 -13 2932 1 0 1
-8.87327 -8.09194 800 0.463218 -0.256429 27.995 10.4177 -13 2933 1 0 1
-6.80643 -1.0721 800 0.029093 -0.24748 27.9989 10.4173 -13 2934 1 0 1
-2.61622 -2.95164 800 0.112229 -0.119327 27.9995 10.4173 -13 2935 1 0 1
8.59654 3.63062 800 -0.211188 0.328459 27.9973 10.4175 -13 2936 1 0 1
-6.84068 -4.03197 800 0.30717 -0.156516 27.9979 10.4175 -13 2937 1 0 1
6.58631 -4.0682 800 0.0051704 0.203885 27.9993 10.4173 -13 2938 1 0 1
1.0428 2.62314 800 -0.121587 0.0973032 27.9996 10.4173 -13 2939 1 0 1
20.1047 4.37397 800 -0.217665 0.707393 27.9902 10.4179 -13 2940 1 0 1
3.0799 1.57525 800 -0.076218 0.113707 27.9997 10.4173 -13 2941 1 0 1
-9.36264 -3.22171 800 0.189203 -0.247409 27.9983 10.4174 -13 2942 1 0 1
-12.194 4.9497 800 -0.195859 -0.415798 27.9962 10.4176 -13 2943 1 0 1
4.92133 3.81095 800 -0.172676 0.158837 27.999 10.4173 -13 2944 1 0 1
2.60736 -4.12476 800 0.179039 0.00876613 27.9994 10.4174 -13 2945 1 0 1
8.71919 7.53038 800 -0.233967 0.256876 27.9978 10.4174 -13 2946 1 0 1
-1.84221 0.308104 800 0.0169818 -0.0984551 27.9998 10.4173 -13 2947 1 0 1
13.5755 7.55666 800 -0.301957 0.41964 27.9952 10.4176 -13 2948 1 0 1
-14.0695 -2.70543 800 0.183348 -0.51185 27.9947 10.4176 -13 2949 1 0 1
11.1341 6.50174 800 -0.295265 0.392341 27.9957 10.4176 -13 2950 1 0 1
-6.27866 -5.81857 800 0.264546 -0.285506 27.9973 10.4175 -13 2951 1 0 1
13.5583 -3.90747 800 0.0488388 0.510102 27.9953 10.4176 -13 2952 1 0 1
-12.3583 -2.07405 800 0.166835 -0.470741 27.9955 10.4176 -13 2953 1 0 1
-7.15899 -0.442717 800 0.0427385 -0.167878 27.9995 10.4173 -13 2954 1 0 1
-10.8045 1.1238 800 0.0917859 -0.356323 27.9976 10.4174 -13 2955 1 0 1
10.3061 2.10023 800 -0.148632 0.399078 27.9968 10.4175 -13 2956 1 0 1
-2.92357 -1.06245 800 0.0437018 -0.0577857 27.9999 10.4173 -13 2957 1 0 1
-2.76839 -1.7714 800 0.0884155 -0.11743 27.9996 10.4173 -13 2958 1 0 1
-7.06505 -0.24427 800 0.109394 -0.25308 27.9986 10.4174 -13 2959 1 0 1
18.2605 6.89255 800 -0.391914 0.58556 27.9911 10.4178 -13 2960 1 0 1
22.8107 3.84219 800 -0.277604 0.768854 27.9881 10.418 -13 2961 1 0 1
-7.01854 -3.81939 800 0.148723 -0.286111 27.9981 10.4174 -13 2962 1 0 1
-10.1469 -3.65317 800 0.123975 -0.382948 27.9971 10.4175 -13 2963 1 0 1
5.95796 -2.55773 800 -0.00209945 0.154091 27.9996 10.4173 -13 2964 1 0 1
-6.80603 -9.46649 800 0.374695 -0.289336 27.996 10.4176 -13 2965 1 0 1
2.60885 5.76392 800 -0.207788 0.145455 27.9989 10.4174 -13 2966 1 0 1
8.74793 4.91328 800 -0.174897 0.356577 27.9972 10.4175 -13 2967 1 0 1
28.0461 10.6212 800 -0.599175 0.880453 27.9797 10.4186 -13 2968 1 0 1
7.50407 6.15851 800 -0.256475 0.286118 27.9974 10.4175 -13 2969 1 0 1
-0.665057 -3.70629 800 0.126855 -0.0438909 27.9997 10.4173 -13 2970 1 0 1
-12.5768 -8.49157 800 0.42919 -0.428653 27.9934 10.4177 -13 2971 1 0 1
-0.648739 1.30108 800 -0.00955727 -0.00931532 28 10.4173 -13 2972 1 0 1
3.59018 -0.178031 800 0.0125086 0.160851 27.9995 10.4173 -13 2973 1 0 1
15.8362 4.68804 800 -0.293807 0.614321 27.9917 10.4179 -13 2974 1 0 1
9.81899 2.00799 800 -0.0838165 0.370037 27.9974 10.4174 -13 2975 1 0 1
-2.19828 2.51885 800 -0.165642 -0.0356323 27.9995 10.4174 -13 2976 1 0 1
9.59148 -1.14129 800 -0.0566977 0.32777 27.998 10.4174 -13 2977 1 0 1
11.8559 4.90698 800 -0.201779 0.320665 27.9974 10.4174 -13 2978 1 0 1
-8.38546 -1.85638 800 0.129237 -0.336665 27.9977 10.4174 -13 2979 1 0 1
-5.5846 3.68055 800 -0.0438603 -0.219459 27.9991 10.4173 -13 2980 1 0 1
-9.1752 -7.49088 800 0.340695 -0.280357 27.9965 10.4175 -13 2981 1 0 1
6.68458 8.17207 800 -0.369158 0.210989 27.9968 10.4175 -13 2982 1 0 1
5.07145 7.32194 800 -0.369497 0.177801 27.997 10.4175 -13 2983 1 0 1
6.03513 -2.03841 800 0.0729197 0.223212 27.999 10.4173 -13 2984 1 0 1
-9.63977 -4.61528 800 0.143437 -0.330528 27.9977 10.4174 -13 2985 1 0 1
8.54565 3.28249 800 -0.230469 0.318545 27.9972 10.4175 -13 2986 1 0 1
-6.38773 -5.1158 800 0.169239 -0.211352 27.9987 10.4173 -13 2987 1 0 1
-0.97665 -1.30784 800 -0.107394 -0.0208829 27.9998 10.4174 -13 2988 1 0 1
-18.7125 -4.34471 800 0.254213 -0.698584 27.9901 10.418 -13 2989 1 0 1
-8.23218 -4.53114 800 0.274483 -0.320346 27.9968 10.4175 -13 2990 1 0 1
-5.42398 -6.2958 800 0.298479 -0.148383 27.998 10.4174 -13 2991 1 0 1
-4.03519 1.35436 800 0.119951 -0.158856 27.9993 10.4174 -13 2992 1 0 1
0.22109 -2.90438 800 0.0227796 0.00661773 28 10.4173 -13 2993 1 0 1
1.8336 1.21488 800 0.0952499 0.133931 27.9995 10.4174 -13 2994 1 0 1
2.80073 -1.10511 800 -0.0450741 0.057778 27.9999 10.4173 -13 2995 1 0 1
10.0962 1.70424 800 -0.100796 0.410559 27.9968 10.4175 -13 2996 1 0 1
-15.7599 -5.81043 800 0.255411 -0.614419 27.9921 10.4179 -13 2997 1 0 1
3.5517 -2.92567 800 0.125421 0.0714094 27.9996 10.4173 -13 2998 1 0 1
18.9681 4.10988 800 -0.294868 0.68769 27.99 10.4179 -13 2999 1 0 1
-4.09444 -6.37344 800 0.239003 -0.107972 27.9988 10.4173 -13 3000 1 0 1
7.84678 -4.13562 800 0.131305 0.246987 27.9986 10.4174 -13 3001 1 0 1
3.46685 -2.05337 800 0.01648 0.153931 27.9996 10.4173 -13 3002 1 0 1
-1.40413 -2.78726 800 0.0794937 -0.0368125 27.9999 10.4173 -13 3003 1 0 1
1.21578 -1.50315 800 0.0014023 0.0104378 28 10.4173 -13 3004 1 0 1
21.5199 5.17861 800 -0.383001 0.748795 27.9874 10.4181 -13 3005 1 0 1
10.7854 7.21077 800 -0.340686 0.306848 27.9962 10.4175 -13 3006 1 0 1
1.31059 2.40159 800 -0.129346 0.0653014 27.9996 10.4173 -13 3007 1 0 1
-3.896 -2.9665 800 0.105639 -0.266387 27.9985 10.4175 -13 3008 1 0 1
1.96751 1.18525 800 -0.0698834 -0.0324016 27.9999 10.4173 -13 3009 1 0 1
3.41198 0.686879 800 -0.0175134 0.0982067 27.9998 10.4173 -13 3010 1 0 1
5.98112 7.50381 800 -0.394312 0.139652 27.9969 10.4175 -13 3011 1 0 1
-0.565376 1.74332 800 -0.0515593 -0.0382557 27.9999 10.4173 -13 3012 1 0 1
-14.9235 1.20145 800 0.0982601 -0.599971 27.9934 10.4177 -13 3013 1 0 1
-10.6809 -1.41327 800 0.194229 -0.423401 27.9961 10.4176 -13 3014 1 0 1
-7.9926 -1.67684 800 0.196174 -0.217097 27.9985 10.4174 -13 3015 1 0 1
-0.343537 -4.46853 800 0.102681 0.00814768 27.9998 10.4173 -13 3016 1 0 1
3.56071 1.7467 800 -0.0793672 0.162482 27.9994 10.4173 -13 3017 1 0 1
12.1704 6.91268 800 -0.44654 0.401029 27.9936 10.4178 -13 3018 1 0 1
-11.582 3.3991 800 -0.0346372 -0.419716 27.9968 10.4175 -13 3019 1 0 1
-30.6986 -9.24813 800 0.657339 -1.02666 27.9734 10.4191 -13 3020 1 0 1
4.53779 4.08655 800 -0.149387 0.215372 27.9988 10.4174 -13 3021 1 0 1
16.7553 6.15243 800 -0.38472 0.577217 27.9914 10.4179 -13 3022 1 0 1
-12.7996 -7.79323 800 0.462458 -0.493614 27.9918 10.418 -13 3023 1 0 1
-8.47267 1.01644 800 -0.0463394 -0.248172 27.9989 10.4174 -13 3024 1 0 1
0.0879197 -2.52218 800 0.128993 0.0800721 27.9996 10.4173 -13 3025 1 0 1
3.66473 3.86125 800 -0.142533 0.0927405 27.9995 10.4173 -13 3026 1 0 1
6.01673 2.25416 800 -0.0633701 0.30839 27.9982 10.4175 -13 3027 1 0 1
-5.23944 0.0121543 800 0.0262495 -0.165807 27.9995 10.4173 -13 3028 1 0 1
-9.39082 0.671455 800 0.132597 -0.310051 27.998 10.4174 -13 3029 1 0 1
5.50952 3.72165 800 -0.301403 0.235219 27.9974 10.4176 -13 3030 1 0 1
5.05535 -7.0174 800 0.200148 0.169882 27.9988 10.4173 -13 3031 1 0 1
12.5118 -2.48076 800 0.00887453 0.396968 27.9972 10.4174 -13 3032 1 0 1
-9.50958 -1.70315 800 0.12876 -0.21779 27.9989 10.4174 -13 3033 1 0 1
2.49931 -4.8468 800 0.171727 0.0452482 27.9994 10.4173 -13 3034 1 0 1
-2.4394 -2.14463 800 0.0779953 -0.0829449 27.9998 10.4173 -13 3035 1 0 1
-14.6079 0.740063 800 0.0921843 -0.521931 27.995 10.4176 -13 3036 1 0 1
0.452531 -2.65939 800 0.169047 -0.00967507 27.9995 10.4173 -13 3037 1 0 1
15.6819 5.06949 800 -0.322289 0.505449 27.9936 10.4177 -13 3038 1 0 1
-11.0804 -3.35471 800 0.291913 -0.300095 27.9969 10.4175 -13 3039 1 0 1
-0.845621 -0.33561 800 0.0826389 0.0334117 27.9999 10.4173 -13 3040 1 0 1
10.5237 4.31923 800 -0.249958 0.298724 27.9973 10.4174 -13 3041 1 0 1
5.8945 2.72834 800 -0.0933883 0.252482 27.9987 10.4174 -13 3042 1 0 1
-5.26395 0.518883 800 -0.0193738 -0.179895 27.9994 10.4173 -13 3043 1 0 1
-23.1988 -6.14156 800 0.33126 -0.810611 27.9863 10.4182 -13 3044 1 0 1
-7.5898 -3.18511 800 0.225114 -0.288636 27.9976 10.4175 -13 3045 1 0 1
-3.5906 -1.89696 800 0.0843802 -0.140779 27.9995 10.4173 -13 3046 1 0 1
-22.867 -3.75216 800 0.228132 -0.818476 27.9871 10.4181 -13 3047 1 0 1
-0.702929 2.05619 800 -0.113879 -0.0677057 27.9997 10.4173 -13 3048 1 0 1
-0.419328 8.58615 800 -0.326558 0.00227902 27.9981 10.4174 -13 3049 1 0 1
7.15949 2.76233 800 -0.0574463 0.23609 27.9989 10.4174 -13 3050 1 0 1
-15.8309 -5.90521 800 0.386854 -0.609085 27.9907 10.418 -13 3051 1 0 1
12.6485 2.0549 800 -0.203576 0.443229 27.9958 10.4176 -13 3052 1 0 1
-9.10775 1.11847 800 -0.0175912 -0.335651 27.998 10.4174 -13 3053 1 0 1
-6.30333 -0.519707 800 0.0849412 -0.203571 27.9991 10.4173 -13 3054 1 0 1
-3.18215 -2.15268 800 0.0930263 -0.137684 27.9995 10.4173 -13 3055 1 0 1
-2.74896 -3.86041 800 0.184954 -0.108141 27.9992 10.4173 -13 3056 1 0 1
8.50661 0.493135 800 -0.0100358 0.256245 27.9988 10.4173 -13 3057 1 0 1
-11.2136 -3.13673 800 0.172781 -0.450378 27.9958 10.4176 -13 3058 1 0 1
8.41074 2.96113 800 -0.169116 0.358085 27.9972 10.4175 -13 3059 1 0 1
0.680491 -4.04654 800 0.0703749 0.0106672 27.9999 10.4173 -13 3060 1 0 1
14.5743 11.602 800 -0.538864 0.551363 27.9894 10.4181 -13 3061 1 0 1
-2.85083 7.08976 800 -0.34235 -0.122525 27.9976 10.4175 -13 3062 1 0 1
-6.47037 1.4808 800 -0.0868105 -0.188838 27.9992 10.4173 -13 3063 1 0 1
-10.594 0.161621 800 0.0561523 -0.397574 27.9971 10.4175 -13 3064 1 0 1
2.02928 1.35304 800 -0.140051 0.0822158 27.9995 10.4173 -13 3065 1 0 1
-7.49838 -4.1558 800 0.204438 -0.256677 27.9981 10.4174 -13 3066 1 0 1
2.79548 -6.12715 800 0.234056 0.0584568 27.999 10.4174 -13 3067 1 0 1
10.5702 -2.35446 800 0.162409 0.296784 27.998 10.4175 -13 3068 1 0 1
-0.543475 2.3423 800 -0.0900811 -0.14922 27.9995 10.4174 -13 3069 1 0 1
2.49587 0.236442 800 0.0255034 0.0914412 27.9998 10.4173 -13 3070 1 0 1
-9.82271 -7.30394 800 0.32341 -0.269482 27.9968 10.4175 -13 3071 1 0 1
6.49023 -0.11396 800 -0.0594592 0.242222 27.9989 10.4173 -13 3072 1 0 1
5.23169 3.76776 800 -0.197991 0.205116 27.9985 10.4174 -13 3073 1 0 1
-13.1321 -2.29311 800 0.235984 -0.402113 27.9961 10.4175 -13 3074 1 0 1
-15.6247 0.0218732 800 0.0356648 -0.580237 27.994 10.4177 -13 3075 1 0 1
-15.0879 -4.31276 800 0.133681 -0.524879 27.9948 10.4177 -13 3076 1 0 1
10.5914 3.82687 800 -0.19413 0.397229 27.9965 10.4175 -13 3077 1 0 1
-8.66271 4.68716 800 -0.0815852 -0.367224 27.9975 10.4174 -13 3078 1 0 1
-5.31321 -1.28941 800 0.0406825 -0.152939 27.9996 10.4173 -13 3079 1 0 1
-4.13923 0.183953 800 -0.0246788 -0.0930523 27.9998 10.4173 -13 3080 1 0 1
-3.53197 -0.355637 800 0.0170355 -0.141878 27.9996 10.4173 -13 3081 1 0 1
-14.9085 -5.07088 800 0.25442 -0.479045 27.9947 10.4176 -13 3082 1 0 1
4.65746 -1.83116 800 0.023863 0.211527 27.9992 10.4173 -13 3083 1 0 1
15.0076 2.96108 800 -0.217629 0.534467 27.9941 10.4177 -13 3084 1 0 1
-8.35535 0.250264 800 0.0572904 -0.370056 27.9975 10.4175 -13 3085 1 0 1
-1.65839 -2.46231 800 0.0596528 -0.0604861 27.9999 10.4173 -13 3086 1 0 1
9.10906 -1.1282 800 -0.00614312 0.389067 27.9973 10.4175 -13 3087 1 0 1
4.2515 -0.195711 800 -0.0995253 0.110626 27.9996 10.4173 -13 3088 1 0 1
-9.89439 -2.38673 800 0.159898 -0.383546 27.9969 10.4175 -13 3089 1 0 1
-3.94951 -0.877185 800 0.151626 -0.267519 27.9983 10.4175 -13 3090 1 0 1
13.7589 5.70849 800 -0.237305 0.484565 27.9948 10.4176 -13 3091 1 0 1
-17.4335 -8.86728 800 0.425478 -0.550173 27.9914 10.4178 -13 3092 1 0 1
-7.40223 3.5161 800 -0.0370894 -0.237194 27.999 10.4173 -13 3093 1 0 1
0.810178 3.17569 800 -0.159235 -0.00147148 27.9995 10.4173 -13 3094 1 0 1
-10.4866 -0.305758 800 0.0306483 -0.368228 27.9976 10.4174 -13 3095 1 0 1
-0.31806 1.78796 800 -0.0417304 0.0315397 28 10.4173 -13 3096 1 0 1
-0.246255 -6.43494 800 0.266154 -0.031505 27.9987 10.4174 -13 3097 1 0 1
-3.77526 -2.782 800 0.175664 -0.161864 27.999 10.4174 -13 3098 1 0 1
13.3721 -0.0747681 800 -0.0563616 0.476925 27.9959 10.4175 -13 3099 1 0 1
2.80761 0.992547 800 0.00237585 0.136641 27.9997 10.4173 -13 3100 1 0 1
-25.0634 -8.12664 800 0.384725 -0.873042 27.9837 10.4183 -13 3101 1 0 1
-7.28499 1.87183 800 -0.0561871 -0.264603 27.9987 10.4173 -13 3102 1 0 1
-13.6883 -9.25769 800 0.430109 -0.406139 27.9938 10.4177 -13 3103 1 0 1
-3.84899 -4.64726 800 0.0880715 -0.0999467 27.9997 10.4173 -13 3104 1 0 1
-6.2598 -7.64924 800 0.292836 -0.251356 27.9973 10.4175 -13 3105 1 0 1
-1.1585 0.300546 800 -0.0287114 -0.00516277 28 10.4173 -13 3106 1 0 1
6.04048 2.58265 800 -0.13972 0.221315 27.9988 10.4173 -13 3107 1 0 1
-3.34923 3.45118 800 -0.169185 -0.0712456 27.9994 10.4173 -13 3108 1 0 1
-6.98249 -1.57592 800 0.0563792 -0.254173 27.9988 10.4173 -13 3109 1 0 1
15.6134 5.18508 800 -0.154139 0.58981 27.9934 10.4178 -13 3110 1 0 1
17.2383 3.44935 800 -0.231832 0.538057 27.9939 10.4176 -13 3111 1 0 1
7.9133 2.40692 800 -0.154209 0.302452 27.9979 10.4174 -13 3112 1 0 1
-20.111 -3.592 800 0.289247 -0.763658 27.9881 10.4181 -13 3113 1 0 1
-8.0458 -6.92244 800 0.382612 -0.329717 27.9954 10.4177 -13 3114 1 0 1
15.485 4.21032 800 -0.232582 0.564982 27.9933 10.4177 -13 3115 1 0 1
1.60433 5.22345 800 -0.189619 0.0825598 27.9992 10.4173 -13 3116 1 0 1
6.41977 -1.48549 800 0.0497231 0.137799 27.9996 10.4173 -13 3117 1 0 1
0.914954 -1.95675 800 0.0337115 0.0190583 28 10.4173 -13 3118 1 0 1
-7.13679 -1.90785 800 0.176453 -0.322577 27.9976 10.4175 -13 3119 1 0 1
-7.933 -0.343474 800 0.0677428 -0.30506 27.9983 10.4174 -13 3120 1 0 1
14.3789 4.38717 800 -0.267262 0.51963 27.9939 10.4177 -13 3121 1 0 1
4.97576 5.7712 800 -0.233283 0.241795 27.998 10.4175 -13 3122 1 0 1
-5.08199 -3.03362 800 0.153252 -0.19793 27.9989 10.4173 -13 3123 1 0 1
-8.85315 0.599088 800 0.00805351 -0.319077 27.9982 10.4174 -13 3124 1 0 1
-19.0546 -2.84442 800 0.181279 -0.705102 27.9905 10.4179 -13 3125 1 0 1
-6.87961 -6.33599 800 0.169933 -0.221563 27.9986 10.4174 -13 3126 1 0 1
-7.68003 -6.77161 800 0.345417 -0.285021 27.9964 10.4175 -13 3127 1 0 1
-6.4643 0.617703 800 0.00793394 -0.237731 27.999 10.4173 -13 3128 1 0 1
-4.06384 -2.05895 800 0.153459 -0.160252 27.9991 10.4173 -13 3129 1 0 1
-8.15631 -5.32715 800 0.173492 -0.290385 27.998 10.4174 -13 3130 1 0 1
9.73545 8.25674 800 -0.379705 0.375241 27.9949 10.4177 -13 3131 1 0 1
7.58933 9.17671 800 -0.326046 0.195249 27.9974 10.4174 -13 3132 1 0 1
7.17617 -2.88642 800 0.0724045 0.282703 27.9985 10.4174 -13 3133 1 0 1
9.52296 0.969689 800 -0.102945 0.409519 27.9968 10.4175 -13 3134 1 0 1
0.0407214 -2.8849 800 0.135645 -0.0153848 27.9997 10.4173 -13 3135 1 0 1
18.8123 3.76449 800 -0.24503 0.673568 27.9908 10.4179 -13 3136 1 0 1
6.66427 2.9982 800 -0.169842 0.224129 27.9986 10.4174 -13 3137 1 0 1
0.819517 -2.00587 800 0.0182778 0.0298937 28 10.4173 -13 3138 1 0 1
-10.3371 -0.578921 800 0.0951104 -0.354436 27.9976 10.4174 -13 3139 1 0 1
-6.24265 -1.12312 800 0.0792123 -0.160533 27.9994 10.4173 -13 3140 1 0 1
-10.289 0.276428 800 0.0385287 -0.401458 27.9971 10.4175 -13 3141 1 0 1
9.44401 0.53469 800 -0.134278 0.341013 27.9976 10.4174 -13 3142 1 0 1
-0.773627 -3.79815 800 0.151056 -0.0464625 27.9996 10.4173 -13 3143 1 0 1
29.6971 13.4652 800 -0.658109 1.0938 27.9709 10.4193 -13 3144 1 0 1
-2.17995 1.5969 800 0.0723023 0.0165837 27.9999 10.4174 -13 3145 1 0 1
3.07356 -3.69155 800 0.168582 -0.0217187 27.9995 10.4174 -13 3146 1 0 1
-2.84426 2.67365 800 -0.0698437 -0.192534 27.9993 10.4173 -13 3147 1 0 1
2.78264 -5.04916 800 0.091913 0.0805644 27.9997 10.4173 -13 3148 1 0 1
4.98897 3.6899 800 -0.226537 0.162842 27.9986 10.4174 -13 3149 1 0 1
9.43789 0.113784 800 -0.0821653 0.330262 27.9979 10.4174 -13 3150 1 0 1
0.850524 0.900544 800 -0.0625719 -0.0112625 27.9999 10.4173 -13 3151 1 0 1
4.62169 0.518017 800 -0.0717337 0.172272 27.9994 10.4173 -13 3152 1 0 1
-13.4751 -7.36711 800 0.468922 -0.450013 27.9925 10.4179 -13 3153 1 0 1
-5.10683 -0.335487 800 -0.0275012 -0.228419 27.9991 10.4174 -13 3154 1 0 1
-3.44611 1.00632 800 0.084637 -0.0939496 27.9997 10.4173 -13 3155 1 0 1
-1.77809 4.0509 800 -0.135176 -0.0437793 27.9996 10.4173 -13 3156 1 0 1
0.871555 -3.37485 800 0.143099 0.0139097 27.9996 10.4173 -13 3157 1 0 1
7.00475 -0.531659 800 -0.0054238 0.367838 27.9976 10.4175 -13 3158 1 0 1
-1.35476 -0.0335849 800 0.0490249 -0.00580716 28 10.4173 -13 3159 1 0 1
17.9815 2.26409 800 -0.113778 0.597346 27.9934 10.4177 -13 3160 1 0 1
-4.5761 -3.73846 800 0.149057 -0.18423 27.999 10.4173 -13 3161 1 0 1
-10.3915 -5.37758 800 0.306142 -0.372605 27.9958 10.4176 -13 3162 1 0 1
-1.46542 1.33473 800 -0.125006 -0.14388 27.9994 10.4174 -13 3163 1 0 1
-1.42984 5.74976 800 -0.152541 -0.0300137 27.9996 10.4173 -13 3164 1 0 1
0.547698 2.03442 800 -0.0200796 0.00298068 28 10.4173 -13 3165 1 0 1
9.93316 -4.05103 800 0.122513 0.356604 27.9975 10.4174 -13 3166 1 0 1
-7.02984 0.990233 800 0.0342736 -0.237099 27.999 10.4173 -13 3167 1 0 1
11.5522 -0.992374 800 -0.0628647 0.347102 27.9978 10.4174 -13 3168 1 0 1
13.9309 7.59326 800 -0.39123 0.540172 27.9921 10.4179 -13 3169 1 0 1
2.45022 2.72761 800 -0.0728009 0.0759691 27.9998 10.4173 -13 3170 1 0 1
-5.39931 1.58396 800 0.133222 -0.235715 27.9987 10.4175 -13 3171 1 0 1
-0.934904 1.56025 800 -0.129762 -0.0700396 27.9996 10.4173 -13 3172 1 0 1
11.1635 8.3584 800 -0.373975 0.323063 27.9956 10.4175 -13 3173 1 0 1
1.04158 -0.812708 800 0.0913544 0.0222128 27.9998 10.4173 -13 3174 1 0 1
7.39025 0.256847 800 -0.0830085 0.239827 27.9988 10.4173 -13 3175 1 0 1
-8.13628 2.40198 800 -0.0224779 -0.193038 27.9993 10.4173 -13 3176 1 0 1
-3.74341 -0.896314 800 0.0792919 -0.115137 27.9997 10.4173 -13 3177 1 0 1
-3.60937 0.225589 800 -0.034432 -0.0869104 27.9998 10.4173 -13 3178 1 0 1
-18.421 -0.593016 800 0.190162 -0.616144 27.9926 10.4177 -13 3179 1 0 1
0.601169 -3.86835 800 0.162305 0.0186259 27.9995 10.4173 -13 3180 1 0 1
-5.12041 -5.78824 800 0.257085 -0.137664 27.9985 10.4174 -13 3181 1 0 1
-16.4556 -3.45022 800 0.270065 -0.546776 27.9934 10.4177 -13 3182 1 0 1
6.84384 -1.73724 800 0.0589002 0.245537 27.9989 10.4173 -13 3183 1 0 1
-6.49454 5.78871 800 -0.277068 -0.230067 27.9977 10.4175 -13 3184 1 0 1
0.29265 1.23082 800 -0.0349316 0.00589124 28 10.4173 -13 3185 1 0 1
9.18292 1.01933 800 -0.0283612 0.297514 27.9984 10.4174 -13 3186 1 0 1
-11.7442 -0.980362 800 0.109888 -0.447112 27.9962 10.4175 -13 3187 1 0 1
-17.9541 -4.40396 800 0.247831 -0.718696 27.9897 10.4181 -13 3188 1 0 1
25.4416 10.3522 800 -0.413964 0.778428 27.9861 10.4182 -13 3189 1 0 1
22.1695 4.9766 800 -0.332341 0.840228 27.9854 10.4183 -13 3190 1 0 1
3.17819 -1.25643 800 0.0797164 0.129671 27.9996 10.4173 -13 3191 1 0 1
20.5468 2.8262 800 -0.323097 0.636045 27.9909 10.4179 -13 3192 1 0 1
-0.57777 -2.23769 800 0.00450969 -0.0599472 27.9999 10.4173 -13 3193 1 0 1
-5.89497 -1.04105 800 -0.0168137 -0.180335 27.9994 10.4173 -13 3194 1 0 1
-8.01071 -0.449669 800 0.0407602 -0.273966 27.9986 10.4173 -13 3195 1 0 1
-3.12238 -0.496844 800 0.0775221 -0.11343 27.9997 10.4173 -13 3196 1 0 1
3.3753 3.28851 800 -0.23479 -0.0248246 27.999 10.4174 -13 3197 1 0 1
-3.65363 3.50768 800 -0.0418969 -0.178781 27.9994 10.4173 -13 3198 1 0 1
-11.6981 -4.08722 800 0.162454 -0.379012 27.997 10.4175 -13 3199 1 0 1
0.997644 -0.0411422 800 -0.0722489 0.0452097 27.9999 10.4173 -13 3200 1 0 1
-10.159 -4.2644 800 0.222259 -0.340367 27.997 10.4174 -13 3201 1 0 1
-19.4793 -5.2227 800 0.278101 -0.664414 27.9907 10.4179 -13 3202 1 0 1
1.9093 -0.518063 800 -0.0059745 0.0406542 28 10.4173 -13 3203 1 0 1
-4.34935 1.22497 800 -0.0743081 -0.209853 27.9991 10.4174 -13 3204 1 0 1
-1.27666 0.0707588 800 0.0113561 -0.0106695 28 10.4173 -13 3205 1 0 1
-9.86724 -4.84957 800 0.218538 -0.415252 27.9961 10.4176 -13 3206 1 0 1
-3.94955 1.52543 800 -0.0879939 -0.126756 27.9996 10.4173 -13 3207 1 0 1
15.175 6.49034 800 -0.431205 0.590118 27.9905 10.418 -13 3208 1 0 1
-10.2834 -3.55332 800 0.202466 -0.315363 27.9975 10.4174 -13 3209 1 0 1
-19.8297 -3.6778 800 0.285417 -0.842903 27.9859 10.4184 -13 3210 1 0 1
-3.16501 -0.898658 800 0.0698653 -0.0937139 27.9998 10.4173 -13 3211 1 0 1
3.35587 3.58103 800 -0.152719 0.109327 27.9994 10.4173 -13 3212 1 0 1
-1.22731 -2.77507 800 0.00776459 -0.160545 27.9995 10.4174 -13 3213 1 0 1
11.7834 5.78923 800 -0.228993 0.521445 27.9942 10.4178 -13 3214 1 0 1
14.4976 3.93231 800 -0.112835 0.535461 27.9947 10.4177 -13 3215 1 0 1
-3.25186 -6.17737 800 0.149542 -0.13383 27.9993 10.4173 -13 3216 1 0 1
2.9092 -2.45348 800 0.0352383 0.0235663 28 10.4173 -13 3217 1 0 1
-2.31807 -2.30975 800 0.0953104 -0.0846559 27.9997 10.4173 -13 3218 1 0 1
7.27919 -0.227172 800 -0.0510372 0.293227 27.9984 10.4174 -13 3219 1 0 1
5.21281 -1.52318 800 -0.00128327 0.180436 27.9994 10.4173 -13 3220 1 0 1
-8.78835 2.99093 800 -0.0836063 -0.29989 27.9983 10.4174 -13 3221 1 0 1
-13.7823 -3.13359 800 0.207827 -0.489397 27.995 10.4176 -13 3222 1 0 1
5.18642 -0.533498 800 0.0271415 0.0983217 27.9998 10.4173 -13 3223 1 0 1
19.4378 6.76971 800 -0.336615 0.640824 27.9906 10.4179 -13 3224 1 0 1
10.2299 5.94662 800 -0.310468 0.429131 27.995 10.4177 -13 3225 1 0 1
2.53602 -1.27343 800 0.0378803 0.0651406 27.9999 10.4173 -13 3226 1 0 1
2.79558 -0.573689 800 0.0445533 0.0554241 27.9999 10.4173 -13 3227 1 0 1
-2.03396 2.62492 800 -0.0981973 -0.0937752 27.9997 10.4173 -13 3228 1 0 1
8.82757 1.45741 800 -0.00924161 0.338706 27.9979 10.4174 -13 3229 1 0 1
5.93054 -0.961372 800 -0.0846687 0.249852 27.9988 10.4174 -13 3230 1 0 1
-8.90969 0.296137 800 0.145515 -0.288275 27.9981 10.4174 -13 3231 1 0 1
-4.4452 3.48063 800 -0.230424 -0.13515 27.9987 10.4175 -13 3232 1 0 1
-11.002 -3.22348 800 0.167239 -0.399319 27.9967 10.4175 -13 3233 1 0 1
5.03876 2.06725 800 -0.123257 0.179409 27.9992 10.4173 -13 3234 1 0 1
0.635435 1.8457 800 -0.0761338 -0.0319133 27.9999 10.4173 -13 3235 1 0 1
-19.8714 -6.36061 800 0.318698 -0.82352 27.9861 10.4184 -13 3236 1 0 1
-5.47663 4.13382 800 -0.117109 -0.173951 27.9992 10.4173 -13 3237 1 0 1
-3.96209 1.88378 800 0.0572749 -0.116133 27.9997 10.4173 -13 3238 1 0 1
-6.48564 0.581134 800 -0.0798868 -0.211064 27.9991 10.4174 -13 3239 1 0 1
12.1236 3.091 800 -0.269294 0.443709 27.9952 10.4176 -13 3240 1 0 1
-2.5 -2.14644 800 0.112325 -0.0958809 27.9996 10.4173 -13 3241 1 0 1
-0.104711 -0.871066 800 0.0405941 0.0248235 28 10.4173 -13 3242 1 0 1
3.84106 3.82026 800 -0.17296 0.0922269 27.9993 10.4173 -13 3243 1 0 1
6.05429 -1.90674 800 0.0292914 0.257108 27.9988 10.4173 -13 3244 1 0 1
12.3612 0.220999 800 -0.101593 0.407483 27.9969 10.4175 -13 3245 1 0 1
3.67264 2.59067 800 -0.0575448 0.0156061 27.9999 10.4173 -13 3246 1 0 1
12.6389 1.06972 800 0.00731769 0.384886 27.9974 10.4175 -13 3247 1 0 1
-11.617 0.535257 800 0.069694 -0.404519 27.997 10.4174 -13 3248 1 0 1
0.74252 5.56576 800 -0.269437 -0.0611402 27.9986 10.4174 -13 3249 1 0 1
1.29203 0.377378 800 -0.0062872 0.0573824 27.9999 10.4173 -13 3250 1 0 1
-6.96301 -0.957598 800 0.100378 -0.22072 27.999 10.4173 -13 3251 1 0 1
3.38799 5.78554 800 -0.138993 0.118411 27.9994 10.4173 -13 3252 1 0 1
-4.45922 4.21544 800 -0.154018 -0.121074 27.9993 10.4173 -13 3253 1 0 1
-9.30339 -3.74024 800 0.216158 -0.335594 27.9972 10.4175 -13 3254 1 0 1
5.59309 6.16704 800 -0.207011 0.23272 27.9983 10.4174 -13 3255 1 0 1
-10.5944 -4.41109 800 0.13044 -0.366549 27.9973 10.4175 -13 3256 1 0 1
1.93571 -0.516649 800 0.0688126 0.14406 27.9995 10.4173 -13 3257 1 0 1
9.02591 5.10321 800 -0.205449 0.357503 27.997 10.4175 -13 3258 1 0 1
12.8137 9.32432 800 -0.445768 0.488133 27.9922 10.4179 -13 3259 1 0 1
7.17679 -0.266849 800 -0.0640154 0.249985 27.9988 10.4173 -13 3260 1 0 1
-7.13321 7.0503 800 -0.258356 -0.225169 27.9979 10.4174 -13 3261 1 0 1
-1.97272 -2.98068 800 0.103257 -0.0108783 27.9998 10.4173 -13 3262 1 0 1
1.33538 5.41476 800 -0.228225 0.164401 27.9986 10.4175 -13 3263 1 0 1
-24.3409 -7.54167 800 0.443697 -0.897373 27.9821 10.4185 -13 3264 1 0 1
1.13282 -0.776424 800 0.0335881 0.0442125 27.9999 10.4173 -13 3265 1 0 1
-9.66574 -3.86578 800 0.212074 -0.274724 27.9978 10.4174 -13 3266 1 0 1
-1.99116 -2.11549 800 0.105542 -0.105487 27.9996 10.4173 -13 3267 1 0 1
1.1216 -1.53809 800 0.121337 0.00196651 27.9997 10.4173 -13 3268 1 0 1
-6.28389 -0.051955 800 0.0251522 -0.158959 27.9995 10.4173 -13 3269 1 0 1
-9.09131 2.67395 800 -0.0521214 -0.240815 27.9989 10.4173 -13 3270 1 0 1
-9.6435 1.69532 800 -0.144593 -0.341303 27.9975 10.4175 -13 3271 1 0 1
7.07189 1.65934 800 -0.0639832 0.23436 27.9989 10.4173 -13 3272 1 0 1
2.14991 4.07382 800 -0.162371 -0.0368474 27.9995 10.4173 -13 3273 1 0 1
14.3164 4.56678 800 -0.278362 0.468408 27.9947 10.4176 -13 3274 1 0 1
-1.32402 -1.00987 800 0.153399 -0.106711 27.9994 10.4174 -13 3275 1 0 1
0.923656 -5.93032 800 0.242477 0.0506585 27.9989 10.4173 -13 3276 1 0 1
-5.66944 3.89825 800 -0.153243 -0.19353 27.9989 10.4173 -13 3277 1 0 1
7.10204 2.95329 800 -0.098188 0.286033 27.9984 10.4174 -13 3278 1 0 1
7.86716 -4.00877 800 0.0697849 0.371695 27.9974 10.4175 -13 3279 1 0 1
9.85263 -6.06828 800 0.202507 0.41512 27.9962 10.4175 -13 3280 1 0 1
-1.86532 -2.76529 800 0.0480864 -0.0671955 27.9999 10.4173 -13 3281 1 0 1
-5.61701 -3.07219 800 0.139939 -0.218965 27.9988 10.4173 -13 3282 1 0 1
-5.58383 0.851677 800 -0.0626353 -0.152596 27.9995 10.4173 -13 3283 1 0 1
1.76513 2.1405 800 -0.090116 -0.00601938 27.9999 10.4173 -13 3284 1 0 1
-10.8153 -5.09164 800 0.198226 -0.327408 27.9974 10.4174 -13 3285 1 0 1
-16.2996 2.10294 800 0.0517883 -0.503648 27.9954 10.4175 -13 3286 1 0 1
-8.26459 5.15974 800 -0.0696911 -0.195025 27.9992 10.4174 -13 3287 1 0 1
4.28113 -0.856228 800 -0.0584449 0.19398 27.9993 10.4173 -13 3288 1 0 1
-2.8475 0.271122 800 -0.0517045 -0.0990702 27.9998 10.4173 -13 3289 1 0 1
11.1554 3.6755 800 -0.126024 0.365354 27.9973 10.4174 -13 3290 1 0 1
-4.71086 6.34277 800 -0.19242 -0.137124 27.999 10.4173 -13 3291 1 0 1
-17.8755 -2.91749 800 0.287242 -0.632196 27.9914 10.4179 -13 3292 1 0 1
11.3266 9.19188 800 -0.379738 0.457064 27.9937 10.4178 -13 3293 1 0 1
0.709055 5.20932 800 -0.223555 0.0238768 27.9991 10.4173 -13 3294 1 0 1
-6.48178 -1.65137 800 0.207974 -0.172662 27.9987 10.4174 -13 3295 1 0 1
9.06071 3.56044 800 -0.178433 0.295325 27.9979 10.4174 -13 3296 1 0 1
6.63944 1.17511 800 -0.0820608 0.162913 27.9994 10.4173 -13 3297 1 0 1
5.3805 6.67797 800 -0.192406 0.225763 27.9984 10.4174 -13 3298 1 0 1
-14.5937 -2.96801 800 0.227938 -0.506859 27.9945 10.4176 -13 3299 1 0 1
-9.35522 -2.19198 800 0.112513 -0.271526 27.9985 10.4174 -13 3300 1 0 1
16.8215 -1.78964 800 -0.0845703 0.603563 27.9934 10.4177 -13 3301 1 0 1
-8.19473 -8.16395 800 0.393649 -0.257242 27.9961 10.4175 -13 3302 1 0 1
-7.55389 0.191621 800 0.00787283 -0.225592 27.9991 10.4173 -13 3303 1 0 1
-5.65556 -5.60407 800 0.232919 -0.176907 27.9985 10.4174 -13 3304 1 0 1
4.22076 4.584 800 -0.221697 0.159854 27.9987 10.4174 -13 3305 1 0 1
-9.37617 0.576867 800 0.0228104 -0.299639 27.9984 10.4174 -13 3306 1 0 1
-4.25845 -4.11513 800 0.310016 -0.255763 27.9971 10.4177 -13 3307 1 0 1
-4.49754 -0.151054 800 0.00939957 -0.206678 27.9992 10.4173 -13 3308 1 0 1
25.9404 6.4387 800 -0.390597 0.88469 27.9833 10.4183 -13 3309 1 0 1
4.55047 8.13658 800 -0.391167 0.121244 27.997 10.4175 -13 3310 1 0 1
-2.21982 -2.94946 800 0.225424 -0.108599 27.9989 10.4174 -13 3311 1 0 1
-12.1993 -4.20514 800 0.216399 -0.463439 27.9953 10.4176 -13 3312 1 0 1
-5.25786 5.86532 800 -0.307181 -0.185499 27.9977 10.4175 -13 3313 1 0 1
0.532992 -6.33585 800 0.326002 0.0672158 27.998 10.4175 -13 3314 1 0 1
-1.18093 3.49937 800 -0.154903 -0.0840074 27.9994 10.4173 -13 3315 1 0 1
23.1223 5.10954 800 -0.371157 0.77119 27.9869 10.4181 -13 3316 1 0 1
2.09917 2.37172 800 -0.0231973 0.149476 27.9996 10.4174 -13 3317 1 0 1
4.16783 3.34229 800 -0.172611 0.246452 27.9984 10.4175 -13 3318 1 0 1
-0.201495 -0.2455 800 -0.0350387 0.00559014 28 10.4173 -13 3319 1 0 1
-9.71244 -1.37042 800 0.0611826 -0.331356 27.998 10.4174 -13 3320 1 0 1
17.564 6.0008 800 -0.235421 0.666173 27.9911 10.4179 -13 3321 1 0 1
8.58251 2.68267 800 -0.107912 0.282733 27.9984 10.4174 -13 3322 1 0 1
-8.14582 3.4556 800 -0.0808744 -0.23507 27.9989 10.4173 -13 3323 1 0 1
12.1557 0.429808 800 -0.106613 0.366066 27.9974 10.4174 -13 3324 1 0 1
3.53394 -2.91558 800 0.10157 0.0906506 27.9997 10.4173 -13 3325 1 0 1
13.5998 3.04636 800 -0.260089 0.497115 27.9944 10.4177 -13 3326 1 0 1
-13.4565 -0.0833096 800 0.185046 -0.434448 27.996 10.4176 -13 3327 1 0 1
3.77822 -3.27146 800 0.0551061 0.202421 27.9992 10.4173 -13 3328 1 0 1
3.44978 -0.631612 800 0.0869526 0.074969 27.9998 10.4173 -13 3329 1 0 1
17.9858 1.90145 800 -0.202879 0.738053 27.9895 10.4181 -13 3330 1 0 1
-10.1891 0.769538 800 0.136238 -0.418615 27.9965 10.4176 -13 3331 1 0 1
2.27775 -0.894028 800 -0.080762 0.0987827 27.9997 10.4173 -13 3332 1 0 1
-16.6872 -4.76981 800 0.152567 -0.562522 27.9939 10.4177 -13 3333 1 0 1
6.70082 3.37388 800 -0.152249 0.268199 27.9983 10.4174 -13 3334 1 0 1
-16.2014 -5.97059 800 0.365538 -0.585785 27.9915 10.4179 -13 3335 1 0 1
-10.6968 -4.79753 800 0.277813 -0.481258 27.9945 10.4178 -13 3336 1 0 1
13.2092 7.43288 800 -0.299452 0.516231 27.9936 10.4178 -13 3337 1 0 1
-2.7597 0.66289 800 -0.0709798 -0.0439712 27.9999 10.4173 -13 3338 1 0 1
-4.90157 2.06436 800 -0.0358059 -0.169831 27.9995 10.4173 -13 3339 1 0 1
3.95236 -1.06935 800 0.0707716 0.169989 27.9994 10.4173 -13 3340 1 0 1
9.17213 3.85577 800 -0.144534 0.403154 27.9967 10.4176 -13 3341 1 0 1
-2.01149 -3.34377 800 0.194877 -0.0220896 27.9993 10.4173 -13 3342 1 0 1
-3.33619 3.73302 800 -0.180534 -0.110978 27.9992 10.4173 -13 3343 1 0 1
-4.42915 -5.39297 800 0.261305 -0.137616 27.9984 10.4174 -13 3344 1 0 1
4.78163 2.48425 800 -0.133955 0.172497 27.9991 10.4173 -13 3345 1 0 1
-13.5345 -6.02513 800 0.232637 -0.456153 27.9953 10.4176 -13 3346 1 0 1
-14.4024 -9.08663 800 0.364387 -0.495492 27.9932 10.4177 -13 3347 1 0 1
-4.00208 0.0524738 800 0.00899493 -0.159533 27.9995 10.4173 -13 3348 1 0 1
2.7635 0.512157 800 0.0179548 0.0672576 27.9999 10.4173 -13 3349 1 0 1
-5.45723 -6.47369 800 0.294583 -0.2724 27.9971 10.4175 -13 3350 1 0 1
-6.5188 3.11366 800 -0.025128 -0.228628 27.9991 10.4173 -13 3351 1 0 1
-8.03701 -1.34675 800 0.0242654 -0.21903 27.9991 10.4173 -13 3352 1 0 1
-1.08023 -4.29806 800 0.145041 -0.0813055 27.9995 10.4173 -13 3353 1 0 1
-3.51095 6.3712 800 -0.159825 -0.134492 27.9992 10.4173 -13 3354 1 0 1
-5.90477 -4.39883 800 0.187006 -0.19146 27.9987 10.4173 -13 3355 1 0 1
-7.8149 -7.23294 800 0.399334 -0.319274 27.9953 10.4177 -13 3356 1 0 1
16.0535 5.92217 800 -0.31086 0.597978 27.9919 10.4178 -13 3357 1 0 1
-16.3134 -3.76973 800 0.280815 -0.477962 27.9945 10.4176 -13 3358 1 0 1
-17.233 -1.40845 800 0.128865 -0.49343 27.9954 10.4176 -13 3359 1 0 1
-8.81063 3.78175 800 -0.157296 -0.219996 27.9987 10.4174 -13 3360 1 0 1
21.2727 -0.410117 800 -0.121783 0.730194 27.9902 10.4179 -13 3361 1 0 1
-10.3454 0.144938 800 -0.00402855 -0.314921 27.9982 10.4174 -13 3362 1 0 1
-20.0863 -5.07743 800 0.374384 -0.67574 27.9893 10.418 -13 3363 1 0 1
0.51799 7.10842 800 -0.359598 -0.0209496 27.9977 10.4175 -13 3364 1 0 1
-11.4886 -11.0205 800 0.546959 -0.432708 27.9913 10.418 -13 3365 1 0 1
10.2731 -0.193018 800 0.000752829 0.360082 27.9977 10.4174 -13 3366 1 0 1
3.72209 -5.0934 800 0.104935 0.220482 27.9989 10.4174 -13 3367 1 0 1
-1.35515 4.88575 800 -0.165402 -0.179884 27.9989 10.4174 -13 3368 1 0 1
6.93483 1.53657 800 -0.0498136 0.245835 27.9989 10.4173 -13 3369 1 0 1
0.147329 -0.288025 800 -0.0184818 0.0666418 27.9999 10.4173 -13 3370 1 0 1
4.6411 4.05058 800 -0.311222 0.131838 27.998 10.4175 -13 3371 1 0 1
13.6095 6.39789 800 -0.377614 0.44047 27.994 10.4177 -13 3372 1 0 1
1.52505 -0.00935855 800 -0.0490776 0.179276 27.9994 10.4174 -13 3373 1 0 1
-4.14826 -0.876516 800 -0.0121863 -0.119959 27.9997 10.4173 -13 3374 1 0 1
9.11004 -6.29491 800 0.210378 0.328124 27.9973 10.4174 -13 3375 1 0 1
4.89748 5.5823 800 -0.187139 0.249729 27.9983 10.4175 -13 3376 1 0 1
-13.6799 -4.92142 800 0.300256 -0.556393 27.9929 10.4178 -13 3377 1 0 1
1.90683 0.310551 800 0.0269046 0.0557271 27.9999 10.4173 -13 3378 1 0 1
7.5659 5.09994 800 -0.258198 0.28196 27.9974 10.4175 -13 3379 1 0 1
-6.75058 -2.82035 800 0.0817535 -0.241606 27.9988 10.4173 -13 3380 1 0 1
-6.22316 -0.160936 800 0.0464121 -0.258914 27.9988 10.4174 -13 3381 1 0 1
1.54949 3.72435 800 -0.166832 0.043063 27.9995 10.4173 -13 3382 1 0 1
-15.663 -4.41333 800 0.280721 -0.50407 27.9941 10.4176 -13 3383 1 0 1
-12.8258 -4.78053 800 0.259368 -0.375088 27.9963 10.4175 -13 3384 1 0 1
-18.4857 0.481759 800 0.0859436 -0.684295 27.9915 10.4178 -13 3385 1 0 1
12.6521 3.11409 800 -0.22822 0.484624 27.9949 10.4176 -13 3386 1 0 1
-0.517346 -1.78976 800 0.0525175 0.00207988 28 10.4173 -13 3387 1 0 1
6.52641 4.93287 800 -0.18071 0.36775 27.997 10.4176 -13 3388 1 0 1
2.51318 0.834491 800 0.0133987 0.0691987 27.9999 10.4173 -13 3389 1 0 1
-3.08287 3.15296 800 -0.112648 -0.209535 27.999 10.4174 -13 3390 1 0 1
6.93797 -3.06695 800 0.0402002 0.211174 27.9992 10.4173 -13 3391 1 0 1
-0.48323 -3.04759 800 0.154698 -0.0130385 27.9996 10.4173 -13 3392 1 0 1
-5.58086 0.0917021 800 0.0509683 -0.141903 27.9996 10.4173 -13 3393 1 0 1
-15.2639 1.66669 800 0.0463031 -0.509639 27.9953 10.4175 -13 3394 1 0 1
15.4247 -3.54865 800 0.0773187 0.501085 27.9954 10.4176 -13 3395 1 0 1
-3.59222 -1.40269 800 0.0594823 -0.0740788 27.9998 10.4173 -13 3396 1 0 1
5.25407 -1.23093 800 0.052536 0.180532 27.9994 10.4173 -13 3397 1 0 1
11.9487 5.12981 800 -0.226715 0.317957 27.9973 10.4174 -13 3398 1 0 1
-4.7718 -2.69605 800 0.202851 -0.190769 27.9986 10.4174 -13 3399 1 0 1
-12.3896 -2.19416 800 0.0988467 -0.409936 27.9968 10.4175 -13 3400 1 0 1
12.7364 5.06389 800 -0.241056 0.44941 27.9954 10.4176 -13 3401 1 0 1
-8.91379 -6.32345 800 0.306874 -0.337536 27.9963 10.4175 -13 3402 1 0 1
-6.64058 -7.64672 800 0.229875 -0.236596 27.9981 10.4174 -13 3403 1 0 1
-4.70189 0.656533 800 0.0266732 -0.0998535 27.9998 10.4173 -13 3404 1 0 1
-8.52464 1.52764 800 0.0110399 -0.361086 27.9977 10.4174 -13 3405 1 0 1
5.44161 1.16694 800 -0.120192 0.214653 27.9989 10.4173 -13 3406 1 0 1
-17.5616 -2.8346 800 0.22044 -0.592617 27.9929 10.4177 -13 3407 1 0 1
7.34741 0.900468 800 -0.158505 0.224764 27.9986 10.4174 -13 3408 1 0 1
-9.78726 -6.21045 800 0.242991 -0.32336 27.9971 10.4174 -13 3409 1 0 1
-5.67014 0.501776 800 -0.0469022 -0.239824 27.9989 10.4174 -13 3410 1 0 1
4.62696 -1.3572 800 -0.00662175 0.17483 27.9995 10.4173 -13 3411 1 0 1
5.50272 2.70581 800 -0.0823872 0.238717 27.9989 10.4174 -13 3412 1 0 1
-15.966 -7.64586 800 0.404192 -0.584194 27.991 10.4179 -13 3413 1 0 1
14.9814 3.15613 800 -0.291221 0.436346 27.9951 10.4176 -13 3414 1 0 1
-10.1734 -0.420222 800 0.0487274 -0.413 27.9969 10.4175 -13 3415 1 0 1
-8.00387 -4.3832 800 0.302254 -0.206515 27.9976 10.4175 -13 3416 1 0 1
-11.3184 -8.55757 800 0.363175 -0.472784 27.9937 10.4178 -13 3417 1 0 1
30.2136 7.87735 800 -0.509484 1.06837 27.975 10.419 -13 3418 1 0 1
-5.28585 -0.437134 800 0.160587 -0.127196 27.9993 10.4174 -13 3419 1 0 1
-11.299 -4.99396 800 0.381457 -0.389202 27.9947 10.4177 -13 3420 1 0 1
9.33355 -0.74218 800 -0.0165503 0.420879 27.9968 10.4175 -13 3421 1 0 1
-1.24742 -1.37427 800 0.0142076 -0.126875 27.9997 10.4173 -13 3422 1 0 1
-6.32859 -0.145697 800 0.0637617 -0.220156 27.9991 10.4173 -13 3423 1 0 1
4.44379 3.10232 800 -0.0400346 0.115667 27.9997 10.4173 -13 3424 1 0 1
14.1949 6.35772 800 -0.301568 0.562917 27.9927 10.4178 -13 3425 1 0 1
-3.87943 -0.704347 800 -0.0240882 -0.200294 27.9993 10.4174 -13 3426 1 0 1
4.39537 -4.47505 800 0.102844 0.224873 27.9989 10.4173 -13 3427 1 0 1
4.88829 -3.2675 800 0.183654 0.203718 27.9987 10.4174 -13 3428 1 0 1
1.41927 1.11049 800 -0.0216272 -0.0138374 28 10.4173 -13 3429 1 0 1
-5.62607 0.948823 800 0.0100757 -0.232565 27.999 10.4173 -13 3430 1 0 1
8.62611 -1.29498 800 0.0134008 0.345952 27.9979 10.4174 -13 3431 1 0 1
-2.86756 1.05887 800 -0.0477302 -0.111621 27.9997 10.4173 -13 3432 1 0 1
1.15467 8.29572 800 -0.343586 0.0830072 27.9978 10.4175 -13 3433 1 0 1
6.55951 8.44124 800 -0.370439 0.228023 27.9966 10.4175 -13 3434 1 0 1
-0.422765 4.39098 800 -0.22487 -0.000640058 27.9991 10.4174 -13 3435 1 0 1
-6.17263 -3.59679 800 0.283796 -0.214977 27.9977 10.4175 -13 3436 1 0 1
-1.46501 0.537979 800 -0.00619027 -0.0152319 28 10.4173 -13 3437 1 0 1
16.4791 8.23193 800 -0.339684 0.618074 27.9911 10.4179 -13 3438 1 0 1
-10.9914 -1.81115 800 0.239888 -0.453625 27.9953 10.4177 -13 3439 1 0 1
23.1559 5.44119 800 -0.350484 0.848438 27.9849 10.4183 -13 3440 1 0 1
-11.2992 -6.92317 800 0.328591 -0.347145 27.9959 10.4175 -13 3441 1 0 1
-16.9883 -7.43743 800 0.316275 -0.549186 27.9928 10.4177 -13 3442 1 0 1
-9.54614 -2.46299 800 0.188058 -0.254032 27.9982 10.4174 -13 3443 1 0 1
2.05069 -5.74982 800 0.209421 0.0526746 27.9992 10.4173 -13 3444 1 0 1
-5.44674 -1.64232 800 0.0608537 -0.193399 27.9993 10.4173 -13 3445 1 0 1
3.25425 2.69233 800 -0.166885 0.192428 27.9988 10.4174 -13 3446 1 0 1
-12.7799 -4.45845 800 0.342455 -0.452732 27.9942 10.4177 -13 3447 1 0 1
-30.6255 -12.4893 800 0.625206 -1.16915 27.9686 10.4196 -13 3448 1 0 1
-15.3521 -8.37347 800 0.465048 -0.51926 27.9913 10.4179 -13 3449 1 0 1
2.77597 0.204523 800 -0.0023656 0.103729 27.9998 10.4173 -13 3450 1 0 1
7.32544 2.8505 800 -0.0664165 0.290539 27.9984 10.4174 -13 3451 1 0 1
1.44956 -1.80524 800 0.0780541 0.129551 27.9996 10.4173 -13 3452 1 0 1
-1.55083 -7.99668 800 0.336321 -0.0941282 27.9978 10.4175 -13 3453 1 0 1
10.862 1.63296 800 -0.147938 0.302979 27.998 10.4174 -13 3454 1 0 1
4.44215 -3.02824 800 0.069312 0.0210841 27.9999 10.4174 -13 3455 1 0 1
4.44758 2.28676 800 -0.21859 0.159043 27.9987 10.4174 -13 3456 1 0 1
-20.4588 -6.81707 800 0.387847 -0.688927 27.9888 10.418 -13 3457 1 0 1
-1.08692 -6.55822 800 0.226494 0.0205833 27.9991 10.4173 -13 3458 1 0 1
2.01076 2.44792 800 -0.0631022 0.0758071 27.9998 10.4173 -13 3459 1 0 1
-23.8175 -8.63991 800 0.446013 -0.867303 27.983 10.4184 -13 3460 1 0 1
-6.15358 -4.66909 800 0.26972 -0.159067 27.9982 10.4174 -13 3461 1 0 1
-0.190557 -0.035719 800 -0.0893721 0.00635438 27.9999 10.4173 -13 3462 1 0 1
-4.21076 1.30436 800 -0.0623965 -0.119903 27.9997 10.4173 -13 3463 1 0 1
-5.85956 2.41285 800 -0.103904 -0.152883 27.9994 10.4173 -13 3464 1 0 1
4.7251 -5.98915 800 0.208567 0.133711 27.9989 10.4173 -13 3465 1 0 1
13.5627 1.85205 800 -0.166415 0.404873 27.9966 10.4175 -13 3466 1 0 1
9.13395 2.84977 800 -0.181415 0.292691 27.9979 10.4174 -13 3467 1 0 1
1.52597 6.37769 800 -0.206987 0.0574016 27.9992 10.4173 -13 3468 1 0 1
5.32794 1.27362 800 -0.0958344 0.204713 27.9991 10.4173 -13 3469 1 0 1
2.77368 -4.53489 800 0.191911 0.0587804 27.9993 10.4173 -13 3470 1 0 1
-1.85962 -0.126542 800 0.00100392 -0.0722578 27.9999 10.4173 -13 3471 1 0 1
-19.7796 0.33055 800 0.0659778 -0.675317 27.9918 10.4178 -13 3472 1 0 1
-2.7574 5.02615 800 -0.155205 -0.108354 27.9994 10.4173 -13 3473 1 0 1
15.8875 5.38981 800 -0.277151 0.593158 27.9923 10.4178 -13 3474 1 0 1
4.51206 -1.56634 800 -0.0686333 0.133891 27.9996 10.4173 -13 3475 1 0 1
18.4643 -1.74753 800 -0.0427214 0.574038 27.9941 10.4176 -13 3476 1 0 1
-12.4887 1.29894 800 0.00133899 -0.395932 27.9972 10.4174 -13 3477 1 0 1
7.59074 0.633927 800 -0.091039 0.26533 27.9986 10.4173 -13 3478 1 0 1
15.6822 -2.05495 800 0.0676051 0.590855 27.9937 10.4177 -13 3479 1 0 1
8.77566 0.797634 800 -0.0974804 0.339774 27.9978 10.4174 -13 3480 1 0 1
-3.6352 -3.45216 800 0.155879 -0.164307 27.9991 10.4173 -13 3481 1 0 1
-5.59343 -1.1046 800 0.073527 -0.158811 27.9995 10.4173 -13 3482 1 0 1
16.8461 4.88704 800 -0.300282 0.519213 27.9936 10.4177 -13 3483 1 0 1
-11.5473 -7.9099 800 0.397751 -0.374192 27.9947 10.4176 -13 3484 1 0 1
-7.04025 2.5438 800 -0.050818 -0.14988 27.9996 10.4173 -13 3485 1 0 1
7.80335 6.78078 800 -0.35059 0.275149 27.9965 10.4175 -13 3486 1 0 1
-9.13548 -2.44112 800 0.133469 -0.311939 27.9979 10.4174 -13 3487 1 0 1
-16.0822 1.53005 800 -0.0135855 -0.615408 27.9932 10.4177 -13 3488 1 0 1
15.4308 2.94952 800 -0.140828 0.598343 27.9933 10.4178 -13 3489 1 0 1
-4.59289 -1.90017 800 0.156481 -0.154546 27.9991 10.4173 -13 3490 1 0 1
16.9721 5.34452 800 -0.273218 0.623349 27.9917 10.4178 -13 3491 1 0 1
-16.5744 0.936038 800 0.0342026 -0.580963 27.994 10.4176 -13 3492 1 0 1
9.71461 -4.95146 800 0.0949542 0.304643 27.9982 10.4174 -13 3493 1 0 1
17.5007 4.87164 800 -0.265612 0.601135 27.9923 10.4178 -13 3494 1 0 1
1.49812 6.4059 800 -0.22278 0.0207328 27.9991 10.4173 -13 3495 1 0 1
2.93731 1.32673 800 -0.0299409 -0.00357959 28 10.4173 -13 3496 1 0 1
-3.45071 -1.95688 800 0.0107372 -0.130186 27.9997 10.4173 -13 3497 1 0 1
11.4334 8.93209 800 -0.421578 0.375496 27.9943 10.4177 -13 3498 1 0 1
-1.10891 -2.8005 800 0.123247 -0.0643265 27.9997 10.4173 -13 3499 1 0 1
-0.703517 1.30459 800 -0.0185779 -0.0674957 27.9999 10.4173 -13 3500 1 0 1
9.85746 -5.8587 800 0.127568 0.323865 27.9978 10.4174 -13 3501 1 0 1
6.92362 2.76148 800 -0.216758 0.16485 27.9987 10.4174 -13 3502 1 0 1
1.65264 -0.43729 800 0.048992 0.0278504 27.9999 10.4173 -13 3503 1 0 1
18.8169 10.3561 800 -0.493653 0.60384 27.9891 10.418 -13 3504 1 0 1
-6.19944 -0.802272 800 0.0399266 -0.226942 27.9991 10.4173 -13 3505 1 0 1
2.43516 5.71117 800 -0.244894 0.0257802 27.9989 10.4173 -13 3506 1 0 1
-0.496024 3.20735 800 -0.0689389 0.021215 27.9999 10.4173 -13 3507 1 0 1
-4.54867 2.01725 800 -0.0751284 -0.191021 27.9992 10.4173 -13 3508 1 0 1
12.5939 0.106182 800 -0.0736684 0.439938 27.9964 10.4175 -13 3509 1 0 1
-17.3135 -10.9687 800 0.532671 -0.653748 27.9873 10.4182 -13 3510 1 0 1
-23.1622 -8.17054 800 0.426202 -0.818588 27.9848 10.4183 -13 3511 1 0 1
0.545172 2.83274 800 -0.0724735 0.0198765 27.9999 10.4173 -13 3512 1 0 1
5.10764 1.83224 800 -0.161916 0.105531 27.9993 10.4173 -13 3513 1 0 1
-13.9866 -0.525458 800 0.114327 -0.524277 27.9949 10.4176 -13 3514 1 0 1
8.44426 1.63529 800 -0.110734 0.223596 27.9989 10.4173 -13 3515 1 0 1
8.47416 2.5897 800 -0.0759878 0.374509 27.9974 10.4175 -13 3516 1 0 1
-0.162043 -1.61607 800 0.212358 -0.0436332 27.9992 10.4175 -13 3517 1 0 1
24.0034 4.37528 800 -0.291916 0.790545 27.9873 10.4181 -13 3518 1 0 1
8.46815 4.53452 800 -0.261643 0.248496 27.9977 10.4174 -13 3519 1 0 1
-3.89973 -0.727929 800 0.0808717 -0.203651 27.9991 10.4174 -13 3520 1 0 1
14.0575 -1.05104 800 -0.0837166 0.444452 27.9963 10.4175 -13 3521 1 0 1
-4.26927 -6.76689 800 0.27192 -0.153029 27.9983 10.4174 -13 3522 1 0 1
-2.13747 -7.30864 800 0.308221 -0.0268323 27.9983 10.4174 -13 3523 1 0 1
3.82934 1.53888 800 -0.10604 0.068898 27.9997 10.4173 -13 3524 1 0 1
-8.45193 -5.14819 800 0.157638 -0.264174 27.9983 10.4174 -13 3525 1 0 1
-6.50439 -1.65251 800 0.0888693 -0.116816 27.9996 10.4173 -13 3526 1 0 1
6.76855 0.708457 800 0.0405087 0.283561 27.9985 10.4174 -13 3527 1 0 1
-1.12882 -1.56646 800 -0.0642869 -0.0403874 27.9999 10.4173 -13 3528 1 0 1
7.13801 4.14513 800 -0.179178 0.194731 27.9987 10.4173 -13 3529 1 0 1
11.2585 3.47858 800 -0.139359 0.355611 27.9974 10.4174 -13 3530 1 0 1
3.12063 1.22839 800 -0.096287 0.005261 27.9998 10.4173 -13 3531 1 0 1
3.17764 -5.23475 800 0.120867 0.112279 27.9995 10.4173 -13 3532 1 0 1
-1.81703 -1.3853 800 0.122171 -0.0707883 27.9996 10.4173 -13 3533 1 0 1
-18.2006 -3.78242 800 0.158197 -0.706462 27.9906 10.418 -13 3534 1 0 1
4.30436 -2.61775 800 0.0767041 0.213798 27.9991 10.4173 -13 3535 1 0 1
-1.91565 -0.0991722 800 0.01109 0.00354176 28 10.4173 -13 3536 1 0 1
6.92445 3.85793 800 -0.190372 0.268909 27.9981 10.4174 -13 3537 1 0 1
10.0719 5.50283 800 -0.283068 0.455608 27.9949 10.4177 -13 3538 1 0 1
-9.96501 -5.87574 800 0.187206 -0.307642 27.9977 10.4174 -13 3539 1 0 1
4.25136 -1.42347 800 -0.101252 0.133352 27.9995 10.4174 -13 3540 1 0 1
-7.27431 0.730355 800 0.147199 -0.28211 27.9982 10.4175 -13 3541 1 0 1
-0.356195 -2.52587 800 0.106245 -0.0656896 27.9997 10.4173 -13 3542 1 0 1
5.25466 3.54159 800 -0.184048 0.182048 27.9988 10.4173 -13 3543 1 0 1
4.56342 0.547743 800 -0.0780565 0.0981605 27.9997 10.4173 -13 3544 1 0 1
9.22216 9.46141 800 -0.439123 0.431749 27.9932 10.4179 -13 3545 1 0 1
5.23854 1.05484 800 -0.0315571 0.185355 27.9994 10.4173 -13 3546 1 0 1
-8.94973 4.58434 800 -0.081139 -0.30845 27.9982 10.4174 -13 3547 1 0 1
-6.73387 0.870365 800 -0.0775598 -0.262711 27.9987 10.4174 -13 3548 1 0 1
6.92693 4.98188 800 -0.182021 0.279696 27.998 10.4174 -13 3549 1 0 1
-13.9657 -2.67472 800 0.199536 -0.494211 27.9949 10.4176 -13 3550 1 0 1
-5.59665 -1.7957 800 0.136037 -0.111499 27.9994 10.4173 -13 3551 1 0 1
-12.9439 -9.6758 800 0.407588 -0.419594 27.9939 10.4177 -13 3552 1 0 1
5.48564 3.22904 800 -0.192247 0.116214 27.9991 10.4173 -13 3553 1 0 1
-8.15302 -4.84799 800 0.264275 -0.29584 27.9972 10.4175 -13 3554 1 0 1
0.798043 -0.629628 800 0.0110765 0.0648855 27.9999 10.4173 -13 3555 1 0 1
-3.97022 -0.952336 800 0.0783576 -0.203561 27.9992 10.4173 -13 3556 1 0 1
-2.81072 -2.26337 800 0.0685567 -0.111364 27.9997 10.4173 -13 3557 1 0 1
-8.04408 0.0298044 800 0.0560746 -0.29347 27.9984 10.4174 -13 3558 1 0 1
-17.3852 -5.54912 800 0.239042 -0.574647 27.9931 10.4177 -13 3559 1 0 1
0.143129 5.21394 800 -0.19254 -0.0179708 27.9993 10.4173 -13 3560 1 0 1
6.5545 2.99847 800 -0.17495 0.280904 27.998 10.4174 -13 3561 1 0 1
-7.47085 -1.92005 800 0.173083 -0.217917 27.9986 10.4174 -13 3562 1 0 1
13.0516 5.20695 800 -0.362375 0.463319 27.9938 10.4177 -13 3563 1 0 1
8.94514 4.25165 800 -0.201288 0.291672 27.9978 10.4174 -13 3564 1 0 1
-12.6377 -3.72112 800 0.183871 -0.496611 27.995 10.4176 -13 3565 1 0 1
-6.46895 1.83888 800 0.00217479 -0.168035 27.9995 10.4173 -13 3566 1 0 1
11.8631 6.06874 800 -0.303601 0.368703 27.9959 10.4175 -13 3567 1 0 1
21.4116 6.08819 800 -0.281479 0.784811 27.9876 10.4181 -13 3568 1 0 1
-5.11417 1.48269 800 0.013497 -0.135256 27.9997 10.4173 -13 3569 1 0 1
-16.6268 -5.98391 800 0.17673 -0.572925 27.9936 10.4178 -13 3570 1 0 1
-10.5849 1.86235 800 -0.0582717 -0.312907 27.9982 10.4174 -13 3571 1 0 1
19.2871 2.97295 800 -0.172821 0.657266 27.9918 10.4178 -13 3572 1 0 1
6.92468 7.15875 800 -0.305482 0.229096 27.9974 10.4174 -13 3573 1 0 1
18.3156 4.70877 800 -0.304506 0.618667 27.9915 10.4178 -13 3574 1 0 1
0.611853 -5.96099 800 0.252457 0.0363379 27.9988 10.4174 -13 3575 1 0 1
-3.39339 -4.02927 800 0.176881 -0.0766311 27.9993 10.4173 -13 3576 1 0 1
1.4596 8.66193 800 -0.432889 0.042897 27.9966 10.4176 -13 3577 1 0 1
-10.8234 -3.9826 800 0.254697 -0.356042 27.9966 10.4175 -13 3578 1 0 1
-7.45141 3.01494 800 -0.0680648 -0.287979 27.9984 10.4174 -13 3579 1 0 1
-15.0237 -0.541502 800 0.228519 -0.428234 27.9958 10.4176 -13 3580 1 0 1
2.09615 0.067196 800 -0.089284 0.0970039 27.9997 10.4173 -13 3581 1 0 1
-4.02811 -8.26792 800 0.397503 -0.159237 27.9967 10.4176 -13 3582 1 0 1
13.0905 4.55278 800 -0.217912 0.441743 27.9957 10.4175 -13 3583 1 0 1
-3.45348 -4.07533 800 0.180469 -0.11355 27.9992 10.4173 -13 3584 1 0 1
14.0791 11.3097 800 -0.609106 0.472584 27.9894 10.4181 -13 3585 1 0 1
19.3817 5.06422 800 -0.206841 0.686826 27.9908 10.4179 -13 3586 1 0 1
9.7153 9.11848 800 -0.352147 0.457948 27.994 10.4178 -13 3587 1 0 1
0.154005 -3.28832 800 0.111489 -0.0434095 27.9997 10.4173 -13 3588 1 0 1
-13.5667 0.745511 800 -0.00286249 -0.41765 27.9969 10.4175 -13 3589 1 0 1
-7.78466 -2.84515 800 0.115533 -0.184187 27.9992 10.4173 -13 3590 1 0 1
-1.52929 4.91996 800 -0.235311 -0.093335 27.9989 10.4174 -13 3591 1 0 1
-4.49663 -5.13004 800 0.214864 -0.212432 27.9984 10.4174 -13 3592 1 0 1
7.57081 -5.02677 800 0.14809 0.246139 27.9985 10.4174 -13 3593 1 0 1
12.9261 8.03971 800 -0.354623 0.382584 27.9951 10.4176 -13 3594 1 0 1
3.57941 9.09321 800 -0.431121 0.0459303 27.9966 10.4175 -13 3595 1 0 1
-4.45497 -9.53121 800 0.335513 -0.166417 27.9975 10.4174 -13 3596 1 0 1
-4.82677 -0.313069 800 0.0948442 -0.219917 27.999 10.4174 -13 3597 1 0 1
-34.9728 -7.80451 800 0.531746 -1.20106 27.9692 10.4193 -13 3598 1 0 1
1.2604 -6.24691 800 0.227694 0.0551129 27.999 10.4173 -13 3599 1 0 1
0.641769 1.54659 800 0.0219389 -0.0092872 28 10.4173 -13 3600 1 0 1
2.29403 -2.07779 800 0.0252957 0.0578806 27.9999 10.4173 -13 3601 1 0 1
6.82316 3.60144 800 -0.175491 0.291405 27.9979 10.4174 -13 3602 1 0 1
26.9211 14.035 800 -0.716331 0.882705 27.9769 10.4188 -13 3603 1 0 1
-3.09525 1.78319 800 -0.013602 -0.135732 27.9997 10.4173 -13 3604 1 0 1
-3.62544 -0.312947 800 0.0113512 -0.13908 27.9997 10.4173 -13 3605 1 0 1
-2.46023 1.44329 800 0.00197106 -0.112726 27.9998 10.4173 -13 3606 1 0 1
10.8952 -1.12173 800 0.00507453 0.463714 27.9962 10.4176 -13 3607 1 0 1
-6.95863 -2.6942 800 0.154111 -0.240973 27.9985 10.4174 -13 3608 1 0 1
-28.2918 -4.89261 800 0.293448 -1.11163 27.9764 10.419 -13 3609 1 0 1
8.54595 -1.60367 800 0.0594007 0.257002 27.9988 10.4174 -13 3610 1 0 1
-5.96806 2.34582 800 0.0138448 -0.261554 27.9988 10.4174 -13 3611 1 0 1
-5.13681 -2.99319 800 0.21491 -0.161916 27.9987 10.4174 -13 3612 1 0 1
8.54011 5.69154 800 -0.378166 0.343482 27.9953 10.4177 -13 3613 1 0 1
-2.1387 0.904169 800 0.00576945 -0.0310303 28 10.4173 -13 3614 1 0 1
4.16474 -1.04952 800 0.070713 0.189963 27.9993 10.4173 -13 3615 1 0 1
-3.37176 -1.73775 800 0.0583334 -0.158991 27.9995 10.4173 -13 3616 1 0 1
1.51987 -0.340254 800 0.0425009 0.00275598 28 10.4173 -13 3617 1 0 1
-7.19114 -7.68175 800 0.360362 -0.189491 27.997 10.4175 -13 3618 1 0 1
-6.12893 3.63295 800 -0.0889601 -0.282948 27.9984 10.4174 -13 3619 1 0 1
0.139717 3.33645 800 -0.213814 -0.0842094 27.9991 10.4174 -13 3620 1 0 1
3.13031 0.262994 800 0.0275123 0.0729466 27.9999 10.4173 -13 3621 1 0 1
-8.7452 -2.99773 800 0.206695 -0.286419 27.9978 10.4174 -13 3622 1 0 1
-3.70743 0.239334 800 0.0343874 -0.161584 27.9995 10.4173 -13 3623 1 0 1
2.16284 -0.218287 800 -0.115331 0.0896988 27.9996 10.4173 -13 3624 1 0 1
5.93193 3.13917 800 -0.129836 0.185698 27.9991 10.4173 -13 3625 1 0 1
12.1504 4.28791 800 -0.264321 0.400163 27.9959 10.4175 -13 3626 1 0 1
3.8485 1.98558 800 -0.0382976 0.1002 27.9998 10.4173 -13 3627 1 0 1
-1.70379 -5.79314 800 0.0964846 -0.0683163 27.9998 10.4173 -13 3628 1 0 1
7.01889 2.14515 800 -0.16178 0.254669 27.9984 10.4174 -13 3629 1 0 1
-5.29987 0.53402 800 0.0218366 -0.204119 27.9992 10.4173 -13 3630 1 0 1
4.9064 -3.58049 800 0.106429 0.148287 27.9994 10.4173 -13 3631 1 0 1
-0.836705 10.8638 800 -0.3121 0.00278367 27.9983 10.4174 -13 3632 1 0 1
12.6983 3.28281 800 -0.16879 0.468041 27.9956 10.4176 -13 3633 1 0 1
15.7145 -0.112631 800 -0.100385 0.577312 27.9939 10.4177 -13 3634 1 0 1
-10.2186 -5.33676 800 0.266676 -0.356506 27.9965 10.4175 -13 3635 1 0 1
2.80783 -0.357645 800 0.0481113 0.0277475 27.9999 10.4173 -13 3636 1 0 1
-11.7179 -1.8117 800 0.232559 -0.378532 27.9965 10.4175 -13 3637 1 0 1
2.1337 0.00960221 800 -0.105201 0.0919771 27.9997 10.4173 -13 3638 1 0 1
9.49358 2.75379 800 -0.22255 0.376939 27.9966 10.4175 -13 3639 1 0 1
-6.81226 -5.32399 800 0.154116 -0.179562 27.999 10.4173 -13 3640 1 0 1
-6.88164 -1.10553 800 0.0312053 -0.33248 27.998 10.4175 -13 3641 1 0 1
3.30206 6.5041 800 -0.226201 0.123691 27.9988 10.4173 -13 3642 1 0 1
-2.1688 -1.28824 800 0.0668236 -0.0858744 27.9998 10.4173 -13 3643 1 0 1
5.24054 6.0092 800 -0.268307 0.275339 27.9974 10.4175 -13 3644 1 0 1
-8.70493 0.244111 800 0.0409698 -0.281062 27.9986 10.4173 -13 3645 1 0 1
-8.5544 -7.71302 800 0.361689 -0.322932 27.9958 10.4176 -13 3646 1 0 1
8.83527 1.95936 800 -0.142305 0.278558 27.9983 10.4174 -13 3647 1 0 1
19.0194 5.07533 800 -0.229469 0.611071 27.9924 10.4177 -13 3648 1 0 1
2.33052 1.30922 800 -0.0257753 0.144154 27.9996 10.4173 -13 3649 1 0 1
2.35896 2.72656 800 -0.0682492 0.165769 27.9994 10.4174 -13 3650 1 0 1
6.98501 -0.264882 800 -0.124763 0.310932 27.998 10.4175 -13 3651 1 0 1
-4.63639 0.926783 800 -0.00537906 -0.108004 27.9998 10.4173 -13 3652 1 0 1
17.2123 8.63594 800 -0.418807 0.514798 27.9921 10.4178 -13 3653 1 0 1
-6.76391 -3.54154 800 0.213868 -0.243576 27.9981 10.4174 -13 3654 1 0 1
1.33096 -5.55487 800 0.202598 0.0936641 27.9991 10.4173 -13 3655 1 0 1
-1.20241 -1.79846 800 0.104797 -0.0958767 27.9996 10.4173 -13 3656 1 0 1
-11.7705 -1.4196 800 0.0620825 -0.405376 27.997 10.4175 -13 3657 1 0 1
2.46457 3.24195 800 -0.133394 0.0432488 27.9996 10.4173 -13 3658 1 0 1
-15.4047 1.92745 800 -0.00721381 -0.534146 27.9949 10.4176 -13 3659 1 0 1
-10.2884 -10.1147 800 0.534814 -0.327954 27.993 10.4178 -13 3660 1 0 1
6.08928 -4.1331 800 0.20408 0.145966 27.9989 10.4174 -13 3661 1 0 1
1.97354 -3.61141 800 0.169374 0.031395 27.9995 10.4173 -13 3662 1 0 1
8.06696 1.33604 800 -0.0854227 0.21468 27.999 10.4173 -13 3663 1 0 1
-10.6177 -6.42021 800 0.359301 -0.434582 27.9943 10.4177 -13 3664 1 0 1
-9.64507 1.40735 800 0.0488744 -0.359608 27.9976 10.4174 -13 3665 1 0 1
-4.87441 0.87806 800 -0.046194 -0.197221 27.9993 10.4173 -13 3666 1 0 1
-0.422326 2.90242 800 -0.124648 0.071503 27.9996 10.4173 -13 3667 1 0 1
4.52761 3.79443 800 -0.116245 0.112842 27.9995 10.4173 -13 3668 1 0 1
-16.9852 -1.8989 800 0.0714975 -0.582315 27.9939 10.4177 -13 3669 1 0 1
-14.1384 -1.24448 800 0.0988207 -0.625837 27.9928 10.4179 -13 3670 1 0 1
-0.06353 0.987875 800 -0.0242216 0.0295767 28 10.4173 -13 3671 1 0 1
-0.0569181 -1.99452 800 0.147749 0.0258614 27.9996 10.4173 -13 3672 1 0 1
-7.59411 -4.35883 800 0.178167 -0.150649 27.999 10.4173 -13 3673 1 0 1
-13.3713 -4.16539 800 0.242514 -0.405113 27.996 10.4175 -13 3674 1 0 1
13.2249 4.78133 800 -0.335499 0.496131 27.9936 10.4178 -13 3675 1 0 1
2.48121 -3.46528 800 0.0727449 0.016095 27.9999 10.4173 -13 3676 1 0 1
9.1364 3.65957 800 -0.210431 0.317522 27.9974 10.4174 -13 3677 1 0 1
12.803 4.59056 800 -0.204448 0.408705 27.9963 10.4175 -13 3678 1 0 1
-2.74233 -0.9252 800 -0.0108539 -0.0986792 27.9998 10.4173 -13 3679 1 0 1
-12.5227 -3.34757 800 0.380916 -0.456197 27.9937 10.4179 -13 3680 1 0 1
-15.0278 1.74065 800 0.0618646 -0.514079 27.9952 10.4176 -13 3681 1 0 1
-12.5875 -1.36671 800 0.0394004 -0.32436 27.9981 10.4174 -13 3682 1 0 1
0.389477 3.15562 800 -0.125437 0.113731 27.9995 10.4174 -13 3683 1 0 1
14.034 -1.19626 800 -0.0802003 0.486484 27.9957 10.4175 -13 3684 1 0 1
-3.69032 0.511807 800 0.0127694 -0.168846 27.9995 10.4173 -13 3685 1 0 1
7.3051 3.43649 800 -0.16902 0.277167 27.9981 10.4174 -13 3686 1 0 1
-8.27211 -4.19226 800 0.173121 -0.315059 27.9977 10.4174 -13 3687 1 0 1
-3.13913 -0.448573 800 -0.0131723 -0.156192 27.9996 10.4173 -13 3688 1 0 1
1.58665 3.70474 800 -0.106496 0.0600878 27.9997 10.4173 -13 3689 1 0 1
-5.18389 -3.63522 800 0.125408 -0.20584 27.999 10.4173 -13 3690 1 0 1
-10.3304 0.1145 800 0.0345831 -0.303527 27.9983 10.4174 -13 3691 1 0 1
-5.57655 -4.61592 800 0.196461 -0.19837 27.9986 10.4174 -13 3692 1 0 1
-6.45232 -7.1147 800 0.369155 -0.243766 27.9965 10.4176 -13 3693 1 0 1
19.5982 4.99627 800 -0.286979 0.706609 27.9896 10.418 -13 3694 1 0 1
11.5439 4.96333 800 -0.287316 0.342284 27.9964 10.4175 -13 3695 1 0 1
4.87931 1.19543 800 -0.0419859 0.0458991 27.9999 10.4173 -13 3696 1 0 1
-8.83217 -4.36061 800 0.153756 -0.205788 27.9988 10.4173 -13 3697 1 0 1
4.86527 -1.37063 800 0.0534009 0.141736 27.9996 10.4173 -13 3698 1 0 1
9.01732 6.09839 800 -0.206898 0.33116 27.9973 10.4175 -13 3699 1 0 1
11.3293 -0.147526 800 -0.0575568 0.362502 27.9976 10.4174 -13 3700 1 0 1
0.34574 3.01128 800 -0.171704 -0.0199466 27.9995 10.4173 -13 3701 1 0 1
8.92014 5.51459 800 -0.171381 0.333682 27.9975 10.4175 -13 3702 1 0 1
-1.41682 0.155688 800 0.0270672 -0.0508265 27.9999 10.4173 -13 3703 1 0 1
1.25512 -3.64713 800 0.0807791 0.0294917 27.9999 10.4173 -13 3704 1 0 1
-14.3756 -3.24646 800 0.252721 -0.547346 27.9935 10.4177 -13 3705 1 0 1
13.9407 2.37717 800 -0.0739946 0.433 27.9966 10.4175 -13 3706 1 0 1
-11.684 2.91507 800 -0.061055 -0.45968 27.9962 10.4175 -13 3707 1 0 1
1.36835 -6.85859 800 0.279621 0.104056 27.9984 10.4174 -13 3708 1 0 1
3.08849 2.28783 800 -0.111354 0.0527903 27.9997 10.4173 -13 3709 1 0 1
-3.80547 -1.07416 800 0.0858613 -0.155218 27.9994 10.4173 -13 3710 1 0 1
3.6225 2.8219 800 -0.149297 0.123603 27.9993 10.4173 -13 3711 1 0 1
-13.7041 -9.05218 800 0.558056 -0.4603 27.9907 10.418 -13 3712 1 0 1
-2.06468 2.48761 800 -0.0748319 -0.154832 27.9995 10.4173 -13 3713 1 0 1
12.306 1.10878 800 -0.085348 0.499676 27.9954 10.4176 -13 3714 1 0 1
-4.90778 0.0330277 800 -0.0666599 -0.182866 27.9993 10.4173 -13 3715 1 0 1
13.6277 0.230383 800 -0.140139 0.450351 27.996 10.4175 -13 3716 1 0 1
-0.285641 0.824772 800 0.0724563 -0.00305922 27.9999 10.4173 -13 3717 1 0 1
8.60094 7.06904 800 -0.320101 0.418752 27.995 10.4178 -13 3718 1 0 1
1.95578 6.07402 800 -0.232121 0.128295 27.9987 10.4174 -13 3719 1 0 1
9.8257 0.965649 800 -0.157133 0.378105 27.997 10.4175 -13 3720 1 0 1
6.98242 2.94069 800 -0.10398 0.214134 27.999 10.4173 -13 3721 1 0 1
-12.1628 -0.515115 800 0.0282239 -0.458281 27.9962 10.4175 -13 3722 1 0 1
3.35811 8.01781 800 -0.332857 0.117938 27.9978 10.4174 -13 3723 1 0 1
-7.40455 -0.276227 800 0.0283559 -0.28059 27.9986 10.4174 -13 3724 1 0 1
6.6731 6.34423 800 -0.302336 0.154745 27.9979 10.4174 -13 3725 1 0 1
11.628 6.49809 800 -0.24311 0.344399 27.9968 10.4175 -13 3726 1 0 1
0.192532 0.726706 800 0.0216428 0.0220872 28 10.4173 -13 3727 1 0 1
14.2084 9.12697 800 -0.369941 0.512831 27.9929 10.4178 -13 3728 1 0 1
2.21917 -4.02978 800 0.0993386 0.0637744 27.9998 10.4173 -13 3729 1 0 1
-9.07148 -5.97574 800 0.273473 -0.178225 27.9981 10.4174 -13 3730 1 0 1
6.73274 3.11513 800 -0.139633 0.271661 27.9983 10.4174 -13 3731 1 0 1
3.49569 2.17035 800 -0.0202685 0.151075 27.9996 10.4173 -13 3732 1 0 1
4.33577 1.8513 800 -0.140413 0.125798 27.9994 10.4173 -13 3733 1 0 1
0.169625 4.39648 800 -0.0954791 0.013448 27.9998 10.4173 -13 3734 1 0 1
1.43964 -9.17069 800 0.306332 0.171128 27.9978 10.4174 -13 3735 1 0 1
-3.45904 -1.7811 800 0.102986 -0.16388 27.9993 10.4173 -13 3736 1 0 1
12.0023 2.19256 800 -0.142769 0.373796 27.9971 10.4174 -13 3737 1 0 1
-3.01793 3.13164 800 -0.149815 -0.0456186 27.9996 10.4173 -13 3738 1 0 1
16.2106 1.67215 800 -0.148648 0.515084 27.9949 10.4176 -13 3739 1 0 1
-2.7973 1.24444 800 -0.0278192 -0.0638387 27.9999 10.4173 -13 3740 1 0 1
3.12932 -3.91476 800 0.159102 0.167811 27.999 10.4173 -13 3741 1 0 1
4.32627 -9.59198 800 0.25165 0.144393 27.9985 10.4174 -13 3742 1 0 1
9.46479 0.145372 800 -0.10244 0.354592 27.9976 10.4174 -13 3743 1 0 1
4.98712 3.69103 800 -0.174264 0.149813 27.9991 10.4173 -13 3744 1 0 1
-1.39025 -2.04877 800 0.0989605 -0.118685 27.9996 10.4173 -13 3745 1 0 1
11.0209 4.18922 800 -0.114427 0.412615 27.9967 10.4175 -13 3746 1 0 1
-6.14318 -3.43148 800 0.181685 -0.203472 27.9987 10.4173 -13 3747 1 0 1
3.59253 3.03494 800 -0.127044 0.0620555 27.9996 10.4173 -13 3748 1 0 1
5.30274 4.53465 800 -0.108051 0.20703 27.999 10.4174 -13 3749 1 0 1
1.83567 0.172419 800 -0.00834621 0.162064 27.9995 10.4173 -13 3750 1 0 1
-4.83284 0.531769 800 -0.0179992 -0.211109 27.9992 10.4173 -13 3751 1 0 1
2.31909 6.87186 800 -0.232732 0.121586 27.9988 10.4174 -13 3752 1 0 1
18.2335 10.2008 800 -0.4993 0.564203 27.9899 10.4179 -13 3753 1 0 1
-12.3325 -0.530494 800 0.00707363 -0.406989 27.997 10.4175 -13 3754 1 0 1
-7.80853 -1.20342 800 0.0586051 -0.212092 27.9991 10.4173 -13 3755 1 0 1
-2.17436 0.050924 800 0.00901671 -0.0492976 28 10.4173 -13 3756 1 0 1
-1.05808 -0.0656624 800 -0.0156878 -0.071429 27.9999 10.4173 -13 3757 1 0 1
26.5593 8.84819 800 -0.521026 0.939946 27.9794 10.4187 -13 3758 1 0 1
7.2976 -1.47853 800 -0.0702623 0.225057 27.999 10.4173 -13 3759 1 0 1
-8.35595 0.605706 800 -0.00518473 -0.189231 27.9994 10.4173 -13 3760 1 0 1
4.64772 -0.731656 800 -0.00900697 0.168293 27.9995 10.4173 -13 3761 1 0 1
-2.92836 2.28697 800 -0.0631433 -0.0739994 27.9998 10.4173 -13 3762 1 0 1
2.76249 1.8819 800 -0.0166221 0.131178 27.9997 10.4173 -13 3763 1 0 1
2.50842 -3.39743 800 0.143846 0.112834 27.9994 10.4173 -13 3764 1 0 1
4.37388 2.62128 800 0.0311832 0.103443 27.9998 10.4174 -13 3765 1 0 1
-8.70041 2.09573 800 -0.144979 -0.307065 27.9979 10.4175 -13 3766 1 0 1
-8.45804 -4.33067 800 0.115958 -0.294407 27.9982 10.4174 -13 3767 1 0 1
-7.29593 -4.23925 800 0.270652 -0.239376 27.9977 10.4174 -13 3768 1 0 1
4.91734 5.1589 800 -0.159921 0.170192 27.999 10.4173 -13 3769 1 0 1
-10.925 -5.61768 800 0.27132 -0.384072 27.9961 10.4175 -13 3770 1 0 1
-7.75784 -0.789525 800 0.13855 -0.370224 27.9972 10.4175 -13 3771 1 0 1
-2.70962 -4.18442 800 0.225182 -0.208074 27.9983 10.4175 -13 3772 1 0 1
-12.5829 -9.34495 800 0.497662 -0.406888 27.9926 10.4178 -13 3773 1 0 1
-8.05145 -2.12126 800 0.088145 -0.325701 27.998 10.4174 -13 3774 1 0 1
-10.3884 1.8795 800 -0.0424236 -0.378072 27.9974 10.4174 -13 3775 1 0 1
-16.83 -2.43148 800 0.170539 -0.596254 27.9931 10.4177 -13 3776 1 0 1
7.32306 0.376685 800 -0.0246884 0.216579 27.9992 10.4173 -13 3777 1 0 1
-8.42611 -3.3878 800 0.101368 -0.345852 27.9977 10.4175 -13 3778 1 0 1
9.94157 -0.529586 800 -0.0792455 0.378001 27.9973 10.4174 -13 3779 1 0 1
-6.33399 1.10533 800 0.0113997 -0.252785 27.9989 10.4173 -13 3780 1 0 1
-10.0832 -4.79316 800 0.228373 -0.337536 27.997 10.4175 -13 3781 1 0 1
5.70555 -0.950775 800 0.0586425 0.201189 27.9992 10.4173 -13 3782 1 0 1
18.9957 6.95121 800 -0.482459 0.75276 27.9857 10.4184 -13 3783 1 0 1
14.5187 1.56194 800 -0.0742495 0.499914 27.9954 10.4176 -13 3784 1 0 1
-10.8095 -6.39678 800 0.358627 -0.298206 27.9961 10.4175 -13 3785 1 0 1
-10.9728 -0.897844 800 0.0531513 -0.323592 27.9981 10.4174 -13 3786 1 0 1
19.3497 -0.725504 800 -0.130728 0.625868 27.9927 10.4177 -13 3787 1 0 1
-11.8682 -0.278404 800 0.0297466 -0.404476 27.9971 10.4175 -13 3788 1 0 1
-2.85114 4.14071 800 -0.130693 -0.0486882 27.9997 10.4173 -13 3789 1 0 1
6.71766 5.84041 800 -0.28479 0.268086 27.9973 10.4175 -13 3790 1 0 1
1.07552 -4.07488 800 0.118065 0.0548553 27.9997 10.4173 -13 3791 1 0 1
-7.51841 0.760663 800 0.0113094 -0.265327 27.9987 10.4173 -13 3792 1 0 1
-10.1984 -4.79478 800 0.228806 -0.344679 27.9969 10.4175 -13 3793 1 0 1
5.16291 -0.253477 800 0.0066084 0.116798 27.9998 10.4173 -13 3794 1 0 1
-13.5726 -0.708265 800 0.135823 -0.529957 27.9947 10.4176 -13 3795 1 0 1
-8.11072 -0.797313 800 0.159958 -0.266518 27.9983 10.4174 -13 3796 1 0 1
1.88646 -4.26276 800 0.218103 0.0468007 27.9991 10.4174 -13 3797 1 0 1
5.32418 0.640738 800 -0.0344396 0.215195 27.9992 10.4173 -13 3798 1 0 1
-8.90668 8.42213 800 -0.206724 -0.31562 27.9975 10.4174 -13 3799 1 0 1
-10.8025 -1.98636 800 0.164101 -0.4011 27.9966 10.4175 -13 3800 1 0 1
-6.583 0.325106 800 0.029537 -0.344671 27.9979 10.4175 -13 3801 1 0 1
14.8355 1.82425 800 -0.20469 0.549617 27.9939 10.4177 -13 3802 1 0 1
-2.62531 -1.8695 800 0.0726782 -0.078114 27.9998 10.4173 -13 3803 1 0 1
-9.2439 -5.72374 800 0.295543 -0.413932 27.9954 10.4177 -13 3804 1 0 1
-11.2516 -5.83783 800 0.345446 -0.47496 27.9938 10.4178 -13 3805 1 0 1
3.00513 2.55285 800 -0.128593 0.035305 27.9997 10.4173 -13 3806 1 0 1
1.17344 1.84208 800 -0.120756 0.118589 27.9995 10.4173 -13 3807 1 0 1
-7.04266 0.0809096 800 -0.0708545 -0.271794 27.9986 10.4174 -13 3808 1 0 1
5.14262 7.70234 800 -0.256474 0.1601 27.9984 10.4174 -13 3809 1 0 1
-7.75264 1.50674 800 -0.118724 -0.263651 27.9985 10.4174 -13 3810 1 0 1
-9.2408 1.10104 800 -0.0388033 -0.230533 27.999 10.4174 -13 3811 1 0 1
-22.2607 -10.1457 800 0.421572 -0.851706 27.9839 10.4185 -13 3812 1 0 1
2.50266 5.36897 800 -0.2297 0.0566641 27.999 10.4173 -13 3813 1 0 1
1.96381 2.11103 800 -0.0799946 0.0759015 27.9998 10.4173 -13 3814 1 0 1
-5.28416 -7.52538 800 0.393865 -0.151269 27.9968 10.4175 -13 3815 1 0 1
-5.70628 -2.78437 800 0.198166 -0.14543 27.9989 10.4174 -13 3816 1 0 1
-13.7044 -0.745367 800 0.0946628 -0.441903 27.9964 10.4175 -13 3817 1 0 1
0.11867 -2.12341 800 0.0760793 -0.0638553 27.9998 10.4173 -13 3818 1 0 1
-2.53614 -5.64485 800 0.241121 -0.101681 27.9988 10.4174 -13 3819 1 0 1
-17.3059 -5.16197 800 0.294134 -0.611383 27.9918 10.4178 -13 3820 1 0 1
2.46313 -1.80626 800 0.0860754 0.02842 27.9999 10.4173 -13 3821 1 0 1
13.024 1.08305 800 -0.118015 0.409994 27.9967 10.4175 -13 3822 1 0 1
-13.7588 -2.50964 800 0.177806 -0.40412 27.9965 10.4175 -13 3823 1 0 1
-6.23675 -6.08632 800 0.300662 -0.1802 27.9978 10.4174 -13 3824 1 0 1
8.9065 -0.874706 800 0.0691734 0.268585 27.9986 10.4174 -13 3825 1 0 1
-0.527667 0.769863 800 -0.0840679 -0.0283315 27.9999 10.4173 -13 3826 1 0 1
10.1537 -0.729614 800 0.0337702 0.379832 27.9974 10.4175 -13 3827 1 0 1
13.0882 7.74868 800 -0.324576 0.410983 27.9951 10.4176 -13 3828 1 0 1
-1.98953 -4.21797 800 0.158709 -0.00448278 27.9995 10.4173 -13 3829 1 0 1
-2.70832 -4.88494 800 0.144251 -0.099271 27.9995 10.4173 -13 3830 1 0 1
2.078 -1.09279 800 0.0986452 0.0824441 27.9997 10.4173 -13 3831 1 0 1
-6.86424 -1.74202 800 0.104534 -0.213612 27.999 10.4173 -13 3832 1 0 1
-21.5788 -4.65004 800 0.261515 -0.789688 27.9876 10.4181 -13 3833 1 0 1
-11.2845 -0.32823 800 0.00371724 -0.468871 27.9961 10.4176 -13 3834 1 0 1
4.49578 -1.05393 800 0.0648464 0.0666192 27.9998 10.4173 -13 3835 1 0 1
-0.884672 -1.88787 800 0.109554 -0.0368586 27.9998 10.4173 -13 3836 1 0 1
-18.0151 -2.48935 800 0.250414 -0.591769 27.9926 10.4177 -13 3837 1 0 1
-3.27676 -1.16133 800 0.0592146 -0.109607 27.9997 10.4173 -13 3838 1 0 1
-7.00961 -4.18647 800 0.186216 -0.29372 27.9978 10.4174 -13 3839 1 0 1
14.6742 7.53922 800 -0.317694 0.511587 27.9935 10.4177 -13 3840 1 0 1
0.603549 0.560057 800 -0.0168135 -0.0349159 28 10.4173 -13 3841 1 0 1
5.14898 -0.906009 800 0.0728142 0.243582 27.9988 10.4174 -13 3842 1 0 1
19.2841 5.65824 800 -0.213152 0.811195 27.9874 10.4184 -13 3843 1 0 1
-5.94084 -3.39982 800 0.139307 -0.181764 27.9991 10.4173 -13 3844 1 0 1
-9.36783 1.15434 800 -0.0198628 -0.306804 27.9983 10.4174 -13 3845 1 0 1
7.1464 5.96235 800 -0.408076 0.277285 27.9957 10.4177 -13 3846 1 0 1
3.45501 0.887982 800 -0.0954789 0.213002 27.999 10.4174 -13 3847 1 0 1
6.13361 2.08425 800 -0.039684 0.244258 27.9989 10.4174 -13 3848 1 0 1
-9.36354 2.26669 800 0.0961049 -0.333551 27.9978 10.4175 -13 3849 1 0 1
-7.80841 -0.136951 800 -0.0756306 -0.305612 27.9982 10.4175 -13 3850 1 0 1
-16.8089 -5.85517 800 0.324752 -0.615369 27.9914 10.4179 -13 3851 1 0 1
19.0979 -1.70528 800 0.00577107 0.582856 27.9939 10.4177 -13 3852 1 0 1
4.63672 -2.72117 800 0.0304432 0.173194 27.9994 10.4173 -13 3853 1 0 1
20.9137 4.6149 800 -0.249895 0.758301 27.9886 10.418 -13 3854 1 0 1
-13.4613 -1.95977 800 0.202511 -0.463165 27.9954 10.4176 -13 3855 1 0 1
-6.52176 1.62064 800 0.00112665 -0.226213 27.9991 10.4173 -13 3856 1 0 1
11.9859 5.45968 800 -0.292548 0.342346 27.9964 10.4175 -13 3857 1 0 1
-5.60255 -3.43641 800 -0.0422369 -0.229431 27.999 10.4175 -13 3858 1 0 1
9.81726 3.25346 800 -0.20393 0.282954 27.9978 10.4174 -13 3859 1 0 1
14.3459 4.28343 800 -0.231911 0.557722 27.9935 10.4177 -13 3860 1 0 1
6.67097 -0.336622 800 -0.0018183 0.223979 27.9991 10.4173 -13 3861 1 0 1
-13.5054 -5.66194 800 0.322578 -0.512665 27.9934 10.4178 -13 3862 1 0 1
-9.5059 -4.89208 800 0.224472 -0.286502 27.9976 10.4174 -13 3863 1 0 1
-3.39727 -0.198199 800 0.0680418 -0.150254 27.9995 10.4173 -13 3864 1 0 1
8.64927 2.52208 800 -0.207754 0.224493 27.9983 10.4174 -13 3865 1 0 1
5.15846 2.02926 800 -0.12745 0.0829309 27.9996 10.4173 -13 3866 1 0 1
-1.41121 -0.628647 800 0.0003879 -0.0362907 28 10.4173 -13 3867 1 0 1
10.327 4.6187 800 -0.298693 0.272872 27.9971 10.4175 -13 3868 1 0 1
18.7891 7.34473 800 -0.45883 0.711815 27.9872 10.4182 -13 3869 1 0 1
7.98071 0.945653 800 -0.0859472 0.134407 27.9995 10.4174 -13 3870 1 0 1
-9.10712 -7.04555 800 0.291963 -0.320726 27.9966 10.4175 -13 3871 1 0 1
-6.0414 -0.341348 800 0.111339 -0.303759 27.9981 10.4175 -13 3872 1 0 1
-14.5797 6.87519 800 -0.165756 -0.477553 27.9954 10.4176 -13 3873 1 0 1
10.2734 6.1926 800 -0.257146 0.403826 27.9959 10.4176 -13 3874 1 0 1
9.06744 5.87545 800 -0.354112 0.298886 27.9962 10.4176 -13 3875 1 0 1
-2.63244 -6.57905 800 0.231995 -0.117327 27.9988 10.4174 -13 3876 1 0 1
-10.8886 -2.0176 800 0.126248 -0.376843 27.9972 10.4174 -13 3877 1 0 1
-4.0389 -4.27926 800 0.227168 -0.144944 27.9987 10.4174 -13 3878 1 0 1
-9.22531 -4.75113 800 0.298006 -0.265164 27.9972 10.4175 -13 3879 1 0 1
1.20955 3.06767 800 -0.315028 0.0130938 27.9982 10.4176 -13 3880 1 0 1
9.29982 3.69017 800 -0.228517 0.48793 27.9948 10.4178 -13 3881 1 0 1
10.8494 -0.164121 800 -0.0769522 0.303902 27.9982 10.4174 -13 3882 1 0 1
-9.4355 -5.47029 800 0.322039 -0.324659 27.9963 10.4175 -13 3883 1 0 1
-9.43995 -2.54864 800 0.069026 -0.481058 27.9958 10.4177 -13 3884 1 0 1
-9.32565 -0.724585 800 0.0325072 -0.350991 27.9978 10.4174 -13 3885 1 0 1
10.8892 6.56439 800 -0.287198 0.342707 27.9964 10.4175 -13 3886 1 0 1
-2.90766 0.622147 800 0.136636 -0.030146 27.9997 10.4174 -13 3887 1 0 1
-5.08926 10.6295 800 -0.350332 -0.243404 27.9968 10.4175 -13 3888 1 0 1
-21.8828 -5.27797 800 0.373725 -0.705455 27.9886 10.418 -13 3889 1 0 1
-5.35588 -3.99871 800 0.212596 -0.172029 27.9987 10.4174 -13 3890 1 0 1
3.92907 -2.50757 800 0.101305 0.140048 27.9995 10.4173 -13 3891 1 0 1
-0.236351 1.22004 800 -0.032579 -0.0521554 27.9999 10.4173 -13 3892 1 0 1
-6.04981 -1.61565 800 0.0733867 -0.272415 27.9986 10.4174 -13 3893 1 0 1
12.2368 5.74006 800 -0.234807 0.423073 27.9958 10.4175 -13 3894 1 0 1
10.8715 -2.6885 800 0.0374803 0.349994 27.9978 10.4174 -13 3895 1 0 1
-0.102946 -1.40408 800 -0.0627228 -0.0183831 27.9999 10.4173 -13 3896 1 0 1
-3.10348 1.16388 800 -0.0250161 -0.0778089 27.9999 10.4173 -13 3897 1 0 1
-0.876725 -5.03182 800 0.137011 0.0024721 27.9997 10.4173 -13 3898 1 0 1
5.93578 2.2968 800 0.00300432 0.18285 27.9994 10.4174 -13 3899 1 0 1
-3.51287 3.27831 800 -0.0796082 -0.0640431 27.9998 10.4173 -13 3900 1 0 1
-8.02448 -0.858301 800 0.129355 -0.319185 27.9979 10.4174 -13 3901 1 0 1
-4.76444 -8.53022 800 0.24247 -0.105639 27.9988 10.4174 -13 3902 1 0 1
2.92427 6.25257 800 -0.282586 0.175913 27.998 10.4175 -13 3903 1 0 1
-1.46047 -1.95605 800 0.0795055 -0.00325174 27.9999 10.4173 -13 3904 1 0 1
1.41841 5.14867 800 -0.114268 -0.0478402 27.9997 10.4173 -13 3905 1 0 1
4.37756 2.72934 800 -0.0429918 0.166795 27.9995 10.4173 -13 3906 1 0 1
-10.1509 -7.80837 800 0.300028 -0.457435 27.9947 10.4178 -13 3907 1 0 1
7.12706 -0.225784 800 0.00947334 0.332428 27.998 10.4174 -13 3908 1 0 1
-5.39232 -3.80757 800 0.153728 -0.158899 27.9991 10.4173 -13 3909 1 0 1
2.93564 1.80651 800 -0.0964392 0.0316292 27.9998 10.4173 -13 3910 1 0 1
-4.21979 1.55779 800 -0.0374982 -0.138185 27.9996 10.4173 -13 3911 1 0 1
2.13547 4.76293 800 -0.248473 0.0957918 27.9987 10.4174 -13 3912 1 0 1
-7.89412 -1.75321 800 0.0949958 -0.274551 27.9985 10.4174 -13 3913 1 0 1
9.76301 1.5505 800 -0.153063 0.44987 27.996 10.4176 -13 3914 1 0 1
-5.62137 -0.69988 800 -0.104044 -0.193992 27.9991 10.4174 -13 3915 1 0 1
12.5364 3.6876 800 -0.192553 0.418955 27.9962 10.4175 -13 3916 1 0 1
2.48502 0.200511 800 0.0150939 -0.0120979 28 10.4173 -13 3917 1 0 1
-4.08922 -3.06336 800 -0.0221973 -0.111503 27.9998 10.4174 -13 3918 1 0 1
-9.18899 -2.26997 800 0.122372 -0.332336 27.9978 10.4174 -13 3919 1 0 1
0.0547519 -1.22203 800 0.0498727 -0.0388176 27.9999 10.4173 -13 3920 1 0 1
10.5615 -0.373205 800 -0.116756 0.304304 27.9981 10.4174 -13 3921 1 0 1
-0.821789 3.17075 800 -0.128955 -0.121527 27.9994 10.4173 -13 3922 1 0 1
4.26815 4.26462 800 -0.115259 0.139945 27.9994 10.4173 -13 3923 1 0 1
4.74534 5.69539 800 -0.251797 0.184959 27.9983 10.4174 -13 3924 1 0 1
18.1198 5.99772 800 -0.232167 0.628745 27.992 10.4178 -13 3925 1 0 1
5.44179 0.755012 800 -0.0856819 0.19928 27.9992 10.4173 -13 3926 1 0 1
3.32115 -2.15358 800 0.0509876 0.128366 27.9997 10.4173 -13 3927 1 0 1
5.06339 1.14019 800 0.0115479 0.191419 27.9993 10.4173 -13 3928 1 0 1
3.93594 6.6078 800 -0.246877 0.229559 27.998 10.4175 -13 3929 1 0 1
-7.61239 -0.94769 800 -0.00790824 -0.333911 27.998 10.4175 -13 3930 1 0 1
-4.28458 -2.2238 800 0.294547 -0.133679 27.9981 10.4176 -13 3931 1 0 1
-8.34792 -3.47409 800 0.310955 -0.307198 27.9966 10.4176 -13 3932 1 0 1
-2.36167 1.72102 800 -0.0261433 -0.196775 27.9993 10.4174 -13 3933 1 0 1
1.29946 3.15626 800 -0.116823 0.0843789 27.9996 10.4173 -13 3934 1 0 1
5.80032 1.2189 800 -0.0457581 0.274218 27.9986 10.4174 -13 3935 1 0 1
-13.8943 0.989729 800 0.0343759 -0.501853 27.9955 10.4176 -13 3936 1 0 1
11.2659 5.70746 800 -0.35421 0.326026 27.9959 10.4176 -13 3937 1 0 1
-6.98604 -4.03269 800 0.270409 -0.287985 27.9972 10.4175 -13 3938 1 0 1
-16.3866 -3.44928 800 0.211623 -0.563289 27.9935 10.4177 -13 3939 1 0 1
-24.4746 -3.77307 800 0.336031 -0.84226 27.9853 10.4182 -13 3940 1 0 1
-15.6837 -4.05866 800 0.280246 -0.492131 27.9943 10.4176 -13 3941 1 0 1
-8.04162 1.80789 800 0.0576561 -0.319135 27.9981 10.4174 -13 3942 1 0 1
4.15115 0.157415 800 -0.045706 0.132936 27.9996 10.4173 -13 3943 1 0 1
-7.60442 8.59758 800 -0.313539 -0.248115 27.9971 10.4175 -13 3944 1 0 1
1.6963 -2.74709 800 0.0826615 0.070768 27.9998 10.4173 -13 3945 1 0 1
7.42496 2.75887 800 -0.0449808 0.177302 27.9994 10.4173 -13 3946 1 0 1
-30.4732 -8.89514 800 0.523794 -0.983387 27.9778 10.4187 -13 3947 1 0 1
29.6559 9.48957 800 -0.52749 1.06871 27.9746 10.419 -13 3948 1 0 1
6.0636 2.20325 800 -0.0460751 0.239018 27.9989 10.4174 -13 3949 1 0 1
2.01009 -6.58759 800 0.202704 0.110939 27.999 10.4173 -13 3950 1 0 1
-3.04132 2.6717 800 0.00420967 -0.117134 27.9998 10.4173 -13 3951 1 0 1
-2.2357 2.76077 800 -0.125326 -0.0285098 27.9997 10.4173 -13 3952 1 0 1
7.46686 -5.96285 800 0.148468 0.320534 27.9978 10.4174 -13 3953 1 0 1
-3.22718 -4.18843 800 0.0894168 -0.138123 27.9995 10.4173 -13 3954 1 0 1
5.94676 1.30136 800 -0.0931914 0.302501 27.9982 10.4174 -13 3955 1 0 1
3.73712 1.94296 800 -0.0527178 0.120779 27.9997 10.4173 -13 3956 1 0 1
5.39679 3.05031 800 -0.177725 0.153901 27.999 10.4173 -13 3957 1 0 1
-10.5818 -6.56418 800 0.240251 -0.340492 27.9969 10.4175 -13 3958 1 0 1
-9.50273 4.49071 800 -0.148692 -0.365953 27.9972 10.4175 -13 3959 1 0 1
-4.70146 -1.15839 800 0.125127 -0.181754 27.9991 10.4173 -13 3960 1 0 1
2.28353 -1.27444 800 0.12325 -0.0141474 27.9997 10.4174 -13 3961 1 0 1
-2.29196 6.183 800 -0.167389 -0.116203 27.9993 10.4173 -13 3962 1 0 1
-0.0115714 3.15571 800 -0.17858 -0.0131315 27.9994 10.4173 -13 3963 1 0 1
-13.4859 -2.77688 800 0.269154 -0.427643 27.9954 10.4176 -13 3964 1 0 1
-1.6521 -4.37975 800 0.106538 -0.0275533 27.9998 10.4173 -13 3965 1 0 1
4.73423 5.83163 800 -0.248501 0.0999253 27.9987 10.4173 -13 3966 1 0 1
-14.3678 -4.7894 800 0.264415 -0.482982 27.9946 10.4176 -13 3967 1 0 1
3.8119 6.2935 800 -0.422423 0.147942 27.9964 10.4177 -13 3968 1 0 1
-9.48235 -4.66463 800 0.264247 -0.315179 27.997 10.4175 -13 3969 1 0 1
-6.26314 4.81625 800 -0.0484292 -0.115606 27.9997 10.4174 -13 3970 1 0 1
14.9734 3.34778 800 -0.201718 0.459122 27.9955 10.4175 -13 3971 1 0 1
3.46313 1.92375 800 5.45007e-05 0.0434349 28 10.4173 -13 3972 1 0 1
7.36475 -0.311378 800 -0.0149283 0.217121 27.9992 10.4173 -13 3973 1 0 1
4.37784 1.83085 800 -0.0627597 0.118382 27.9997 10.4173 -13 3974 1 0 1
1.9632 4.01372 800 -0.065324 0.00241253 27.9999 10.4173 -13 3975 1 0 1
-0.195893 -1.62866 800 0.122302 -0.0317033 27.9997 10.4173 -13 3976 1 0 1
9.88728 3.31426 800 -0.163708 0.245097 27.9984 10.4174 -13 3977 1 0 1
-13.0673 -3.66267 800 0.259105 -0.482039 27.9947 10.4176 -13 3978 1 0 1
2.22206 4.16474 800 -0.111946 0.132708 27.9995 10.4173 -13 3979 1 0 1
-1.56283 -2.93251 800 0.111132 -0.079237 27.9997 10.4173 -13 3980 1 0 1
-9.11915 0.307601 800 0.0353224 -0.402515 27.9971 10.4175 -13 3981 1 0 1
-2.34647 -0.654658 800 0.121151 -0.0343884 27.9997 10.4173 -13 3982 1 0 1
3.61874 -1.22504 800 0.00777674 0.156279 27.9996 10.4173 -13 3983 1 0 1
2.86734 1.35859 800 -0.123504 0.102842 27.9995 10.4173 -13 3984 1 0 1
-7.17259 -2.07463 800 0.149549 -0.194371 27.9989 10.4173 -13 3985 1 0 1
4.3521 4.15658 800 -0.223039 0.151265 27.9987 10.4174 -13 3986 1 0 1
4.50543 3.45137 800 -0.153089 0.21527 27.9988 10.4174 -13 3987 1 0 1
-7.18515 1.66576 800 -0.012449 -0.269486 27.9987 10.4173 -13 3988 1 0 1
4.02142 4.6274 800 -0.246966 0.191066 27.9983 10.4174 -13 3989 1 0 1
3.49059 1.87038 800 -0.106532 0.0557705 27.9997 10.4173 -13 3990 1 0 1
1.38453 -4.42307 800 0.137589 -0.0320689 27.9996 10.4173 -13 3991 1 0 1
-0.587509 1.42975 800 -0.0206641 -0.0258139 28 10.4173 -13 3992 1 0 1
-4.09992 -3.50752 800 0.131508 -0.213954 27.9989 10.4174 -13 3993 1 0 1
5.33142 -3.03943 800 0.122362 0.276476 27.9984 10.4174 -13 3994 1 0 1
-3.55377 -8.21496 800 0.467045 -0.0996311 27.9959 10.4177 -13 3995 1 0 1
7.62233 1.73865 800 -0.165629 0.246448 27.9984 10.4174 -13 3996 1 0 1
6.96316 -1.66804 800 0.0160065 0.209465 27.9992 10.4173 -13 3997 1 0 1
7.24279 4.24408 800 -0.229564 0.266285 27.9978 10.4174 -13 3998 1 0 1
-2.76485 0.287812 800 0.0114494 -0.103266 27.9998 10.4173 -13 3999 1 0 1
15.387 3.09638 800 -0.166652 0.466747 27.9956 10.4175 -13 4000 1 0 1
1.8973 -2.56891 800 0.138436 0.0427075 27.9996 10.4173 -13 4001 1 0 1
-7.73924 -5.49945 800 0.355349 -0.21624 27.9969 10.4175 -13 4002 1 0 1
-7.99818 -2.14765 800 0.0118082 -0.214951 27.9992 10.4174 -13 4003 1 0 1
-0.727443 3.7123 800 -0.242324 0.0324734 27.9989 10.4174 -13 4004 1 0 1
0.679118 4.17537 800 -0.2708 -0.030752 27.9987 10.4174 -13 4005 1 0 1
5.33905 3.24109 800 -0.252768 0.177723 27.9983 10.4174 -13 4006 1 0 1
-3.06309 0.752687 800 0.0488232 -0.0938754 27.9998 10.4173 -13 4007 1 0 1
-3.30747 3.99142 800 -0.126169 -0.142095 27.9994 10.4173 -13 4008 1 0 1
6.83395 2.80363 800 -0.113879 0.3161 27.998 10.4175 -13 4009 1 0 1
0.897173 0.238374 800 -0.0232908 0.0291352 28 10.4173 -13 4010 1 0 1
-0.155254 -5.41006 800 0.244103 0.00211257 27.9989 10.4174 -13 4011 1 0 1
-18.0807 -6.3807 800 0.374944 -0.633513 27.9903 10.4179 -13 4012 1 0 1
-4.74606 -2.41465 800 0.133882 -0.163541 27.9992 10.4173 -13 4013 1 0 1
10.0016 1.56986 800 -0.0176316 0.291015 27.9985 10.4174 -13 4014 1 0 1
-10.2165 -5.18227 800 0.298464 -0.356538 27.9961 10.4175 -13 4015 1 0 1
14.3942 8.32735 800 -0.368266 0.488624 27.9933 10.4177 -13 4016 1 0 1
4.50884 -2.51177 800 0.0849216 0.159988 27.9994 10.4173 -13 4017 1 0 1
13.9544 10.2273 800 -0.426421 0.503025 27.9922 10.4178 -13 4018 1 0 1
-6.8849 -2.40136 800 0.0697445 -0.254434 27.9988 10.4174 -13 4019 1 0 1
-6.49589 0.741774 800 -0.0234523 -0.228765 27.9991 10.4173 -13 4020 1 0 1
-0.170698 0.369844 800 0.0111655 -0.0460268 28 10.4173 -13 4021 1 0 1
-8.20151 -4.96151 800 0.208089 -0.230858 27.9983 10.4174 -13 4022 1 0 1
-5.41525 3.30683 800 -0.0659723 -0.103551 27.9997 10.4173 -13 4023 1 0 1
-1.71176 1.59175 800 -0.029202 -0.00189754 28 10.4173 -13 4024 1 0 1
-2.87005 -8.02884 800 0.248155 -0.118428 27.9986 10.4174 -13 4025 1 0 1
1.2388 4.51475 800 -0.177828 0.0661406 27.9994 10.4173 -13 4026 1 0 1
18.9046 1.94242 800 -0.1405 0.627363 27.9926 10.4177 -13 4027 1 0 1
4.34929 7.12297 800 -0.371818 0.115261 27.9973 10.4175 -13 4028 1 0 1
-7.40061 -2.29506 800 0.195679 -0.221257 27.9984 10.4174 -13 4029 1 0 1
14.1558 7.78428 800 -0.427307 0.49746 27.9923 10.4178 -13 4030 1 0 1
9.61019 6.88795 800 -0.234798 0.333051 27.997 10.4175 -13 4031 1 0 1
-0.314878 4.94513 800 -0.225876 -0.0776528 27.999 10.4174 -13 4032 1 0 1
0.700208 -2.85509 800 0.179766 0.0343508 27.9994 10.4173 -13 4033 1 0 1
4.25563 3.23844 800 -0.192966 0.116754 27.9991 10.4173 -13 4034 1 0 1
-5.14613 2.52245 800 -0.0239917 -0.249978 27.9989 10.4174 -13 4035 1 0 1
-5.26224 -1.087 800 0.0476584 -0.20169 27.9992 10.4173 -13 4036 1 0 1
2.12016 3.07131 800 -0.200918 0.0369303 27.9993 10.4173 -13 4037 1 0 1
2.57642 2.14098 800 -0.0412219 0.177456 27.9994 10.4174 -13 4038 1 0 1
1.63444 -4.40083 800 0.207927 0.171565 27.9987 10.4174 -13 4039 1 0 1
-13.1053 -5.81978 800 0.233448 -0.486717 27.9948 10.4176 -13 4040 1 0 1
-5.57833 -7.6951 800 0.343311 -0.189606 27.9973 10.4175 -13 4041 1 0 1
2.06516 3.43206 800 -0.135806 0.0634596 27.9996 10.4173 -13 4042 1 0 1
14.3688 9.96471 800 -0.474006 0.520767 27.9911 10.4179 -13 4043 1 0 1
-9.24091 1.02689 800 -0.0283637 -0.326291 27.9981 10.4174 -13 4044 1 0 1
-2.31685 3.44777 800 -0.225635 -0.0797813 27.999 10.4174 -13 4045 1 0 1
-6.31006 -0.612771 800 0.027999 -0.205439 27.9992 10.4173 -13 4046 1 0 1
-2.04056 3.51421 800 -0.137451 -0.0693327 27.9996 10.4173 -13 4047 1 0 1
0.452965 -4.89599 800 0.13636 -0.0300003 27.9997 10.4173 -13 4048 1 0 1
0.684731 4.31734 800 -0.198355 0.0306495 27.9993 10.4173 -13 4049 1 0 1
0.8098 -0.0304905 800 0.00173712 -0.0002307 28 10.4173 -13 4050 1 0 1
-5.70243 -4.39153 800 0.174416 -0.251701 27.9983 10.4174 -13 4051 1 0 1
-10.8754 -2.95323 800 0.26825 -0.419747 27.9956 10.4176 -13 4052 1 0 1
-4.11227 -0.148557 800 0.113423 -0.193 27.9991 10.4174 -13 4053 1 0 1
-2.00678 -0.619489 800 0.011355 -0.0666601 27.9999 10.4173 -13 4054 1 0 1
19.6672 7.34122 800 -0.400992 0.730973 27.9876 10.4182 -13 4055 1 0 1
-7.56973 -3.37681 800 0.243131 -0.381935 27.9963 10.4177 -13 4056 1 0 1
10.9274 3.00311 800 -0.260281 0.357271 27.9965 10.4175 -13 4057 1 0 1
1.94095 -1.93361 800 0.0134163 -0.00381568 28 10.4173 -13 4058 1 0 1
2.27579 -1.92541 800 0.0697295 0.00984856 27.9999 10.4173 -13 4059 1 0 1
-8.15268 -2.77585 800 0.0265976 -0.243592 27.9989 10.4174 -13 4060 1 0 1
-18.4219 -1.80475 800 0.0853618 -0.630645 27.9928 10.4178 -13 4061 1 0 1
4.9033 0.862592 800 -0.156758 0.131123 27.9993 10.4174 -13 4062 1 0 1
-14.6988 -2.08793 800 0.282495 -0.519519 27.9938 10.4177 -13 4063 1 0 1
-1.15527 6.858 800 -0.211871 -0.04655 27.9992 10.4173 -13 4064 1 0 1
-9.72552 -8.68994 800 0.326593 -0.314895 27.9963 10.4175 -13 4065 1 0 1
-11.4585 -5.89303 800 0.252007 -0.307617 27.9972 10.4174 -13 4066 1 0 1
12.6183 -2.74319 800 0.0953888 0.372291 27.9974 10.4175 -13 4067 1 0 1
-7.64484 1.8817 800 -0.0501702 -0.289287 27.9985 10.4174 -13 4068 1 0 1
-6.03699 -2.67857 800 0.166462 -0.161059 27.999 10.4173 -13 4069 1 0 1
-3.52372 0.797475 800 -0.0412907 -0.117295 27.9997 10.4173 -13 4070 1 0 1
-17.8787 -7.01343 800 0.505888 -0.538282 27.9903 10.418 -13 4071 1 0 1
10.8003 1.13743 800 -0.0988227 0.372595 27.9973 10.4174 -13 4072 1 0 1
-0.150694 0.07317 800 -0.0121458 0.00254464 28 10.4173 -13 4073 1 0 1
1.66074 -3.05479 800 0.056462 0.0299183 27.9999 10.4173 -13 4074 1 0 1
7.65075 -0.166188 800 0.036204 0.309426 27.9983 10.4174 -13 4075 1 0 1
4.48571 -2.13479 800 0.028196 0.217794 27.9991 10.4173 -13 4076 1 0 1
-9.02628 -1.96839 800 0.104374 -0.275616 27.9984 10.4174 -13 4077 1 0 1
-1.60321 -1.76825 800 0.14028 -0.0412388 27.9996 10.4173 -13 4078 1 0 1
6.17195 -0.422046 800 -0.0922687 0.159313 27.9994 10.4173 -13 4079 1 0 1
-5.685 -2.59304 800 0.230182 -0.1911 27.9984 10.4174 -13 4080 1 0 1
3.0381 -0.335242 800 0.000911333 0.190326 27.9994 10.4173 -13 4081 1 0 1
3.98111 -3.5285 800 0.206059 -0.00174471 27.9992 10.4175 -13 4082 1 0 1
16.9287 8.06583 800 -0.341224 0.567313 27.9922 10.4178 -13 4083 1 0 1
-7.7707 -4.60373 800 0.265758 -0.390048 27.996 10.4177 -13 4084 1 0 1
-12.5989 3.03751 800 0.00798548 -0.424685 27.9968 10.4175 -13 4085 1 0 1
3.15463 -1.69814 800 0.0926027 0.090714 27.9997 10.4173 -13 4086 1 0 1
1.89674 5.34966 800 -0.11601 0.0718477 27.9997 10.4173 -13 4087 1 0 1
10.4677 -5.37305 800 0.209991 0.294392 27.9977 10.4175 -13 4088 1 0 1
-3.50116 -2.5969 800 0.265146 -0.0558957 27.9987 10.4175 -13 4089 1 0 1
5.50264 0.0516679 800 -0.0897693 0.192081 27.9992 10.4173 -13 4090 1 0 1
2.44228 -0.507867 800 -0.0313457 -0.0299881 28 10.4173 -13 4091 1 0 1
17.7794 1.19013 800 -0.177085 0.650105 27.9919 10.4178 -13 4092 1 0 1
-4.26519 -2.64772 800 0.0453063 -0.17772 27.9994 10.4173 -13 4093 1 0 1
-1.0915 -4.71931 800 0.103173 -0.0495774 27.9998 10.4173 -13 4094 1 0 1
-3.51804 1.41352 800 -0.00921582 -0.150196 27.9996 10.4173 -13 4095 1 0 1
-3.27377 -1.0052 800 0.182149 -0.160439 27.9989 10.4174 -13 4096 1 0 1
-6.66442 -3.72754 800 0.19773 -0.240834 27.9983 10.4174 -13 4097 1 0 1
1.61127 1.41737 800 -0.0102012 0.0764107 27.9999 10.4173 -13 4098 1 0 1
-8.54747 2.14851 800 -0.190695 -0.284356 27.9979 10.4175 -13 4099 1 0 1
4.03603 0.140135 800 0.0375842 0.129049 27.9997 10.4173 -13 4100 1 0 1
-4.36303 -3.18447 800 0.0456525 -0.104736 27.9998 10.4173 -13 4101 1 0 1
-8.04981 -1.40168 800 0.156499 -0.306642 27.9979 10.4174 -13 4102 1 0 1
-7.07871 2.29729 800 -0.136905 -0.393677 27.9969 10.4176 -13 4103 1 0 1
8.10328 0.86819 800 -0.0836829 0.274713 27.9985 10.4173 -13 4104 1 0 1
5.6057 0.925611 800 -0.0915937 0.190158 27.9992 10.4173 -13 4105 1 0 1
-3.72217 -1.13717 800 -0.0976413 -0.174414 27.9993 10.4175 -13 4106 1 0 1
-5.26416 -3.28849 800 0.217565 -0.119812 27.9989 10.4174 -13 4107 1 0 1
-12.4389 3.60519 800 -0.135066 -0.411693 27.9966 10.4175 -13 4108 1 0 1
10.5671 2.28146 800 -0.0790592 0.365713 27.9975 10.4174 -13 4109 1 0 1
3.02815 0.652826 800 -0.0385949 0.163403 27.9995 10.4173 -13 4110 1 0 1
7.45876 0.395165 800 -0.120391 0.190893 27.9991 10.4173 -13 4111 1 0 1
9.70112 -6.2042 800 0.157716 0.29703 27.998 10.4174 -13 4112 1 0 1
-11.6463 -8.49481 800 0.30868 -0.493255 27.994 10.4178 -13 4113 1 0 1
-3.51018 1.17298 800 -0.0216001 -0.122336 27.9997 10.4173 -13 4114 1 0 1
-7.93279 -9.61219 800 0.319199 -0.388222 27.9955 10.4177 -13 4115 1 0 1
1.26502 -4.4487 800 0.04263 0.0443029 27.9999 10.4173 -13 4116 1 0 1
-9.72035 -4.8096 800 0.320401 -0.282402 27.9967 10.4175 -13 4117 1 0 1
7.92623 1.95409 800 -0.127678 0.306082 27.998 10.4174 -13 4118 1 0 1
-2.69453 2.61052 800 -0.1032 -0.0410312 27.9998 10.4173 -13 4119 1 0 1
-12.045 -0.748873 800 0.125714 -0.38897 27.997 10.4174 -13 4120 1 0 1
3.8746 -3.08876 800 0.043904 0.204788 27.9992 10.4173 -13 4121 1 0 1
-0.352192 -0.745456 800 0.087575 0.00202347 27.9999 10.4173 -13 4122 1 0 1
4.7142 1.09338 800 -0.200908 0.148636 27.9989 10.4174 -13 4123 1 0 1
0.666082 -5.05306 800 0.277028 0.0668782 27.9985 10.4174 -13 4124 1 0 1
-23.9722 -3.64603 800 0.255648 -0.918443 27.9838 10.4184 -13 4125 1 0 1
0.96469 -4.85175 800 0.128495 0.0398787 27.9997 10.4173 -13 4126 1 0 1
-6.36571 -3.20066 800 0.121372 -0.29275 27.9982 10.4174 -13 4127 1 0 1
-9.12549 -0.672786 800 -0.0110561 -0.296178 27.9984 10.4174 -13 4128 1 0 1
9.87564 3.91115 800 -0.167568 0.2496 27.9984 10.4174 -13 4129 1 0 1
10.4231 4.91074 800 -0.233029 0.410527 27.996 10.4176 -13 4130 1 0 1
-9.98138 0.706542 800 -0.00149731 -0.289847 27.9985 10.4174 -13 4131 1 0 1
2.14975 3.9974 800 -0.064931 0.0474633 27.9999 10.4173 -13 4132 1 0 1
7.66662 2.56088 800 -0.154864 0.188303 27.9989 10.4173 -13 4133 1 0 1
-2.17698 -9.66722 800 0.34032 -0.10626 27.9977 10.4174 -13 4134 1 0 1
14.3634 3.64392 800 -0.18911 0.48992 27.9951 10.4176 -13 4135 1 0 1
-1.14841 -3.20357 800 0.152723 -0.12432 27.9993 10.4174 -13 4136 1 0 1
-0.602722 1.32489 800 -0.0986538 -0.000950377 27.9998 10.4173 -13 4137 1 0 1
10.7325 4.1842 800 -0.34778 0.382529 27.9952 10.4177 -13 4138 1 0 1
-3.43892 -6.92739 800 0.326404 -0.073961 27.998 10.4174 -13 4139 1 0 1
1.7812 2.61539 800 -0.181815 0.0683685 27.9993 10.4173 -13 4140 1 0 1
-14.8466 -3.7887 800 0.299751 -0.542119 27.9931 10.4178 -13 4141 1 0 1
10.2025 1.81491 800 -0.212896 0.399022 27.9963 10.4176 -13 4142 1 0 1
6.1689 -0.590954 800 0.0318202 0.218478 27.9991 10.4173 -13 4143 1 0 1
0.376084 0.208073 800 0.0427685 0.106359 27.9998 10.4173 -13 4144 1 0 1
4.79881 4.97871 800 -0.202479 0.139358 27.9989 10.4173 -13 4145 1 0 1
-2.40389 -4.56892 800 0.261618 -0.0785294 27.9987 10.4174 -13 4146 1 0 1
9.38951 1.72072 800 -0.152569 0.418701 27.9965 10.4176 -13 4147 1 0 1
1.85684 -2.72602 800 0.0809403 0.0800614 27.9998 10.4173 -13 4148 1 0 1
5.07811 -4.69539 800 -0.047215 0.185349 27.9993 10.4174 -13 4149 1 0 1
1.78767 -1.16514 800 -0.0448703 -0.0157027 28 10.4173 -13 4150 1 0 1
-17.4367 -4.78973 800 0.389859 -0.64818 27.9898 10.4181 -13 4151 1 0 1
0.859415 2.619 800 -0.0738508 -0.0404212 27.9999 10.4173 -13 4152 1 0 1
1.03286 0.981714 800 -0.0217565 -0.0029765 28 10.4173 -13 4153 1 0 1
4.70722 1.0516 800 0.0336924 0.127248 27.9997 10.4173 -13 4154 1 0 1
-9.36887 0.501822 800 -0.0672458 -0.437729 27.9965 10.4176 -13 4155 1 0 1
11.8484 6.79124 800 -0.326249 0.449974 27.9945 10.4177 -13 4156 1 0 1
13.449 -1.40516 800 -0.0078203 0.446294 27.9964 10.4175 -13 4157 1 0 1
3.79364 -2.58032 800 0.114421 0.181307 27.9992 10.4173 -13 4158 1 0 1
-11.6003 -3.14439 800 0.254262 -0.335345 27.9968 10.4175 -13 4159 1 0 1
0.468511 -2.04819 800 0.00440003 -0.00737994 28 10.4173 -13 4160 1 0 1
-5.26566 -0.336751 800 0.0577921 -0.201964 27.9992 10.4173 -13 4161 1 0 1
4.60121 0.855851 800 0.00190296 0.167473 27.9995 10.4173 -13 4162 1 0 1
-13.5992 -0.186111 800 0.0248391 -0.469361 27.9961 10.4175 -13 4163 1 0 1
4.47524 4.34398 800 -0.178361 0.150088 27.999 10.4173 -13 4164 1 0 1
1.45403 2.24618 800 -0.139154 0.0436984 27.9996 10.4173 -13 4165 1 0 1
5.20821 10.5145 800 -0.434296 0.262339 27.9954 10.4177 -13 4166 1 0 1
-1.48216 -1.32046 800 0.0816871 -0.040604 27.9999 10.4173 -13 4167 1 0 1
-14.3326 -8.02536 800 0.400255 -0.592206 27.9909 10.418 -13 4168 1 0 1
9.52862 3.61627 800 -0.2434 0.339142 27.9969 10.4175 -13 4169 1 0 1
5.35238 3.39145 800 -0.20836 0.189562 27.9986 10.4174 -13 4170 1 0 1
9.29768 4.79058 800 -0.185735 0.371615 27.9969 10.4175 -13 4171 1 0 1
1.00637 0.197041 800 -0.0541777 0.0893197 27.9998 10.4173 -13 4172 1 0 1
6.41547 1.10076 800 -0.0219554 0.204551 27.9992 10.4173 -13 4173 1 0 1
-10.9731 -0.280026 800 0.0998799 -0.403332 27.9969 10.4175 -13 4174 1 0 1
-8.39848 0.733898 800 0.012741 -0.272375 27.9987 10.4173 -13 4175 1 0 1
24.4275 8.16759 800 -0.38583 0.784571 27.9863 10.4181 -13 4176 1 0 1
-5.15524 -5.44388 800 0.199444 -0.259924 27.9981 10.4175 -13 4177 1 0 1
-1.76145 -1.24441 800 0.0335351 -0.0943192 27.9998 10.4173 -13 4178 1 0 1
9.7204 -1.85087 800 0.0490215 0.381183 27.9974 10.4175 -13 4179 1 0 1
2.12549 4.06078 800 -0.244867 0.0924874 27.9988 10.4174 -13 4180 1 0 1
-14.8613 -3.65775 800 0.18702 -0.51883 27.9946 10.4176 -13 4181 1 0 1
-11.5913 -2.42134 800 0.161157 -0.471002 27.9956 10.4176 -13 4182 1 0 1
-2.25756 -2.17679 800 0.143408 -0.140642 27.9993 10.4174 -13 4183 1 0 1
-3.87524 -1.24969 800 0.0384882 -0.110501 27.9998 10.4173 -13 4184 1 0 1
22.5867 3.7912 800 -0.186048 0.842618 27.9867 10.4182 -13 4185 1 0 1
2.59875 1.97393 800 -0.124474 0.061909 27.9997 10.4173 -13 4186 1 0 1
-6.37794 -0.605525 800 0.0459775 -0.351388 27.9978 10.4175 -13 4187 1 0 1
-7.74518 -2.14908 800 0.128187 -0.25864 27.9985 10.4174 -13 4188 1 0 1
9.69784 0.6332 800 -0.0616595 0.333052 27.998 10.4174 -13 4189 1 0 1
-16.4162 -6.13718 800 0.259328 -0.465241 27.9949 10.4176 -13 4190 1 0 1
-5.69077 -3.95031 800 0.183623 -0.123629 27.9991 10.4173 -13 4191 1 0 1
4.00305 3.42978 800 -0.17592 0.142805 27.9991 10.4173 -13 4192 1 0 1
7.23727 0.322925 800 -0.103432 0.202216 27.9991 10.4173 -13 4193 1 0 1
8.91752 4.67418 800 -0.188428 0.355398 27.9971 10.4175 -13 4194 1 0 1
-16.7239 -0.62979 800 0.179615 -0.69598 27.9908 10.418 -13 4195 1 0 1
0.681535 3.28228 800 -0.123397 -0.0934371 27.9996 10.4173 -13 4196 1 0 1
5.39532 -2.61347 800 0.0312503 0.194231 27.9993 10.4173 -13 4197 1 0 1
-17.2202 -3.90689 800 0.206118 -0.592199 27.993 10.4177 -13 4198 1 0 1
-4.30381 1.50422 800 0.0470814 -0.105412 27.9998 10.4173 -13 4199 1 0 1
0.855159 0.132772 800 -0.037215 0.0484053 27.9999 10.4173 -13 4200 1 0 1
-13.2355 1.17699 800 0.127402 -0.454564 27.996 10.4175 -13 4201 1 0 1
12.907 0.685008 800 -0.0987577 0.420572 27.9967 10.4175 -13 4202 1 0 1
-22.8658 -3.55425 800 0.307143 -0.862518 27.985 10.4183 -13 4203 1 0 1
15.5654 3.87452 800 -0.234923 0.593309 27.9927 10.4178 -13 4204 1 0 1
-1.56591 -3.99272 800 0.195943 0.0374611 27.9993 10.4173 -13 4205 1 0 1
-12.509 -5.84228 800 0.313267 -0.460099 27.9945 10.4177 -13 4206 1 0 1
-0.684078 -1.30978 800 0.0617491 -0.00805033 27.9999 10.4173 -13 4207 1 0 1
-13.8523 -3.09938 800 0.280488 -0.454472 27.9949 10.4176 -13 4208 1 0 1
10.4189 0.577215 800 -0.0118984 0.255703 27.9988 10.4174 -13 4209 1 0 1
5.2055 -0.472679 800 -0.0886177 0.132676 27.9995 10.4173 -13 4210 1 0 1
-14.4113 -6.16326 800 0.335245 -0.494864 27.9936 10.4177 -13 4211 1 0 1
17.5238 4.33142 800 -0.173778 0.628815 27.9924 10.4178 -13 4212 1 0 1
3.08695 -0.349828 800 -0.00419117 0.123847 27.9997 10.4173 -13 4213 1 0 1
-4.4044 0.780547 800 0.0300901 -0.14641 27.9996 10.4173 -13 4214 1 0 1
0.445417 -4.66127 800 0.153465 -0.0466821 27.9995 10.4173 -13 4215 1 0 1
-4.38381 -4.89749 800 0.259367 -0.176505 27.9982 10.4174 -13 4216 1 0 1
-19.4274 -3.0013 800 0.216173 -0.730599 27.9896 10.418 -13 4217 1 0 1
13.8095 2.03294 800 -0.106532 0.466833 27.9959 10.4175 -13 4218 1 0 1
-1.18408 -0.813481 800 0.0385194 -0.100788 27.9998 10.4173 -13 4219 1 0 1
4.02241 6.40623 800 -0.337708 0.0693537 27.9979 10.4174 -13 4220 1 0 1
10.6171 3.53199 800 -0.129479 0.334406 27.9977 10.4174 -13 4221 1 0 1
1.61802 -0.703374 800 0.0619867 0.0932578 27.9998 10.4173 -13 4222 1 0 1
6.20952 6.86944 800 -0.306741 0.280169 27.9969 10.4175 -13 4223 1 0 1
-9.59115 -5.57961 800 0.250178 -0.277658 27.9975 10.4174 -13 4224 1 0 1
10.079 9.53608 800 -0.392915 0.42587 27.994 10.4178 -13 4225 1 0 1
16.4534 0.155307 800 -0.123937 0.646988 27.9922 10.4178 -13 4226 1 0 1
23.9469 5.20115 800 -0.346494 0.814862 27.986 10.4182 -13 4227 1 0 1
1.10228 2.12093 800 -0.0830173 0.126969 27.9996 10.4173 -13 4228 1 0 1
4.43533 3.68168 800 -0.179073 0.0740919 27.9993 10.4173 -13 4229 1 0 1
19.7638 3.13037 800 -0.262476 0.662525 27.9909 10.4178 -13 4230 1 0 1
-0.64359 -2.56637 800 0.0576458 -0.0503456 27.9999 10.4173 -13 4231 1 0 1
-7.48229 -3.98906 800 0.276995 -0.333933 27.9966 10.4176 -13 4232 1 0 1
2.67704 -3.55957 800 0.162786 0.0694688 27.9994 10.4173 -13 4233 1 0 1
18.0159 6.56419 800 -0.344197 0.568645 27.9921 10.4178 -13 4234 1 0 1
-3.92252 1.08728 800 -0.0309417 -0.174063 27.9994 10.4173 -13 4235 1 0 1
0.87804 -5.12436 800 0.199987 -0.00618293 27.9993 10.4173 -13 4236 1 0 1
11.2114 5.50685 800 -0.275537 0.393591 27.9959 10.4175 -13 4237 1 0 1
6.67092 2.00017 800 -0.0889821 0.253345 27.9987 10.4174 -13 4238 1 0 1
-16.2058 -5.76133 800 0.41989 -0.569289 27.9911 10.4179 -13 4239 1 0 1
-3.95115 3.66222 800 -0.0724797 -0.141361 27.9995 10.4173 -13 4240 1 0 1
-9.66299 -5.1469 800 0.223368 -0.368461 27.9967 10.4175 -13 4241 1 0 1
-11.3622 -1.12342 800 0.0765284 -0.449627 27.9963 10.4175 -13 4242 1 0 1
-0.783093 4.66994 800 -0.183612 0.0259968 27.9994 10.4173 -13 4243 1 0 1
0.0160939 -0.167898 800 0.0329949 0.0477819 27.9999 10.4173 -13 4244 1 0 1
8.83269 3.6879 800 -0.209193 0.322318 27.9974 10.4174 -13 4245 1 0 1
-1.8597 5.02074 800 -0.217217 -0.00617109 27.9992 10.4174 -13 4246 1 0 1
-13.8443 -1.22935 800 0.082563 -0.525496 27.9949 10.4176 -13 4247 1 0 1
-6.56838 -3.47648 800 0.121995 -0.22546 27.9988 10.4173 -13 4248 1 0 1
6.35993 2.08366 800 -0.138605 0.3003 27.998 10.4174 -13 4249 1 0 1
-5.41362 1.20073 800 -0.0582725 -0.067813 27.9999 10.4173 -13 4250 1 0 1
-3.46776 -5.44122 800 0.215179 -0.16315 27.9987 10.4174 -13 4251 1 0 1
4.00148 3.64932 800 -0.110519 0.170294 27.9993 10.4173 -13 4252 1 0 1
-0.345793 -0.600698 800 0.0889677 0.13342 27.9995 10.4174 -13 4253 1 0 1
11.3368 3.95741 800 -0.198612 0.385551 27.9966 10.4175 -13 4254 1 0 1
-8.98328 -1.2386 800 0.076884 -0.30511 27.9982 10.4174 -13 4255 1 0 1
-3.55986 -2.95519 800 0.181516 -0.108643 27.9992 10.4173 -13 4256 1 0 1
13.8029 6.50598 800 -0.269178 0.425 27.9955 10.4175 -13 4257 1 0 1
-6.37591 -1.30668 800 0.0658699 -0.252012 27.9988 10.4173 -13 4258 1 0 1
11.8543 -2.53035 800 0.0372301 0.539509 27.9948 10.4177 -13 4259 1 0 1
4.9751 12.0732 800 -0.495566 0.214648 27.9948 10.4177 -13 4260 1 0 1
6.16123 4.09866 800 -0.272682 0.246796 27.9976 10.4175 -13 4261 1 0 1
-12.2051 -5.17122 800 0.322261 -0.470478 27.9942 10.4177 -13 4262 1 0 1
8.87858 2.70193 800 -0.123738 0.316582 27.9979 10.4174 -13 4263 1 0 1
9.29468 0.470578 800 -0.108142 0.328627 27.9979 10.4174 -13 4264 1 0 1
-12.6418 4.56706 800 -0.000447619 -0.406876 27.997 10.4175 -13 4265 1 0 1
4.95274 -0.970039 800 0.0146388 0.270646 27.9987 10.4174 -13 4266 1 0 1
-4.95841 -3.70839 800 0.119649 -0.179774 27.9992 10.4173 -13 4267 1 0 1
5.06406 1.77798 800 -0.0935186 0.118408 27.9996 10.4173 -13 4268 1 0 1
-3.41265 0.853604 800 0.0603857 -0.0593979 27.9999 10.4173 -13 4269 1 0 1
-15.7686 1.70346 800 0.0203753 -0.572602 27.9941 10.4176 -13 4270 1 0 1
4.49723 4.59759 800 -0.127411 0.146546 27.9993 10.4173 -13 4271 1 0 1
8.00747 2.56376 800 -0.169902 0.307367 27.9978 10.4174 -13 4272 1 0 1
3.91889 3.45205 800 -0.215095 0.117278 27.9989 10.4174 -13 4273 1 0 1
11.3887 4.76614 800 -0.281391 0.481451 27.9944 10.4177 -13 4274 1 0 1
5.81083 6.12671 800 -0.318874 0.220975 27.9973 10.4175 -13 4275 1 0 1
-3.56633 1.57933 800 -0.0529046 -0.150996 27.9995 10.4173 -13 4276 1 0 1
21.9185 -1.08225 800 -0.0695047 0.736422 27.9902 10.4179 -13 4277 1 0 1
-2.5757 -4.57348 800 0.131057 -0.0482042 27.9997 10.4173 -13 4278 1 0 1
7.8535 5.38328 800 -0.243757 0.298807 27.9973 10.4175 -13 4279 1 0 1
-2.80453 7.421 800 -0.243996 -0.147649 27.9985 10.4173 -13 4280 1 0 1
2.14429 -2.48156 800 0.0195777 0.109976 27.9998 10.4173 -13 4281 1 0 1
1.64134 -2.33498 800 0.133088 0.0647338 27.9996 10.4173 -13 4282 1 0 1
-8.16435 -7.60528 800 0.339778 -0.269363 27.9966 10.4175 -13 4283 1 0 1
0.952781 -2.81861 800 0.111371 0.111403 27.9996 10.4173 -13 4284 1 0 1
1.24278 0.629451 800 -0.061066 0.0362731 27.9999 10.4173 -13 4285 1 0 1
-8.91817 -3.54324 800 0.0949684 -0.359186 27.9975 10.4175 -13 4286 1 0 1
11.4077 2.40794 800 -0.24548 0.406705 27.996 10.4176 -13 4287 1 0 1
-5.34593 -2.09495 800 0.0773569 -0.146442 27.9995 10.4173 -13 4288 1 0 1
-11.2362 -5.05922 800 0.295245 -0.352243 27.9962 10.4175 -13 4289 1 0 1
2.39616 1.38205 800 -0.0720347 0.0392855 27.9999 10.4173 -13 4290 1 0 1
10.4195 -4.08139 800 0.16329 0.316357 27.9977 10.4175 -13 4291 1 0 1
-0.661654 5.74431 800 -0.115813 0.0418229 27.9997 10.4173 -13 4292 1 0 1
-9.56095 -4.47768 800 0.179971 -0.209515 27.9986 10.4174 -13 4293 1 0 1
-1.08188 -5.3947 800 0.289991 -0.12694 27.9982 10.4175 -13 4294 1 0 1
-8.54121 -2.59602 800 0.103001 -0.279333 27.9984 10.4174 -13 4295 1 0 1
13.1007 5.41548 800 -0.343935 0.496495 27.9935 10.4178 -13 4296 1 0 1
0.123454 -1.67723 800 0.0811625 -0.0781815 27.9998 10.4173 -13 4297 1 0 1
-28.051 -3.77237 800 0.308712 -0.944991 27.9823 10.4184 -13 4298 1 0 1
-13.3574 -1.57715 800 0.153825 -0.478726 27.9955 10.4176 -13 4299 1 0 1
-0.499467 -5.06866 800 0.147451 -0.0581918 27.9996 10.4173 -13 4300 1 0 1
-6.31267 -7.37993 800 0.316797 -0.273293 27.9969 10.4175 -13 4301 1 0 1
11.8996 1.07787 800 -0.139855 0.522088 27.9948 10.4177 -13 4302 1 0 1
6.20066 -2.43561 800 0.0426661 0.232194 27.999 10.4173 -13 4303 1 0 1
4.43762 -2.2491 800 0.0184492 0.198219 27.9993 10.4173 -13 4304 1 0 1
-20.0607 -1.88327 800 0.322239 -0.734031 27.9885 10.4181 -13 4305 1 0 1
-12.6807 -7.43554 800 0.386809 -0.482794 27.9932 10.4178 -13 4306 1 0 1
-7.25292 -2.76926 800 0.180238 -0.188828 27.9988 10.4173 -13 4307 1 0 1
2.29217 4.75835 800 -0.199337 0.0519905 27.9992 10.4173 -13 4308 1 0 1
-2.59379 -2.00299 800 0.115509 -0.0557244 27.9997 10.4173 -13 4309 1 0 1
1.33927 7.5346 800 -0.41819 -0.00395019 27.9969 10.4176 -13 4310 1 0 1
4.05155 10.9087 800 -0.434873 0.19881 27.9959 10.4176 -13 4311 1 0 1
-14.0888 -6.84191 800 0.259512 -0.501257 27.9943 10.4177 -13 4312 1 0 1
29.2366 9.3046 800 -0.445447 0.996888 27.9787 10.4187 -13 4313 1 0 1
-17.5814 -8.13172 800 0.420456 -0.547458 27.9915 10.4178 -13 4314 1 0 1
11.4808 4.14019 800 -0.276288 0.404046 27.9957 10.4176 -13 4315 1 0 1
2.95588 -1.93872 800 0.0620673 0.143247 27.9996 10.4173 -13 4316 1 0 1
6.37066 9.12385 800 -0.456672 0.189566 27.9956 10.4176 -13 4317 1 0 1
0.358339 -0.834466 800 0.0783618 -0.0136577 27.9999 10.4173 -13 4318 1 0 1
-0.684257 2.50145 800 -0.116314 -0.00975057 27.9998 10.4173 -13 4319 1 0 1
3.85964 1.9276 800 -0.103232 0.148915 27.9994 10.4173 -13 4320 1 0 1
0.954547 -6.42636 800 0.206079 -0.0334549 27.9992 10.4174 -13 4321 1 0 1
3.34898 -1.18983 800 -0.00198012 0.0506507 28 10.4173 -13 4322 1 0 1
-2.87294 -1.00026 800 0.0259033 -0.120336 27.9997 10.4173 -13 4323 1 0 1
-13.9841 2.41426 800 0.0724302 -0.464078 27.9961 10.4175 -13 4324 1 0 1
-14.7698 -3.43327 800 0.291869 -0.42549 27.9952 10.4176 -13 4325 1 0 1
4.83577 1.81229 800 -0.0400699 0.221665 27.9991 10.4174 -13 4326 1 0 1
0.649268 -2.08431 800 0.136949 0.078774 27.9996 10.4173 -13 4327 1 0 1
-1.33475 -5.08323 800 0.22927 -0.171727 27.9985 10.4175 -13 4328 1 0 1
3.41692 4.47386 800 -0.261161 0.135005 27.9985 10.4174 -13 4329 1 0 1
0.517205 3.38931 800 -0.141375 0.0311491 27.9996 10.4173 -13 4330 1 0 1
2.52756 -2.79952 800 0.0916882 0.171926 27.9993 10.4173 -13 4331 1 0 1
-5.63655 -1.98747 800 0.0856902 -0.253794 27.9987 10.4174 -13 4332 1 0 1
1.83635 4.15231 800 -0.149072 0.112313 27.9994 10.4173 -13 4333 1 0 1
-1.29868 -3.89622 800 0.149158 -0.0385599 27.9996 10.4173 -13 4334 1 0 1
0.620788 -3.95337 800 0.137427 0.0345867 27.9996 10.4173 -13 4335 1 0 1
-16.5121 -3.77448 800 0.344003 -0.49472 27.9935 10.4177 -13 4336 1 0 1
-18.216 -10.7146 800 0.498704 -0.65489 27.9879 10.4181 -13 4337 1 0 1
10.9457 3.80031 800 -0.241804 0.375588 27.9964 10.4175 -13 4338 1 0 1
-0.553472 5.00603 800 -0.0935906 0.0652644 27.9998 10.4174 -13 4339 1 0 1
1.24027 4.23237 800 -0.0976857 0.0311384 27.9998 10.4173 -13 4340 1 0 1
-12.7473 -5.55563 800 0.305903 -0.432763 27.995 10.4176 -13 4341 1 0 1
13.0657 1.13376 800 0.055333 0.395104 27.9972 10.4176 -13 4342 1 0 1
5.89647 0.99806 800 -0.117392 0.199816 27.999 10.4173 -13 4343 1 0 1
-12.8705 -1.20377 800 0.118111 -0.44752 27.9962 10.4175 -13 4344 1 0 1
-11.3336 -1.33077 800 0.0280269 -0.382197 27.9974 10.4175 -13 4345 1 0 1
-4.78869 -3.34764 800 0.175132 -0.104987 27.9993 10.4173 -13 4346 1 0 1
-2.50869 -6.52024 800 0.242329 -0.0465994 27.9989 10.4173 -13 4347 1 0 1
-5.3211 -3.17993 800 0.0688912 -0.221943 27.999 10.4174 -13 4348 1 0 1
-1.5767 -1.69338 800 0.116044 -0.109263 27.9995 10.4173 -13 4349 1 0 1
0.677358 -6.68114 800 0.270626 0.0101828 27.9987 10.4174 -13 4350 1 0 1
-5.67404 -2.22318 800 0.153325 -0.194396 27.9989 10.4173 -13 4351 1 0 1
4.65012 -0.954001 800 0.0500675 0.0694636 27.9999 10.4173 -13 4352 1 0 1
7.18302 1.69388 800 -0.0582231 0.233757 27.999 10.4173 -13 4353 1 0 1
-8.38045 -0.00963646 800 0.0945856 -0.27501 27.9985 10.4174 -13 4354 1 0 1
12.0387 -1.64506 800 -0.0331106 0.405149 27.997 10.4174 -13 4355 1 0 1
10.0098 5.64601 800 -0.280465 0.421194 27.9954 10.4176 -13 4356 1 0 1
2.21883 -2.78062 800 0.0647003 0.0566198 27.9999 10.4173 -13 4357 1 0 1
-10.5235 -4.77388 800 0.275779 -0.392727 27.9959 10.4176 -13 4358 1 0 1
-13.1287 -3.12712 800 0.194848 -0.416572 27.9962 10.4175 -13 4359 1 0 1
-6.89481 -0.0141535 800 0.06582 -0.204966 27.9992 10.4173 -13 4360 1 0 1
-15.6399 -6.74965 800 0.453064 -0.499078 27.9919 10.4179 -13 4361 1 0 1
-3.36511 -0.0441911 800 0.0569655 -0.181962 27.9994 10.4173 -13 4362 1 0 1
-7.42118 -3.22468 800 0.150821 -0.234301 27.9986 10.4173 -13 4363 1 0 1
-7.85544 -2.10877 800 0.0604874 -0.329268 27.998 10.4174 -13 4364 1 0 1
8.98913 2.85043 800 -0.131529 0.289811 27.9982 10.4174 -13 4365 1 0 1
9.2683 0.658375 800 0.00425488 0.428223 27.9967 10.4176 -13 4366 1 0 1
1.81421 4.73716 800 -0.172952 0.108367 27.9993 10.4173 -13 4367 1 0 1
0.102267 1.4437 800 -0.0187825 0.0546402 27.9999 10.4173 -13 4368 1 0 1
10.8121 2.43432 800 -0.200352 0.436155 27.9959 10.4176 -13 4369 1 0 1
14.9434 3.3216 800 -0.235095 0.446773 27.9954 10.4175 -13 4370 1 0 1
2.67862 3.58817 800 -0.206052 0.1652 27.9988 10.4174 -13 4371 1 0 1
17.333 6.12054 800 -0.305943 0.676081 27.9902 10.418 -13 4372 1 0 1
-6.24905 1.97416 800 -0.0660742 -0.279557 27.9985 10.4174 -13 4373 1 0 1
3.52396 2.47717 800 -0.131641 0.0955177 27.9995 10.4173 -13 4374 1 0 1
-12.1341 -2.93957 800 0.166815 -0.429703 27.9962 10.4175 -13 4375 1 0 1
0.431272 1.47033 800 -0.204386 -0.0248278 27.9992 10.4174 -13 4376 1 0 1
-1.90886 1.37497 800 0.0076019 -0.0120753 28 10.4173 -13 4377 1 0 1
-9.34953 -4.57234 800 0.362498 -0.246871 27.9966 10.4176 -13 4378 1 0 1
4.94946 -1.13617 800 0.0648155 0.100863 27.9997 10.4173 -13 4379 1 0 1
-9.36433 2.23304 800 -0.0904153 -0.363521 27.9975 10.4175 -13 4380 1 0 1
5.33408 2.79362 800 -0.210491 0.184634 27.9986 10.4174 -13 4381 1 0 1
-13.1639 -0.194186 800 -0.0107055 -0.399672 27.9971 10.4175 -13 4382 1 0 1
4.55045 -0.0373509 800 0.0229193 0.176154 27.9994 10.4173 -13 4383 1 0 1
1.66253 5.86747 800 -0.147307 0.0322532 27.9996 10.4173 -13 4384 1 0 1
4.81014 -0.638386 800 0.00418553 0.200485 27.9993 10.4173 -13 4385 1 0 1
4.24139 2.01685 800 -0.0792504 0.202212 27.9992 10.4173 -13 4386 1 0 1
6.27766 6.26908 800 -0.328388 0.167979 27.9976 10.4174 -13 4387 1 0 1
4.67001 3.41916 800 -0.148094 0.211892 27.9988 10.4174 -13 4388 1 0 1
7.72881 2.32017 800 -0.178596 0.246366 27.9983 10.4174 -13 4389 1 0 1
9.52653 -0.258392 800 0.00106112 0.365432 27.9976 10.4174 -13 4390 1 0 1
7.31808 -2.05247 800 0.121895 0.299731 27.9981 10.4174 -13 4391 1 0 1
4.33352 -0.201254 800 0.00461644 0.0801466 27.9999 10.4173 -13 4392 1 0 1
4.53399 -0.300805 800 -0.115962 0.159806 27.9993 10.4173 -13 4393 1 0 1
6.59401 -3.48736 800 0.104519 0.182819 27.9992 10.4173 -13 4394 1 0 1
23.886 5.73336 800 -0.334411 0.860233 27.9848 10.4183 -13 4395 1 0 1
-5.36928 -0.392989 800 0.00384163 -0.190272 27.9994 10.4173 -13 4396 1 0 1
-7.19861 0.854811 800 -0.0587549 -0.227008 27.999 10.4173 -13 4397 1 0 1
-5.67562 -0.564989 800 0.0854756 -0.212159 27.9991 10.4173 -13 4398 1 0 1
-14.5059 -7.08339 800 0.472979 -0.408722 27.993 10.4178 -13 4399 1 0 1
-7.30746 2.82488 800 -0.0226349 -0.272856 27.9987 10.4173 -13 4400 1 0 1
4.33096 -3.15238 800 0.142532 0.085457 27.9995 10.4173 -13 4401 1 0 1
2.48974 3.52522 800 -0.230166 0.0581374 27.999 10.4174 -13 4402 1 0 1
3.27363 10.8601 800 -0.364401 0.0602881 27.9976 10.4174 -13 4403 1 0 1
-1.54274 -0.72217 800 0.0623165 -0.0910555 27.9998 10.4173 -13 4404 1 0 1
9.26607 3.64808 800 -0.0727021 0.337243 27.9979 10.4175 -13 4405 1 0 1
-7.76423 -10.7945 800 0.54032 -0.314867 27.993 10.4179 -13 4406 1 0 1
2.64513 10.7065 800 -0.465169 0.0391668 27.9961 10.4176 -13 4407 1 0 1
-9.98703 -2.03648 800 0.0487963 -0.324941 27.9981 10.4174 -13 4408 1 0 1
14.1495 8.11848 800 -0.3256 0.550372 27.9927 10.4178 -13 4409 1 0 1
-0.474317 0.392638 800 0.0289108 0.0343193 28 10.4173 -13 4410 1 0 1
-4.10409 -5.26185 800 0.283614 -0.249447 27.9975 10.4176 -13 4411 1 0 1
1.51127 -0.575434 800 0.00596477 0.0995542 27.9998 10.4173 -13 4412 1 0 1
14.0413 5.57395 800 -0.28281 0.466349 27.9947 10.4176 -13 4413 1 0 1
-11.4315 0.793981 800 0.0832817 -0.43033 27.9966 10.4175 -13 4414 1 0 1
1.61035 1.49676 800 -0.0638137 0.00207451 27.9999 10.4173 -13 4415 1 0 1
10.3971 6.59654 800 -0.276982 0.301394 27.997 10.4174 -13 4416 1 0 1
0.624654 -4.4569 800 0.130519 -0.0184471 27.9997 10.4173 -13 4417 1 0 1
-7.38833 -1.50283 800 0.0663793 -0.258184 27.9987 10.4173 -13 4418 1 0 1
18.983 1.29879 800 -0.205158 0.646706 27.9918 10.4178 -13 4419 1 0 1
-15.4946 -0.474802 800 0.0390248 -0.515108 27.9952 10.4176 -13 4420 1 0 1
4.74547 2.49286 800 -0.0768579 0.190669 27.9992 10.4173 -13 4421 1 0 1
-22.9471 -9.18069 800 0.517361 -0.829031 27.9829 10.4185 -13 4422 1 0 1
8.92173 -5.74114 800 0.118397 0.287942 27.9983 10.4174 -13 4423 1 0 1
-5.47234 -1.45368 800 0.0735721 -0.274726 27.9986 10.4174 -13 4424 1 0 1
-3.35444 -1.97407 800 0.105273 -0.169983 27.9993 10.4173 -13 4425 1 0 1
-3.11635 6.32372 800 -0.128497 -0.0592458 27.9996 10.4173 -13 4426 1 0 1
9.98122 -1.99876 800 0.0229574 0.339385 27.9979 10.4174 -13 4427 1 0 1
5.39671 0.316725 800 0.0155355 0.154381 27.9996 10.4173 -13 4428 1 0 1
-6.39732 1.98469 800 -0.060896 -0.273825 27.9986 10.4174 -13 4429 1 0 1
-5.88066 -6.34316 800 0.33365 -0.149018 27.9976 10.4174 -13 4430 1 0 1
-0.635106 -1.73521 800 0.182961 0.0735384 27.9993 10.4174 -13 4431 1 0 1
2.13646 2.99794 800 -0.0350582 0.0942195 27.9998 10.4173 -13 4432 1 0 1
12.5117 5.03866 800 -0.340713 0.368432 27.9955 10.4176 -13 4433 1 0 1
9.41849 2.17006 800 -0.177595 0.322148 27.9976 10.4174 -13 4434 1 0 1
6.18538 -0.916378 800 -0.015861 0.266354 27.9987 10.4174 -13 4435 1 0 1
-5.91704 8.55276 800 -0.222691 -0.181793 27.9985 10.4174 -13 4436 1 0 1
10.6045 0.457866 800 0.00485576 0.406328 27.9971 10.4175 -13 4437 1 0 1
6.973 7.72729 800 -0.305045 0.272936 27.997 10.4175 -13 4438 1 0 1
12.7983 3.94457 800 -0.254669 0.497461 27.9944 10.4177 -13 4439 1 0 1
-11.5284 0.398516 800 0.00052908 -0.394838 27.9972 10.4174 -13 4440 1 0 1
7.32564 5.16856 800 -0.227685 0.272846 27.9977 10.4174 -13 4441 1 0 1
12.2639 6.07196 800 -0.366981 0.46231 27.9938 10.4178 -13 4442 1 0 1
6.22016 5.70847 800 -0.228008 0.301864 27.9974 10.4175 -13 4443 1 0 1
-9.47009 -4.86677 800 0.235017 -0.299955 27.9974 10.4174 -13 4444 1 0 1
-6.32228 -2.87918 800 0.125591 -0.192265 27.9991 10.4173 -13 4445 1 0 1
9.97815 2.43772 800 -0.124463 0.362088 27.9974 10.4174 -13 4446 1 0 1
1.91352 1.91315 800 -0.0605505 0.050376 27.9999 10.4173 -13 4447 1 0 1
15.2828 5.69819 800 -0.252973 0.598243 27.9925 10.4178 -13 4448 1 0 1
6.13721 0.533872 800 0.0370085 0.195978 27.9993 10.4173 -13 4449 1 0 1
-5.3592 -0.1879 800 0.00774209 -0.14102 27.9996 10.4173 -13 4450 1 0 1
8.50414 3.96683 800 -0.165494 0.296616 27.9979 10.4174 -13 4451 1 0 1
-2.28634 -4.98622 800 0.186849 -0.116294 27.9991 10.4173 -13 4452 1 0 1
22.3624 1.10329 800 -0.223893 0.720961 27.9898 10.4179 -13 4453 1 0 1
7.12321 0.913454 800 -0.0147231 0.345835 27.9979 10.4175 -13 4454 1 0 1
-3.45892 0.576148 800 0.0177464 -0.109706 27.9998 10.4173 -13 4455 1 0 1
-1.95886 -1.90375 800 0.0382317 -0.0490254 27.9999 10.4173 -13 4456 1 0 1
8.62954 10.0068 800 -0.426013 0.341153 27.9947 10.4177 -13 4457 1 0 1
-2.50014 1.30361 800 -0.182674 -0.0769949 27.9993 10.4174 -13 4458 1 0 1
-11.0976 -4.05152 800 0.20635 -0.327763 27.9973 10.4174 -13 4459 1 0 1
-0.329383 0.198206 800 -0.0258658 -0.0516455 27.9999 10.4173 -13 4460 1 0 1
13.6766 -0.359698 800 -0.0131139 0.487006 27.9958 10.4175 -13 4461 1 0 1
3.50612 3.77236 800 -0.175389 0.12082 27.9992 10.4173 -13 4462 1 0 1
-14.1509 -3.20475 800 0.156344 -0.479312 27.9955 10.4176 -13 4463 1 0 1
-0.225297 1.9427 800 -0.132871 -0.0145515 27.9997 10.4173 -13 4464 1 0 1
2.73201 -3.31906 800 0.157758 0.100351 27.9994 10.4173 -13 4465 1 0 1
5.74053 4.90292 800 -0.0927722 0.128795 27.9996 10.4173 -13 4466 1 0 1
7.47545 2.00819 800 -0.0341373 0.298419 27.9984 10.4174 -13 4467 1 0 1
2.63601 2.17316 800 -0.16522 0.0465568 27.9995 10.4173 -13 4468 1 0 1
3.01015 -0.443259 800 0.0179087 0.141022 27.9996 10.4173 -13 4469 1 0 1
-3.70609 -4.93246 800 0.114416 -0.0857735 27.9996 10.4173 -13 4470 1 0 1
-11.5438 -6.24095 800 0.268854 -0.380752 27.9961 10.4175 -13 4471 1 0 1
5.36977 -1.45098 800 0.0170338 0.242568 27.9989 10.4173 -13 4472 1 0 1
6.90661 -0.080195 800 0.000179909 0.157255 27.9996 10.4173 -13 4473 1 0 1
6.19129 0.556722 800 0.00706682 0.162605 27.9995 10.4173 -13 4474 1 0 1
-3.83897 -0.654138 800 -0.0102078 -0.100174 27.9998 10.4173 -13 4475 1 0 1
18.34 7.59879 800 -0.353695 0.598512 27.9914 10.4178 -13 4476 1 0 1
-0.634286 3.08037 800 -0.0850411 -0.0222158 27.9999 10.4173 -13 4477 1 0 1
-1.31852 -1.74364 800 -0.0353775 0.0456043 27.9999 10.4173 -13 4478 1 0 1
-14.4713 -0.49954 800 0.0809896 -0.504643 27.9953 10.4176 -13 4479 1 0 1
-20.6758 -3.22831 800 0.2514 -0.748554 27.9889 10.418 -13 4480 1 0 1
-17.707 -3.23481 800 0.216145 -0.519572 27.9943 10.4176 -13 4481 1 0 1
1.3896 -4.07193 800 0.121046 0.112345 27.9995 10.4173 -13 4482 1 0 1
-1.96471 0.328229 800 0.0511542 -0.0361836 27.9999 10.4173 -13 4483 1 0 1
-2.72597 2.72143 800 -0.0193643 -0.0690693 27.9999 10.4173 -13 4484 1 0 1
9.85216 -1.57313 800 -0.0269629 0.310584 27.9983 10.4174 -13 4485 1 0 1
0.841488 -1.24158 800 0.0332211 0.0459266 27.9999 10.4173 -13 4486 1 0 1
13.7199 0.515924 800 -0.0767717 0.518928 27.9951 10.4176 -13 4487 1 0 1
15.7095 6.26871 800 -0.35855 0.563655 27.992 10.4178 -13 4488 1 0 1
-8.86018 -6.12421 800 0.207928 -0.344669 27.9971 10.4175 -13 4489 1 0 1
13.9432 6.03059 800 -0.237656 0.523569 27.9941 10.4177 -13 4490 1 0 1
5.49321 5.64085 800 -0.37455 0.179337 27.9969 10.4176 -13 4491 1 0 1
-10.872 -2.77167 800 0.215755 -0.466743 27.9953 10.4177 -13 4492 1 0 1
11.0545 -1.07574 800 -0.0371075 0.369388 27.9975 10.4174 -13 4493 1 0 1
1.62228 7.18465 800 -0.284538 -0.0370497 27.9985 10.4174 -13 4494 1 0 1
12.3516 4.24555 800 -0.228044 0.45167 27.9954 10.4176 -13 4495 1 0 1
4.06757 7.0309 800 -0.232609 0.0907619 27.9989 10.4173 -13 4496 1 0 1
8.02395 -2.80677 800 0.00831062 0.274074 27.9987 10.4173 -13 4497 1 0 1
12.77 3.26574 800 -0.210361 0.507563 27.9946 10.4177 -13 4498 1 0 1
-14.4818 -1.96924 800 0.143736 -0.491863 27.9953 10.4176 -13 4499 1 0 1
1.78951 -6.52023 800 0.406436 0.0917792 27.9969 10.4177 -13 4500 1 0 1
-1.66676 -2.13591 800 0.000558311 -0.115765 27.9998 10.4173 -13 4501 1 0 1
-6.12243 1.50619 800 0.0391076 -0.184328 27.9994 10.4173 -13 4502 1 0 1
14.811 3.09114 800 -0.19114 0.522988 27.9945 10.4176 -13 4503 1 0 1
11.5045 -8.65529 800 0.301712 0.397603 27.9956 10.4176 -13 4504 1 0 1
16.1822 1.50038 800 -0.160343 0.514655 27.9948 10.4176 -13 4505 1 0 1
-0.651774 5.00903 800 -0.228827 0.00420284 27.9991 10.4174 -13 4506 1 0 1
7.00471 5.39045 800 -0.223864 0.279455 27.9977 10.4174 -13 4507 1 0 1
-2.85967 -5.96005 800 0.265666 -0.0441666 27.9987 10.4174 -13 4508 1 0 1
-18.7057 -6.10096 800 0.279093 -0.697727 27.9899 10.418 -13 4509 1 0 1
4.2638 -3.93965 800 0.108321 0.145191 27.9994 10.4173 -13 4510 1 0 1
-6.62932 0.416463 800 0.125638 -0.245964 27.9986 10.4174 -13 4511 1 0 1
6.57038 0.378026 800 0.0213224 0.198398 27.9993 10.4173 -13 4512 1 0 1
6.80757 -0.797877 800 -0.0803959 0.263303 27.9986 10.4174 -13 4513 1 0 1
4.53619 -1.1983 800 0.0933059 0.183604 27.9992 10.4173 -13 4514 1 0 1
12.1312 7.7627 800 -0.402859 0.438031 27.9937 10.4177 -13 4515 1 0 1
1.21902 -0.80586 800 -0.00286068 0.0426733 28 10.4173 -13 4516 1 0 1
-13.8637 -7.18601 800 0.378308 -0.503151 27.9929 10.4178 -13 4517 1 0 1
-15.0553 -2.4607 800 0.297828 -0.513587 27.9937 10.4177 -13 4518 1 0 1
30.1322 7.1314 800 -0.405114 1.07234 27.9765 10.4188 -13 4519 1 0 1
-4.54345 -0.647453 800 0.035522 -0.228593 27.999 10.4174 -13 4520 1 0 1
12.0915 1.33656 800 -0.0758704 0.375004 27.9974 10.4174 -13 4521 1 0 1
-0.850192 -1.05553 800 0.00668536 -0.0258165 28 10.4173 -13 4522 1 0 1
-0.77686 2.51169 800 -0.162287 -0.0228105 27.9995 10.4173 -13 4523 1 0 1
-6.34734 1.16875 800 0.042019 -0.159658 27.9995 10.4173 -13 4524 1 0 1
-8.17085 -2.94012 800 0.105223 -0.209804 27.999 10.4173 -13 4525 1 0 1
-3.00469 -0.538716 800 -0.00565003 -0.109104 27.9998 10.4173 -13 4526 1 0 1
-13.161 -5.74425 800 0.272871 -0.465542 27.9948 10.4176 -13 4527 1 0 1
-3.73855 2.27342 800 -0.105253 -0.0759665 27.9997 10.4173 -13 4528 1 0 1
5.6619 -0.321928 800 -0.0326138 0.19833 27.9993 10.4173 -13 4529 1 0 1
-4.71518 -3.77603 800 0.0741018 -0.182595 27.9993 10.4173 -13 4530 1 0 1
-9.04046 -7.36858 800 0.266974 -0.33981 27.9967 10.4175 -13 4531 1 0 1
-4.18098 -5.20871 800 0.146704 -0.0716954 27.9995 10.4173 -13 4532 1 0 1
-12.5851 -4.834 800 0.317966 -0.418473 27.9951 10.4176 -13 4533 1 0 1
33.6271 13.2348 800 -0.592013 1.10488 27.9719 10.4191 -13 4534 1 0 1
8.57987 -2.82938 800 0.0840553 0.186215 27.9993 10.4174 -13 4535 1 0 1
-13.5651 -11.4951 800 0.575919 -0.548076 27.9887 10.4182 -13 4536 1 0 1
-14.9728 -3.28118 800 0.241498 -0.486563 27.9947 10.4176 -13 4537 1 0 1
-8.20436 -5.34362 800 0.275971 -0.298452 27.997 10.4175 -13 4538 1 0 1
-1.5321 2.4361 800 -0.0870646 -0.0899593 27.9997 10.4173 -13 4539 1 0 1
9.79712 2.51232 800 -0.166731 0.390002 27.9968 10.4175 -13 4540 1 0 1
-1.89843 -3.26331 800 0.0481784 -0.0115581 28 10.4173 -13 4541 1 0 1
10.2948 4.01629 800 -0.184123 0.425113 27.9962 10.4176 -13 4542 1 0 1
4.5854 4.41669 800 -0.248281 0.121178 27.9986 10.4174 -13 4543 1 0 1
9.42875 5.42585 800 -0.242731 0.334685 27.9969 10.4175 -13 4544 1 0 1
2.4901 -1.00597 800 0.0103742 0.0773615 27.9999 10.4173 -13 4545 1 0 1
7.63873 2.34487 800 -0.0694831 0.347357 27.9978 10.4175 -13 4546 1 0 1
-2.57079 -6.97736 800 0.298673 -0.112619 27.9982 10.4174 -13 4547 1 0 1
11.1443 -3.01465 800 0.0510154 0.373255 27.9975 10.4174 -13 4548 1 0 1
-1.6889 0.560932 800 0.0735697 0.0210908 27.9999 10.4173 -13 4549 1 0 1
3.1175 0.0165416 800 0.0148678 0.04706 28 10.4173 -13 4550 1 0 1
-4.06659 -0.266337 800 0.136918 -0.136143 27.9993 10.4174 -13 4551 1 0 1
-3.52796 2.13336 800 -0.0665309 -0.119698 27.9997 10.4173 -13 4552 1 0 1
-3.84768 -2.71554 800 0.213625 -0.116596 27.9989 10.4174 -13 4553 1 0 1
-16.6246 -6.48639 800 0.256194 -0.513388 27.9941 10.4176 -13 4554 1 0 1
3.86942 -1.06892 800 0.0323727 0.0671421 27.9999 10.4173 -13 4555 1 0 1
1.4201 0.179296 800 -0.0307005 0.0337296 28 10.4173 -13 4556 1 0 1
11.1302 0.237757 800 -0.0336243 0.331403 27.998 10.4174 -13 4557 1 0 1
-2.20685 -7.37463 800 0.310765 -0.0839742 27.9981 10.4174 -13 4558 1 0 1
5.71886 4.20533 800 -0.158929 0.198254 27.9988 10.4173 -13 4559 1 0 1
12.9886 5.61314 800 -0.275511 0.441466 27.9952 10.4176 -13 4560 1 0 1
-10.4823 -3.24071 800 0.210069 -0.352219 27.997 10.4175 -13 4561 1 0 1
2.96421 0.478864 800 0.0591189 0.180525 27.9994 10.4174 -13 4562 1 0 1
13.4782 1.88168 800 -0.14042 0.467435 27.9957 10.4175 -13 4563 1 0 1
-9.43497 -8.61842 800 0.389136 -0.33629 27.9953 10.4176 -13 4564 1 0 1
6.55698 -3.33978 800 0.19949 0.200058 27.9986 10.4174 -13 4565 1 0 1
9.90777 3.2783 800 -0.268715 0.368016 27.9963 10.4176 -13 4566 1 0 1
-2.08277 0.234478 800 -0.0765631 -0.00233343 27.9999 10.4173 -13 4567 1 0 1
0.552422 3.50899 800 -0.10481 0.0176299 27.9998 10.4173 -13 4568 1 0 1
-4.48178 0.784565 800 0.0132352 -0.107089 27.9998 10.4173 -13 4569 1 0 1
-2.09116 -5.8608 800 0.166286 -0.148122 27.9991 10.4174 -13 4570 1 0 1
10.6332 0.871107 800 -0.156583 0.321833 27.9977 10.4174 -13 4571 1 0 1
5.22364 0.134559 800 -0.0234782 0.189763 27.9993 10.4173 -13 4572 1 0 1
2.21351 1.5235 800 -0.0300328 -0.00379259 28 10.4173 -13 4573 1 0 1
-1.5756 0.565428 800 -0.070602 -0.0621485 27.9998 10.4173 -13 4574 1 0 1
-5.58801 -0.709381 800 -0.0372144 -0.20012 27.9993 10.4174 -13 4575 1 0 1
8.27328 -0.781281 800 -0.0537036 0.281623 27.9985 10.4174 -13 4576 1 0 1
-2.73522 1.72951 800 -0.0438548 -0.155174 27.9995 10.4173 -13 4577 1 0 1
6.41751 0.662453 800 -0.0555438 0.261249 27.9987 10.4174 -13 4578 1 0 1
26.1063 2.8617 800 -0.271356 0.883781 27.9847 10.4182 -13 4579 1 0 1
1.82905 -2.40332 800 0.0410539 0.0812208 27.9999 10.4173 -13 4580 1 0 1
7.66257 6.24842 800 -0.344042 0.221587 27.997 10.4175 -13 4581 1 0 1
-4.1309 -0.114323 800 -0.0210135 -0.162706 27.9995 10.4173 -13 4582 1 0 1
22.8544 2.12655 800 -0.194748 0.720637 27.99 10.4179 -13 4583 1 0 1
1.15092 -2.83231 800 0.104616 -0.0056762 27.9998 10.4173 -13 4584 1 0 1
2.76623 -4.05351 800 0.141618 0.144504 27.9993 10.4173 -13 4585 1 0 1
13.0707 0.918289 800 -0.130392 0.40775 27.9967 10.4175 -13 4586 1 0 1
-13.8317 -6.28383 800 0.395971 -0.457557 27.9935 10.4177 -13 4587 1 0 1
4.62472 -0.0584034 800 0.0308915 0.158229 27.9995 10.4173 -13 4588 1 0 1
8.30086 1.5427 800 8.59967e-05 0.300729 27.9984 10.4174 -13 4589 1 0 1
-7.2752 -10.0991 800 0.46256 -0.251501 27.995 10.4176 -13 4590 1 0 1
9.53163 4.06048 800 -0.145274 0.382415 27.997 10.4175 -13 4591 1 0 1
25.4751 6.94418 800 -0.39021 0.923295 27.9821 10.4185 -13 4592 1 0 1
-7.07694 -3.50253 800 0.223199 -0.213176 27.9983 10.4174 -13 4593 1 0 1
-0.0291757 1.39817 800 -0.0749965 0.0155908 27.9999 10.4173 -13 4594 1 0 1
17.0053 11.9771 800 -0.542215 0.67129 27.9867 10.4183 -13 4595 1 0 1
-16.7904 -4.78739 800 0.290683 -0.495479 27.9941 10.4176 -13 4596 1 0 1
4.09678 0.818109 800 -0.062234 0.147849 27.9995 10.4173 -13 4597 1 0 1
1.74162 1.80412 800 -0.0312829 0.0698003 27.9999 10.4173 -13 4598 1 0 1
-5.64089 -3.82523 800 0.116953 -0.152494 27.9993 10.4173 -13 4599 1 0 1
13.846 1.9797 800 -0.0898283 0.460221 27.9961 10.4175 -13 4600 1 0 1
-19.3281 -9.74872 800 0.502616 -0.686173 27.9871 10.4182 -13 4601 1 0 1
-2.34079 2.02064 800 -0.147742 -0.160337 27.9992 10.4174 -13 4602 1 0 1
0.538288 4.06829 800 -0.125384 0.0200372 27.9997 10.4173 -13 4603 1 0 1
-3.75374 2.45744 800 -0.116757 -0.11763 27.9995 10.4173 -13 4604 1 0 1
16.1456 4.04712 800 -0.135887 0.549119 27.9943 10.4177 -13 4605 1 0 1
-6.08776 -2.39821 800 0.174494 -0.192016 27.9988 10.4173 -13 4606 1 0 1
-16.8845 -2.81639 800 0.22322 -0.529104 27.9941 10.4176 -13 4607 1 0 1
3.07628 1.04767 800 -0.0271945 0.179925 27.9994 10.4173 -13 4608 1 0 1
1.10812 -4.5406 800 0.188759 0.0993657 27.9992 10.4173 -13 4609 1 0 1
-8.02904 -0.787984 800 0.136913 -0.363865 27.9973 10.4175 -13 4610 1 0 1
-0.222035 -3.93629 800 0.141346 -0.0272787 27.9996 10.4173 -13 4611 1 0 1
-0.711278 -3.40849 800 0.162804 0.0160332 27.9995 10.4173 -13 4612 1 0 1
2.48737 -1.87377 800 0.10963 0.0584486 27.9997 10.4173 -13 4613 1 0 1
8.43262 3.48722 800 -0.247903 0.31869 27.9971 10.4175 -13 4614 1 0 1
17.1139 2.8335 800 -0.158686 0.657537 27.9918 10.4179 -13 4615 1 0 1
-13.0443 -1.90673 800 0.215834 -0.48921 27.9949 10.4176 -13 4616 1 0 1
5.67711 -8.15685 800 0.329732 0.208131 27.9973 10.4175 -13 4617 1 0 1
-0.907084 0.517784 800 0.00693626 -0.0261022 28 10.4173 -13 4618 1 0 1
3.53687 5.75027 800 -0.197374 0.207514 27.9985 10.4174 -13 4619 1 0 1
-9.22685 -6.60263 800 0.309133 -0.314835 27.9965 10.4175 -13 4620 1 0 1
4.35901 -2.4916 800 0.0925385 0.162603 27.9994 10.4173 -13 4621 1 0 1
-20.9832 -8.81624 800 0.455976 -0.631794 27.9892 10.4179 -13 4622 1 0 1
3.9209 3.65894 800 -0.222896 0.101841 27.9989 10.4174 -13 4623 1 0 1
-16.6724 -7.46228 800 0.41282 -0.595935 27.9906 10.4179 -13 4624 1 0 1
-7.92952 -2.6606 800 0.10836 -0.330996 27.9978 10.4174 -13 4625 1 0 1
-2.06586 0.103071 800 -0.0745885 -0.0561177 27.9998 10.4173 -13 4626 1 0 1
9.75187 0.73872 800 -0.0224393 0.397668 27.9972 10.4175 -13 4627 1 0 1
5.49499 3.76291 800 -0.144869 0.160331 27.9992 10.4173 -13 4628 1 0 1
6.45483 3.15997 800 -0.275581 0.138771 27.9983 10.4175 -13 4629 1 0 1
-0.22848 -4.0562 800 0.248339 -0.0423114 27.9989 10.4174 -13 4630 1 0 1
-2.47155 -1.93358 800 0.096507 -0.0268472 27.9998 10.4173 -13 4631 1 0 1
9.55306 1.65981 800 -0.161722 0.366121 27.9971 10.4175 -13 4632 1 0 1
0.934784 1.9172 800 -0.224463 -0.0261779 27.9991 10.4175 -13 4633 1 0 1
0.0815762 -3.40474 800 0.134458 0.020657 27.9997 10.4173 -13 4634 1 0 1
-5.08105 -6.04593 800 0.252615 -0.136753 27.9985 10.4174 -13 4635 1 0 1
-3.54122 -0.370015 800 0.108806 -0.108129 27.9996 10.4173 -13 4636 1 0 1
11.7322 9.63381 800 -0.374658 0.349877 27.9953 10.4176 -13 4637 1 0 1
4.89085 0.663419 800 -0.000963482 0.234852 27.999 10.4174 -13 4638 1 0 1
-0.243684 -3.35444 800 0.0840332 -0.0503208 27.9998 10.4173 -13 4639 1 0 1
-5.53691 1.6214 800 -0.0143927 -0.169349 27.9995 10.4173 -13 4640 1 0 1
-2.67314 4.91826 800 -0.122812 -0.0362152 27.9997 10.4173 -13 4641 1 0 1
2.296 1.64419 800 -0.00133017 0.0880429 27.9999 10.4173 -13 4642 1 0 1
-13.3765 -2.53954 800 0.304372 -0.408286 27.9954 10.4176 -13 4643 1 0 1
-0.237741 3.68446 800 -0.221531 -0.0486827 27.9991 10.4174 -13 4644 1 0 1
-9.61546 0.00506397 800 0.0635865 -0.365212 27.9975 10.4174 -13 4645 1 0 1
6.05325 2.68572 800 -0.103992 0.20911 27.999 10.4173 -13 4646 1 0 1
23.7231 4.75807 800 -0.365146 0.783833 27.9866 10.4181 -13 4647 1 0 1
6.38484 2.69905 800 -0.0975077 0.210029 27.999 10.4173 -13 4648 1 0 1
-1.84407 -1.8424 800 0.0868043 -0.138138 27.9995 10.4173 -13 4649 1 0 1
-5.07274 0.806506 800 0.033621 -0.180755 27.9994 10.4173 -13 4650 1 0 1
2.9158 -2.19521 800 0.01299 0.0704501 27.9999 10.4173 -13 4651 1 0 1
5.78087 4.97777 800 -0.246633 0.232677 27.9979 10.4174 -13 4652 1 0 1
-10.8003 -3.359 800 0.124049 -0.369814 27.9973 10.4174 -13 4653 1 0 1
7.79575 -0.901706 800 0.0834748 0.171932 27.9993 10.4174 -13 4654 1 0 1
-3.95198 -4.69208 800 0.251877 -0.174329 27.9983 10.4174 -13 4655 1 0 1
-6.20224 -5.15851 800 0.240245 -0.138895 27.9986 10.4174 -13 4656 1 0 1
14.8867 4.5571 800 -0.187387 0.427482 27.9961 10.4175 -13 4657 1 0 1
0.652671 -5.76246 800 0.23091 -0.0123884 27.999 10.4174 -13 4658 1 0 1
8.47686 3.53124 800 -0.278513 0.234453 27.9976 10.4175 -13 4659 1 0 1
11.6555 1.72703 800 -0.126656 0.457075 27.996 10.4176 -13 4660 1 0 1
-7.13666 -5.42236 800 0.197676 -0.285579 27.9978 10.4174 -13 4661 1 0 1
0.736134 1.91723 800 -0.137865 0.0604675 27.9996 10.4173 -13 4662 1 0 1
-18.7535 -6.67995 800 0.503348 -0.695345 27.9868 10.4183 -13 4663 1 0 1
-8.02577 0.660649 800 0.116263 -0.278249 27.9984 10.4174 -13 4664 1 0 1
-4.74372 -1.02731 800 0.146013 -0.144491 27.9992 10.4173 -13 4665 1 0 1
-3.49686 3.84556 800 -0.14125 -0.12559 27.9994 10.4173 -13 4666 1 0 1
7.20137 4.59403 800 -0.166797 0.334673 27.9975 10.4175 -13 4667 1 0 1
8.39402 8.08719 800 -0.352189 0.298026 27.9962 10.4175 -13 4668 1 0 1
-4.95979 -8.9587 800 0.375517 -0.16911 27.997 10.4175 -13 4669 1 0 1
9.90476 -0.0234391 800 0.0131577 0.303403 27.9984 10.4174 -13 4670 1 0 1
7.5471 -6.13333 800 0.132851 0.216675 27.9988 10.4173 -13 4671 1 0 1
3.47778 0.61703 800 -0.0892344 0.162493 27.9994 10.4173 -13 4672 1 0 1
-2.89704 -6.73835 800 0.217568 -0.0802675 27.999 10.4173 -13 4673 1 0 1
0.636978 -4.36414 800 0.00465587 0.0009426 28 10.4174 -13 4674 1 0 1
-0.366858 -0.235622 800 -0.0161237 0.0190584 28 10.4173 -13 4675 1 0 1
22.5789 3.74166 800 -0.283028 0.793252 27.9873 10.4181 -13 4676 1 0 1
16.1766 5.55726 800 -0.227947 0.557788 27.9935 10.4177 -13 4677 1 0 1
-2.20454 3.07963 800 -0.107473 -0.0337865 27.9998 10.4173 -13 4678 1 0 1
1.64289 5.15527 800 -0.294422 0.141357 27.9981 10.4175 -13 4679 1 0 1
-8.19796 -2.82672 800 0.266669 -0.250445 27.9976 10.4175 -13 4680 1 0 1
12.4586 4.49169 800 -0.319459 0.421563 27.995 10.4176 -13 4681 1 0 1
-2.44956 -2.34788 800 0.182199 -0.125049 27.9991 10.4174 -13 4682 1 0 1
-27.0267 -7.61486 800 0.365991 -1.00222 27.9797 10.4187 -13 4683 1 0 1
-4.31513 -1.05836 800 0.067072 -0.174995 27.9994 10.4173 -13 4684 1 0 1
-17.9277 -4.72459 800 0.223483 -0.570455 27.9933 10.4177 -13 4685 1 0 1
-0.808649 0.778806 800 0.0285082 -0.0330599 28 10.4173 -13 4686 1 0 1
-5.27215 1.7741 800 -0.0064295 -0.173497 27.9995 10.4173 -13 4687 1 0 1
2.52373 -2.20468 800 0.0554782 0.0846924 27.9998 10.4173 -13 4688 1 0 1
0.382509 -5.51042 800 0.265591 -0.00721068 27.9987 10.4174 -13 4689 1 0 1
8.40031 1.01252 800 -0.0652741 0.213011 27.9991 10.4173 -13 4690 1 0 1
3.58472 2.86925 800 -0.125217 0.123042 27.9994 10.4173 -13 4691 1 0 1
-4.46793 2.09119 800 0.018945 -0.145716 27.9996 10.4173 -13 4692 1 0 1
-14.9007 -2.92537 800 0.151989 -0.474481 27.9956 10.4175 -13 4693 1 0 1
3.39894 4.35793 800 -0.230043 0.138658 27.9987 10.4174 -13 4694 1 0 1
-2.28137 1.83765 800 -0.0308885 -0.148952 27.9996 10.4173 -13 4695 1 0 1
-14.1163 -2.75565 800 0.291443 -0.447856 27.9949 10.4176 -13 4696 1 0 1
-5.99784 -1.51429 800 0.177906 -0.243213 27.9984 10.4174 -13 4697 1 0 1
-7.46969 2.89339 800 0.0344209 -0.302113 27.9983 10.4174 -13 4698 1 0 1
0.884011 9.20398 800 -0.353077 -0.0196822 27.9978 10.4174 -13 4699 1 0 1
-16.1767 -3.54288 800 0.288208 -0.581663 27.9925 10.4178 -13 4700 1 0 1
-0.135361 4.40253 800 -0.16989 0.052219 27.9994 10.4173 -13 4701 1 0 1
-5.70897 -2.56466 800 0.159129 -0.132782 27.9992 10.4173 -13 4702 1 0 1
-10.1112 -3.34516 800 0.186672 -0.320535 27.9975 10.4174 -13 4703 1 0 1
-2.06422 2.15439 800 -0.0789617 -0.107716 27.9997 10.4173 -13 4704 1 0 1
-15.0111 -6.34555 800 0.265985 -0.557039 27.9932 10.4178 -13 4705 1 0 1
6.53137 -3.05619 800 0.177157 0.256494 27.9983 10.4174 -13 4706 1 0 1
-4.79511 -7.69645 800 0.303112 -0.124376 27.9981 10.4174 -13 4707 1 0 1
2.97553 4.24564 800 -0.191492 0.109278 27.9991 10.4173 -13 4708 1 0 1
1.31553 0.757743 800 -0.168293 0.0420578 27.9995 10.4174 -13 4709 1 0 1
-15.9062 -11.0362 800 0.554796 -0.47738 27.9904 10.4179 -13 4710 1 0 1
4.60938 6.80885 800 -0.354087 0.160958 27.9973 10.4175 -13 4711 1 0 1
-8.29059 1.24995 800 0.0255375 -0.274983 27.9986 10.4173 -13 4712 1 0 1
-13.2007 -3.61931 800 0.181276 -0.47455 27.9954 10.4176 -13 4713 1 0 1
-10.1514 -1.85817 800 0.0548506 -0.425551 27.9967 10.4176 -13 4714 1 0 1
1.92457 -6.88487 800 0.191783 0.0997866 27.9992 10.4173 -13 4715 1 0 1
-2.24669 -6.87136 800 0.236144 -0.151438 27.9986 10.4174 -13 4716 1 0 1
-7.59083 2.0261 800 0.0257823 -0.224927 27.9991 10.4173 -13 4717 1 0 1
-0.229609 3.43978 800 -0.177354 0.00367851 27.9994 10.4173 -13 4718 1 0 1
18.6324 5.84477 800 -0.350187 0.617021 27.991 10.4178 -13 4719 1 0 1
-6.51715 -5.24313 800 0.25721 -0.25482 27.9977 10.4174 -13 4720 1 0 1
-13.4357 -2.38447 800 0.195847 -0.515856 27.9946 10.4177 -13 4721 1 0 1
-12.7341 -3.90829 800 0.341341 -0.408354 27.9949 10.4177 -13 4722 1 0 1
-3.27467 -2.49976 800 0.145519 -0.1508 27.9992 10.4173 -13 4723 1 0 1
-14.7025 -2.98047 800 0.140552 -0.520594 27.9948 10.4176 -13 4724 1 0 1
1.89751 3.26291 800 -0.102798 0.210366 27.999 10.4175 -13 4725 1 0 1
-5.50475 -5.41465 800 0.253637 -0.176808 27.9983 10.4174 -13 4726 1 0 1
4.86164 0.692686 800 -0.061081 0.157356 27.9995 10.4173 -13 4727 1 0 1
2.65665 2.29362 800 -0.100643 0.0696619 27.9997 10.4173 -13 4728 1 0 1
-9.65414 -2.98045 800 0.249524 -0.364859 27.9965 10.4175 -13 4729 1 0 1
-6.37879 -5.28708 800 0.253485 -0.271697 27.9975 10.4175 -13 4730 1 0 1
-10.0451 -0.759728 800 0.129777 -0.339217 27.9976 10.4174 -13 4731 1 0 1
0.535983 3.59285 800 -0.0298197 -0.0140605 28 10.4173 -13 4732 1 0 1
15.7801 3.76796 800 -0.200298 0.582475 27.9932 10.4177 -13 4733 1 0 1
-0.687631 -0.55207 800 0.00108704 -0.0514199 28 10.4173 -13 4734 1 0 1
13.5723 3.21929 800 -0.188405 0.542032 27.9941 10.4177 -13 4735 1 0 1
5.22993 3.71811 800 -0.188986 0.167116 27.9989 10.4173 -13 4736 1 0 1
9.63516 2.67976 800 0.0053033 0.296529 27.9984 10.4175 -13 4737 1 0 1
12.0837 2.70284 800 -0.133097 0.452052 27.996 10.4175 -13 4738 1 0 1
-0.585815 3.63942 800 -0.194996 -0.0141802 27.9993 10.4173 -13 4739 1 0 1
15.7489 -1.57129 800 0.0516788 0.558798 27.9944 10.4177 -13 4740 1 0 1
6.59884 1.83075 800 -0.105404 0.259652 27.9986 10.4174 -13 4741 1 0 1
-10.2038 -0.00800629 800 0.131915 -0.3919 27.9969 10.4175 -13 4742 1 0 1
-11.9399 0.586361 800 -0.0289782 -0.32261 27.9981 10.4174 -13 4743 1 0 1
-11.8437 -3.57573 800 0.310391 -0.367263 27.9959 10.4176 -13 4744 1 0 1
6.10826 2.71023 800 -0.0728969 0.242164 27.9989 10.4174 -13 4745 1 0 1
-3.74122 0.22701 800 0.012087 -0.0714383 27.9999 10.4173 -13 4746 1 0 1
-6.41252 -5.44392 800 0.260425 -0.114983 27.9986 10.4174 -13 4747 1 0 1
-1.81202 1.75589 800 -0.0744831 -0.0899268 27.9998 10.4173 -13 4748 1 0 1
19.5672 10.5092 800 -0.453619 0.636271 27.9891 10.418 -13 4749 1 0 1
-13.4192 -8.5867 800 0.418655 -0.530841 27.9918 10.4179 -13 4750 1 0 1
0.16667 5.89555 800 -0.257932 -0.0399526 27.9988 10.4174 -13 4751 1 0 1
-1.7175 -2.56497 800 0.036325 0.00858779 28 10.4173 -13 4752 1 0 1
7.00011 1.7116 800 -0.0862198 0.163951 27.9994 10.4173 -13 4753 1 0 1
-6.81859 5.17488 800 -0.233269 -0.260115 27.9978 10.4175 -13 4754 1 0 1
19.1938 6.21251 800 -0.257063 0.656514 27.9911 10.4179 -13 4755 1 0 1
-2.66572 1.77093 800 -0.0338263 0.027585 28 10.4173 -13 4756 1 0 1
0.793971 -2.39314 800 0.0927156 0.0337114 27.9998 10.4173 -13 4757 1 0 1
-9.05904 0.209877 800 0.0686132 -0.2576 27.9987 10.4173 -13 4758 1 0 1
-3.59407 2.78005 800 -0.176607 -0.151822 27.999 10.4174 -13 4759 1 0 1
-9.07029 0.279066 800 -0.0207837 -0.29087 27.9985 10.4174 -13 4760 1 0 1
2.1792 -5.46338 800 0.193885 0.092629 27.9992 10.4173 -13 4761 1 0 1
-17.6904 -7.91337 800 0.451895 -0.536492 27.9912 10.4178 -13 4762 1 0 1
2.07152 1.22967 800 -0.0370153 0.166863 27.9995 10.4174 -13 4763 1 0 1
3.79396 -0.820983 800 0.0260077 0.136612 27.9997 10.4173 -13 4764 1 0 1
-5.11522 -1.60226 800 0.0407222 -0.191187 27.9993 10.4173 -13 4765 1 0 1
-0.209987 7.79678 800 -0.373911 3.49789e-05 27.9975 10.4175 -13 4766 1 0 1
-4.15874 -2.49048 800 0.209123 -0.120369 27.999 10.4174 -13 4767 1 0 1
-1.7991 2.77483 800 -0.163899 0.0670699 27.9994 10.4174 -13 4768 1 0 1
2.05852 -3.33754 800 0.0598629 0.144254 27.9996 10.4173 -13 4769 1 0 1
18.049 7.90114 800 -0.358623 0.603905 27.9912 10.4178 -13 4770 1 0 1
-12.8872 -0.955612 800 0.0511968 -0.408353 27.997 10.4175 -13 4771 1 0 1
-1.38282 3.96882 800 -0.162754 0.0577064 27.9995 10.4174 -13 4772 1 0 1
3.90453 2.53217 800 -0.163142 0.160782 27.9991 10.4173 -13 4773 1 0 1
20.3817 2.28705 800 -0.184094 0.710612 27.9904 10.4179 -13 4774 1 0 1
2.71853 -4.20802 800 0.114597 0.181426 27.9992 10.4173 -13 4775 1 0 1
4.57026 5.03262 800 -0.157846 0.188695 27.9989 10.4174 -13 4776 1 0 1
-9.63931 -1.20928 800 -0.0480736 -0.392635 27.9972 10.4176 -13 4777 1 0 1
-0.123582 0.577437 800 -0.0403352 -0.0547075 27.9999 10.4173 -13 4778 1 0 1
-2.49616 -4.40962 800 0.108641 -0.105125 27.9996 10.4173 -13 4779 1 0 1
15.6359 8.47829 800 -0.497598 0.45382 27.9919 10.4178 -13 4780 1 0 1
-6.72048 -2.97679 800 0.108609 -0.124819 27.9995 10.4173 -13 4781 1 0 1
-11.3288 -5.08244 800 0.155205 -0.384349 27.9969 10.4175 -13 4782 1 0 1
-5.69576 -4.53137 800 0.141449 -0.137813 27.9993 10.4173 -13 4783 1 0 1
10.2158 2.43549 800 -0.0469005 0.339687 27.9979 10.4174 -13 4784 1 0 1
1.31036 2.1222 800 -0.116932 0.048548 27.9997 10.4173 -13 4785 1 0 1
-1.16109 -5.55937 800 0.186369 -0.111813 27.9992 10.4174 -13 4786 1 0 1
9.01621 3.97433 800 -0.177586 0.399336 27.9966 10.4176 -13 4787 1 0 1
-0.803686 -2.11773 800 0.210542 -0.0430578 27.9992 10.4174 -13 4788 1 0 1
-19.1768 -2.32188 800 0.19876 -0.605559 27.9927 10.4177 -13 4789 1 0 1
-3.58014 -1.09921 800 0.069608 -0.082238 27.9998 10.4173 -13 4790 1 0 1
8.23221 1.98203 800 -0.104769 0.3189 27.998 10.4174 -13 4791 1 0 1
-5.29004 -3.77671 800 0.0843243 -0.235615 27.9989 10.4174 -13 4792 1 0 1
2.88462 -3.9964 800 0.191794 0.173756 27.9988 10.4174 -13 4793 1 0 1
-7.26284 -5.22437 800 0.239027 -0.342761 27.9969 10.4176 -13 4794 1 0 1
2.92088 1.21926 800 -0.149634 0.109319 27.9994 10.4173 -13 4795 1 0 1
-3.06344 -1.96225 800 0.0378098 -0.152415 27.9996 10.4173 -13 4796 1 0 1
5.31925 0.339154 800 0.00693942 0.241399 27.999 10.4174 -13 4797 1 0 1
-4.81218 -1.36471 800 0.0331963 -0.301902 27.9984 10.4175 -13 4798 1 0 1
-2.56859 -0.582953 800 -0.0263859 -0.162848 27.9995 10.4173 -13 4799 1 0 1
8.05836 7.59165 800 -0.416542 0.235282 27.9959 10.4176 -13 4800 1 0 1
3.36904 4.71049 800 -0.214386 0.125632 27.9989 10.4173 -13 4801 1 0 1
8.51606 2.49249 800 -0.210935 0.271819 27.9979 10.4174 -13 4802 1 0 1
5.60853 3.36369 800 -0.146741 0.280428 27.9982 10.4174 -13 4803 1 0 1
-9.171 -4.40925 800 0.160929 -0.371854 27.9971 10.4175 -13 4804 1 0 1
-7.31872 -5.32517 800 0.319944 -0.186504 27.9976 10.4175 -13 4805 1 0 1
20.2354 3.63052 800 -0.248182 0.770984 27.9883 10.4181 -13 4806 1 0 1
1.31941 3.6296 800 -0.103617 0.0695417 27.9997 10.4173 -13 4807 1 0 1
-4.60883 -3.34719 800 0.0541126 -0.188166 27.9993 10.4174 -13 4808 1 0 1
26.8996 1.42533 800 -0.242781 0.891642 27.9847 10.4182 -13 4809 1 0 1
1.38495 1.00741 800 0.05177 0.0867251 27.9998 10.4173 -13 4810 1 0 1
18.0691 0.499473 800 -0.19725 0.594227 27.993 10.4177 -13 4811 1 0 1
-8.56664 -5.18147 800 0.24604 -0.241228 27.9979 10.4174 -13 4812 1 0 1
19.5742 7.09858 800 -0.359167 0.652964 27.9901 10.4179 -13 4813 1 0 1
-2.78608 2.14488 800 -0.0758462 -0.136461 27.9996 10.4173 -13 4814 1 0 1
-13.5625 -6.93939 800 0.354316 -0.475647 27.9937 10.4177 -13 4815 1 0 1
-10.0466 -3.76872 800 0.223034 -0.334884 27.9971 10.4174 -13 4816 1 0 1
-9.2193 0.200867 800 0.0710325 -0.385004 27.9973 10.4175 -13 4817 1 0 1
-9.79001 -2.13576 800 0.0704993 -0.407434 27.9969 10.4175 -13 4818 1 0 1
3.28185 5.39754 800 -0.316029 0.173637 27.9977 10.4175 -13 4819 1 0 1
1.04212 0.824087 800 -0.0118142 -0.0317171 28 10.4173 -13 4820 1 0 1
5.00565 2.01625 800 -0.0869171 0.271421 27.9985 10.4174 -13 4821 1 0 1
9.3175 -1.07719 800 -0.0824089 0.414095 27.9968 10.4175 -13 4822 1 0 1
-5.62329 -2.58977 800 0.187455 -0.190592 27.9987 10.4174 -13 4823 1 0 1
-12.7229 -6.22534 800 0.24333 -0.305697 27.9973 10.4175 -13 4824 1 0 1
-10.6075 -5.5886 800 0.3253 -0.367935 27.9957 10.4176 -13 4825 1 0 1
8.80015 0.744344 800 -0.0945952 0.211419 27.999 10.4173 -13 4826 1 0 1
-3.5745 -3.49219 800 0.105473 -0.0930536 27.9996 10.4173 -13 4827 1 0 1
0.720039 1.73057 800 -0.178687 0.0617891 27.9994 10.4174 -13 4828 1 0 1
1.23793 4.90643 800 -0.265236 -0.00254367 27.9987 10.4174 -13 4829 1 0 1
-6.19774 0.766502 800 -0.0153565 -0.18275 27.9994 10.4173 -13 4830 1 0 1
1.58269 -0.221344 800 -0.0459449 0.0972567 27.9998 10.4173 -13 4831 1 0 1
-10.7659 -9.6128 800 0.389932 -0.475022 27.9933 10.4179 -13 4832 1 0 1
10.7048 -0.951443 800 0.0134527 0.342566 27.9979 10.4174 -13 4833 1 0 1
-4.22004 -6.76838 800 0.29211 -0.117343 27.9982 10.4174 -13 4834 1 0 1
16.3704 5.92853 800 -0.300047 0.566741 27.9927 10.4177 -13 4835 1 0 1
-1.89073 0.602862 800 0.0438074 -0.00869878 28 10.4173 -13 4836 1 0 1
1.07084 -0.166574 800 0.0227536 0.0577878 27.9999 10.4173 -13 4837 1 0 1
6.98475 1.26127 800 -0.00926078 0.322881 27.9981 10.4175 -13 4838 1 0 1
0.848608 -3.92278 800 0.175303 0.0103531 27.9994 10.4173 -13 4839 1 0 1
6.00084 2.71146 800 -0.101323 0.261414 27.9986 10.4174 -13 4840 1 0 1
-0.605013 2.71989 800 -0.000796267 -0.125043 27.9997 10.4173 -13 4841 1 0 1
5.98005 0.651254 800 -0.0748948 0.195569 27.9992 10.4173 -13 4842 1 0 1
-13.1146 -2.48897 800 0.27638 -0.4982 27.9942 10.4177 -13 4843 1 0 1
-7.92114 3.09107 800 -0.0891224 -0.298633 27.9983 10.4174 -13 4844 1 0 1
-0.700737 -3.25012 800 0.109669 0.0573509 27.9997 10.4173 -13 4845 1 0 1
13.9759 5.17302 800 -0.430519 0.548532 27.9913 10.4181 -13 4846 1 0 1
9.6208 1.14952 800 -0.170184 0.422944 27.9963 10.4176 -13 4847 1 0 1
0.0707117 -1.17469 800 0.146087 -0.022568 27.9996 10.4173 -13 4848 1 0 1
-5.78644 -6.11724 800 0.295484 -0.193506 27.9978 10.4174 -13 4849 1 0 1
4.15401 0.233654 800 -0.0806049 0.189403 27.9992 10.4173 -13 4850 1 0 1
-26.1113 -4.72458 800 0.271795 -0.876498 27.985 10.4182 -13 4851 1 0 1
-4.44478 -6.80744 800 0.209815 -0.187666 27.9986 10.4174 -13 4852 1 0 1
-0.30647 6.46821 800 -0.239305 -0.0365751 27.999 10.4173 -13 4853 1 0 1
17.7797 9.55651 800 -0.430263 0.615779 27.9899 10.4179 -13 4854 1 0 1
3.50164 0.295549 800 -0.0310711 0.0751381 27.9999 10.4173 -13 4855 1 0 1
-4.90092 0.721879 800 -0.0273545 -0.103889 27.9998 10.4173 -13 4856 1 0 1
-3.10764 -5.23669 800 0.286882 -0.20308 27.9978 10.4175 -13 4857 1 0 1
-8.96339 3.58754 800 -0.0975021 -0.25176 27.9987 10.4174 -13 4858 1 0 1
9.58416 7.48408 800 -0.320519 0.236251 27.9972 10.4174 -13 4859 1 0 1
-12.189 -4.96229 800 0.206409 -0.516698 27.9945 10.4177 -13 4860 1 0 1
-0.401266 -8.88432 800 0.387594 -0.0583845 27.9973 10.4175 -13 4861 1 0 1
-4.03073 -0.219565 800 0.0218825 -0.104987 27.9998 10.4173 -13 4862 1 0 1
-11.968 -9.25602 800 0.424233 -0.338986 27.9947 10.4176 -13 4863 1 0 1
11.6576 3.12147 800 -0.192637 0.454796 27.9956 10.4176 -13 4864 1 0 1
15.0208 -0.425712 800 0.00785226 0.538957 27.9948 10.4176 -13 4865 1 0 1
-1.17011 2.16624 800 -0.0697031 0.000651019 27.9999 10.4173 -13 4866 1 0 1
-14.0916 -2.00719 800 0.20998 -0.475303 27.9952 10.4176 -13 4867 1 0 1
9.2089 2.82346 800 -0.136577 0.293501 27.9981 10.4174 -13 4868 1 0 1
9.07892 6.05205 800 -0.328089 0.254861 27.9969 10.4175 -13 4869 1 0 1
-14.5594 -0.71953 800 0.10632 -0.614309 27.9931 10.4178 -13 4870 1 0 1
-21.3261 -7.98372 800 0.405711 -0.805855 27.9855 10.4183 -13 4871 1 0 1
2.81344 -1.23173 800 0.00370198 0.106829 27.9998 10.4173 -13 4872 1 0 1
-3.38614 -8.94869 800 0.280281 -0.0980833 27.9984 10.4174 -13 4873 1 0 1
-0.0523201 4.27343 800 -0.1958 -0.0570173 27.9993 10.4173 -13 4874 1 0 1
-3.41961 4.51441 800 -0.0974087 -0.0217829 27.9998 10.4173 -13 4875 1 0 1
3.66807 4.16733 800 -0.154931 0.144219 27.9992 10.4173 -13 4876 1 0 1
1.00975 2.69127 800 -0.134288 0.0289171 27.9997 10.4173 -13 4877 1 0 1
-10.7651 -6.36071 800 0.28555 -0.379051 27.996 10.4175 -13 4878 1 0 1
8.43074 0.443012 800 -0.110258 0.302119 27.9982 10.4174 -13 4879 1 0 1
-7.15787 -4.38471 800 0.19836 -0.325471 27.9974 10.4175 -13 4880 1 0 1
5.1613 -6.2081 800 0.166588 0.24058 27.9985 10.4174 -13 4881 1 0 1
-16.7474 -9.03252 800 0.435921 -0.623584 27.9897 10.418 -13 4882 1 0 1
-4.08988 -4.57108 800 0.243976 -0.131537 27.9986 10.4174 -13 4883 1 0 1
10.2234 4.01006 800 -0.343615 0.373698 27.9954 10.4177 -13 4884 1 0 1
6.61436 -4.36956 800 0.107871 0.288414 27.9983 10.4174 -13 4885 1 0 1
5.81396 -1.52026 800 0.0556614 0.172436 27.9994 10.4173 -13 4886 1 0 1
14.3243 3.04987 800 -0.1056 0.423333 27.9966 10.4175 -13 4887 1 0 1
-3.68957 -1.29659 800 0.0966472 -0.128329 27.9995 10.4173 -13 4888 1 0 1
4.45697 4.53742 800 -0.211322 0.145722 27.9988 10.4173 -13 4889 1 0 1
10.7016 3.84331 800 -0.154434 0.484068 27.9954 10.4177 -13 4890 1 0 1
-20.016 -8.48355 800 0.427021 -0.596174 27.9904 10.4179 -13 4891 1 0 1
-4.10643 3.46806 800 -0.108771 -0.147666 27.9994 10.4173 -13 4892 1 0 1
2.61328 0.451173 800 -0.0572953 0.011863 27.9999 10.4173 -13 4893 1 0 1
4.16874 -1.16661 800 0.0487858 0.117742 27.9997 10.4173 -13 4894 1 0 1
10.9809 6.71502 800 -0.220626 0.353076 27.9969 10.4175 -13 4895 1 0 1
-12.4393 -2.95756 800 0.0771565 -0.375114 27.9974 10.4175 -13 4896 1 0 1
6.50929 1.98063 800 -0.141971 0.238601 27.9986 10.4174 -13 4897 1 0 1
-8.86077 -5.78987 800 0.284018 -0.208466 27.9978 10.4174 -13 4898 1 0 1
-7.69232 5.2533 800 -0.240781 -0.287708 27.9975 10.4175 -13 4899 1 0 1
19.5508 6.93373 800 -0.377707 0.682837 27.9891 10.418 -13 4900 1 0 1
-2.60439 -1.58931 800 0.09906 0.017772 27.9998 10.4173 -13 4901 1 0 1
-3.62407 -2.51872 800 0.103862 -0.132176 27.9995 10.4173 -13 4902 1 0 1
16.6175 7.02961 800 -0.27971 0.590538 27.9924 10.4178 -13 4903 1 0 1
1.72634 0.144647 800 0.0936 0.147993 27.9995 10.4174 -13 4904 1 0 1
2.6487 -5.54842 800 0.222955 0.123636 27.9988 10.4173 -13 4905 1 0 1
5.38315 -3.53346 800 0.0603516 0.181232 27.9993 10.4173 -13 4906 1 0 1
0.310279 -0.28283 800 0.103377 -0.00765704 27.9998 10.4173 -13 4907 1 0 1
0.984783 1.02723 800 -0.164212 0.0733736 27.9994 10.4174 -13 4908 1 0 1
15.5676 5.49669 800 -0.32415 0.497522 27.9937 10.4177 -13 4909 1 0 1
-1.40504 -1.87911 800 0.0267704 0.0257562 28 10.4173 -13 4910 1 0 1
2.38151 -4.59991 800 0.146107 0.135169 27.9993 10.4173 -13 4911 1 0 1
1.51017 -6.0511 800 0.305631 0.171986 27.9978 10.4175 -13 4912 1 0 1
4.33835 2.44156 800 -0.0991341 0.196167 27.9991 10.4173 -13 4913 1 0 1
3.2023 0.975505 800 -0.0264423 0.0911443 27.9998 10.4173 -13 4914 1 0 1
-15.4821 -5.3009 800 0.239372 -0.555096 27.9935 10.4177 -13 4915 1 0 1
-8.48545 -4.95635 800 0.178876 -0.34583 27.9973 10.4175 -13 4916 1 0 1
-14.096 0.223655 800 0.104818 -0.512667 27.9951 10.4176 -13 4917 1 0 1
7.39974 1.56703 800 -0.176649 0.308462 27.9977 10.4175 -13 4918 1 0 1
-3.75671 -2.50323 800 0.0478922 -0.0439555 27.9999 10.4173 -13 4919 1 0 1
-10.6205 -7.42762 800 0.376216 -0.393111 27.9947 10.4177 -13 4920 1 0 1
0.51619 7.42736 800 -0.373247 -0.0288209 27.9975 10.4175 -13 4921 1 0 1
2.24275 4.59013 800 -0.143578 0.0565168 27.9996 10.4173 -13 4922 1 0 1
-12.7823 -7.09718 800 0.316145 -0.470902 27.9943 10.4177 -13 4923 1 0 1
7.99394 2.14384 800 -0.0964641 0.266523 27.9986 10.4173 -13 4924 1 0 1
8.04932 2.53209 800 -0.109813 0.240862 27.9987 10.4173 -13 4925 1 0 1
-14.9468 -4.81998 800 0.216186 -0.457417 27.9954 10.4175 -13 4926 1 0 1
14.982 -1.32659 800 -0.0411368 0.525381 27.995 10.4176 -13 4927 1 0 1
11.6184 2.39719 800 -0.219748 0.428998 27.9959 10.4176 -13 4928 1 0 1
-8.7495 -1.33509 800 0.00574506 -0.362584 27.9977 10.4175 -13 4929 1 0 1
0.650236 3.03138 800 -0.154014 0.0982553 27.9994 10.4174 -13 4930 1 0 1
-20.3699 -6.64808 800 0.224567 -0.704806 27.9902 10.418 -13 4931 1 0 1
16.0127 9.58971 800 -0.519401 0.497924 27.9908 10.4179 -13 4932 1 0 1
-5.19042 3.51886 800 -0.137408 -0.191531 27.999 10.4173 -13 4933 1 0 1
11.5188 2.81929 800 -0.120006 0.346899 27.9976 10.4174 -13 4934 1 0 1
5.24734 1.78109 800 -0.0631241 0.19064 27.9993 10.4173 -13 4935 1 0 1
-25.6847 -1.33525 800 0.157507 -0.840997 27.9869 10.4181 -13 4936 1 0 1
-11.1045 -1.91414 800 0.142668 -0.38963 27.9969 10.4175 -13 4937 1 0 1
-7.41417 -0.125023 800 0.0476728 -0.196651 27.9993 10.4173 -13 4938 1 0 1
7.01143 7.88709 800 -0.392007 0.299981 27.9956 10.4177 -13 4939 1 0 1
5.23057 3.99328 800 -0.119757 0.222129 27.9989 10.4174 -13 4940 1 0 1
-6.35227 -1.20662 800 0.0343948 -0.237708 27.999 10.4173 -13 4941 1 0 1
-15.5957 -3.70849 800 0.179561 -0.556519 27.9939 10.4177 -13 4942 1 0 1
-5.57887 -4.39809 800 0.109357 -0.197341 27.9991 10.4173 -13 4943 1 0 1
-0.464803 0.0841864 800 0.050299 -0.0660582 27.9999 10.4173 -13 4944 1 0 1
4.68452 -1.67432 800 0.0637757 0.247 27.9988 10.4174 -13 4945 1 0 1
-12.075 -4.66657 800 0.236518 -0.3541 27.9968 10.4175 -13 4946 1 0 1
0.884707 -4.29587 800 0.15098 -0.0423057 27.9996 10.4173 -13 4947 1 0 1
6.00512 4.30613 800 -0.199557 0.247406 27.9982 10.4174 -13 4948 1 0 1
9.10502 0.0149291 800 -0.0429275 0.366713 27.9976 10.4174 -13 4949 1 0 1
-0.298424 2.10551 800 -0.0381984 0.0156697 28 10.4173 -13 4950 1 0 1
2.84434 -1.85573 800 0.10353 0.102904 27.9996 10.4173 -13 4951 1 0 1
-12.8013 -4.72853 800 0.30693 -0.510316 27.9937 10.4178 -13 4952 1 0 1
0.156038 3.48872 800 -0.168677 0.09362 27.9993 10.4174 -13 4953 1 0 1
-10.3492 7.68092 800 -0.30893 -0.389865 27.9956 10.4176 -13 4954 1 0 1
-5.80101 -1.66985 800 0.0887204 -0.234544 27.9989 10.4173 -13 4955 1 0 1
8.63576 2.2534 800 -0.0912371 0.351361 27.9976 10.4174 -13 4956 1 0 1
-10.488 -2.13599 800 0.11094 -0.271318 27.9985 10.4174 -13 4957 1 0 1
-6.87331 2.62972 800 -0.119182 -0.279117 27.9984 10.4174 -13 4958 1 0 1
5.97767 -5.02214 800 0.157747 0.311285 27.9978 10.4174 -13 4959 1 0 1
-5.27102 1.21217 800 -0.0113111 -0.254351 27.9988 10.4174 -13 4960 1 0 1
3.35445 -0.736291 800 0.0473109 0.203975 27.9992 10.4174 -13 4961 1 0 1
15.5704 8.43093 800 -0.465274 0.545558 27.9908 10.4179 -13 4962 1 0 1
-3.9927 2.82784 800 -0.0793301 -0.169832 27.9994 10.4173 -13 4963 1 0 1
13.3304 2.61954 800 -0.134988 0.510298 27.995 10.4176 -13 4964 1 0 1
9.12028 2.53033 800 -0.16876 0.352553 27.9973 10.4175 -13 4965 1 0 1
1.92349 1.16699 800 -0.0411373 0.0539399 27.9999 10.4173 -13 4966 1 0 1
-3.12511 3.20555 800 -0.107856 -0.0373897 27.9998 10.4173 -13 4967 1 0 1
-1.09585 1.89086 800 0.0388673 -0.00669567 28 10.4173 -13 4968 1 0 1
-6.36346 -4.46708 800 0.284368 -0.180826 27.998 10.4174 -13 4969 1 0 1
8.7556 3.44767 800 -0.165976 0.286209 27.998 10.4174 -13 4970 1 0 1
13.7472 1.31962 800 -0.0302789 0.416763 27.9969 10.4175 -13 4971 1 0 1
1.20781 -0.268843 800 -0.000876143 0.0185398 28 10.4173 -13 4972 1 0 1
-23.2701 -10.2931 800 0.432507 -0.765844 27.9862 10.4182 -13 4973 1 0 1
10.4047 8.9775 800 -0.315958 0.348486 27.996 10.4175 -13 4974 1 0 1
-11.632 -2.44953 800 0.199129 -0.44609 27.9957 10.4176 -13 4975 1 0 1
-12.042 -0.00210853 800 0.029855 -0.424449 27.9968 10.4175 -13 4976 1 0 1
7.44851 0.418263 800 -0.0202586 0.252501 27.9989 10.4173 -13 4977 1 0 1
-15.9327 -4.11582 800 0.259262 -0.562957 27.9931 10.4177 -13 4978 1 0 1
5.92906 -2.27951 800 0.0543758 0.176161 27.9994 10.4173 -13 4979 1 0 1
7.19319 0.197413 800 -0.0340189 0.265082 27.9987 10.4173 -13 4980 1 0 1
3.90116 9.01835 800 -0.269483 0.213453 27.9979 10.4175 -13 4981 1 0 1
7.26584 4.91279 800 -0.243014 0.25475 27.9978 10.4174 -13 4982 1 0 1
4.52902 -0.71724 800 0.0134214 0.261041 27.9988 10.4174 -13 4983 1 0 1
-2.76263 0.185933 800 0.153663 -0.101703 27.9994 10.4174 -13 4984 1 0 1
5.42645 6.87549 800 -0.322608 0.208846 27.9974 10.4175 -13 4985 1 0 1
-3.20861 3.65581 800 -0.207689 -0.146358 27.9988 10.4174 -13 4986 1 0 1
7.78345 3.23424 800 -0.213274 0.244135 27.9981 10.4174 -13 4987 1 0 1
1.6739 -4.79412 800 0.118782 0.0211398 27.9997 10.4173 -13 4988 1 0 1
7.30909 3.53535 800 -0.268624 0.334389 27.9967 10.4176 -13 4989 1 0 1
-13.8991 -4.92787 800 0.101122 -0.480091 27.9957 10.4177 -13 4990 1 0 1
7.0827 3.29469 800 -0.179475 0.158125 27.999 10.4173 -13 4991 1 0 1
1.98819 -2.76324 800 0.0564903 0.0830869 27.9998 10.4173 -13 4992 1 0 1
5.4671 -2.55778 800 0.216136 0.158953 27.9987 10.4175 -13 4993 1 0 1
-12.3142 -2.42297 800 0.103827 -0.449918 27.9962 10.4175 -13 4994 1 0 1
1.86342 4.20952 800 -0.0947442 -0.0230425 27.9998 10.4173 -13 4995 1 0 1
-14.5469 -5.04611 800 0.316248 -0.408142 27.9952 10.4176 -13 4996 1 0 1
16.5444 7.95058 800 -0.391238 0.585065 27.9912 10.4179 -13 4997 1 0 1
-15.2847 -0.395919 800 0.0241136 -0.516442 27.9952 10.4176 -13 4998 1 0 1
3.25004 -2.33267 800 0.0913529 0.120622 27.9996 10.4173 -13 4999 1 0 1
-4.27951 -0.723958 800 0.0359352 -0.123293 27.9997 10.4173 -13 5000 1 0 1
-9.64248 -1.90261 800 0.179888 -0.340781 27.9973 10.4174 -13 5001 1 0 1
-2.35083 -1.50439 800 0.0717397 -0.149152 27.9995 10.4173 -13 5002 1 0 1
-5.53888 -2.33692 800 0.0461382 -0.0950781 27.9998 10.4173 -13 5003 1 0 1
-16.2374 -1.65587 800 0.192335 -0.548188 27.994 10.4176 -13 5004 1 0 1
14.6796 -2.06056 800 0.0199723 0.561258 27.9944 10.4176 -13 5005 1 0 1
-12.3756 -4.94646 800 0.303318 -0.420246 27.9952 10.4176 -13 5006 1 0 1
14.9199 0.673594 800 -0.109998 0.530468 27.9948 10.4176 -13 5007 1 0 1
-4.8519 -5.94735 800 0.23545 -0.285117 27.9976 10.4176 -13 5008 1 0 1
-6.59943 -1.01068 800 0.133359 -0.285509 27.9982 10.4174 -13 5009 1 0 1
12.6621 -0.778122 800 0.0282533 0.51241 27.9953 10.4176 -13 5010 1 0 1
7.46599 8.75764 800 -0.45779 0.303631 27.9946 10.4178 -13 5011 1 0 1
8.08927 1.12483 800 -0.115038 0.222139 27.9989 10.4173 -13 5012 1 0 1
-13.9383 2.22746 800 0.0463567 -0.326392 27.9981 10.4175 -13 5013 1 0 1
15.8505 -0.850017 800 0.0541321 0.605831 27.9934 10.4178 -13 5014 1 0 1
-21.5857 -7.40918 800 0.415538 -0.749124 27.9869 10.4181 -13 5015 1 0 1
12.8919 9.03078 800 -0.335947 0.459012 27.9942 10.4177 -13 5016 1 0 1
-2.92531 5.64596 800 -0.0868628 -0.0878434 27.9997 10.4173 -13 5017 1 0 1
-8.93026 -1.37378 800 0.120574 -0.350205 27.9976 10.4174 -13 5018 1 0 1
-0.935734 -5.34963 800 0.176578 -0.0635024 27.9994 10.4173 -13 5019 1 0 1
1.58922 -1.65152 800 0.0210634 0.00902642 28 10.4173 -13 5020 1 0 1
-10.8326 -4.62415 800 0.160162 -0.360441 27.9972 10.4175 -13 5021 1 0 1
-12.6414 -4.70724 800 0.193217 -0.415918 27.9962 10.4175 -13 5022 1 0 1
-1.82953 -0.485803 800 -0.00998679 -0.0902153 27.9999 10.4173 -13 5023 1 0 1
0.45758 5.87308 800 -0.27038 0.0417998 27.9987 10.4174 -13 5024 1 0 1
17.2836 4.01911 800 -0.295112 0.575232 27.9925 10.4177 -13 5025 1 0 1
9.8031 -1.61231 800 0.0319597 0.354621 27.9977 10.4174 -13 5026 1 0 1
0.551766 1.61917 800 0.000928816 0.0144389 28 10.4173 -13 5027 1 0 1
13.8141 5.25797 800 -0.323591 0.467992 27.9942 10.4177 -13 5028 1 0 1
14.7565 -2.23081 800 -0.0672666 0.449816 27.9963 10.4175 -13 5029 1 0 1
6.84776 5.33968 800 -0.191717 0.317451 27.9975 10.4175 -13 5030 1 0 1
-1.09198 0.78775 800 -0.173443 -0.0769415 27.9994 10.4174 -13 5031 1 0 1
-5.42776 -5.09246 800 0.197478 -0.243666 27.9982 10.4174 -13 5032 1 0 1
17.5381 8.15917 800 -0.333696 0.629922 27.9909 10.4179 -13 5033 1 0 1
-3.32645 -1.26536 800 0.113844 -0.126911 27.9995 10.4173 -13 5034 1 0 1
0.11324 -1.26819 800 0.13464 0.00441758 27.9997 10.4173 -13 5035 1 0 1
20.4529 4.20718 800 -0.272867 0.64709 27.9912 10.4178 -13 5036 1 0 1
0.920919 -3.08853 800 0.0704985 0.0445952 27.9999 10.4173 -13 5037 1 0 1
-15.6999 -6.11235 800 0.356892 -0.566868 27.992 10.4178 -13 5038 1 0 1
0.779825 -3.91151 800 0.185549 0.00732603 27.9994 10.4173 -13 5039 1 0 1
11.8681 3.50998 800 -0.228413 0.352411 27.9969 10.4175 -13 5040 1 0 1
5.91674 1.67646 800 -0.0339124 0.135836 27.9996 10.4173 -13 5041 1 0 1
2.64351 2.36388 800 -0.153376 0.0710888 27.9995 10.4173 -13 5042 1 0 1
-4.63475 -0.420506 800 -0.00926778 -0.161632 27.9995 10.4173 -13 5043 1 0 1
-3.75931 -1.61779 800 0.0201404 -0.217223 27.9992 10.4174 -13 5044 1 0 1
2.15374 -0.25412 800 0.0148038 0.1166 27.9998 10.4173 -13 5045 1 0 1
-14.8326 -4.59815 800 0.285583 -0.576724 27.9926 10.4178 -13 5046 1 0 1
17.739 2.76455 800 -0.245281 0.573066 27.9931 10.4177 -13 5047 1 0 1
-8.92773 -2.98077 800 0.0890058 -0.351981 27.9976 10.4175 -13 5048 1 0 1
-14.555 -6.8854 800 0.345668 -0.549038 27.9925 10.4178 -13 5049 1 0 1
2.00687 0.388741 800 -0.0641031 0.0501001 27.9999 10.4173 -13 5050 1 0 1
6.07579 1.37734 800 -0.142996 0.169023 27.9991 10.4173 -13 5051 1 0 1
10.459 3.184 800 -0.151857 0.353872 27.9974 10.4174 -13 5052 1 0 1
14.2307 -1.08285 800 0.0641727 0.437046 27.9965 10.4175 -13 5053 1 0 1
-8.72176 -1.37862 800 0.101734 -0.30323 27.9982 10.4174 -13 5054 1 0 1
1.2722 -3.39597 800 0.128001 -0.0244409 27.9997 10.4173 -13 5055 1 0 1
-26.083 1.46366 800 0.0393915 -0.893437 27.9857 10.4182 -13 5056 1 0 1
2.28654 -1.07599 800 0.0120893 0.153189 27.9996 10.4173 -13 5057 1 0 1
-1.69717 -1.16101 800 0.0921738 0.0708092 27.9998 10.4174 -13 5058 1 0 1
15.9685 5.33645 800 -0.221496 0.515965 27.9944 10.4176 -13 5059 1 0 1
-11.6481 0.2482 800 0.0459686 -0.418021 27.9968 10.4175 -13 5060 1 0 1
-7.45524 -1.74247 800 0.117207 -0.201777 27.999 10.4173 -13 5061 1 0 1
-3.18837 2.15146 800 -0.0205357 -0.10063 27.9998 10.4173 -13 5062 1 0 1
22.1433 2.09571 800 -0.221337 0.738361 27.9894 10.4179 -13 5063 1 0 1
-12.617 -5.68579 800 0.3173 -0.421855 27.995 10.4176 -13 5064 1 0 1
-5.00074 -4.76225 800 0.139213 -0.165051 27.9992 10.4173 -13 5065 1 0 1
-1.57547 5.73333 800 -0.248678 -0.170485 27.9984 10.4174 -13 5066 1 0 1
-14.3058 -5.78087 800 0.288663 -0.514548 27.9938 10.4177 -13 5067 1 0 1
-2.73258 5.58066 800 -0.138865 -0.0340895 27.9996 10.4173 -13 5068 1 0 1
4.68489 0.470004 800 -0.0392789 0.231594 27.999 10.4174 -13 5069 1 0 1
-8.74103 -2.76658 800 0.0776121 -0.290941 27.9984 10.4174 -13 5070 1 0 1
0.628331 -2.5672 800 0.138636 0.00288875 27.9997 10.4173 -13 5071 1 0 1
10.2422 10.3216 800 -0.444389 0.340792 27.9944 10.4176 -13 5072 1 0 1
16.7736 5.42502 800 -0.353346 0.616388 27.991 10.4179 -13 5073 1 0 1
-3.9312 -3.0037 800 0.132463 -0.121472 27.9994 10.4173 -13 5074 1 0 1
2.94081 2.53103 800 -0.142857 0.16494 27.9991 10.4174 -13 5075 1 0 1
-4.07421 -5.38621 800 0.265509 -0.1868 27.9981 10.4174 -13 5076 1 0 1
-7.2223 -1.62561 800 0.110026 -0.231115 27.9988 10.4173 -13 5077 1 0 1
-15.0856 2.22404 800 -0.0582759 -0.537563 27.9948 10.4176 -13 5078 1 0 1
5.11795 -2.42155 800 0.10989 0.12275 27.9995 10.4173 -13 5079 1 0 1
3.45133 -3.53061 800 0.0748157 0.136626 27.9996 10.4173 -13 5080 1 0 1
-5.32098 -1.30566 800 0.0286842 -0.14981 27.9996 10.4173 -13 5081 1 0 1
-3.88392 -4.28858 800 0.216649 -0.076897 27.9991 10.4173 -13 5082 1 0 1
6.44651 1.36387 800 -0.0742655 0.231275 27.9989 10.4173 -13 5083 1 0 1
15.4297 4.526 800 -0.249084 0.592603 27.9926 10.4178 -13 5084 1 0 1
16.3598 2.93392 800 -0.153332 0.623531 27.9926 10.4178 -13 5085 1 0 1
-7.69627 2.74139 800 -0.125875 -0.230168 27.9988 10.4174 -13 5086 1 0 1
11.1285 -0.838731 800 0.0437488 0.324167 27.9981 10.4174 -13 5087 1 0 1
8.61546 1.20284 800 -0.14149 0.252913 27.9985 10.4174 -13 5088 1 0 1
20.7004 7.48627 800 -0.365766 0.728637 27.9881 10.4181 -13 5089 1 0 1
1.749 -2.47581 800 0.236251 0.0710694 27.9989 10.4175 -13 5090 1 0 1
-2.7572 -6.82472 800 0.26246 -0.0174991 27.9988 10.4173 -13 5091 1 0 1
5.11667 6.57924 800 -0.346447 0.153178 27.9974 10.4175 -13 5092 1 0 1
-8.39233 -2.32021 800 0.146867 -0.284104 27.9982 10.4174 -13 5093 1 0 1
2.46284 8.41247 800 -0.378448 0.0917877 27.9973 10.4175 -13 5094 1 0 1
3.49568 -1.75378 800 0.0800776 0.132862 27.9996 10.4173 -13 5095 1 0 1
2.37958 -2.07305 800 0.102354 0.0919698 27.9997 10.4173 -13 5096 1 0 1
-4.03587 -0.943078 800 0.147873 -0.0396647 27.9996 10.4174 -13 5097 1 0 1
2.39354 -1.31235 800 0.0927486 0.0514276 27.9998 10.4173 -13 5098 1 0 1
-6.23423 2.21799 800 -0.0346506 -0.273678 27.9986 10.4174 -13 5099 1 0 1
9.81852 3.92879 800 -0.211747 0.207396 27.9984 10.4174 -13 5100 1 0 1
12.758 5.41184 800 -0.21106 0.432597 27.9959 10.4175 -13 5101 1 0 1
2.44844 -4.05753 800 0.0725788 0.0129019 27.9999 10.4173 -13 5102 1 0 1
-14.9492 -1.31903 800 0.00622448 -0.508871 27.9954 10.4176 -13 5103 1 0 1
16.8224 -2.50131 800 -0.0672899 0.623402 27.993 10.4177 -13 5104 1 0 1
13.4539 7.42754 800 -0.372081 0.383421 27.9949 10.4176 -13 5105 1 0 1
-5.98383 -0.371894 800 -0.0118767 -0.165496 27.9995 10.4173 -13 5106 1 0 1
5.8534 7.55625 800 -0.258912 0.159548 27.9983 10.4174 -13 5107 1 0 1
-7.03722 -1.1432 800 0.048356 -0.217492 27.9991 10.4173 -13 5108 1 0 1
19.571 6.02369 800 -0.418346 0.692682 27.9883 10.4181 -13 5109 1 0 1
3.18777 -5.25838 800 0.155706 0.0916287 27.9994 10.4173 -13 5110 1 0 1
-21.605 -3.98778 800 0.294432 -0.738119 27.9887 10.418 -13 5111 1 0 1
6.40544 6.74833 800 -0.252582 0.235882 27.9979 10.4174 -13 5112 1 0 1
3.30883 -0.378696 800 -0.0525154 0.0931844 27.9998 10.4173 -13 5113 1 0 1
-3.53331 -1.14754 800 0.164703 -0.0806482 27.9994 10.4174 -13 5114 1 0 1
0.884733 0.0524805 800 -0.0296318 -0.026172 28 10.4173 -13 5115 1 0 1
5.28987 -2.89053 800 0.0345858 0.0953164 27.9998 10.4173 -13 5116 1 0 1
-2.8137 0.540474 800 0.0577555 -0.108837 27.9997 10.4173 -13 5117 1 0 1
-17.3426 -4.91075 800 0.290338 -0.558365 27.9929 10.4177 -13 5118 1 0 1
-12.7667 -2.30742 800 0.231882 -0.424278 27.9958 10.4176 -13 5119 1 0 1
10.2374 2.39146 800 -0.143833 0.340614 27.9976 10.4174 -13 5120 1 0 1
5.805 -3.14774 800 0.122148 0.20463 27.999 10.4173 -13 5121 1 0 1
8.13826 -1.05898 800 -0.121264 0.2832 27.9983 10.4174 -13 5122 1 0 1
1.48898 -1.79149 800 0.0658351 0.059641 27.9999 10.4173 -13 5123 1 0 1
-5.3427 -6.23536 800 0.191023 -0.22838 27.9984 10.4174 -13 5124 1 0 1
0.350765 -3.35009 800 0.125331 -0.00729637 27.9997 10.4173 -13 5125 1 0 1
-6.29438 0.596551 800 -0.0384065 -0.221661 27.9991 10.4173 -13 5126 1 0 1
4.69136 -2.74656 800 0.0696982 0.131107 27.9996 10.4173 -13 5127 1 0 1
4.75806 3.7834 800 -0.25588 0.0990115 27.9987 10.4174 -13 5128 1 0 1
1.16526 2.20495 800 -0.10451 0.0642692 27.9997 10.4173 -13 5129 1 0 1
-24.6781 -1.08143 800 0.146461 -0.895524 27.9853 10.4182 -13 5130 1 0 1
-0.527677 2.24656 800 -0.0570839 -0.0342526 27.9999 10.4173 -13 5131 1 0 1
-5.53031 -0.319469 800 0.112284 -0.244843 27.9987 10.4174 -13 5132 1 0 1
-4.91531 2.53562 800 0.00259082 -0.0956792 27.9998 10.4173 -13 5133 1 0 1
4.58894 -4.19046 800 0.0613704 0.107964 27.9997 10.4173 -13 5134 1 0 1
-3.58147 -1.41883 800 -0.0361187 -0.177498 27.9994 10.4174 -13 5135 1 0 1
-13.4856 -0.965576 800 0.183648 -0.409893 27.9964 10.4175 -13 5136 1 0 1
2.62651 5.28642 800 -0.180705 0.0545534 27.9994 10.4173 -13 5137 1 0 1
-1.27741 -2.77364 800 0.211192 -0.0325663 27.9992 10.4174 -13 5138 1 0 1
2.72641 1.45966 800 -0.137633 0.144984 27.9993 10.4174 -13 5139 1 0 1
-11.0381 -5.81905 800 0.321858 -0.401456 27.9953 10.4176 -13 5140 1 0 1
4.94137 0.925868 800 -0.113487 0.124804 27.9995 10.4173 -13 5141 1 0 1
8.26016 -2.29047 800 -0.0434766 0.291998 27.9984 10.4174 -13 5142 1 0 1
-13.4275 1.63814 800 -0.0307244 -0.469644 27.996 10.4175 -13 5143 1 0 1
-0.00466698 -0.357455 800 0.00350341 -0.0230835 28 10.4173 -13 5144 1 0 1
-13.4917 -4.11223 800 0.291341 -0.475443 27.9944 10.4177 -13 5145 1 0 1
-2.3741 0.429378 800 -0.0657625 -0.040904 27.9999 10.4173 -13 5146 1 0 1
-2.34217 -1.97449 800 0.194792 -0.0451027 27.9993 10.4174 -13 5147 1 0 1
-1.79072 -0.403229 800 -0.0475934 -0.0139965 28 10.4173 -13 5148 1 0 1
3.7047 2.20609 800 -0.0919728 0.146665 27.9995 10.4173 -13 5149 1 0 1
10.0497 -1.95569 800 0.0494494 0.454706 27.9963 10.4176 -13 5150 1 0 1
9.77921 3.70938 800 -0.229784 0.404488 27.9961 10.4176 -13 5151 1 0 1
4.62087 -1.14764 800 0.010165 0.183201 27.9994 10.4173 -13 5152 1 0 1
-3.76503 -4.77238 800 0.203388 -0.172247 27.9987 10.4174 -13 5153 1 0 1
1.78407 1.48747 800 -0.117578 0.095412 27.9996 10.4173 -13 5154 1 0 1
-12.779 -1.91648 800 0.193017 -0.397555 27.9965 10.4175 -13 5155 1 0 1
10.5371 -1.47284 800 0.101198 0.360577 27.9975 10.4175 -13 5156 1 0 1
10.2614 1.45389 800 -0.159916 0.302294 27.9979 10.4174 -13 5157 1 0 1
4.09649 1.55586 800 0.0227549 0.0973695 27.9998 10.4173 -13 5158 1 0 1
-9.57812 -2.60194 800 0.103312 -0.426804 27.9966 10.4176 -13 5159 1 0 1
-14.5999 -1.36998 800 -0.0640489 -0.571334 27.9941 10.4179 -13 5160 1 0 1
-1.38571 -1.11592 800 0.0826082 -0.0333076 27.9999 10.4173 -13 5161 1 0 1
-30.4897 -6.05712 800 0.456611 -1.01037 27.978 10.4187 -13 5162 1 0 1
2.90971 -3.53597 800 0.100048 -0.0132053 27.9998 10.4174 -13 5163 1 0 1
-9.44863 -4.81445 800 0.299372 -0.316498 27.9966 10.4175 -13 5164 1 0 1
-6.37355 -4.31681 800 0.243369 -0.237402 27.9979 10.4174 -13 5165 1 0 1
5.1859 -3.37218 800 0.111761 0.158765 27.9993 10.4173 -13 5166 1 0 1
5.84883 2.12497 800 -0.105819 0.202421 27.9991 10.4173 -13 5167 1 0 1
1.00019 1.71111 800 0.0333201 -0.0168111 28 10.4173 -13 5168 1 0 1
1.13011 -4.51229 800 0.220572 0.00668321 27.9991 10.4174 -13 5169 1 0 1
-5.14614 -2.35077 800 0.0567822 -0.204363 27.9992 10.4173 -13 5170 1 0 1
4.43092 -1.81413 800 0.0441143 0.198966 27.9993 10.4173 -13 5171 1 0 1
9.1015 5.19329 800 -0.169683 0.281849 27.9981 10.4174 -13 5172 1 0 1
-0.565289 4.91472 800 -0.0712606 0.0760218 27.9998 10.4174 -13 5173 1 0 1
0.0331216 -0.508256 800 -0.0889967 0.0435154 27.9998 10.4173 -13 5174 1 0 1
4.07715 1.92907 800 -0.0540141 0.241165 27.9989 10.4174 -13 5175 1 0 1
1.21136 -1.72775 800 0.144231 0.0128099 27.9996 10.4173 -13 5176 1 0 1
5.19116 2.01717 800 -0.16487 0.167589 27.999 10.4173 -13 5177 1 0 1
4.28932 -3.70442 800 0.15189 0.104066 27.9994 10.4173 -13 5178 1 0 1
-26.5999 -8.40486 800 0.455542 -0.847668 27.9835 10.4183 -13 5179 1 0 1
-4.73263 7.43279 800 -0.228307 -0.181811 27.9985 10.4174 -13 5180 1 0 1
5.53705 0.353624 800 -0.0865876 0.079996 27.9998 10.4173 -13 5181 1 0 1
-14.5277 -3.40091 800 0.127089 -0.472637 27.9957 10.4176 -13 5182 1 0 1
-4.33057 0.0443809 800 -0.0250035 -0.0870322 27.9999 10.4173 -13 5183 1 0 1
-6.16569 1.16782 800 -0.0877024 -0.199716 27.9992 10.4173 -13 5184 1 0 1
-9.84089 0.542534 800 -0.00413243 -0.322699 27.9981 10.4174 -13 5185 1 0 1
9.42342 8.07369 800 -0.411153 0.375224 27.9945 10.4177 -13 5186 1 0 1
-0.870776 0.251001 800 0.0372648 -0.0797301 27.9999 10.4173 -13 5187 1 0 1
-8.38712 -1.24743 800 0.0449084 -0.354697 27.9977 10.4175 -13 5188 1 0 1
-2.57694 3.11549 800 -0.105481 -0.115841 27.9996 10.4173 -13 5189 1 0 1
-2.84378 6.56975 800 -0.163219 -0.130526 27.9992 10.4173 -13 5190 1 0 1
5.29826 4.18882 800 -0.0867271 0.251696 27.9987 10.4174 -13 5191 1 0 1
0.42504 -3.73343 800 0.0495422 -0.0859561 27.9998 10.4174 -13 5192 1 0 1
-6.50323 -3.71358 800 0.0869873 -0.218704 27.999 10.4173 -13 5193 1 0 1
7.98032 2.52806 800 -0.199315 0.199665 27.9986 10.4174 -13 5194 1 0 1
-8.97243 6.12506 800 -0.10971 -0.278262 27.9984 10.4174 -13 5195 1 0 1
-10.7533 -4.60314 800 0.20137 -0.389467 27.9966 10.4175 -13 5196 1 0 1
3.5864 0.388681 800 -0.0195999 0.163439 27.9995 10.4173 -13 5197 1 0 1
-0.609729 0.442688 800 -0.069971 -0.023474 27.9999 10.4173 -13 5198 1 0 1
-1.06105 -1.04027 800 0.0393499 -0.069761 27.9999 10.4173 -13 5199 1 0 1
13.1101 6.19148 800 -0.275818 0.388372 27.9959 10.4175 -13 5200 1 0 1
-13.9702 -1.76339 800 0.131539 -0.461434 27.9959 10.4175 -13 5201 1 0 1
8.85846 0.640503 800 -0.0743937 0.337343 27.9979 10.4174 -13 5202 1 0 1
6.21257 -2.13747 800 0.0917166 0.161269 27.9994 10.4173 -13 5203 1 0 1
-4.68192 -3.12687 800 0.19142 -0.212261 27.9985 10.4174 -13 5204 1 0 1
-7.24977 2.01126 800 -0.0126803 -0.227584 27.9991 10.4173 -13 5205 1 0 1
-3.97961 -2.13358 800 0.115008 -0.154393 27.9993 10.4173 -13 5206 1 0 1
24.1159 6.70125 800 -0.336037 0.845896 27.9852 10.4183 -13 5207 1 0 1
-2.2454 -4.75013 800 0.139972 -0.0257637 27.9996 10.4173 -13 5208 1 0 1
-0.864893 -6.20075 800 0.247401 -0.0203999 27.9989 10.4173 -13 5209 1 0 1
-7.83521 -2.53855 800 0.25443 -0.299482 27.9972 10.4175 -13 5210 1 0 1
8.20317 2.03948 800 -0.107126 0.274231 27.9985 10.4174 -13 5211 1 0 1
-2.5866 -1.36746 800 0.0283207 -0.0551726 27.9999 10.4173 -13 5212 1 0 1
-5.08583 -1.01246 800 -0.00497979 -0.207301 27.9992 10.4173 -13 5213 1 0 1
11.3612 5.37566 800 -0.27057 0.421496 27.9955 10.4176 -13 5214 1 0 1
-5.96366 -2.81829 800 0.12666 -0.219328 27.9989 10.4173 -13 5215 1 0 1
-4.20555 -5.26166 800 0.178471 -0.147608 27.999 10.4173 -13 5216 1 0 1
9.55384 -3.34821 800 0.109218 0.308447 27.9981 10.4174 -13 5217 1 0 1
16.2767 7.55429 800 -0.374102 0.506177 27.9929 10.4177 -13 5218 1 0 1
-0.560876 3.04356 800 -0.13478 -0.016226 27.9997 10.4173 -13 5219 1 0 1
5.89686 3.59476 800 -0.165928 0.184204 27.9989 10.4173 -13 5220 1 0 1
10.8015 5.14221 800 -0.252524 0.464036 27.995 10.4177 -13 5221 1 0 1
-4.27686 -0.382473 800 0.10667 -0.0782917 27.9997 10.4173 -13 5222 1 0 1
5.79425 1.54453 800 -0.0606233 0.22122 27.9991 10.4173 -13 5223 1 0 1
10.724 0.667774 800 -0.0641705 0.43978 27.9965 10.4175 -13 5224 1 0 1
-14.7012 -3.57601 800 0.280713 -0.467095 27.9947 10.4176 -13 5225 1 0 1
11.1274 0.492641 800 -0.086504 0.386517 27.9972 10.4174 -13 5226 1 0 1
5.39132 -1.71427 800 0.10559 0.083096 27.9997 10.4174 -13 5227 1 0 1
-13.7051 -7.56321 800 0.409153 -0.45774 27.9933 10.4177 -13 5228 1 0 1
-10.2025 -4.33729 800 0.209907 -0.369588 27.9968 10.4175 -13 5229 1 0 1
0.0234579 2.5564 800 -0.0819749 -0.11867 27.9996 10.4173 -13 5230 1 0 1
1.20496 -2.52762 800 0.0867583 0.165911 27.9994 10.4174 -13 5231 1 0 1
-0.616382 -1.54276 800 0.0491912 -0.0324621 27.9999 10.4173 -13 5232 1 0 1
5.20606 -3.44257 800 0.0785091 0.0422331 27.9999 10.4174 -13 5233 1 0 1
-3.22173 -1.02794 800 0.0457356 -0.0732564 27.9999 10.4173 -13 5234 1 0 1
19.0578 5.08105 800 -0.345736 0.656769 27.9902 10.4179 -13 5235 1 0 1
-10.7473 -3.2776 800 0.16143 -0.426175 27.9963 10.4175 -13 5236 1 0 1
-7.58485 -4.43147 800 0.240191 -0.247952 27.9979 10.4174 -13 5237 1 0 1
-7.32687 2.87286 800 -0.0398904 -0.170274 27.9995 10.4173 -13 5238 1 0 1
-4.86639 -1.86422 800 0.0913143 -0.104825 27.9997 10.4173 -13 5239 1 0 1
-10.5846 0.509747 800 0.101273 -0.285657 27.9984 10.4174 -13 5240 1 0 1
-10.443 1.66487 800 0.0229582 -0.329463 27.9981 10.4174 -13 5241 1 0 1
-8.46104 0.194392 800 -0.0579083 -0.302467 27.9983 10.4174 -13 5242 1 0 1
17.2851 1.83953 800 -0.114416 0.552998 27.9943 10.4176 -13 5243 1 0 1
-7.02899 -3.81983 800 0.182529 -0.28243 27.998 10.4174 -13 5244 1 0 1
-1.63569 1.21018 800 -0.0167788 -0.0996129 27.9998 10.4173 -13 5245 1 0 1
4.45411 -3.07787 800 0.0688259 0.0973688 27.9997 10.4173 -13 5246 1 0 1
9.9414 3.13123 800 -0.164806 0.397993 27.9967 10.4175 -13 5247 1 0 1
18.3045 5.83386 800 -0.324453 0.554773 27.9926 10.4177 -13 5248 1 0 1
5.93307 3.0643 800 -0.196268 0.19285 27.9986 10.4174 -13 5249 1 0 1
-11.3081 -8.62459 800 0.394066 -0.313071 27.9955 10.4175 -13 5250 1 0 1
-16.8415 -6.38027 800 0.349868 -0.60935 27.9912 10.4179 -13 5251 1 0 1
4.9353 5.03256 800 -0.255669 0.133464 27.9985 10.4174 -13 5252 1 0 1
21.4533 10.1893 800 -0.481217 0.689749 27.9874 10.4181 -13 5253 1 0 1
0.00498714 6.35403 800 -0.25849 -0.0384761 27.9988 10.4173 -13 5254 1 0 1
16.9415 9.08565 800 -0.389331 0.601948 27.9908 10.4179 -13 5255 1 0 1
11.6765 4.28089 800 -0.244156 0.38942 27.9962 10.4175 -13 5256 1 0 1
-3.92096 2.57386 800 -0.0914156 -0.120401 27.9996 10.4173 -13 5257 1 0 1
-0.396938 -1.21567 800 -0.0275941 -0.0722425 27.9999 10.4173 -13 5258 1 0 1
-13.8945 -4.6262 800 0.190308 -0.429639 27.9961 10.4175 -13 5259 1 0 1
-6.34588 3.22449 800 -0.154035 -0.277024 27.9982 10.4174 -13 5260 1 0 1
13.26 8.15135 800 -0.373597 0.387206 27.9948 10.4176 -13 5261 1 0 1
-12.6787 -6.0733 800 0.39063 -0.452676 27.9936 10.4178 -13 5262 1 0 1
0.507823 6.95008 800 -0.198663 0.0450424 27.9993 10.4173 -13 5263 1 0 1
-8.86201 -0.559608 800 0.0714092 -0.348688 27.9977 10.4174 -13 5264 1 0 1
-4.01089 -1.28277 800 0.143673 -0.0946721 27.9995 10.4173 -13 5265 1 0 1
-16.7545 -11.3334 800 0.56891 -0.610903 27.9876 10.4182 -13 5266 1 0 1
-7.15151 -0.881669 800 0.0766074 -0.248265 27.9988 10.4173 -13 5267 1 0 1
-1.35668 0.520539 800 -0.092776 -0.187934 27.9992 10.4174 -13 5268 1 0 1
12.0662 3.30761 800 -0.153903 0.440184 27.9961 10.4175 -13 5269 1 0 1
14.888 1.74317 800 -0.218116 0.410615 27.9961 10.4175 -13 5270 1 0 1
5.73904 -0.443155 800 0.0059529 0.242165 27.999 10.4173 -13 5271 1 0 1
-9.08379 -4.26231 800 0.245192 -0.298493 27.9973 10.4174 -13 5272 1 0 1
-5.67961 -2.31929 800 0.0769204 -0.235606 27.9989 10.4174 -13 5273 1 0 1
-5.12328 -8.36055 800 0.237195 -0.293534 27.9975 10.4176 -13 5274 1 0 1
-5.46756 -6.71945 800 0.298884 -0.267197 27.9971 10.4175 -13 5275 1 0 1
16.7623 13.2511 800 -0.64333 0.543034 27.9873 10.4182 -13 5276 1 0 1
1.52876 -2.47849 800 0.078221 0.0456506 27.9999 10.4173 -13 5277 1 0 1
0.442097 -0.0469396 800 0.0671824 0.0885125 27.9998 10.4173 -13 5278 1 0 1
12.1016 -1.70375 800 -0.0504329 0.47187 27.996 10.4175 -13 5279 1 0 1
-4.04441 -2.25093 800 0.0677135 -0.181999 27.9993 10.4173 -13 5280 1 0 1
-8.95894 4.78468 800 -0.15383 -0.347777 27.9974 10.4174 -13 5281 1 0 1
6.76498 -5.61244 800 0.208738 0.240959 27.9982 10.4174 -13 5282 1 0 1
12.1121 4.89478 800 -0.269357 0.433628 27.9953 10.4176 -13 5283 1 0 1
-13.7142 -1.03042 800 0.0684054 -0.601847 27.9934 10.4178 -13 5284 1 0 1
0.004087 -2.39543 800 0.0955536 -0.0210793 27.9998 10.4173 -13 5285 1 0 1
-8.49216 1.76628 800 -0.104542 -0.276071 27.9984 10.4174 -13 5286 1 0 1
7.53741 1.28035 800 -0.0581012 0.334388 27.9979 10.4174 -13 5287 1 0 1
-4.71435 -0.224417 800 -0.023647 -0.0321161 28 10.4173 -13 5288 1 0 1
12.116 2.89984 800 -0.234288 0.504468 27.9945 10.4177 -13 5289 1 0 1
9.69305 0.939414 800 -0.0877419 0.31847 27.9981 10.4174 -13 5290 1 0 1
0.9908 0.041982 800 -0.110794 0.0771352 27.9997 10.4173 -13 5291 1 0 1
12.5761 5.85312 800 -0.353497 0.452088 27.9941 10.4177 -13 5292 1 0 1
1.00243 -2.70772 800 0.0231966 0.0356658 28 10.4173 -13 5293 1 0 1
13.5125 -0.0355018 800 -0.0688696 0.543345 27.9946 10.4177 -13 5294 1 0 1
-16.1293 -4.61075 800 0.245155 -0.57409 27.993 10.4177 -13 5295 1 0 1
14.5485 4.12044 800 -0.256354 0.436414 27.9954 10.4175 -13 5296 1 0 1
6.85657 1.74039 800 -0.0767551 0.277372 27.9985 10.4174 -13 5297 1 0 1
-6.28855 -3.48286 800 0.188709 -0.278238 27.998 10.4174 -13 5298 1 0 1
-13.5756 -7.9209 800 0.365567 -0.481883 27.9935 10.4177 -13 5299 1 0 1
10.8558 3.17333 800 -0.173855 0.422005 27.9963 10.4175 -13 5300 1 0 1
24.5837 2.3615 800 -0.214465 0.868982 27.9857 10.4182 -13 5301 1 0 1
-3.81024 3.22166 800 -0.0277855 -0.053341 27.9999 10.4173 -13 5302 1 0 1
-13.5757 -6.2165 800 0.320493 -0.447349 27.9946 10.4176 -13 5303 1 0 1
-2.94268 -3.14685 800 0.235334 -0.178261 27.9984 10.4175 -13 5304 1 0 1
-8.33428 3.59954 800 -0.14333 -0.311276 27.9979 10.4174 -13 5305 1 0 1
-3.18826 -2.68908 800 0.135288 -0.0943417 27.9995 10.4173 -13 5306 1 0 1
-3.27962 0.919171 800 -0.0848416 -0.145731 27.9995 10.4173 -13 5307 1 0 1
10.6715 -1.39509 800 -0.0675548 0.3485 27.9977 10.4174 -13 5308 1 0 1
1.2458 -3.59816 800 0.0847018 0.0442974 27.9998 10.4173 -13 5309 1 0 1
-3.65807 -1.69811 800 0.0775851 -0.286151 27.9984 10.4175 -13 5310 1 0 1
-7.174 -5.01626 800 0.262103 -0.284541 27.9973 10.4175 -13 5311 1 0 1
7.76629 -3.44217 800 0.0690995 0.338881 27.9979 10.4174 -13 5312 1 0 1
-3.06946 3.39735 800 -0.109176 -0.208617 27.999 10.4174 -13 5313 1 0 1
-7.70761 -7.33765 800 0.328277 -0.262303 27.9968 10.4175 -13 5314 1 0 1
-16.0561 -1.46318 800 0.176903 -0.681414 27.9911 10.418 -13 5315 1 0 1
-5.0525 1.46889 800 -0.101156 -0.120841 27.9996 10.4173 -13 5316 1 0 1
6.38896 1.88651 800 -0.145128 0.177778 27.9991 10.4173 -13 5317 1 0 1
-5.87645 -1.77764 800 0.0731397 -0.135554 27.9996 10.4173 -13 5318 1 0 1
12.9524 -0.413225 800 -0.00631104 0.492497 27.9957 10.4176 -13 5319 1 0 1
-2.27223 2.36544 800 -0.0764193 -0.0647743 27.9998 10.4173 -13 5320 1 0 1
6.78197 9.7294 800 -0.491318 0.255744 27.9945 10.4177 -13 5321 1 0 1
7.63096 4.41864 800 -0.19307 0.309324 27.9976 10.4174 -13 5322 1 0 1
12.8336 5.44684 800 -0.333001 0.44882 27.9944 10.4177 -13 5323 1 0 1
0.806 -2.49421 800 0.138473 0.0414206 27.9996 10.4173 -13 5324 1 0 1
-0.630555 -0.83539 800 0.0873903 -0.0607212 27.9998 10.4173 -13 5325 1 0 1
-5.07661 -4.73241 800 0.187312 -0.252834 27.9982 10.4174 -13 5326 1 0 1
7.75374 1.12901 800 -0.0588548 0.268657 27.9986 10.4173 -13 5327 1 0 1
5.22609 4.71123 800 -0.138014 0.143022 27.9993 10.4173 -13 5328 1 0 1
-8.78072 -8.9472 800 0.349995 -0.308891 27.9961 10.4175 -13 5329 1 0 1
-8.72708 -1.93877 800 0.226977 -0.35527 27.9968 10.4176 -13 5330 1 0 1
2.3667 -2.11008 800 0.0805893 -0.0076856 27.9999 10.4173 -13 5331 1 0 1
-4.01429 -2.91779 800 0.144336 -0.169073 27.9991 10.4173 -13 5332 1 0 1
-0.413917 -0.113997 800 0.0260786 0.00844922 28 10.4173 -13 5333 1 0 1
-7.8185 1.65017 800 0.0132536 -0.229785 27.9991 10.4173 -13 5334 1 0 1
1.07108 2.82496 800 -0.126169 0.0366325 27.9997 10.4173 -13 5335 1 0 1
-4.27226 2.46252 800 -0.0823737 -0.18832 27.9992 10.4173 -13 5336 1 0 1
-0.795481 0.986846 800 -0.116096 -0.132093 27.9994 10.4174 -13 5337 1 0 1
-0.714435 1.4105 800 0.0430143 0.014616 28 10.4173 -13 5338 1 0 1
-0.596536 6.27583 800 -0.207628 -0.0544356 27.9992 10.4173 -13 5339 1 0 1
5.88145 2.66963 800 -0.153086 0.225095 27.9987 10.4174 -13 5340 1 0 1
-11.3231 -2.70207 800 0.130386 -0.444886 27.9962 10.4175 -13 5341 1 0 1
-12.1137 -1.777 800 0.157139 -0.415117 27.9965 10.4175 -13 5342 1 0 1
-6.32148 1.80711 800 0.0600741 -0.185569 27.9993 10.4173 -13 5343 1 0 1
8.45627 7.81673 800 -0.295637 0.286652 27.997 10.4175 -13 5344 1 0 1
2.86097 3.01895 800 -0.0701603 0.0125985 27.9999 10.4173 -13 5345 1 0 1
-3.05688 -5.06522 800 0.273112 -0.132646 27.9984 10.4174 -13 5346 1 0 1
24.0454 5.23292 800 -0.374425 0.885571 27.9835 10.4184 -13 5347 1 0 1
2.36104 0.517927 800 -0.0269966 0.120095 27.9997 10.4173 -13 5348 1 0 1
5.86936 1.54822 800 -0.0722734 0.181895 27.9993 10.4173 -13 5349 1 0 1
-24.9385 -6.84786 800 0.441083 -0.869798 27.983 10.4184 -13 5350 1 0 1
-2.18027 1.99798 800 -0.10008 -0.0271534 27.9998 10.4173 -13 5351 1 0 1
8.82501 2.82767 800 -0.105296 0.388938 27.9971 10.4175 -13 5352 1 0 1
0.587796 1.59026 800 -0.021251 -0.0536216 27.9999 10.4173 -13 5353 1 0 1
8.48928 -2.14944 800 0.0737958 0.318273 27.9981 10.4174 -13 5354 1 0 1
6.97281 -2.2462 800 0.0865135 0.135569 27.9995 10.4174 -13 5355 1 0 1
-14.2207 -1.38644 800 0.07118 -0.473574 27.9959 10.4175 -13 5356 1 0 1
9.55147 0.961577 800 -0.0467969 0.308882 27.9983 10.4174 -13 5357 1 0 1
2.89788 5.23269 800 -0.264511 0.0340966 27.9987 10.4174 -13 5358 1 0 1
-4.57867 8.5289 800 -0.38633 -0.117526 27.9971 10.4176 -13 5359 1 0 1
-5.97214 2.45626 800 -0.0634081 -0.186007 27.9993 10.4173 -13 5360 1 0 1
-12.2298 -1.46337 800 0.129853 -0.452078 27.996 10.4175 -13 5361 1 0 1
-13.6494 -5.29601 800 0.289571 -0.506251 27.9939 10.4177 -13 5362 1 0 1
-5.61208 -7.82865 800 0.394595 -0.266148 27.996 10.4177 -13 5363 1 0 1
-2.34629 -3.23351 800 0.167817 -0.112504 27.9993 10.4173 -13 5364 1 0 1
-0.953373 1.04781 800 -0.0441159 0.070884 27.9999 10.4173 -13 5365 1 0 1
9.35959 2.0656 800 -0.142526 0.323149 27.9978 10.4174 -13 5366 1 0 1
4.02606 -2.16995 800 0.0100753 0.176236 27.9994 10.4173 -13 5367 1 0 1
2.43655 5.44897 800 -0.293911 0.0285073 27.9984 10.4174 -13 5368 1 0 1
0.0637704 -0.743995 800 0.029286 -0.0400074 28 10.4173 -13 5369 1 0 1
-0.356123 2.29761 800 -0.0438947 -0.00957567 28 10.4173 -13 5370 1 0 1
-1.09149 -6.40703 800 0.257078 -0.0714546 27.9987 10.4174 -13 5371 1 0 1
-0.430352 4.43707 800 -0.182441 0.00238495 27.9994 10.4173 -13 5372 1 0 1
-8.49448 -5.33067 800 0.404332 -0.345464 27.9949 10.4178 -13 5373 1 0 1
2.41647 0.553542 800 -0.0311863 0.0177332 28 10.4173 -13 5374 1 0 1
1.18006 2.83875 800 -0.152678 0.00843332 27.9996 10.4173 -13 5375 1 0 1
1.76469 -8.87211 800 0.310541 -0.0829779 27.9982 10.4176 -13 5376 1 0 1
-18.0024 -11.9186 800 0.546893 -0.653753 27.987 10.4182 -13 5377 1 0 1
-15.8808 1.32948 800 0.0165894 -0.615059 27.9932 10.4177 -13 5378 1 0 1
18.5754 11.4123 800 -0.62447 0.589725 27.9868 10.4182 -13 5379 1 0 1
-1.29034 7.24109 800 -0.330264 -0.105658 27.9979 10.4175 -13 5380 1 0 1
2.19759 7.10341 800 -0.231655 0.0469476 27.999 10.4173 -13 5381 1 0 1
-6.33711 -4.12498 800 0.244759 -0.159939 27.9985 10.4174 -13 5382 1 0 1
-1.1668 2.7698 800 0.00550814 -0.00395874 28 10.4173 -13 5383 1 0 1
-9.84177 -6.13556 800 0.342944 -0.264368 27.9967 10.4175 -13 5384 1 0 1
16.5273 6.44867 800 -0.322879 0.532528 27.9931 10.4177 -13 5385 1 0 1
2.12047 -0.315618 800 0.0592138 0.0935996 27.9998 10.4173 -13 5386 1 0 1
-10.2964 -7.9024 800 0.393813 -0.417148 27.9941 10.4178 -13 5387 1 0 1
-24.3422 -8.18661 800 0.562615 -0.813726 27.9825 10.4185 -13 5388 1 0 1
4.10872 5.92979 800 -0.233636 0.15263 27.9986 10.4174 -13 5389 1 0 1
-2.94192 -0.500902 800 -0.00553272 -0.0621366 27.9999 10.4173 -13 5390 1 0 1
3.24489 4.25593 800 -0.219598 0.091085 27.999 10.4173 -13 5391 1 0 1
-8.8678 -7.1199 800 0.361599 -0.244294 27.9966 10.4175 -13 5392 1 0 1
-11.5387 -2.43718 800 0.035584 -0.474201 27.996 10.4177 -13 5393 1 0 1
11.5602 -4.51075 800 0.135436 0.380393 27.9971 10.4175 -13 5394 1 0 1
4.74202 -0.415432 800 -0.0698198 0.150282 27.9995 10.4173 -13 5395 1 0 1
0.832469 2.79854 800 -0.0262739 0.00475412 28 10.4173 -13 5396 1 0 1
4.73639 -4.10204 800 0.110877 0.247272 27.9987 10.4174 -13 5397 1 0 1
-6.5905 -1.73551 800 0.0232683 -0.168632 27.9995 10.4173 -13 5398 1 0 1
-7.11434 -1.17246 800 0.0958581 -0.197597 27.9991 10.4173 -13 5399 1 0 1
-8.46132 -3.93214 800 0.221601 -0.334827 27.9971 10.4175 -13 5400 1 0 1
-12.5402 1.39091 800 0.0195288 -0.459197 27.9962 10.4175 -13 5401 1 0 1
9.20255 -1.98176 800 0.106895 0.327787 27.9979 10.4174 -13 5402 1 0 1
-11.0706 0.811787 800 0.0288238 -0.365998 27.9976 10.4174 -13 5403 1 0 1
-1.4973 -0.0254738 800 0.00106135 -0.0254157 28 10.4173 -13 5404 1 0 1
-0.849159 -1.12774 800 0.16928 0.116792 27.9992 10.4175 -13 5405 1 0 1
-1.55143 -4.05306 800 0.214794 -0.0797567 27.9991 10.4174 -13 5406 1 0 1
21.5395 -5.00914 800 0.0189185 0.75035 27.9899 10.4179 -13 5407 1 0 1
-5.00128 -0.279374 800 0.0899784 -0.23486 27.9989 10.4174 -13 5408 1 0 1
4.87927 3.40481 800 -0.101135 0.108549 27.9996 10.4173 -13 5409 1 0 1
-2.70703 4.52686 800 -0.136709 -0.113316 27.9994 10.4173 -13 5410 1 0 1
7.37881 -0.364026 800 0.00488071 0.246729 27.9989 10.4173 -13 5411 1 0 1
-6.39453 -4.32232 800 0.254874 -0.34982 27.9967 10.4177 -13 5412 1 0 1
-2.30656 3.51271 800 -0.00890049 0.0394712 28 10.4174 -13 5413 1 0 1
-0.593974 -2.61318 800 0.0617282 0.0250416 27.9999 10.4173 -13 5414 1 0 1
5.55692 -0.295398 800 -0.0262577 0.137887 27.9996 10.4173 -13 5415 1 0 1
2.03476 -5.68497 800 0.264617 0.0473671 27.9987 10.4174 -13 5416 1 0 1
-5.46439 3.50681 800 -0.017222 -0.0935653 27.9998 10.4173 -13 5417 1 0 1
2.97692 5.79451 800 -0.177078 0.0809468 27.9993 10.4173 -13 5418 1 0 1
0.345283 -2.14492 800 0.126635 0.0467846 27.9997 10.4173 -13 5419 1 0 1
3.32899 1.80199 800 -0.0553163 0.174123 27.9994 10.4173 -13 5420 1 0 1
9.86727 5.35936 800 -0.331198 0.293754 27.9965 10.4175 -13 5421 1 0 1
-7.44705 -3.05831 800 0.139799 -0.202116 27.9989 10.4173 -13 5422 1 0 1
14.4385 4.0435 800 -0.245671 0.438036 27.9955 10.4175 -13 5423 1 0 1
-8.30489 -3.5839 800 0.230403 -0.33221 27.9971 10.4175 -13 5424 1 0 1
-5.33694 -4.52362 800 0.259212 -0.150799 27.9984 10.4174 -13 5425 1 0 1
9.44412 5.37533 800 -0.278897 0.310211 27.9969 10.4175 -13 5426 1 0 1
19.7868 -0.309904 800 -0.0917308 0.660113 27.9921 10.4178 -13 5427 1 0 1
11.5338 -4.82765 800 0.108196 0.328814 27.9979 10.4174 -13 5428 1 0 1
15.2633 12.7534 800 -0.639436 0.464478 27.9888 10.4181 -13 5429 1 0 1
16.4272 -0.692279 800 -0.0767627 0.637162 27.9926 10.4178 -13 5430 1 0 1
1.37074 2.24068 800 -0.0357223 0.135733 27.9996 10.4173 -13 5431 1 0 1
12.0808 4.47859 800 -0.212634 0.394185 27.9964 10.4175 -13 5432 1 0 1
-0.273801 1.26716 800 -0.0355384 -0.0280664 28 10.4173 -13 5433 1 0 1
3.48279 1.55188 800 -0.111076 0.102211 27.9996 10.4173 -13 5434 1 0 1
-6.53648 -5.35495 800 0.28729 -0.179411 27.998 10.4174 -13 5435 1 0 1
-16.4371 -4.47763 800 0.20544 -0.516193 27.9945 10.4176 -13 5436 1 0 1
-2.00995 -0.461899 800 0.0343581 -0.116211 27.9997 10.4173 -13 5437 1 0 1
-15.0779 -9.20517 800 0.450609 -0.570411 27.9906 10.418 -13 5438 1 0 1
10.0787 -3.36511 800 0.0448033 0.391958 27.9972 10.4174 -13 5439 1 0 1
-0.0384889 -4.74433 800 0.159537 -0.0820624 27.9994 10.4174 -13 5440 1 0 1
7.88733 1.06061 800 -0.0282609 0.197843 27.9993 10.4173 -13 5441 1 0 1
7.07962 -4.24846 800 0.134524 0.256542 27.9985 10.4174 -13 5442 1 0 1
-13.2366 -5.04734 800 0.314304 -0.594401 27.9919 10.418 -13 5443 1 0 1
11.468 1.86029 800 -0.164205 0.38277 27.9969 10.4175 -13 5444 1 0 1
6.15857 -0.313547 800 -0.0468864 0.231278 27.999 10.4173 -13 5445 1 0 1
12.3238 0.853887 800 -0.166896 0.439012 27.9961 10.4175 -13 5446 1 0 1
5.50506 2.11182 800 -0.0543836 0.14689 27.9996 10.4173 -13 5447 1 0 1
-10.9281 -2.21662 800 0.0368469 -0.356276 27.9977 10.4175 -13 5448 1 0 1
-8.01723 6.21548 800 -0.22494 -0.261188 27.9979 10.4174 -13 5449 1 0 1
1.07045 0.321853 800 0.0744185 0.00462506 27.9999 10.4173 -13 5450 1 0 1
-15.7505 -4.63797 800 0.251288 -0.467376 27.995 10.4176 -13 5451 1 0 1
2.67391 6.60064 800 -0.205011 0.0543792 27.9992 10.4173 -13 5452 1 0 1
-7.52561 -4.6755 800 0.192398 -0.191879 27.9987 10.4173 -13 5453 1 0 1
17.4057 3.71805 800 -0.190557 0.610979 27.9927 10.4177 -13 5454 1 0 1
-4.35369 -2.76767 800 0.0469612 -0.213647 27.9991 10.4174 -13 5455 1 0 1
0.333002 2.54604 800 -0.15698 0.0800831 27.9994 10.4174 -13 5456 1 0 1
-6.2946 -2.04445 800 0.0167129 -0.271087 27.9987 10.4174 -13 5457 1 0 1
-10.3361 -3.07624 800 0.155816 -0.447882 27.996 10.4176 -13 5458 1 0 1
-22.1203 -2.72204 800 0.198314 -0.733017 27.9897 10.4179 -13 5459 1 0 1
4.43289 0.205918 800 -0.00129492 0.076011 27.9999 10.4173 -13 5460 1 0 1
-6.91644 2.69371 800 -0.0374362 -0.26681 27.9987 10.4173 -13 5461 1 0 1
3.24329 6.03974 800 -0.19889 0.130244 27.999 10.4173 -13 5462 1 0 1
19.8442 4.64262 800 -0.231291 0.733065 27.9894 10.418 -13 5463 1 0 1
4.05033 2.55325 800 0.0028561 0.242142 27.999 10.4175 -13 5464 1 0 1
7.85784 2.57317 800 -0.079851 0.28842 27.9984 10.4174 -13 5465 1 0 1
-30.3323 -1.36771 800 0.246924 -1.01971 27.9803 10.4185 -13 5466 1 0 1
5.21882 3.4154 800 -0.206606 0.187808 27.9986 10.4174 -13 5467 1 0 1
-0.0137145 1.75633 800 -0.0308167 0.03726 28 10.4173 -13 5468 1 0 1
-7.26352 -5.94664 800 0.270041 -0.268811 27.9974 10.4175 -13 5469 1 0 1
0.249711 -1.05887 800 -0.00889459 -0.0209453 28 10.4173 -13 5470 1 0 1
-4.01607 -5.27654 800 0.270466 -0.282986 27.9973 10.4176 -13 5471 1 0 1
1.56933 -0.460716 800 -0.0390919 0.102727 27.9998 10.4173 -13 5472 1 0 1
2.82236 -4.52693 800 0.122376 0.17157 27.9992 10.4173 -13 5473 1 0 1
-4.13645 -0.612152 800 0.08647 -0.18555 27.9993 10.4173 -13 5474 1 0 1
-10.4086 -1.10641 800 0.149766 -0.438815 27.9962 10.4176 -13 5475 1 0 1
6.58958 0.670663 800 -0.0918874 0.168382 27.9993 10.4173 -13 5476 1 0 1
12.2997 8.05824 800 -0.335703 0.470297 27.994 10.4177 -13 5477 1 0 1
2.8809 5.95839 800 -0.395503 0.166291 27.9967 10.4177 -13 5478 1 0 1
-4.9069 -10.3217 800 0.462344 -0.169506 27.9957 10.4176 -13 5479 1 0 1
12.7831 2.58845 800 -0.159913 0.440091 27.9961 10.4175 -13 5480 1 0 1
-4.87498 1.44525 800 -0.109661 -0.103122 27.9996 10.4173 -13 5481 1 0 1
3.18602 -0.912449 800 -0.0638198 0.0858139 27.9998 10.4173 -13 5482 1 0 1
0.915443 2.01223 800 -0.0376648 0.106904 27.9998 10.4173 -13 5483 1 0 1
6.8392 2.4085 800 -0.14685 0.138693 27.9993 10.4173 -13 5484 1 0 1
13.1187 3.31041 800 -0.133152 0.531522 27.9946 10.4177 -13 5485 1 0 1
-2.40464 -4.74661 800 0.188287 -0.137507 27.999 10.4174 -13 5486 1 0 1
4.30218 -2.88844 800 0.103217 0.123711 27.9995 10.4173 -13 5487 1 0 1
-8.95141 -4.60032 800 0.209197 -0.342601 27.9971 10.4175 -13 5488 1 0 1
1.8398 -4.1347 800 0.168756 0.0395238 27.9995 10.4173 -13 5489 1 0 1
12.7351 7.09115 800 -0.384018 0.477121 27.9933 10.4178 -13 5490 1 0 1
-13.444 -0.367618 800 0.104537 -0.503349 27.9953 10.4176 -13 5491 1 0 1
8.24499 5.27753 800 -0.214125 0.265015 27.9979 10.4174 -13 5492 1 0 1
-3.06252 6.77545 800 -0.249279 -0.129879 27.9986 10.4174 -13 5493 1 0 1
4.60313 -3.01039 800 0.119417 0.157505 27.9993 10.4173 -13 5494 1 0 1
-2.62307 -5.29313 800 0.218158 -0.0645203 27.9991 10.4173 -13 5495 1 0 1
0.302172 -1.39087 800 -0.0923264 0.0648526 27.9998 10.4174 -13 5496 1 0 1
-1.7995 -2.23037 800 0.12977 -0.133485 27.9994 10.4173 -13 5497 1 0 1
8.23157 7.35387 800 -0.257229 0.283964 27.9974 10.4174 -13 5498 1 0 1
11.0758 0.342694 800 -0.0342081 0.38301 27.9974 10.4174 -13 5499 1 0 1
-16.566 -5.91867 800 0.363561 -0.567211 27.9919 10.4178 -13 5500 1 0 1
10.9332 6.96344 800 -0.314678 0.303407 27.9966 10.4175 -13 5501 1 0 1
-9.37 -5.17907 800 0.294385 -0.362948 27.9961 10.4176 -13 5502 1 0 1
-25.069 -9.37145 800 0.474154 -0.89604 27.9816 10.4185 -13 5503 1 0 1
0.595792 -2.25892 800 0.0802439 0.0650118 27.9998 10.4173 -13 5504 1 0 1
-4.39069 0.997606 800 -0.164643 -0.0733151 27.9994 10.4175 -13 5505 1 0 1
11.931 3.02281 800 -0.170892 0.386251 27.9968 10.4175 -13 5506 1 0 1
3.40548 -0.513224 800 0.0107809 0.137664 27.9997 10.4173 -13 5507 1 0 1
12.5445 4.08835 800 -0.0490151 0.48068 27.9958 10.4177 -13 5508 1 0 1
-14.826 2.20582 800 0.0488237 -0.580979 27.9939 10.4177 -13 5509 1 0 1
15.067 5.54406 800 -0.27316 0.534234 27.9936 10.4177 -13 5510 1 0 1
11.1629 3.14391 800 -0.111549 0.418389 27.9967 10.4175 -13 5511 1 0 1
-2.80478 -0.340413 800 -0.0299873 -0.0127519 28 10.4173 -13 5512 1 0 1
-4.38476 -2.32627 800 0.135734 -0.147775 27.9993 10.4173 -13 5513 1 0 1
5.29425 3.04954 800 -0.214285 0.300406 27.9976 10.4176 -13 5514 1 0 1
-3.97608 1.40814 800 -0.0269758 -0.17323 27.9995 10.4173 -13 5515 1 0 1
-1.39061 1.85404 800 -0.0795394 0.0620915 27.9998 10.4173 -13 5516 1 0 1
10.9093 0.649295 800 -0.0519216 0.36064 27.9976 10.4174 -13 5517 1 0 1
4.26322 -2.05173 800 0.127476 0.211595 27.9989 10.4174 -13 5518 1 0 1
0.250915 -0.42431 800 -0.00205986 -0.0847782 27.9999 10.4173 -13 5519 1 0 1
2.29791 -1.33211 800 0.0358862 0.160291 27.9995 10.4173 -13 5520 1 0 1
19.397 8.13806 800 -0.404494 0.608448 27.9905 10.4179 -13 5521 1 0 1
10.0976 0.936048 800 -0.0852579 0.299097 27.9983 10.4174 -13 5522 1 0 1
11.5796 6.15481 800 -0.340445 0.419723 27.9948 10.4176 -13 5523 1 0 1
3.73089 -4.3209 800 0.233545 0.209553 27.9982 10.4175 -13 5524 1 0 1
0.456315 -0.42077 800 0.0501285 -0.0489393 27.9999 10.4173 -13 5525 1 0 1
-0.43216 1.15158 800 0.0222515 0.0121135 28 10.4173 -13 5526 1 0 1
-17.9638 -2.39279 800 0.121963 -0.521226 27.9949 10.4176 -13 5527 1 0 1
2.05495 -1.46508 800 0.073683 0.0494033 27.9999 10.4173 -13 5528 1 0 1
-4.96766 -0.0446091 800 0.118357 -0.170816 27.9992 10.4173 -13 5529 1 0 1
-3.92172 1.99126 800 -0.140523 -0.149073 27.9993 10.4174 -13 5530 1 0 1
-12.2408 2.7234 800 -0.0563553 -0.31079 27.9982 10.4174 -13 5531 1 0 1
-0.452191 5.11192 800 -0.203565 -0.0469565 27.9992 10.4173 -13 5532 1 0 1
10.8617 2.51585 800 -0.105909 0.388254 27.9971 10.4175 -13 5533 1 0 1
7.49682 2.92397 800 -0.236255 0.207502 27.9982 10.4174 -13 5534 1 0 1
-9.93601 -8.45487 800 0.455093 -0.305725 27.9946 10.4177 -13 5535 1 0 1
14.516 8.36705 800 -0.298931 0.472715 27.9944 10.4176 -13 5536 1 0 1
1.71878 -0.556452 800 -0.0701172 0.0484451 27.9999 10.4173 -13 5537 1 0 1
-3.09189 2.16955 800 -0.0469353 -0.0475742 27.9999 10.4173 -13 5538 1 0 1
6.52906 -0.194787 800 -0.0779494 0.281871 27.9985 10.4174 -13 5539 1 0 1
-12.8871 -5.16789 800 0.23238 -0.463139 27.9952 10.4176 -13 5540 1 0 1
-2.38508 -0.197449 800 -0.0743032 -0.103888 27.9997 10.4173 -13 5541 1 0 1
7.0121 0.926036 800 -0.0662751 0.213382 27.9991 10.4173 -13 5542 1 0 1
-3.17671 -3.39596 800 0.177192 -0.168878 27.9989 10.4174 -13 5543 1 0 1
-0.137287 -1.24773 800 0.018591 -0.0361051 28 10.4173 -13 5544 1 0 1
9.29052 -0.671776 800 -0.185024 0.335639 27.9974 10.4175 -13 5545 1 0 1
-13.133 0.382945 800 0.119035 -0.45278 27.9961 10.4175 -13 5546 1 0 1
23.0444 5.75249 800 -0.424234 0.840258 27.9842 10.4184 -13 5547 1 0 1
-18.6067 -7.58096 800 0.392034 -0.521691 27.9924 10.4177 -13 5548 1 0 1
19.0563 1.59294 800 -0.181136 0.761343 27.9891 10.4181 -13 5549 1 0 1
13.8401 6.98249 800 -0.428449 0.474428 27.9927 10.4178 -13 5550 1 0 1
-9.88179 -5.53292 800 0.372132 -0.354536 27.9953 10.4177 -13 5551 1 0 1
2.96277 2.9463 800 -0.192055 0.101874 27.9992 10.4173 -13 5552 1 0 1
0.0241378 -1.78894 800 0.0521167 0.0060939 28 10.4173 -13 5553 1 0 1
13.171 0.343188 800 -0.0998168 0.429852 27.9965 10.4175 -13 5554 1 0 1
1.95726 -4.33473 800 0.179638 0.0815012 27.9993 10.4173 -13 5555 1 0 1
-9.10534 -1.8433 800 0.210019 -0.221772 27.9983 10.4174 -13 5556 1 0 1
1.01975 -2.95632 800 0.148693 0.0707424 27.9995 10.4173 -13 5557 1 0 1
10.7056 7.32685 800 -0.280732 0.403007 27.9957 10.4176 -13 5558 1 0 1
5.68568 -0.186203 800 0.0305206 0.14434 27.9996 10.4173 -13 5559 1 0 1
9.4378 1.03906 800 -0.0552845 0.293277 27.9984 10.4174 -13 5560 1 0 1
4.75863 1.48322 800 -0.0664009 0.112661 27.9997 10.4173 -13 5561 1 0 1
3.66913 6.16647 800 -0.205589 0.154657 27.9988 10.4174 -13 5562 1 0 1
3.25547 -5.02759 800 0.149812 0.127829 27.9993 10.4173 -13 5563 1 0 1
-12.1881 -0.204094 800 0.119039 -0.419632 27.9966 10.4175 -13 5564 1 0 1
2.5795 3.31632 800 -0.30572 0.153577 27.9979 10.4176 -13 5565 1 0 1
19.6102 3.49635 800 -0.232803 0.640052 27.9917 10.4178 -13 5566 1 0 1
-4.88365 1.01794 800 -0.0247538 -0.17171 27.9995 10.4173 -13 5567 1 0 1
-13.489 0.792474 800 0.0284011 -0.527948 27.995 10.4176 -13 5568 1 0 1
-3.81612 -4.04517 800 0.171591 -0.215066 27.9986 10.4174 -13 5569 1 0 1
-4.93826 -6.30421 800 0.305837 -0.100035 27.9982 10.4174 -13 5570 1 0 1
1.6265 0.801669 800 -0.0765499 0.0583127 27.9998 10.4173 -13 5571 1 0 1
11.5525 0.0404163 800 -0.0813071 0.501316 27.9954 10.4176 -13 5572 1 0 1
10.68 -1.92931 800 -0.0275156 0.305727 27.9983 10.4174 -13 5573 1 0 1
-3.2 -1.72026 800 0.100931 -0.0639095 27.9997 10.4173 -13 5574 1 0 1
3.43598 -1.28765 800 0.0339837 0.149275 27.9996 10.4173 -13 5575 1 0 1
-2.93015 -0.557443 800 -0.0234965 -0.0593488 27.9999 10.4173 -13 5576 1 0 1
-2.18074 -5.90796 800 0.298483 -0.0104548 27.9984 10.4174 -13 5577 1 0 1
6.91946 -7.26076 800 0.278682 0.19397 27.9979 10.4175 -13 5578 1 0 1
3.96479 -0.461558 800 0.000685298 0.172303 27.9995 10.4173 -13 5579 1 0 1
-2.73421 -2.52344 800 0.0980427 -0.169066 27.9993 10.4173 -13 5580 1 0 1
0.076768 6.10395 800 -0.258839 0.0626126 27.9987 10.4174 -13 5581 1 0 1
-17.253 -7.54156 800 0.315838 -0.574148 27.9923 10.4178 -13 5582 1 0 1
-27.474 -2.35675 800 0.120295 -0.931182 27.9843 10.4183 -13 5583 1 0 1
-8.01204 4.76181 800 -0.0852194 -0.270075 27.9986 10.4173 -13 5584 1 0 1
12.4297 0.0386479 800 -0.0818716 0.414834 27.9968 10.4175 -13 5585 1 0 1
5.22896 -1.95711 800 0.0816874 0.192927 27.9992 10.4173 -13 5586 1 0 1
-4.95513 -2.1158 800 0.0421602 -0.251861 27.9988 10.4174 -13 5587 1 0 1
3.79085 1.26065 800 -0.0587312 0.239354 27.9989 10.4174 -13 5588 1 0 1
17.7267 3.70615 800 -0.214004 0.605937 27.9926 10.4177 -13 5589 1 0 1
-7.05321 -0.90637 800 0.0868609 -0.301965 27.9982 10.4174 -13 5590 1 0 1
0.911705 1.22481 800 -0.0248926 -0.000645258 28 10.4173 -13 5591 1 0 1
6.63651 -0.516896 800 0.0199372 0.200843 27.9993 10.4173 -13 5592 1 0 1
-9.50283 -0.930914 800 0.109911 -0.260625 27.9986 10.4174 -13 5593 1 0 1
5.42868 -4.56702 800 0.231504 0.120266 27.9988 10.4174 -13 5594 1 0 1
-19.0371 -2.77775 800 0.263586 -0.713157 27.9897 10.418 -13 5595 1 0 1
13.6055 4.7041 800 -0.269784 0.431348 27.9954 10.4176 -13 5596 1 0 1
14.7013 6.91907 800 -0.325446 0.594052 27.9918 10.4179 -13 5597 1 0 1
-14.9859 4.41167 800 -0.141858 -0.61808 27.9928 10.4178 -13 5598 1 0 1
8.51914 -1.96676 800 0.0648081 0.354788 27.9977 10.4174 -13 5599 1 0 1
-1.23781 0.178585 800 -0.0421922 -0.117849 27.9997 10.4173 -13 5600 1 0 1
9.35859 0.198122 800 -0.060547 0.33384 27.9979 10.4174 -13 5601 1 0 1
4.44663 -1.93909 800 -0.0150982 0.12926 27.9997 10.4173 -13 5602 1 0 1
5.03081 2.39018 800 -0.0864884 0.196279 27.9992 10.4173 -13 5603 1 0 1
-5.95615 -6.21375 800 0.366812 -0.267558 27.9963 10.4176 -13 5604 1 0 1
-19.1725 -4.02155 800 0.290657 -0.675285 27.9903 10.4179 -13 5605 1 0 1
18.1375 2.41181 800 -0.145122 0.620817 27.9927 10.4177 -13 5606 1 0 1
6.11192 -1.80383 800 0.0464666 0.1737 27.9994 10.4173 -13 5607 1 0 1
-2.48862 -1.74065 800 0.127127 -0.0781243 27.9996 10.4173 -13 5608 1 0 1
9.30886 4.00362 800 -0.185723 0.306732 27.9977 10.4174 -13 5609 1 0 1
-1.52142 8.12631 800 -0.299408 -0.0088874 27.9984 10.4174 -13 5610 1 0 1
-5.14283 6.46625 800 -0.169319 -0.175452 27.9989 10.4173 -13 5611 1 0 1
9.17542 5.79907 800 -0.316505 0.228388 27.9973 10.4175 -13 5612 1 0 1
-0.0204106 -1.51812 800 -0.0567454 -0.0439638 27.9999 10.4173 -13 5613 1 0 1
2.01027 0.752886 800 -0.0496369 -0.00354943 28 10.4173 -13 5614 1 0 1
-12.2512 -7.62475 800 0.347048 -0.428618 27.9946 10.4176 -13 5615 1 0 1
12.8716 7.00716 800 -0.2381 0.357664 27.9967 10.4175 -13 5616 1 0 1
6.22357 -6.46598 800 0.170373 0.219092 27.9986 10.4173 -13 5617 1 0 1
5.23185 1.03852 800 -0.0795077 0.0952734 27.9997 10.4173 -13 5618 1 0 1
-14.8507 -1.22953 800 0.251762 -0.389226 27.9962 10.4176 -13 5619 1 0 1
-2.51576 0.189233 800 -0.0995471 0.00849859 27.9998 10.4174 -13 5620 1 0 1
1.86085 -0.201364 800 0.0562134 0.129271 27.9996 10.4173 -13 5621 1 0 1
5.0194 2.23071 800 -0.0831786 0.179594 27.9993 10.4173 -13 5622 1 0 1
-2.55833 -2.34503 800 0.160817 -0.0200302 27.9995 10.4173 -13 5623 1 0 1
20.8845 4.94313 800 -0.35191 0.690266 27.9893 10.418 -13 5624 1 0 1
-0.118811 -2.59952 800 0.103162 0.0434412 27.9998 10.4173 -13 5625 1 0 1
11.4436 3.03195 800 -0.160936 0.403005 27.9966 10.4175 -13 5626 1 0 1
-1.26105 -4.4613 800 0.216069 -0.0793096 27.9991 10.4174 -13 5627 1 0 1
-4.36151 -4.74504 800 0.275827 -0.0464745 27.9986 10.4174 -13 5628 1 0 1
-1.94361 -5.93102 800 0.209646 -0.0764979 27.9991 10.4173 -13 5629 1 0 1
3.7525 3.66281 800 -0.20581 0.176137 27.9987 10.4174 -13 5630 1 0 1
3.69564 -0.141068 800 0.0644998 0.088328 27.9998 10.4173 -13 5631 1 0 1
5.85675 1.56226 800 -0.103999 0.250659 27.9987 10.4174 -13 5632 1 0 1
2.43655 -3.76853 800 0.174312 0.132698 27.9991 10.4173 -13 5633 1 0 1
1.18879 -6.19092 800 0.233396 0.0148525 27.999 10.4173 -13 5634 1 0 1
2.60169 -1.94211 800 -0.00572522 0.0291495 28 10.4173 -13 5635 1 0 1
2.70842 0.807964 800 -0.0225763 0.00406566 28 10.4173 -13 5636 1 0 1
-7.8931 -1.51602 800 0.165859 -0.269588 27.9982 10.4174 -13 5637 1 0 1
1.63199 2.40711 800 -0.147387 0.00625935 27.9996 10.4173 -13 5638 1 0 1
14.0431 6.84308 800 -0.351106 0.553816 27.9923 10.4179 -13 5639 1 0 1
11.8171 7.95946 800 -0.343468 0.475008 27.9939 10.4178 -13 5640 1 0 1
-7.41713 -3.75199 800 0.116849 -0.257729 27.9986 10.4174 -13 5641 1 0 1
4.59747 1.84597 800 -0.0390116 0.125097 27.9997 10.4173 -13 5642 1 0 1
-8.37444 -0.542366 800 0.0986687 -0.243942 27.9988 10.4173 -13 5643 1 0 1
-7.6483 -2.57226 800 0.140821 -0.183635 27.999 10.4173 -13 5644 1 0 1
7.06174 -2.73776 800 0.0312837 0.143682 27.9996 10.4173 -13 5645 1 0 1
-7.78803 -2.82309 800 0.126834 -0.218493 27.9989 10.4173 -13 5646 1 0 1
5.95857 0.265702 800 0.0204373 0.114693 27.9998 10.4173 -13 5647 1 0 1
2.84317 1.3618 800 -0.143368 0.0364949 27.9996 10.4173 -13 5648 1 0 1
7.15121 5.36867 800 -0.266079 0.294341 27.9972 10.4175 -13 5649 1 0 1
-4.35635 1.0552 800 0.0370836 -0.081209 27.9999 10.4173 -13 5650 1 0 1
-20.0237 -7.5506 800 0.340344 -0.674141 27.9898 10.4179 -13 5651 1 0 1
10.7699 -3.37377 800 0.0414506 0.313433 27.9982 10.4174 -13 5652 1 0 1
-2.28449 3.66367 800 -0.17557 -0.0793815 27.9993 10.4173 -13 5653 1 0 1
-13.9565 -4.93453 800 0.25907 -0.497048 27.9944 10.4176 -13 5654 1 0 1
-18.8519 -4.35504 800 0.313122 -0.6626 27.9904 10.4179 -13 5655 1 0 1
-8.07554 -3.211 800 0.0916608 -0.293716 27.9983 10.4174 -13 5656 1 0 1
26.42 4.63354 800 -0.338474 0.973184 27.981 10.4186 -13 5657 1 0 1
12.73 6.05628 800 -0.360345 0.454616 27.994 10.4177 -13 5658 1 0 1
-3.76344 2.83937 800 -0.0582131 -0.0347837 27.9999 10.4173 -13 5659 1 0 1
-10.857 -2.42982 800 0.150485 -0.308765 27.9979 10.4174 -13 5660 1 0 1
-7.28015 1.38596 800 0.0364143 -0.272479 27.9987 10.4173 -13 5661 1 0 1
8.51619 1.09344 800 -0.0654605 0.35803 27.9976 10.4174 -13 5662 1 0 1
-10.2526 -3.82263 800 0.145943 -0.3813 27.997 10.4175 -13 5663 1 0 1
-0.501954 -0.654955 800 -0.0465856 -0.0942136 27.9998 10.4173 -13 5664 1 0 1
-8.66904 -10.0527 800 0.380088 -0.362475 27.9951 10.4177 -13 5665 1 0 1
-7.85376 -4.79741 800 0.256737 -0.260695 27.9976 10.4174 -13 5666 1 0 1
11.4959 3.69808 800 -0.183544 0.447857 27.9958 10.4176 -13 5667 1 0 1
3.32559 -0.0219075 800 0.0202199 0.113239 27.9998 10.4173 -13 5668 1 0 1
2.791 -7.42669 800 0.27806 0.0842323 27.9985 10.4174 -13 5669 1 0 1
-12.6699 2.20451 800 -0.049106 -0.466727 27.9961 10.4175 -13 5670 1 0 1
3.71044 -0.685863 800 -0.0354649 0.119898 27.9997 10.4173 -13 5671 1 0 1
2.51083 7.77975 800 -0.230316 0.080803 27.9989 10.4173 -13 5672 1 0 1
-7.80666 -5.73853 800 0.149244 -0.37203 27.9971 10.4176 -13 5673 1 0 1
-9.63368 1.95675 800 -0.112848 -0.225118 27.9989 10.4174 -13 5674 1 0 1
12.8477 2.57738 800 -0.281561 0.43653 27.9952 10.4176 -13 5675 1 0 1
13.3221 5.58201 800 -0.269902 0.592142 27.9924 10.4179 -13 5676 1 0 1
13.3245 0.781742 800 -0.0819473 0.521063 27.995 10.4176 -13 5677 1 0 1
-6.08253 -1.2045 800 0.046907 -0.19969 27.9992 10.4173 -13 5678 1 0 1
-7.45588 -2.48278 800 0.127186 -0.30077 27.9981 10.4174 -13 5679 1 0 1
-8.92914 -6.94183 800 0.392976 -0.246868 27.9962 10.4176 -13 5680 1 0 1
24.5403 10.5595 800 -0.520961 0.895036 27.9808 10.4186 -13 5681 1 0 1
2.29373 -1.48994 800 -0.0262852 0.15883 27.9995 10.4173 -13 5682 1 0 1
5.94819 -0.598318 800 -0.114137 0.185961 27.9991 10.4174 -13 5683 1 0 1
-15.3985 -3.0065 800 0.200541 -0.563637 27.9936 10.4177 -13 5684 1 0 1
7.90798 3.94583 800 -0.238504 0.216699 27.9981 10.4174 -13 5685 1 0 1
-1.13092 1.26803 800 0.0344225 -0.110396 27.9998 10.4173 -13 5686 1 0 1
-1.95271 -2.43179 800 0.114642 -0.116676 27.9995 10.4173 -13 5687 1 0 1
9.64024 4.0806 800 -0.169308 0.259435 27.9983 10.4174 -13 5688 1 0 1
5.44154 4.58416 800 -0.204751 0.227576 27.9983 10.4174 -13 5689 1 0 1
-4.32109 -5.27795 800 0.198517 -0.157262 27.9989 10.4173 -13 5690 1 0 1
9.6285 4.61539 800 -0.23515 0.371257 27.9966 10.4175 -13 5691 1 0 1
-7.58648 -6.08003 800 0.175508 -0.319396 27.9976 10.4175 -13 5692 1 0 1
-13.9258 -6.41967 800 0.338175 -0.566898 27.9922 10.4179 -13 5693 1 0 1
0.656965 6.23051 800 -0.318924 0.101088 27.998 10.4175 -13 5694 1 0 1
10.0289 9.78994 800 -0.462233 0.392058 27.9934 10.4178 -13 5695 1 0 1
-5.62027 -5.56196 800 0.195425 -0.208801 27.9985 10.4174 -13 5696 1 0 1
-5.58569 3.39576 800 -0.079007 -0.218454 27.999 10.4173 -13 5697 1 0 1
-2.79031 0.911116 800 -0.124742 -0.083005 27.9996 10.4173 -13 5698 1 0 1
-0.321867 -1.06643 800 0.0319824 0.0248725 28 10.4173 -13 5699 1 0 1
-11.5817 -5.95961 800 0.247624 -0.476843 27.9948 10.4177 -13 5700 1 0 1
-22.7485 -8.36448 800 0.495216 -0.762445 27.9852 10.4183 -13 5701 1 0 1
-7.35017 -7.53227 800 0.238348 -0.248913 27.9979 10.4174 -13 5702 1 0 1
-14.7171 -1.73549 800 0.104621 -0.468296 27.9959 10.4175 -13 5703 1 0 1
-6.77421 2.4926 800 0.0380772 -0.247302 27.9989 10.4174 -13 5704 1 0 1
-9.3502 -6.03309 800 0.136448 -0.331707 27.9977 10.4175 -13 5705 1 0 1
-1.62478 -0.0854784 800 -0.0327969 -0.0774642 27.9999 10.4173 -13 5706 1 0 1
1.40181 -8.24714 800 0.292418 0.0748762 27.9984 10.4174 -13 5707 1 0 1
5.05744 -1.99199 800 0.0424992 0.0995121 27.9998 10.4173 -13 5708 1 0 1
-10.2691 -4.70933 800 0.0821135 -0.43922 27.9964 10.4177 -13 5709 1 0 1
-14.4694 -3.41504 800 0.207468 -0.585912 27.9931 10.4178 -13 5710 1 0 1
4.5405 2.40693 800 -0.157616 0.206186 27.9988 10.4174 -13 5711 1 0 1
-5.26968 -4.63195 800 0.0636216 -0.208287 27.9992 10.4174 -13 5712 1 0 1
3.7806 3.08934 800 -0.0692982 0.0929731 27.9998 10.4173 -13 5713 1 0 1
14.5307 5.99366 800 -0.292155 0.49776 27.9941 10.4177 -13 5714 1 0 1
-12.5043 -6.42253 800 0.467949 -0.396642 27.9933 10.4179 -13 5715 1 0 1
5.04272 -1.01333 800 0.0741553 0.141725 27.9995 10.4173 -13 5716 1 0 1
-3.03327 -3.45863 800 0.14705 -0.09304 27.9995 10.4173 -13 5717 1 0 1
-12.4806 -9.84226 800 0.491069 -0.412445 27.9927 10.4178 -13 5718 1 0 1
-1.0661 -4.65871 800 0.158276 0.0134564 27.9995 10.4173 -13 5719 1 0 1
-3.91346 -7.59579 800 0.368482 -0.136824 27.9972 10.4175 -13 5720 1 0 1
-6.41733 1.66982 800 -0.0843285 -0.149202 27.9995 10.4173 -13 5721 1 0 1
-18.0204 -4.87755 800 0.257593 -0.693982 27.9902 10.418 -13 5722 1 0 1
0.302469 -0.456837 800 0.0789093 -0.0502947 27.9998 10.4173 -13 5723 1 0 1
6.63176 -7.06694 800 0.315301 0.171469 27.9977 10.4175 -13 5724 1 0 1
1.82557 2.28361 800 -0.19824 0.0165825 27.9993 10.4174 -13 5725 1 0 1
-5.57615 1.37499 800 -0.046652 -0.235366 27.999 10.4173 -13 5726 1 0 1
5.51236 3.6241 800 -0.165657 0.215296 27.9987 10.4174 -13 5727 1 0 1
-5.91864 4.17336 800 -0.0950665 -0.232438 27.9989 10.4173 -13 5728 1 0 1
13.7379 -0.660701 800 -0.0499348 0.442329 27.9965 10.4175 -13 5729 1 0 1
-3.58262 -9.18967 800 0.30342 -0.155923 27.9979 10.4174 -13 5730 1 0 1
-6.43658 -2.67391 800 0.152923 -0.205298 27.9988 10.4173 -13 5731 1 0 1
-1.11968 -1.9097 800 0.148545 -0.0407071 27.9996 10.4173 -13 5732 1 0 1
-12.3041 -9.06322 800 0.463834 -0.328532 27.9942 10.4177 -13 5733 1 0 1
-2.99055 1.68697 800 -0.0168806 -0.0188948 28 10.4173 -13 5734 1 0 1
-6.71315 -7.80184 800 0.289869 -0.242867 27.9974 10.4174 -13 5735 1 0 1
5.54054 -3.16577 800 0.207798 0.184444 27.9986 10.4174 -13 5736 1 0 1
0.694485 3.06685 800 -0.0730867 0.0200051 27.9999 10.4173 -13 5737 1 0 1
13.5141 6.70886 800 -0.324807 0.469367 27.9942 10.4177 -13 5738 1 0 1
5.92575 6.05302 800 -0.234305 0.220684 27.9981 10.4174 -13 5739 1 0 1
16.2975 5.82632 800 -0.384441 0.531671 27.9923 10.4178 -13 5740 1 0 1
-3.02542 -5.76598 800 0.254862 -0.138465 27.9985 10.4174 -13 5741 1 0 1
1.70815 -3.35382 800 0.154477 -0.0255604 27.9996 10.4174 -13 5742 1 0 1
-7.1175 -5.9012 800 0.252568 -0.173371 27.9983 10.4174 -13 5743 1 0 1
-8.47612 -9.46911 800 0.418159 -0.321286 27.995 10.4176 -13 5744 1 0 1
16.6223 0.787968 800 -0.0745005 0.463012 27.9961 10.4175 -13 5745 1 0 1
-1.88902 -2.64901 800 0.156046 -0.0733549 27.9995 10.4173 -13 5746 1 0 1
4.67709 -0.502787 800 0.0169459 0.207015 27.9992 10.4173 -13 5747 1 0 1
1.37789 -2.47988 800 0.0861542 0.0684004 27.9998 10.4173 -13 5748 1 0 1
0.51116 0.348567 800 0.0106273 0.0420783 28 10.4173 -13 5749 1 0 1
2.40265 1.89148 800 -0.0792428 0.0871172 27.9998 10.4173 -13 5750 1 0 1
10.6203 -2.49102 800 0.0737654 0.312949 27.9982 10.4174 -13 5751 1 0 1
-10.0021 -0.104059 800 0.0705328 -0.298091 27.9983 10.4174 -13 5752 1 0 1
4.84208 -3.32677 800 0.197233 0.21198 27.9985 10.4174 -13 5753 1 0 1
-6.78757 2.28609 800 -0.0739219 -0.307145 27.9982 10.4174 -13 5754 1 0 1
-7.50029 -1.88557 800 -0.0102754 -0.246289 27.9989 10.4174 -13 5755 1 0 1
1.77175 -4.86171 800 0.172754 0.114202 27.9992 10.4173 -13 5756 1 0 1
-3.15296 -0.0224836 800 0.025263 -0.171496 27.9995 10.4173 -13 5757 1 0 1
0.566136 0.720036 800 -0.0715442 0.0470934 27.9999 10.4173 -13 5758 1 0 1
0.835336 -4.28508 800 0.210964 0.0126653 27.9992 10.4173 -13 5759 1 0 1
0.192579 -3.47304 800 0.124348 -0.0377125 27.9997 10.4173 -13 5760 1 0 1
0.718101 4.24933 800 -0.199791 -0.00828956 27.9993 10.4173 -13 5761 1 0 1
-0.503595 3.44974 800 -0.0885418 -0.0119683 27.9999 10.4173 -13 5762 1 0 1
-16.1253 -2.93426 800 0.137873 -0.532136 27.9946 10.4176 -13 5763 1 0 1
-2.33729 -1.50277 800 0.0933156 -0.0723669 27.9998 10.4173 -13 5764 1 0 1
3.31671 1.60051 800 -0.113453 0.0954811 27.9996 10.4173 -13 5765 1 0 1
2.52796 -0.233841 800 0.0128692 0.0696625 27.9999 10.4173 -13 5766 1 0 1
5.57385 7.09958 800 -0.280671 0.223173 27.9977 10.4174 -13 5767 1 0 1
-4.47554 2.02506 800 -0.0795046 -0.140091 27.9995 10.4173 -13 5768 1 0 1
2.55315 -5.00927 800 0.210838 0.0844197 27.9991 10.4173 -13 5769 1 0 1
0.544725 2.30782 800 -0.116715 0.0641601 27.9997 10.4173 -13 5770 1 0 1
1.96261 -2.60792 800 0.0617554 -0.00224722 27.9999 10.4173 -13 5771 1 0 1
3.94342 -1.83627 800 0.0241522 0.131124 27.9997 10.4173 -13 5772 1 0 1
-5.69251 -2.27748 800 0.0962165 -0.297475 27.9983 10.4175 -13 5773 1 0 1
0.556729 4.73016 800 -0.207342 0.0108084 27.9992 10.4173 -13 5774 1 0 1
3.9218 4.21889 800 -0.179253 0.122764 27.9992 10.4173 -13 5775 1 0 1
4.5182 5.15202 800 -0.208876 0.146848 27.9988 10.4173 -13 5776 1 0 1
-1.64755 1.5712 800 -0.165003 -0.0334201 27.9995 10.4174 -13 5777 1 0 1
1.77098 1.73118 800 -0.116059 0.0966752 27.9996 10.4173 -13 5778 1 0 1
3.39841 1.451 800 0.0349759 0.165594 27.9995 10.4174 -13 5779 1 0 1
-4.33633 -2.63474 800 0.152537 -0.147758 27.9992 10.4173 -13 5780 1 0 1
-9.2169 -5.85509 800 0.220604 -0.240263 27.9981 10.4174 -13 5781 1 0 1
8.46211 0.212666 800 -0.0154672 0.299024 27.9984 10.4174 -13 5782 1 0 1
4.97371 2.3106 800 -0.160296 0.113423 27.9993 10.4173 -13 5783 1 0 1
11.813 -0.855585 800 0.00579581 0.369784 27.9976 10.4174 -13 5784 1 0 1
13.4025 5.08118 800 -0.238486 0.426739 27.9957 10.4175 -13 5785 1 0 1
2.15226 7.52811 800 -0.371738 0.053016 27.9975 10.4175 -13 5786 1 0 1
-8.32237 -0.104033 800 0.0684597 -0.320131 27.9981 10.4174 -13 5787 1 0 1
3.46577 5.53823 800 -0.304514 0.114811 27.9981 10.4174 -13 5788 1 0 1
-14.727 0.979158 800 0.0977227 -0.467624 27.9959 10.4175 -13 5789 1 0 1
15.4603 3.22891 800 -0.122798 0.459057 27.996 10.4175 -13 5790 1 0 1
-9.80089 -3.74745 800 0.253138 -0.294161 27.9973 10.4174 -13 5791 1 0 1
-7.6021 -0.894016 800 -0.0203265 -0.250632 27.9989 10.4174 -13 5792 1 0 1
2.72397 -5.49815 800 0.287176 -0.0434342 27.9985 10.4176 -13 5793 1 0 1
4.10267 3.5109 800 -0.190407 0.194114 27.9987 10.4174 -13 5794 1 0 1
6.33742 4.04133 800 -0.170463 0.352005 27.9973 10.4176 -13 5795 1 0 1
-1.46435 -0.129822 800 0.0425865 -0.0904309 27.9998 10.4173 -13 5796 1 0 1
7.93475 10.0487 800 -0.468754 0.33877 27.994 10.4178 -13 5797 1 0 1
10.5864 -0.875608 800 -0.156961 0.475707 27.9955 10.4177 -13 5798 1 0 1
-5.29626 -3.80603 800 0.163448 -0.22194 27.9986 10.4174 -13 5799 1 0 1
-9.2965 0.71259 800 0.0406783 -0.278831 27.9986 10.4173 -13 5800 1 0 1
-4.32854 -3.77045 800 0.223673 -0.171551 27.9986 10.4174 -13 5801 1 0 1
9.27265 1.3238 800 -0.166665 0.322269 27.9976 10.4174 -13 5802 1 0 1
-5.15612 1.316 800 -0.0495332 -0.169227 27.9994 10.4173 -13 5803 1 0 1
-5.27232 1.31386 800 -0.0590157 -0.209126 27.9992 10.4173 -13 5804 1 0 1
10.9936 6.91178 800 -0.340245 0.400699 27.9951 10.4176 -13 5805 1 0 1
10.4748 4.77475 800 -0.282612 0.391672 27.9958 10.4176 -13 5806 1 0 1
-4.59273 -2.21045 800 0.0978843 -0.246872 27.9987 10.4174 -13 5807 1 0 1
-0.167963 -2.6465 800 0.174757 -0.0701616 27.9994 10.4174 -13 5808 1 0 1
-15.3038 -7.47269 800 0.312152 -0.479687 27.9942 10.4176 -13 5809 1 0 1
-6.23217 -7.79373 800 0.307381 -0.287497 27.9968 10.4176 -13 5810 1 0 1
4.93143 -4.14456 800 0.222963 0.178434 27.9985 10.4174 -13 5811 1 0 1
-17.3734 -6.19199 800 0.356312 -0.707205 27.9888 10.4182 -13 5812 1 0 1
6.95617 4.04681 800 -0.212517 0.16627 27.9987 10.4173 -13 5813 1 0 1
-1.02027 -0.201666 800 0.0630813 0.0893968 27.9998 10.4174 -13 5814 1 0 1
-6.93509 -5.51617 800 0.236848 -0.271637 27.9977 10.4174 -13 5815 1 0 1
0.57297 -3.61274 800 0.129916 -0.00646189 27.9997 10.4173 -13 5816 1 0 1
-8.41367 -3.04132 800 0.0950511 -0.237576 27.9988 10.4173 -13 5817 1 0 1
-5.27763 -8.02834 800 0.319516 -0.100827 27.998 10.4174 -13 5818 1 0 1
-0.9106 -2.72229 800 0.183877 0.0159738 27.9994 10.4173 -13 5819 1 0 1
16.211 7.00431 800 -0.388504 0.537848 27.9921 10.4178 -13 5820 1 0 1
-13.5984 3.52055 800 -0.0224093 -0.379401 27.9974 10.4174 -13 5821 1 0 1
-11.1859 -3.11797 800 0.211516 -0.348265 27.997 10.4174 -13 5822 1 0 1
16.0597 6.84857 800 -0.236824 0.534308 27.9939 10.4177 -13 5823 1 0 1
-6.48269 -6.09931 800 0.286465 -0.322071 27.9967 10.4176 -13 5824 1 0 1
-12.6858 -9.52275 800 0.451335 -0.465342 27.9925 10.4178 -13 5825 1 0 1
10.751 4.27882 800 -0.219029 0.413782 27.9961 10.4175 -13 5826 1 0 1
-17.8802 -0.826688 800 0.0870463 -0.584282 27.9938 10.4177 -13 5827 1 0 1
-4.80609 -6.46973 800 0.269207 -0.124409 27.9984 10.4174 -13 5828 1 0 1
6.70406 8.33925 800 -0.439523 0.256419 27.9954 10.4177 -13 5829 1 0 1
-7.66562 -0.958296 800 0.0553296 -0.288997 27.9985 10.4174 -13 5830 1 0 1
7.47089 -1.96723 800 0.119901 0.203271 27.999 10.4174 -13 5831 1 0 1
3.69327 -4.72578 800 0.109313 0.128266 27.9995 10.4173 -13 5832 1 0 1
10.4029 3.79761 800 -0.168784 0.422788 27.9963 10.4176 -13 5833 1 0 1
3.38929 -3.72523 800 0.124215 0.0583262 27.9997 10.4173 -13 5834 1 0 1
-1.78777 -0.154643 800 -0.0669871 -0.115487 27.9997 10.4173 -13 5835 1 0 1
13.777 0.744482 800 -0.0980823 0.440073 27.9964 10.4175 -13 5836 1 0 1
-6.26115 -5.16938 800 0.242154 -0.156434 27.9985 10.4174 -13 5837 1 0 1
-6.51814 2.47696 800 -0.0799971 -0.236259 27.9989 10.4173 -13 5838 1 0 1
-8.71573 -4.79786 800 0.251967 -0.384176 27.9962 10.4176 -13 5839 1 0 1
-7.90494 -2.06032 800 0.0984101 -0.218929 27.999 10.4173 -13 5840 1 0 1
-1.00162 2.92011 800 -0.173232 -0.0326579 27.9994 10.4173 -13 5841 1 0 1
-13.0172 -10.1922 800 0.501232 -0.457792 27.9918 10.4179 -13 5842 1 0 1
-3.27413 -1.6572 800 0.100609 -0.108353 27.9996 10.4173 -13 5843 1 0 1
3.16763 -1.64145 800 -0.0342574 0.0598277 27.9999 10.4173 -13 5844 1 0 1
-5.23837 -3.77796 800 0.1585 -0.0994543 27.9994 10.4173 -13 5845 1 0 1
3.40379 -1.32981 800 0.0872673 0.136933 27.9995 10.4173 -13 5846 1 0 1
9.74226 2.98878 800 -0.205362 0.422916 27.9961 10.4176 -13 5847 1 0 1
9.14761 3.05614 800 -0.268944 0.276781 27.9973 10.4175 -13 5848 1 0 1
-8.36061 0.683922 800 0.0154464 -0.321977 27.9981 10.4174 -13 5849 1 0 1
6.20612 1.00428 800 -0.118467 0.231207 27.9988 10.4173 -13 5850 1 0 1
0.400097 2.2086 800 -0.082912 -0.0313187 27.9999 10.4173 -13 5851 1 0 1
-4.22395 -5.61847 800 0.158759 -0.126616 27.9993 10.4173 -13 5852 1 0 1
-4.78309 -1.67874 800 0.0211754 -0.10418 27.9998 10.4173 -13 5853 1 0 1
-8.79996 -6.85212 800 0.343416 -0.358694 27.9956 10.4176 -13 5854 1 0 1
16.6664 -2.60969 800 0.0388978 0.590309 27.9937 10.4177 -13 5855 1 0 1
6.93248 12.9666 800 -0.479511 0.309065 27.9942 10.4178 -13 5856 1 0 1
-0.742251 -4.29918 800 0.191 0.018526 27.9993 10.4173 -13 5857 1 0 1
-4.52647 -11.9424 800 0.480801 -0.195489 27.9952 10.4177 -13 5858 1 0 1
10.9921 3.70774 800 -0.182202 0.383356 27.9968 10.4175 -13 5859 1 0 1
3.63094 2.14957 800 -0.0705001 0.169709 27.9994 10.4173 -13 5860 1 0 1
1.85823 1.24902 800 -0.0544383 0.0698588 27.9999 10.4173 -13 5861 1 0 1
-8.24757 0.0732903 800 -0.00373833 -0.307566 27.9983 10.4174 -13 5862 1 0 1
3.98502 0.8752 800 -0.115492 0.21239 27.999 10.4174 -13 5863 1 0 1
5.7982 4.27592 800 -0.204732 0.198317 27.9985 10.4174 -13 5864 1 0 1
6.59483 4.88491 800 -0.217592 0.171271 27.9986 10.4173 -13 5865 1 0 1
-0.582764 -0.178301 800 0.0497593 0.0380806 27.9999 10.4173 -13 5866 1 0 1
1.45294 2.73434 800 -0.057533 0.0357116 27.9999 10.4173 -13 5867 1 0 1
0.224825 1.88051 800 -0.0702947 -0.101579 27.9997 10.4173 -13 5868 1 0 1
-1.53062 1.65037 800 -0.118122 -0.0712001 27.9997 10.4173 -13 5869 1 0 1
1.71373 3.65059 800 -0.135683 0.0173627 27.9997 10.4173 -13 5870 1 0 1
3.20108 -7.7138 800 0.281493 0.129667 27.9983 10.4174 -13 5871 1 0 1
8.48751 1.31487 800 -0.055379 0.356112 27.9977 10.4175 -13 5872 1 0 1
2.7078 -2.15034 800 0.084354 0.154223 27.9994 10.4173 -13 5873 1 0 1
-8.75181 -1.92999 800 0.174859 -0.281383 27.998 10.4174 -13 5874 1 0 1
11.1873 -1.18041 800 0.0377553 0.391108 27.9972 10.4175 -13 5875 1 0 1
4.43276 2.20484 800 -0.146985 0.16119 27.9992 10.4173 -13 5876 1 0 1
6.18447 0.484665 800 -0.0404049 0.161895 27.9995 10.4173 -13 5877 1 0 1
5.31793 -1.19272 800 0.0286897 0.126959 27.9997 10.4173 -13 5878 1 0 1
-9.15449 0.955177 800 0.0843636 -0.348687 27.9977 10.4174 -13 5879 1 0 1
-4.42566 -1.34183 800 0.0561175 -0.111446 27.9997 10.4173 -13 5880 1 0 1
0.824833 -4.76199 800 0.0954704 0.0622311 27.9998 10.4173 -13 5881 1 0 1
5.6262 2.85596 800 -0.163529 0.154318 27.9991 10.4173 -13 5882 1 0 1
-2.8361 -0.173148 800 0.0377411 -0.0883598 27.9998 10.4173 -13 5883 1 0 1
-3.1195 -2.05793 800 0.121525 -0.124571 27.9995 10.4173 -13 5884 1 0 1
-29.7196 -9.61529 800 0.564023 -0.991332 27.9768 10.4188 -13 5885 1 0 1
-12.5512 0.706687 800 0.0256425 -0.427546 27.9967 10.4175 -13 5886 1 0 1
7.16385 -4.17923 800 0.126209 0.240407 27.9987 10.4173 -13 5887 1 0 1
-7.03397 0.569748 800 -0.0171888 -0.206911 27.9992 10.4173 -13 5888 1 0 1
-1.99277 -5.97544 800 0.267079 -0.11298 27.9985 10.4174 -13 5889 1 0 1
-3.02289 -6.15875 800 0.299382 -0.110213 27.9982 10.4174 -13 5890 1 0 1
2.90729 -0.48183 800 0.00933543 0.0339009 28 10.4173 -13 5891 1 0 1
-13.7742 -10.1704 800 0.540438 -0.562621 27.9891 10.4182 -13 5892 1 0 1
11.7715 3.51918 800 -0.151357 0.369491 27.9972 10.4174 -13 5893 1 0 1
-4.32848 -1.25743 800 0.123454 -0.224366 27.9988 10.4174 -13 5894 1 0 1
-1.97406 0.464043 800 0.0453365 -0.0156453 28 10.4173 -13 5895 1 0 1
-0.480108 -3.26429 800 0.173243 0.00297932 27.9995 10.4173 -13 5896 1 0 1
-1.23635 0.50501 800 -0.0601988 -0.0175036 27.9999 10.4173 -13 5897 1 0 1
-14.1657 -9.01263 800 0.398865 -0.524861 27.9922 10.4178 -13 5898 1 0 1
-13.5928 -1.7541 800 0.0782708 -0.42272 27.9967 10.4175 -13 5899 1 0 1
18.0798 5.78567 800 -0.35867 0.602841 27.9912 10.4178 -13 5900 1 0 1
0.796865 -2.23578 800 0.0422267 -0.0460637 27.9999 10.4173 -13 5901 1 0 1
-7.72123 -0.346323 800 0.04985 -0.26286 27.9987 10.4173 -13 5902 1 0 1
4.78078 4.20006 800 -0.349119 0.113823 27.9976 10.4176 -13 5903 1 0 1
3.0998 3.52872 800 -0.11768 0.147736 27.9994 10.4173 -13 5904 1 0 1
13.3807 3.0491 800 -0.163951 0.456668 27.9958 10.4175 -13 5905 1 0 1
0.893541 0.603334 800 0.000359625 -0.014254 28 10.4173 -13 5906 1 0 1
4.08811 8.38536 800 -0.434914 0.142695 27.9963 10.4176 -13 5907 1 0 1
6.15044 -3.5355 800 0.16936 0.289475 27.998 10.4175 -13 5908 1 0 1
4.95871 -3.04881 800 -0.00835544 0.136978 27.9997 10.4173 -13 5909 1 0 1
4.41761 -4.25151 800 0.149813 0.186964 27.999 10.4173 -13 5910 1 0 1
-10.5164 2.7212 800 -0.051046 -0.368211 27.9975 10.4174 -13 5911 1 0 1
12.7418 0.388986 800 -0.0694368 0.568274 27.9941 10.4178 -13 5912 1 0 1
-1.25245 2.58297 800 -0.207315 -0.0394896 27.9992 10.4174 -13 5913 1 0 1
7.84108 3.00395 800 -0.19065 0.344524 27.9972 10.4175 -13 5914 1 0 1
6.55486 1.75869 800 -0.0780875 0.220318 27.999 10.4173 -13 5915 1 0 1
-9.7335 0.363986 800 0.0625898 -0.444233 27.9964 10.4176 -13 5916 1 0 1
5.093 -1.54058 800 0.0942139 0.173701 27.9993 10.4173 -13 5917 1 0 1
5.22191 1.60552 800 -0.106592 0.195497 27.9991 10.4173 -13 5918 1 0 1
-6.30832 0.417904 800 0.172691 -0.274573 27.9981 10.4175 -13 5919 1 0 1
-6.08299 -0.644681 800 0.0931361 -0.234856 27.9989 10.4173 -13 5920 1 0 1
0.280753 5.00652 800 -0.155235 0.0555002 27.9995 10.4173 -13 5921 1 0 1
11.8643 -3.98618 800 0.147638 0.350604 27.9974 10.4175 -13 5922 1 0 1
-7.39307 4.25427 800 -0.216444 -0.14239 27.9988 10.4175 -13 5923 1 0 1
-7.55564 -3.32096 800 0.153191 -0.132345 27.9993 10.4173 -13 5924 1 0 1
-4.64145 1.64903 800 -0.00494877 -0.114524 27.9998 10.4173 -13 5925 1 0 1
-9.8084 -7.29942 800 0.230865 -0.321922 27.9972 10.4175 -13 5926 1 0 1
16.428 4.04949 800 -0.249903 0.602446 27.9924 10.4178 -13 5927 1 0 1
-1.89055 3.22285 800 -0.117005 -0.0737348 27.9997 10.4173 -13 5928 1 0 1
12.0796 3.86816 800 -0.285283 0.278975 27.9972 10.4175 -13 5929 1 0 1
-12.0766 -1.63273 800 0.140699 -0.322432 27.9978 10.4174 -13 5930 1 0 1
4.3702 -3.15101 800 0.179579 0.131837 27.9991 10.4174 -13 5931 1 0 1
3.61982 1.2801 800 0.0355327 0.0900757 27.9998 10.4173 -13 5932 1 0 1
10.4525 5.08103 800 -0.276011 0.314327 27.9969 10.4175 -13 5933 1 0 1
4.58534 4.03455 800 -0.290196 0.178442 27.9979 10.4175 -13 5934 1 0 1
-6.2807 -4.02695 800 0.259762 -0.209047 27.998 10.4174 -13 5935 1 0 1
-11.5351 -1.12385 800 0.0973255 -0.370766 27.9974 10.4174 -13 5936 1 0 1
-1.11224 -5.53895 800 0.287877 -0.0552914 27.9985 10.4174 -13 5937 1 0 1
5.17307 0.107278 800 -0.127985 0.243951 27.9986 10.4174 -13 5938 1 0 1
8.17369 6.96116 800 -0.255799 0.347534 27.9967 10.4176 -13 5939 1 0 1
-10.3756 -4.60475 800 0.312998 -0.420497 27.9951 10.4177 -13 5940 1 0 1
-18.4517 -2.81071 800 0.141031 -0.636118 27.9924 10.4178 -13 5941 1 0 1
1.70003 -0.52173 800 0.0322878 -0.0226783 28 10.4173 -13 5942 1 0 1
-13.5456 -0.456161 800 0.107355 -0.473927 27.9958 10.4175 -13 5943 1 0 1
9.31612 6.02652 800 -0.302642 0.42119 27.9952 10.4177 -13 5944 1 0 1
19.4084 -4.58159 800 0.0853614 0.617137 27.9931 10.4177 -13 5945 1 0 1
-6.66961 1.44581 800 0.115154 -0.285015 27.9983 10.4175 -13 5946 1 0 1
-6.09663 -4.46821 800 0.164958 -0.138831 27.9992 10.4173 -13 5947 1 0 1
-3.99459 -0.732565 800 0.155867 -0.119275 27.9993 10.4174 -13 5948 1 0 1
2.09118 3.06074 800 -0.186045 -0.0751915 27.9993 10.4174 -13 5949 1 0 1
-8.03405 -1.88583 800 0.0349273 -0.32707 27.9981 10.4174 -13 5950 1 0 1
29.0015 11.2776 800 -0.641306 0.960155 27.9762 10.4188 -13 5951 1 0 1
6.01837 7.65721 800 -0.360888 0.212128 27.9969 10.4175 -13 5952 1 0 1
0.756554 -1.09529 800 0.0483011 0.00690037 28 10.4173 -13 5953 1 0 1
-12.2224 -4.32729 800 0.231962 -0.454141 27.9954 10.4176 -13 5954 1 0 1
11.7875 1.43506 800 -0.114435 0.390555 27.997 10.4174 -13 5955 1 0 1
8.93941 7.8976 800 -0.381229 0.352094 27.9952 10.4177 -13 5956 1 0 1
-4.55025 -3.02614 800 0.0341548 -0.112291 27.9998 10.4173 -13 5957 1 0 1
-6.30993 1.31695 800 -0.0516876 -0.185385 27.9993 10.4173 -13 5958 1 0 1
16.0124 -0.666039 800 -0.0388046 0.640957 27.9926 10.4178 -13 5959 1 0 1
-4.2577 -3.27191 800 0.193388 -0.124524 27.9991 10.4173 -13 5960 1 0 1
-4.55611 -0.0867895 800 -0.0162472 -0.135197 27.9997 10.4173 -13 5961 1 0 1
-0.686663 -2.36107 800 0.135791 -0.127954 27.9994 10.4174 -13 5962 1 0 1
17.5758 -0.76659 800 -0.135722 0.605906 27.9931 10.4177 -13 5963 1 0 1
24.4849 0.311593 800 -0.146831 0.830401 27.9873 10.4181 -13 5964 1 0 1
-13.259 -5.5901 800 0.365109 -0.42354 27.9944 10.4177 -13 5965 1 0 1
-8.3811 -0.766114 800 0.0686253 -0.309116 27.9982 10.4174 -13 5966 1 0 1
-5.36696 -6.43927 800 0.326615 -0.215621 27.9973 10.4175 -13 5967 1 0 1
-7.41269 -2.73495 800 0.0787861 -0.323393 27.998 10.4174 -13 5968 1 0 1
15.6098 -1.10632 800 -0.0813071 0.472121 27.9959 10.4175 -13 5969 1 0 1
12.439 5.64093 800 -0.300888 0.440624 27.9949 10.4176 -13 5970 1 0 1
3.25392 0.987216 800 -0.0878006 0.110066 27.9996 10.4173 -13 5971 1 0 1
6.33948 0.269425 800 -0.0423994 0.295531 27.9984 10.4174 -13 5972 1 0 1
11.4675 -0.617774 800 0.0455309 0.375611 27.9974 10.4175 -13 5973 1 0 1
-10.0538 -5.33518 800 0.285054 -0.332552 27.9966 10.4175 -13 5974 1 0 1
0.735508 1.95482 800 -0.0927658 0.0591394 27.9998 10.4173 -13 5975 1 0 1
-20.0047 -4.65845 800 0.327632 -0.653786 27.9904 10.4179 -13 5976 1 0 1
4.24512 2.60049 800 -0.0935987 0.0898061 27.9997 10.4173 -13 5977 1 0 1
9.23712 0.369547 800 -0.0567247 0.299147 27.9983 10.4174 -13 5978 1 0 1
4.99371 -2.39525 800 0.0761333 0.17653 27.9993 10.4173 -13 5979 1 0 1
4.85336 0.0520738 800 -0.0630336 0.140348 27.9996 10.4173 -13 5980 1 0 1
6.56857 0.549814 800 -0.08469 0.246723 27.9988 10.4173 -13 5981 1 0 1
9.76621 0.338727 800 -0.153875 0.253355 27.9984 10.4174 -13 5982 1 0 1
13.0308 5.43689 800 -0.209131 0.487709 27.995 10.4176 -13 5983 1 0 1
10.2443 -2.23936 800 0.0357386 0.336191 27.998 10.4174 -13 5984 1 0 1
-0.907939 -2.66501 800 0.14646 0.0200449 27.9996 10.4173 -13 5985 1 0 1
-2.37124 -0.350183 800 0.00269172 -0.0616632 27.9999 10.4173 -13 5986 1 0 1
4.54834 2.71151 800 -0.0596578 0.200741 27.9992 10.4173 -13 5987 1 0 1
-6.03778 -0.509729 800 0.0492565 -0.212236 27.9992 10.4173 -13 5988 1 0 1
2.30988 -3.1477 800 0.236172 0.0642181 27.9989 10.4174 -13 5989 1 0 1
14.7679 5.54744 800 -0.348025 0.464157 27.994 10.4177 -13 5990 1 0 1
-8.58317 2.65494 800 -0.0414125 -0.342853 27.9979 10.4174 -13 5991 1 0 1
7.2935 -0.12774 800 0.0263962 0.18436 27.9994 10.4173 -13 5992 1 0 1
-12.1587 -2.24027 800 0.187533 -0.461393 27.9956 10.4176 -13 5993 1 0 1
-5.28751 -0.0371271 800 0.0755159 -0.221997 27.999 10.4173 -13 5994 1 0 1
7.89738 1.94949 800 -0.0210408 0.265093 27.9987 10.4174 -13 5995 1 0 1
3.98721 -0.541235 800 0.00696927 0.184584 27.9994 10.4173 -13 5996 1 0 1
-0.909329 -2.09549 800 0.106307 -0.0101879 27.9998 10.4173 -13 5997 1 0 1
0.174475 2.40946 800 -0.12188 0.0374026 27.9997 10.4173 -13 5998 1 0 1
3.66575 5.17574 800 -0.168438 0.163555 27.999 10.4174 -13 5999 1 0 1
5.60973 2.5184 800 -0.0148779 0.218436 27.9991 10.4174 -13 6000 1 0 1
6.95891 5.76713 800 -0.259095 0.263598 27.9976 10.4174 -13 6001 1 0 1
-15.358 -6.76239 800 0.189238 -0.485611 27.9951 10.4176 -13 6002 1 0 1
0.422153 -3.02036 800 0.144689 -0.0372512 27.9996 10.4173 -13 6003 1 0 1
7.38593 1.14924 800 -0.109773 0.32715 27.9979 10.4174 -13 6004 1 0 1
-3.92949 0.340411 800 -0.0129627 -0.153553 27.9996 10.4173 -13 6005 1 0 1
-13.5791 -4.36661 800 0.203902 -0.444159 27.9957 10.4175 -13 6006 1 0 1
7.73417 10.2162 800 -0.537779 0.198543 27.9941 10.4178 -13 6007 1 0 1
-1.98839 4.46668 800 7.0416e-05 -0.0370099 28 10.4174 -13 6008 1 0 1
-1.01894 -2.765 800 0.178612 -0.0803316 27.9993 10.4174 -13 6009 1 0 1
-0.14732 2.02493 800 -0.0843139 0.0371984 27.9998 10.4173 -13 6010 1 0 1
-2.58594 7.0273 800 -0.195349 -0.0144608 27.9993 10.4174 -13 6011 1 0 1
-4.75501 2.0111 800 0.00679706 -0.234982 27.999 10.4174 -13 6012 1 0 1
-6.38022 -0.222209 800 -0.0794221 -0.24132 27.9988 10.4174 -13 6013 1 0 1
-0.574866 0.380009 800 0.0144282 -0.0645755 27.9999 10.4173 -13 6014 1 0 1
5.62305 3.24372 800 -0.111819 0.257146 27.9986 10.4174 -13 6015 1 0 1
-9.09703 -0.986901 800 0.177457 -0.297547 27.9979 10.4174 -13 6016 1 0 1
-2.06498 0.497834 800 0.0297177 -0.0280421 28 10.4173 -13 6017 1 0 1
2.57691 2.98943 800 -0.0974583 0.0742869 27.9997 10.4173 -13 6018 1 0 1
16.4074 3.77356 800 -0.20031 0.608067 27.9927 10.4178 -13 6019 1 0 1
12.4591 -4.32446 800 -0.00388914 0.354604 27.9978 10.4174 -13 6020 1 0 1
6.56091 -4.30738 800 0.196723 0.379485 27.9967 10.4176 -13 6021 1 0 1
-5.11171 -5.67695 800 0.325363 -0.138332 27.9978 10.4175 -13 6022 1 0 1
4.07192 -0.505426 800 -0.00120441 0.11521 27.9998 10.4173 -13 6023 1 0 1
7.23508 0.732205 800 -0.0274488 0.218828 27.9991 10.4173 -13 6024 1 0 1
10.1171 4.53572 800 -0.279303 0.357932 27.9963 10.4175 -13 6025 1 0 1
-8.64585 -4.77704 800 0.312117 -0.280181 27.9969 10.4175 -13 6026 1 0 1
3.09889 -6.8466 800 0.177642 0.126718 27.9991 10.4173 -13 6027 1 0 1
-15.1833 -0.59787 800 0.0234343 -0.476513 27.9959 10.4176 -13 6028 1 0 1
-10.5387 -6.41492 800 0.3524 -0.402749 27.9949 10.4177 -13 6029 1 0 1
18.3362 2.40778 800 -0.0500329 0.55406 27.9945 10.4177 -13 6030 1 0 1
6.38732 2.49386 800 -0.205006 0.219954 27.9984 10.4174 -13 6031 1 0 1
-4.70399 -2.31966 800 0.160284 -0.168394 27.999 10.4173 -13 6032 1 0 1
-4.91305 -6.85968 800 0.299475 -0.245604 27.9973 10.4175 -13 6033 1 0 1
-18.6252 -3.75114 800 0.190709 -0.574247 27.9935 10.4177 -13 6034 1 0 1
13.5572 1.79019 800 -0.119286 0.476832 27.9957 10.4175 -13 6035 1 0 1
-10.2044 -4.6892 800 0.266614 -0.389269 27.996 10.4176 -13 6036 1 0 1
2.34824 3.50161 800 -0.219633 0.0784224 27.999 10.4174 -13 6037 1 0 1
-4.13257 -2.81241 800 0.107294 -0.161062 27.9993 10.4173 -13 6038 1 0 1
-6.44898 -2.78301 800 0.0641761 -0.216974 27.9991 10.4173 -13 6039 1 0 1
-1.04007 -1.62537 800 -0.040054 -0.0166631 28 10.4173 -13 6040 1 0 1
-16.8507 -7.61846 800 0.420951 -0.51469 27.9921 10.4178 -13 6041 1 0 1
-8.4566 -4.95874 800 0.127409 -0.271979 27.9984 10.4174 -13 6042 1 0 1
11.2525 1.47285 800 -0.0751226 0.495395 27.9955 10.4177 -13 6043 1 0 1
15.1662 3.92588 800 -0.155959 0.463644 27.9957 10.4175 -13 6044 1 0 1
-7.11964 -4.37936 800 0.19745 -0.219472 27.9984 10.4174 -13 6045 1 0 1
10.5391 5.59134 800 -0.275034 0.37095 27.9962 10.4175 -13 6046 1 0 1
9.68173 0.558146 800 -0.0877868 0.342946 27.9978 10.4174 -13 6047 1 0 1
2.92921 8.13229 800 -0.395256 0.0687676 27.9971 10.4175 -13 6048 1 0 1
-10.0353 -6.46693 800 0.306695 -0.255829 27.9972 10.4174 -13 6049 1 0 1
6.45181 0.0220306 800 -0.0862758 0.176549 27.9993 10.4173 -13 6050 1 0 1
18.9459 2.52327 800 -0.0694988 0.70946 27.9909 10.418 -13 6051 1 0 1
3.4491 6.91841 800 -0.277728 0.100687 27.9984 10.4174 -13 6052 1 0 1
0.958881 -0.166064 800 -0.0216672 0.0836198 27.9999 10.4173 -13 6053 1 0 1
4.30158 -3.46892 800 0.139474 0.178192 27.9991 10.4173 -13 6054 1 0 1
4.77398 -0.200625 800 -0.0205403 0.233654 27.999 10.4173 -13 6055 1 0 1
-7.27354 1.23755 800 -0.0480526 -0.212089 27.9992 10.4173 -13 6056 1 0 1
9.237 -0.619154 800 -0.0677268 0.295157 27.9984 10.4174 -13 6057 1 0 1
19.522 3.52552 800 -0.293745 0.654852 27.9908 10.4179 -13 6058 1 0 1
7.67436 4.22019 800 -0.182138 0.325466 27.9975 10.4175 -13 6059 1 0 1
9.95716 -1.58664 800 -0.0289951 0.311361 27.9983 10.4174 -13 6060 1 0 1
-4.71577 6.99212 800 -0.115215 -0.133848 27.9994 10.4173 -13 6061 1 0 1
-0.98933 3.63919 800 -0.0948522 0.0318843 27.9998 10.4173 -13 6062 1 0 1
-10.6443 -5.14127 800 0.149309 -0.278258 27.9982 10.4174 -13 6063 1 0 1
-6.74769 -7.60764 800 0.330125 -0.193776 27.9974 10.4174 -13 6064 1 0 1
12.1267 2.23381 800 -0.0459954 0.384511 27.9973 10.4175 -13 6065 1 0 1
-17.3573 -2.89347 800 0.214523 -0.615219 27.9924 10.4178 -13 6066 1 0 1
-5.4897 4.00434 800 -0.178008 -0.154564 27.999 10.4174 -13 6067 1 0 1
13.5661 0.137411 800 0.0258693 0.518953 27.9952 10.4177 -13 6068 1 0 1
-4.03316 -3.44803 800 0.15289 -0.131445 27.9993 10.4173 -13 6069 1 0 1
10.8588 1.78136 800 -0.133839 0.375272 27.9972 10.4174 -13 6070 1 0 1
7.7728 -3.5095 800 0.0608497 0.33542 27.9979 10.4174 -13 6071 1 0 1
-13.4717 -3.06893 800 0.154614 -0.435516 27.9962 10.4175 -13 6072 1 0 1
2.39642 3.16211 800 -0.139563 0.109817 27.9994 10.4173 -13 6073 1 0 1
5.21297 6.3855 800 -0.176454 0.30508 27.9978 10.4176 -13 6074 1 0 1
-14.5268 -4.2874 800 0.21007 -0.497351 27.9948 10.4176 -13 6075 1 0 1
-12.9399 -3.45248 800 0.230899 -0.428222 27.9958 10.4175 -13 6076 1 0 1
5.14716 6.33178 800 -0.16758 0.220819 27.9986 10.4174 -13 6077 1 0 1
-4.22495 -4.68774 800 0.184836 -0.0989053 27.9992 10.4173 -13 6078 1 0 1
11.1011 7.55463 800 -0.465868 0.385979 27.9935 10.4178 -13 6079 1 0 1
5.95969 2.30672 800 -0.164068 0.252349 27.9984 10.4174 -13 6080 1 0 1
11.181 3.36582 800 -0.0997969 0.395753 27.997 10.4175 -13 6081 1 0 1
11.281 7.79587 800 -0.477529 0.464355 27.9921 10.418 -13 6082 1 0 1
8.26034 2.35885 800 -0.132766 0.279248 27.9983 10.4174 -13 6083 1 0 1
-14.0246 -1.20462 800 0.0724006 -0.434317 27.9965 10.4175 -13 6084 1 0 1
7.36736 -1.80183 800 -0.0612503 0.230148 27.999 10.4173 -13 6085 1 0 1
-18.486 -7.70721 800 0.352077 -0.61534 27.991 10.4178 -13 6086 1 0 1
7.30599 1.07629 800 -0.0734406 0.288622 27.9984 10.4174 -13 6087 1 0 1
-5.91066 4.2655 800 -0.163482 -0.0817658 27.9994 10.4174 -13 6088 1 0 1
-1.99767 0.394099 800 0.0587398 -0.0640969 27.9999 10.4173 -13 6089 1 0 1
-2.62168 -4.19771 800 0.102032 -0.0965598 27.9996 10.4173 -13 6090 1 0 1
1.46831 4.74492 800 -0.194009 0.00142178 27.9993 10.4173 -13 6091 1 0 1
2.0688 0.234965 800 0.0150834 0.0924697 27.9998 10.4173 -13 6092 1 0 1
10.5836 2.20432 800 -0.176225 0.433166 27.9961 10.4176 -13 6093 1 0 1
1.42106 0.836833 800 -0.0201309 0.0840327 27.9999 10.4173 -13 6094 1 0 1
7.79256 -5.80901 800 0.271075 0.286759 27.9972 10.4175 -13 6095 1 0 1
-5.17637 -1.82981 800 0.0853953 -0.14947 27.9995 10.4173 -13 6096 1 0 1
2.11294 -5.10769 800 0.144243 0.0390676 27.9996 10.4173 -13 6097 1 0 1
-2.69038 -1.6089 800 0.012013 -0.130156 27.9997 10.4173 -13 6098 1 0 1
4.01556 -4.1809 800 0.221293 0.121669 27.9989 10.4174 -13 6099 1 0 1
3.82728 -2.14077 800 0.0897387 0.153778 27.9994 10.4173 -13 6100 1 0 1
-18.9578 -7.15941 800 0.31478 -0.572221 27.9924 10.4177 -13 6101 1 0 1
-5.75849 -2.1521 800 0.16159 -0.259973 27.9983 10.4174 -13 6102 1 0 1
-3.05442 -4.64046 800 0.222704 -0.103135 27.9989 10.4173 -13 6103 1 0 1
-0.298832 0.919327 800 -0.0215239 -0.00554379 28 10.4173 -13 6104 1 0 1
-4.2814 6.12357 800 -0.234492 -0.257188 27.9978 10.4174 -13 6105 1 0 1
-6.81532 -5.72607 800 0.220165 -0.256966 27.998 10.4174 -13 6106 1 0 1
16.3619 5.16655 800 -0.274106 0.609334 27.992 10.4178 -13 6107 1 0 1
-2.59285 -3.16899 800 0.0864742 -0.076647 27.9998 10.4173 -13 6108 1 0 1
-17.0267 -5.02492 800 0.217339 -0.574414 27.9933 10.4177 -13 6109 1 0 1
-1.45294 -3.38012 800 0.155206 -0.0421482 27.9995 10.4173 -13 6110 1 0 1
-10.1155 -0.431743 800 0.256121 -0.273389 27.9975 10.4176 -13 6111 1 0 1
-24.9237 -10.6572 800 0.53792 -0.890501 27.9807 10.4186 -13 6112 1 0 1
9.33674 -1.04495 800 0.0311053 0.262983 27.9987 10.4174 -13 6113 1 0 1
0.943214 -1.40191 800 0.0699088 0.0845589 27.9998 10.4173 -13 6114 1 0 1
-11.0603 -0.654281 800 0.0861831 -0.472969 27.9959 10.4176 -13 6115 1 0 1
-0.146324 0.238835 800 -0.0632426 0.0607938 27.9999 10.4173 -13 6116 1 0 1
-1.25131 -0.617284 800 -0.0721923 -0.1313 27.9996 10.4174 -13 6117 1 0 1
2.05056 1.15379 800 -0.158927 0.124062 27.9993 10.4174 -13 6118 1 0 1
-15.4338 -8.16083 800 0.37431 -0.564995 27.9918 10.4178 -13 6119 1 0 1
0.760845 0.710486 800 0.0163751 0.122979 27.9997 10.4173 -13 6120 1 0 1
-17.3758 -4.40725 800 0.271709 -0.553566 27.9932 10.4177 -13 6121 1 0 1
10.9642 0.326739 800 -0.171286 0.360535 27.9972 10.4175 -13 6122 1 0 1
7.48996 3.84805 800 -0.174975 0.285528 27.998 10.4174 -13 6123 1 0 1
12.6543 3.1662 800 -0.227801 0.343979 27.997 10.4175 -13 6124 1 0 1
-8.85133 -1.79757 800 0.131581 -0.242657 27.9986 10.4173 -13 6125 1 0 1
0.995519 -1.27824 800 0.0794873 0.158406 27.9994 10.4174 -13 6126 1 0 1
-2.7441 -2.93921 800 0.145579 -0.164692 27.9991 10.4174 -13 6127 1 0 1
6.0512 5.25401 800 -0.265457 0.270427 27.9974 10.4175 -13 6128 1 0 1
0.876481 0.182096 800 -0.0444111 0.0947672 27.9998 10.4173 -13 6129 1 0 1
10.4779 4.32338 800 -0.296481 0.358364 27.9961 10.4176 -13 6130 1 0 1
8.51913 3.45524 800 -0.139862 0.34873 27.9975 10.4175 -13 6131 1 0 1
5.13181 5.49868 800 -0.308764 0.164216 27.9978 10.4175 -13 6132 1 0 1
-9.38855 -1.4581 800 0.154006 -0.299255 27.998 10.4174 -13 6133 1 0 1
4.86778 2.26581 800 -0.0620264 0.114526 27.9997 10.4173 -13 6134 1 0 1
-4.88665 2.94181 800 -0.0749723 -0.192472 27.9992 10.4173 -13 6135 1 0 1
-23.34 -10.8498 800 0.500127 -0.735426 27.9859 10.4181 -13 6136 1 0 1
-8.67509 -1.96832 800 0.090375 -0.381694 27.9973 10.4175 -13 6137 1 0 1
0.898207 3.99102 800 -0.143206 0.0275698 27.9996 10.4173 -13 6138 1 0 1
1.42378 1.76471 800 -0.0283563 0.0518252 27.9999 10.4173 -13 6139 1 0 1
-18.7379 -4.32194 800 0.256923 -0.760349 27.9885 10.4182 -13 6140 1 0 1
-9.2904 -1.94593 800 0.169119 -0.407786 27.9965 10.4176 -13 6141 1 0 1
-6.138 -0.336194 800 0.150157 -0.216113 27.9988 10.4174 -13 6142 1 0 1
-8.61545 -2.952 800 0.177952 -0.29214 27.9979 10.4174 -13 6143 1 0 1
-10.2871 -4.73331 800 0.174735 -0.223531 27.9986 10.4174 -13 6144 1 0 1
-0.923062 5.20232 800 -0.204523 -0.00412987 27.9993 10.4173 -13 6145 1 0 1
10.8032 0.640021 800 -0.155753 0.445685 27.996 10.4176 -13 6146 1 0 1
-4.10041 -0.42537 800 0.0354859 -0.15024 27.9996 10.4173 -13 6147 1 0 1
12.5747 3.38035 800 -0.157468 0.484718 27.9954 10.4176 -13 6148 1 0 1
6.62594 -1.10187 800 -0.00151191 0.218735 27.9991 10.4173 -13 6149 1 0 1
16.7435 -1.10647 800 0.00639991 0.61515 27.9932 10.4177 -13 6150 1 0 1
-8.97761 -9.63387 800 0.428105 -0.32021 27.9949 10.4176 -13 6151 1 0 1
7.51996 -1.61731 800 -0.103358 0.384482 27.9972 10.4176 -13 6152 1 0 1
-5.78592 2.6918 800 -0.0249656 -0.125818 27.9997 10.4173 -13 6153 1 0 1
5.42456 -3.59923 800 0.164714 0.181492 27.9989 10.4174 -13 6154 1 0 1
-7.90431 3.17924 800 -0.103915 -0.28753 27.9983 10.4174 -13 6155 1 0 1
10.2407 1.22604 800 -0.193774 0.396679 27.9965 10.4175 -13 6156 1 0 1
1.18651 8.05462 800 -0.3032 -0.0021697 27.9984 10.4174 -13 6157 1 0 1
9.61557 13.2377 800 -0.583706 0.364076 27.9915 10.4179 -13 6158 1 0 1
2.61862 5.33127 800 -0.303695 0.137497 27.998 10.4175 -13 6159 1 0 1
0.0299981 -1.87132 800 0.187182 -0.0418685 27.9993 10.4174 -13 6160 1 0 1
6.44833 1.15038 800 -0.0894131 0.197415 27.9992 10.4173 -13 6161 1 0 1
-8.68403 -0.684942 800 0.0339393 -0.284544 27.9985 10.4174 -13 6162 1 0 1
14.2994 7.87135 800 -0.485846 0.471422 27.9918 10.4179 -13 6163 1 0 1
-0.6184 5.30321 800 -0.228548 -0.0938586 27.9989 10.4174 -13 6164 1 0 1
13.275 6.13524 800 -0.260898 0.502217 27.9943 10.4177 -13 6165 1 0 1
5.13295 5.44181 800 -0.338497 0.203067 27.9972 10.4175 -13 6166 1 0 1
5.61989 -5.27607 800 0.166337 0.128095 27.9992 10.4173 -13 6167 1 0 1
7.72819 0.923136 800 -0.0810987 0.249857 27.9988 10.4173 -13 6168 1 0 1
6.33222 7.32961 800 -0.311806 0.154921 27.9978 10.4174 -13 6169 1 0 1
-6.72023 -1.70745 800 0.0893306 -0.133594 27.9995 10.4173 -13 6170 1 0 1
-2.26162 -2.66513 800 0.139203 -0.144918 27.9993 10.4173 -13 6171 1 0 1
1.49468 -0.281375 800 -0.0332793 0.0713152 27.9999 10.4173 -13 6172 1 0 1
7.64103 5.089 800 -0.255463 0.26179 27.9976 10.4174 -13 6173 1 0 1
-2.92025 0.24945 800 -0.022738 -0.12079 27.9997 10.4173 -13 6174 1 0 1
-7.37712 3.62925 800 -0.111523 -0.18388 27.9992 10.4173 -13 6175 1 0 1
-1.70064 -6.46561 800 0.152778 -0.111071 27.9994 10.4174 -13 6176 1 0 1
7.41335 1.66339 800 -0.142599 0.299593 27.998 10.4174 -13 6177 1 0 1
-15.6067 -5.24487 800 0.352106 -0.478079 27.9937 10.4177 -13 6178 1 0 1
-11.4541 -1.42235 800 0.0866796 -0.375923 27.9973 10.4174 -13 6179 1 0 1
2.26241 -0.379209 800 0.0729739 0.162493 27.9994 10.4174 -13 6180 1 0 1
-0.628479 -3.54936 800 0.227666 0.00246767 27.9991 10.4174 -13 6181 1 0 1
-4.89075 10.6822 800 -0.422879 -0.157209 27.9964 10.4176 -13 6182 1 0 1
-9.36263 -7.02809 800 0.267302 -0.355062 27.9965 10.4175 -13 6183 1 0 1
-3.49754 -0.487374 800 -0.0250516 -0.17685 27.9994 10.4173 -13 6184 1 0 1
10.767 7.14841 800 -0.241219 0.425424 27.9957 10.4176 -13 6185 1 0 1
-11.7328 1.49632 800 -0.0356403 -0.34398 27.9979 10.4174 -13 6186 1 0 1
-4.36733 0.872493 800 -0.103252 -0.178128 27.9992 10.4174 -13 6187 1 0 1
7.89795 2.79779 800 -0.157139 0.232453 27.9986 10.4173 -13 6188 1 0 1
5.81668 1.74493 800 -0.167347 0.219246 27.9986 10.4174 -13 6189 1 0 1
7.85674 2.83294 800 -0.078515 0.311475 27.9982 10.4174 -13 6190 1 0 1
7.48065 0.453565 800 -0.0370957 0.245871 27.9989 10.4173 -13 6191 1 0 1
5.68662 4.51453 800 -0.117511 0.125129 27.9995 10.4173 -13 6192 1 0 1
1.53409 0.328907 800 -0.0525183 0.0247836 27.9999 10.4173 -13 6193 1 0 1
-24.1224 -10.0019 800 0.513062 -0.866776 27.9819 10.4185 -13 6194 1 0 1
2.17454 -1.10503 800 0.0586653 0.132522 27.9996 10.4173 -13 6195 1 0 1
-13.1877 -4.20709 800 0.226967 -0.501552 27.9946 10.4177 -13 6196 1 0 1
9.10438 5.67636 800 -0.358568 0.195698 27.997 10.4175 -13 6197 1 0 1
-7.0986 -2.59664 800 0.162991 -0.215106 27.9987 10.4173 -13 6198 1 0 1
10.7958 9.62736 800 -0.445715 0.411045 27.9934 10.4178 -13 6199 1 0 1
7.01442 7.38847 800 -0.342717 0.284521 27.9965 10.4176 -13 6200 1 0 1
6.92917 8.47825 800 -0.280907 0.281334 27.9972 10.4175 -13 6201 1 0 1
13.2546 -0.583175 800 -0.193447 0.411408 27.9963 10.4176 -13 6202 1 0 1
7.63248 -0.264887 800 -0.117248 0.316149 27.998 10.4174 -13 6203 1 0 1
-14.7661 3.29633 800 0.0133587 -0.433754 27.9966 10.4175 -13 6204 1 0 1
-8.48909 -5.16662 800 0.340251 -0.262472 27.9967 10.4175 -13 6205 1 0 1
7.15831 3.9634 800 -0.208469 0.226572 27.9983 10.4174 -13 6206 1 0 1
13.2982 0.276132 800 -0.138307 0.479256 27.9956 10.4176 -13 6207 1 0 1
2.59405 1.53403 800 -0.0233095 0.105162 27.9998 10.4173 -13 6208 1 0 1
7.12156 3.80293 800 -0.100951 0.328555 27.9979 10.4175 -13 6209 1 0 1
8.78645 1.05063 800 -0.125898 0.302837 27.9981 10.4174 -13 6210 1 0 1
-6.3897 1.7901 800 -0.0914099 -0.171928 27.9993 10.4173 -13 6211 1 0 1
4.73598 -1.89202 800 0.0131796 0.184562 27.9994 10.4173 -13 6212 1 0 1
-6.46571 -3.354 800 0.177757 -0.201053 27.9987 10.4173 -13 6213 1 0 1
9.46993 -2.18331 800 0.0622236 0.311568 27.9982 10.4174 -13 6214 1 0 1
-11.8095 -0.9727 800 0.0331418 -0.481193 27.9958 10.4176 -13 6215 1 0 1
5.37113 7.2897 800 -0.337175 0.201832 27.9972 10.4175 -13 6216 1 0 1
11.4935 4.8077 800 -0.139841 0.383564 27.997 10.4175 -13 6217 1 0 1
-9.23303 -8.89682 800 0.361873 -0.370526 27.9952 10.4176 -13 6218 1 0 1
-8.83143 3.78588 800 -0.125615 -0.342255 27.9976 10.4174 -13 6219 1 0 1
2.42264 -1.53655 800 0.0806512 0.0317466 27.9999 10.4173 -13 6220 1 0 1
-7.85187 -1.71576 800 0.0262171 -0.239266 27.999 10.4174 -13 6221 1 0 1
-4.0813 -5.29534 800 0.322828 -0.218398 27.9973 10.4176 -13 6222 1 0 1
-3.57723 -9.25611 800 0.398126 -0.119146 27.9969 10.4175 -13 6223 1 0 1
-4.36389 -3.05979 800 0.0649042 -0.193847 27.9993 10.4173 -13 6224 1 0 1
-10.5928 -5.86118 800 0.227901 -0.429044 27.9958 10.4176 -13 6225 1 0 1
-8.03125 1.4956 800 -0.0676633 -0.256707 27.9987 10.4174 -13 6226 1 0 1
3.35836 -1.74355 800 0.0327198 0.180918 27.9994 10.4173 -13 6227 1 0 1
3.24684 -4.68091 800 0.255923 0.125766 27.9985 10.4174 -13 6228 1 0 1
19.5644 10.1189 800 -0.432323 0.680989 27.9884 10.4181 -13 6229 1 0 1
3.62331 0.172019 800 -0.0760767 0.0763319 27.9998 10.4173 -13 6230 1 0 1
1.7625 0.839057 800 -0.127028 0.130536 27.9994 10.4174 -13 6231 1 0 1
-25.6407 -3.17813 800 0.221926 -0.82136 27.9871 10.4181 -13 6232 1 0 1
4.3901 3.07646 800 -0.147794 0.124306 27.9993 10.4173 -13 6233 1 0 1
-22.1137 -7.81649 800 0.377336 -0.801199 27.986 10.4182 -13 6234 1 0 1
-17.7965 -1.55724 800 0.128915 -0.604203 27.9932 10.4177 -13 6235 1 0 1
10.5372 3.31232 800 -0.157907 0.4952 27.9952 10.4177 -13 6236 1 0 1
2.39507 5.65379 800 -0.237318 0.163377 27.9985 10.4174 -13 6237 1 0 1
-3.46724 -6.12878 800 0.270229 -0.156047 27.9983 10.4174 -13 6238 1 0 1
-4.05192 -1.90131 800 0.0361984 -0.206448 27.9992 10.4174 -13 6239 1 0 1
-1.92718 -2.83916 800 0.165362 -0.064489 27.9994 10.4173 -13 6240 1 0 1
-3.49889 -2.46484 800 0.132917 -0.0463918 27.9996 10.4173 -13 6241 1 0 1
12.8034 6.50827 800 -0.311367 0.449158 27.9947 10.4176 -13 6242 1 0 1
0.515948 1.44601 800 0.0236078 0.0121149 28 10.4173 -13 6243 1 0 1
-7.10779 0.505019 800 0.0305664 -0.316047 27.9982 10.4174 -13 6244 1 0 1
-0.728013 -3.22901 800 0.130566 -0.045493 27.9997 10.4173 -13 6245 1 0 1
-3.4189 1.08394 800 -0.0547847 -0.101661 27.9998 10.4173 -13 6246 1 0 1
-1.81235 -4.01137 800 0.201642 -0.0394567 27.9992 10.4173 -13 6247 1 0 1
-11.1947 -7.19074 800 0.309937 -0.457265 27.9946 10.4177 -13 6248 1 0 1
-11.3638 4.32942 800 -0.0253264 -0.326912 27.9981 10.4174 -13 6249 1 0 1
1.62314 0.131875 800 -0.0204678 0.0426639 28 10.4173 -13 6250 1 0 1
-7.9689 -4.91785 800 0.124387 -0.26838 27.9984 10.4174 -13 6251 1 0 1
-4.0981 -5.73417 800 0.232724 -0.0300799 27.999 10.4173 -13 6252 1 0 1
-9.28241 0.755196 800 -0.0356311 -0.349118 27.9978 10.4174 -13 6253 1 0 1
-12.1276 -2.83232 800 0.0618174 -0.405737 27.997 10.4175 -13 6254 1 0 1
14.5221 0.492375 800 -0.12323 0.426746 27.9965 10.4175 -13 6255 1 0 1
2.87639 5.53079 800 -0.229139 0.109928 27.9988 10.4173 -13 6256 1 0 1
-5.16846 -0.732326 800 -0.027422 -0.146801 27.9996 10.4173 -13 6257 1 0 1
8.14035 -0.0073963 800 -0.0192043 0.309752 27.9983 10.4174 -13 6258 1 0 1
-0.569462 -0.0160603 800 0.0108294 0.0107074 28 10.4173 -13 6259 1 0 1
5.54157 -0.0435031 800 -0.0169098 0.143534 27.9996 10.4173 -13 6260 1 0 1
-3.63946 3.73497 800 -0.138319 -0.139399 27.9993 10.4173 -13 6261 1 0 1
-3.99707 2.96883 800 -0.0735181 -0.199192 27.9992 10.4173 -13 6262 1 0 1
11.2561 7.06515 800 -0.287574 0.460166 27.9947 10.4177 -13 6263 1 0 1
13.5439 3.78871 800 -0.249544 0.485339 27.9947 10.4176 -13 6264 1 0 1
-4.15237 2.54697 800 0.0203773 -0.181812 27.9994 10.4173 -13 6265 1 0 1
-8.08565 5.85492 800 -0.171801 -0.336358 27.9975 10.4174 -13 6266 1 0 1
-5.1873 2.43694 800 -0.115694 -0.210615 27.999 10.4173 -13 6267 1 0 1
-12.89 -0.00525805 800 0.0413438 -0.500194 27.9955 10.4176 -13 6268 1 0 1
7.79065 4.73731 800 -0.173244 0.289425 27.998 10.4174 -13 6269 1 0 1
7.78863 7.36111 800 -0.315959 0.262554 27.997 10.4175 -13 6270 1 0 1
-19.8981 -2.67566 800 0.245275 -0.661354 27.9911 10.4178 -13 6271 1 0 1
6.32777 9.13646 800 -0.360834 0.175518 27.9971 10.4174 -13 6272 1 0 1
-4.68568 -3.96567 800 0.285989 -0.0747229 27.9984 10.4175 -13 6273 1 0 1
3.63198 1.99191 800 -0.10168 0.0519315 27.9998 10.4173 -13 6274 1 0 1
-8.30922 1.79157 800 0.016574 -0.281248 27.9986 10.4173 -13 6275 1 0 1
-21.4554 -2.35143 800 0.149662 -0.696499 27.9909 10.4178 -13 6276 1 0 1
-2.02593 2.89906 800 -0.170844 -0.0165478 27.9995 10.4174 -13 6277 1 0 1
5.97693 -7.23127 800 0.205673 0.288943 27.9978 10.4174 -13 6278 1 0 1
-2.55713 2.41084 800 -0.049161 -0.0766739 27.9999 10.4173 -13 6279 1 0 1
7.13442 -2.04263 800 0.0832348 0.221218 27.999 10.4173 -13 6280 1 0 1
-4.66376 -6.86677 800 0.233853 -0.17816 27.9985 10.4174 -13 6281 1 0 1
17.4613 2.5202 800 -0.161854 0.562341 27.9939 10.4176 -13 6282 1 0 1
-0.280445 1.94229 800 0.0247309 0.042821 28 10.4173 -13 6283 1 0 1
0.440115 -1.72368 800 0.0165579 0.131332 27.9997 10.4173 -13 6284 1 0 1
2.90772 4.367 800 -0.169967 0.117289 27.9992 10.4173 -13 6285 1 0 1
1.43721 0.0428249 800 0.0334599 0.0655633 27.9999 10.4173 -13 6286 1 0 1
-0.411287 -2.20104 800 0.0570478 -0.0301305 27.9999 10.4173 -13 6287 1 0 1
20.0102 7.47314 800 -0.388156 0.730736 27.9878 10.4181 -13 6288 1 0 1
-7.3307 0.145928 800 0.0751284 -0.260404 27.9987 10.4173 -13 6289 1 0 1
-14.1538 2.52245 800 -0.0217701 -0.450188 27.9964 10.4175 -13 6290 1 0 1
13.4633 2.76458 800 -0.091524 0.503335 27.9953 10.4176 -13 6291 1 0 1
-13.8155 -7.1365 800 0.360732 -0.504022 27.9931 10.4178 -13 6292 1 0 1
-6.77694 -4.27694 800 0.139265 -0.283191 27.9982 10.4174 -13 6293 1 0 1
-3.36732 -3.17193 800 0.0539708 -0.0297688 27.9999 10.4173 -13 6294 1 0 1
-4.49054 1.15873 800 -0.144082 -0.126344 27.9993 10.4174 -13 6295 1 0 1
1.42836 1.94395 800 -0.078296 -0.0469717 27.9999 10.4173 -13 6296 1 0 1
-1.00342 0.778901 800 -0.00588067 -0.0102299 28 10.4173 -13 6297 1 0 1
21.3854 3.28767 800 -0.198676 0.709805 27.9903 10.4179 -13 6298 1 0 1
0.533121 -1.82523 800 0.0142385 0.0443571 28 10.4173 -13 6299 1 0 1
3.06653 1.5515 800 -0.0939074 0.0879749 27.9997 10.4173 -13 6300 1 0 1
-14.9673 -7.61608 800 0.279189 -0.639021 27.9913 10.418 -13 6301 1 0 1
10.0713 0.981864 800 -0.00634094 0.296908 27.9984 10.4174 -13 6302 1 0 1
-1.40665 0.0962039 800 0.00710177 0.0282692 28 10.4173 -13 6303 1 0 1
2.78687 0.643281 800 0.0315048 0.0683533 27.9999 10.4173 -13 6304 1 0 1
-14.0641 2.62473 800 -0.0173518 -0.551426 27.9946 10.4176 -13 6305 1 0 1
-0.0504315 0.261092 800 -0.0781686 0.0493637 27.9998 10.4173 -13 6306 1 0 1
6.78897 6.97311 800 -0.293519 0.232683 27.9975 10.4174 -13 6307 1 0 1
5.94728 -4.21492 800 0.145793 0.15132 27.9992 10.4173 -13 6308 1 0 1
6.22486 -1.26786 800 -0.0346852 0.200527 27.9993 10.4173 -13 6309 1 0 1
-8.65273 -5.27583 800 0.198581 -0.308481 27.9976 10.4174 -13 6310 1 0 1
-6.21196 -1.76501 800 0.181379 -0.162944 27.9989 10.4174 -13 6311 1 0 1
10.136 0.538834 800 -0.102 0.327668 27.9979 10.4174 -13 6312 1 0 1
-3.89642 0.559382 800 -0.10053 -0.132224 27.9995 10.4173 -13 6313 1 0 1
-12.6437 -2.26163 800 0.179714 -0.473903 27.9954 10.4176 -13 6314 1 0 1
-14.4374 -2.45346 800 0.173534 -0.517704 27.9947 10.4176 -13 6315 1 0 1
1.60038 1.92001 800 -0.0541107 0.134419 27.9996 10.4173 -13 6316 1 0 1
-8.1119 1.53972 800 -0.0677229 -0.287558 27.9984 10.4174 -13 6317 1 0 1
3.21637 -2.61046 800 -0.0266349 0.0886531 27.9998 10.4173 -13 6318 1 0 1
-3.87855 0.390955 800 0.0454644 -0.0478043 27.9999 10.4173 -13 6319 1 0 1
1.48138 2.1721 800 -0.00227907 0.0373932 28 10.4173 -13 6320 1 0 1
10.0185 -1.3065 800 -0.105398 0.333547 27.9978 10.4174 -13 6321 1 0 1
9.28294 6.5563 800 -0.362119 0.345467 27.9955 10.4176 -13 6322 1 0 1
-2.10378 -3.10338 800 0.156343 -0.105017 27.9994 10.4173 -13 6323 1 0 1
8.48848 1.03717 800 -0.0855133 0.322071 27.998 10.4174 -13 6324 1 0 1
-3.7806 3.81378 800 -0.135092 -0.0774727 27.9996 10.4173 -13 6325 1 0 1
-0.302785 1.06913 800 0.00793775 -0.0221502 28 10.4173 -13 6326 1 0 1
-6.44174 -0.558609 800 -0.0296998 -0.209708 27.9992 10.4173 -13 6327 1 0 1
20.1044 1.61768 800 -0.175025 0.758857 27.9892 10.418 -13 6328 1 0 1
8.28068 -1.14836 800 -0.0425995 0.232994 27.999 10.4173 -13 6329 1 0 1
-3.51858 -3.15668 800 0.166892 -0.161144 27.999 10.4173 -13 6330 1 0 1
-6.2907 -1.10699 800 0.153195 -0.16091 27.9991 10.4173 -13 6331 1 0 1
3.00729 -1.05795 800 0.0648479 0.154411 27.9995 10.4173 -13 6332 1 0 1
-1.73989 -6.11579 800 0.330751 -0.136381 27.9977 10.4176 -13 6333 1 0 1
10.934 6.2064 800 -0.285828 0.526115 27.9936 10.4179 -13 6334 1 0 1
24.4632 4.81321 800 -0.328587 0.914779 27.9831 10.4184 -13 6335 1 0 1
-1.46095 -5.82305 800 0.262938 -0.0328044 27.9987 10.4174 -13 6336 1 0 1
-0.17033 1.01182 800 0.019125 0.0110838 28 10.4173 -13 6337 1 0 1
1.938 4.43918 800 -0.201047 0.0653457 27.9992 10.4173 -13 6338 1 0 1
-3.53047 -3.99604 800 0.223485 -0.110713 27.9989 10.4174 -13 6339 1 0 1
11.1249 0.804201 800 -0.115766 0.456843 27.996 10.4176 -13 6340 1 0 1
7.09222 -2.89487 800 0.136736 0.41245 27.9966 10.4177 -13 6341 1 0 1
-5.22503 0.485692 800 -0.0126143 -0.183127 27.9994 10.4173 -13 6342 1 0 1
-5.80695 -0.347108 800 0.0697443 -0.151927 27.9995 10.4173 -13 6343 1 0 1
8.15325 3.23148 800 -0.120761 0.253208 27.9986 10.4173 -13 6344 1 0 1
1.41712 1.49836 800 -0.0295234 0.0864731 27.9999 10.4173 -13 6345 1 0 1
-5.83289 -6.14369 800 0.212725 -0.185755 27.9986 10.4174 -13 6346 1 0 1
-4.77152 0.436596 800 0.177456 -0.153731 27.999 10.4175 -13 6347 1 0 1
-2.50827 -0.273512 800 0.139689 -0.0931322 27.9995 10.4174 -13 6348 1 0 1
-7.39081 0.204173 800 0.00632979 -0.225656 27.9991 10.4173 -13 6349 1 0 1
-0.483106 -6.14814 800 0.199496 -0.169298 27.9988 10.4175 -13 6350 1 0 1
31.1407 2.80701 800 -0.296634 1.10186 27.9767 10.4188 -13 6351 1 0 1
-2.07656 0.906616 800 -0.0092648 -0.044404 28 10.4173 -13 6352 1 0 1
-1.4941 5.48806 800 -0.181246 -0.0463027 27.9994 10.4173 -13 6353 1 0 1
6.30401 4.87439 800 -0.181892 0.18981 27.9988 10.4173 -13 6354 1 0 1
11.2885 2.20478 800 -0.119256 0.379092 27.9972 10.4174 -13 6355 1 0 1
-6.32402 -2.92936 800 0.101509 -0.277123 27.9984 10.4174 -13 6356 1 0 1
-7.67473 -4.17903 800 0.189298 -0.253498 27.9982 10.4174 -13 6357 1 0 1
7.40815 4.6275 800 -0.196051 0.235911 27.9983 10.4174 -13 6358 1 0 1
5.6703 1.94113 800 -0.11306 0.199103 27.9991 10.4173 -13 6359 1 0 1
8.18904 -1.90624 800 0.0551606 0.293695 27.9984 10.4174 -13 6360 1 0 1
0.369071 -3.6094 800 0.180431 0.0788634 27.9993 10.4173 -13 6361 1 0 1
-5.89124 -6.49386 800 0.344888 -0.199131 27.9972 10.4175 -13 6362 1 0 1
2.43902 6.23357 800 -0.226935 0.157028 27.9986 10.4174 -13 6363 1 0 1
-15.6764 0.240594 800 0.0927929 -0.561023 27.9942 10.4176 -13 6364 1 0 1
15.1578 7.03265 800 -0.296086 0.540828 27.9932 10.4177 -13 6365 1 0 1
-17.9846 -6.36911 800 0.310842 -0.698842 27.9896 10.418 -13 6366 1 0 1
-10.2597 1.002 800 -0.00678909 -0.354869 27.9978 10.4174 -13 6367 1 0 1
-5.0706 -1.53582 800 0.15188 -0.183109 27.999 10.4173 -13 6368 1 0 1
6.55514 4.5743 800 -0.262014 0.23643 27.9978 10.4174 -13 6369 1 0 1
20.2163 3.14512 800 -0.249011 0.793926 27.9876 10.4182 -13 6370 1 0 1
-11.5455 0.814982 800 -0.0435154 -0.414041 27.9969 10.4175 -13 6371 1 0 1
2.02059 -4.67369 800 0.114014 0.0636476 27.9997 10.4173 -13 6372 1 0 1
1.09538 3.18542 800 -0.115453 0.0402136 27.9997 10.4173 -13 6373 1 0 1
2.15961 -1.27594 800 0.108381 0.10383 27.9996 10.4173 -13 6374 1 0 1
9.49675 5.10866 800 -0.254388 0.334959 27.9968 10.4175 -13 6375 1 0 1
23.9379 9.21322 800 -0.428627 0.730626 27.9872 10.4181 -13 6376 1 0 1
-19.88 5.05802 800 -0.123601 -0.582767 27.9937 10.4177 -13 6377 1 0 1
-4.33718 -2.20459 800 0.0943482 -0.144533 27.9995 10.4173 -13 6378 1 0 1
6.57053 1.05914 800 -0.0962724 0.283843 27.9984 10.4174 -13 6379 1 0 1
8.22722 5.43877 800 -0.156522 0.219415 27.9987 10.4174 -13 6380 1 0 1
-0.387823 4.67776 800 -0.157177 -0.0501668 27.9995 10.4173 -13 6381 1 0 1
-11.743 -4.21952 800 0.229672 -0.432292 27.9957 10.4176 -13 6382 1 0 1
-18.9363 -0.15648 800 0.0801957 -0.628822 27.9928 10.4177 -13 6383 1 0 1
-7.52974 -6.19417 800 0.221646 -0.229148 27.9982 10.4174 -13 6384 1 0 1
-9.50607 -6.52678 800 0.430379 -0.29608 27.9951 10.4177 -13 6385 1 0 1
17.2689 6.40653 800 -0.363858 0.636228 27.9904 10.4179 -13 6386 1 0 1
-13.908 -3.92297 800 0.208469 -0.416709 27.9961 10.4175 -13 6387 1 0 1
-7.57103 -8.60605 800 0.454505 -0.199912 27.9956 10.4176 -13 6388 1 0 1
-14.847 -5.35314 800 0.323266 -0.59134 27.9919 10.4179 -13 6389 1 0 1
-1.21587 -3.1797 800 0.100565 -0.0795621 27.9997 10.4173 -13 6390 1 0 1
7.37484 1.0409 800 -0.0653192 0.309738 27.9982 10.4174 -13 6391 1 0 1
3.1726 -1.19293 800 -0.131188 0.181024 27.9991 10.4175 -13 6392 1 0 1
-4.77638 -6.44276 800 0.286305 -0.313278 27.9968 10.4177 -13 6393 1 0 1
-4.79849 -2.89588 800 0.210247 -0.237711 27.9982 10.4175 -13 6394 1 0 1
-22.4336 0.62966 800 0.143022 -0.769154 27.9891 10.4179 -13 6395 1 0 1
-2.46301 -7.15761 800 0.24752 -0.0370615 27.9989 10.4173 -13 6396 1 0 1
6.80411 5.90466 800 -0.424105 0.184806 27.9962 10.4177 -13 6397 1 0 1
8.50136 0.899106 800 -0.0726096 0.330309 27.998 10.4174 -13 6398 1 0 1
-7.59125 5.69395 800 -0.173614 -0.277817 27.9981 10.4174 -13 6399 1 0 1
-9.78513 -0.910616 800 0.155947 -0.301132 27.9979 10.4174 -13 6400 1 0 1
-6.87017 -0.304488 800 0.0153694 -0.169876 27.9995 10.4173 -13 6401 1 0 1
1.61106 0.93674 800 -0.0631215 0.0952907 27.9998 10.4173 -13 6402 1 0 1
-2.26941 -1.81663 800 0.218189 -0.0689549 27.9991 10.4174 -13 6403 1 0 1
5.08754 3.85762 800 -0.18601 0.154247 27.999 10.4173 -13 6404 1 0 1
7.84493 4.58458 800 -0.144013 0.268785 27.9983 10.4174 -13 6405 1 0 1
-16.0409 -2.36247 800 0.141566 -0.647893 27.9921 10.4179 -13 6406 1 0 1
-16.6718 -7.21877 800 0.320982 -0.592112 27.9919 10.4178 -13 6407 1 0 1
-11.8165 -3.03686 800 0.127006 -0.407552 27.9967 10.4175 -13 6408 1 0 1
5.77616 2.63525 800 -0.175457 0.201062 27.9987 10.4174 -13 6409 1 0 1
-3.70053 0.900711 800 0.0365918 -0.150829 27.9996 10.4173 -13 6410 1 0 1
-9.10011 -4.94684 800 0.316751 -0.290128 27.9967 10.4175 -13 6411 1 0 1
7.57384 4.56994 800 -0.0874052 0.237576 27.9989 10.4174 -13 6412 1 0 1
-3.72112 -0.633961 800 -0.00888527 -0.142417 27.9996 10.4173 -13 6413 1 0 1
1.44215 -4.06024 800 0.186972 0.0658705 27.9993 10.4173 -13 6414 1 0 1
-6.23641 -0.337125 800 -0.0205043 -0.250668 27.9989 10.4174 -13 6415 1 0 1
10.3627 2.06732 800 -0.237019 0.267095 27.9977 10.4175 -13 6416 1 0 1
-9.57181 3.09922 800 -0.112942 -0.319216 27.998 10.4174 -13 6417 1 0 1
0.388063 -3.8827 800 0.091032 0.0272988 27.9998 10.4173 -13 6418 1 0 1
-8.35356 -2.96573 800 0.123424 -0.275744 27.9984 10.4174 -13 6419 1 0 1
4.63335 4.56033 800 -0.241986 0.0851184 27.9988 10.4174 -13 6420 1 0 1
10.3558 5.48563 800 -0.244446 0.300637 27.9973 10.4174 -13 6421 1 0 1
3.07902 -6.02912 800 0.210103 0.111933 27.999 10.4173 -13 6422 1 0 1
-0.797324 0.403874 800 -0.0882431 -0.0107657 27.9999 10.4173 -13 6423 1 0 1
0.997818 -1.05148 800 -0.0264958 -0.0456468 28 10.4173 -13 6424 1 0 1
-8.66876 0.337077 800 0.0997135 -0.279025 27.9984 10.4174 -13 6425 1 0 1
10.8957 6.46421 800 -0.428617 0.334619 27.9947 10.4177 -13 6426 1 0 1
-4.8436 3.54218 800 -0.189506 -0.154122 27.9989 10.4174 -13 6427 1 0 1
-5.16117 0.0250401 800 0.00022063 -0.148915 27.9996 10.4173 -13 6428 1 0 1
9.79437 10.1249 800 -0.354362 0.440075 27.9943 10.4178 -13 6429 1 0 1
-3.51163 1.44927 800 -0.0126245 -0.0332103 28 10.4173 -13 6430 1 0 1
-10.6895 -0.850955 800 0.0427351 -0.396981 27.9972 10.4175 -13 6431 1 0 1
0.058267 -2.42831 800 0.0682682 -0.0429466 27.9999 10.4173 -13 6432 1 0 1
6.87016 -5.42513 800 0.143236 0.206913 27.9989 10.4173 -13 6433 1 0 1
8.03615 4.77619 800 -0.201929 0.30329 27.9976 10.4174 -13 6434 1 0 1
-3.20722 1.55811 800 -0.0880613 -0.128635 27.9996 10.4173 -13 6435 1 0 1
4.96292 0.767381 800 -0.110173 0.211323 27.999 10.4174 -13 6436 1 0 1
-16.047 -5.43562 800 0.359036 -0.532284 27.9926 10.4178 -13 6437 1 0 1
2.61451 1.65904 800 -0.0668473 0.0479094 27.9999 10.4173 -13 6438 1 0 1
22.2655 2.87722 800 -0.186354 0.740686 27.9896 10.4179 -13 6439 1 0 1
3.98495 1.43628 800 0.0246314 0.193871 27.9993 10.4174 -13 6440 1 0 1
10.9585 5.16476 800 -0.211843 0.377794 27.9966 10.4175 -13 6441 1 0 1
24.1106 9.0722 800 -0.432744 0.817847 27.9847 10.4183 -13 6442 1 0 1
1.31416 5.78027 800 -0.256472 0.123643 27.9986 10.4174 -13 6443 1 0 1
-1.02206 -0.994146 800 0.0860693 -0.0483899 27.9998 10.4173 -13 6444 1 0 1
-6.47088 1.3723 800 0.0479473 -0.246949 27.9989 10.4173 -13 6445 1 0 1
5.92753 -2.28741 800 0.127211 0.163867 27.9992 10.4174 -13 6446 1 0 1
9.16727 2.70186 800 -0.128865 0.366042 27.9973 10.4175 -13 6447 1 0 1
-14.2373 -6.18449 800 0.274802 -0.575695 27.9927 10.4178 -13 6448 1 0 1
8.46058 -4.42816 800 0.148441 0.373923 27.9971 10.4175 -13 6449 1 0 1
18.5085 8.58202 800 -0.480389 0.696847 27.9872 10.4182 -13 6450 1 0 1
-2.05585 -1.62427 800 0.0270834 -0.141592 27.9996 10.4173 -13 6451 1 0 1
-8.1471 -4.88231 800 0.199026 -0.327171 27.9974 10.4175 -13 6452 1 0 1
-11.8532 -2.97086 800 0.228341 -0.444583 27.9955 10.4176 -13 6453 1 0 1
-19.8648 -5.77023 800 0.302639 -0.684946 27.99 10.4179 -13 6454 1 0 1
-10.5103 -1.4967 800 0.120042 -0.319912 27.9979 10.4174 -13 6455 1 0 1
7.58953 -0.893101 800 -0.107276 0.306133 27.9981 10.4174 -13 6456 1 0 1
5.78127 0.493234 800 -0.00977247 0.151719 27.9996 10.4173 -13 6457 1 0 1
4.05925 1.83997 800 -0.066384 0.0769761 27.9998 10.4173 -13 6458 1 0 1
23.0714 7.11654 800 -0.429734 0.919517 27.9816 10.4187 -13 6459 1 0 1
-1.01103 -0.455139 800 -0.0796216 0.00172083 27.9999 10.4173 -13 6460 1 0 1
3.70687 3.54282 800 -0.21368 0.206482 27.9984 10.4174 -13 6461 1 0 1
-11.0106 -2.55291 800 0.249385 -0.366151 27.9965 10.4175 -13 6462 1 0 1
4.62212 5.76416 800 -0.264219 0.105288 27.9986 10.4174 -13 6463 1 0 1
0.454484 0.0820657 800 0.0130376 0.0148413 28 10.4173 -13 6464 1 0 1
-6.97375 -3.38792 800 0.133515 -0.221317 27.9988 10.4173 -13 6465 1 0 1
-1.52015 -5.13244 800 0.182236 -0.00555717 27.9994 10.4173 -13 6466 1 0 1
6.77498 -4.76566 800 0.184824 0.157815 27.9989 10.4174 -13 6467 1 0 1
6.63864 4.5577 800 -0.166961 0.271686 27.9982 10.4174 -13 6468 1 0 1
-6.44729 1.52973 800 -0.0193378 -0.171788 27.9995 10.4173 -13 6469 1 0 1
3.41917 -2.66506 800 0.0532524 0.0658621 27.9999 10.4173 -13 6470 1 0 1
1.9415 -6.23352 800 0.193261 0.0855234 27.9992 10.4173 -13 6471 1 0 1
7.77568 7.71609 800 -0.41163 0.354348 27.9947 10.4178 -13 6472 1 0 1
-0.772141 -2.286 800 0.115364 -0.0151969 27.9998 10.4173 -13 6473 1 0 1
-10.9475 0.499791 800 -0.0626371 -0.382707 27.9973 10.4175 -13 6474 1 0 1
-11.12 -6.47034 800 0.221015 -0.448877 27.9955 10.4176 -13 6475 1 0 1
-16.856 -3.81633 800 0.171075 -0.547082 27.9941 10.4176 -13 6476 1 0 1
-6.26487 -3.2383 800 0.143843 -0.183255 27.999 10.4173 -13 6477 1 0 1
7.9316 4.0661 800 -0.15913 0.226904 27.9986 10.4173 -13 6478 1 0 1
10.4737 -4.93145 800 0.107588 0.28111 27.9984 10.4174 -13 6479 1 0 1
-9.88888 -7.12143 800 0.30945 -0.370485 27.9958 10.4176 -13 6480 1 0 1
3.65008 -3.65696 800 0.140823 0.0767531 27.9995 10.4173 -13 6481 1 0 1
-9.9705 -8.78853 800 0.341376 -0.23879 27.9969 10.4175 -13 6482 1 0 1
3.14106 5.86736 800 -0.150214 0.078421 27.9995 10.4173 -13 6483 1 0 1
-5.471 -1.97908 800 0.204351 -0.126378 27.999 10.4174 -13 6484 1 0 1
-3.09145 0.655255 800 0.0816294 -0.0783645 27.9998 10.4173 -13 6485 1 0 1
-3.76837 -0.266619 800 0.0975286 -0.105586 27.9996 10.4173 -13 6486 1 0 1
-25.1165 -14.3189 800 0.608967 -0.916915 27.9784 10.4188 -13 6487 1 0 1
-2.84522 -1.69623 800 0.0185171 -0.0832755 27.9999 10.4173 -13 6488 1 0 1
9.07766 8.30016 800 -0.351707 0.326163 27.9959 10.4176 -13 6489 1 0 1
6.56801 3.29334 800 -0.127257 0.2702 27.9984 10.4174 -13 6490 1 0 1
8.94044 4.92878 800 -0.246015 0.284934 27.9975 10.4174 -13 6491 1 0 1
-3.16318 -1.86426 800 0.121703 -0.0496813 27.9997 10.4173 -13 6492 1 0 1
22.7331 7.7039 800 -0.474366 0.817587 27.984 10.4184 -13 6493 1 0 1
1.54059 -1.37073 800 -0.00834489 0.0224897 28 10.4173 -13 6494 1 0 1
-13.7616 1.00867 800 0.0148342 -0.538703 27.9948 10.4176 -13 6495 1 0 1
4.01008 -0.899634 800 -0.00929302 0.13355 27.9997 10.4173 -13 6496 1 0 1
-3.84488 -0.0475225 800 -0.020762 -0.166427 27.9995 10.4173 -13 6497 1 0 1
-0.351386 4.13098 800 -0.215326 -0.0501691 27.9991 10.4173 -13 6498 1 0 1
-6.27952 -4.54763 800 0.16863 -0.16742 27.999 10.4173 -13 6499 1 0 1
-0.794071 -0.302103 800 0.00829194 -0.00363365 28 10.4173 -13 6500 1 0 1
8.52739 -0.755831 800 -0.118162 0.191664 27.9991 10.4174 -13 6501 1 0 1
-4.28795 -6.32621 800 0.237598 -0.149516 27.9986 10.4174 -13 6502 1 0 1
-6.35133 -4.20677 800 0.187331 -0.181156 27.9988 10.4173 -13 6503 1 0 1
-9.88706 -0.240621 800 0.0806076 -0.365189 27.9975 10.4174 -13 6504 1 0 1
-5.0554 4.89543 800 -0.15664 -0.148263 27.9992 10.4173 -13 6505 1 0 1
-3.03268 -0.793526 800 -0.0082126 -0.162795 27.9995 10.4173 -13 6506 1 0 1
-8.33745 -3.60473 800 0.181655 -0.281052 27.998 10.4174 -13 6507 1 0 1
-1.61981 0.282977 800 -0.0662128 -0.0117261 27.9999 10.4173 -13 6508 1 0 1
7.9688 4.87095 800 -0.222462 0.26673 27.9978 10.4174 -13 6509 1 0 1
-5.29192 -1.99188 800 0.0909947 -0.243812 27.9988 10.4174 -13 6510 1 0 1
-1.88486 3.65857 800 -0.0871592 -0.0208842 27.9999 10.4173 -13 6511 1 0 1
-9.00476 3.11532 800 -0.0750122 -0.378989 27.9973 10.4175 -13 6512 1 0 1
10.1704 -0.897332 800 0.0196514 0.368587 27.9976 10.4174 -13 6513 1 0 1
11.8452 10.6009 800 -0.426432 0.411178 27.9937 10.4177 -13 6514 1 0 1
5.09982 1.07328 800 -0.118498 0.126151 27.9995 10.4173 -13 6515 1 0 1
-5.2761 3.07691 800 -0.0660288 -0.256442 27.9987 10.4174 -13 6516 1 0 1
-0.324432 -1.8456 800 0.0569158 -0.0549533 27.9999 10.4173 -13 6517 1 0 1
-3.61957 6.26767 800 -0.137885 -0.232107 27.9987 10.4174 -13 6518 1 0 1
3.2108 2.92012 800 -0.0739914 0.0446486 27.9999 10.4173 -13 6519 1 0 1
13.3477 -0.758442 800 0.0817662 0.409999 27.9969 10.4176 -13 6520 1 0 1
9.0163 -3.22391 800 0.0884357 0.29846 27.9983 10.4174 -13 6521 1 0 1
17.1069 3.59401 800 -0.245591 0.647446 27.9914 10.4179 -13 6522 1 0 1
0.852984 5.4759 800 -0.213483 0.0149829 27.9992 10.4173 -13 6523 1 0 1
-26.8151 -9.11832 800 0.458734 -0.920293 27.9811 10.4185 -13 6524 1 0 1
1.59168 -4.22716 800 0.168791 0.0240204 27.9995 10.4173 -13 6525 1 0 1
4.21201 6.61668 800 -0.272938 0.157257 27.9982 10.4174 -13 6526 1 0 1
1.11598 2.1225 800 -0.0444387 0.0349308 27.9999 10.4173 -13 6527 1 0 1
-7.43786 -2.75504 800 0.103572 -0.23054 27.9989 10.4173 -13 6528 1 0 1
-4.88912 -7.76615 800 0.234293 -0.0648726 27.9989 10.4173 -13 6529 1 0 1
32.1944 4.57236 800 -0.340306 1.11627 27.9757 10.4188 -13 6530 1 0 1
1.33626 -3.46522 800 0.104737 0.0408298 27.9998 10.4173 -13 6531 1 0 1
6.10719 0.762764 800 -0.0812959 0.221359 27.999 10.4173 -13 6532 1 0 1
0.731926 -9.62183 800 0.371792 -0.00737683 27.9975 10.4175 -13 6533 1 0 1
-24.677 -9.7657 800 0.411114 -0.805235 27.9854 10.4182 -13 6534 1 0 1
-8.89194 -2.19136 800 0.0722501 -0.40582 27.997 10.4176 -13 6535 1 0 1
-11.2825 -1.65914 800 0.0742983 -0.36864 27.9975 10.4174 -13 6536 1 0 1
26.4802 3.98072 800 -0.23685 1.00588 27.9809 10.4186 -13 6537 1 0 1
-5.26712 1.11081 800 -0.0797225 -0.245475 27.9988 10.4174 -13 6538 1 0 1
0.293895 -1.92379 800 0.123176 0.098057 27.9996 10.4173 -13 6539 1 0 1
-10.3121 -0.623344 800 0.0340555 -0.352663 27.9978 10.4174 -13 6540 1 0 1
-6.32584 -2.71508 800 0.0997117 -0.269627 27.9985 10.4174 -13 6541 1 0 1
-0.172417 8.69557 800 -0.358769 0.0524986 27.9977 10.4175 -13 6542 1 0 1
0.0476648 5.2737 800 -0.184007 0.109716 27.9992 10.4174 -13 6543 1 0 1
-5.25913 -3.31428 800 0.233639 -0.185215 27.9984 10.4174 -13 6544 1 0 1
7.81729 2.28038 800 -0.107991 0.348291 27.9976 10.4175 -13 6545 1 0 1
1.76384 1.58887 800 -0.0146926 0.0619178 27.9999 10.4173 -13 6546 1 0 1
7.66739 -1.35729 800 -0.00623366 0.244656 27.9989 10.4173 -13 6547 1 0 1
-4.43629 0.691151 800 -0.0423391 -0.14232 27.9996 10.4173 -13 6548 1 0 1
-3.26016 -3.50863 800 0.216937 0.01524 27.9992 10.4174 -13 6549 1 0 1
-0.695677 -0.793106 800 0.00622097 -0.0587907 27.9999 10.4173 -13 6550 1 0 1
-9.82482 -3.16978 800 0.184691 -0.280205 27.998 10.4174 -13 6551 1 0 1
7.90787 2.85888 800 -0.126153 0.231748 27.9988 10.4173 -13 6552 1 0 1
-8.5079 -5.99711 800 0.228283 -0.299219 27.9975 10.4174 -13 6553 1 0 1
-5.67936 -6.24299 800 0.321251 -0.127769 27.9979 10.4174 -13 6554 1 0 1
-15.0251 -7.10625 800 0.312727 -0.613635 27.9915 10.4179 -13 6555 1 0 1
1.85186 -5.69436 800 0.253758 0.128611 27.9986 10.4174 -13 6556 1 0 1
22.2732 8.50651 800 -0.498638 0.861437 27.9823 10.4186 -13 6557 1 0 1
-6.7652 -3.05827 800 0.100659 -0.230793 27.9989 10.4173 -13 6558 1 0 1
-24.1553 -5.28357 800 0.27282 -0.785661 27.9876 10.418 -13 6559 1 0 1
-8.37231 -5.79222 800 0.292917 -0.429463 27.9952 10.4178 -13 6560 1 0 1
13.457 5.26455 800 -0.272473 0.46714 27.9948 10.4176 -13 6561 1 0 1
20.9564 6.60108 800 -0.344876 0.759361 27.9876 10.4181 -13 6562 1 0 1
10.6552 -5.80908 800 0.226702 0.316691 27.9973 10.4175 -13 6563 1 0 1
-0.644603 -2.45396 800 0.0797822 -0.0706869 27.9998 10.4173 -13 6564 1 0 1
-14.5018 -5.94673 800 0.356131 -0.512935 27.993 10.4178 -13 6565 1 0 1
8.32092 6.47088 800 -0.325673 0.352179 27.9959 10.4176 -13 6566 1 0 1
-4.43051 -3.41977 800 0.227652 -0.16687 27.9986 10.4174 -13 6567 1 0 1
-7.56352 -1.41288 800 0.105419 -0.355488 27.9975 10.4175 -13 6568 1 0 1
7.72286 5.90522 800 -0.251718 0.291369 27.9974 10.4175 -13 6569 1 0 1
-3.67595 0.654726 800 0.059745 -0.141948 27.9996 10.4173 -13 6570 1 0 1
-2.51296 2.99124 800 -0.0913046 -0.0542618 27.9998 10.4173 -13 6571 1 0 1
8.15093 -1.04041 800 -0.0276482 0.288026 27.9985 10.4173 -13 6572 1 0 1
5.48299 -4.92691 800 0.118104 0.18491 27.9991 10.4173 -13 6573 1 0 1
-11.2571 -2.04497 800 0.14015 -0.385617 27.997 10.4174 -13 6574 1 0 1
-20.0167 -9.34202 800 0.516841 -0.583279 27.9892 10.418 -13 6575 1 0 1
-11.4637 -2.71045 800 0.031874 -0.339236 27.9979 10.4175 -13 6576 1 0 1
15.0389 -0.324954 800 -0.0180794 0.45241 27.9963 10.4175 -13 6577 1 0 1
5.18092 7.51015 800 -0.275138 0.101029 27.9985 10.4174 -13 6578 1 0 1
1.94161 3.20689 800 -0.186095 0.170829 27.9989 10.4174 -13 6579 1 0 1
-3.11585 5.02373 800 -0.107702 -0.11721 27.9995 10.4173 -13 6580 1 0 1
-21.2873 -4.17989 800 0.145159 -0.724471 27.9902 10.418 -13 6581 1 0 1
11.9815 6.46213 800 -0.33688 0.323338 27.9961 10.4175 -13 6582 1 0 1
0.665714 -0.835926 800 0.0946595 -0.0194474 27.9998 10.4173 -13 6583 1 0 1
-12.1318 -2.64398 800 0.214237 -0.409004 27.9962 10.4175 -13 6584 1 0 1
-2.64947 -0.657217 800 0.0574204 -0.1241 27.9997 10.4173 -13 6585 1 0 1
7.38064 0.358902 800 -0.0356838 0.265559 27.9987 10.4173 -13 6586 1 0 1
-1.89398 -0.036228 800 0.00481932 -0.110478 27.9998 10.4173 -13 6587 1 0 1
-5.88905 -1.64665 800 0.128686 -0.198267 27.999 10.4173 -13 6588 1 0 1
-3.6743 1.82267 800 0.03282 -0.13129 27.9997 10.4173 -13 6589 1 0 1
1.48919 -3.12691 800 0.131474 0.0470537 27.9997 10.4173 -13 6590 1 0 1
15.7801 9.48339 800 -0.463861 0.512133 27.9915 10.4178 -13 6591 1 0 1
2.4333 -4.40949 800 0.0552373 0.00916705 27.9999 10.4173 -13 6592 1 0 1
-12.1628 -9.56812 800 0.481725 -0.43961 27.9924 10.4178 -13 6593 1 0 1
-6.95872 1.23279 800 0.0647902 -0.214924 27.9991 10.4173 -13 6594 1 0 1
4.25341 1.0991 800 -0.0109192 0.215553 27.9992 10.4174 -13 6595 1 0 1
1.72025 3.61802 800 -0.162494 -0.00604461 27.9995 10.4173 -13 6596 1 0 1
-5.47989 3.6851 800 -0.0864559 -0.142275 27.9995 10.4173 -13 6597 1 0 1
-10.8482 3.50721 800 -0.0120474 -0.370107 27.9976 10.4174 -13 6598 1 0 1
-0.156522 0.0275112 800 -0.0377601 -0.0581004 27.9999 10.4173 -13 6599 1 0 1
6.5783 -2.17541 800 -0.00779976 0.137063 27.9997 10.4173 -13 6600 1 0 1
4.74648 4.79359 800 -0.175245 0.097705 27.9993 10.4173 -13 6601 1 0 1
-6.69317 2.56156 800 -0.101798 -0.258312 27.9986 10.4174 -13 6602 1 0 1
3.10895 0.105848 800 0.000415834 0.0841192 27.9999 10.4173 -13 6603 1 0 1
4.37787 -4.62268 800 0.158928 0.184431 27.9989 10.4173 -13 6604 1 0 1
3.87414 -1.85815 800 0.10105 0.130595 27.9995 10.4173 -13 6605 1 0 1
-6.0503 -0.440871 800 0.0203301 -0.312267 27.9983 10.4174 -13 6606 1 0 1
11.1788 4.29119 800 -0.234424 0.363921 27.9967 10.4175 -13 6607 1 0 1
-1.24771 -1.68146 800 0.0464317 -0.173155 27.9994 10.4174 -13 6608 1 0 1
2.95636 0.805235 800 -0.107594 0.122877 27.9995 10.4173 -13 6609 1 0 1
-4.70469 -3.74188 800 0.207834 -0.185509 27.9986 10.4174 -13 6610 1 0 1
-14.9093 -3.60918 800 0.226187 -0.563041 27.9934 10.4177 -13 6611 1 0 1
-8.99623 1.93666 800 0.0574123 -0.245644 27.9989 10.4174 -13 6612 1 0 1
3.36241 -4.44485 800 0.14514 0.209066 27.9988 10.4174 -13 6613 1 0 1
-15.3705 -9.40025 800 0.479686 -0.582912 27.9898 10.418 -13 6614 1 0 1
5.94845 3.63584 800 -0.155935 0.239899 27.9985 10.4174 -13 6615 1 0 1
-4.75419 0.625288 800 0.000885309 -0.146572 27.9996 10.4173 -13 6616 1 0 1
10.6257 0.111043 800 -0.0969112 0.310823 27.9981 10.4174 -13 6617 1 0 1
-8.01261 -3.52313 800 0.236893 -0.334152 27.997 10.4175 -13 6618 1 0 1
4.54969 -1.71968 800 0.0183487 0.162185 27.9995 10.4173 -13 6619 1 0 1
9.98302 7.4549 800 -0.31557 0.302417 27.9966 10.4175 -13 6620 1 0 1
-6.30863 6.4782 800 -0.174046 -0.175847 27.9989 10.4173 -13 6621 1 0 1
4.05894 4.90077 800 -0.235509 0.134776 27.9987 10.4174 -13 6622 1 0 1
-4.57197 2.30466 800 -0.08226 -0.120434 27.9996 10.4173 -13 6623 1 0 1
-25.005 -9.71678 800 0.643884 -0.884533 27.9786 10.4189 -13 6624 1 0 1
14.535 3.30501 800 -0.163039 0.504336 27.995 10.4176 -13 6625 1 0 1
8.7869 -2.7402 800 0.0103744 0.220679 27.9991 10.4173 -13 6626 1 0 1
-11.2013 -7.52951 800 0.266639 -0.433118 27.9954 10.4176 -13 6627 1 0 1
13.9268 -1.37494 800 -0.0529795 0.517275 27.9952 10.4176 -13 6628 1 0 1
1.35133 -1.95845 800 0.0771898 0.0766033 27.9998 10.4173 -13 6629 1 0 1
5.96908 -2.41992 800 0.0793619 0.239075 27.9989 10.4173 -13 6630 1 0 1
6.62517 3.35548 800 -0.0945342 0.233264 27.9989 10.4173 -13 6631 1 0 1
3.45219 -2.81122 800 0.0163297 0.189735 27.9994 10.4173 -13 6632 1 0 1
4.59176 4.09253 800 -0.181201 0.243889 27.9984 10.4174 -13 6633 1 0 1
-1.16625 -3.31754 800 0.0967706 -0.0265924 27.9998 10.4173 -13 6634 1 0 1
3.04138 4.11026 800 -0.194748 0.12078 27.9991 10.4173 -13 6635 1 0 1
-13.9999 -5.23195 800 0.196263 -0.44133 27.9958 10.4175 -13 6636 1 0 1
-9.65333 -3.11461 800 0.158879 -0.327443 27.9976 10.4174 -13 6637 1 0 1
5.71269 3.27983 800 -0.125194 0.101168 27.9995 10.4173 -13 6638 1 0 1
3.94545 7.7471 800 -0.253447 0.0987099 27.9987 10.4173 -13 6639 1 0 1
-11.9727 -6.05095 800 0.253591 -0.489047 27.9946 10.4177 -13 6640 1 0 1
10.9727 5.15608 800 -0.278255 0.447746 27.995 10.4177 -13 6641 1 0 1
2.44027 4.5523 800 -0.171199 0.0659146 27.9994 10.4173 -13 6642 1 0 1
-17.0248 -5.55199 800 0.26396 -0.643156 27.9914 10.4179 -13 6643 1 0 1
15.5165 2.31229 800 -0.246066 0.454906 27.9952 10.4176 -13 6644 1 0 1
4.66816 -5.39443 800 0.241439 0.120616 27.9987 10.4174 -13 6645 1 0 1
-6.60392 2.64783 800 -0.0811943 -0.210638 27.9991 10.4173 -13 6646 1 0 1
-6.05724 0.5921 800 -0.0239661 -0.258032 27.9988 10.4174 -13 6647 1 0 1
3.83682 -3.32833 800 0.0911374 0.0802049 27.9997 10.4173 -13 6648 1 0 1
2.97338 -1.47486 800 -0.0269437 0.151249 27.9996 10.4173 -13 6649 1 0 1
14.857 10.5207 800 -0.472423 0.541548 27.9908 10.4179 -13 6650 1 0 1
3.95838 0.479125 800 0.0364711 0.173759 27.9994 10.4173 -13 6651 1 0 1
-4.98028 -0.714827 800 -0.0505248 -0.167445 27.9995 10.4173 -13 6652 1 0 1
-19.9785 -8.29346 800 0.410958 -0.680587 27.9887 10.418 -13 6653 1 0 1
-5.45903 -4.24563 800 0.212609 -0.221075 27.9983 10.4174 -13 6654 1 0 1
6.18844 1.87851 800 -0.0745795 0.170433 27.9994 10.4173 -13 6655 1 0 1
10.7604 5.0269 800 -0.24793 0.359842 27.9966 10.4175 -13 6656 1 0 1
-13.9232 -5.47837 800 0.27422 -0.578081 27.9927 10.4179 -13 6657 1 0 1
3.34439 1.7241 800 -0.0700368 0.127613 27.9996 10.4173 -13 6658 1 0 1
7.32714 6.45749 800 -0.182149 0.278413 27.998 10.4174 -13 6659 1 0 1
0.161652 -3.08745 800 0.178112 -0.0346402 27.9994 10.4173 -13 6660 1 0 1
-7.524 2.58668 800 -0.0921495 -0.2399 27.9988 10.4173 -13 6661 1 0 1
-9.34775 -4.29549 800 0.12896 -0.397051 27.9969 10.4176 -13 6662 1 0 1
4.055 6.14942 800 -0.201933 0.197215 27.9986 10.4174 -13 6663 1 0 1
-0.238985 0.0528977 800 0.0279801 -0.0823516 27.9999 10.4173 -13 6664 1 0 1
-6.24426 -0.828216 800 0.073465 -0.238443 27.9989 10.4173 -13 6665 1 0 1
-5.31844 -2.27536 800 0.114715 -0.213177 27.999 10.4173 -13 6666 1 0 1
-5.2439 -3.66508 800 0.185115 -0.157808 27.9989 10.4173 -13 6667 1 0 1
-1.73529 1.20607 800 0.00404579 -0.0669984 27.9999 10.4173 -13 6668 1 0 1
-8.01601 -2.08324 800 0.107429 -0.340439 27.9977 10.4174 -13 6669 1 0 1
0.397425 2.31806 800 -0.0245113 -0.00535676 28 10.4173 -13 6670 1 0 1
6.02776 1.35235 800 -0.129828 0.202184 27.999 10.4173 -13 6671 1 0 1
-7.10833 -4.60599 800 0.130136 -0.236497 27.9987 10.4174 -13 6672 1 0 1
-6.81382 3.05957 800 -0.0377599 -0.219893 27.9991 10.4173 -13 6673 1 0 1
1.07065 -3.39392 800 0.0503641 0.00495171 28 10.4173 -13 6674 1 0 1
-1.53717 -1.26574 800 0.0997391 -0.00130843 27.9998 10.4173 -13 6675 1 0 1
1.79683 4.02663 800 -0.24009 0.037672 27.9989 10.4174 -13 6676 1 0 1
0.145476 -2.45375 800 0.0736555 0.0344551 27.9999 10.4173 -13 6677 1 0 1
5.66677 3.26768 800 -0.0959208 0.216165 27.999 10.4173 -13 6678 1 0 1
-8.5256 -3.06803 800 0.159969 -0.301683 27.9979 10.4174 -13 6679 1 0 1
0.994679 -4.04532 800 0.142357 0.0064958 27.9996 10.4173 -13 6680 1 0 1
-3.68211 -0.292131 800 -0.011305 -0.127504 27.9997 10.4173 -13 6681 1 0 1
-9.93853 -2.48624 800 0.20419 -0.487177 27.995 10.4178 -13 6682 1 0 1
14.1369 2.5155 800 -0.217314 0.619836 27.9923 10.4179 -13 6683 1 0 1
13.7335 -1.56758 800 -0.0522935 0.517487 27.9952 10.4176 -13 6684 1 0 1
-2.1528 -3.31635 800 0.0981305 -0.0522203 27.9998 10.4173 -13 6685 1 0 1
-6.865 -8.47945 800 0.26156 -0.323366 27.9969 10.4176 -13 6686 1 0 1
-2.16405 5.04407 800 -0.29356 -0.0246675 27.9985 10.4175 -13 6687 1 0 1
-9.14067 -7.18721 800 0.442456 -0.228777 27.9956 10.4177 -13 6688 1 0 1
0.923776 -0.801702 800 -0.0362361 0.0309906 28 10.4173 -13 6689 1 0 1
1.26482 -0.793727 800 0.0585722 0.000323973 27.9999 10.4173 -13 6690 1 0 1
6.11344 -1.70428 800 -0.0530838 0.126144 27.9997 10.4173 -13 6691 1 0 1
0.614741 -0.32804 800 -0.037862 0.00316122 28 10.4173 -13 6692 1 0 1
5.18493 -3.83426 800 0.0703202 0.232157 27.9989 10.4173 -13 6693 1 0 1
-4.08003 -3.2855 800 0.226155 -0.0654775 27.999 10.4174 -13 6694 1 0 1
-1.2317 4.07624 800 -0.117492 -0.0348331 27.9997 10.4173 -13 6695 1 0 1
17.4227 5.10321 800 -0.341585 0.552332 27.9925 10.4178 -13 6696 1 0 1
-16.7009 -9.0582 800 0.46633 -0.664773 27.9882 10.4182 -13 6697 1 0 1
15.4748 5.30624 800 -0.333259 0.477337 27.9939 10.4177 -13 6698 1 0 1
2.68031 1.36251 800 -0.0923281 0.071512 27.9998 10.4173 -13 6699 1 0 1
-5.35938 3.61226 800 -0.129584 -0.111131 27.9995 10.4173 -13 6700 1 0 1
-0.690785 2.89876 800 -0.0921185 -0.048436 27.9998 10.4173 -13 6701 1 0 1
-8.4647 -4.65024 800 0.19938 -0.327602 27.9974 10.4175 -13 6702 1 0 1
-4.43621 2.04155 800 0.00961718 -0.227006 27.9991 10.4174 -13 6703 1 0 1
-4.9127 -2.34497 800 0.130042 -0.200756 27.999 10.4173 -13 6704 1 0 1
5.09538 -4.69592 800 0.0958069 0.174403 27.9993 10.4173 -13 6705 1 0 1
11.2058 2.76101 800 -0.189036 0.448086 27.9958 10.4176 -13 6706 1 0 1
-5.95292 -0.942724 800 -0.0272422 -0.169134 27.9995 10.4173 -13 6707 1 0 1
4.29936 -1.79705 800 0.183843 0.155996 27.999 10.4174 -13 6708 1 0 1
-9.1047 -2.69306 800 0.180664 -0.31259 27.9977 10.4174 -13 6709 1 0 1
4.9427 0.444177 800 0.0156301 0.261848 27.9988 10.4174 -13 6710 1 0 1
-1.96722 -0.0666228 800 0.0412181 -0.039604 27.9999 10.4173 -13 6711 1 0 1
5.32562 4.19484 800 -0.188104 0.258496 27.9982 10.4174 -13 6712 1 0 1
-3.93471 3.81248 800 -0.101705 -0.145313 27.9994 10.4173 -13 6713 1 0 1
0.141701 4.17695 800 -0.145618 -0.0136538 27.9996 10.4173 -13 6714 1 0 1
-4.95265 -10.1226 800 0.433599 -0.155671 27.9962 10.4175 -13 6715 1 0 1
6.73298 5.41902 800 -0.258685 0.197298 27.9981 10.4174 -13 6716 1 0 1
-8.34901 0.329502 800 -0.0366121 -0.310828 27.9983 10.4174 -13 6717 1 0 1
-15.1307 -3.09165 800 0.117484 -0.499107 27.9953 10.4176 -13 6718 1 0 1
22.7578 2.9939 800 -0.230519 0.790243 27.9879 10.418 -13 6719 1 0 1
-3.0863 -1.21385 800 0.00533246 -0.144551 27.9996 10.4173 -13 6720 1 0 1
-8.23515 1.2519 800 -0.049588 -0.252419 27.9988 10.4173 -13 6721 1 0 1
16.2051 7.93948 800 -0.426763 0.556416 27.9912 10.4179 -13 6722 1 0 1
-9.12716 1.72255 800 -0.028938 -0.363486 27.9976 10.4174 -13 6723 1 0 1
-7.70638 -6.60116 800 0.34446 -0.216352 27.997 10.4175 -13 6724 1 0 1
-16.3798 -7.12126 800 0.385012 -0.583812 27.9913 10.4179 -13 6725 1 0 1
-7.17775 -2.24986 800 0.0700323 -0.233833 27.9989 10.4173 -13 6726 1 0 1
10.1453 3.15565 800 -0.245842 0.347729 27.9968 10.4175 -13 6727 1 0 1
1.4839 2.84485 800 -0.15758 0.0337388 27.9995 10.4173 -13 6728 1 0 1
14.8373 0.89156 800 -0.0440213 0.543055 27.9947 10.4176 -13 6729 1 0 1
9.95421 -1.17993 800 -0.0541154 0.30043 27.9983 10.4174 -13 6730 1 0 1
-2.35819 1.35545 800 -0.0373796 -0.138658 27.9996 10.4173 -13 6731 1 0 1
5.93396 -8.73941 800 0.274221 0.135172 27.9983 10.4174 -13 6732 1 0 1
15.7342 2.82769 800 -0.246876 0.462555 27.9951 10.4176 -13 6733 1 0 1
-5.87155 1.08597 800 -0.0176871 -0.239937 27.999 10.4173 -13 6734 1 0 1
-11.5864 -3.04731 800 0.288238 -0.440283 27.9951 10.4177 -13 6735 1 0 1
-8.30898 -0.118593 800 0.0545316 -0.260108 27.9987 10.4173 -13 6736 1 0 1
18.0538 5.80159 800 -0.419224 0.616772 27.9901 10.418 -13 6737 1 0 1
12.0091 -0.380537 800 -0.018241 0.428087 27.9967 10.4175 -13 6738 1 0 1
7.12552 -2.02029 800 -0.0134612 0.201645 27.9993 10.4173 -13 6739 1 0 1
-5.41757 2.77692 800 -0.0766181 -0.202398 27.9992 10.4173 -13 6740 1 0 1
-1.98962 -3.9514 800 0.0967166 -0.0272623 27.9998 10.4173 -13 6741 1 0 1
-0.646095 1.59012 800 -0.164449 0.00872012 27.9995 10.4174 -13 6742 1 0 1
6.92484 -1.21663 800 -0.00602762 0.143019 27.9996 10.4173 -13 6743 1 0 1
16.6126 -5.77721 800 0.104418 0.535465 27.9947 10.4176 -13 6744 1 0 1
1.44698 -0.515008 800 0.0948307 0.0529756 27.9998 10.4173 -13 6745 1 0 1
16.0354 0.536512 800 -0.177186 0.558962 27.9939 10.4177 -13 6746 1 0 1
3.04049 0.262035 800 -0.00993348 0.176278 27.9994 10.4173 -13 6747 1 0 1
-15.4955 -9.42042 800 0.418593 -0.601628 27.9904 10.418 -13 6748 1 0 1
0.78063 -10.6751 800 0.415329 0.021335 27.9969 10.4175 -13 6749 1 0 1
5.87517 4.13549 800 -0.137503 0.139154 27.9993 10.4173 -13 6750 1 0 1
-5.03664 -6.86981 800 0.285797 -0.0964482 27.9984 10.4174 -13 6751 1 0 1
2.19532 4.58699 800 -0.0815129 0.0595576 27.9998 10.4173 -13 6752 1 0 1
-13.5782 -2.61004 800 0.201196 -0.424595 27.9961 10.4175 -13 6753 1 0 1
6.07384 1.9504 800 -0.171747 0.169745 27.999 10.4173 -13 6754 1 0 1
-0.861469 -5.11579 800 0.227841 0.0262902 27.9991 10.4173 -13 6755 1 0 1
-24.5736 -8.59309 800 0.374446 -0.885045 27.9835 10.4184 -13 6756 1 0 1
7.93038 3.26137 800 -0.132448 0.381731 27.9971 10.4176 -13 6757 1 0 1
-21.3493 -10.6809 800 0.438266 -0.784557 27.9856 10.4183 -13 6758 1 0 1
-22.6427 -10.6797 800 0.504647 -0.823464 27.9833 10.4184 -13 6759 1 0 1
1.81822 6.71962 800 -0.320778 0.112509 27.9979 10.4175 -13 6760 1 0 1
11.1436 1.41254 800 -0.0212838 0.380781 27.9974 10.4175 -13 6761 1 0 1
4.78547 0.611185 800 0.00994343 0.115732 27.9998 10.4173 -13 6762 1 0 1
-0.250112 -0.908814 800 0.0206549 0.0377981 28 10.4173 -13 6763 1 0 1
4.26968 6.57679 800 -0.308503 0.101487 27.9981 10.4174 -13 6764 1 0 1
0.626833 2.95783 800 -0.0729611 0.0416156 27.9999 10.4173 -13 6765 1 0 1
3.7339 4.45468 800 -0.233649 0.20836 27.9982 10.4175 -13 6766 1 0 1
9.09649 -0.0208853 800 -0.0604434 0.289594 27.9984 10.4174 -13 6767 1 0 1
7.29081 -3.93891 800 0.115533 0.183712 27.9992 10.4173 -13 6768 1 0 1
-0.119137 -1.74241 800 0.0399515 0.00961553 28 10.4173 -13 6769 1 0 1
-11.8281 -0.13798 800 0.00496585 -0.430143 27.9967 10.4175 -13 6770 1 0 1
19.1054 6.73623 800 -0.423367 0.678361 27.9886 10.4181 -13 6771 1 0 1
-8.69304 -1.93212 800 0.169258 -0.235459 27.9985 10.4174 -13 6772 1 0 1
-7.35238 3.60616 800 -0.129281 -0.255413 27.9985 10.4174 -13 6773 1 0 1
13.8725 3.5814 800 -0.241321 0.543469 27.9937 10.4177 -13 6774 1 0 1
-1.63365 -1.50864 800 0.122072 -0.0928692 27.9996 10.4173 -13 6775 1 0 1
6.95683 -0.307278 800 -0.0227313 0.112123 27.9998 10.4173 -13 6776 1 0 1
24.3459 4.2938 800 -0.328524 0.821531 27.986 10.4182 -13 6777 1 0 1
-17.3495 -2.2794 800 0.190139 -0.67781 27.9911 10.4179 -13 6778 1 0 1
-14.4175 -0.876717 800 0.0785202 -0.484899 27.9957 10.4175 -13 6779 1 0 1
-4.1336 -5.46819 800 0.202123 -0.168232 27.9988 10.4174 -13 6780 1 0 1
-4.23251 -8.75469 800 0.366777 -0.0578493 27.9975 10.4174 -13 6781 1 0 1
11.9579 3.01104 800 -0.21083 0.459825 27.9954 10.4176 -13 6782 1 0 1
-2.43816 1.90733 800 -0.0862386 -0.0930891 27.9997 10.4173 -13 6783 1 0 1
10.2678 4.22944 800 -0.128696 0.395451 27.9969 10.4175 -13 6784 1 0 1
4.62913 2.97589 800 -0.169288 0.162275 27.999 10.4173 -13 6785 1 0 1
-12.5962 -5.5281 800 0.26147 -0.487266 27.9945 10.4177 -13 6786 1 0 1
5.7394 -1.52648 800 0.120891 0.251388 27.9986 10.4174 -13 6787 1 0 1
0.89797 0.465028 800 -0.0240281 0.0773618 27.9999 10.4173 -13 6788 1 0 1
14.7086 2.99213 800 -0.174547 0.484419 27.9953 10.4176 -13 6789 1 0 1
-9.96126 3.715 800 -0.1623 -0.3582 27.9972 10.4175 -13 6790 1 0 1
12.6892 5.83159 800 -0.39801 0.517434 27.9924 10.4179 -13 6791 1 0 1
-6.70394 1.74137 800 0.0106519 -0.0537937 27.9999 10.4174 -13 6792 1 0 1
-5.16305 0.720087 800 0.00471964 -0.0976773 27.9998 10.4173 -13 6793 1 0 1
-1.92041 -0.658207 800 0.0895558 -0.116438 27.9996 10.4173 -13 6794 1 0 1
7.70403 2.59185 800 -0.0994447 0.314229 27.9981 10.4174 -13 6795 1 0 1
10.3105 4.23332 800 -0.0868233 0.309167 27.9982 10.4174 -13 6796 1 0 1
1.60402 0.134929 800 -0.00269167 0.113128 27.9998 10.4173 -13 6797 1 0 1
-3.89816 -1.24743 800 -0.00895409 -0.125196 27.9997 10.4173 -13 6798 1 0 1
3.58814 0.735706 800 -0.052236 0.154799 27.9995 10.4173 -13 6799 1 0 1
5.16886 1.30644 800 -0.25395 0.179802 27.9983 10.4175 -13 6800 1 0 1
-2.25669 -3.15191 800 0.0535837 -0.17526 27.9994 10.4174 -13 6801 1 0 1
-6.39689 -2.79883 800 0.135892 -0.152685 27.9993 10.4173 -13 6802 1 0 1
19.6645 5.54826 800 -0.31075 0.65082 27.9907 10.4178 -13 6803 1 0 1
8.71513 3.64031 800 -0.263773 0.346582 27.9966 10.4176 -13 6804 1 0 1
4.19065 1.81908 800 -0.0467818 0.212393 27.9992 10.4174 -13 6805 1 0 1
1.96721 -2.44471 800 0.146606 0.0683114 27.9995 10.4173 -13 6806 1 0 1
7.41773 -0.0231393 800 -0.102238 0.291027 27.9983 10.4174 -13 6807 1 0 1
7.75274 2.58365 800 -0.151729 0.381256 27.997 10.4176 -13 6808 1 0 1
-12.2138 -5.23209 800 0.238595 -0.312955 27.9972 10.4174 -13 6809 1 0 1
-7.70243 0.950194 800 -0.0178444 -0.191855 27.9993 10.4173 -13 6810 1 0 1
19.4182 4.76296 800 -0.31345 0.606239 27.9917 10.4178 -13 6811 1 0 1
-5.8591 -0.384033 800 -0.0161769 -0.0902452 27.9998 10.4173 -13 6812 1 0 1
20.7697 9.68922 800 -0.397859 0.75738 27.9869 10.4182 -13 6813 1 0 1
9.57782 1.32948 800 -0.165798 0.422562 27.9963 10.4176 -13 6814 1 0 1
-21.269 -4.10079 800 0.30176 -0.718255 27.9892 10.418 -13 6815 1 0 1
-0.110271 -3.68668 800 0.0526578 0.0167028 27.9999 10.4173 -13 6816 1 0 1
2.36643 -1.23444 800 0.025528 -0.0295787 28 10.4173 -13 6817 1 0 1
-12.5979 0.889622 800 0.0491928 -0.378682 27.9974 10.4174 -13 6818 1 0 1
11.1989 8.18586 800 -0.356204 0.45873 27.994 10.4178 -13 6819 1 0 1
11.4745 1.92881 800 -0.147498 0.38953 27.9969 10.4175 -13 6820 1 0 1
7.53444 -2.37544 800 0.112852 0.258958 27.9986 10.4174 -13 6821 1 0 1
-4.50424 1.00245 800 0.0717398 -0.0827019 27.9998 10.4173 -13 6822 1 0 1
0.625083 3.66192 800 -0.129375 0.064836 27.9996 10.4173 -13 6823 1 0 1
-9.58727 -3.01807 800 0.0966342 -0.303748 27.9982 10.4174 -13 6824 1 0 1
-1.10583 -2.27439 800 0.143311 -0.08339 27.9995 10.4173 -13 6825 1 0 1
-10.6506 -4.61185 800 0.290523 -0.411347 27.9955 10.4176 -13 6826 1 0 1
-11.1222 -4.51103 800 0.262573 -0.389516 27.9961 10.4175 -13 6827 1 0 1
11.504 1.00475 800 -0.0871581 0.389919 27.9971 10.4174 -13 6828 1 0 1
-3.98964 -3.03464 800 0.162375 -0.0790792 27.9994 10.4173 -13 6829 1 0 1
-7.11849 -6.88374 800 0.292134 -0.199208 27.9978 10.4174 -13 6830 1 0 1
3.96768 -1.32746 800 0.0600371 0.110526 27.9997 10.4173 -13 6831 1 0 1
3.81316 2.83404 800 -0.105757 0.0368294 27.9998 10.4173 -13 6832 1 0 1
1.45138 4.79239 800 -0.139046 0.0138565 27.9997 10.4173 -13 6833 1 0 1
8.07453 3.09982 800 -0.149473 0.371163 27.9971 10.4175 -13 6834 1 0 1
-0.708921 -1.51445 800 0.109082 -0.028012 27.9998 10.4173 -13 6835 1 0 1
11.9687 1.45082 800 -0.11373 0.4599 27.996 10.4175 -13 6836 1 0 1
-15.1838 -0.221945 800 0.104777 -0.573494 27.9939 10.4177 -13 6837 1 0 1
-1.16546 -7.93758 800 0.372407 -0.0132239 27.9975 10.4175 -13 6838 1 0 1
-1.19419 6.11863 800 -0.232034 -0.0579258 27.999 10.4173 -13 6839 1 0 1
-2.48837 1.52476 800 0.00735236 -0.0905179 27.9999 10.4173 -13 6840 1 0 1
-0.156126 -1.27926 800 -0.0346103 -0.0301896 28 10.4173 -13 6841 1 0 1
-7.93311 -6.30514 800 0.236876 -0.289977 27.9975 10.4174 -13 6842 1 0 1
9.25347 -1.12955 800 0.016853 0.275573 27.9986 10.4174 -13 6843 1 0 1
-17.0463 -8.46288 800 0.442087 -0.613434 27.9898 10.418 -13 6844 1 0 1
9.39324 2.60508 800 -0.191975 0.317155 27.9975 10.4174 -13 6845 1 0 1
9.9633 -1.92516 800 -0.0696891 0.38632 27.9972 10.4175 -13 6846 1 0 1
0.0967267 4.10922 800 -0.106276 0.0647216 27.9997 10.4173 -13 6847 1 0 1
-0.199542 0.11741 800 -0.0681993 0.00632398 27.9999 10.4173 -13 6848 1 0 1
2.06081 -0.721072 800 0.000346542 0.0166833 28 10.4173 -13 6849 1 0 1
-1.38338 0.831922 800 0.051798 -0.0580466 27.9999 10.4173 -13 6850 1 0 1
-4.53372 -3.13122 800 0.0333694 -0.135443 27.9997 10.4173 -13 6851 1 0 1
13.8337 1.86002 800 -0.14472 0.4489 27.996 10.4175 -13 6852 1 0 1
-14.7432 -12.382 800 0.584589 -0.428821 27.9906 10.4179 -13 6853 1 0 1
-22.51 -3.58364 800 0.229469 -0.791409 27.9879 10.4181 -13 6854 1 0 1
6.39833 2.61741 800 -0.069068 0.210849 27.9991 10.4173 -13 6855 1 0 1
-5.43435 -0.441877 800 0.0481626 -0.145592 27.9996 10.4173 -13 6856 1 0 1
10.6386 1.57496 800 -0.13322 0.347423 27.9975 10.4174 -13 6857 1 0 1
0.881084 -3.06485 800 0.0946473 0.0233802 27.9998 10.4173 -13 6858 1 0 1
2.24164 -2.28043 800 0.0256187 0.0725695 27.9999 10.4173 -13 6859 1 0 1
-5.61299 -3.08666 800 0.0955616 -0.237014 27.9988 10.4174 -13 6860 1 0 1
-21.8153 -4.37679 800 0.169986 -0.853786 27.9865 10.4183 -13 6861 1 0 1
5.93061 -2.52863 800 0.00244455 0.223735 27.9991 10.4173 -13 6862 1 0 1
-3.26281 -3.54337 800 0.206583 -0.170983 27.9987 10.4174 -13 6863 1 0 1
2.28305 -0.752565 800 0.0458061 0.104219 27.9998 10.4173 -13 6864 1 0 1
-28.5886 -10.1295 800 0.554534 -0.975776 27.9775 10.4187 -13 6865 1 0 1
1.16224 -0.490307 800 -0.0732627 0.0286023 27.9999 10.4173 -13 6866 1 0 1
10.3553 -1.65094 800 0.0637677 0.31925 27.9981 10.4174 -13 6867 1 0 1
4.4943 1.78609 800 -0.124179 0.200239 27.999 10.4173 -13 6868 1 0 1
4.66322 0.781927 800 -0.0132016 0.203601 27.9993 10.4173 -13 6869 1 0 1
12.3336 -1.60083 800 -0.0311044 0.494544 27.9956 10.4176 -13 6870 1 0 1
-8.42708 -2.17161 800 0.168849 -0.262204 27.9983 10.4174 -13 6871 1 0 1
-18.3585 -6.25441 800 0.210904 -0.650585 27.9916 10.4179 -13 6872 1 0 1
-9.16421 2.43441 800 -0.083451 -0.256478 27.9987 10.4174 -13 6873 1 0 1
7.83094 7.064 800 -0.266437 0.250092 27.9976 10.4174 -13 6874 1 0 1
16.1561 4.17163 800 -0.193963 0.624251 27.9924 10.4178 -13 6875 1 0 1
-24.5637 1.65487 800 0.0831806 -0.862061 27.9866 10.4181 -13 6876 1 0 1
-13.7575 -2.05568 800 0.147996 -0.575299 27.9937 10.4178 -13 6877 1 0 1
3.96845 3.77984 800 -0.262538 0.115228 27.9985 10.4174 -13 6878 1 0 1
-8.99955 -4.13133 800 0.314313 -0.254303 27.9971 10.4175 -13 6879 1 0 1
-15.293 -1.33304 800 0.0791418 -0.535309 27.9948 10.4176 -13 6880 1 0 1
-14.7554 -6.48842 800 0.362248 -0.49497 27.9933 10.4177 -13 6881 1 0 1
-16.1432 -1.4637 800 0.158166 -0.561081 27.9939 10.4176 -13 6882 1 0 1
-13.1093 0.894838 800 0.04876 -0.474284 27.9959 10.4175 -13 6883 1 0 1
-5.48178 1.16615 800 0.0948314 -0.240888 27.9988 10.4174 -13 6884 1 0 1
-9.25454 4.01616 800 -0.0684296 -0.286055 27.9985 10.4174 -13 6885 1 0 1
-9.27742 -2.98714 800 0.191813 -0.370743 27.9969 10.4175 -13 6886 1 0 1
-1.72103 -10.356 800 0.397517 -0.0796179 27.9971 10.4175 -13 6887 1 0 1
-6.25799 1.7242 800 0.0673314 -0.237323 27.9989 10.4174 -13 6888 1 0 1
-15.7109 -6.12607 800 0.266453 -0.616168 27.992 10.4179 -13 6889 1 0 1
8.89667 2.88915 800 -0.251251 0.326742 27.997 10.4175 -13 6890 1 0 1
5.8666 1.60568 800 0.00683051 0.200111 27.9993 10.4173 -13 6891 1 0 1
7.11282 6.94324 800 -0.269225 0.334838 27.9967 10.4176 -13 6892 1 0 1
-4.31555 -2.15848 800 0.12493 -0.140283 27.9994 10.4173 -13 6893 1 0 1
6.23072 4.74376 800 -0.221844 0.0942614 27.999 10.4174 -13 6894 1 0 1
-4.84968 -5.27654 800 0.271616 -0.112012 27.9985 10.4174 -13 6895 1 0 1
5.12488 -1.6174 800 0.0767309 0.208964 27.9991 10.4173 -13 6896 1 0 1
-9.74752 -1.41581 800 0.130196 -0.35831 27.9974 10.4174 -13 6897 1 0 1
0.387455 4.54652 800 -0.034165 0.0644489 27.9999 10.4174 -13 6898 1 0 1
2.83879 2.90973 800 -0.19579 0.133156 27.999 10.4174 -13 6899 1 0 1
-7.26774 2.14476 800 -0.073918 -0.242613 27.9989 10.4173 -13 6900 1 0 1
6.92894 1.83819 800 -0.174487 0.190242 27.9988 10.4174 -13 6901 1 0 1
1.78439 1.88504 800 -0.101054 -0.0382202 27.9998 10.4173 -13 6902 1 0 1
4.67316 4.60768 800 -0.212938 0.099452 27.999 10.4173 -13 6903 1 0 1
-1.08614 3.45808 800 -0.00579875 -0.0371595 28 10.4173 -13 6904 1 0 1
-10.5343 -2.95074 800 0.180727 -0.35064 27.9972 10.4174 -13 6905 1 0 1
-0.231114 -1.12527 800 0.071429 0.00518337 27.9999 10.4173 -13 6906 1 0 1
-1.9597 -4.74686 800 0.225168 -0.100345 27.9989 10.4174 -13 6907 1 0 1
-0.25361 -2.10952 800 0.150808 0.0165107 27.9996 10.4173 -13 6908 1 0 1
18.641 4.4293 800 -0.185722 0.598246 27.993 10.4177 -13 6909 1 0 1
-0.717384 2.55365 800 0.0105378 0.166233 27.9995 10.4175 -13 6910 1 0 1
-4.84064 -1.46676 800 0.0711609 -0.164023 27.9994 10.4173 -13 6911 1 0 1
24.0294 9.73622 800 -0.502265 0.768713 27.9849 10.4182 -13 6912 1 0 1
1.40378 -2.23531 800 0.0771772 0.10945 27.9997 10.4173 -13 6913 1 0 1
2.88509 3.87109 800 -0.147057 0.0657639 27.9995 10.4173 -13 6914 1 0 1
7.08692 0.653483 800 0.0326939 0.285534 27.9985 10.4174 -13 6915 1 0 1
23.6662 5.03204 800 -0.301231 0.818008 27.9864 10.4181 -13 6916 1 0 1
9.38205 -1.36844 800 0.030786 0.417321 27.9969 10.4175 -13 6917 1 0 1
3.4566 -2.52126 800 0.00867329 0.16971 27.9995 10.4173 -13 6918 1 0 1
-15.1932 0.0276409 800 0.118514 -0.437089 27.9963 10.4175 -13 6919 1 0 1
-5.80758 2.82908 800 -0.109235 -0.250798 27.9987 10.4174 -13 6920 1 0 1
3.83919 2.0071 800 -0.126437 0.16462 27.9992 10.4173 -13 6921 1 0 1
2.16395 2.08617 800 -0.0588429 0.183645 27.9993 10.4174 -13 6922 1 0 1
13.3668 -0.207704 800 -0.0678192 0.474022 27.9959 10.4175 -13 6923 1 0 1
17.3623 3.02212 800 -0.247687 0.631664 27.9918 10.4178 -13 6924 1 0 1
6.3082 -2.45259 800 0.00792991 0.242236 27.999 10.4173 -13 6925 1 0 1
-12.8024 4.36021 800 -0.0177489 -0.371356 27.9975 10.4174 -13 6926 1 0 1
20.5511 4.92808 800 -0.336294 0.72634 27.9886 10.418 -13 6927 1 0 1
4.90417 -0.114416 800 -0.0157241 0.171795 27.9995 10.4173 -13 6928 1 0 1
-1.1792 -1.56176 800 0.177496 0.0360123 27.9994 10.4174 -13 6929 1 0 1
-7.45537 -3.44966 800 0.189394 -0.277821 27.998 10.4174 -13 6930 1 0 1
-9.72704 -0.78055 800 0.00276137 -0.335522 27.998 10.4174 -13 6931 1 0 1
8.36497 4.10436 800 -0.195251 0.229415 27.9984 10.4174 -13 6932 1 0 1
-9.5893 0.913456 800 0.0108753 -0.364733 27.9976 10.4174 -13 6933 1 0 1
11.3094 10.8583 800 -0.492251 0.44382 27.9922 10.4179 -13 6934 1 0 1
2.16662 -5.84801 800 0.334956 0.0689434 27.9979 10.4175 -13 6935 1 0 1
-1.61976 -4.26145 800 0.210547 -0.0704416 27.9991 10.4173 -13 6936 1 0 1
3.82167 1.3895 800 -0.117822 0.202431 27.999 10.4174 -13 6937 1 0 1
-1.49834 7.21314 800 -0.262129 -0.0483227 27.9987 10.4174 -13 6938 1 0 1
-0.342318 3.14959 800 -0.0954325 0.0170363 27.9998 10.4173 -13 6939 1 0 1
3.76604 -2.7297 800 0.0593436 0.150474 27.9995 10.4173 -13 6940 1 0 1
-3.85574 -2.30775 800 0.133328 -0.105176 27.9995 10.4173 -13 6941 1 0 1
9.21578 2.86741 800 -0.172869 0.393117 27.9967 10.4175 -13 6942 1 0 1
-6.15072 0.229287 800 -0.0199283 -0.155399 27.9996 10.4173 -13 6943 1 0 1
-5.18055 5.42013 800 -0.155035 -0.18874 27.9989 10.4173 -13 6944 1 0 1
11.3238 -0.0171069 800 -0.0383476 0.400264 27.9971 10.4174 -13 6945 1 0 1
7.54898 -2.13413 800 0.00833915 0.195046 27.9993 10.4173 -13 6946 1 0 1
-2.73825 -0.969437 800 -0.0256183 -0.141243 27.9996 10.4173 -13 6947 1 0 1
-9.79744 -1.51536 800 0.206455 -0.3263 27.9973 10.4175 -13 6948 1 0 1
2.75519 -0.905972 800 0.0549616 0.061012 27.9999 10.4173 -13 6949 1 0 1
16.0003 0.720516 800 -0.0173877 0.629116 27.9929 10.4178 -13 6950 1 0 1
-4.54758 -3.57555 800 0.0931183 -0.107419 27.9996 10.4173 -13 6951 1 0 1
-4.12107 3.60894 800 -0.196684 -0.126132 27.999 10.4174 -13 6952 1 0 1
20.1962 7.17916 800 -0.414523 0.618765 27.9901 10.4179 -13 6953 1 0 1
22.9144 5.67977 800 -0.244717 0.79749 27.9876 10.4181 -13 6954 1 0 1
-15.0677 -2.81587 800 0.129333 -0.571823 27.9939 10.4177 -13 6955 1 0 1
-3.78133 -1.32082 800 0.0481465 -0.190419 27.9993 10.4173 -13 6956 1 0 1
-3.17349 -3.12886 800 0.100238 -0.13558 27.9995 10.4173 -13 6957 1 0 1
0.524264 -1.88741 800 0.12287 0.0957901 27.9996 10.4173 -13 6958 1 0 1
1.27328 -5.43649 800 0.242614 0.139195 27.9986 10.4174 -13 6959 1 0 1
12.9346 5.22846 800 -0.297479 0.458783 27.9947 10.4176 -13 6960 1 0 1
6.45112 -1.12671 800 0.00171998 0.110449 27.9998 10.4173 -13 6961 1 0 1
3.21252 5.30118 800 -0.20591 0.12675 27.999 10.4173 -13 6962 1 0 1
-4.25711 3.97562 800 -0.0593996 -0.127213 27.9996 10.4173 -13 6963 1 0 1
0.293739 0.139932 800 0.00938091 0.0197865 28 10.4173 -13 6964 1 0 1
5.80228 0.380822 800 -0.0644797 0.232793 27.999 10.4173 -13 6965 1 0 1
-4.12879 -7.18873 800 0.279284 -0.0789278 27.9985 10.4174 -13 6966 1 0 1
-1.63032 -3.56581 800 0.208174 -0.0630484 27.9992 10.4173 -13 6967 1 0 1
9.83454 2.79738 800 -0.080327 0.297577 27.9983 10.4174 -13 6968 1 0 1
8.61198 0.935892 800 -0.149331 0.286509 27.9981 10.4174 -13 6969 1 0 1
-6.17394 -3.97912 800 0.189907 -0.212914 27.9985 10.4174 -13 6970 1 0 1
-3.47994 6.95877 800 -0.269653 -0.111449 27.9985 10.4174 -13 6971 1 0 1
-12.4105 -5.30708 800 0.247974 -0.344389 27.9968 10.4175 -13 6972 1 0 1
-1.08824 1.43206 800 -0.0167723 -0.031336 28 10.4173 -13 6973 1 0 1
5.53 1.49881 800 -0.2408 0.118091 27.9987 10.4175 -13 6974 1 0 1
-17.5271 -2.46899 800 0.137435 -0.638492 27.9924 10.4178 -13 6975 1 0 1
-3.00804 2.39657 800 -0.0492103 -0.0818493 27.9998 10.4173 -13 6976 1 0 1
12.5031 9.27243 800 -0.401775 0.510263 27.9925 10.4179 -13 6977 1 0 1
11.6235 4.32102 800 -0.22091 0.503752 27.9946 10.4177 -13 6978 1 0 1
-0.295753 -3.33372 800 0.20902 0.00694327 27.9992 10.4174 -13 6979 1 0 1
8.57957 -5.65823 800 0.272121 0.270903 27.9974 10.4175 -13 6980 1 0 1
-9.03628 5.04115 800 -0.186202 -0.302263 27.9977 10.4174 -13 6981 1 0 1
13.1851 7.63292 800 -0.310841 0.470666 27.9943 10.4177 -13 6982 1 0 1
6.45377 4.51355 800 -0.269406 0.166786 27.9982 10.4174 -13 6983 1 0 1
-8.36528 -0.946741 800 0.12685 -0.267299 27.9984 10.4174 -13 6984 1 0 1
-3.03173 1.36893 800 -0.0771163 -0.113939 27.9997 10.4173 -13 6985 1 0 1
-5.35239 -5.48526 800 0.274839 -0.206391 27.9979 10.4174 -13 6986 1 0 1
-14.1601 -8.3312 800 0.420378 -0.513411 27.9921 10.4178 -13 6987 1 0 1
0.224268 -0.751458 800 0.173207 0.0298691 27.9994 10.4174 -13 6988 1 0 1
-5.26343 -5.84627 800 0.234777 -0.146997 27.9986 10.4173 -13 6989 1 0 1
0.922893 -2.33657 800 0.023929 0.0783717 27.9999 10.4173 -13 6990 1 0 1
15.8533 -0.871576 800 -0.0579916 0.562345 27.9943 10.4176 -13 6991 1 0 1
-7.25358 1.11312 800 0.0451358 -0.208415 27.9992 10.4173 -13 6992 1 0 1
-11.7889 -1.401 800 0.146227 -0.399947 27.9968 10.4175 -13 6993 1 0 1
9.15434 4.00541 800 -0.149728 0.33778 27.9976 10.4174 -13 6994 1 0 1
6.6454 -0.835655 800 0.0555051 0.203964 27.9992 10.4173 -13 6995 1 0 1
2.84362 4.13635 800 -0.234508 0.0812334 27.9989 10.4174 -13 6996 1 0 1
7.95107 2.03511 800 -0.125697 0.293606 27.9982 10.4174 -13 6997 1 0 1
-4.75075 -5.7685 800 0.1777 -0.153698 27.999 10.4173 -13 6998 1 0 1
2.00502 2.50327 800 -0.142737 -0.00212214 27.9996 10.4173 -13 6999 1 0 1
3.3323 1.56184 800 -0.0888209 0.227896 27.9989 10.4174 -13 7000 1 0 1
-4.99919 -0.740351 800 0.0365025 -0.0861945 27.9998 10.4173 -13 7001 1 0 1
-8.61546 -5.06403 800 0.179452 -0.375923 27.9969 10.4175 -13 7002 1 0 1
-2.33555 -2.33147 800 0.0918016 -0.148368 27.9995 10.4173 -13 7003 1 0 1
18.1373 4.47209 800 -0.284026 0.675154 27.9904 10.4179 -13 7004 1 0 1
0.0615766 -0.486113 800 -0.0932547 -0.0666116 27.9998 10.4174 -13 7005 1 0 1
1.85421 -0.553369 800 -0.0293508 0.149945 27.9996 10.4173 -13 7006 1 0 1
2.42584 -0.969903 800 -0.0339878 0.0331092 28 10.4173 -13 7007 1 0 1
-22.1815 -2.75486 800 0.190469 -0.824208 27.9872 10.4181 -13 7008 1 0 1
-0.755042 1.71549 800 -0.0803638 -0.00263 27.9999 10.4173 -13 7009 1 0 1
-13.4416 -2.19096 800 0.0996146 -0.397815 27.997 10.4175 -13 7010 1 0 1
21.2924 3.90257 800 -0.307207 0.680006 27.9901 10.4179 -13 7011 1 0 1
11.9596 -0.822747 800 -0.0446486 0.45684 27.9962 10.4175 -13 7012 1 0 1
2.96146 1.04263 800 -0.0347154 0.0347648 28 10.4173 -13 7013 1 0 1
-2.32544 -0.980714 800 -0.0414481 -0.0484464 27.9999 10.4173 -13 7014 1 0 1
20.9969 3.21255 800 -0.191926 0.784856 27.9883 10.4181 -13 7015 1 0 1
-13.9322 -0.235648 800 0.139743 -0.477528 27.9956 10.4175 -13 7016 1 0 1
3.33057 -0.13802 800 -0.00857019 0.115732 27.9998 10.4173 -13 7017 1 0 1
-7.05696 -0.808842 800 0.0462732 -0.273428 27.9986 10.4174 -13 7018 1 0 1
12.7577 3.22774 800 -0.099022 0.534225 27.9947 10.4177 -13 7019 1 0 1
7.30319 3.62016 800 -0.285085 0.236107 27.9976 10.4175 -13 7020 1 0 1
2.57537 -0.550409 800 0.0148363 0.159376 27.9995 10.4173 -13 7021 1 0 1
5.93377 3.74936 800 -0.122282 0.119652 27.9995 10.4173 -13 7022 1 0 1
-1.45143 -1.68476 800 0.0498055 -0.0266031 27.9999 10.4173 -13 7023 1 0 1
14.2718 5.0254 800 -0.290169 0.591498 27.9922 10.4179 -13 7024 1 0 1
-6.67709 -1.10803 800 0.0881609 -0.182999 27.9993 10.4173 -13 7025 1 0 1
-16.0997 -4.55838 800 0.253836 -0.590773 27.9926 10.4178 -13 7026 1 0 1
0.881146 6.42881 800 -0.303896 -0.0395606 27.9983 10.4174 -13 7027 1 0 1
-2.57376 0.0751444 800 -0.114495 -0.174458 27.9992 10.4174 -13 7028 1 0 1
-0.0139404 4.49111 800 -0.128113 0.0462915 27.9997 10.4173 -13 7029 1 0 1
5.58341 4.66962 800 -0.131934 0.239797 27.9987 10.4174 -13 7030 1 0 1
-2.5153 -3.79011 800 0.133999 -0.0381068 27.9997 10.4173 -13 7031 1 0 1
-9.24603 -0.924138 800 0.139254 -0.281308 27.9982 10.4174 -13 7032 1 0 1
-3.22842 -0.799409 800 0.0477221 -0.0326794 27.9999 10.4173 -13 7033 1 0 1
-1.54765 -2.94395 800 0.105728 -0.108695 27.9996 10.4173 -13 7034 1 0 1
-7.03327 -1.8009 800 0.171368 -0.263378 27.9982 10.4174 -13 7035 1 0 1
-16.0297 -1.89099 800 0.193381 -0.60217 27.9929 10.4178 -13 7036 1 0 1
4.04104 -3.18547 800 0.121403 0.149328 27.9993 10.4173 -13 7037 1 0 1
-9.27855 -7.18776 800 0.29393 -0.255847 27.9973 10.4174 -13 7038 1 0 1
3.20289 -1.37903 800 0.0262301 0.0219865 28 10.4173 -13 7039 1 0 1
0.312028 4.88537 800 -0.21484 0.0544529 27.9991 10.4174 -13 7040 1 0 1
-8.37784 -1.37912 800 0.13655 -0.345169 27.9975 10.4175 -13 7041 1 0 1
8.30358 2.25095 800 -0.0550878 0.319076 27.9981 10.4174 -13 7042 1 0 1
-13.441 4.48169 800 0.00793115 -0.525351 27.9951 10.4176 -13 7043 1 0 1
8.90348 3.97634 800 -0.177083 0.273914 27.9981 10.4174 -13 7044 1 0 1
0.0576966 -1.2846 800 0.0429376 -0.0689367 27.9999 10.4173 -13 7045 1 0 1
5.9195 3.02038 800 -0.250311 0.23034 27.9979 10.4175 -13 7046 1 0 1
-7.6897 -0.771888 800 0.0288312 -0.225343 27.9991 10.4173 -13 7047 1 0 1
10.3353 0.094402 800 -0.0444445 0.309143 27.9983 10.4174 -13 7048 1 0 1
7.51232 6.48303 800 -0.321662 0.263431 27.9969 10.4175 -13 7049 1 0 1
-13.7072 -3.51865 800 0.228806 -0.576281 27.9931 10.4178 -13 7050 1 0 1
-8.16992 4.90935 800 -0.125425 -0.28621 27.9983 10.4174 -13 7051 1 0 1
4.17728 -3.53937 800 0.169943 0.217726 27.9986 10.4174 -13 7052 1 0 1
1.2159 -0.698369 800 0.0257482 0.119671 27.9997 10.4173 -13 7053 1 0 1
-10.1327 -1.90431 800 0.121603 -0.440348 27.9963 10.4176 -13 7054 1 0 1
-7.44949 -3.03799 800 0.261318 -0.322288 27.9969 10.4176 -13 7055 1 0 1
-8.52733 -6.12483 800 0.321552 -0.247069 27.9971 10.4175 -13 7056 1 0 1
-8.30887 -7.12137 800 0.32625 -0.315384 27.9963 10.4175 -13 7057 1 0 1
-3.04959 -3.56566 800 0.262436 -0.095079 27.9986 10.4174 -13 7058 1 0 1
10.367 1.4177 800 -0.0830884 0.301032 27.9983 10.4174 -13 7059 1 0 1
9.89868 3.89703 800 -0.151885 0.460194 27.9958 10.4177 -13 7060 1 0 1
5.01019 4.03377 800 -0.17865 0.1891 27.9988 10.4173 -13 7061 1 0 1
8.10658 -0.904787 800 -0.0503159 0.302856 27.9983 10.4174 -13 7062 1 0 1
-10.4624 -7.46677 800 0.390304 -0.366626 27.9949 10.4176 -13 7063 1 0 1
1.50295 4.23858 800 -0.142149 0.147471 27.9993 10.4174 -13 7064 1 0 1
-22.0242 -9.082 800 0.466461 -0.829635 27.9838 10.4184 -13 7065 1 0 1
-4.31012 -9.45243 800 0.444074 -0.224309 27.9956 10.4177 -13 7066 1 0 1
-0.0500481 -4.68432 800 0.130815 0.00640256 27.9997 10.4173 -13 7067 1 0 1
-2.53935 -4.39135 800 0.177984 -0.0768509 27.9993 10.4173 -13 7068 1 0 1
-13.3505 0.0686517 800 -0.0418665 -0.444328 27.9964 10.4176 -13 7069 1 0 1
-0.647208 3.96599 800 -0.103954 -0.044112 27.9998 10.4173 -13 7070 1 0 1
9.92304 1.61129 800 -0.157667 0.37015 27.9971 10.4175 -13 7071 1 0 1
10.8551 2.21592 800 -0.0987875 0.363642 27.9975 10.4174 -13 7072 1 0 1
-8.64201 -5.53578 800 0.281924 -0.335356 27.9966 10.4175 -13 7073 1 0 1
-5.66847 1.83967 800 -0.010946 -0.272726 27.9987 10.4174 -13 7074 1 0 1
-5.49687 -7.96578 800 0.369162 -0.121375 27.9973 10.4175 -13 7075 1 0 1
-13.7919 -3.69558 800 0.294773 -0.465213 27.9946 10.4176 -13 7076 1 0 1
-15.8642 -4.63567 800 0.296948 -0.416266 27.9953 10.4176 -13 7077 1 0 1
8.48936 -1.69722 800 -0.141851 0.317095 27.9978 10.4175 -13 7078 1 0 1
2.83391 2.20624 800 -0.0685176 0.153215 27.9995 10.4173 -13 7079 1 0 1
-9.29665 -2.86585 800 0.165908 -0.327586 27.9976 10.4174 -13 7080 1 0 1
4.16059 2.41889 800 -0.0677291 0.1129 27.9997 10.4173 -13 7081 1 0 1
5.80073 -0.243612 800 -0.032322 0.18018 27.9994 10.4173 -13 7082 1 0 1
-4.74208 -2.8697 800 0.164029 -0.204277 27.9988 10.4174 -13 7083 1 0 1
-5.45864 -2.0153 800 0.0926069 -0.29204 27.9983 10.4174 -13 7084 1 0 1
-0.351407 2.94506 800 -0.0972179 0.100433 27.9997 10.4174 -13 7085 1 0 1
1.68197 1.84082 800 -0.0695822 0.163191 27.9994 10.4174 -13 7086 1 0 1
2.0798 0.993246 800 -0.0309675 0.0794753 27.9999 10.4173 -13 7087 1 0 1
-4.73081 -3.298 800 0.121246 -0.14132 27.9994 10.4173 -13 7088 1 0 1
-15.323 -0.399456 800 0.119892 -0.487534 27.9955 10.4175 -13 7089 1 0 1
-10.2968 -2.62126 800 0.211014 -0.315063 27.9974 10.4174 -13 7090 1 0 1
4.81972 2.65026 800 -0.220817 0.0726922 27.999 10.4174 -13 7091 1 0 1
4.72457 -0.789284 800 0.000130818 0.160236 27.9995 10.4173 -13 7092 1 0 1
-8.12224 -2.61614 800 0.158758 -0.208147 27.9988 10.4173 -13 7093 1 0 1
-10.3838 -1.98447 800 0.047949 -0.399578 27.9971 10.4175 -13 7094 1 0 1
-4.18821 -0.375602 800 0.0414917 -0.180247 27.9994 10.4173 -13 7095 1 0 1
-10.5508 -0.542873 800 0.105425 -0.435382 27.9964 10.4175 -13 7096 1 0 1
2.21663 2.24015 800 -0.0179595 0.0398068 28 10.4173 -13 7097 1 0 1
-19.4715 -2.70831 800 0.171378 -0.670598 27.9914 10.4178 -13 7098 1 0 1
-13.0066 -5.0718 800 0.16371 -0.453152 27.9959 10.4176 -13 7099 1 0 1
5.18384 1.5771 800 -0.0532727 0.145122 27.9996 10.4173 -13 7100 1 0 1
-8.35658 -4.72232 800 0.25357 -0.261525 27.9976 10.4174 -13 7101 1 0 1
-5.20641 -2.50425 800 0.059354 -0.210065 27.9991 10.4173 -13 7102 1 0 1
5.48779 1.18007 800 -0.140287 0.220201 27.9988 10.4174 -13 7103 1 0 1
1.76853 1.57336 800 -0.0276543 0.0701274 27.9999 10.4173 -13 7104 1 0 1
-1.61701 -3.87928 800 0.143762 -0.0238168 27.9996 10.4173 -13 7105 1 0 1
-12.1244 -2.97466 800 0.328105 -0.407475 27.9951 10.4177 -13 7106 1 0 1
1.76734 1.18953 800 -0.131073 0.0662304 27.9996 10.4173 -13 7107 1 0 1
0.977981 -6.22481 800 0.251989 -0.0369095 27.9988 10.4174 -13 7108 1 0 1
-22.5311 -5.43262 800 0.358539 -0.71632 27.9885 10.418 -13 7109 1 0 1
2.23921 2.10539 800 -0.109248 0.0449201 27.9998 10.4173 -13 7110 1 0 1
4.49765 2.09174 800 -0.130328 0.155333 27.9993 10.4173 -13 7111 1 0 1
-8.10013 -2.02058 800 0.0409417 -0.279233 27.9986 10.4174 -13 7112 1 0 1
-4.19299 1.43365 800 -0.0440122 -0.265173 27.9987 10.4174 -13 7113 1 0 1
-19.6947 -7.45268 800 0.497443 -0.578111 27.9896 10.418 -13 7114 1 0 1
-11.2868 -1.11695 800 0.156148 -0.380884 27.997 10.4175 -13 7115 1 0 1
-7.84064 -4.77383 800 0.163224 -0.327774 27.9976 10.4175 -13 7116 1 0 1
-1.54732 -2.02159 800 0.130655 -0.123641 27.9994 10.4173 -13 7117 1 0 1
4.8639 3.82264 800 -0.166307 0.186126 27.9989 10.4173 -13 7118 1 0 1
-18.5583 -10.2629 800 0.511759 -0.606055 27.9888 10.418 -13 7119 1 0 1
-16.5172 0.809044 800 0.137672 -0.641879 27.9923 10.4178 -13 7120 1 0 1
5.69325 3.0232 800 -0.19446 0.138171 27.999 10.4173 -13 7121 1 0 1
18.0815 10.7516 800 -0.432271 0.658086 27.9889 10.4181 -13 7122 1 0 1
-0.431024 9.07482 800 -0.382913 0.0108372 27.9974 10.4175 -13 7123 1 0 1
7.64128 1.73568 800 -0.139558 0.225114 27.9987 10.4173 -13 7124 1 0 1
2.3934 3.40101 800 -0.0792603 0.0346677 27.9999 10.4173 -13 7125 1 0 1
3.88979 4.33705 800 -0.0645333 0.0479826 27.9999 10.4173 -13 7126 1 0 1
3.92811 -4.47524 800 0.0399346 0.134892 27.9996 10.4173 -13 7127 1 0 1
-0.522898 0.625467 800 0.0143005 0.0321147 28 10.4173 -13 7128 1 0 1
-9.27859 -0.718373 800 -0.0159086 -0.282077 27.9986 10.4174 -13 7129 1 0 1
0.829975 -0.181122 800 0.0854391 0.0937738 27.9997 10.4173 -13 7130 1 0 1
4.27157 -3.37165 800 0.148714 0.14195 27.9992 10.4173 -13 7131 1 0 1
19.2815 6.98272 800 -0.384714 0.672567 27.9893 10.418 -13 7132 1 0 1
-7.0892 1.27776 800 -0.024716 -0.252243 27.9989 10.4173 -13 7133 1 0 1
10.8464 6.62838 800 -0.327889 0.306876 27.9964 10.4175 -13 7134 1 0 1
2.86018 0.0267633 800 -0.0722165 0.181062 27.9993 10.4174 -13 7135 1 0 1
2.00028 -1.23212 800 0.0354657 0.0734506 27.9999 10.4173 -13 7136 1 0 1
-6.84699 3.66101 800 -0.0883728 -0.245725 27.9988 10.4173 -13 7137 1 0 1
5.99603 2.75366 800 -0.139985 0.197707 27.999 10.4173 -13 7138 1 0 1
-1.40863 -3.21107 800 0.156271 -0.0444291 27.9995 10.4173 -13 7139 1 0 1
-1.05659 2.59979 800 -0.135259 -0.084916 27.9995 10.4173 -13 7140 1 0 1
4.78952 1.59875 800 -0.114172 0.140792 27.9994 10.4173 -13 7141 1 0 1
8.79694 5.09 800 -0.224009 0.325936 27.9972 10.4175 -13 7142 1 0 1
-8.13569 -3.27745 800 0.110811 -0.282287 27.9984 10.4174 -13 7143 1 0 1
-0.18637 -1.99916 800 0.0978749 0.0641621 27.9998 10.4173 -13 7144 1 0 1
9.68043 2.16141 800 -0.120906 0.383986 27.9971 10.4175 -13 7145 1 0 1
-18.6468 -6.38112 800 0.452686 -0.622255 27.9894 10.418 -13 7146 1 0 1
1.78846 5.12824 800 -0.141371 0.0201679 27.9996 10.4173 -13 7147 1 0 1
-6.8605 -3.45626 800 0.158785 -0.204287 27.9988 10.4173 -13 7148 1 0 1
-1.81329 0.297039 800 -0.0102269 -0.0438073 28 10.4173 -13 7149 1 0 1
9.66057 9.00178 800 -0.529866 0.343477 27.9929 10.4179 -13 7150 1 0 1
-3.21796 -2.38079 800 0.105232 -0.0674545 27.9997 10.4173 -13 7151 1 0 1
-2.8312 -0.129483 800 0.00812923 -0.0698907 27.9999 10.4173 -13 7152 1 0 1
4.3042 4.43391 800 -0.0724335 0.109402 27.9997 10.4173 -13 7153 1 0 1
1.0872 4.43061 800 -0.152188 0.0030182 27.9996 10.4173 -13 7154 1 0 1
0.869154 4.36416 800 -0.139772 0.112915 27.9994 10.4174 -13 7155 1 0 1
-8.55782 -2.54105 800 0.19888 -0.341451 27.9972 10.4175 -13 7156 1 0 1
-7.60793 -1.72271 800 0.145013 -0.310845 27.9979 10.4174 -13 7157 1 0 1
-13.4096 1.76398 800 0.0193221 -0.549567 27.9946 10.4177 -13 7158 1 0 1
16.7265 5.74391 800 -0.288414 0.564118 27.9928 10.4177 -13 7159 1 0 1
-2.01042 -3.78728 800 0.123705 -0.0433087 27.9997 10.4173 -13 7160 1 0 1
3.04498 2.10231 800 -0.0295547 0.16884 27.9995 10.4173 -13 7161 1 0 1
13.8019 -2.89898 800 0.0304345 0.41295 27.9969 10.4175 -13 7162 1 0 1
13.1731 5.13937 800 -0.290893 0.474405 27.9945 10.4176 -13 7163 1 0 1
8.22952 -1.6639 800 0.139458 0.240163 27.9986 10.4174 -13 7164 1 0 1
6.98084 -5.02169 800 0.175198 0.266434 27.9982 10.4174 -13 7165 1 0 1
-1.57879 1.83261 800 0.00900167 -0.0488314 28 10.4173 -13 7166 1 0 1
-4.38944 -0.24859 800 0.0604373 -0.131249 27.9996 10.4173 -13 7167 1 0 1
16.5076 -1.82923 800 0.100107 0.62385 27.9929 10.4178 -13 7168 1 0 1
-3.86577 -1.08914 800 0.164199 -0.123137 27.9992 10.4174 -13 7169 1 0 1
6.70936 -0.910116 800 0.0435756 0.315609 27.9982 10.4174 -13 7170 1 0 1
-7.41431 3.35691 800 -0.0809822 -0.194056 27.9992 10.4173 -13 7171 1 0 1
2.94549 0.128469 800 0.0990373 0.0414469 27.9998 10.4174 -13 7172 1 0 1
7.09361 2.08413 800 -0.0864213 0.181157 27.9993 10.4173 -13 7173 1 0 1
-2.16371 3.5401 800 -0.0629058 -0.130231 27.9996 10.4173 -13 7174 1 0 1
6.51567 -0.548691 800 -0.0135692 0.210083 27.9992 10.4173 -13 7175 1 0 1
12.1663 10.4415 800 -0.499972 0.355318 27.9933 10.4177 -13 7176 1 0 1
-7.18153 -3.74685 800 0.163029 -0.241789 27.9985 10.4174 -13 7177 1 0 1
-7.40875 0.878778 800 0.0540578 -0.22277 27.9991 10.4173 -13 7178 1 0 1
1.78449 6.71459 800 -0.35514 -0.0034279 27.9977 10.4175 -13 7179 1 0 1
-0.55928 -1.60894 800 0.090359 -0.0905787 27.9997 10.4173 -13 7180 1 0 1
29.2722 11.8308 800 -0.660088 1.04427 27.9727 10.4192 -13 7181 1 0 1
1.53142 4.75913 800 -0.0915361 0.0830533 27.9997 10.4173 -13 7182 1 0 1
-0.712002 -0.146149 800 0.0263235 -0.0853692 27.9999 10.4173 -13 7183 1 0 1
-4.1721 -3.97915 800 0.145565 -0.162169 27.9992 10.4173 -13 7184 1 0 1
10.1739 3.90635 800 -0.114815 0.347388 27.9976 10.4174 -13 7185 1 0 1
7.16919 3.41739 800 -0.147053 0.29495 27.9981 10.4174 -13 7186 1 0 1
-2.62602 -1.92425 800 0.0163097 -0.0221647 28 10.4173 -13 7187 1 0 1
8.42824 4.16699 800 -0.155118 0.325281 27.9977 10.4174 -13 7188 1 0 1
0.855976 0.897728 800 0.0172072 -0.0135549 28 10.4173 -13 7189 1 0 1
4.85302 3.39876 800 -0.24021 0.188778 27.9983 10.4174 -13 7190 1 0 1
12.9586 6.34539 800 -0.318931 0.46093 27.9944 10.4176 -13 7191 1 0 1
8.98955 3.45241 800 -0.206571 0.268706 27.9979 10.4174 -13 7192 1 0 1
6.50157 3.46508 800 -0.220707 0.221095 27.9983 10.4174 -13 7193 1 0 1
-12.2695 -3.9443 800 0.228397 -0.524527 27.9942 10.4178 -13 7194 1 0 1
8.10063 2.02992 800 -0.0927208 0.363998 27.9975 10.4175 -13 7195 1 0 1
-10.245 -1.47777 800 0.0607266 -0.384481 27.9973 10.4175 -13 7196 1 0 1
2.38384 3.03957 800 -0.101708 0.130827 27.9995 10.4173 -13 7197 1 0 1
16.458 9.39723 800 -0.453441 0.647472 27.9888 10.4181 -13 7198 1 0 1
1.67988 0.411004 800 -0.0793463 0.033095 27.9999 10.4173 -13 7199 1 0 1
19.7567 4.35614 800 -0.218791 0.651744 27.9916 10.4178 -13 7200 1 0 1
-3.22281 -0.142316 800 -0.0410395 -0.00963054 28 10.4173 -13 7201 1 0 1
-8.09396 -4.48131 800 0.178989 -0.259297 27.9982 10.4174 -13 7202 1 0 1
-3.91604 3.26117 800 -0.228759 -0.120518 27.9988 10.4174 -13 7203 1 0 1
-33.1345 -11.1543 800 0.567421 -1.17398 27.9696 10.4193 -13 7204 1 0 1
-7.21688 -0.293868 800 0.0551832 -0.259003 27.9987 10.4173 -13 7205 1 0 1
-33.2293 -6.17021 800 0.411059 -1.09948 27.9754 10.4188 -13 7206 1 0 1
2.62998 -0.529481 800 0.0555919 -0.0289663 27.9999 10.4173 -13 7207 1 0 1
4.50521 0.730992 800 -0.0974644 0.222137 27.9989 10.4174 -13 7208 1 0 1
0.651484 -6.98722 800 0.367183 0.0533599 27.9975 10.4175 -13 7209 1 0 1
2.3685 5.3623 800 -0.259242 0.00868656 27.9988 10.4174 -13 7210 1 0 1
-0.516458 -11.1308 800 0.405526 -0.0171292 27.9971 10.4175 -13 7211 1 0 1
2.32996 -2.49792 800 0.170273 0.0292555 27.9995 10.4174 -13 7212 1 0 1
-3.88108 2.18174 800 -0.0357419 -0.193872 27.9993 10.4173 -13 7213 1 0 1
-17.1637 -8.10256 800 0.439868 -0.551815 27.9911 10.4179 -13 7214 1 0 1
17.6618 0.43094 800 -0.120762 0.546322 27.9944 10.4176 -13 7215 1 0 1
-2.67461 -4.94677 800 0.141716 -0.171026 27.9991 10.4174 -13 7216 1 0 1
-18.8838 -0.43896 800 0.0423609 -0.683441 27.9916 10.4179 -13 7217 1 0 1
-11.3611 -2.67056 800 0.0520141 -0.388349 27.9973 10.4175 -13 7218 1 0 1
0.312853 -2.60867 800 0.162863 0.0176906 27.9995 10.4173 -13 7219 1 0 1
7.59319 5.25501 800 -0.251222 0.316304 27.9971 10.4175 -13 7220 1 0 1
-2.00932 -0.240855 800 0.0543017 -0.103681 27.9998 10.4173 -13 7221 1 0 1
0.0689297 4.26927 800 -0.156605 0.0269303 27.9995 10.4173 -13 7222 1 0 1
10.4895 1.72834 800 -0.171319 0.320189 27.9976 10.4174 -13 7223 1 0 1
20.6586 1.66746 800 -0.264479 0.68067 27.9905 10.4179 -13 7224 1 0 1
8.61786 -2.76225 800 0.154089 0.397659 27.9968 10.4176 -13 7225 1 0 1
1.82395 0.301734 800 0.0108621 0.0332618 28 10.4173 -13 7226 1 0 1
-17.6523 -5.66402 800 0.32813 -0.67763 27.9899 10.418 -13 7227 1 0 1
4.53883 -1.85127 800 0.164892 0.179501 27.9989 10.4174 -13 7228 1 0 1
4.13477 3.36647 800 -0.103289 0.236617 27.9988 10.4174 -13 7229 1 0 1
18.5134 12.0601 800 -0.614195 0.643083 27.9859 10.4183 -13 7230 1 0 1
-9.41783 -3.01227 800 0.0266744 -0.34454 27.9979 10.4175 -13 7231 1 0 1
8.06648 1.3146 800 -0.0588082 0.248602 27.9988 10.4173 -13 7232 1 0 1
-2.78767 -2.49098 800 0.1661 -0.135627 27.9992 10.4174 -13 7233 1 0 1
4.49277 3.74356 800 -0.155317 0.117581 27.9993 10.4173 -13 7234 1 0 1
-0.656055 -1.89421 800 0.0732547 -0.0264258 27.9999 10.4173 -13 7235 1 0 1
-12.4311 -3.25076 800 0.196391 -0.390322 27.9966 10.4175 -13 7236 1 0 1
6.22429 -0.439917 800 0.061791 0.213696 27.9991 10.4173 -13 7237 1 0 1
-9.98536 -4.76788 800 0.32859 -0.327081 27.9962 10.4176 -13 7238 1 0 1
-0.635799 -1.28459 800 0.0135574 -0.140083 27.9996 10.4174 -13 7239 1 0 1
6.94226 1.71529 800 -0.123668 0.217314 27.9989 10.4173 -13 7240 1 0 1
-4.24014 -4.35824 800 0.322617 -0.104013 27.9979 10.4175 -13 7241 1 0 1
-22.2498 -4.06904 800 0.266917 -0.71643 27.9896 10.4179 -13 7242 1 0 1
7.06282 -5.4839 800 0.0901318 0.292206 27.9983 10.4174 -13 7243 1 0 1
-2.13086 -2.21199 800 0.0462611 -0.163579 27.9995 10.4174 -13 7244 1 0 1
6.5535 1.73398 800 -0.162035 0.216078 27.9987 10.4174 -13 7245 1 0 1
-18.8535 -4.88901 800 0.324723 -0.711552 27.9891 10.4181 -13 7246 1 0 1
6.43855 2.11448 800 -0.222253 0.18289 27.9985 10.4174 -13 7247 1 0 1
-22.3304 -7.16036 800 0.38766 -0.728952 27.9878 10.418 -13 7248 1 0 1
-8.46573 -2.47575 800 0.16165 -0.259655 27.9983 10.4174 -13 7249 1 0 1
-5.40216 -2.81797 800 0.142679 -0.204723 27.9989 10.4173 -13 7250 1 0 1
9.26499 -0.697657 800 -0.10446 0.329844 27.9979 10.4174 -13 7251 1 0 1
-11.9429 -7.27805 800 0.362461 -0.457615 27.9939 10.4177 -13 7252 1 0 1
-16.4815 1.07944 800 -0.131087 -0.567218 27.9939 10.4178 -13 7253 1 0 1
-5.17283 0.834548 800 -0.120709 -0.235133 27.9988 10.4174 -13 7254 1 0 1
2.22845 0.547168 800 0.0458409 0.0828097 27.9998 10.4173 -13 7255 1 0 1
-18.0009 -4.9972 800 0.275581 -0.798907 27.9872 10.4184 -13 7256 1 0 1
-20.1735 -3.37709 800 0.288721 -0.653551 27.9909 10.4178 -13 7257 1 0 1
-1.38246 2.89468 800 -0.128212 -0.0244272 27.9997 10.4173 -13 7258 1 0 1
6.57682 -0.652754 800 -0.0236799 0.266175 27.9987 10.4173 -13 7259 1 0 1
-17.2405 1.00412 800 0.144002 -0.608074 27.993 10.4177 -13 7260 1 0 1
0.814528 -1.55794 800 0.0789096 0.0725675 27.9998 10.4173 -13 7261 1 0 1
-12.5149 -0.0164327 800 0.196551 -0.413731 27.9963 10.4176 -13 7262 1 0 1
-5.57024 -1.82274 800 0.0301997 -0.183191 27.9994 10.4173 -13 7263 1 0 1
-4.25964 2.39419 800 -0.0680162 -0.142944 27.9996 10.4173 -13 7264 1 0 1
-3.50553 -2.13658 800 0.0951257 -0.189903 27.9992 10.4173 -13 7265 1 0 1
-4.20013 2.7416 800 -0.0577664 -0.156702 27.9995 10.4173 -13 7266 1 0 1
-1.02867 6.00046 800 -0.254772 -0.0167562 27.9988 10.4174 -13 7267 1 0 1
6.94459 3.92465 800 -0.152017 0.202006 27.9989 10.4173 -13 7268 1 0 1
-1.06437 -7.39246 800 0.275696 -0.0448923 27.9986 10.4174 -13 7269 1 0 1
9.30861 4.30693 800 -0.252529 0.299664 27.9973 10.4174 -13 7270 1 0 1
7.42983 4.77661 800 -0.16401 0.265414 27.9983 10.4174 -13 7271 1 0 1
8.57925 6.23847 800 -0.218651 0.204919 27.9984 10.4174 -13 7272 1 0 1
-18.5032 -3.9591 800 0.287944 -0.659479 27.9908 10.4179 -13 7273 1 0 1
2.87751 1.49823 800 -0.147703 0.0614154 27.9995 10.4173 -13 7274 1 0 1
0.0786962 -7.27672 800 0.247775 0.0162691 27.9989 10.4173 -13 7275 1 0 1
1.55691 -1.14902 800 0.22701 0.160314 27.9986 10.4176 -13 7276 1 0 1
-4.03725 0.116091 800 0.027394 -0.0949978 27.9998 10.4173 -13 7277 1 0 1
4.24745 2.068 800 -0.146802 0.151814 27.9992 10.4173 -13 7278 1 0 1
11.1888 5.80118 800 -0.329028 0.383437 27.9954 10.4176 -13 7279 1 0 1
8.51439 5.83667 800 -0.137312 0.310181 27.9979 10.4175 -13 7280 1 0 1
-7.53414 0.933013 800 0.0807662 -0.232848 27.9989 10.4173 -13 7281 1 0 1
-8.14302 -0.220268 800 0.0384045 -0.279863 27.9986 10.4173 -13 7282 1 0 1
-12.8833 -6.05962 800 0.419898 -0.4669 27.993 10.4179 -13 7283 1 0 1
8.8136 2.60029 800 -0.15874 0.294582 27.998 10.4174 -13 7284 1 0 1
0.968116 1.34177 800 -0.00667658 0.0762351 27.9999 10.4173 -13 7285 1 0 1
-1.78033 1.19636 800 -0.0407093 -0.0454894 27.9999 10.4173 -13 7286 1 0 1
-0.467914 2.92968 800 -0.164831 -0.0596038 27.9995 10.4173 -13 7287 1 0 1
6.42334 -1.09541 800 0.0607739 0.2142 27.9991 10.4173 -13 7288 1 0 1
-0.715659 -1.74679 800 0.10227 -0.0327231 27.9998 10.4173 -13 7289 1 0 1
4.14642 2.39112 800 -0.164668 0.153192 27.9991 10.4173 -13 7290 1 0 1
4.15248 0.268028 800 -0.0677097 0.186966 27.9993 10.4173 -13 7291 1 0 1
-4.26052 -0.467689 800 0.0119095 -0.175897 27.9994 10.4173 -13 7292 1 0 1
9.53109 -2.16947 800 0.0383282 0.368725 27.9975 10.4174 -13 7293 1 0 1
11.5019 6.26605 800 -0.167642 0.438267 27.9961 10.4176 -13 7294 1 0 1
9.41889 0.649606 800 -0.13165 0.324905 27.9978 10.4174 -13 7295 1 0 1
0.00590958 3.28096 800 -0.103556 0.00997082 27.9998 10.4173 -13 7296 1 0 1
-5.12871 -4.00229 800 0.233919 -0.25122 27.9979 10.4175 -13 7297 1 0 1
-2.48635 -0.944966 800 0.0811615 0.00153449 27.9999 10.4173 -13 7298 1 0 1
7.61481 0.713351 800 -0.00586262 0.351446 27.9978 10.4175 -13 7299 1 0 1
5.89215 4.49383 800 -0.177006 0.208759 27.9987 10.4173 -13 7300 1 0 1
-7.07937 -2.49303 800 0.100236 -0.238489 27.9988 10.4173 -13 7301 1 0 1
-19.2232 -2.26146 800 0.163759 -0.713848 27.9904 10.4179 -13 7302 1 0 1
2.98727 -4.19098 800 0.122078 0.0436503 27.9997 10.4173 -13 7303 1 0 1
1.04731 5.86973 800 -0.316961 0.00482269 27.9982 10.4174 -13 7304 1 0 1
-15.9672 -9.83205 800 0.442648 -0.560076 27.9909 10.4179 -13 7305 1 0 1
7.31357 3.95102 800 -0.148734 0.293546 27.9981 10.4174 -13 7306 1 0 1
-3.51143 -0.280776 800 0.0499642 -0.214613 27.9991 10.4174 -13 7307 1 0 1
2.13998 5.84758 800 -0.278852 0.0520229 27.9986 10.4174 -13 7308 1 0 1
1.76566 -2.47522 800 0.141258 0.133505 27.9993 10.4173 -13 7309 1 0 1
4.60806 -2.98755 800 0.167082 0.136849 27.9992 10.4174 -13 7310 1 0 1
2.80264 -1.87557 800 0.0613588 0.136625 27.9996 10.4173 -13 7311 1 0 1
-12.8668 -4.55102 800 0.297908 -0.430421 27.9951 10.4176 -13 7312 1 0 1
-2.88743 -6.37819 800 0.22269 -0.099667 27.9989 10.4173 -13 7313 1 0 1
12.1052 6.60052 800 -0.315307 0.38333 27.9956 10.4175 -13 7314 1 0 1
-17.4558 -4.40307 800 0.274122 -0.610559 27.992 10.4178 -13 7315 1 0 1
10.4768 1.11287 800 -0.138101 0.378109 27.9971 10.4175 -13 7316 1 0 1
10.1243 5.0364 800 -0.25701 0.438134 27.9954 10.4177 -13 7317 1 0 1
-2.42383 6.78531 800 -0.270876 -0.0454692 27.9987 10.4174 -13 7318 1 0 1
-18.83 2.24318 800 0.026798 -0.690816 27.9915 10.4178 -13 7319 1 0 1
-4.86998 -8.61384 800 0.317533 -0.145784 27.9978 10.4174 -13 7320 1 0 1
18.2981 1.0186 800 -0.151308 0.607498 27.993 10.4177 -13 7321 1 0 1
-9.71612 -1.48846 800 0.262195 -0.298859 27.9972 10.4176 -13 7322 1 0 1
0.238176 1.29593 800 -0.0479314 0.0579957 27.9999 10.4173 -13 7323 1 0 1
-18.9289 -4.89267 800 0.333677 -0.603548 27.9915 10.4178 -13 7324 1 0 1
-0.0674624 -4.85109 800 0.175676 -0.0558507 27.9994 10.4173 -13 7325 1 0 1
-1.14227 -2.71135 800 0.116648 -0.0917143 27.9996 10.4173 -13 7326 1 0 1
-5.92634 0.224436 800 -0.0536447 -0.244021 27.9989 10.4174 -13 7327 1 0 1
-0.380522 4.03111 800 -0.276649 0.0411245 27.9986 10.4175 -13 7328 1 0 1
23.4916 8.25943 800 -0.416024 0.816578 27.985 10.4183 -13 7329 1 0 1
-4.63911 1.26478 800 -0.0727878 -0.167478 27.9994 10.4173 -13 7330 1 0 1
-4.44952 4.3085 800 -0.19721 -0.147887 27.9989 10.4174 -13 7331 1 0 1
-14.1955 -1.73082 800 0.106044 -0.417093 27.9967 10.4175 -13 7332 1 0 1
0.420267 -1.0814 800 0.0444325 0.0749142 27.9999 10.4173 -13 7333 1 0 1
0.0959748 4.93339 800 -0.213606 0.0164268 27.9992 10.4173 -13 7334 1 0 1
-13.2162 -5.39139 800 0.414266 -0.444045 27.9934 10.4178 -13 7335 1 0 1
17.0776 1.44229 800 -0.162492 0.482811 27.9954 10.4176 -13 7336 1 0 1
-9.12908 -3.53837 800 0.133348 -0.306101 27.998 10.4174 -13 7337 1 0 1
5.78262 1.51424 800 -0.0629215 0.266369 27.9987 10.4174 -13 7338 1 0 1
-2.69254 0.526345 800 -0.0157628 -0.018978 28 10.4173 -13 7339 1 0 1
15.0894 4.6932 800 -0.229031 0.527148 27.9941 10.4177 -13 7340 1 0 1
-4.71039 -0.190993 800 -0.0600674 -0.214767 27.9991 10.4174 -13 7341 1 0 1
-6.03849 -6.15367 800 0.295214 -0.164235 27.998 10.4174 -13 7342 1 0 1
-4.63537 -0.901225 800 0.114061 -0.104227 27.9996 10.4173 -13 7343 1 0 1
-5.1601 2.03578 800 -0.0584062 -0.28397 27.9985 10.4174 -13 7344 1 0 1
0.560568 1.8235 800 -0.0739055 -0.0405338 27.9999 10.4173 -13 7345 1 0 1
-8.9218 1.51454 800 -0.0503261 -0.401287 27.9971 10.4175 -13 7346 1 0 1
7.5374 2.22508 800 -0.188879 0.285217 27.9979 10.4174 -13 7347 1 0 1
0.327358 2.62194 800 -0.077369 -0.0900315 27.9997 10.4173 -13 7348 1 0 1
2.81063 -1.30408 800 0.0515907 0.103556 27.9998 10.4173 -13 7349 1 0 1
-5.06988 -4.13914 800 0.084656 -0.284634 27.9984 10.4175 -13 7350 1 0 1
14.5145 2.79969 800 -0.117482 0.520638 27.9949 10.4176 -13 7351 1 0 1
7.61718 3.23108 800 -0.14223 0.288447 27.9982 10.4174 -13 7352 1 0 1
10.8847 3.31291 800 -0.244675 0.362502 27.9966 10.4175 -13 7353 1 0 1
4.19356 1.66556 800 -0.071467 0.227379 27.999 10.4174 -13 7354 1 0 1
5.60263 7.28522 800 -0.26245 0.235501 27.9978 10.4174 -13 7355 1 0 1
-10.3623 -6.78557 800 0.401547 -0.387616 27.9944 10.4177 -13 7356 1 0 1
-10.1923 -6.43017 800 0.282727 -0.390217 27.9959 10.4176 -13 7357 1 0 1
-14.3604 3.84069 800 -0.0606472 -0.517144 27.9952 10.4176 -13 7358 1 0 1
1.00041 2.58122 800 -0.131774 0.0589059 27.9996 10.4173 -13 7359 1 0 1
0.142246 -1.10003 800 0.0123658 -0.0768079 27.9999 10.4173 -13 7360 1 0 1
10.9396 8.46032 800 -0.441719 0.318613 27.9947 10.4176 -13 7361 1 0 1
-0.769664 -3.8086 800 0.109859 0.0373889 27.9998 10.4173 -13 7362 1 0 1
4.46451 -2.2361 800 0.190545 0.0960904 27.9992 10.4174 -13 7363 1 0 1
-6.52621 -2.97427 800 0.094765 -0.281327 27.9984 10.4174 -13 7364 1 0 1
-3.03099 -0.824292 800 -0.0104507 -0.0866951 27.9999 10.4173 -13 7365 1 0 1
-1.62678 3.06968 800 -0.205444 -0.0501485 27.9992 10.4174 -13 7366 1 0 1
-4.78947 -1.3868 800 0.151279 -0.112222 27.9994 10.4173 -13 7367 1 0 1
-10.6343 -0.346216 800 0.00213304 -0.475319 27.996 10.4176 -13 7368 1 0 1
-22.5585 -8.88757 800 0.50026 -0.829481 27.9832 10.4185 -13 7369 1 0 1
2.75225 2.24277 800 -0.184641 0.112948 27.9992 10.4174 -13 7370 1 0 1
2.85624 -1.62084 800 0.106604 0.101366 27.9996 10.4173 -13 7371 1 0 1
4.89631 -1.07272 800 -0.0301455 0.142035 27.9996 10.4173 -13 7372 1 0 1
5.98529 -2.84899 800 0.0324335 0.13404 27.9997 10.4173 -13 7373 1 0 1
-6.86312 -5.26537 800 0.211928 -0.164739 27.9987 10.4173 -13 7374 1 0 1
-1.38543 2.84692 800 -0.130254 0.00556333 27.9997 10.4173 -13 7375 1 0 1
-26.3901 -6.85671 800 0.445858 -0.883561 27.9825 10.4184 -13 7376 1 0 1
-10.3231 -4.23173 800 0.205246 -0.365842 27.9969 10.4175 -13 7377 1 0 1
-6.49029 -3.6862 800 0.223615 -0.217017 27.9983 10.4174 -13 7378 1 0 1
-4.69003 -1.31591 800 0.0768519 -0.218408 27.999 10.4173 -13 7379 1 0 1
-7.8541 -1.56471 800 0.127812 -0.1697 27.9992 10.4173 -13 7380 1 0 1
-3.27777 0.848635 800 -0.00596043 -0.164523 27.9995 10.4173 -13 7381 1 0 1
-16.6597 -1.50386 800 0.102082 -0.646634 27.9923 10.4178 -13 7382 1 0 1
10.5047 -0.739887 800 0.026666 0.34903 27.9978 10.4174 -13 7383 1 0 1
-5.20052 0.531294 800 -0.0760701 -0.197969 27.9992 10.4174 -13 7384 1 0 1
11.0439 3.7745 800 -0.14181 0.293465 27.9981 10.4174 -13 7385 1 0 1
-15.0679 -3.41894 800 0.0794785 -0.619203 27.993 10.4179 -13 7386 1 0 1
-21.4104 -7.19104 800 0.357442 -0.745494 27.9878 10.4181 -13 7387 1 0 1
-9.55325 1.43667 800 -0.0771229 -0.407839 27.9969 10.4175 -13 7388 1 0 1
18.7448 -4.57884 800 0.0098076 0.678858 27.9918 10.4178 -13 7389 1 0 1
6.00955 0.855856 800 -0.0711193 0.260315 27.9987 10.4174 -13 7390 1 0 1
-2.56678 -4.41975 800 0.0997254 -0.109393 27.9996 10.4173 -13 7391 1 0 1
3.51261 2.45332 800 -0.0960842 0.0684842 27.9998 10.4173 -13 7392 1 0 1
-7.2432 -1.46214 800 0.127436 -0.138857 27.9994 10.4173 -13 7393 1 0 1
-0.931022 -1.76064 800 0.082683 0.0394062 27.9999 10.4173 -13 7394 1 0 1
-10.3068 -0.631983 800 0.153582 -0.362 27.9972 10.4175 -13 7395 1 0 1
12.5719 5.22486 800 -0.228573 0.448382 27.9955 10.4176 -13 7396 1 0 1
3.86851 -0.286785 800 0.0160849 0.151804 27.9996 10.4173 -13 7397 1 0 1
-1.4433 4.51508 800 -0.142291 -0.0485412 27.9996 10.4173 -13 7398 1 0 1
6.88288 0.661588 800 -0.101363 0.274123 27.9985 10.4174 -13 7399 1 0 1
10.6013 4.07966 800 -0.195152 0.436966 27.9959 10.4176 -13 7400 1 0 1
-7.68421 0.27144 800 -0.0942863 -0.325341 27.998 10.4175 -13 7401 1 0 1
12.7691 2.08975 800 -0.207494 0.417561 27.9961 10.4175 -13 7402 1 0 1
-0.522625 2.20674 800 0.00571104 -0.0274019 28 10.4173 -13 7403 1 0 1
7.18763 8.46966 800 -0.359958 0.148996 27.9973 10.4174 -13 7404 1 0 1
1.94136 -2.78319 800 0.119829 0.0124759 27.9997 10.4173 -13 7405 1 0 1
9.20695 -1.37025 800 0.0509949 0.379396 27.9974 10.4175 -13 7406 1 0 1
-0.91542 6.66725 800 -0.164864 -0.0311995 27.9995 10.4173 -13 7407 1 0 1
13.3161 6.21987 800 -0.262942 0.495173 27.9944 10.4177 -13 7408 1 0 1
-20.0371 -8.02584 800 0.398343 -0.695841 27.9885 10.418 -13 7409 1 0 1
8.7313 -0.0895867 800 -0.0104546 0.395099 27.9972 10.4175 -13 7410 1 0 1
14.9376 2.26072 800 -0.0912962 0.432846 27.9965 10.4175 -13 7411 1 0 1
-7.68208 -1.52289 800 0.114931 -0.289121 27.9983 10.4174 -13 7412 1 0 1
-6.69673 0.749906 800 0.17087 -0.263824 27.9982 10.4175 -13 7413 1 0 1
-16.5232 -1.55298 800 0.184755 -0.572369 27.9935 10.4177 -13 7414 1 0 1
6.648 -2.98278 800 0.131027 0.116874 27.9994 10.4174 -13 7415 1 0 1
-15.0006 1.19713 800 0.100084 -0.491081 27.9955 10.4175 -13 7416 1 0 1
3.19491 1.06842 800 -0.07325 0.12145 27.9996 10.4173 -13 7417 1 0 1
-5.5617 -4.45945 800 0.320011 -0.169921 27.9977 10.4175 -13 7418 1 0 1
0.0684056 5.43524 800 -0.288374 0.0146794 27.9985 10.4174 -13 7419 1 0 1
0.734535 -1.73681 800 0.0249797 0.0239509 28 10.4173 -13 7420 1 0 1
11.0301 5.0236 800 -0.278803 0.429785 27.9953 10.4176 -13 7421 1 0 1
2.43556 3.90949 800 -0.238251 0.0840973 27.9989 10.4174 -13 7422 1 0 1
14.7712 6.872 800 -0.304926 0.616434 27.9916 10.418 -13 7423 1 0 1
16.5784 4.39028 800 -0.318786 0.495563 27.9938 10.4177 -13 7424 1 0 1
-1.00079 3.86982 800 -0.110257 -0.0420186 27.9998 10.4173 -13 7425 1 0 1
-1.90223 3.45269 800 -0.210407 -0.112181 27.999 10.4174 -13 7426 1 0 1
-9.90221 -4.32871 800 0.198242 -0.291628 27.9978 10.4174 -13 7427 1 0 1
0.0338313 -0.734222 800 0.00210864 0.0338347 28 10.4173 -13 7428 1 0 1
-5.82425 -6.91642 800 0.325447 -0.165635 27.9976 10.4174 -13 7429 1 0 1
-0.335553 0.190432 800 -0.0548938 -0.0213605 27.9999 10.4173 -13 7430 1 0 1
4.97533 1.76475 800 -0.106091 0.221868 27.9989 10.4174 -13 7431 1 0 1
-1.88133 -4.21783 800 0.225985 -0.0924655 27.9989 10.4174 -13 7432 1 0 1
9.53818 2.79466 800 -0.234911 0.270035 27.9977 10.4174 -13 7433 1 0 1
7.85554 3.41061 800 -0.141446 0.247325 27.9986 10.4173 -13 7434 1 0 1
-7.37357 1.28358 800 0.0824461 -0.234173 27.9989 10.4174 -13 7435 1 0 1
-2.4444 -1.07193 800 0.0134876 -0.173626 27.9995 10.4174 -13 7436 1 0 1
-6.10846 -5.13707 800 0.279781 -0.258627 27.9974 10.4175 -13 7437 1 0 1
9.66191 3.48981 800 -0.175276 0.343873 27.9973 10.4174 -13 7438 1 0 1
2.49006 0.269489 800 -0.0406489 0.0786233 27.9999 10.4173 -13 7439 1 0 1
0.596078 4.20606 800 -0.190026 0.0340243 27.9993 10.4173 -13 7440 1 0 1
7.12198 2.80701 800 -0.111423 0.328602 27.9979 10.4175 -13 7441 1 0 1
3.09971 -0.638845 800 0.0183547 0.173376 27.9995 10.4173 -13 7442 1 0 1
28.5764 4.61904 800 -0.328014 0.960116 27.9816 10.4184 -13 7443 1 0 1
-4.58242 -1.50353 800 0.126335 -0.154375 27.9993 10.4173 -13 7444 1 0 1
-3.00796 1.69021 800 -0.00478362 -0.189876 27.9994 10.4173 -13 7445 1 0 1
-6.99286 -3.60335 800 0.181259 -0.309135 27.9977 10.4175 -13 7446 1 0 1
12.783 -1.85058 800 0.0857975 0.481641 27.9957 10.4176 -13 7447 1 0 1
13.8821 -0.597587 800 -0.0158405 0.571093 27.9942 10.4177 -13 7448 1 0 1
8.02387 -1.63002 800 0.0158766 0.298458 27.9984 10.4174 -13 7449 1 0 1
-9.814 -4.84672 800 0.166084 -0.303859 27.9979 10.4174 -13 7450 1 0 1
-7.68923 -0.159595 800 -0.0407057 -0.297723 27.9984 10.4174 -13 7451 1 0 1
5.44343 6.31341 800 -0.252869 0.169687 27.9983 10.4174 -13 7452 1 0 1
-4.91017 -6.13756 800 0.269873 -0.171336 27.9982 10.4174 -13 7453 1 0 1
-6.59975 -6.98356 800 0.298926 -0.101739 27.9982 10.4174 -13 7454 1 0 1
-9.82156 -8.26785 800 0.317522 -0.383945 27.9956 10.4176 -13 7455 1 0 1
-0.0168037 -5.22914 800 0.0594414 -0.0903184 27.9998 10.4174 -13 7456 1 0 1
-4.27801 5.31687 800 -0.188435 -0.142688 27.999 10.4173 -13 7457 1 0 1
-6.50305 -0.435287 800 -0.0551765 -0.222705 27.9991 10.4174 -13 7458 1 0 1
9.2582 8.14184 800 -0.316558 0.35225 27.996 10.4176 -13 7459 1 0 1
3.08296 7.75144 800 -0.207392 0.0668087 27.9992 10.4173 -13 7460 1 0 1
-14.1609 -2.95348 800 0.257722 -0.497389 27.9944 10.4177 -13 7461 1 0 1
1.01111 -2.42843 800 0.124403 0.115621 27.9995 10.4173 -13 7462 1 0 1
-13.8326 -3.4321 800 0.134407 -0.48994 27.9954 10.4176 -13 7463 1 0 1
-0.033816 2.02738 800 -0.109353 0.0810515 27.9997 10.4173 -13 7464 1 0 1
3.97577 1.68284 800 -0.21718 0.078315 27.999 10.4174 -13 7465 1 0 1
-9.11374 -1.8062 800 0.16201 -0.267702 27.9983 10.4174 -13 7466 1 0 1
-7.98596 -4.25781 800 0.192668 -0.260739 27.9981 10.4174 -13 7467 1 0 1
10.0661 3.06392 800 -0.200491 0.40099 27.9964 10.4175 -13 7468 1 0 1
9.80731 -0.515109 800 0.0397233 0.275993 27.9986 10.4174 -13 7469 1 0 1
-14.7254 0.844728 800 -0.00967007 -0.418476 27.9969 10.4175 -13 7470 1 0 1
-6.74583 -5.09959 800 0.239706 -0.177915 27.9984 10.4174 -13 7471 1 0 1
-8.39506 1.56201 800 0.000891852 -0.286802 27.9985 10.4173 -13 7472 1 0 1
-1.93178 -3.7674 800 0.11938 -0.0437658 27.9997 10.4173 -13 7473 1 0 1
-5.0985 2.01069 800 0.0387404 -0.187073 27.9993 10.4173 -13 7474 1 0 1
9.45353 0.332041 800 -0.116479 0.316276 27.998 10.4174 -13 7475 1 0 1
16.9937 2.34134 800 -0.139818 0.595322 27.9933 10.4177 -13 7476 1 0 1
-4.47194 4.06203 800 -0.083281 -0.128123 27.9996 10.4173 -13 7477 1 0 1
-4.61438 -5.14756 800 0.31201 -0.154673 27.9978 10.4175 -13 7478 1 0 1
-1.09428 -0.219517 800 0.0605 -0.0909753 27.9998 10.4173 -13 7479 1 0 1
-15.976 -5.14378 800 0.242398 -0.4425 27.9955 10.4175 -13 7480 1 0 1
-14.2395 -2.42655 800 0.105882 -0.574867 27.9939 10.4177 -13 7481 1 0 1
-4.23655 2.09703 800 -0.0758199 -0.135213 27.9996 10.4173 -13 7482 1 0 1
18.3847 -0.879688 800 -0.150343 0.650307 27.992 10.4178 -13 7483 1 0 1
-6.16364 -0.665352 800 0.113035 -0.210216 27.999 10.4173 -13 7484 1 0 1
6.76064 -0.965506 800 0.0208985 0.220512 27.9991 10.4173 -13 7485 1 0 1
-3.9895 -0.120154 800 0.063256 -0.156979 27.9995 10.4173 -13 7486 1 0 1
-3.81211 0.997706 800 -0.0336437 -0.243823 27.9989 10.4174 -13 7487 1 0 1
10.7964 -0.206098 800 -0.0676412 0.312199 27.9982 10.4174 -13 7488 1 0 1
8.99557 2.05097 800 -0.124604 0.277045 27.9984 10.4174 -13 7489 1 0 1
-7.47695 -6.02594 800 0.262879 -0.237707 27.9978 10.4174 -13 7490 1 0 1
-4.11873 5.2421 800 -0.200124 -0.180889 27.9987 10.4174 -13 7491 1 0 1
5.01258 5.58314 800 -0.182691 0.163911 27.9989 10.4173 -13 7492 1 0 1
0.618081 8.71166 800 -0.39156 0.0688755 27.9972 10.4175 -13 7493 1 0 1
5.72397 7.37962 800 -0.315518 0.202355 27.9975 10.4174 -13 7494 1 0 1
-15.2991 -1.61474 800 0.184009 -0.499721 27.9949 10.4176 -13 7495 1 0 1
-17.4029 -0.723625 800 0.0713018 -0.578671 27.9939 10.4177 -13 7496 1 0 1
0.454484 -3.23646 800 0.092345 0.0166891 27.9998 10.4173 -13 7497 1 0 1
13.4878 0.26456 800 -0.151427 0.485706 27.9954 10.4176 -13 7498 1 0 1
-0.855037 1.11884 800 -0.146043 0.0302624 27.9996 10.4174 -13 7499 1 0 1
17.0499 5.05291 800 -0.310926 0.630563 27.9912 10.4179 -13 7500 1 0 1
-4.82308 -2.0889 800 0.00280103 -0.0991647 27.9998 10.4173 -13 7501 1 0 1
2.34493 -2.39174 800 0.0988503 0.0330765 27.9998 10.4173 -13 7502 1 0 1
-8.1512 -0.797203 800 0.133911 -0.244854 27.9986 10.4174 -13 7503 1 0 1
-1.77338 0.603461 800 0.0709236 -0.142551 27.9995 10.4174 -13 7504 1 0 1
0.347237 -6.90831 800 0.252145 0.00132947 27.9989 10.4173 -13 7505 1 0 1
23.3224 1.88588 800 -0.221504 0.814244 27.9873 10.4181 -13 7506 1 0 1
-6.87254 -5.44031 800 0.271104 -0.30969 27.997 10.4175 -13 7507 1 0 1
4.22127 2.23781 800 -0.0818051 0.225912 27.999 10.4174 -13 7508 1 0 1
11.3128 1.50438 800 -0.0931465 0.45403 27.9962 10.4176 -13 7509 1 0 1
13.3974 9.4696 800 -0.537133 0.436278 27.9914 10.4179 -13 7510 1 0 1
-10.7797 -4.80562 800 0.194332 -0.416317 27.9962 10.4175 -13 7511 1 0 1
-5.88273 3.68094 800 -0.158628 -0.196689 27.9989 10.4174 -13 7512 1 0 1
-8.87748 -9.321 800 0.389859 -0.347929 27.9951 10.4176 -13 7513 1 0 1
2.2438 -2.58747 800 0.100558 0.0822183 27.9997 10.4173 -13 7514 1 0 1
9.57045 7.55526 800 -0.345046 0.346535 27.9957 10.4176 -13 7515 1 0 1
14.386 5.06918 800 -0.254206 0.478489 27.9948 10.4176 -13 7516 1 0 1
3.47052 -0.827296 800 -0.0116001 0.0838517 27.9999 10.4173 -13 7517 1 0 1
-0.691206 -2.91297 800 0.0537964 -0.0468502 27.9999 10.4173 -13 7518 1 0 1
8.59283 -2.83251 800 0.0855473 0.356388 27.9976 10.4174 -13 7519 1 0 1
14.1493 5.39623 800 -0.230635 0.518601 27.9942 10.4177 -13 7520 1 0 1
-1.76827 -9.1466 800 0.406607 -0.0472817 27.997 10.4175 -13 7521 1 0 1
1.13843 0.863738 800 0.0084639 0.061303 27.9999 10.4173 -13 7522 1 0 1
2.26096 5.83869 800 -0.294333 0.0830941 27.9983 10.4174 -13 7523 1 0 1
13.4997 -0.881718 800 -0.027327 0.525253 27.9951 10.4176 -13 7524 1 0 1
-7.33044 -2.60266 800 0.0260655 -0.234088 27.999 10.4174 -13 7525 1 0 1
10.0078 3.35029 800 -0.140692 0.40084 27.9968 10.4175 -13 7526 1 0 1
-6.06774 -1.76084 800 0.0875864 -0.155846 27.9994 10.4173 -13 7527 1 0 1
-10.3675 -2.92855 800 0.158136 -0.382048 27.9969 10.4175 -13 7528 1 0 1
-8.67599 -5.08445 800 0.320147 -0.280143 27.9968 10.4175 -13 7529 1 0 1
1.54737 -6.83875 800 0.330124 -0.0295075 27.998 10.4175 -13 7530 1 0 1
-10.1749 -0.603956 800 0.0605405 -0.400497 27.9971 10.4175 -13 7531 1 0 1
1.11256 3.01448 800 -0.138783 0.0604781 27.9996 10.4173 -13 7532 1 0 1
3.74513 0.803733 800 -0.00290683 0.062635 27.9999 10.4173 -13 7533 1 0 1
-11.9342 -3.30498 800 0.195095 -0.357932 27.997 10.4174 -13 7534 1 0 1
15.8914 3.31323 800 -0.187877 0.485003 27.9952 10.4176 -13 7535 1 0 1
0.922384 1.24623 800 0.0329932 0.0580014 27.9999 10.4173 -13 7536 1 0 1
-19.0817 -3.72913 800 0.342461 -0.698281 27.9892 10.418 -13 7537 1 0 1
1.88153 3.41266 800 -0.174081 -0.0385602 27.9994 10.4173 -13 7538 1 0 1
-12.7225 -5.55083 800 0.251671 -0.473494 27.9949 10.4176 -13 7539 1 0 1
17.5129 -0.404711 800 -0.0242211 0.574218 27.9941 10.4176 -13 7540 1 0 1
-11.2452 -5.586 800 0.30854 -0.369561 27.9959 10.4175 -13 7541 1 0 1
-6.22581 -0.313734 800 0.013326 -0.140305 27.9996 10.4173 -13 7542 1 0 1
2.77879 3.01282 800 -0.134731 0.137741 27.9993 10.4173 -13 7543 1 0 1
8.46875 4.0341 800 -0.151895 0.241644 27.9985 10.4173 -13 7544 1 0 1
-1.14541 -1.08496 800 0.0240242 -0.0107725 28 10.4173 -13 7545 1 0 1
-0.131928 2.5899 800 -0.0973058 0.0122167 27.9998 10.4173 -13 7546 1 0 1
-7.13939 0.416475 800 0.00999906 -0.260445 27.9988 10.4173 -13 7547 1 0 1
-20.4771 -5.60692 800 0.369103 -0.766233 27.9871 10.4182 -13 7548 1 0 1
-3.38501 -2.66002 800 0.177208 -0.26193 27.9982 10.4175 -13 7549 1 0 1
-11.6506 -4.23845 800 0.273153 -0.467279 27.9948 10.4177 -13 7550 1 0 1
1.97169 -0.902368 800 0.0119919 -0.0624197 27.9999 10.4173 -13 7551 1 0 1
-11.2005 -1.80117 800 0.206029 -0.42773 27.996 10.4176 -13 7552 1 0 1
0.443356 -3.91074 800 0.140004 -0.037083 27.9996 10.4173 -13 7553 1 0 1
-23.1156 -1.65956 800 0.213824 -0.727554 27.9897 10.4179 -13 7554 1 0 1
-20.8154 -1.90446 800 0.275117 -0.691491 27.9901 10.4179 -13 7555 1 0 1
7.66523 1.21472 800 -0.134512 0.242512 27.9986 10.4174 -13 7556 1 0 1
3.81266 2.49234 800 -0.19225 0.189152 27.9987 10.4174 -13 7557 1 0 1
4.7412 -2.6365 800 0.0212894 0.177004 27.9994 10.4173 -13 7558 1 0 1
7.61526 5.41395 800 -0.301688 0.284708 27.9969 10.4175 -13 7559 1 0 1
-2.04677 -1.07447 800 0.0710854 -0.0784187 27.9998 10.4173 -13 7560 1 0 1
-4.54145 -0.790833 800 0.0183076 -0.0968868 27.9998 10.4173 -13 7561 1 0 1
7.35534 -0.752546 800 0.000192195 0.34609 27.9979 10.4174 -13 7562 1 0 1
0.202217 0.854247 800 -0.0116285 0.0480273 28 10.4173 -13 7563 1 0 1
20.5315 9.81127 800 -0.392237 0.665425 27.9893 10.418 -13 7564 1 0 1
13.5972 1.38867 800 -0.176394 0.50502 27.9949 10.4176 -13 7565 1 0 1
13.4152 2.32811 800 -0.0577497 0.423778 27.9967 10.4175 -13 7566 1 0 1
-0.791073 5.43879 800 -0.103469 -0.00316424 27.9998 10.4173 -13 7567 1 0 1
-5.94839 -2.80975 800 0.19716 -0.217329 27.9985 10.4174 -13 7568 1 0 1
3.55954 5.00863 800 -0.178789 0.127496 27.9991 10.4173 -13 7569 1 0 1
8.50199 4.40737 800 -0.222294 0.367801 27.9967 10.4175 -13 7570 1 0 1
-3.68027 -6.41552 800 0.301117 -0.159047 27.9979 10.4174 -13 7571 1 0 1
-3.6456 -0.47672 800 0.0754076 -0.119844 27.9996 10.4173 -13 7572 1 0 1
-1.39694 4.70488 800 -0.193628 -0.009785 27.9993 10.4173 -13 7573 1 0 1
-2.99809 0.98669 800 0.0655544 -0.104555 27.9997 10.4173 -13 7574 1 0 1
1.14336 3.4559 800 -0.0955546 0.0145559 27.9998 10.4173 -13 7575 1 0 1
-5.58841 -0.980111 800 0.0619342 -0.271055 27.9986 10.4174 -13 7576 1 0 1
-0.878289 4.69152 800 -0.28799 -0.125341 27.9982 10.4175 -13 7577 1 0 1
-4.94415 -5.96643 800 0.282592 -0.17732 27.998 10.4174 -13 7578 1 0 1
5.80903 -2.47204 800 0.0467762 0.244362 27.9989 10.4173 -13 7579 1 0 1
-7.53784 -2.87767 800 0.172942 -0.323387 27.9976 10.4175 -13 7580 1 0 1
11.1218 2.20342 800 -0.150685 0.335879 27.9976 10.4174 -13 7581 1 0 1
-0.57486 -5.79091 800 0.141453 0.0769128 27.9995 10.4173 -13 7582 1 0 1
-21.7482 -2.71078 800 0.215319 -0.717476 27.99 10.4179 -13 7583 1 0 1
7.24813 -1.38772 800 0.100045 0.227359 27.9989 10.4174 -13 7584 1 0 1
-1.88799 -0.523659 800 -0.0290924 -0.0705338 27.9999 10.4173 -13 7585 1 0 1
-7.07042 3.49446 800 -0.03084 -0.266155 27.9987 10.4173 -13 7586 1 0 1
5.74633 5.13574 800 -0.239247 0.210855 27.9982 10.4174 -13 7587 1 0 1
-13.2752 -5.36025 800 0.337596 -0.464944 27.9941 10.4177 -13 7588 1 0 1
13.7377 7.44915 800 -0.296838 0.540803 27.9932 10.4178 -13 7589 1 0 1
-13.7348 -2.25045 800 0.201358 -0.44337 27.9958 10.4175 -13 7590 1 0 1
-14.9803 -5.11999 800 0.294536 -0.562889 27.9928 10.4178 -13 7591 1 0 1
-2.65141 -7.4438 800 0.37507 -0.0973772 27.9973 10.4175 -13 7592 1 0 1
13.7494 5.74187 800 -0.274602 0.540181 27.9934 10.4178 -13 7593 1 0 1
-5.36514 -0.600507 800 0.0380753 -0.0649062 27.9999 10.4173 -13 7594 1 0 1
-4.362 -1.77251 800 0.0764448 -0.10893 27.9997 10.4173 -13 7595 1 0 1
-8.42701 -1.39521 800 0.172997 -0.198998 27.9988 10.4174 -13 7596 1 0 1
5.37827 2.892 800 -0.0923243 0.117421 27.9996 10.4173 -13 7597 1 0 1
-9.05389 2.04323 800 -0.0410996 -0.306343 27.9983 10.4174 -13 7598 1 0 1
-8.07045 -4.58343 800 0.260707 -0.23295 27.9978 10.4174 -13 7599 1 0 1
-7.15257 -5.67606 800 0.262547 -0.183702 27.9982 10.4174 -13 7600 1 0 1
5.85144 2.87321 800 -0.153098 0.175997 27.999 10.4173 -13 7601 1 0 1
6.56826 5.9929 800 -0.268776 0.283238 27.9973 10.4175 -13 7602 1 0 1
-3.20024 -0.315339 800 0.00889907 -0.011932 28 10.4173 -13 7603 1 0 1
12.2137 1.28086 800 0.000924046 0.423638 27.9968 10.4175 -13 7604 1 0 1
-12.7931 -5.52052 800 0.369885 -0.446501 27.994 10.4177 -13 7605 1 0 1
-9.46298 -7.03 800 0.265765 -0.391704 27.996 10.4176 -13 7606 1 0 1
6.33743 -3.08317 800 -0.0246751 0.153888 27.9996 10.4173 -13 7607 1 0 1
-6.47772 -3.3682 800 0.176609 -0.217201 27.9986 10.4174 -13 7608 1 0 1
12.1339 5.12318 800 -0.302078 0.448599 27.9948 10.4176 -13 7609 1 0 1
-2.56587 2.10198 800 -0.0432599 -0.0230492 28 10.4173 -13 7610 1 0 1
-15.9196 -6.9786 800 0.349211 -0.544629 27.9925 10.4178 -13 7611 1 0 1
24.3847 8.01413 800 -0.456738 0.914201 27.9813 10.4186 -13 7612 1 0 1
3.37807 -0.27181 800 -0.0312915 0.1609 27.9995 10.4173 -13 7613 1 0 1
-13.1928 -2.19275 800 0.196828 -0.509746 27.9947 10.4177 -13 7614 1 0 1
15.5495 1.6575 800 -0.130936 0.546022 27.9944 10.4176 -13 7615 1 0 1
-6.59183 0.0103978 800 0.0668622 -0.239873 27.9989 10.4173 -13 7616 1 0 1
-2.19034 3.05552 800 -0.147355 -0.021887 27.9996 10.4173 -13 7617 1 0 1
-9.92279 0.336045 800 -0.00339433 -0.265332 27.9987 10.4174 -13 7618 1 0 1
3.25782 2.15813 800 -0.06668 0.175283 27.9994 10.4173 -13 7619 1 0 1
-8.30335 -0.894451 800 -0.0262525 -0.248185 27.9989 10.4174 -13 7620 1 0 1
-2.47309 0.817741 800 -0.0529413 -0.10117 27.9998 10.4173 -13 7621 1 0 1
4.12513 0.506626 800 -0.116735 0.115617 27.9995 10.4173 -13 7622 1 0 1
-1.44312 -2.44895 800 0.169477 -0.0899538 27.9993 10.4173 -13 7623 1 0 1
-16.5762 -6.39437 800 0.358497 -0.453542 27.994 10.4176 -13 7624 1 0 1
0.868394 1.87174 800 -0.120276 -0.0277167 27.9997 10.4173 -13 7625 1 0 1
-2.06791 2.82728 800 -0.0646888 -0.074558 27.9998 10.4173 -13 7626 1 0 1
-3.52682 -1.0765 800 0.0897561 -0.137561 27.9995 10.4173 -13 7627 1 0 1
-16.6151 -2.69049 800 0.119037 -0.590694 27.9935 10.4177 -13 7628 1 0 1
3.3651 -0.568364 800 0.129996 0.0830312 27.9996 10.4174 -13 7629 1 0 1
18.2579 3.66161 800 -0.199467 0.650367 27.9917 10.4178 -13 7630 1 0 1
-14.5722 -0.260937 800 0.105775 -0.469798 27.9959 10.4175 -13 7631 1 0 1
8.55229 0.749035 800 -0.170029 0.307194 27.9978 10.4174 -13 7632 1 0 1
-7.8279 1.34828 800 0.0946704 -0.297882 27.9983 10.4174 -13 7633 1 0 1
-11.3977 -1.70544 800 0.0374939 -0.358744 27.9977 10.4174 -13 7634 1 0 1
5.33451 0.480534 800 -0.000436973 0.209843 27.9992 10.4173 -13 7635 1 0 1
11.1545 3.16699 800 -0.0614907 0.340731 27.9979 10.4175 -13 7636 1 0 1
3.20622 -1.30705 800 0.00436242 0.0274147 28 10.4173 -13 7637 1 0 1
-8.98338 -3.4186 800 0.124677 -0.328928 27.9978 10.4174 -13 7638 1 0 1
-17.1173 -2.29501 800 0.14807 -0.636991 27.9924 10.4178 -13 7639 1 0 1
19.1943 8.39041 800 -0.466642 0.738773 27.9864 10.4183 -13 7640 1 0 1
0.307003 -2.28278 800 0.193071 0.049264 27.9993 10.4174 -13 7641 1 0 1
10.9572 1.64707 800 -0.239097 0.36442 27.9966 10.4175 -13 7642 1 0 1
5.19739 1.8388 800 -0.143246 0.22978 27.9987 10.4174 -13 7643 1 0 1
-22.9062 -10.855 800 0.4565 -0.687789 27.9878 10.418 -13 7644 1 0 1
2.89398 -0.0480396 800 -0.123042 0.0953504 27.9996 10.4173 -13 7645 1 0 1
-10.9441 -2.97661 800 0.16699 -0.390504 27.9968 10.4175 -13 7646 1 0 1
10.4915 1.33333 800 -0.110288 0.406859 27.9968 10.4175 -13 7647 1 0 1
-7.49411 1.06621 800 -0.1177 -0.370006 27.9973 10.4176 -13 7648 1 0 1
-8.68048 -2.57339 800 0.162144 -0.319307 27.9977 10.4174 -13 7649 1 0 1
-0.831036 1.005 800 -0.0316091 -0.0619604 27.9999 10.4173 -13 7650 1 0 1
0.0381684 8.18669 800 -0.244907 0.00658572 27.9989 10.4173 -13 7651 1 0 1
-8.21803 0.209259 800 0.120979 -0.39543 27.9969 10.4176 -13 7652 1 0 1
-15.7681 -3.03057 800 0.19061 -0.594868 27.993 10.4178 -13 7653 1 0 1
-2.1129 -7.33717 800 0.253475 -0.106692 27.9986 10.4174 -13 7654 1 0 1
-10.0738 -7.7819 800 0.243579 -0.322698 27.9971 10.4175 -13 7655 1 0 1
1.06282 0.406956 800 -0.0962367 0.0277149 27.9998 10.4173 -13 7656 1 0 1
-6.80464 -6.2847 800 0.257079 -0.215526 27.998 10.4174 -13 7657 1 0 1
8.35508 1.44993 800 -0.0641402 0.339092 27.9979 10.4174 -13 7658 1 0 1
13.5753 6.02995 800 -0.266761 0.416905 27.9956 10.4175 -13 7659 1 0 1
-7.42666 -0.520578 800 0.139854 -0.202857 27.9989 10.4174 -13 7660 1 0 1
-2.62586 1.53093 800 -0.103565 -0.0866748 27.9997 10.4173 -13 7661 1 0 1
10.488 1.71531 800 -0.120107 0.294813 27.9982 10.4174 -13 7662 1 0 1
-15.5246 0.517819 800 0.0543041 -0.50592 27.9954 10.4175 -13 7663 1 0 1
-5.33839 -0.427243 800 0.148332 -0.0793652 27.9995 10.4174 -13 7664 1 0 1
11.1164 2.80352 800 -0.124737 0.401709 27.9968 10.4175 -13 7665 1 0 1
4.09534 -0.130281 800 -0.107596 0.128905 27.9995 10.4173 -13 7666 1 0 1
-8.14297 -4.16159 800 0.145218 -0.304626 27.998 10.4174 -13 7667 1 0 1
-4.49719 -3.19572 800 0.18752 -0.175488 27.9988 10.4174 -13 7668 1 0 1
7.45586 1.75249 800 -0.0987211 0.170897 27.9993 10.4173 -13 7669 1 0 1
-7.2821 0.783481 800 -0.00514501 -0.207914 27.9992 10.4173 -13 7670 1 0 1
0.0967574 1.21015 800 0.0257636 -0.0492542 27.9999 10.4173 -13 7671 1 0 1
-2.58523 1.43655 800 -0.0961629 -0.111134 27.9996 10.4173 -13 7672 1 0 1
9.75351 0.8016 800 0.0423862 0.426226 27.9967 10.4176 -13 7673 1 0 1
-10.4068 -0.954876 800 0.0805254 -0.323719 27.998 10.4174 -13 7674 1 0 1
-10.5006 -4.07694 800 0.240038 -0.415603 27.9959 10.4176 -13 7675 1 0 1
3.36986 -5.13015 800 0.137553 0.0508577 27.9996 10.4173 -13 7676 1 0 1
-6.97317 2.79238 800 -0.117815 -0.147423 27.9994 10.4174 -13 7677 1 0 1
-13.9475 1.59407 800 -0.0750952 -0.49516 27.9955 10.4176 -13 7678 1 0 1
3.73616 -1.94051 800 0.131807 0.0867336 27.9996 10.4173 -13 7679 1 0 1
-9.00584 -1.78704 800 0.0691892 -0.381844 27.9973 10.4175 -13 7680 1 0 1
14.1642 9.46979 800 -0.45513 0.542383 27.991 10.418 -13 7681 1 0 1
7.37021 9.74674 800 -0.465247 0.301096 27.9945 10.4177 -13 7682 1 0 1
-3.23472 -1.65829 800 0.172972 -0.107148 27.9993 10.4174 -13 7683 1 0 1
-17.043 -1.88949 800 0.231996 -0.55264 27.9936 10.4177 -13 7684 1 0 1
-13.5289 1.27733 800 0.0474521 -0.494166 27.9956 10.4175 -13 7685 1 0 1
-3.65264 -2.70807 800 0.0926445 -0.0441159 27.9998 10.4173 -13 7686 1 0 1
4.78242 -3.33058 800 0.18079 0.0599886 27.9994 10.4174 -13 7687 1 0 1
5.6228 6.19559 800 -0.319078 0.203247 27.9974 10.4175 -13 7688 1 0 1
10.5482 9.95903 800 -0.495939 0.264756 27.9944 10.4177 -13 7689 1 0 1
8.1995 0.99841 800 -0.062747 0.29269 27.9984 10.4174 -13 7690 1 0 1
17.6157 1.37746 800 -0.0964401 0.587043 27.9937 10.4177 -13 7691 1 0 1
-7.87405 -1.86413 800 0.165943 -0.282684 27.9981 10.4174 -13 7692 1 0 1
-14.9198 -0.953288 800 0.150508 -0.50001 27.9951 10.4176 -13 7693 1 0 1
-11.7432 -1.42978 800 0.116135 -0.591335 27.9935 10.4179 -13 7694 1 0 1
10.2922 1.29036 800 -0.0658078 0.290473 27.9984 10.4174 -13 7695 1 0 1
24.0322 11.8405 800 -0.456405 0.800393 27.9848 10.4183 -13 7696 1 0 1
1.49235 -2.86715 800 0.150493 0.00184841 27.9996 10.4173 -13 7697 1 0 1
-3.32887 2.57105 800 -0.0293813 -0.04524 27.9999 10.4173 -13 7698 1 0 1
2.27117 -4.13725 800 0.146062 0.182736 27.999 10.4174 -13 7699 1 0 1
5.2834 3.02989 800 -0.116374 0.125406 27.9995 10.4173 -13 7700 1 0 1
-2.31279 0.660815 800 0.0884751 -0.0635905 27.9998 10.4173 -13 7701 1 0 1
-1.79715 -0.255588 800 -0.0258836 -0.166039 27.9995 10.4174 -13 7702 1 0 1
-3.51876 -4.89228 800 0.249321 -0.131844 27.9986 10.4174 -13 7703 1 0 1
0.171122 2.56966 800 -0.108308 0.0259364 27.9998 10.4173 -13 7704 1 0 1
10.5566 9.12273 800 -0.386262 0.347477 27.9952 10.4176 -13 7705 1 0 1
-15.8789 -4.23556 800 0.229804 -0.637342 27.9918 10.4179 -13 7706 1 0 1
-2.20021 0.792957 800 -0.0404342 0.013945 28 10.4173 -13 7707 1 0 1
3.63878 -3.15081 800 0.102511 0.140096 27.9995 10.4173 -13 7708 1 0 1
-8.60095 -2.97186 800 0.250898 -0.258026 27.9977 10.4175 -13 7709 1 0 1
11.0471 1.78573 800 -0.187386 0.346122 27.9972 10.4174 -13 7710 1 0 1
12.8569 3.00058 800 -0.189433 0.448317 27.9958 10.4175 -13 7711 1 0 1
8.07651 -2.28027 800 0.0472919 0.355029 27.9977 10.4174 -13 7712 1 0 1
-11.8266 -6.58778 800 0.300826 -0.334452 27.9964 10.4175 -13 7713 1 0 1
-7.15863 4.02578 800 -0.144677 -0.224461 27.9987 10.4174 -13 7714 1 0 1
4.54742 -6.66405 800 0.220113 0.214869 27.9983 10.4174 -13 7715 1 0 1
-12.4174 -4.13963 800 0.182803 -0.400817 27.9965 10.4175 -13 7716 1 0 1
11.4086 4.61381 800 -0.244956 0.364855 27.9966 10.4175 -13 7717 1 0 1
4.42157 -2.39729 800 0.128246 0.200246 27.999 10.4174 -13 7718 1 0 1
-6.35901 2.01769 800 0.028902 -0.277062 27.9986 10.4174 -13 7719 1 0 1
3.70235 -1.24793 800 0.0809614 0.134334 27.9996 10.4173 -13 7720 1 0 1
4.30475 -1.07207 800 -0.0157412 0.139212 27.9996 10.4173 -13 7721 1 0 1
-12.6871 -4.53095 800 0.21784 -0.420089 27.996 10.4175 -13 7722 1 0 1
-1.14001 -0.608667 800 0.0354267 0.0292347 28 10.4173 -13 7723 1 0 1
3.54191 8.13001 800 -0.397604 0.107617 27.997 10.4175 -13 7724 1 0 1
-14.8384 -4.97094 800 0.17466 -0.462494 27.9956 10.4176 -13 7725 1 0 1
6.86036 7.77271 800 -0.350782 0.327444 27.9959 10.4177 -13 7726 1 0 1
-4.86798 1.29696 800 -0.0532395 -0.183523 27.9993 10.4173 -13 7727 1 0 1
1.97453 -9.77288 800 0.420493 0.142343 27.9965 10.4176 -13 7728 1 0 1
14.4372 5.89432 800 -0.388783 0.429115 27.994 10.4177 -13 7729 1 0 1
-17.2063 -2.7374 800 0.0593908 -0.608567 27.9933 10.4178 -13 7730 1 0 1
0.0885331 5.28577 800 -0.128585 0.0318016 27.9997 10.4173 -13 7731 1 0 1
3.11395 1.35426 800 0.00359476 0.115931 27.9998 10.4173 -13 7732 1 0 1
-5.15504 -2.24919 800 0.105497 -0.224489 27.9989 10.4174 -13 7733 1 0 1
-4.50076 -4.84994 800 0.190492 -0.0361218 27.9993 10.4173 -13 7734 1 0 1
-1.97652 1.74937 800 -0.0675291 -0.0808824 27.9998 10.4173 -13 7735 1 0 1
-3.04631 6.01826 800 -0.286983 -0.0960485 27.9984 10.4174 -13 7736 1 0 1
-12.5332 -5.35305 800 0.167224 -0.424767 27.9963 10.4175 -13 7737 1 0 1
-3.26892 -2.13244 800 0.0699883 -0.109721 27.9997 10.4173 -13 7738 1 0 1
2.35438 -5.93164 800 0.314334 0.044996 27.9982 10.4175 -13 7739 1 0 1
3.59756 1.4365 800 -0.100366 0.0717712 27.9997 10.4173 -13 7740 1 0 1
14.783 0.755205 800 -0.154747 0.545837 27.9943 10.4177 -13 7741 1 0 1
11.0644 -2.52892 800 0.0699413 0.428942 27.9966 10.4175 -13 7742 1 0 1
4.35347 2.59474 800 -0.125112 0.0987966 27.9995 10.4173 -13 7743 1 0 1
3.3305 -0.596076 800 -0.0634166 0.139042 27.9996 10.4173 -13 7744 1 0 1
4.28954 3.92931 800 -0.317848 0.178891 27.9976 10.4176 -13 7745 1 0 1
1.63195 -0.307344 800 -0.0299192 0.0191309 28 10.4173 -13 7746 1 0 1
-5.99484 -2.83345 800 0.203079 -0.215803 27.9984 10.4174 -13 7747 1 0 1
-24.2505 -6.23958 800 0.411946 -0.885046 27.983 10.4184 -13 7748 1 0 1
7.88641 1.01092 800 -0.0905816 0.259073 27.9987 10.4173 -13 7749 1 0 1
7.40314 0.552188 800 -0.146904 0.272594 27.9983 10.4174 -13 7750 1 0 1
1.70694 -1.78652 800 -0.0103896 0.0685617 27.9999 10.4173 -13 7751 1 0 1
8.25625 8.61408 800 -0.376857 0.306232 27.9958 10.4176 -13 7752 1 0 1
10.172 -0.396038 800 -0.00957539 0.287122 27.9985 10.4174 -13 7753 1 0 1
-12.2512 -1.48888 800 0.0486724 -0.364877 27.9976 10.4174 -13 7754 1 0 1
6.04676 0.159883 800 0.00150325 0.279513 27.9986 10.4174 -13 7755 1 0 1
9.73546 -5.0709 800 0.171342 0.239452 27.9985 10.4174 -13 7756 1 0 1
-18.2835 -2.71647 800 0.262472 -0.659838 27.991 10.4179 -13 7757 1 0 1
0.0288384 2.66846 800 -0.0223972 0.0508857 27.9999 10.4173 -13 7758 1 0 1
-5.10783 -5.8904 800 0.259272 -0.124013 27.9985 10.4174 -13 7759 1 0 1
-9.31786 -6.86985 800 0.360787 -0.368005 27.9953 10.4177 -13 7760 1 0 1
-13.2682 -3.17676 800 0.201463 -0.439558 27.9958 10.4175 -13 7761 1 0 1
16.8048 6.10907 800 -0.444821 0.578001 27.9905 10.418 -13 7762 1 0 1
5.06644 -4.75823 800 0.167558 0.146911 27.9991 10.4173 -13 7763 1 0 1
1.40779 -3.08891 800 0.0294165 0.028649 28 10.4173 -13 7764 1 0 1
-10.7612 3.30444 800 -0.0594586 -0.409187 27.9969 10.4175 -13 7765 1 0 1
9.62516 4.64279 800 -0.239992 0.367788 27.9966 10.4175 -13 7766 1 0 1
-3.09934 -4.33037 800 0.221433 -0.181649 27.9985 10.4174 -13 7767 1 0 1
8.69202 0.714854 800 -0.0433999 0.23107 27.999 10.4173 -13 7768 1 0 1
-7.38904 -3.30803 800 0.150243 -0.275909 27.9982 10.4174 -13 7769 1 0 1
-2.17471 -0.310355 800 -0.0220861 -0.00483986 28 10.4173 -13 7770 1 0 1
-16.9129 -7.10564 800 0.30372 -0.653102 27.9907 10.418 -13 7771 1 0 1
15.4727 5.38298 800 -0.398204 0.551931 27.9917 10.4179 -13 7772 1 0 1
3.64682 -2.07251 800 -0.0638237 0.0559603 27.9999 10.4174 -13 7773 1 0 1
-10.758 -2.40361 800 0.118708 -0.373906 27.9973 10.4174 -13 7774 1 0 1
-11.589 -5.83499 800 0.228395 -0.394876 27.9963 10.4175 -13 7775 1 0 1
10.9387 8.04613 800 -0.420004 0.333899 27.9949 10.4176 -13 7776 1 0 1
-7.4962 -2.77465 800 0.107518 -0.129556 27.9995 10.4173 -13 7777 1 0 1
-15.1527 -6.71834 800 0.288942 -0.651546 27.9909 10.4181 -13 7778 1 0 1
-3.1771 -2.69224 800 0.143883 -0.162039 27.9992 10.4173 -13 7779 1 0 1
-6.65066 -1.16274 800 0.144313 -0.26139 27.9984 10.4174 -13 7780 1 0 1
-3.62982 0.235905 800 -0.0517584 -0.070811 27.9999 10.4173 -13 7781 1 0 1
8.0179 0.23415 800 -0.0548123 0.295167 27.9984 10.4174 -13 7782 1 0 1
6.73185 2.48322 800 -0.162848 0.27749 27.9982 10.4174 -13 7783 1 0 1
20.9998 1.81358 800 -0.200063 0.756931 27.9891 10.418 -13 7784 1 0 1
-11.401 -0.895251 800 0.062009 -0.316409 27.9981 10.4174 -13 7785 1 0 1
-13.5368 -2.66301 800 0.239055 -0.495364 27.9946 10.4176 -13 7786 1 0 1
-7.6136 -3.95936 800 0.25957 -0.25458 27.9976 10.4174 -13 7787 1 0 1
-6.62157 1.84522 800 -0.0801815 -0.221279 27.999 10.4173 -13 7788 1 0 1
-12.5371 1.23558 800 -0.0535663 -0.405359 27.997 10.4175 -13 7789 1 0 1
1.94723 6.88087 800 -0.206969 0.0859847 27.9991 10.4173 -13 7790 1 0 1
-5.16239 -2.43293 800 0.121477 -0.239741 27.9987 10.4174 -13 7791 1 0 1
-6.49146 -4.83467 800 0.2089 -0.184745 27.9986 10.4173 -13 7792 1 0 1
-8.64093 -3.0028 800 0.224553 -0.246767 27.998 10.4174 -13 7793 1 0 1
23.5983 10.7725 800 -0.587178 0.857946 27.9807 10.4187 -13 7794 1 0 1
7.46831 1.47095 800 -0.00397895 0.308666 27.9983 10.4174 -13 7795 1 0 1
9.44188 1.47581 800 -0.158535 0.356202 27.9973 10.4175 -13 7796 1 0 1
6.15155 1.67557 800 -0.0161322 0.248076 27.9989 10.4174 -13 7797 1 0 1
11.9563 -0.0829314 800 -0.0668536 0.389571 27.9972 10.4174 -13 7798 1 0 1
8.90681 3.58808 800 -0.189492 0.295277 27.9978 10.4174 -13 7799 1 0 1
-6.09009 -6.34052 800 0.338944 -0.207321 27.9972 10.4175 -13 7800 1 0 1
6.96136 0.239268 800 0.055513 0.240437 27.9989 10.4174 -13 7801 1 0 1
-2.9673 -1.24587 800 -0.0532146 -0.132941 27.9996 10.4174 -13 7802 1 0 1
19.3783 8.10886 800 -0.448059 0.664442 27.9885 10.418 -13 7803 1 0 1
-8.96154 -1.29416 800 0.116544 -0.374176 27.9973 10.4175 -13 7804 1 0 1
4.27058 4.36085 800 -0.209551 0.218529 27.9984 10.4174 -13 7805 1 0 1
13.6583 -1.12691 800 -0.117081 0.49053 27.9955 10.4176 -13 7806 1 0 1
9.94029 -2.89564 800 0.17961 0.417846 27.9963 10.4176 -13 7807 1 0 1
5.43933 -2.33463 800 0.109795 0.239905 27.9988 10.4174 -13 7808 1 0 1
-8.66914 -5.48108 800 0.20327 -0.474858 27.9952 10.4178 -13 7809 1 0 1
-1.90988 -1.32489 800 -0.0122128 0.0772534 27.9999 10.4174 -13 7810 1 0 1
10.1138 0.53376 800 -0.0101285 0.313141 27.9982 10.4174 -13 7811 1 0 1
30.3948 9.47063 800 -0.521135 1.09601 27.9737 10.4191 -13 7812 1 0 1
7.50731 2.20676 800 -0.139691 0.308869 27.9979 10.4174 -13 7813 1 0 1
6.41332 -2.82363 800 0.0589992 0.204372 27.9992 10.4173 -13 7814 1 0 1
11.0352 3.64911 800 -0.178329 0.319431 27.9976 10.4174 -13 7815 1 0 1
-2.89325 -2.33242 800 0.0858525 -0.139096 27.9995 10.4173 -13 7816 1 0 1
22.4745 9.25978 800 -0.481444 0.791343 27.9847 10.4183 -13 7817 1 0 1
0.597703 1.02696 800 0.0325252 -0.0570426 27.9999 10.4173 -13 7818 1 0 1
10.1638 -2.6329 800 -0.0193626 0.297827 27.9984 10.4174 -13 7819 1 0 1
-6.25685 -3.85665 800 0.150882 -0.226379 27.9987 10.4174 -13 7820 1 0 1
-3.67187 6.02075 800 -0.119411 -0.181452 27.9992 10.4173 -13 7821 1 0 1
-0.559229 -4.09154 800 0.1946 -0.00739457 27.9993 10.4173 -13 7822 1 0 1
-3.17221 2.77912 800 -0.0652823 -0.167807 27.9994 10.4173 -13 7823 1 0 1
1.30286 1.276 800 -0.0803864 0.0228619 27.9999 10.4173 -13 7824 1 0 1
-0.906651 -3.95343 800 0.154352 -0.000781895 27.9996 10.4173 -13 7825 1 0 1
2.70623 3.79182 800 -0.189301 0.064712 27.9993 10.4173 -13 7826 1 0 1
-4.32849 -4.03284 800 0.229303 -0.112328 27.9988 10.4174 -13 7827 1 0 1
5.21691 -2.57457 800 -0.0620987 0.111403 27.9997 10.4174 -13 7828 1 0 1
6.49409 3.9443 800 -0.218757 0.192112 27.9985 10.4174 -13 7829 1 0 1
-14.8816 -5.88867 800 0.297313 -0.573803 27.9925 10.4178 -13 7830 1 0 1
-9.80307 0.908316 800 -0.0582276 -0.433991 27.9966 10.4176 -13 7831 1 0 1
-7.30123 -6.5916 800 0.360256 -0.224519 27.9968 10.4175 -13 7832 1 0 1
-10.5341 5.65084 800 -0.0952839 -0.435215 27.9965 10.4175 -13 7833 1 0 1
-10.6769 -1.90296 800 0.119983 -0.411652 27.9967 10.4175 -13 7834 1 0 1
-3.86125 -2.93956 800 0.130081 -0.119983 27.9994 10.4173 -13 7835 1 0 1
-17.3284 -9.74325 800 0.557607 -0.550265 27.989 10.4181 -13 7836 1 0 1
-7.04564 -2.68483 800 0.0943923 -0.301717 27.9982 10.4174 -13 7837 1 0 1
-0.914037 2.96081 800 -0.0632461 -0.00486578 27.9999 10.4173 -13 7838 1 0 1
-4.55426 1.23303 800 -0.0619413 -0.176705 27.9994 10.4173 -13 7839 1 0 1
7.1304 1.01623 800 -0.00487977 0.288588 27.9985 10.4174 -13 7840 1 0 1
-19.1788 -6.68565 800 0.405592 -0.630701 27.99 10.4179 -13 7841 1 0 1
13.3601 3.17172 800 -0.153298 0.485025 27.9954 10.4176 -13 7842 1 0 1
-1.06411 -2.22662 800 0.0586264 -0.0733435 27.9998 10.4173 -13 7843 1 0 1
-6.50191 -1.42399 800 0.0545764 -0.207643 27.9992 10.4173 -13 7844 1 0 1
13.2411 1.03962 800 -0.169794 0.501379 27.995 10.4176 -13 7845 1 0 1
6.0065 4.35786 800 -0.19046 0.132111 27.999 10.4173 -13 7846 1 0 1
11.9125 2.73626 800 -0.149437 0.463575 27.9958 10.4176 -13 7847 1 0 1
-8.03298 1.55146 800 -0.0538568 -0.271056 27.9986 10.4174 -13 7848 1 0 1
-22.0604 -10.2282 800 0.521334 -0.772954 27.9845 10.4183 -13 7849 1 0 1
-2.22083 4.096 800 -0.164059 -0.0714684 27.9994 10.4173 -13 7850 1 0 1
-1.93158 2.60891 800 0.0205229 -0.0518533 27.9999 10.4173 -13 7851 1 0 1
-5.88022 3.50745 800 -0.0547652 -0.18589 27.9993 10.4173 -13 7852 1 0 1
4.17419 2.48888 800 -0.0588068 0.214081 27.9991 10.4174 -13 7853 1 0 1
9.25643 0.51408 800 -0.152196 0.356302 27.9973 10.4175 -13 7854 1 0 1
10.8924 2.91068 800 -0.146901 0.304965 27.998 10.4174 -13 7855 1 0 1
11.2443 6.82436 800 -0.280804 0.402269 27.9957 10.4176 -13 7856 1 0 1
5.64678 0.862097 800 -0.0991836 0.159859 27.9994 10.4173 -13 7857 1 0 1
-17.6673 -1.70926 800 0.200454 -0.692241 27.9907 10.4179 -13 7858 1 0 1
-8.89944 2.02047 800 0.00792473 -0.259122 27.9988 10.4173 -13 7859 1 0 1
-1.44652 -0.0210498 800 -0.0188461 -0.0567449 27.9999 10.4173 -13 7860 1 0 1
1.80103 0.143705 800 -0.0189462 0.0923131 27.9998 10.4173 -13 7861 1 0 1
-8.82183 -1.00431 800 0.132213 -0.356713 27.9974 10.4175 -13 7862 1 0 1
-20.8759 -5.44779 800 0.383835 -0.733766 27.9878 10.4181 -13 7863 1 0 1
-13.3029 -5.26952 800 0.298587 -0.435938 27.995 10.4176 -13 7864 1 0 1
-6.28079 -8.1831 800 0.412959 -0.157561 27.9965 10.4175 -13 7865 1 0 1
-3.17532 -3.68101 800 0.0947829 -0.0473121 27.9998 10.4173 -13 7866 1 0 1
-2.21555 -1.2246 800 0.0916261 -0.0635453 27.9998 10.4173 -13 7867 1 0 1
-9.49045 -1.37778 800 0.0451584 -0.314587 27.9982 10.4174 -13 7868 1 0 1
3.10171 -0.920187 800 -0.0179374 0.15826 27.9995 10.4173 -13 7869 1 0 1
3.95573 0.456029 800 0.0106375 0.136464 27.9997 10.4173 -13 7870 1 0 1
-0.581648 3.13323 800 -0.115421 -0.0264991 27.9997 10.4173 -13 7871 1 0 1
5.23488 4.05806 800 -0.108674 0.217413 27.9989 10.4174 -13 7872 1 0 1
-3.46797 1.27635 800 -0.0567727 -0.15724 27.9995 10.4173 -13 7873 1 0 1
12.2249 1.12672 800 -0.118653 0.451192 27.9961 10.4175 -13 7874 1 0 1
-3.99838 -2.58332 800 0.0559735 -0.159224 27.9995 10.4173 -13 7875 1 0 1
-8.72684 -3.11177 800 0.167918 -0.258731 27.9983 10.4174 -13 7876 1 0 1
4.98354 2.30753 800 -0.133626 0.209202 27.9989 10.4173 -13 7877 1 0 1
2.56347 -0.27821 800 -0.00847053 0.125523 27.9997 10.4173 -13 7878 1 0 1
-4.22164 -3.2853 800 0.131914 -0.156568 27.9993 10.4173 -13 7879 1 0 1
19.4514 8.08003 800 -0.406305 0.67495 27.9889 10.418 -13 7880 1 0 1
-4.5089 1.94208 800 -0.00658852 -0.145308 27.9996 10.4173 -13 7881 1 0 1
6.8878 5.30791 800 -0.248272 0.209213 27.9981 10.4174 -13 7882 1 0 1
10.5736 6.95191 800 -0.290752 0.326555 27.9966 10.4175 -13 7883 1 0 1
-4.86703 -3.32313 800 0.0638661 -0.159368 27.9995 10.4173 -13 7884 1 0 1
-15.441 -4.24506 800 0.130782 -0.397268 27.9969 10.4175 -13 7885 1 0 1
7.7748 -1.28212 800 -0.116581 0.38581 27.9971 10.4176 -13 7886 1 0 1
4.76714 2.27096 800 -0.198597 0.0953262 27.9991 10.4174 -13 7887 1 0 1
-11.035 -0.590287 800 -0.00477882 -0.399935 27.9971 10.4175 -13 7888 1 0 1
13.1275 -2.55057 800 0.0322991 0.377318 27.9974 10.4174 -13 7889 1 0 1
28.5219 8.80694 800 -0.588258 1.00253 27.9759 10.419 -13 7890 1 0 1
11.5181 3.49856 800 -0.14139 0.45796 27.9959 10.4176 -13 7891 1 0 1
10.1246 0.13953 800 -0.00573894 0.348208 27.9978 10.4174 -13 7892 1 0 1
-10.5181 -4.43443 800 0.247393 -0.370079 27.9965 10.4175 -13 7893 1 0 1
-7.14762 3.20376 800 -0.0146135 -0.318467 27.9982 10.4174 -13 7894 1 0 1
1.11404 -4.32005 800 0.138999 0.0443436 27.9996 10.4173 -13 7895 1 0 1
4.7968 1.23023 800 -0.077411 0.186042 27.9993 10.4173 -13 7896 1 0 1
-13.026 -0.0192917 800 0.0627477 -0.42417 27.9967 10.4175 -13 7897 1 0 1
2.57002 2.82464 800 -0.148728 0.12155 27.9993 10.4173 -13 7898 1 0 1
1.1676 3.47209 800 -0.15673 0.0558331 27.9995 10.4173 -13 7899 1 0 1
-0.296164 2.96018 800 -0.12506 0.0894125 27.9996 10.4174 -13 7900 1 0 1
-5.08351 0.689318 800 -0.0107439 -0.164652 27.9995 10.4173 -13 7901 1 0 1
4.13859 -0.825144 800 0.0527116 0.19611 27.9993 10.4173 -13 7902 1 0 1
15.6318 3.77212 800 -0.238829 0.602739 27.9925 10.4178 -13 7903 1 0 1
-12.8477 2.47331 800 0.0316401 -0.452936 27.9963 10.4175 -13 7904 1 0 1
-10.4193 -4.77631 800 0.183257 -0.368757 27.997 10.4175 -13 7905 1 0 1
1.45508 -3.47143 800 0.204291 0.0208366 27.9992 10.4174 -13 7906 1 0 1
17.8513 3.51264 800 -0.188254 0.660372 27.9916 10.4179 -13 7907 1 0 1
7.8033 5.67161 800 -0.180963 0.375784 27.9969 10.4176 -13 7908 1 0 1
-3.91254 2.51953 800 -0.113849 -0.0128827 27.9998 10.4174 -13 7909 1 0 1
-0.222076 2.58985 800 -0.0591348 0.0429767 27.9999 10.4173 -13 7910 1 0 1
22.5955 0.522917 800 -0.0890738 0.780384 27.989 10.418 -13 7911 1 0 1
-6.00947 -5.81422 800 0.255218 -0.128665 27.9985 10.4174 -13 7912 1 0 1
7.71026 3.2125 800 -0.18563 0.316897 27.9976 10.4175 -13 7913 1 0 1
-7.01925 1.1519 800 -0.137711 -0.284627 27.9982 10.4175 -13 7914 1 0 1
7.51281 4.61381 800 -0.232756 0.254569 27.9979 10.4174 -13 7915 1 0 1
6.10383 -0.407616 800 -0.0250909 0.148985 27.9996 10.4173 -13 7916 1 0 1
-10.2495 3.3593 800 -0.0241993 -0.396827 27.9972 10.4174 -13 7917 1 0 1
23.8527 2.34228 800 -0.243967 0.885621 27.9849 10.4183 -13 7918 1 0 1
9.89074 6.78415 800 -0.385176 0.357365 27.9951 10.4177 -13 7919 1 0 1
-19.413 -5.75496 800 0.269776 -0.673342 27.9906 10.4179 -13 7920 1 0 1
-1.46819 3.26553 800 -0.169795 -0.0148829 27.9995 10.4173 -13 7921 1 0 1
-1.12253 -3.13706 800 0.166556 -0.0186955 27.9995 10.4173 -13 7922 1 0 1
-12.6541 -6.21738 800 0.337258 -0.499726 27.9935 10.4178 -13 7923 1 0 1
-3.42243 1.11717 800 -0.0944794 -0.109491 27.9996 10.4173 -13 7924 1 0 1
19.2534 6.64805 800 -0.340864 0.811748 27.9862 10.4184 -13 7925 1 0 1
-7.18147 -6.41093 800 0.281961 -0.329738 27.9966 10.4176 -13 7926 1 0 1
-2.10786 4.52285 800 -0.16175 -0.147134 27.9991 10.4173 -13 7927 1 0 1
-16.0418 -6.79328 800 0.35266 -0.642454 27.9904 10.418 -13 7928 1 0 1
7.2842 2.124 800 -0.0809141 0.21426 27.9991 10.4173 -13 7929 1 0 1
9.13517 -1.51453 800 0.0204791 0.298059 27.9984 10.4174 -13 7930 1 0 1
-4.81364 -2.27113 800 0.17833 -0.150954 27.999 10.4173 -13 7931 1 0 1
10.5191 3.84585 800 -0.257039 0.382978 27.9962 10.4175 -13 7932 1 0 1
-1.91155 4.08054 800 -0.16953 -0.0315004 27.9995 10.4173 -13 7933 1 0 1
-0.814585 0.445896 800 -0.101158 0.0242095 27.9998 10.4173 -13 7934 1 0 1
-7.88414 -1.53527 800 0.111779 -0.331133 27.9978 10.4174 -13 7935 1 0 1
-0.514871 -1.64808 800 0.0753395 0.0295908 27.9999 10.4173 -13 7936 1 0 1
-3.61372 -1.876 800 0.186978 -0.0667752 27.9993 10.4174 -13 7937 1 0 1
18.2936 -0.762878 800 -0.0772291 0.611253 27.9932 10.4177 -13 7938 1 0 1
11.7436 0.0943682 800 -0.0954273 0.424119 27.9966 10.4175 -13 7939 1 0 1
-3.05828 -1.44694 800 0.0896731 -0.0220991 27.9998 10.4173 -13 7940 1 0 1
-18.2 -3.24617 800 0.277022 -0.700638 27.9899 10.418 -13 7941 1 0 1
10.1987 5.12062 800 -0.292169 0.334346 27.9965 10.4175 -13 7942 1 0 1
5.00105 0.0243516 800 -0.0564655 0.143436 27.9996 10.4173 -13 7943 1 0 1
0.699986 -7.79779 800 0.307416 0.0379951 27.9983 10.4174 -13 7944 1 0 1
15.7889 5.21861 800 -0.359614 0.42196 27.9945 10.4177 -13 7945 1 0 1
-10.3647 -2.30685 800 0.11279 -0.299545 27.9982 10.4174 -13 7946 1 0 1
-11.9785 -2.81555 800 0.112517 -0.365083 27.9974 10.4174 -13 7947 1 0 1
-14.425 -6.34798 800 0.3239 -0.546076 27.9928 10.4178 -13 7948 1 0 1
5.44708 -8.08249 800 0.320236 0.135547 27.9978 10.4175 -13 7949 1 0 1
-17.5567 -4.14594 800 0.268697 -0.52123 27.9939 10.4176 -13 7950 1 0 1
8.00664 0.5786 800 -0.183913 0.236458 27.9984 10.4174 -13 7951 1 0 1
3.0157 -4.5569 800 0.197086 0.136731 27.999 10.4173 -13 7952 1 0 1
-2.56376 2.94154 800 -0.0797621 -0.115479 27.9996 10.4173 -13 7953 1 0 1
-6.51208 -0.350359 800 0.0667029 -0.263023 27.9987 10.4174 -13 7954 1 0 1
-25.8273 -11.2486 800 0.580559 -0.84072 27.9814 10.4185 -13 7955 1 0 1
-10.8095 -1.42752 800 0.0259972 -0.316029 27.9982 10.4174 -13 7956 1 0 1
4.32478 1.95187 800 -0.0328188 0.0611927 27.9999 10.4173 -13 7957 1 0 1
0.363637 0.524529 800 0.0316753 -0.0577013 27.9999 10.4173 -13 7958 1 0 1
4.92877 -1.74353 800 0.116606 0.141228 27.9994 10.4173 -13 7959 1 0 1
-9.4485 -4.14694 800 0.206984 -0.395788 27.9964 10.4176 -13 7960 1 0 1
-3.72253 5.84611 800 -0.159176 -0.10412 27.9994 10.4173 -13 7961 1 0 1
-14.5464 1.44559 800 0.0597763 -0.487716 27.9957 10.4175 -13 7962 1 0 1
15.3774 5.34535 800 -0.28631 0.544887 27.9932 10.4177 -13 7963 1 0 1
-1.57183 0.200303 800 -0.044533 -0.049478 27.9999 10.4173 -13 7964 1 0 1
21.3347 4.52667 800 -0.234153 0.830415 27.9867 10.4183 -13 7965 1 0 1
0.410537 -4.37267 800 0.184936 0.00924581 27.9994 10.4173 -13 7966 1 0 1
-2.26191 1.51124 800 -0.0230763 -0.00537999 28 10.4173 -13 7967 1 0 1
-13.0525 -1.25994 800 0.15131 -0.457796 27.9958 10.4175 -13 7968 1 0 1
3.18992 2.48599 800 -0.085744 0.0882245 27.9997 10.4173 -13 7969 1 0 1
-2.80038 1.24101 800 0.0369862 -0.0412959 27.9999 10.4173 -13 7970 1 0 1
-18.0698 -3.96519 800 0.317788 -0.674914 27.9901 10.418 -13 7971 1 0 1
-24.8835 -5.19168 800 0.289729 -0.879807 27.9847 10.4183 -13 7972 1 0 1
-0.703162 1.93797 800 -0.0565891 0.000117366 27.9999 10.4173 -13 7973 1 0 1
14.8338 2.83589 800 -0.213693 0.512401 27.9945 10.4176 -13 7974 1 0 1
1.15595 -1.21626 800 0.0710551 -0.0231801 27.9999 10.4173 -13 7975 1 0 1
-6.76222 7.13619 800 -0.0995703 -0.214838 27.999 10.4174 -13 7976 1 0 1
4.82704 0.876711 800 -0.0720676 0.0591476 27.9998 10.4173 -13 7977 1 0 1
4.59938 -4.57552 800 0.179312 0.178719 27.9989 10.4173 -13 7978 1 0 1
5.91095 3.3265 800 -0.22217 0.131901 27.9988 10.4174 -13 7979 1 0 1
-5.66792 1.93468 800 -0.0348952 -0.256506 27.9988 10.4174 -13 7980 1 0 1
-7.40506 -1.19073 800 0.156931 -0.240212 27.9985 10.4174 -13 7981 1 0 1
5.37821 2.1202 800 -0.0490125 0.189704 27.9993 10.4173 -13 7982 1 0 1
-10.8688 -3.78112 800 0.235799 -0.337568 27.997 10.4175 -13 7983 1 0 1
-0.573956 -6.56147 800 0.229726 -0.0121248 27.9991 10.4173 -13 7984 1 0 1
16.2311 1.51795 800 -0.191398 0.516674 27.9946 10.4176 -13 7985 1 0 1
19.5395 7.03847 800 -0.45297 0.685604 27.9879 10.4181 -13 7986 1 0 1
6.23454 -4.064 800 0.148615 0.245291 27.9985 10.4174 -13 7987 1 0 1
14.6517 4.35467 800 -0.184949 0.529879 27.9944 10.4177 -13 7988 1 0 1
12.9794 -1.24873 800 -0.117488 0.537677 27.9946 10.4177 -13 7989 1 0 1
4.81098 -0.483477 800 -0.0121505 0.152535 27.9996 10.4173 -13 7990 1 0 1
4.71069 -0.550112 800 -0.0545766 0.187307 27.9993 10.4173 -13 7991 1 0 1
2.8716 2.7747 800 -0.112812 0.0677108 27.9997 10.4173 -13 7992 1 0 1
-5.64698 -9.78107 800 0.212855 -0.248707 27.9981 10.4176 -13 7993 1 0 1
6.67724 0.960575 800 0.0260471 0.216939 27.9991 10.4174 -13 7994 1 0 1
-2.6345 3.00287 800 -0.0443213 -0.110207 27.9997 10.4173 -13 7995 1 0 1
-2.96454 3.03733 800 -0.0986938 -0.197313 27.9991 10.4173 -13 7996 1 0 1
-6.46525 -6.25612 800 0.159255 -0.330158 27.9976 10.4176 -13 7997 1 0 1
5.08723 4.06088 800 -0.260196 0.211524 27.998 10.4175 -13 7998 1 0 1
-2.24792 2.78852 800 -0.136098 -0.11676 27.9994 10.4173 -13 7999 1 0 1
-5.6806 -2.9473 800 0.0937767 -0.182749 27.9992 10.4173 -13 8000 1 0 1
-12.7896 0.246362 800 0.113188 -0.479566 27.9957 10.4176 -13 8001 1 0 1
-0.511769 -0.744116 800 0.0249011 0.00678808 28 10.4173 -13 8002 1 0 1
-8.1649 1.75964 800 0.00914803 -0.271718 27.9987 10.4173 -13 8003 1 0 1
-0.371444 -1.74993 800 -0.00300101 0.00971758 28 10.4173 -13 8004 1 0 1
-15.0597 -2.47016 800 0.205085 -0.488943 27.995 10.4176 -13 8005 1 0 1
-7.44723 1.65752 800 -0.102945 -0.336619 27.9978 10.4175 -13 8006 1 0 1
0.363252 0.380083 800 0.00673303 0.039465 28 10.4173 -13 8007 1 0 1
-6.34478 -0.683136 800 0.0653038 -0.202717 27.9992 10.4173 -13 8008 1 0 1
8.65118 5.42773 800 -0.142065 0.318045 27.9978 10.4175 -13 8009 1 0 1
-9.07454 -4.00827 800 0.209214 -0.323918 27.9973 10.4174 -13 8010 1 0 1
-3.14903 2.14194 800 -0.041558 -0.0883271 27.9998 10.4173 -13 8011 1 0 1
3.62185 0.832518 800 -0.0388872 0.0979435 27.9998 10.4173 -13 8012 1 0 1
-8.39977 -0.643587 800 0.0244105 -0.286399 27.9985 10.4174 -13 8013 1 0 1
-17.8343 -1.99176 800 0.111499 -0.566441 27.994 10.4176 -13 8014 1 0 1
-12.7288 -4.08429 800 0.255611 -0.479432 27.9947 10.4176 -13 8015 1 0 1
3.52615 0.567965 800 -0.0455746 0.155553 27.9995 10.4173 -13 8016 1 0 1
5.19725 6.76233 800 -0.256677 0.227961 27.9979 10.4174 -13 8017 1 0 1
8.28603 -1.51371 800 0.00752822 0.242044 27.999 10.4173 -13 8018 1 0 1
-7.37788 -4.88006 800 0.245471 -0.221623 27.998 10.4174 -13 8019 1 0 1
6.17756 6.67929 800 -0.194907 0.213399 27.9985 10.4174 -13 8020 1 0 1
-3.50474 -0.429613 800 0.115463 -0.0251297 27.9998 10.4173 -13 8021 1 0 1
3.06814 6.30106 800 -0.192846 0.0122309 27.9993 10.4173 -13 8022 1 0 1
29.7149 4.90085 800 -0.366692 1.02993 27.9786 10.4186 -13 8023 1 0 1
5.04727 4.37495 800 -0.261958 0.179324 27.9982 10.4174 -13 8024 1 0 1
-21.4273 -6.43622 800 0.377153 -0.738316 27.9877 10.4181 -13 8025 1 0 1
-1.00095 5.73321 800 -0.293742 -0.0475062 27.9984 10.4174 -13 8026 1 0 1
-1.38981 -2.33192 800 0.101895 -0.0143533 27.9998 10.4173 -13 8027 1 0 1
4.6077 3.08796 800 -0.199565 0.0649834 27.9992 10.4174 -13 8028 1 0 1
-9.69993 -12.5734 800 0.50579 -0.403802 27.9925 10.4179 -13 8029 1 0 1
-4.41992 -0.577812 800 0.0531869 -0.181886 27.9994 10.4173 -13 8030 1 0 1
-4.42054 -0.0523436 800 0.0797139 -0.132689 27.9996 10.4173 -13 8031 1 0 1
7.21928 -4.54906 800 0.168953 0.302933 27.9979 10.4174 -13 8032 1 0 1
11.175 -2.02165 800 0.0272433 0.457242 27.9963 10.4175 -13 8033 1 0 1
16.7297 1.18651 800 -0.0966844 0.525432 27.9949 10.4176 -13 8034 1 0 1
-2.44306 4.70874 800 -0.27799 -0.234159 27.9976 10.4176 -13 8035 1 0 1
-9.23093 2.57622 800 -0.0586576 -0.288601 27.9985 10.4174 -13 8036 1 0 1
15.0941 4.48941 800 -0.231929 0.457803 27.9953 10.4175 -13 8037 1 0 1
-5.01355 2.57238 800 -0.0371641 -0.229077 27.999 10.4173 -13 8038 1 0 1
0.585777 2.33956 800 -0.132859 0.00258508 27.9997 10.4173 -13 8039 1 0 1
-0.223994 3.19965 800 -0.184285 0.0388226 27.9994 10.4174 -13 8040 1 0 1
6.90182 -4.98889 800 0.200945 0.205385 27.9985 10.4174 -13 8041 1 0 1
-15.2085 -1.39011 800 0.0627805 -0.53826 27.9948 10.4176 -13 8042 1 0 1
-3.47045 0.111786 800 -0.0558311 -0.0279546 27.9999 10.4173 -13 8043 1 0 1
-5.7822 -2.36511 800 0.125106 -0.195681 27.999 10.4173 -13 8044 1 0 1
15.0697 0.932186 800 -0.0713967 0.512747 27.9952 10.4176 -13 8045 1 0 1
-3.44788 3.07339 800 -0.221319 -0.000514232 27.9991 10.4175 -13 8046 1 0 1
16.6471 2.85465 800 -0.240636 0.553541 27.9935 10.4177 -13 8047 1 0 1
2.47518 8.32886 800 -0.357496 0.140897 27.9974 10.4175 -13 8048 1 0 1
-8.36636 -1.46893 800 0.0785935 -0.287504 27.9984 10.4174 -13 8049 1 0 1
-1.58427 5.64294 800 -0.121607 -0.0385726 27.9997 10.4173 -13 8050 1 0 1
6.3759 8.33458 800 -0.364239 0.251871 27.9965 10.4175 -13 8051 1 0 1
-18.4885 -2.73906 800 0.109357 -0.632504 27.9926 10.4178 -13 8052 1 0 1
-0.707427 -2.71103 800 0.126372 -0.133734 27.9994 10.4174 -13 8053 1 0 1
0.241832 -5.92806 800 0.307251 -0.11186 27.9981 10.4176 -13 8054 1 0 1
0.872085 3.50379 800 -0.0989708 0.0220729 27.9998 10.4173 -13 8055 1 0 1
-15.7409 -0.178826 800 0.12995 -0.612385 27.993 10.4178 -13 8056 1 0 1
-0.493591 2.55225 800 0.0302045 -0.0569236 27.9999 10.4173 -13 8057 1 0 1
28.9298 4.43487 800 -0.394404 0.95575 27.9809 10.4185 -13 8058 1 0 1
8.41661 -1.20654 800 -0.0340804 0.337005 27.998 10.4174 -13 8059 1 0 1
5.29901 -0.421542 800 0.0803588 0.191471 27.9992 10.4174 -13 8060 1 0 1
4.34344 3.2045 800 -0.215153 0.133441 27.9989 10.4174 -13 8061 1 0 1
-15.5602 0.534077 800 0.00301593 -0.56937 27.9942 10.4177 -13 8062 1 0 1
5.42471 0.0782554 800 -0.102061 0.214955 27.999 10.4173 -13 8063 1 0 1
2.2056 -2.47014 800 0.00553387 0.00915369 28 10.4173 -13 8064 1 0 1
-5.593 -2.61354 800 0.115738 -0.23967 27.9987 10.4174 -13 8065 1 0 1
3.53467 -2.59883 800 0.0794497 0.0913057 27.9997 10.4173 -13 8066 1 0 1
7.90845 3.11709 800 -0.147369 0.319533 27.9978 10.4174 -13 8067 1 0 1
-14.627 -8.53236 800 0.42815 -0.507711 27.9921 10.4178 -13 8068 1 0 1
5.64938 1.1271 800 -0.0097618 0.30131 27.9984 10.4175 -13 8069 1 0 1
-8.30103 -7.49013 800 0.384738 -0.245934 27.9963 10.4175 -13 8070 1 0 1
-5.91006 -2.5602 800 0.194019 -0.143568 27.999 10.4174 -13 8071 1 0 1
12.2203 5.99133 800 -0.294996 0.403924 27.9955 10.4175 -13 8072 1 0 1
-5.98292 -1.05022 800 -0.00317476 -0.215681 27.9992 10.4173 -13 8073 1 0 1
22.9047 8.3612 800 -0.466945 0.838602 27.9835 10.4184 -13 8074 1 0 1
-6.84931 2.05924 800 -0.130055 -0.298523 27.9981 10.4175 -13 8075 1 0 1
-14.4018 -4.23756 800 0.268203 -0.512255 27.994 10.4177 -13 8076 1 0 1
-3.67316 -1.04683 800 -0.00327688 -0.0970526 27.9998 10.4173 -13 8077 1 0 1
3.45139 1.4992 800 -0.00208437 0.133968 27.9997 10.4173 -13 8078 1 0 1
12.5487 4.42893 800 -0.240619 0.459755 27.9952 10.4176 -13 8079 1 0 1
-5.44976 -1.32752 800 0.0154997 -0.17651 27.9994 10.4173 -13 8080 1 0 1
5.22426 1.06052 800 -0.033082 0.202119 27.9993 10.4173 -13 8081 1 0 1
-3.7206 -3.60569 800 0.250611 -0.0584487 27.9988 10.4174 -13 8082 1 0 1
-6.96971 2.17537 800 -0.0534864 -0.271237 27.9986 10.4173 -13 8083 1 0 1
-18.081 -6.99797 800 0.339629 -0.600914 27.9915 10.4178 -13 8084 1 0 1
-2.45514 0.25903 800 0.0257057 -0.0184626 28 10.4173 -13 8085 1 0 1
-7.9574 1.60917 800 -0.0330846 -0.278368 27.9986 10.4173 -13 8086 1 0 1
7.05087 4.01669 800 -0.17348 0.295177 27.9979 10.4174 -13 8087 1 0 1
-5.56311 7.9246 800 -0.252959 -0.224901 27.998 10.4174 -13 8088 1 0 1
-11.0613 -2.18058 800 0.148518 -0.382627 27.997 10.4175 -13 8089 1 0 1
8.35079 5.14568 800 -0.21168 0.274657 27.9979 10.4174 -13 8090 1 0 1
2.026 1.07317 800 -0.0223022 0.0861273 27.9999 10.4173 -13 8091 1 0 1
1.98571 1.50747 800 -0.0443282 0.0520429 27.9999 10.4173 -13 8092 1 0 1
3.92022 -1.36723 800 0.0840888 0.199914 27.9992 10.4174 -13 8093 1 0 1
10.1609 1.31878 800 -0.0623441 0.311655 27.9982 10.4174 -13 8094 1 0 1
7.39348 -8.18617 800 0.379154 0.19955 27.9967 10.4176 -13 8095 1 0 1
-11.8433 -8.35359 800 0.321846 -0.360011 27.9958 10.4175 -13 8096 1 0 1
1.81985 -0.496053 800 -0.00555971 0.0440602 28 10.4173 -13 8097 1 0 1
3.79737 -1.83162 800 0.0408727 0.213611 27.9992 10.4173 -13 8098 1 0 1
11.3426 1.30997 800 -0.152426 0.396507 27.9968 10.4175 -13 8099 1 0 1
13.7167 9.50706 800 -0.43473 0.517161 27.9918 10.4179 -13 8100 1 0 1
3.8518 -0.777278 800 -0.0211703 0.117614 27.9997 10.4173 -13 8101 1 0 1
-0.518924 -2.91359 800 0.0976734 -0.133044 27.9995 10.4174 -13 8102 1 0 1
-12.0103 1.18417 800 0.0077854 -0.324863 27.9981 10.4174 -13 8103 1 0 1
-4.62596 7.66504 800 -0.346471 -0.160774 27.9974 10.4175 -13 8104 1 0 1
18.3436 2.00774 800 -0.138528 0.589932 27.9934 10.4177 -13 8105 1 0 1
-2.56886 -7.58214 800 0.214124 -0.0816527 27.9991 10.4173 -13 8106 1 0 1
-2.99562 -0.640614 800 0.026806 -0.0873708 27.9999 10.4173 -13 8107 1 0 1
6.86377 2.27116 800 -0.134374 0.175957 27.9991 10.4173 -13 8108 1 0 1
-10.0942 0.708827 800 0.0332011 -0.337344 27.9979 10.4174 -13 8109 1 0 1
13.4976 2.07524 800 -0.211943 0.458146 27.9954 10.4176 -13 8110 1 0 1
2.16195 -5.02542 800 0.222311 0.147098 27.9987 10.4174 -13 8111 1 0 1
8.88151 -0.67705 800 -0.0676022 0.193541 27.9992 10.4174 -13 8112 1 0 1
20.5473 9.55798 800 -0.506908 0.665181 27.9875 10.4181 -13 8113 1 0 1
2.84562 2.00025 800 -0.132505 0.0458928 27.9996 10.4173 -13 8114 1 0 1
20.0819 2.13232 800 -0.210715 0.651935 27.9916 10.4178 -13 8115 1 0 1
21.0447 1.75215 800 -0.213004 0.736415 27.9895 10.4179 -13 8116 1 0 1
17.7853 3.34743 800 -0.205802 0.612574 27.9925 10.4177 -13 8117 1 0 1
13.8084 2.34166 800 -0.212028 0.450155 27.9956 10.4175 -13 8118 1 0 1
-4.96901 -2.1891 800 0.18284 -0.264565 27.9982 10.4175 -13 8119 1 0 1
18.5246 3.93431 800 -0.130315 0.732476 27.9901 10.4181 -13 8120 1 0 1
0.893566 4.92087 800 -0.180964 0.0210086 27.9994 10.4173 -13 8121 1 0 1
19.1256 4.88687 800 -0.254293 0.616126 27.9921 10.4178 -13 8122 1 0 1
8.33509 3.83398 800 -0.124647 0.306423 27.998 10.4174 -13 8123 1 0 1
-2.33739 -2.38775 800 0.112075 -0.104316 27.9996 10.4173 -13 8124 1 0 1
6.12366 2.92294 800 -0.148631 0.231021 27.9987 10.4174 -13 8125 1 0 1
27.0121 6.19388 800 -0.397414 0.88888 27.9831 10.4183 -13 8126 1 0 1
-0.766895 -0.384727 800 0.00565172 -0.0255359 28 10.4173 -13 8127 1 0 1
9.30126 -2.07469 800 0.0710629 0.315909 27.9981 10.4174 -13 8128 1 0 1
3.72731 -0.443898 800 -0.0564321 0.121761 27.9997 10.4173 -13 8129 1 0 1
9.80386 0.747168 800 -0.158536 0.259065 27.9984 10.4174 -13 8130 1 0 1
11.8159 5.83956 800 -0.253807 0.377007 27.9963 10.4175 -13 8131 1 0 1
-7.42143 -5.93993 800 0.248956 -0.209077 27.9981 10.4174 -13 8132 1 0 1
-9.08788 -7.28894 800 0.259379 -0.325547 27.9969 10.4175 -13 8133 1 0 1
-2.38927 0.0236277 800 0.115897 -0.129617 27.9995 10.4174 -13 8134 1 0 1
11.5673 0.852189 800 -0.0997301 0.419002 27.9967 10.4175 -13 8135 1 0 1
6.70673 0.364697 800 -0.0481761 0.263003 27.9987 10.4173 -13 8136 1 0 1
-3.65881 3.09747 800 -0.17738 -0.140751 27.9991 10.4174 -13 8137 1 0 1
-0.458836 -3.85324 800 0.206 0.0452683 27.9992 10.4173 -13 8138 1 0 1
3.20858 -0.0785469 800 -0.0277848 0.111097 27.9998 10.4173 -13 8139 1 0 1
12.2308 4.69214 800 -0.278306 0.458919 27.9949 10.4176 -13 8140 1 0 1
-8.94395 -5.51639 800 0.222233 -0.391241 27.9964 10.4176 -13 8141 1 0 1
8.78308 2.88851 800 -0.161391 0.28316 27.9981 10.4174 -13 8142 1 0 1
5.09095 -4.48735 800 0.134674 0.193863 27.999 10.4173 -13 8143 1 0 1
-4.94403 -1.57732 800 0.0434219 -0.139487 27.9996 10.4173 -13 8144 1 0 1
-19.4884 -6.1636 800 0.346517 -0.726212 27.9884 10.4181 -13 8145 1 0 1
-1.33308 2.32623 800 -0.0147901 -0.0300506 28 10.4173 -13 8146 1 0 1
-6.46514 3.16974 800 -0.0814799 -0.211823 27.9991 10.4173 -13 8147 1 0 1
-5.50812 -1.03677 800 0.0958511 -0.213918 27.999 10.4173 -13 8148 1 0 1
-12.9665 -7.5564 800 0.433613 -0.418163 27.9935 10.4177 -13 8149 1 0 1
10.9221 2.86184 800 -0.168605 0.376752 27.997 10.4175 -13 8150 1 0 1
15.2496 1.94614 800 -0.14402 0.513367 27.9949 10.4176 -13 8151 1 0 1
13.2879 9.32082 800 -0.360084 0.455086 27.994 10.4177 -13 8152 1 0 1
-1.06902 -5.12572 800 0.176621 -0.0300983 27.9994 10.4173 -13 8153 1 0 1
1.512 -4.11848 800 0.242127 0.00413386 27.999 10.4174 -13 8154 1 0 1
10.4184 1.56312 800 -0.243094 0.328021 27.997 10.4175 -13 8155 1 0 1
5.93559 2.20081 800 -0.117183 0.176784 27.9992 10.4173 -13 8156 1 0 1
-3.14609 -1.01319 800 -0.0141762 -0.147489 27.9996 10.4173 -13 8157 1 0 1
-1.84941 -0.626578 800 0.0619474 -0.0187544 27.9999 10.4173 -13 8158 1 0 1
-8.31452 -2.6581 800 0.193316 -0.354137 27.9971 10.4175 -13 8159 1 0 1
5.2239 2.3968 800 0.0282153 0.194401 27.9993 10.4174 -13 8160 1 0 1
6.63334 -1.6672 800 0.0921947 0.163599 27.9994 10.4173 -13 8161 1 0 1
-12.8173 -2.0642 800 0.17145 -0.320166 27.9976 10.4174 -13 8162 1 0 1
9.07915 1.45942 800 -0.108536 0.252947 27.9986 10.4173 -13 8163 1 0 1
1.4918 0.349862 800 0.00428857 0.0179398 28 10.4173 -13 8164 1 0 1
18.3086 3.20028 800 -0.240142 0.615347 27.9922 10.4178 -13 8165 1 0 1
-5.03467 2.57841 800 -0.0746009 -0.244045 27.9988 10.4174 -13 8166 1 0 1
-1.41683 -5.01269 800 0.267124 -0.0066664 27.9987 10.4174 -13 8167 1 0 1
-10.1958 -1.35024 800 0.115226 -0.252977 27.9986 10.4174 -13 8168 1 0 1
-5.54782 -0.493752 800 0.0785514 -0.171043 27.9994 10.4173 -13 8169 1 0 1
-12.9672 -3.54955 800 0.0929926 -0.314277 27.9981 10.4175 -13 8170 1 0 1
8.71416 0.399358 800 -0.0373759 0.264422 27.9987 10.4173 -13 8171 1 0 1
1.60286 2.20143 800 -0.0901443 0.0758936 27.9998 10.4173 -13 8172 1 0 1
-10.3685 0.390289 800 0.0166767 -0.370095 27.9975 10.4174 -13 8173 1 0 1
-4.41004 -4.26795 800 0.156054 -0.174438 27.999 10.4173 -13 8174 1 0 1
-0.882298 0.587435 800 -0.0852094 -0.156031 27.9994 10.4174 -13 8175 1 0 1
12.7323 6.75239 800 -0.237412 0.461759 27.9952 10.4176 -13 8176 1 0 1
-2.90061 -2.2938 800 -0.0219024 -0.0921206 27.9998 10.4173 -13 8177 1 0 1
-13.9336 -1.1786 800 0.166047 -0.566216 27.9938 10.4177 -13 8178 1 0 1
10.5848 0.530882 800 0.00720809 0.362034 27.9977 10.4174 -13 8179 1 0 1
-1.59308 4.86152 800 -0.254981 -0.109683 27.9986 10.4174 -13 8180 1 0 1
8.94393 -3.21392 800 0.160914 0.279219 27.9981 10.4174 -13 8181 1 0 1
-18.5418 0.642782 800 0.0297347 -0.623579 27.993 10.4177 -13 8182 1 0 1
-5.65624 -2.33986 800 0.0246992 -0.212887 27.9992 10.4174 -13 8183 1 0 1
8.11301 3.96865 800 -0.196168 0.320372 27.9975 10.4175 -13 8184 1 0 1
-6.43329 -0.512322 800 -0.032075 -0.228962 27.999 10.4174 -13 8185 1 0 1
0.373419 -3.64876 800 0.190666 -0.00628767 27.9994 10.4173 -13 8186 1 0 1
3.13496 5.8998 800 -0.259293 0.0843161 27.9987 10.4174 -13 8187 1 0 1
-1.5002 0.959937 800 0.0349587 0.0266655 28 10.4173 -13 8188 1 0 1
-17.6917 -4.84259 800 0.265125 -0.513398 27.994 10.4176 -13 8189 1 0 1
-2.86433 7.61302 800 -0.305604 -0.0645012 27.9983 10.4174 -13 8190 1 0 1
12.0795 -0.403083 800 0.00223001 0.372735 27.9975 10.4174 -13 8191 1 0 1
-4.57229 0.173895 800 -0.0150635 -0.121899 27.9997 10.4173 -13 8192 1 0 1
3.6422 -1.81978 800 -0.0528206 0.0781569 27.9998 10.4173 -13 8193 1 0 1
4.9583 -1.33089 800 0.0874007 0.164389 27.9994 10.4173 -13 8194 1 0 1
7.86701 3.67966 800 -0.127636 0.280249 27.9983 10.4174 -13 8195 1 0 1
-2.97215 0.151953 800 0.0187665 -0.127069 27.9997 10.4173 -13 8196 1 0 1
1.64346 -3.29882 800 0.155763 0.121862 27.9993 10.4173 -13 8197 1 0 1
0.499982 5.90892 800 -0.199979 0.0310338 27.9993 10.4173 -13 8198 1 0 1
0.13554 5.36898 800 -0.184011 0.00519886 27.9994 10.4173 -13 8199 1 0 1
2.37681 2.52999 800 -0.0844458 0.214602 27.9991 10.4174 -13 8200 1 0 1
0.508982 7.73213 800 -0.254999 -0.0456255 27.9988 10.4173 -13 8201 1 0 1
15.0999 7.88085 800 -0.232416 0.50856 27.9944 10.4177 -13 8202 1 0 1
0.410973 1.56636 800 -0.0863321 0.00957469 27.9999 10.4173 -13 8203 1 0 1
-0.767651 -5.1402 800 0.32406 0.0178735 27.9981 10.4175 -13 8204 1 0 1
-12.4386 -0.542965 800 0.0586764 -0.480205 27.9958 10.4176 -13 8205 1 0 1
1.20976 -2.99198 800 0.203341 0.111489 27.999 10.4174 -13 8206 1 0 1
-5.73621 0.813132 800 0.00767858 -0.230989 27.999 10.4173 -13 8207 1 0 1
4.66896 3.27297 800 -0.129781 0.139355 27.9994 10.4173 -13 8208 1 0 1
-1.42109 -0.159354 800 0.0206996 0.0233447 28 10.4173 -13 8209 1 0 1
0.493685 6.91772 800 -0.216374 0.0648424 27.9991 10.4174 -13 8210 1 0 1
-5.61358 0.191979 800 -0.0391346 -0.158651 27.9995 10.4173 -13 8211 1 0 1
-3.48676 -2.73347 800 0.183293 -0.0698383 27.9993 10.4173 -13 8212 1 0 1
0.979043 -4.87387 800 0.160569 -0.0397793 27.9995 10.4173 -13 8213 1 0 1
-2.60298 -6.68095 800 0.304573 -0.0524617 27.9983 10.4174 -13 8214 1 0 1
6.13465 -1.37024 800 -0.029415 0.156293 27.9995 10.4173 -13 8215 1 0 1
14.319 7.67602 800 -0.408105 0.418714 27.9939 10.4177 -13 8216 1 0 1
-26.1296 -7.95934 800 0.48645 -0.934329 27.9802 10.4186 -13 8217 1 0 1
-10.6038 -0.706371 800 0.0717829 -0.402898 27.997 10.4175 -13 8218 1 0 1
-5.90854 -1.6778 800 0.169349 -0.15772 27.999 10.4173 -13 8219 1 0 1
0.592065 4.61857 800 -0.13411 -0.00254046 27.9997 10.4173 -13 8220 1 0 1
2.6523 8.11922 800 -0.328096 0.0943745 27.9979 10.4174 -13 8221 1 0 1
16.5196 1.95443 800 -0.195832 0.634075 27.9921 10.4178 -13 8222 1 0 1
-1.24887 -2.38309 800 0.0736816 -0.0516735 27.9999 10.4173 -13 8223 1 0 1
15.0987 6.41074 800 -0.420223 0.485062 27.9926 10.4178 -13 8224 1 0 1
0.329607 -4.46124 800 0.0829464 -0.0571411 27.9998 10.4173 -13 8225 1 0 1
-10.4792 4.52593 800 -0.180676 -0.388311 27.9967 10.4175 -13 8226 1 0 1
13.304 2.01614 800 -0.146162 0.502067 27.9951 10.4176 -13 8227 1 0 1
8.29905 3.62497 800 -0.216022 0.232481 27.9982 10.4174 -13 8228 1 0 1
-0.733719 -0.281084 800 0.0418643 0.0184974 28 10.4173 -13 8229 1 0 1
12.3065 2.18831 800 -0.263594 0.410374 27.9958 10.4176 -13 8230 1 0 1
10.6799 4.97251 800 -0.281929 0.349014 27.9964 10.4175 -13 8231 1 0 1
8.1319 -2.50145 800 0.12317 0.29618 27.9982 10.4174 -13 8232 1 0 1
6.68764 3.88543 800 -0.133474 0.231622 27.9987 10.4173 -13 8233 1 0 1
-14.75 -2.71779 800 0.237327 -0.444033 27.9955 10.4176 -13 8234 1 0 1
8.40779 -0.543544 800 -0.0607603 0.26696 27.9987 10.4173 -13 8235 1 0 1
1.41919 3.40356 800 -0.146281 0.0258801 27.9996 10.4173 -13 8236 1 0 1
1.60366 -1.9521 800 0.0829807 0.00930958 27.9999 10.4173 -13 8237 1 0 1
4.86377 -0.263612 800 -0.000411144 0.199181 27.9993 10.4173 -13 8238 1 0 1
5.94768 0.333315 800 0.0300697 0.177701 27.9994 10.4173 -13 8239 1 0 1
4.44126 0.00612103 800 0.0287019 0.202054 27.9993 10.4173 -13 8240 1 0 1
6.92097 2.97919 800 -0.235645 0.185974 27.9984 10.4174 -13 8241 1 0 1
-1.65418 0.677773 800 -0.0956268 -0.0293768 27.9998 10.4173 -13 8242 1 0 1
-9.93551 -2.86286 800 0.259194 -0.431406 27.9955 10.4177 -13 8243 1 0 1
5.1352 0.628442 800 -0.0482328 0.25477 27.9988 10.4174 -13 8244 1 0 1
14.9232 2.27586 800 -0.19099 0.559472 27.9938 10.4177 -13 8245 1 0 1
-8.79349 -2.71566 800 0.204212 -0.222518 27.9984 10.4174 -13 8246 1 0 1
3.51585 -1.87356 800 0.0473791 0.0120017 28 10.4173 -13 8247 1 0 1
1.89192 -5.44207 800 0.138056 -0.0087934 27.9997 10.4173 -13 8248 1 0 1
-2.45902 0.779012 800 -0.12861 -0.123027 27.9994 10.4174 -13 8249 1 0 1
3.20483 4.65507 800 -0.259831 0.0634754 27.9987 10.4174 -13 8250 1 0 1
3.04646 1.46169 800 -0.0939097 0.147046 27.9995 10.4173 -13 8251 1 0 1
-5.52623 -8.77555 800 0.410996 -0.239352 27.996 10.4176 -13 8252 1 0 1
-4.67316 -3.18382 800 0.154287 -0.25769 27.9984 10.4174 -13 8253 1 0 1
0.415901 6.44664 800 -0.230485 0.0247853 27.999 10.4173 -13 8254 1 0 1
-12.5218 -4.71247 800 0.227649 -0.388657 27.9964 10.4175 -13 8255 1 0 1
4.79521 -0.972223 800 -0.0308068 0.174535 27.9994 10.4173 -13 8256 1 0 1
-13.889 -8.93877 800 0.431529 -0.470128 27.9927 10.4178 -13 8257 1 0 1
1.97499 1.42012 800 -0.0187887 0.0941478 27.9998 10.4173 -13 8258 1 0 1
4.18905 3.49704 800 -0.0980366 0.233345 27.9989 10.4174 -13 8259 1 0 1
12.8692 0.281655 800 -0.125063 0.478265 27.9956 10.4176 -13 8260 1 0 1
10.344 5.62485 800 -0.173376 0.366212 27.9971 10.4175 -13 8261 1 0 1
-5.63056 -8.38255 800 0.291753 -0.134286 27.9982 10.4174 -13 8262 1 0 1
-10.083 2.39067 800 -0.102573 -0.351882 27.9976 10.4174 -13 8263 1 0 1
17.6238 6.10452 800 -0.332898 0.599592 27.9916 10.4178 -13 8264 1 0 1
-5.8546 -4.43801 800 0.213425 -0.235674 27.9982 10.4174 -13 8265 1 0 1
0.381678 -1.66951 800 0.0437055 0.0793878 27.9999 10.4173 -13 8266 1 0 1
-4.64506 -12.7724 800 0.440857 -0.256291 27.9954 10.4177 -13 8267 1 0 1
10.751 2.37791 800 -0.0861703 0.502994 27.9953 10.4177 -13 8268 1 0 1
-6.41748 -5.83553 800 0.336195 -0.176276 27.9974 10.4175 -13 8269 1 0 1
17.4479 1.8831 800 -0.187282 0.573247 27.9935 10.4177 -13 8270 1 0 1
11.0709 0.403035 800 -0.0518044 0.377149 27.9974 10.4174 -13 8271 1 0 1
14.5328 1.37724 800 -0.097734 0.487732 27.9956 10.4175 -13 8272 1 0 1
-20.4416 -2.49495 800 0.233129 -0.76935 27.9885 10.4181 -13 8273 1 0 1
12.7437 5.4299 800 -0.214759 0.473217 27.9952 10.4176 -13 8274 1 0 1
6.72856 5.3525 800 -0.243877 0.134721 27.9986 10.4174 -13 8275 1 0 1
1.85818 -6.44626 800 0.210297 0.0107285 27.9992 10.4173 -13 8276 1 0 1
-5.40226 6.93018 800 -0.236756 -0.164497 27.9985 10.4174 -13 8277 1 0 1
-14.6659 -4.43213 800 0.236217 -0.455488 27.9953 10.4175 -13 8278 1 0 1
9.23294 -2.28108 800 -0.0179683 0.392825 27.9972 10.4175 -13 8279 1 0 1
5.79073 -2.35489 800 -0.0255544 0.24759 27.9989 10.4174 -13 8280 1 0 1
0.408641 -3.52886 800 -0.000154554 -0.0159043 28 10.4173 -13 8281 1 0 1
11.2254 2.33154 800 -0.171808 0.395808 27.9967 10.4175 -13 8282 1 0 1
-0.506747 3.52321 800 -0.186116 0.0847298 27.9993 10.4174 -13 8283 1 0 1
-0.59979 2.25058 800 -0.0828482 -0.0694079 27.9998 10.4173 -13 8284 1 0 1
-3.52302 0.486407 800 0.0678369 -0.0515033 27.9999 10.4173 -13 8285 1 0 1
-6.63723 -3.39867 800 0.246603 -0.230271 27.998 10.4174 -13 8286 1 0 1
-7.8362 4.88902 800 -0.17261 -0.27038 27.9982 10.4174 -13 8287 1 0 1
-4.49283 -2.51837 800 0.115055 -0.0886831 27.9996 10.4173 -13 8288 1 0 1
-9.01132 -1.92218 800 0.0818567 -0.34129 27.9978 10.4174 -13 8289 1 0 1
2.16849 -0.778498 800 0.0533325 0.0914823 27.9998 10.4173 -13 8290 1 0 1
2.63588 -2.58656 800 0.137784 0.0579137 27.9996 10.4173 -13 8291 1 0 1
-7.78183 -7.20612 800 0.295249 -0.20765 27.9977 10.4174 -13 8292 1 0 1
10.6067 2.43461 800 -0.10685 0.333966 27.9978 10.4174 -13 8293 1 0 1
-8.84262 -6.55599 800 0.192253 -0.288131 27.9979 10.4174 -13 8294 1 0 1
-1.10222 -0.496152 800 0.0192719 -0.0525801 27.9999 10.4173 -13 8295 1 0 1
10.3627 4.81654 800 -0.184528 0.427107 27.9961 10.4176 -13 8296 1 0 1
7.23052 -1.97226 800 -0.0210184 0.225228 27.9991 10.4173 -13 8297 1 0 1
-2.69528 1.37195 800 -0.0530869 -0.152112 27.9995 10.4173 -13 8298 1 0 1
5.25962 -2.26129 800 0.0233352 0.128838 27.9997 10.4173 -13 8299 1 0 1
-2.80093 -7.37353 800 0.263859 -0.0263552 27.9987 10.4173 -13 8300 1 0 1
-12.6075 -6.97145 800 0.325665 -0.434176 27.9947 10.4176 -13 8301 1 0 1
-3.92567 2.1167 800 -0.110186 -0.190249 27.9991 10.4173 -13 8302 1 0 1
-5.07619 -1.76236 800 0.0997653 -0.182513 27.9992 10.4173 -13 8303 1 0 1
-4.0905 -2.96884 800 0.061784 -0.151862 27.9995 10.4173 -13 8304 1 0 1
-11.4748 -1.30085 800 0.213287 -0.455402 27.9955 10.4176 -13 8305 1 0 1
-10.3121 0.5013 800 0.0123124 -0.284671 27.9986 10.4174 -13 8306 1 0 1
8.99495 -3.44905 800 0.129051 0.340315 27.9976 10.4174 -13 8307 1 0 1
16.6863 10.6995 800 -0.525913 0.47351 27.9911 10.4178 -13 8308 1 0 1
-2.59498 -2.61134 800 0.204026 -0.135185 27.9989 10.4174 -13 8309 1 0 1
11.9361 1.39843 800 -0.168893 0.342474 27.9974 10.4174 -13 8310 1 0 1
-3.91768 -2.43723 800 0.221571 -0.0819062 27.999 10.4174 -13 8311 1 0 1
4.50533 0.527886 800 -0.0654895 0.215414 27.9991 10.4173 -13 8312 1 0 1
1.6498 4.42276 800 -0.170316 0.0442702 27.9994 10.4173 -13 8313 1 0 1
-0.66981 -0.140618 800 0.00857925 0.0180898 28 10.4173 -13 8314 1 0 1
-10.0084 1.18168 800 0.0411911 -0.373822 27.9975 10.4174 -13 8315 1 0 1
8.00308 3.93107 800 -0.193842 0.305159 27.9977 10.4174 -13 8316 1 0 1
2.50012 -0.4844 800 0.0531096 0.00266763 27.9999 10.4173 -13 8317 1 0 1
4.28464 3.47454 800 -0.159995 0.17423 27.999 10.4173 -13 8318 1 0 1
-0.606978 0.351833 800 0.0711715 0.0695428 27.9998 10.4173 -13 8319 1 0 1
1.71115 -3.99792 800 0.125763 0.113569 27.9995 10.4173 -13 8320 1 0 1
6.38031 -2.92975 800 0.107962 0.232832 27.9988 10.4173 -13 8321 1 0 1
-4.69509 -1.55637 800 0.169931 -0.18845 27.9989 10.4174 -13 8322 1 0 1
-12.8955 -2.63296 800 0.220615 -0.494978 27.9948 10.4176 -13 8323 1 0 1
-22.1131 -5.32197 800 0.30154 -0.820046 27.9864 10.4182 -13 8324 1 0 1
-3.58492 -5.46646 800 0.254315 -0.160828 27.9984 10.4174 -13 8325 1 0 1
-0.682828 3.84073 800 -0.145484 -0.0157941 27.9996 10.4173 -13 8326 1 0 1
-10.7367 0.246971 800 0.0432226 -0.396115 27.9972 10.4174 -13 8327 1 0 1
-2.38227 0.73171 800 -0.00675883 -0.131236 27.9997 10.4173 -13 8328 1 0 1
-5.14268 2.11039 800 -0.0409877 -0.177546 27.9994 10.4173 -13 8329 1 0 1
-2.86687 -5.77811 800 0.1527 0.01852 27.9996 10.4173 -13 8330 1 0 1
7.46621 0.179523 800 -0.0399283 0.235514 27.999 10.4173 -13 8331 1 0 1
-1.31557 3.34598 800 -0.126704 -0.0438693 27.9997 10.4173 -13 8332 1 0 1
-4.78764 3.40686 800 -0.180045 -0.0449128 27.9994 10.4174 -13 8333 1 0 1
2.30835 -2.52442 800 0.087127 0.0908592 27.9997 10.4173 -13 8334 1 0 1
-19.1562 -0.0175363 800 0.0431525 -0.685312 27.9916 10.4178 -13 8335 1 0 1
28.7078 5.49795 800 -0.413499 1.01672 27.9785 10.4187 -13 8336 1 0 1
1.28815 2.6983 800 -0.099399 0.0233027 27.9998 10.4173 -13 8337 1 0 1
6.20144 1.90155 800 -0.0414643 0.157897 27.9995 10.4173 -13 8338 1 0 1
1.96149 3.22817 800 -0.15087 0.00570745 27.9996 10.4173 -13 8339 1 0 1
16.8766 -2.90227 800 0.0239532 0.540257 27.9948 10.4176 -13 8340 1 0 1
-10.1325 -4.44099 800 0.179697 -0.290335 27.9979 10.4174 -13 8341 1 0 1
13.1438 0.907597 800 -0.104676 0.446361 27.9962 10.4175 -13 8342 1 0 1
0.0343999 1.37904 800 -0.0461448 0.0357947 27.9999 10.4173 -13 8343 1 0 1
-4.0793 -4.76771 800 0.177798 -0.113446 27.9992 10.4173 -13 8344 1 0 1
-8.81452 -0.0636393 800 0.103811 -0.223567 27.9989 10.4174 -13 8345 1 0 1
-3.31134 -3.35062 800 0.180458 -0.0862036 27.9993 10.4173 -13 8346 1 0 1
4.94071 -0.0401404 800 -0.0868997 0.186369 27.9992 10.4173 -13 8347 1 0 1
18.1621 4.82381 800 -0.415743 0.591793 27.9907 10.418 -13 8348 1 0 1
-5.92682 -1.47108 800 0.0400976 -0.160822 27.9995 10.4173 -13 8349 1 0 1
3.13593 -4.65376 800 0.138195 0.0747575 27.9996 10.4173 -13 8350 1 0 1
11.3062 -0.695983 800 -0.0426686 0.34228 27.9979 10.4174 -13 8351 1 0 1
1.61211 1.23556 800 0.00783254 0.0637898 27.9999 10.4173 -13 8352 1 0 1
6.31358 1.69815 800 -0.0889859 0.181511 27.9993 10.4173 -13 8353 1 0 1
3.75495 -3.30617 800 0.0638962 0.0522987 27.9999 10.4173 -13 8354 1 0 1
16.3328 6.64077 800 -0.376917 0.530084 27.9924 10.4178 -13 8355 1 0 1
-12.6512 -10.0756 800 0.482192 -0.536412 27.9907 10.4181 -13 8356 1 0 1
-13.7043 -9.5903 800 0.543119 -0.500805 27.9903 10.4181 -13 8357 1 0 1
23.3606 6.50227 800 -0.311128 0.858923 27.9851 10.4183 -13 8358 1 0 1
-11.6419 -1.89174 800 0.119057 -0.469401 27.9958 10.4176 -13 8359 1 0 1
3.28919 -7.56057 800 0.239012 0.0585906 27.9989 10.4174 -13 8360 1 0 1
6.39808 1.66602 800 -0.0794897 0.163338 27.9994 10.4173 -13 8361 1 0 1
1.86228 3.80054 800 -0.0906758 0.0439489 27.9998 10.4173 -13 8362 1 0 1
-4.12025 7.24277 800 -0.305672 -0.0523218 27.9983 10.4175 -13 8363 1 0 1
2.71635 1.04376 800 -0.0925279 0.0415875 27.9998 10.4173 -13 8364 1 0 1
8.32386 6.86009 800 -0.265976 0.256295 27.9976 10.4174 -13 8365 1 0 1
10.331 0.0287879 800 -0.0740632 0.349228 27.9977 10.4174 -13 8366 1 0 1
5.63403 2.73051 800 -0.254147 0.24554 27.9978 10.4175 -13 8367 1 0 1
14.5085 7.32904 800 -0.322356 0.539691 27.9929 10.4178 -13 8368 1 0 1
-3.36854 -0.677404 800 -0.0426873 -0.191266 27.9993 10.4174 -13 8369 1 0 1
4.32527 -1.53948 800 0.00202135 0.0798399 27.9999 10.4173 -13 8370 1 0 1
-8.57243 -3.73468 800 0.231606 -0.268597 27.9978 10.4174 -13 8371 1 0 1
9.47014 3.24894 800 -0.216709 0.320863 27.9973 10.4174 -13 8372 1 0 1
0.566008 7.93006 800 -0.175445 0.0556506 27.9994 10.4174 -13 8373 1 0 1
3.74741 3.58567 800 -0.216968 0.105338 27.999 10.4174 -13 8374 1 0 1
6.80818 -1.22543 800 -0.0241906 0.224785 27.9991 10.4173 -13 8375 1 0 1
-3.23496 -0.373383 800 0.0745386 -0.122183 27.9996 10.4173 -13 8376 1 0 1
7.30315 1.6448 800 -0.0820875 0.299515 27.9983 10.4174 -13 8377 1 0 1
4.85884 3.90448 800 -0.0432285 0.149042 27.9996 10.4173 -13 8378 1 0 1
-5.58384 5.29469 800 -0.22626 -0.215292 27.9983 10.4174 -13 8379 1 0 1
-4.01697 2.40024 800 -0.0335664 -0.147243 27.9996 10.4173 -13 8380 1 0 1
-5.15864 -2.24812 800 0.137137 -0.13267 27.9993 10.4173 -13 8381 1 0 1
-4.11976 -5.1872 800 0.222508 -0.120302 27.9989 10.4173 -13 8382 1 0 1
-2.33185 -2.97086 800 0.0768836 -0.124701 27.9996 10.4173 -13 8383 1 0 1
0.0427231 2.09917 800 -0.0503705 -0.00520653 28 10.4173 -13 8384 1 0 1
5.34271 -0.714462 800 0.000984891 0.184292 27.9994 10.4173 -13 8385 1 0 1
-18.9685 -5.80047 800 0.291897 -0.690961 27.99 10.418 -13 8386 1 0 1
6.68359 -4.74217 800 0.109799 0.222697 27.9989 10.4173 -13 8387 1 0 1
-10.7682 -7.8343 800 0.371652 -0.360775 27.9952 10.4176 -13 8388 1 0 1
-5.34317 -3.92628 800 0.116419 -0.231068 27.9988 10.4174 -13 8389 1 0 1
-2.99947 -3.08202 800 0.158144 -0.118942 27.9993 10.4173 -13 8390 1 0 1
-20.103 -2.65006 800 0.1638 -0.674467 27.9914 10.4178 -13 8391 1 0 1
-2.48921 -2.81324 800 0.163129 -0.10228 27.9993 10.4173 -13 8392 1 0 1
-3.04841 -0.00230287 800 -0.053028 -0.114108 27.9997 10.4173 -13 8393 1 0 1
-11.43 0.889077 800 0.0383871 -0.419692 27.9968 10.4175 -13 8394 1 0 1
-7.34842 0.938205 800 -0.0188361 -0.303245 27.9984 10.4174 -13 8395 1 0 1
-2.07689 1.31232 800 -0.119623 -0.0706247 27.9997 10.4173 -13 8396 1 0 1
-6.55899 3.23298 800 -0.00730978 -0.297645 27.9984 10.4174 -13 8397 1 0 1
2.91531 -0.760823 800 0.0970189 0.173255 27.9993 10.4174 -13 8398 1 0 1
-5.87323 3.73713 800 -0.240896 -0.184653 27.9984 10.4175 -13 8399 1 0 1
-5.83034 -2.4101 800 0.10236 -0.248314 27.9987 10.4174 -13 8400 1 0 1
4.92082 2.91354 800 -0.213 0.112365 27.999 10.4174 -13 8401 1 0 1
16.5879 -1.68949 800 0.0299056 0.537068 27.9948 10.4176 -13 8402 1 0 1
12.2601 1.24067 800 -0.173758 0.355205 27.9972 10.4174 -13 8403 1 0 1
-14.2491 -7.26928 800 0.263676 -0.455411 27.9951 10.4176 -13 8404 1 0 1
1.68779 1.86811 800 -0.0485927 0.0162371 28 10.4173 -13 8405 1 0 1
7.82215 -2.40297 800 0.0306596 0.320981 27.9981 10.4174 -13 8406 1 0 1
23.1773 5.50705 800 -0.265077 0.757704 27.9885 10.418 -13 8407 1 0 1
3.45942 -1.28666 800 0.0270697 0.125695 27.9997 10.4173 -13 8408 1 0 1
-19.6769 -10.8503 800 0.415045 -0.737741 27.9872 10.4182 -13 8409 1 0 1
1.49086 6.05736 800 -0.294472 0.0301138 27.9984 10.4174 -13 8410 1 0 1
-6.42665 0.211991 800 0.037302 -0.213255 27.9992 10.4173 -13 8411 1 0 1
-6.10725 4.24212 800 -0.215559 -0.18206 27.9986 10.4174 -13 8412 1 0 1
-0.404337 1.94697 800 0.0129062 5.01317e-06 28 10.4173 -13 8413 1 0 1
8.10153 4.02925 800 -0.213551 0.280652 27.9978 10.4174 -13 8414 1 0 1
9.9263 5.54871 800 -0.310975 0.357916 27.996 10.4176 -13 8415 1 0 1
2.44668 4.49701 800 -0.302206 0.0571771 27.9983 10.4175 -13 8416 1 0 1
-16.6774 -0.536482 800 0.0704696 -0.53904 27.9947 10.4176 -13 8417 1 0 1
0.466637 4.3488 800 -0.188727 0.0622178 27.9993 10.4173 -13 8418 1 0 1
28.8014 6.26608 800 -0.431053 0.935069 27.9811 10.4185 -13 8419 1 0 1
3.35244 -0.175319 800 0.0295932 0.100638 27.9998 10.4173 -13 8420 1 0 1
-11.415 2.09502 800 -0.0682554 -0.377758 27.9974 10.4174 -13 8421 1 0 1
-0.387792 2.64726 800 -0.164474 0.119433 27.9993 10.4175 -13 8422 1 0 1
-4.96598 -0.604166 800 0.0668566 -0.221952 27.999 10.4173 -13 8423 1 0 1
6.53817 -2.79698 800 0.0615135 0.129016 27.9996 10.4173 -13 8424 1 0 1
-14.8106 -2.01088 800 0.146432 -0.48923 27.9953 10.4175 -13 8425 1 0 1
-21.0085 -2.81469 800 0.2162 -0.815496 27.9873 10.4182 -13 8426 1 0 1
7.09571 5.44029 800 -0.224179 0.21628 27.9983 10.4174 -13 8427 1 0 1
10.3156 2.94929 800 -0.0964448 0.463302 27.996 10.4176 -13 8428 1 0 1
7.40892 2.57956 800 -0.180165 0.255485 27.9983 10.4174 -13 8429 1 0 1
-6.04774 1.39051 800 -0.0311837 -0.18089 27.9994 10.4173 -13 8430 1 0 1
-4.00243 1.07079 800 -0.0347428 -0.063407 27.9999 10.4173 -13 8431 1 0 1
-6.62389 -0.712787 800 0.0352868 -0.245107 27.9989 10.4173 -13 8432 1 0 1
4.37633 -4.91326 800 0.117495 0.1271 27.9995 10.4173 -13 8433 1 0 1
-17.9115 0.761362 800 -0.0867068 -0.559459 27.9943 10.4178 -13 8434 1 0 1
-12.1834 1.56507 800 0.104722 -0.386096 27.9971 10.4175 -13 8435 1 0 1
6.29664 -2.05227 800 0.054566 0.121727 27.9997 10.4173 -13 8436 1 0 1
-7.37577 -2.43899 800 0.114864 -0.234881 27.9988 10.4173 -13 8437 1 0 1
7.43203 9.04818 800 -0.348488 0.299339 27.9962 10.4176 -13 8438 1 0 1
-0.37456 2.41679 800 -0.129909 -0.0169243 27.9997 10.4173 -13 8439 1 0 1
-2.52256 0.0453463 800 0.0658559 -0.197955 27.9992 10.4174 -13 8440 1 0 1
-10.1948 -0.097094 800 0.102239 -0.424558 27.9966 10.4175 -13 8441 1 0 1
3.11976 -1.02074 800 0.0741643 0.198076 27.9992 10.4174 -13 8442 1 0 1
-5.39826 -0.509731 800 0.0719951 -0.181443 27.9993 10.4173 -13 8443 1 0 1
4.68571 4.53237 800 -0.192465 0.114914 27.9991 10.4173 -13 8444 1 0 1
-13.2046 -3.45229 800 0.256067 -0.477293 27.9948 10.4176 -13 8445 1 0 1
8.3012 1.85935 800 -0.194938 0.296828 27.9977 10.4174 -13 8446 1 0 1
-4.05087 -3.16533 800 0.177254 -0.119254 27.9992 10.4173 -13 8447 1 0 1
12.0545 5.33676 800 -0.251212 0.438636 27.9954 10.4176 -13 8448 1 0 1
2.2871 5.20598 800 -0.163341 0.0800771 27.9994 10.4173 -13 8449 1 0 1
6.01093 2.63786 800 -0.235236 0.172717 27.9985 10.4174 -13 8450 1 0 1
-1.10268 0.66932 800 -0.11766 -0.118821 27.9995 10.4174 -13 8451 1 0 1
-17.9329 -3.23494 800 0.194393 -0.745591 27.9894 10.4181 -13 8452 1 0 1
-5.22339 4.46589 800 -0.207874 -0.245961 27.9981 10.4174 -13 8453 1 0 1
0.781942 0.909117 800 0.0445461 -0.0168578 28 10.4173 -13 8454 1 0 1
14.5243 2.11019 800 -0.13334 0.49304 27.9953 10.4176 -13 8455 1 0 1
-3.70978 0.235114 800 0.0925121 -0.155451 27.9994 10.4173 -13 8456 1 0 1
-0.302613 3.36382 800 -0.184661 -0.0705792 27.9993 10.4173 -13 8457 1 0 1
14.2578 0.339884 800 -0.107872 0.493153 27.9954 10.4175 -13 8458 1 0 1
8.00487 -2.74806 800 0.140759 0.223938 27.9988 10.4174 -13 8459 1 0 1
12.4257 9.50419 800 -0.386693 0.470379 27.9934 10.4178 -13 8460 1 0 1
-11.2446 -0.391733 800 0.131076 -0.395734 27.9969 10.4175 -13 8461 1 0 1
-6.98811 -2.85368 800 0.155488 -0.214374 27.9987 10.4173 -13 8462 1 0 1
4.66123 5.19189 800 -0.11673 0.165284 27.9993 10.4173 -13 8463 1 0 1
-11.9663 -5.72908 800 0.231093 -0.42009 27.9959 10.4175 -13 8464 1 0 1
1.95584 -3.39964 800 0.0629095 0.0423389 27.9999 10.4173 -13 8465 1 0 1
-4.02482 4.22398 800 -0.120006 -0.109724 27.9995 10.4173 -13 8466 1 0 1
2.95027 -2.20326 800 0.0551756 0.0476493 27.9999 10.4173 -13 8467 1 0 1
9.74027 -5.1461 800 0.10144 0.360615 27.9975 10.4174 -13 8468 1 0 1
-20.3582 -5.89695 800 0.347515 -0.808097 27.9862 10.4183 -13 8469 1 0 1
-9.88105 -4.58107 800 0.275585 -0.415087 27.9956 10.4176 -13 8470 1 0 1
8.13994 2.00314 800 -0.172415 0.335056 27.9975 10.4175 -13 8471 1 0 1
-11.7312 -5.56041 800 0.383035 -0.432935 27.994 10.4178 -13 8472 1 0 1
-1.09375 -3.90885 800 0.0775068 -0.0636317 27.9998 10.4173 -13 8473 1 0 1
-0.534942 -2.91281 800 0.179485 0.0105211 27.9994 10.4173 -13 8474 1 0 1
0.229493 2.24597 800 -0.217278 0.0166706 27.9992 10.4174 -13 8475 1 0 1
4.19757 -0.374432 800 -0.0945617 0.162563 27.9994 10.4173 -13 8476 1 0 1
4.28967 4.59658 800 -0.214576 0.237704 27.9982 10.4175 -13 8477 1 0 1
8.36706 0.478431 800 -0.0409823 0.414812 27.9969 10.4176 -13 8478 1 0 1
-2.65728 0.873749 800 0.0567605 -0.0554809 27.9999 10.4173 -13 8479 1 0 1
16.6676 3.684 800 -0.313687 0.54528 27.9929 10.4177 -13 8480 1 0 1
4.62315 3.90617 800 -0.22543 0.16849 27.9986 10.4174 -13 8481 1 0 1
-0.960126 -0.483075 800 -0.0396942 -0.116735 27.9997 10.4173 -13 8482 1 0 1
-7.24675 2.3322 800 -0.0752218 -0.260035 27.9987 10.4173 -13 8483 1 0 1
8.95381 3.65956 800 -0.203329 0.362492 27.9969 10.4175 -13 8484 1 0 1
7.36392 -4.65519 800 0.193204 0.232351 27.9984 10.4174 -13 8485 1 0 1
4.22417 3.16269 800 -0.113109 0.143992 27.9994 10.4173 -13 8486 1 0 1
-9.21166 -9.91728 800 0.456542 -0.3093 27.9946 10.4177 -13 8487 1 0 1
8.29349 11.3727 800 -0.408326 0.244223 27.996 10.4175 -13 8488 1 0 1
3.29955 5.42249 800 -0.218899 0.284303 27.9977 10.4176 -13 8489 1 0 1
-11.1267 -6.20104 800 0.226418 -0.26866 27.9978 10.4174 -13 8490 1 0 1
-0.890267 3.69324 800 -0.0581127 0.045802 27.9999 10.4173 -13 8491 1 0 1
-10.1654 -1.01321 800 0.134443 -0.293239 27.9981 10.4174 -13 8492 1 0 1
-12.1373 -1.20482 800 0.0611165 -0.376187 27.9974 10.4174 -13 8493 1 0 1
8.34922 3.2864 800 -0.14751 0.311776 27.9979 10.4174 -13 8494 1 0 1
-0.105702 4.17926 800 -0.145661 0.00706499 27.9996 10.4173 -13 8495 1 0 1
13.2434 4.79508 800 -0.147713 0.520336 27.9948 10.4177 -13 8496 1 0 1
-14.5307 -2.13646 800 0.1129 -0.512344 27.9951 10.4176 -13 8497 1 0 1
-11.1874 1.3329 800 -0.00355797 -0.375059 27.9975 10.4174 -13 8498 1 0 1
-9.10886 -1.43365 800 0.175885 -0.305071 27.9978 10.4174 -13 8499 1 0 1
-2.33169 4.43442 800 -0.174743 -0.0159506 27.9995 10.4173 -13 8500 1 0 1
-0.0852051 3.08794 800 -0.0370683 -0.0530732 27.9999 10.4173 -13 8501 1 0 1
7.71657 4.29625 800 -0.246178 0.283102 27.9975 10.4175 -13 8502 1 0 1
-4.39587 -0.617742 800 3.47967e-05 -0.119457 27.9997 10.4173 -13 8503 1 0 1
-1.3425 -3.35455 800 0.107709 0.0628475 27.9997 10.4173 -13 8504 1 0 1
-2.2466 0.578747 800 -0.0767031 -0.185301 27.9993 10.4174 -13 8505 1 0 1
-8.13522 5.77739 800 -0.271992 -0.288939 27.9972 10.4175 -13 8506 1 0 1
17.8869 6.9182 800 -0.494668 0.594127 27.9893 10.4181 -13 8507 1 0 1
0.610961 4.53917 800 -0.22831 -0.109882 27.9989 10.4174 -13 8508 1 0 1
-19.7757 -5.06858 800 0.23846 -0.72071 27.9897 10.418 -13 8509 1 0 1
9.51476 5.91277 800 -0.368953 0.247453 27.9965 10.4176 -13 8510 1 0 1
-6.42733 -0.580391 800 0.0369999 -0.231166 27.999 10.4173 -13 8511 1 0 1
-7.09055 1.76527 800 -0.0222833 -0.326519 27.9981 10.4174 -13 8512 1 0 1
9.47062 8.3695 800 -0.37278 0.311691 27.9958 10.4175 -13 8513 1 0 1
2.69811 -1.28746 800 -0.0196979 0.100691 27.9998 10.4173 -13 8514 1 0 1
-7.43312 -2.43916 800 0.173446 -0.373842 27.997 10.4176 -13 8515 1 0 1
-2.93594 -2.93479 800 0.119202 -0.167115 27.9992 10.4173 -13 8516 1 0 1
9.18558 0.773738 800 -0.131193 0.345005 27.9976 10.4174 -13 8517 1 0 1
-13.3137 -2.0208 800 0.117489 -0.500263 27.9953 10.4176 -13 8518 1 0 1
10.4197 -0.384784 800 -0.0264407 0.384241 27.9974 10.4174 -13 8519 1 0 1
10.9927 2.60971 800 -0.194907 0.265679 27.9981 10.4174 -13 8520 1 0 1
-18.6316 -5.51501 800 0.311379 -0.650286 27.9907 10.4179 -13 8521 1 0 1
6.5474 2.71183 800 -0.210871 0.251421 27.9981 10.4174 -13 8522 1 0 1
-6.34214 -1.61777 800 0.105708 -0.35752 27.9975 10.4176 -13 8523 1 0 1
3.26131 0.631384 800 -0.0329826 -0.0110571 28 10.4173 -13 8524 1 0 1
3.86702 -0.61724 800 -0.0341521 0.172303 27.9994 10.4173 -13 8525 1 0 1
16.8962 5.55443 800 -0.252623 0.52504 27.9939 10.4176 -13 8526 1 0 1
4.60153 -6.34987 800 0.233709 0.179235 27.9985 10.4174 -13 8527 1 0 1
-1.83409 0.150509 800 -0.0634102 -0.113164 27.9997 10.4173 -13 8528 1 0 1
10.5547 -3.15334 800 0.108097 0.313642 27.998 10.4174 -13 8529 1 0 1
16.2884 -2.62792 800 0.0688091 0.555662 27.9944 10.4176 -13 8530 1 0 1
6.16252 2.55714 800 -0.134377 0.175377 27.9991 10.4173 -13 8531 1 0 1
-2.9506 8.05833 800 -0.264377 -0.116209 27.9985 10.4174 -13 8532 1 0 1
-14.1433 0.38733 800 0.0600373 -0.443648 27.9964 10.4175 -13 8533 1 0 1
8.26567 0.365611 800 0.00345635 0.210562 27.9992 10.4173 -13 8534 1 0 1
-7.57459 -1.57184 800 0.0763568 -0.301609 27.9983 10.4174 -13 8535 1 0 1
9.85859 1.6783 800 -0.156641 0.242697 27.9985 10.4174 -13 8536 1 0 1
12.4641 2.67956 800 -0.228936 0.540219 27.9939 10.4178 -13 8537 1 0 1
-2.06114 -1.77286 800 0.0956407 0.0341619 27.9998 10.4173 -13 8538 1 0 1
6.5353 -4.56175 800 0.103811 0.134796 27.9995 10.4173 -13 8539 1 0 1
-11.332 2.71667 800 -0.056931 -0.362082 27.9976 10.4174 -13 8540 1 0 1
9.20025 -4.50367 800 0.0831507 0.309304 27.9982 10.4174 -13 8541 1 0 1
-5.73476 -1.50013 800 0.0105634 -0.162386 27.9995 10.4173 -13 8542 1 0 1
9.63445 4.66588 800 -0.232454 0.318466 27.9972 10.4174 -13 8543 1 0 1
0.178341 -0.0568575 800 -0.0599728 -0.0225367 27.9999 10.4173 -13 8544 1 0 1
-12.9099 -4.80855 800 0.301972 -0.42476 27.9951 10.4176 -13 8545 1 0 1
-12.929 -6.77935 800 0.392964 -0.407583 27.9943 10.4177 -13 8546 1 0 1
-9.50284 1.55599 800 0.0178728 -0.297685 27.9984 10.4174 -13 8547 1 0 1
-12.5436 -1.01416 800 0.127277 -0.470317 27.9958 10.4175 -13 8548 1 0 1
23.2796 5.87961 800 -0.309247 0.724696 27.9889 10.4179 -13 8549 1 0 1
10.7271 2.12458 800 -0.0114134 0.413923 27.9969 10.4176 -13 8550 1 0 1
-21.3239 -9.81374 800 0.467586 -0.69283 27.9875 10.4181 -13 8551 1 0 1
16.887 5.60408 800 -0.308311 0.614761 27.9916 10.4178 -13 8552 1 0 1
-16.1595 -12.8899 800 0.596057 -0.502316 27.9891 10.418 -13 8553 1 0 1
6.3585 2.66714 800 -0.205633 0.239531 27.9982 10.4174 -13 8554 1 0 1
2.53311 -2.64218 800 0.0456091 0.158854 27.9995 10.4173 -13 8555 1 0 1
10.0358 6.05051 800 -0.294319 0.333936 27.9965 10.4175 -13 8556 1 0 1
-3.71764 -4.64016 800 0.278124 -0.171399 27.9981 10.4175 -13 8557 1 0 1
-14.6725 -4.13624 800 0.267892 -0.416392 27.9956 10.4175 -13 8558 1 0 1
-14.3445 -0.882565 800 0.0737625 -0.59362 27.9936 10.4178 -13 8559 1 0 1
13.4742 4.9647 800 -0.2294 0.463341 27.9952 10.4176 -13 8560 1 0 1
-9.08523 -1.67566 800 0.172477 -0.215799 27.9986 10.4174 -13 8561 1 0 1
-2.81764 -1.8524 800 0.0276548 -0.126065 27.9997 10.4173 -13 8562 1 0 1
-5.47349 -1.56441 800 0.154326 -0.171023 27.9991 10.4173 -13 8563 1 0 1
-8.28967 -3.51409 800 0.115399 -0.32031 27.9979 10.4174 -13 8564 1 0 1
-25.0675 -7.86329 800 0.396717 -0.87203 27.9836 10.4183 -13 8565 1 0 1
9.57147 -3.34702 800 0.0373741 0.369751 27.9975 10.4174 -13 8566 1 0 1
-15.4437 -0.996394 800 0.0446978 -0.503687 27.9954 10.4176 -13 8567 1 0 1
7.78825 1.48153 800 -0.180642 0.257789 27.9982 10.4174 -13 8568 1 0 1
8.48919 -0.954821 800 -0.0251672 0.331207 27.998 10.4174 -13 8569 1 0 1
10.0223 7.00964 800 -0.295073 0.310569 27.9967 10.4175 -13 8570 1 0 1
8.28324 4.74022 800 -0.221832 0.262244 27.9979 10.4174 -13 8571 1 0 1
-3.93671 -1.94628 800 0.152561 -0.196326 27.9989 10.4174 -13 8572 1 0 1
12.6999 0.361556 800 -0.193262 0.290224 27.9978 10.4175 -13 8573 1 0 1
-0.0662046 1.61219 800 -0.113658 -0.0657587 27.9997 10.4173 -13 8574 1 0 1
-1.63289 0.897785 800 -0.0772246 -0.031475 27.9999 10.4173 -13 8575 1 0 1
-1.08405 -2.25945 800 0.0497128 -0.0126821 28 10.4173 -13 8576 1 0 1
4.30589 -2.13194 800 0.0531478 0.167007 27.9995 10.4173 -13 8577 1 0 1
9.03172 5.05583 800 -0.276577 0.29013 27.9971 10.4175 -13 8578 1 0 1
-0.683434 -1.36311 800 0.162676 -0.14783 27.9991 10.4175 -13 8579 1 0 1
-6.71918 1.14623 800 -0.0484099 -0.280215 27.9986 10.4174 -13 8580 1 0 1
17.0703 3.06283 800 -0.148915 0.678093 27.9914 10.4179 -13 8581 1 0 1
-11.3689 -0.712696 800 0.101202 -0.320464 27.998 10.4174 -13 8582 1 0 1
12.392 -1.57035 800 0.00328023 0.410033 27.997 10.4174 -13 8583 1 0 1
-14.1131 -2.67501 800 0.250199 -0.486001 27.9947 10.4176 -13 8584 1 0 1
1.47966 1.34546 800 -0.0896531 0.0771983 27.9998 10.4173 -13 8585 1 0 1
-0.0784624 1.23773 800 -0.0474914 0.0138565 28 10.4173 -13 8586 1 0 1
8.61777 2.5874 800 -0.155283 0.380651 27.997 10.4175 -13 8587 1 0 1
2.05725 -2.86434 800 0.00120777 0.0262565 28 10.4173 -13 8588 1 0 1
-26.5615 -10.2045 800 0.493286 -0.950758 27.9795 10.4187 -13 8589 1 0 1
10.6981 3.61352 800 -0.215206 0.324791 27.9973 10.4174 -13 8590 1 0 1
3.88952 3.37621 800 -0.202748 0.191641 27.9986 10.4174 -13 8591 1 0 1
2.70436 2.58557 800 -0.109063 0.157918 27.9993 10.4173 -13 8592 1 0 1
4.86925 6.06176 800 -0.235596 0.158724 27.9986 10.4174 -13 8593 1 0 1
13.3349 -0.420121 800 -0.107545 0.457649 27.9961 10.4175 -13 8594 1 0 1
-5.98888 -3.38227 800 0.152496 -0.236183 27.9986 10.4174 -13 8595 1 0 1
-4.21163 -1.01042 800 0.136912 -0.118397 27.9994 10.4173 -13 8596 1 0 1
16.3675 -2.71945 800 -0.0280919 0.609397 27.9934 10.4177 -13 8597 1 0 1
1.7437 -0.167762 800 -0.122414 0.0242227 27.9997 10.4173 -13 8598 1 0 1
4.72101 0.182187 800 -0.116261 0.0612874 27.9997 10.4173 -13 8599 1 0 1
-4.68558 2.02758 800 -0.0273563 -0.149517 27.9996 10.4173 -13 8600 1 0 1
22.2588 7.38836 800 -0.499219 0.701663 27.9868 10.4182 -13 8601 1 0 1
-0.986118 -9.42898 800 0.40604 -0.000252411 27.9971 10.4175 -13 8602 1 0 1
-3.34563 -5.59141 800 0.301343 -0.19818 27.9977 10.4175 -13 8603 1 0 1
17.3747 4.76046 800 -0.237165 0.568851 27.9932 10.4177 -13 8604 1 0 1
-11.9546 -4.34347 800 0.171391 -0.426333 27.9962 10.4175 -13 8605 1 0 1
3.07234 3.71563 800 -0.150649 0.0711158 27.9995 10.4173 -13 8606 1 0 1
4.34486 -0.758552 800 0.0748665 0.162614 27.9994 10.4173 -13 8607 1 0 1
21.931 10.5873 800 -0.613044 0.79044 27.9821 10.4186 -13 8608 1 0 1
10.1426 11.7839 800 -0.551622 0.442192 27.9911 10.4181 -13 8609 1 0 1
-7.55033 -3.48879 800 0.239615 -0.23787 27.998 10.4174 -13 8610 1 0 1
12.6962 0.497889 800 -0.0931342 0.375367 27.9973 10.4174 -13 8611 1 0 1
20.2294 7.38751 800 -0.41821 0.700434 27.9881 10.4181 -13 8612 1 0 1
15.3651 4.67338 800 -0.273016 0.600884 27.9922 10.4178 -13 8613 1 0 1
3.55668 1.10455 800 -0.0218211 0.124291 27.9997 10.4173 -13 8614 1 0 1
13.089 4.56759 800 -0.219852 0.435249 27.9958 10.4175 -13 8615 1 0 1
-2.06456 7.53665 800 -0.239197 -0.0577367 27.9989 10.4173 -13 8616 1 0 1
-0.50984 -6.20534 800 0.213636 0.0377672 27.9992 10.4173 -13 8617 1 0 1
5.39682 -2.06616 800 -0.00390074 0.197487 27.9993 10.4173 -13 8618 1 0 1
-6.38607 -2.22894 800 0.101299 -0.149387 27.9994 10.4173 -13 8619 1 0 1
-13.047 -1.98788 800 0.0712952 -0.417402 27.9968 10.4175 -13 8620 1 0 1
-4.62858 0.552806 800 0.0469195 -0.186441 27.9993 10.4173 -13 8621 1 0 1
-7.40171 6.13915 800 -0.124137 -0.236168 27.9987 10.4173 -13 8622 1 0 1
-16.1485 1.63061 800 -0.0253069 -0.562174 27.9943 10.4176 -13 8623 1 0 1
10.9857 6.82224 800 -0.355575 0.352128 27.9955 10.4176 -13 8624 1 0 1
-1.58981 6.1872 800 -0.196466 -0.0299472 27.9993 10.4173 -13 8625 1 0 1
2.02906 -3.10472 800 0.13143 0.146483 27.9993 10.4173 -13 8626 1 0 1
2.59428 -7.65277 800 0.445548 0.0514247 27.9964 10.4178 -13 8627 1 0 1
-5.02985 -7.20564 800 0.380426 -0.260529 27.9962 10.4177 -13 8628 1 0 1
8.67378 -0.329985 800 -0.107505 0.304583 27.9981 10.4174 -13 8629 1 0 1
6.11836 1.61252 800 -0.109741 0.240769 27.9987 10.4174 -13 8630 1 0 1
21.6578 7.78743 800 -0.40564 0.713743 27.988 10.418 -13 8631 1 0 1
-8.99841 0.643293 800 0.0550369 -0.206607 27.9992 10.4173 -13 8632 1 0 1
10.4424 -2.84433 800 0.0286048 0.309545 27.9983 10.4174 -13 8633 1 0 1
-8.1311 -2.30547 800 0.140752 -0.287218 27.9982 10.4174 -13 8634 1 0 1
-7.3312 -2.67938 800 0.068504 -0.196454 27.9992 10.4173 -13 8635 1 0 1
-7.43306 -0.155762 800 0.0546808 -0.229329 27.999 10.4173 -13 8636 1 0 1
2.44111 0.511587 800 -0.0506157 0.0322129 27.9999 10.4173 -13 8637 1 0 1
-12.1877 -3.73572 800 0.118071 -0.431736 27.9964 10.4175 -13 8638 1 0 1
8.3932 0.901948 800 -0.0521435 0.259309 27.9988 10.4173 -13 8639 1 0 1
-1.93076 0.185786 800 -0.0293897 -0.075006 27.9999 10.4173 -13 8640 1 0 1
21.1244 4.67131 800 -0.244378 0.746412 27.989 10.418 -13 8641 1 0 1
9.38588 3.61329 800 -0.163844 0.260373 27.9983 10.4174 -13 8642 1 0 1
8.6661 1.8124 800 -0.160293 0.282614 27.9981 10.4174 -13 8643 1 0 1
2.64352 -0.613315 800 0.0538118 0.0239562 27.9999 10.4173 -13 8644 1 0 1
2.69626 3.3951 800 -0.223282 0.0837265 27.999 10.4174 -13 8645 1 0 1
-2.76696 -4.05299 800 0.150667 -0.0318013 27.9996 10.4173 -13 8646 1 0 1
-20.0747 -5.8729 800 0.23664 -0.68336 27.9907 10.4179 -13 8647 1 0 1
-1.87799 -3.81277 800 0.231103 -0.00783216 27.999 10.4174 -13 8648 1 0 1
4.48822 5.08026 800 -0.185207 0.0960095 27.9992 10.4173 -13 8649 1 0 1
-16.47 -3.48643 800 0.224079 -0.502443 27.9946 10.4176 -13 8650 1 0 1
13.4631 5.56877 800 -0.280415 0.520344 27.9938 10.4177 -13 8651 1 0 1
1.30201 -2.39481 800 -0.0213667 -0.0155153 28 10.4173 -13 8652 1 0 1
-8.62394 -0.192854 800 0.061788 -0.310293 27.9982 10.4174 -13 8653 1 0 1
-15.6546 -5.21449 800 0.326943 -0.416243 27.995 10.4176 -13 8654 1 0 1
1.5666 1.36008 800 -0.0797025 -0.00703212 27.9999 10.4173 -13 8655 1 0 1
-2.96095 1.78375 800 -0.0270096 -0.149094 27.9996 10.4173 -13 8656 1 0 1
-8.59844 -5.85192 800 0.213087 -0.252801 27.998 10.4174 -13 8657 1 0 1
1.66281 3.42526 800 -0.105493 0.106117 27.9996 10.4173 -13 8658 1 0 1
-8.42065 -1.25639 800 0.0798008 -0.186676 27.9993 10.4173 -13 8659 1 0 1
4.27729 0.165825 800 -0.128518 0.0809769 27.9996 10.4173 -13 8660 1 0 1
-17.5909 -5.7573 800 0.294253 -0.588153 27.9923 10.4178 -13 8661 1 0 1
-14.2511 -4.50409 800 0.209666 -0.430472 27.9959 10.4175 -13 8662 1 0 1
0.0217797 0.523845 800 0.00555788 0.0437874 28 10.4173 -13 8663 1 0 1
-15.6367 -1.63347 800 0.192882 -0.566802 27.9936 10.4177 -13 8664 1 0 1
6.69989 -3.86487 800 0.0842181 0.210741 27.9991 10.4173 -13 8665 1 0 1
11.8123 2.88543 800 -0.191959 0.40391 27.9964 10.4175 -13 8666 1 0 1
4.10729 -1.41285 800 0.04119 0.118882 27.9997 10.4173 -13 8667 1 0 1
2.622 -3.58807 800 0.190417 0.07519 27.9993 10.4174 -13 8668 1 0 1
-1.63334 1.92499 800 -0.0986509 -0.0876737 27.9997 10.4173 -13 8669 1 0 1
-3.36686 -2.1162 800 0.0441603 -0.176318 27.9994 10.4173 -13 8670 1 0 1
-3.46432 0.634894 800 0.0598907 -0.107698 27.9997 10.4173 -13 8671 1 0 1
4.76287 3.15253 800 -0.193119 0.0511772 27.9993 10.4174 -13 8672 1 0 1
0.0543657 -6.65753 800 0.22265 -0.0416815 27.9991 10.4173 -13 8673 1 0 1
-12.4071 -2.3842 800 0.156155 -0.471941 27.9956 10.4176 -13 8674 1 0 1
5.96946 -2.4769 800 0.0406789 0.34682 27.9978 10.4175 -13 8675 1 0 1
-17.0927 4.63738 800 -0.122664 -0.645217 27.9923 10.4178 -13 8676 1 0 1
4.64655 1.01564 800 -0.170712 0.220747 27.9986 10.4174 -13 8677 1 0 1
16.0153 6.16764 800 -0.334726 0.549754 27.9926 10.4178 -13 8678 1 0 1
0.666172 0.733238 800 -0.0915604 0.0400078 27.9998 10.4173 -13 8679 1 0 1
-9.69055 -3.56942 800 0.213215 -0.293774 27.9976 10.4174 -13 8680 1 0 1
0.0829535 -0.155804 800 0.0302623 -0.0623002 27.9999 10.4173 -13 8681 1 0 1
-10.6963 -4.54263 800 0.190286 -0.396255 27.9965 10.4175 -13 8682 1 0 1
14.4692 1.67336 800 -0.146231 0.474717 27.9956 10.4175 -13 8683 1 0 1
-1.69591 0.50182 800 0.0578601 0.0465465 27.9999 10.4173 -13 8684 1 0 1
6.68869 -3.10545 800 0.129414 0.219111 27.9988 10.4174 -13 8685 1 0 1
13.8054 8.38612 800 -0.461516 0.452766 27.9925 10.4178 -13 8686 1 0 1
-3.90916 -2.45703 800 0.0965897 -0.0317683 27.9998 10.4173 -13 8687 1 0 1
-2.95372 -1.67146 800 0.0708528 -0.0189785 27.9999 10.4173 -13 8688 1 0 1
-4.82381 8.70656 800 -0.309559 -0.235993 27.9973 10.4174 -13 8689 1 0 1
3.68611 2.56463 800 -0.159659 0.0592162 27.9995 10.4173 -13 8690 1 0 1
3.8394 4.84073 800 -0.246734 0.0983851 27.9987 10.4174 -13 8691 1 0 1
-15.9962 -4.31474 800 0.282105 -0.598871 27.9922 10.4178 -13 8692 1 0 1
19.167 9.72413 800 -0.416861 0.647832 27.9894 10.418 -13 8693 1 0 1
-3.40703 -0.642287 800 0.157008 -0.0752716 27.9995 10.4174 -13 8694 1 0 1
4.76195 -0.649985 800 0.0471537 0.137561 27.9996 10.4173 -13 8695 1 0 1
-5.90377 -6.87098 800 0.369625 -0.225239 27.9967 10.4176 -13 8696 1 0 1
9.86168 6.22095 800 -0.299186 0.437719 27.995 10.4177 -13 8697 1 0 1
-4.13286 1.39512 800 -0.0032817 -0.0891704 27.9999 10.4173 -13 8698 1 0 1
16.8473 12.2745 800 -0.551472 0.662316 27.9867 10.4183 -13 8699 1 0 1
5.17511 -0.648372 800 0.00886069 0.181396 27.9994 10.4173 -13 8700 1 0 1
-2.05614 0.886184 800 0.0165383 -0.00327646 28 10.4173 -13 8701 1 0 1
3.06706 0.817782 800 -0.0425324 0.175149 27.9994 10.4173 -13 8702 1 0 1
3.25774 -5.81989 800 0.130857 0.0372187 27.9997 10.4173 -13 8703 1 0 1
14.8357 7.65919 800 -0.30718 0.510262 27.9937 10.4177 -13 8704 1 0 1
1.28074 -3.8301 800 0.12325 0.031801 27.9997 10.4173 -13 8705 1 0 1
3.20513 2.929 800 -0.079732 0.0768607 27.9998 10.4173 -13 8706 1 0 1
-5.64837 1.47985 800 -0.0829704 -0.206692 27.9991 10.4173 -13 8707 1 0 1
-4.66662 1.78558 800 -0.074368 -0.100586 27.9997 10.4173 -13 8708 1 0 1
4.77533 2.39964 800 -0.170219 0.145672 27.9991 10.4173 -13 8709 1 0 1
13.0865 -1.15194 800 -0.0256385 0.487225 27.9957 10.4175 -13 8710 1 0 1
12.5037 3.82371 800 -0.171938 0.520479 27.9946 10.4177 -13 8711 1 0 1
9.96286 2.98173 800 -0.181799 0.317726 27.9976 10.4174 -13 8712 1 0 1
-0.794179 -1.83444 800 0.151408 0.107914 27.9994 10.4174 -13 8713 1 0 1
13.7711 2.86263 800 -0.229895 0.484314 27.9949 10.4176 -13 8714 1 0 1
-5.35412 5.39567 800 -0.163028 -0.250869 27.9984 10.4174 -13 8715 1 0 1
3.45498 -2.04493 800 -0.014641 0.110139 27.9998 10.4173 -13 8716 1 0 1
18.0816 7.42198 800 -0.385939 0.630335 27.9902 10.4179 -13 8717 1 0 1
19.0502 4.19931 800 -0.342622 0.678174 27.9897 10.418 -13 8718 1 0 1
1.41429 -3.66708 800 0.183554 -0.0189125 27.9994 10.4174 -13 8719 1 0 1
3.71276 -2.50523 800 0.0610434 0.224926 27.999 10.4174 -13 8720 1 0 1
-8.93881 -5.73418 800 0.430633 -0.288466 27.9952 10.4178 -13 8721 1 0 1
2.17204 -5.79008 800 0.163029 0.0569159 27.9995 10.4173 -13 8722 1 0 1
5.26191 8.27928 800 -0.359506 0.26456 27.9964 10.4176 -13 8723 1 0 1
5.50881 6.98209 800 -0.322251 0.152482 27.9977 10.4174 -13 8724 1 0 1
4.08632 -1.80152 800 0.0123192 0.107385 27.9998 10.4173 -13 8725 1 0 1
-9.96815 -5.86274 800 0.301559 -0.310012 27.9967 10.4175 -13 8726 1 0 1
-1.31621 -3.82757 800 0.197343 -0.0511703 27.9993 10.4173 -13 8727 1 0 1
-22.8077 -4.21917 800 0.311422 -0.718255 27.9891 10.4179 -13 8728 1 0 1
-23.9496 -7.68168 800 0.458546 -0.804614 27.9847 10.4183 -13 8729 1 0 1
3.81682 2.37928 800 -0.0773654 0.170129 27.9994 10.4173 -13 8730 1 0 1
-2.73727 -4.05017 800 0.0702027 -0.150249 27.9995 10.4174 -13 8731 1 0 1
-3.4019 1.48375 800 -0.0134932 -0.130677 27.9997 10.4173 -13 8732 1 0 1
-10.0856 -3.01885 800 0.168501 -0.270246 27.9982 10.4174 -13 8733 1 0 1
-10.1768 -3.37812 800 0.295811 -0.24375 27.9974 10.4175 -13 8734 1 0 1
-1.94551 0.345575 800 0.0677602 -0.010013 27.9999 10.4173 -13 8735 1 0 1
-16.0604 -8.09692 800 0.407912 -0.533665 27.9919 10.4178 -13 8736 1 0 1
-13.2769 -1.40627 800 0.132474 -0.388719 27.997 10.4174 -13 8737 1 0 1
1.24272 2.05702 800 0.0146321 0.0218076 28 10.4173 -13 8738 1 0 1
-8.4739 -3.36253 800 0.0680768 -0.361258 27.9976 10.4175 -13 8739 1 0 1
15.4876 9.24634 800 -0.452409 0.623787 27.9894 10.4181 -13 8740 1 0 1
11.4215 -0.661276 800 -0.0660854 0.258216 27.9987 10.4174 -13 8741 1 0 1
3.82354 -3.32737 800 0.0893731 0.157969 27.9994 10.4173 -13 8742 1 0 1
2.03307 2.47502 800 -0.0546517 0.00334133 27.9999 10.4173 -13 8743 1 0 1
-5.62692 -3.29292 800 0.174941 -0.245281 27.9984 10.4174 -13 8744 1 0 1
2.07883 0.479726 800 -0.0239283 0.0910009 27.9998 10.4173 -13 8745 1 0 1
11.0918 6.24766 800 -0.331659 0.367617 27.9956 10.4176 -13 8746 1 0 1
-6.86238 2.81293 800 -0.157908 -0.228821 27.9986 10.4174 -13 8747 1 0 1
7.22907 -0.0426734 800 -0.0411278 0.314385 27.9982 10.4174 -13 8748 1 0 1
5.22787 1.76342 800 -0.0348728 0.137919 27.9996 10.4173 -13 8749 1 0 1
2.59472 9.61708 800 -0.330853 0.119691 27.9978 10.4174 -13 8750 1 0 1
-6.18499 3.64187 800 -0.0897773 -0.276977 27.9985 10.4174 -13 8751 1 0 1
10.2755 2.19022 800 -0.173212 0.408006 27.9965 10.4175 -13 8752 1 0 1
15.0885 3.94255 800 -0.252347 0.548224 27.9935 10.4177 -13 8753 1 0 1
9.64143 2.26409 800 -0.078828 0.301307 27.9983 10.4174 -13 8754 1 0 1
-0.484298 -3.2972 800 0.179563 -0.000214588 27.9994 10.4173 -13 8755 1 0 1
3.15969 -3.78358 800 0.25214 0.0646949 27.9988 10.4175 -13 8756 1 0 1
-5.78878 -0.673143 800 0.018808 -0.274096 27.9987 10.4174 -13 8757 1 0 1
-12.6611 0.326725 800 0.0801572 -0.442211 27.9964 10.4175 -13 8758 1 0 1
-6.96548 3.08791 800 0.0108291 -0.238657 27.999 10.4173 -13 8759 1 0 1
1.07098 4.76651 800 -0.115878 0.0945208 27.9996 10.4173 -13 8760 1 0 1
-2.61212 0.0731955 800 -0.109595 -0.0874193 27.9996 10.4174 -13 8761 1 0 1
-6.15425 -1.2842 800 0.0204008 -0.303122 27.9984 10.4174 -13 8762 1 0 1
-4.11045 9.93554 800 -0.399926 -0.0419384 27.9971 10.4176 -13 8763 1 0 1
-12.0295 -2.11584 800 0.174794 -0.375619 27.9969 10.4175 -13 8764 1 0 1
-13.6963 -1.07929 800 0.215446 -0.446198 27.9956 10.4176 -13 8765 1 0 1
9.14769 1.99525 800 -0.150879 0.362997 27.9972 10.4175 -13 8766 1 0 1
-4.47534 0.701022 800 0.0117799 -0.0689789 27.9999 10.4173 -13 8767 1 0 1
-5.37129 -6.57382 800 0.40727 -0.20569 27.9963 10.4177 -13 8768 1 0 1
-7.72676 -0.110571 800 0.0250422 -0.34967 27.9978 10.4175 -13 8769 1 0 1
-10.3864 -3.38877 800 0.234889 -0.409204 27.996 10.4176 -13 8770 1 0 1
-16.5124 -6.30585 800 0.30785 -0.659179 27.9905 10.418 -13 8771 1 0 1
16.3079 4.70296 800 -0.246712 0.628302 27.9919 10.4179 -13 8772 1 0 1
-7.54896 -6.8142 800 0.282307 -0.233887 27.9976 10.4174 -13 8773 1 0 1
0.153376 0.0685839 800 -0.0267909 -0.0154444 28 10.4173 -13 8774 1 0 1
8.86452 -4.13056 800 0.164652 0.347891 27.9974 10.4175 -13 8775 1 0 1
-8.99599 -9.32455 800 0.327374 -0.245582 27.997 10.4174 -13 8776 1 0 1
2.32189 -0.789088 800 -0.0145412 0.169934 27.9995 10.4173 -13 8777 1 0 1
12.726 -1.12746 800 -0.0150423 0.448007 27.9964 10.4175 -13 8778 1 0 1
-3.25002 -4.45132 800 0.133744 -0.048913 27.9996 10.4173 -13 8779 1 0 1
-5.82014 0.975813 800 0.112686 -0.188283 27.9991 10.4174 -13 8780 1 0 1
11.5979 5.20857 800 -0.265421 0.403577 27.9958 10.4175 -13 8781 1 0 1
8.43658 3.31064 800 -0.129888 0.298289 27.9981 10.4174 -13 8782 1 0 1
2.41999 6.22333 800 -0.264294 0.12543 27.9985 10.4174 -13 8783 1 0 1
14.1604 -0.920749 800 0.0376902 0.45843 27.9962 10.4175 -13 8784 1 0 1
-2.91133 3.97934 800 -0.0621299 -0.0418222 27.9999 10.4173 -13 8785 1 0 1
1.67913 -5.75017 800 0.163359 -0.0085079 27.9995 10.4173 -13 8786 1 0 1
-1.35677 -1.31084 800 0.0923071 -0.0518104 27.9998 10.4173 -13 8787 1 0 1
0.932275 -2.35126 800 0.109943 -0.0260495 27.9998 10.4173 -13 8788 1 0 1
-0.852973 -2.77152 800 0.251621 -0.0762033 27.9988 10.4175 -13 8789 1 0 1
11.1783 4.20252 800 -0.265393 0.29611 27.9972 10.4175 -13 8790 1 0 1
12.0188 6.32237 800 -0.383674 0.460606 27.9936 10.4178 -13 8791 1 0 1
4.07527 -1.26364 800 0.0750233 0.219316 27.999 10.4174 -13 8792 1 0 1
0.33771 1.58347 800 0.0058676 0.00989861 28 10.4173 -13 8793 1 0 1
-4.00278 1.61258 800 -0.0341186 -0.0452602 27.9999 10.4173 -13 8794 1 0 1
7.13629 2.14328 800 -0.191697 0.28121 27.9979 10.4174 -13 8795 1 0 1
-2.94612 -3.51749 800 0.168394 -0.160123 27.999 10.4174 -13 8796 1 0 1
10.6381 1.94393 800 -0.122706 0.404838 27.9968 10.4175 -13 8797 1 0 1
2.10544 5.82442 800 -0.163794 0.0339348 27.9995 10.4173 -13 8798 1 0 1
-6.54727 -5.59669 800 0.221934 -0.245443 27.998 10.4174 -13 8799 1 0 1
-2.93267 -7.32498 800 0.25641 -0.101946 27.9986 10.4174 -13 8800 1 0 1
7.97015 -0.580317 800 0.0790759 0.244213 27.9988 10.4174 -13 8801 1 0 1
4.95428 2.56349 800 -0.138261 0.0518506 27.9996 10.4173 -13 8802 1 0 1
1.14351 3.58583 800 -0.153991 -0.0421806 27.9995 10.4173 -13 8803 1 0 1
3.3624 1.5488 800 -0.170955 0.0966889 27.9993 10.4174 -13 8804 1 0 1
-9.40822 2.34147 800 -0.00668231 -0.338098 27.998 10.4174 -13 8805 1 0 1
-3.78289 5.24685 800 -0.189349 -0.140808 27.999 10.4173 -13 8806 1 0 1
-7.88102 -2.28337 800 0.165421 -0.308304 27.9978 10.4174 -13 8807 1 0 1
7.1559 3.33855 800 -0.152499 0.297225 27.998 10.4174 -13 8808 1 0 1
3.61897 -2.10576 800 0.119768 0.0896824 27.9996 10.4173 -13 8809 1 0 1
-4.55438 -3.90249 800 0.137347 -0.13422 27.9993 10.4173 -13 8810 1 0 1
-4.75985 -0.0749792 800 0.00999474 -0.152673 27.9996 10.4173 -13 8811 1 0 1
-7.5016 -2.74975 800 0.146495 -0.292539 27.9981 10.4174 -13 8812 1 0 1
-3.40115 2.45784 800 -0.0580592 -0.196663 27.9992 10.4173 -13 8813 1 0 1
-5.50745 1.25198 800 -0.20697 -0.214738 27.9984 10.4176 -13 8814 1 0 1
-3.87713 -9.07564 800 0.303024 -0.120958 27.9981 10.4174 -13 8815 1 0 1
-4.23289 1.54782 800 -0.0555589 -0.155061 27.9995 10.4173 -13 8816 1 0 1
16.4704 -1.39784 800 -0.0548731 0.56938 27.9942 10.4176 -13 8817 1 0 1
4.87941 -5.8518 800 0.192317 0.150448 27.9989 10.4173 -13 8818 1 0 1
16.1157 4.02223 800 -0.210095 0.579855 27.9932 10.4177 -13 8819 1 0 1
7.41126 -2.2293 800 -0.0200413 0.199529 27.9993 10.4173 -13 8820 1 0 1
2.46926 2.78783 800 -0.211317 0.0954924 27.999 10.4174 -13 8821 1 0 1
2.60843 -1.1054 800 0.187666 0.0320319 27.9994 10.4175 -13 8822 1 0 1
3.40034 3.47899 800 -0.0392864 0.170199 27.9995 10.4174 -13 8823 1 0 1
0.318611 1.19843 800 -0.0627296 0.00308524 27.9999 10.4173 -13 8824 1 0 1
-4.29916 -1.05504 800 0.101518 -0.0560923 27.9998 10.4173 -13 8825 1 0 1
14.3957 1.18772 800 -0.190214 0.443491 27.9958 10.4175 -13 8826 1 0 1
7.56521 8.15275 800 -0.351326 0.267682 27.9965 10.4175 -13 8827 1 0 1
-4.07216 -1.27218 800 0.0706275 -0.156985 27.9995 10.4173 -13 8828 1 0 1
3.85544 6.0202 800 -0.297392 0.192369 27.9978 10.4175 -13 8829 1 0 1
1.13804 -5.21044 800 0.250796 -0.0135161 27.9989 10.4174 -13 8830 1 0 1
9.31926 1.56897 800 -0.113574 0.343469 27.9977 10.4174 -13 8831 1 0 1
-1.79365 -5.87004 800 0.235573 -0.0465969 27.999 10.4173 -13 8832 1 0 1
6.2495 -3.15736 800 0.125671 0.263761 27.9985 10.4174 -13 8833 1 0 1
8.99203 3.60654 800 -0.204071 0.246842 27.9982 10.4174 -13 8834 1 0 1
-11.6079 -1.31778 800 0.0466856 -0.509038 27.9953 10.4177 -13 8835 1 0 1
14.1978 2.74649 800 -0.181788 0.521892 27.9945 10.4176 -13 8836 1 0 1
-8.85109 -0.794589 800 0.156748 -0.305993 27.9979 10.4174 -13 8837 1 0 1
9.81097 0.580732 800 -0.0815415 0.392282 27.9971 10.4175 -13 8838 1 0 1
-3.28693 -3.08802 800 0.112846 -0.103578 27.9996 10.4173 -13 8839 1 0 1
-0.892411 -4.26082 800 0.0969839 -0.0591642 27.9998 10.4173 -13 8840 1 0 1
8.08857 5.73272 800 -0.272027 0.224312 27.9978 10.4174 -13 8841 1 0 1
12.042 6.57258 800 -0.276491 0.420514 27.9955 10.4176 -13 8842 1 0 1
12.1198 5.60119 800 -0.210321 0.472201 27.9952 10.4176 -13 8843 1 0 1
7.75841 5.79829 800 -0.195108 0.254801 27.9982 10.4174 -13 8844 1 0 1
-2.1036 2.35918 800 -0.118251 -0.045151 27.9997 10.4173 -13 8845 1 0 1
1.49432 -3.99611 800 0.129375 0.215387 27.9989 10.4174 -13 8846 1 0 1
-7.09086 0.180989 800 0.123695 -0.198782 27.999 10.4174 -13 8847 1 0 1
-11.0319 -0.393535 800 0.0906984 -0.417292 27.9967 10.4175 -13 8848 1 0 1
3.72656 -2.98012 800 0.135501 0.162524 27.9992 10.4173 -13 8849 1 0 1
11.6063 -0.729763 800 -0.0474666 0.395438 27.9972 10.4174 -13 8850 1 0 1
3.50469 5.86729 800 -0.251471 0.0824722 27.9987 10.4173 -13 8851 1 0 1
-2.72982 -0.405123 800 -0.0751371 -0.214699 27.9991 10.4175 -13 8852 1 0 1
1.73462 -3.36275 800 0.0829431 0.0684571 27.9998 10.4173 -13 8853 1 0 1
-15.5107 -3.08481 800 0.125224 -0.492468 27.9954 10.4176 -13 8854 1 0 1
14.299 3.20587 800 -0.174853 0.443914 27.9959 10.4175 -13 8855 1 0 1
13.5656 -0.363116 800 -0.105327 0.515634 27.9951 10.4176 -13 8856 1 0 1
-17.1882 -3.84274 800 0.262282 -0.573035 27.9929 10.4177 -13 8857 1 0 1
25.6737 9.29659 800 -0.62871 0.977191 27.9759 10.4192 -13 8858 1 0 1
11.9725 -0.679145 800 -0.0732003 0.428464 27.9966 10.4175 -13 8859 1 0 1
6.54359 6.40488 800 -0.275415 0.190598 27.998 10.4174 -13 8860 1 0 1
-10.5435 -3.79047 800 0.156977 -0.37211 27.9971 10.4175 -13 8861 1 0 1
-2.62816 -1.4712 800 0.0168626 -0.000526296 28 10.4173 -13 8862 1 0 1
-21.3051 -3.78077 800 0.118147 -0.709505 27.9908 10.4179 -13 8863 1 0 1
-4.97385 2.56083 800 -0.0318784 -0.214859 27.9992 10.4173 -13 8864 1 0 1
-0.666728 1.09621 800 -0.122936 -0.0933025 27.9996 10.4173 -13 8865 1 0 1
-6.29645 2.61385 800 -0.0659724 -0.130032 27.9996 10.4173 -13 8866 1 0 1
-5.34896 -3.27234 800 0.118476 -0.255047 27.9986 10.4174 -13 8867 1 0 1
4.86005 3.00902 800 -0.166033 0.238364 27.9985 10.4174 -13 8868 1 0 1
7.8018 6.48075 800 -0.296135 0.241126 27.9974 10.4174 -13 8869 1 0 1
-2.50429 -7.4977 800 0.243292 -0.167404 27.9984 10.4174 -13 8870 1 0 1
5.55806 6.63023 800 -0.367273 0.182184 27.997 10.4175 -13 8871 1 0 1
-6.77867 -0.093731 800 0.0705533 -0.314851 27.9981 10.4174 -13 8872 1 0 1
-4.76371 -2.47377 800 0.121975 -0.155018 27.9993 10.4173 -13 8873 1 0 1
-9.18893 -2.284 800 0.17953 -0.307633 27.9977 10.4174 -13 8874 1 0 1
0.247022 1.14541 800 -0.0692804 0.0298456 27.9999 10.4173 -13 8875 1 0 1
6.96229 0.12385 800 -0.0564396 0.232603 27.999 10.4173 -13 8876 1 0 1
12.192 4.57924 800 -0.292776 0.396639 27.9957 10.4176 -13 8877 1 0 1
23.6824 7.81779 800 -0.540978 0.947588 27.9787 10.419 -13 8878 1 0 1
6.54134 -6.54563 800 0.247991 0.230522 27.998 10.4174 -13 8879 1 0 1
-8.62534 -2.87864 800 0.059015 -0.235615 27.9989 10.4174 -13 8880 1 0 1
-9.44787 -5.63179 800 0.220845 -0.440674 27.9957 10.4177 -13 8881 1 0 1
8.0056 1.22833 800 -0.194157 0.290466 27.9978 10.4175 -13 8882 1 0 1
7.87077 7.8117 800 -0.277213 0.245436 27.9976 10.4174 -13 8883 1 0 1
-8.66814 0.824788 800 -0.0651873 -0.341444 27.9978 10.4175 -13 8884 1 0 1
2.84283 2.3072 800 -0.14625 0.0988364 27.9994 10.4173 -13 8885 1 0 1
-5.0211 1.13871 800 -0.0147409 -0.074207 27.9999 10.4173 -13 8886 1 0 1
-6.50854 2.10182 800 -0.0287163 -0.225855 27.9991 10.4173 -13 8887 1 0 1
-1.42173 3.98594 800 -0.205381 -0.0412689 27.9992 10.4173 -13 8888 1 0 1
3.81162 4.36324 800 -0.165053 0.190866 27.9989 10.4174 -13 8889 1 0 1
1.74695 -1.57456 800 0.000203862 0.044184 28 10.4173 -13 8890 1 0 1
-3.45629 -1.52496 800 0.0708145 -0.139117 27.9996 10.4173 -13 8891 1 0 1
-18.4264 -1.10081 800 0.160809 -0.656611 27.9918 10.4178 -13 8892 1 0 1
12.5304 -0.669317 800 -0.0624788 0.489268 27.9957 10.4176 -13 8893 1 0 1
9.6151 0.807365 800 -0.104405 0.394912 27.997 10.4175 -13 8894 1 0 1
-3.53955 2.50856 800 -0.109434 -0.0432305 27.9998 10.4173 -13 8895 1 0 1
2.25587 -0.206874 800 0.00461061 0.0901121 27.9999 10.4173 -13 8896 1 0 1
-13.4166 -6.34827 800 0.262184 -0.46235 27.995 10.4176 -13 8897 1 0 1
-8.0606 0.392658 800 0.0326466 -0.299414 27.9984 10.4174 -13 8898 1 0 1
2.9921 9.08424 800 -0.273603 0.0990202 27.9985 10.4174 -13 8899 1 0 1
-9.44579 -9.86481 800 0.446655 -0.298909 27.9948 10.4176 -13 8900 1 0 1
8.0196 3.25839 800 -0.225704 0.264584 27.9978 10.4174 -13 8901 1 0 1
12.4652 6.96368 800 -0.358506 0.466357 27.9938 10.4177 -13 8902 1 0 1
7.17419 0.42924 800 -0.0714082 0.267561 27.9986 10.4173 -13 8903 1 0 1
6.31886 -4.63511 800 0.0769715 0.269712 27.9986 10.4174 -13 8904 1 0 1
13.4184 -0.0589607 800 -0.0715041 0.320564 27.9981 10.4174 -13 8905 1 0 1
0.00808434 1.71073 800 -0.122082 0.0841499 27.9996 10.4174 -13 8906 1 0 1
-9.96728 0.405424 800 0.0238869 -0.454839 27.9963 10.4176 -13 8907 1 0 1
-16.3074 0.827921 800 0.0389379 -0.60299 27.9935 10.4177 -13 8908 1 0 1
18.4847 1.91662 800 -0.225187 0.599136 27.9927 10.4177 -13 8909 1 0 1
-8.54833 -0.957443 800 0.0418016 -0.358916 27.9977 10.4175 -13 8910 1 0 1
-1.43643 3.31163 800 -0.0807122 -0.147199 27.9995 10.4173 -13 8911 1 0 1
-5.4726 0.602711 800 -0.0315851 -0.222758 27.9991 10.4173 -13 8912 1 0 1
7.19442 5.28551 800 -0.212244 0.179161 27.9986 10.4173 -13 8913 1 0 1
8.11114 -2.43173 800 -0.0608476 0.273295 27.9986 10.4174 -13 8914 1 0 1
-5.59161 -0.29557 800 0.0685408 -0.220614 27.999 10.4173 -13 8915 1 0 1
-0.93631 -5.84001 800 0.218558 -0.035423 27.9991 10.4173 -13 8916 1 0 1
-20.5292 -5.32585 800 0.324622 -0.675726 27.99 10.4179 -13 8917 1 0 1
-22.1764 -8.51333 800 0.465187 -0.851777 27.9832 10.4185 -13 8918 1 0 1
-1.77733 -0.728038 800 0.0226981 -0.139193 27.9996 10.4173 -13 8919 1 0 1
-16.8593 -2.73387 800 0.19075 -0.623655 27.9924 10.4178 -13 8920 1 0 1
6.47938 -1.20202 800 0.161874 0.173237 27.999 10.4175 -13 8921 1 0 1
0.717383 -3.98477 800 0.0578546 0.125895 27.9997 10.4173 -13 8922 1 0 1
0.222052 -1.52308 800 0.100091 0.0129801 27.9998 10.4173 -13 8923 1 0 1
-15.8589 -3.8114 800 0.228092 -0.540786 27.9938 10.4177 -13 8924 1 0 1
-3.0616 1.74646 800 0.0126883 -0.0713749 27.9999 10.4173 -13 8925 1 0 1
4.97885 8.04567 800 -0.331604 0.199833 27.9973 10.4175 -13 8926 1 0 1
-0.376931 0.12149 800 0.0676971 0.0543524 27.9999 10.4173 -13 8927 1 0 1
8.96958 -2.36393 800 0.016705 0.28483 27.9985 10.4173 -13 8928 1 0 1
15.8998 2.17173 800 -0.178267 0.45788 27.9957 10.4175 -13 8929 1 0 1
11.2771 3.79147 800 -0.125343 0.37027 27.9973 10.4175 -13 8930 1 0 1
-1.04433 -1.69515 800 0.0767471 -0.0637018 27.9998 10.4173 -13 8931 1 0 1
-5.52667 -0.0281183 800 0.0477758 -0.148977 27.9996 10.4173 -13 8932 1 0 1
2.21985 4.05398 800 -0.257267 0.0442184 27.9988 10.4174 -13 8933 1 0 1
10.9885 10.8429 800 -0.488683 0.381291 27.9931 10.4178 -13 8934 1 0 1
-4.25046 1.20919 800 0.0249304 -0.0796103 27.9999 10.4173 -13 8935 1 0 1
9.38811 -1.56379 800 0.0847261 0.321173 27.998 10.4174 -13 8936 1 0 1
8.7268 0.211278 800 -0.0175928 0.356706 27.9977 10.4174 -13 8937 1 0 1
-0.416302 -1.6441 800 0.0489562 -0.047501 27.9999 10.4173 -13 8938 1 0 1
8.35209 0.475364 800 -0.140514 0.2141 27.9988 10.4174 -13 8939 1 0 1
-12.0068 -2.75146 800 0.220108 -0.376136 27.9966 10.4175 -13 8940 1 0 1
-21.8079 -9.75493 800 0.412601 -0.671261 27.9889 10.418 -13 8941 1 0 1
8.2576 10.642 800 -0.450985 0.195955 27.9957 10.4175 -13 8942 1 0 1
9.98256 0.142644 800 -0.0379649 0.388995 27.9973 10.4175 -13 8943 1 0 1
-3.97634 -0.530348 800 0.00543569 -0.0865593 27.9999 10.4173 -13 8944 1 0 1
-0.0809045 3.82648 800 -0.0554224 0.0255522 27.9999 10.4173 -13 8945 1 0 1
6.67716 3.01835 800 -0.252247 0.209251 27.9981 10.4174 -13 8946 1 0 1
-3.53115 6.88786 800 -0.332249 -0.204852 27.9973 10.4175 -13 8947 1 0 1
17.4578 -0.306266 800 -0.0703298 0.593081 27.9936 10.4177 -13 8948 1 0 1
15.5311 3.82209 800 -0.23955 0.478573 27.9949 10.4176 -13 8949 1 0 1
-9.79592 -5.4201 800 0.294925 -0.410808 27.9954 10.4176 -13 8950 1 0 1
7.49319 4.90187 800 -0.248915 0.240778 27.9979 10.4174 -13 8951 1 0 1
-5.87037 2.56924 800 -0.007152 -0.184185 27.9994 10.4173 -13 8952 1 0 1
-5.97219 2.6714 800 -0.104279 -0.204507 27.9991 10.4173 -13 8953 1 0 1
16.266 5.77758 800 -0.335104 0.552447 27.9925 10.4178 -13 8954 1 0 1
11.5681 1.96154 800 -0.120118 0.393545 27.997 10.4175 -13 8955 1 0 1
2.62998 -0.370439 800 -0.0018294 0.128009 27.9997 10.4173 -13 8956 1 0 1
10.4359 -1.90051 800 -0.0380937 0.353778 27.9977 10.4174 -13 8957 1 0 1
3.5731 2.15621 800 -0.103043 0.12244 27.9995 10.4173 -13 8958 1 0 1
-12.8988 2.95249 800 0.0102727 -0.386944 27.9973 10.4174 -13 8959 1 0 1
-7.61972 -5.19718 800 0.204894 -0.282994 27.9978 10.4174 -13 8960 1 0 1
7.99843 1.87962 800 -0.0785102 0.379555 27.9973 10.4175 -13 8961 1 0 1
7.44204 -2.30553 800 -0.0980933 0.243484 27.9988 10.4174 -13 8962 1 0 1
-2.1716 1.21626 800 -0.0614026 -0.0252748 27.9999 10.4173 -13 8963 1 0 1
3.13905 -0.0970279 800 0.077368 0.128673 27.9996 10.4173 -13 8964 1 0 1
1.39644 0.600114 800 -0.039476 -0.00782605 28 10.4173 -13 8965 1 0 1
-7.44768 2.03351 800 0.0280343 -0.225854 27.9991 10.4173 -13 8966 1 0 1
-4.59305 -5.08982 800 0.212574 -0.0777702 27.9991 10.4173 -13 8967 1 0 1
6.75584 6.14488 800 -0.331072 0.262613 27.9968 10.4175 -13 8968 1 0 1
-14.3248 -3.97607 800 0.144847 -0.498768 27.9952 10.4176 -13 8969 1 0 1
-2.33159 1.63084 800 -0.0114136 -0.107366 27.9998 10.4173 -13 8970 1 0 1
8.21838 3.54392 800 -0.174124 0.25044 27.9983 10.4174 -13 8971 1 0 1
-3.28385 3.74805 800 -0.159436 -0.195019 27.9989 10.4174 -13 8972 1 0 1
-4.14828 -5.85965 800 0.172632 -0.197758 27.9988 10.4174 -13 8973 1 0 1
6.01798 2.62832 800 -0.140061 0.19854 27.9989 10.4173 -13 8974 1 0 1
0.810902 2.52029 800 -0.188881 0.0888114 27.9992 10.4174 -13 8975 1 0 1
14.4454 -1.36264 800 -0.126989 0.431231 27.9964 10.4175 -13 8976 1 0 1
2.49142 0.956553 800 -0.103336 0.102018 27.9996 10.4173 -13 8977 1 0 1
-15.7261 -3.62315 800 0.188409 -0.520659 27.9945 10.4176 -13 8978 1 0 1
-2.59791 -3.0418 800 0.0942598 -0.110815 27.9996 10.4173 -13 8979 1 0 1
5.75264 3.39987 800 -0.161522 0.125728 27.9993 10.4173 -13 8980 1 0 1
15.2242 5.69956 800 -0.361383 0.522765 27.9928 10.4178 -13 8981 1 0 1
-1.15893 1.04649 800 -0.102407 -0.1014 27.9996 10.4173 -13 8982 1 0 1
15.7218 11.3601 800 -0.546322 0.64204 27.9873 10.4183 -13 8983 1 0 1
18.4216 4.9878 800 -0.318973 0.659937 27.9904 10.4179 -13 8984 1 0 1
-20.2372 -0.830433 800 0.0926297 -0.753068 27.9897 10.418 -13 8985 1 0 1
5.01673 -1.24047 800 0.101583 0.126023 27.9995 10.4173 -13 8986 1 0 1
-6.8138 -1.06096 800 0.0658083 -0.296035 27.9984 10.4174 -13 8987 1 0 1
2.64719 2.04237 800 -0.129512 0.148246 27.9993 10.4173 -13 8988 1 0 1
-5.31449 -0.812162 800 -0.0208151 -0.178753 27.9994 10.4173 -13 8989 1 0 1
-5.42616 -1.37939 800 -0.00197536 -0.160207 27.9995 10.4173 -13 8990 1 0 1
0.316106 -2.10188 800 0.115078 -0.029277 27.9997 10.4173 -13 8991 1 0 1
7.16908 3.27487 800 -0.197861 0.272681 27.998 10.4174 -13 8992 1 0 1
-14.4584 -0.701927 800 0.147793 -0.509816 27.995 10.4176 -13 8993 1 0 1
2.62721 -3.26155 800 0.114159 0.097268 27.9996 10.4173 -13 8994 1 0 1
-12.209 -8.78867 800 0.498889 -0.389708 27.9928 10.4178 -13 8995 1 0 1
12.5618 1.46602 800 -0.203976 0.481034 27.9951 10.4176 -13 8996 1 0 1
1.55091 1.26294 800 -0.102785 0.0403141 27.9998 10.4173 -13 8997 1 0 1
-6.79417 -1.32642 800 0.197287 -0.249525 27.9982 10.4174 -13 8998 1 0 1
-2.36477 -4.09081 800 0.172738 0.0357323 27.9994 10.4173 -13 8999 1 0 1
20.1909 13.4219 800 -0.525902 0.732943 27.9855 10.4183 -13 9000 1 0 1
-8.4754 -5.89796 800 0.234782 -0.247368 27.9979 10.4174 -13 9001 1 0 1
-11.924 0.338567 800 0.0531017 -0.471997 27.996 10.4175 -13 9002 1 0 1
14.3923 -3.52176 800 0.0973257 0.418091 27.9967 10.4175 -13 9003 1 0 1
11.0129 5.92705 800 -0.285678 0.301101 27.9969 10.4175 -13 9004 1 0 1
-1.78169 -1.51799 800 0.080645 -0.0543214 27.9998 10.4173 -13 9005 1 0 1
11.3272 4.12384 800 -0.251321 0.421438 27.9957 10.4176 -13 9006 1 0 1
12.2383 -2.13148 800 0.0723237 0.407292 27.9969 10.4175 -13 9007 1 0 1
-7.51781 -4.82122 800 0.31288 -0.246896 27.9972 10.4175 -13 9008 1 0 1
7.47906 -0.144497 800 -0.0584111 0.340944 27.9979 10.4174 -13 9009 1 0 1
-3.3198 5.76142 800 -0.241007 -0.134784 27.9986 10.4174 -13 9010 1 0 1
0.700113 3.74574 800 -0.231956 -0.0808308 27.9989 10.4174 -13 9011 1 0 1
5.76802 -7.43293 800 0.149888 0.149562 27.9992 10.4174 -13 9012 1 0 1
-1.56652 -0.307165 800 0.0294042 -0.116509 27.9997 10.4173 -13 9013 1 0 1
2.05459 2.35661 800 -0.118266 0.0587497 27.9997 10.4173 -13 9014 1 0 1
-0.406104 2.69813 800 -0.161886 -0.050423 27.9995 10.4173 -13 9015 1 0 1
-7.36276 -2.19163 800 0.15041 -0.356706 27.9973 10.4175 -13 9016 1 0 1
-0.416764 -2.57047 800 0.129139 -0.092746 27.9995 10.4173 -13 9017 1 0 1
-17.4333 -4.65563 800 0.234596 -0.619102 27.9922 10.4178 -13 9018 1 0 1
-0.618826 4.64537 800 -0.217057 0.0702622 27.9991 10.4174 -13 9019 1 0 1
-0.85669 4.944 800 -0.212675 -0.118169 27.9989 10.4174 -13 9020 1 0 1
4.32618 1.97512 800 -0.143662 0.0451752 27.9996 10.4173 -13 9021 1 0 1
4.69894 1.34177 800 -0.0350897 0.143225 27.9996 10.4173 -13 9022 1 0 1
26.9929 4.91155 800 -0.295592 0.894848 27.9841 10.4183 -13 9023 1 0 1
2.36505 0.325439 800 0.0687107 0.117158 27.9997 10.4173 -13 9024 1 0 1
1.23965 0.13984 800 -0.103787 0.0144354 27.9998 10.4173 -13 9025 1 0 1
1.30076 0.879981 800 -0.177548 0.146716 27.9991 10.4175 -13 9026 1 0 1
-4.64737 -4.9225 800 0.253259 -0.101417 27.9987 10.4174 -13 9027 1 0 1
5.86909 -2.0487 800 0.073597 0.199539 27.9992 10.4173 -13 9028 1 0 1
-24.1613 -12.0401 800 0.55772 -0.857496 27.9813 10.4186 -13 9029 1 0 1
23.116 0.800434 800 -0.0556661 0.797541 27.9886 10.4181 -13 9030 1 0 1
-1.20588 2.43066 800 -0.127173 -0.0715899 27.9996 10.4173 -13 9031 1 0 1
5.06496 4.27217 800 -0.225039 0.197958 27.9984 10.4174 -13 9032 1 0 1
13.6677 3.31369 800 -0.134492 0.455197 27.996 10.4175 -13 9033 1 0 1
-15.8577 -2.09201 800 0.251577 -0.532976 27.9938 10.4177 -13 9034 1 0 1
20.7628 3.3976 800 -0.25739 0.668772 27.9908 10.4178 -13 9035 1 0 1
-3.08796 3.65329 800 -0.114418 -0.109999 27.9996 10.4173 -13 9036 1 0 1
-0.662891 5.17683 800 -0.161106 -0.0164913 27.9995 10.4173 -13 9037 1 0 1
5.54736 5.0518 800 -0.23884 0.120925 27.9987 10.4173 -13 9038 1 0 1
-3.5303 -2.85419 800 0.209046 -0.0939688 27.9991 10.4174 -13 9039 1 0 1
12.5814 7.42906 800 -0.356524 0.427613 27.9945 10.4176 -13 9040 1 0 1
-3.79875 -5.35753 800 0.316828 -0.0837138 27.9981 10.4175 -13 9041 1 0 1
12.4724 5.15685 800 -0.276168 0.462355 27.9948 10.4176 -13 9042 1 0 1
0.458444 5.13346 800 -0.243026 0.0289187 27.9989 10.4174 -13 9043 1 0 1
6.5167 3.84869 800 -0.179706 0.241448 27.9984 10.4174 -13 9044 1 0 1
11.953 3.61617 800 -0.186645 0.463232 27.9955 10.4176 -13 9045 1 0 1
11.3581 9.25324 800 -0.422276 0.34758 27.9947 10.4176 -13 9046 1 0 1
7.78322 2.13028 800 -0.135262 0.372239 27.9972 10.4175 -13 9047 1 0 1
-3.34812 2.79332 800 -0.00884875 -0.090315 27.9999 10.4173 -13 9048 1 0 1
8.46247 8.36939 800 -0.362734 0.271152 27.9963 10.4175 -13 9049 1 0 1
-8.56204 -1.09208 800 0.00554685 -0.356083 27.9977 10.4175 -13 9050 1 0 1
-10.7134 -8.8244 800 0.396631 -0.430736 27.9939 10.4178 -13 9051 1 0 1
-9.48123 -6.15033 800 0.320538 -0.313133 27.9964 10.4175 -13 9052 1 0 1
-5.7525 -3.6896 800 0.307478 -0.160294 27.9979 10.4175 -13 9053 1 0 1
4.7113 -3.04451 800 0.166541 0.132114 27.9992 10.4174 -13 9054 1 0 1
3.00677 4.86739 800 -0.230359 0.0178357 27.999 10.4173 -13 9055 1 0 1
-22.3993 -5.20159 800 0.429842 -0.798038 27.9853 10.4183 -13 9056 1 0 1
-5.38146 2.92183 800 -0.144358 -0.128923 27.9993 10.4174 -13 9057 1 0 1
-1.53905 -6.45594 800 0.330189 0.0751804 27.998 10.4175 -13 9058 1 0 1
10.5078 0.876426 800 -0.145227 0.457848 27.9959 10.4176 -13 9059 1 0 1
2.93052 -3.80918 800 0.105273 0.0574829 27.9997 10.4173 -13 9060 1 0 1
-12.1234 -1.40992 800 0.161591 -0.445164 27.996 10.4175 -13 9061 1 0 1
7.29115 5.87052 800 -0.222609 0.264418 27.9979 10.4174 -13 9062 1 0 1
17.3082 8.83021 800 -0.441592 0.606208 27.99 10.418 -13 9063 1 0 1
-13.332 -3.48396 800 0.247557 -0.471539 27.9949 10.4176 -13 9064 1 0 1
14.1167 5.51996 800 -0.361594 0.449364 27.9941 10.4177 -13 9065 1 0 1
9.23791 -4.27767 800 0.110125 0.291191 27.9983 10.4174 -13 9066 1 0 1
4.63279 -0.287412 800 0.0439812 0.144595 27.9996 10.4173 -13 9067 1 0 1
0.0298081 1.94094 800 -0.0590651 -0.0283333 27.9999 10.4173 -13 9068 1 0 1
-4.77552 -1.90906 800 0.0209214 -0.125745 27.9997 10.4173 -13 9069 1 0 1
2.56129 4.39407 800 -0.247059 0.0944005 27.9988 10.4174 -13 9070 1 0 1
-4.41879 -4.74608 800 0.196116 -0.141765 27.999 10.4173 -13 9071 1 0 1
9.88615 -1.11246 800 -0.0855233 0.3711 27.9974 10.4174 -13 9072 1 0 1
11.207 4.56743 800 -0.184233 0.343098 27.9973 10.4174 -13 9073 1 0 1
-4.85724 1.37182 800 -0.012588 -0.130089 27.9997 10.4173 -13 9074 1 0 1
0.353815 1.61776 800 0.0140879 -0.0397327 28 10.4173 -13 9075 1 0 1
-3.9965 -2.53457 800 0.0729627 -0.0737847 27.9998 10.4173 -13 9076 1 0 1
1.23997 0.483748 800 0.0225646 0.000594614 28 10.4173 -13 9077 1 0 1
5.91737 -10.5736 800 0.358093 0.0785745 27.9976 10.4176 -13 9078 1 0 1
-1.27182 -0.298905 800 -0.10675 0.037651 27.9998 10.4174 -13 9079 1 0 1
2.81 2.78038 800 -0.12154 0.0715551 27.9996 10.4173 -13 9080 1 0 1
15.9328 7.2846 800 -0.401962 0.580508 27.9911 10.4179 -13 9081 1 0 1
7.22604 4.54333 800 -0.33057 0.362157 27.9957 10.4178 -13 9082 1 0 1
-4.56606 -1.20495 800 0.0352437 -0.256453 27.9988 10.4174 -13 9083 1 0 1
-5.37544 2.07851 800 -0.112421 -0.153354 27.9994 10.4173 -13 9084 1 0 1
-9.0588 -3.82241 800 0.250886 -0.294107 27.9973 10.4175 -13 9085 1 0 1
9.19929 0.732731 800 -0.113792 0.313341 27.998 10.4174 -13 9086 1 0 1
-8.92993 0.101248 800 0.0531343 -0.318897 27.9981 10.4174 -13 9087 1 0 1
1.44566 5.33916 800 -0.17083 0.0984243 27.9993 10.4173 -13 9088 1 0 1
3.16253 6.63779 800 -0.260667 0.061815 27.9987 10.4173 -13 9089 1 0 1
-16.6262 0.630394 800 0.226322 -0.66126 27.9913 10.418 -13 9090 1 0 1
-17.047 -2.86433 800 0.208183 -0.633872 27.9921 10.4178 -13 9091 1 0 1
-9.48287 2.78645 800 -0.0830901 -0.291107 27.9984 10.4174 -13 9092 1 0 1
-3.17736 -4.87338 800 0.197217 -0.266951 27.998 10.4176 -13 9093 1 0 1
-3.39974 -1.50087 800 0.180576 -0.0522089 27.9994 10.4174 -13 9094 1 0 1
-6.30511 -0.711089 800 0.0647775 -0.185346 27.9993 10.4173 -13 9095 1 0 1
12.1319 1.74887 800 -0.0344771 0.433518 27.9966 10.4175 -13 9096 1 0 1
2.74642 1.83412 800 -0.0728068 0.147073 27.9995 10.4173 -13 9097 1 0 1
5.40517 -4.98757 800 0.259227 0.0987849 27.9986 10.4175 -13 9098 1 0 1
-2.26302 -3.30449 800 0.080949 -0.126913 27.9996 10.4173 -13 9099 1 0 1
-8.04372 -8.09019 800 0.288806 -0.216307 27.9977 10.4174 -13 9100 1 0 1
-1.77081 -6.49875 800 0.101451 -0.0518358 27.9998 10.4173 -13 9101 1 0 1
21.7026 4.76201 800 -0.290726 0.783607 27.9875 10.4181 -13 9102 1 0 1
2.74649 2.17178 800 -0.0868153 0.0504404 27.9998 10.4173 -13 9103 1 0 1
2.30896 5.76241 800 -0.168795 0.117975 27.9992 10.4173 -13 9104 1 0 1
-1.6797 2.64134 800 -0.109689 0.00183242 27.9998 10.4173 -13 9105 1 0 1
-2.77508 -1.55632 800 0.0370602 -0.101953 27.9998 10.4173 -13 9106 1 0 1
-0.71647 -4.37217 800 0.0947661 -0.0517827 27.9998 10.4173 -13 9107 1 0 1
2.17764 -2.70234 800 0.103475 0.071208 27.9997 10.4173 -13 9108 1 0 1
-9.38709 -7.47078 800 0.268759 -0.274131 27.9974 10.4174 -13 9109 1 0 1
11.4616 3.40371 800 -0.287343 0.313088 27.9968 10.4175 -13 9110 1 0 1
-2.00016 -5.78273 800 0.214117 -0.101807 27.999 10.4173 -13 9111 1 0 1
-6.71882 0.574053 800 -0.0268663 -0.237655 27.999 10.4173 -13 9112 1 0 1
15.1428 -8.59559 800 0.159375 0.498686 27.9951 10.4176 -13 9113 1 0 1
-8.68829 -3.78554 800 0.162665 -0.248608 27.9984 10.4174 -13 9114 1 0 1
-4.75289 -4.96305 800 0.188234 -0.160806 27.9989 10.4173 -13 9115 1 0 1
-1.99639 -0.569903 800 0.0749159 -0.0326172 27.9999 10.4173 -13 9116 1 0 1
-0.109555 -1.44871 800 0.157334 0.0277416 27.9995 10.4173 -13 9117 1 0 1
-1.32812 2.32964 800 -0.197 -0.0730969 27.9992 10.4174 -13 9118 1 0 1
-11.8429 -5.02288 800 0.210492 -0.462161 27.9954 10.4176 -13 9119 1 0 1
-11.4572 -1.99755 800 0.0461341 -0.404189 27.997 10.4175 -13 9120 1 0 1
-11.5844 -2.13778 800 0.180885 -0.401662 27.9965 10.4175 -13 9121 1 0 1
16.8854 2.14534 800 -0.171531 0.528439 27.9945 10.4176 -13 9122 1 0 1
-2.74505 -3.54502 800 0.134925 -0.0485581 27.9996 10.4173 -13 9123 1 0 1
8.82579 -2.74578 800 0.0663739 0.236944 27.9989 10.4173 -13 9124 1 0 1
-14.1895 -9.31272 800 0.366467 -0.529675 27.9926 10.4178 -13 9125 1 0 1
-1.44489 -1.23985 800 0.103516 -0.0618093 27.9997 10.4173 -13 9126 1 0 1
3.45944 -3.90537 800 0.0902103 0.121087 27.9996 10.4173 -13 9127 1 0 1
9.71173 0.343049 800 -0.0851427 0.261045 27.9987 10.4174 -13 9128 1 0 1
-6.23542 -8.72398 800 0.401332 -0.299164 27.9955 10.4177 -13 9129 1 0 1
6.88181 1.6845 800 -0.0226709 0.317388 27.9982 10.4175 -13 9130 1 0 1
-6.78446 -3.49777 800 0.17104 -0.208337 27.9987 10.4173 -13 9131 1 0 1
1.3093 -6.21669 800 0.247192 0.0690085 27.9988 10.4173 -13 9132 1 0 1
-1.94047 -0.810598 800 -0.0096352 -0.00961796 28 10.4173 -13 9133 1 0 1
-15.3921 -0.591376 800 0.152884 -0.495526 27.9952 10.4176 -13 9134 1 0 1
-4.9081 -1.65817 800 0.221773 -0.146302 27.9987 10.4174 -13 9135 1 0 1
-9.28327 0.970031 800 0.0278672 -0.326676 27.9981 10.4174 -13 9136 1 0 1
0.647966 -3.61989 800 0.0770413 -0.0342345 27.9999 10.4173 -13 9137 1 0 1
7.71205 8.07473 800 -0.339107 0.332703 27.996 10.4176 -13 9138 1 0 1
0.517188 9.30931 800 -0.323826 0.00750386 27.9981 10.4174 -13 9139 1 0 1
-2.61885 2.91816 800 -0.0475165 -0.0358185 27.9999 10.4173 -13 9140 1 0 1
-3.66658 6.63856 800 -0.28661 -0.0707192 27.9984 10.4174 -13 9141 1 0 1
16.0184 7.29124 800 -0.433476 0.484918 27.9924 10.4178 -13 9142 1 0 1
2.45247 9.05957 800 -0.388413 0.0377202 27.9973 10.4175 -13 9143 1 0 1
20.3246 6.12774 800 -0.34333 0.729948 27.9884 10.4181 -13 9144 1 0 1
-1.88391 -7.23933 800 0.251472 -0.0830798 27.9987 10.4174 -13 9145 1 0 1
6.02635 -3.14389 800 0.119184 0.0902087 27.9996 10.4174 -13 9146 1 0 1
9.70256 -0.920183 800 0.0298017 0.360724 27.9977 10.4174 -13 9147 1 0 1
15.0303 5.16317 800 -0.283019 0.496532 27.9942 10.4176 -13 9148 1 0 1
-6.74174 0.630683 800 0.133921 -0.286338 27.9982 10.4175 -13 9149 1 0 1
-5.52281 -4.7624 800 0.179617 -0.199349 27.9987 10.4173 -13 9150 1 0 1
8.54993 -4.56632 800 0.0784029 0.342639 27.9978 10.4174 -13 9151 1 0 1
-8.50189 -5.93356 800 0.256025 -0.245145 27.9978 10.4174 -13 9152 1 0 1
-14.4812 -0.953769 800 0.0386451 -0.518055 27.9952 10.4176 -13 9153 1 0 1
0.442953 -2.23654 800 0.132244 -0.0159726 27.9997 10.4173 -13 9154 1 0 1
-0.860848 0.768463 800 -0.0847962 -0.0434653 27.9998 10.4173 -13 9155 1 0 1
-5.35092 -4.67926 800 0.178921 -0.128853 27.9991 10.4173 -13 9156 1 0 1
19.399 4.48566 800 -0.267475 0.673116 27.9906 10.4179 -13 9157 1 0 1
3.17937 1.10775 800 -0.108866 0.0836629 27.9997 10.4173 -13 9158 1 0 1
4.34716 4.3589 800 -0.189311 0.221716 27.9985 10.4174 -13 9159 1 0 1
11.3174 5.29967 800 -0.114291 0.361781 27.9974 10.4175 -13 9160 1 0 1
4.62571 5.65687 800 -0.27331 0.101457 27.9985 10.4174 -13 9161 1 0 1
1.16632 0.690569 800 0.00438168 0.0637653 27.9999 10.4173 -13 9162 1 0 1
-17.5996 -2.93427 800 0.291143 -0.660082 27.9907 10.4179 -13 9163 1 0 1
-6.00828 3.74886 800 -0.14408 -0.19245 27.999 10.4173 -13 9164 1 0 1
-1.22667 1.64623 800 -0.104271 -0.0557124 27.9998 10.4173 -13 9165 1 0 1
1.53905 -7.31416 800 0.318054 -0.039153 27.9982 10.4175 -13 9166 1 0 1
-3.42122 -2.81458 800 0.0791067 -0.205822 27.9991 10.4174 -13 9167 1 0 1
2.81047 -1.85176 800 0.0611819 0.0916066 27.9998 10.4173 -13 9168 1 0 1
1.09878 -6.176 800 0.181497 0.0763694 27.9993 10.4173 -13 9169 1 0 1
6.33062 -0.186039 800 -0.0787251 0.217231 27.999 10.4173 -13 9170 1 0 1
3.32266 1.94704 800 -0.00935319 0.116165 27.9998 10.4173 -13 9171 1 0 1
3.76649 -4.56292 800 0.188862 0.0762865 27.9993 10.4174 -13 9172 1 0 1
-16.4303 -1.5371 800 0.101651 -0.604153 27.9933 10.4177 -13 9173 1 0 1
6.00103 3.56461 800 -0.160744 0.193092 27.9989 10.4173 -13 9174 1 0 1
-2.24188 -3.02867 800 0.0944438 -0.080293 27.9997 10.4173 -13 9175 1 0 1
0.209198 -4.63084 800 0.199876 -0.0461097 27.9992 10.4174 -13 9176 1 0 1
-3.24624 -3.63315 800 0.0916536 -0.10683 27.9996 10.4173 -13 9177 1 0 1
-8.23757 1.30739 800 -0.0144255 -0.211489 27.9992 10.4173 -13 9178 1 0 1
-0.266472 -2.61239 800 0.190583 -0.000966161 27.9994 10.4174 -13 9179 1 0 1
1.97917 1.02399 800 -0.133976 0.0645547 27.9996 10.4173 -13 9180 1 0 1
5.48176 5.47612 800 -0.295799 0.221509 27.9976 10.4175 -13 9181 1 0 1
-7.12201 -0.00237746 800 -0.0306523 -0.352886 27.9978 10.4175 -13 9182 1 0 1
-7.88626 -3.26733 800 0.205997 -0.371277 27.9968 10.4176 -13 9183 1 0 1
-7.13703 -5.19299 800 0.217649 -0.217652 27.9983 10.4174 -13 9184 1 0 1
14.4811 -1.94982 800 -0.0806625 0.449198 27.9963 10.4175 -13 9185 1 0 1
8.3485 -3.48149 800 0.0855572 0.342272 27.9978 10.4174 -13 9186 1 0 1
9.84843 5.01477 800 -0.309159 0.302591 27.9967 10.4175 -13 9187 1 0 1
9.21723 5.6805 800 -0.29575 0.186896 27.9978 10.4174 -13 9188 1 0 1
6.17776 -1.15789 800 -0.0230747 0.239742 27.999 10.4173 -13 9189 1 0 1
0.579446 1.67237 800 0.00475143 0.0263865 28 10.4173 -13 9190 1 0 1
8.61067 -1.94444 800 0.123097 0.299442 27.9981 10.4174 -13 9191 1 0 1
17.6359 4.12434 800 -0.296578 0.599644 27.992 10.4178 -13 9192 1 0 1
-2.45787 2.55564 800 -0.0966251 0.00263545 27.9998 10.4173 -13 9193 1 0 1
-22.5305 -3.22204 800 0.198671 -0.780323 27.9884 10.418 -13 9194 1 0 1
-0.442368 0.0596965 800 0.0424634 -0.0116065 28 10.4173 -13 9195 1 0 1
16.158 2.37191 800 -0.287685 0.667032 27.9906 10.4181 -13 9196 1 0 1
-14.4898 0.969504 800 0.0682874 -0.499946 27.9955 10.4175 -13 9197 1 0 1
-10.9364 -0.664726 800 0.0401708 -0.373905 27.9975 10.4174 -13 9198 1 0 1
-8.37048 3.273 800 0.0133114 -0.272026 27.9987 10.4174 -13 9199 1 0 1
5.18603 3.32881 800 -0.211582 0.215965 27.9984 10.4174 -13 9200 1 0 1
8.26936 2.02839 800 -0.039872 0.2616 27.9987 10.4174 -13 9201 1 0 1
-6.59547 -2.73585 800 0.0948178 -0.245908 27.9988 10.4174 -13 9202 1 0 1
-4.7112 -2.07695 800 0.101752 -0.24486 27.9987 10.4174 -13 9203 1 0 1
7.15802 6.64293 800 -0.381801 0.343933 27.9953 10.4178 -13 9204 1 0 1
-19.9106 -3.30141 800 0.259751 -0.639722 27.9915 10.4178 -13 9205 1 0 1
0.819429 5.68209 800 -0.29658 -0.0655742 27.9984 10.4174 -13 9206 1 0 1
-0.874673 4.15262 800 -0.0135708 -0.0537448 27.9999 10.4173 -13 9207 1 0 1
-10.0851 -14.5935 800 0.701464 -0.388838 27.9885 10.4183 -13 9208 1 0 1
-3.63468 -10.8968 800 0.400556 -0.137202 27.9968 10.4175 -13 9209 1 0 1
2.7615 7.65297 800 -0.353878 0.134069 27.9974 10.4175 -13 9210 1 0 1
13.1947 3.81533 800 -0.181718 0.564407 27.9937 10.4178 -13 9211 1 0 1
-7.11186 7.08475 800 -0.213382 -0.256226 27.998 10.4174 -13 9212 1 0 1
-8.68836 -3.52661 800 0.197098 -0.312764 27.9976 10.4174 -13 9213 1 0 1
3.22976 -3.18987 800 0.119241 0.122878 27.9995 10.4173 -13 9214 1 0 1
4.99978 6.76533 800 -0.237029 0.24283 27.9979 10.4175 -13 9215 1 0 1
-2.41278 -2.83202 800 0.163645 -0.09182 27.9994 10.4173 -13 9216 1 0 1
-3.06836 -0.0689637 800 0.0793711 -0.0937923 27.9997 10.4173 -13 9217 1 0 1
-3.48477 -4.7378 800 0.145884 -0.0892255 27.9995 10.4173 -13 9218 1 0 1
6.52284 0.949274 800 -0.0666592 0.128956 27.9996 10.4173 -13 9219 1 0 1
-5.1254 -0.0954837 800 0.011017 -0.196285 27.9993 10.4173 -13 9220 1 0 1
10.8616 0.485233 800 0.0399982 0.327721 27.9981 10.4175 -13 9221 1 0 1
-13.3309 -2.5587 800 0.145818 -0.433877 27.9963 10.4175 -13 9222 1 0 1
-18.0375 -6.27986 800 0.329664 -0.63299 27.9909 10.4179 -13 9223 1 0 1
6.64574 -2.25046 800 0.118778 0.174549 27.9992 10.4174 -13 9224 1 0 1
0.353046 1.77878 800 -0.0291419 0.0494548 27.9999 10.4173 -13 9225 1 0 1
4.67682 2.19641 800 -0.0982686 0.108592 27.9996 10.4173 -13 9226 1 0 1
6.23487 -1.78116 800 0.00166811 0.19324 27.9993 10.4173 -13 9227 1 0 1
-2.59618 1.72581 800 -0.0212121 -0.108116 27.9998 10.4173 -13 9228 1 0 1
0.431124 1.23062 800 -0.154425 0.0874176 27.9994 10.4174 -13 9229 1 0 1
-1.74468 2.18807 800 -0.0419069 -0.0904109 27.9998 10.4173 -13 9230 1 0 1
-0.736451 12.7375 800 -0.519278 -0.0292177 27.9952 10.4177 -13 9231 1 0 1
7.7727 1.90227 800 -0.0375759 0.2297 27.999 10.4173 -13 9232 1 0 1
2.33773 3.60885 800 -0.137424 0.0957265 27.9995 10.4173 -13 9233 1 0 1
-7.14187 -0.694754 800 0.000443312 -0.263119 27.9988 10.4174 -13 9234 1 0 1
-7.47607 -2.89051 800 0.255279 -0.322644 27.997 10.4176 -13 9235 1 0 1
-6.31356 -0.142289 800 0.00772602 -0.152695 27.9996 10.4173 -13 9236 1 0 1
-3.0112 -4.09741 800 0.253648 -0.105923 27.9987 10.4174 -13 9237 1 0 1
13.7103 -0.680112 800 0.0555767 0.417263 27.9968 10.4175 -13 9238 1 0 1
-1.46237 2.29078 800 -0.130893 -0.0446881 27.9997 10.4173 -13 9239 1 0 1
9.23742 4.15343 800 -0.243711 0.286436 27.9975 10.4174 -13 9240 1 0 1
5.28575 4.06587 800 -0.226645 0.23359 27.9981 10.4174 -13 9241 1 0 1
-2.97222 2.95448 800 -0.172127 -0.0935242 27.9993 10.4173 -13 9242 1 0 1
-7.467 -4.14749 800 0.188669 -0.247014 27.9983 10.4174 -13 9243 1 0 1
-1.51338 1.52878 800 -0.0101197 -0.0323407 28 10.4173 -13 9244 1 0 1
29.027 9.46078 800 -0.573641 0.955684 27.9778 10.4187 -13 9245 1 0 1
1.65691 -6.17748 800 0.228279 0.0274828 27.9991 10.4173 -13 9246 1 0 1
2.93226 8.29832 800 -0.318367 0.132808 27.9979 10.4174 -13 9247 1 0 1
-4.09782 -2.01805 800 -0.00617087 -0.202931 27.9993 10.4174 -13 9248 1 0 1
5.68301 2.77243 800 -0.0838674 0.229834 27.9989 10.4174 -13 9249 1 0 1
-8.52088 2.44653 800 -0.0743128 -0.288419 27.9984 10.4174 -13 9250 1 0 1
-1.56879 -1.76192 800 0.00974905 -0.0271038 28 10.4173 -13 9251 1 0 1
-8.26074 -2.45112 800 0.0966899 -0.257862 27.9986 10.4173 -13 9252 1 0 1
3.87388 1.35235 800 -0.127355 0.122871 27.9994 10.4173 -13 9253 1 0 1
1.8407 7.64708 800 -0.257826 0.0609667 27.9987 10.4173 -13 9254 1 0 1
-2.9238 -1.23064 800 0.0432243 0.0251862 28 10.4173 -13 9255 1 0 1
4.91078 -2.80879 800 0.0811916 0.198877 27.9992 10.4173 -13 9256 1 0 1
-5.13993 -4.34949 800 0.212727 -0.143928 27.9988 10.4173 -13 9257 1 0 1
-11.918 -1.43737 800 0.108024 -0.388703 27.9971 10.4174 -13 9258 1 0 1
0.865208 -6.76748 800 0.228814 -0.00487943 27.9991 10.4173 -13 9259 1 0 1
-9.5422 0.405475 800 -0.0286761 -0.385315 27.9973 10.4175 -13 9260 1 0 1
2.66085 -4.4234 800 0.0975087 0.149586 27.9994 10.4173 -13 9261 1 0 1
2.79975 9.43578 800 -0.407904 0.171419 27.9965 10.4176 -13 9262 1 0 1
-2.85672 0.483752 800 0.0492803 -0.0913398 27.9998 10.4173 -13 9263 1 0 1
-12.1454 -4.51535 800 0.166803 -0.429658 27.9962 10.4175 -13 9264 1 0 1
3.57021 7.17928 800 -0.300852 0.110064 27.9982 10.4174 -13 9265 1 0 1
-2.265 -1.67255 800 0.121433 0.00492224 27.9997 10.4173 -13 9266 1 0 1
-1.44272 1.57492 800 -0.09892 -0.038221 27.9998 10.4173 -13 9267 1 0 1
-4.46306 0.343913 800 0.0432549 -0.155182 27.9995 10.4173 -13 9268 1 0 1
13.5335 3.49947 800 -0.183342 0.333556 27.9974 10.4174 -13 9269 1 0 1
-4.65105 1.13631 800 -0.105169 -0.23568 27.9988 10.4174 -13 9270 1 0 1
-7.81968 -0.706685 800 0.0787091 -0.264993 27.9986 10.4173 -13 9271 1 0 1
-7.65696 4.10091 800 -0.121144 -0.230942 27.9988 10.4173 -13 9272 1 0 1
-0.643706 -1.34799 800 -0.0195939 -0.0581531 27.9999 10.4173 -13 9273 1 0 1
-1.16688 -2.95082 800 0.192716 -0.0917982 27.9992 10.4174 -13 9274 1 0 1
-0.07646 3.37378 800 -0.10225 -0.0245177 27.9998 10.4173 -13 9275 1 0 1
-21.8859 -6.67881 800 0.338541 -0.781351 27.987 10.4181 -13 9276 1 0 1
-20.0039 -14.7168 800 0.706872 -0.757602 27.9808 10.4187 -13 9277 1 0 1
6.53761 5.66212 800 -0.280158 0.199059 27.9979 10.4174 -13 9278 1 0 1
0.612715 -1.32347 800 0.0453914 0.105928 27.9998 10.4173 -13 9279 1 0 1
-1.18246 -1.80387 800 0.133102 -0.0389507 27.9997 10.4173 -13 9280 1 0 1
-0.838889 -3.05323 800 0.0902777 -0.0708814 27.9998 10.4173 -13 9281 1 0 1
1.67943 -5.76498 800 0.218887 0.0236502 27.9991 10.4173 -13 9282 1 0 1
14.6232 0.926137 800 0.00406521 0.439702 27.9965 10.4176 -13 9283 1 0 1
3.89442 1.93071 800 -0.166327 0.00975862 27.9995 10.4174 -13 9284 1 0 1
1.94263 -6.03838 800 0.191534 0.102889 27.9992 10.4173 -13 9285 1 0 1
1.84077 -2.09666 800 0.0408956 0.113535 27.9997 10.4173 -13 9286 1 0 1
2.82396 1.18793 800 -0.0610392 0.0684057 27.9998 10.4173 -13 9287 1 0 1
-0.433051 0.0999323 800 -0.0367586 0.0911911 27.9998 10.4173 -13 9288 1 0 1
-7.03312 3.19374 800 -0.046375 -0.331278 27.998 10.4174 -13 9289 1 0 1
-8.61176 -6.90867 800 0.2155 -0.36347 27.9968 10.4176 -13 9290 1 0 1
3.56436 1.51869 800 -0.102171 0.113387 27.9996 10.4173 -13 9291 1 0 1
-1.33784 -1.75663 800 0.0616545 -0.0174505 27.9999 10.4173 -13 9292 1 0 1
-0.901618 2.45645 800 -0.144608 -0.0633846 27.9996 10.4173 -13 9293 1 0 1
-4.64365 -2.34997 800 0.15963 -0.0968914 27.9994 10.4173 -13 9294 1 0 1
21.1097 4.66253 800 -0.235639 0.689629 27.9905 10.4179 -13 9295 1 0 1
4.28135 0.234178 800 -0.0503856 0.167381 27.9995 10.4173 -13 9296 1 0 1
15.6623 -0.233996 800 -0.0883102 0.521152 27.995 10.4176 -13 9297 1 0 1
-3.86442 -0.342436 800 0.104484 -0.0570066 27.9997 10.4173 -13 9298 1 0 1
2.05322 1.32725 800 0.0361545 0.126696 27.9997 10.4173 -13 9299 1 0 1
19.1937 6.75026 800 -0.33993 0.739157 27.9882 10.4181 -13 9300 1 0 1
2.91438 -3.36829 800 0.164432 0.140205 27.9992 10.4173 -13 9301 1 0 1
-5.56582 2.30671 800 -0.160704 -0.156776 27.9991 10.4174 -13 9302 1 0 1
-7.33562 -1.66238 800 0.16514 -0.249503 27.9984 10.4174 -13 9303 1 0 1
0.838247 3.07505 800 -0.0891887 0.0219174 27.9998 10.4173 -13 9304 1 0 1
-3.20115 3.10385 800 -0.102584 -0.0852272 27.9997 10.4173 -13 9305 1 0 1
-15.6431 -1.33488 800 0.167873 -0.530687 27.9945 10.4176 -13 9306 1 0 1
9.41088 -6.15008 800 0.0852064 0.425782 27.9966 10.4175 -13 9307 1 0 1
9.89222 3.14602 800 -0.150547 0.27718 27.9982 10.4174 -13 9308 1 0 1
-12.3476 -3.19402 800 0.174236 -0.358756 27.9972 10.4174 -13 9309 1 0 1
17.7449 5.2762 800 -0.303634 0.68351 27.99 10.418 -13 9310 1 0 1
10.6963 2.01824 800 -0.151433 0.403941 27.9967 10.4175 -13 9311 1 0 1
3.96706 -5.58332 800 0.245908 0.0939805 27.9988 10.4174 -13 9312 1 0 1
-2.38951 4.59321 800 -0.218756 -0.154654 27.9987 10.4174 -13 9313 1 0 1
-16.1631 -1.02075 800 0.238122 -0.47628 27.9949 10.4176 -13 9314 1 0 1
10.5166 2.09225 800 -0.0782735 0.351574 27.9977 10.4174 -13 9315 1 0 1
-1.32579 3.37958 800 -0.0746884 -0.079116 27.9998 10.4173 -13 9316 1 0 1
3.62644 -7.36315 800 0.221127 0.134802 27.9988 10.4173 -13 9317 1 0 1
18.8384 5.86016 800 -0.24366 0.619792 27.9921 10.4178 -13 9318 1 0 1
-5.65747 -4.90663 800 0.271126 -0.205927 27.9979 10.4174 -13 9319 1 0 1
-13.3272 -6.02946 800 0.361492 -0.46861 27.9937 10.4177 -13 9320 1 0 1
1.22752 -0.00666561 800 0.00985192 0.115316 27.9998 10.4173 -13 9321 1 0 1
6.72948 -1.9982 800 0.0451426 0.218807 27.9991 10.4173 -13 9322 1 0 1
-5.99291 -0.935136 800 0.0188501 -0.246861 27.9989 10.4174 -13 9323 1 0 1
0.710757 2.43688 800 -0.105065 0.0205149 27.9998 10.4173 -13 9324 1 0 1
-4.36797 5.56275 800 -0.220868 -0.0996302 27.999 10.4174 -13 9325 1 0 1
1.2861 -2.91658 800 -0.00454024 -0.00358427 28 10.4173 -13 9326 1 0 1
3.89094 3.34865 800 -0.163433 0.141807 27.9992 10.4173 -13 9327 1 0 1
11.8452 10.6157 800 -0.534623 0.406714 27.9919 10.4179 -13 9328 1 0 1
3.28276 0.0460648 800 -0.0287011 0.131944 27.9997 10.4173 -13 9329 1 0 1
10.6033 1.93828 800 -0.106367 0.32314 27.9979 10.4174 -13 9330 1 0 1
12.6405 0.115029 800 -0.0473972 0.445134 27.9964 10.4175 -13 9331 1 0 1
-8.85973 -0.99902 800 0.0333708 -0.293871 27.9984 10.4174 -13 9332 1 0 1
0.724557 -1.77431 800 0.0595906 -0.06534 27.9999 10.4173 -13 9333 1 0 1
-7.57353 -0.0177334 800 -0.00970661 -0.248545 27.9989 10.4173 -13 9334 1 0 1
2.32354 2.43691 800 -0.120773 0.0385326 27.9997 10.4173 -13 9335 1 0 1
-8.73647 0.581234 800 0.0623378 -0.181288 27.9993 10.4174 -13 9336 1 0 1
-7.49595 -1.62916 800 -0.00858851 -0.266363 27.9987 10.4174 -13 9337 1 0 1
3.32505 2.05765 800 -0.141503 0.0310099 27.9996 10.4173 -13 9338 1 0 1
5.06499 1.20039 800 -0.0508005 0.173776 27.9994 10.4173 -13 9339 1 0 1
-25.7923 0.0453224 800 0.128809 -0.929517 27.9843 10.4183 -13 9340 1 0 1
-3.11239 -2.38292 800 0.0490993 -0.110868 27.9997 10.4173 -13 9341 1 0 1
1.37446 6.48069 800 -0.306457 0.0142973 27.9983 10.4174 -13 9342 1 0 1
-5.12938 1.04971 800 -0.034345 -0.212438 27.9992 10.4173 -13 9343 1 0 1
12.4639 3.84448 800 -0.199749 0.366725 27.9969 10.4174 -13 9344 1 0 1
1.09711 -0.633851 800 0.0865035 0.0013208 27.9999 10.4173 -13 9345 1 0 1
5.33065 -2.79426 800 0.0867679 0.180082 27.9993 10.4173 -13 9346 1 0 1
-21.2982 -8.79886 800 0.442689 -0.67605 27.9883 10.418 -13 9347 1 0 1
-1.23723 0.219279 800 0.0244745 -0.0918551 27.9998 10.4173 -13 9348 1 0 1
19.754 4.89483 800 -0.377397 0.764395 27.987 10.4183 -13 9349 1 0 1
0.871282 -3.22788 800 0.132132 -0.0216697 27.9997 10.4173 -13 9350 1 0 1
-1.11395 -4.62676 800 0.346811 -0.0665782 27.9978 10.4176 -13 9351 1 0 1
-2.08033 3.90084 800 -0.153161 -0.0593367 27.9995 10.4173 -13 9352 1 0 1
-5.09991 -0.801617 800 0.029606 -0.18464 27.9994 10.4173 -13 9353 1 0 1
5.59138 5.01974 800 -0.220579 0.199267 27.9984 10.4174 -13 9354 1 0 1
-8.81403 -3.58013 800 0.085482 -0.337239 27.9978 10.4175 -13 9355 1 0 1
2.1168 2.13438 800 -0.0355645 0.0793106 27.9999 10.4173 -13 9356 1 0 1
-9.1491 -1.86214 800 0.161121 -0.347634 27.9974 10.4175 -13 9357 1 0 1
-3.07729 1.62912 800 -0.0752377 -0.178839 27.9993 10.4173 -13 9358 1 0 1
0.272588 -1.81418 800 0.0353072 0.0502122 27.9999 10.4173 -13 9359 1 0 1
11.83 3.34207 800 -0.210492 0.473988 27.9952 10.4176 -13 9360 1 0 1
-0.458249 -1.28644 800 0.134289 0.0102373 27.9997 10.4173 -13 9361 1 0 1
-13.067 -2.83408 800 0.151287 -0.44166 27.9961 10.4175 -13 9362 1 0 1
-12.2498 -3.94033 800 0.182735 -0.481735 27.9953 10.4176 -13 9363 1 0 1
-13.7071 -3.40551 800 0.176659 -0.450996 27.9958 10.4175 -13 9364 1 0 1
-1.1782 1.48919 800 -0.119838 -0.092226 27.9996 10.4173 -13 9365 1 0 1
-0.294161 -4.10178 800 0.185508 0.0376412 27.9994 10.4173 -13 9366 1 0 1
-0.701932 6.93819 800 -0.223996 -0.00883601 27.9991 10.4173 -13 9367 1 0 1
10.8271 7.33385 800 -0.300684 0.367105 27.996 10.4175 -13 9368 1 0 1
3.68422 -7.31545 800 0.319547 0.0628971 27.9981 10.4175 -13 9369 1 0 1
1.78046 -3.14242 800 -0.0100681 0.0598857 27.9999 10.4173 -13 9370 1 0 1
9.26232 0.703278 800 -0.00507831 0.279277 27.9986 10.4174 -13 9371 1 0 1
-3.84496 -1.50412 800 0.109804 -0.13993 27.9994 10.4173 -13 9372 1 0 1
-2.08087 -0.427603 800 -0.0517496 -0.0884827 27.9998 10.4173 -13 9373 1 0 1
10.2706 4.25674 800 -0.159762 0.391213 27.9968 10.4175 -13 9374 1 0 1
-2.69733 0.768196 800 -0.0117238 -0.101747 27.9998 10.4173 -13 9375 1 0 1
-7.35472 -0.430359 800 0.0795183 -0.314072 27.9981 10.4174 -13 9376 1 0 1
0.412001 3.77975 800 -0.158536 -0.0401371 27.9995 10.4173 -13 9377 1 0 1
7.4067 -2.17838 800 0.0298628 0.248901 27.9989 10.4173 -13 9378 1 0 1
-1.70334 -5.55083 800 0.279503 -0.0597933 27.9985 10.4174 -13 9379 1 0 1
9.14128 4.75085 800 -0.250326 0.30798 27.9972 10.4174 -13 9380 1 0 1
-8.74231 -5.09084 800 0.245652 -0.281403 27.9975 10.4174 -13 9381 1 0 1
-2.49041 -1.59633 800 0.0820031 -0.150158 27.9995 10.4173 -13 9382 1 0 1
-6.55889 -1.56282 800 0.0438573 -0.293801 27.9984 10.4174 -13 9383 1 0 1
-2.04229 -1.22535 800 0.0605749 -0.0551878 27.9999 10.4173 -13 9384 1 0 1
5.85856 1.17884 800 0.0185094 0.10287 27.9998 10.4173 -13 9385 1 0 1
-16.9548 -4.27246 800 0.289825 -0.616711 27.9917 10.4178 -13 9386 1 0 1
2.49346 -1.1609 800 -0.0048496 0.0678059 27.9999 10.4173 -13 9387 1 0 1
-12.6879 -7.64589 800 0.423224 -0.438417 27.9934 10.4178 -13 9388 1 0 1
3.41029 1.79003 800 -0.118744 0.0446311 27.9997 10.4173 -13 9389 1 0 1
-0.981132 5.66945 800 -0.0800295 -0.0769897 27.9998 10.4173 -13 9390 1 0 1
-3.79791 3.2852 800 -0.102486 -0.0604707 27.9997 10.4173 -13 9391 1 0 1
-8.80415 -4.61754 800 0.334459 -0.295426 27.9964 10.4176 -13 9392 1 0 1
-8.40887 -3.45259 800 0.224336 -0.345141 27.997 10.4175 -13 9393 1 0 1
-4.52996 -4.35453 800 0.197983 -0.18226 27.9987 10.4174 -13 9394 1 0 1
2.12407 3.47191 800 -0.22449 0.0887493 27.999 10.4174 -13 9395 1 0 1
-3.19078 0.686271 800 0.0843469 -0.074911 27.9998 10.4173 -13 9396 1 0 1
-11.09 0.296303 800 0.0153927 -0.368317 27.9976 10.4174 -13 9397 1 0 1
11.0722 12.1937 800 -0.59123 0.331187 27.9918 10.4179 -13 9398 1 0 1
18.5339 3.41846 800 -0.326582 0.78419 27.9871 10.4184 -13 9399 1 0 1
4.20476 -4.80452 800 0.191098 0.209801 27.9986 10.4174 -13 9400 1 0 1
0.225889 2.48541 800 -0.067719 -0.0336581 27.9999 10.4173 -13 9401 1 0 1
-30.8762 -6.83938 800 0.496601 -1.11646 27.9733 10.4191 -13 9402 1 0 1
-0.951481 0.463948 800 0.0395089 -0.0581612 27.9999 10.4173 -13 9403 1 0 1
-18.3472 -1.57142 800 0.0714454 -0.618348 27.9931 10.4177 -13 9404 1 0 1
-7.3573 1.23163 800 0.0566977 -0.264288 27.9987 10.4174 -13 9405 1 0 1
22.4035 6.8348 800 -0.304317 0.77256 27.9877 10.4181 -13 9406 1 0 1
5.47875 -5.72486 800 0.167296 0.144146 27.9991 10.4173 -13 9407 1 0 1
-14.3488 -5.5435 800 0.376358 -0.575603 27.9916 10.418 -13 9408 1 0 1
5.28678 -4.71292 800 0.133806 0.251017 27.9986 10.4174 -13 9409 1 0 1
-13.619 -3.4037 800 0.25453 -0.534352 27.9937 10.4177 -13 9410 1 0 1
-9.48025 -7.76903 800 0.312168 -0.301695 27.9966 10.4175 -13 9411 1 0 1
-10.2736 -8.6442 800 0.388539 -0.317301 27.9955 10.4176 -13 9412 1 0 1
-16.3225 -1.23163 800 0.0754432 -0.611802 27.9932 10.4177 -13 9413 1 0 1
-1.89546 1.83958 800 -0.105424 -0.0563204 27.9997 10.4173 -13 9414 1 0 1
-0.298917 1.0319 800 -0.123677 -0.0973478 27.9996 10.4174 -13 9415 1 0 1
-0.260436 0.166227 800 0.0862134 -0.0125043 27.9999 10.4173 -13 9416 1 0 1
-4.40361 0.116556 800 -0.0201606 -0.133326 27.9997 10.4173 -13 9417 1 0 1
13.5472 -1.28601 800 -0.0337268 0.565173 27.9943 10.4177 -13 9418 1 0 1
-5.78676 -0.847533 800 0.0208939 -0.167976 27.9995 10.4173 -13 9419 1 0 1
-2.33373 -4.87123 800 0.0272688 -0.0601356 27.9999 10.4174 -13 9420 1 0 1
-12.4425 1.30728 800 0.0683098 -0.457267 27.9962 10.4175 -13 9421 1 0 1
-8.09819 -3.95958 800 0.169092 -0.284023 27.998 10.4174 -13 9422 1 0 1
-2.09781 -2.04483 800 0.140658 -0.0400037 27.9996 10.4173 -13 9423 1 0 1
6.38514 -0.5749 800 -0.0657986 0.250348 27.9988 10.4173 -13 9424 1 0 1
-0.00967423 3.63597 800 -0.117659 -0.0186334 27.9997 10.4173 -13 9425 1 0 1
12.4521 4.73773 800 -0.317036 0.439613 27.9948 10.4176 -13 9426 1 0 1
6.38752 8.75003 800 -0.421674 0.224717 27.9959 10.4176 -13 9427 1 0 1
-7.56223 -8.55019 800 0.355261 -0.297818 27.9962 10.4176 -13 9428 1 0 1
-3.9622 1.23197 800 0.0254422 -0.129796 27.9997 10.4173 -13 9429 1 0 1
0.609772 -2.48774 800 0.113551 0.00342354 27.9998 10.4173 -13 9430 1 0 1
19.1795 4.63573 800 -0.282908 0.728155 27.9891 10.418 -13 9431 1 0 1
6.56751 2.88388 800 -0.0836226 0.207134 27.9991 10.4173 -13 9432 1 0 1
-16.8916 -8.76429 800 0.387538 -0.678572 27.9891 10.4181 -13 9433 1 0 1
2.26377 4.83093 800 -0.23728 0.124288 27.9987 10.4174 -13 9434 1 0 1
-2.67199 -1.4895 800 -0.107965 -0.105756 27.9996 10.4174 -13 9435 1 0 1
-17.9577 -3.29587 800 0.205911 -0.511143 27.9946 10.4176 -13 9436 1 0 1
21.978 8.62442 800 -0.466635 0.72271 27.9868 10.4181 -13 9437 1 0 1
19.4234 7.93808 800 -0.404803 0.645744 27.9896 10.4179 -13 9438 1 0 1
-1.77218 -0.605176 800 0.0403394 -0.0736586 27.9999 10.4173 -13 9439 1 0 1
3.8331 2.37211 800 -0.123328 0.0175417 27.9997 10.4173 -13 9440 1 0 1
-5.60981 0.991058 800 -0.118008 -0.252218 27.9986 10.4174 -13 9441 1 0 1
20.7094 3.24921 800 -0.252282 0.816314 27.987 10.4182 -13 9442 1 0 1
-9.50392 -0.637498 800 0.0461734 -0.277659 27.9986 10.4174 -13 9443 1 0 1
5.60423 -4.12241 800 0.0296508 0.236311 27.999 10.4173 -13 9444 1 0 1
27.5513 9.02952 800 -0.499318 0.921098 27.9804 10.4185 -13 9445 1 0 1
-6.50683 3.35412 800 -0.0153369 -0.197062 27.9993 10.4173 -13 9446 1 0 1
1.7436 -1.63695 800 0.0874851 0.0553638 27.9998 10.4173 -13 9447 1 0 1
16.5744 6.35787 800 -0.374062 0.567391 27.9918 10.4178 -13 9448 1 0 1
3.63616 -2.97418 800 0.0111257 0.0603944 27.9999 10.4173 -13 9449 1 0 1
5.6813 -1.53615 800 0.0342886 0.166101 27.9995 10.4173 -13 9450 1 0 1
0.259648 -1.26466 800 0.053236 0.0147669 27.9999 10.4173 -13 9451 1 0 1
-8.72626 -1.19034 800 0.0300414 -0.255663 27.9988 10.4173 -13 9452 1 0 1
3.83996 -3.64392 800 0.024222 0.20029 27.9993 10.4173 -13 9453 1 0 1
3.71513 -2.29338 800 0.181857 0.0693548 27.9993 10.4174 -13 9454 1 0 1
2.864 4.16321 800 -0.178008 0.0962092 27.9993 10.4173 -13 9455 1 0 1
-16.4792 0.0852964 800 -0.000207499 -0.577878 27.994 10.4177 -13 9456 1 0 1
-9.25106 0.314079 800 0.0447543 -0.374496 27.9975 10.4174 -13 9457 1 0 1
5.7853 2.65586 800 -0.103596 0.286583 27.9983 10.4174 -13 9458 1 0 1
-8.21009 1.14907 800 -0.00872627 -0.372171 27.9975 10.4175 -13 9459 1 0 1
14.3821 2.38443 800 -0.136259 0.531615 27.9946 10.4176 -13 9460 1 0 1
9.18316 4.82991 800 -0.289589 0.339312 27.9964 10.4175 -13 9461 1 0 1
8.06739 0.830006 800 -0.0939861 0.356056 27.9976 10.4175 -13 9462 1 0 1
-10.5952 -1.24224 800 -0.0419445 -0.341459 27.9979 10.4175 -13 9463 1 0 1
11.4332 -0.937721 800 0.0327467 0.38991 27.9973 10.4175 -13 9464 1 0 1
1.9473 1.4806 800 -0.108123 -0.0255557 27.9998 10.4173 -13 9465 1 0 1
7.21779 6.01659 800 -0.376073 0.239201 27.9965 10.4176 -13 9466 1 0 1
30.0232 1.3817 800 -0.244795 0.975279 27.9819 10.4184 -13 9467 1 0 1
1.01269 -5.34699 800 0.14956 0.00879 27.9996 10.4173 -13 9468 1 0 1
5.21674 2.35713 800 -0.141419 0.0869721 27.9995 10.4173 -13 9469 1 0 1
13.5787 5.67718 800 -0.360286 0.495014 27.9933 10.4178 -13 9470 1 0 1
-9.58047 -7.77551 800 0.25636 -0.38087 27.9962 10.4176 -13 9471 1 0 1
0.710585 6.38964 800 -0.182781 0.021765 27.9994 10.4173 -13 9472 1 0 1
-16.0195 -2.80012 800 0.157065 -0.467729 27.9957 10.4175 -13 9473 1 0 1
-5.37983 -2.70838 800 0.115606 -0.249655 27.9986 10.4174 -13 9474 1 0 1
-7.33288 -5.83688 800 0.285792 -0.28737 27.9971 10.4175 -13 9475 1 0 1
-6.01537 -0.103473 800 0.0911834 -0.19846 27.9991 10.4173 -13 9476 1 0 1
12.423 2.1756 800 -0.161786 0.50004 27.9951 10.4176 -13 9477 1 0 1
-6.94995 -0.886099 800 -0.0237308 -0.29359 27.9985 10.4174 -13 9478 1 0 1
-4.7194 0.218167 800 -0.000476662 -0.121941 27.9997 10.4173 -13 9479 1 0 1
-9.79142 -1.33959 800 0.0726699 -0.251886 27.9988 10.4174 -13 9480 1 0 1
10.9607 4.7861 800 -0.317873 0.357319 27.9959 10.4176 -13 9481 1 0 1
-5.08221 -3.60886 800 0.221747 -0.124763 27.9988 10.4174 -13 9482 1 0 1
12.6378 1.62005 800 -0.1974 0.422686 27.9961 10.4175 -13 9483 1 0 1
-4.75402 0.366213 800 0.0758599 -0.259999 27.9987 10.4174 -13 9484 1 0 1
-4.08838 1.09006 800 -0.087984 -0.110349 27.9996 10.4173 -13 9485 1 0 1
16.7067 1.71311 800 -0.187341 0.496641 27.995 10.4176 -13 9486 1 0 1
4.16335 1.18271 800 -0.134391 0.180133 27.9991 10.4174 -13 9487 1 0 1
-6.97776 -4.85793 800 0.0900056 -0.182889 27.9993 10.4174 -13 9488 1 0 1
5.93319 0.346461 800 -0.0788401 0.180715 27.9993 10.4173 -13 9489 1 0 1
1.58336 0.13139 800 -0.15801 0.0632149 27.9995 10.4174 -13 9490 1 0 1
14.1784 4.18196 800 -0.233401 0.442853 27.9955 10.4175 -13 9491 1 0 1
-1.31556 -0.901831 800 0.132322 -0.100809 27.9995 10.4174 -13 9492 1 0 1
-6.58144 -2.11354 800 0.114205 -0.309727 27.9981 10.4174 -13 9493 1 0 1
1.57265 -1.09642 800 -0.0116979 0.171696 27.9995 10.4174 -13 9494 1 0 1
2.46369 -3.31051 800 0.0620051 0.0756581 27.9998 10.4173 -13 9495 1 0 1
3.4926 5.2181 800 -0.21019 0.122381 27.9989 10.4173 -13 9496 1 0 1
-1.46895 4.72977 800 -0.122154 -0.0966379 27.9996 10.4173 -13 9497 1 0 1
7.06229 -0.0105851 800 -0.0700062 0.23819 27.9989 10.4173 -13 9498 1 0 1
5.40985 5.49402 800 -0.111512 0.193106 27.9991 10.4174 -13 9499 1 0 1
-3.53489 -4.0593 800 0.0704127 -0.141614 27.9996 10.4173 -13 9500 1 0 1
12.6383 3.72817 800 -0.0975222 0.371631 27.9974 10.4175 -13 9501 1 0 1
-12.8961 1.44695 800 -0.0673621 -0.408522 27.9969 10.4175 -13 9502 1 0 1
8.1783 -0.690931 800 -0.0210114 0.21035 27.9992 10.4173 -13 9503 1 0 1
29.1329 4.66413 800 -0.291005 1.00221 27.9805 10.4185 -13 9504 1 0 1
4.5132 4.83444 800 -0.184514 0.195954 27.9987 10.4174 -13 9505 1 0 1
-11.0474 -3.08818 800 0.194745 -0.445067 27.9958 10.4176 -13 9506 1 0 1
-1.41132 2.71679 800 -0.105022 0.00134796 27.9998 10.4173 -13 9507 1 0 1
8.64626 3.17888 800 -0.182833 0.210642 27.9986 10.4174 -13 9508 1 0 1
-6.88994 -1.45673 800 0.121732 -0.187603 27.9991 10.4173 -13 9509 1 0 1
-11.4556 6.47036 800 -0.237657 -0.418887 27.9959 10.4176 -13 9510 1 0 1
-1.48195 -4.99987 800 0.173453 0.0570046 27.9994 10.4173 -13 9511 1 0 1
3.6355 1.83517 800 -0.0790658 0.126137 27.9996 10.4173 -13 9512 1 0 1
-6.15938 -1.56582 800 0.0197957 -0.156782 27.9996 10.4173 -13 9513 1 0 1
-12.6301 0.700863 800 0.0667193 -0.42817 27.9966 10.4175 -13 9514 1 0 1
-5.9631 -1.747 800 0.136877 -0.132536 27.9994 10.4173 -13 9515 1 0 1
-1.22207 -2.34382 800 0.0896767 0.0327848 27.9998 10.4173 -13 9516 1 0 1
6.3116 6.02361 800 -0.378758 0.176051 27.9969 10.4176 -13 9517 1 0 1
8.24656 1.06753 800 -0.10884 0.236917 27.9988 10.4173 -13 9518 1 0 1
-10.2275 -9.44646 800 0.370021 -0.204293 27.9968 10.4175 -13 9519 1 0 1
7.61804 1.09459 800 -0.0847203 0.372922 27.9974 10.4175 -13 9520 1 0 1
13.1059 3.06342 800 -0.0863274 0.398871 27.997 10.4175 -13 9521 1 0 1
-4.69374 -4.54194 800 0.195202 -0.192689 27.9987 10.4174 -13 9522 1 0 1
10.2487 -1.5283 800 0.0204147 0.270724 27.9987 10.4174 -13 9523 1 0 1
-5.71723 -1.91469 800 0.0980285 -0.236438 27.9988 10.4173 -13 9524 1 0 1
21.4529 8.0391 800 -0.420638 0.692932 27.9883 10.418 -13 9525 1 0 1
18.1568 3.00042 800 -0.168499 0.532335 27.9944 10.4176 -13 9526 1 0 1
7.20046 -0.0895641 800 -0.0113566 0.309139 27.9983 10.4174 -13 9527 1 0 1
-0.599818 0.518584 800 0.00437773 0.00252121 28 10.4173 -13 9528 1 0 1
8.51 -3.59626 800 0.112438 0.299847 27.9982 10.4174 -13 9529 1 0 1
-10.0694 4.38296 800 -0.0898765 -0.360833 27.9975 10.4174 -13 9530 1 0 1
0.984121 0.0558712 800 0.0520481 0.0841523 27.9998 10.4173 -13 9531 1 0 1
7.60589 4.34169 800 -0.174503 0.216249 27.9986 10.4173 -13 9532 1 0 1
-0.017196 -1.46174 800 0.0404472 0.0523532 27.9999 10.4173 -13 9533 1 0 1
7.79263 -0.557291 800 -0.141621 0.287512 27.9982 10.4174 -13 9534 1 0 1
-12.294 -8.98644 800 0.425374 -0.450028 27.9932 10.4178 -13 9535 1 0 1
-1.90544 -1.69956 800 0.0836168 -0.0556007 27.9998 10.4173 -13 9536 1 0 1
6.9364 1.96234 800 -0.139995 0.168026 27.9991 10.4173 -13 9537 1 0 1
8.0986 2.64609 800 -0.110766 0.297849 27.9982 10.4174 -13 9538 1 0 1
-15.5553 3.2433 800 -0.00901965 -0.496227 27.9956 10.4175 -13 9539 1 0 1
2.02152 -8.54272 800 0.361893 0.0219505 27.9977 10.4175 -13 9540 1 0 1
12.8679 2.09947 800 -0.17341 0.369219 27.997 10.4174 -13 9541 1 0 1
-9.21303 -7.20301 800 0.428001 -0.321984 27.9949 10.4177 -13 9542 1 0 1
-12.218 -0.868993 800 0.150315 -0.404467 27.9967 10.4175 -13 9543 1 0 1
0.54736 -2.63729 800 0.0673182 0.0388268 27.9999 10.4173 -13 9544 1 0 1
-2.70739 3.73021 800 -0.0730555 -0.134278 27.9996 10.4173 -13 9545 1 0 1
0.193269 -0.904533 800 0.200459 -0.0324641 27.9993 10.4175 -13 9546 1 0 1
-5.77453 0.952981 800 -0.0603991 -0.190429 27.9993 10.4173 -13 9547 1 0 1
4.29319 -1.1006 800 0.0734975 0.247076 27.9988 10.4174 -13 9548 1 0 1
-6.28335 0.724606 800 -0.0774179 -0.223765 27.999 10.4174 -13 9549 1 0 1
7.89683 4.31485 800 -0.233761 0.349945 27.9968 10.4175 -13 9550 1 0 1
-11.7551 -3.74935 800 0.141879 -0.311757 27.9979 10.4174 -13 9551 1 0 1
-1.75641 1.06607 800 0.0363107 -0.039115 27.9999 10.4173 -13 9552 1 0 1
-11.7038 -2.86239 800 0.0605168 -0.410401 27.9969 10.4175 -13 9553 1 0 1
-9.43491 -4.62107 800 0.217405 -0.262166 27.9979 10.4174 -13 9554 1 0 1
-3.46807 -0.928955 800 0.123709 -0.0717106 27.9996 10.4173 -13 9555 1 0 1
8.14037 4.51402 800 -0.238054 0.244629 27.9979 10.4174 -13 9556 1 0 1
4.32385 1.49207 800 -0.135591 0.200764 27.999 10.4174 -13 9557 1 0 1
-8.91774 -1.84563 800 0.187304 -0.313183 27.9976 10.4174 -13 9558 1 0 1
-0.865283 -2.89315 800 0.121498 -0.0568837 27.9997 10.4173 -13 9559 1 0 1
3.57563 2.05355 800 0.000633416 0.194939 27.9993 10.4174 -13 9560 1 0 1
6.91491 2.2976 800 -0.106433 0.206677 27.999 10.4173 -13 9561 1 0 1
-1.01509 2.38567 800 -0.138106 -0.0661893 27.9996 10.4173 -13 9562 1 0 1
-4.44633 -1.59183 800 0.0343283 -0.1015 27.9998 10.4173 -13 9563 1 0 1
23.623 2.93837 800 -0.257394 0.869723 27.9853 10.4183 -13 9564 1 0 1
-0.269394 -1.98066 800 0.161466 0.00298655 27.9995 10.4173 -13 9565 1 0 1
-2.06111 0.567708 800 -0.0589547 -0.0761754 27.9998 10.4173 -13 9566 1 0 1
0.0204806 -2.58671 800 0.182963 0.0415347 27.9994 10.4173 -13 9567 1 0 1
-7.32856 1.0157 800 -0.0287191 -0.182191 27.9994 10.4173 -13 9568 1 0 1
0.0616717 0.279519 800 0.0776609 -0.00466063 27.9999 10.4173 -13 9569 1 0 1
-12.9849 -4.50892 800 0.248105 -0.426477 27.9957 10.4175 -13 9570 1 0 1
4.01155 -1.16721 800 0.0266801 0.110245 27.9998 10.4173 -13 9571 1 0 1
-15.1 -2.18505 800 0.17726 -0.485794 27.9952 10.4176 -13 9572 1 0 1
-2.32231 -3.0262 800 0.104877 -0.0925425 27.9997 10.4173 -13 9573 1 0 1
10.7987 3.40486 800 -0.202385 0.403015 27.9964 10.4175 -13 9574 1 0 1
-4.87415 7.08983 800 -0.228489 -0.136375 27.9987 10.4174 -13 9575 1 0 1
2.59627 1.00204 800 -0.0311208 0.15183 27.9996 10.4173 -13 9576 1 0 1
-13.0474 0.999182 800 0.0612872 -0.551063 27.9945 10.4177 -13 9577 1 0 1
-6.08865 -5.39859 800 0.265468 -0.22035 27.9979 10.4174 -13 9578 1 0 1
12.6681 4.64823 800 -0.276652 0.304358 27.997 10.4175 -13 9579 1 0 1
-0.0243373 -0.0444291 800 -0.064004 -0.0505604 27.9999 10.4173 -13 9580 1 0 1
10.8156 4.20719 800 -0.196244 0.288928 27.9978 10.4174 -13 9581 1 0 1
1.94382 8.09383 800 -0.304914 0.0360625 27.9983 10.4174 -13 9582 1 0 1
18.7404 7.4339 800 -0.286325 0.633161 27.9914 10.4178 -13 9583 1 0 1
6.22979 0.837119 800 -0.119386 0.307002 27.9981 10.4175 -13 9584 1 0 1
-3.10056 -1.55745 800 0.0871998 -0.199272 27.9992 10.4174 -13 9585 1 0 1
2.73365 2.79483 800 -0.0361379 0.115575 27.9997 10.4173 -13 9586 1 0 1
-13.4923 -6.34123 800 0.310467 -0.51287 27.9936 10.4177 -13 9587 1 0 1
-18.7661 -12.1696 800 0.60453 -0.603502 27.987 10.4181 -13 9588 1 0 1
-5.29186 -2.66023 800 0.160263 -0.190991 27.9989 10.4173 -13 9589 1 0 1
17.5563 5.77025 800 -0.307159 0.517578 27.9935 10.4177 -13 9590 1 0 1
0.398451 -3.18609 800 0.113836 0.0263555 27.9998 10.4173 -13 9591 1 0 1
-8.08231 -2.96181 800 0.247429 -0.236947 27.9979 10.4174 -13 9592 1 0 1
8.77431 1.95667 800 -0.106059 0.319095 27.998 10.4174 -13 9593 1 0 1
-14.0012 -6.86703 800 0.377961 -0.520842 27.9926 10.4178 -13 9594 1 0 1
-3.71937 -4.73437 800 0.252632 -0.240797 27.9978 10.4175 -13 9595 1 0 1
19.2902 5.89907 800 -0.287933 0.582506 27.9925 10.4177 -13 9596 1 0 1
16.6449 7.32184 800 -0.390843 0.551823 27.9918 10.4178 -13 9597 1 0 1
-2.96663 4.98639 800 -0.14836 -0.122103 27.9993 10.4173 -13 9598 1 0 1
-16.7725 -5.66008 800 0.296128 -0.660268 27.9906 10.418 -13 9599 1 0 1
-4.35037 -2.61138 800 0.0669175 -0.143807 27.9996 10.4173 -13 9600 1 0 1
4.36054 0.96636 800 -0.0317451 0.0729044 27.9999 10.4173 -13 9601 1 0 1
6.14613 4.28787 800 -0.330843 0.258346 27.9969 10.4176 -13 9602 1 0 1
11.2708 0.990307 800 -0.118474 0.461884 27.9959 10.4176 -13 9603 1 0 1
0.954544 2.00244 800 -0.0805575 0.125358 27.9996 10.4173 -13 9604 1 0 1
-10.2039 4.97402 800 -0.162175 -0.46024 27.9957 10.4176 -13 9605 1 0 1
3.87417 0.667283 800 -0.0822604 0.15094 27.9995 10.4173 -13 9606 1 0 1
-5.4839 -3.38114 800 0.191154 -0.275732 27.998 10.4175 -13 9607 1 0 1
-11.6086 -5.08094 800 0.15802 -0.446733 27.996 10.4176 -13 9608 1 0 1
-4.9728 0.537286 800 -0.045236 -0.236848 27.999 10.4174 -13 9609 1 0 1
0.963595 -4.14008 800 0.11549 -0.102669 27.9996 10.4174 -13 9610 1 0 1
23.6731 0.619874 800 -0.0873888 0.755723 27.9897 10.4179 -13 9611 1 0 1
5.68101 2.39704 800 -0.0514135 0.188562 27.9993 10.4173 -13 9612 1 0 1
-5.66205 1.50358 800 -0.000572191 -0.20808 27.9992 10.4173 -13 9613 1 0 1
-8.44411 1.26035 800 -0.0907417 -0.152377 27.9994 10.4174 -13 9614 1 0 1
-1.49353 -7.06333 800 0.268129 -0.0984446 27.9985 10.4174 -13 9615 1 0 1
3.36591 3.42869 800 -0.14509 0.0546681 27.9996 10.4173 -13 9616 1 0 1
-1.4735 0.730072 800 0.020637 -0.0852163 27.9999 10.4173 -13 9617 1 0 1
-7.48228 -1.63462 800 0.22556 -0.205379 27.9983 10.4174 -13 9618 1 0 1
6.28161 6.76627 800 -0.280547 0.209285 27.9978 10.4174 -13 9619 1 0 1
2.21617 3.83157 800 -0.260105 0.0664526 27.9987 10.4174 -13 9620 1 0 1
0.099255 -2.08091 800 0.00276647 0.0117905 28 10.4173 -13 9621 1 0 1
0.62066 0.893844 800 0.0726803 -0.0587852 27.9998 10.4174 -13 9622 1 0 1
12.2649 4.40772 800 -0.202325 0.422459 27.9961 10.4175 -13 9623 1 0 1
-0.262495 0.382938 800 -0.0587169 -0.0260174 27.9999 10.4173 -13 9624 1 0 1
12.4294 3.36319 800 -0.149269 0.479312 27.9955 10.4176 -13 9625 1 0 1
-13.0311 1.89081 800 0.034743 -0.38908 27.9973 10.4174 -13 9626 1 0 1
-0.20687 4.56711 800 -0.115623 -0.0403677 27.9997 10.4173 -13 9627 1 0 1
1.18407 2.14091 800 -0.0539295 0.0246734 27.9999 10.4173 -13 9628 1 0 1
8.35517 1.47939 800 -0.243733 0.142164 27.9986 10.4175 -13 9629 1 0 1
6.32462 2.61829 800 -0.0107729 0.195127 27.9993 10.4174 -13 9630 1 0 1
16.9857 0.0803875 800 -0.00409575 0.608374 27.9934 10.4177 -13 9631 1 0 1
2.27276 -2.71861 800 0.109288 0.0146331 27.9998 10.4173 -13 9632 1 0 1
0.450485 0.285424 800 0.0210363 -0.0239799 28 10.4173 -13 9633 1 0 1
-10.7762 -5.76933 800 0.344842 -0.302564 27.9962 10.4175 -13 9634 1 0 1
-14.4143 -6.89106 800 0.271173 -0.416787 27.9956 10.4175 -13 9635 1 0 1
6.01172 -1.18951 800 -0.0368774 0.183009 27.9994 10.4173 -13 9636 1 0 1
-6.03666 -1.48487 800 -0.00364644 -0.190645 27.9994 10.4173 -13 9637 1 0 1
-0.104961 0.927664 800 0.0342701 -0.0514964 27.9999 10.4173 -13 9638 1 0 1
23.6969 9.71762 800 -0.521813 0.875648 27.9814 10.4186 -13 9639 1 0 1
0.999114 2.28386 800 -0.0156776 0.0367542 28 10.4173 -13 9640 1 0 1
23.4213 8.8494 800 -0.520341 0.790892 27.984 10.4183 -13 9641 1 0 1
-16.1127 -0.554651 800 0.184938 -0.467936 27.9955 10.4176 -13 9642 1 0 1
7.11434 4.52051 800 -0.28004 0.184929 27.998 10.4174 -13 9643 1 0 1
5.88054 6.79158 800 -0.281119 0.25976 27.9974 10.4175 -13 9644 1 0 1
16.8298 3.10807 800 -0.141149 0.560873 27.994 10.4177 -13 9645 1 0 1
-0.230944 7.15593 800 -0.231072 -0.0816882 27.9989 10.4173 -13 9646 1 0 1
-18.2433 -6.16763 800 0.325068 -0.584591 27.992 10.4178 -13 9647 1 0 1
-8.97732 -9.21276 800 0.425061 -0.336791 27.9947 10.4177 -13 9648 1 0 1
12.1227 3.39088 800 -0.222 0.450864 27.9955 10.4176 -13 9649 1 0 1
-4.45909 -0.00739603 800 0.0846595 -0.0337495 27.9999 10.4173 -13 9650 1 0 1
-6.83935 6.81819 800 -0.148313 -0.191606 27.999 10.4173 -13 9651 1 0 1
8.18824 4.15417 800 -0.143273 0.285037 27.9982 10.4174 -13 9652 1 0 1
6.33821 0.424788 800 -0.0110284 0.242934 27.9989 10.4173 -13 9653 1 0 1
6.85938 8.19471 800 -0.426135 0.27688 27.9954 10.4177 -13 9654 1 0 1
-11.48 -4.17926 800 0.239027 -0.344009 27.9969 10.4175 -13 9655 1 0 1
10.5309 3.98997 800 -0.131001 0.37958 27.9971 10.4175 -13 9656 1 0 1
-4.23116 -1.42645 800 0.0793358 -0.10947 27.9997 10.4173 -13 9657 1 0 1
-18.4769 -3.9267 800 0.269484 -0.582232 27.9926 10.4177 -13 9658 1 0 1
-15.3553 -7.18675 800 0.403825 -0.462477 27.9933 10.4177 -13 9659 1 0 1
-10.8924 0.428187 800 -0.0696399 -0.443135 27.9964 10.4176 -13 9660 1 0 1
14.7537 10.3562 800 -0.478838 0.478377 27.9918 10.4178 -13 9661 1 0 1
-8.94843 0.800988 800 0.0190208 -0.314293 27.9982 10.4174 -13 9662 1 0 1
2.76333 6.29457 800 -0.304799 0.0926725 27.9982 10.4174 -13 9663 1 0 1
14.6753 9.4101 800 -0.407839 0.502726 27.9925 10.4178 -13 9664 1 0 1
-1.94349 -2.64908 800 0.0625927 -0.0853009 27.9998 10.4173 -13 9665 1 0 1
7.07487 1.99158 800 -0.0512654 0.188306 27.9993 10.4173 -13 9666 1 0 1
14.7911 4.00398 800 -0.139216 0.554598 27.9942 10.4177 -13 9667 1 0 1
5.58861 0.444959 800 -0.110883 0.307556 27.9981 10.4175 -13 9668 1 0 1
-11.2844 -3.82045 800 0.194879 -0.352181 27.9971 10.4174 -13 9669 1 0 1
2.62439 3.84006 800 -0.122995 0.12393 27.9995 10.4173 -13 9670 1 0 1
-14.7588 -8.80601 800 0.460262 -0.561719 27.9906 10.418 -13 9671 1 0 1
8.21133 2.10914 800 -0.172114 0.258899 27.9983 10.4174 -13 9672 1 0 1
0.4825 -2.97538 800 0.0344748 0.0484299 27.9999 10.4173 -13 9673 1 0 1
-0.356197 -6.00609 800 0.28319 -0.0437528 27.9985 10.4174 -13 9674 1 0 1
3.27308 0.958861 800 -0.084833 0.134659 27.9995 10.4173 -13 9675 1 0 1
5.41923 1.04722 800 -0.036065 0.121967 27.9997 10.4173 -13 9676 1 0 1
-12.7597 -5.63731 800 0.272636 -0.554865 27.9932 10.4179 -13 9677 1 0 1
0.784027 11.0809 800 -0.500259 0.0227735 27.9955 10.4177 -13 9678 1 0 1
8.94367 2.81216 800 -0.153022 0.295483 27.998 10.4174 -13 9679 1 0 1
-11.7891 0.463876 800 -0.0154454 -0.395429 27.9972 10.4175 -13 9680 1 0 1
-10.4909 -1.19857 800 0.0921218 -0.337541 27.9978 10.4174 -13 9681 1 0 1
-3.54601 -6.40338 800 0.24991 -0.0737675 27.9988 10.4173 -13 9682 1 0 1
-4.06068 -4.74591 800 0.150163 -0.165207 27.9991 10.4173 -13 9683 1 0 1
-8.75479 1.44808 800 -0.00824173 -0.313931 27.9982 10.4174 -13 9684 1 0 1
-5.34765 0.0850338 800 0.00458803 -0.189691 27.9994 10.4173 -13 9685 1 0 1
-12.1605 0.102357 800 0.0440081 -0.366053 27.9976 10.4174 -13 9686 1 0 1
-0.535817 -3.24586 800 0.111455 0.00807457 27.9998 10.4173 -13 9687 1 0 1
1.13238 1.14816 800 -0.113456 0.0915767 27.9996 10.4173 -13 9688 1 0 1
-8.77918 -1.08122 800 0.0811098 -0.384987 27.9972 10.4175 -13 9689 1 0 1
16.6518 5.35614 800 -0.360711 0.579506 27.9917 10.4178 -13 9690 1 0 1
-8.83883 -8.28521 800 0.385136 -0.31556 27.9956 10.4176 -13 9691 1 0 1
-1.21889 1.89815 800 0.0236973 0.00306105 28 10.4173 -13 9692 1 0 1
5.58397 -1.25158 800 -0.0374723 0.214714 27.9992 10.4173 -13 9693 1 0 1
-10.7181 -2.86758 800 0.204108 -0.27106 27.9979 10.4174 -13 9694 1 0 1
-16.6416 -2.89334 800 0.251558 -0.487677 27.9946 10.4176 -13 9695 1 0 1
-14.8928 -1.12121 800 0.181522 -0.521353 27.9946 10.4176 -13 9696 1 0 1
-14.5696 0.484647 800 0.0202857 -0.536235 27.9949 10.4176 -13 9697 1 0 1
-6.37794 3.37951 800 -0.0308112 -0.155586 27.9996 10.4173 -13 9698 1 0 1
-18.0228 -5.17191 800 0.233501 -0.683727 27.9907 10.4179 -13 9699 1 0 1
-8.58356 1.86124 800 -0.0818818 -0.276862 27.9985 10.4174 -13 9700 1 0 1
-1.0813 3.50479 800 -0.0636437 0.0250307 27.9999 10.4173 -13 9701 1 0 1
-4.24429 -1.69283 800 0.101137 -0.112582 27.9996 10.4173 -13 9702 1 0 1
-18.3321 -5.68371 800 0.299265 -0.628687 27.9913 10.4178 -13 9703 1 0 1
-11.5053 -0.483769 800 0.141621 -0.409227 27.9967 10.4175 -13 9704 1 0 1
1.29544 -2.28457 800 0.0301802 0.0160026 28 10.4173 -13 9705 1 0 1
-6.36787 -3.64346 800 0.190519 -0.155854 27.9989 10.4173 -13 9706 1 0 1
-21.8044 -6.04636 800 0.297169 -0.66097 27.9906 10.4178 -13 9707 1 0 1
5.59684 2.64472 800 -0.103747 0.236233 27.9988 10.4174 -13 9708 1 0 1
-1.89856 -6.07143 800 0.253433 -0.0189589 27.9988 10.4173 -13 9709 1 0 1
1.20213 -4.36553 800 0.0736383 -0.00700968 27.9999 10.4173 -13 9710 1 0 1
-19.8998 -7.06712 800 0.439167 -0.777649 27.9858 10.4184 -13 9711 1 0 1
3.24545 -0.209988 800 -0.0569148 0.0644031 27.9999 10.4173 -13 9712 1 0 1
-1.28052 2.2355 800 -0.125786 0.0296886 27.9997 10.4173 -13 9713 1 0 1
8.97884 -3.06364 800 0.182612 0.350857 27.9972 10.4175 -13 9714 1 0 1
11.0513 -2.19799 800 0.0104219 0.389741 27.9973 10.4174 -13 9715 1 0 1
12.5681 6.38591 800 -0.400766 0.439255 27.9937 10.4178 -13 9716 1 0 1
-2.89055 -2.32857 800 0.127246 -0.0783146 27.9996 10.4173 -13 9717 1 0 1
-21.255 -8.06588 800 0.428041 -0.805918 27.9851 10.4184 -13 9718 1 0 1
10.9703 -1.47977 800 0.0345843 0.391737 27.9972 10.4174 -13 9719 1 0 1
-1.94304 3.54925 800 -0.116031 -0.0768608 27.9997 10.4173 -13 9720 1 0 1
-6.94884 2.35274 800 -0.0485192 -0.202966 27.9992 10.4173 -13 9721 1 0 1
-4.12896 0.511213 800 -0.114544 -0.242634 27.9987 10.4175 -13 9722 1 0 1
14.6309 2.17302 800 -0.068997 0.4885 27.9957 10.4176 -13 9723 1 0 1
3.00536 0.744539 800 -0.0688018 0.100737 27.9997 10.4173 -13 9724 1 0 1
11.2771 2.71531 800 -0.122004 0.400665 27.9969 10.4175 -13 9725 1 0 1
-17.2367 -8.42003 800 0.362242 -0.566501 27.9919 10.4178 -13 9726 1 0 1
11.8753 0.441404 800 -0.0829436 0.375535 27.9974 10.4174 -13 9727 1 0 1
0.631544 1.45421 800 -0.0753052 0.0600611 27.9998 10.4173 -13 9728 1 0 1
5.66106 -1.31834 800 -0.0302645 0.217226 27.9991 10.4173 -13 9729 1 0 1
-5.27546 -2.16279 800 0.0959663 -0.287604 27.9984 10.4174 -13 9730 1 0 1
-3.82574 -0.606997 800 0.0717395 -0.155852 27.9995 10.4173 -13 9731 1 0 1
7.34372 -4.64512 800 0.0621418 0.317345 27.9981 10.4174 -13 9732 1 0 1
2.83931 -1.86545 800 0.068627 0.10791 27.9997 10.4173 -13 9733 1 0 1
2.228 1.16841 800 -0.0630803 0.0135651 27.9999 10.4173 -13 9734 1 0 1
-4.24046 -5.92043 800 0.202287 -0.118164 27.999 10.4173 -13 9735 1 0 1
-7.64837 -3.54781 800 0.236222 -0.331451 27.997 10.4175 -13 9736 1 0 1
10.4679 -1.15778 800 0.0610063 0.349657 27.9978 10.4174 -13 9737 1 0 1
-5.3766 -3.79642 800 0.133966 -0.244902 27.9986 10.4174 -13 9738 1 0 1
7.19617 -7.30154 800 0.228491 0.243404 27.998 10.4174 -13 9739 1 0 1
5.48853 3.89648 800 -0.159248 0.222475 27.9987 10.4174 -13 9740 1 0 1
0.492818 -5.06229 800 0.208237 -0.0213642 27.9992 10.4173 -13 9741 1 0 1
9.14699 -2.76422 800 0.0974502 0.365428 27.9974 10.4175 -13 9742 1 0 1
17.7783 11.3379 800 -0.561556 0.56901 27.9886 10.418 -13 9743 1 0 1
12.4791 9.14481 800 -0.554641 0.437197 27.9911 10.418 -13 9744 1 0 1
1.66293 -0.774662 800 -0.105329 0.0672149 27.9997 10.4173 -13 9745 1 0 1
-3.30828 2.77945 800 -0.0309417 -0.0921358 27.9998 10.4173 -13 9746 1 0 1
-2.83919 -4.62254 800 0.274064 -0.100608 27.9985 10.4174 -13 9747 1 0 1
3.5398 8.85433 800 -0.436694 0.0536348 27.9965 10.4176 -13 9748 1 0 1
5.63763 -1.60784 800 0.0315679 0.17479 27.9994 10.4173 -13 9749 1 0 1
2.58241 2.70055 800 -0.122771 0.155807 27.9993 10.4173 -13 9750 1 0 1
-10.627 0.05528 800 0.0842139 -0.452881 27.9962 10.4176 -13 9751 1 0 1
-6.97401 -3.09893 800 0.174632 -0.284564 27.998 10.4174 -13 9752 1 0 1
-1.57539 3.36971 800 -0.0954334 -0.0235359 27.9998 10.4173 -13 9753 1 0 1
3.03866 -1.70639 800 0.0875469 0.188731 27.9992 10.4174 -13 9754 1 0 1
15.4875 3.10698 800 -0.221339 0.487133 27.9949 10.4176 -13 9755 1 0 1
-5.67332 -4.21233 800 0.174928 -0.226378 27.9985 10.4174 -13 9756 1 0 1
-21.2076 -9.06331 800 0.470018 -0.739588 27.9863 10.4182 -13 9757 1 0 1
23.0538 9.0761 800 -0.589699 0.752472 27.9837 10.4184 -13 9758 1 0 1
3.47681 4.38661 800 -0.203372 0.142084 27.9989 10.4173 -13 9759 1 0 1
-16.8798 -2.8196 800 0.185188 -0.645756 27.9919 10.4178 -13 9760 1 0 1
14.9697 1.61108 800 -0.13838 0.574935 27.9938 10.4177 -13 9761 1 0 1
6.63543 -2.37992 800 0.1232 0.217436 27.9989 10.4174 -13 9762 1 0 1
3.62301 3.3364 800 -0.192583 0.134067 27.999 10.4173 -13 9763 1 0 1
1.56838 -1.6678 800 0.049961 0.0897501 27.9998 10.4173 -13 9764 1 0 1
-15.9184 -0.136759 800 0.131342 -0.530856 27.9947 10.4176 -13 9765 1 0 1
-10.3925 -3.8312 800 0.250782 -0.322086 27.997 10.4175 -13 9766 1 0 1
-2.00273 0.731168 800 -0.00600544 -0.0557811 27.9999 10.4173 -13 9767 1 0 1
-7.42491 -0.775573 800 0.0574288 -0.173168 27.9994 10.4173 -13 9768 1 0 1
-2.10728 -2.95572 800 0.0326354 -0.0594444 27.9999 10.4173 -13 9769 1 0 1
10.6175 -2.40292 800 0.0553548 0.334394 27.9979 10.4174 -13 9770 1 0 1
5.22725 -2.34746 800 0.147412 0.189412 27.999 10.4174 -13 9771 1 0 1
7.73876 10.2268 800 -0.341857 0.257348 27.9967 10.4175 -13 9772 1 0 1
-3.4717 2.22708 800 0.00298554 -0.00809692 28 10.4173 -13 9773 1 0 1
5.58999 1.3193 800 0.000815083 0.250276 27.9989 10.4174 -13 9774 1 0 1
-11.8708 -8.64587 800 0.341331 -0.405424 27.995 10.4176 -13 9775 1 0 1
-3.78637 -3.81835 800 0.2202 -0.0834151 27.999 10.4173 -13 9776 1 0 1
12.2532 8.64044 800 -0.304943 0.357939 27.9961 10.4175 -13 9777 1 0 1
6.15806 3.54727 800 -0.0720269 0.193824 27.9992 10.4173 -13 9778 1 0 1
8.62048 5.22003 800 -0.243601 0.328809 27.997 10.4175 -13 9779 1 0 1
-12.3829 -4.50817 800 0.225139 -0.452853 27.9954 10.4176 -13 9780 1 0 1
5.08341 -1.58923 800 0.0277855 0.194007 27.9993 10.4173 -13 9781 1 0 1
4.38332 6.0223 800 -0.147357 0.15226 27.9992 10.4173 -13 9782 1 0 1
4.0336 2.06029 800 -0.101183 0.135949 27.9995 10.4173 -13 9783 1 0 1
-7.40802 -0.960465 800 0.0468707 -0.255522 27.9988 10.4173 -13 9784 1 0 1
2.57691 0.449839 800 0.0539487 0.0401876 27.9999 10.4173 -13 9785 1 0 1
-5.8867 -1.38417 800 0.00830853 -0.200612 27.9993 10.4173 -13 9786 1 0 1
-1.03848 -4.03184 800 0.148807 -0.00470657 27.9996 10.4173 -13 9787 1 0 1
0.664565 2.37943 800 -0.0914051 0.0428066 27.9998 10.4173 -13 9788 1 0 1
5.60562 0.565331 800 -0.0110019 0.317703 27.9982 10.4175 -13 9789 1 0 1
-0.254773 -2.72209 800 -0.0297857 -0.0138249 28 10.4173 -13 9790 1 0 1
-12.2096 1.09091 800 0.0491591 -0.433739 27.9966 10.4175 -13 9791 1 0 1
8.97898 5.13157 800 -0.189957 0.293503 27.9978 10.4174 -13 9792 1 0 1
1.23294 -4.40568 800 0.171338 0.0376574 27.9995 10.4173 -13 9793 1 0 1
-19.0019 -1.42437 800 0.151126 -0.666231 27.9917 10.4178 -13 9794 1 0 1
6.77037 2.33479 800 -0.201665 0.290731 27.9978 10.4175 -13 9795 1 0 1
13.0963 -4.0551 800 0.091667 0.429864 27.9966 10.4175 -13 9796 1 0 1
12.7706 2.69969 800 -0.28361 0.470076 27.9946 10.4177 -13 9797 1 0 1
15.6058 1.24272 800 -0.144755 0.546158 27.9943 10.4176 -13 9798 1 0 1
17.0751 7.21475 800 -0.333996 0.525339 27.9931 10.4177 -13 9799 1 0 1
-20.3384 1.09391 800 0.142211 -0.689067 27.9912 10.4178 -13 9800 1 0 1
14.9191 -1.50684 800 -0.0161123 0.464847 27.9961 10.4175 -13 9801 1 0 1
-7.74903 -1.16422 800 0.18941 -0.199216 27.9987 10.4174 -13 9802 1 0 1
4.782 -0.388141 800 0.00146918 0.236539 27.999 10.4174 -13 9803 1 0 1
1.71517 0.11481 800 0.0435937 -0.0766981 27.9999 10.4174 -13 9804 1 0 1
0.693595 -2.11655 800 0.130552 0.0294723 27.9997 10.4173 -13 9805 1 0 1
-2.84035 3.31689 800 -0.130924 -0.11638 27.9995 10.4173 -13 9806 1 0 1
-8.19986 5.18562 800 -0.170139 -0.300941 27.9979 10.4174 -13 9807 1 0 1
2.07483 -1.12322 800 0.195805 0.0188521 27.9993 10.4175 -13 9808 1 0 1
-19.4558 -4.29846 800 0.360471 -0.664542 27.9898 10.418 -13 9809 1 0 1
-4.19384 3.06919 800 0.0099326 0.003558 28 10.4174 -13 9810 1 0 1
8.4894 0.599594 800 -0.108769 0.30102 27.9982 10.4174 -13 9811 1 0 1
1.97977 0.70771 800 0.00376365 0.0844553 27.9999 10.4173 -13 9812 1 0 1
-6.2966 -5.71994 800 0.29712 -0.208241 27.9976 10.4174 -13 9813 1 0 1
18.7556 4.39556 800 -0.201657 0.670375 27.9912 10.4179 -13 9814 1 0 1
-11.3437 -4.53235 800 0.237332 -0.414972 27.9959 10.4175 -13 9815 1 0 1
-4.06722 3.72107 800 -0.0147049 -0.0869037 27.9999 10.4173 -13 9816 1 0 1
-11.6878 1.24606 800 0.0721075 -0.408088 27.9969 10.4175 -13 9817 1 0 1
-8.85836 0.666054 800 0.0413783 -0.304402 27.9983 10.4174 -13 9818 1 0 1
-6.62476 -2.05043 800 0.0215487 -0.198075 27.9993 10.4173 -13 9819 1 0 1
5.39455 -0.241678 800 -0.0626939 0.316535 27.9981 10.4175 -13 9820 1 0 1
-6.80377 5.58391 800 -0.12652 -0.233353 27.9987 10.4173 -13 9821 1 0 1
4.75178 2.52766 800 -0.051794 0.120264 27.9997 10.4173 -13 9822 1 0 1
9.97113 1.80443 800 -0.094536 0.363755 27.9975 10.4174 -13 9823 1 0 1
-11.871 -5.58514 800 0.286479 -0.429406 27.9952 10.4176 -13 9824 1 0 1
8.59546 1.69952 800 -0.0607419 0.210296 27.9991 10.4173 -13 9825 1 0 1
7.41308 -1.69696 800 0.0277572 0.283814 27.9985 10.4174 -13 9826 1 0 1
21.3842 5.85567 800 -0.389574 0.729526 27.9878 10.4181 -13 9827 1 0 1
-7.02148 -3.87904 800 0.0777268 -0.238328 27.9989 10.4174 -13 9828 1 0 1
-12.8501 -1.40202 800 0.115664 -0.487338 27.9955 10.4176 -13 9829 1 0 1
11.9743 8.29328 800 -0.274936 0.427813 27.9954 10.4176 -13 9830 1 0 1
2.09575 -2.36724 800 0.072693 0.077661 27.9998 10.4173 -13 9831 1 0 1
-6.673 -2.34747 800 0.131298 -0.223466 27.9988 10.4173 -13 9832 1 0 1
-5.66312 0.224497 800 0.142377 -0.222426 27.9988 10.4174 -13 9833 1 0 1
-10.2612 1.54692 800 -0.0185381 -0.331898 27.998 10.4174 -13 9834 1 0 1
-4.64682 1.65122 800 -0.0253752 -0.190058 27.9993 10.4173 -13 9835 1 0 1
0.0656676 -3.91066 800 0.198043 -0.0591924 27.9992 10.4174 -13 9836 1 0 1
5.4268 -0.897325 800 0.00941415 0.192482 27.9993 10.4173 -13 9837 1 0 1
-6.11464 4.19628 800 -0.251125 -0.178606 27.9983 10.4175 -13 9838 1 0 1
-1.06404 -1.34885 800 -0.0220678 -0.149727 27.9996 10.4174 -13 9839 1 0 1
-2.27855 -4.14785 800 0.188494 -0.0298055 27.9993 10.4173 -13 9840 1 0 1
-8.3106 -0.511393 800 0.103851 -0.304573 27.9982 10.4174 -13 9841 1 0 1
-13.3192 -0.162206 800 0.0238066 -0.398329 27.9972 10.4175 -13 9842 1 0 1
-6.39123 -3.30343 800 0.130687 -0.263125 27.9985 10.4174 -13 9843 1 0 1
-6.72696 1.61665 800 -0.0490879 -0.21956 27.9991 10.4173 -13 9844 1 0 1
10.9018 1.74603 800 -0.118718 0.389004 27.997 10.4175 -13 9845 1 0 1
-8.38435 -1.14471 800 0.0528036 -0.20132 27.9992 10.4173 -13 9846 1 0 1
-16.2264 -2.59483 800 0.171741 -0.619023 27.9926 10.4178 -13 9847 1 0 1
2.78502 2.47305 800 -0.167701 0.0923889 27.9993 10.4173 -13 9848 1 0 1
-2.41305 -2.66404 800 0.229741 -0.0752733 27.999 10.4174 -13 9849 1 0 1
11.5034 1.93277 800 -0.207311 0.448989 27.9956 10.4176 -13 9850 1 0 1
-4.88255 -4.07812 800 0.0707186 -0.232982 27.9989 10.4174 -13 9851 1 0 1
9.05817 8.12193 800 -0.285974 0.325642 27.9966 10.4175 -13 9852 1 0 1
-6.03055 -5.72822 800 0.230149 -0.186319 27.9984 10.4174 -13 9853 1 0 1
1.36146 0.114327 800 -0.0114863 -0.0353839 28 10.4173 -13 9854 1 0 1
14.1593 10.4778 800 -0.470724 0.519761 27.9912 10.4179 -13 9855 1 0 1
0.0454032 -3.85846 800 0.129112 -0.0109557 27.9997 10.4173 -13 9856 1 0 1
10.6643 5.1878 800 -0.202578 0.404447 27.9963 10.4175 -13 9857 1 0 1
11.1245 5.1162 800 -0.304989 0.439394 27.9949 10.4177 -13 9858 1 0 1
-6.99471 -6.39818 800 0.261603 -0.260628 27.9976 10.4174 -13 9859 1 0 1
0.310932 -1.43394 800 0.115136 -0.000916564 27.9998 10.4173 -13 9860 1 0 1
11.8515 1.26939 800 -0.0447773 0.486627 27.9957 10.4176 -13 9861 1 0 1
-4.14109 1.05423 800 0.0376908 -0.129324 27.9997 10.4173 -13 9862 1 0 1
-11.5634 -13.3184 800 0.589477 -0.402453 27.9909 10.4179 -13 9863 1 0 1
10.8335 2.9851 800 -0.249321 0.427895 27.9956 10.4176 -13 9864 1 0 1
9.1377 4.98587 800 -0.292794 0.409696 27.9955 10.4177 -13 9865 1 0 1
-9.25253 3.4782 800 -0.120846 -0.265989 27.9985 10.4174 -13 9866 1 0 1
-6.02006 -1.59605 800 0.134363 -0.167134 27.9992 10.4173 -13 9867 1 0 1
-7.94868 -9.69324 800 0.351579 -0.319276 27.996 10.4176 -13 9868 1 0 1
14.5081 10.2558 800 -0.496196 0.46882 27.9917 10.4178 -13 9869 1 0 1
-2.71979 -0.364318 800 0.00825132 -0.109727 27.9998 10.4173 -13 9870 1 0 1
-8.24274 -4.17429 800 0.270147 -0.344099 27.9966 10.4176 -13 9871 1 0 1
7.60958 8.43076 800 -0.347748 0.27341 27.9965 10.4175 -13 9872 1 0 1
-2.85146 -8.54959 800 0.349947 -0.124666 27.9975 10.4175 -13 9873 1 0 1
-10.4644 -1.68825 800 0.114144 -0.316152 27.998 10.4174 -13 9874 1 0 1
-7.04515 0.123207 800 0.0715226 -0.26724 27.9986 10.4174 -13 9875 1 0 1
2.07799 0.858537 800 -0.0778154 0.0533298 27.9998 10.4173 -13 9876 1 0 1
4.89934 0.0540708 800 0.0311503 0.199938 27.9993 10.4173 -13 9877 1 0 1
8.74333 7.99174 800 -0.425867 0.306841 27.9951 10.4177 -13 9878 1 0 1
-11.4076 -8.18832 800 0.478744 -0.363255 27.9936 10.4178 -13 9879 1 0 1
-6.15465 -6.01179 800 0.231455 -0.301395 27.9974 10.4175 -13 9880 1 0 1
-14.7074 1.97518 800 -0.000394591 -0.408644 27.997 10.4175 -13 9881 1 0 1
-6.91657 -0.0365262 800 0.049747 -0.197081 27.9993 10.4173 -13 9882 1 0 1
1.54821 -5.54019 800 0.187839 0.0656727 27.9993 10.4173 -13 9883 1 0 1
6.40605 7.87684 800 -0.360775 0.220487 27.9968 10.4175 -13 9884 1 0 1
0.765375 1.35802 800 -0.0430647 -0.0285141 28 10.4173 -13 9885 1 0 1
-1.53819 -2.25535 800 0.142691 -0.108889 27.9994 10.4173 -13 9886 1 0 1
-0.460675 -3.01371 800 0.0852624 -0.035668 27.9998 10.4173 -13 9887 1 0 1
10.9163 0.307655 800 -0.123168 0.443357 27.9962 10.4175 -13 9888 1 0 1
-25.1357 1.13667 800 0.224691 -0.888601 27.985 10.4183 -13 9889 1 0 1
-1.37562 1.24294 800 -0.0305222 -0.144395 27.9996 10.4173 -13 9890 1 0 1
-11.2748 -4.35411 800 0.259011 -0.39435 27.996 10.4175 -13 9891 1 0 1
-4.52957 2.17101 800 -0.044445 -0.154631 27.9995 10.4173 -13 9892 1 0 1
2.81733 -4.28728 800 0.278616 0.141943 27.9983 10.4175 -13 9893 1 0 1
5.13465 5.35365 800 -0.330878 0.161782 27.9976 10.4175 -13 9894 1 0 1
-11.0373 1.12772 800 -0.000522242 -0.400899 27.9971 10.4174 -13 9895 1 0 1
0.987413 -1.651 800 -0.0615083 0.049487 27.9999 10.4173 -13 9896 1 0 1
1.22528 -1.02449 800 0.044907 0.104825 27.9998 10.4173 -13 9897 1 0 1
-5.92521 -2.27827 800 0.152319 -0.316187 27.9978 10.4175 -13 9898 1 0 1
-5.40251 -0.851515 800 0.0864001 -0.198354 27.9992 10.4173 -13 9899 1 0 1
-4.66493 -2.07667 800 0.142117 -0.173779 27.9991 10.4173 -13 9900 1 0 1
-15.7687 -8.24198 800 0.45197 -0.546924 27.991 10.4179 -13 9901 1 0 1
-2.70954 -4.63014 800 0.227416 -0.15381 27.9987 10.4174 -13 9902 1 0 1
-7.79168 -3.93051 800 0.200177 -0.249769 27.9982 10.4174 -13 9903 1 0 1
-5.04135 -4.79335 800 0.139883 -0.225043 27.9987 10.4174 -13 9904 1 0 1
-15.2845 -5.24414 800 0.228306 -0.544523 27.9938 10.4177 -13 9905 1 0 1
-0.131495 -3.14741 800 0.0957438 0.00898917 27.9998 10.4173 -13 9906 1 0 1
-0.835892 3.52642 800 -0.135683 -0.0725681 27.9996 10.4173 -13 9907 1 0 1
-19.893 -1.32906 800 0.167771 -0.680606 27.9912 10.4178 -13 9908 1 0 1
-12.8709 0.218648 800 0.142315 -0.35108 27.9974 10.4175 -13 9909 1 0 1
11.5863 9.09806 800 -0.41456 0.385751 27.9943 10.4177 -13 9910 1 0 1
-21.5361 -7.48713 800 0.527985 -0.715937 27.9859 10.4183 -13 9911 1 0 1
-2.91831 -5.9981 800 0.278707 -0.177829 27.998 10.4175 -13 9912 1 0 1
-2.48444 1.88521 800 -0.0888909 -0.0694382 27.9998 10.4173 -13 9913 1 0 1
-12.9967 -1.62878 800 0.029216 -0.492602 27.9957 10.4176 -13 9914 1 0 1
12.7463 1.77364 800 -0.212934 0.446302 27.9956 10.4176 -13 9915 1 0 1
-5.435 -5.22002 800 0.234177 -0.232942 27.9981 10.4174 -13 9916 1 0 1
5.26754 -0.40147 800 0.0348338 0.252974 27.9988 10.4174 -13 9917 1 0 1
-1.47544 -4.45318 800 0.206399 -0.0180843 27.9992 10.4173 -13 9918 1 0 1
-3.33811 -2.59172 800 0.104423 -0.072215 27.9997 10.4173 -13 9919 1 0 1
0.592941 7.48004 800 -0.195117 -0.0559972 27.9993 10.4173 -13 9920 1 0 1
-9.42381 -6.59719 800 0.352363 -0.300019 27.9962 10.4175 -13 9921 1 0 1
5.93385 6.6001 800 -0.303783 0.19664 27.9977 10.4174 -13 9922 1 0 1
4.15503 2.51244 800 -0.125863 0.126005 27.9994 10.4173 -13 9923 1 0 1
5.08108 3.04704 800 -0.194353 0.229855 27.9984 10.4174 -13 9924 1 0 1
-14.3599 -4.36996 800 0.296021 -0.489442 27.9942 10.4177 -13 9925 1 0 1
-3.32356 -2.80059 800 0.200414 -0.0258455 27.9993 10.4174 -13 9926 1 0 1
13.5108 2.84083 800 -0.172908 0.397705 27.9966 10.4175 -13 9927 1 0 1
0.0968785 1.05592 800 -0.117836 -0.0425274 27.9997 10.4173 -13 9928 1 0 1
-8.3114 -2.81904 800 0.0910272 -0.234623 27.9989 10.4173 -13 9929 1 0 1
1.37151 5.28492 800 -0.234426 0.0334036 27.999 10.4173 -13 9930 1 0 1
-17.6926 -8.84995 800 0.509787 -0.6318 27.9882 10.4181 -13 9931 1 0 1
4.02554 2.73025 800 -0.043973 0.137009 27.9996 10.4173 -13 9932 1 0 1
7.01922 0.0454961 800 -0.0541917 0.160994 27.9995 10.4173 -13 9933 1 0 1
-1.09877 -4.55043 800 0.16903 -0.119899 27.9992 10.4174 -13 9934 1 0 1
0.248538 1.6158 800 -0.095367 -0.012869 27.9998 10.4173 -13 9935 1 0 1
4.1268 1.89025 800 -0.113787 0.105988 27.9996 10.4173 -13 9936 1 0 1
-3.95999 -3.27848 800 0.164366 -0.0913169 27.9994 10.4173 -13 9937 1 0 1
-17.5667 -6.46642 800 0.309675 -0.689298 27.9898 10.418 -13 9938 1 0 1
13.5378 7.012 800 -0.361388 0.467784 27.9938 10.4177 -13 9939 1 0 1
17.1623 10.671 800 -0.49118 0.556898 27.9902 10.4179 -13 9940 1 0 1
2.6514 -2.94807 800 0.121302 0.0801008 27.9996 10.4173 -13 9941 1 0 1
-2.28574 5.08112 800 -0.222683 -0.134731 27.9988 10.4174 -13 9942 1 0 1
3.85788 4.75063 800 -0.229417 0.129645 27.9988 10.4174 -13 9943 1 0 1
-5.02364 0.862235 800 -0.0340989 -0.122078 27.9997 10.4173 -13 9944 1 0 1
-7.39441 -6.67973 800 0.427212 -0.234376 27.9958 10.4177 -13 9945 1 0 1
-6.59421 -5.90694 800 0.265442 -0.322373 27.9969 10.4176 -13 9946 1 0 1
-1.02294 3.54161 800 -0.0225103 -0.0239772 28 10.4173 -13 9947 1 0 1
8.78796 0.217821 800 -0.0763243 0.422352 27.9967 10.4176 -13 9948 1 0 1
8.45742 6.62476 800 -0.312107 0.258596 27.9971 10.4175 -13 9949 1 0 1
-12.5963 -1.10094 800 0.08669 -0.406905 27.9969 10.4175 -13 9950 1 0 1
5.14208 -0.271351 800 -0.107239 0.161319 27.9993 10.4173 -13 9951 1 0 1
13.1073 -1.69076 800 0.0615498 0.447214 27.9964 10.4175 -13 9952 1 0 1
16.2508 6.41786 800 -0.345696 0.615004 27.9911 10.4179 -13 9953 1 0 1
9.62472 5.26197 800 -0.131832 0.313639 27.9979 10.4174 -13 9954 1 0 1
-6.3492 -2.59814 800 0.147824 -0.208375 27.9988 10.4173 -13 9955 1 0 1
-0.838823 1.69301 800 -0.0104828 -0.0140049 28 10.4173 -13 9956 1 0 1
22.908 1.8839 800 -0.220313 0.725719 27.9897 10.4179 -13 9957 1 0 1
1.52043 4.22752 800 -0.18703 0.0236299 27.9994 10.4173 -13 9958 1 0 1
19.3226 2.47109 800 -0.191545 0.728764 27.9899 10.418 -13 9959 1 0 1
-22.4542 -3.99435 800 0.246009 -0.669546 27.9909 10.4178 -13 9960 1 0 1
-4.43659 -2.09438 800 0.141146 -0.155905 27.9992 10.4173 -13 9961 1 0 1
3.46524 2.14819 800 -0.130161 0.0365511 27.9997 10.4173 -13 9962 1 0 1
-3.39037 4.13624 800 -0.259157 -0.10074 27.9986 10.4175 -13 9963 1 0 1
6.0129 1.32307 800 -0.129602 0.173921 27.9992 10.4173 -13 9964 1 0 1
0.443477 1.63393 800 -0.105069 0.0716532 27.9997 10.4173 -13 9965 1 0 1
-11.9129 -6.74337 800 0.300252 -0.41869 27.9953 10.4176 -13 9966 1 0 1
1.49873 -3.78907 800 0.197925 0.0200133 27.9993 10.4174 -13 9967 1 0 1
14.0493 -1.23742 800 -0.0636132 0.441172 27.9965 10.4175 -13 9968 1 0 1
-6.26683 1.52744 800 -0.0773393 -0.19885 27.9992 10.4173 -13 9969 1 0 1
-29.3384 -1.34725 800 0.154717 -0.987761 27.9821 10.4184 -13 9970 1 0 1
-12.6343 -0.431315 800 0.0354765 -0.498616 27.9955 10.4176 -13 9971 1 0 1
3.05702 3.2612 800 -0.186346 0.112414 27.9992 10.4173 -13 9972 1 0 1
-9.5541 3.39482 800 -0.0541726 -0.304041 27.9983 10.4174 -13 9973 1 0 1
9.60374 2.30887 800 -0.0701557 0.292191 27.9984 10.4174 -13 9974 1 0 1
14.5433 1.15275 800 -0.154558 0.437127 27.9962 10.4175 -13 9975 1 0 1
1.23015 2.20006 800 -0.0837756 0.0518969 27.9998 10.4173 -13 9976 1 0 1
8.33977 4.80858 800 -0.298528 0.285285 27.997 10.4175 -13 9977 1 0 1
-2.14886 -3.44844 800 0.115462 0.00032837 27.9998 10.4173 -13 9978 1 0 1
-0.320604 -7.62062 800 0.226181 -0.0522522 27.999 10.4174 -13 9979 1 0 1
6.89994 6.25748 800 -0.319997 0.27742 27.9968 10.4175 -13 9980 1 0 1
-26.4757 0.360112 800 0.184873 -0.904392 27.9848 10.4182 -13 9981 1 0 1
4.9699 -0.263619 800 -0.050527 0.188422 27.9993 10.4173 -13 9982 1 0 1
0.195801 0.361323 800 -0.0913325 -0.0301912 27.9998 10.4173 -13 9983 1 0 1
0.0675554 2.71395 800 -0.140081 0.0035838 27.9996 10.4173 -13 9984 1 0 1
-0.474167 5.41958 800 -0.252529 0.0641855 27.9988 10.4174 -13 9985 1 0 1
9.52324 -1.80716 800 0.0592322 0.301776 27.9983 10.4174 -13 9986 1 0 1
-11.2401 -4.81619 800 0.27221 -0.260003 27.9975 10.4174 -13 9987 1 0 1
-6.13694 -1.39111 800 0.144886 -0.233301 27.9987 10.4174 -13 9988 1 0 1
13.2366 1.5988 800 -0.128865 0.394893 27.9969 10.4174 -13 9989 1 0 1
7.85068 -0.530423 800 -0.100955 0.280774 27.9984 10.4174 -13 9990 1 0 1
-11.0727 -1.96329 800 0.189251 -0.29512 27.9978 10.4174 -13 9991 1 0 1
-4.06781 -5.97373 800 0.188331 -0.15555 27.9989 10.4173 -13 9992 1 0 1
12.9162 8.93086 800 -0.445922 0.398166 27.9936 10.4177 -13 9993 1 0 1
-4.50829 6.38975 800 -0.232357 -0.187887 27.9984 10.4174 -13 9994 1 0 1
11.2451 3.11229 800 -0.136401 0.451 27.996 10.4176 -13 9995 1 0 1
-6.28866 1.45123 800 -0.0562451 -0.270696 27.9986 10.4174 -13 9996 1 0 1
-3.26582 -4.90871 800 0.164612 -0.127714 27.9992 10.4173 -13 9997 1 0 1
6.0866 -0.150195 800 -0.0709106 0.10225 27.9997 10.4173 -13 9998 1 0 1
-0.267858 4.47801 800 -0.276026 0.0421344 27.9986 10.4175 -13 9999 1 0 1
-7.31142 3.11174 800 -0.0326128 -0.206788 27.9992 10.4173 -13 10000 1 0 1
