#BLTrackFile NTuple/Z10700
#x y z Px Py Pz t PDGid EventID TrackID ParentID Weight
#mm mm mm MeV/c MeV/c MeV/c ns - - - - -
35.3413 -17.3422 10700 -0.294213 1.33408 27.9667 139.489 -13 1 1 0 1
-2.23701 23.5592 10700 -0.0466949 -1.65792 27.9508 139.32 -13 2 1 0 1
-43.56 13.5856 10700 0.218503 -0.946192 27.9832 139.02 -13 3 1 0 1
0.488844 2.51291 10700 -0.044679 -0.068186 27.9999 139.236 -13 4 1 0 1
44.5986 -0.195532 10700 -0.30995 -0.0273923 27.9983 139.464 -13 5 1 0 1
-27.4726 12.2681 10700 0.119365 -0.819722 27.9877 139.106 -13 6 1 0 1
4.56802 -21.0233 10700 -0.0848032 1.53496 27.9578 139.343 -13 7 1 0 1
66.6309 -17.6269 10700 -0.571115 1.7706 27.9381 139.724 -13 8 1 0 1
38.7381 -16.0788 10700 -0.31456 1.131 27.9754 139.483 -13 9 1 0 1
7.28439 -4.13358 10700 -0.0793043 0.253956 27.9987 139.28 -13 10 1 0 1
-6.43694 4.29291 10700 -0.0180181 -0.273282 27.9987 139.189 -13 11 1 0 1
1.33453 -4.68596 10700 -0.0367476 0.309218 27.9983 139.258 -13 12 1 0 1
-27.7794 7.19085 10700 0.132339 -0.456558 27.996 139.103 -13 13 1 0 1
-48.9279 7.89883 10700 0.254184 -0.458937 27.9951 138.983 -13 14 1 0 1
-38.9607 1.67176 10700 0.183346 0.031162 27.9994 139.025 -13 15 1 0 1
21.9669 6.50633 10700 -0.174423 -0.429159 27.9962 139.352 -13 16 1 0 1
41.2122 2.14878 10700 -0.294875 -0.191563 27.9978 139.442 -13 17 1 0 1
42.6864 -7.03919 10700 -0.305405 0.475154 27.9943 139.462 -13 18 1 0 1
24.3313 -13.3271 10700 -0.209617 0.859679 27.986 139.38 -13 19 1 0 1
4.53908 -9.57836 10700 -0.0718613 0.682448 27.9916 139.272 -13 20 1 0 1
4.76032 4.01543 10700 -0.0856978 -0.320365 27.998 139.244 -13 21 1 0 1
5.10364 -8.91991 10700 -0.0800924 0.541587 27.9946 139.265 -13 22 1 0 1
-11.0561 -0.335375 10700 0.0261511 0.0566397 27.9999 139.179 -13 23 1 0 1
-14.9105 -8.13264 10700 0.0405438 0.491622 27.9957 139.158 -13 24 1 0 1
-26.2031 5.18322 10700 0.107578 -0.265378 27.9985 139.094 -13 25 1 0 1
-14.6742 5.24798 10700 0.0407646 -0.289366 27.9985 139.158 -13 26 1 0 1
17.467 3.41301 10700 -0.153518 -0.180886 27.999 139.316 -13 27 1 0 1
20.0498 6.15957 10700 -0.170104 -0.351364 27.9973 139.333 -13 28 1 0 1
-27.8501 13.0579 10700 0.126241 -0.831512 27.9874 139.11 -13 29 1 0 1
23.6349 5.95395 10700 -0.189615 -0.339413 27.9973 139.353 -13 30 1 0 1
22.1441 1.07712 10700 -0.170263 -0.0651276 27.9994 139.349 -13 31 1 0 1
-30.9733 13.814 10700 0.141379 -0.77601 27.9889 139.089 -13 32 1 0 1
12.1661 -4.13111 10700 -0.125577 0.23944 27.9987 139.286 -13 33 1 0 1
-8.1438 13.1412 10700 -0.00268668 -0.942668 27.9841 139.214 -13 34 1 0 1
-0.178492 -0.38124 10700 -0.0492414 0.0250877 27.9999 139.223 -13 35 1 0 1
30.6532 11.9603 10700 -0.245037 -0.81325 27.9871 139.41 -13 36 1 0 1
74.5463 -9.64964 10700 -0.532406 0.754025 27.9848 139.653 -13 37 1 0 1
43.0816 3.53554 10700 -0.300676 -0.169833 27.9979 139.459 -13 38 1 0 1
18.3676 -2.75133 10700 -0.15453 0.0783681 27.9995 139.323 -13 39 1 0 1
-4.15137 -3.27626 10700 -0.0146144 0.224918 27.9991 139.217 -13 40 1 0 1
16.0344 10.3126 10700 -0.152584 -0.632702 27.9924 139.323 -13 41 1 0 1
12.9411 -26.6115 10700 -0.166657 1.84494 27.9387 139.443 -13 42 1 0 1
46.195 1.52857 10700 -0.318402 -0.139692 27.9978 139.476 -13 43 1 0 1
4.68195 3.74281 10700 -0.077994 -0.177303 27.9993 139.251 -13 44 1 0 1
40.509 -7.40036 10700 -0.296741 0.48112 27.9943 139.446 -13 45 1 0 1
-11.101 8.59038 10700 0.0316243 -0.627708 27.9929 139.2 -13 46 1 0 1
-5.13109 -5.8485 10700 -0.0175358 0.387128 27.9973 139.205 -13 47 1 0 1
15.795 -0.930759 10700 -0.141822 0.104261 27.9994 139.307 -13 48 1 0 1
-1.35226 11.5935 10700 -0.039666 -0.624577 27.993 139.242 -13 49 1 0 1
29.5655 4.27944 10700 -0.223098 -0.293491 27.9976 139.384 -13 50 1 0 1
-5.74318 -10.046 10700 -0.0202843 0.6756 27.9918 139.209 -13 51 1 0 1
-70.5722 -0.568567 10700 0.390576 0.0788728 27.9972 138.861 -13 52 1 0 1
-0.403275 4.01089 10700 -0.0440258 -0.221141 27.9991 139.23 -13 53 1 0 1
-19.3448 -1.14059 10700 0.0666932 0.0656949 27.9998 139.127 -13 54 1 0 1
-36.7671 -4.39732 10700 0.171849 0.302821 27.9978 139.039 -13 55 1 0 1
30.4185 3.98799 10700 -0.235387 -0.167547 27.9985 139.378 -13 56 1 0 1
6.8819 -12.9069 10700 -0.103989 0.838498 27.9872 139.281 -13 57 1 0 1
-12.3643 -6.62487 10700 0.0295654 0.437803 27.9966 139.173 -13 58 1 0 1
-15.6898 -0.300852 10700 0.0411488 -0.0555412 27.9999 139.142 -13 59 1 0 1
23.1651 -5.20295 10700 -0.175142 0.4142 27.9964 139.362 -13 60 1 0 1
50.7558 -0.313538 10700 -0.352657 0.0342043 27.9978 139.493 -13 61 1 0 1
21.7524 17.5307 10700 -0.194238 -1.32718 27.9679 139.419 -13 62 1 0 1
-28.174 -3.13878 10700 0.132124 0.137421 27.9994 139.094 -13 63 1 0 1
14.6972 -3.73011 10700 -0.122991 0.150695 27.9993 139.317 -13 64 1 0 1
10.4858 6.39514 10700 -0.10385 -0.476944 27.9957 139.297 -13 65 1 0 1
32.4538 -12.5545 10700 -0.251623 0.907972 27.9841 139.433 -13 66 1 0 1
-37.5694 -4.05414 10700 0.166232 0.30368 27.9979 139.025 -13 67 1 0 1
-31.3132 3.50833 10700 0.14351 -0.20595 27.9989 139.071 -13 68 1 0 1
41.7733 3.6631 10700 -0.294986 -0.235108 27.9975 139.451 -13 69 1 0 1
64.4425 -4.62761 10700 -0.438611 0.352002 27.9944 139.581 -13 70 1 0 1
8.16853 8.47724 10700 -0.110884 -0.516315 27.995 139.266 -13 71 1 0 1
-12.1033 -2.48363 10700 0.0248751 0.048724 27.9999 139.166 -13 72 1 0 1
-21.7311 7.96938 10700 0.0778755 -0.426273 27.9966 139.118 -13 73 1 0 1
-42.1248 3.37678 10700 0.206215 -0.301431 27.9976 139.012 -13 74 1 0 1
-5.10748 0.757812 10700 -0.0176106 -0.0580639 27.9999 139.201 -13 75 1 0 1
13.3285 -2.41856 10700 -0.13434 0.138251 27.9993 139.288 -13 76 1 0 1
-13.4872 13.8097 10700 0.0275938 -0.856984 27.9869 139.181 -13 77 1 0 1
-10.1361 -9.04712 10700 0.00405907 0.613189 27.9933 139.182 -13 78 1 0 1
-1.07629 -9.31564 10700 -0.0466494 0.638121 27.9927 139.234 -13 79 1 0 1
31.0938 11.8955 10700 -0.247745 -0.778927 27.9881 139.41 -13 80 1 0 1
23.8807 11.5448 10700 -0.196923 -0.690606 27.9908 139.374 -13 81 1 0 1
19.5331 -0.160393 10700 -0.162426 0.00341593 27.9995 139.327 -13 82 1 0 1
-41.5583 -0.425221 10700 0.212668 0.0259515 27.9992 139.023 -13 83 1 0 1
9.50186 -14.8457 10700 -0.114032 1.02345 27.9811 139.315 -13 84 1 0 1
-19.5702 1.56051 10700 0.0671937 -0.158528 27.9995 139.126 -13 85 1 0 1
-27.5337 -1.57989 10700 0.107878 0.00148936 27.9998 139.077 -13 86 1 0 1
48.6742 -2.06242 10700 -0.325698 0.242581 27.9971 139.499 -13 87 1 0 1
24.5533 6.07982 10700 -0.208132 -0.338367 27.9972 139.345 -13 88 1 0 1
11.9744 -3.49681 10700 -0.11559 0.234111 27.9988 139.294 -13 89 1 0 1
20.7679 9.35802 10700 -0.178212 -0.601548 27.993 139.347 -13 90 1 0 1
-52.9531 7.79157 10700 0.258325 -0.514785 27.9941 138.942 -13 91 1 0 1
25.26 -6.13456 10700 -0.197001 0.39627 27.9965 139.364 -13 92 1 0 1
9.01083 -3.46435 10700 -0.105474 0.186985 27.9992 139.27 -13 93 1 0 1
-33.6858 9.83171 10700 0.157869 -0.722291 27.9902 139.067 -13 94 1 0 1
-37.3292 -4.99664 10700 0.183523 0.284807 27.998 139.044 -13 95 1 0 1
-15.8979 -4.85444 10700 0.0364317 0.310147 27.9983 139.139 -13 96 1 0 1
-18.8769 16.4287 10700 0.0683672 -0.91387 27.985 139.168 -13 97 1 0 1
38.0756 9.05947 10700 -0.28398 -0.529303 27.9936 139.435 -13 98 1 0 1
-63.1063 13.2124 10700 0.374722 -1.07527 27.9768 138.934 -13 99 1 0 1
-8.85767 -8.84146 10700 0.0028869 0.614218 27.9933 139.195 -13 100 1 0 1
30.1523 6.03888 10700 -0.229726 -0.310908 27.9973 139.387 -13 101 1 0 1
-1.12341 -5.2907 10700 -0.0498115 0.413537 27.9969 139.218 -13 102 1 0 1
82.2381 -12.2371 10700 -0.617831 1.23606 27.9659 139.742 -13 103 1 0 1
-21.333 -9.81203 10700 0.0818386 0.620536 27.993 139.133 -13 104 1 0 1
2.1063 -10.4295 10700 -0.0705871 0.672088 27.9918 139.249 -13 105 1 0 1
-23.456 -1.7795 10700 0.090079 0.0887338 27.9997 139.105 -13 106 1 0 1
29.7313 -10.596 10700 -0.224962 0.643469 27.9917 139.409 -13 107 1 0 1
4.96793 8.0092 10700 -0.0851136 -0.57789 27.9939 139.26 -13 108 1 0 1
26.7548 2.51357 10700 -0.199211 -0.111329 27.9991 139.372 -13 109 1 0 1
-24.7145 4.44215 10700 0.0888057 -0.284811 27.9984 139.092 -13 110 1 0 1
-2.31713 -2.33864 10700 -0.0473149 0.152973 27.9995 139.203 -13 111 1 0 1
59.5843 -4.8038 10700 -0.404197 0.411172 27.9941 139.557 -13 112 1 0 1
35.226 1.05644 10700 -0.256728 -0.0735674 27.9987 139.409 -13 113 1 0 1
28.9436 -6.19866 10700 -0.223566 0.375972 27.9966 139.379 -13 114 1 0 1
1.71786 8.94339 10700 -0.0668176 -0.624415 27.993 139.244 -13 115 1 0 1
34.817 -29.1996 10700 -0.488425 2.84492 27.8508 139.74 -13 116 1 0 1
28.1723 -15.2705 10700 -0.234497 0.986357 27.9816 139.417 -13 117 1 0 1
-7.25631 13.9342 10700 -0.0139154 -0.847802 27.9872 139.212 -13 118 1 0 1
16.8368 19.5779 10700 -0.179734 -1.41233 27.9638 139.387 -13 119 1 0 1
3.05285 -1.87324 10700 -0.0690619 0.0622402 27.9998 139.239 -13 120 1 0 1
19.8697 10.6817 10700 -0.176659 -0.748938 27.9894 139.346 -13 121 1 0 1
1.79051 3.72492 10700 -0.0653397 -0.273384 27.9986 139.232 -13 122 1 0 1
-75.2118 11.9272 10700 0.459534 -0.867363 27.9828 138.865 -13 123 1 0 1
-14.5099 7.31867 10700 0.0372479 -0.393829 27.9972 139.157 -13 124 1 0 1
-17.3879 -0.929062 10700 0.0512216 0.0116975 28 139.133 -13 125 1 0 1
29.7162 -6.25243 10700 -0.229562 0.355902 27.9968 139.383 -13 126 1 0 1
23.1633 -23.4723 10700 -0.245538 1.66912 27.9491 139.461 -13 127 1 0 1
-18.4477 -2.17584 10700 0.0642605 0.116422 27.9997 139.135 -13 128 1 0 1
61.3564 0.28679 10700 -0.420462 -0.00788025 27.9968 139.551 -13 129 1 0 1
5.83861 -2.79808 10700 -0.0793369 0.237956 27.9989 139.262 -13 130 1 0 1
-23.2301 3.00144 10700 0.07951 -0.152508 27.9995 139.098 -13 131 1 0 1
20.3687 -11.1335 10700 -0.178511 0.801644 27.988 139.354 -13 132 1 0 1
-16.491 1.37339 10700 0.0518414 -0.0813754 27.9998 139.144 -13 133 1 0 1
8.22803 6.66018 10700 -0.10137 -0.450569 27.9962 139.272 -13 134 1 0 1
-9.26526 -12.0724 10700 0.010848 0.820557 27.988 139.207 -13 135 1 0 1
44.7429 9.17464 10700 -0.318371 -0.615125 27.9914 139.487 -13 136 1 0 1
25.5582 -11.2788 10700 -0.212003 0.638251 27.9919 139.375 -13 137 1 0 1
4.798 -12.4732 10700 -0.0765363 0.639684 27.9926 139.277 -13 138 1 0 1
17.4533 3.14995 10700 -0.145049 -0.340567 27.9976 139.326 -13 139 1 0 1
-3.73081 2.31951 10700 -0.0313194 -0.161299 27.9995 139.203 -13 140 1 0 1
-29.2822 4.83114 10700 0.122821 -0.286887 27.9983 139.075 -13 141 1 0 1
52.7925 -6.4271 10700 -0.367792 0.453415 27.9939 139.518 -13 142 1 0 1
19.093 -3.67424 10700 -0.16323 0.183734 27.9989 139.324 -13 143 1 0 1
-36.13 10.1591 10700 0.17208 -0.721392 27.9902 139.054 -13 144 1 0 1
-30.8928 7.06152 10700 0.135111 -0.422228 27.9965 139.07 -13 145 1 0 1
31.3844 -15.1181 10700 -0.25667 0.993504 27.9812 139.433 -13 146 1 0 1
-9.17292 6.88559 10700 -0.00232315 -0.414284 27.9969 139.177 -13 147 1 0 1
-12.7482 4.40717 10700 0.0286568 -0.296706 27.9984 139.166 -13 148 1 0 1
-24.0271 -11.9593 10700 0.0980605 0.838877 27.9873 139.125 -13 149 1 0 1
-4.72567 4.35561 10700 -0.0275268 -0.296033 27.9984 139.199 -13 150 1 0 1
25.6492 1.51679 10700 -0.198142 -0.0412846 27.9993 139.359 -13 151 1 0 1
55.6692 -2.78868 10700 -0.372415 0.14833 27.9971 139.536 -13 152 1 0 1
26.0368 -3.74414 10700 -0.208239 0.200458 27.9985 139.357 -13 153 1 0 1
10.4073 -4.38663 10700 -0.112342 0.223928 27.9989 139.28 -13 154 1 0 1
-6.48534 -3.66051 10700 -0.00285249 0.219184 27.9991 139.203 -13 155 1 0 1
-64.3597 2.70101 10700 0.34373 -0.207978 27.9971 138.89 -13 156 1 0 1
14.5301 2.36052 10700 -0.136877 -0.275647 27.9983 139.3 -13 157 1 0 1
66.4668 -1.54844 10700 -0.445379 0.0619158 27.9964 139.589 -13 158 1 0 1
9.02245 -0.486238 10700 -0.10319 -0.0374267 27.9998 139.27 -13 159 1 0 1
68.165 -19.4201 10700 -0.722663 2.47646 27.8809 139.843 -13 160 1 0 1
-29.0662 11.3181 10700 0.126923 -0.804478 27.9882 139.093 -13 161 1 0 1
20.9002 3.73657 10700 -0.174417 -0.191058 27.9988 139.333 -13 162 1 0 1
61.4797 -7.00908 10700 -0.416483 0.368099 27.9945 139.575 -13 163 1 0 1
-21.2857 5.90575 10700 0.078133 -0.473653 27.9959 139.123 -13 164 1 0 1
9.94466 -16.2261 10700 -0.123148 1.14725 27.9762 139.325 -13 165 1 0 1
-0.528455 -7.45514 10700 -0.0397452 0.425583 27.9967 139.237 -13 166 1 0 1
-5.89243 -2.60233 10700 -0.0124041 0.180695 27.9994 139.199 -13 167 1 0 1
13.9107 3.12201 10700 -0.133764 -0.291548 27.9982 139.297 -13 168 1 0 1
21.6253 8.95071 10700 -0.186 -0.60697 27.9928 139.349 -13 169 1 0 1
0.277288 4.23265 10700 -0.0554188 -0.265664 27.9987 139.226 -13 170 1 0 1
-1.0581 -11.1556 10700 -0.0445536 0.662959 27.9921 139.241 -13 171 1 0 1
39.9841 -9.0541 10700 -0.293745 0.59285 27.9922 139.453 -13 172 1 0 1
36.5047 -1.64676 10700 -0.260921 0.122385 27.9985 139.42 -13 173 1 0 1
-42.4449 6.08967 10700 0.207528 -0.422093 27.996 139.01 -13 174 1 0 1
-46.8669 13.4791 10700 0.24084 -0.962607 27.9824 139.002 -13 175 1 0 1
50.5265 -18.2016 10700 -0.418471 1.50175 27.9566 139.594 -13 176 1 0 1
-33.0355 -3.99465 10700 0.14059 0.278561 27.9983 139.05 -13 177 1 0 1
19.7197 -5.89643 10700 -0.178914 0.350101 27.9972 139.32 -13 178 1 0 1
-11.9106 -4.25692 10700 0.0343747 0.206234 27.9992 139.181 -13 179 1 0 1
15.1389 -5.21295 10700 -0.135844 0.292607 27.9981 139.311 -13 180 1 0 1
60.6999 -21.1358 10700 -0.581489 2.04813 27.9189 139.738 -13 181 1 0 1
-15.5991 19.6808 10700 0.053125 -1.34587 27.9676 139.216 -13 182 1 0 1
-55.743 16.6403 10700 0.333197 -1.16903 27.9736 138.984 -13 183 1 0 1
57.3071 -11.9732 10700 -0.41236 0.889021 27.9828 139.576 -13 184 1 0 1
30.0755 -2.6902 10700 -0.221142 0.20724 27.9984 139.388 -13 185 1 0 1
-9.26209 -9.8737 10700 -0.000615945 0.609756 27.9934 139.189 -13 186 1 0 1
47.2897 3.02242 10700 -0.319135 -0.155598 27.9977 139.49 -13 187 1 0 1
-11.6659 -2.40214 10700 0.0157856 0.23301 27.999 139.164 -13 188 1 0 1
-9.25392 -7.90267 10700 0.00395988 0.533354 27.9949 139.188 -13 189 1 0 1
50.5259 -10.4443 10700 -0.371764 0.839822 27.9849 139.521 -13 190 1 0 1
56.4371 -4.57321 10700 -0.39536 0.325076 27.9953 139.527 -13 191 1 0 1
-29.4206 10.7684 10700 0.123503 -0.677498 27.9915 139.084 -13 192 1 0 1
-11.3479 8.78398 10700 0.0226851 -0.557714 27.9944 139.185 -13 193 1 0 1
-9.00884 0.78037 10700 0.00367198 -0.0709692 27.9999 139.179 -13 194 1 0 1
38.5495 -12.6874 10700 -0.286935 0.840438 27.9859 139.468 -13 195 1 0 1
-3.45886 -2.4935 10700 -0.0193025 0.178699 27.9994 139.219 -13 196 1 0 1
-9.27975 4.89401 10700 0.00479971 -0.305607 27.9983 139.181 -13 197 1 0 1
35.3043 2.20806 10700 -0.265177 -0.212139 27.9979 139.403 -13 198 1 0 1
-4.51609 3.7418 10700 -0.0209864 -0.184963 27.9994 139.207 -13 199 1 0 1
9.52546 4.12857 10700 -0.099985 -0.220105 27.999 139.283 -13 200 1 0 1
46.2674 -20.7884 10700 -0.421919 1.85859 27.9351 139.617 -13 201 1 0 1
4.9276 24.1544 10700 -0.109795 -1.67912 27.9494 139.356 -13 202 1 0 1
69.7677 -6.57257 10700 -0.481555 0.49555 27.9915 139.613 -13 203 1 0 1
-43.4917 9.03574 10700 0.218641 -0.512447 27.9945 139.012 -13 204 1 0 1
-45.3942 5.80874 10700 0.233975 -0.401377 27.9961 139.002 -13 205 1 0 1
-18.7112 7.97926 10700 0.0742125 -0.410701 27.9969 139.149 -13 206 1 0 1
18.992 -9.04516 10700 -0.162077 0.557679 27.994 139.34 -13 207 1 0 1
6.73911 -1.14847 10700 -0.0751797 0.0263732 27.9999 139.274 -13 208 1 0 1
-14.2916 -8.17316 10700 0.0353859 0.498382 27.9955 139.16 -13 209 1 0 1
24.3447 6.94108 10700 -0.203953 -0.381806 27.9967 139.348 -13 210 1 0 1
5.40689 -12.4778 10700 -0.0897395 0.756297 27.9896 139.274 -13 211 1 0 1
14.9998 3.0962 10700 -0.148962 -0.0998969 27.9994 139.291 -13 212 1 0 1
-13.2517 13.848 10700 0.0309102 -0.856416 27.9869 139.187 -13 213 1 0 1
31.2789 -2.34466 10700 -0.231395 0.194309 27.9984 139.391 -13 214 1 0 1
-41.2966 -4.30542 10700 0.201239 0.304514 27.9976 139.017 -13 215 1 0 1
47.5236 -4.78966 10700 -0.323069 0.316353 27.9963 139.494 -13 216 1 0 1
-13.1658 12.3117 10700 0.0295092 -0.728407 27.9905 139.18 -13 217 1 0 1
8.59368 -11.937 10700 -0.101771 0.713067 27.9907 139.295 -13 218 1 0 1
-12.1546 2.57948 10700 0.0325134 -0.00763939 28 139.175 -13 219 1 0 1
-28.304 -6.26942 10700 0.107197 0.425062 27.9966 139.072 -13 220 1 0 1
-12.7903 -10.5464 10700 0.0375561 0.595766 27.9936 139.186 -13 221 1 0 1
-36.4283 -1.69251 10700 0.175463 0.0569328 27.9994 139.044 -13 222 1 0 1
-19.203 -5.86293 10700 0.0690865 0.314547 27.9981 139.135 -13 223 1 0 1
9.69031 -8.71535 10700 -0.123285 0.607771 27.9931 139.277 -13 224 1 0 1
-41.1687 10.4314 10700 0.210893 -0.777017 27.9884 139.035 -13 225 1 0 1
-23.199 0.0956896 10700 0.0917627 0.0313809 27.9998 139.109 -13 226 1 0 1
48.7129 -6.80407 10700 -0.3503 0.545168 27.9925 139.493 -13 227 1 0 1
42.012 -15.7346 10700 -0.328915 1.13309 27.9751 139.507 -13 228 1 0 1
1.90243 12.3037 10700 -0.0575331 -0.842215 27.9873 139.269 -13 229 1 0 1
46.943 -2.7785 10700 -0.32305 0.20051 27.9974 139.481 -13 230 1 0 1
-20.2418 -0.184005 10700 0.0682457 0.000661411 27.9999 139.118 -13 231 1 0 1
-16.0424 2.00496 10700 0.0462537 -0.103917 27.9998 139.144 -13 232 1 0 1
4.49026 10.0288 10700 -0.0818435 -0.724897 27.9905 139.264 -13 233 1 0 1
-12.6191 9.23932 10700 0.0114055 -0.598468 27.9936 139.161 -13 234 1 0 1
35.8924 -2.48422 10700 -0.255991 0.0874174 27.9987 139.419 -13 235 1 0 1
26.1137 5.63674 10700 -0.202537 -0.415409 27.9962 139.368 -13 236 1 0 1
-10.598 3.7016 10700 0.0069848 -0.230869 27.999 139.167 -13 237 1 0 1
-20.2191 1.46897 10700 0.0745556 0.00648986 27.9999 139.126 -13 238 1 0 1
-40.3723 -7.84755 10700 0.193455 0.532926 27.9943 139.023 -13 239 1 0 1
-11.1017 -13.6674 10700 0.0138548 0.91636 27.985 139.196 -13 240 1 0 1
-1.84747 -3.41749 10700 -0.0396639 0.137048 27.9996 139.217 -13 241 1 0 1
14.991 -10.678 10700 -0.151867 0.750542 27.9895 139.316 -13 242 1 0 1
26.6164 1.21573 10700 -0.199041 -0.0976144 27.9991 139.37 -13 243 1 0 1
37.0507 -12.614 10700 -0.2755 0.834549 27.9862 139.461 -13 244 1 0 1
20.9483 15.2907 10700 -0.189731 -1.08486 27.9783 139.38 -13 245 1 0 1
48.7992 -13.5069 10700 -0.374891 0.997859 27.9797 139.524 -13 246 1 0 1
-47.7145 19.8887 10700 0.291144 -1.40803 27.9631 139.05 -13 247 1 0 1
-47.1326 6.78654 10700 0.228884 -0.514362 27.9943 138.98 -13 248 1 0 1
2.64346 9.32738 10700 -0.0693647 -0.609365 27.9933 139.253 -13 249 1 0 1
-33.8845 -5.27905 10700 0.150774 0.334416 27.9976 139.051 -13 250 1 0 1
12.4623 -6.50905 10700 -0.125399 0.338707 27.9977 139.294 -13 251 1 0 1
27.6408 -2.28375 10700 -0.196241 0.105283 27.9991 139.386 -13 252 1 0 1
-0.726229 2.60603 10700 -0.0519238 -0.226621 27.999 139.216 -13 253 1 0 1
11.7552 -7.07433 10700 -0.120203 0.432325 27.9964 139.292 -13 254 1 0 1
31.3 2.54041 10700 -0.222267 -0.267572 27.9978 139.403 -13 255 1 0 1
3.2969 -2.43519 10700 -0.0694264 0.0911319 27.9998 139.242 -13 256 1 0 1
12.4443 -6.98529 10700 -0.119852 0.269148 27.9984 139.301 -13 257 1 0 1
49.6252 -6.54349 10700 -0.354652 0.495978 27.9934 139.495 -13 258 1 0 1
17.9896 -12.9878 10700 -0.159203 0.775329 27.9888 139.35 -13 259 1 0 1
37.2107 -1.1909 10700 -0.267099 0.109206 27.9985 139.422 -13 260 1 0 1
2.93665 14.5776 10700 -0.0806732 -0.900872 27.9854 139.266 -13 261 1 0 1
15.8601 -4.31482 10700 -0.138604 0.271717 27.9983 139.315 -13 262 1 0 1
12.4743 -6.9567 10700 -0.130474 0.425267 27.9965 139.29 -13 263 1 0 1
-36.1317 15.5391 10700 0.178338 -1.17865 27.9746 139.075 -13 264 1 0 1
-4.70751 7.83035 10700 -0.0275749 -0.346456 27.9978 139.205 -13 265 1 0 1
5.20285 -4.51832 10700 -0.0804812 0.248751 27.9988 139.255 -13 266 1 0 1
46.8656 3.42403 10700 -0.324384 -0.24336 27.9971 139.481 -13 267 1 0 1
-18.4786 19.6944 10700 0.074992 -1.3714 27.9663 139.203 -13 268 1 0 1
-31.1538 3.74132 10700 0.126294 -0.191828 27.9991 139.056 -13 269 1 0 1
9.26882 -1.68729 10700 -0.113161 0.0660861 27.9997 139.263 -13 270 1 0 1
37.9275 2.38262 10700 -0.266155 -0.18816 27.9981 139.433 -13 271 1 0 1
47.5453 -5.24904 10700 -0.33458 0.367495 27.9956 139.483 -13 272 1 0 1
44.0039 -24.2672 10700 -0.48087 2.22898 27.907 139.658 -13 273 1 0 1
-25.7184 6.6408 10700 0.100349 -0.429649 27.9965 139.093 -13 274 1 0 1
-7.5772 6.9541 10700 -0.0174527 -0.415297 27.9969 139.18 -13 275 1 0 1
-29.4729 10.3713 10700 0.125981 -0.732656 27.9901 139.085 -13 276 1 0 1
-1.1234 8.02795 10700 -0.0456698 -0.531535 27.9949 139.229 -13 277 1 0 1
33.8802 -11.8747 10700 -0.272637 0.803179 27.9872 139.421 -13 278 1 0 1
-32.8726 3.56126 10700 0.156574 -0.304649 27.9979 139.067 -13 279 1 0 1
7.49884 -8.14731 10700 -0.0914931 0.519903 27.995 139.278 -13 280 1 0 1
-16.8984 -9.84154 10700 0.0535965 0.63517 27.9927 139.156 -13 281 1 0 1
-24.727 4.92968 10700 0.100911 -0.285654 27.9984 139.104 -13 282 1 0 1
-13.7565 5.79395 10700 0.0310516 -0.354768 27.9977 139.158 -13 283 1 0 1
-16.849 10.1156 10700 0.0502338 -0.744563 27.9901 139.154 -13 284 1 0 1
-33.165 -2.60463 10700 0.150264 0.145185 27.9992 139.056 -13 285 1 0 1
10.2632 2.15861 10700 -0.106138 -0.169244 27.9993 139.283 -13 286 1 0 1
18.986 -4.64567 10700 -0.166022 0.286709 27.998 139.323 -13 287 1 0 1
-10.476 -15.4654 10700 0.0253294 0.878733 27.9862 139.218 -13 288 1 0 1
16.0364 3.72188 10700 -0.142127 -0.224056 27.9987 139.312 -13 289 1 0 1
4.08002 7.90139 10700 -0.070718 -0.380941 27.9973 139.258 -13 290 1 0 1
-5.01135 18.7035 10700 -0.013473 -1.31905 27.9689 139.276 -13 291 1 0 1
-25.3622 4.98063 10700 0.0990778 -0.324826 27.9979 139.095 -13 292 1 0 1
44.3667 -13.0258 10700 -0.332742 0.928031 27.9826 139.502 -13 293 1 0 1
53.2804 -8.52926 10700 -0.372977 0.628604 27.9905 139.535 -13 294 1 0 1
50.4726 -20.6023 10700 -0.452998 1.81455 27.9375 139.641 -13 295 1 0 1
48.8293 -12.0414 10700 -0.365007 0.884268 27.9837 139.517 -13 296 1 0 1
5.68474 -7.95709 10700 -0.0826647 0.523322 27.995 139.267 -13 297 1 0 1
-3.12478 -9.24845 10700 -0.0324511 0.600417 27.9935 139.224 -13 298 1 0 1
5.57866 12.2986 10700 -0.0843525 -0.704348 27.991 139.28 -13 299 1 0 1
29.2916 -9.71988 10700 -0.22719 0.728449 27.9896 139.401 -13 300 1 0 1
-18.9061 -0.945347 10700 0.068725 0.157514 27.9995 139.135 -13 301 1 0 1
21.1896 -0.368264 10700 -0.166602 0.0451837 27.9995 139.341 -13 302 1 0 1
-35.0885 14.9738 10700 0.17516 -0.987356 27.982 139.079 -13 303 1 0 1
36.8172 10.6224 10700 -0.278216 -0.768897 27.9881 139.444 -13 304 1 0 1
8.42389 -26.979 10700 -0.147064 2.15423 27.9166 139.441 -13 305 1 0 1
58.6095 -7.88196 10700 -0.401071 0.596706 27.9908 139.568 -13 306 1 0 1
-67.5395 16.1783 10700 0.431569 -1.37584 27.9628 138.929 -13 307 1 0 1
-16.9006 -15.3845 10700 0.0499485 1.0801 27.9791 139.174 -13 308 1 0 1
0.331984 3.93492 10700 -0.0556118 -0.230362 27.999 139.226 -13 309 1 0 1
-34.2684 4.62142 10700 0.144917 -0.344514 27.9975 139.039 -13 310 1 0 1
-79.0107 3.50772 10700 0.467824 -0.404274 27.9932 138.829 -13 311 1 0 1
50.2801 -10.8618 10700 -0.353368 0.766478 27.9873 139.532 -13 312 1 0 1
-38.216 -12.235 10700 0.177253 0.744353 27.9895 139.039 -13 313 1 0 1
-3.6073 6.60672 10700 -0.0287282 -0.334934 27.998 139.213 -13 314 1 0 1
-15.098 6.92872 10700 0.0544139 -0.442803 27.9964 139.169 -13 315 1 0 1
19.3206 -4.70163 10700 -0.16377 0.340994 27.9974 139.328 -13 316 1 0 1
12.2521 -5.5392 10700 -0.127442 0.404642 27.9968 139.288 -13 317 1 0 1
20.051 2.31085 10700 -0.165435 -0.108073 27.9993 139.331 -13 318 1 0 1
2.75417 15.3937 10700 -0.0642866 -1.09384 27.9786 139.293 -13 319 1 0 1
43.1248 -20.8426 10700 -0.386225 1.75137 27.9425 139.589 -13 320 1 0 1
-8.66017 -10.9201 10700 4.29254e-05 0.668112 27.992 139.199 -13 321 1 0 1
-8.65173 -6.38637 10700 -0.00600287 0.460084 27.9962 139.18 -13 322 1 0 1
16.2482 -11.1055 10700 -0.149274 0.768557 27.9891 139.334 -13 323 1 0 1
-4.80077 -20.2002 10700 -0.00640356 1.48248 27.9607 139.294 -13 324 1 0 1
8.08145 -15.1978 10700 -0.102223 0.977741 27.9827 139.309 -13 325 1 0 1
31.0543 12.3481 10700 -0.244723 -0.863199 27.9856 139.42 -13 326 1 0 1
22.2731 -0.300317 10700 -0.176584 -0.00713662 27.9994 139.343 -13 327 1 0 1
-11.1193 9.76136 10700 0.0334703 -0.548086 27.9946 139.199 -13 328 1 0 1
4.3086 9.16009 10700 -0.0771499 -0.54162 27.9947 139.259 -13 329 1 0 1
-10.5315 -13.689 10700 0.0117677 0.839398 27.9874 139.198 -13 330 1 0 1
51.8898 5.47915 10700 -0.360739 -0.355358 27.9954 139.509 -13 331 1 0 1
-38.4649 14.1287 10700 0.196479 -0.876812 27.9856 139.059 -13 332 1 0 1
19.7037 13.6676 10700 -0.180026 -0.943917 27.9835 139.36 -13 333 1 0 1
-19.0886 10.5544 10700 0.0702653 -0.756489 27.9897 139.15 -13 334 1 0 1
18.0898 -12.4944 10700 -0.177978 0.720445 27.9902 139.331 -13 335 1 0 1
-36.1311 1.81739 10700 0.159488 -0.0718668 27.9995 139.032 -13 336 1 0 1
31.3892 -0.277171 10700 -0.22793 0.101021 27.9989 139.394 -13 337 1 0 1
1.93056 4.22252 10700 -0.0558082 -0.194797 27.9993 139.244 -13 338 1 0 1
25.8339 -10.4461 10700 -0.202132 0.649239 27.9917 139.387 -13 339 1 0 1
6.08442 -1.76712 10700 -0.0806347 0.0726934 27.9998 139.261 -13 340 1 0 1
-31.6639 14.1543 10700 0.148077 -0.906008 27.9849 139.09 -13 341 1 0 1
83.9507 -4.85339 10700 -0.57274 0.462044 27.9903 139.688 -13 342 1 0 1
-11.2753 -5.8259 10700 0.0172719 0.404312 27.9971 139.172 -13 343 1 0 1
-9.83385 11.6734 10700 0.0121145 -0.697384 27.9913 139.2 -13 344 1 0 1
18.2483 -18.9444 10700 -0.17273 1.39321 27.9648 139.405 -13 345 1 0 1
-9.83944 9.70407 10700 0.00312198 -0.600849 27.9936 139.185 -13 346 1 0 1
38.6979 -13.2383 10700 -0.295429 0.978244 27.9813 139.474 -13 347 1 0 1
50.4357 3.59915 10700 -0.349046 -0.223647 27.9969 139.498 -13 348 1 0 1
32.7271 -10.6067 10700 -0.252346 0.756179 27.9886 139.42 -13 349 1 0 1
-35.5281 -3.54945 10700 0.161766 0.173154 27.999 139.042 -13 350 1 0 1
41.8876 -6.52116 10700 -0.293753 0.423096 27.9953 139.461 -13 351 1 0 1
5.52983 3.54754 10700 -0.0871289 -0.213736 27.999 139.251 -13 352 1 0 1
53.5556 -8.81457 10700 -0.387723 0.664017 27.9894 139.527 -13 353 1 0 1
7.92283 -0.564819 10700 -0.0896741 0.0440757 27.9998 139.272 -13 354 1 0 1
16.051 -12.5203 10700 -0.150231 0.785335 27.9886 139.336 -13 355 1 0 1
-60.5905 -2.91857 10700 0.318305 0.227364 27.9973 138.91 -13 356 1 0 1
-21.0966 10.1431 10700 0.0780984 -0.613765 27.9932 139.133 -13 357 1 0 1
29.2959 -5.63132 10700 -0.217231 0.389291 27.9965 139.389 -13 358 1 0 1
-3.30394 7.61299 10700 -0.0343179 -0.405001 27.997 139.211 -13 359 1 0 1
-15.5347 14.0785 10700 0.0526941 -0.908842 27.9852 139.185 -13 360 1 0 1
30.847 -11.0258 10700 -0.235578 0.747078 27.989 139.415 -13 361 1 0 1
77.0194 -14.2575 10700 -0.584247 1.42045 27.9578 139.752 -13 362 1 0 1
46.7369 -0.867825 10700 -0.322294 0.0596083 27.9981 139.477 -13 363 1 0 1
-3.11226 -2.20291 10700 -0.0416627 0.0890154 27.9998 139.199 -13 364 1 0 1
37.4135 -14.9518 10700 -0.300552 1.11296 27.9763 139.472 -13 365 1 0 1
-26.6683 10.9799 10700 0.104973 -0.568688 27.994 139.095 -13 366 1 0 1
-18.1265 4.66105 10700 0.0582546 -0.290572 27.9984 139.136 -13 367 1 0 1
84.6851 -13.849 10700 -0.665167 1.45128 27.9545 139.785 -13 368 1 0 1
11.8205 5.71885 10700 -0.118125 -0.396026 27.997 139.293 -13 369 1 0 1
38.2957 6.67194 10700 -0.278992 -0.484441 27.9944 139.436 -13 370 1 0 1
-8.66958 14.9059 10700 0.00742029 -0.93144 27.9845 139.223 -13 371 1 0 1
-43.4072 3.83053 10700 0.212754 -0.122391 27.9989 139.004 -13 372 1 0 1
-39.3504 20.5459 10700 0.227396 -1.58998 27.9539 139.096 -13 373 1 0 1
-28.5314 5.75164 10700 0.125319 -0.37508 27.9972 139.085 -13 374 1 0 1
38.3772 8.33738 10700 -0.279818 -0.587146 27.9924 139.447 -13 375 1 0 1
29.6882 -10.1967 10700 -0.228352 0.702007 27.9903 139.405 -13 376 1 0 1
22.0982 -9.08366 10700 -0.184576 0.566672 27.9937 139.353 -13 377 1 0 1
49.1686 -20.2475 10700 -0.421231 1.66592 27.9472 139.618 -13 378 1 0 1
-14.1724 8.87738 10700 0.0406097 -0.542994 27.9947 139.17 -13 379 1 0 1
-15.9809 8.90767 10700 0.0493666 -0.458089 27.9962 139.156 -13 380 1 0 1
-6.39648 4.77591 10700 -0.00350263 -0.271938 27.9987 139.205 -13 381 1 0 1
40.1271 0.0757772 10700 -0.28598 -0.0221509 27.9985 139.436 -13 382 1 0 1
29.0742 -2.69777 10700 -0.217744 0.108394 27.9989 139.38 -13 383 1 0 1
-59.2126 20.0905 10700 0.390255 -1.66667 27.9476 138.99 -13 384 1 0 1
-4.18675 3.33609 10700 -0.0281063 -0.0993549 27.9998 139.202 -13 385 1 0 1
40.4306 19.0606 10700 -0.347368 -1.50003 27.9576 139.533 -13 386 1 0 1
35.1109 2.59722 10700 -0.252598 0.00457074 27.9989 139.413 -13 387 1 0 1
11.5142 -11.2956 10700 -0.121522 0.708844 27.9908 139.307 -13 388 1 0 1
41.5868 0.853241 10700 -0.298379 -0.0394889 27.9984 139.44 -13 389 1 0 1
11.8005 6.79487 10700 -0.118545 -0.396377 27.9969 139.294 -13 390 1 0 1
11.7106 1.28897 10700 -0.11824 -0.0479367 27.9997 139.285 -13 391 1 0 1
21.0242 -3.89134 10700 -0.177021 0.210637 27.9986 139.332 -13 392 1 0 1
-21.0802 2.61553 10700 0.0676166 -0.151304 27.9995 139.11 -13 393 1 0 1
0.39705 4.78091 10700 -0.0635284 -0.339785 27.9979 139.219 -13 394 1 0 1
16.0523 0.340061 10700 -0.14561 -0.0528389 27.9996 139.305 -13 395 1 0 1
77.6162 -14.5224 10700 -0.595767 1.36134 27.9605 139.742 -13 396 1 0 1
-4.85265 5.61125 10700 -0.0219803 -0.292468 27.9985 139.205 -13 397 1 0 1
7.75112 -6.53733 10700 -0.101358 0.400994 27.9969 139.265 -13 398 1 0 1
31.6398 12.0975 10700 -0.244752 -0.765372 27.9885 139.421 -13 399 1 0 1
57.4403 -10.9821 10700 -0.420388 0.831455 27.9845 139.561 -13 400 1 0 1
37.0477 -9.17467 10700 -0.269366 0.599081 27.9923 139.443 -13 401 1 0 1
-11.9137 8.1196 10700 0.0192828 -0.533143 27.9949 139.173 -13 402 1 0 1
-35.6604 12.782 10700 0.165854 -0.967073 27.9828 139.06 -13 403 1 0 1
14.135 8.41758 10700 -0.133593 -0.431427 27.9964 139.308 -13 404 1 0 1
-8.30344 -2.62667 10700 -0.00348631 0.116767 27.9998 139.181 -13 405 1 0 1
4.25151 -5.78823 10700 -0.0750899 0.397475 27.9971 139.252 -13 406 1 0 1
25.8499 -5.43527 10700 -0.196603 0.339641 27.9972 139.371 -13 407 1 0 1
16.9654 -18.1737 10700 -0.16615 1.20259 27.9737 139.378 -13 408 1 0 1
-36.1429 4.79771 10700 0.169766 -0.249135 27.9984 139.044 -13 409 1 0 1
4.50914 6.3503 10700 -0.0853977 -0.468276 27.996 139.247 -13 410 1 0 1
12.6115 -4.79377 10700 -0.129806 0.276825 27.9983 139.288 -13 411 1 0 1
0.714466 -4.61507 10700 -0.0556123 0.246153 27.9989 139.231 -13 412 1 0 1
16.91 6.75511 10700 -0.161315 -0.450212 27.9959 139.308 -13 413 1 0 1
22.3986 -2.56014 10700 -0.186599 0.227615 27.9985 139.337 -13 414 1 0 1
6.27804 -0.0101113 10700 -0.0914365 0.101603 27.9997 139.252 -13 415 1 0 1
33.3369 -13.49 10700 -0.254209 0.917006 27.9838 139.446 -13 416 1 0 1
20.891 -19.9717 10700 -0.205401 1.32564 27.9678 139.411 -13 417 1 0 1
-1.38531 -5.73283 10700 -0.0449171 0.373384 27.9975 139.219 -13 418 1 0 1
73.7204 2.31742 10700 -0.500138 -0.200277 27.9948 139.624 -13 419 1 0 1
42.7172 -13.0006 10700 -0.321149 0.861666 27.9849 139.488 -13 420 1 0 1
55.1389 2.3961 10700 -0.377747 -0.178817 27.9969 139.523 -13 421 1 0 1
-27.649 -8.36775 10700 0.115848 0.510531 27.9951 139.089 -13 422 1 0 1
4.10721 15.0616 10700 -0.0662535 -0.94303 27.984 139.299 -13 423 1 0 1
39.4394 0.566471 10700 -0.276432 0.0389717 27.9986 139.438 -13 424 1 0 1
30.8601 4.11102 10700 -0.228093 -0.350851 27.9969 139.393 -13 425 1 0 1
-49.875 17.0323 10700 0.280144 -1.27737 27.9694 139.01 -13 426 1 0 1
-17.1174 14.7389 10700 0.0468946 -0.882834 27.986 139.161 -13 427 1 0 1
-1.16442 4.08613 10700 -0.054027 -0.311803 27.9982 139.211 -13 428 1 0 1
-38.3899 0.383021 10700 0.187255 -0.0133163 27.9994 139.034 -13 429 1 0 1
-6.98268 -3.03994 10700 0.00145666 0.11973 27.9997 139.201 -13 430 1 0 1
-18.1304 -6.61021 10700 0.0728108 0.474565 27.9959 139.153 -13 431 1 0 1
37.2169 3.38661 10700 -0.273671 -0.233721 27.9977 139.418 -13 432 1 0 1
64.7727 -18.5076 10700 -0.574135 1.77906 27.9375 139.709 -13 433 1 0 1
-34.6336 -1.31862 10700 0.16363 0.137941 27.9992 139.053 -13 434 1 0 1
-21.6746 -5.68778 10700 0.0783258 0.304295 27.9982 139.117 -13 435 1 0 1
-28.5232 -4.90969 10700 0.128357 0.334471 27.9977 139.088 -13 436 1 0 1
-38.6128 2.26583 10700 0.17088 -0.0401633 27.9994 139.016 -13 437 1 0 1
15.4418 -23.3825 10700 -0.174456 1.59312 27.9541 139.415 -13 438 1 0 1
11.8954 -1.48216 10700 -0.118088 0.0368128 27.9997 139.287 -13 439 1 0 1
-57.4294 6.48707 10700 0.308967 -0.412802 27.9953 138.936 -13 440 1 0 1
-2.27884 2.21384 10700 -0.0344985 -0.174439 27.9994 139.217 -13 441 1 0 1
-13.3699 18.1982 10700 0.0308611 -1.25744 27.9717 139.213 -13 442 1 0 1
-16.9253 -8.50788 10700 0.0502215 0.473131 27.996 139.145 -13 443 1 0 1
15.125 -1.92304 10700 -0.132348 0.127453 27.9994 139.31 -13 444 1 0 1
-61.4144 1.51657 10700 0.330491 -0.13523 27.9977 138.91 -13 445 1 0 1
3.58246 -0.942487 10700 -0.0720132 0.0323362 27.9999 139.242 -13 446 1 0 1
9.47172 -11.0205 10700 -0.102246 0.641276 27.9925 139.301 -13 447 1 0 1
-20.4527 -5.81959 10700 0.0674943 0.370836 27.9975 139.119 -13 448 1 0 1
13.9392 1.97353 10700 -0.117224 -0.13668 27.9994 139.313 -13 449 1 0 1
-74.7351 11.1409 10700 0.440136 -0.7075 27.9876 138.856 -13 450 1 0 1
-27.0446 -6.66127 10700 0.103315 0.376518 27.9973 139.081 -13 451 1 0 1
-9.41535 -9.83712 10700 0.00505054 0.634956 27.9928 139.193 -13 452 1 0 1
39.5572 7.03571 10700 -0.285695 -0.463676 27.9947 139.444 -13 453 1 0 1
-35.6453 5.0642 10700 0.165816 -0.326865 27.9976 139.046 -13 454 1 0 1
34.9758 -1.45961 10700 -0.2486 0.140449 27.9985 139.415 -13 455 1 0 1
-52.0418 19.8076 10700 0.323022 -1.44298 27.9609 139.025 -13 456 1 0 1
-18.748 2.82781 10700 0.0647995 -0.154628 27.9995 139.133 -13 457 1 0 1
-43.4237 16.8939 10700 0.248981 -1.15066 27.9752 139.055 -13 458 1 0 1
-20.1612 2.04864 10700 0.0744402 -0.170637 27.9994 139.127 -13 459 1 0 1
-44.4187 -9.05837 10700 0.217283 0.570573 27.9933 139.002 -13 460 1 0 1
-12.8006 -11.1686 10700 0.02526 0.643785 27.9926 139.177 -13 461 1 0 1
-3.64065 -0.942852 10700 -0.0400912 0.0855219 27.9998 139.195 -13 462 1 0 1
21.5739 5.76795 10700 -0.17852 -0.414343 27.9964 139.341 -13 463 1 0 1
18.6052 -7.61382 10700 -0.157344 0.564077 27.9939 139.339 -13 464 1 0 1
-46.6611 8.04757 10700 0.233743 -0.555941 27.9935 138.991 -13 465 1 0 1
-18.4503 9.44925 10700 0.056196 -0.561298 27.9943 139.138 -13 466 1 0 1
3.35923 20.3688 10700 -0.0950086 -1.43568 27.963 139.308 -13 467 1 0 1
-10.805 1.2423 10700 0.0166342 -0.0341841 28 139.172 -13 468 1 0 1
55.704 -4.94977 10700 -0.36884 0.381374 27.995 139.546 -13 469 1 0 1
36.9681 4.24771 10700 -0.270702 -0.263332 27.9975 139.42 -13 470 1 0 1
-17.3188 -6.76656 10700 0.0547666 0.358372 27.9977 139.143 -13 471 1 0 1
9.1758 9.17347 10700 -0.100015 -0.461222 27.996 139.289 -13 472 1 0 1
18.2747 -10.4092 10700 -0.153894 0.734957 27.9899 139.349 -13 473 1 0 1
-0.657657 16.9674 10700 -0.0521503 -1.09451 27.9786 139.268 -13 474 1 0 1
-2.8773 4.69522 10700 -0.024484 -0.230719 27.999 139.223 -13 475 1 0 1
-30.5058 -13.8629 10700 0.136897 0.940035 27.9839 139.093 -13 476 1 0 1
23.1489 15.0688 10700 -0.186646 -1.05325 27.9796 139.408 -13 477 1 0 1
-51.535 17.6928 10700 0.307209 -1.30471 27.9679 139.016 -13 478 1 0 1
9.1624 -3.62349 10700 -0.108854 0.151958 27.9994 139.269 -13 479 1 0 1
-15.5416 2.37754 10700 0.0553495 -0.181408 27.9994 139.16 -13 480 1 0 1
19.0172 1.1391 10700 -0.161483 -0.0922105 27.9994 139.322 -13 481 1 0 1
-16.1429 2.87138 10700 0.050735 -0.174825 27.9994 139.148 -13 482 1 0 1
3.02268 -8.72037 10700 -0.0698306 0.403711 27.997 139.249 -13 483 1 0 1
24.6938 -8.00725 10700 -0.190768 0.477316 27.9953 139.37 -13 484 1 0 1
20.2071 12.186 10700 -0.171559 -0.817044 27.9876 139.364 -13 485 1 0 1
-25.2087 20.3262 10700 0.118225 -1.3097 27.9691 139.163 -13 486 1 0 1
9.03363 13.33 10700 -0.111548 -1.00878 27.9816 139.308 -13 487 1 0 1
4.92932 13.1601 10700 -0.0833025 -0.794244 27.9886 139.278 -13 488 1 0 1
-50.1504 15.9898 10700 0.271378 -1.0069 27.9806 138.996 -13 489 1 0 1
38.4506 11.8115 10700 -0.290315 -0.8493 27.9856 139.461 -13 490 1 0 1
54.7203 -8.54287 10700 -0.39081 0.655482 27.9896 139.537 -13 491 1 0 1
47.1908 -6.83176 10700 -0.33898 0.518979 27.9931 139.484 -13 492 1 0 1
37.1986 -2.08313 10700 -0.268413 0.110494 27.9985 139.421 -13 493 1 0 1
3.44795 4.55813 10700 -0.0643835 -0.287207 27.9985 139.253 -13 494 1 0 1
12.7937 -11.7311 10700 -0.13105 0.804153 27.9881 139.316 -13 495 1 0 1
8.52327 -6.72871 10700 -0.0984316 0.552011 27.9944 139.284 -13 496 1 0 1
6.52788 6.53286 10700 -0.0972993 -0.418876 27.9967 139.256 -13 497 1 0 1
-29.3215 -1.33747 10700 0.116694 0.0372102 27.9997 139.065 -13 498 1 0 1
10.7748 10.464 10700 -0.0993476 -0.558475 27.9943 139.314 -13 499 1 0 1
17.834 -12.2299 10700 -0.157825 0.803265 27.988 139.349 -13 500 1 0 1
1.10546 -11.3266 10700 -0.0554991 0.695219 27.9913 139.255 -13 501 1 0 1
42.8854 -3.74186 10700 -0.297273 0.265849 27.9972 139.462 -13 502 1 0 1
-30.3533 -0.605071 10700 0.123305 0.0623576 27.9997 139.061 -13 503 1 0 1
-3.5452 -8.15868 10700 -0.0337768 0.444265 27.9965 139.211 -13 504 1 0 1
-2.04535 3.51799 10700 -0.0365902 -0.168542 27.9995 139.218 -13 505 1 0 1
-10.8681 -8.04904 10700 0.0122009 0.397368 27.9972 139.174 -13 506 1 0 1
-22.4383 -0.265371 10700 0.0768453 0.0667344 27.9998 139.103 -13 507 1 0 1
-23.3328 14.7355 10700 0.10031 -0.965996 27.9832 139.143 -13 508 1 0 1
11.7337 -0.888195 10700 -0.113085 0.0508123 27.9997 139.291 -13 509 1 0 1
2.53391 11.9014 10700 -0.0667094 -0.797654 27.9886 139.264 -13 510 1 0 1
-11.8498 -5.37959 10700 0.0250258 0.304837 27.9983 139.173 -13 511 1 0 1
28.1125 -6.43266 10700 -0.21245 0.512496 27.9945 139.387 -13 512 1 0 1
6.40558 3.3486 10700 -0.0759702 -0.271246 27.9986 139.273 -13 513 1 0 1
-44.5822 21.1321 10700 0.263754 -1.5334 27.9567 139.062 -13 514 1 0 1
24.7588 -5.73978 10700 -0.195799 0.381452 27.9967 139.359 -13 515 1 0 1
6.12234 18.3521 10700 -0.0925888 -1.29613 27.9698 139.33 -13 516 1 0 1
-9.17315 6.38522 10700 0.00474575 -0.381835 27.9974 139.183 -13 517 1 0 1
10.5804 -11.461 10700 -0.101574 0.798702 27.9884 139.319 -13 518 1 0 1
49.1741 -2.29803 10700 -0.347726 0.264891 27.9966 139.483 -13 519 1 0 1
3.71651 -19.2551 10700 -0.0956509 1.33799 27.9678 139.305 -13 520 1 0 1
55.6906 8.85749 10700 -0.387828 -0.638608 27.99 139.552 -13 521 1 0 1
36.3645 -7.40733 10700 -0.265223 0.520757 27.9939 139.431 -13 522 1 0 1
-32.0834 -3.70245 10700 0.13459 0.297948 27.9981 139.055 -13 523 1 0 1
-48.4352 9.76348 10700 0.245047 -0.727483 27.9895 138.983 -13 524 1 0 1
12.8344 -5.53933 10700 -0.119589 0.339463 27.9977 139.302 -13 525 1 0 1
-27.4033 0.14823 10700 0.116719 0.0348074 27.9997 139.087 -13 526 1 0 1
-47.4512 21.0484 10700 0.3028 -1.53735 27.9561 139.062 -13 527 1 0 1
24.6469 5.18943 10700 -0.189456 -0.348117 27.9972 139.364 -13 528 1 0 1
-6.02254 -18.4786 10700 -0.0100999 1.18529 27.9749 139.256 -13 529 1 0 1
-12.3032 -5.55873 10700 0.0283667 0.391595 27.9972 139.171 -13 530 1 0 1
41.4666 7.71328 10700 -0.305139 -0.63893 27.991 139.459 -13 531 1 0 1
-15.3749 -3.93992 10700 0.0387637 0.299167 27.9984 139.146 -13 532 1 0 1
-30.8568 -1.44324 10700 0.136599 0.19531 27.999 139.069 -13 533 1 0 1
5.92925 12.9389 10700 -0.0938892 -0.825799 27.9877 139.279 -13 534 1 0 1
42.75 7.47299 10700 -0.313757 -0.464728 27.9944 139.454 -13 535 1 0 1
35.8989 -20.4559 10700 -0.3157 1.48364 27.9589 139.514 -13 536 1 0 1
-23.7012 5.97476 10700 0.0894473 -0.244823 27.9988 139.106 -13 537 1 0 1
-52.2415 -0.0905437 10700 0.254181 0.0628121 27.9988 138.944 -13 538 1 0 1
-6.7714 16.2974 10700 -0.0173305 -1.09083 27.9787 139.228 -13 539 1 0 1
13.3596 -13.3896 10700 -0.147844 0.941486 27.9838 139.319 -13 540 1 0 1
-45.2097 4.38307 10700 0.227424 -0.255626 27.9979 138.998 -13 541 1 0 1
-45.3624 1.77274 10700 0.238508 -0.116397 27.9987 139.006 -13 542 1 0 1
-27.3345 18.6499 10700 0.122716 -1.26585 27.9711 139.135 -13 543 1 0 1
-26.0137 -6.14243 10700 0.10034 0.264433 27.9986 139.09 -13 544 1 0 1
24.3588 -12.8468 10700 -0.205564 0.811039 27.9875 139.38 -13 545 1 0 1
19.381 2.18376 10700 -0.160419 -0.169192 27.999 139.329 -13 546 1 0 1
-30.2158 -2.73893 10700 0.128863 0.196113 27.999 139.068 -13 547 1 0 1
11.3083 -2.07927 10700 -0.119414 0.169688 27.9992 139.281 -13 548 1 0 1
34.6022 -8.54128 10700 -0.260177 0.610782 27.9921 139.423 -13 549 1 0 1
-41.7068 9.46689 10700 0.204649 -0.66695 27.9913 139.022 -13 550 1 0 1
3.32385 8.01332 10700 -0.0707672 -0.510554 27.9953 139.252 -13 551 1 0 1
34.6923 -0.734505 10700 -0.251139 0.0649742 27.9988 139.408 -13 552 1 0 1
-0.0632607 -4.2782 10700 -0.0498835 0.224474 27.9991 139.227 -13 553 1 0 1
16.3573 -20.3793 10700 -0.174089 1.46344 27.9612 139.395 -13 554 1 0 1
33.9239 2.9111 10700 -0.249995 -0.17894 27.9983 139.403 -13 555 1 0 1
-29.6926 -1.24694 10700 0.12714 0.0560744 27.9997 139.071 -13 556 1 0 1
17.065 3.42525 10700 -0.153042 -0.243519 27.9985 139.312 -13 557 1 0 1
-74.2986 6.8786 10700 0.423971 -0.488698 27.9925 138.846 -13 558 1 0 1
40.4281 -13.9247 10700 -0.307327 1.02902 27.9794 139.49 -13 559 1 0 1
14.0653 -7.61568 10700 -0.136845 0.521371 27.9948 139.306 -13 560 1 0 1
8.06003 -3.0108 10700 -0.0992848 0.21464 27.999 139.266 -13 561 1 0 1
-14.5596 -12.8101 10700 0.0320323 0.900467 27.9855 139.172 -13 562 1 0 1
43.6749 0.46228 10700 -0.299003 0.0041075 27.9984 139.464 -13 563 1 0 1
35.9748 -16.5627 10700 -0.283652 1.19944 27.9729 139.488 -13 564 1 0 1
14.2267 -6.54992 10700 -0.146344 0.359491 27.9973 139.292 -13 565 1 0 1
20.6575 -9.30578 10700 -0.171878 0.542858 27.9942 139.348 -13 566 1 0 1
18.0129 5.61512 10700 -0.161203 -0.359191 27.9972 139.317 -13 567 1 0 1
42.2587 -1.65887 10700 -0.301709 0.137059 27.998 139.446 -13 568 1 0 1
61.5593 -1.51998 10700 -0.4072 0.160691 27.9966 139.57 -13 569 1 0 1
9.79217 -10.3577 10700 -0.116881 0.672577 27.9917 139.289 -13 570 1 0 1
3.01703 8.15443 10700 -0.0645795 -0.474244 27.9959 139.254 -13 571 1 0 1
4.54627 -15.8836 10700 -0.0790449 1.00845 27.9817 139.295 -13 572 1 0 1
-44.911 2.8806 10700 0.218004 -0.17374 27.9986 138.992 -13 573 1 0 1
-22.7677 -0.523787 10700 0.0880481 0.0355133 27.9998 139.11 -13 574 1 0 1
-48.8586 9.94964 10700 0.247206 -0.665455 27.991 138.982 -13 575 1 0 1
-38.2261 12.5172 10700 0.197498 -0.885031 27.9853 139.06 -13 576 1 0 1
24.5934 -5.6523 10700 -0.205674 0.468002 27.9953 139.351 -13 577 1 0 1
87.8084 -7.03943 10700 -0.606212 0.685522 27.985 139.729 -13 578 1 0 1
-13.9323 2.72349 10700 0.0298657 -0.245494 27.9989 139.152 -13 579 1 0 1
24.4416 -11.4385 10700 -0.196608 0.768132 27.9888 139.382 -13 580 1 0 1
-2.27931 9.02702 10700 -0.0383752 -0.585017 27.9939 139.227 -13 581 1 0 1
-9.22508 5.91615 10700 -0.000821882 -0.374412 27.9975 139.176 -13 582 1 0 1
-32.5564 7.73011 10700 0.151736 -0.400907 27.9967 139.068 -13 583 1 0 1
49.6525 -8.4208 10700 -0.357738 0.591069 27.9915 139.503 -13 584 1 0 1
60.6873 -7.10196 10700 -0.420519 0.531004 27.9918 139.566 -13 585 1 0 1
-21.6287 -5.56272 10700 0.0829315 0.297774 27.9983 139.121 -13 586 1 0 1
-43.891 8.4608 10700 0.221704 -0.533792 27.994 139.01 -13 587 1 0 1
-29.3427 -3.35749 10700 0.122285 0.16066 27.9993 139.072 -13 588 1 0 1
3.59711 8.81892 10700 -0.0667293 -0.510326 27.9953 139.26 -13 589 1 0 1
46.5514 -4.028 10700 -0.316317 0.324835 27.9963 139.487 -13 590 1 0 1
39.0557 8.63623 10700 -0.295054 -0.588405 27.9923 139.439 -13 591 1 0 1
-1.94057 -4.13715 10700 -0.0435113 0.163268 27.9995 139.212 -13 592 1 0 1
-24.6023 9.95544 10700 0.0948618 -0.651595 27.9923 139.11 -13 593 1 0 1
41.1641 3.95336 10700 -0.297252 -0.231667 27.9975 139.441 -13 594 1 0 1
7.38815 -11.0859 10700 -0.0905018 0.7858 27.9888 139.292 -13 595 1 0 1
-5.36028 7.43651 10700 -0.019298 -0.482147 27.9958 139.205 -13 596 1 0 1
96.7238 -8.71298 10700 -0.672955 0.847447 27.9791 139.799 -13 597 1 0 1
26.2196 -2.82939 10700 -0.193594 0.193451 27.9987 139.373 -13 598 1 0 1
39.5772 2.0217 10700 -0.281858 -0.129677 27.9983 139.435 -13 599 1 0 1
-48.2021 15.6293 10700 0.252797 -1.17353 27.9743 139.002 -13 600 1 0 1
27.1195 -1.58148 10700 -0.218875 0.197976 27.9984 139.357 -13 601 1 0 1
-18.8061 -5.79813 10700 0.0617639 0.367854 27.9975 139.131 -13 602 1 0 1
-25.5424 13.71 10700 0.110167 -0.879541 27.986 139.123 -13 603 1 0 1
14.1384 -3.92823 10700 -0.129999 0.164698 27.9992 139.303 -13 604 1 0 1
-50.2689 13.2479 10700 0.283022 -0.883596 27.9846 139.002 -13 605 1 0 1
-5.17678 -0.102574 10700 -0.0201943 0.0224598 28 139.197 -13 606 1 0 1
47.936 1.51474 10700 -0.333861 -0.0255018 27.998 139.479 -13 607 1 0 1
-13.0216 -8.03529 10700 0.0335431 0.48386 27.9958 139.172 -13 608 1 0 1
-16.2382 8.35398 10700 0.044984 -0.493645 27.9956 139.148 -13 609 1 0 1
-56.5623 14.9254 10700 0.337518 -1.16724 27.9736 138.979 -13 610 1 0 1
4.15252 0.304965 10700 -0.0713556 -0.120629 27.9996 139.25 -13 611 1 0 1
18.2211 -7.07102 10700 -0.161273 0.460789 27.9957 139.324 -13 612 1 0 1
-8.74916 8.72972 10700 0.00239219 -0.668674 27.992 139.195 -13 613 1 0 1
25.3831 -5.98899 10700 -0.204014 0.443128 27.9957 139.36 -13 614 1 0 1
34.3462 3.24619 10700 -0.260236 -0.248242 27.9977 139.399 -13 615 1 0 1
5.69689 -15.1935 10700 -0.0869056 1.06218 27.9797 139.3 -13 616 1 0 1
2.12504 -2.40475 10700 -0.0645387 0.0377492 27.9999 139.234 -13 617 1 0 1
7.35916 12.3575 10700 -0.0884131 -0.804263 27.9883 139.3 -13 618 1 0 1
-56.1924 7.02995 10700 0.286023 -0.443101 27.995 138.93 -13 619 1 0 1
47.7406 -16.4575 10700 -0.389516 1.29522 27.9673 139.548 -13 620 1 0 1
59.1427 -11.9228 10700 -0.430552 0.905143 27.9821 139.583 -13 621 1 0 1
-64.2099 10.6019 10700 0.369013 -0.818464 27.9856 138.915 -13 622 1 0 1
-7.31958 15.0619 10700 -0.0168567 -0.978875 27.9829 139.215 -13 623 1 0 1
-40.0638 -13.7046 10700 0.201628 0.875155 27.9856 139.044 -13 624 1 0 1
36.4685 -6.41882 10700 -0.270258 0.491053 27.9944 139.424 -13 625 1 0 1
36.3633 -3.64805 10700 -0.260659 0.305376 27.9971 139.423 -13 626 1 0 1
9.97769 -6.49641 10700 -0.103829 0.420251 27.9967 139.288 -13 627 1 0 1
-29.7642 -6.66424 10700 0.135615 0.495634 27.9953 139.085 -13 628 1 0 1
-13.1577 -11.9258 10700 0.017348 0.764427 27.9896 139.169 -13 629 1 0 1
-36.8738 13.0659 10700 0.187087 -0.942497 27.9835 139.067 -13 630 1 0 1
49.7846 -6.01733 10700 -0.348064 0.426286 27.9946 139.499 -13 631 1 0 1
2.24265 -9.64004 10700 -0.0736103 0.551242 27.9945 139.241 -13 632 1 0 1
26.1864 12.8507 10700 -0.211753 -0.815755 27.9873 139.395 -13 633 1 0 1
86.8714 -4.26508 10700 -0.582782 0.390385 27.9912 139.71 -13 634 1 0 1
-4.53427 4.76192 10700 -0.0323503 -0.356796 27.9977 139.196 -13 635 1 0 1
-9.10268 0.170532 10700 0.012943 0.0725451 27.9999 139.188 -13 636 1 0 1
-10.4557 1.7446 10700 0.00441847 -0.116085 27.9998 139.164 -13 637 1 0 1
-30.2945 12.2149 10700 0.144255 -0.74241 27.9898 139.097 -13 638 1 0 1
46.0633 10.1707 10700 -0.329667 -0.680888 27.9898 139.499 -13 639 1 0 1
23.198 9.92701 10700 -0.189784 -0.547418 27.994 139.361 -13 640 1 0 1
34.1743 0.151172 10700 -0.238499 -0.0324425 27.999 139.416 -13 641 1 0 1
28.0029 -6.21659 10700 -0.214171 0.426988 27.9959 139.379 -13 642 1 0 1
26.8059 19.2033 10700 -0.232933 -1.2083 27.9729 139.439 -13 643 1 0 1
34.1795 -2.3738 10700 -0.255736 0.191791 27.9982 139.4 -13 644 1 0 1
-49.9384 10.496 10700 0.270784 -0.650592 27.9911 138.992 -13 645 1 0 1
10.5962 12.814 10700 -0.115263 -0.825371 27.9876 139.311 -13 646 1 0 1
1.87335 13.7845 10700 -0.0626392 -0.923542 27.9847 139.271 -13 647 1 0 1
-10.7587 -10.0822 10700 0.00701267 0.637017 27.9928 139.181 -13 648 1 0 1
15.4231 -10.0455 10700 -0.153673 0.747025 27.9896 139.317 -13 649 1 0 1
47.4612 -23.3796 10700 -0.488018 2.11068 27.9161 139.664 -13 650 1 0 1
58.6961 -0.337107 10700 -0.407428 -0.0282891 27.997 139.533 -13 651 1 0 1
5.03444 0.260677 10700 -0.0772033 -0.0222195 27.9999 139.253 -13 652 1 0 1
20.7967 -5.7795 10700 -0.173986 0.392231 27.9967 139.336 -13 653 1 0 1
-24.3748 6.08479 10700 0.103085 -0.380507 27.9972 139.11 -13 654 1 0 1
32.912 1.17555 10700 -0.237486 0.0257815 27.999 139.402 -13 655 1 0 1
7.88824 10.6094 10700 -0.0940318 -0.687839 27.9914 139.291 -13 656 1 0 1
-54.8079 2.47682 10700 0.283577 -0.142826 27.9982 138.942 -13 657 1 0 1
43.0085 -2.58377 10700 -0.304855 0.114634 27.9981 139.453 -13 658 1 0 1
24.0857 -9.34876 10700 -0.197582 0.620465 27.9924 139.367 -13 659 1 0 1
-31.3069 13.5802 10700 0.153744 -0.836507 27.9871 139.098 -13 660 1 0 1
-60.6079 16.8002 10700 0.354879 -1.20045 27.972 138.945 -13 661 1 0 1
-22.0964 7.75955 10700 0.0880389 -0.537994 27.9947 139.127 -13 662 1 0 1
-13.1646 3.04335 10700 0.0227493 -0.105513 27.9998 139.153 -13 663 1 0 1
-26.3303 -7.07878 10700 0.0938031 0.515225 27.9951 139.085 -13 664 1 0 1
3.8205 11.4598 10700 -0.0833191 -0.650532 27.9923 139.257 -13 665 1 0 1
-31.0805 -10.8527 10700 0.133138 0.622487 27.9928 139.074 -13 666 1 0 1
-39.1105 7.99651 10700 0.187839 -0.478581 27.9953 139.03 -13 667 1 0 1
74.8145 -11.3856 10700 -0.538621 0.900158 27.9803 139.673 -13 668 1 0 1
29.1797 7.28813 10700 -0.211819 -0.413662 27.9961 139.397 -13 669 1 0 1
-15.3843 19.797 10700 0.0390917 -1.37099 27.9664 139.205 -13 670 1 0 1
0.292709 9.39822 10700 -0.0453083 -0.575742 27.994 139.25 -13 671 1 0 1
64.0744 -16.1992 10700 -0.516233 1.50363 27.9548 139.669 -13 672 1 0 1
9.81105 -11.5369 10700 -0.117753 0.628589 27.9927 139.29 -13 673 1 0 1
85.5289 1.03591 10700 -0.577114 -0.176633 27.9935 139.688 -13 674 1 0 1
17.092 1.89313 10700 -0.155452 -0.152111 27.9992 139.308 -13 675 1 0 1
-56.3795 10.7273 10700 0.299456 -0.68075 27.9901 138.945 -13 676 1 0 1
-9.14812 -9.39414 10700 0.00203479 0.520705 27.9952 139.187 -13 677 1 0 1
-28.6282 5.8701 10700 0.134279 -0.312316 27.9979 139.095 -13 678 1 0 1
-0.825781 -2.4494 10700 -0.0455939 0.081298 27.9998 139.221 -13 679 1 0 1
26.0408 -4.55623 10700 -0.210535 0.300116 27.9976 139.357 -13 680 1 0 1
-0.763446 -12.3315 10700 -0.0583688 0.631768 27.9928 139.232 -13 681 1 0 1
39.3043 -11.1394 10700 -0.284495 0.687535 27.9901 139.467 -13 682 1 0 1
-44.7363 11.257 10700 0.23269 -0.69764 27.9903 139.017 -13 683 1 0 1
4.39184 -6.83685 10700 -0.0702853 0.541884 27.9947 139.266 -13 684 1 0 1
43.531 8.54915 10700 -0.315478 -0.594037 27.9919 139.472 -13 685 1 0 1
60.0251 -0.967706 10700 -0.410218 0.0693223 27.9969 139.546 -13 686 1 0 1
-13.0723 15.8003 10700 0.0392847 -0.924078 27.9847 139.206 -13 687 1 0 1
51.941 -15.9054 10700 -0.411549 1.2309 27.9699 139.568 -13 688 1 0 1
10.0336 -4.95813 10700 -0.105255 0.309598 27.9981 139.285 -13 689 1 0 1
-2.31002 -9.09357 10700 -0.0258439 0.497338 27.9956 139.235 -13 690 1 0 1
26.5496 5.77447 10700 -0.209251 -0.307431 27.9975 139.366 -13 691 1 0 1
26.3078 3.69721 10700 -0.199781 -0.203483 27.9985 139.369 -13 692 1 0 1
39.536 -1.24513 10700 -0.274243 -0.0457008 27.9986 139.442 -13 693 1 0 1
-35.3345 14.7527 10700 0.180677 -0.977362 27.9824 139.082 -13 694 1 0 1
24.9723 -9.81779 10700 -0.202353 0.613678 27.9925 139.373 -13 695 1 0 1
29.715 -18.6768 10700 -0.25476 1.31706 27.9678 139.463 -13 696 1 0 1
28.3222 -5.7882 10700 -0.210013 0.380233 27.9966 139.385 -13 697 1 0 1
-27.0505 0.596755 10700 0.101834 -0.1587 27.9994 139.076 -13 698 1 0 1
6.00624 7.07532 10700 -0.0771173 -0.444065 27.9964 139.273 -13 699 1 0 1
8.58276 -2.52393 10700 -0.0986718 0.170924 27.9993 139.272 -13 700 1 0 1
42.6066 -1.99201 10700 -0.290183 0.0711304 27.9984 139.462 -13 701 1 0 1
4.25872 5.05885 10700 -0.0642108 -0.387685 27.9972 139.263 -13 702 1 0 1
16.5139 -2.64619 10700 -0.151309 0.129704 27.9993 139.306 -13 703 1 0 1
65.8304 -4.78538 10700 -0.446409 0.386866 27.9938 139.59 -13 704 1 0 1
3.61734 -1.81096 10700 -0.0765971 0.128497 27.9996 139.238 -13 705 1 0 1
18.5891 -16.7547 10700 -0.170182 1.12934 27.9767 139.38 -13 706 1 0 1
17.2153 1.87328 10700 -0.155724 -0.0712129 27.9995 139.308 -13 707 1 0 1
6.32975 17.2338 10700 -0.107435 -1.11103 27.9777 139.297 -13 708 1 0 1
40.612 -7.45713 10700 -0.289063 0.511573 27.9938 139.456 -13 709 1 0 1
17.1575 -6.06799 10700 -0.144579 0.35283 27.9974 139.326 -13 710 1 0 1
-5.79898 5.09606 10700 -0.0245884 -0.3502 27.9978 139.19 -13 711 1 0 1
-25.022 11.3017 10700 0.105105 -0.690682 27.9913 139.118 -13 712 1 0 1
-11.2449 -0.419044 10700 0.0137778 -0.00970334 28 139.164 -13 713 1 0 1
-15.6082 1.94604 10700 0.0438132 -0.0361917 27.9999 139.146 -13 714 1 0 1
9.88781 0.371448 10700 -0.107704 -0.0755064 27.9997 139.276 -13 715 1 0 1
3.63413 0.0905724 10700 -0.0765261 0.0106787 27.9999 139.238 -13 716 1 0 1
-23.6598 -8.83888 10700 0.0853428 0.428518 27.9966 139.105 -13 717 1 0 1
6.72705 -10.9018 10700 -0.0899952 0.73167 27.9903 139.283 -13 718 1 0 1
-17.1071 20.1215 10700 0.0624878 -1.26973 27.9711 139.205 -13 719 1 0 1
-10.45 16.3276 10700 0.00586353 -1.02427 27.9813 139.206 -13 720 1 0 1
-7.44629 -9.51689 10700 -0.00392942 0.465792 27.9961 139.2 -13 721 1 0 1
-36.1637 2.2601 10700 0.162307 -0.110794 27.9993 139.035 -13 722 1 0 1
52.5123 -10.7788 10700 -0.369995 0.831872 27.9852 139.547 -13 723 1 0 1
84.7863 -5.10929 10700 -0.565045 0.451351 27.9907 139.707 -13 724 1 0 1
4.13212 12.1399 10700 -0.0845899 -0.691094 27.9913 139.262 -13 725 1 0 1
27.577 -22.2158 10700 -0.279306 1.74606 27.9441 139.489 -13 726 1 0 1
1.47285 1.88672 10700 -0.0643879 -0.0954519 27.9998 139.227 -13 727 1 0 1
-30.8289 -8.01407 10700 0.139969 0.520518 27.9948 139.077 -13 728 1 0 1
-9.06499 18.247 10700 -0.00346292 -1.19588 27.9745 139.227 -13 729 1 0 1
20.7682 10.2912 10700 -0.176674 -0.702108 27.9906 139.354 -13 730 1 0 1
-19.1212 4.53494 10700 0.0688524 -0.31311 27.9982 139.135 -13 731 1 0 1
4.47651 -13.3735 10700 -0.0668249 0.881523 27.986 139.293 -13 732 1 0 1
-32.5713 -3.86134 10700 0.144058 0.273081 27.9983 139.058 -13 733 1 0 1
-34.9519 -4.83058 10700 0.163439 0.282216 27.9981 139.051 -13 734 1 0 1
-37.8701 21.8109 10700 0.226476 -1.70637 27.947 139.12 -13 735 1 0 1
-24.1569 1.56018 10700 0.0903237 -0.143954 27.9995 139.097 -13 736 1 0 1
-24.0728 -12.7178 10700 0.107471 0.731986 27.9902 139.132 -13 737 1 0 1
-5.87773 6.76414 10700 -0.0199526 -0.531646 27.9949 139.201 -13 738 1 0 1
79.7553 -15.6478 10700 -0.677197 1.79764 27.934 139.801 -13 739 1 0 1
35.7667 -24.3755 10700 -0.345896 1.85205 27.9365 139.575 -13 740 1 0 1
27.1307 -16.4038 10700 -0.240846 1.12777 27.9762 139.413 -13 741 1 0 1
26.0526 3.50961 10700 -0.194919 -0.211705 27.9985 139.371 -13 742 1 0 1
19.2228 -5.08145 10700 -0.159991 0.367465 27.9971 139.332 -13 743 1 0 1
3.52366 8.61758 10700 -0.0755169 -0.492654 27.9956 139.249 -13 744 1 0 1
62.7406 -19.8215 10700 -0.574789 1.91393 27.9286 139.725 -13 745 1 0 1
62.9757 0.343343 10700 -0.428983 0.0186283 27.9967 139.562 -13 746 1 0 1
-18.8943 2.4553 10700 0.0700592 -0.0777816 27.9998 139.136 -13 747 1 0 1
18.6625 -8.6388 10700 -0.167748 0.653682 27.9919 139.334 -13 748 1 0 1
27.7856 -12.9381 10700 -0.211709 0.836698 27.9867 139.415 -13 749 1 0 1
11.9012 -6.07602 10700 -0.110489 0.352544 27.9976 139.302 -13 750 1 0 1
-9.45015 3.02499 10700 0.00323575 -0.211427 27.9992 139.176 -13 751 1 0 1
-12.2202 13.1071 10700 0.0216664 -0.869868 27.9865 139.188 -13 752 1 0 1
-0.757391 7.92359 10700 -0.0376202 -0.505225 27.9954 139.24 -13 753 1 0 1
27.1733 -0.909535 10700 -0.196093 0.138335 27.999 139.38 -13 754 1 0 1
31.781 -15.3649 10700 -0.267967 1.23493 27.9715 139.449 -13 755 1 0 1
40.424 -12.7108 10700 -0.297288 0.915805 27.9834 139.486 -13 756 1 0 1
-21.4204 10.7725 10700 0.0864225 -0.732357 27.9903 139.139 -13 757 1 0 1
-1.95422 15.9429 10700 -0.0348807 -1.06009 27.9799 139.266 -13 758 1 0 1
66.1504 -19.9866 10700 -0.660279 2.21474 27.9045 139.787 -13 759 1 0 1
15.8142 5.22196 10700 -0.133442 -0.362377 27.9973 139.321 -13 760 1 0 1
-4.4362 11.0651 10700 -0.0178771 -0.649861 27.9925 139.23 -13 761 1 0 1
35.2599 -15.8233 10700 -0.286476 1.17045 27.9741 139.47 -13 762 1 0 1
-24.9074 6.69309 10700 0.103637 -0.434548 27.9964 139.106 -13 763 1 0 1
28.0397 -14.2082 10700 -0.232755 0.869254 27.9855 139.405 -13 764 1 0 1
21.4715 5.19297 10700 -0.18398 -0.341757 27.9973 139.333 -13 765 1 0 1
49.1116 -15.5682 10700 -0.388828 1.24187 27.9697 139.553 -13 766 1 0 1
-49.8248 14.0407 10700 0.273354 -0.962554 27.9821 138.999 -13 767 1 0 1
3.5668 6.82935 10700 -0.0714763 -0.348843 27.9977 139.25 -13 768 1 0 1
9.3684 11.2026 10700 -0.113131 -0.760305 27.9894 139.291 -13 769 1 0 1
9.05583 -12.5175 10700 -0.117505 0.76021 27.9894 139.288 -13 770 1 0 1
23.1047 -9.47158 10700 -0.190669 0.589112 27.9932 139.361 -13 771 1 0 1
15.8007 -16.3033 10700 -0.162096 1.13734 27.9764 139.355 -13 772 1 0 1
13.8787 0.0857418 10700 -0.125943 0.0470889 27.9997 139.301 -13 773 1 0 1
-21.6761 -0.454097 10700 0.0821479 0.00842919 27.9999 139.116 -13 774 1 0 1
-15.6086 -0.147657 10700 0.040342 -0.0386481 27.9999 139.142 -13 775 1 0 1
9.82443 2.77471 10700 -0.100506 -0.150986 27.9994 139.284 -13 776 1 0 1
-10.4804 1.15158 10700 0.0192931 -0.0605016 27.9999 139.179 -13 777 1 0 1
-23.3585 1.02443 10700 0.0899085 -0.0805141 27.9997 139.105 -13 778 1 0 1
-1.61324 0.66053 10700 -0.0464147 0.00636758 28 139.21 -13 779 1 0 1
30.8667 -2.15277 10700 -0.218507 0.159765 27.9987 139.4 -13 780 1 0 1
-17.5425 16.7271 10700 0.0595172 -0.97807 27.9828 139.177 -13 781 1 0 1
-35.1802 9.18572 10700 0.147627 -0.589915 27.9934 139.04 -13 782 1 0 1
-1.02493 -4.88524 10700 -0.0475738 0.195876 27.9993 139.22 -13 783 1 0 1
-49.3846 5.93163 10700 0.248752 -0.278349 27.9975 138.973 -13 784 1 0 1
14.3056 0.848759 10700 -0.120171 -0.0843997 27.9996 139.313 -13 785 1 0 1
9.32229 5.82819 10700 -0.10526 -0.350825 27.9976 139.278 -13 786 1 0 1
43.7691 -4.55344 10700 -0.313904 0.347754 27.9961 139.457 -13 787 1 0 1
-51.986 10.2095 10700 0.28005 -0.747327 27.9886 138.975 -13 788 1 0 1
39.823 -20.5923 10700 -0.355075 1.70966 27.9455 139.564 -13 789 1 0 1
-19.2316 12.2287 10700 0.0551982 -0.801058 27.9885 139.137 -13 790 1 0 1
10.4003 13.1573 10700 -0.129744 -0.82637 27.9875 139.295 -13 791 1 0 1
23.8656 -1.01696 10700 -0.190047 0.0939679 27.9992 139.348 -13 792 1 0 1
50.5974 -23.0466 10700 -0.524611 2.13433 27.9136 139.683 -13 793 1 0 1
1.45522 7.18416 10700 -0.0456775 -0.374837 27.9975 139.254 -13 794 1 0 1
-24.7702 11.5697 10700 0.105438 -0.855965 27.9867 139.123 -13 795 1 0 1
-5.74159 9.2094 10700 -0.0169973 -0.498731 27.9956 139.206 -13 796 1 0 1
-2.20587 -15.7161 10700 -0.0420667 0.98677 27.9826 139.252 -13 797 1 0 1
-16.9045 11.2184 10700 0.0375166 -0.70479 27.9911 139.142 -13 798 1 0 1
-28.8019 -1.82824 10700 0.125904 0.17437 27.9992 139.081 -13 799 1 0 1
17.2542 -7.49526 10700 -0.154551 0.509646 27.9949 139.323 -13 800 1 0 1
34.888 -6.55001 10700 -0.250712 0.468826 27.995 139.424 -13 801 1 0 1
36.7096 -6.17258 10700 -0.277863 0.453549 27.9949 139.417 -13 802 1 0 1
-13.65 10.5347 10700 0.0227579 -0.765559 27.9895 139.164 -13 803 1 0 1
-4.63026 4.69646 10700 -0.0186528 -0.220403 27.9991 139.209 -13 804 1 0 1
46.052 10.4119 10700 -0.341064 -0.797424 27.9866 139.493 -13 805 1 0 1
4.22068 -2.58886 10700 -0.0699694 0.2421 27.9989 139.253 -13 806 1 0 1
-33.188 9.14729 10700 0.15499 -0.728053 27.9901 139.07 -13 807 1 0 1
41.4934 3.86181 10700 -0.297182 -0.222419 27.9975 139.445 -13 808 1 0 1
21.4221 -12.6701 10700 -0.189122 0.881197 27.9855 139.365 -13 809 1 0 1
30.2182 -3.33347 10700 -0.216134 0.232842 27.9982 139.396 -13 810 1 0 1
-2.52635 1.67506 10700 -0.0425161 -0.16955 27.9995 139.205 -13 811 1 0 1
20.3295 -0.2895 10700 -0.176867 -0.0845867 27.9993 139.321 -13 812 1 0 1
7.549 5.55823 10700 -0.0871135 -0.247011 27.9988 139.277 -13 813 1 0 1
-10.5642 -5.94324 10700 0.0145013 0.440253 27.9965 139.178 -13 814 1 0 1
21.8336 9.51953 10700 -0.174444 -0.729022 27.99 139.368 -13 815 1 0 1
85.0905 -12.165 10700 -0.627533 1.15721 27.969 139.757 -13 816 1 0 1
7.95207 15.0315 10700 -0.0997286 -1.05681 27.9799 139.314 -13 817 1 0 1
-39.4913 11.4668 10700 0.197966 -0.791457 27.9881 139.043 -13 818 1 0 1
40.7346 -3.65512 10700 -0.288805 0.235756 27.9975 139.445 -13 819 1 0 1
12.9301 -6.49502 10700 -0.114878 0.310343 27.998 139.311 -13 820 1 0 1
30.6776 0.363445 10700 -0.217484 -0.0808618 27.999 139.397 -13 821 1 0 1
-14.8132 -5.34191 10700 0.0290801 0.296102 27.9984 139.145 -13 822 1 0 1
35.3772 7.34945 10700 -0.268963 -0.551261 27.9933 139.418 -13 823 1 0 1
31.4111 -18.3661 10700 -0.275141 1.2795 27.9694 139.46 -13 824 1 0 1
11.5209 -4.73311 10700 -0.119096 0.278512 27.9984 139.287 -13 825 1 0 1
17.0647 5.66758 10700 -0.151136 -0.400994 27.9967 139.318 -13 826 1 0 1
48.7298 3.3022 10700 -0.336043 -0.190827 27.9973 139.49 -13 827 1 0 1
-10.224 2.17474 10700 0.0118639 -0.099418 27.9998 139.175 -13 828 1 0 1
40.8086 -9.70334 10700 -0.302269 0.593314 27.9921 139.456 -13 829 1 0 1
-24.4581 -0.98437 10700 0.0976304 -0.0420342 27.9998 139.101 -13 830 1 0 1
8.6351 -7.31997 10700 -0.104161 0.417658 27.9967 139.274 -13 831 1 0 1
-7.46141 0.574202 10700 -0.0071468 0.0113739 28 139.185 -13 832 1 0 1
11.3957 -2.15551 10700 -0.108883 0.0151441 27.9998 139.292 -13 833 1 0 1
-18.3874 -6.02867 10700 0.0568815 0.389268 27.9972 139.132 -13 834 1 0 1
42.326 8.41534 10700 -0.312734 -0.559017 27.9927 139.457 -13 835 1 0 1
-7.82793 0.753562 10700 0.000784447 -0.141365 27.9996 139.19 -13 836 1 0 1
53.6717 -5.14116 10700 -0.365747 0.416826 27.9945 139.526 -13 837 1 0 1
-13.9474 13.581 10700 0.0476913 -0.876252 27.9862 139.197 -13 838 1 0 1
-5.00224 11.3481 10700 -0.0210982 -0.776546 27.9892 139.222 -13 839 1 0 1
-9.15353 -10.5627 10700 0.00475758 0.654827 27.9923 139.197 -13 840 1 0 1
7.28017 -18.0477 10700 -0.0986637 1.15257 27.9761 139.323 -13 841 1 0 1
-21.0996 -3.7594 10700 0.0832644 0.250145 27.9988 139.126 -13 842 1 0 1
-33.5632 -6.46121 10700 0.15857 0.415403 27.9965 139.062 -13 843 1 0 1
18.8056 8.25331 10700 -0.161874 -0.535424 27.9944 139.336 -13 844 1 0 1
36.2568 -0.569263 10700 -0.267189 0.0152437 27.9987 139.41 -13 845 1 0 1
0.324425 16.2058 10700 -0.0571636 -0.993613 27.9823 139.269 -13 846 1 0 1
20.6814 -2.33394 10700 -0.163976 0.245579 27.9984 139.341 -13 847 1 0 1
17.6045 -6.49262 10700 -0.159435 0.440379 27.9961 139.318 -13 848 1 0 1
5.13169 -10.3378 10700 -0.0908633 0.650791 27.9923 139.263 -13 849 1 0 1
-5.17373 3.2735 10700 -0.0275685 -0.187608 27.9994 139.192 -13 850 1 0 1
-7.92509 1.30703 10700 -0.0111246 -0.151983 27.9996 139.177 -13 851 1 0 1
18.0254 0.558563 10700 -0.151156 0.00812719 27.9996 139.322 -13 852 1 0 1
15.9801 -11.6146 10700 -0.149855 0.725641 27.9902 139.331 -13 853 1 0 1
-5.14645 -18.8115 10700 -0.0238157 1.3077 27.9694 139.263 -13 854 1 0 1
29.828 -2.09189 10700 -0.231308 0.172656 27.9985 139.374 -13 855 1 0 1
5.06268 10.8043 10700 -0.0755926 -0.643892 27.9925 139.279 -13 856 1 0 1
-10.6185 1.97996 10700 0.0194063 -0.0192959 28 139.178 -13 857 1 0 1
19.0651 8.43648 10700 -0.174528 -0.57835 27.9935 139.328 -13 858 1 0 1
56.6966 -16.7894 10700 -0.439911 1.33647 27.9646 139.624 -13 859 1 0 1
4.97097 -4.68508 10700 -0.0848467 0.334033 27.9979 139.248 -13 860 1 0 1
-1.08274 11.3165 10700 -0.0402732 -0.759053 27.9897 139.247 -13 861 1 0 1
-19.3605 7.43666 10700 0.0586243 -0.466515 27.9961 139.125 -13 862 1 0 1
33.6486 -3.02245 10700 -0.252038 0.165792 27.9984 139.398 -13 863 1 0 1
21.2723 -7.00315 10700 -0.180563 0.375126 27.9969 139.338 -13 864 1 0 1
-2.03643 -4.63138 10700 -0.0382608 0.298961 27.9984 139.218 -13 865 1 0 1
-23.4847 6.15232 10700 0.0811689 -0.32441 27.998 139.1 -13 866 1 0 1
26.4122 1.20704 10700 -0.214329 0.0339609 27.9992 139.352 -13 867 1 0 1
58.6254 -4.17584 10700 -0.397626 0.344926 27.9951 139.55 -13 868 1 0 1
51.2931 -7.62307 10700 -0.351688 0.59602 27.9914 139.527 -13 869 1 0 1
-46.5015 23.3133 10700 0.325858 -1.88637 27.9345 139.099 -13 870 1 0 1
59.6317 5.87104 10700 -0.401039 -0.501844 27.9926 139.57 -13 871 1 0 1
60.6847 13.3492 10700 -0.45714 -1.00819 27.9781 139.594 -13 872 1 0 1
59.2361 -12.7949 10700 -0.436533 0.918617 27.9815 139.585 -13 873 1 0 1
16.1498 -1.60045 10700 -0.150242 0.142729 27.9992 139.303 -13 874 1 0 1
-21.5095 11.2756 10700 0.0778033 -0.725137 27.9905 139.13 -13 875 1 0 1
-27.7557 0.277634 10700 0.114107 -0.0180996 27.9998 139.08 -13 876 1 0 1
8.94843 -0.167547 10700 -0.110584 -0.0820043 27.9997 139.262 -13 877 1 0 1
10.032 -16.8613 10700 -0.118587 1.04276 27.9803 139.326 -13 878 1 0 1
8.78651 -8.91378 10700 -0.102564 0.657357 27.9921 139.288 -13 879 1 0 1
15.6185 1.10296 10700 -0.13669 -0.0247586 27.9997 139.309 -13 880 1 0 1
-43.117 4.43593 10700 0.204592 -0.281416 27.9978 139 -13 881 1 0 1
5.96457 4.54985 10700 -0.0924686 -0.281242 27.9984 139.252 -13 882 1 0 1
10.8625 0.788807 10700 -0.115978 0.0505407 27.9997 139.278 -13 883 1 0 1
6.41952 10.6726 10700 -0.0976433 -0.655459 27.9922 139.271 -13 884 1 0 1
-35.1787 5.53776 10700 0.152566 -0.29265 27.9981 139.039 -13 885 1 0 1
43.5966 -11.9566 10700 -0.330242 0.921374 27.9829 139.489 -13 886 1 0 1
2.03553 10.1652 10700 -0.062675 -0.712434 27.9909 139.255 -13 887 1 0 1
-60.366 12.2089 10700 0.342224 -0.869619 27.9844 138.937 -13 888 1 0 1
-32.5572 19.0167 10700 0.171522 -1.35167 27.9668 139.122 -13 889 1 0 1
56.8246 -18.024 10700 -0.483761 1.70621 27.9438 139.655 -13 890 1 0 1
16.8819 1.10653 10700 -0.150911 -0.137524 27.9993 139.31 -13 891 1 0 1
61.9454 -11.8161 10700 -0.438753 0.835142 27.9841 139.604 -13 892 1 0 1
12.8477 -12.6261 10700 -0.134265 0.881922 27.9858 139.32 -13 893 1 0 1
37.9382 -13.3118 10700 -0.300871 0.952874 27.9822 139.458 -13 894 1 0 1
13.5598 -6.72269 10700 -0.128184 0.449845 27.9961 139.304 -13 895 1 0 1
-17.389 6.69664 10700 0.0539391 -0.441247 27.9965 139.141 -13 896 1 0 1
31.7606 4.21031 10700 -0.232765 -0.252308 27.9979 139.398 -13 897 1 0 1
-6.08125 8.04858 10700 -0.0218682 -0.518725 27.9952 139.196 -13 898 1 0 1
-22.7872 0.280862 10700 0.0940027 -0.0434526 27.9998 139.116 -13 899 1 0 1
40.6007 -6.3607 10700 -0.279549 0.431971 27.9953 139.46 -13 900 1 0 1
-17.826 2.36611 10700 0.0626037 -0.226603 27.999 139.142 -13 901 1 0 1
-11.9206 4.42723 10700 0.0172344 -0.257081 27.9988 139.164 -13 902 1 0 1
24.0372 -24.243 10700 -0.252969 1.85163 27.9376 139.495 -13 903 1 0 1
-37.209 8.09414 10700 0.180792 -0.527437 27.9944 139.046 -13 904 1 0 1
-5.05121 2.31818 10700 -0.0168869 -0.0814855 27.9999 139.203 -13 905 1 0 1
31.4019 -18.6084 10700 -0.271571 1.43717 27.9618 139.477 -13 906 1 0 1
36.6049 -14.5934 10700 -0.298332 1.07871 27.9776 139.46 -13 907 1 0 1
-5.35868 -10.4917 10700 -0.0260376 0.71937 27.9907 139.21 -13 908 1 0 1
-44.0832 -3.95402 10700 0.208215 0.224484 27.9983 138.993 -13 909 1 0 1
12.0041 -2.75023 10700 -0.127993 0.222422 27.9988 139.281 -13 910 1 0 1
-29.603 23.8765 10700 0.172087 -1.78975 27.9422 139.182 -13 911 1 0 1
-37.995 -2.88485 10700 0.166582 0.184875 27.9989 139.019 -13 912 1 0 1
47.6222 12.231 10700 -0.345356 -0.817073 27.9859 139.518 -13 913 1 0 1
-32.5262 0.897439 10700 0.143716 -0.104454 27.9994 139.056 -13 914 1 0 1
42.6731 -16.1291 10700 -0.342341 1.24803 27.9701 139.519 -13 915 1 0 1
15.1361 -9.17527 10700 -0.145679 0.624131 27.9927 139.317 -13 916 1 0 1
29.3668 1.9335 10700 -0.219531 -0.0732786 27.999 139.38 -13 917 1 0 1
24.8085 -4.55606 10700 -0.19351 0.336224 27.9973 139.36 -13 918 1 0 1
-26.5811 9.46965 10700 0.125332 -0.630162 27.9926 139.118 -13 919 1 0 1
-33.818 -0.339917 10700 0.15247 0.094431 27.9994 139.051 -13 920 1 0 1
6.61328 5.80989 10700 -0.0856608 -0.371343 27.9974 139.267 -13 921 1 0 1
-50.2273 -5.6037 10700 0.260096 0.338641 27.9967 138.973 -13 922 1 0 1
50.6588 -10.1622 10700 -0.358702 0.741885 27.9879 139.528 -13 923 1 0 1
64.7655 -2.49504 10700 -0.429445 0.124398 27.9964 139.587 -13 924 1 0 1
-28.0823 -2.53923 10700 0.112788 0.249278 27.9987 139.077 -13 925 1 0 1
12.3462 -8.41218 10700 -0.116772 0.534352 27.9947 139.309 -13 926 1 0 1
-16.9178 -6.9044 10700 0.044732 0.363496 27.9976 139.138 -13 927 1 0 1
61.8441 -18.7374 10700 -0.529108 1.66289 27.9456 139.683 -13 928 1 0 1
10.3399 8.80883 10700 -0.115397 -0.533355 27.9947 139.287 -13 929 1 0 1
13.9446 3.05246 10700 -0.134759 -0.210958 27.9989 139.295 -13 930 1 0 1
26.8324 -15.008 10700 -0.225297 0.98486 27.9818 139.408 -13 931 1 0 1
67.1484 -12.6895 10700 -0.497235 1.03322 27.9765 139.637 -13 932 1 0 1
-31.7191 14.1724 10700 0.149548 -0.880037 27.9858 139.091 -13 933 1 0 1
14.8672 13.4896 10700 -0.145825 -0.922642 27.9844 139.337 -13 934 1 0 1
30.3078 -6.64742 10700 -0.224013 0.379044 27.9965 139.395 -13 935 1 0 1
-16.4546 -11.7474 10700 0.0372952 0.770694 27.9894 139.151 -13 936 1 0 1
-38.0915 14.3407 10700 0.196969 -0.833301 27.9869 139.063 -13 937 1 0 1
26.0175 -11.9417 10700 -0.206252 0.843905 27.9865 139.396 -13 938 1 0 1
0.571959 -6.57106 10700 -0.0577688 0.309582 27.9982 139.23 -13 939 1 0 1
-37.3335 16.5316 10700 0.20674 -1.22253 27.9725 139.092 -13 940 1 0 1
-14.3974 13.8378 10700 0.0399102 -0.932661 27.9844 139.185 -13 941 1 0 1
-0.716374 -7.12134 10700 -0.0492366 0.356087 27.9977 139.225 -13 942 1 0 1
-18.0582 -0.014554 10700 0.0488538 0.0745926 27.9999 139.124 -13 943 1 0 1
4.93214 -1.52329 10700 -0.0814811 0.115305 27.9996 139.248 -13 944 1 0 1
44.688 -3.87932 10700 -0.322677 0.312154 27.9964 139.458 -13 945 1 0 1
39.0477 -8.70827 10700 -0.289287 0.615854 27.9917 139.447 -13 946 1 0 1
-71.4209 9.79014 10700 0.415263 -0.782751 27.986 138.872 -13 947 1 0 1
-30.072 2.26373 10700 0.130538 -0.0630915 27.9996 139.07 -13 948 1 0 1
46.2802 -10.5331 10700 -0.336617 0.737346 27.9883 139.497 -13 949 1 0 1
-4.71296 8.64112 10700 -0.0213959 -0.58767 27.9938 139.217 -13 950 1 0 1
-50.8321 8.03987 10700 0.25575 -0.504266 27.9943 138.963 -13 951 1 0 1
-35.3658 8.0131 10700 0.161877 -0.439552 27.9961 139.047 -13 952 1 0 1
36.9771 3.32752 10700 -0.263508 -0.262492 27.9975 139.427 -13 953 1 0 1
-7.07964 -4.65967 10700 -0.00454921 0.271554 27.9987 139.196 -13 954 1 0 1
50.6892 -16.0028 10700 -0.405614 1.30057 27.9668 139.568 -13 955 1 0 1
15.143 18.74 10700 -0.171972 -1.19985 27.9738 139.352 -13 956 1 0 1
26.6041 -6.73827 10700 -0.201193 0.440586 27.9958 139.378 -13 957 1 0 1
-16.3004 10.5186 10700 0.0475818 -0.631352 27.9928 139.158 -13 958 1 0 1
23.3474 0.622872 10700 -0.179274 -0.0614697 27.9994 139.353 -13 959 1 0 1
-21.2046 8.9235 10700 0.0690992 -0.550629 27.9945 139.119 -13 960 1 0 1
-52.7441 -4.99338 10700 0.283706 0.357205 27.9963 138.965 -13 961 1 0 1
-16.2834 -0.178462 10700 0.0402906 0.00497476 28 139.135 -13 962 1 0 1
-22.714 -0.470133 10700 0.0861642 0.0847465 27.9997 139.109 -13 963 1 0 1
-42.1701 7.40502 10700 0.203354 -0.437132 27.9958 139.01 -13 964 1 0 1
49.6079 -15.0409 10700 -0.382009 1.16345 27.9732 139.551 -13 965 1 0 1
30.3079 -2.16204 10700 -0.229671 0.183872 27.9985 139.382 -13 966 1 0 1
-2.54799 -0.994936 10700 -0.0496258 0.0311088 27.9999 139.197 -13 967 1 0 1
30.7095 -17.6058 10700 -0.278887 1.39766 27.9637 139.453 -13 968 1 0 1
27.1667 18.5001 10700 -0.241861 -1.38658 27.9646 139.449 -13 969 1 0 1
19.0669 -0.763666 10700 -0.168818 0.0271275 27.9995 139.315 -13 970 1 0 1
14.7043 -3.6226 10700 -0.131531 0.308081 27.998 139.309 -13 971 1 0 1
19.3714 -22.4986 10700 -0.204599 1.64758 27.9507 139.439 -13 972 1 0 1
25.3159 -5.01518 10700 -0.197721 0.348365 27.9971 139.362 -13 973 1 0 1
-2.94881 -8.03536 10700 -0.0335173 0.563492 27.9943 139.222 -13 974 1 0 1
-22.2832 5.54664 10700 0.0844639 -0.367987 27.9975 139.115 -13 975 1 0 1
10.2165 1.64144 10700 -0.113694 -0.0779785 27.9997 139.273 -13 976 1 0 1
-27.1162 10.0932 10700 0.123828 -0.622036 27.9928 139.11 -13 977 1 0 1
93.5021 -10.5412 10700 -0.693685 1.17864 27.9666 139.795 -13 978 1 0 1
55.0243 -18.3349 10700 -0.461329 1.48051 27.957 139.617 -13 979 1 0 1
39.0156 -0.600404 10700 -0.270082 0.0509426 27.9987 139.439 -13 980 1 0 1
13.2064 -15.373 10700 -0.140811 1.02556 27.9809 139.334 -13 981 1 0 1
40.6186 -11.7497 10700 -0.312418 0.847467 27.9854 139.465 -13 982 1 0 1
29.2829 -7.14026 10700 -0.209558 0.507758 27.9946 139.404 -13 983 1 0 1
37.8842 1.68146 10700 -0.265787 -0.0708024 27.9986 139.431 -13 984 1 0 1
-15.533 -9.25724 10700 0.0330315 0.641023 27.9926 139.151 -13 985 1 0 1
20.2133 -16.2034 10700 -0.183028 1.15667 27.9755 139.388 -13 986 1 0 1
-23.6934 8.45863 10700 0.0908193 -0.568952 27.9941 139.113 -13 987 1 0 1
14.9368 -12.7935 10700 -0.140505 0.891885 27.9854 139.339 -13 988 1 0 1
-3.58973 -7.18685 10700 -0.0310816 0.477945 27.9959 139.213 -13 989 1 0 1
1.69694 -4.82705 10700 -0.0493586 0.356995 27.9977 139.248 -13 990 1 0 1
17.2006 9.40081 10700 -0.153586 -0.653641 27.9919 139.334 -13 991 1 0 1
-23.1635 -6.12823 10700 0.086175 0.383953 27.9972 139.107 -13 992 1 0 1
-43.6974 -4.18952 10700 0.212826 0.242378 27.9981 139.001 -13 993 1 0 1
13.328 -7.12102 10700 -0.122553 0.433459 27.9964 139.308 -13 994 1 0 1
-32.0236 -6.29249 10700 0.14167 0.414117 27.9966 139.063 -13 995 1 0 1
21.1698 11.8663 10700 -0.175364 -0.823297 27.9873 139.37 -13 996 1 0 1
-16.3345 14.7885 10700 0.0540343 -1.02255 27.9813 139.181 -13 997 1 0 1
-23.6966 -4.53498 10700 0.0931145 0.283748 27.9984 139.107 -13 998 1 0 1
34.8803 -14.1291 10700 -0.267408 0.957663 27.9823 139.457 -13 999 1 0 1
-41.6168 0.744922 10700 0.191074 -0.111887 27.9991 139.002 -13 1000 1 0 1
7.64422 5.09612 10700 -0.0931156 -0.255736 27.9987 139.27 -13 1001 1 0 1
9.84712 9.20876 10700 -0.116485 -0.565087 27.9941 139.283 -13 1002 1 0 1
-30.5724 17.7279 10700 0.156854 -1.16958 27.9751 139.123 -13 1003 1 0 1
8.93394 -11.986 10700 -0.0916306 0.817134 27.9879 139.312 -13 1004 1 0 1
62.9243 2.5001 10700 -0.422833 -0.190253 27.9962 139.572 -13 1005 1 0 1
-27.4445 -1.74049 10700 0.104285 0.100647 27.9996 139.074 -13 1006 1 0 1
10.4787 6.61715 10700 -0.107918 -0.518922 27.995 139.295 -13 1007 1 0 1
31.9075 -2.83564 10700 -0.225817 0.0887825 27.9989 139.404 -13 1008 1 0 1
26.3217 -14.6569 10700 -0.228171 0.970223 27.9823 139.398 -13 1009 1 0 1
9.40321 -14.4569 10700 -0.116092 0.843274 27.9871 139.303 -13 1010 1 0 1
-11.0727 -5.89348 10700 0.022198 0.332526 27.998 139.18 -13 1011 1 0 1
-22.4788 3.83996 10700 0.0851428 -0.233343 27.9989 139.113 -13 1012 1 0 1
3.66238 11.563 10700 -0.0728527 -0.816372 27.988 139.271 -13 1013 1 0 1
44.8357 -11.0583 10700 -0.334136 0.762245 27.9876 139.486 -13 1014 1 0 1
12.6475 -2.06031 10700 -0.119343 0.16503 27.9993 139.296 -13 1015 1 0 1
80.1405 -3.80543 10700 -0.553271 0.312264 27.9928 139.654 -13 1016 1 0 1
6.76381 11.2976 10700 -0.0847019 -0.684091 27.9915 139.291 -13 1017 1 0 1
5.41083 -9.88099 10700 -0.0789072 0.686546 27.9915 139.276 -13 1018 1 0 1
31.9237 -1.06251 10700 -0.236478 0.050032 27.999 139.391 -13 1019 1 0 1
27.3122 -5.58673 10700 -0.203849 0.284943 27.9978 139.38 -13 1020 1 0 1
32.0848 2.31613 10700 -0.235979 -0.150741 27.9986 139.395 -13 1021 1 0 1
24.6672 4.03477 10700 -0.188147 -0.260302 27.9982 139.363 -13 1022 1 0 1
8.87253 -1.99678 10700 -0.0997377 0.0771128 27.9997 139.273 -13 1023 1 0 1
-38.4918 -22.3365 10700 0.240116 1.81776 27.9399 139.125 -13 1024 1 0 1
0.634258 2.83547 10700 -0.0526143 -0.0470556 27.9999 139.23 -13 1025 1 0 1
-15.8885 -2.30748 10700 0.0426906 0.162771 27.9995 139.143 -13 1026 1 0 1
44.5842 -1.99456 10700 -0.301624 0.0540251 27.9983 139.473 -13 1027 1 0 1
31.3898 -18.3058 10700 -0.270927 1.27736 27.9695 139.462 -13 1028 1 0 1
-22.5579 -6.07974 10700 0.0845935 0.477571 27.9958 139.115 -13 1029 1 0 1
-0.885151 -1.16861 10700 -0.0444581 -0.0732634 27.9999 139.221 -13 1030 1 0 1
2.19877 13.3094 10700 -0.0574888 -0.76284 27.9895 139.273 -13 1031 1 0 1
-0.447725 7.46565 10700 -0.0458105 -0.457664 27.9962 139.232 -13 1032 1 0 1
11.3753 11.131 10700 -0.124451 -0.693644 27.9911 139.302 -13 1033 1 0 1
6.69089 9.09465 10700 -0.0892089 -0.563782 27.9942 139.276 -13 1034 1 0 1
37.5438 -23.4462 10700 -0.378589 2.01061 27.9252 139.59 -13 1035 1 0 1
-6.39949 -5.34001 10700 -0.00199938 0.30767 27.9983 139.207 -13 1036 1 0 1
4.1409 -1.62405 10700 -0.0792388 0.0938705 27.9997 139.241 -13 1037 1 0 1
43.8737 -0.303643 10700 -0.293372 0.0709977 27.9984 139.473 -13 1038 1 0 1
1.27218 -14.0402 10700 -0.0714008 0.922825 27.9847 139.256 -13 1039 1 0 1
48.5486 -14.4452 10700 -0.376041 1.16586 27.9732 139.541 -13 1040 1 0 1
-49.7865 0.943776 10700 0.252754 -0.0507926 27.9988 138.969 -13 1041 1 0 1
17.8874 -10.9151 10700 -0.159975 0.730979 27.99 139.34 -13 1042 1 0 1
35.1664 -11.792 10700 -0.268879 0.821127 27.9867 139.441 -13 1043 1 0 1
14.8674 -17.0323 10700 -0.160195 1.21817 27.973 139.356 -13 1044 1 0 1
32.0602 -4.98424 10700 -0.234578 0.412317 27.996 139.403 -13 1045 1 0 1
43.8738 -1.70165 10700 -0.299896 0.0682838 27.9983 139.467 -13 1046 1 0 1
68.144 -2.79392 10700 -0.458381 0.302901 27.9946 139.601 -13 1047 1 0 1
41.2277 -5.15805 10700 -0.287523 0.303151 27.9969 139.456 -13 1048 1 0 1
62.7915 -21.3018 10700 -0.647785 2.2451 27.9023 139.776 -13 1049 1 0 1
-28.0655 18.3017 10700 0.13188 -1.2172 27.9732 139.132 -13 1050 1 0 1
8.65019 10.0318 10700 -0.0968529 -0.763327 27.9894 139.298 -13 1051 1 0 1
58.7896 -13.9974 10700 -0.44538 1.12528 27.9738 139.597 -13 1052 1 0 1
14.6152 -6.86602 10700 -0.133875 0.462116 27.9959 139.311 -13 1053 1 0 1
12.4442 16.8201 10700 -0.132856 -1.02691 27.9808 139.34 -13 1054 1 0 1
-15.9584 -8.76387 10700 0.0520518 0.475318 27.9959 139.158 -13 1055 1 0 1
-53.7108 4.31175 10700 0.28371 -0.303117 27.9969 138.956 -13 1056 1 0 1
9.10691 2.39887 10700 -0.0995125 -0.113239 27.9996 139.276 -13 1057 1 0 1
-15.7498 -15.7698 10700 0.0493126 1.09716 27.9785 139.187 -13 1058 1 0 1
4.22435 4.49541 10700 -0.0680138 -0.218521 27.9991 139.257 -13 1059 1 0 1
-6.96469 4.94152 10700 -0.0283363 -0.192595 27.9993 139.173 -13 1060 1 0 1
7.84509 12.8682 10700 -0.103988 -0.780169 27.9889 139.289 -13 1061 1 0 1
30.6821 2.85607 10700 -0.221032 -0.145874 27.9987 139.395 -13 1062 1 0 1
76.4397 -16.6738 10700 -0.710766 2.03839 27.9167 139.801 -13 1063 1 0 1
-31.6251 7.1303 10700 0.144963 -0.41313 27.9966 139.071 -13 1064 1 0 1
12.4408 -6.84457 10700 -0.126078 0.340682 27.9976 139.294 -13 1065 1 0 1
11.4236 0.383986 10700 -0.110597 -0.0205153 27.9998 139.29 -13 1066 1 0 1
1.38721 -2.69882 10700 -0.0515826 0.184059 27.9993 139.24 -13 1067 1 0 1
-36.9287 -2.17046 10700 0.177215 0.109737 27.9992 139.04 -13 1068 1 0 1
18.5898 -5.27609 10700 -0.160779 0.324942 27.9977 139.325 -13 1069 1 0 1
29.9429 -7.41604 10700 -0.218439 0.476437 27.9951 139.401 -13 1070 1 0 1
-11.0408 10.7976 10700 0.0095193 -0.691607 27.9915 139.181 -13 1071 1 0 1
-6.91698 -6.6072 10700 -0.00569121 0.396537 27.9972 139.198 -13 1072 1 0 1
1.50524 -0.391164 10700 -0.0474657 -0.0223051 28 139.244 -13 1073 1 0 1
6.66218 7.03219 10700 -0.0933786 -0.384566 27.9972 139.262 -13 1074 1 0 1
-12.7342 10.5311 10700 0.00766041 -0.672919 27.9919 139.159 -13 1075 1 0 1
-16.8503 2.58089 10700 0.053524 -0.210431 27.9992 139.143 -13 1076 1 0 1
34.5134 9.53957 10700 -0.263014 -0.573825 27.9929 139.418 -13 1077 1 0 1
65.4534 2.76833 10700 -0.441976 -0.143207 27.9961 139.582 -13 1078 1 0 1
25.7547 -15.1736 10700 -0.217083 0.986407 27.9818 139.404 -13 1079 1 0 1
3.6211 -3.42505 10700 -0.0804679 0.244238 27.9988 139.237 -13 1080 1 0 1
-33.9247 21.1694 10700 0.200856 -1.60364 27.9533 139.142 -13 1081 1 0 1
58.0851 -8.95701 10700 -0.405073 0.64525 27.9896 139.564 -13 1082 1 0 1
26.8354 4.25672 10700 -0.21189 -0.265104 27.9979 139.363 -13 1083 1 0 1
6.07622 1.44472 10700 -0.0887107 -0.203513 27.9991 139.254 -13 1084 1 0 1
32.4392 -16.346 10700 -0.27334 1.22966 27.9717 139.457 -13 1085 1 0 1
-8.34945 15.8511 10700 0.00328666 -1.0741 27.9794 139.229 -13 1086 1 0 1
19.5929 -1.22395 10700 -0.155957 0.079506 27.9995 139.335 -13 1087 1 0 1
-14.1712 -4.91406 10700 0.0291519 0.314322 27.9982 139.151 -13 1088 1 0 1
15.4387 1.70847 10700 -0.134661 -0.17847 27.9991 139.311 -13 1089 1 0 1
66.3307 -13.1451 10700 -0.491086 1.15711 27.9718 139.649 -13 1090 1 0 1
5.66009 -2.1453 10700 -0.0888651 0.11064 27.9996 139.249 -13 1091 1 0 1
-16.5059 -0.460902 10700 0.0493586 0.0427334 27.9999 139.141 -13 1092 1 0 1
-24.4896 -0.246957 10700 0.0819063 -0.00943373 27.9999 139.085 -13 1093 1 0 1
-1.56357 7.22713 10700 -0.0451159 -0.524591 27.995 139.224 -13 1094 1 0 1
-10.6775 9.50176 10700 0.0126887 -0.593835 27.9937 139.185 -13 1095 1 0 1
8.82244 10.7594 10700 -0.112281 -0.676389 27.9916 139.283 -13 1096 1 0 1
32.0372 -5.86921 10700 -0.231226 0.400575 27.9962 139.407 -13 1097 1 0 1
-3.29296 5.6543 10700 -0.022499 -0.421272 27.9968 139.222 -13 1098 1 0 1
39.9693 -14.5317 10700 -0.313476 1.10254 27.9765 139.488 -13 1099 1 0 1
54.4252 -10.3579 10700 -0.390776 0.809105 27.9856 139.548 -13 1100 1 0 1
-20.3851 13.0874 10700 0.0724054 -0.718643 27.9907 139.142 -13 1101 1 0 1
-6.82926 2.66043 10700 -0.0116375 -0.156383 27.9996 139.189 -13 1102 1 0 1
-30.58 6.81975 10700 0.137742 -0.42695 27.9964 139.076 -13 1103 1 0 1
-7.62937 9.79988 10700 -0.00700219 -0.5531 27.9945 139.197 -13 1104 1 0 1
34.9268 -5.81595 10700 -0.24965 0.435249 27.9955 139.423 -13 1105 1 0 1
-24.6012 11.6199 10700 0.104846 -0.749274 27.9898 139.122 -13 1106 1 0 1
22.6258 -1.19155 10700 -0.180637 0.0335783 27.9994 139.343 -13 1107 1 0 1
55.7455 -4.12914 10700 -0.386003 0.276856 27.996 139.527 -13 1108 1 0 1
-11.2313 7.92738 10700 0.0158589 -0.450622 27.9964 139.174 -13 1109 1 0 1
18.2663 -2.96551 10700 -0.152894 0.236122 27.9986 139.325 -13 1110 1 0 1
-6.17471 3.38824 10700 -0.0130142 -0.100693 27.9998 139.195 -13 1111 1 0 1
-22.6733 17.541 10700 0.0998855 -1.30493 27.9694 139.168 -13 1112 1 0 1
34.6287 -4.21939 10700 -0.248894 0.2592 27.9977 139.415 -13 1113 1 0 1
23.6133 -3.23751 10700 -0.180556 0.265042 27.9982 139.358 -13 1114 1 0 1
36.2135 -1.73132 10700 -0.270921 0.0996781 27.9985 139.407 -13 1115 1 0 1
-16.0455 2.47923 10700 0.0503488 -0.165741 27.9995 139.149 -13 1116 1 0 1
1.54825 9.93042 10700 -0.0584676 -0.519688 27.9951 139.248 -13 1117 1 0 1
13.4643 -14.1923 10700 -0.137597 0.986229 27.9823 139.334 -13 1118 1 0 1
-19.1923 20.8484 10700 0.069446 -1.4576 27.9619 139.192 -13 1119 1 0 1
32.5102 -12.199 10700 -0.260239 0.840282 27.9862 139.421 -13 1120 1 0 1
16.0426 3.09117 10700 -0.15088 -0.167346 27.9991 139.302 -13 1121 1 0 1
-2.53487 -7.2552 10700 -0.0330907 0.471699 27.996 139.222 -13 1122 1 0 1
4.08829 -14.0267 10700 -0.0765823 1.04037 27.9806 139.288 -13 1123 1 0 1
-2.03292 7.52138 10700 -0.0325017 -0.476783 27.9959 139.229 -13 1124 1 0 1
39.6052 -3.13566 10700 -0.281147 0.197119 27.9979 139.438 -13 1125 1 0 1
-25.2383 12.027 10700 0.109206 -0.786544 27.9887 139.121 -13 1126 1 0 1
-5.03571 -5.17285 10700 -0.0223533 0.230384 27.999 139.201 -13 1127 1 0 1
54.2578 -6.30462 10700 -0.383697 0.533182 27.9923 139.525 -13 1128 1 0 1
-12.0295 0.88551 10700 0.0124355 -0.0254819 28 139.154 -13 1129 1 0 1
20.9003 -3.54394 10700 -0.173086 0.193537 27.9988 139.334 -13 1130 1 0 1
14.8627 -8.62306 10700 -0.13389 0.57634 27.9937 139.323 -13 1131 1 0 1
44.446 -20.6551 10700 -0.403844 1.79466 27.9395 139.597 -13 1132 1 0 1
-23.0196 -1.27072 10700 0.0871719 0.0300705 27.9998 139.106 -13 1133 1 0 1
-15.8148 -2.79352 10700 0.0418195 0.162299 27.9995 139.143 -13 1134 1 0 1
31.8963 -0.669016 10700 -0.23126 0.0674282 27.999 139.397 -13 1135 1 0 1
-28.28 -6.7137 10700 0.117113 0.447257 27.9962 139.081 -13 1136 1 0 1
47.5067 -1.8595 10700 -0.3347 0.185553 27.9974 139.475 -13 1137 1 0 1
38.2052 -12.2706 10700 -0.272704 0.831824 27.9863 139.476 -13 1138 1 0 1
39.1517 -20.1575 10700 -0.357088 1.66865 27.948 139.544 -13 1139 1 0 1
-21.7199 -0.294211 10700 0.0889134 -0.0134203 27.9999 139.123 -13 1140 1 0 1
40.5022 0.752902 10700 -0.281784 3.43135e-06 27.9986 139.445 -13 1141 1 0 1
-38.9974 18.2868 10700 0.218319 -1.20485 27.9732 139.083 -13 1142 1 0 1
27.6171 -0.374701 10700 -0.214968 -0.0161727 27.9992 139.364 -13 1143 1 0 1
50.5358 4.93522 10700 -0.349358 -0.330516 27.9959 139.504 -13 1144 1 0 1
-9.906 -1.76724 10700 0.00980258 0.112909 27.9998 139.176 -13 1145 1 0 1
31.4196 -14.2773 10700 -0.254699 0.982451 27.9816 139.431 -13 1146 1 0 1
5.09071 -2.52276 10700 -0.0797263 0.322812 27.998 139.254 -13 1147 1 0 1
7.47815 15.1498 10700 -0.108505 -1.00628 27.9817 139.297 -13 1148 1 0 1
8.54567 9.64266 10700 -0.10192 -0.687063 27.9914 139.288 -13 1149 1 0 1
33.2624 5.40733 10700 -0.245513 -0.428739 27.9956 139.407 -13 1150 1 0 1
-10.9523 15.9935 10700 0.0151368 -0.969884 27.9832 139.208 -13 1151 1 0 1
52.0482 -5.84564 10700 -0.361986 0.44081 27.9942 139.512 -13 1152 1 0 1
32.7773 6.89555 10700 -0.251019 -0.449822 27.9953 139.398 -13 1153 1 0 1
-20.6972 0.98982 10700 0.0760184 -0.0221608 27.9999 139.121 -13 1154 1 0 1
-25.9635 13.7704 10700 0.124071 -1.04474 27.9802 139.136 -13 1155 1 0 1
5.22969 12.851 10700 -0.0825335 -0.809984 27.9882 139.282 -13 1156 1 0 1
43.1884 -16.3305 10700 -0.355494 1.20665 27.9717 139.51 -13 1157 1 0 1
19.9904 -5.59037 10700 -0.166125 0.283085 27.9981 139.335 -13 1158 1 0 1
27.2789 -14.835 10700 -0.224261 1.10106 27.9774 139.421 -13 1159 1 0 1
-41.7999 -8.43658 10700 0.211924 0.550343 27.9938 139.025 -13 1160 1 0 1
31.2171 -0.994487 10700 -0.236099 -0.0292605 27.999 139.384 -13 1161 1 0 1
-45.9308 4.37386 10700 0.230407 -0.346907 27.9969 138.992 -13 1162 1 0 1
21.0545 -9.94826 10700 -0.178325 0.780954 27.9885 139.358 -13 1163 1 0 1
14.3993 9.14831 10700 -0.145965 -0.627117 27.9926 139.308 -13 1164 1 0 1
-15.31 -0.874041 10700 0.0365317 0.113369 27.9997 139.142 -13 1165 1 0 1
8.04883 9.38551 10700 -0.0992952 -0.523266 27.9949 139.278 -13 1166 1 0 1
-37.3494 2.68355 10700 0.169472 -0.241 27.9984 139.029 -13 1167 1 0 1
-34.2384 -1.23326 10700 0.150946 -0.0182117 27.9996 139.044 -13 1168 1 0 1
-60.1372 9.1392 10700 0.333702 -0.617149 27.9912 138.931 -13 1169 1 0 1
34.3974 2.31955 10700 -0.246847 -0.11792 27.9987 139.411 -13 1170 1 0 1
18.2837 -6.694 10700 -0.15612 0.404777 27.9966 139.328 -13 1171 1 0 1
-8.49206 -4.55857 10700 0.0120778 0.334035 27.998 139.196 -13 1172 1 0 1
-27.0607 5.31633 10700 0.113321 -0.344007 27.9977 139.09 -13 1173 1 0 1
-50.4534 2.11251 10700 0.263243 -0.153539 27.9983 138.972 -13 1174 1 0 1
14.6143 11.8638 10700 -0.153963 -0.712351 27.9905 139.311 -13 1175 1 0 1
12.3264 -3.48528 10700 -0.125486 0.212184 27.9989 139.287 -13 1176 1 0 1
-25.1821 9.12744 10700 0.100174 -0.522642 27.9949 139.103 -13 1177 1 0 1
-34.8389 22.6031 10700 0.203718 -1.76585 27.9435 139.14 -13 1178 1 0 1
-3.06109 -0.465257 10700 -0.0382877 0.0659849 27.9999 139.203 -13 1179 1 0 1
-48.4073 -7.45423 10700 0.25521 0.451512 27.9952 138.988 -13 1180 1 0 1
-9.46389 5.2844 10700 0.017236 -0.343688 27.9979 139.192 -13 1181 1 0 1
-42.314 -11.6615 10700 0.227448 0.777413 27.9883 139.038 -13 1182 1 0 1
-42.963 10.4658 10700 0.213333 -0.672667 27.9911 139.018 -13 1183 1 0 1
1.11859 -6.09471 10700 -0.0597789 0.364839 27.9976 139.233 -13 1184 1 0 1
22.2214 -16.6476 10700 -0.204644 1.08662 27.9782 139.387 -13 1185 1 0 1
-37.1084 0.559135 10700 0.1624 -0.0119886 27.9995 139.024 -13 1186 1 0 1
-6.4025 8.51264 10700 -0.0143988 -0.574825 27.9941 139.204 -13 1187 1 0 1
2.19117 11.6221 10700 -0.0564391 -0.780227 27.9891 139.27 -13 1188 1 0 1
19.3755 -4.90332 10700 -0.161112 0.369296 27.9971 139.332 -13 1189 1 0 1
-14.8738 -2.14884 10700 0.0377005 0.116072 27.9997 139.149 -13 1190 1 0 1
35.3324 -2.77606 10700 -0.257676 0.220887 27.9979 139.412 -13 1191 1 0 1
-23.0075 -12.3857 10700 0.0936384 0.793085 27.9886 139.131 -13 1192 1 0 1
18.1103 7.36038 10700 -0.155978 -0.39066 27.9968 139.327 -13 1193 1 0 1
7.6804 -2.22622 10700 -0.0940223 0.0908633 27.9997 139.266 -13 1194 1 0 1
27.5696 8.73747 10700 -0.206867 -0.457276 27.9955 139.388 -13 1195 1 0 1
-21.9923 1.57121 10700 0.0837092 0.0170129 27.9999 139.115 -13 1196 1 0 1
14.3205 17.5151 10700 -0.156547 -1.12668 27.9769 139.345 -13 1197 1 0 1
14.4724 -8.56285 10700 -0.142934 0.57368 27.9938 139.309 -13 1198 1 0 1
-6.41124 -4.61331 10700 0.00510178 0.282282 27.9986 139.214 -13 1199 1 0 1
74.1864 -8.04736 10700 -0.524248 0.679945 27.9868 139.644 -13 1200 1 0 1
-42.8321 -2.98978 10700 0.20539 0.234825 27.9983 139.003 -13 1201 1 0 1
34.5578 2.63998 10700 -0.238247 -0.205702 27.9982 139.424 -13 1202 1 0 1
52.0612 0.456729 10700 -0.35492 -0.00691544 27.9977 139.506 -13 1203 1 0 1
16.7784 -9.50368 10700 -0.150789 0.612585 27.9929 139.331 -13 1204 1 0 1
-10.364 19.8714 10700 0.00458521 -1.30931 27.9694 139.232 -13 1205 1 0 1
22.6436 -14.7275 10700 -0.199424 1.10238 27.9776 139.391 -13 1206 1 0 1
-6.98391 7.65328 10700 -0.00605575 -0.48945 27.9957 139.201 -13 1207 1 0 1
-37.67 3.65991 10700 0.162755 -0.302016 27.9979 139.02 -13 1208 1 0 1
22.5019 -7.99064 10700 -0.180843 0.557445 27.9939 139.36 -13 1209 1 0 1
-24.2178 17.0043 10700 0.105752 -1.14537 27.9764 139.147 -13 1210 1 0 1
37.265 0.716857 10700 -0.261716 -0.0612673 27.9987 139.428 -13 1211 1 0 1
-62.2045 5.30392 10700 0.333729 -0.313169 27.9963 138.906 -13 1212 1 0 1
-7.2448 6.90867 10700 -0.00885104 -0.521483 27.9951 139.196 -13 1213 1 0 1
-22.1989 -6.65849 10700 0.0793377 0.464783 27.996 139.113 -13 1214 1 0 1
-26.5749 3.82661 10700 0.108934 -0.281724 27.9984 139.09 -13 1215 1 0 1
26.761 -5.08294 10700 -0.200533 0.255276 27.9981 139.376 -13 1216 1 0 1
-36.1231 0.206412 10700 0.15974 0.009465 27.9995 139.032 -13 1217 1 0 1
45.5853 4.68838 10700 -0.325256 -0.382968 27.9955 139.468 -13 1218 1 0 1
19.675 6.21337 10700 -0.158204 -0.329557 27.9976 139.342 -13 1219 1 0 1
21.3247 -12.6782 10700 -0.18316 0.866611 27.986 139.369 -13 1220 1 0 1
-5.13202 0.375253 10700 -0.0196858 0.0210665 28 139.199 -13 1221 1 0 1
-12.063 8.55467 10700 0.0173642 -0.529786 27.995 139.169 -13 1222 1 0 1
26.6505 -13.7582 10700 -0.220604 0.894615 27.9848 139.4 -13 1223 1 0 1
20.3546 0.63394 10700 -0.173747 -0.0877538 27.9993 139.325 -13 1224 1 0 1
-30.1551 -0.762362 10700 0.138962 0.0813951 27.9995 139.078 -13 1225 1 0 1
28.7851 -7.50263 10700 -0.215003 0.385611 27.9965 139.39 -13 1226 1 0 1
2.18092 13.9688 10700 -0.0696574 -0.901815 27.9854 139.267 -13 1227 1 0 1
-31.9516 9.76144 10700 0.133836 -0.618328 27.9929 139.064 -13 1228 1 0 1
33.8573 -18.2109 10700 -0.285198 1.36818 27.9651 139.488 -13 1229 1 0 1
-8.36674 -10.5528 10700 0.00599241 0.630412 27.9929 139.206 -13 1230 1 0 1
-1.77431 -6.89575 10700 -0.0468743 0.391009 27.9972 139.215 -13 1231 1 0 1
13.2318 -6.3267 10700 -0.130909 0.305523 27.998 139.297 -13 1232 1 0 1
-5.26971 8.45053 10700 -0.0107655 -0.583219 27.9939 139.221 -13 1233 1 0 1
5.22513 -2.53701 10700 -0.0814299 0.115578 27.9996 139.252 -13 1234 1 0 1
-49.4478 12.4778 10700 0.27354 -0.908344 27.9839 139.002 -13 1235 1 0 1
-4.68438 -17.2382 10700 -0.0195185 1.13886 27.9768 139.256 -13 1236 1 0 1
39.2039 -6.53266 10700 -0.279304 0.50284 27.9941 139.448 -13 1237 1 0 1
-5.02893 0.171245 10700 -0.0196299 -0.010539 28 139.2 -13 1238 1 0 1
-6.94277 7.8269 10700 -0.0112256 -0.404712 27.9971 139.194 -13 1239 1 0 1
9.79657 9.10809 10700 -0.110311 -0.55121 27.9944 139.288 -13 1240 1 0 1
18.0036 4.02655 10700 -0.151042 -0.256316 27.9984 139.326 -13 1241 1 0 1
30.0709 -7.64903 10700 -0.226938 0.415142 27.996 139.393 -13 1242 1 0 1
25.5598 -21.0835 10700 -0.242208 1.55879 27.9555 139.461 -13 1243 1 0 1
-16.1573 -2.92878 10700 0.0390701 0.248961 27.9989 139.137 -13 1244 1 0 1
21.7151 -0.0462897 10700 -0.179763 -0.0531212 27.9994 139.334 -13 1245 1 0 1
31.9322 11.1153 10700 -0.252859 -0.73462 27.9892 139.41 -13 1246 1 0 1
35.1418 -12.909 10700 -0.275264 0.908944 27.9839 139.444 -13 1247 1 0 1
29.2344 -6.44421 10700 -0.205517 0.417646 27.9961 139.402 -13 1248 1 0 1
10.6717 3.92166 10700 -0.114761 -0.147294 27.9994 139.28 -13 1249 1 0 1
25.4032 6.06074 10700 -0.198944 -0.368252 27.9969 139.364 -13 1250 1 0 1
14.9289 1.56097 10700 -0.133346 -0.0501684 27.9996 139.306 -13 1251 1 0 1
-36.452 6.1465 10700 0.16939 -0.306533 27.9978 139.042 -13 1252 1 0 1
-20.3986 0.546329 10700 0.0840651 -0.11178 27.9997 139.133 -13 1253 1 0 1
-18.5275 11.5198 10700 0.0583355 -0.722721 27.9906 139.145 -13 1254 1 0 1
36.6657 -11.3734 10700 -0.270587 0.704912 27.9898 139.45 -13 1255 1 0 1
-16.5953 -8.29405 10700 0.0551935 0.503689 27.9954 139.154 -13 1256 1 0 1
0.00222995 10.468 10700 -0.053563 -0.578983 27.994 139.239 -13 1257 1 0 1
-1.04014 8.8685 10700 -0.0437726 -0.523973 27.9951 139.232 -13 1258 1 0 1
55.663 -9.42132 10700 -0.395645 0.623176 27.9903 139.544 -13 1259 1 0 1
-51.9841 0.919408 10700 0.273673 -0.074761 27.9986 138.964 -13 1260 1 0 1
17.85 -12.4477 10700 -0.168376 0.922621 27.9843 139.346 -13 1261 1 0 1
72.6806 -14.3716 10700 -0.589768 1.51781 27.9526 139.705 -13 1262 1 0 1
4.15508 11.7008 10700 -0.0775277 -0.821336 27.9878 139.272 -13 1263 1 0 1
11.3121 3.23522 10700 -0.124176 -0.238232 27.9987 139.277 -13 1264 1 0 1
-4.01795 0.609579 10700 -0.037045 -0.0826983 27.9999 139.193 -13 1265 1 0 1
14.9145 3.6762 10700 -0.141391 -0.25203 27.9985 139.3 -13 1266 1 0 1
63.3361 -18.3136 10700 -0.523956 1.58252 27.9503 139.688 -13 1267 1 0 1
14.8714 7.4399 10700 -0.12897 -0.442639 27.9962 139.32 -13 1268 1 0 1
-13.7152 2.18807 10700 0.0386752 -0.12124 27.9997 139.163 -13 1269 1 0 1
40.9866 -12.8878 10700 -0.307976 0.961498 27.9818 139.486 -13 1270 1 0 1
14.5044 2.02227 10700 -0.139092 -0.132911 27.9993 139.296 -13 1271 1 0 1
19.8993 0.914998 10700 -0.163637 -0.0950986 27.9994 139.33 -13 1272 1 0 1
12.9981 5.69132 10700 -0.119984 -0.383555 27.9971 139.304 -13 1273 1 0 1
-29.4677 6.63997 10700 0.126069 -0.457345 27.996 139.077 -13 1274 1 0 1
-44.8887 13.3045 10700 0.228871 -0.79348 27.9878 139.013 -13 1275 1 0 1
-34.8148 12.4615 10700 0.164808 -0.863547 27.9862 139.067 -13 1276 1 0 1
-5.27207 -6.80712 10700 -0.0157231 0.528419 27.995 139.212 -13 1277 1 0 1
36.5235 -15.7478 10700 -0.28528 1.14284 27.9752 139.482 -13 1278 1 0 1
45.5003 -5.62086 10700 -0.318475 0.384194 27.9956 139.476 -13 1279 1 0 1
55.2888 -5.26177 10700 -0.384902 0.48241 27.9932 139.53 -13 1280 1 0 1
17.4221 -27.59 10700 -0.229506 2.1696 27.9149 139.503 -13 1281 1 0 1
2.67359 0.741426 10700 -0.0630501 0.00768306 27.9999 139.241 -13 1282 1 0 1
2.25673 -6.90501 10700 -0.0632217 0.402153 27.997 139.243 -13 1283 1 0 1
21.8967 12.0957 10700 -0.190247 -0.873203 27.9857 139.366 -13 1284 1 0 1
33.6504 -4.86183 10700 -0.241721 0.348921 27.9968 139.413 -13 1285 1 0 1
49.5044 -8.14485 10700 -0.353606 0.513941 27.993 139.499 -13 1286 1 0 1
-11.982 11.7286 10700 0.017202 -0.7971 27.9886 139.181 -13 1287 1 0 1
79.5381 -11.2355 10700 -0.576628 0.970287 27.9772 139.703 -13 1288 1 0 1
18.2755 -0.252383 10700 -0.157603 -0.000278391 27.9996 139.317 -13 1289 1 0 1
-45.7804 13.6417 10700 0.244983 -1.04126 27.9796 139.019 -13 1290 1 0 1
18.7942 6.89172 10700 -0.15965 -0.45644 27.9958 139.332 -13 1291 1 0 1
16.2952 0.684292 10700 -0.149096 -0.0224655 27.9996 139.304 -13 1292 1 0 1
62.5077 2.28824 10700 -0.420789 -0.176346 27.9963 139.568 -13 1293 1 0 1
30.3275 -5.02147 10700 -0.230438 0.416474 27.996 139.387 -13 1294 1 0 1
-0.199656 4.89609 10700 -0.0488845 -0.298167 27.9984 139.228 -13 1295 1 0 1
-3.68036 -2.19341 10700 -0.0277194 0.0670437 27.9999 139.207 -13 1296 1 0 1
6.63741 6.37921 10700 -0.0952378 -0.369751 27.9974 139.258 -13 1297 1 0 1
78.6989 -13.4709 10700 -0.604187 1.25771 27.9652 139.722 -13 1298 1 0 1
11.4722 9.43262 10700 -0.124474 -0.672351 27.9916 139.298 -13 1299 1 0 1
-44.9059 1.2042 10700 0.227837 -0.0637697 27.999 139 -13 1300 1 0 1
1.54132 1.38985 10700 -0.0517257 -0.047985 27.9999 139.24 -13 1301 1 0 1
9.07661 -0.661881 10700 -0.0963643 0.0936064 27.9997 139.278 -13 1302 1 0 1
-25.7575 -3.23864 10700 0.113326 0.274654 27.9984 139.104 -13 1303 1 0 1
70.0169 -14.0416 10700 -0.540312 1.21212 27.9685 139.665 -13 1304 1 0 1
41.7541 -16.0248 10700 -0.336465 1.13036 27.9752 139.499 -13 1305 1 0 1
12.3418 6.99141 10700 -0.124473 -0.481216 27.9956 139.296 -13 1306 1 0 1
-16.2054 -0.247571 10700 0.039615 0.0605489 27.9999 139.135 -13 1307 1 0 1
2.08891 13.997 10700 -0.0740809 -0.92575 27.9846 139.262 -13 1308 1 0 1
2.13599 -11.6059 10700 -0.0652384 0.761287 27.9896 139.259 -13 1309 1 0 1
-5.03643 7.49177 10700 -0.0139958 -0.461074 27.9962 139.214 -13 1310 1 0 1
56.3459 -5.54847 10700 -0.39041 0.466241 27.9934 139.536 -13 1311 1 0 1
4.77587 -19.6907 10700 -0.0945702 1.32432 27.9685 139.319 -13 1312 1 0 1
39.0663 -7.83729 10700 -0.288614 0.574277 27.9926 139.444 -13 1313 1 0 1
3.6173 -8.34285 10700 -0.0731969 0.511634 27.9952 139.253 -13 1314 1 0 1
30.6712 -11.6505 10700 -0.244821 0.761501 27.9886 139.407 -13 1315 1 0 1
53.3805 -11.477 10700 -0.38363 0.801354 27.9859 139.546 -13 1316 1 0 1
-4.51054 -9.48892 10700 -0.0174567 0.682098 27.9917 139.225 -13 1317 1 0 1
-18.0474 10.7205 10700 0.0577411 -0.742937 27.9901 139.149 -13 1318 1 0 1
23.5739 7.75114 10700 -0.191647 -0.518301 27.9945 139.358 -13 1319 1 0 1
20.6488 1.68175 10700 -0.174947 -0.0841186 27.9993 139.327 -13 1320 1 0 1
-38.8554 10.9422 10700 0.183671 -0.709091 27.9904 139.036 -13 1321 1 0 1
-9.45993 0.0464257 10700 -0.00236992 0.131762 27.9997 139.169 -13 1322 1 0 1
-0.691445 -16.3739 10700 -0.0493054 1.03826 27.9807 139.266 -13 1323 1 0 1
15.3682 -0.0366045 10700 -0.134439 0.117607 27.9994 139.31 -13 1324 1 0 1
-6.27323 10.9646 10700 -0.00881205 -0.706674 27.9911 139.217 -13 1325 1 0 1
1.42506 -1.39858 10700 -0.0645189 0.0312477 27.9999 139.225 -13 1326 1 0 1
-0.48225 1.58525 10700 -0.0370172 -0.103582 27.9998 139.234 -13 1327 1 0 1
15.8861 -6.67018 10700 -0.14916 0.409826 27.9966 139.308 -13 1328 1 0 1
-47.7064 9.46154 10700 0.246508 -0.681364 27.9906 138.993 -13 1329 1 0 1
18.8952 -2.58442 10700 -0.159759 0.0824405 27.9994 139.324 -13 1330 1 0 1
19.3733 8.29989 10700 -0.169607 -0.529546 27.9945 139.333 -13 1331 1 0 1
-55.9132 -6.92386 10700 0.297799 0.357977 27.9961 138.944 -13 1332 1 0 1
-21.9678 -6.1857 10700 0.0696845 0.300439 27.9983 139.106 -13 1333 1 0 1
4.70213 -5.49034 10700 -0.0767705 0.350091 27.9977 139.254 -13 1334 1 0 1
-1.49232 -10.962 10700 -0.0473365 0.76206 27.9896 139.234 -13 1335 1 0 1
10.8286 -7.48374 10700 -0.110409 0.445152 27.9962 139.293 -13 1336 1 0 1
4.1198 -6.48589 10700 -0.0694794 0.408203 27.9969 139.257 -13 1337 1 0 1
-21.8269 9.2243 10700 0.0777786 -0.624944 27.9929 139.124 -13 1338 1 0 1
31.7388 -17.506 10700 -0.267579 1.16176 27.9746 139.452 -13 1339 1 0 1
22.0089 -4.95753 10700 -0.178569 0.330619 27.9975 139.344 -13 1340 1 0 1
-0.0258515 -1.86175 10700 -0.0488138 0.162956 27.9995 139.227 -13 1341 1 0 1
-33.401 12.9544 10700 0.162815 -0.906481 27.9848 139.083 -13 1342 1 0 1
-54.3016 0.264133 10700 0.278429 0.044029 27.9986 138.943 -13 1343 1 0 1
-21.5963 28.1682 10700 0.121592 -2.29754 27.9053 139.277 -13 1344 1 0 1
2.83125 -21.1609 10700 -0.0738414 1.50113 27.9596 139.33 -13 1345 1 0 1
3.64549 -4.5981 10700 -0.0672013 0.342204 27.9978 139.251 -13 1346 1 0 1
31.6689 -2.85934 10700 -0.247869 0.131896 27.9986 139.379 -13 1347 1 0 1
22.0377 -18.8896 10700 -0.213097 1.43498 27.9624 139.417 -13 1348 1 0 1
-12.1261 -12.1827 10700 0.0310413 0.847307 27.9872 139.195 -13 1349 1 0 1
-1.55717 11.2579 10700 -0.0410908 -0.682312 27.9917 139.239 -13 1350 1 0 1
-72.8172 -4.92024 10700 0.399948 0.342999 27.995 138.844 -13 1351 1 0 1
-7.19023 3.09948 10700 -0.00839069 -0.0858194 27.9999 139.188 -13 1352 1 0 1
4.84632 1.33766 10700 -0.0745238 -0.0690593 27.9998 139.254 -13 1353 1 0 1
18.5313 2.81603 10700 -0.149713 -0.196943 27.9989 139.332 -13 1354 1 0 1
39.1226 -8.24816 10700 -0.274835 0.576159 27.9927 139.459 -13 1355 1 0 1
7.8548 -11.6772 10700 -0.102787 0.813237 27.988 139.288 -13 1356 1 0 1
75.1014 -16.9377 10700 -0.653933 1.82606 27.9327 139.778 -13 1357 1 0 1
16.6069 10.1436 10700 -0.156691 -0.584194 27.9935 139.321 -13 1358 1 0 1
-4.1448 16.5499 10700 -0.0300498 -1.12619 27.9773 139.25 -13 1359 1 0 1
36.8408 2.36889 10700 -0.264543 -0.12936 27.9985 139.421 -13 1360 1 0 1
19.7753 -12.8848 10700 -0.169473 0.820776 27.9875 139.363 -13 1361 1 0 1
54.7107 -13.5277 10700 -0.406366 0.986722 27.9797 139.567 -13 1362 1 0 1
40.7211 7.65557 10700 -0.293882 -0.412157 27.9954 139.449 -13 1363 1 0 1
-21.2236 4.40812 10700 0.066827 -0.150868 27.9995 139.109 -13 1364 1 0 1
10.3773 -10.6025 10700 -0.0959053 0.723526 27.9905 139.318 -13 1365 1 0 1
-11.7179 -7.7523 10700 0.0203062 0.441212 27.9965 139.172 -13 1366 1 0 1
3.73749 -10.9934 10700 -0.0709715 0.691534 27.9914 139.268 -13 1367 1 0 1
47.93 -7.05798 10700 -0.339425 0.542232 27.9927 139.494 -13 1368 1 0 1
17.8391 -3.84267 10700 -0.157395 0.259567 27.9984 139.317 -13 1369 1 0 1
75.9989 -11.1962 10700 -0.549693 0.95557 27.9783 139.681 -13 1370 1 0 1
4.21015 2.89068 10700 -0.0698161 -0.0351376 27.9999 139.252 -13 1371 1 0 1
-34.0086 9.74981 10700 0.163102 -0.717832 27.9903 139.069 -13 1372 1 0 1
19.8588 -2.98333 10700 -0.164258 0.260372 27.9983 139.332 -13 1373 1 0 1
10.1391 -7.888 10700 -0.115152 0.562706 27.9941 139.287 -13 1374 1 0 1
18.0696 -6.00845 10700 -0.16213 0.38961 27.9968 139.318 -13 1375 1 0 1
58.042 -4.47056 10700 -0.391056 0.207618 27.9965 139.549 -13 1376 1 0 1
-10.198 -0.0433491 10700 0.0186135 0.101134 27.9998 139.182 -13 1377 1 0 1
-14.4947 25.4369 10700 0.0614628 -1.93286 27.9331 139.289 -13 1378 1 0 1
-4.65943 -2.10648 10700 -0.0227999 0.160203 27.9995 139.202 -13 1379 1 0 1
-12.6407 13.3277 10700 0.0280543 -0.860422 27.9868 139.19 -13 1380 1 0 1
64.7348 -0.253658 10700 -0.433127 0.068346 27.9966 139.58 -13 1381 1 0 1
0.2992 0.248687 10700 -0.0489466 0.0717657 27.9999 139.229 -13 1382 1 0 1
9.94762 -19.5445 10700 -0.127055 1.31516 27.9688 139.348 -13 1383 1 0 1
-8.90728 10.9021 10700 0.00872806 -0.757897 27.9897 139.206 -13 1384 1 0 1
16.7837 15.2138 10700 -0.158964 -0.976448 27.9825 139.355 -13 1385 1 0 1
-23.2947 12.1203 10700 0.103401 -0.64854 27.9923 139.137 -13 1386 1 0 1
-15.6466 2.35648 10700 0.0463156 -0.145237 27.9996 139.149 -13 1387 1 0 1
-9.09985 -7.36962 10700 0.0186323 0.462673 27.9962 139.2 -13 1388 1 0 1
14.2356 2.82565 10700 -0.129557 -0.184768 27.9991 139.304 -13 1389 1 0 1
-51.554 16.8392 10700 0.312753 -1.21721 27.9718 139.018 -13 1390 1 0 1
52.9161 1.7066 10700 -0.36883 -0.133294 27.9973 139.504 -13 1391 1 0 1
-14.3592 14.6067 10700 0.0424491 -0.974162 27.983 139.191 -13 1392 1 0 1
-11.9817 1.53566 10700 0.0161809 -0.00312493 28 139.159 -13 1393 1 0 1
29.2146 -4.45131 10700 -0.211712 0.276524 27.9978 139.392 -13 1394 1 0 1
-6.96269 -0.934413 10700 -0.00167056 0.0828613 27.9999 139.197 -13 1395 1 0 1
34.483 -8.17187 10700 -0.247522 0.543323 27.9936 139.429 -13 1396 1 0 1
49.3478 14.0085 10700 -0.380737 -1.10452 27.9756 139.537 -13 1397 1 0 1
17.3149 6.83147 10700 -0.151509 -0.507489 27.995 139.327 -13 1398 1 0 1
3.41395 -8.85421 10700 -0.0654733 0.582155 27.9939 139.263 -13 1399 1 0 1
-26.2081 7.47755 10700 0.110707 -0.398834 27.9969 139.099 -13 1400 1 0 1
52.08 -1.06967 10700 -0.354854 0.0892155 27.9976 139.508 -13 1401 1 0 1
13.6742 -8.50885 10700 -0.1236 0.575101 27.9938 139.319 -13 1402 1 0 1
52.9354 -11.2011 10700 -0.398368 0.943103 27.9813 139.537 -13 1403 1 0 1
15.4081 -0.998935 10700 -0.134522 0.013756 27.9997 139.309 -13 1404 1 0 1
-20.6506 20.2737 10700 0.0956006 -1.50543 27.9593 139.201 -13 1405 1 0 1
56.5246 -6.34998 10700 -0.385145 0.386641 27.9947 139.543 -13 1406 1 0 1
2.86764 8.4518 10700 -0.0719702 -0.501513 27.9954 139.245 -13 1407 1 0 1
-18.1642 10.2135 10700 0.0603789 -0.673248 27.9918 139.149 -13 1408 1 0 1
39.5536 -2.35375 10700 -0.279999 0.0986993 27.9984 139.437 -13 1409 1 0 1
17.4427 16.7615 10700 -0.170227 -1.14453 27.9761 139.369 -13 1410 1 0 1
53.8215 -9.4071 10700 -0.374184 0.642839 27.9901 139.544 -13 1411 1 0 1
-7.95005 -5.10092 10700 -0.00555629 0.371285 27.9975 139.185 -13 1412 1 0 1
6.82611 -4.21653 10700 -0.092704 0.324014 27.998 139.26 -13 1413 1 0 1
-2.95226 5.77572 10700 -0.0300141 -0.446115 27.9964 139.219 -13 1414 1 0 1
-30.7625 5.76509 10700 0.134114 -0.339408 27.9976 139.07 -13 1415 1 0 1
12.4665 -1.41202 10700 -0.110529 0.127704 27.9995 139.303 -13 1416 1 0 1
28.4769 -5.71202 10700 -0.219552 0.265271 27.9979 139.377 -13 1417 1 0 1
6.44713 -2.7151 10700 -0.0810617 0.207237 27.9991 139.267 -13 1418 1 0 1
29.2431 -7.45955 10700 -0.216295 0.426842 27.9959 139.394 -13 1419 1 0 1
11.1938 -8.27593 10700 -0.115236 0.421134 27.9966 139.293 -13 1420 1 0 1
4.97588 -3.25028 10700 -0.083006 0.197335 27.9992 139.248 -13 1421 1 0 1
7.67537 6.17802 10700 -0.091651 -0.273158 27.9985 139.274 -13 1422 1 0 1
29.671 -13.1867 10700 -0.236841 0.874223 27.9853 139.416 -13 1423 1 0 1
28.3906 -4.45767 10700 -0.217507 0.198454 27.9985 139.375 -13 1424 1 0 1
48.9697 1.53597 10700 -0.338478 -0.0928828 27.9978 139.487 -13 1425 1 0 1
49.0496 -12.8221 10700 -0.357269 1.03771 27.9785 139.543 -13 1426 1 0 1
-24.8703 -7.53865 10700 0.0967023 0.487333 27.9956 139.101 -13 1427 1 0 1
18.2476 7.7386 10700 -0.156959 -0.364066 27.9972 139.33 -13 1428 1 0 1
10.3053 13.7707 10700 -0.10423 -0.912268 27.9849 139.327 -13 1429 1 0 1
-31.5419 -5.62295 10700 0.127573 0.360795 27.9974 139.054 -13 1430 1 0 1
12.8499 -5.83729 10700 -0.118557 0.284824 27.9983 139.304 -13 1431 1 0 1
10.791 -13.8194 10700 -0.118584 1.0763 27.9791 139.326 -13 1432 1 0 1
-18.3656 -11.8762 10700 0.0562142 0.721988 27.9906 139.146 -13 1433 1 0 1
17.923 7.93674 10700 -0.164815 -0.556206 27.994 139.323 -13 1434 1 0 1
-16.6571 -3.15727 10700 0.0452112 0.208477 27.9992 139.137 -13 1435 1 0 1
-25.8485 -2.46709 10700 0.108469 0.121109 27.9995 139.096 -13 1436 1 0 1
11.8469 -8.44081 10700 -0.117252 0.464963 27.9959 139.3 -13 1437 1 0 1
30.9756 -21.4515 10700 -0.297334 1.63787 27.9505 139.495 -13 1438 1 0 1
-17.7377 7.85382 10700 0.054518 -0.619276 27.9931 139.145 -13 1439 1 0 1
-23.4066 -4.7285 10700 0.0920299 0.293974 27.9983 139.11 -13 1440 1 0 1
27.5275 -12.8168 10700 -0.224741 0.792749 27.9879 139.397 -13 1441 1 0 1
5.53744 1.87357 10700 -0.0742752 -0.0688901 27.9998 139.262 -13 1442 1 0 1
36.6046 -5.9852 10700 -0.261616 0.394903 27.996 139.429 -13 1443 1 0 1
45.4031 -20.1935 10700 -0.395218 1.69602 27.9458 139.596 -13 1444 1 0 1
19.7068 11.2666 10700 -0.183365 -0.729945 27.9899 139.338 -13 1445 1 0 1
-41.1649 -1.4902 10700 0.207532 0.0942338 27.9991 139.023 -13 1446 1 0 1
-75.3326 13.597 10700 0.48189 -1.08068 27.975 138.88 -13 1447 1 0 1
-4.84132 4.45115 10700 -0.0196587 -0.294377 27.9984 139.206 -13 1448 1 0 1
-21.1451 13.3734 10700 0.0873982 -0.841251 27.9872 139.151 -13 1449 1 0 1
0.697702 26.5001 10700 -0.073869 -2.00176 27.9283 139.38 -13 1450 1 0 1
49.9808 -1.19389 10700 -0.344478 0.0401534 27.9979 139.493 -13 1451 1 0 1
26.2413 -19.0174 10700 -0.223652 1.32159 27.9679 139.452 -13 1452 1 0 1
-5.55278 7.84964 10700 -0.018395 -0.374626 27.9975 139.204 -13 1453 1 0 1
11.1452 -4.98106 10700 -0.114076 0.340242 27.9977 139.288 -13 1454 1 0 1
82.1245 -12.1936 10700 -0.613584 1.13657 27.9702 139.729 -13 1455 1 0 1
-11.1286 -0.990763 10700 0.0139067 0.113364 27.9998 139.166 -13 1456 1 0 1
-16.6042 16.2222 10700 0.0523473 -1.01295 27.9816 139.179 -13 1457 1 0 1
-27.9515 11.0933 10700 0.124463 -0.714774 27.9906 139.102 -13 1458 1 0 1
22.3789 -10.6691 10700 -0.18833 0.681051 27.9911 139.362 -13 1459 1 0 1
-5.72973 7.27431 10700 -0.0136697 -0.495868 27.9956 139.207 -13 1460 1 0 1
-9.73014 -9.63901 10700 0.0134903 0.640859 27.9927 139.197 -13 1461 1 0 1
-33.6833 12.4431 10700 0.159379 -0.83824 27.987 139.074 -13 1462 1 0 1
-17.0084 10.2336 10700 0.0443313 -0.604688 27.9934 139.145 -13 1463 1 0 1
8.36652 -12.3741 10700 -0.101291 0.821481 27.9878 139.298 -13 1464 1 0 1
-42.1313 8.80049 10700 0.206653 -0.516027 27.9945 139.016 -13 1465 1 0 1
22.4909 7.88579 10700 -0.174912 -0.478637 27.9954 139.361 -13 1466 1 0 1
-5.17083 26.9848 10700 -0.0259724 -1.89378 27.9359 139.338 -13 1467 1 0 1
21.8755 1.84665 10700 -0.173512 -0.0590593 27.9994 139.342 -13 1468 1 0 1
43.9809 -3.52013 10700 -0.311187 0.233442 27.9973 139.46 -13 1469 1 0 1
0.732663 0.476107 10700 -0.0554997 -0.0418314 27.9999 139.227 -13 1470 1 0 1
-42.1413 15.7236 10700 0.231566 -1.18448 27.974 139.055 -13 1471 1 0 1
57.9565 -11.4586 10700 -0.425787 0.873135 27.9831 139.567 -13 1472 1 0 1
-13.249 -4.77748 10700 0.0210673 0.290779 27.9985 139.153 -13 1473 1 0 1
58.576 2.13414 10700 -0.400979 -0.191393 27.9965 139.541 -13 1474 1 0 1
-30.1913 10.4878 10700 0.129284 -0.624721 27.9927 139.08 -13 1475 1 0 1
-16.8771 6.54811 10700 0.053142 -0.441872 27.9965 139.146 -13 1476 1 0 1
1.98634 -0.647514 10700 -0.0590587 0.0396218 27.9999 139.237 -13 1477 1 0 1
5.46459 -13.5676 10700 -0.0930539 0.838444 27.9873 139.278 -13 1478 1 0 1
-1.15439 -2.13213 10700 -0.0418576 0.162593 27.9995 139.221 -13 1479 1 0 1
-59.2971 -0.888564 10700 0.307367 0.057779 27.9983 138.913 -13 1480 1 0 1
50.1948 -9.61379 10700 -0.368073 0.689597 27.9891 139.51 -13 1481 1 0 1
46.6711 -11.7304 10700 -0.334655 0.804854 27.9864 139.513 -13 1482 1 0 1
15.413 12.656 10700 -0.149384 -0.75725 27.9894 139.329 -13 1483 1 0 1
6.68329 -11.3439 10700 -0.0872417 0.663302 27.992 139.286 -13 1484 1 0 1
-27.3703 -7.10678 10700 0.123091 0.349806 27.9975 139.098 -13 1485 1 0 1
-21.2789 28.5747 10700 0.139587 -2.42862 27.8941 139.309 -13 1486 1 0 1
5.35622 -10.3741 10700 -0.075516 0.695933 27.9912 139.28 -13 1487 1 0 1
13.5959 5.70224 10700 -0.115792 -0.343421 27.9977 139.316 -13 1488 1 0 1
28.6195 -19.9651 10700 -0.244376 1.41252 27.9633 139.476 -13 1489 1 0 1
-46.2506 5.13649 10700 0.22732 -0.26747 27.9978 138.987 -13 1490 1 0 1
8.0328 16.3334 10700 -0.107905 -1.04574 27.9803 139.31 -13 1491 1 0 1
25.9505 -4.58434 10700 -0.203442 0.295771 27.9977 139.363 -13 1492 1 0 1
10.9652 5.93681 10700 -0.116729 -0.350768 27.9976 139.284 -13 1493 1 0 1
-1.01698 4.64348 10700 -0.0338075 -0.261708 27.9988 139.235 -13 1494 1 0 1
121.458 -8.24523 10700 -0.887274 1.24424 27.9583 139.972 -13 1495 1 0 1
19.4609 -1.69959 10700 -0.170659 0.0765718 27.9994 139.318 -13 1496 1 0 1
4.98626 1.2424 10700 -0.0730975 -0.0272928 27.9999 139.256 -13 1497 1 0 1
31.2675 -7.01866 10700 -0.234372 0.464834 27.9952 139.399 -13 1498 1 0 1
6.50428 -7.14609 10700 -0.0986448 0.475655 27.9958 139.257 -13 1499 1 0 1
9.0546 5.34477 10700 -0.122539 -0.310277 27.998 139.257 -13 1500 1 0 1
39.4852 17.9553 10700 -0.331834 -1.37961 27.964 139.516 -13 1501 1 0 1
19.5078 9.54403 10700 -0.1623 -0.664444 27.9916 139.352 -13 1502 1 0 1
-2.62632 -6.95921 10700 -0.0330929 0.42106 27.9968 139.219 -13 1503 1 0 1
32.7167 -4.07414 10700 -0.246988 0.343774 27.9968 139.395 -13 1504 1 0 1
-40.36 3.72471 10700 0.18988 -0.240586 27.9983 139.016 -13 1505 1 0 1
17.8708 -4.62225 10700 -0.149841 0.271322 27.9983 139.326 -13 1506 1 0 1
7.3154 9.11964 10700 -0.095268 -0.56312 27.9942 139.276 -13 1507 1 0 1
14.6389 13.0095 10700 -0.141752 -0.92976 27.9842 139.337 -13 1508 1 0 1
12.9427 1.14675 10700 -0.112313 -0.128983 27.9995 139.306 -13 1509 1 0 1
-3.99763 -2.13371 10700 -0.0254536 0.10212 27.9998 139.206 -13 1510 1 0 1
41.7381 -9.57912 10700 -0.313087 0.635489 27.991 139.459 -13 1511 1 0 1
45.4353 -5.3736 10700 -0.332045 0.345281 27.9959 139.461 -13 1512 1 0 1
-23.0638 6.1054 10700 0.0813043 -0.387348 27.9972 139.103 -13 1513 1 0 1
32.3795 -5.42651 10700 -0.245339 0.265364 27.9977 139.395 -13 1514 1 0 1
31.8287 -7.71328 10700 -0.240683 0.455153 27.9953 139.4 -13 1515 1 0 1
23.1234 -20.7264 10700 -0.228265 1.5117 27.9582 139.436 -13 1516 1 0 1
25.2635 -16.1409 10700 -0.215179 1.21111 27.973 139.422 -13 1517 1 0 1
-21.9673 8.46802 10700 0.0967451 -0.449894 27.9962 139.135 -13 1518 1 0 1
4.46594 0.365701 10700 -0.0789601 0.0440959 27.9999 139.245 -13 1519 1 0 1
-18.2278 8.75039 10700 0.0613279 -0.495481 27.9955 139.143 -13 1520 1 0 1
20.9093 -5.19565 10700 -0.1718 0.36021 27.9972 139.339 -13 1521 1 0 1
32.2492 -4.06324 10700 -0.249345 0.256822 27.9977 139.387 -13 1522 1 0 1
-51.1172 14.1665 10700 0.28135 -1.02269 27.9799 138.991 -13 1523 1 0 1
0.557857 4.59674 10700 -0.0545033 -0.215888 27.9991 139.23 -13 1524 1 0 1
-16.5444 19.4288 10700 0.0503152 -1.34042 27.9679 139.2 -13 1525 1 0 1
-21.4214 0.454528 10700 0.0825641 -0.0779693 27.9998 139.12 -13 1526 1 0 1
18.0393 5.95086 10700 -0.147985 -0.320455 27.9978 139.333 -13 1527 1 0 1
-5.7551 6.78124 10700 -0.0292304 -0.414447 27.9969 139.188 -13 1528 1 0 1
-10.7563 3.51726 10700 0.0112413 -0.239975 27.999 139.17 -13 1529 1 0 1
12.417 13.304 10700 -0.126383 -0.886413 27.9857 139.326 -13 1530 1 0 1
12.3111 7.71505 10700 -0.120119 -0.559408 27.9942 139.306 -13 1531 1 0 1
0.456317 1.14707 10700 -0.0658635 0.108645 27.9997 139.215 -13 1532 1 0 1
81.2959 -14.1878 10700 -0.636506 1.45273 27.955 139.768 -13 1533 1 0 1
2.00923 -11.2577 10700 -0.0704223 0.783544 27.9889 139.252 -13 1534 1 0 1
75.8014 -3.48472 10700 -0.503971 0.386266 27.9928 139.651 -13 1535 1 0 1
-11.3419 0.0444313 10700 0.00920105 -0.014835 28 139.159 -13 1536 1 0 1
-3.09507 -2.4792 10700 -0.0356785 0.180136 27.9994 139.206 -13 1537 1 0 1
36.9077 -3.25826 10700 -0.256546 0.187793 27.9982 139.432 -13 1538 1 0 1
-12.1036 -5.07183 10700 0.0141775 0.377175 27.9975 139.159 -13 1539 1 0 1
-67.8576 11.7907 10700 0.397617 -0.818536 27.9852 138.898 -13 1540 1 0 1
2.87222 -2.64259 10700 -0.0703792 0.197646 27.9992 139.238 -13 1541 1 0 1
26.173 -5.73427 10700 -0.201392 0.390813 27.9965 139.37 -13 1542 1 0 1
1.1239 8.58831 10700 -0.0579553 -0.601403 27.9935 139.246 -13 1543 1 0 1
22.1666 -3.69591 10700 -0.184937 0.271568 27.9981 139.338 -13 1544 1 0 1
50.0517 -7.49854 10700 -0.351408 0.588811 27.9916 139.512 -13 1545 1 0 1
23.6141 10.4386 10700 -0.194382 -0.67786 27.9911 139.369 -13 1546 1 0 1
-2.04203 -0.535386 10700 -0.0442922 0.0300476 27.9999 139.208 -13 1547 1 0 1
14.1094 -4.04876 10700 -0.132133 0.232083 27.9987 139.301 -13 1548 1 0 1
30.2341 -1.54965 10700 -0.2227 0.143835 27.9987 139.387 -13 1549 1 0 1
-24.9852 2.886 10700 0.0993104 -0.193724 27.9992 139.098 -13 1550 1 0 1
-14.0889 11.6367 10700 0.0344561 -0.750101 27.9899 139.173 -13 1551 1 0 1
8.00115 -18.9052 10700 -0.125013 1.2933 27.9698 139.324 -13 1552 1 0 1
45.9268 -5.28973 10700 -0.315274 0.331215 27.9963 139.484 -13 1553 1 0 1
26.7814 -9.18561 10700 -0.211718 0.5435 27.9939 139.378 -13 1554 1 0 1
38.4743 3.47219 10700 -0.274236 -0.232578 27.9977 139.433 -13 1555 1 0 1
40.7098 6.39604 10700 -0.285408 -0.504693 27.994 139.461 -13 1556 1 0 1
-29.3482 15.7993 10700 0.140405 -1.01316 27.9813 139.115 -13 1557 1 0 1
-11.2655 -3.76624 10700 0.0141285 0.325587 27.9981 139.167 -13 1558 1 0 1
-32.6194 -2.06577 10700 0.142591 0.147001 27.9993 139.055 -13 1559 1 0 1
41.0625 -10.903 10700 -0.296102 0.766137 27.988 139.477 -13 1560 1 0 1
15.574 -5.28652 10700 -0.140829 0.296606 27.9981 139.311 -13 1561 1 0 1
-27.4975 9.33535 10700 0.127881 -0.614253 27.993 139.109 -13 1562 1 0 1
-27.6392 -6.9087 10700 0.120546 0.453833 27.9961 139.092 -13 1563 1 0 1
-0.509715 -9.90431 10700 -0.052691 0.640654 27.9926 139.236 -13 1564 1 0 1
1.99791 16.7474 10700 -0.0678239 -1.09142 27.9786 139.283 -13 1565 1 0 1
-4.02517 8.90717 10700 -0.0332348 -0.483962 27.9958 139.208 -13 1566 1 0 1
-9.96339 2.95803 10700 0.00844508 -0.174334 27.9995 139.175 -13 1567 1 0 1
6.21436 0.188211 10700 -0.0893108 -0.0146487 27.9999 139.253 -13 1568 1 0 1
-6.50038 3.44414 10700 -0.0138251 -0.259954 27.9988 139.192 -13 1569 1 0 1
60.7849 -14.6312 10700 -0.46342 1.2164 27.9697 139.622 -13 1570 1 0 1
14.615 2.03452 10700 -0.130565 -0.123818 27.9994 139.306 -13 1571 1 0 1
-69.0024 13.6355 10700 0.421073 -1.04818 27.9772 138.904 -13 1572 1 0 1
-35.1468 4.61041 10700 0.150976 -0.253468 27.9984 139.037 -13 1573 1 0 1
-31.2319 11.6203 10700 0.149615 -0.674446 27.9915 139.091 -13 1574 1 0 1
45.3357 4.6699 10700 -0.315174 -0.314682 27.9965 139.475 -13 1575 1 0 1
64.4866 -6.96894 10700 -0.430189 0.465079 27.9928 139.599 -13 1576 1 0 1
75.359 -8.43986 10700 -0.536201 0.804898 27.9833 139.656 -13 1577 1 0 1
16.7979 -8.89838 10700 -0.147603 0.534543 27.9945 139.328 -13 1578 1 0 1
27.1291 -4.19055 10700 -0.202501 0.282899 27.9978 139.377 -13 1579 1 0 1
-22.8459 -4.27031 10700 0.0893888 0.22862 27.9989 139.113 -13 1580 1 0 1
-6.82065 1.55283 10700 -0.00636893 -0.1654 27.9995 139.194 -13 1581 1 0 1
58.086 -7.81518 10700 -0.408761 0.630583 27.9899 139.556 -13 1582 1 0 1
31.3499 -6.953 10700 -0.232257 0.445015 27.9955 139.401 -13 1583 1 0 1
41.3247 -0.465868 10700 -0.292506 0.00455578 27.9985 139.443 -13 1584 1 0 1
28.0262 -10.5095 10700 -0.217834 0.667507 27.9912 139.397 -13 1585 1 0 1
28.18 -8.24456 10700 -0.213591 0.561213 27.9936 139.392 -13 1586 1 0 1
53.4423 -14.306 10700 -0.413987 1.23145 27.9698 139.575 -13 1587 1 0 1
43.9131 2.06214 10700 -0.307062 -0.122332 27.998 139.46 -13 1588 1 0 1
31.8848 -10.8039 10700 -0.243059 0.666895 27.991 139.418 -13 1589 1 0 1
2.57171 12.5855 10700 -0.0510545 -0.850957 27.987 139.286 -13 1590 1 0 1
15.9681 -2.81481 10700 -0.147883 0.175098 27.9991 139.304 -13 1591 1 0 1
22.614 9.32217 10700 -0.194922 -0.702341 27.9905 139.354 -13 1592 1 0 1
8.12338 0.733991 10700 -0.110604 -0.0538317 27.9997 139.253 -13 1593 1 0 1
4.15651 -0.72092 10700 -0.0647125 0.0542642 27.9999 139.256 -13 1594 1 0 1
28.7178 6.6484 10700 -0.21356 -0.350545 27.997 139.389 -13 1595 1 0 1
5.10108 -8.12971 10700 -0.0770328 0.447403 27.9963 139.264 -13 1596 1 0 1
-8.5702 7.51034 10700 -0.0110248 -0.470017 27.9961 139.176 -13 1597 1 0 1
15.5963 -0.948256 10700 -0.138302 0.0386372 27.9996 139.308 -13 1598 1 0 1
12.8336 0.523961 10700 -0.114929 0.00102977 27.9998 139.301 -13 1599 1 0 1
18.7098 -6.68983 10700 -0.164393 0.403353 27.9966 139.324 -13 1600 1 0 1
-26.6394 2.20989 10700 0.110614 -0.166558 27.9993 139.09 -13 1601 1 0 1
-20.6259 22.1485 10700 0.081565 -1.64801 27.9513 139.201 -13 1602 1 0 1
17.3241 -3.96582 10700 -0.146153 0.260053 27.9984 139.323 -13 1603 1 0 1
-50.9835 19.4055 10700 0.310919 -1.32669 27.9668 139.027 -13 1604 1 0 1
40.2838 -2.70958 10700 -0.279211 0.174645 27.9981 139.448 -13 1605 1 0 1
-12.1337 6.05136 10700 0.0163903 -0.259628 27.9988 139.163 -13 1606 1 0 1
-6.24013 -0.611853 10700 -0.0143233 0.0461159 28 139.192 -13 1607 1 0 1
-16.5745 12.7448 10700 0.0510158 -0.783271 27.989 139.164 -13 1608 1 0 1
57.3915 1.84258 10700 -0.385816 -0.0876767 27.9972 139.541 -13 1609 1 0 1
-54.1944 1.69496 10700 0.279638 -0.121148 27.9983 138.945 -13 1610 1 0 1
49.8327 -5.8398 10700 -0.34679 0.361237 27.9955 139.5 -13 1611 1 0 1
-16.6629 2.25063 10700 0.0493522 -0.205481 27.9992 139.141 -13 1612 1 0 1
32.3363 4.99195 10700 -0.237961 -0.230542 27.998 139.401 -13 1613 1 0 1
-16.3305 6.65222 10700 0.0510327 -0.436819 27.9965 139.15 -13 1614 1 0 1
-62.6194 11.2981 10700 0.350051 -0.832159 27.9854 138.917 -13 1615 1 0 1
25.3614 -1.34381 10700 -0.203709 0.00775164 27.9993 139.351 -13 1616 1 0 1
-7.83112 2.78957 10700 -0.00499481 -0.114187 27.9998 139.185 -13 1617 1 0 1
13.8983 8.67897 10700 -0.139693 -0.54015 27.9944 139.303 -13 1618 1 0 1
26.0503 -23.7805 10700 -0.266302 1.82193 27.9394 139.502 -13 1619 1 0 1
11.0916 -5.68342 10700 -0.106757 0.402786 27.9969 139.296 -13 1620 1 0 1
-15.2552 10.7353 10700 0.0459968 -0.672418 27.9919 139.17 -13 1621 1 0 1
13.171 9.54805 10700 -0.128139 -0.601924 27.9932 139.313 -13 1622 1 0 1
2.84828 -6.39348 10700 -0.0699212 0.362442 27.9976 139.242 -13 1623 1 0 1
36.0841 -11.9935 10700 -0.270542 0.897542 27.9843 139.455 -13 1624 1 0 1
-0.249746 -6.77956 10700 -0.050601 0.419702 27.9968 139.228 -13 1625 1 0 1
-40.5584 15.0301 10700 0.203216 -0.941236 27.9834 139.043 -13 1626 1 0 1
27.0174 -5.35675 10700 -0.207209 0.290467 27.9977 139.373 -13 1627 1 0 1
68.0788 -7.31666 10700 -0.475829 0.52808 27.991 139.602 -13 1628 1 0 1
23.5135 -12.9485 10700 -0.202823 0.967806 27.9825 139.382 -13 1629 1 0 1
31.7427 0.9408 10700 -0.239822 -0.0890274 27.9988 139.386 -13 1630 1 0 1
6.93256 2.95428 10700 -0.0921764 -0.170236 27.9993 139.26 -13 1631 1 0 1
44.447 -8.83641 10700 -0.316287 0.661564 27.9904 139.487 -13 1632 1 0 1
5.05856 -0.311634 10700 -0.0846272 0.000618692 27.9999 139.245 -13 1633 1 0 1
-1.90883 -2.39523 10700 -0.0242643 0.129539 27.9997 139.231 -13 1634 1 0 1
41.1615 -2.31912 10700 -0.292904 0.219211 27.9976 139.444 -13 1635 1 0 1
27.6607 -5.31602 10700 -0.214568 0.347505 27.997 139.372 -13 1636 1 0 1
43.973 2.48799 10700 -0.313299 -0.172512 27.9977 139.455 -13 1637 1 0 1
91.4581 -3.99933 10700 -0.606222 0.26317 27.9922 139.739 -13 1638 1 0 1
19.1237 -5.39522 10700 -0.154769 0.246268 27.9985 139.337 -13 1639 1 0 1
-12.5492 6.53376 10700 0.028367 -0.33798 27.9979 139.171 -13 1640 1 0 1
15.6925 0.412753 10700 -0.141211 -0.0425187 27.9996 139.306 -13 1641 1 0 1
-21.1023 5.31783 10700 0.0815962 -0.417812 27.9968 139.126 -13 1642 1 0 1
48.0814 -22.094 10700 -0.469445 2.00149 27.9244 139.647 -13 1643 1 0 1
-34.6621 2.88852 10700 0.149424 -0.193564 27.9989 139.039 -13 1644 1 0 1
-22.079 -10.3442 10700 0.0873936 0.624845 27.9929 139.131 -13 1645 1 0 1
19.142 1.39915 10700 -0.153919 -0.0426805 27.9995 139.332 -13 1646 1 0 1
6.01125 5.37385 10700 -0.0804185 -0.288419 27.9984 139.266 -13 1647 1 0 1
-7.42755 11.2388 10700 -0.010444 -0.662101 27.9922 139.203 -13 1648 1 0 1
16.3606 2.72068 10700 -0.146834 -0.0801827 27.9995 139.308 -13 1649 1 0 1
47.3523 -3.92949 10700 -0.33397 0.281644 27.9966 139.478 -13 1650 1 0 1
-5.98537 -1.60605 10700 -0.0155891 0.0952917 27.9998 139.194 -13 1651 1 0 1
-23.7303 2.40957 10700 0.0936266 -0.0687679 27.9998 139.105 -13 1652 1 0 1
85.6311 -14.607 10700 -0.701993 1.64683 27.9427 139.811 -13 1653 1 0 1
-20.0171 16.6054 10700 0.0837987 -1.03836 27.9806 139.172 -13 1654 1 0 1
29.0837 -9.1955 10700 -0.237912 0.707063 27.9901 139.386 -13 1655 1 0 1
17.9713 -1.64816 10700 -0.152254 0.131311 27.9993 139.321 -13 1656 1 0 1
-40.5497 17.8303 10700 0.218979 -1.28992 27.9694 139.067 -13 1657 1 0 1
-56.4974 9.26662 10700 0.304794 -0.657197 27.9906 138.947 -13 1658 1 0 1
0.662927 5.96903 10700 -0.051365 -0.364816 27.9976 139.236 -13 1659 1 0 1
-61.9854 9.52477 10700 0.354131 -0.650759 27.9902 138.929 -13 1660 1 0 1
-19.8233 -2.57432 10700 0.0595401 0.116757 27.9997 139.116 -13 1661 1 0 1
39.0647 -8.32497 10700 -0.286801 0.550768 27.9931 139.445 -13 1662 1 0 1
17.8096 1.21467 10700 -0.155898 -0.200399 27.9988 139.316 -13 1663 1 0 1
70.7145 -12.3194 10700 -0.526897 1.01902 27.9765 139.651 -13 1664 1 0 1
-27.4264 -11.702 10700 0.118098 0.81521 27.9879 139.104 -13 1665 1 0 1
-62.4301 -9.01625 10700 0.343182 0.601114 27.9914 138.913 -13 1666 1 0 1
-10.0544 5.58014 10700 0.00536097 -0.385746 27.9973 139.173 -13 1667 1 0 1
-35.1924 5.28375 10700 0.159666 -0.320451 27.9977 139.045 -13 1668 1 0 1
29.3578 -3.39049 10700 -0.223281 0.186058 27.9985 139.379 -13 1669 1 0 1
10.5512 15.2169 10700 -0.121408 -0.937052 27.9841 139.318 -13 1670 1 0 1
-37.1959 5.12734 10700 0.188159 -0.420349 27.9962 139.051 -13 1671 1 0 1
51.9063 -14.6847 10700 -0.400668 1.09082 27.9759 139.554 -13 1672 1 0 1
66.5717 1.25319 10700 -0.436748 -0.11194 27.9964 139.6 -13 1673 1 0 1
14.8966 -6.41032 10700 -0.140538 0.398641 27.9968 139.305 -13 1674 1 0 1
21.1393 -5.62142 10700 -0.16743 0.375836 27.997 139.347 -13 1675 1 0 1
-77.3804 16.1074 10700 0.526011 -1.49771 27.955 138.883 -13 1676 1 0 1
12.6846 -16.2249 10700 -0.126973 1.10611 27.9779 139.349 -13 1677 1 0 1
-4.50488 -7.17179 10700 -0.0226534 0.479416 27.9959 139.211 -13 1678 1 0 1
-28.6724 -8.93696 10700 0.123089 0.449761 27.9961 139.085 -13 1679 1 0 1
-77.8804 17.0179 10700 0.555879 -1.70381 27.9426 138.893 -13 1680 1 0 1
-20.78 2.48268 10700 0.0603532 0.00936837 27.9999 139.107 -13 1681 1 0 1
-56.9728 -3.04902 10700 0.300362 0.138166 27.998 138.933 -13 1682 1 0 1
13.4208 -5.13488 10700 -0.131793 0.308257 27.998 139.296 -13 1683 1 0 1
-14.8421 -1.75203 10700 0.0384979 0.0230871 28 139.149 -13 1684 1 0 1
30.6258 13.4826 10700 -0.237827 -0.905547 27.9843 139.43 -13 1685 1 0 1
49.6423 -6.71631 10700 -0.35378 0.466718 27.9939 139.495 -13 1686 1 0 1
-35.3247 11.0945 10700 0.168964 -0.760733 27.9892 139.062 -13 1687 1 0 1
30.6995 -6.9057 10700 -0.230972 0.501373 27.9946 139.398 -13 1688 1 0 1
-3.49144 -6.79745 10700 -0.0257726 0.424349 27.9968 139.217 -13 1689 1 0 1
-3.14924 -3.98933 10700 -0.023807 0.38275 27.9974 139.22 -13 1690 1 0 1
-31.3076 -3.7317 10700 0.12642 0.21314 27.9989 139.055 -13 1691 1 0 1
1.91157 2.8419 10700 -0.0562544 -0.13985 27.9996 139.241 -13 1692 1 0 1
-4.72067 2.77445 10700 -0.0210414 -0.147764 27.9996 139.203 -13 1693 1 0 1
3.82856 10.3214 10700 -0.0727361 -0.660674 27.9921 139.266 -13 1694 1 0 1
3.36825 -4.65314 10700 -0.0630555 0.318265 27.9981 139.253 -13 1695 1 0 1
-2.73604 -11.8 10700 -0.0475978 0.727805 27.9905 139.221 -13 1696 1 0 1
-17.0009 16.5128 10700 0.0608834 -1.0667 27.9796 139.184 -13 1697 1 0 1
-19.4332 14.4094 10700 0.0692744 -0.946011 27.9839 139.157 -13 1698 1 0 1
-20.0535 2.15844 10700 0.0666269 -0.183809 27.9993 139.12 -13 1699 1 0 1
-29.3078 14.241 10700 0.133683 -0.858454 27.9865 139.103 -13 1700 1 0 1
2.60299 -12.9305 10700 -0.0674977 0.769037 27.9894 139.265 -13 1701 1 0 1
-1.07204 -14.5782 10700 -0.0347856 0.845456 27.9872 139.263 -13 1702 1 0 1
63.9917 -5.22949 10700 -0.437273 0.317441 27.9948 139.578 -13 1703 1 0 1
1.30362 -16.8442 10700 -0.0649241 1.1677 27.9756 139.284 -13 1704 1 0 1
26.246 -1.39652 10700 -0.203634 0.0631044 27.9992 139.361 -13 1705 1 0 1
7.16686 -1.77021 10700 -0.098241 0.10436 27.9996 139.255 -13 1706 1 0 1
54.4938 -9.53162 10700 -0.388605 0.70467 27.9884 139.542 -13 1707 1 0 1
-0.109356 -11.957 10700 -0.0456413 0.774838 27.9892 139.254 -13 1708 1 0 1
-27.5574 17.0832 10700 0.131562 -1.05317 27.9799 139.13 -13 1709 1 0 1
-22.4367 -19.2244 10700 0.107889 1.37888 27.9658 139.182 -13 1710 1 0 1
4.62877 -21.8404 10700 -0.0837104 1.51325 27.959 139.347 -13 1711 1 0 1
36.4828 -0.841908 10700 -0.26021 0.0820539 27.9987 139.42 -13 1712 1 0 1
38.8285 6.5361 10700 -0.271074 -0.378893 27.9961 139.447 -13 1713 1 0 1
36.8975 4.31281 10700 -0.260012 -0.302483 27.9972 139.432 -13 1714 1 0 1
-2.14406 4.45702 10700 -0.0380969 -0.238049 27.999 139.217 -13 1715 1 0 1
6.33193 4.69649 10700 -0.0812621 -0.365947 27.9975 139.268 -13 1716 1 0 1
25.0059 -7.11428 10700 -0.193215 0.491593 27.995 139.37 -13 1717 1 0 1
-20.6278 -2.86113 10700 0.0694391 0.140826 27.9996 139.117 -13 1718 1 0 1
-9.44818 6.90668 10700 0.00144046 -0.435427 27.9966 139.178 -13 1719 1 0 1
33.2481 1.75794 10700 -0.241804 -0.045815 27.9989 139.401 -13 1720 1 0 1
32.0935 -21.8222 10700 -0.305538 1.67376 27.9483 139.511 -13 1721 1 0 1
20.2414 1.14626 10700 -0.170566 -0.048255 27.9994 139.326 -13 1722 1 0 1
71.5004 -2.82637 10700 -0.483348 0.200034 27.9951 139.615 -13 1723 1 0 1
17.3072 8.35193 10700 -0.164924 -0.591163 27.9933 139.319 -13 1724 1 0 1
-14.1987 8.83668 10700 0.0300746 -0.540834 27.9948 139.159 -13 1725 1 0 1
8.31743 -11.0845 10700 -0.104474 0.773758 27.9891 139.289 -13 1726 1 0 1
14.1189 19.5264 10700 -0.166567 -1.40029 27.9645 139.365 -13 1727 1 0 1
-3.72319 3.80139 10700 -0.0298004 -0.283966 27.9985 139.207 -13 1728 1 0 1
18.5641 -2.92493 10700 -0.156126 0.122621 27.9993 139.324 -13 1729 1 0 1
-39.4913 15.2835 10700 0.196982 -0.997802 27.9815 139.05 -13 1730 1 0 1
-52.7429 19.2053 10700 0.325022 -1.45508 27.9603 139.017 -13 1731 1 0 1
60.5131 -18.847 10700 -0.520542 1.63054 27.9476 139.667 -13 1732 1 0 1
7.24004 -3.50207 10700 -0.0858047 0.237164 27.9989 139.271 -13 1733 1 0 1
-59.5864 -3.77027 10700 0.321487 0.288862 27.9967 138.924 -13 1734 1 0 1
49.9103 -16.3416 10700 -0.400579 1.32462 27.9658 139.567 -13 1735 1 0 1
12.1602 -1.65679 10700 -0.112433 0.0658944 27.9997 139.297 -13 1736 1 0 1
27.2777 -11.0599 10700 -0.227356 0.757486 27.9888 139.383 -13 1737 1 0 1
35.9127 -22.5534 10700 -0.380114 1.98773 27.9268 139.556 -13 1738 1 0 1
-29.7967 11.5693 10700 0.127396 -0.728809 27.9902 139.084 -13 1739 1 0 1
61.4387 -18.7572 10700 -0.533876 1.6504 27.9462 139.672 -13 1740 1 0 1
-18.7324 -6.97292 10700 0.0739933 0.472826 27.9959 139.147 -13 1741 1 0 1
5.67588 -10.8454 10700 -0.0759948 0.652606 27.9923 139.284 -13 1742 1 0 1
-23.1527 4.54122 10700 0.0973781 -0.28889 27.9983 139.118 -13 1743 1 0 1
-6.27013 19.3304 10700 -0.0217532 -1.40241 27.9648 139.255 -13 1744 1 0 1
9.20734 3.62635 10700 -0.104424 -0.205173 27.9991 139.274 -13 1745 1 0 1
19.9184 -12.1183 10700 -0.168819 0.761761 27.9891 139.359 -13 1746 1 0 1
-21.8967 -6.31025 10700 0.0876262 0.3212 27.998 139.124 -13 1747 1 0 1
20.5602 -21.2625 10700 -0.208737 1.50058 27.959 139.424 -13 1748 1 0 1
8.71154 -10.0886 10700 -0.101327 0.690426 27.9913 139.291 -13 1749 1 0 1
-0.694655 3.19152 10700 -0.0432841 -0.204875 27.9992 139.226 -13 1750 1 0 1
53.1794 -7.20846 10700 -0.367168 0.476823 27.9935 139.526 -13 1751 1 0 1
63.5227 -4.01666 10700 -0.428457 0.273855 27.9954 139.577 -13 1752 1 0 1
74.2175 -17.0388 10700 -0.647818 1.82563 27.9329 139.772 -13 1753 1 0 1
40.8221 -1.99046 10700 -0.293547 0.224802 27.9976 139.439 -13 1754 1 0 1
-17.721 9.19557 10700 0.0538809 -0.557928 27.9944 139.144 -13 1755 1 0 1
36.7677 -2.64667 10700 -0.260652 0.163326 27.9983 139.425 -13 1756 1 0 1
-0.0670736 -13.9517 10700 -0.0518487 0.878539 27.9862 139.258 -13 1757 1 0 1
40.3981 -0.963435 10700 -0.293075 -0.0705438 27.9984 139.433 -13 1758 1 0 1
43.8327 4.61577 10700 -0.304376 -0.304209 27.9967 139.468 -13 1759 1 0 1
89.2615 -9.87588 10700 -0.647625 1.06824 27.9721 139.763 -13 1760 1 0 1
23.4204 -20.2113 10700 -0.232878 1.62134 27.952 139.448 -13 1761 1 0 1
-3.87178 -13.0191 10700 -0.0221082 0.834581 27.9876 139.239 -13 1762 1 0 1
9.60713 -12.7461 10700 -0.110764 0.88449 27.9858 139.306 -13 1763 1 0 1
41.9207 12.7106 10700 -0.32828 -0.881406 27.9842 139.47 -13 1764 1 0 1
33.5379 2.73976 10700 -0.242235 -0.197187 27.9983 139.407 -13 1765 1 0 1
10.2436 -1.58788 10700 -0.104254 0.0866731 27.9997 139.284 -13 1766 1 0 1
-1.301 -7.89938 10700 -0.0402726 0.530689 27.9949 139.232 -13 1767 1 0 1
24.0662 1.19487 10700 -0.197587 -0.0787589 27.9992 139.342 -13 1768 1 0 1
27.0064 6.37945 10700 -0.201365 -0.40034 27.9964 139.381 -13 1769 1 0 1
17.0408 11.5984 10700 -0.157087 -0.76991 27.989 139.337 -13 1770 1 0 1
-50.0889 14.3139 10700 0.277465 -1.00702 27.9805 139 -13 1771 1 0 1
-26.4103 -0.822609 10700 0.10784 0.0337559 27.9998 139.089 -13 1772 1 0 1
-20.5668 5.29456 10700 0.0811388 -0.332802 27.9979 139.131 -13 1773 1 0 1
23.7755 9.28856 10700 -0.197267 -0.604528 27.9928 139.362 -13 1774 1 0 1
23.4368 -11.6097 10700 -0.206018 0.696843 27.9906 139.361 -13 1775 1 0 1
22.7092 2.70329 10700 -0.189799 -0.202512 27.9986 139.337 -13 1776 1 0 1
-45.475 7.97961 10700 0.223655 -0.451556 27.9955 138.993 -13 1777 1 0 1
7.96286 -6.18627 10700 -0.0863106 0.41123 27.9968 139.283 -13 1778 1 0 1
-15.0733 -11.1935 10700 0.0289425 0.717521 27.9908 139.156 -13 1779 1 0 1
36.6896 -9.96301 10700 -0.274832 0.682532 27.9903 139.44 -13 1780 1 0 1
40.2743 -10.4706 10700 -0.290096 0.721683 27.9892 139.47 -13 1781 1 0 1
-3.45976 2.79842 10700 -0.0228901 -0.188121 27.9994 139.216 -13 1782 1 0 1
-34.0775 15.9013 10700 0.167078 -1.14108 27.9762 139.088 -13 1783 1 0 1
11.0717 -1.52491 10700 -0.115341 0.099347 27.9996 139.281 -13 1784 1 0 1
18.2023 -13.7523 10700 -0.17053 0.83408 27.9871 139.348 -13 1785 1 0 1
9.57487 -7.50869 10700 -0.110516 0.439613 27.9963 139.279 -13 1786 1 0 1
9.62538 4.22616 10700 -0.105001 -0.27404 27.9985 139.279 -13 1787 1 0 1
1.94386 -3.27681 10700 -0.0532666 0.243007 27.9989 139.246 -13 1788 1 0 1
11.7359 6.74036 10700 -0.119908 -0.416959 27.9966 139.292 -13 1789 1 0 1
-23.5295 18.9015 10700 0.102677 -1.2931 27.9699 139.164 -13 1790 1 0 1
9.30688 0.241722 10700 -0.105832 0.0059294 27.9998 139.271 -13 1791 1 0 1
2.13996 -17.2169 10700 -0.0735245 1.06517 27.9796 139.28 -13 1792 1 0 1
9.15841 -3.41976 10700 -0.0963889 0.173559 27.9993 139.281 -13 1793 1 0 1
49.5763 -9.1424 10700 -0.350064 0.62055 27.9909 139.514 -13 1794 1 0 1
12.3264 -8.28203 10700 -0.127974 0.608007 27.9931 139.301 -13 1795 1 0 1
39.7987 4.00174 10700 -0.278375 -0.27547 27.9973 139.446 -13 1796 1 0 1
-19.9894 10.5973 10700 0.0550315 -0.723098 27.9906 139.123 -13 1797 1 0 1
-18.8077 -9.95093 10700 0.0665247 0.560669 27.9943 139.144 -13 1798 1 0 1
37.3971 -11.9079 10700 -0.292834 0.924285 27.9832 139.451 -13 1799 1 0 1
13.219 8.41344 10700 -0.129649 -0.684685 27.9913 139.31 -13 1800 1 0 1
-51.0508 21.5603 10700 0.329864 -1.74541 27.9436 139.043 -13 1801 1 0 1
-32.1294 -6.40311 10700 0.145738 0.342404 27.9975 139.066 -13 1802 1 0 1
2.50271 11.9519 10700 -0.0755708 -0.756588 27.9897 139.253 -13 1803 1 0 1
-30.1892 -1.93696 10700 0.136305 0.0127532 27.9997 139.075 -13 1804 1 0 1
20.0583 -11.2135 10700 -0.179741 0.714291 27.9903 139.346 -13 1805 1 0 1
20.0867 -12.2332 10700 -0.181516 0.889113 27.9853 139.356 -13 1806 1 0 1
13.8605 -6.75984 10700 -0.132635 0.459731 27.9959 139.304 -13 1807 1 0 1
28.6139 -5.50232 10700 -0.201832 0.255639 27.9981 139.397 -13 1808 1 0 1
30.9833 -13.8285 10700 -0.251203 1.02585 27.9801 139.43 -13 1809 1 0 1
32.0544 3.43108 10700 -0.226428 -0.207178 27.9983 139.407 -13 1810 1 0 1
12.2601 -3.36153 10700 -0.121276 0.118493 27.9995 139.29 -13 1811 1 0 1
-20.1607 6.11846 10700 0.0735427 -0.422494 27.9967 139.129 -13 1812 1 0 1
6.51417 -6.24036 10700 -0.103154 0.326365 27.9979 139.25 -13 1813 1 0 1
65.6394 -9.85738 10700 -0.476591 0.683827 27.9876 139.594 -13 1814 1 0 1
52.1769 -9.73039 10700 -0.378663 0.630259 27.9903 139.52 -13 1815 1 0 1
-34.9589 8.41422 10700 0.169125 -0.53627 27.9944 139.061 -13 1816 1 0 1
-29.2286 8.47323 10700 0.124508 -0.531612 27.9947 139.081 -13 1817 1 0 1
-41.6405 16.1446 10700 0.217947 -1.10965 27.9772 139.045 -13 1818 1 0 1
56.821 -14.5119 10700 -0.444753 1.18698 27.9713 139.584 -13 1819 1 0 1
12.257 -0.97837 10700 -0.123839 0.0857196 27.9996 139.286 -13 1820 1 0 1
13.455 8.85381 10700 -0.136945 -0.633468 27.9925 139.306 -13 1821 1 0 1
39.5145 -1.95426 10700 -0.279815 0.192458 27.9979 139.437 -13 1822 1 0 1
18.0777 -8.51936 10700 -0.163626 0.55851 27.994 139.328 -13 1823 1 0 1
17.9706 -7.80375 10700 -0.152606 0.479736 27.9955 139.332 -13 1824 1 0 1
39.611 -4.05594 10700 -0.277827 0.278177 27.9972 139.444 -13 1825 1 0 1
20.8708 -23.3915 10700 -0.21445 1.69158 27.948 139.46 -13 1826 1 0 1
-46.754 16.4197 10700 0.26053 -1.2024 27.973 139.027 -13 1827 1 0 1
-31.3851 -11.3068 10700 0.135544 0.729786 27.9902 139.074 -13 1828 1 0 1
-17.1666 -3.59436 10700 0.0498372 0.247937 27.9989 139.137 -13 1829 1 0 1
-49.6061 14.8956 10700 0.287723 -1.09647 27.977 139.016 -13 1830 1 0 1
21.5464 -10.8682 10700 -0.18067 0.663371 27.9916 139.36 -13 1831 1 0 1
34.4667 -1.74255 10700 -0.248201 0.179612 27.9983 139.41 -13 1832 1 0 1
2.55486 7.58961 10700 -0.054632 -0.465941 27.9961 139.258 -13 1833 1 0 1
-18.0832 -1.6682 10700 0.0456853 0.0765867 27.9999 139.121 -13 1834 1 0 1
8.60152 -1.09756 10700 -0.0937953 0.110211 27.9996 139.276 -13 1835 1 0 1
-9.42724 2.87806 10700 0.00308052 -0.262775 27.9988 139.176 -13 1836 1 0 1
-10.0659 14.1269 10700 0.00384135 -0.812152 27.9882 139.196 -13 1837 1 0 1
13.7997 3.70272 10700 -0.123762 -0.325302 27.9978 139.307 -13 1838 1 0 1
23.4114 6.31285 10700 -0.189707 -0.363391 27.997 139.351 -13 1839 1 0 1
24.1439 -7.81638 10700 -0.201165 0.571787 27.9934 139.359 -13 1840 1 0 1
25.0153 0.152286 10700 -0.193299 -0.0485279 27.9993 139.357 -13 1841 1 0 1
8.15768 2.7584 10700 -0.103131 -0.25872 27.9986 139.263 -13 1842 1 0 1
4.76696 -0.488629 10700 -0.070717 -0.00166948 27.9999 139.256 -13 1843 1 0 1
49.7845 -4.4173 10700 -0.3345 0.215232 27.9972 139.507 -13 1844 1 0 1
39.016 -6.36319 10700 -0.289003 0.455103 27.9948 139.433 -13 1845 1 0 1
22.2669 -3.60907 10700 -0.193329 0.26054 27.9981 139.33 -13 1846 1 0 1
27.3211 0.427943 10700 -0.207895 -0.021229 27.9992 139.368 -13 1847 1 0 1
-10.123 12.2533 10700 0.0195993 -0.779011 27.9892 139.207 -13 1848 1 0 1
-28.9166 15.1163 10700 0.135502 -0.955138 27.9834 139.113 -13 1849 1 0 1
-59.2611 4.20044 10700 0.318793 -0.255933 27.997 138.925 -13 1850 1 0 1
-75.0716 10.9953 10700 0.453185 -0.787162 27.9853 138.862 -13 1851 1 0 1
9.25806 -1.33208 10700 -0.103788 0.0577223 27.9997 139.273 -13 1852 1 0 1
8.65523 2.84829 10700 -0.100187 -0.152665 27.9994 139.271 -13 1853 1 0 1
44.4201 -13.9296 10700 -0.327625 0.994427 27.9804 139.517 -13 1854 1 0 1
1.55894 -4.96369 10700 -0.0461376 0.247483 27.9989 139.251 -13 1855 1 0 1
11.6678 -2.03421 10700 -0.117124 0.167934 27.9993 139.287 -13 1856 1 0 1
-29.1626 -4.47821 10700 0.120145 0.257308 27.9986 139.073 -13 1857 1 0 1
15.1821 -6.14391 10700 -0.124578 0.41747 27.9966 139.325 -13 1858 1 0 1
28.4781 -1.56588 10700 -0.198501 0.0362616 27.9993 139.392 -13 1859 1 0 1
45.2759 -0.620484 10700 -0.306962 0.00716053 27.9983 139.475 -13 1860 1 0 1
50.1237 2.6499 10700 -0.353919 -0.109502 27.9975 139.487 -13 1861 1 0 1
39.8118 -9.02029 10700 -0.289805 0.676124 27.9903 139.459 -13 1862 1 0 1
-20.4918 15.1405 10700 0.0720353 -1.0732 27.9793 139.152 -13 1863 1 0 1
-61.4915 5.66418 10700 0.325276 -0.406951 27.9952 138.905 -13 1864 1 0 1
16.6194 -12.6214 10700 -0.150953 0.829239 27.9873 139.344 -13 1865 1 0 1
-4.81478 1.4162 10700 -0.02397 -0.173505 27.9995 139.199 -13 1866 1 0 1
13.1506 -18.46 10700 -0.146041 1.27564 27.9705 139.36 -13 1867 1 0 1
4.24717 12.8388 10700 -0.0775243 -0.768985 27.9893 139.274 -13 1868 1 0 1
26.2209 10.0006 10700 -0.217228 -0.665216 27.9913 139.375 -13 1869 1 0 1
-13.3933 6.63289 10700 0.0358709 -0.425241 27.9967 139.168 -13 1870 1 0 1
79.0576 -8.03108 10700 -0.549088 0.743308 27.9847 139.683 -13 1871 1 0 1
37.1276 -10.0375 10700 -0.281666 0.744081 27.9887 139.44 -13 1872 1 0 1
17.6459 -4.38122 10700 -0.155262 0.29379 27.998 139.318 -13 1873 1 0 1
0.994266 31.6975 10700 -0.0941906 -2.63336 27.8757 139.48 -13 1874 1 0 1
50.4603 1.46286 10700 -0.341474 -0.211434 27.9971 139.505 -13 1875 1 0 1
23.176 -5.17028 10700 -0.188748 0.303689 27.9977 139.348 -13 1876 1 0 1
-18.3556 10.2408 10700 0.054522 -0.682661 27.9916 139.141 -13 1877 1 0 1
-31.601 6.26086 10700 0.136817 -0.307849 27.998 139.064 -13 1878 1 0 1
0.770896 1.01739 10700 -0.0584659 -0.0719302 27.9998 139.225 -13 1879 1 0 1
-5.74165 4.80093 10700 -0.0194577 -0.379184 27.9974 139.196 -13 1880 1 0 1
29.3083 -0.00411813 10700 -0.215603 0.0140506 27.9992 139.383 -13 1881 1 0 1
31.5954 -10.4607 10700 -0.243042 0.730767 27.9894 139.414 -13 1882 1 0 1
-2.03146 -6.59146 10700 -0.03654 0.386921 27.9973 139.222 -13 1883 1 0 1
65.8378 -10.9117 10700 -0.470265 0.858584 27.9829 139.619 -13 1884 1 0 1
-22.6878 -8.44425 10700 0.080921 0.537955 27.9947 139.113 -13 1885 1 0 1
-11.2681 1.90218 10700 0.0213396 -0.139823 27.9996 139.173 -13 1886 1 0 1
-26.8305 -7.24068 10700 0.124872 0.487128 27.9955 139.106 -13 1887 1 0 1
23.1564 -5.33159 10700 -0.187182 0.240761 27.9983 139.349 -13 1888 1 0 1
-0.11066 1.92174 10700 -0.0464865 -0.0742632 27.9999 139.228 -13 1889 1 0 1
26.9201 -13.8786 10700 -0.217454 0.91427 27.9842 139.408 -13 1890 1 0 1
66.6914 -9.0786 10700 -0.474823 0.711872 27.9869 139.606 -13 1891 1 0 1
-33.2784 7.96402 10700 0.151377 -0.541622 27.9944 139.062 -13 1892 1 0 1
43.5683 -7.95777 10700 -0.315377 0.497003 27.9938 139.465 -13 1893 1 0 1
6.41328 -11.7908 10700 -0.0849653 0.730331 27.9903 139.287 -13 1894 1 0 1
-11.3162 -12.9767 10700 0.0198077 0.785982 27.989 139.194 -13 1895 1 0 1
23.9877 -7.5766 10700 -0.197296 0.509829 27.9947 139.356 -13 1896 1 0 1
-47.3055 7.72545 10700 0.246171 -0.51106 27.9943 138.994 -13 1897 1 0 1
-19.9157 12.9998 10700 0.061694 -0.806215 27.9883 139.137 -13 1898 1 0 1
19.5654 22.6333 10700 -0.208136 -1.58322 27.9544 139.43 -13 1899 1 0 1
-14.7119 9.20515 10700 0.0436888 -0.556531 27.9944 139.168 -13 1900 1 0 1
-28.0377 -5.5969 10700 0.121142 0.347872 27.9976 139.086 -13 1901 1 0 1
2.7444 4.87305 10700 -0.0819194 -0.261839 27.9987 139.227 -13 1902 1 0 1
-30.6727 4.7153 10700 0.139534 -0.246068 27.9986 139.076 -13 1903 1 0 1
11.2439 -4.53451 10700 -0.105 0.32036 27.998 139.298 -13 1904 1 0 1
6.57452 -11.6938 10700 -0.0915267 0.764922 27.9894 139.283 -13 1905 1 0 1
35.1822 -7.04776 10700 -0.24751 0.478867 27.9948 139.432 -13 1906 1 0 1
-39.9311 2.0991 10700 0.191658 -0.134963 27.999 139.021 -13 1907 1 0 1
7.77564 1.35569 10700 -0.0885659 -0.120063 27.9996 139.272 -13 1908 1 0 1
30.6201 -10.3646 10700 -0.231023 0.644298 27.9916 139.412 -13 1909 1 0 1
9.74987 2.77203 10700 -0.102856 -0.158846 27.9994 139.281 -13 1910 1 0 1
19.7134 -6.10972 10700 -0.158128 0.309891 27.9978 139.342 -13 1911 1 0 1
33.5423 -8.15049 10700 -0.249664 0.530493 27.9939 139.415 -13 1912 1 0 1
35.7067 10.7191 10700 -0.265655 -0.647702 27.9912 139.439 -13 1913 1 0 1
5.60544 5.52767 10700 -0.0859525 -0.352357 27.9977 139.255 -13 1914 1 0 1
27.7601 -3.35848 10700 -0.208835 0.195076 27.9985 139.375 -13 1915 1 0 1
38.4098 -11.5259 10700 -0.279169 0.807594 27.987 139.467 -13 1916 1 0 1
6.30565 -0.679796 10700 -0.0840179 0.0863725 27.9997 139.26 -13 1917 1 0 1
8.507 -13.2875 10700 -0.118288 0.801384 27.9883 139.285 -13 1918 1 0 1
15.2405 -6.05458 10700 -0.132874 0.360316 27.9974 139.316 -13 1919 1 0 1
-30.9126 -7.98807 10700 0.136551 0.469111 27.9957 139.072 -13 1920 1 0 1
-17.7441 3.60111 10700 0.0682709 -0.290824 27.9984 139.15 -13 1921 1 0 1
-48.6094 10.7324 10700 0.259234 -0.81625 27.9869 138.996 -13 1922 1 0 1
64.1223 -9.37474 10700 -0.458057 0.736772 27.9866 139.593 -13 1923 1 0 1
-14.3698 9.67951 10700 0.0274484 -0.593855 27.9937 139.157 -13 1924 1 0 1
-12.3865 12.2472 10700 0.0310171 -0.818441 27.988 139.193 -13 1925 1 0 1
12.5278 -5.52623 10700 -0.122953 0.307409 27.998 139.296 -13 1926 1 0 1
-9.30609 1.30742 10700 -0.000337564 -0.0150286 28 139.172 -13 1927 1 0 1
9.56432 11.6867 10700 -0.120118 -0.653941 27.9921 139.286 -13 1928 1 0 1
20.8814 8.26602 10700 -0.157807 -0.555793 27.994 139.367 -13 1929 1 0 1
40.7346 3.62867 10700 -0.285244 -0.273044 27.9972 139.449 -13 1930 1 0 1
44.6107 7.75453 10700 -0.3268 -0.579962 27.9921 139.471 -13 1931 1 0 1
14.5388 -0.148489 10700 -0.130966 0.0251047 27.9997 139.303 -13 1932 1 0 1
5.33129 -18.4495 10700 -0.0982871 1.29068 27.9701 139.314 -13 1933 1 0 1
-31.3965 -6.94455 10700 0.131665 0.594487 27.9934 139.067 -13 1934 1 0 1
41.771 -2.62863 10700 -0.296489 0.122868 27.9982 139.447 -13 1935 1 0 1
44.8391 -2.74488 10700 -0.314914 0.139059 27.9979 139.464 -13 1936 1 0 1
29.4901 -3.77039 10700 -0.224111 0.187124 27.9985 139.38 -13 1937 1 0 1
42.6352 -12.7541 10700 -0.316592 0.867622 27.9848 139.491 -13 1938 1 0 1
87.3698 -13.6426 10700 -0.72126 1.71548 27.9381 139.824 -13 1939 1 0 1
-8.98606 -5.16073 10700 0.0135309 0.265842 27.9987 139.193 -13 1940 1 0 1
-11.1243 -10.648 10700 0.0168711 0.598244 27.9936 139.185 -13 1941 1 0 1
-7.02368 -5.2708 10700 -0.0015015 0.28521 27.9985 139.2 -13 1942 1 0 1
14.7297 10.5364 10700 -0.135668 -0.682298 27.9914 139.327 -13 1943 1 0 1
-34.5713 25.0712 10700 0.221973 -1.8694 27.9366 139.166 -13 1944 1 0 1
-0.543217 -0.976346 10700 -0.0557262 0.0375425 27.9999 139.213 -13 1945 1 0 1
-12.3901 1.82832 10700 0.0173635 -0.130515 27.9997 139.156 -13 1946 1 0 1
0.200457 -10.6997 10700 -0.0447728 0.66827 27.992 139.254 -13 1947 1 0 1
-9.47348 8.13601 10700 -0.00409593 -0.550234 27.9946 139.178 -13 1948 1 0 1
-0.610432 3.91599 10700 -0.0491835 -0.218124 27.9991 139.222 -13 1949 1 0 1
27.2122 -7.24639 10700 -0.211402 0.532547 27.9941 139.38 -13 1950 1 0 1
-45.6808 13.0012 10700 0.239806 -0.846292 27.9862 139.014 -13 1951 1 0 1
55.9564 3.20718 10700 -0.386713 -0.304734 27.9957 139.527 -13 1952 1 0 1
-24.3066 6.00934 10700 0.0888391 -0.407478 27.9969 139.097 -13 1953 1 0 1
17.8474 7.851 10700 -0.155782 -0.456723 27.9958 139.327 -13 1954 1 0 1
23.5257 -6.15321 10700 -0.188826 0.39486 27.9966 139.353 -13 1955 1 0 1
5.65688 -2.46759 10700 -0.0796924 0.156953 27.9994 139.259 -13 1956 1 0 1
15.6686 -2.84609 10700 -0.145044 0.158282 27.9992 139.304 -13 1957 1 0 1
-5.08651 10.8316 10700 -0.0207932 -0.70014 27.9912 139.218 -13 1958 1 0 1
17.1132 3.47602 10700 -0.142262 -0.281274 27.9982 139.325 -13 1959 1 0 1
-43.5048 3.81974 10700 0.222657 -0.20075 27.9984 139.013 -13 1960 1 0 1
-34.043 -1.62251 10700 0.143197 0.144078 27.9993 139.04 -13 1961 1 0 1
10.496 -1.74893 10700 -0.109887 0.0946361 27.9996 139.281 -13 1962 1 0 1
47.1781 -17.7758 10700 -0.40546 1.44379 27.9598 139.554 -13 1963 1 0 1
-41.1153 -8.49244 10700 0.203283 0.588975 27.9931 139.027 -13 1964 1 0 1
-17.2668 -7.77497 10700 0.0621581 0.446214 27.9964 139.152 -13 1965 1 0 1
3.73949 5.43681 10700 -0.0725487 -0.387525 27.9972 139.248 -13 1966 1 0 1
14.1627 -12.9058 10700 -0.13844 0.933672 27.9841 139.335 -13 1967 1 0 1
-15.2865 3.51227 10700 0.0418765 -0.178067 27.9994 139.15 -13 1968 1 0 1
25.5384 2.78697 10700 -0.195708 -0.203385 27.9986 139.363 -13 1969 1 0 1
68.1414 5.32217 10700 -0.461723 -0.352193 27.994 139.605 -13 1970 1 0 1
10.3531 13.9169 10700 -0.09788 -0.781823 27.9889 139.33 -13 1971 1 0 1
-25.3916 10.2339 10700 0.113264 -0.589282 27.9936 139.118 -13 1972 1 0 1
32.8082 3.18292 10700 -0.246905 -0.146568 27.9985 139.393 -13 1973 1 0 1
-6.39831 -24.971 10700 -0.0162909 1.75124 27.9452 139.31 -13 1974 1 0 1
-15.777 5.89906 10700 0.0543077 -0.312971 27.9982 139.16 -13 1975 1 0 1
43.2807 -20.4904 10700 -0.379872 1.641 27.9493 139.574 -13 1976 1 0 1
60.7051 -11.484 10700 -0.440426 1.00372 27.9785 139.599 -13 1977 1 0 1
28.8246 -9.1486 10700 -0.226182 0.462651 27.9953 139.385 -13 1978 1 0 1
-41.1487 9.59685 10700 0.203998 -0.630086 27.9922 139.029 -13 1979 1 0 1
28.4444 -11.5727 10700 -0.234724 0.694664 27.9904 139.39 -13 1980 1 0 1
22.9324 -0.222181 10700 -0.176297 0.084747 27.9993 139.351 -13 1981 1 0 1
43.9405 -7.05228 10700 -0.321437 0.585462 27.992 139.468 -13 1982 1 0 1
-34.3019 10.1642 10700 0.155685 -0.721135 27.9903 139.058 -13 1983 1 0 1
37.8209 8.377 10700 -0.281128 -0.515941 27.9938 139.433 -13 1984 1 0 1
96.1479 -14.0225 10700 -0.79556 1.76731 27.9328 139.902 -13 1985 1 0 1
8.7886 -4.07282 10700 -0.0955048 0.215243 27.999 139.279 -13 1986 1 0 1
-30.1452 -4.22196 10700 0.124609 0.277291 27.9983 139.066 -13 1987 1 0 1
51.5322 -23.2565 10700 -0.555153 2.3186 27.8983 139.722 -13 1988 1 0 1
36.0132 -17.658 10700 -0.296747 1.31982 27.9673 139.496 -13 1989 1 0 1
46.5116 -18.3838 10700 -0.396302 1.55296 27.9541 139.57 -13 1990 1 0 1
2.73261 6.54641 10700 -0.0733253 -0.394788 27.9971 139.237 -13 1991 1 0 1
-16.591 13.0154 10700 0.0410152 -0.800291 27.9885 139.155 -13 1992 1 0 1
64.3035 -13.1284 10700 -0.482838 1.17965 27.971 139.634 -13 1993 1 0 1
35.3258 -1.26969 10700 -0.251209 0.106772 27.9987 139.416 -13 1994 1 0 1
88.4869 -10.077 10700 -0.641998 1.0759 27.972 139.761 -13 1995 1 0 1
3.89308 19.4195 10700 -0.0842258 -1.31077 27.9692 139.316 -13 1996 1 0 1
-43.0002 9.45372 10700 0.208484 -0.646199 27.9918 139.012 -13 1997 1 0 1
-9.13578 -7.71827 10700 -0.00703917 0.498989 27.9956 139.176 -13 1998 1 0 1
-0.345073 -9.07385 10700 -0.0488567 0.554727 27.9945 139.236 -13 1999 1 0 1
-32.9202 8.49889 10700 0.149475 -0.468533 27.9957 139.063 -13 2000 1 0 1
13.4241 0.536877 10700 -0.115916 -0.0998084 27.9996 139.308 -13 2001 1 0 1
-4.80751 -4.58081 10700 -0.0283799 0.27562 27.9986 139.197 -13 2002 1 0 1
-27.6318 6.1514 10700 0.12078 -0.444991 27.9962 139.092 -13 2003 1 0 1
15.4669 -5.43134 10700 -0.144542 0.372498 27.9971 139.306 -13 2004 1 0 1
7.84429 -4.44503 10700 -0.101471 0.31704 27.998 139.264 -13 2005 1 0 1
65.3614 -8.86824 10700 -0.453533 0.791453 27.9851 139.613 -13 2006 1 0 1
-49.7476 3.19617 10700 0.252701 -0.295652 27.9973 138.971 -13 2007 1 0 1
-58.5156 8.466 10700 0.31045 -0.480514 27.9942 138.926 -13 2008 1 0 1
-17.1291 10.3251 10700 0.0530122 -0.466587 27.9961 139.15 -13 2009 1 0 1
-14.9873 -2.4587 10700 0.0313144 0.177139 27.9994 139.142 -13 2010 1 0 1
77.2212 -10.3784 10700 -0.558256 0.903395 27.9799 139.678 -13 2011 1 0 1
48.2248 -8.04058 10700 -0.337801 0.536922 27.9928 139.5 -13 2012 1 0 1
10.5864 1.29884 10700 -0.123101 -0.0692891 27.9996 139.268 -13 2013 1 0 1
-20.086 6.55593 10700 0.0741917 -0.454602 27.9962 139.131 -13 2014 1 0 1
18.4775 -16.0773 10700 -0.167534 1.13948 27.9763 139.38 -13 2015 1 0 1
4.80964 -7.87046 10700 -0.0805068 0.485364 27.9957 139.257 -13 2016 1 0 1
11.7903 -4.27065 10700 -0.121019 0.253613 27.9986 139.287 -13 2017 1 0 1
-3.31493 1.63725 10700 -0.0304898 -0.0233287 28 139.208 -13 2018 1 0 1
-7.02736 14.0685 10700 -0.0168227 -0.961671 27.9835 139.215 -13 2019 1 0 1
36.1518 2.85386 10700 -0.266872 -0.15362 27.9983 139.411 -13 2020 1 0 1
4.45491 -0.18459 10700 -0.0731808 -0.0414247 27.9999 139.251 -13 2021 1 0 1
-24.8103 -2.57884 10700 0.0970948 0.142792 27.9995 139.097 -13 2022 1 0 1
34.9451 -18.7908 10700 -0.309237 1.45524 27.9604 139.491 -13 2023 1 0 1
10.6408 -11.7715 10700 -0.111206 0.796082 27.9885 139.311 -13 2024 1 0 1
-0.138194 -0.360186 10700 -0.0457203 0.00147159 28 139.227 -13 2025 1 0 1
3.01065 5.33095 10700 -0.0602331 -0.324167 27.9981 139.253 -13 2026 1 0 1
16.4988 -3.66246 10700 -0.135629 0.320692 27.9978 139.324 -13 2027 1 0 1
12.5603 2.58748 10700 -0.121809 -0.179579 27.9992 139.293 -13 2028 1 0 1
-54.7782 12.8342 10700 0.307792 -0.974874 27.9813 138.971 -13 2029 1 0 1
-3.82008 -7.32184 10700 -0.0339734 0.454257 27.9963 139.206 -13 2030 1 0 1
-31.6891 6.51086 10700 0.139084 -0.426787 27.9964 139.064 -13 2031 1 0 1
12.3982 12.7419 10700 -0.131924 -0.823805 27.9876 139.315 -13 2032 1 0 1
28.9284 -2.45 10700 -0.197264 0.160204 27.9988 139.4 -13 2033 1 0 1
-0.204131 -7.11435 10700 -0.0471096 0.454267 27.9963 139.233 -13 2034 1 0 1
-8.43658 -1.55432 10700 0.0130318 0.135412 27.9997 139.196 -13 2035 1 0 1
7.36727 16.6608 10700 -0.118924 -1.12067 27.9773 139.296 -13 2036 1 0 1
-10.5221 8.45218 10700 0.00492341 -0.599413 27.9936 139.177 -13 2037 1 0 1
-36.7884 14.799 10700 0.185766 -1.02473 27.9806 139.07 -13 2038 1 0 1
67.8695 -2.40517 10700 -0.457067 0.193854 27.9956 139.597 -13 2039 1 0 1
12.2719 -10.0449 10700 -0.119364 0.577849 27.9938 139.31 -13 2040 1 0 1
22.873 0.308014 10700 -0.182443 0.02188 27.9994 139.344 -13 2041 1 0 1
-6.31769 4.02666 10700 -0.00826249 -0.243071 27.9989 139.2 -13 2042 1 0 1
22.9501 14.5234 10700 -0.194753 -0.985726 27.982 139.39 -13 2043 1 0 1
-20.9954 9.61082 10700 0.084567 -0.544356 27.9946 139.137 -13 2044 1 0 1
39.4017 -11.5119 10700 -0.288097 0.73136 27.989 139.467 -13 2045 1 0 1
17.8853 2.04926 10700 -0.152583 -0.0480184 27.9995 139.319 -13 2046 1 0 1
4.93722 -9.48043 10700 -0.0782757 0.586869 27.9937 139.269 -13 2047 1 0 1
23.7343 -3.7285 10700 -0.183638 0.294073 27.9979 139.357 -13 2048 1 0 1
-22.2946 -4.60734 10700 0.0814635 0.251796 27.9987 139.112 -13 2049 1 0 1
34.2174 -8.37989 10700 -0.252302 0.524665 27.9939 139.42 -13 2050 1 0 1
14.5641 8.85685 10700 -0.141159 -0.537796 27.9945 139.309 -13 2051 1 0 1
-60.1557 -3.25213 10700 0.313919 0.274351 27.9969 138.911 -13 2052 1 0 1
-59.7489 -3.35045 10700 0.315614 0.340082 27.9962 138.917 -13 2053 1 0 1
9.73462 -0.704516 10700 -0.100304 0.0648847 27.9997 139.282 -13 2054 1 0 1
36.9704 -9.6444 10700 -0.268325 0.699127 27.99 139.449 -13 2055 1 0 1
17.8171 -7.46262 10700 -0.153944 0.551636 27.9941 139.333 -13 2056 1 0 1
-41.6491 16.8192 10700 0.221722 -1.14775 27.9756 139.051 -13 2057 1 0 1
-37.0624 9.06824 10700 0.175754 -0.564039 27.9938 139.045 -13 2058 1 0 1
62.2203 -1.5516 10700 -0.413386 -0.0115003 27.9969 139.571 -13 2059 1 0 1
87.4813 2.82532 10700 -0.586446 -0.102697 27.9937 139.702 -13 2060 1 0 1
4.39031 4.21946 10700 -0.0735482 -0.18568 27.9993 139.253 -13 2061 1 0 1
-10.6817 8.00624 10700 0.0115759 -0.553222 27.9945 139.18 -13 2062 1 0 1
5.95058 3.33264 10700 -0.0820944 -0.216088 27.999 139.261 -13 2063 1 0 1
43.2452 -10.8758 10700 -0.327744 0.808865 27.9864 139.475 -13 2064 1 0 1
-17.0906 5.74151 10700 0.0506011 -0.38231 27.9973 139.14 -13 2065 1 0 1
-48.1388 19.5442 10700 0.294891 -1.4969 27.9584 139.045 -13 2066 1 0 1
5.91731 7.25408 10700 -0.086593 -0.462435 27.996 139.262 -13 2067 1 0 1
31.5148 -11.1988 10700 -0.232483 0.734987 27.9894 139.426 -13 2068 1 0 1
1.16407 17.3676 10700 -0.0546152 -1.13768 27.9768 139.292 -13 2069 1 0 1
53.5607 -7.64701 10700 -0.380451 0.573134 27.9915 139.525 -13 2070 1 0 1
10.2978 7.12541 10700 -0.109067 -0.49883 27.9953 139.291 -13 2071 1 0 1
11.9606 6.55412 10700 -0.114162 -0.453763 27.9961 139.301 -13 2072 1 0 1
0.505276 2.47653 10700 -0.0493411 -0.0185046 28 139.232 -13 2073 1 0 1
12.014 -4.0375 10700 -0.124474 0.312628 27.998 139.286 -13 2074 1 0 1
-23.1124 -2.17102 10700 0.0789795 0.0577112 27.9998 139.097 -13 2075 1 0 1
-16.8689 -1.691 10700 0.0503416 0.159092 27.9995 139.139 -13 2076 1 0 1
45.8659 -5.20762 10700 -0.32823 0.277971 27.9967 139.469 -13 2077 1 0 1
-7.69322 -2.07749 10700 0.000338188 0.119727 27.9997 139.191 -13 2078 1 0 1
11.0351 -15.0828 10700 -0.117012 1.02508 27.981 139.331 -13 2079 1 0 1
-20.2107 5.80704 10700 0.0716029 -0.350502 27.9977 139.126 -13 2080 1 0 1
-15.7524 8.45026 10700 0.0457981 -0.541544 27.9947 139.157 -13 2081 1 0 1
23.4638 10.9319 10700 -0.205444 -0.606139 27.9927 139.353 -13 2082 1 0 1
29.5907 5.45064 10700 -0.215021 -0.419779 27.996 139.396 -13 2083 1 0 1
53.0166 -0.839656 10700 -0.357243 0.0305916 27.9977 139.516 -13 2084 1 0 1
68.0244 -16.0581 10700 -0.54592 1.58577 27.9497 139.708 -13 2085 1 0 1
-28.6923 17.1212 10700 0.129697 -1.14833 27.9761 139.117 -13 2086 1 0 1
-19.8595 -0.288 10700 0.0749448 0.0444607 27.9999 139.13 -13 2087 1 0 1
12.4259 4.0027 10700 -0.11531 -0.171416 27.9992 139.299 -13 2088 1 0 1
20.5177 -8.22376 10700 -0.168503 0.53845 27.9943 139.348 -13 2089 1 0 1
19.6864 12.3792 10700 -0.174214 -0.83602 27.987 139.356 -13 2090 1 0 1
43.769 4.46748 10700 -0.302672 -0.270136 27.9971 139.468 -13 2091 1 0 1
6.78802 9.24719 10700 -0.0929092 -0.591477 27.9936 139.275 -13 2092 1 0 1
36.4963 -3.92127 10700 -0.254297 0.415265 27.9958 139.434 -13 2093 1 0 1
-29.0467 -0.690796 10700 0.120248 0.0732408 27.9996 139.072 -13 2094 1 0 1
50.3392 -9.43155 10700 -0.364479 0.681349 27.9893 139.514 -13 2095 1 0 1
-5.0211 3.01624 10700 -0.0167998 -0.245704 27.9989 139.205 -13 2096 1 0 1
42.9692 -3.06996 10700 -0.308954 0.279729 27.9969 139.45 -13 2097 1 0 1
18.3269 -5.88756 10700 -0.152384 0.409978 27.9966 139.331 -13 2098 1 0 1
-6.41277 -20.2465 10700 -0.00895668 1.46512 27.9616 139.272 -13 2099 1 0 1
3.01464 -9.34702 10700 -0.0702579 0.594248 27.9936 139.255 -13 2100 1 0 1
-18.1175 15.5329 10700 0.0602651 -1.01566 27.9815 139.167 -13 2101 1 0 1
44.9039 -11.0767 10700 -0.33018 0.764329 27.9876 139.491 -13 2102 1 0 1
1.05184 -18.549 10700 -0.067211 1.2386 27.9725 139.29 -13 2103 1 0 1
19.323 -1.63097 10700 -0.159677 0.147845 27.9992 139.328 -13 2104 1 0 1
53.1641 -12.7985 10700 -0.408446 1.05793 27.977 139.549 -13 2105 1 0 1
25.0346 -13.662 10700 -0.210109 0.984891 27.9819 139.396 -13 2106 1 0 1
-9.5359 11.572 10700 0.00507056 -0.700602 27.9912 139.195 -13 2107 1 0 1
31.0724 -4.40039 10700 -0.236189 0.443582 27.9955 139.392 -13 2108 1 0 1
9.25325 3.45022 10700 -0.102804 -0.252635 27.9987 139.277 -13 2109 1 0 1
17.1964 -24.2492 10700 -0.192616 1.79763 27.9416 139.452 -13 2110 1 0 1
25.8221 5.37364 10700 -0.187275 -0.256687 27.9982 139.38 -13 2111 1 0 1
-0.106334 -3.76662 10700 -0.0403665 0.207398 27.9992 139.236 -13 2112 1 0 1
-3.16746 1.31422 10700 -0.0322278 -0.00365695 28 139.208 -13 2113 1 0 1
-12.1543 9.05873 10700 0.0243599 -0.579896 27.994 139.179 -13 2114 1 0 1
17.7906 -1.22774 10700 -0.149569 0.0969794 27.9994 139.321 -13 2115 1 0 1
-58.5686 10.2412 10700 0.32005 -0.748256 27.9882 138.936 -13 2116 1 0 1
7.60349 -5.61944 10700 -0.103012 0.488615 27.9955 139.265 -13 2117 1 0 1
-14.0758 -0.688988 10700 0.0244406 0.0773041 27.9999 139.144 -13 2118 1 0 1
34.5766 -5.02067 10700 -0.245483 0.324274 27.997 139.421 -13 2119 1 0 1
-21.3162 6.36749 10700 0.0879503 -0.41448 27.9968 139.131 -13 2120 1 0 1
34.0826 -10.7803 10700 -0.258458 0.700486 27.99 139.429 -13 2121 1 0 1
59.2023 -7.66848 10700 -0.411408 0.625726 27.99 139.566 -13 2122 1 0 1
3.12799 1.64352 10700 -0.0759945 -0.0107514 27.9999 139.233 -13 2123 1 0 1
-5.45264 4.4628 10700 -0.0151469 -0.315336 27.9982 139.203 -13 2124 1 0 1
-29.8769 -8.33985 10700 0.141196 0.526713 27.9947 139.089 -13 2125 1 0 1
-11.8745 5.83358 10700 0.0158369 -0.336134 27.998 139.164 -13 2126 1 0 1
44.0368 -5.68507 10700 -0.306775 0.438014 27.9949 139.472 -13 2127 1 0 1
19.7476 7.44615 10700 -0.173862 -0.545977 27.9941 139.334 -13 2128 1 0 1
6.59375 2.69401 10700 -0.0932451 -0.0796044 27.9997 139.254 -13 2129 1 0 1
25.3462 2.06317 10700 -0.189595 -0.191568 27.9987 139.367 -13 2130 1 0 1
-12.4345 7.10812 10700 0.0228777 -0.352523 27.9978 139.167 -13 2131 1 0 1
4.16094 9.52017 10700 -0.0920318 -0.631926 27.9927 139.247 -13 2132 1 0 1
-66.5387 -4.24337 10700 0.36952 0.249237 27.9965 138.888 -13 2133 1 0 1
-16.3026 6.01414 10700 0.0525959 -0.355811 27.9977 139.151 -13 2134 1 0 1
33.1008 7.07891 10700 -0.249618 -0.496198 27.9945 139.406 -13 2135 1 0 1
49.2399 -19.4247 10700 -0.421843 1.54747 27.954 139.592 -13 2136 1 0 1
15.9801 10.7915 10700 -0.155517 -0.719584 27.9903 139.322 -13 2137 1 0 1
-19.7668 14.1694 10700 0.0734893 -0.904466 27.9853 139.156 -13 2138 1 0 1
-7.78561 -5.86859 10700 -0.00173287 0.362752 27.9977 139.191 -13 2139 1 0 1
8.7705 -7.0118 10700 -0.0995658 0.354801 27.9976 139.28 -13 2140 1 0 1
-3.65288 -4.28554 10700 -0.0356969 0.197944 27.9993 139.202 -13 2141 1 0 1
-48.0925 3.18092 10700 0.253217 -0.149275 27.9985 138.99 -13 2142 1 0 1
25.186 -5.74854 10700 -0.196178 0.436296 27.9959 139.365 -13 2143 1 0 1
-18.4831 3.60815 10700 0.0618969 -0.196022 27.9992 139.134 -13 2144 1 0 1
-19.0729 -6.24588 10700 0.0636094 0.358513 27.9976 139.131 -13 2145 1 0 1
-14.4754 8.12294 10700 0.0393949 -0.428518 27.9967 139.161 -13 2146 1 0 1
-0.329421 -18.2647 10700 -0.0483358 1.1417 27.9767 139.282 -13 2147 1 0 1
-2.06459 -6.18163 10700 -0.0266314 0.533461 27.9949 139.237 -13 2148 1 0 1
35.2427 -10.0837 10700 -0.24703 0.696187 27.9903 139.451 -13 2149 1 0 1
47.1686 -1.81612 10700 -0.331191 0.146522 27.9977 139.474 -13 2150 1 0 1
-46.5254 3.44152 10700 0.235009 -0.243 27.998 138.99 -13 2151 1 0 1
11.237 -5.23431 10700 -0.117043 0.288871 27.9983 139.287 -13 2152 1 0 1
46.0635 -3.78333 10700 -0.315465 0.357447 27.9959 139.482 -13 2153 1 0 1
35.8676 7.37258 10700 -0.259536 -0.457879 27.9951 139.428 -13 2154 1 0 1
-15.1049 3.20111 10700 0.0371401 -0.253591 27.9988 139.147 -13 2155 1 0 1
25.1861 -3.48296 10700 -0.194782 0.281877 27.9979 139.362 -13 2156 1 0 1
19.4648 -10.0826 10700 -0.160924 0.547219 27.9942 139.348 -13 2157 1 0 1
-18.8309 1.02221 10700 0.0533883 -0.141012 27.9996 139.12 -13 2158 1 0 1
13.5631 -3.74926 10700 -0.120929 0.233265 27.9988 139.306 -13 2159 1 0 1
11.7601 -7.26131 10700 -0.112519 0.454402 27.9961 139.301 -13 2160 1 0 1
51.2125 -8.83111 10700 -0.363839 0.593471 27.9913 139.517 -13 2161 1 0 1
69.0026 -15.1783 10700 -0.558386 1.59761 27.9488 139.706 -13 2162 1 0 1
45.8725 -1.45819 10700 -0.322291 0.131508 27.9978 139.467 -13 2163 1 0 1
13.8621 -4.15449 10700 -0.132683 0.24923 27.9986 139.298 -13 2164 1 0 1
63.1431 -14.8291 10700 -0.475275 1.09642 27.9745 139.629 -13 2165 1 0 1
-3.28281 9.36855 10700 -0.0237028 -0.751421 27.9899 139.235 -13 2166 1 0 1
36.5781 12.6664 10700 -0.28877 -0.885499 27.9845 139.445 -13 2167 1 0 1
46.4955 -12.5101 10700 -0.343206 0.852338 27.9849 139.509 -13 2168 1 0 1
11.5883 -3.01552 10700 -0.118945 0.275187 27.9984 139.286 -13 2169 1 0 1
-33.0327 8.68884 10700 0.152439 -0.609439 27.993 139.069 -13 2170 1 0 1
51.7079 1.83515 10700 -0.356815 -0.0444199 27.9977 139.501 -13 2171 1 0 1
-19.9377 3.93661 10700 0.0690008 -0.0835482 27.9998 139.124 -13 2172 1 0 1
-41.1457 20.439 10700 0.25062 -1.48265 27.9596 139.093 -13 2173 1 0 1
-20.4369 -0.114978 10700 0.0729484 -0.00769595 27.9999 139.121 -13 2174 1 0 1
20.1571 6.02254 10700 -0.16789 -0.430096 27.9962 139.337 -13 2175 1 0 1
-53.9647 -7.9786 10700 0.28163 0.437481 27.9952 138.951 -13 2176 1 0 1
-6.95737 -0.333789 10700 -0.00894917 -0.0173072 28 139.189 -13 2177 1 0 1
54.1648 -3.48265 10700 -0.360239 0.228016 27.9968 139.532 -13 2178 1 0 1
24.7786 8.18892 10700 -0.206856 -0.553045 27.9938 139.359 -13 2179 1 0 1
57.8865 12.1556 10700 -0.420179 -0.898564 27.9824 139.578 -13 2180 1 0 1
38.5137 -1.84105 10700 -0.2656 0.129927 27.9984 139.44 -13 2181 1 0 1
11.1018 -5.02936 10700 -0.106068 0.26157 27.9986 139.296 -13 2182 1 0 1
-17.4824 -5.60442 10700 0.0522503 0.291595 27.9984 139.138 -13 2183 1 0 1
36.6532 -1.00774 10700 -0.27227 0.0189582 27.9987 139.409 -13 2184 1 0 1
39.2041 1.89108 10700 -0.2729 -0.0158454 27.9987 139.439 -13 2185 1 0 1
59.2083 8.88717 10700 -0.42123 -0.644034 27.9894 139.561 -13 2186 1 0 1
-7.07137 11.6861 10700 -0.00531813 -0.797523 27.9886 139.216 -13 2187 1 0 1
58.7168 -11.5351 10700 -0.427612 0.888342 27.9826 139.577 -13 2188 1 0 1
23.852 -3.20552 10700 -0.187856 0.263383 27.9981 139.353 -13 2189 1 0 1
-31.5402 6.00778 10700 0.13365 -0.397154 27.9969 139.06 -13 2190 1 0 1
-57.516 6.52749 10700 0.306276 -0.53305 27.9933 138.935 -13 2191 1 0 1
1.67472 -1.34598 10700 -0.0584223 0.168248 27.9994 139.236 -13 2192 1 0 1
33.8485 7.26802 10700 -0.244962 -0.496421 27.9945 139.421 -13 2193 1 0 1
28.5757 -1.94248 10700 -0.211508 0.0126578 27.9992 139.38 -13 2194 1 0 1
-29.8526 1.58902 10700 0.118722 -0.211729 27.9989 139.062 -13 2195 1 0 1
6.81195 16.6281 10700 -0.10134 -1.13588 27.9768 139.309 -13 2196 1 0 1
10.1687 -11.0183 10700 -0.112014 0.663204 27.9919 139.3 -13 2197 1 0 1
-34.5192 10.7458 10700 0.172139 -0.787523 27.9884 139.074 -13 2198 1 0 1
47.6789 8.08831 10700 -0.342474 -0.633719 27.9907 139.496 -13 2199 1 0 1
-3.98737 -0.39679 10700 -0.0280224 0.0938802 27.9998 139.203 -13 2200 1 0 1
46.8841 -14.3418 10700 -0.357945 1.06845 27.9773 139.526 -13 2201 1 0 1
-59.6735 13.4203 10700 0.3456 -0.945078 27.9819 138.949 -13 2202 1 0 1
39.4874 -2.95576 10700 -0.281663 0.244833 27.9975 139.437 -13 2203 1 0 1
19.6854 3.558 10700 -0.16523 -0.19857 27.9988 139.329 -13 2204 1 0 1
-6.54592 1.74846 10700 -0.00623624 -0.129779 27.9997 139.197 -13 2205 1 0 1
-17.1645 5.59536 10700 0.0450407 -0.345359 27.9978 139.133 -13 2206 1 0 1
-23.5483 10.7978 10700 0.0966627 -0.595345 27.9935 139.123 -13 2207 1 0 1
13.4401 -11.3869 10700 -0.129999 0.727127 27.9903 139.321 -13 2208 1 0 1
17.3706 7.63804 10700 -0.148888 -0.400855 27.9967 139.327 -13 2209 1 0 1
-39.9655 0.78396 10700 0.193232 -0.0756325 27.9992 139.022 -13 2210 1 0 1
-27.1844 -9.49912 10700 0.115248 0.556007 27.9942 139.096 -13 2211 1 0 1
62.0816 -20.7526 10700 -0.600946 2.07725 27.9164 139.745 -13 2212 1 0 1
34.9283 -5.741 10700 -0.250429 0.317276 27.9971 139.421 -13 2213 1 0 1
21.3067 2.64678 10700 -0.182881 -0.184082 27.9988 139.328 -13 2214 1 0 1
33.0865 2.94786 10700 -0.245648 -0.220015 27.9981 139.398 -13 2215 1 0 1
16.0419 7.87501 10700 -0.155373 -0.517035 27.9948 139.309 -13 2216 1 0 1
-3.86399 9.09282 10700 -0.0285388 -0.531006 27.9949 139.216 -13 2217 1 0 1
29.8855 -17.1962 10700 -0.250868 1.14493 27.9755 139.441 -13 2218 1 0 1
78.8889 -6.12324 10700 -0.536 0.533271 27.9898 139.672 -13 2219 1 0 1
-38.4486 23.1397 10700 0.267197 -1.98047 27.9286 139.155 -13 2220 1 0 1
-0.161176 6.90959 10700 -0.0615763 -0.479273 27.9958 139.22 -13 2221 1 0 1
70.6555 -3.20542 10700 -0.475556 0.295942 27.9944 139.615 -13 2222 1 0 1
-26.948 12.8852 10700 0.113692 -0.822792 27.9877 139.107 -13 2223 1 0 1
1.5557 -2.16455 10700 -0.0584738 0.0345453 27.9999 139.233 -13 2224 1 0 1
25.1664 5.96583 10700 -0.19354 -0.372068 27.9969 139.366 -13 2225 1 0 1
6.0536 7.18346 10700 -0.089124 -0.412779 27.9968 139.26 -13 2226 1 0 1
57.581 -16.2597 10700 -0.46169 1.4172 27.9603 139.622 -13 2227 1 0 1
-37.905 1.28209 10700 0.185253 -0.0681325 27.9993 139.037 -13 2228 1 0 1
-34.7563 24.5669 10700 0.212518 -1.86894 27.9367 139.153 -13 2229 1 0 1
5.80768 7.94194 10700 -0.0982466 -0.597059 27.9935 139.256 -13 2230 1 0 1
-2.89987 -0.267288 10700 -0.0310859 0.0279829 28 139.212 -13 2231 1 0 1
2.6422 10.1764 10700 -0.0625939 -0.706409 27.991 139.263 -13 2232 1 0 1
-11.9744 2.46443 10700 0.0131128 -0.0755096 27.9999 139.156 -13 2233 1 0 1
74.7224 -15.3898 10700 -0.584318 1.36747 27.9605 139.724 -13 2234 1 0 1
-24.1858 -1.07155 10700 0.0992404 0.106939 27.9996 139.106 -13 2235 1 0 1
51.1636 -8.01301 10700 -0.359113 0.521913 27.9928 139.514 -13 2236 1 0 1
-2.08503 2.61035 10700 -0.0358289 -0.135391 27.9996 139.217 -13 2237 1 0 1
33.6451 -6.14881 10700 -0.246844 0.342526 27.9968 139.411 -13 2238 1 0 1
24.6839 -5.78314 10700 -0.189796 0.414918 27.9963 139.365 -13 2239 1 0 1
66.8595 -9.35205 10700 -0.475382 0.863192 27.9827 139.619 -13 2240 1 0 1
26.13 -1.27001 10700 -0.199547 0.0390317 27.9993 139.363 -13 2241 1 0 1
-10.8232 0.902836 10700 0.0145474 -0.120068 27.9997 139.17 -13 2242 1 0 1
8.9087 -12.8176 10700 -0.102956 0.741879 27.99 139.301 -13 2243 1 0 1
30.963 -6.44875 10700 -0.23602 0.426163 27.9958 139.391 -13 2244 1 0 1
-35.3152 -1.2346 10700 0.15972 0.0566616 27.9995 139.041 -13 2245 1 0 1
60.3492 -3.74146 10700 -0.414761 0.29944 27.9953 139.552 -13 2246 1 0 1
-21.3641 4.12977 10700 0.0734279 -0.382658 27.9973 139.114 -13 2247 1 0 1
-4.97509 13.6748 10700 -0.0236784 -0.840125 27.9874 139.227 -13 2248 1 0 1
-15.0692 -2.54587 10700 0.0378677 0.178158 27.9994 139.147 -13 2249 1 0 1
8.11358 4.5673 10700 -0.100296 -0.347512 27.9977 139.267 -13 2250 1 0 1
18.3575 -0.534292 10700 -0.151772 0.0690054 27.9995 139.325 -13 2251 1 0 1
14.4262 -12.2371 10700 -0.143062 0.857402 27.9865 139.327 -13 2252 1 0 1
0.72036 -9.93509 10700 -0.0605464 0.693917 27.9913 139.242 -13 2253 1 0 1
-42.9056 23.172 10700 0.28176 -1.75162 27.9437 139.107 -13 2254 1 0 1
-51.7368 12.8122 10700 0.293977 -0.897265 27.9841 138.994 -13 2255 1 0 1
2.71147 2.49476 10700 -0.068241 -0.18969 27.9993 139.238 -13 2256 1 0 1
48.0442 -6.75369 10700 -0.334781 0.496564 27.9936 139.496 -13 2257 1 0 1
-18.64 -7.14882 10700 0.0661155 0.389552 27.9972 139.139 -13 2258 1 0 1
-29.6725 9.33038 10700 0.132687 -0.662642 27.9918 139.088 -13 2259 1 0 1
-0.998963 -11.2191 10700 -0.0428383 0.658105 27.9922 139.243 -13 2260 1 0 1
57.1269 -3.42778 10700 -0.38744 0.216113 27.9965 139.539 -13 2261 1 0 1
-29.4332 4.56198 10700 0.128424 -0.196665 27.999 139.078 -13 2262 1 0 1
-10.5549 8.16597 10700 0.012677 -0.435711 27.9966 139.179 -13 2263 1 0 1
6.58749 0.165878 10700 -0.0808807 -0.0313396 27.9999 139.266 -13 2264 1 0 1
26.8495 0.696056 10700 -0.201258 -0.0987284 27.9991 139.37 -13 2265 1 0 1
-38.4174 -0.597082 10700 0.177101 0.0803385 27.9993 139.024 -13 2266 1 0 1
-56.2901 6.33878 10700 0.290695 -0.438449 27.9951 138.932 -13 2267 1 0 1
3.13552 9.49683 10700 -0.0751791 -0.639537 27.9926 139.253 -13 2268 1 0 1
31.3887 -9.51156 10700 -0.248335 0.657258 27.9912 139.402 -13 2269 1 0 1
-23.7669 10.5342 10700 0.0983494 -0.783314 27.9889 139.125 -13 2270 1 0 1
-7.60687 11.9162 10700 -0.00637901 -0.710664 27.991 139.207 -13 2271 1 0 1
24.195 -0.644203 10700 -0.181641 -0.00864556 27.9994 139.36 -13 2272 1 0 1
-5.65374 -11.2637 10700 -0.0172363 0.741165 27.9902 139.217 -13 2273 1 0 1
19.1007 6.11477 10700 -0.163554 -0.317325 27.9977 139.329 -13 2274 1 0 1
-13.6451 3.39631 10700 0.0283059 -0.172444 27.9995 139.154 -13 2275 1 0 1
9.34498 -7.46526 10700 -0.111386 0.364568 27.9974 139.275 -13 2276 1 0 1
5.56824 -2.89952 10700 -0.0841117 0.146904 27.9995 139.253 -13 2277 1 0 1
-50.4069 -6.91841 10700 0.271132 0.399704 27.9958 138.98 -13 2278 1 0 1
3.24057 6.94068 10700 -0.0665099 -0.485281 27.9957 139.254 -13 2279 1 0 1
6.84214 5.1331 10700 -0.0865452 -0.333484 27.9979 139.268 -13 2280 1 0 1
18.7445 -2.41061 10700 -0.1602 0.120051 27.9993 139.322 -13 2281 1 0 1
-8.99834 -0.191887 10700 0.00429391 0.155665 27.9996 139.181 -13 2282 1 0 1
-2.12238 -1.39605 10700 -0.0320955 0.126346 27.9997 139.22 -13 2283 1 0 1
-45.6475 1.23735 10700 0.21224 -0.0510893 27.9991 138.978 -13 2284 1 0 1
12.9563 20.0277 10700 -0.152256 -1.34687 27.9672 139.365 -13 2285 1 0 1
22.8203 1.11493 10700 -0.177484 -0.0710281 27.9993 139.349 -13 2286 1 0 1
3.43563 0.426006 10700 -0.0676282 -0.0297631 27.9999 139.245 -13 2287 1 0 1
6.72742 -9.35075 10700 -0.0877879 0.597999 27.9935 139.28 -13 2288 1 0 1
31.6333 -17.5542 10700 -0.274921 1.31343 27.9678 139.461 -13 2289 1 0 1
12.7464 -0.210939 10700 -0.115419 -0.0428862 27.9997 139.3 -13 2290 1 0 1
-6.61561 -8.25249 10700 -0.0114492 0.587825 27.9938 139.205 -13 2291 1 0 1
42.6933 -11.1639 10700 -0.319752 0.767331 27.9877 139.475 -13 2292 1 0 1
16.3773 -0.868168 10700 -0.149941 -0.0515661 27.9996 139.305 -13 2293 1 0 1
5.1749 3.77477 10700 -0.0816774 -0.230489 27.9989 139.253 -13 2294 1 0 1
29.3039 -6.56359 10700 -0.230706 0.385987 27.9964 139.377 -13 2295 1 0 1
12.6512 -10.5259 10700 -0.129249 0.637827 27.9924 139.309 -13 2296 1 0 1
-16.7727 5.3177 10700 0.0406732 -0.2996 27.9984 139.134 -13 2297 1 0 1
-5.36524 -0.541199 10700 -0.0213949 -0.0103962 28 139.194 -13 2298 1 0 1
16.4355 -2.12632 10700 -0.147391 0.170878 27.9991 139.309 -13 2299 1 0 1
44.799 -11.1273 10700 -0.325912 0.714811 27.989 139.492 -13 2300 1 0 1
36.8799 -11.035 10700 -0.273028 0.810926 27.9869 139.453 -13 2301 1 0 1
-53.8208 13.9353 10700 0.31586 -1.02394 27.9795 138.991 -13 2302 1 0 1
-3.73076 -0.822388 10700 -0.0326114 0.0333664 28 139.201 -13 2303 1 0 1
38.7972 -16.391 10700 -0.317928 1.19615 27.9726 139.49 -13 2304 1 0 1
9.38086 0.175802 10700 -0.117706 -0.0835503 27.9996 139.26 -13 2305 1 0 1
21.6248 -7.65849 10700 -0.177285 0.553956 27.994 139.353 -13 2306 1 0 1
42.4243 -7.88791 10700 -0.304189 0.427049 27.9951 139.461 -13 2307 1 0 1
41.0886 -10.386 10700 -0.302962 0.684832 27.99 139.467 -13 2308 1 0 1
-36.5253 17.3774 10700 0.188085 -1.29177 27.9696 139.085 -13 2309 1 0 1
-40.6775 7.80961 10700 0.195929 -0.439296 27.9959 139.02 -13 2310 1 0 1
-14.8572 11.511 10700 0.0351541 -0.736093 27.9903 139.164 -13 2311 1 0 1
-20.2356 20.5211 10700 0.0851775 -1.40825 27.9644 139.194 -13 2312 1 0 1
0.323491 9.14706 10700 -0.0519231 -0.522672 27.9951 139.239 -13 2313 1 0 1
14.7825 5.73636 10700 -0.143136 -0.40591 27.9967 139.3 -13 2314 1 0 1
40.0847 -0.824872 10700 -0.280236 0.018043 27.9986 139.441 -13 2315 1 0 1
-12.8509 9.74932 10700 0.0145028 -0.531188 27.995 139.159 -13 2316 1 0 1
0.36432 -0.975797 10700 -0.0448818 0.0405013 27.9999 139.234 -13 2317 1 0 1
-6.67146 4.78571 10700 -0.0196144 -0.294199 27.9984 139.186 -13 2318 1 0 1
59.6108 3.07029 10700 -0.406988 -0.208594 27.9963 139.548 -13 2319 1 0 1
100.69 -5.85686 10700 -0.68174 0.63288 27.9845 139.805 -13 2320 1 0 1
34.7206 -6.78024 10700 -0.263202 0.577131 27.9928 139.416 -13 2321 1 0 1
-5.91715 -4.15491 10700 -0.0073732 0.201437 27.9993 139.205 -13 2322 1 0 1
-5.55574 8.97291 10700 -0.0157743 -0.525224 27.9951 139.21 -13 2323 1 0 1
-34.9024 16.1141 10700 0.171651 -1.10713 27.9776 139.081 -13 2324 1 0 1
-13.8947 -4.04694 10700 0.0288729 0.291477 27.9985 139.153 -13 2325 1 0 1
16.7704 12.8393 10700 -0.14917 -0.872245 27.986 139.352 -13 2326 1 0 1
51.6517 -1.02048 10700 -0.356422 0.0222441 27.9977 139.5 -13 2327 1 0 1
47.1491 -7.12202 10700 -0.335574 0.518461 27.9932 139.487 -13 2328 1 0 1
37.8703 1.05558 10700 -0.272815 -0.0762855 27.9986 139.423 -13 2329 1 0 1
60.1099 -5.54707 10700 -0.40803 0.352952 27.9948 139.562 -13 2330 1 0 1
-3.0068 0.199262 10700 -0.0322552 0.0237446 28 139.209 -13 2331 1 0 1
30.6144 -3.2865 10700 -0.230182 0.293877 27.9975 139.387 -13 2332 1 0 1
70.4052 -10.3751 10700 -0.499202 0.797046 27.9842 139.64 -13 2333 1 0 1
6.36296 1.88864 10700 -0.094715 -0.156807 27.9994 139.25 -13 2334 1 0 1
15.2076 -3.35939 10700 -0.146003 0.343346 27.9975 139.299 -13 2335 1 0 1
28.5445 6.95209 10700 -0.215735 -0.372722 27.9967 139.385 -13 2336 1 0 1
23.8372 -1.01815 10700 -0.192895 0.144168 27.999 139.345 -13 2337 1 0 1
-2.1311 15.4643 10700 -0.0391202 -0.922113 27.9848 139.254 -13 2338 1 0 1
52.3756 -4.60896 10700 -0.363609 0.340147 27.9956 139.51 -13 2339 1 0 1
-40.8895 13.3304 10700 0.22484 -1.0376 27.9799 139.059 -13 2340 1 0 1
-18.5639 0.668824 10700 0.0611616 -0.0680688 27.9999 139.13 -13 2341 1 0 1
71.9002 -14.3061 10700 -0.537093 1.16924 27.9704 139.688 -13 2342 1 0 1
16.3877 7.62144 10700 -0.152498 -0.49137 27.9953 139.314 -13 2343 1 0 1
39.0978 -17.994 10700 -0.329533 1.36992 27.9645 139.512 -13 2344 1 0 1
-38.3076 1.08578 10700 0.191692 -0.0144269 27.9993 139.039 -13 2345 1 0 1
-43.0946 2.25081 10700 0.213292 -0.236881 27.9982 139.008 -13 2346 1 0 1
20.5961 -6.10721 10700 -0.159347 0.417973 27.9964 139.35 -13 2347 1 0 1
6.65039 -0.895094 10700 -0.0854142 0.0918665 27.9997 139.263 -13 2348 1 0 1
19.7298 0.701821 10700 -0.164751 -0.0476095 27.9995 139.327 -13 2349 1 0 1
36.2108 -14.3942 10700 -0.287746 1.04592 27.979 139.461 -13 2350 1 0 1
12.5121 -6.55775 10700 -0.120895 0.276821 27.9984 139.299 -13 2351 1 0 1
33.9126 -15.9526 10700 -0.268795 1.01318 27.9804 139.458 -13 2352 1 0 1
-24.8586 4.69519 10700 0.103515 -0.268894 27.9985 139.105 -13 2353 1 0 1
7.9906 2.81049 10700 -0.0973518 -0.158414 27.9994 139.267 -13 2354 1 0 1
-30.5018 16.7829 10700 0.161481 -1.20798 27.9735 139.13 -13 2355 1 0 1
-54.1758 13.4079 10700 0.297996 -0.996028 27.9807 138.97 -13 2356 1 0 1
-54.9696 14.2912 10700 0.32174 -1.02605 27.9793 138.983 -13 2357 1 0 1
21.7386 -1.49125 10700 -0.173169 0.0895234 27.9993 139.341 -13 2358 1 0 1
77.9043 -17.2711 10700 -0.856349 2.62501 27.8635 139.925 -13 2359 1 0 1
52.2817 -17.198 10700 -0.414868 1.40439 27.9617 139.601 -13 2360 1 0 1
58.8846 -2.57527 10700 -0.395647 0.197798 27.9965 139.551 -13 2361 1 0 1
19.869 -7.50707 10700 -0.161699 0.601314 27.9931 139.35 -13 2362 1 0 1
-66.65 14.9896 10700 0.420094 -1.13174 27.974 138.93 -13 2363 1 0 1
59.4976 -15.6482 10700 -0.465828 1.18742 27.9709 139.607 -13 2364 1 0 1
8.50735 -5.28519 10700 -0.0857062 0.335785 27.9979 139.288 -13 2365 1 0 1
1.68726 -9.0971 10700 -0.0677945 0.666916 27.992 139.244 -13 2366 1 0 1
-19.8021 16.0272 10700 0.0709543 -1.0912 27.9786 139.161 -13 2367 1 0 1
39.708 9.36202 10700 -0.294717 -0.577134 27.9925 139.448 -13 2368 1 0 1
0.900293 2.03632 10700 -0.0592558 -0.190157 27.9993 139.227 -13 2369 1 0 1
-11.8126 4.99245 10700 0.018861 -0.268962 27.9987 139.167 -13 2370 1 0 1
43.5882 -0.982622 10700 -0.297657 0.112162 27.9982 139.466 -13 2371 1 0 1
13.8399 -7.97803 10700 -0.132587 0.492433 27.9954 139.306 -13 2372 1 0 1
-24.5839 6.92292 10700 0.0983332 -0.328658 27.9979 139.106 -13 2373 1 0 1
-40.1394 11.678 10700 0.196066 -0.831704 27.987 139.034 -13 2374 1 0 1
2.86453 7.45929 10700 -0.0692579 -0.475315 27.9959 139.246 -13 2375 1 0 1
-28.296 8.99366 10700 0.11456 -0.493312 27.9954 139.081 -13 2376 1 0 1
16.9166 -7.7048 10700 -0.143885 0.513591 27.9949 139.331 -13 2377 1 0 1
22.4952 2.14917 10700 -0.18924 -0.0287621 27.9993 139.333 -13 2378 1 0 1
31.6319 -1.4076 10700 -0.241397 0.0913251 27.9988 139.383 -13 2379 1 0 1
14.333 -2.39085 10700 -0.131566 0.160695 27.9992 139.302 -13 2380 1 0 1
-23.3332 12.3499 10700 0.0915606 -0.706483 27.9909 139.126 -13 2381 1 0 1
-0.198543 -22.4346 10700 -0.0635601 1.62291 27.9529 139.321 -13 2382 1 0 1
23.9524 -5.82991 10700 -0.178209 0.357226 27.9972 139.368 -13 2383 1 0 1
-27.0135 0.611779 10700 0.109836 -0.0590512 27.9997 139.084 -13 2384 1 0 1
-9.27686 15.532 10700 0.00826433 -1.00444 27.982 139.22 -13 2385 1 0 1
21.1266 -3.86177 10700 -0.170615 0.168815 27.999 139.34 -13 2386 1 0 1
-22.5016 12.7647 10700 0.0994051 -0.711285 27.9908 139.144 -13 2387 1 0 1
-56.9568 11.5449 10700 0.321764 -0.837842 27.9856 138.957 -13 2388 1 0 1
14.1575 -2.56501 10700 -0.141687 0.159596 27.9992 139.29 -13 2389 1 0 1
19.1946 1.30175 10700 -0.154186 -0.100899 27.9994 139.333 -13 2390 1 0 1
14.8651 -24.9545 10700 -0.178014 1.83456 27.9393 139.443 -13 2391 1 0 1
4.10506 3.88835 10700 -0.072002 -0.145379 27.9995 139.25 -13 2392 1 0 1
-38.5078 0.421224 10700 0.186633 -0.101347 27.9992 139.032 -13 2393 1 0 1
-16.6015 9.16548 10700 0.0457616 -0.604009 27.9934 139.15 -13 2394 1 0 1
40.1375 -3.19785 10700 -0.285798 0.284985 27.9971 139.441 -13 2395 1 0 1
21.6567 2.2372 10700 -0.166313 -0.219111 27.9986 139.35 -13 2396 1 0 1
33.2341 -3.78918 10700 -0.24446 0.245115 27.9979 139.403 -13 2397 1 0 1
18.2827 6.75235 10700 -0.149392 -0.309759 27.9979 139.336 -13 2398 1 0 1
25.5438 -6.0176 10700 -0.190708 0.450185 27.9957 139.376 -13 2399 1 0 1
-2.66522 -10.0916 10700 -0.0406943 0.569895 27.9942 139.221 -13 2400 1 0 1
-2.64395 5.35139 10700 -0.0244424 -0.286924 27.9985 139.227 -13 2401 1 0 1
34.4875 -0.531499 10700 -0.247591 0.0167243 27.9989 139.409 -13 2402 1 0 1
51.5957 -1.66954 10700 -0.357228 0.134224 27.9974 139.5 -13 2403 1 0 1
53.8113 -1.41535 10700 -0.373479 0.089381 27.9974 139.51 -13 2404 1 0 1
27.4262 -0.412513 10700 -0.215107 -0.00645554 27.9992 139.362 -13 2405 1 0 1
-15.2559 -12.0808 10700 0.0546947 0.697488 27.9913 139.18 -13 2406 1 0 1
-18.7308 -11.8452 10700 0.0661891 0.687474 27.9915 139.151 -13 2407 1 0 1
9.87938 -5.25098 10700 -0.110688 0.362759 27.9974 139.277 -13 2408 1 0 1
53.0048 -4.35013 10700 -0.370619 0.339242 27.9955 139.51 -13 2409 1 0 1
-26.8804 -9.00244 10700 0.111973 0.537795 27.9946 139.096 -13 2410 1 0 1
60.8826 -14.7134 10700 -0.462291 1.27972 27.9669 139.633 -13 2411 1 0 1
21.3358 -1.97057 10700 -0.177649 0.162923 27.999 139.333 -13 2412 1 0 1
7.47119 -9.91325 10700 -0.0993365 0.679197 27.9916 139.279 -13 2413 1 0 1
-17.3189 14.9481 10700 0.0540353 -0.99366 27.9823 139.169 -13 2414 1 0 1
-37.9956 13.5399 10700 0.200639 -0.887478 27.9852 139.067 -13 2415 1 0 1
-28.6416 9.41752 10700 0.137572 -0.604533 27.9931 139.105 -13 2416 1 0 1
74.8887 -9.8209 10700 -0.539557 0.868675 27.9813 139.66 -13 2417 1 0 1
-44.2217 20.312 10700 0.280012 -1.60613 27.9525 139.083 -13 2418 1 0 1
52.7193 -11.5906 10700 -0.379246 0.794128 27.9862 139.543 -13 2419 1 0 1
-4.39437 14.4288 10700 -0.0253761 -0.943139 27.9841 139.238 -13 2420 1 0 1
-1.0971 2.47881 10700 -0.0468377 -0.194593 27.9993 139.217 -13 2421 1 0 1
-21.7022 5.11761 10700 0.0839108 -0.259682 27.9987 139.122 -13 2422 1 0 1
15.5382 -4.15311 10700 -0.143232 0.257952 27.9984 139.306 -13 2423 1 0 1
-50.6823 -1.9291 10700 0.263571 0.184021 27.9982 138.97 -13 2424 1 0 1
-39.5834 0.069556 10700 0.185476 -0.0584966 27.9993 139.019 -13 2425 1 0 1
37.5608 -2.58127 10700 -0.265846 0.0864008 27.9986 139.428 -13 2426 1 0 1
10.1928 5.59709 10700 -0.117717 -0.35494 27.9975 139.274 -13 2427 1 0 1
40.6549 4.81387 10700 -0.294038 -0.352302 27.9962 139.441 -13 2428 1 0 1
11.4771 -8.59519 10700 -0.118889 0.526533 27.9948 139.296 -13 2429 1 0 1
74.2714 -6.606 10700 -0.499989 0.528404 27.9905 139.652 -13 2430 1 0 1
-33.0845 18.9449 10700 0.166844 -1.38269 27.9653 139.11 -13 2431 1 0 1
-21.6165 -13.663 10700 0.0871538 0.886153 27.9858 139.145 -13 2432 1 0 1
-39.2935 9.20819 10700 0.179795 -0.653909 27.9918 139.025 -13 2433 1 0 1
20.2933 1.57995 10700 -0.16651 -0.0813182 27.9994 139.332 -13 2434 1 0 1
2.51826 -3.77629 10700 -0.0610663 0.151438 27.9995 139.244 -13 2435 1 0 1
47.0343 4.88381 10700 -0.334916 -0.284446 27.9966 139.475 -13 2436 1 0 1
-10.41 -0.27755 10700 0.0128282 -0.0104195 28 139.173 -13 2437 1 0 1
-57.5677 11.1198 10700 0.313895 -0.767779 27.9877 138.943 -13 2438 1 0 1
58.5244 9.13308 10700 -0.413432 -0.600796 27.9905 139.557 -13 2439 1 0 1
16.2871 -13.7392 10700 -0.15659 0.929471 27.9841 139.344 -13 2440 1 0 1
-0.736779 -17.4328 10700 -0.048334 1.13455 27.977 139.275 -13 2441 1 0 1
-17.3437 2.18757 10700 0.0478037 -0.130626 27.9997 139.131 -13 2442 1 0 1
-22.7639 -5.75501 10700 0.0905564 0.276029 27.9985 139.116 -13 2443 1 0 1
-42.2018 10.5872 10700 0.211503 -0.770032 27.9886 139.024 -13 2444 1 0 1
28.5762 5.93169 10700 -0.214332 -0.345954 27.997 139.385 -13 2445 1 0 1
36.4504 -0.332592 10700 -0.26075 0.0120508 27.9988 139.419 -13 2446 1 0 1
83.1669 -13.202 10700 -0.643032 1.35282 27.9599 139.76 -13 2447 1 0 1
10.9812 -4.15456 10700 -0.110859 0.155507 27.9993 139.288 -13 2448 1 0 1
75.0332 4.43935 10700 -0.504656 -0.366404 27.9931 139.643 -13 2449 1 0 1
28.901 -3.75413 10700 -0.218 0.168028 27.9986 139.379 -13 2450 1 0 1
40.4584 -12.8574 10700 -0.308681 1.06301 27.9781 139.488 -13 2451 1 0 1
2.97582 0.0861328 10700 -0.0718878 0.0927218 27.9998 139.236 -13 2452 1 0 1
26.7075 9.91359 10700 -0.21289 -0.679979 27.9909 139.385 -13 2453 1 0 1
5.12333 0.0851342 10700 -0.0816732 -0.0648127 27.9998 139.249 -13 2454 1 0 1
8.93955 -0.274916 10700 -0.102565 0.0143438 27.9998 139.27 -13 2455 1 0 1
-8.12315 14.6182 10700 -3.46603e-05 -1.01386 27.9816 139.223 -13 2456 1 0 1
40.7053 -7.04933 10700 -0.290041 0.46576 27.9946 139.453 -13 2457 1 0 1
13.2119 12.8291 10700 -0.13228 -0.854911 27.9866 139.326 -13 2458 1 0 1
37.7516 6.79638 10700 -0.26579 -0.528229 27.9938 139.448 -13 2459 1 0 1
-4.73369 1.34914 10700 -0.0173697 -0.0456387 28 139.206 -13 2460 1 0 1
41.2823 -2.982 10700 -0.29393 0.204441 27.9977 139.445 -13 2461 1 0 1
-22.6531 10.2849 10700 0.0869036 -0.616702 27.9931 139.124 -13 2462 1 0 1
61.6082 -13.8262 10700 -0.466882 1.20829 27.97 139.622 -13 2463 1 0 1
34.3226 -3.77419 10700 -0.248208 0.202944 27.9982 139.411 -13 2464 1 0 1
17.816 0.297157 10700 -0.149309 -0.0293352 27.9996 139.321 -13 2465 1 0 1
-24.5285 -1.98433 10700 0.086341 0.127892 27.9996 139.09 -13 2466 1 0 1
32.1719 3.25513 10700 -0.234544 -0.225536 27.9981 139.4 -13 2467 1 0 1
34.1027 -16.4351 10700 -0.287968 1.26648 27.9699 139.468 -13 2468 1 0 1
33.2628 -13.5764 10700 -0.26844 0.920194 27.9836 139.432 -13 2469 1 0 1
-0.379316 2.01762 10700 -0.050415 -0.119154 27.9997 139.221 -13 2470 1 0 1
-17.337 -9.25218 10700 0.0468009 0.61726 27.9932 139.144 -13 2471 1 0 1
-8.71565 6.56611 10700 -0.00653312 -0.408457 27.997 139.177 -13 2472 1 0 1
9.02417 9.20099 10700 -0.110096 -0.594898 27.9935 139.282 -13 2473 1 0 1
-32.3148 20.8287 10700 0.175606 -1.46384 27.9612 139.132 -13 2474 1 0 1
31.0047 3.3248 10700 -0.221593 -0.222144 27.9982 139.4 -13 2475 1 0 1
44.8803 -1.5246 10700 -0.315325 0.0839736 27.9981 139.462 -13 2476 1 0 1
7.05805 -1.13357 10700 -0.0934709 0.0262435 27.9998 139.258 -13 2477 1 0 1
60.3918 2.06826 10700 -0.410553 -0.214257 27.9962 139.553 -13 2478 1 0 1
26.1568 9.60403 10700 -0.206393 -0.468096 27.9953 139.375 -13 2479 1 0 1
-28.4137 4.06957 10700 0.116172 -0.319624 27.9979 139.077 -13 2480 1 0 1
25.5945 -7.78761 10700 -0.204811 0.435238 27.9959 139.365 -13 2481 1 0 1
22.1863 1.86659 10700 -0.19549 -0.0908628 27.9992 139.324 -13 2482 1 0 1
-60.6687 18.6719 10700 0.390438 -1.51199 27.9564 138.973 -13 2483 1 0 1
54.2319 5.17531 10700 -0.366002 -0.338901 27.9956 139.532 -13 2484 1 0 1
9.39988 -3.68274 10700 -0.103609 0.183754 27.9992 139.277 -13 2485 1 0 1
-17.93 -10.3546 10700 0.0501969 0.603622 27.9934 139.141 -13 2486 1 0 1
61.377 6.20477 10700 -0.422126 -0.41424 27.9938 139.564 -13 2487 1 0 1
-8.77486 13.84 10700 0.00630983 -1.02168 27.9814 139.221 -13 2488 1 0 1
56.1614 -16.9936 10700 -0.464803 1.46332 27.9579 139.613 -13 2489 1 0 1
13.4442 -1.1865 10700 -0.13027 0.0939409 27.9995 139.292 -13 2490 1 0 1
9.2055 -3.412 10700 -0.0998645 0.249514 27.9987 139.279 -13 2491 1 0 1
-3.61413 -5.83939 10700 -0.0319014 0.376077 27.9975 139.208 -13 2492 1 0 1
6.76182 11.0462 10700 -0.0922408 -0.675401 27.9917 139.282 -13 2493 1 0 1
28.3461 -2.16461 10700 -0.213463 0.156356 27.9987 139.376 -13 2494 1 0 1
17.3843 -9.25457 10700 -0.160715 0.650065 27.992 139.328 -13 2495 1 0 1
34.2233 -6.95808 10700 -0.254197 0.531485 27.9938 139.417 -13 2496 1 0 1
64.0758 -14.6141 10700 -0.491741 1.24294 27.9681 139.642 -13 2497 1 0 1
-0.194629 -1.16191 10700 -0.0514204 0.0600027 27.9999 139.221 -13 2498 1 0 1
-25.7175 15.7299 10700 0.127371 -1.09238 27.9784 139.147 -13 2499 1 0 1
-42.2236 10.3316 10700 0.207049 -0.771923 27.9886 139.019 -13 2500 1 0 1
-7.36125 6.48707 10700 -0.0159825 -0.291471 27.9985 139.184 -13 2501 1 0 1
13.0905 18.9968 10700 -0.158822 -1.413 27.9639 139.356 -13 2502 1 0 1
19.2334 -7.2584 10700 -0.170051 0.502655 27.995 139.329 -13 2503 1 0 1
-11.7521 6.95883 10700 0.0192684 -0.437726 27.9966 139.17 -13 2504 1 0 1
18.8825 3.37988 10700 -0.169451 -0.160336 27.999 139.315 -13 2505 1 0 1
38.5095 -4.75889 10700 -0.27088 0.384677 27.996 139.44 -13 2506 1 0 1
31.01 -10.6911 10700 -0.242851 0.779758 27.9881 139.411 -13 2507 1 0 1
-37.5751 5.19644 10700 0.171706 -0.447896 27.9959 139.031 -13 2508 1 0 1
33.2041 -24.1067 10700 -0.335507 2.01226 27.9256 139.572 -13 2509 1 0 1
-25.3311 13.4788 10700 0.107444 -0.782943 27.9888 139.12 -13 2510 1 0 1
57.531 -1.92889 10700 -0.3876 0.182018 27.9967 139.542 -13 2511 1 0 1
30.0919 -14.1165 10700 -0.246512 0.888676 27.9848 139.417 -13 2512 1 0 1
0.0732892 -11.2139 10700 -0.0431484 0.753301 27.9898 139.256 -13 2513 1 0 1
42.8371 -21.9984 10700 -0.4077 1.88409 27.9336 139.6 -13 2514 1 0 1
-30.8388 8.07384 10700 0.140668 -0.585197 27.9935 139.081 -13 2515 1 0 1
32.5945 1.67831 10700 -0.240462 -0.0185889 27.999 139.395 -13 2516 1 0 1
29.9373 2.2068 10700 -0.224658 -0.107339 27.9989 139.382 -13 2517 1 0 1
47.8125 -14.5376 10700 -0.365764 1.10681 27.9757 139.535 -13 2518 1 0 1
28.3685 1.63907 10700 -0.216111 -0.175548 27.9986 139.373 -13 2519 1 0 1
5.24495 8.70355 10700 -0.0785243 -0.46295 27.9961 139.266 -13 2520 1 0 1
-19.094 0.712533 10700 0.0564014 -0.0470525 27.9999 139.12 -13 2521 1 0 1
48.4274 -17.3505 10700 -0.39296 1.41853 27.9613 139.573 -13 2522 1 0 1
9.67459 -0.750486 10700 -0.101319 0.088181 27.9997 139.28 -13 2523 1 0 1
50.9126 -4.56858 10700 -0.349249 0.353154 27.9956 139.507 -13 2524 1 0 1
-15.4967 -0.291559 10700 0.0389142 0.0053341 28 139.142 -13 2525 1 0 1
-8.53966 8.18406 10700 -0.00320769 -0.570796 27.9942 139.19 -13 2526 1 0 1
-13.7966 9.30336 10700 0.0387466 -0.575743 27.9941 139.175 -13 2527 1 0 1
78.5451 1.06734 10700 -0.520695 -0.113448 27.9949 139.66 -13 2528 1 0 1
64.6292 -12.845 10700 -0.474787 0.980007 27.9788 139.622 -13 2529 1 0 1
2.91101 -3.47188 10700 -0.0684588 0.210128 27.9991 139.241 -13 2530 1 0 1
21.685 -11.4808 10700 -0.191692 0.689637 27.9908 139.354 -13 2531 1 0 1
-19.1335 16.8207 10700 0.0533063 -1.04241 27.9805 139.152 -13 2532 1 0 1
1.82828 1.9772 10700 -0.071077 -0.214556 27.9991 139.225 -13 2533 1 0 1
20.0999 6.17282 10700 -0.170047 -0.43048 27.9962 139.334 -13 2534 1 0 1
-46.1028 7.95805 10700 0.223389 -0.499624 27.9947 138.985 -13 2535 1 0 1
6.47757 1.12598 10700 -0.0958481 -0.0610569 27.9998 139.25 -13 2536 1 0 1
11.0952 7.01346 10700 -0.119507 -0.433557 27.9964 139.285 -13 2537 1 0 1
-9.82189 4.82994 10700 0.00649537 -0.270153 27.9987 139.177 -13 2538 1 0 1
-18.3766 -4.57752 10700 0.0595438 0.337056 27.9979 139.133 -13 2539 1 0 1
-5.87174 -1.50521 10700 -0.011035 0.0621963 27.9999 139.199 -13 2540 1 0 1
8.04609 6.92958 10700 -0.104781 -0.428597 27.9965 139.266 -13 2541 1 0 1
11.4886 5.77946 10700 -0.119284 -0.343666 27.9976 139.288 -13 2542 1 0 1
23.8546 -16.4319 10700 -0.208353 1.11067 27.9772 139.403 -13 2543 1 0 1
30.6604 19.3349 10700 -0.26398 -1.48919 27.9591 139.487 -13 2544 1 0 1
62.0503 -11.1305 10700 -0.445111 0.81289 27.9847 139.593 -13 2545 1 0 1
22.6409 2.98289 10700 -0.178715 -0.269474 27.9981 139.349 -13 2546 1 0 1
37.7546 -3.90249 10700 -0.273494 0.285437 27.9972 139.426 -13 2547 1 0 1
30.5917 -11.35 10700 -0.240513 0.94247 27.9831 139.422 -13 2548 1 0 1
69.8399 -10.4038 10700 -0.500726 0.836801 27.983 139.635 -13 2549 1 0 1
-28.88 12.6496 10700 0.12182 -0.817967 27.9878 139.092 -13 2550 1 0 1
-28.397 -0.344999 10700 0.129126 0.0405886 27.9997 139.088 -13 2551 1 0 1
10.5135 0.397814 10700 -0.102661 -0.0429191 27.9998 139.288 -13 2552 1 0 1
11.7511 0.0381253 10700 -0.107315 -0.0723926 27.9997 139.297 -13 2553 1 0 1
-5.46621 -5.92584 10700 -0.00883133 0.285803 27.9985 139.211 -13 2554 1 0 1
20.2073 8.27038 10700 -0.169693 -0.509421 27.9949 139.342 -13 2555 1 0 1
22.1759 7.78753 10700 -0.189649 -0.573829 27.9935 139.347 -13 2556 1 0 1
-33.7651 5.9491 10700 0.150245 -0.433019 27.9962 139.051 -13 2557 1 0 1
-47.2803 1.00103 10700 0.238947 0.0211034 27.999 138.985 -13 2558 1 0 1
17.4192 -0.0581597 10700 -0.145556 0.0150561 27.9996 139.321 -13 2559 1 0 1
-7.6508 0.483913 10700 -0.0147337 -0.0760705 27.9999 139.176 -13 2560 1 0 1
-3.77566 -18.4628 10700 -0.0356455 1.21051 27.9738 139.261 -13 2561 1 0 1
29.0606 -7.70639 10700 -0.221008 0.600215 27.9927 139.396 -13 2562 1 0 1
3.65374 19.0884 10700 -0.0763892 -1.34045 27.9678 139.322 -13 2563 1 0 1
16.4705 -0.190256 10700 -0.152488 0.0115926 27.9996 139.302 -13 2564 1 0 1
-82.6464 12.2234 10700 0.515079 -1.08068 27.9744 138.821 -13 2565 1 0 1
-13.8539 7.83265 10700 0.0187522 -0.517839 27.9952 139.149 -13 2566 1 0 1
22.8695 0.437914 10700 -0.181812 -0.0148525 27.9994 139.344 -13 2567 1 0 1
19.4261 -0.688794 10700 -0.163307 0.0583836 27.9995 139.325 -13 2568 1 0 1
42.3502 5.51105 10700 -0.305574 -0.455726 27.9946 139.454 -13 2569 1 0 1
45.8877 8.39206 10700 -0.32302 -0.66932 27.9901 139.497 -13 2570 1 0 1
6.95883 -11.8869 10700 -0.0884011 0.729439 27.9904 139.29 -13 2571 1 0 1
49.3185 2.78753 10700 -0.341424 -0.266618 27.9966 139.492 -13 2572 1 0 1
50.1397 -17.413 10700 -0.405121 1.49837 27.9569 139.593 -13 2573 1 0 1
-5.60337 3.18792 10700 -0.0163938 -0.141393 27.9996 139.198 -13 2574 1 0 1
8.62325 0.165886 10700 -0.104508 -0.0213944 27.9998 139.264 -13 2575 1 0 1
0.897116 0.287687 10700 -0.0604181 -0.162932 27.9995 139.225 -13 2576 1 0 1
41.0123 7.3295 10700 -0.271241 -0.448781 27.9951 139.478 -13 2577 1 0 1
-68.4336 10.7367 10700 0.390017 -0.717083 27.9881 138.887 -13 2578 1 0 1
24.7274 -8.94838 10700 -0.195403 0.536241 27.9942 139.37 -13 2579 1 0 1
3.60392 9.04476 10700 -0.0688563 -0.594292 27.9936 139.264 -13 2580 1 0 1
-5.23809 11.6161 10700 -0.0232553 -0.713307 27.9909 139.216 -13 2581 1 0 1
-13.3492 -15.7437 10700 0.0260502 1.00589 27.9819 139.19 -13 2582 1 0 1
47.7485 -11.6416 10700 -0.352825 0.802664 27.9863 139.508 -13 2583 1 0 1
14.0564 -0.78161 10700 -0.13197 0.116697 27.9994 139.298 -13 2584 1 0 1
37.6713 -8.14817 10700 -0.273007 0.58401 27.9926 139.444 -13 2585 1 0 1
-30.1447 9.6249 10700 0.130757 -0.676684 27.9915 139.081 -13 2586 1 0 1
-12.5786 6.35569 10700 0.029981 -0.372958 27.9975 139.171 -13 2587 1 0 1
-41.3573 1.51103 10700 0.204266 -0.0103731 27.9993 139.018 -13 2588 1 0 1
-2.95008 0.0375225 10700 -0.0291688 0.00891483 28 139.213 -13 2589 1 0 1
-72.5548 11.4382 10700 0.438249 -0.817706 27.9846 138.878 -13 2590 1 0 1
-24.4854 1.29995 10700 0.0917637 -0.102819 27.9997 139.095 -13 2591 1 0 1
27.8436 3.2537 10700 -0.205625 -0.203669 27.9985 139.38 -13 2592 1 0 1
-53.4759 26.2458 10700 0.457985 -2.4027 27.893 139.1 -13 2593 1 0 1
-22.3234 -4.19673 10700 0.0728624 0.250585 27.9988 139.103 -13 2594 1 0 1
-25.1067 13.9489 10700 0.108062 -0.811917 27.988 139.125 -13 2595 1 0 1
3.65135 -1.73874 10700 -0.0744972 0.0971441 27.9997 139.241 -13 2596 1 0 1
39.0401 -7.37967 10700 -0.274435 0.421793 27.9955 139.449 -13 2597 1 0 1
-28.6574 1.90349 10700 0.127524 -0.0664568 27.9996 139.084 -13 2598 1 0 1
9.015 7.66762 10700 -0.107761 -0.538617 27.9946 139.28 -13 2599 1 0 1
8.66095 -9.354 10700 -0.108465 0.637253 27.9925 139.282 -13 2600 1 0 1
-8.60329 4.65217 10700 0.0106857 -0.274797 27.9986 139.195 -13 2601 1 0 1
25.9648 1.33035 10700 -0.193011 -0.1329 27.999 139.37 -13 2602 1 0 1
-41.2109 -10.0318 10700 0.212149 0.706693 27.9903 139.034 -13 2603 1 0 1
-54.496 16.5588 10700 0.334602 -1.18703 27.9728 139.001 -13 2604 1 0 1
18.5178 -10.9592 10700 -0.168031 0.84407 27.9868 139.345 -13 2605 1 0 1
8.83915 -4.63406 10700 -0.0981491 0.246944 27.9987 139.278 -13 2606 1 0 1
52.2766 11.3826 10700 -0.382922 -0.859369 27.9842 139.537 -13 2607 1 0 1
-34.4542 14.7059 10700 0.174669 -1.04507 27.9799 139.087 -13 2608 1 0 1
-20.4982 3.65237 10700 0.0723937 -0.197433 27.9992 139.122 -13 2609 1 0 1
20.9401 3.35615 10700 -0.167794 -0.230755 27.9985 139.341 -13 2610 1 0 1
-41.6795 -3.07948 10700 0.207916 0.106812 27.999 139.017 -13 2611 1 0 1
22.3289 -19.0039 10700 -0.214277 1.3732 27.9655 139.417 -13 2612 1 0 1
-21.0381 -12.7671 10700 0.0853772 0.853073 27.9869 139.148 -13 2613 1 0 1
-11.0791 14.0515 10700 0.0272615 -0.911923 27.9851 139.212 -13 2614 1 0 1
35.549 -12.8354 10700 -0.258797 0.826177 27.9866 139.46 -13 2615 1 0 1
57.6931 0.0623727 10700 -0.400831 0.0145094 27.9971 139.527 -13 2616 1 0 1
-9.81621 3.19417 10700 0.00701897 -0.183362 27.9994 139.175 -13 2617 1 0 1
15.8114 -3.25948 10700 -0.133875 0.280084 27.9983 139.318 -13 2618 1 0 1
-2.23755 1.85882 10700 -0.0354896 -0.0791446 27.9999 139.215 -13 2619 1 0 1
-54.8405 1.0146 10700 0.290018 -0.0913 27.9983 138.947 -13 2620 1 0 1
12.7157 9.99072 10700 -0.12835 -0.58256 27.9936 139.306 -13 2621 1 0 1
-16.2871 -4.01105 10700 0.0460647 0.220932 27.9991 139.143 -13 2622 1 0 1
20.0775 3.75561 10700 -0.163486 -0.215293 27.9987 139.336 -13 2623 1 0 1
46.9347 1.26362 10700 -0.319067 -0.135203 27.9979 139.484 -13 2624 1 0 1
-4.54021 -20.4327 10700 -0.0218115 1.3365 27.9681 139.28 -13 2625 1 0 1
64.394 -6.00031 10700 -0.450814 0.521816 27.9915 139.579 -13 2626 1 0 1
39.6711 4.42839 10700 -0.279098 -0.202686 27.9979 139.443 -13 2627 1 0 1
-6.87089 5.24041 10700 -0.00898034 -0.336322 27.998 139.194 -13 2628 1 0 1
15.1961 -13.0336 10700 -0.162731 0.98273 27.9823 139.327 -13 2629 1 0 1
-18.9154 -5.63168 10700 0.057306 0.451268 27.9963 139.128 -13 2630 1 0 1
10.221 3.99581 10700 -0.104311 -0.297064 27.9982 139.287 -13 2631 1 0 1
47.0178 -15.0605 10700 -0.348019 1.15524 27.974 139.55 -13 2632 1 0 1
-43.9054 12.0576 10700 0.222703 -0.843369 27.9864 139.017 -13 2633 1 0 1
66.1108 -15.3148 10700 -0.522662 1.34693 27.9627 139.662 -13 2634 1 0 1
-19.5746 -8.91294 10700 0.06556 0.617935 27.9931 139.137 -13 2635 1 0 1
33.1367 -0.728558 10700 -0.24465 0.0733368 27.9988 139.397 -13 2636 1 0 1
-28.6096 -5.15214 10700 0.115196 0.229166 27.9988 139.075 -13 2637 1 0 1
33.3099 -8.24376 10700 -0.234036 0.543394 27.9937 139.43 -13 2638 1 0 1
-4.80239 15.1118 10700 -0.0210061 -0.930052 27.9845 139.24 -13 2639 1 0 1
-27.4884 13.4382 10700 0.116555 -0.895804 27.9854 139.106 -13 2640 1 0 1
-5.343 3.81884 10700 -0.00793184 -0.301119 27.9984 139.212 -13 2641 1 0 1
50.1338 -2.35348 10700 -0.355993 0.131909 27.9974 139.485 -13 2642 1 0 1
24.8075 -1.25833 10700 -0.18831 0.181583 27.9988 139.361 -13 2643 1 0 1
53.3562 -2.94419 10700 -0.360176 0.294883 27.9961 139.522 -13 2644 1 0 1
-24.9225 1.62295 10700 0.0977099 -0.0625363 27.9998 139.096 -13 2645 1 0 1
19.5051 -4.60248 10700 -0.166953 0.217778 27.9987 139.327 -13 2646 1 0 1
39.6126 10.7976 10700 -0.304908 -0.674961 27.9902 139.447 -13 2647 1 0 1
-31.4843 1.31903 10700 0.14103 0.0162771 27.9996 139.066 -13 2648 1 0 1
30.7697 -5.83211 10700 -0.231212 0.517662 27.9943 139.398 -13 2649 1 0 1
-18.5653 19.2762 10700 0.0688535 -1.33759 27.9679 139.193 -13 2650 1 0 1
62.2495 -3.43643 10700 -0.422744 0.205045 27.9961 139.565 -13 2651 1 0 1
-63.2205 13.2905 10700 0.370476 -1.04402 27.9781 138.929 -13 2652 1 0 1
1.72959 7.16314 10700 -0.0572375 -0.439289 27.9965 139.245 -13 2653 1 0 1
-32.8476 0.0331378 10700 0.157878 -0.0861383 27.9994 139.067 -13 2654 1 0 1
11.1248 -3.19204 10700 -0.121894 0.231518 27.9988 139.277 -13 2655 1 0 1
4.95212 11.1907 10700 -0.0868871 -0.702814 27.991 139.266 -13 2656 1 0 1
-12.5983 -1.91307 10700 0.025827 0.128382 27.9997 139.162 -13 2657 1 0 1
-67.1792 -5.18842 10700 0.377741 0.42856 27.9942 138.887 -13 2658 1 0 1
39.6829 -2.19029 10700 -0.275295 0.187483 27.998 139.444 -13 2659 1 0 1
-10.7361 -0.245204 10700 0.0229673 -0.0670848 27.9999 139.18 -13 2660 1 0 1
17.6637 1.39154 10700 -0.14978 -0.10473 27.9994 139.32 -13 2661 1 0 1
22.6158 -3.21252 10700 -0.173657 0.143908 27.9991 139.353 -13 2662 1 0 1
0.737508 4.1418 10700 -0.0501216 -0.235692 27.999 139.236 -13 2663 1 0 1
3.06735 -17.8171 10700 -0.0695137 1.19751 27.9743 139.305 -13 2664 1 0 1
41.7903 -15.1107 10700 -0.330255 1.09515 27.9766 139.496 -13 2665 1 0 1
-58.5446 -15.2324 10700 0.357173 1.17452 27.9731 138.971 -13 2666 1 0 1
-16.5047 -8.5016 10700 0.0504225 0.517893 27.9952 139.151 -13 2667 1 0 1
2.97888 7.56769 10700 -0.0657757 -0.479603 27.9958 139.251 -13 2668 1 0 1
-4.25835 13.1629 10700 -0.0388649 -0.80359 27.9884 139.217 -13 2669 1 0 1
51.6896 -19.2481 10700 -0.447752 1.65573 27.9474 139.619 -13 2670 1 0 1
73.5829 -9.7127 10700 -0.516268 0.869535 27.9817 139.665 -13 2671 1 0 1
-11.7914 0.0130361 10700 0.0123397 -0.0604759 27.9999 139.157 -13 2672 1 0 1
-5.89224 10.8896 10700 -0.0117669 -0.607638 27.9934 139.217 -13 2673 1 0 1
-19.3151 11.5008 10700 0.0759303 -0.779069 27.9891 139.155 -13 2674 1 0 1
-59.4645 9.89324 10700 0.320068 -0.733203 27.9886 138.926 -13 2675 1 0 1
18.7843 -16.1985 10700 -0.181254 1.14385 27.976 139.372 -13 2676 1 0 1
-80.8016 11.6357 10700 0.499543 -0.98054 27.9784 138.832 -13 2677 1 0 1
49.2538 -13.6592 10700 -0.383343 1.01866 27.9788 139.525 -13 2678 1 0 1
-8.97718 -2.08619 10700 0.00712508 0.231225 27.999 139.185 -13 2679 1 0 1
-5.74356 16.1764 10700 -0.0208449 -1.08712 27.9789 139.236 -13 2680 1 0 1
3.18338 11.8886 10700 -0.0837487 -0.679657 27.9916 139.251 -13 2681 1 0 1
-20.6318 6.20527 10700 0.0746305 -0.457233 27.9962 139.126 -13 2682 1 0 1
-28.1811 -3.22096 10700 0.130533 0.284011 27.9983 139.094 -13 2683 1 0 1
36.8894 -2.08054 10700 -0.264683 0.121965 27.9985 139.421 -13 2684 1 0 1
-4.32748 3.57693 10700 -0.0242579 -0.160205 27.9995 139.205 -13 2685 1 0 1
26.2201 9.04562 10700 -0.211744 -0.599486 27.9928 139.375 -13 2686 1 0 1
79.5615 -12.0192 10700 -0.594625 1.11557 27.9714 139.71 -13 2687 1 0 1
0.663021 8.82255 10700 -0.0520233 -0.500715 27.9955 139.242 -13 2688 1 0 1
18.5501 -0.733404 10700 -0.160174 0.0739994 27.9994 139.318 -13 2689 1 0 1
-2.81958 22.8462 10700 -0.0277968 -1.49937 27.9598 139.315 -13 2690 1 0 1
15.5809 -12.1092 10700 -0.14154 0.799083 27.9882 139.338 -13 2691 1 0 1
23.7877 -5.67482 10700 -0.184286 0.474062 27.9954 139.364 -13 2692 1 0 1
2.62299 3.77735 10700 -0.0700557 -0.242119 27.9989 139.236 -13 2693 1 0 1
29.7128 -1.86693 10700 -0.220005 0.128903 27.9988 139.384 -13 2694 1 0 1
20.4138 -1.98861 10700 -0.171098 0.213536 27.9987 139.33 -13 2695 1 0 1
55.8461 -11.8276 10700 -0.401127 0.962534 27.9806 139.574 -13 2696 1 0 1
20.0604 4.55259 10700 -0.165204 -0.271308 27.9982 139.335 -13 2697 1 0 1
3.92125 -1.75681 10700 -0.0697242 0.0779918 27.9998 139.249 -13 2698 1 0 1
-41.5294 3.17127 10700 0.184186 -0.180644 27.9988 138.998 -13 2699 1 0 1
1.92595 -3.93198 10700 -0.0566809 0.295023 27.9984 139.243 -13 2700 1 0 1
-3.16104 -16.0693 10700 -0.0405166 0.998789 27.9822 139.245 -13 2701 1 0 1
21.2913 -6.56388 10700 -0.165164 0.457634 27.9958 139.354 -13 2702 1 0 1
33.3099 2.31118 10700 -0.244055 -0.163917 27.9985 139.401 -13 2703 1 0 1
-18.0435 17.7238 10700 0.07098 -1.29052 27.9702 139.196 -13 2704 1 0 1
-19.0968 21.2839 10700 0.0757946 -1.34538 27.9676 139.201 -13 2705 1 0 1
-12.8061 8.61044 10700 0.0278785 -0.500918 27.9955 139.17 -13 2706 1 0 1
54.066 -0.891049 10700 -0.367263 0.029559 27.9976 139.518 -13 2707 1 0 1
0.165935 1.07523 10700 -0.0544007 -0.0152934 27.9999 139.222 -13 2708 1 0 1
-79.2672 8.87428 10700 0.469365 -0.691305 27.9875 138.829 -13 2709 1 0 1
12.447 -10.2749 10700 -0.135245 0.578602 27.9937 139.297 -13 2710 1 0 1
-15.047 6.35625 10700 0.0363002 -0.299644 27.9984 139.15 -13 2711 1 0 1
-62.0113 11.7865 10700 0.350717 -0.861837 27.9845 138.925 -13 2712 1 0 1
14.2851 -12.0531 10700 -0.136732 0.700922 27.9909 139.326 -13 2713 1 0 1
7.1147 -14.7042 10700 -0.0943996 0.925393 27.9845 139.302 -13 2714 1 0 1
2.93083 7.8835 10700 -0.0670513 -0.446431 27.9964 139.249 -13 2715 1 0 1
7.45903 15.6802 10700 -0.0983889 -1.04238 27.9804 139.311 -13 2716 1 0 1
-22.5342 4.06086 10700 0.0811599 -0.235937 27.9989 139.108 -13 2717 1 0 1
-11.1007 -7.93563 10700 0.0190578 0.470633 27.996 139.179 -13 2718 1 0 1
41.5346 -19.3906 10700 -0.351071 1.53205 27.9559 139.55 -13 2719 1 0 1
-46.8619 12.1926 10700 0.242577 -0.851788 27.986 139.002 -13 2720 1 0 1
10.9629 -1.49193 10700 -0.119681 0.0805608 27.9996 139.276 -13 2721 1 0 1
51.9208 -3.73405 10700 -0.356501 0.254502 27.9966 139.509 -13 2722 1 0 1
20.5736 3.66326 10700 -0.16867 -0.184362 27.9989 139.335 -13 2723 1 0 1
21.7369 -9.07751 10700 -0.17137 0.570173 27.9937 139.363 -13 2724 1 0 1
-29.1563 5.13924 10700 0.137174 -0.326068 27.9978 139.09 -13 2725 1 0 1
12.4473 -1.31639 10700 -0.125712 0.0475657 27.9997 139.286 -13 2726 1 0 1
49.7462 -13.6334 10700 -0.377612 1.06824 27.9771 139.54 -13 2727 1 0 1
34.3831 -16.3157 10700 -0.281396 1.12983 27.9758 139.461 -13 2728 1 0 1
-14.8015 8.7599 10700 0.0451192 -0.562524 27.9943 139.169 -13 2729 1 0 1
-39.0933 11.4215 10700 0.185393 -0.629621 27.9923 139.034 -13 2730 1 0 1
-8.77402 -16.5211 10700 0.00440613 1.20346 27.9741 139.234 -13 2731 1 0 1
-45.9502 7.63496 10700 0.23848 -0.497984 27.9946 139.001 -13 2732 1 0 1
45.4193 9.54787 10700 -0.328942 -0.554441 27.9926 139.48 -13 2733 1 0 1
-21.3038 5.4955 10700 0.0682491 -0.321171 27.9981 139.111 -13 2734 1 0 1
19.3187 -2.55265 10700 -0.164285 0.210069 27.9987 139.325 -13 2735 1 0 1
-9.84426 9.18137 10700 0.0064531 -0.57947 27.994 139.187 -13 2736 1 0 1
-9.97193 -2.55538 10700 0.0161306 0.160432 27.9995 139.182 -13 2737 1 0 1
37.5757 -12.8374 10700 -0.286241 0.861081 27.9853 139.459 -13 2738 1 0 1
5.96067 4.33582 10700 -0.0878313 -0.348974 27.9977 139.256 -13 2739 1 0 1
42.1648 -17.2119 10700 -0.343701 1.27536 27.9688 139.522 -13 2740 1 0 1
31.9769 7.79716 10700 -0.239533 -0.497851 27.9945 139.405 -13 2741 1 0 1
-26.1573 2.75412 10700 0.0998558 -0.136637 27.9995 139.085 -13 2742 1 0 1
-0.000768795 11.534 10700 -0.0608039 -0.696926 27.9913 139.237 -13 2743 1 0 1
13.8588 12.1061 10700 -0.131916 -0.693933 27.9911 139.326 -13 2744 1 0 1
-6.59136 2.83469 10700 -0.0157687 -0.0841142 27.9999 139.187 -13 2745 1 0 1
-6.50454 1.4472 10700 -0.0094313 -0.0268696 28 139.193 -13 2746 1 0 1
1.8085 -3.83968 10700 -0.0740867 0.283913 27.9985 139.224 -13 2747 1 0 1
41.7435 -9.64052 10700 -0.293807 0.566317 27.9927 139.473 -13 2748 1 0 1
46.2831 -2.54116 10700 -0.3329 0.116571 27.9978 139.463 -13 2749 1 0 1
18.1668 -4.71414 10700 -0.145804 0.405957 27.9967 139.335 -13 2750 1 0 1
-2.24233 20.9233 10700 -0.0480912 -1.41326 27.9643 139.288 -13 2751 1 0 1
-12.2099 5.39847 10700 0.0167263 -0.299297 27.9984 139.161 -13 2752 1 0 1
25.9045 8.02714 10700 -0.194565 -0.506352 27.9947 139.382 -13 2753 1 0 1
67.9138 1.79702 10700 -0.454223 -0.14573 27.9959 139.599 -13 2754 1 0 1
0.129483 1.72492 10700 -0.0532185 -0.118804 27.9997 139.223 -13 2755 1 0 1
-34.5124 17.5238 10700 0.182245 -1.12797 27.9767 139.098 -13 2756 1 0 1
50.2962 -4.29863 10700 -0.345402 0.267331 27.9966 139.502 -13 2757 1 0 1
-0.213357 5.20713 10700 -0.0565214 -0.334736 27.9979 139.22 -13 2758 1 0 1
19.6477 0.676229 10700 -0.160769 0.0637947 27.9995 139.33 -13 2759 1 0 1
-18.1222 3.38967 10700 0.0570535 -0.251511 27.9988 139.133 -13 2760 1 0 1
-14.1022 -14.6598 10700 0.0417956 0.973728 27.983 139.192 -13 2761 1 0 1
-4.47624 -1.56871 10700 -0.0172884 0.0894339 27.9999 139.209 -13 2762 1 0 1
38.8532 -5.32516 10700 -0.27162 0.191131 27.998 139.443 -13 2763 1 0 1
-11.3246 0.426215 10700 0.0247511 -0.057473 27.9999 139.175 -13 2764 1 0 1
25.2226 2.86768 10700 -0.192558 -0.132877 27.999 139.362 -13 2765 1 0 1
-4.68401 4.19446 10700 -0.034561 -0.170211 27.9995 139.191 -13 2766 1 0 1
49.0656 -6.27422 10700 -0.351939 0.470665 27.9938 139.489 -13 2767 1 0 1
-13.25 -19.6314 10700 0.0259746 1.41841 27.964 139.22 -13 2768 1 0 1
-19.1738 2.10701 10700 0.0564868 -0.117611 27.9997 139.119 -13 2769 1 0 1
-21.5763 -1.52691 10700 0.0670436 0.0633137 27.9998 139.103 -13 2770 1 0 1
27.3607 5.18694 10700 -0.201157 -0.32534 27.9974 139.384 -13 2771 1 0 1
68.3986 -0.563412 10700 -0.446384 -0.0524289 27.9964 139.612 -13 2772 1 0 1
13.5614 7.866 10700 -0.130963 -0.541566 27.9945 139.308 -13 2773 1 0 1
26.5696 -9.80179 10700 -0.213453 0.717005 27.99 139.383 -13 2774 1 0 1
-2.93943 0.526371 10700 -0.0363832 -0.0236097 28 139.206 -13 2775 1 0 1
27.5831 0.444308 10700 -0.202232 0.0567334 27.9992 139.377 -13 2776 1 0 1
44.9018 -5.14392 10700 -0.299146 0.277609 27.997 139.487 -13 2777 1 0 1
-12.6993 -0.570378 10700 0.031412 -0.0815816 27.9999 139.166 -13 2778 1 0 1
-8.20113 15.3021 10700 -0.00121105 -1.0034 27.982 139.222 -13 2779 1 0 1
34.3043 0.825345 10700 -0.252042 -0.119757 27.9986 139.404 -13 2780 1 0 1
-64.2274 -0.209302 10700 0.346509 0.00742855 27.9979 138.893 -13 2781 1 0 1
-7.52549 -2.0006 10700 -0.00637918 0.114834 27.9998 139.186 -13 2782 1 0 1
3.22672 4.62061 10700 -0.0658023 -0.34127 27.9978 139.248 -13 2783 1 0 1
11.9153 -1.90777 10700 -0.115605 0.128979 27.9995 139.291 -13 2784 1 0 1
10.8104 -4.91303 10700 -0.113742 0.254297 27.9986 139.284 -13 2785 1 0 1
11.5139 0.557999 10700 -0.115874 0.0473269 27.9997 139.285 -13 2786 1 0 1
47.3958 -9.46925 10700 -0.329471 0.623898 27.9911 139.509 -13 2787 1 0 1
-25.3732 2.66105 10700 0.109606 -0.143993 27.9994 139.103 -13 2788 1 0 1
-15.1252 4.64747 10700 0.0301631 -0.320504 27.9981 139.141 -13 2789 1 0 1
18.0173 -1.47692 10700 -0.166175 0.0998396 27.9993 139.307 -13 2790 1 0 1
-40.9282 -2.14264 10700 0.202763 0.16979 27.9988 139.021 -13 2791 1 0 1
19.9107 -8.84778 10700 -0.163096 0.687636 27.9911 139.353 -13 2792 1 0 1
-24.7107 -4.42448 10700 0.0908213 0.270902 27.9985 139.094 -13 2793 1 0 1
-15.6386 -3.33447 10700 0.0413676 0.212687 27.9992 139.145 -13 2794 1 0 1
31.1056 -2.52084 10700 -0.231653 0.185032 27.9984 139.389 -13 2795 1 0 1
-1.90262 -15.613 10700 -0.0340547 0.871212 27.9864 139.259 -13 2796 1 0 1
23.0505 -19.6277 10700 -0.211313 1.4203 27.9632 139.435 -13 2797 1 0 1
-40.4145 -1.76307 10700 0.190734 0.206425 27.9986 139.016 -13 2798 1 0 1
1.4267 9.89545 10700 -0.0635743 -0.567138 27.9942 139.243 -13 2799 1 0 1
13.6388 17.017 10700 -0.146009 -1.20757 27.9736 139.355 -13 2800 1 0 1
16.1155 -9.9235 10700 -0.159659 0.667728 27.9916 139.317 -13 2801 1 0 1
23.97 1.06704 10700 -0.187754 -0.0436676 27.9993 139.351 -13 2802 1 0 1
-17.9971 -4.96137 10700 0.0559464 0.288642 27.9985 139.135 -13 2803 1 0 1
-9.18775 -6.58308 10700 0.00465781 0.450542 27.9964 139.184 -13 2804 1 0 1
24.0304 -0.82887 10700 -0.19056 0.0728302 27.9993 139.349 -13 2805 1 0 1
-1.77775 0.984226 10700 -0.037813 -0.117062 27.9997 139.218 -13 2806 1 0 1
-6.27535 -9.28619 10700 -0.0138821 0.581614 27.994 139.207 -13 2807 1 0 1
-67.3642 2.73021 10700 0.371036 -0.245907 27.9965 138.88 -13 2808 1 0 1
-18.4954 -7.10462 10700 0.0564617 0.475219 27.9959 139.133 -13 2809 1 0 1
34.6157 -3.97155 10700 -0.247697 0.357089 27.9966 139.416 -13 2810 1 0 1
-15.9242 -6.40889 10700 0.0543483 0.405921 27.997 139.157 -13 2811 1 0 1
13.2369 -2.60745 10700 -0.135974 0.214567 27.9988 139.286 -13 2812 1 0 1
44.9005 -8.72344 10700 -0.311395 0.582078 27.9922 139.492 -13 2813 1 0 1
12.3088 4.03801 10700 -0.109788 -0.273421 27.9984 139.305 -13 2814 1 0 1
30.017 1.76815 10700 -0.22361 -0.0805965 27.999 139.383 -13 2815 1 0 1
-11.2519 18.6832 10700 0.0180834 -1.19408 27.9745 139.223 -13 2816 1 0 1
-27.8971 -6.93415 10700 0.121815 0.434171 27.9964 139.09 -13 2817 1 0 1
-19.3419 7.14359 10700 0.072255 -0.447879 27.9963 139.138 -13 2818 1 0 1
28.2744 0.0622229 10700 -0.201412 -0.0573847 27.9992 139.386 -13 2819 1 0 1
-17.2115 -7.46805 10700 0.0470784 0.52593 27.995 139.141 -13 2820 1 0 1
-47.3207 12.034 10700 0.253783 -0.751959 27.9888 139.007 -13 2821 1 0 1
-10.5876 0.383496 10700 0.0168516 -0.0246257 28 139.175 -13 2822 1 0 1
39.082 4.52206 10700 -0.281207 -0.282468 27.9972 139.435 -13 2823 1 0 1
32.1256 -11.8407 10700 -0.256235 0.785165 27.9878 139.415 -13 2824 1 0 1
-39.8276 9.44075 10700 0.191137 -0.657667 27.9916 139.031 -13 2825 1 0 1
7.94297 4.2743 10700 -0.0961234 -0.289913 27.9983 139.27 -13 2826 1 0 1
-34.4231 21.3456 10700 0.191144 -1.58372 27.9545 139.124 -13 2827 1 0 1
12.7171 13.3111 10700 -0.127858 -0.793972 27.9884 139.324 -13 2828 1 0 1
20.4813 1.58632 10700 -0.161979 -0.117121 27.9993 139.339 -13 2829 1 0 1
-17.5089 -2.20053 10700 0.0588229 0.12892 27.9996 139.14 -13 2830 1 0 1
-25.6187 -4.74017 10700 0.101076 0.210272 27.999 139.094 -13 2831 1 0 1
-45.8178 -2.97632 10700 0.235684 0.251793 27.9979 138.999 -13 2832 1 0 1
23.4615 -5.17022 10700 -0.189878 0.295804 27.9978 139.35 -13 2833 1 0 1
26.5987 -9.61274 10700 -0.206198 0.66193 27.9914 139.389 -13 2834 1 0 1
34.6842 -11.2538 10700 -0.27088 0.785447 27.9877 139.429 -13 2835 1 0 1
84.4134 -15.4016 10700 -0.804891 2.22069 27.9002 139.882 -13 2836 1 0 1
-27.948 2.42619 10700 0.119447 -0.207333 27.999 139.084 -13 2837 1 0 1
24.9965 0.615754 10700 -0.187004 -0.0155678 27.9994 139.363 -13 2838 1 0 1
37.4437 3.57601 10700 -0.257662 -0.292252 27.9973 139.44 -13 2839 1 0 1
-35.5042 0.0246179 10700 0.177313 0.0646024 27.9994 139.057 -13 2840 1 0 1
53.9699 -16.6475 10700 -0.434273 1.40029 27.9616 139.601 -13 2841 1 0 1
-34.8873 0.785743 10700 0.160815 -0.0467717 27.9995 139.047 -13 2842 1 0 1
47.3773 5.30439 10700 -0.32284 -0.338805 27.9961 139.494 -13 2843 1 0 1
47.0473 -20.3987 10700 -0.414799 1.69142 27.9458 139.602 -13 2844 1 0 1
-37.1459 0.8841 10700 0.175193 -0.0268842 27.9994 139.036 -13 2845 1 0 1
1.92614 -3.46003 10700 -0.0710862 0.0787496 27.9998 139.225 -13 2846 1 0 1
16.4318 -6.3853 10700 -0.147776 0.444934 27.9961 139.316 -13 2847 1 0 1
-2.66259 -6.42432 10700 -0.0304582 0.439531 27.9965 139.221 -13 2848 1 0 1
-3.74785 6.894 10700 -0.0175042 -0.457472 27.9963 139.224 -13 2849 1 0 1
20.7295 10.0922 10700 -0.171973 -0.668698 27.9915 139.358 -13 2850 1 0 1
4.82155 10.2301 10700 -0.0891787 -0.718176 27.9906 139.26 -13 2851 1 0 1
-2.32711 -0.688738 10700 -0.0259411 0.0263726 28 139.224 -13 2852 1 0 1
14.577 4.30172 10700 -0.131906 -0.311432 27.998 139.308 -13 2853 1 0 1
-32.2276 17.0682 10700 0.177929 -1.14633 27.976 139.123 -13 2854 1 0 1
35.3615 -3.24604 10700 -0.258304 0.290728 27.9973 139.413 -13 2855 1 0 1
-10.3373 9.0116 10700 0.011917 -0.528677 27.995 139.184 -13 2856 1 0 1
13.5478 -5.94667 10700 -0.127184 0.216662 27.9989 139.303 -13 2857 1 0 1
-14.3275 -2.31788 10700 0.0438932 0.216243 27.9991 139.162 -13 2858 1 0 1
-5.34872 7.27375 10700 -0.0182812 -0.408611 27.997 139.204 -13 2859 1 0 1
-48.2923 -2.08692 10700 0.245291 -0.020498 27.9989 138.979 -13 2860 1 0 1
21.2066 1.56727 10700 -0.176171 -0.0425069 27.9994 139.331 -13 2861 1 0 1
48.5663 -1.7385 10700 -0.326886 0.130272 27.9978 139.495 -13 2862 1 0 1
7.55849 7.31905 10700 -0.0950911 -0.499455 27.9954 139.274 -13 2863 1 0 1
36.1383 -11.0657 10700 -0.271872 0.71268 27.9896 139.442 -13 2864 1 0 1
-0.781526 5.44638 10700 -0.0458423 -0.364167 27.9976 139.225 -13 2865 1 0 1
2.79036 -7.011 10700 -0.0696561 0.409028 27.9969 139.243 -13 2866 1 0 1
-23.7323 7.05498 10700 0.0965588 -0.411398 27.9968 139.112 -13 2867 1 0 1
-21.1056 -0.43346 10700 0.0694174 0.0939298 27.9998 139.111 -13 2868 1 0 1
-8.28354 10.9785 10700 0.00112161 -0.709702 27.991 139.204 -13 2869 1 0 1
-22.3329 4.21676 10700 0.0862635 -0.213998 27.999 139.116 -13 2870 1 0 1
-8.35437 3.96015 10700 -9.47703e-05 -0.345197 27.9979 139.185 -13 2871 1 0 1
-24.0668 3.67085 10700 0.0912551 -0.221862 27.999 139.101 -13 2872 1 0 1
-41.5175 25.0171 10700 0.290163 -2.03988 27.9241 139.135 -13 2873 1 0 1
42.4488 -10.9326 10700 -0.316277 0.84161 27.9856 139.479 -13 2874 1 0 1
18.9422 -10.4272 10700 -0.163932 0.692981 27.9909 139.346 -13 2875 1 0 1
24.9769 -10.0877 10700 -0.204785 0.608728 27.9926 139.371 -13 2876 1 0 1
-37.3387 14.4128 10700 0.183509 -0.904555 27.9848 139.06 -13 2877 1 0 1
-23.7216 7.84988 10700 0.0932201 -0.52614 27.9949 139.113 -13 2878 1 0 1
-23.615 7.06439 10700 0.0836637 -0.518347 27.9951 139.104 -13 2879 1 0 1
40.0487 -8.35344 10700 -0.284558 0.610042 27.9919 139.463 -13 2880 1 0 1
36.0913 -18.5478 10700 -0.304358 1.35011 27.9658 139.499 -13 2881 1 0 1
6.54959 5.07831 10700 -0.0923531 -0.3713 27.9974 139.259 -13 2882 1 0 1
7.4933 -1.58838 10700 -0.102017 0.193765 27.9991 139.256 -13 2883 1 0 1
-5.18756 5.4067 10700 -0.0155939 -0.293484 27.9985 139.207 -13 2884 1 0 1
19.6117 -26.4561 10700 -0.230475 1.93304 27.9322 139.486 -13 2885 1 0 1
27.9574 -7.24815 10700 -0.207261 0.455102 27.9955 139.388 -13 2886 1 0 1
22.746 -7.56366 10700 -0.185382 0.465242 27.9955 139.352 -13 2887 1 0 1
-35.6865 -3.60643 10700 0.156579 0.172379 27.999 139.035 -13 2888 1 0 1
-8.80441 3.93326 10700 0.00268776 -0.246461 27.9989 139.183 -13 2889 1 0 1
34.4092 -10.1119 10700 -0.259098 0.673316 27.9907 139.429 -13 2890 1 0 1
-20.4471 4.06121 10700 0.066434 -0.214375 27.9991 139.117 -13 2891 1 0 1
-13.7636 1.30909 10700 0.0387739 -0.0659789 27.9999 139.162 -13 2892 1 0 1
-2.14721 -8.64255 10700 -0.0356789 0.577135 27.994 139.23 -13 2893 1 0 1
-24.2017 -11.0912 10700 0.0927815 0.746027 27.9899 139.114 -13 2894 1 0 1
41.625 -2.62991 10700 -0.293361 0.246303 27.9974 139.449 -13 2895 1 0 1
50.3653 -13.1648 10700 -0.3708 0.898967 27.9831 139.538 -13 2896 1 0 1
-34.942 10.184 10700 0.163258 -0.632545 27.9924 139.06 -13 2897 1 0 1
-5.44239 -5.51633 10700 -0.0121921 0.394138 27.9972 139.207 -13 2898 1 0 1
21.8136 -13.9416 10700 -0.193539 0.948741 27.9833 139.374 -13 2899 1 0 1
-22.5761 -5.20107 10700 0.0788588 0.354615 27.9976 139.106 -13 2900 1 0 1
30.5053 -2.92608 10700 -0.228394 0.181625 27.9985 139.386 -13 2901 1 0 1
-33.3511 11.6429 10700 0.149733 -0.726189 27.9902 139.066 -13 2902 1 0 1
-13.0455 -2.19742 10700 0.0248856 0.152194 27.9996 139.156 -13 2903 1 0 1
40.0203 -10.1091 10700 -0.31102 0.746679 27.9883 139.447 -13 2904 1 0 1
39.076 -1.17759 10700 -0.270405 0.0168878 27.9987 139.44 -13 2905 1 0 1
-12.9235 -2.10799 10700 0.0345765 0.1335 27.9997 139.167 -13 2906 1 0 1
25.9834 4.35478 10700 -0.206514 -0.269688 27.9979 139.36 -13 2907 1 0 1
2.4098 -13.2392 10700 -0.0695103 0.861928 27.9866 139.266 -13 2908 1 0 1
22.3506 -9.93803 10700 -0.176614 0.69259 27.9909 139.371 -13 2909 1 0 1
-37.4545 -6.48772 10700 0.185754 0.43214 27.996 139.045 -13 2910 1 0 1
-3.95813 -28.011 10700 -0.0403954 2.17187 27.9156 139.373 -13 2911 1 0 1
11.9395 -4.48762 10700 -0.11107 0.291837 27.9983 139.3 -13 2912 1 0 1
-13.2518 -12.4673 10700 0.0330394 0.848087 27.9871 139.185 -13 2913 1 0 1
-12.6567 0.470143 10700 0.0231547 -0.0442862 28 139.158 -13 2914 1 0 1
1.6356 -3.50681 10700 -0.0503698 0.236624 27.999 139.245 -13 2915 1 0 1
-67.1602 17.642 10700 0.428975 -1.41423 27.961 138.93 -13 2916 1 0 1
16.1369 4.15429 10700 -0.142334 -0.179528 27.9991 139.313 -13 2917 1 0 1
1.81517 -7.35462 10700 -0.0691147 0.521262 27.9951 139.238 -13 2918 1 0 1
8.13126 -13.0986 10700 -0.0990265 0.914866 27.9849 139.303 -13 2919 1 0 1
8.30206 -4.67325 10700 -0.09492 0.241771 27.9988 139.275 -13 2920 1 0 1
14.2203 -5.69702 10700 -0.141913 0.315374 27.9979 139.296 -13 2921 1 0 1
-4.30426 -8.40668 10700 -0.0233737 0.477386 27.9959 139.213 -13 2922 1 0 1
-26.5197 12.676 10700 0.112083 -0.744616 27.9899 139.109 -13 2923 1 0 1
18.3747 -7.40399 10700 -0.157052 0.461962 27.9957 139.331 -13 2924 1 0 1
44.071 -12.4224 10700 -0.328322 0.912449 27.9832 139.498 -13 2925 1 0 1
-35.753 0.795649 10700 0.163488 -0.0195624 27.9995 139.04 -13 2926 1 0 1
39.7731 1.90937 10700 -0.279139 -0.0837941 27.9985 139.44 -13 2927 1 0 1
34.8899 -10.7783 10700 -0.263308 0.701347 27.99 139.434 -13 2928 1 0 1
-3.94063 13.6109 10700 -0.0343339 -0.77663 27.9892 139.226 -13 2929 1 0 1
39.268 0.742475 10700 -0.273746 -0.132655 27.9983 139.44 -13 2930 1 0 1
4.46577 -0.975654 10700 -0.080656 0.0408048 27.9999 139.243 -13 2931 1 0 1
10.7033 14.9881 10700 -0.115089 -1.00183 27.9818 139.329 -13 2932 1 0 1
-11.8574 -14.6242 10700 0.0173476 1.05644 27.9801 139.198 -13 2933 1 0 1
21.0109 -6.63761 10700 -0.169774 0.37763 27.9969 139.344 -13 2934 1 0 1
3.60821 -3.99725 10700 -0.0744448 0.220687 27.999 139.243 -13 2935 1 0 1
-12.2676 9.53885 10700 0.0263417 -0.59622 27.9936 139.181 -13 2936 1 0 1
-0.257319 -11.4268 10700 -0.0499702 0.858848 27.9868 139.25 -13 2937 1 0 1
-49.7489 5.82 10700 0.253226 -0.492715 27.9945 138.973 -13 2938 1 0 1
0.817017 1.3837 10700 -0.046297 -0.0669829 27.9999 139.238 -13 2939 1 0 1
-28.8071 18.7323 10700 0.135457 -1.21429 27.9733 139.127 -13 2940 1 0 1
4.57206 3.0414 10700 -0.0752119 -0.179104 27.9993 139.252 -13 2941 1 0 1
0.0146804 -11.7833 10700 -0.0460251 0.793572 27.9887 139.255 -13 2942 1 0 1
69.383 -7.87875 10700 -0.466727 0.562838 27.9905 139.631 -13 2943 1 0 1
17.6581 5.94055 10700 -0.151499 -0.373244 27.9971 139.324 -13 2944 1 0 1
-0.364004 0.101212 10700 -0.06041 -0.0125161 27.9999 139.21 -13 2945 1 0 1
51.144 9.30746 10700 -0.367148 -0.582375 27.9915 139.512 -13 2946 1 0 1
28.215 -2.23846 10700 -0.215525 0.146877 27.9988 139.372 -13 2947 1 0 1
29.3424 14.5838 10700 -0.243712 -0.958596 27.9825 139.416 -13 2948 1 0 1
45.4565 -14.0144 10700 -0.346767 1.01579 27.9794 139.513 -13 2949 1 0 1
9.15646 12.5547 10700 -0.105985 -0.784094 27.9888 139.301 -13 2950 1 0 1
12.5539 -8.81694 10700 -0.134077 0.530797 27.9946 139.294 -13 2951 1 0 1
-75.5682 9.75311 10700 0.443423 -0.746027 27.9865 138.849 -13 2952 1 0 1
50.8981 -12.3024 10700 -0.378656 0.907642 27.9827 139.533 -13 2953 1 0 1
5.23627 -8.08624 10700 -0.0723787 0.529646 27.9949 139.273 -13 2954 1 0 1
57.2869 -10.6646 10700 -0.412131 0.888971 27.9828 139.569 -13 2955 1 0 1
-28.8369 10.0689 10700 0.128117 -0.626433 27.9927 139.094 -13 2956 1 0 1
-3.25378 -4.07554 10700 -0.0266884 0.257651 27.9988 139.216 -13 2957 1 0 1
12.5899 -3.99322 10700 -0.125638 0.243975 27.9987 139.291 -13 2958 1 0 1
41.1081 -8.10992 10700 -0.300685 0.604804 27.9919 139.458 -13 2959 1 0 1
-3.8604 19.802 10700 -0.0345892 -1.39102 27.9654 139.275 -13 2960 1 0 1
-39.88 21.1324 10700 0.231452 -1.56986 27.955 139.092 -13 2961 1 0 1
14.8714 -8.09137 10700 -0.140576 0.460703 27.9959 139.309 -13 2962 1 0 1
18.4593 -10.3998 10700 -0.16091 0.593915 27.9932 139.34 -13 2963 1 0 1
-24.3003 5.59603 10700 0.0902548 -0.423906 27.9966 139.098 -13 2964 1 0 1
-17.3768 -10.6387 10700 0.0438115 0.613653 27.9932 139.142 -13 2965 1 0 1
23.1735 3.61745 10700 -0.175908 -0.174692 27.9989 139.358 -13 2966 1 0 1
1.46115 8.61913 10700 -0.0549338 -0.454678 27.9963 139.247 -13 2967 1 0 1
-3.30032 28.2357 10700 -0.0506873 -2.26892 27.9079 139.383 -13 2968 1 0 1
15.6677 8.79887 10700 -0.138302 -0.521751 27.9948 139.324 -13 2969 1 0 1
-10.7672 -2.4772 10700 0.00915953 0.125042 27.9997 139.166 -13 2970 1 0 1
0.542584 -16.5899 10700 -0.0632037 1.12621 27.9773 139.273 -13 2971 1 0 1
19.4519 -1.3535 10700 -0.160595 0.12451 27.9993 139.329 -13 2972 1 0 1
-13.3052 2.0779 10700 0.0291345 -0.0882545 27.9998 139.157 -13 2973 1 0 1
-38.9307 15.8675 10700 0.210858 -1.07467 27.9786 139.071 -13 2974 1 0 1
-15.9531 8.80317 10700 0.0451366 -0.488796 27.9957 139.152 -13 2975 1 0 1
8.22723 -0.510416 10700 -0.0868359 -0.0141637 27.9999 139.279 -13 2976 1 0 1
-38.6095 8.79252 10700 0.183723 -0.609227 27.9928 139.037 -13 2977 1 0 1
28.3461 12.4771 10700 -0.236434 -0.825578 27.9868 139.394 -13 2978 1 0 1
39.2689 -8.98242 10700 -0.291703 0.600975 27.992 139.447 -13 2979 1 0 1
67.0266 -4.60984 10700 -0.455695 0.408721 27.9933 139.596 -13 2980 1 0 1
-17.9224 -13.0718 10700 0.0588346 0.847617 27.9871 139.158 -13 2981 1 0 1
38.1423 9.65842 10700 -0.279012 -0.670885 27.9906 139.453 -13 2982 1 0 1
26.4196 8.45669 10700 -0.20105 -0.592246 27.993 139.388 -13 2983 1 0 1
-26.6258 3.72743 10700 0.104905 -0.200376 27.9991 139.086 -13 2984 1 0 1
-1.18676 -10.5292 10700 -0.0410556 0.586218 27.9938 139.238 -13 2985 1 0 1
-16.5822 9.94304 10700 0.0535482 -0.654514 27.9923 139.161 -13 2986 1 0 1
-13.8908 -8.19261 10700 0.03435 0.455171 27.9963 139.163 -13 2987 1 0 1
-23.8386 0.548181 10700 0.0993347 -0.161065 27.9994 139.11 -13 2988 1 0 1
53.8419 -17.281 10700 -0.437413 1.36264 27.9634 139.597 -13 2989 1 0 1
24.6686 -10.9371 10700 -0.208216 0.751147 27.9891 139.371 -13 2990 1 0 1
-20.8702 -9.49392 10700 0.0731982 0.630036 27.9928 139.13 -13 2991 1 0 1
56.1151 -5.72324 10700 -0.396617 0.543279 27.9919 139.534 -13 2992 1 0 1
-23.6881 -0.210719 10700 0.0917987 -0.0597944 27.9998 139.103 -13 2993 1 0 1
10.3201 -1.44879 10700 -0.109106 0.247972 27.9987 139.281 -13 2994 1 0 1
-8.71024 3.20128 10700 -0.00104186 -0.269415 27.9987 139.18 -13 2995 1 0 1
-30.8662 9.02964 10700 0.141357 -0.524895 27.9947 139.079 -13 2996 1 0 1
35.7833 -15.8927 10700 -0.290044 1.04844 27.9789 139.463 -13 2997 1 0 1
-4.80172 1.37277 10700 -0.0313017 -0.0783792 27.9999 139.191 -13 2998 1 0 1
-43.9614 18.2548 10700 0.252335 -1.32379 27.9676 139.058 -13 2999 1 0 1
-31.3748 -7.25767 10700 0.140449 0.442299 27.9962 139.069 -13 3000 1 0 1
-36.6528 4.99322 10700 0.16169 -0.31267 27.9978 139.031 -13 3001 1 0 1
-33.041 2.26841 10700 0.149835 -0.162493 27.9991 139.057 -13 3002 1 0 1
-13.7325 -2.76934 10700 0.0314437 0.143718 27.9996 139.155 -13 3003 1 0 1
-4.66091 1.01627 10700 -0.0247527 -0.114592 27.9998 139.199 -13 3004 1 0 1
-42.1521 21.0104 10700 0.258459 -1.63149 27.9512 139.091 -13 3005 1 0 1
32.4228 13.0369 10700 -0.258219 -0.920415 27.9837 139.429 -13 3006 1 0 1
8.09529 2.13193 10700 -0.0915794 -0.143095 27.9995 139.273 -13 3007 1 0 1
34.691 -4.05121 10700 -0.263275 0.1839 27.9982 139.4 -13 3008 1 0 1
34.3439 2.84813 10700 -0.257064 -0.236589 27.9978 139.401 -13 3009 1 0 1
9.07646 2.72012 10700 -0.105455 -0.150023 27.9994 139.27 -13 3010 1 0 1
42.0803 9.82348 10700 -0.307368 -0.766359 27.9878 139.475 -13 3011 1 0 1
27.4266 -0.388256 10700 -0.207853 0.0312542 27.9992 139.369 -13 3012 1 0 1
96.2253 -10.2807 10700 -0.710675 1.17875 27.9661 139.812 -13 3013 1 0 1
60.9804 -10.9951 10700 -0.44789 0.910729 27.9816 139.584 -13 3014 1 0 1
20.5056 -10.6965 10700 -0.173605 0.802769 27.988 139.359 -13 3015 1 0 1
-35.0421 -1.9484 10700 0.160955 0.0689594 27.9995 139.045 -13 3016 1 0 1
-4.23319 3.22982 10700 -0.0216348 -0.170922 27.9995 139.209 -13 3017 1 0 1
-2.02624 15.7714 10700 -0.0368033 -1.13906 27.9768 139.268 -13 3018 1 0 1
78.1144 -8.73032 10700 -0.543639 0.783883 27.9837 139.683 -13 3019 1 0 1
47.7559 -25.1811 10700 -0.66466 2.97389 27.8337 139.826 -13 3020 1 0 1
5.3735 4.64544 10700 -0.0753946 -0.229287 27.999 139.263 -13 3021 1 0 1
-19.0343 18.428 10700 0.074012 -1.28802 27.9703 139.189 -13 3022 1 0 1
28.7234 -16.4661 10700 -0.257589 1.21956 27.9722 139.427 -13 3023 1 0 1
23.5364 -7.62335 10700 -0.178212 0.466588 27.9955 139.368 -13 3024 1 0 1
-25.7087 -2.89145 10700 0.10633 0.236301 27.9988 139.097 -13 3025 1 0 1
32.2188 4.47448 10700 -0.239376 -0.277288 27.9976 139.398 -13 3026 1 0 1
-19.9101 4.50669 10700 0.0742843 -0.184129 27.9993 139.131 -13 3027 1 0 1
21.3595 -5.66859 10700 -0.17064 0.367442 27.9971 139.346 -13 3028 1 0 1
54.8334 -10.1796 10700 -0.396359 0.864973 27.9838 139.55 -13 3029 1 0 1
-19.1301 8.2407 10700 0.0751293 -0.596495 27.9935 139.15 -13 3030 1 0 1
-57.5215 1.72765 10700 0.296562 -0.156776 27.998 138.924 -13 3031 1 0 1
-43.6135 10.5683 10700 0.213628 -0.72934 27.9897 139.009 -13 3032 1 0 1
0.0959502 -11.4649 10700 -0.0417743 0.786111 27.9889 139.259 -13 3033 1 0 1
-20.6296 -0.0584895 10700 0.0632922 -0.0160668 27.9999 139.109 -13 3034 1 0 1
-0.715486 -3.67511 10700 -0.0459627 0.211246 27.9992 139.223 -13 3035 1 0 1
71.4913 -12.2704 10700 -0.526211 1.09787 27.9735 139.669 -13 3036 1 0 1
5.72555 -2.37895 10700 -0.0904209 0.192717 27.9992 139.249 -13 3037 1 0 1
-10.7708 17.1785 10700 0.0124927 -1.18453 27.9749 139.219 -13 3038 1 0 1
15.7705 -14.4893 10700 -0.151411 1.09585 27.9781 139.355 -13 3039 1 0 1
-0.284792 -3.22188 10700 -0.0455645 0.278967 27.9986 139.229 -13 3040 1 0 1
12.0799 12.234 10700 -0.130563 -0.835121 27.9872 139.311 -13 3041 1 0 1
-3.66437 5.24367 10700 -0.0259786 -0.260151 27.9988 139.213 -13 3042 1 0 1
24.549 -4.91672 10700 -0.189244 0.292927 27.9978 139.362 -13 3043 1 0 1
42.6237 -21.5734 10700 -0.388925 1.73084 27.9437 139.584 -13 3044 1 0 1
29.1603 -9.88595 10700 -0.23245 0.695951 27.9904 139.394 -13 3045 1 0 1
11.3556 -4.65819 10700 -0.117572 0.276032 27.9984 139.287 -13 3046 1 0 1
59.8959 -18.9788 10700 -0.510109 1.6539 27.9465 139.673 -13 3047 1 0 1
29.7097 0.681746 10700 -0.220794 -0.090247 27.999 139.382 -13 3048 1 0 1
58.8305 2.62604 10700 -0.390907 -0.168055 27.9968 139.555 -13 3049 1 0 1
15.2723 6.16326 10700 -0.143946 -0.313077 27.9979 139.306 -13 3050 1 0 1
49.6862 -16.8713 10700 -0.412972 1.37481 27.9632 139.564 -13 3051 1 0 1
-32.3362 13.0397 10700 0.154003 -0.89574 27.9852 139.086 -13 3052 1 0 1
48.6901 -7.83354 10700 -0.34035 0.520688 27.9931 139.502 -13 3053 1 0 1
26.3458 -7.40356 10700 -0.204412 0.512694 27.9946 139.376 -13 3054 1 0 1
11.5445 -4.31095 10700 -0.119873 0.250403 27.9986 139.286 -13 3055 1 0 1
-0.783638 -5.32348 10700 -0.0497687 0.338019 27.9979 139.221 -13 3056 1 0 1
-0.815395 7.23455 10700 -0.0528523 -0.414338 27.9969 139.22 -13 3057 1 0 1
42.0366 -11.5203 10700 -0.31602 0.769745 27.9876 139.473 -13 3058 1 0 1
-23.0859 8.49842 10700 0.0960273 -0.505157 27.9953 139.122 -13 3059 1 0 1
-28.1904 -0.305921 10700 0.116689 -0.0549647 27.9997 139.078 -13 3060 1 0 1
14.2114 17.6731 10700 -0.138818 -1.17918 27.9748 139.37 -13 3061 1 0 1
57.2437 1.43669 10700 -0.380766 -0.178394 27.9968 139.546 -13 3062 1 0 1
20.4524 -5.27991 10700 -0.159759 0.297136 27.998 139.347 -13 3063 1 0 1
53.8072 -9.75396 10700 -0.384407 0.702695 27.9885 139.539 -13 3064 1 0 1
-5.48652 3.23752 10700 -0.0128658 -0.252513 27.9989 139.204 -13 3065 1 0 1
6.56094 -9.73595 10700 -0.0925231 0.617389 27.993 139.274 -13 3066 1 0 1
-28.3291 -0.648976 10700 0.108325 0.032213 27.9998 139.068 -13 3067 1 0 1
-7.11339 6.92431 10700 -0.0257528 -0.347015 27.9978 139.177 -13 3068 1 0 1
60.2279 0.977139 10700 -0.416729 -0.126628 27.9966 139.543 -13 3069 1 0 1
5.33813 1.06086 10700 -0.0822075 -0.0206749 27.9999 139.251 -13 3070 1 0 1
-25.2697 -13.5094 10700 0.110713 0.892065 27.9856 139.126 -13 3071 1 0 1
-24.6548 5.97963 10700 0.0989821 -0.384131 27.9972 139.103 -13 3072 1 0 1
2.69768 6.41434 10700 -0.0604552 -0.401689 27.9971 139.251 -13 3073 1 0 1
34.0717 -14.8251 10700 -0.272496 1.14473 27.9753 139.461 -13 3074 1 0 1
64.2888 -12.6342 10700 -0.467224 0.956378 27.9798 139.622 -13 3075 1 0 1
16.7333 -14.6877 10700 -0.151787 0.868491 27.9861 139.354 -13 3076 1 0 1
-12.9849 10.9228 10700 0.0287525 -0.656197 27.9923 139.179 -13 3077 1 0 1
93.1518 -5.47298 10700 -0.632277 0.54911 27.9875 139.751 -13 3078 1 0 1
3.81708 -5.93397 10700 -0.0671261 0.349136 27.9977 139.255 -13 3079 1 0 1
3.18766 -4.24913 10700 -0.0609242 0.251255 27.9988 139.253 -13 3080 1 0 1
20.7807 -3.70622 10700 -0.170137 0.214256 27.9987 139.336 -13 3081 1 0 1
13.7135 -16.4533 10700 -0.138181 1.09964 27.9781 139.35 -13 3082 1 0 1
-37.1512 2.98558 10700 0.175354 -0.183576 27.9988 139.037 -13 3083 1 0 1
-32.5406 14.9184 10700 0.157999 -0.999069 27.9817 139.092 -13 3084 1 0 1
63.4666 -7.42829 10700 -0.444452 0.549682 27.9911 139.578 -13 3085 1 0 1
-7.95258 -2.58258 10700 -0.00332189 0.119591 27.9997 139.185 -13 3086 1 0 1
-50.7921 6.86612 10700 0.266682 -0.420231 27.9956 138.973 -13 3087 1 0 1
-10.2834 5.20108 10700 0.0102032 -0.400893 27.9971 139.175 -13 3088 1 0 1
39.667 -10.6007 10700 -0.297666 0.723795 27.9891 139.456 -13 3089 1 0 1
65.5459 -4.81119 10700 -0.461296 0.396124 27.9934 139.573 -13 3090 1 0 1
0.457293 13.9982 10700 -0.0571547 -0.84037 27.9873 139.257 -13 3091 1 0 1
-4.3325 -20.4308 10700 -0.025636 1.41335 27.9643 139.281 -13 3092 1 0 1
58.0328 -6.62075 10700 -0.399429 0.550356 27.9917 139.556 -13 3093 1 0 1
28.4255 2.42079 10700 -0.212531 -0.189522 27.9986 139.378 -13 3094 1 0 1
37.7851 -9.73927 10700 -0.275725 0.626332 27.9916 139.449 -13 3095 1 0 1
11.3903 -0.863408 10700 -0.110848 0.0956477 27.9996 139.289 -13 3096 1 0 1
-23.4311 -3.95264 10700 0.0806164 0.24376 27.9988 139.098 -13 3097 1 0 1
18.6136 -6.02205 10700 -0.164025 0.40862 27.9965 139.323 -13 3098 1 0 1
-41.0799 11.5543 10700 0.202942 -0.741874 27.9894 139.029 -13 3099 1 0 1
0.446849 1.29792 10700 -0.0509545 -0.0138318 28 139.229 -13 3100 1 0 1
31.5726 -23.8357 10700 -0.313217 1.82629 27.9386 139.537 -13 3101 1 0 1
45.0848 -5.98291 10700 -0.313087 0.386042 27.9956 139.477 -13 3102 1 0 1
-21.7005 -17.7682 10700 0.091172 1.21698 27.9734 139.168 -13 3103 1 0 1
-33.2803 -4.82947 10700 0.154533 0.220419 27.9987 139.061 -13 3104 1 0 1
-14.1224 -9.30564 10700 0.0282936 0.528834 27.995 139.158 -13 3105 1 0 1
0.0476127 -1.47609 10700 -0.0451348 0.0876396 27.9998 139.231 -13 3106 1 0 1
-1.92785 6.47752 10700 -0.0364185 -0.395465 27.9972 139.223 -13 3107 1 0 1
20.7601 -1.65751 10700 -0.158722 0.082351 27.9994 139.346 -13 3108 1 0 1
19.5812 -7.14852 10700 -0.162451 0.414881 27.9965 139.337 -13 3109 1 0 1
-10.2503 14.1041 10700 0.00897189 -0.759057 27.9897 139.198 -13 3110 1 0 1
-15.1286 17.5076 10700 0.0363617 -1.18611 27.9748 139.191 -13 3111 1 0 1
-15.6221 8.27348 10700 0.0465657 -0.510472 27.9953 139.157 -13 3112 1 0 1
73.5622 -16.2669 10700 -0.616162 1.64879 27.9446 139.738 -13 3113 1 0 1
15.8021 -12.0426 10700 -0.160216 0.820276 27.9875 139.324 -13 3114 1 0 1
-25.841 15.3603 10700 0.113802 -0.97791 27.9827 139.128 -13 3115 1 0 1
30.116 2.76217 10700 -0.218216 -0.141981 27.9988 139.392 -13 3116 1 0 1
2.92859 5.1671 10700 -0.0788438 -0.329183 27.998 139.232 -13 3117 1 0 1
-9.97036 0.121123 10700 0.00714394 -0.0418076 28 139.172 -13 3118 1 0 1
49.7526 -8.27331 10700 -0.363251 0.610943 27.991 139.5 -13 3119 1 0 1
42.9974 -7.97703 10700 -0.309772 0.544099 27.993 139.467 -13 3120 1 0 1
-23.5612 15.0358 10700 0.100174 -0.984777 27.9825 139.141 -13 3121 1 0 1
9.08849 6.01925 10700 -0.0942819 -0.324402 27.998 139.288 -13 3122 1 0 1
13.4915 -6.828 10700 -0.131912 0.426264 27.9964 139.3 -13 3123 1 0 1
43.2928 -8.08617 10700 -0.307311 0.535492 27.9932 139.472 -13 3124 1 0 1
60.6245 -16.3609 10700 -0.479172 1.3279 27.9644 139.635 -13 3125 1 0 1
-28.2294 -8.39657 10700 0.124378 0.436125 27.9963 139.09 -13 3126 1 0 1
2.44798 -11.5274 10700 -0.0740135 0.758028 27.9896 139.253 -13 3127 1 0 1
37.5585 -6.17245 10700 -0.269406 0.404077 27.9958 139.433 -13 3128 1 0 1
21.5235 -6.10915 10700 -0.179649 0.425783 27.9962 139.34 -13 3129 1 0 1
-6.0318 -9.56565 10700 -0.0137157 0.52574 27.9951 139.207 -13 3130 1 0 1
12.9659 12.1638 10700 -0.123062 -0.766324 27.9892 139.327 -13 3131 1 0 1
66.1125 9.19299 10700 -0.467725 -0.675709 27.9879 139.604 -13 3132 1 0 1
-44.7001 4.63466 10700 0.219175 -0.282773 27.9977 138.996 -13 3133 1 0 1
-43.066 8.42893 10700 0.221225 -0.522233 27.9943 139.019 -13 3134 1 0 1
-2.96016 -2.20322 10700 -0.0375945 0.147333 27.9996 139.206 -13 3135 1 0 1
-38.676 17.8307 10700 0.207342 -1.22849 27.9723 139.077 -13 3136 1 0 1
2.22934 7.57807 10700 -0.0623251 -0.483241 27.9958 139.247 -13 3137 1 0 1
-16.3321 0.197762 10700 0.0469215 -0.055225 27.9999 139.141 -13 3138 1 0 1
40.6245 -10.5489 10700 -0.298368 0.746509 27.9885 139.468 -13 3139 1 0 1
6.80295 -7.59038 10700 -0.0846279 0.49993 27.9954 139.276 -13 3140 1 0 1
56.0318 -9.12414 10700 -0.397178 0.644495 27.9898 139.548 -13 3141 1 0 1
-34.7101 9.52539 10700 0.163895 -0.655402 27.9918 139.062 -13 3142 1 0 1
-8.4612 -2.98276 10700 -0.0052865 0.172916 27.9995 139.178 -13 3143 1 0 1
-23.053 28.886 10700 0.14933 -2.21638 27.9117 139.28 -13 3144 1 0 1
16.4103 -4.73807 10700 -0.141081 0.442841 27.9961 139.322 -13 3145 1 0 1
15.1569 0.991226 10700 -0.153914 -0.079557 27.9995 139.287 -13 3146 1 0 1
63.0144 -1.50868 10700 -0.431018 0.0894812 27.9965 139.562 -13 3147 1 0 1
-41.4689 1.34703 10700 0.196655 -0.166934 27.9988 139.009 -13 3148 1 0 1
7.84973 6.94803 10700 -0.0928749 -0.479931 27.9957 139.278 -13 3149 1 0 1
-29.4806 8.91092 10700 0.127185 -0.581271 27.9937 139.084 -13 3150 1 0 1
18.2434 1.3734 10700 -0.15652 -0.118974 27.9993 139.319 -13 3151 1 0 1
-12.8133 4.50958 10700 0.0265804 -0.289256 27.9985 139.163 -13 3152 1 0 1
18.0965 -17.6912 10700 -0.185187 1.33724 27.9674 139.383 -13 3153 1 0 1
27.8584 -4.03779 10700 -0.211342 0.181394 27.9986 139.375 -13 3154 1 0 1
33.5104 -5.28221 10700 -0.247102 0.450335 27.9953 139.409 -13 3155 1 0 1
36.0009 -0.751556 10700 -0.253013 0.0719528 27.9988 139.422 -13 3156 1 0 1
-10.0819 -1.51042 10700 0.00374807 0.0991257 27.9998 139.168 -13 3157 1 0 1
-52.6397 4.57665 10700 0.280439 -0.235395 27.9976 138.965 -13 3158 1 0 1
6.00172 -2.95681 10700 -0.0822277 0.234766 27.9989 139.261 -13 3159 1 0 1
-23.7361 16.3058 10700 0.0906856 -1.0182 27.9813 139.133 -13 3160 1 0 1
4.23907 -6.19653 10700 -0.0777036 0.355308 27.9976 139.249 -13 3161 1 0 1
18.9146 -13.2252 10700 -0.174706 0.905031 27.9848 139.353 -13 3162 1 0 1
35.8114 0.742828 10700 -0.260255 -0.153578 27.9984 139.413 -13 3163 1 0 1
52.113 -0.460866 10700 -0.352223 0.101515 27.9976 139.511 -13 3164 1 0 1
31.5339 -0.0340254 10700 -0.233808 0.0512551 27.999 139.389 -13 3165 1 0 1
-52.0847 6.46377 10700 0.264894 -0.405231 27.9958 138.956 -13 3166 1 0 1
41.228 -7.24305 10700 -0.294975 0.524847 27.9935 139.459 -13 3167 1 0 1
-29.518 10.9853 10700 0.124328 -0.757146 27.9895 139.084 -13 3168 1 0 1
-12.6266 15.8432 10700 0.0357045 -1.01758 27.9815 139.209 -13 3169 1 0 1
24.8404 2.30863 10700 -0.194054 -0.10705 27.9991 139.356 -13 3170 1 0 1
72.2606 -6.26763 10700 -0.507629 0.647794 27.9879 139.628 -13 3171 1 0 1
20.6657 0.806654 10700 -0.166758 -0.125124 27.9992 139.336 -13 3172 1 0 1
39.0196 13.484 10700 -0.302951 -0.962318 27.9818 139.47 -13 3173 1 0 1
11.6646 -0.983055 10700 -0.121835 0.11081 27.9995 139.281 -13 3174 1 0 1
-16.9204 7.40089 10700 0.0492122 -0.487185 27.9957 139.144 -13 3175 1 0 1
29.5067 -8.22009 10700 -0.215914 0.604703 27.9926 139.407 -13 3176 1 0 1
14.2935 -5.13393 10700 -0.131977 0.348526 27.9975 139.305 -13 3177 1 0 1
4.26415 -3.52623 10700 -0.0679057 0.197354 27.9992 139.256 -13 3178 1 0 1
67.3961 -15.7168 10700 -0.539986 1.51998 27.9535 139.69 -13 3179 1 0 1
-16.2778 -2.10839 10700 0.0414972 0.139558 27.9996 139.137 -13 3180 1 0 1
-21.412 -8.64837 10700 0.0779143 0.558584 27.9943 139.126 -13 3181 1 0 1
41.2317 -17.0668 10700 -0.338007 1.33924 27.9659 139.521 -13 3182 1 0 1
-25.6867 4.66707 10700 0.0987299 -0.258707 27.9986 139.091 -13 3183 1 0 1
55.658 -2.49615 10700 -0.369029 0.1017 27.9974 139.538 -13 3184 1 0 1
17.25 0.0513559 10700 -0.148556 0.0100879 27.9996 139.315 -13 3185 1 0 1
-4.05067 7.89586 10700 -0.032268 -0.442272 27.9965 139.206 -13 3186 1 0 1
53.5901 -11.1474 10700 -0.389555 0.813824 27.9855 139.543 -13 3187 1 0 1
63.0741 -15.8407 10700 -0.499169 1.28346 27.9661 139.638 -13 3188 1 0 1
25.9004 24.3322 10700 -0.285657 -1.80949 27.94 139.486 -13 3189 1 0 1
-56.4434 19.8243 10700 0.37205 -1.54692 27.9548 139.009 -13 3190 1 0 1
-10.5277 0.899643 10700 0.00944633 -0.00546668 28 139.168 -13 3191 1 0 1
-37.1783 20.5009 10700 0.209155 -1.63163 27.9516 139.109 -13 3192 1 0 1
-5.57582 -0.400314 10700 -0.0186338 -0.0611233 27.9999 139.195 -13 3193 1 0 1
2.12691 -5.46337 10700 -0.0557865 0.273491 27.9986 139.248 -13 3194 1 0 1
28.9247 -8.02195 10700 -0.217594 0.509401 27.9945 139.392 -13 3195 1 0 1
22.5653 -4.45363 10700 -0.182574 0.316804 27.9976 139.346 -13 3196 1 0 1
43.0479 6.53447 10700 -0.31612 -0.580555 27.9922 139.461 -13 3197 1 0 1
67.2876 -2.93187 10700 -0.458011 0.272282 27.9949 139.591 -13 3198 1 0 1
6.48935 -12.7326 10700 -0.087002 0.777165 27.9891 139.29 -13 3199 1 0 1
-9.12273 1.45549 10700 0.00725685 -0.137693 27.9997 139.182 -13 3200 1 0 1
12.6622 -12.2132 10700 -0.129296 0.794446 27.9884 139.317 -13 3201 1 0 1
33.2677 -19.3511 10700 -0.287688 1.41382 27.9628 139.49 -13 3202 1 0 1
2.2057 1.49775 10700 -0.0649014 -0.112885 27.9997 139.234 -13 3203 1 0 1
39.7375 -2.8046 10700 -0.282157 0.119949 27.9983 139.438 -13 3204 1 0 1
3.77844 -2.20934 10700 -0.0684269 0.157268 27.9995 139.249 -13 3205 1 0 1
28.0832 -11.0428 10700 -0.228732 0.678791 27.9908 139.389 -13 3206 1 0 1
20.9373 -2.89889 10700 -0.164844 0.147457 27.9991 139.342 -13 3207 1 0 1
-35.266 17.0215 10700 0.19423 -1.22698 27.9724 139.105 -13 3208 1 0 1
10.4549 -12.3468 10700 -0.113121 0.821493 27.9877 139.31 -13 3209 1 0 1
94.3412 -13.2605 10700 -0.778476 1.65055 27.9405 139.852 -13 3210 1 0 1
10.8352 -4.49932 10700 -0.112065 0.302272 27.9981 139.286 -13 3211 1 0 1
20.6569 4.26029 10700 -0.168212 -0.263545 27.9983 139.338 -13 3212 1 0 1
12.4131 -0.266629 10700 -0.128667 -0.119838 27.9994 139.283 -13 3213 1 0 1
-20.6764 11.4884 10700 0.0842773 -0.619818 27.993 139.146 -13 3214 1 0 1
-11.7103 12.857 10700 0.0156734 -0.693501 27.9914 139.185 -13 3215 1 0 1
-29.1723 -4.62444 10700 0.122501 0.186446 27.9991 139.075 -13 3216 1 0 1
-2.90859 2.49302 10700 -0.0407425 -0.219105 27.9991 139.203 -13 3217 1 0 1
1.11929 -3.78044 10700 -0.0578365 0.225147 27.999 139.232 -13 3218 1 0 1
-33.3188 6.29322 10700 0.154015 -0.392978 27.9968 139.06 -13 3219 1 0 1
-24.7591 4.30464 10700 0.0958671 -0.289759 27.9983 139.098 -13 3220 1 0 1
53.6269 -6.96265 10700 -0.367004 0.487841 27.9933 139.531 -13 3221 1 0 1
39.894 -14.3477 10700 -0.310294 1.02994 27.9793 139.483 -13 3222 1 0 1
13.3983 4.23785 10700 -0.138289 -0.266624 27.9984 139.287 -13 3223 1 0 1
-5.04447 19.9216 10700 -0.0292417 -1.33584 27.9681 139.265 -13 3224 1 0 1
-15.7235 11.7597 10700 0.0547148 -0.72445 27.9906 139.175 -13 3225 1 0 1
-3.02516 1.4223 10700 -0.0360327 -0.0923551 27.9998 139.206 -13 3226 1 0 1
10.6977 1.54079 10700 -0.117794 -0.0790072 27.9996 139.274 -13 3227 1 0 1
36.6167 -0.989058 10700 -0.260644 0.0524796 27.9987 139.421 -13 3228 1 0 1
-10.4591 6.75348 10700 0.0083026 -0.318667 27.9982 139.174 -13 3229 1 0 1
-43.563 5.70282 10700 0.221665 -0.422975 27.9959 139.011 -13 3230 1 0 1
49.6886 -10.1387 10700 -0.361212 0.84338 27.985 139.52 -13 3231 1 0 1
22.9179 -1.365 10700 -0.169962 -0.00187574 27.9995 139.358 -13 3232 1 0 1
27.676 -11.8297 10700 -0.220971 0.765334 27.9887 139.397 -13 3233 1 0 1
-0.940315 5.48777 10700 -0.0427638 -0.344197 27.9979 139.226 -13 3234 1 0 1
31.8048 1.32228 10700 -0.236467 -0.105446 27.9988 139.391 -13 3235 1 0 1
64.3143 -17.2541 10700 -0.53237 1.43413 27.9582 139.662 -13 3236 1 0 1
50.2228 -4.07161 10700 -0.34144 0.305586 27.9963 139.505 -13 3237 1 0 1
42.51 -5.31329 10700 -0.302468 0.466057 27.9945 139.46 -13 3238 1 0 1
16.889 -5.08263 10700 -0.140324 0.249164 27.9985 139.326 -13 3239 1 0 1
-33.0027 13.2706 10700 0.163311 -0.93214 27.984 139.089 -13 3240 1 0 1
7.36259 -4.20527 10700 -0.0952275 0.269779 27.9985 139.264 -13 3241 1 0 1
-4.99789 -1.46557 10700 -0.0190486 0.107647 27.9998 139.201 -13 3242 1 0 1
28.9206 5.20946 10700 -0.219215 -0.351349 27.9969 139.381 -13 3243 1 0 1
-40.1681 4.12271 10700 0.193103 -0.250276 27.9982 139.022 -13 3244 1 0 1
-31.9233 11.7715 10700 0.143721 -0.789117 27.9885 139.077 -13 3245 1 0 1
50.7321 3.81278 10700 -0.361852 -0.254183 27.9965 139.489 -13 3246 1 0 1
0.99893 10.4787 10700 -0.069825 -0.577992 27.9939 139.233 -13 3247 1 0 1
54.7578 -10.8932 10700 -0.393734 0.835791 27.9848 139.553 -13 3248 1 0 1
57.2261 3.94728 10700 -0.39243 -0.359039 27.9949 139.538 -13 3249 1 0 1
3.65353 0.462062 10700 -0.070038 -0.00783289 27.9999 139.244 -13 3250 1 0 1
23.3714 -8.18097 10700 -0.187596 0.560378 27.9938 139.363 -13 3251 1 0 1
45.9675 3.48978 10700 -0.320211 -0.139501 27.9978 139.473 -13 3252 1 0 1
38.3085 -2.8655 10700 -0.264419 0.195321 27.9981 139.44 -13 3253 1 0 1
22.5847 -11.2107 10700 -0.191118 0.747769 27.9894 139.365 -13 3254 1 0 1
24.337 6.21978 10700 -0.187818 -0.32148 27.9975 139.364 -13 3255 1 0 1
2.65794 -11.1158 10700 -0.0640608 0.617139 27.9931 139.261 -13 3256 1 0 1
-15.9404 -0.644986 10700 0.0472486 0.121038 27.9997 139.146 -13 3257 1 0 1
1.04484 9.38462 10700 -0.0525958 -0.52684 27.995 139.247 -13 3258 1 0 1
6.26027 15.4486 10700 -0.0845891 -1.00013 27.982 139.309 -13 3259 1 0 1
-24.4758 6.81142 10700 0.0968205 -0.449252 27.9962 139.104 -13 3260 1 0 1
67.4291 -3.55553 10700 -0.444219 0.264846 27.9952 139.608 -13 3261 1 0 1
-23.6344 -4.0064 10700 0.0946027 0.251115 27.9987 139.109 -13 3262 1 0 1
1.69728 2.45365 10700 -0.0443329 -0.104561 27.9998 139.251 -13 3263 1 0 1
54.6577 -21.4842 10700 -0.531257 2.01256 27.9225 139.686 -13 3264 1 0 1
-1.72553 -0.0736896 10700 -0.0404866 0.016292 28 139.215 -13 3265 1 0 1
1.1631 -12.1506 10700 -0.055042 0.808457 27.9883 139.261 -13 3266 1 0 1
13.0244 -3.42009 10700 -0.130113 0.208499 27.9989 139.29 -13 3267 1 0 1
13.6135 -1.09203 10700 -0.135788 0.109763 27.9995 139.289 -13 3268 1 0 1
11.1737 -6.93027 10700 -0.107634 0.451059 27.9962 139.299 -13 3269 1 0 1
35.2737 -8.40321 10700 -0.251045 0.600291 27.9924 139.439 -13 3270 1 0 1
35.4372 -6.64164 10700 -0.249015 0.325409 27.997 139.431 -13 3271 1 0 1
1.40062 6.44305 10700 -0.0611622 -0.366577 27.9975 139.235 -13 3272 1 0 1
57.5558 3.86885 10700 -0.400934 -0.315481 27.9954 139.533 -13 3273 1 0 1
-9.40145 15.5167 10700 0.0044214 -1.03721 27.9808 139.215 -13 3274 1 0 1
37.8635 -3.56529 10700 -0.281795 0.302824 27.9969 139.419 -13 3275 1 0 1
-35.3815 -2.92422 10700 0.157337 0.20352 27.9988 139.039 -13 3276 1 0 1
46.5368 -3.55396 10700 -0.316748 0.219229 27.9974 139.484 -13 3277 1 0 1
-2.64677 6.40382 10700 -0.0334038 -0.327073 27.9981 139.219 -13 3278 1 0 1
-75.1051 4.67885 10700 0.432998 -0.332598 27.9947 138.846 -13 3279 1 0 1
-78.4827 4.75968 10700 0.448183 -0.299387 27.9948 138.821 -13 3280 1 0 1
-12.7732 -2.50882 10700 0.0260734 0.0950292 27.9998 139.16 -13 3281 1 0 1
13.3416 -7.03955 10700 -0.130405 0.423641 27.9965 139.3 -13 3282 1 0 1
12.3988 -4.88595 10700 -0.11343 0.273318 27.9984 139.303 -13 3283 1 0 1
33.9083 2.56711 10700 -0.251067 -0.189528 27.9982 139.402 -13 3284 1 0 1
-8.38773 -12.6583 10700 0.00484272 0.772517 27.9893 139.211 -13 3285 1 0 1
64.6641 -13.7976 10700 -0.483225 1.23975 27.9684 139.651 -13 3286 1 0 1
54.9524 -7.61591 10700 -0.376576 0.675721 27.9893 139.551 -13 3287 1 0 1
-35.0033 3.90156 10700 0.165247 -0.280758 27.9981 139.052 -13 3288 1 0 1
10.9805 -2.24936 10700 -0.109394 0.0939423 27.9996 139.287 -13 3289 1 0 1
7.67636 10.6325 10700 -0.103174 -0.611853 27.9931 139.277 -13 3290 1 0 1
60.6163 -2.61275 10700 -0.403188 0.233206 27.9961 139.564 -13 3291 1 0 1
62.085 -16.4944 10700 -0.508444 1.52833 27.9536 139.656 -13 3292 1 0 1
12.0761 13.1404 10700 -0.117682 -0.780492 27.9889 139.326 -13 3293 1 0 1
35.5034 2.76257 10700 -0.250973 -0.19009 27.9982 139.421 -13 3294 1 0 1
20.5697 -9.60461 10700 -0.174465 0.740929 27.9897 139.353 -13 3295 1 0 1
3.85941 9.72807 10700 -0.0767806 -0.607416 27.9933 139.259 -13 3296 1 0 1
10.1961 6.89095 10700 -0.116336 -0.455778 27.996 139.279 -13 3297 1 0 1
32.679 5.65205 10700 -0.237373 -0.263178 27.9978 139.407 -13 3298 1 0 1
43.7494 -15.0982 10700 -0.341916 1.14626 27.9744 139.514 -13 3299 1 0 1
7.91028 -10.5212 10700 -0.0930639 0.670922 27.9918 139.292 -13 3300 1 0 1
-71.7125 13.6954 10700 0.440745 -1.1247 27.9739 138.887 -13 3301 1 0 1
-17.8454 -12.8974 10700 0.0550528 0.858541 27.9868 139.156 -13 3302 1 0 1
21.5044 -7.52321 10700 -0.169244 0.477048 27.9954 139.354 -13 3303 1 0 1
-15.3059 -8.60297 10700 0.0405817 0.52665 27.995 139.156 -13 3304 1 0 1
14.6623 5.82246 10700 -0.129994 -0.371318 27.9972 139.313 -13 3305 1 0 1
35.5654 -9.09829 10700 -0.259548 0.6198 27.9919 139.437 -13 3306 1 0 1
44.0316 -7.51427 10700 -0.33407 0.581901 27.992 139.458 -13 3307 1 0 1
33.5921 -4.14038 10700 -0.24758 0.232865 27.9979 139.404 -13 3308 1 0 1
-35.636 24.254 10700 0.219978 -1.85785 27.9374 139.148 -13 3309 1 0 1
45.0376 8.2656 10700 -0.319503 -0.625845 27.9912 139.488 -13 3310 1 0 1
19.5414 -5.48188 10700 -0.172261 0.418126 27.9963 139.324 -13 3311 1 0 1
32.3645 -13.1046 10700 -0.257024 0.867641 27.9854 139.427 -13 3312 1 0 1
48.793 -1.03572 10700 -0.324475 -0.0187294 27.9981 139.5 -13 3313 1 0 1
-35.5528 -4.82798 10700 0.159943 0.391659 27.9968 139.041 -13 3314 1 0 1
42.1731 0.667753 10700 -0.294786 -0.0799853 27.9983 139.451 -13 3315 1 0 1
-36.7882 22.3584 10700 0.217425 -1.72756 27.9458 139.127 -13 3316 1 0 1
4.60242 0.533484 10700 -0.0713053 0.0689565 27.9998 139.255 -13 3317 1 0 1
-17.7912 4.53736 10700 0.0668612 -0.247686 27.9988 139.148 -13 3318 1 0 1
-3.5974 -0.227652 10700 -0.025629 -0.0163045 28 139.209 -13 3319 1 0 1
24.8806 -9.64977 10700 -0.195564 0.593442 27.993 139.377 -13 3320 1 0 1
-19.5093 16.6842 10700 0.0724475 -0.980168 27.9827 139.166 -13 3321 1 0 1
4.22014 8.31004 10700 -0.0782178 -0.484019 27.9957 139.254 -13 3322 1 0 1
45.7619 -6.99755 10700 -0.315271 0.513467 27.9935 139.491 -13 3323 1 0 1
-20.3991 12.0451 10700 0.0672223 -0.80621 27.9883 139.135 -13 3324 1 0 1
-13.4646 1.60905 10700 0.0223701 -0.103583 27.9998 139.149 -13 3325 1 0 1
-36.594 14.2184 10700 0.188176 -0.996722 27.9816 139.074 -13 3326 1 0 1
58.5845 -13.4572 10700 -0.444061 1.20155 27.9707 139.602 -13 3327 1 0 1
-52.4517 1.75303 10700 0.274687 -0.127287 27.9984 138.96 -13 3328 1 0 1
15.0717 1.4163 10700 -0.144994 -0.0370042 27.9996 139.295 -13 3329 1 0 1
-73.7154 14.9175 10700 0.475886 -1.18041 27.9711 138.891 -13 3330 1 0 1
80.3217 -9.07861 10700 -0.575689 0.89761 27.9797 139.692 -13 3331 1 0 1
-26.0862 2.7995 10700 0.110376 -0.247376 27.9987 139.097 -13 3332 1 0 1
13.3144 -16.3319 10700 -0.131452 0.983901 27.9824 139.347 -13 3333 1 0 1
-2.93377 6.91758 10700 -0.0288724 -0.394335 27.9972 139.22 -13 3334 1 0 1
37.6606 -17.6998 10700 -0.321296 1.34743 27.9657 139.498 -13 3335 1 0 1
49.0606 -11.8569 10700 -0.372975 0.842214 27.9848 139.509 -13 3336 1 0 1
-0.666943 13.8727 10700 -0.0437465 -0.804462 27.9884 139.257 -13 3337 1 0 1
-1.94014 -2.36711 10700 -0.0298072 0.118399 27.9997 139.225 -13 3338 1 0 1
40.1764 -4.50715 10700 -0.283492 0.318648 27.9968 139.446 -13 3339 1 0 1
-15.4878 1.58932 10700 0.0401322 -0.0395759 27.9999 139.143 -13 3340 1 0 1
-16.5909 8.46771 10700 0.0554087 -0.436812 27.9965 139.154 -13 3341 1 0 1
-12.1883 -5.47059 10700 0.0220762 0.39996 27.9971 139.166 -13 3342 1 0 1
33.7807 -1.16818 10700 -0.237656 0.0367164 27.999 139.412 -13 3343 1 0 1
-11.4811 -8.02956 10700 0.0144808 0.525127 27.9951 139.173 -13 3344 1 0 1
2.5544 5.33729 10700 -0.0629763 -0.331356 27.998 139.245 -13 3345 1 0 1
2.29127 -14.9109 10700 -0.064952 0.907604 27.9852 139.276 -13 3346 1 0 1
-9.52478 -17.0992 10700 0.00690225 1.06359 27.9798 139.221 -13 3347 1 0 1
26.1479 -4.02808 10700 -0.201521 0.24133 27.9982 139.366 -13 3348 1 0 1
16.1046 1.64114 10700 -0.147422 -0.0672771 27.9995 139.304 -13 3349 1 0 1
11.1882 -8.38829 10700 -0.128051 0.501895 27.9952 139.283 -13 3350 1 0 1
58.9704 -5.86636 10700 -0.404853 0.486724 27.9928 139.555 -13 3351 1 0 1
0.458609 -8.24092 10700 -0.0429242 0.477554 27.9959 139.247 -13 3352 1 0 1
-7.61882 -2.84313 10700 -0.0115038 0.131803 27.9997 139.18 -13 3353 1 0 1
73.1263 -1.73872 10700 -0.487545 0.201412 27.995 139.629 -13 3354 1 0 1
-5.36644 -8.20527 10700 -0.0184244 0.499522 27.9955 139.207 -13 3355 1 0 1
13.2736 -12.1112 10700 -0.145306 0.826494 27.9874 139.31 -13 3356 1 0 1
-21.7701 16.633 10700 0.0924472 -1.06966 27.9794 139.159 -13 3357 1 0 1
21.7872 -18.0696 10700 -0.197777 1.35509 27.9665 139.418 -13 3358 1 0 1
26.0748 -17.1013 10700 -0.214999 1.22856 27.9722 139.438 -13 3359 1 0 1
30.2419 -6.85167 10700 -0.210985 0.436935 27.9958 139.41 -13 3360 1 0 1
-65.4207 17.3379 10700 0.412326 -1.41446 27.9612 138.938 -13 3361 1 0 1
24.4119 -9.68566 10700 -0.187781 0.604264 27.9928 139.38 -13 3362 1 0 1
45.3723 -19.9721 10700 -0.406947 1.72338 27.944 139.59 -13 3363 1 0 1
49.9853 4.62882 10700 -0.340424 -0.402378 27.995 139.506 -13 3364 1 0 1
-3.86394 -16.8455 10700 -0.0426676 1.14309 27.9766 139.244 -13 3365 1 0 1
-23.7314 8.37367 10700 0.0881835 -0.475845 27.9958 139.106 -13 3366 1 0 1
-70.333 1.01061 10700 0.396603 -0.0948377 27.997 138.868 -13 3367 1 0 1
82.4546 0.944621 10700 -0.556274 -0.121938 27.9942 139.671 -13 3368 1 0 1
-2.35555 5.99306 10700 -0.0389443 -0.32265 27.9981 139.216 -13 3369 1 0 1
-16.3917 -0.614632 10700 0.053226 0.0409421 27.9999 139.147 -13 3370 1 0 1
6.20269 8.10678 10700 -0.0832287 -0.625286 27.9929 139.278 -13 3371 1 0 1
0.708839 16.043 10700 -0.0582922 -1.11506 27.9777 139.277 -13 3372 1 0 1
-38.9056 0.530359 10700 0.196403 -0.0127783 27.9993 139.037 -13 3373 1 0 1
-0.0748057 -4.05342 10700 -0.0439396 0.202966 27.9992 139.233 -13 3374 1 0 1
-63.0442 4.67319 10700 0.333446 -0.300734 27.9964 138.896 -13 3375 1 0 1
10.4149 5.11968 10700 -0.102527 -0.231871 27.9989 139.292 -13 3376 1 0 1
50.6171 -14.4138 10700 -0.395108 1.08682 27.9761 139.541 -13 3377 1 0 1
12.367 0.631561 10700 -0.123967 0.000100054 27.9997 139.286 -13 3378 1 0 1
4.17937 9.17683 10700 -0.0717021 -0.578203 27.9939 139.266 -13 3379 1 0 1
6.56726 -7.25158 10700 -0.0862971 0.394879 27.9971 139.268 -13 3380 1 0 1
41.3844 -6.19393 10700 -0.296881 0.40576 27.9955 139.451 -13 3381 1 0 1
26.4239 2.93151 10700 -0.199992 -0.19812 27.9986 139.369 -13 3382 1 0 1
25.8993 -17.202 10700 -0.22592 1.24703 27.9713 139.428 -13 3383 1 0 1
3.5848 -15.2696 10700 -0.0708362 1.03518 27.9808 139.29 -13 3384 1 0 1
83.8441 -13.2816 10700 -0.642476 1.34254 27.9604 139.768 -13 3385 1 0 1
-35.1709 12.9071 10700 0.175818 -0.858362 27.9863 139.074 -13 3386 1 0 1
-10.5957 -1.78413 10700 0.013459 0.101525 27.9998 139.172 -13 3387 1 0 1
-17.9941 6.10864 10700 0.0693224 -0.272721 27.9986 139.151 -13 3388 1 0 1
17.0309 1.34878 10700 -0.151437 -0.0391575 27.9996 139.31 -13 3389 1 0 1
65.7588 -1.06366 10700 -0.446858 0.0308734 27.9964 139.578 -13 3390 1 0 1
-33.1777 5.58347 10700 0.145033 -0.395512 27.9968 139.052 -13 3391 1 0 1
-6.46166 -3.13286 10700 -0.0158946 0.22081 27.9991 139.19 -13 3392 1 0 1
16.5768 -6.68941 10700 -0.141719 0.466706 27.9958 139.325 -13 3393 1 0 1
68.0955 -12.6719 10700 -0.499113 1.10922 27.9736 139.655 -13 3394 1 0 1
-54.4126 11.7904 10700 0.285839 -0.80904 27.9868 138.954 -13 3395 1 0 1
-5.08919 -4.92556 10700 -0.0153956 0.311436 27.9983 139.208 -13 3396 1 0 1
-13.8083 3.38118 10700 0.0268461 -0.177165 27.9994 139.151 -13 3397 1 0 1
28.8281 12.9047 10700 -0.2407 -0.876936 27.9852 139.4 -13 3398 1 0 1
24.3424 -7.34479 10700 -0.200693 0.524354 27.9944 139.358 -13 3399 1 0 1
23.4962 -12.3929 10700 -0.189781 0.782249 27.9884 139.382 -13 3400 1 0 1
-4.80955 13.3596 10700 -0.0229933 -0.822457 27.9879 139.228 -13 3401 1 0 1
8.32348 -11.9021 10700 -0.108571 0.760469 27.9895 139.287 -13 3402 1 0 1
-29.2262 -8.75318 10700 0.126964 0.457743 27.996 139.082 -13 3403 1 0 1
14.1714 -5.74841 10700 -0.12575 0.411491 27.9967 139.312 -13 3404 1 0 1
68.264 -7.04772 10700 -0.472958 0.545842 27.9907 139.608 -13 3405 1 0 1
-17.9406 5.80814 10700 0.0610183 -0.379963 27.9974 139.141 -13 3406 1 0 1
46.2458 -17.0123 10700 -0.372144 1.33641 27.9656 139.553 -13 3407 1 0 1
-16.4509 8.58895 10700 0.0469793 -0.613114 27.9932 139.153 -13 3408 1 0 1
-9.18826 -12.0912 10700 0.00515945 0.725242 27.9906 139.2 -13 3409 1 0 1
34.4238 -4.38375 10700 -0.249416 0.221101 27.998 139.412 -13 3410 1 0 1
-26.0529 3.72304 10700 0.105392 -0.249801 27.9987 139.093 -13 3411 1 0 1
-1.30304 4.7133 10700 -0.0399262 -0.221296 27.9991 139.224 -13 3412 1 0 1
25.2247 -18.2705 10700 -0.23418 1.29664 27.969 139.424 -13 3413 1 0 1
-14.2384 16.7501 10700 0.0321102 -1.21883 27.9734 139.198 -13 3414 1 0 1
53.6518 -9.04027 10700 -0.381303 0.607188 27.9908 139.531 -13 3415 1 0 1
0.777909 -12.1588 10700 -0.056408 0.88442 27.986 139.258 -13 3416 1 0 1
10.897 -13.9868 10700 -0.130546 0.845862 27.9869 139.305 -13 3417 1 0 1
-50.5821 25.828 10700 0.419353 -2.35251 27.8978 139.114 -13 3418 1 0 1
23.555 -8.0906 10700 -0.190307 0.64847 27.9918 139.365 -13 3419 1 0 1
31.8307 -14.8253 10700 -0.268091 1.15971 27.9747 139.44 -13 3420 1 0 1
-54.7274 6.92745 10700 0.295155 -0.415066 27.9954 138.955 -13 3421 1 0 1
20.1593 -0.959102 10700 -0.171361 -0.0114018 27.9995 139.325 -13 3422 1 0 1
32.3802 -6.96795 10700 -0.240069 0.479585 27.9949 139.406 -13 3423 1 0 1
36.4454 3.60155 10700 -0.268568 -0.159178 27.9983 139.414 -13 3424 1 0 1
-19.2807 14.8093 10700 0.0756019 -0.901164 27.9854 139.165 -13 3425 1 0 1
24.6994 -2.86229 10700 -0.194071 0.0948628 27.9992 139.354 -13 3426 1 0 1
-61.06 1.68091 10700 0.330427 -0.122375 27.9978 138.914 -13 3427 1 0 1
-27.9315 0.881246 10700 0.111249 0.0290635 27.9998 139.076 -13 3428 1 0 1
31.179 1.29714 10700 -0.235685 -0.0824315 27.9989 139.384 -13 3429 1 0 1
46.0847 -5.29964 10700 -0.324021 0.363036 27.9958 139.476 -13 3430 1 0 1
-41.8638 6.46447 10700 0.205102 -0.384572 27.9966 139.015 -13 3431 1 0 1
24.4454 -2.36546 10700 -0.188956 0.128856 27.9991 139.357 -13 3432 1 0 1
41.4106 4.1653 10700 -0.281553 -0.264928 27.9973 139.462 -13 3433 1 0 1
35.5695 9.40389 10700 -0.260079 -0.630635 27.9917 139.439 -13 3434 1 0 1
24.6558 1.88278 10700 -0.184129 -0.155914 27.999 139.364 -13 3435 1 0 1
22.1795 -9.82079 10700 -0.191017 0.735266 27.9897 139.356 -13 3436 1 0 1
6.79245 -2.17648 10700 -0.0851045 0.156431 27.9994 139.265 -13 3437 1 0 1
-2.65581 17.0519 10700 -0.0343914 -1.03164 27.981 139.261 -13 3438 1 0 1
68.6804 -11.178 10700 -0.5099 1.00605 27.9773 139.633 -13 3439 1 0 1
-49.672 21.0806 10700 0.322134 -1.62726 27.9508 139.052 -13 3440 1 0 1
-8.97156 -14.7136 10700 0.00425019 0.96623 27.9833 139.215 -13 3441 1 0 1
-0.373451 -18.7603 10700 -0.0497293 1.22076 27.9733 139.289 -13 3442 1 0 1
9.56315 -11.9507 10700 -0.104901 0.838567 27.9872 139.307 -13 3443 1 0 1
-30.8393 -1.11791 10700 0.126653 0.0581446 27.9997 139.058 -13 3444 1 0 1
12.951 -6.00096 10700 -0.124112 0.346691 27.9976 139.3 -13 3445 1 0 1
-15.8598 3.95426 10700 0.0540296 -0.241258 27.9989 139.156 -13 3446 1 0 1
39.6411 -15.1803 10700 -0.322635 1.19214 27.9727 139.489 -13 3447 1 0 1
47.9536 -25.8525 10700 -0.59298 2.55237 27.8771 139.751 -13 3448 1 0 1
12.1081 -19.0259 10700 -0.145057 1.37136 27.966 139.358 -13 3449 1 0 1
-0.52363 1.77744 10700 -0.0474771 -0.0857526 27.9998 139.222 -13 3450 1 0 1
0.81442 6.0964 10700 -0.0554021 -0.285931 27.9985 139.235 -13 3451 1 0 1
-28.8141 -0.975947 10700 0.126194 0.107073 27.9995 139.08 -13 3452 1 0 1
-23.2492 -5.84349 10700 0.0780155 0.355167 27.9976 139.099 -13 3453 1 0 1
-3.84575 11.5351 10700 -0.0359359 -0.779443 27.9891 139.22 -13 3454 1 0 1
6.55622 3.80509 10700 -0.102301 -0.309196 27.9981 139.247 -13 3455 1 0 1
-10.2841 6.56195 10700 0.016322 -0.485483 27.9958 139.186 -13 3456 1 0 1
29.5922 -21.2468 10700 -0.278044 1.62917 27.9512 139.491 -13 3457 1 0 1
-49.8826 -4.50827 10700 0.255551 0.287862 27.9974 138.972 -13 3458 1 0 1
19.8441 1.70031 10700 -0.163454 -0.0644475 27.9994 139.33 -13 3459 1 0 1
40.123 -22.8807 10700 -0.39113 1.85752 27.9356 139.583 -13 3460 1 0 1
-7.99694 -10.0385 10700 -0.00297152 0.696981 27.9913 139.201 -13 3461 1 0 1
-8.84374 0.683778 10700 0.00726372 -0.109079 27.9998 139.185 -13 3462 1 0 1
18.2021 -3.64609 10700 -0.148795 0.213449 27.9988 139.329 -13 3463 1 0 1
23.2153 -4.7526 10700 -0.174663 0.290869 27.9979 139.362 -13 3464 1 0 1
-37.6241 1.37401 10700 0.165864 -0.0981439 27.9993 139.022 -13 3465 1 0 1
-13.0456 13.957 10700 0.0212755 -0.939041 27.9842 139.182 -13 3466 1 0 1
-3.64647 10.0502 10700 -0.0318395 -0.652417 27.9924 139.222 -13 3467 1 0 1
47.7012 2.88498 10700 -0.326853 -0.14526 27.9977 139.486 -13 3468 1 0 1
-11.4829 5.32516 10700 0.0196853 -0.328277 27.9981 139.172 -13 3469 1 0 1
-16.1096 -0.269697 10700 0.0353731 0.0261319 28 139.132 -13 3470 1 0 1
13.2507 -2.14795 10700 -0.125686 0.120034 27.9995 139.296 -13 3471 1 0 1
68.1169 -15.4838 10700 -0.527355 1.36141 27.9619 139.687 -13 3472 1 0 1
55.8546 -1.13764 10700 -0.377244 0.10211 27.9973 139.53 -13 3473 1 0 1
-23.3405 16.0784 10700 0.100457 -1.01822 27.9813 139.147 -13 3474 1 0 1
-26.3884 5.01584 10700 0.108681 -0.40546 27.9969 139.093 -13 3475 1 0 1
-48.5835 15.822 10700 0.260971 -1.15896 27.9748 139.004 -13 3476 1 0 1
45.9803 -11.224 10700 -0.328378 0.802892 27.9866 139.508 -13 3477 1 0 1
-19.2788 7.47744 10700 0.0653623 -0.478794 27.9958 139.133 -13 3478 1 0 1
-60.9636 11.2663 10700 0.334763 -0.704787 27.9891 138.924 -13 3479 1 0 1
-30.515 8.21725 10700 0.137692 -0.515471 27.9949 139.079 -13 3480 1 0 1
9.45287 -5.43437 10700 -0.110452 0.323126 27.9979 139.274 -13 3481 1 0 1
10.3842 -6.76145 10700 -0.106586 0.438903 27.9964 139.29 -13 3482 1 0 1
-5.87714 17.9211 10700 -0.0244198 -1.23881 27.9726 139.247 -13 3483 1 0 1
-4.8294 -15.6102 10700 -0.0255839 1.05276 27.9802 139.24 -13 3484 1 0 1
23.0843 -6.98387 10700 -0.173875 0.499584 27.995 139.369 -13 3485 1 0 1
14.4092 10.5996 10700 -0.132334 -0.709819 27.9907 139.327 -13 3486 1 0 1
20.7318 -10.1625 10700 -0.174866 0.651658 27.9919 139.354 -13 3487 1 0 1
81.2719 -11.3913 10700 -0.584906 0.982259 27.9767 139.72 -13 3488 1 0 1
-37.1488 13.734 10700 0.185228 -0.827165 27.9872 139.061 -13 3489 1 0 1
18.3863 -6.84668 10700 -0.160426 0.486404 27.9953 139.328 -13 3490 1 0 1
-23.8784 16.9128 10700 0.104635 -1.07919 27.979 139.147 -13 3491 1 0 1
68.1429 -13.2411 10700 -0.501225 1.09995 27.9739 139.657 -13 3492 1 0 1
-53.5031 7.17384 10700 0.273632 -0.531386 27.9936 138.95 -13 3493 1 0 1
-18.6214 17.6304 10700 0.0657749 -1.15059 27.9763 139.176 -13 3494 1 0 1
55.8644 3.31945 10700 -0.380879 -0.211853 27.9966 139.53 -13 3495 1 0 1
40.2069 3.00545 10700 -0.29548 -0.209 27.9977 139.43 -13 3496 1 0 1
-2.02347 -3.34463 10700 -0.036001 0.131314 27.9997 139.218 -13 3497 1 0 1
26.689 14.2665 10700 -0.218612 -0.981689 27.9819 139.41 -13 3498 1 0 1
2.00694 -2.92827 10700 -0.0661686 0.176184 27.9994 139.232 -13 3499 1 0 1
34.1947 -0.772673 10700 -0.250946 0.0590568 27.9988 139.403 -13 3500 1 0 1
-62.9475 6.69642 10700 0.338082 -0.511561 27.9933 138.901 -13 3501 1 0 1
10.9282 9.08819 10700 -0.11985 -0.664228 27.9919 139.295 -13 3502 1 0 1
12.7343 0.336063 10700 -0.127944 0.0030993 27.9997 139.286 -13 3503 1 0 1
19.9724 20.7024 10700 -0.201694 -1.49661 27.9592 139.419 -13 3504 1 0 1
24.1796 -6.33187 10700 -0.189398 0.380823 27.9968 139.36 -13 3505 1 0 1
49.8353 4.80849 10700 -0.346047 -0.361405 27.9955 139.498 -13 3506 1 0 1
26.0715 -0.779525 10700 -0.195723 0.114177 27.9991 139.367 -13 3507 1 0 1
42.4629 -3.29064 10700 -0.297374 0.19064 27.9978 139.455 -13 3508 1 0 1
-36.6844 11.2979 10700 0.174223 -0.732255 27.9899 139.051 -13 3509 1 0 1
14.6963 -20.5876 10700 -0.171892 1.43909 27.9625 139.378 -13 3510 1 0 1
34.8194 -22.8185 10700 -0.339101 1.79757 27.9402 139.545 -13 3511 1 0 1
28.7426 0.553493 10700 -0.21425 0.00311904 27.9992 139.378 -13 3512 1 0 1
11.8718 6.8092 10700 -0.124123 -0.505497 27.9952 139.293 -13 3513 1 0 1
64.7548 -12.3175 10700 -0.475952 1.00175 27.978 139.621 -13 3514 1 0 1
6.63706 8.83513 10700 -0.0983181 -0.582389 27.9938 139.266 -13 3515 1 0 1
-18.8826 6.97102 10700 0.0656526 -0.333309 27.9979 139.138 -13 3516 1 0 1
29.5576 -3.67169 10700 -0.232122 0.347633 27.9969 139.374 -13 3517 1 0 1
-33.9302 22.3912 10700 0.187619 -1.65308 27.9505 139.132 -13 3518 1 0 1
12.6588 10.5319 10700 -0.128622 -0.721368 27.9904 139.311 -13 3519 1 0 1
40.1482 -4.5279 10700 -0.292733 0.30108 27.9969 139.437 -13 3520 1 0 1
-41.7657 13.0018 10700 0.209006 -0.932796 27.9837 139.031 -13 3521 1 0 1
-20.3012 -7.64447 10700 0.0674607 0.457075 27.9962 139.123 -13 3522 1 0 1
-41.4123 -6.5673 10700 0.200731 0.449811 27.9957 139.016 -13 3523 1 0 1
17.9717 4.74979 10700 -0.157983 -0.343267 27.9975 139.319 -13 3524 1 0 1
-15.4508 -9.9033 10700 0.0472777 0.55377 27.9945 139.162 -13 3525 1 0 1
-12.3371 -8.3668 10700 0.0332233 0.55626 27.9945 139.183 -13 3526 1 0 1
-11.3449 4.1031 10700 0.0147946 -0.140711 27.9996 139.167 -13 3527 1 0 1
-16.5808 -0.14883 10700 0.0526126 -0.0973684 27.9998 139.144 -13 3528 1 0 1
25.8652 8.14905 10700 -0.207373 -0.527785 27.9943 139.369 -13 3529 1 0 1
6.68542 11.0699 10700 -0.0986637 -0.664277 27.9919 139.274 -13 3530 1 0 1
28.6491 4.31471 10700 -0.223411 -0.344194 27.997 139.372 -13 3531 1 0 1
-45.549 1.08247 10700 0.222678 -0.123658 27.9988 138.988 -13 3532 1 0 1
15.4882 -3.91705 10700 -0.143512 0.291676 27.9981 139.305 -13 3533 1 0 1
53.6743 -15.8958 10700 -0.413729 1.12065 27.9745 139.575 -13 3534 1 0 1
-41.9604 1.81272 10700 0.204699 -0.0882561 27.9991 139.011 -13 3535 1 0 1
-6.70758 -3.04716 10700 -0.00388539 0.214069 27.9992 139.199 -13 3536 1 0 1
-1.25835 7.71294 10700 -0.0383619 -0.462672 27.9962 139.232 -13 3537 1 0 1
-25.4072 10.9586 10700 0.11633 -0.656576 27.9921 139.124 -13 3538 1 0 1
-18.5716 -11.595 10700 0.0668478 0.664338 27.992 139.153 -13 3539 1 0 1
-30.9418 5.20364 10700 0.138642 -0.440796 27.9962 139.073 -13 3540 1 0 1
64.2984 -8.15556 10700 -0.457835 0.74937 27.9862 139.59 -13 3541 1 0 1
8.46485 -1.79426 10700 -0.105371 0.0943057 27.9996 139.263 -13 3542 1 0 1
8.65891 6.41278 10700 -0.0977447 -0.410096 27.9968 139.279 -13 3543 1 0 1
7.11949 5.10741 10700 -0.0955017 -0.36509 27.9975 139.262 -13 3544 1 0 1
-0.557759 12.0145 10700 -0.0322399 -0.724232 27.9906 139.263 -13 3545 1 0 1
-0.340514 4.2994 10700 -0.0500646 -0.227486 27.999 139.224 -13 3546 1 0 1
73.3196 -6.74241 10700 -0.500129 0.600025 27.9891 139.646 -13 3547 1 0 1
33.4257 -4.96746 10700 -0.241037 0.245792 27.9979 139.411 -13 3548 1 0 1
10.1458 7.22711 10700 -0.10531 -0.388636 27.9971 139.289 -13 3549 1 0 1
44.1373 -14.274 10700 -0.339161 1.05635 27.978 139.509 -13 3550 1 0 1
-2.71261 -8.10164 10700 -0.0297647 0.569034 27.9942 139.229 -13 3551 1 0 1
-20.6912 -16.6343 10700 0.0809923 1.07256 27.9793 139.16 -13 3552 1 0 1
23.6648 7.31005 10700 -0.194106 -0.528689 27.9943 139.357 -13 3553 1 0 1
13.3019 -10.9399 10700 -0.136362 0.722601 27.9903 139.311 -13 3554 1 0 1
-11.2696 -0.280206 10700 0.0191916 0.0268187 28 139.169 -13 3555 1 0 1
36.6634 -4.54626 10700 -0.270779 0.290058 27.9972 139.418 -13 3556 1 0 1
1.93277 -3.67924 10700 -0.0619388 0.192189 27.9993 139.236 -13 3557 1 0 1
41.6641 -8.08189 10700 -0.300451 0.55758 27.9928 139.462 -13 3558 1 0 1
15.0116 -17.9866 10700 -0.148444 1.17466 27.975 139.368 -13 3559 1 0 1
47.6922 1.91226 10700 -0.327608 -0.124878 27.9978 139.484 -13 3560 1 0 1
-14.997 7.12747 10700 0.0462723 -0.431029 27.9966 139.161 -13 3561 1 0 1
17.8814 -9.78743 10700 -0.156878 0.69878 27.9908 139.339 -13 3562 1 0 1
-20.5523 15.3165 10700 0.0852006 -1.07258 27.9793 139.165 -13 3563 1 0 1
8.94968 9.84498 10700 -0.106613 -0.615392 27.993 139.287 -13 3564 1 0 1
39.574 -12.7968 10700 -0.303131 0.841963 27.9857 139.466 -13 3565 1 0 1
31.2812 -6.88489 10700 -0.228418 0.51081 27.9944 139.408 -13 3566 1 0 1
14.6522 13.6315 10700 -0.146083 -0.910424 27.9848 139.334 -13 3567 1 0 1
-30.203 20.0906 10700 0.151814 -1.30634 27.9691 139.133 -13 3568 1 0 1
29.1581 -5.78005 10700 -0.215389 0.432195 27.9958 139.39 -13 3569 1 0 1
5.95688 -16.461 10700 -0.0858018 0.955884 27.9835 139.306 -13 3570 1 0 1
34.6952 -9.2594 10700 -0.248171 0.609063 27.9923 139.438 -13 3571 1 0 1
-30.4046 17.8044 10700 0.142748 -1.16619 27.9753 139.111 -13 3572 1 0 1
32.1226 9.04581 10700 -0.240265 -0.589626 27.9928 139.414 -13 3573 1 0 1
-25.0575 18.6848 10700 0.111816 -1.29786 27.9697 139.153 -13 3574 1 0 1
-32.5508 -3.34304 10700 0.139529 0.232879 27.9987 139.054 -13 3575 1 0 1
-16.9966 -6.18027 10700 0.0526661 0.397864 27.9971 139.143 -13 3576 1 0 1
46.3747 6.08933 10700 -0.316869 -0.491473 27.9939 139.495 -13 3577 1 0 1
20.5492 -13.2023 10700 -0.180923 0.922498 27.9842 139.367 -13 3578 1 0 1
62.0382 -5.7091 10700 -0.422434 0.422627 27.9936 139.571 -13 3579 1 0 1
46.5928 -15.8882 10700 -0.370148 1.39366 27.9628 139.556 -13 3580 1 0 1
-17.0151 2.58498 10700 0.0554671 -0.206505 27.9992 139.143 -13 3581 1 0 1
-17.4003 -9.13295 10700 0.0427273 0.603114 27.9935 139.139 -13 3582 1 0 1
-2.98586 13.5151 10700 -0.0369945 -0.838519 27.9874 139.236 -13 3583 1 0 1
-7.24224 -5.98485 10700 -0.00905293 0.372438 27.9975 139.19 -13 3584 1 0 1
19.1936 18.4429 10700 -0.179521 -1.37916 27.9654 139.409 -13 3585 1 0 1
-19.2319 18.1255 10700 0.0683779 -1.10746 27.978 139.17 -13 3586 1 0 1
4.17029 11.0213 10700 -0.0625842 -0.589602 27.9937 139.279 -13 3587 1 0 1
-2.59039 -1.33091 10700 -0.0410994 0.0487848 27.9999 139.205 -13 3588 1 0 1
37.49 -12.241 10700 -0.273114 0.828769 27.9864 139.466 -13 3589 1 0 1
-12.6844 -9.49866 10700 0.033678 0.59665 27.9936 139.182 -13 3590 1 0 1
47.815 1.38508 10700 -0.326776 -0.151634 27.9977 139.486 -13 3591 1 0 1
5.67326 -6.71579 10700 -0.0904286 0.385415 27.9972 139.253 -13 3592 1 0 1
-46.057 4.50741 10700 0.221499 -0.302225 27.9975 138.983 -13 3593 1 0 1
33.6728 14.7276 10700 -0.272896 -1.02891 27.9798 139.445 -13 3594 1 0 1
64.7029 7.69609 10700 -0.449591 -0.67611 27.9882 139.599 -13 3595 1 0 1
-40.5445 -8.14245 10700 0.19276 0.463893 27.9955 139.019 -13 3596 1 0 1
45.1619 -5.65635 10700 -0.323448 0.415047 27.9951 139.467 -13 3597 1 0 1
58.9473 -23.056 10700 -0.849273 3.20024 27.8035 139.951 -13 3598 1 0 1
-39.9922 -2.25038 10700 0.18566 0.138332 27.999 139.015 -13 3599 1 0 1
35.8378 -0.434593 10700 -0.262541 0.0908465 27.9986 139.41 -13 3600 1 0 1
-13.7681 1.59053 10700 0.0285146 -0.139112 27.9996 139.152 -13 3601 1 0 1
-9.14525 7.23427 10700 0.0104839 -0.416799 27.9969 139.191 -13 3602 1 0 1
9.71841 28.0795 10700 -0.162776 -2.26002 27.9082 139.469 -13 3603 1 0 1
43.0133 -3.05864 10700 -0.303682 0.229768 27.9974 139.455 -13 3604 1 0 1
19.0355 -3.75346 10700 -0.159272 0.215139 27.9987 139.328 -13 3605 1 0 1
39.1967 -2.74576 10700 -0.280903 0.21112 27.9978 139.433 -13 3606 1 0 1
-56.9117 8.00991 10700 0.309323 -0.484827 27.9941 138.943 -13 3607 1 0 1
16.2703 -8.63977 10700 -0.148296 0.560887 27.994 139.323 -13 3608 1 0 1
89.2161 -15.6183 10700 -0.880482 2.31617 27.8901 139.94 -13 3609 1 0 1
-15.4583 6.53587 10700 0.0327225 -0.379526 27.9974 139.141 -13 3610 1 0 1
68.4197 -5.30599 10700 -0.470223 0.457648 27.9923 139.602 -13 3611 1 0 1
11.6427 -8.19679 10700 -0.123576 0.584 27.9936 139.297 -13 3612 1 0 1
-15.6513 11.6532 10700 0.0565453 -0.805628 27.9884 139.179 -13 3613 1 0 1
12.5867 -3.08759 10700 -0.118631 0.236388 27.9988 139.297 -13 3614 1 0 1
-19.2837 1.667 10700 0.0638531 -0.0378076 27.9999 139.125 -13 3615 1 0 1
16.2023 -3.8308 10700 -0.146488 0.200009 27.9989 139.309 -13 3616 1 0 1
19.0812 0.481323 10700 -0.165796 -0.017443 27.9995 139.318 -13 3617 1 0 1
-28.5796 -11.7662 10700 0.126458 0.799362 27.9883 139.099 -13 3618 1 0 1
74.0238 -3.97504 10700 -0.500468 0.306087 27.9939 139.633 -13 3619 1 0 1
41.2809 3.13565 10700 -0.29289 -0.314584 27.9967 139.448 -13 3620 1 0 1
15.5075 1.90538 10700 -0.145103 -0.0850747 27.9995 139.3 -13 3621 1 0 1
20.1763 -10.9636 10700 -0.174185 0.760484 27.9891 139.353 -13 3622 1 0 1
34.5869 -4.08813 10700 -0.254103 0.275902 27.9975 139.409 -13 3623 1 0 1
-21.3954 3.21732 10700 0.0824445 -0.281035 27.9985 139.122 -13 3624 1 0 1
15.2849 6.30136 10700 -0.140431 -0.379641 27.9971 139.309 -13 3625 1 0 1
-7.07159 13.565 10700 -0.00947141 -0.900856 27.9855 139.219 -13 3626 1 0 1
23.9607 3.27553 10700 -0.193117 -0.16772 27.9988 139.348 -13 3627 1 0 1
-39.0802 -2.53291 10700 0.185782 0.0392498 27.9994 139.024 -13 3628 1 0 1
-12.7109 7.81168 10700 0.0281323 -0.506968 27.9954 139.171 -13 3629 1 0 1
37.2063 -5.3618 10700 -0.268324 0.360229 27.9964 139.428 -13 3630 1 0 1
-26.8461 2.76882 10700 0.103432 -0.183456 27.9992 139.081 -13 3631 1 0 1
84.8181 1.57149 10700 -0.555418 -0.00294307 27.9945 139.701 -13 3632 1 0 1
-20.5791 12.3629 10700 0.0757235 -0.745662 27.99 139.141 -13 3633 1 0 1
-57.5474 13.4612 10700 0.327083 -0.964361 27.9815 138.957 -13 3634 1 0 1
10.4122 -12.6886 10700 -0.118376 0.820739 27.9877 139.305 -13 3635 1 0 1
21.6712 1.66836 10700 -0.1837 -0.0905028 27.9993 139.33 -13 3636 1 0 1
42.5887 -13.4154 10700 -0.327854 1.07283 27.9775 139.498 -13 3637 1 0 1
-18.219 2.95484 10700 0.0628855 -0.246949 27.9988 139.138 -13 3638 1 0 1
-30.8598 10.3694 10700 0.146143 -0.692974 27.991 139.089 -13 3639 1 0 1
-29.8475 -8.55942 10700 0.138237 0.486019 27.9954 139.086 -13 3640 1 0 1
43.986 -5.92303 10700 -0.315471 0.320106 27.9964 139.462 -13 3641 1 0 1
40.2898 4.66424 10700 -0.28284 -0.261849 27.9973 139.448 -13 3642 1 0 1
10.5459 -3.29135 10700 -0.112354 0.204788 27.999 139.28 -13 3643 1 0 1
-0.534329 6.62892 10700 -0.0342549 -0.369321 27.9975 139.242 -13 3644 1 0 1
33.7694 -8.76712 10700 -0.248925 0.598814 27.9925 139.425 -13 3645 1 0 1
-1.79119 -12.3284 10700 -0.0487808 0.78336 27.989 139.233 -13 3646 1 0 1
-6.67532 9.35869 10700 -0.0147465 -0.606463 27.9934 139.203 -13 3647 1 0 1
-4.32048 18.5211 10700 -0.0370876 -1.19134 27.9746 139.251 -13 3648 1 0 1
-5.2455 1.10228 10700 -0.014589 -0.00692035 28 139.203 -13 3649 1 0 1
-0.417883 1.40769 10700 -0.040153 -0.00583139 28 139.231 -13 3650 1 0 1
-50.4057 6.84295 10700 0.270406 -0.503793 27.9942 138.981 -13 3651 1 0 1
15.5921 -5.12338 10700 -0.133467 0.349984 27.9975 139.318 -13 3652 1 0 1
23.8496 18.9836 10700 -0.227844 -1.37339 27.9654 139.422 -13 3653 1 0 1
16.541 -9.21396 10700 -0.154124 0.619469 27.9927 139.324 -13 3654 1 0 1
-45.4662 -2.17448 10700 0.224148 0.152749 27.9987 138.991 -13 3655 1 0 1
19.4974 -2.62564 10700 -0.169308 0.166976 27.999 139.321 -13 3656 1 0 1
30.4072 -11.241 10700 -0.231349 0.704003 27.9902 139.414 -13 3657 1 0 1
31.7918 3.48045 10700 -0.236024 -0.234037 27.998 139.394 -13 3658 1 0 1
69.2845 -12.068 10700 -0.499116 0.997158 27.9778 139.655 -13 3659 1 0 1
-15.5198 -16.3273 10700 0.0386904 1.15924 27.976 139.186 -13 3660 1 0 1
-11.142 2.60089 10700 0.000597495 -0.121548 27.9997 139.154 -13 3661 1 0 1
-6.41635 -0.771872 10700 -0.0210712 0.0646832 27.9999 139.183 -13 3662 1 0 1
6.89283 8.13013 10700 -0.0987804 -0.524217 27.9949 139.264 -13 3663 1 0 1
29.5543 -13.4932 10700 -0.248808 0.937297 27.9832 139.408 -13 3664 1 0 1
63.3784 -8.78172 10700 -0.446525 0.715026 27.9873 139.591 -13 3665 1 0 1
32.5977 -3.91666 10700 -0.237614 0.212475 27.9982 139.402 -13 3666 1 0 1
0.726144 -0.114348 10700 -0.0427908 0.0346586 27.9999 139.24 -13 3667 1 0 1
35.4619 4.84698 10700 -0.261676 -0.284679 27.9973 139.413 -13 3668 1 0 1
38.4976 -15.2234 10700 -0.293376 1.00151 27.9805 139.485 -13 3669 1 0 1
81.0925 -10.806 10700 -0.586533 0.888498 27.9798 139.702 -13 3670 1 0 1
6.71398 -0.697111 10700 -0.0850692 0.0701627 27.9998 139.264 -13 3671 1 0 1
-2.99513 -3.04481 10700 -0.0347791 0.256182 27.9988 139.209 -13 3672 1 0 1
-29.2153 -10.1935 10700 0.138282 0.668446 27.9917 139.1 -13 3673 1 0 1
12.8753 -15.3715 10700 -0.130518 1.05421 27.9798 139.341 -13 3674 1 0 1
-29.4135 14.8168 10700 0.144767 -1.0273 27.9808 139.117 -13 3675 1 0 1
-10.3676 1.61822 10700 0.00300436 -0.165896 27.9995 139.164 -13 3676 1 0 1
-5.1694 10.1896 10700 -0.0199126 -0.647975 27.9925 139.217 -13 3677 1 0 1
6.48436 13.1664 10700 -0.097442 -0.820916 27.9878 139.282 -13 3678 1 0 1
3.2255 -2.60515 10700 -0.0659473 0.108687 27.9997 139.245 -13 3679 1 0 1
59.4503 -14.2875 10700 -0.47536 1.35845 27.963 139.611 -13 3680 1 0 1
73.8474 -12.2049 10700 -0.542467 1.13812 27.9716 139.688 -13 3681 1 0 1
-0.348416 -12.6803 10700 -0.0340602 0.786894 27.9889 139.265 -13 3682 1 0 1
-2.60504 0.444561 10700 -0.0228276 0.0175965 28 139.224 -13 3683 1 0 1
-54.1411 12.3421 10700 0.296948 -0.906118 27.9838 138.968 -13 3684 1 0 1
36.9019 -3.69497 10700 -0.267666 0.239099 27.9977 139.421 -13 3685 1 0 1
-2.86203 7.81075 10700 -0.0301114 -0.464631 27.9961 139.222 -13 3686 1 0 1
13.0952 -9.59926 10700 -0.130964 0.567417 27.9939 139.306 -13 3687 1 0 1
21.9985 -2.61182 10700 -0.177943 0.106888 27.9992 139.34 -13 3688 1 0 1
30.0222 1.82018 10700 -0.221472 -0.0713477 27.999 139.385 -13 3689 1 0 1
3.89326 -6.34056 10700 -0.074825 0.344884 27.9978 139.249 -13 3690 1 0 1
26.2192 -10.3352 10700 -0.200946 0.689276 27.9908 139.392 -13 3691 1 0 1
-2.3476 -7.88982 10700 -0.0382348 0.474129 27.996 139.22 -13 3692 1 0 1
-1.18906 -10.8505 10700 -0.0532769 0.723255 27.9906 139.23 -13 3693 1 0 1
-34.2363 18.8974 10700 0.179391 -1.28786 27.9698 139.108 -13 3694 1 0 1
9.49377 13.4508 10700 -0.114848 -0.923645 27.9845 139.305 -13 3695 1 0 1
36.6713 5.0287 10700 -0.277228 -0.354758 27.9964 139.412 -13 3696 1 0 1
-25.9452 -10.778 10700 0.118479 0.67203 27.9917 139.118 -13 3697 1 0 1
-7.21152 3.25851 10700 -0.0140689 -0.185958 27.9994 139.183 -13 3698 1 0 1
19.8792 9.3072 10700 -0.16676 -0.516598 27.9947 139.344 -13 3699 1 0 1
-25.1412 10.463 10700 0.0960365 -0.672551 27.9918 139.106 -13 3700 1 0 1
26.7006 2.28575 10700 -0.201827 -0.199174 27.9986 139.37 -13 3701 1 0 1
16.6401 8.74433 10700 -0.147571 -0.461626 27.9958 139.324 -13 3702 1 0 1
17.3955 -2.30386 10700 -0.150658 0.166401 27.9991 139.317 -13 3703 1 0 1
-23.4846 -0.0468698 10700 0.0868046 -0.0469245 27.9998 139.101 -13 3704 1 0 1
56.1121 -14.3593 10700 -0.433003 1.15656 27.9728 139.581 -13 3705 1 0 1
0.0699442 12.6132 10700 -0.0636305 -0.740119 27.9901 139.238 -13 3706 1 0 1
79.3797 -8.22669 10700 -0.548905 0.675054 27.9865 139.685 -13 3707 1 0 1
-52.11 -3.20538 10700 0.26558 0.249873 27.9976 138.957 -13 3708 1 0 1
25.3055 3.95752 10700 -0.20006 -0.275734 27.9979 139.358 -13 3709 1 0 1
23.9013 -4.92271 10700 -0.191783 0.324462 27.9975 139.353 -13 3710 1 0 1
10.0037 4.57366 10700 -0.105938 -0.297032 27.9982 139.283 -13 3711 1 0 1
12.4013 -18.902 10700 -0.151607 1.44093 27.9625 139.359 -13 3712 1 0 1
54.9771 -0.872083 10700 -0.379542 0.0380363 27.9974 139.517 -13 3713 1 0 1
-44.886 10.4619 10700 0.231654 -0.634005 27.9919 139.013 -13 3714 1 0 1
15.1765 -3.63103 10700 -0.133085 0.145897 27.9993 139.311 -13 3715 1 0 1
-39.4419 13.1933 10700 0.197479 -0.939688 27.9835 139.047 -13 3716 1 0 1
26.2584 -2.27015 10700 -0.204485 0.236657 27.9983 139.362 -13 3717 1 0 1
-12.0941 9.99467 10700 0.0365066 -0.564699 27.9943 139.192 -13 3718 1 0 1
23.7075 3.35918 10700 -0.177294 -0.169244 27.9989 139.362 -13 3719 1 0 1
-40.3286 9.85957 10700 0.203352 -0.680993 27.991 139.037 -13 3720 1 0 1
15.9374 6.87109 10700 -0.146699 -0.400329 27.9968 139.311 -13 3721 1 0 1
48.1341 -10.5793 10700 -0.345865 0.685377 27.9895 139.51 -13 3722 1 0 1
45.2004 6.15082 10700 -0.31172 -0.414648 27.9952 139.481 -13 3723 1 0 1
35.3755 -7.07068 10700 -0.257596 0.440501 27.9953 139.422 -13 3724 1 0 1
41.7335 9.28404 10700 -0.307787 -0.682625 27.99 139.465 -13 3725 1 0 1
32.9726 12.3484 10700 -0.261335 -0.796395 27.9875 139.422 -13 3726 1 0 1
14.0874 -1.0696 10700 -0.130961 0.117509 27.9994 139.299 -13 3727 1 0 1
16.7859 15.5444 10700 -0.15741 -0.965584 27.9829 139.358 -13 3728 1 0 1
-28.1214 0.544974 10700 0.114054 -0.0759851 27.9997 139.076 -13 3729 1 0 1
-36.3937 -12.6231 10700 0.189638 0.885509 27.9854 139.072 -13 3730 1 0 1
-4.94407 6.76699 10700 -0.0171747 -0.381451 27.9974 139.209 -13 3731 1 0 1
11.9097 2.13002 10700 -0.117924 -0.0465963 27.9997 139.288 -13 3732 1 0 1
4.29967 5.4262 10700 -0.0743126 -0.379435 27.9973 139.253 -13 3733 1 0 1
43.1769 0.273391 10700 -0.300341 0.0554148 27.9983 139.457 -13 3734 1 0 1
-88.562 -3.3711 10700 0.530321 0.277456 27.9936 138.772 -13 3735 1 0 1
22.8055 -4.61466 10700 -0.187381 0.288111 27.9979 139.344 -13 3736 1 0 1
-8.51825 12.0898 10700 -0.00588824 -0.772617 27.9893 139.198 -13 3737 1 0 1
14.7932 -1.76331 10700 -0.124079 0.100678 27.9995 139.315 -13 3738 1 0 1
-24.3891 15.6182 10700 0.0965887 -1.04086 27.9805 139.129 -13 3739 1 0 1
16.4933 -3.06069 10700 -0.140405 0.212204 27.9988 139.318 -13 3740 1 0 1
-40.8569 -0.301022 10700 0.195189 0.0639399 27.9992 139.014 -13 3741 1 0 1
-76.1062 0.652732 10700 0.424249 -0.139108 27.9964 138.827 -13 3742 1 0 1
-38.3562 8.9554 10700 0.186131 -0.602905 27.9929 139.042 -13 3743 1 0 1
19.0309 6.12668 10700 -0.160445 -0.39652 27.9967 139.331 -13 3744 1 0 1
20.7996 -2.5039 10700 -0.177608 0.138983 27.9991 139.327 -13 3745 1 0 1
1.59971 9.86638 10700 -0.0614761 -0.508358 27.9953 139.245 -13 3746 1 0 1
6.72123 -8.40211 10700 -0.091782 0.543662 27.9946 139.271 -13 3747 1 0 1
32.8045 4.53327 10700 -0.245546 -0.308603 27.9972 139.399 -13 3748 1 0 1
23.9835 4.75397 10700 -0.188795 -0.205723 27.9986 139.355 -13 3749 1 0 1
-24.3395 0.299449 10700 0.102661 0.0313119 27.9998 139.107 -13 3750 1 0 1
36.6806 -4.1407 10700 -0.264798 0.236304 27.9978 139.422 -13 3751 1 0 1
37.3871 3.63681 10700 -0.260748 -0.175107 27.9982 139.434 -13 3752 1 0 1
24.1202 20.3907 10700 -0.232966 -1.51081 27.9582 139.441 -13 3753 1 0 1
29.6808 -11.1426 10700 -0.223056 0.682075 27.9908 139.413 -13 3754 1 0 1
6.45513 -8.58445 10700 -0.0811783 0.538605 27.9947 139.279 -13 3755 1 0 1
7.83125 -2.87802 10700 -0.0919131 0.189708 27.9992 139.271 -13 3756 1 0 1
16.9582 -0.947015 10700 -0.148543 0.0268268 27.9996 139.312 -13 3757 1 0 1
-35.9289 25.4609 10700 0.243049 -2.02542 27.9256 139.17 -13 3758 1 0 1
-31.8404 7.41028 10700 0.140461 -0.551144 27.9942 139.068 -13 3759 1 0 1
8.2786 -8.63691 10700 -0.0874258 0.565524 27.9942 139.295 -13 3760 1 0 1
-17.3063 3.74181 10700 0.0512463 -0.23304 27.999 139.137 -13 3761 1 0 1
25.7996 -2.70889 10700 -0.193905 0.195499 27.9986 139.368 -13 3762 1 0 1
9.51703 1.43853 10700 -0.103345 -0.0113469 27.9998 139.276 -13 3763 1 0 1
-26.2544 -0.425925 10700 0.103495 0.0581032 27.9997 139.086 -13 3764 1 0 1
44.0815 2.51379 10700 -0.317072 -0.050595 27.9982 139.451 -13 3765 1 0 1
37.1104 -5.91672 10700 -0.259236 0.296579 27.9972 139.438 -13 3766 1 0 1
-3.4096 -9.10375 10700 -0.0268041 0.481962 27.9958 139.221 -13 3767 1 0 1
11.6206 -10.6455 10700 -0.125053 0.743003 27.9899 139.304 -13 3768 1 0 1
31.9646 5.31945 10700 -0.236406 -0.283096 27.9976 139.399 -13 3769 1 0 1
10.5231 -13.26 10700 -0.119613 0.851324 27.9868 139.308 -13 3770 1 0 1
66.34 -7.71239 10700 -0.471604 0.618124 27.9892 139.594 -13 3771 1 0 1
29.3383 -4.97149 10700 -0.235789 0.312879 27.9973 139.37 -13 3772 1 0 1
-6.12914 -17.5959 10700 -0.0217742 1.244 27.9723 139.246 -13 3773 1 0 1
30.1992 -8.13141 10700 -0.229987 0.480474 27.9949 139.394 -13 3774 1 0 1
56.712 -8.43071 10700 -0.393524 0.588113 27.9911 139.553 -13 3775 1 0 1
50.6509 -15.6724 10700 -0.39184 1.18686 27.9721 139.562 -13 3776 1 0 1
-1.37814 6.46975 10700 -0.047951 -0.386736 27.9973 139.217 -13 3777 1 0 1
20.2462 -8.45931 10700 -0.170652 0.453829 27.9958 139.34 -13 3778 1 0 1
-45.8479 8.95178 10700 0.234892 -0.611984 27.9923 139.004 -13 3779 1 0 1
48.8099 -5.92035 10700 -0.341417 0.416898 27.9948 139.493 -13 3780 1 0 1
7.11229 -12.1981 10700 -0.0950404 0.77599 27.9891 139.287 -13 3781 1 0 1
-12.3635 3.57136 10700 0.0178962 -0.170675 27.9995 139.158 -13 3782 1 0 1
-52.7824 19.2056 10700 0.349602 -1.54384 27.9552 139.036 -13 3783 1 0 1
-23.5682 12.8941 10700 0.0883691 -0.766486 27.9894 139.12 -13 3784 1 0 1
-8.55395 -15.0343 10700 0.00288014 1.05462 27.9801 139.223 -13 3785 1 0 1
18.1003 -11.0703 10700 -0.151601 0.707494 27.9906 139.351 -13 3786 1 0 1
-56.3344 16.8561 10700 0.332339 -1.34063 27.9659 138.979 -13 3787 1 0 1
38.2799 -10.9082 10700 -0.279816 0.711345 27.9896 139.459 -13 3788 1 0 1
31.5907 -2.02577 10700 -0.224113 0.168836 27.9986 139.402 -13 3789 1 0 1
7.38213 8.62286 10700 -0.0872503 -0.538704 27.9947 139.284 -13 3790 1 0 1
-31.5149 -1.03028 10700 0.137297 0.0424863 27.9996 139.061 -13 3791 1 0 1
40.0182 -7.17939 10700 -0.285451 0.482601 27.9944 139.451 -13 3792 1 0 1
8.33455 -12.266 10700 -0.102759 0.780329 27.9889 139.294 -13 3793 1 0 1
8.42819 4.36273 10700 -0.107143 -0.272835 27.9985 139.264 -13 3794 1 0 1
69.9358 -11.8581 10700 -0.514219 1.00787 27.9771 139.648 -13 3795 1 0 1
38.3391 -9.82146 10700 -0.285897 0.754655 27.9884 139.45 -13 3796 1 0 1
-12.0378 -1.72868 10700 0.0119296 0.148545 27.9996 139.155 -13 3797 1 0 1
-13.2991 4.30167 10700 0.0289025 -0.230935 27.999 139.16 -13 3798 1 0 1
103.564 -4.43887 10700 -0.691345 0.556319 27.9859 139.819 -13 3799 1 0 1
43.3672 -11.4294 10700 -0.323503 0.820165 27.9861 139.484 -13 3800 1 0 1
65.8113 -5.38798 10700 -0.456487 0.364127 27.9939 139.582 -13 3801 1 0 1
-48.3881 14.2051 10700 0.268771 -1.01621 27.9803 139.012 -13 3802 1 0 1
-0.875236 -3.89457 10700 -0.0439883 0.233146 27.999 139.224 -13 3803 1 0 1
32.5841 -11.3372 10700 -0.262027 0.744737 27.9889 139.411 -13 3804 1 0 1
40.9466 -13.4776 10700 -0.325989 0.973622 27.9812 139.473 -13 3805 1 0 1
30.353 4.2151 10700 -0.230435 -0.308535 27.9974 139.385 -13 3806 1 0 1
-13.2332 1.50844 10700 0.0380388 -0.0913025 27.9998 139.167 -13 3807 1 0 1
25.2953 -5.2577 10700 -0.192586 0.236388 27.9983 139.368 -13 3808 1 0 1
52.6644 6.53161 10700 -0.364706 -0.399349 27.9948 139.517 -13 3809 1 0 1
28.2995 -5.5821 10700 -0.206288 0.277027 27.9979 139.389 -13 3810 1 0 1
14.9333 -8.80506 10700 -0.125966 0.560636 27.9941 139.331 -13 3811 1 0 1
27.9931 -22.2632 10700 -0.270459 1.54162 27.9562 139.474 -13 3812 1 0 1
39.7398 4.5638 10700 -0.281726 -0.316928 27.9968 139.443 -13 3813 1 0 1
13.2012 2.00971 10700 -0.124342 -0.106842 27.9995 139.296 -13 3814 1 0 1
-19.7647 -10.6381 10700 0.0643744 0.74352 27.9901 139.136 -13 3815 1 0 1
3.131 -8.7574 10700 -0.0694057 0.621625 27.993 139.257 -13 3816 1 0 1
39.4002 -13.3414 10700 -0.295639 0.949211 27.9823 139.48 -13 3817 1 0 1
11.7516 -0.814881 10700 -0.124542 0.0184886 27.9997 139.279 -13 3818 1 0 1
-14.0062 -5.76798 10700 0.0273878 0.352983 27.9978 139.151 -13 3819 1 0 1
36.6604 -17.813 10700 -0.308171 1.30976 27.9677 139.494 -13 3820 1 0 1
7.31328 0.910267 10700 -0.100172 -0.0538636 27.9998 139.254 -13 3821 1 0 1
-20.6513 12.7252 10700 0.0698519 -0.830634 27.9876 139.137 -13 3822 1 0 1
20.1385 -14.9448 10700 -0.173252 1.04593 27.9799 139.382 -13 3823 1 0 1
-14.8991 -10.2472 10700 0.037178 0.679931 27.9917 139.163 -13 3824 1 0 1
-6.50947 6.53267 10700 -0.0226979 -0.346608 27.9978 139.186 -13 3825 1 0 1
8.78375 0.316527 10700 -0.0975172 -0.0680561 27.9997 139.274 -13 3826 1 0 1
-31.5032 7.57481 10700 0.137053 -0.410817 27.9967 139.065 -13 3827 1 0 1
27.5616 14.4844 10700 -0.230327 -0.956942 27.9827 139.408 -13 3828 1 0 1
-31.9678 -4.75146 10700 0.145233 0.30888 27.9979 139.066 -13 3829 1 0 1
-20.6634 -4.46527 10700 0.0709365 0.220917 27.999 139.119 -13 3830 1 0 1
-0.340674 -0.353904 10700 -0.0511592 0.0830667 27.9998 139.22 -13 3831 1 0 1
13.6293 -8.13867 10700 -0.128349 0.524591 27.9948 139.31 -13 3832 1 0 1
55.7851 -18.9055 10700 -0.470361 1.56236 27.9524 139.634 -13 3833 1 0 1
56.5184 -9.084 10700 -0.396976 0.567877 27.9914 139.547 -13 3834 1 0 1
16.6845 3.15538 10700 -0.158269 -0.192087 27.9989 139.302 -13 3835 1 0 1
4.69618 -2.83473 10700 -0.0801954 0.198699 27.9992 139.248 -13 3836 1 0 1
50.6886 -17.4317 10700 -0.414185 1.47816 27.9579 139.59 -13 3837 1 0 1
9.9078 -4.26807 10700 -0.106869 0.264608 27.9985 139.281 -13 3838 1 0 1
17.9943 -8.53839 10700 -0.161502 0.510691 27.9949 139.326 -13 3839 1 0 1
9.24986 15.5946 10700 -0.112568 -0.9711 27.9829 139.315 -13 3840 1 0 1
25.6027 0.566444 10700 -0.201806 -0.04968 27.9992 139.355 -13 3841 1 0 1
-25.345 2.30295 10700 0.101629 -0.0584895 27.9998 139.095 -13 3842 1 0 1
-47.0235 16.6335 10700 0.266689 -0.994974 27.981 139.03 -13 3843 1 0 1
-3.30569 -7.70993 10700 -0.0281995 0.465673 27.9961 139.218 -13 3844 1 0 1
38.8312 -8.44202 10700 -0.276702 0.557502 27.9931 139.453 -13 3845 1 0 1
-7.8376 11.0313 10700 0.00810022 -0.795193 27.9887 139.22 -13 3846 1 0 1
-31.015 3.10842 10700 0.145449 -0.186345 27.999 139.076 -13 3847 1 0 1
0.176444 4.78553 10700 -0.0516959 -0.215034 27.9991 139.229 -13 3848 1 0 1
74.8681 -8.77438 10700 -0.531051 0.879445 27.9811 139.663 -13 3849 1 0 1
26.1324 -5.73557 10700 -0.197649 0.249711 27.9982 139.373 -13 3850 1 0 1
37.3855 -17.6324 10700 -0.315149 1.29265 27.9684 139.494 -13 3851 1 0 1
-40.1017 16.0293 10700 0.19572 -1.0932 27.978 139.042 -13 3852 1 0 1
-36.0341 3.33493 10700 0.165725 -0.244848 27.9984 139.04 -13 3853 1 0 1
-38.4418 19.2721 10700 0.209191 -1.30579 27.9688 139.086 -13 3854 1 0 1
47.8109 -13.9427 10700 -0.364694 1.09037 27.9764 139.531 -13 3855 1 0 1
44.6747 -6.30554 10700 -0.313539 0.458589 27.9945 139.475 -13 3856 1 0 1
17.4931 13.8284 10700 -0.167275 -0.957143 27.9831 139.349 -13 3857 1 0 1
-13.4698 -3.82359 10700 0.0344377 0.0492736 27.9999 139.162 -13 3858 1 0 1
5.48294 11.0909 10700 -0.0890369 -0.746803 27.9899 139.271 -13 3859 1 0 1
-30.8065 14.1281 10700 0.147946 -0.884478 27.9856 139.1 -13 3860 1 0 1
-13.2062 5.43375 10700 0.0237129 -0.314863 27.9982 139.157 -13 3861 1 0 1
34.8936 -15.274 10700 -0.285882 1.08944 27.9773 139.455 -13 3862 1 0 1
-4.74888 -11.9614 10700 -0.0199968 0.760329 27.9897 139.226 -13 3863 1 0 1
33.1672 -4.31328 10700 -0.247067 0.305102 27.9972 139.401 -13 3864 1 0 1
4.88083 10.4456 10700 -0.0852335 -0.744543 27.99 139.266 -13 3865 1 0 1
25.9466 6.3637 10700 -0.209276 -0.463813 27.9954 139.362 -13 3866 1 0 1
0.195734 -1.82894 10700 -0.0483631 0.092563 27.9998 139.229 -13 3867 1 0 1
14.9335 12.8358 10700 -0.149293 -0.928062 27.9842 139.332 -13 3868 1 0 1
-37.0118 19.798 10700 0.217998 -1.45652 27.9612 139.113 -13 3869 1 0 1
23.6953 8.63022 10700 -0.206853 -0.622515 27.9923 139.351 -13 3870 1 0 1
-8.12023 -11.9959 10700 -0.00513949 0.727005 27.9906 139.202 -13 3871 1 0 1
61.7865 -6.27132 10700 -0.434737 0.487489 27.9924 139.561 -13 3872 1 0 1
95.3539 -8.69438 10700 -0.662783 0.950296 27.976 139.803 -13 3873 1 0 1
1.74521 11.0544 10700 -0.0580372 -0.637044 27.9927 139.259 -13 3874 1 0 1
5.80244 12.0373 10700 -0.0832821 -0.838563 27.9873 139.287 -13 3875 1 0 1
-22.4935 -5.4002 10700 0.0777839 0.287971 27.9984 139.107 -13 3876 1 0 1
30.5921 -11.3798 10700 -0.235904 0.755182 27.9888 139.414 -13 3877 1 0 1
1.59356 -7.12078 10700 -0.0639903 0.471421 27.996 139.237 -13 3878 1 0 1
3.68049 -12.8799 10700 -0.0749938 0.908365 27.9852 139.276 -13 3879 1 0 1
3.66095 5.44805 10700 -0.0641902 -0.503648 27.9954 139.262 -13 3880 1 0 1
-51.6581 8.98335 10700 0.290654 -0.557205 27.9929 138.988 -13 3881 1 0 1
-15.1468 10.7492 10700 0.0321012 -0.722984 27.9906 139.156 -13 3882 1 0 1
13.5201 -12.8635 10700 -0.140642 0.889311 27.9855 139.323 -13 3883 1 0 1
55.8091 -7.74846 10700 -0.396615 0.418644 27.9941 139.529 -13 3884 1 0 1
36.9397 -8.60206 10700 -0.268703 0.526121 27.9938 139.436 -13 3885 1 0 1
23.0634 12.3876 10700 -0.195294 -0.804571 27.9878 139.372 -13 3886 1 0 1
22.0073 -6.03482 10700 -0.179017 0.541482 27.9942 139.352 -13 3887 1 0 1
116.609 -0.342007 10700 -0.762654 0.0549378 27.9896 139.88 -13 3888 1 0 1
38.8693 -21.6545 10700 -0.36431 1.83092 27.9377 139.571 -13 3889 1 0 1
1.0471 -8.20023 10700 -0.0592993 0.539926 27.9947 139.24 -13 3890 1 0 1
-19.769 1.57495 10700 0.0626201 -0.0724317 27.9998 139.119 -13 3891 1 0 1
30.1237 -0.117409 10700 -0.226211 0.00351376 27.9991 139.381 -13 3892 1 0 1
33.0538 -6.14806 10700 -0.24758 0.358267 27.9966 139.403 -13 3893 1 0 1
7.79523 12.7237 10700 -0.100948 -0.765608 27.9893 139.29 -13 3894 1 0 1
-40.631 8.78757 10700 0.190871 -0.58588 27.9932 139.02 -13 3895 1 0 1
-13.5182 0.813708 10700 0.0323725 -0.15018 27.9996 139.158 -13 3896 1 0 1
17.735 -3.32528 10700 -0.147836 0.226335 27.9987 139.325 -13 3897 1 0 1
-38.7127 -2.98339 10700 0.184109 0.147774 27.999 139.028 -13 3898 1 0 1
24.4924 4.23287 10700 -0.198827 -0.170269 27.9988 139.349 -13 3899 1 0 1
28.3122 -3.35079 10700 -0.206026 0.267431 27.998 139.385 -13 3900 1 0 1
48.3052 -8.70638 10700 -0.350525 0.644756 27.9904 139.498 -13 3901 1 0 1
-59.6622 -7.42923 10700 0.328682 0.429785 27.9948 138.928 -13 3902 1 0 1
12.0117 4.9324 10700 -0.10768 -0.289264 27.9983 139.305 -13 3903 1 0 1
-13.7355 -3.28122 10700 0.03392 0.216759 27.9991 139.159 -13 3904 1 0 1
74.7181 2.15479 10700 -0.508292 -0.122234 27.9951 139.626 -13 3905 1 0 1
16.7991 3.29182 10700 -0.148067 -0.122522 27.9993 139.313 -13 3906 1 0 1
14.7797 -11.9695 10700 -0.152436 0.674469 27.9915 139.315 -13 3907 1 0 1
-37.0549 4.77694 10700 0.176164 -0.229883 27.9985 139.041 -13 3908 1 0 1
-8.61359 -7.44819 10700 0.00317926 0.450991 27.9964 139.19 -13 3909 1 0 1
26.6342 3.79319 10700 -0.209291 -0.276798 27.9978 139.364 -13 3910 1 0 1
29.8425 -3.93274 10700 -0.219568 0.26006 27.9979 139.389 -13 3911 1 0 1
16.3597 4.37027 10700 -0.137113 -0.302647 27.998 139.323 -13 3912 1 0 1
22.1112 -8.58192 10700 -0.179782 0.54019 27.9942 139.356 -13 3913 1 0 1
-52.4079 8.92548 10700 0.288099 -0.583857 27.9924 138.978 -13 3914 1 0 1
-0.413662 -3.61252 10700 -0.0384114 0.0892153 27.9998 139.233 -13 3915 1 0 1
-6.95445 12.8583 10700 -0.0125908 -0.803023 27.9885 139.212 -13 3916 1 0 1
32.5821 2.05329 10700 -0.248961 -0.141039 27.9985 139.387 -13 3917 1 0 1
-28.7049 -3.45669 10700 0.130566 0.0909301 27.9995 139.085 -13 3918 1 0 1
26.5522 -9.87619 10700 -0.210761 0.627856 27.9922 139.384 -13 3919 1 0 1
11.1574 -0.826662 10700 -0.118482 0.0379418 27.9997 139.278 -13 3920 1 0 1
-24.6119 11.0176 10700 0.0951454 -0.788297 27.9887 139.112 -13 3921 1 0 1
54.8504 0.964088 10700 -0.378763 -0.112897 27.9972 139.517 -13 3922 1 0 1
31.6717 4.25505 10700 -0.235154 -0.211858 27.9982 139.394 -13 3923 1 0 1
20.1539 6.47271 10700 -0.161431 -0.40119 27.9967 139.344 -13 3924 1 0 1
-5.23091 17.4435 10700 -0.0257023 -1.05598 27.9801 139.241 -13 3925 1 0 1
-13.7159 5.43275 10700 0.0326564 -0.346933 27.9978 139.159 -13 3926 1 0 1
-23.4963 1.76087 10700 0.0883095 -0.112913 27.9996 139.103 -13 3927 1 0 1
3.58767 3.28395 10700 -0.0733103 -0.122617 27.9996 139.242 -13 3928 1 0 1
13.128 4.98516 10700 -0.11485 -0.239005 27.9987 139.31 -13 3929 1 0 1
35.6272 -6.19062 10700 -0.260267 0.305818 27.9971 139.42 -13 3930 1 0 1
30.5333 -8.67746 10700 -0.24214 0.744133 27.9891 139.399 -13 3931 1 0 1
37.9452 -11.5922 10700 -0.297141 0.914205 27.9835 139.452 -13 3932 1 0 1
62.4613 -1.48158 10700 -0.43076 0.0856644 27.9966 139.555 -13 3933 1 0 1
13.1925 1.59428 10700 -0.120316 -0.0673987 27.9997 139.3 -13 3934 1 0 1
-21.2421 4.43845 10700 0.0802075 -0.211404 27.9991 139.122 -13 3935 1 0 1
65.8922 -11.5215 10700 -0.473612 0.920711 27.9809 139.625 -13 3936 1 0 1
11.5713 14.1305 10700 -0.12742 -1.01331 27.9814 139.324 -13 3937 1 0 1
29.5904 -9.80235 10700 -0.238389 0.695651 27.9903 139.392 -13 3938 1 0 1
38.8874 -16.3749 10700 -0.310612 1.18506 27.9732 139.496 -13 3939 1 0 1
66.2172 -19.2238 10700 -0.630459 2.10626 27.9135 139.768 -13 3940 1 0 1
26.4645 -17.2916 10700 -0.230075 1.27786 27.9699 139.435 -13 3941 1 0 1
69.1497 -7.43673 10700 -0.484108 0.655802 27.9881 139.617 -13 3942 1 0 1
-5.70178 3.90153 10700 -0.0180727 -0.254249 27.9988 139.197 -13 3943 1 0 1
81.1323 -3.10774 10700 -0.530484 0.254528 27.9938 139.687 -13 3944 1 0 1
-21.2796 -0.0925141 10700 0.074716 -0.000801384 27.9999 139.113 -13 3945 1 0 1
35.4437 6.6022 10700 -0.269545 -0.378801 27.9961 139.408 -13 3946 1 0 1
31.1202 -27.858 10700 -0.392482 2.54026 27.8818 139.65 -13 3947 1 0 1
-41.4309 26.7829 10700 0.3144 -2.20443 27.9113 139.16 -13 3948 1 0 1
1.69052 4.83012 10700 -0.0605125 -0.221022 27.9991 139.237 -13 3949 1 0 1
-56.9404 -1.33411 10700 0.298111 0.0681879 27.9983 138.931 -13 3950 1 0 1
51.114 -3.50982 10700 -0.354544 0.323189 27.9959 139.502 -13 3951 1 0 1
14.5273 -1.34611 10700 -0.124516 0.0823646 27.9996 139.311 -13 3952 1 0 1
-75.4957 3.73114 10700 0.428481 -0.281004 27.9953 138.838 -13 3953 1 0 1
-13.308 -3.9386 10700 0.0270932 0.154272 27.9996 139.157 -13 3954 1 0 1
-33.4378 5.12089 10700 0.159269 -0.285492 27.9981 139.065 -13 3955 1 0 1
14.8325 3.25337 10700 -0.137504 -0.166422 27.9992 139.302 -13 3956 1 0 1
12.6297 6.77804 10700 -0.12434 -0.459294 27.996 139.298 -13 3957 1 0 1
-14.3041 -12.7487 10700 0.0390937 0.755766 27.9898 139.177 -13 3958 1 0 1
75.5709 -5.98868 10700 -0.507815 0.450779 27.9918 139.653 -13 3959 1 0 1
29.6898 -6.30259 10700 -0.227308 0.449817 27.9955 139.386 -13 3960 1 0 1
29.6237 0.30667 10700 -0.233721 0.0152564 27.999 139.367 -13 3961 1 0 1
73.1702 -0.505184 10700 -0.488636 0.0857337 27.9956 139.625 -13 3962 1 0 1
23.0084 1.91636 10700 -0.178146 -0.169003 27.9989 139.352 -13 3963 1 0 1
37.2457 -15.2936 10700 -0.299972 1.20368 27.9725 139.482 -13 3964 1 0 1
-32.5218 -3.25687 10700 0.147061 0.153925 27.9992 139.06 -13 3965 1 0 1
45.8285 6.82269 10700 -0.325989 -0.487633 27.9939 139.478 -13 3966 1 0 1
23.0989 -15.9081 10700 -0.20129 1.09588 27.9778 139.398 -13 3967 1 0 1
6.79739 8.44536 10700 -0.0789997 -0.652048 27.9923 139.29 -13 3968 1 0 1
11.6406 -12.2664 10700 -0.125136 0.823851 27.9876 139.311 -13 3969 1 0 1
45.7322 -6.55724 10700 -0.315855 0.593865 27.9919 139.494 -13 3970 1 0 1
-6.01302 15.3183 10700 -0.0232951 -1.00833 27.9818 139.225 -13 3971 1 0 1
41.7239 2.61638 10700 -0.30386 -0.122912 27.9981 139.438 -13 3972 1 0 1
-7.90822 6.49702 10700 -0.00939279 -0.401943 27.9971 139.183 -13 3973 1 0 1
17.2884 4.19179 10700 -0.154015 -0.246314 27.9985 139.315 -13 3974 1 0 1
58.0854 1.90113 10700 -0.401452 -0.0696953 27.997 139.532 -13 3975 1 0 1
12.9493 -2.34041 10700 -0.130533 0.18375 27.9991 139.288 -13 3976 1 0 1
22.7877 10.6844 10700 -0.198671 -0.720498 27.99 139.356 -13 3977 1 0 1
43.8134 -14.1701 10700 -0.341071 1.06259 27.9778 139.503 -13 3978 1 0 1
18.7948 1.976 10700 -0.152096 -0.0439271 27.9996 139.329 -13 3979 1 0 1
-0.248477 -3.1014 10700 -0.0521882 0.170439 27.9994 139.221 -13 3980 1 0 1
64.8562 -7.63971 10700 -0.452666 0.545947 27.991 139.588 -13 3981 1 0 1
10.0899 -4.95036 10700 -0.107453 0.398653 27.997 139.283 -13 3982 1 0 1
-24.3998 2.43637 10700 0.09647 -0.151222 27.9994 139.101 -13 3983 1 0 1
-3.04266 3.75242 10700 -0.029169 -0.270237 27.9987 139.215 -13 3984 1 0 1
8.10919 -9.31646 10700 -0.096617 0.638063 27.9926 139.287 -13 3985 1 0 1
12.7562 6.15279 10700 -0.119953 -0.411499 27.9967 139.303 -13 3986 1 0 1
-2.79676 4.81844 10700 -0.0272158 -0.261486 27.9988 139.221 -13 3987 1 0 1
50.7407 -6.4035 10700 -0.352508 0.455058 27.9941 139.508 -13 3988 1 0 1
1.39237 5.80787 10700 -0.0481855 -0.369164 27.9975 139.248 -13 3989 1 0 1
23.0554 4.39737 10700 -0.188157 -0.315354 27.9976 139.346 -13 3990 1 0 1
-6.68668 -0.203939 10700 -0.0208616 -0.0423669 28 139.18 -13 3991 1 0 1
24.4654 -0.979015 10700 -0.190804 0.0893418 27.9992 139.354 -13 3992 1 0 1
16.041 -5.11683 10700 -0.150163 0.267998 27.9983 139.306 -13 3993 1 0 1
-50.4113 1.78991 10700 0.259221 -0.0482977 27.9988 138.968 -13 3994 1 0 1
-19.6619 -10.18 10700 0.0593967 0.756955 27.9897 139.133 -13 3995 1 0 1
-11.8885 8.68551 10700 0.0196202 -0.590738 27.9938 139.177 -13 3996 1 0 1
-19.9335 5.84219 10700 0.0632486 -0.379528 27.9974 139.12 -13 3997 1 0 1
0.45735 8.64975 10700 -0.0498586 -0.549293 27.9946 139.244 -13 3998 1 0 1
22.1012 -3.16832 10700 -0.177272 0.205838 27.9987 139.343 -13 3999 1 0 1
-3.58876 15.2179 10700 -0.0411125 -0.97924 27.9828 139.235 -13 4000 1 0 1
-2.22473 -0.627423 10700 -0.0436532 0.0697985 27.9999 139.207 -13 4001 1 0 1
-0.276895 -12.4483 10700 -0.0534321 0.905044 27.9853 139.251 -13 4002 1 0 1
-11.4692 -7.91171 10700 0.0297218 0.41884 27.9969 139.185 -13 4003 1 0 1
2.57545 1.72185 10700 -0.0514897 -0.161273 27.9995 139.254 -13 4004 1 0 1
31.9025 4.1459 10700 -0.23199 -0.376534 27.9965 139.402 -13 4005 1 0 1
-3.19325 7.78254 10700 -0.0277321 -0.563432 27.9943 139.226 -13 4006 1 0 1
28.2443 -4.27584 10700 -0.213601 0.334062 27.9972 139.378 -13 4007 1 0 1
53.3868 -1.77371 10700 -0.363593 0.12588 27.9974 139.515 -13 4008 1 0 1
-16.78 6.16396 10700 0.0551754 -0.314363 27.9982 139.15 -13 4009 1 0 1
4.81291 0.558251 10700 -0.0770253 -0.0400808 27.9999 139.25 -13 4010 1 0 1
-23.2841 -3.95001 10700 0.0826552 0.271852 27.9986 139.102 -13 4011 1 0 1
34.441 -19.2475 10700 -0.303386 1.46771 27.9599 139.494 -13 4012 1 0 1
10.7184 -6.52483 10700 -0.113437 0.420644 27.9966 139.287 -13 4013 1 0 1
11.3925 8.54034 10700 -0.127953 -0.474057 27.9957 139.284 -13 4014 1 0 1
16.9169 -13.0996 10700 -0.161109 0.896542 27.9852 139.343 -13 4015 1 0 1
16.0202 15.9831 10700 -0.155723 -1.03967 27.9803 139.356 -13 4016 1 0 1
-23.5167 2.37096 10700 0.0856961 -0.132485 27.9996 139.1 -13 4017 1 0 1
22.6993 15.8981 10700 -0.194568 -1.02298 27.9806 139.396 -13 4018 1 0 1
12.4705 -7.15676 10700 -0.121282 0.391276 27.997 139.299 -13 4019 1 0 1
31.8327 -5.84054 10700 -0.232205 0.355978 27.9968 139.403 -13 4020 1 0 1
25.0191 -0.669618 10700 -0.19771 0.048813 27.9993 139.353 -13 4021 1 0 1
-14.3048 -10.7352 10700 0.0389578 0.669266 27.992 139.173 -13 4022 1 0 1
28.464 -5.39631 10700 -0.205138 0.416138 27.9962 139.392 -13 4023 1 0 1
10.5296 -2.37663 10700 -0.104514 0.192972 27.9991 139.288 -13 4024 1 0 1
-38.1204 -5.58976 10700 0.175087 0.275984 27.9981 139.028 -13 4025 1 0 1
25.5023 2.42679 10700 -0.191402 -0.135586 27.999 139.366 -13 4026 1 0 1
-32.1022 17.2804 10700 0.151733 -1.14579 27.9761 139.097 -13 4027 1 0 1
36.2495 8.09007 10700 -0.263758 -0.613663 27.992 139.439 -13 4028 1 0 1
18.1223 -9.97268 10700 -0.159743 0.71694 27.9904 139.34 -13 4029 1 0 1
-2.16 16.7652 10700 -0.0360571 -1.13995 27.9768 139.27 -13 4030 1 0 1
28.5822 10.176 10700 -0.222332 -0.590245 27.9929 139.393 -13 4031 1 0 1
53.3572 2.40898 10700 -0.365595 -0.223161 27.9967 139.515 -13 4032 1 0 1
-5.69767 -2.62008 10700 -0.0216324 0.22427 27.9991 139.192 -13 4033 1 0 1
15.219 5.97814 10700 -0.137501 -0.42124 27.9965 139.312 -13 4034 1 0 1
67.6801 -4.08109 10700 -0.463147 0.325309 27.9943 139.594 -13 4035 1 0 1
21.2287 -5.56813 10700 -0.173607 0.326804 27.9976 139.342 -13 4036 1 0 1
19.7342 4.34299 10700 -0.161821 -0.34383 27.9974 139.335 -13 4037 1 0 1
-5.24736 1.21259 10700 -0.0125441 0.011943 28 139.205 -13 4038 1 0 1
-50.5599 -2.70346 10700 0.262048 0.263911 27.9975 138.971 -13 4039 1 0 1
16.2027 -14.158 10700 -0.154921 0.861651 27.9863 139.343 -13 4040 1 0 1
-20.5111 -9.83287 10700 0.0670078 0.626608 27.9929 139.129 -13 4041 1 0 1
25.1942 2.89447 10700 -0.193969 -0.175347 27.9988 139.361 -13 4042 1 0 1
11.5091 17.0476 10700 -0.12283 -1.13448 27.9767 139.346 -13 4043 1 0 1
42.629 -7.97263 10700 -0.300357 0.508565 27.9938 139.47 -13 4044 1 0 1
22.5084 0.550924 10700 -0.170668 -0.11759 27.9992 139.353 -13 4045 1 0 1
17.9025 -6.4934 10700 -0.150035 0.392716 27.9968 139.329 -13 4046 1 0 1
34.6621 -0.708452 10700 -0.245672 0.0408243 27.9989 139.414 -13 4047 1 0 1
-19.3251 -1.20089 10700 0.0579799 0.0119032 27.9999 139.119 -13 4048 1 0 1
26.4325 2.46167 10700 -0.196988 -0.1713 27.9988 139.372 -13 4049 1 0 1
12.8603 0.32233 10700 -0.12642 -0.0251927 27.9997 139.289 -13 4050 1 0 1
11.283 -7.21623 10700 -0.121351 0.405708 27.9968 139.286 -13 4051 1 0 1
51.2197 -12.3994 10700 -0.389156 0.993212 27.9797 139.535 -13 4052 1 0 1
47.1046 -5.37774 10700 -0.336641 0.425498 27.9947 139.477 -13 4053 1 0 1
6.27652 -2.45416 10700 -0.0845369 0.134163 27.9996 139.26 -13 4054 1 0 1
-29.1727 20.1067 10700 0.152748 -1.38533 27.9653 139.148 -13 4055 1 0 1
55.0774 -8.93876 10700 -0.405722 0.664352 27.9892 139.529 -13 4056 1 0 1
-17.5457 12.7344 10700 0.0585304 -0.889957 27.9858 139.163 -13 4057 1 0 1
1.06582 1.85898 10700 -0.0620853 -0.183513 27.9993 139.225 -13 4058 1 0 1
7.55378 1.15358 10700 -0.101747 -0.0920311 27.9997 139.256 -13 4059 1 0 1
-9.83565 -7.98279 10700 0.01772 0.404568 27.9971 139.191 -13 4060 1 0 1
44.7873 -16.225 10700 -0.34214 1.13458 27.9749 139.532 -13 4061 1 0 1
-7.36428 6.53666 10700 -0.00706172 -0.495784 27.9956 139.196 -13 4062 1 0 1
62.6376 -14.5811 10700 -0.494806 1.36133 27.9625 139.637 -13 4063 1 0 1
63.235 0.712152 10700 -0.422103 -0.00452023 27.9968 139.572 -13 4064 1 0 1
-27.7837 -12.9092 10700 0.122196 0.783565 27.9888 139.105 -13 4065 1 0 1
-19.7028 -14.1646 10700 0.0797452 0.918243 27.9848 139.162 -13 4066 1 0 1
-27.6282 9.80311 10700 0.102373 -0.595917 27.9935 139.081 -13 4067 1 0 1
50.3934 -6.21033 10700 -0.347921 0.410391 27.9948 139.506 -13 4068 1 0 1
2.00935 -8.51814 10700 -0.061338 0.578259 27.994 139.251 -13 4069 1 0 1
19.2763 -3.1391 10700 -0.15749 0.176957 27.999 139.332 -13 4070 1 0 1
20.7931 -21.3621 10700 -0.21883 1.7559 27.944 139.449 -13 4071 1 0 1
-22.5239 10.2566 10700 0.0826574 -0.63859 27.9926 139.122 -13 4072 1 0 1
4.58365 -0.601659 10700 -0.0746483 0.0340358 27.9999 139.25 -13 4073 1 0 1
-17.3677 0.736825 10700 0.0492126 -0.0987043 27.9998 139.132 -13 4074 1 0 1
-22.9297 5.16188 10700 0.0843019 -0.237552 27.9989 139.108 -13 4075 1 0 1
-42.8539 2.70415 10700 0.212209 -0.170026 27.9987 139.009 -13 4076 1 0 1
12.8032 -10.0149 10700 -0.123647 0.635727 27.9925 139.315 -13 4077 1 0 1
6.73246 -4.17135 10700 -0.091289 0.316988 27.9981 139.261 -13 4078 1 0 1
-12.3734 6.93888 10700 0.0190316 -0.509651 27.9954 139.166 -13 4079 1 0 1
22.8882 -8.79754 10700 -0.192501 0.658248 27.9916 139.358 -13 4080 1 0 1
-28.5485 1.40787 10700 0.126488 -0.0459028 27.9997 139.083 -13 4081 1 0 1
22.9955 1.19375 10700 -0.202393 -0.0575688 27.9992 139.325 -13 4082 1 0 1
12.3665 17.727 10700 -0.138584 -1.14133 27.9764 139.343 -13 4083 1 0 1
44.977 -9.48263 10700 -0.340454 0.648147 27.9904 139.472 -13 4084 1 0 1
74.0591 -10.2092 10700 -0.525555 0.940268 27.9793 139.672 -13 4085 1 0 1
-3.27582 1.0654 10700 -0.0365271 -0.0350613 28 139.202 -13 4086 1 0 1
47.137 1.9007 10700 -0.32527 -0.0322187 27.9981 139.478 -13 4087 1 0 1
-34.9724 6.53115 10700 0.145059 -0.391159 27.9969 139.033 -13 4088 1 0 1
5.6434 -8.09816 10700 -0.0862371 0.659854 27.9921 139.267 -13 4089 1 0 1
-19.949 5.75699 10700 0.0705422 -0.398959 27.9971 139.128 -13 4090 1 0 1
22.4741 3.09378 10700 -0.189277 -0.273346 27.998 139.336 -13 4091 1 0 1
-57.8617 15.7237 10700 0.344462 -1.17822 27.9731 138.969 -13 4092 1 0 1
2.43075 -4.34161 10700 -0.064243 0.188179 27.9993 139.24 -13 4093 1 0 1
-27.0845 -2.30638 10700 0.11051 0.0654475 27.9997 139.084 -13 4094 1 0 1
40.39 -3.43703 10700 -0.287596 0.242299 27.9975 139.442 -13 4095 1 0 1
43.2493 -5.70563 10700 -0.317003 0.477928 27.9941 139.455 -13 4096 1 0 1
12.1874 -8.87583 10700 -0.126693 0.571124 27.9939 139.3 -13 4097 1 0 1
12.3212 0.53572 10700 -0.120132 0.0229856 27.9997 139.29 -13 4098 1 0 1
25.7434 -5.2524 10700 -0.18721 0.213683 27.9986 139.378 -13 4099 1 0 1
5.90587 2.3533 10700 -0.0885914 -0.0927101 27.9997 139.252 -13 4100 1 0 1
-24.4731 -4.97478 10700 0.102867 0.241675 27.9988 139.108 -13 4101 1 0 1
42.1431 -9.28049 10700 -0.311916 0.679949 27.99 139.466 -13 4102 1 0 1
75.8957 -3.36855 10700 -0.512708 0.120716 27.995 139.638 -13 4103 1 0 1
-14.6431 7.83052 10700 0.0356697 -0.486905 27.9957 139.156 -13 4104 1 0 1
-8.87475 5.75343 10700 0.0026747 -0.372117 27.9975 139.184 -13 4105 1 0 1
3.27573 -1.5772 10700 -0.0650655 -0.0542505 27.9999 139.247 -13 4106 1 0 1
-4.12877 -8.73218 10700 -0.0258351 0.622291 27.9931 139.22 -13 4107 1 0 1
58.8895 -9.13208 10700 -0.403242 0.63411 27.9899 139.576 -13 4108 1 0 1
-5.83453 9.52488 10700 -0.019731 -0.53281 27.9949 139.203 -13 4109 1 0 1
-15.2759 2.12011 10700 0.0447762 -0.0992546 27.9998 139.151 -13 4110 1 0 1
-6.90806 8.42878 10700 -0.0157527 -0.603468 27.9935 139.197 -13 4111 1 0 1
-56.9121 6.40243 10700 0.293426 -0.475203 27.9944 138.928 -13 4112 1 0 1
7.56702 -13.3926 10700 -0.106965 0.748431 27.9898 139.284 -13 4113 1 0 1
28.0458 -3.45864 10700 -0.210286 0.228284 27.9983 139.378 -13 4114 1 0 1
-6.86077 -10.158 10700 -0.0212431 0.500113 27.9955 139.191 -13 4115 1 0 1
-41.7555 0.609713 10700 0.202443 -0.141968 27.9989 139.011 -13 4116 1 0 1
7.49515 -13.5574 10700 -0.100332 0.977774 27.9827 139.3 -13 4117 1 0 1
-18.0226 7.90133 10700 0.0608438 -0.478364 27.9958 139.143 -13 4118 1 0 1
16.2378 -2.11749 10700 -0.134859 0.143396 27.9993 139.32 -13 4119 1 0 1
40.6914 -12.4422 10700 -0.30438 0.918198 27.9833 139.481 -13 4120 1 0 1
-51.9062 1.99499 10700 0.271464 -0.146192 27.9983 138.963 -13 4121 1 0 1
7.87147 -2.38144 10700 -0.0968563 0.201339 27.9991 139.266 -13 4122 1 0 1
-17.0582 6.88558 10700 0.0551904 -0.537994 27.9948 139.151 -13 4123 1 0 1
-26.6624 -4.15613 10700 0.105436 0.343338 27.9977 139.086 -13 4124 1 0 1
81.2063 -16.5185 10700 -0.717689 1.88097 27.9275 139.822 -13 4125 1 0 1
-35.5354 -1.06012 10700 0.161309 0.0227956 27.9995 139.04 -13 4126 1 0 1
24.7143 -6.9038 10700 -0.199711 0.381225 27.9967 139.357 -13 4127 1 0 1
17.5412 -8.29858 10700 -0.145198 0.463586 27.9958 139.335 -13 4128 1 0 1
27.7977 10.5498 10700 -0.229022 -0.69981 27.9903 139.383 -13 4129 1 0 1
-10.6769 11.061 10700 0.0171976 -0.654772 27.9923 139.194 -13 4130 1 0 1
26.7055 -9.5906 10700 -0.201932 0.629667 27.9922 139.394 -13 4131 1 0 1
46.9538 1.78572 10700 -0.328327 -0.0396357 27.998 139.473 -13 4132 1 0 1
15.7422 8.73784 10700 -0.151576 -0.597504 27.9932 139.316 -13 4133 1 0 1
-42.6709 -6.09561 10700 0.199871 0.333818 27.9973 139.002 -13 4134 1 0 1
-13.9291 14.2677 10700 0.0308252 -0.888079 27.9859 139.181 -13 4135 1 0 1
18.0502 -2.8754 10700 -0.16465 0.163468 27.999 139.31 -13 4136 1 0 1
4.97727 0.142923 10700 -0.0728238 -0.0391359 27.9999 139.257 -13 4137 1 0 1
-24.0671 13.3717 10700 0.107278 -0.969256 27.983 139.14 -13 4138 1 0 1
-30.9408 -8.11768 10700 0.13443 0.561972 27.994 139.073 -13 4139 1 0 1
5.65693 3.50416 10700 -0.0771741 -0.267838 27.9986 139.263 -13 4140 1 0 1
51.0873 -15.5371 10700 -0.407641 1.26722 27.9683 139.564 -13 4141 1 0 1
-41.1749 10.7893 10700 0.213859 -0.764117 27.9888 139.038 -13 4142 1 0 1
-13.4673 4.36143 10700 0.0251714 -0.226982 27.9991 139.154 -13 4143 1 0 1
-11.4452 -1.84845 10700 0.0233481 0.196169 27.9993 139.173 -13 4144 1 0 1
31.8488 6.15141 10700 -0.236143 -0.393284 27.9962 139.4 -13 4145 1 0 1
-4.19195 -6.33595 10700 -0.0311249 0.450804 27.9964 139.204 -13 4146 1 0 1
-44.7678 8.8384 10700 0.235424 -0.565556 27.9933 139.015 -13 4147 1 0 1
-22.7255 0.0433505 10700 0.0837588 -0.00758439 27.9999 139.106 -13 4148 1 0 1
-67.9499 4.95531 10700 0.383617 -0.525578 27.9924 138.886 -13 4149 1 0 1
4.19267 2.61884 10700 -0.0787981 -0.257814 27.9987 139.244 -13 4150 1 0 1
61.4135 -16.9283 10700 -0.519398 1.60411 27.9492 139.656 -13 4151 1 0 1
45.1216 1.43523 10700 -0.319216 -0.0946485 27.998 139.461 -13 4152 1 0 1
23.8634 0.800727 10700 -0.190596 -0.0454542 27.9993 139.347 -13 4153 1 0 1
21.301 3.00908 10700 -0.180549 -0.117668 27.9992 139.33 -13 4154 1 0 1
60.7216 -6.33108 10700 -0.418654 0.328072 27.9949 139.561 -13 4155 1 0 1
-2.88311 13.4197 10700 -0.0293082 -0.832793 27.9876 139.245 -13 4156 1 0 1
-40.7584 11.3392 10700 0.196489 -0.743406 27.9894 139.026 -13 4157 1 0 1
-30.9204 0.851303 10700 0.134032 -0.00238917 27.9997 139.064 -13 4158 1 0 1
19.3138 -14.2383 10700 -0.172105 1.04634 27.9799 139.372 -13 4159 1 0 1
-10.8073 0.351202 10700 0.0127145 -0.0891754 27.9999 139.168 -13 4160 1 0 1
31.6735 -5.80799 10700 -0.235816 0.386131 27.9963 139.398 -13 4161 1 0 1
2.45421 3.16957 10700 -0.0665945 -0.137995 27.9996 139.237 -13 4162 1 0 1
44.5541 -12.0339 10700 -0.322832 0.805524 27.9865 139.5 -13 4163 1 0 1
22.3975 5.4843 10700 -0.178908 -0.332984 27.9974 139.35 -13 4164 1 0 1
12.0055 2.66915 10700 -0.116199 -0.200669 27.999 139.293 -13 4165 1 0 1
32.6648 8.38147 10700 -0.228803 -0.507039 27.9945 139.427 -13 4166 1 0 1
4.32406 -3.1292 10700 -0.0755526 0.216744 27.9991 139.249 -13 4167 1 0 1
34.1216 -16.3516 10700 -0.289903 1.13281 27.9756 139.452 -13 4168 1 0 1
-13.3404 11.0084 10700 0.0332701 -0.726932 27.9905 139.179 -13 4169 1 0 1
1.98277 6.9266 10700 -0.0576317 -0.462627 27.9961 139.247 -13 4170 1 0 1
-1.88565 9.3323 10700 -0.0354089 -0.512103 27.9953 139.231 -13 4171 1 0 1
-16.0861 0.730983 10700 0.0514812 -0.0532018 27.9999 139.148 -13 4172 1 0 1
4.38862 5.32023 10700 -0.0807448 -0.286033 27.9984 139.247 -13 4173 1 0 1
53.6408 -10.6211 10700 -0.387475 0.800145 27.9859 139.542 -13 4174 1 0 1
35.577 -8.12707 10700 -0.25771 0.549318 27.9934 139.432 -13 4175 1 0 1
-1.32977 23.9904 10700 -0.0635312 -1.68943 27.9489 139.32 -13 4176 1 0 1
8.44619 -6.75527 10700 -0.108007 0.352527 27.9976 139.267 -13 4177 1 0 1
11.5024 -2.19139 10700 -0.118375 0.102669 27.9996 139.283 -13 4178 1 0 1
-45.3892 6.9091 10700 0.226275 -0.401763 27.9962 138.995 -13 4179 1 0 1
9.49922 4.48199 10700 -0.0967319 -0.328241 27.9979 139.287 -13 4180 1 0 1
31.5022 -15.0728 10700 -0.252237 1.01462 27.9805 139.44 -13 4181 1 0 1
51.6012 -11.4265 10700 -0.380443 0.810083 27.9857 139.528 -13 4182 1 0 1
25.7113 -4.03098 10700 -0.207773 0.270861 27.9979 139.355 -13 4183 1 0 1
1.9739 -4.60353 10700 -0.058054 0.268406 27.9987 139.242 -13 4184 1 0 1
-49.7842 19.1848 10700 0.293984 -1.30789 27.9679 139.026 -13 4185 1 0 1
13.7451 3.63653 10700 -0.12947 -0.262433 27.9985 139.3 -13 4186 1 0 1
60.4897 -5.33719 10700 -0.423451 0.323651 27.9949 139.55 -13 4187 1 0 1
18.3643 -9.02845 10700 -0.159365 0.586422 27.9934 139.338 -13 4188 1 0 1
-19.4768 8.83505 10700 0.0635659 -0.534465 27.9948 139.132 -13 4189 1 0 1
-11.9883 -18.2113 10700 0.0353878 1.19863 27.9743 139.229 -13 4190 1 0 1
-18.2501 -8.54076 10700 0.0634851 0.560715 27.9943 139.147 -13 4191 1 0 1
10.7199 5.18582 10700 -0.109007 -0.333422 27.9978 139.289 -13 4192 1 0 1
-9.96404 7.83831 10700 0.00410475 -0.545206 27.9947 139.18 -13 4193 1 0 1
-1.73949 9.09771 10700 -0.0360779 -0.506171 27.9954 139.232 -13 4194 1 0 1
98.6906 -11.1914 10700 -0.760338 1.38225 27.9555 139.846 -13 4195 1 0 1
59.447 2.23645 10700 -0.411635 -0.201887 27.9962 139.541 -13 4196 1 0 1
-35.2598 4.0064 10700 0.160186 -0.281132 27.9981 139.044 -13 4197 1 0 1
35.0486 -16.9732 10700 -0.284155 1.19111 27.9732 139.477 -13 4198 1 0 1
31.2964 -5.64142 10700 -0.230734 0.459985 27.9953 139.401 -13 4199 1 0 1
-4.11362 0.612954 10700 -0.0229082 -0.0496449 27.9999 139.207 -13 4200 1 0 1
72.4519 -11.7578 10700 -0.534805 1.13612 27.9718 139.674 -13 4201 1 0 1
-26.23 12.2252 10700 0.105987 -0.793647 27.9885 139.106 -13 4202 1 0 1
81.2604 -16.119 10700 -0.729357 1.95551 27.9221 139.828 -13 4203 1 0 1
-36.8827 15.1099 10700 0.190246 -0.987834 27.9819 139.074 -13 4204 1 0 1
-32.7405 -5.25668 10700 0.1517 0.394292 27.9968 139.064 -13 4205 1 0 1
24.0007 -14.7719 10700 -0.210323 1.00436 27.9812 139.39 -13 4206 1 0 1
-1.97617 -2.14535 10700 -0.0380943 0.144423 27.9996 139.216 -13 4207 1 0 1
39.7779 -15.5078 10700 -0.320397 1.22431 27.9714 139.498 -13 4208 1 0 1
12.9722 9.35337 10700 -0.143451 -0.57838 27.9937 139.292 -13 4209 1 0 1
-11.5871 5.99084 10700 0.0159491 -0.450548 27.9964 139.169 -13 4210 1 0 1
19.7638 -16.7182 10700 -0.185787 1.16232 27.9752 139.383 -13 4211 1 0 1
-20.2621 16.2419 10700 0.0723972 -0.968038 27.9832 139.155 -13 4212 1 0 1
-10.7008 2.12433 10700 0.0131239 -0.120602 27.9997 139.171 -13 4213 1 0 1
31.3482 -5.03763 10700 -0.231314 0.363399 27.9967 139.397 -13 4214 1 0 1
-9.78413 -1.41495 10700 -0.00100852 0.0395695 28 139.166 -13 4215 1 0 1
5.23726 -7.66638 10700 -0.0884364 0.504812 27.9953 139.255 -13 4216 1 0 1
67.1499 -16.2548 10700 -0.540806 1.43636 27.9579 139.682 -13 4217 1 0 1
-18.4724 12.8413 10700 0.0567389 -0.7764 27.9892 139.148 -13 4218 1 0 1
23.2157 -1.62193 10700 -0.188825 0.0797265 27.9992 139.342 -13 4219 1 0 1
43.174 7.5881 10700 -0.310354 -0.603085 27.9918 139.472 -13 4220 1 0 1
10.3653 10.3436 10700 -0.119798 -0.610176 27.9931 139.29 -13 4221 1 0 1
-7.17859 -0.428437 10700 -0.00750168 0.078821 27.9999 139.188 -13 4222 1 0 1
9.62954 8.12809 10700 -0.0963724 -0.480806 27.9957 139.297 -13 4223 1 0 1
-12.1295 -12.4457 10700 0.0261971 0.795182 27.9887 139.19 -13 4224 1 0 1
14.3201 12.1477 10700 -0.128398 -0.715238 27.9906 139.336 -13 4225 1 0 1
-70.0295 13.5484 10700 0.428281 -1.02998 27.9778 138.898 -13 4226 1 0 1
-38.5246 22.5071 10700 0.230885 -1.70909 27.9468 139.116 -13 4227 1 0 1
-7.52927 0.638627 10700 0.00352223 0.00551995 28 139.196 -13 4228 1 0 1
35.6172 6.07936 10700 -0.263974 -0.441752 27.9953 139.417 -13 4229 1 0 1
-38.5512 19.0106 10700 0.210189 -1.39255 27.9646 139.085 -13 4230 1 0 1
-5.24952 -1.41797 10700 -0.021354 0.0381982 28 139.195 -13 4231 1 0 1
40.2467 -9.93671 10700 -0.308644 0.722453 27.989 139.45 -13 4232 1 0 1
-12.4691 -0.163768 10700 0.0155368 0.0327346 28 139.153 -13 4233 1 0 1
1.5435 19.0474 10700 -0.0742308 -1.30681 27.9694 139.295 -13 4234 1 0 1
37.3657 -3.30033 10700 -0.268258 0.195287 27.998 139.425 -13 4235 1 0 1
-16.8459 -1.97385 10700 0.0409877 0.108823 27.9998 139.13 -13 4236 1 0 1
0.505757 12.5514 10700 -0.0536276 -0.793167 27.9887 139.256 -13 4237 1 0 1
-6.28003 6.20689 10700 -0.012478 -0.347431 27.9978 139.199 -13 4238 1 0 1
42.754 -18.084 10700 -0.367895 1.50866 27.9569 139.539 -13 4239 1 0 1
52.4019 -3.26531 10700 -0.358579 0.27307 27.9964 139.512 -13 4240 1 0 1
13.7372 -11.3461 10700 -0.138547 0.688245 27.9912 139.315 -13 4241 1 0 1
50.7699 -10.3685 10700 -0.367016 0.696265 27.9889 139.521 -13 4242 1 0 1
23.6996 0.506436 10700 -0.176363 -0.0101789 27.9994 139.36 -13 4243 1 0 1
-3.38226 -1.52459 10700 -0.0271207 0.136148 27.9997 139.211 -13 4244 1 0 1
-8.07093 9.79583 10700 -0.0008681 -0.614604 27.9933 139.202 -13 4245 1 0 1
24.6242 0.0343264 10700 -0.1796 0.000301294 27.9994 139.367 -13 4246 1 0 1
53.89 -12.2856 10700 -0.393448 0.859409 27.984 139.552 -13 4247 1 0 1
1.25109 -7.74897 10700 -0.0558376 0.440808 27.9965 139.241 -13 4248 1 0 1
-27.1278 6.25508 10700 0.12168 -0.371231 27.9973 139.098 -13 4249 1 0 1
-5.42923 -5.57351 10700 -0.00244221 0.360136 27.9977 139.217 -13 4250 1 0 1
-4.71628 -5.91765 10700 -0.029485 0.331828 27.998 139.199 -13 4251 1 0 1
14.5999 3.801 10700 -0.131806 -0.174611 27.9991 139.306 -13 4252 1 0 1
-26.6418 -3.51052 10700 0.119633 0.331466 27.9978 139.099 -13 4253 1 0 1
-3.66286 11.836 10700 -0.0311258 -0.732502 27.9904 139.227 -13 4254 1 0 1
26.2691 -9.31171 10700 -0.205037 0.594495 27.9929 139.383 -13 4255 1 0 1
3.90026 -6.33684 10700 -0.0747564 0.438955 27.9965 139.25 -13 4256 1 0 1
21.9061 14.5918 10700 -0.197103 -0.946376 27.9833 139.373 -13 4257 1 0 1
27.7022 -6.64773 10700 -0.212678 0.401166 27.9963 139.377 -13 4258 1 0 1
-80.1145 7.80068 10700 0.479164 -0.530303 27.9909 138.825 -13 4259 1 0 1
53.5952 8.82834 10700 -0.365918 -0.605385 27.9911 139.546 -13 4260 1 0 1
-9.52803 8.35612 10700 0.0136538 -0.566415 27.9943 139.197 -13 4261 1 0 1
37.8939 -14.2822 10700 -0.304614 1.0419 27.979 139.465 -13 4262 1 0 1
-5.19032 8.66946 10700 -0.0200341 -0.504974 27.9954 139.208 -13 4263 1 0 1
-29.5611 9.11632 10700 0.128964 -0.604558 27.9932 139.085 -13 4264 1 0 1
85.3127 -9.55615 10700 -0.60971 1.05376 27.9735 139.745 -13 4265 1 0 1
-42.7701 2.82693 10700 0.214341 -0.132953 27.9989 139.012 -13 4266 1 0 1
-3.54409 -6.20882 10700 -0.0297064 0.335584 27.998 139.212 -13 4267 1 0 1
17.2462 5.50038 10700 -0.154795 -0.364089 27.9972 139.315 -13 4268 1 0 1
18.8966 -5.18043 10700 -0.155795 0.418321 27.9964 139.334 -13 4269 1 0 1
78.2965 -11.848 10700 -0.569959 1.07066 27.9737 139.709 -13 4270 1 0 1
33.6268 4.58958 10700 -0.247169 -0.233909 27.9979 139.405 -13 4271 1 0 1
-16.7809 8.56624 10700 0.0539126 -0.536927 27.9948 139.153 -13 4272 1 0 1
12.0987 5.93717 10700 -0.117324 -0.424166 27.9965 139.298 -13 4273 1 0 1
-31.4551 12.2051 10700 0.155654 -0.777843 27.9888 139.095 -13 4274 1 0 1
12.6289 8.45307 10700 -0.118682 -0.561257 27.9941 139.313 -13 4275 1 0 1
36.0809 -2.81888 10700 -0.258971 0.166587 27.9983 139.419 -13 4276 1 0 1
-63.6436 17.4798 10700 0.39206 -1.38383 27.963 138.943 -13 4277 1 0 1
-31.8969 -4.5332 10700 0.144127 0.248127 27.9985 139.066 -13 4278 1 0 1
7.10868 9.07024 10700 -0.0884647 -0.546647 27.9945 139.28 -13 4279 1 0 1
82.2182 0.100888 10700 -0.544429 0.00307503 27.9947 139.678 -13 4280 1 0 1
-34.5126 1.12352 10700 0.159766 -0.108424 27.9993 139.05 -13 4281 1 0 1
-8.15123 -1.07115 10700 -0.00624538 0.111302 27.9998 139.179 -13 4282 1 0 1
-15.59 -12.0374 10700 0.040964 0.764224 27.9895 139.163 -13 4283 1 0 1
-34.2444 -1.76237 10700 0.158914 0.148687 27.9992 139.053 -13 4284 1 0 1
4.53422 1.47558 10700 -0.0748291 -0.115093 27.9997 139.25 -13 4285 1 0 1
17.8265 -8.79116 10700 -0.155648 0.461323 27.9958 139.329 -13 4286 1 0 1
-32.3861 12.5548 10700 0.156914 -0.889664 27.9854 139.088 -13 4287 1 0 1
-2.47953 -6.51399 10700 -0.0303043 0.390702 27.9973 139.223 -13 4288 1 0 1
9.89907 -14.2258 10700 -0.115023 0.981411 27.9826 139.315 -13 4289 1 0 1
19.1494 2.80281 10700 -0.163269 -0.195341 27.9988 139.324 -13 4290 1 0 1
-32.9486 6.8504 10700 0.135847 -0.396715 27.9969 139.047 -13 4291 1 0 1
42.5094 -0.789841 10700 -0.291619 0.174914 27.9979 139.46 -13 4292 1 0 1
-27.4357 -11.893 10700 0.131529 0.776512 27.9889 139.116 -13 4293 1 0 1
12.8374 -4.70222 10700 -0.140014 0.316705 27.9979 139.281 -13 4294 1 0 1
10.1039 -9.33341 10700 -0.107133 0.559857 27.9942 139.296 -13 4295 1 0 1
-24.4819 14.8086 10700 0.111805 -1.00035 27.9819 139.142 -13 4296 1 0 1
21.7758 -0.859836 10700 -0.184124 0.0350976 27.9994 139.33 -13 4297 1 0 1
63.9442 -20.757 10700 -0.653158 2.31484 27.8965 139.799 -13 4298 1 0 1
50.2705 -13.1035 10700 -0.375911 0.986893 27.9801 139.538 -13 4299 1 0 1
-18.7077 -2.2441 10700 0.0548363 0.0763746 27.9998 139.123 -13 4300 1 0 1
-2.21049 -9.59605 10700 -0.0473984 0.5705 27.9941 139.219 -13 4301 1 0 1
-60.6583 10.3822 10700 0.347193 -0.706409 27.9889 138.938 -13 4302 1 0 1
-36.5667 4.38861 10700 0.168084 -0.282793 27.9981 139.038 -13 4303 1 0 1
-40.4886 2.99437 10700 0.196254 -0.207582 27.9985 139.02 -13 4304 1 0 1
87.4117 -13.9333 10700 -0.767499 1.95645 27.921 139.854 -13 4305 1 0 1
20.9311 -15.6432 10700 -0.195731 1.06777 27.9789 139.375 -13 4306 1 0 1
2.23289 -9.86089 10700 -0.0613061 0.675498 27.9918 139.258 -13 4307 1 0 1
36.693 3.9969 10700 -0.262966 -0.271193 27.9975 139.425 -13 4308 1 0 1
-2.39052 -4.75874 10700 -0.0348314 0.325853 27.9981 139.218 -13 4309 1 0 1
47.2458 6.24807 10700 -0.32767 -0.551126 27.9927 139.498 -13 4310 1 0 1
46.9835 7.38015 10700 -0.317918 -0.464634 27.9943 139.502 -13 4311 1 0 1
5.15878 -15.4248 10700 -0.0858018 0.928557 27.9845 139.291 -13 4312 1 0 1
-20.0608 27.3908 10700 0.095836 -2.01073 27.9275 139.258 -13 4313 1 0 1
1.62693 -20.4891 10700 -0.0662797 1.45581 27.962 139.316 -13 4314 1 0 1
-16.0238 13.0596 10700 0.0506322 -0.871114 27.9864 139.173 -13 4315 1 0 1
-26.1732 0.968847 10700 0.106562 -0.0390607 27.9998 139.09 -13 4316 1 0 1
40.9661 10.5632 10700 -0.297554 -0.798069 27.987 139.477 -13 4317 1 0 1
14.8971 -1.24647 10700 -0.140514 0.10803 27.9994 139.298 -13 4318 1 0 1
18.3328 0.190678 10700 -0.150148 -0.0214226 27.9996 139.326 -13 4319 1 0 1
0.458664 4.05479 10700 -0.0504824 -0.244899 27.9989 139.233 -13 4320 1 0 1
-22.9307 -1.48652 10700 0.075857 0.0307402 27.9999 139.096 -13 4321 1 0 1
2.15225 3.15496 10700 -0.0687831 -0.243602 27.9989 139.232 -13 4322 1 0 1
12.9092 -3.17806 10700 -0.124945 0.165965 27.9992 139.294 -13 4323 1 0 1
76.5816 -11.5308 10700 -0.561754 1.15343 27.9706 139.703 -13 4324 1 0 1
23.4214 -17.086 10700 -0.208181 1.30892 27.9686 139.42 -13 4325 1 0 1
-5.87619 3.53482 10700 -0.0132458 -0.142931 27.9996 139.199 -13 4326 1 0 1
-15.4023 -2.47521 10700 0.041148 0.223445 27.9991 139.147 -13 4327 1 0 1
18.7055 -3.63217 10700 -0.17396 0.195824 27.9988 139.309 -13 4328 1 0 1
9.1535 5.8033 10700 -0.0954128 -0.406992 27.9969 139.287 -13 4329 1 0 1
22.1818 1.48955 10700 -0.172912 -0.0897697 27.9993 139.347 -13 4330 1 0 1
-42.568 -0.0995728 10700 0.2107 0.0395246 27.9992 139.01 -13 4331 1 0 1
28.0241 -6.00933 10700 -0.217746 0.344767 27.997 139.375 -13 4332 1 0 1
16.2699 2.33638 10700 -0.137035 -0.101798 27.9995 139.318 -13 4333 1 0 1
-15.6513 -3.616 10700 0.040107 0.215332 27.9991 139.144 -13 4334 1 0 1
-24.9449 -1.75821 10700 0.0962102 0.102488 27.9996 139.094 -13 4335 1 0 1
33.1546 -18.4609 10700 -0.288493 1.51731 27.9574 139.492 -13 4336 1 0 1
7.37347 -21.1121 10700 -0.116277 1.4506 27.9622 139.343 -13 4337 1 0 1
-11.3147 12.2152 10700 0.0186412 -0.800102 27.9886 139.192 -13 4338 1 0 1
31.0937 -1.11268 10700 -0.221595 0.195201 27.9984 139.399 -13 4339 1 0 1
43.3667 1.3972 10700 -0.303384 -0.0303749 27.9983 139.456 -13 4340 1 0 1
17.3823 -15.2054 10700 -0.165353 1.04129 27.9801 139.359 -13 4341 1 0 1
8.66647 10.0446 10700 -0.117294 -0.511208 27.9951 139.268 -13 4342 1 0 1
-12.2885 6.43891 10700 0.0240922 -0.432907 27.9966 139.168 -13 4343 1 0 1
44.5118 -12.601 10700 -0.330768 0.905133 27.9834 139.501 -13 4344 1 0 1
23.5905 -10.5284 10700 -0.185982 0.618269 27.9926 139.375 -13 4345 1 0 1
-11.2681 -7.6444 10700 0.0195947 0.513152 27.9953 139.179 -13 4346 1 0 1
-38.6347 -5.91873 10700 0.184164 0.370399 27.9969 139.03 -13 4347 1 0 1
4.66983 -5.49596 10700 -0.0782162 0.254529 27.9987 139.253 -13 4348 1 0 1
23.4914 -3.14435 10700 -0.193128 0.212674 27.9985 139.343 -13 4349 1 0 1
-30.7271 -3.23009 10700 0.125438 0.205009 27.999 139.06 -13 4350 1 0 1
17.7308 -7.63839 10700 -0.156604 0.518001 27.9948 139.327 -13 4351 1 0 1
16.0614 3.5423 10700 -0.154592 -0.225651 27.9987 139.299 -13 4352 1 0 1
3.55083 6.4645 10700 -0.0744788 -0.364168 27.9975 139.245 -13 4353 1 0 1
38.7403 -9.19001 10700 -0.284496 0.676159 27.9904 139.452 -13 4354 1 0 1
-45.2084 10.4801 10700 0.227983 -0.726042 27.9897 139.004 -13 4355 1 0 1
-14.5038 11.161 10700 0.0449695 -0.668603 27.992 139.178 -13 4356 1 0 1
-16.6238 0.967141 10700 0.0445052 -0.0915722 27.9998 139.135 -13 4357 1 0 1
26.158 -12.7874 10700 -0.219553 0.8727 27.9855 139.39 -13 4358 1 0 1
22.9385 -14.3699 10700 -0.193443 0.987919 27.9819 139.39 -13 4359 1 0 1
25.7249 -7.82196 10700 -0.199361 0.546873 27.9939 139.377 -13 4360 1 0 1
21.4784 -19.1405 10700 -0.210513 1.48938 27.9596 139.42 -13 4361 1 0 1
42.4834 -3.81855 10700 -0.30574 0.262339 27.9971 139.449 -13 4362 1 0 1
4.44716 -9.13075 10700 -0.0757924 0.570517 27.9941 139.264 -13 4363 1 0 1
28.8573 -7.45362 10700 -0.220575 0.406343 27.9962 139.384 -13 4364 1 0 1
3.55072 9.06203 10700 -0.0752842 -0.548919 27.9945 139.253 -13 4365 1 0 1
-39.374 6.36935 10700 0.191482 -0.289421 27.9978 139.031 -13 4366 1 0 1
20.8582 2.62572 10700 -0.163195 -0.123345 27.9993 139.343 -13 4367 1 0 1
6.99924 -0.895109 10700 -0.0857644 0.110452 27.9997 139.266 -13 4368 1 0 1
-38.5216 10.9379 10700 0.195934 -0.725748 27.9899 139.051 -13 4369 1 0 1
-7.50547 15.8403 10700 -0.0130645 -1.08522 27.979 139.222 -13 4370 1 0 1
-7.31583 3.99845 10700 0.00382967 -0.252814 27.9989 139.202 -13 4371 1 0 1
-31.1874 17.1463 10700 0.159344 -1.09494 27.9781 139.114 -13 4372 1 0 1
56.0051 -4.49621 10700 -0.385063 0.274669 27.996 139.531 -13 4373 1 0 1
15.6688 4.4414 10700 -0.141359 -0.29848 27.9981 139.31 -13 4374 1 0 1
31.3761 -12.7518 10700 -0.245858 0.852239 27.9859 139.424 -13 4375 1 0 1
5.90423 3.3161 10700 -0.0794075 -0.338127 27.9978 139.264 -13 4376 1 0 1
14.6969 -3.09127 10700 -0.130455 0.26024 27.9985 139.309 -13 4377 1 0 1
8.73422 -14.0233 10700 -0.109561 1.0749 27.9791 139.312 -13 4378 1 0 1
9.21699 3.42695 10700 -0.113814 -0.199799 27.9991 139.264 -13 4379 1 0 1
57.5741 -6.8187 10700 -0.393446 0.431635 27.9939 139.55 -13 4380 1 0 1
-4.21522 7.11965 10700 -0.0215552 -0.496091 27.9956 139.217 -13 4381 1 0 1
23.3888 -11.9302 10700 -0.181141 0.734301 27.9898 139.386 -13 4382 1 0 1
-7.82791 2.86367 10700 -0.00597291 -0.12606 27.9997 139.184 -13 4383 1 0 1
57.8943 2.32278 10700 -0.39482 -0.090735 27.9971 139.537 -13 4384 1 0 1
-22.1721 3.40589 10700 0.0821577 -0.187877 27.9992 139.113 -13 4385 1 0 1
-7.46438 3.63936 10700 -0.00194999 -0.177281 27.9994 139.193 -13 4386 1 0 1
30.9195 9.32411 10700 -0.235728 -0.677934 27.9908 139.409 -13 4387 1 0 1
-0.375061 4.95191 10700 -0.0424631 -0.270187 27.9987 139.233 -13 4388 1 0 1
-6.21321 8.89382 10700 -0.0150112 -0.597722 27.9936 139.207 -13 4389 1 0 1
-30.938 7.43503 10700 0.135634 -0.413248 27.9966 139.07 -13 4390 1 0 1
-32.4767 3.73152 10700 0.140593 -0.143176 27.9993 139.055 -13 4391 1 0 1
13.295 3.72218 10700 -0.135318 -0.241191 27.9986 139.288 -13 4392 1 0 1
-25.3411 5.38546 10700 0.105686 -0.415766 27.9967 139.102 -13 4393 1 0 1
-23.9883 4.47037 10700 0.0831055 -0.288663 27.9984 139.094 -13 4394 1 0 1
-43.054 21.891 10700 0.266941 -1.61633 27.952 139.087 -13 4395 1 0 1
19.2402 -5.18793 10700 -0.159136 0.293027 27.998 139.333 -13 4396 1 0 1
22.7631 -6.13731 10700 -0.17482 0.348602 27.9973 139.359 -13 4397 1 0 1
32.8445 -6.57977 10700 -0.244505 0.455428 27.9952 139.406 -13 4398 1 0 1
3.96791 -19.1349 10700 -0.0844489 1.47403 27.961 139.324 -13 4399 1 0 1
62.7325 -6.27116 10700 -0.431042 0.508871 27.9921 139.577 -13 4400 1 0 1
-3.56804 1.91688 10700 -0.0406677 -0.106623 27.9998 139.195 -13 4401 1 0 1
17.5414 4.99671 10700 -0.147971 -0.388909 27.9969 139.326 -13 4402 1 0 1
89.4341 5.55153 10700 -0.601795 -0.446097 27.99 139.728 -13 4403 1 0 1
22.468 -2.53707 10700 -0.183897 0.167819 27.9989 139.34 -13 4404 1 0 1
9.87847 7.85828 10700 -0.111326 -0.380269 27.9972 139.282 -13 4405 1 0 1
-9.01993 -13.8156 10700 -0.0119256 0.931783 27.9845 139.197 -13 4406 1 0 1
74.4983 6.77778 10700 -0.507204 -0.604182 27.9889 139.655 -13 4407 1 0 1
11.8676 -9.80273 10700 -0.11436 0.559003 27.9942 139.309 -13 4408 1 0 1
0.610644 14.8894 10700 -0.0522448 -0.872453 27.9864 139.269 -13 4409 1 0 1
3.03107 -2.01618 10700 -0.0640527 0.181011 27.9993 139.245 -13 4410 1 0 1
26.8632 -6.98957 10700 -0.222715 0.453861 27.9954 139.36 -13 4411 1 0 1
-16.056 0.344364 10700 0.0484117 -0.0062553 28 139.145 -13 4412 1 0 1
-0.141994 15.1195 10700 -0.0547497 -0.977744 27.9829 139.261 -13 4413 1 0 1
67.8586 -10.1819 10700 -0.485656 0.860475 27.9826 139.625 -13 4414 1 0 1
26.6526 2.032 10700 -0.207442 -0.14587 27.9989 139.362 -13 4415 1 0 1
32.9212 11.8478 10700 -0.258195 -0.792702 27.9876 139.423 -13 4416 1 0 1
-17.0884 -1.08489 10700 0.0450536 0.0172421 28 139.13 -13 4417 1 0 1
20.12 -7.74856 10700 -0.165684 0.467693 27.9956 139.342 -13 4418 1 0 1
-51.9624 17.3063 10700 0.304799 -1.33277 27.9666 139.008 -13 4419 1 0 1
42.3983 -13.8229 10700 -0.313995 0.942233 27.9824 139.501 -13 4420 1 0 1
5.2348 4.16352 10700 -0.0792013 -0.203786 27.9991 139.256 -13 4421 1 0 1
38.927 -23.0465 10700 -0.391075 1.9385 27.9301 139.582 -13 4422 1 0 1
-59.6407 6.12264 10700 0.315325 -0.474888 27.9942 138.917 -13 4423 1 0 1
39.5234 -5.47791 10700 -0.289415 0.318767 27.9967 139.435 -13 4424 1 0 1
23.2929 -4.44655 10700 -0.190941 0.269544 27.9981 139.345 -13 4425 1 0 1
58.6829 -2.47311 10700 -0.393132 0.295714 27.9957 139.552 -13 4426 1 0 1
-37.6223 8.04352 10700 0.174524 -0.51546 27.9947 139.035 -13 4427 1 0 1
7.43205 4.06058 10700 -0.0996232 -0.214225 27.999 139.259 -13 4428 1 0 1
54.2422 -4.8008 10700 -0.37379 0.302743 27.9959 139.523 -13 4429 1 0 1
-19.2323 -10.5548 10700 0.065113 0.732985 27.9903 139.142 -13 4430 1 0 1
-12.3526 -4.77499 10700 0.0251109 0.425903 27.9967 139.169 -13 4431 1 0 1
26.2163 1.10844 10700 -0.200691 0.020153 27.9993 139.363 -13 4432 1 0 1
2.55263 15.0624 10700 -0.072246 -1.08035 27.9791 139.28 -13 4433 1 0 1
-17.0635 10.2308 10700 0.0526143 -0.673271 27.9919 139.154 -13 4434 1 0 1
-36.666 4.78738 10700 0.173371 -0.292616 27.9979 139.042 -13 4435 1 0 1
86.5946 -2.9465 10700 -0.571185 0.356813 27.9919 139.714 -13 4436 1 0 1
-26.0884 8.17294 10700 0.10474 -0.423485 27.9966 139.095 -13 4437 1 0 1
27.3072 8.73003 10700 -0.205667 -0.519534 27.9944 139.388 -13 4438 1 0 1
-31.8609 13.2986 10700 0.155734 -0.86966 27.9861 139.094 -13 4439 1 0 1
41.781 -10.239 10700 -0.300606 0.668387 27.9904 139.476 -13 4440 1 0 1
10.5681 8.45019 10700 -0.108968 -0.506852 27.9952 139.295 -13 4441 1 0 1
-16.6812 14.522 10700 0.0607261 -0.971665 27.9831 139.182 -13 4442 1 0 1
0.957792 6.9112 10700 -0.0460204 -0.362542 27.9976 139.247 -13 4443 1 0 1
0.983092 -11.9513 10700 -0.0568386 0.766959 27.9894 139.255 -13 4444 1 0 1
1.13832 -7.90654 10700 -0.0539941 0.485103 27.9957 139.243 -13 4445 1 0 1
-13.5372 9.62883 10700 0.0299124 -0.567717 27.9942 139.168 -13 4446 1 0 1
20.4984 1.85704 10700 -0.168886 -0.0995705 27.9993 139.332 -13 4447 1 0 1
-22.3441 15.0451 10700 0.0930622 -0.897672 27.9855 139.147 -13 4448 1 0 1
6.32956 4.16661 10700 -0.0934012 -0.185555 27.9992 139.253 -13 4449 1 0 1
8.50878 -5.71847 10700 -0.0924394 0.351801 27.9976 139.281 -13 4450 1 0 1
6.73621 8.80461 10700 -0.0904057 -0.517186 27.9951 139.271 -13 4451 1 0 1
-8.31405 -4.54307 10700 -0.00767505 0.245694 27.9989 139.179 -13 4452 1 0 1
-52.7096 19.8098 10700 0.330421 -1.63159 27.9505 139.021 -13 4453 1 0 1
-31.2282 4.88308 10700 0.141641 -0.210115 27.9989 139.072 -13 4454 1 0 1
23.3648 -4.06334 10700 -0.183817 0.282602 27.998 139.353 -13 4455 1 0 1
-9.66816 -2.7739 10700 0.00936154 0.139316 27.9997 139.179 -13 4456 1 0 1
28.8097 11.4752 10700 -0.217176 -0.729259 27.9897 139.412 -13 4457 1 0 1
1.08874 0.0171762 10700 -0.0466194 -0.11402 27.9997 139.241 -13 4458 1 0 1
3.00924 -13.154 10700 -0.0661319 0.860807 27.9867 139.275 -13 4459 1 0 1
18.2404 -0.145183 10700 -0.156557 -0.0218428 27.9996 139.318 -13 4460 1 0 1
-39.2713 11.2352 10700 0.187272 -0.685064 27.991 139.036 -13 4461 1 0 1
17.5127 4.69425 10700 -0.149002 -0.298483 27.998 139.324 -13 4462 1 0 1
26.5238 -14.3843 10700 -0.215711 0.940587 27.9834 139.408 -13 4463 1 0 1
13.9928 1.1562 10700 -0.126397 -0.119552 27.9995 139.303 -13 4464 1 0 1
-18.5121 -0.322924 10700 0.0540934 0.0581246 27.9999 139.124 -13 4465 1 0 1
55.3643 5.31809 10700 -0.3904 -0.289119 27.9958 139.52 -13 4466 1 0 1
-5.72677 5.83139 10700 -0.0176634 -0.267358 27.9987 139.2 -13 4467 1 0 1
15.0471 4.44899 10700 -0.136559 -0.348427 27.9975 139.308 -13 4468 1 0 1
-14.1323 1.5228 10700 0.0344087 -0.0612179 27.9999 139.153 -13 4469 1 0 1
-35.7032 -5.15874 10700 0.169487 0.259793 27.9983 139.049 -13 4470 1 0 1
-2.24847 -13.9114 10700 -0.0380895 0.868997 27.9865 139.246 -13 4471 1 0 1
-37.3701 3.59133 10700 0.176934 -0.209376 27.9987 139.037 -13 4472 1 0 1
10.4899 6.10428 10700 -0.121539 -0.383308 27.9971 139.274 -13 4473 1 0 1
12.3092 4.99905 10700 -0.130283 -0.277622 27.9983 139.284 -13 4474 1 0 1
-0.564846 -3.93702 10700 -0.0407195 0.209756 27.9992 139.231 -13 4475 1 0 1
5.97864 19.1392 10700 -0.102661 -1.28015 27.9705 139.319 -13 4476 1 0 1
33.533 -0.284239 10700 -0.241723 0.0488614 27.9989 139.404 -13 4477 1 0 1
-39.6485 -1.56061 10700 0.200454 0.0455618 27.9992 139.032 -13 4478 1 0 1
51.9558 -13.1194 10700 -0.382608 0.966207 27.9807 139.551 -13 4479 1 0 1
65.2865 -17.3914 10700 -0.544768 1.60838 27.9485 139.691 -13 4480 1 0 1
20.8413 -18.3836 10700 -0.187566 1.33041 27.9677 139.416 -13 4481 1 0 1
-44.4893 -1.17487 10700 0.221569 0.076832 27.999 138.999 -13 4482 1 0 1
14.8951 -3.49544 10700 -0.134689 0.27803 27.9983 139.307 -13 4483 1 0 1
37.1797 -3.27222 10700 -0.264487 0.291393 27.9972 139.428 -13 4484 1 0 1
-33.0426 8.89583 10700 0.145047 -0.606482 27.9931 139.062 -13 4485 1 0 1
-9.73985 -0.330723 10700 0.00786697 0.020038 28 139.175 -13 4486 1 0 1
-46.0072 11.753 10700 0.23935 -0.749496 27.9889 139.008 -13 4487 1 0 1
-17.349 17.1896 10700 0.0631623 -1.14834 27.9764 139.188 -13 4488 1 0 1
-0.319573 -10.3218 10700 -0.0514278 0.563587 27.9943 139.236 -13 4489 1 0 1
-5.30251 13.9132 10700 -0.0186623 -0.803594 27.9885 139.228 -13 4490 1 0 1
8.83944 9.40247 10700 -0.096111 -0.701698 27.991 139.298 -13 4491 1 0 1
58.6483 -11.1662 10700 -0.433415 0.859324 27.9835 139.566 -13 4492 1 0 1
-36.5943 9.79885 10700 0.169355 -0.651124 27.9919 139.047 -13 4493 1 0 1
73.3319 4.36614 10700 -0.497499 -0.380848 27.993 139.629 -13 4494 1 0 1
-15.6138 12.904 10700 0.046455 -0.800683 27.9885 139.171 -13 4495 1 0 1
59.9492 5.52419 10700 -0.412752 -0.362874 27.9946 139.554 -13 4496 1 0 1
-44.265 6.67548 10700 0.218708 -0.480777 27.995 139.001 -13 4497 1 0 1
-36.5114 12.5662 10700 0.184306 -0.805488 27.9878 139.066 -13 4498 1 0 1
40.3152 -14.2798 10700 -0.308271 1.01441 27.9799 139.489 -13 4499 1 0 1
-25.0775 -4.98666 10700 0.0886421 0.454354 27.9962 139.092 -13 4500 1 0 1
3.15563 -1.16048 10700 -0.0700664 -0.0271976 27.9999 139.239 -13 4501 1 0 1
39.4439 -6.83606 10700 -0.283247 0.529385 27.9936 139.449 -13 4502 1 0 1
-26.1975 14.5074 10700 0.112682 -0.930222 27.9843 139.12 -13 4503 1 0 1
-78.3592 5.5146 10700 0.438682 -0.384538 27.9939 138.814 -13 4504 1 0 1
-27.8021 15.7132 10700 0.12089 -1.07226 27.9792 139.114 -13 4505 1 0 1
28.4207 1.52421 10700 -0.204823 -0.112659 27.999 139.385 -13 4506 1 0 1
9.66754 7.94021 10700 -0.101739 -0.456286 27.9961 139.29 -13 4507 1 0 1
-32.0926 -6.87633 10700 0.144511 0.469145 27.9957 139.066 -13 4508 1 0 1
37.7196 -18.3165 10700 -0.316409 1.27922 27.969 139.499 -13 4509 1 0 1
-34.1953 2.06293 10700 0.150552 -0.147011 27.9992 139.045 -13 4510 1 0 1
51.9973 -7.82429 10700 -0.372894 0.650272 27.99 139.519 -13 4511 1 0 1
4.77659 4.95154 10700 -0.0852556 -0.255196 27.9987 139.246 -13 4512 1 0 1
-38.9 6.52667 10700 0.190218 -0.465862 27.9955 139.034 -13 4513 1 0 1
-13.549 1.79223 10700 0.0268451 -0.0377268 28 139.152 -13 4514 1 0 1
3.40258 14.7225 10700 -0.068767 -0.975743 27.9829 139.288 -13 4515 1 0 1
-6.14223 0.68145 10700 -0.0136478 -0.0618896 27.9999 139.194 -13 4516 1 0 1
19.9968 -16.5926 10700 -0.19037 1.14561 27.9759 139.379 -13 4517 1 0 1
56.5104 -15.4936 10700 -0.45275 1.39635 27.9615 139.607 -13 4518 1 0 1
-49.0437 25.4942 10700 0.369685 -2.1301 27.9164 139.101 -13 4519 1 0 1
37.2305 -4.33945 10700 -0.272287 0.245553 27.9976 139.422 -13 4520 1 0 1
-8.95135 11.2781 10700 -0.00633566 -0.688457 27.9915 139.19 -13 4521 1 0 1
-3.05941 -1.28582 10700 -0.0304409 0.0494385 27.9999 139.211 -13 4522 1 0 1
15.0263 0.974479 10700 -0.130235 -0.112249 27.9995 139.311 -13 4523 1 0 1
27.2863 -7.37218 10700 -0.206639 0.552417 27.9938 139.387 -13 4524 1 0 1
-10.6373 -9.54107 10700 0.0211916 0.580468 27.994 139.192 -13 4525 1 0 1
9.79017 -2.98014 10700 -0.104355 0.147933 27.9994 139.28 -13 4526 1 0 1
16.3767 -14.9404 10700 -0.157946 0.969112 27.9828 139.35 -13 4527 1 0 1
14.49 -2.93766 10700 -0.124002 0.177023 27.9992 139.313 -13 4528 1 0 1
-17.133 5.00197 10700 0.0501311 -0.31409 27.9982 139.139 -13 4529 1 0 1
-8.50231 -5.11745 10700 0.000243972 0.223921 27.9991 139.185 -13 4530 1 0 1
-9.57648 -11.3411 10700 0.0025318 0.640014 27.9927 139.191 -13 4531 1 0 1
-41.2582 -6.25242 10700 0.207681 0.364147 27.9969 139.024 -13 4532 1 0 1
24.5248 -15.2692 10700 -0.213733 1.10952 27.9772 139.402 -13 4533 1 0 1
2.28437 31.2509 10700 -0.116971 -2.4571 27.8917 139.457 -13 4534 1 0 1
-6.44849 6.96056 10700 -0.0275483 -0.456569 27.9963 139.183 -13 4535 1 0 1
11.4065 -18.3061 10700 -0.14989 1.26188 27.9711 139.336 -13 4536 1 0 1
33.6946 -16.0388 10700 -0.274331 1.19114 27.9733 139.465 -13 4537 1 0 1
9.51556 -11.1 10700 -0.113704 0.722625 27.9904 139.291 -13 4538 1 0 1
38.3402 -0.600611 10700 -0.272761 0.0269553 27.9987 139.428 -13 4539 1 0 1
-27.5588 9.80301 10700 0.12149 -0.608031 27.9931 139.102 -13 4540 1 0 1
-33.9042 -2.89294 10700 0.159491 0.129014 27.9992 139.057 -13 4541 1 0 1
-18.6747 10.1715 10700 0.0676313 -0.578869 27.9939 139.148 -13 4542 1 0 1
22.1795 6.96589 10700 -0.179313 -0.500793 27.9949 139.353 -13 4543 1 0 1
8.17605 10.5129 10700 -0.099555 -0.640944 27.9925 139.288 -13 4544 1 0 1
-7.4795 1.69276 10700 -0.00783717 -0.117044 27.9998 139.185 -13 4545 1 0 1
-19.1111 6.16789 10700 0.0673884 -0.288332 27.9984 139.136 -13 4546 1 0 1
-18.5827 -6.43843 10700 0.053001 0.395625 27.9972 139.126 -13 4547 1 0 1
-46.7299 8.67654 10700 0.231578 -0.57972 27.993 138.989 -13 4548 1 0 1
6.68407 -4.09025 10700 -0.0838597 0.359899 27.9976 139.268 -13 4549 1 0 1
18.1355 2.36572 10700 -0.161831 -0.143697 27.9992 139.313 -13 4550 1 0 1
33.2283 -6.26468 10700 -0.250023 0.505996 27.9943 139.408 -13 4551 1 0 1
32.1823 -2.91366 10700 -0.232868 0.190843 27.9984 139.401 -13 4552 1 0 1
11.1328 -7.15034 10700 -0.120393 0.529007 27.9947 139.29 -13 4553 1 0 1
-4.68146 -18.0028 10700 -0.015696 1.14587 27.9765 139.262 -13 4554 1 0 1
7.40276 3.00049 10700 -0.100991 -0.200964 27.9991 139.257 -13 4555 1 0 1
5.4662 1.2692 10700 -0.0819621 -0.0949436 27.9997 139.253 -13 4556 1 0 1
-10.3739 10.0704 10700 0.000558625 -0.617955 27.9932 139.177 -13 4557 1 0 1
-26.7953 -6.34513 10700 0.104292 0.398921 27.997 139.085 -13 4558 1 0 1
18.7014 6.22438 10700 -0.158151 -0.358995 27.9973 139.33 -13 4559 1 0 1
0.713862 14.07 10700 -0.0582872 -0.895077 27.9856 139.261 -13 4560 1 0 1
24.0153 -12.3045 10700 -0.199983 0.845574 27.9865 139.381 -13 4561 1 0 1
-8.72557 0.227221 10700 0.00361023 0.0975705 27.9998 139.183 -13 4562 1 0 1
-27.1356 12.9274 10700 0.11549 -0.824587 27.9876 139.107 -13 4563 1 0 1
-10.7748 -13.4926 10700 0.00810642 0.85782 27.9869 139.193 -13 4564 1 0 1
-14.4424 2.61074 10700 0.0229939 -0.0825967 27.9999 139.139 -13 4565 1 0 1
-25.668 11.5608 10700 0.114277 -0.800101 27.9883 139.12 -13 4566 1 0 1
-14.7629 -1.74783 10700 0.0475942 0.0724584 27.9999 139.159 -13 4567 1 0 1
32.77 0.991113 10700 -0.237364 -0.0311607 27.999 139.4 -13 4568 1 0 1
17.3853 -5.22678 10700 -0.145024 0.367903 27.9972 139.327 -13 4569 1 0 1
-11.3914 -3.51995 10700 0.00876497 0.122117 27.9997 139.159 -13 4570 1 0 1
-20.2629 11.4224 10700 0.0697761 -0.796238 27.9886 139.138 -13 4571 1 0 1
-11.2759 4.30636 10700 0.0148805 -0.248252 27.9989 139.168 -13 4572 1 0 1
37.5557 2.16878 10700 -0.276366 -0.138035 27.9983 139.417 -13 4573 1 0 1
10.4517 -0.811722 10700 -0.106712 0.00213177 27.9998 139.283 -13 4574 1 0 1
10.7432 -4.63789 10700 -0.107551 0.207421 27.999 139.289 -13 4575 1 0 1
-30.1922 7.68651 10700 0.131036 -0.515547 27.9949 139.076 -13 4576 1 0 1
46.049 -1.99556 10700 -0.32294 0.119629 27.9979 139.469 -13 4577 1 0 1
-21.0953 5.54486 10700 0.0771745 -0.31722 27.9981 139.122 -13 4578 1 0 1
-56.2911 21.9461 10700 0.389557 -1.86576 27.9351 139.025 -13 4579 1 0 1
-24.9678 0.628095 10700 0.099124 -0.0649439 27.9997 139.096 -13 4580 1 0 1
23.2019 10.7342 10700 -0.190215 -0.769404 27.9888 139.372 -13 4581 1 0 1
19.8888 -3.63035 10700 -0.163082 0.18222 27.9989 139.333 -13 4582 1 0 1
-35.1876 20.8621 10700 0.185782 -1.522 27.958 139.106 -13 4583 1 0 1
-1.75791 -0.451911 10700 -0.046102 0.0102603 28 139.209 -13 4584 1 0 1
-40.9714 -0.209536 10700 0.196008 0.032824 27.9993 139.014 -13 4585 1 0 1
-23.0412 12.9703 10700 0.0859261 -0.86994 27.9864 139.126 -13 4586 1 0 1
20.1286 -17.1306 10700 -0.193677 1.26669 27.9707 139.391 -13 4587 1 0 1
-1.38646 2.96138 10700 -0.0457448 -0.134663 27.9996 139.215 -13 4588 1 0 1
-1.28304 6.26814 10700 -0.0476868 -0.289147 27.9985 139.219 -13 4589 1 0 1
-25.9164 -12.6367 10700 0.101989 0.834926 27.9874 139.108 -13 4590 1 0 1
-6.12395 8.9947 10700 -0.0110836 -0.476912 27.9959 139.207 -13 4591 1 0 1
-42.8515 23.331 10700 0.278064 -1.76642 27.9428 139.105 -13 4592 1 0 1
7.73565 -10.0049 10700 -0.0981582 0.689352 27.9913 139.283 -13 4593 1 0 1
8.53565 0.251346 10700 -0.0949119 -0.0227351 27.9998 139.273 -13 4594 1 0 1
1.48911 19.4279 10700 -0.0557856 -1.25886 27.9716 139.313 -13 4595 1 0 1
13.0295 -18.6361 10700 -0.13819 1.33698 27.9677 139.371 -13 4596 1 0 1
-4.84671 3.86544 10700 -0.0213797 -0.23751 27.999 139.203 -13 4597 1 0 1
16.6888 1.02518 10700 -0.145432 -0.0163625 27.9996 139.312 -13 4598 1 0 1
-17.379 -7.17184 10700 0.0590755 0.407859 27.997 139.146 -13 4599 1 0 1
-14.7624 12.685 10700 0.0317915 -0.754676 27.9898 139.165 -13 4600 1 0 1
19.2087 -21.7647 10700 -0.206716 1.59984 27.9535 139.424 -13 4601 1 0 1
39.1983 0.129244 10700 -0.278403 -0.108417 27.9984 139.434 -13 4602 1 0 1
35.665 1.19064 10700 -0.254111 -0.0420936 27.9988 139.417 -13 4603 1 0 1
26.7044 -2.42989 10700 -0.197583 0.128346 27.999 139.374 -13 4604 1 0 1
-6.14668 14.8384 10700 -0.0225174 -0.860483 27.9868 139.219 -13 4605 1 0 1
14.7523 -8.44252 10700 -0.139936 0.585941 27.9935 139.316 -13 4606 1 0 1
34.5886 -17.295 10700 -0.284856 1.31086 27.9678 139.486 -13 4607 1 0 1
-13.3982 1.75635 10700 0.034314 -0.0488407 27.9999 139.161 -13 4608 1 0 1
-38.9347 -2.44938 10700 0.18418 0.194686 27.9987 139.026 -13 4609 1 0 1
62.3909 -8.12505 10700 -0.445438 0.639916 27.9891 139.574 -13 4610 1 0 1
-12.9635 -2.30502 10700 0.0216041 0.121438 27.9997 139.154 -13 4611 1 0 1
-19.1256 -3.71795 10700 0.0627656 0.265945 27.9987 139.128 -13 4612 1 0 1
1.56675 0.29346 10700 -0.0655331 0.0134086 27.9999 139.226 -13 4613 1 0 1
-17.3927 10.0578 10700 0.0599909 -0.669368 27.9919 139.158 -13 4614 1 0 1
-45.1192 15.1388 10700 0.24392 -0.968298 27.9822 139.028 -13 4615 1 0 1
59.9366 -12.9871 10700 -0.451618 1.08622 27.9753 139.596 -13 4616 1 0 1
-58.9808 0.231729 10700 0.301726 0.0246531 27.9984 138.912 -13 4617 1 0 1
15.4067 -1.64968 10700 -0.138108 0.125519 27.9994 139.307 -13 4618 1 0 1
13.2518 4.03403 10700 -0.117123 -0.171659 27.9992 139.307 -13 4619 1 0 1
-3.08283 -12.4876 10700 -0.0363541 0.79616 27.9887 139.232 -13 4620 1 0 1
-23.9993 2.03539 10700 0.0890179 -0.102652 27.9997 139.098 -13 4621 1 0 1
-1.82341 -23.4035 10700 -0.0432231 1.7235 27.9469 139.332 -13 4622 1 0 1
17.7846 6.11796 10700 -0.151871 -0.446834 27.996 139.327 -13 4623 1 0 1
26.8135 -18.9045 10700 -0.247813 1.38048 27.9649 139.441 -13 4624 1 0 1
29.0324 -8.20008 10700 -0.224358 0.478878 27.995 139.386 -13 4625 1 0 1
-0.719891 -1.27757 10700 -0.0394191 0.0192527 28 139.227 -13 4626 1 0 1
-30.0437 7.644 10700 0.13235 -0.401455 27.9968 139.077 -13 4627 1 0 1
24.5995 6.09991 10700 -0.195369 -0.371981 27.9968 139.358 -13 4628 1 0 1
11.8954 9.61343 10700 -0.124224 -0.745115 27.9898 139.305 -13 4629 1 0 1
4.90678 -3.98204 10700 -0.0887557 0.305259 27.9982 139.244 -13 4630 1 0 1
-11.4931 -4.55882 10700 0.0214554 0.310241 27.9983 139.173 -13 4631 1 0 1
-31.7867 9.7397 10700 0.147397 -0.640868 27.9923 139.08 -13 4632 1 0 1
12.1814 4.14273 10700 -0.117838 -0.399683 27.9969 139.297 -13 4633 1 0 1
-18.8967 -2.34271 10700 0.0601271 0.152118 27.9995 139.126 -13 4634 1 0 1
-24.7747 -8.4707 10700 0.0995833 0.536697 27.9947 139.107 -13 4635 1 0 1
24.1211 -5.49567 10700 -0.191487 0.42327 27.9961 139.357 -13 4636 1 0 1
49.6886 13.3763 10700 -0.374606 -0.949695 27.9814 139.53 -13 4637 1 0 1
-17.0307 3.04861 10700 0.0531607 -0.113412 27.9997 139.141 -13 4638 1 0 1
-7.90447 -1.24834 10700 -0.00776824 0.0201029 28 139.179 -13 4639 1 0 1
33.5263 -5.52262 10700 -0.241505 0.390372 27.9962 139.413 -13 4640 1 0 1
39.6597 -2.16789 10700 -0.27339 0.218475 27.9978 139.446 -13 4641 1 0 1
17.8093 1.03468 10700 -0.153535 0.00469468 27.9996 139.317 -13 4642 1 0 1
40.0083 -15.629 10700 -0.325116 1.30508 27.9677 139.505 -13 4643 1 0 1
31.6595 2.53576 10700 -0.229811 -0.244135 27.998 139.399 -13 4644 1 0 1
50.9414 -9.13521 10700 -0.364418 0.651156 27.9901 139.519 -13 4645 1 0 1
7.73485 5.93686 10700 -0.0960762 -0.336908 27.9978 139.27 -13 4646 1 0 1
-38.939 22.6157 10700 0.237475 -1.78246 27.9422 139.118 -13 4647 1 0 1
10.905 6.18793 10700 -0.11579 -0.351153 27.9976 139.285 -13 4648 1 0 1
23.8129 -2.69428 10700 -0.194923 0.144975 27.9989 139.344 -13 4649 1 0 1
37.1117 -5.5261 10700 -0.267526 0.398819 27.9959 139.428 -13 4650 1 0 1
-16.0146 2.45374 10700 0.0414132 -0.206571 27.9992 139.14 -13 4651 1 0 1
6.17087 7.39132 10700 -0.0795227 -0.459774 27.9961 139.273 -13 4652 1 0 1
13.2289 -11.3154 10700 -0.128645 0.671016 27.9917 139.319 -13 4653 1 0 1
14.49 5.74979 10700 -0.150284 -0.322872 27.9977 139.29 -13 4654 1 0 1
9.08728 -7.09076 10700 -0.111445 0.467084 27.9959 139.272 -13 4655 1 0 1
-23.6961 -9.66344 10700 0.0965367 0.644368 27.9924 139.121 -13 4656 1 0 1
17.4676 14.8577 10700 -0.175352 -0.962381 27.9829 139.344 -13 4657 1 0 1
-19.7359 -2.59663 10700 0.0577131 0.151216 27.9995 139.115 -13 4658 1 0 1
3.05265 11.1148 10700 -0.0709201 -0.810253 27.9882 139.264 -13 4659 1 0 1
-36.6576 10.7212 10700 0.178017 -0.664777 27.9915 139.056 -13 4660 1 0 1
1.96178 -8.8058 10700 -0.0653286 0.488302 27.9957 139.242 -13 4661 1 0 1
-1.5012 1.75793 10700 -0.0337563 -0.13807 27.9996 139.226 -13 4662 1 0 1
57.7695 -18.6882 10700 -0.527962 1.84089 27.9344 139.665 -13 4663 1 0 1
52.9256 -8.90338 10700 -0.379223 0.736144 27.9878 139.53 -13 4664 1 0 1
23.0999 -7.04641 10700 -0.188352 0.530829 27.9943 139.356 -13 4665 1 0 1
43.6811 -1.88159 10700 -0.300629 0.119153 27.9981 139.464 -13 4666 1 0 1
-5.95571 6.97209 10700 -0.00819249 -0.346391 27.9979 139.209 -13 4667 1 0 1
27.0501 10.7612 10700 -0.210434 -0.692301 27.9906 139.395 -13 4668 1 0 1
-31.7399 -9.50595 10700 0.13663 0.602419 27.9932 139.069 -13 4669 1 0 1
-7.05501 8.18591 10700 -0.0175093 -0.464321 27.9961 139.188 -13 4670 1 0 1
-52.5227 5.08241 10700 0.264309 -0.410782 27.9957 138.95 -13 4671 1 0 1
-19.256 3.53521 10700 0.0692416 -0.23405 27.9989 139.133 -13 4672 1 0 1
-38.1198 -5.65398 10700 0.179315 0.313684 27.9977 139.032 -13 4673 1 0 1
-38.3937 0.873853 10700 0.181864 -0.198626 27.9987 139.029 -13 4674 1 0 1
-5.77898 -0.866434 10700 -0.0120266 0.0454787 28 139.199 -13 4675 1 0 1
-49.1288 20.3748 10700 0.306913 -1.56357 27.9546 139.044 -13 4676 1 0 1
-3.6464 15.9358 10700 -0.0351946 -0.965865 27.9833 139.242 -13 4677 1 0 1
22.6175 -1.61858 10700 -0.172731 0.124002 27.9992 139.352 -13 4678 1 0 1
-1.86492 4.19057 10700 -0.0239259 -0.286699 27.9985 139.235 -13 4679 1 0 1
24.7927 -11.5251 10700 -0.206563 0.878563 27.9855 139.383 -13 4680 1 0 1
-15.6646 14.5493 10700 0.0491381 -1.0068 27.9819 139.183 -13 4681 1 0 1
23.5648 -4.99508 10700 -0.194735 0.367464 27.9969 139.345 -13 4682 1 0 1
53.3414 -22.5881 10700 -0.518641 1.98829 27.9245 139.686 -13 4683 1 0 1
23.4084 -5.03209 10700 -0.188118 0.312676 27.9976 139.351 -13 4684 1 0 1
17.2238 -18.3442 10700 -0.163396 1.23836 27.9721 139.388 -13 4685 1 0 1
24.2512 -1.88102 10700 -0.191381 0.165166 27.9989 139.352 -13 4686 1 0 1
39.4353 -5.31079 10700 -0.279281 0.390301 27.9959 139.443 -13 4687 1 0 1
-16.9297 1.13101 10700 0.0476508 -0.0819575 27.9998 139.135 -13 4688 1 0 1
-15.2612 -3.61066 10700 0.03062 0.25474 27.9988 139.139 -13 4689 1 0 1
8.69649 8.23839 10700 -0.111494 -0.530302 27.9948 139.272 -13 4690 1 0 1
13.8448 4.10911 10700 -0.129042 -0.247374 27.9986 139.302 -13 4691 1 0 1
44.5079 -5.04405 10700 -0.312391 0.416498 27.9952 139.47 -13 4692 1 0 1
22.9002 -15.1887 10700 -0.191487 1.01044 27.9811 139.396 -13 4693 1 0 1
11.0245 5.25652 10700 -0.107072 -0.348493 27.9976 139.294 -13 4694 1 0 1
50.4984 -1.75258 10700 -0.352243 0.118342 27.9975 139.492 -13 4695 1 0 1
41.4303 -15.8369 10700 -0.335472 1.30003 27.9678 139.514 -13 4696 1 0 1
40.4825 -7.90635 10700 -0.301465 0.598632 27.992 139.45 -13 4697 1 0 1
77.875 -6.49758 10700 -0.539927 0.637381 27.9875 139.665 -13 4698 1 0 1
77.4297 4.13333 10700 -0.51822 -0.343697 27.9931 139.658 -13 4699 1 0 1
53.5831 -16.1677 10700 -0.431579 1.34968 27.9641 139.588 -13 4700 1 0 1
19.5335 0.857137 10700 -0.15277 -0.0247618 27.9996 139.337 -13 4701 1 0 1
-3.29612 -8.30343 10700 -0.028122 0.567926 27.9942 139.224 -13 4702 1 0 1
13.2637 -11.8945 10700 -0.130195 0.782206 27.9888 139.322 -13 4703 1 0 1
37.4683 -1.14202 10700 -0.267398 0.0575882 27.9987 139.424 -13 4704 1 0 1
20.7216 -15.9467 10700 -0.18787 1.00711 27.9813 139.378 -13 4705 1 0 1
-29.71 2.42871 10700 0.121414 -0.0590342 27.9997 139.066 -13 4706 1 0 1
-38.0343 -8.64386 10700 0.182024 0.552159 27.994 139.039 -13 4707 1 0 1
20.3848 4.34947 10700 -0.164203 -0.275796 27.9982 139.34 -13 4708 1 0 1
-10.0445 3.35286 10700 0.015216 -0.311563 27.9983 139.182 -13 4709 1 0 1
-20.117 -20.788 10700 0.0856374 1.51592 27.9588 139.199 -13 4710 1 0 1
24.1814 7.93837 10700 -0.186847 -0.561168 27.9938 139.374 -13 4711 1 0 1
44.5331 -8.14368 10700 -0.316858 0.596279 27.9919 139.482 -13 4712 1 0 1
30.4161 -13.6631 10700 -0.242242 0.898819 27.9845 139.423 -13 4713 1 0 1
41.8082 -9.04121 10700 -0.303217 0.522184 27.9935 139.461 -13 4714 1 0 1
-59.1975 -1.11494 10700 0.313438 0.030808 27.9982 138.919 -13 4715 1 0 1
-13.3869 -4.68267 10700 0.0184009 0.218427 27.9991 139.149 -13 4716 1 0 1
44.5012 -7.88497 10700 -0.315818 0.620457 27.9913 139.484 -13 4717 1 0 1
20.242 1.45631 10700 -0.159957 -0.119768 27.9993 139.339 -13 4718 1 0 1
-15.9284 19.6114 10700 0.0492586 -1.35992 27.9669 139.208 -13 4719 1 0 1
7.62284 -9.31894 10700 -0.103122 0.590006 27.9936 139.274 -13 4720 1 0 1
56.1475 -13.1446 10700 -0.422202 1.01986 27.9782 139.57 -13 4721 1 0 1
33.953 -15.5812 10700 -0.282929 1.2436 27.9709 139.464 -13 4722 1 0 1
18.0007 -5.10664 10700 -0.160192 0.332019 27.9976 139.318 -13 4723 1 0 1
34.4089 -14.2802 10700 -0.267663 0.940872 27.9829 139.451 -13 4724 1 0 1
-14.6383 0.986666 10700 0.0500581 0.0314083 27.9999 139.164 -13 4725 1 0 1
-9.5011 -8.79041 10700 0.00290669 0.561876 27.9944 139.186 -13 4726 1 0 1
-3.47853 4.68062 10700 -0.0313467 -0.294432 27.9984 139.209 -13 4727 1 0 1
19.1146 3.1596 10700 -0.160939 -0.201587 27.9988 139.326 -13 4728 1 0 1
41.8056 -11.6343 10700 -0.319372 0.878 27.9844 139.474 -13 4729 1 0 1
12.5324 -8.94796 10700 -0.133077 0.555064 27.9942 139.296 -13 4730 1 0 1
41.1169 -10.8174 10700 -0.304243 0.797996 27.987 139.472 -13 4731 1 0 1
53.1272 -0.00804268 10700 -0.367885 0.0897225 27.9974 139.507 -13 4732 1 0 1
-29.3117 15.0862 10700 0.135444 -0.945381 27.9837 139.108 -13 4733 1 0 1
10.5125 -0.878769 10700 -0.111464 0.0247682 27.9998 139.278 -13 4734 1 0 1
-37.9224 12.8282 10700 0.192935 -0.80214 27.9878 139.058 -13 4735 1 0 1
14.068 6.53291 10700 -0.13064 -0.424899 27.9965 139.307 -13 4736 1 0 1
23.2298 7.41868 10700 -0.197348 -0.350397 27.9971 139.344 -13 4737 1 0 1
-22.2574 11.3382 10700 0.08428 -0.666273 27.9919 139.129 -13 4738 1 0 1
22.6787 1.44941 10700 -0.173751 -0.13196 27.9991 139.352 -13 4739 1 0 1
-49.2357 11.9579 10700 0.252291 -0.734148 27.9892 138.984 -13 4740 1 0 1
-12.7007 6.39512 10700 0.0279634 -0.374809 27.9975 139.167 -13 4741 1 0 1
63.3151 -10.0016 10700 -0.455811 0.839799 27.9837 139.595 -13 4742 1 0 1
16.9553 -11.0987 10700 -0.138879 0.696956 27.991 139.351 -13 4743 1 0 1
28.7472 -14.7972 10700 -0.240942 1.14511 27.9755 139.427 -13 4744 1 0 1
3.3676 5.21178 10700 -0.0694623 -0.249876 27.9988 139.247 -13 4745 1 0 1
5.63419 -4.5933 10700 -0.0762951 0.31035 27.9982 139.265 -13 4746 1 0 1
-31.876 -10.2499 10700 0.15247 0.713793 27.9905 139.083 -13 4747 1 0 1
30.0968 -1.00753 10700 -0.222505 0.0430292 27.9991 139.385 -13 4748 1 0 1
23.0723 20.6761 10700 -0.2252 -1.44967 27.9615 139.432 -13 4749 1 0 1
20.0366 -16.3708 10700 -0.193379 1.09549 27.9779 139.372 -13 4750 1 0 1
52.7895 2.99092 10700 -0.36022 -0.247286 27.9966 139.515 -13 4751 1 0 1
-31.7125 -2.78693 10700 0.147254 0.141347 27.9993 139.069 -13 4752 1 0 1
18.1452 7.21621 10700 -0.164476 -0.472387 27.9955 139.32 -13 4753 1 0 1
60.6949 -3.16029 10700 -0.404133 0.161368 27.9966 139.565 -13 4754 1 0 1
-6.25341 18.6573 10700 -0.0196878 -1.16402 27.9758 139.243 -13 4755 1 0 1
-3.02318 -3.70459 10700 -0.0202284 0.296192 27.9984 139.225 -13 4756 1 0 1
-11.7402 -1.0893 10700 0.0170124 0.072933 27.9999 139.162 -13 4757 1 0 1
28.1955 -9.82393 10700 -0.214313 0.698193 27.9905 139.4 -13 4758 1 0 1
32.9171 -1.02079 10700 -0.234534 -0.0161635 27.999 139.405 -13 4759 1 0 1
26.2533 -8.2256 10700 -0.197136 0.49407 27.9949 139.382 -13 4760 1 0 1
-39.7228 -1.07828 10700 0.184628 0.0686905 27.9993 139.017 -13 4761 1 0 1
4.4288 -20.9656 10700 -0.0887894 1.55389 27.9567 139.34 -13 4762 1 0 1
-15.849 0.819422 10700 0.0515212 0.0101644 28 139.151 -13 4763 1 0 1
-10.6367 2.41645 10700 0.0103405 -0.130495 27.9997 139.169 -13 4764 1 0 1
12.1797 -5.31416 10700 -0.11991 0.284618 27.9983 139.294 -13 4765 1 0 1
45.1109 3.84211 10700 -0.304912 -0.312378 27.9966 139.482 -13 4766 1 0 1
11.9684 -7.42732 10700 -0.124941 0.553201 27.9943 139.297 -13 4767 1 0 1
-14.6227 -0.987896 10700 0.0537336 0.0626471 27.9999 139.167 -13 4768 1 0 1
-48.5687 0.211528 10700 0.250136 -0.0319559 27.9989 138.98 -13 4769 1 0 1
5.40709 18.8718 10700 -0.096349 -1.24371 27.9722 139.315 -13 4770 1 0 1
27.3967 -12.3503 10700 -0.21103 0.793685 27.988 139.407 -13 4771 1 0 1
5.12079 -0.6691 10700 -0.0651673 0.0757959 27.9998 139.267 -13 4772 1 0 1
-3.83473 4.92729 10700 -0.0222903 -0.323063 27.9981 139.215 -13 4773 1 0 1
-46.1676 18.1988 10700 0.26064 -1.29353 27.9689 139.038 -13 4774 1 0 1
-56.3003 -0.077802 10700 0.299785 0.0131606 27.9984 138.94 -13 4775 1 0 1
23.0911 4.80748 10700 -0.180906 -0.234359 27.9984 139.354 -13 4776 1 0 1
28.9793 -7.34199 10700 -0.217063 0.3271 27.9972 139.39 -13 4777 1 0 1
23.0004 0.288843 10700 -0.184774 -0.0520978 27.9993 139.343 -13 4778 1 0 1
-17.264 -3.65237 10700 0.0503804 0.151794 27.9995 139.136 -13 4779 1 0 1
17.7414 18.9305 10700 -0.181388 -1.44722 27.962 139.395 -13 4780 1 0 1
-23.8865 -8.59059 10700 0.105058 0.547084 27.9945 139.123 -13 4781 1 0 1
-2.12299 -12.0977 10700 -0.0355926 0.678931 27.9917 139.24 -13 4782 1 0 1
-26.4311 -7.58692 10700 0.115985 0.442851 27.9963 139.101 -13 4783 1 0 1
5.31545 8.73961 10700 -0.0880362 -0.461034 27.9961 139.256 -13 4784 1 0 1
11.2855 2.11076 10700 -0.111813 -0.147922 27.9994 139.288 -13 4785 1 0 1
-8.73814 -3.14494 10700 -0.00819747 0.131414 27.9997 139.172 -13 4786 1 0 1
-19.7773 8.83221 10700 0.076692 -0.486245 27.9957 139.141 -13 4787 1 0 1
18.7394 -4.32153 10700 -0.166405 0.37084 27.997 139.319 -13 4788 1 0 1
41.6925 -18.3432 10700 -0.34221 1.44045 27.9608 139.542 -13 4789 1 0 1
2.35935 -5.05384 10700 -0.0599173 0.33597 27.9979 139.245 -13 4790 1 0 1
-15.9654 7.76039 10700 0.0472131 -0.446441 27.9964 139.152 -13 4791 1 0 1
3.76094 -5.49713 10700 -0.0744617 0.241643 27.9989 139.247 -13 4792 1 0 1
-40.5472 -1.16335 10700 0.193529 0.147869 27.9989 139.017 -13 4793 1 0 1
25.092 -9.05964 10700 -0.209573 0.545866 27.9939 139.361 -13 4794 1 0 1
-9.68577 4.25034 10700 0.0120471 -0.324181 27.9981 139.183 -13 4795 1 0 1
10.7364 -3.15351 10700 -0.114215 0.130747 27.9995 139.28 -13 4796 1 0 1
-18.5438 3.4232 10700 0.0611263 -0.141978 27.9996 139.132 -13 4797 1 0 1
46.8126 -3.84032 10700 -0.33493 0.165155 27.9975 139.469 -13 4798 1 0 1
24.6665 -1.64714 10700 -0.194745 0.0226924 27.9993 139.352 -13 4799 1 0 1
27.874 11.8632 10700 -0.220084 -0.875581 27.9854 139.407 -13 4800 1 0 1
20.7875 4.95984 10700 -0.166238 -0.315661 27.9977 139.344 -13 4801 1 0 1
-10.1878 10.0829 10700 0.0108083 -0.693762 27.9914 139.19 -13 4802 1 0 1
-13.4447 5.48648 10700 0.0373016 -0.283573 27.9985 139.168 -13 4803 1 0 1
18.6091 -9.86969 10700 -0.164204 0.559727 27.9939 139.335 -13 4804 1 0 1
-8.58566 -11.7689 10700 0.000864796 0.83601 27.9875 139.205 -13 4805 1 0 1
-55.9904 17.8915 10700 0.344316 -1.31489 27.967 138.994 -13 4806 1 0 1
25.1084 1.41051 10700 -0.190893 -0.0375833 27.9993 139.36 -13 4807 1 0 1
-4.09239 -4.68039 10700 -0.0259128 0.191479 27.9993 139.207 -13 4808 1 0 1
-63.5803 21.4343 10700 0.466356 -1.98928 27.9254 138.988 -13 4809 1 0 1
11.8279 -0.796543 10700 -0.118153 0.149468 27.9994 139.287 -13 4810 1 0 1
-51.9964 16.75 10700 0.302131 -1.32213 27.9671 139.005 -13 4811 1 0 1
-11.1206 -11.5988 10700 0.0192042 0.753205 27.9899 139.192 -13 4812 1 0 1
-6.63461 20.2332 10700 -0.0167136 -1.36642 27.9666 139.26 -13 4813 1 0 1
40.8336 -1.77068 10700 -0.288214 0.0972339 27.9983 139.443 -13 4814 1 0 1
14.2341 -16.2801 10700 -0.149014 1.0994 27.978 139.346 -13 4815 1 0 1
17.8571 -12.1543 10700 -0.161559 0.819337 27.9875 139.346 -13 4816 1 0 1
62.4822 -8.38621 10700 -0.441678 0.63804 27.9892 139.579 -13 4817 1 0 1
38.2396 -9.03023 10700 -0.28098 0.522822 27.9937 139.441 -13 4818 1 0 1
0.439461 6.11706 10700 -0.0391537 -0.420818 27.9968 139.248 -13 4819 1 0 1
31.5916 0.901545 10700 -0.238433 -0.0620353 27.9989 139.385 -13 4820 1 0 1
-22.4279 4.08349 10700 0.0912588 -0.191276 27.9992 139.12 -13 4821 1 0 1
-65.122 7.83917 10700 0.371787 -0.575951 27.9916 138.907 -13 4822 1 0 1
17.2315 -8.09676 10700 -0.156024 0.566499 27.9938 139.326 -13 4823 1 0 1
-33.2187 -15.0885 10700 0.176571 1.00668 27.9813 139.101 -13 4824 1 0 1
16.5173 -13.7611 10700 -0.160451 0.953515 27.9833 139.344 -13 4825 1 0 1
4.29406 9.23823 10700 -0.0872566 -0.632502 27.9927 139.253 -13 4826 1 0 1
-17.5728 -5.14144 10700 0.0567721 0.286255 27.9985 139.141 -13 4827 1 0 1
-9.86712 2.47856 10700 0.0173213 -0.22072 27.9991 139.185 -13 4828 1 0 1
37.2586 4.29178 10700 -0.264697 -0.355249 27.9965 139.431 -13 4829 1 0 1
22.4658 -6.05634 10700 -0.174164 0.386061 27.9968 139.356 -13 4830 1 0 1
-17.9871 1.28346 10700 0.0614528 -0.095932 27.9998 139.137 -13 4831 1 0 1
6.85657 -13.6581 10700 -0.10738 0.798064 27.9884 139.278 -13 4832 1 0 1
-23.0431 8.93089 10700 0.0806597 -0.538398 27.9947 139.109 -13 4833 1 0 1
-27.0508 -8.16092 10700 0.111128 0.526643 27.9948 139.093 -13 4834 1 0 1
-9.70158 17.0627 10700 0.00798985 -1.10083 27.9784 139.221 -13 4835 1 0 1
9.87051 -3.57415 10700 -0.103331 0.295025 27.9983 139.283 -13 4836 1 0 1
-0.299238 -0.194302 10700 -0.0473633 0.0407525 27.9999 139.224 -13 4837 1 0 1
-21.2415 4.77684 10700 0.0784687 -0.192322 27.9992 139.121 -13 4838 1 0 1
-11.1168 -1.95974 10700 0.00860774 0.13376 27.9997 139.162 -13 4839 1 0 1
-6.71556 5.43865 10700 -0.00730931 -0.27629 27.9986 139.199 -13 4840 1 0 1
69.9113 -0.643777 10700 -0.47962 0.0998658 27.9957 139.595 -13 4841 1 0 1
-8.6548 5.90956 10700 -1.56303e-05 -0.378503 27.9974 139.184 -13 4842 1 0 1
63.0938 -13.3694 10700 -0.485088 1.19605 27.9702 139.62 -13 4843 1 0 1
59.7334 -5.87433 10700 -0.406059 0.412573 27.994 139.56 -13 4844 1 0 1
-35.8598 -3.10521 10700 0.170633 0.212013 27.9987 139.047 -13 4845 1 0 1
-46.5111 15.8883 10700 0.275516 -1.23787 27.9713 139.046 -13 4846 1 0 1
-53.1929 9.26545 10700 0.29317 -0.649773 27.9909 138.975 -13 4847 1 0 1
21.0302 -2.57716 10700 -0.1787 0.238043 27.9984 139.33 -13 4848 1 0 1
-9.33908 -9.53243 10700 -0.000329506 0.61791 27.9932 139.188 -13 4849 1 0 1
-25.2061 4.00743 10700 0.105354 -0.265882 27.9985 139.102 -13 4850 1 0 1
47.3597 -22.4323 10700 -0.443807 1.9188 27.9307 139.644 -13 4851 1 0 1
-21.2361 -6.49853 10700 0.071752 0.319346 27.9981 139.116 -13 4852 1 0 1
57.8487 2.04065 10700 -0.390235 -0.140865 27.9969 139.542 -13 4853 1 0 1
9.3399 19.2279 10700 -0.119717 -1.27749 27.9706 139.344 -13 4854 1 0 1
9.70947 3.31863 10700 -0.110717 -0.22229 27.9989 139.273 -13 4855 1 0 1
6.93587 -5.08491 10700 -0.0812585 0.322711 27.998 139.275 -13 4856 1 0 1
21.5967 -6.32016 10700 -0.190587 0.418565 27.9962 139.331 -13 4857 1 0 1
43.9059 -7.53931 10700 -0.302718 0.539324 27.9932 139.484 -13 4858 1 0 1
49.3627 11.5788 10700 -0.368257 -0.857852 27.9844 139.516 -13 4859 1 0 1
37.0643 -12.4039 10700 -0.287547 0.766196 27.988 139.445 -13 4860 1 0 1
-28.305 -5.49372 10700 0.106478 0.352094 27.9976 139.07 -13 4861 1 0 1
9.17565 -4.72204 10700 -0.0988111 0.302012 27.9982 139.282 -13 4862 1 0 1
-28.5996 -16.3205 10700 0.137081 1.12329 27.9771 139.123 -13 4863 1 0 1
-29.0567 11.6309 10700 0.133178 -0.726909 27.9902 139.099 -13 4864 1 0 1
-42.0292 11.9446 10700 0.205352 -0.715786 27.9901 139.022 -13 4865 1 0 1
14.6446 -1.18747 10700 -0.128372 0.100854 27.9995 139.308 -13 4866 1 0 1
47.1582 -14.5433 10700 -0.363459 1.14868 27.9741 139.534 -13 4867 1 0 1
2.84731 9.3681 10700 -0.0720141 -0.574533 27.994 139.25 -13 4868 1 0 1
23.6722 11.7864 10700 -0.197959 -0.83756 27.9868 139.377 -13 4869 1 0 1
81.8054 -11.2094 10700 -0.597501 0.98849 27.9762 139.714 -13 4870 1 0 1
43.6288 -20.7567 10700 -0.392943 1.62709 27.9499 139.568 -13 4871 1 0 1
-16.965 1.99209 10700 0.0503187 -0.13885 27.9996 139.138 -13 4872 1 0 1
-52.683 -6.57501 10700 0.2732 0.366956 27.9963 138.958 -13 4873 1 0 1
45.8106 2.22601 10700 -0.318305 -0.195081 27.9975 139.472 -13 4874 1 0 1
29.2506 -3.50691 10700 -0.208165 0.321437 27.9974 139.394 -13 4875 1 0 1
19.5921 4.26277 10700 -0.160397 -0.233926 27.9986 139.334 -13 4876 1 0 1
19.0295 2.09453 10700 -0.15667 -0.149902 27.9992 139.329 -13 4877 1 0 1
3.58487 -13.2829 10700 -0.0769693 0.832925 27.9875 139.271 -13 4878 1 0 1
-28.6924 8.40798 10700 0.124275 -0.56218 27.9941 139.089 -13 4879 1 0 1
25.2127 -8.57164 10700 -0.207114 0.512509 27.9945 139.362 -13 4880 1 0 1
-70.3516 1.64916 10700 0.391149 -0.130067 27.997 138.863 -13 4881 1 0 1
19.0972 -19.1503 10700 -0.194973 1.31757 27.9683 139.393 -13 4882 1 0 1
-3.68478 -7.53612 10700 -0.0326538 0.506391 27.9954 139.212 -13 4883 1 0 1
-26.5107 12.8303 10700 0.123815 -0.934624 27.9841 139.125 -13 4884 1 0 1
-61.3583 3.54229 10700 0.330268 -0.236398 27.9971 138.912 -13 4885 1 0 1
-10.6055 4.10332 10700 0.00507481 -0.237375 27.999 139.166 -13 4886 1 0 1
8.72113 13.416 10700 -0.118613 -0.816677 27.9878 139.287 -13 4887 1 0 1
16.1175 -5.17303 10700 -0.144357 0.347474 27.9975 139.313 -13 4888 1 0 1
21.234 6.00272 10700 -0.170777 -0.389691 27.9968 139.345 -13 4889 1 0 1
-29.6525 9.63283 10700 0.139092 -0.51218 27.995 139.092 -13 4890 1 0 1
-4.85197 -22.4978 10700 -0.0185275 1.62458 27.9528 139.304 -13 4891 1 0 1
45.773 -2.83094 10700 -0.314851 0.196765 27.9975 139.476 -13 4892 1 0 1
19.5137 3.20557 10700 -0.168658 -0.253287 27.9983 139.323 -13 4893 1 0 1
-3.60961 2.68338 10700 -0.0345848 -0.150963 27.9996 139.202 -13 4894 1 0 1
31.9024 11.2615 10700 -0.249798 -0.674156 27.9908 139.412 -13 4895 1 0 1
1.52989 -12.4642 10700 -0.0508065 0.727758 27.9905 139.267 -13 4896 1 0 1
-10.832 7.05238 10700 0.0169009 -0.449516 27.9964 139.179 -13 4897 1 0 1
-23.4051 -12.5881 10700 0.100512 0.859104 27.9866 139.135 -13 4898 1 0 1
62.2366 -3.76144 10700 -0.413324 0.200725 27.9962 139.575 -13 4899 1 0 1
-18.8058 20.2773 10700 0.0733424 -1.38469 27.9656 139.199 -13 4900 1 0 1
-20.2653 -5.17831 10700 0.0793665 0.383464 27.9973 139.132 -13 4901 1 0 1
4.11948 -4.99761 10700 -0.0752096 0.294592 27.9983 139.25 -13 4902 1 0 1
0.180245 16.6582 10700 -0.0573017 -1.00816 27.9818 139.269 -13 4903 1 0 1
-7.2818 -1.48155 10700 -0.00454919 0.217727 27.9992 139.192 -13 4904 1 0 1
-41.9378 -1.25984 10700 0.198249 0.110344 27.9991 139.006 -13 4905 1 0 1
-38.3113 3.76431 10700 0.177259 -0.279165 27.998 139.027 -13 4906 1 0 1
22.9965 -1.87166 10700 -0.188313 0.19127 27.9987 139.341 -13 4907 1 0 1
-17.392 2.58364 10700 0.062265 -0.236008 27.9989 139.146 -13 4908 1 0 1
-4.76515 17.0621 10700 -0.0275143 -1.16543 27.9757 139.25 -13 4909 1 0 1
-27.7322 -2.54448 10700 0.123258 0.143891 27.9994 139.09 -13 4910 1 0 1
-46.5473 -0.54487 10700 0.232284 0.0401114 27.999 138.986 -13 4911 1 0 1
-56.496 -4.07662 10700 0.300957 0.390459 27.9957 138.94 -13 4912 1 0 1
-2.88633 4.05528 10700 -0.0291693 -0.209198 27.9992 139.217 -13 4913 1 0 1
11.7419 2.62995 10700 -0.120619 -0.143501 27.9994 139.284 -13 4914 1 0 1
25.4412 -16.1199 10700 -0.21701 1.05279 27.9794 139.409 -13 4915 1 0 1
12.2442 -9.56618 10700 -0.126614 0.532016 27.9947 139.299 -13 4916 1 0 1
68.2743 -12.2124 10700 -0.501847 1.04998 27.9758 139.646 -13 4917 1 0 1
-33.6063 8.02552 10700 0.161426 -0.548364 27.9942 139.069 -13 4918 1 0 1
-28.8137 -4.92608 10700 0.132244 0.283751 27.9982 139.089 -13 4919 1 0 1
8.92393 -14.1714 10700 -0.116101 0.93958 27.984 139.301 -13 4920 1 0 1
53.9134 4.78972 10700 -0.36615 -0.42501 27.9944 139.529 -13 4921 1 0 1
40.894 3.0136 10700 -0.289422 -0.163473 27.998 139.444 -13 4922 1 0 1
10.6824 -15.0324 10700 -0.124709 0.948329 27.9837 139.316 -13 4923 1 0 1
-0.0491776 7.70033 10700 -0.0522691 -0.452226 27.9963 139.23 -13 4924 1 0 1
10.1877 8.07455 10700 -0.114933 -0.491136 27.9955 139.283 -13 4925 1 0 1
5.07466 -16.2327 10700 -0.078345 1.05317 27.9801 139.304 -13 4926 1 0 1
-54.6971 12.5148 10700 0.298538 -0.880889 27.9845 138.964 -13 4927 1 0 1
-33.9574 12.223 10700 0.16618 -0.837497 27.987 139.077 -13 4928 1 0 1
33.283 -7.39602 10700 -0.245327 0.382334 27.9963 139.411 -13 4929 1 0 1
-1.95218 1.39874 10700 -0.0276696 -0.076877 27.9999 139.227 -13 4930 1 0 1
15.1466 -19.7331 10700 -0.151976 1.23418 27.9724 139.38 -13 4931 1 0 1
17.9481 19.1828 10700 -0.180152 -1.42879 27.9629 139.399 -13 4932 1 0 1
47.0714 -3.22824 10700 -0.321661 0.194006 27.9975 139.485 -13 4933 1 0 1
5.95194 11.2311 10700 -0.0961716 -0.687158 27.9914 139.268 -13 4934 1 0 1
2.336 4.65676 10700 -0.0644537 -0.250464 27.9988 139.24 -13 4935 1 0 1
62.9963 -19.6242 10700 -0.562471 1.90843 27.9292 139.734 -13 4936 1 0 1
36.0376 -11.6733 10700 -0.273172 0.806476 27.9871 139.445 -13 4937 1 0 1
15.8748 -8.21677 10700 -0.137702 0.551553 27.9942 139.328 -13 4938 1 0 1
9.01096 10.052 10700 -0.0941863 -0.646259 27.9924 139.303 -13 4939 1 0 1
11.3469 4.89047 10700 -0.113152 -0.228628 27.9988 139.291 -13 4940 1 0 1
20.526 -6.27074 10700 -0.168027 0.352764 27.9973 139.341 -13 4941 1 0 1
35.0387 -15.3471 10700 -0.277123 1.03232 27.9796 139.461 -13 4942 1 0 1
-12.4596 -6.49107 10700 0.0245984 0.320176 27.9982 139.168 -13 4943 1 0 1
30.8047 -1.44025 10700 -0.233734 0.117113 27.9988 139.382 -13 4944 1 0 1
-39.5636 2.02501 10700 0.191227 -0.0706585 27.9993 139.025 -13 4945 1 0 1
0.867404 -14.3661 10700 -0.0533107 0.949778 27.9838 139.27 -13 4946 1 0 1
-3.97309 -0.965477 10700 -0.0362717 0.0196356 28 139.194 -13 4947 1 0 1
2.33917 6.88472 10700 -0.0578567 -0.404756 27.997 139.25 -13 4948 1 0 1
-37.0244 7.56759 10700 0.177402 -0.451495 27.9958 139.043 -13 4949 1 0 1
20.3173 -0.822359 10700 -0.16393 0.100975 27.9993 139.335 -13 4950 1 0 1
-9.04002 0.439169 10700 -0.00103949 0.0148679 28 139.174 -13 4951 1 0 1
47.4603 -14.1091 10700 -0.371047 1.06751 27.9772 139.52 -13 4952 1 0 1
-0.813144 1.02156 10700 -0.0326131 -0.0482708 27.9999 139.234 -13 4953 1 0 1
91.4675 -4.59181 10700 -0.60276 0.342636 27.9914 139.748 -13 4954 1 0 1
25.7456 -6.46392 10700 -0.202315 0.395845 27.9965 139.365 -13 4955 1 0 1
-17.1382 7.67605 10700 0.054798 -0.411823 27.9969 139.146 -13 4956 1 0 1
0.481166 -11.7781 10700 -0.0442402 0.763538 27.9896 139.261 -13 4957 1 0 1
51.8606 -4.49811 10700 -0.354538 0.25166 27.9966 139.512 -13 4958 1 0 1
-71.74 1.95887 10700 0.403886 -0.0966317 27.9969 138.859 -13 4959 1 0 1
54.4961 -4.37253 10700 -0.378736 0.286653 27.996 139.52 -13 4960 1 0 1
-28.2049 0.943558 10700 0.122675 0.0104288 27.9997 139.084 -13 4961 1 0 1
-3.79175 18.2565 10700 -0.0268301 -1.26413 27.9714 139.273 -13 4962 1 0 1
49.3384 -2.87264 10700 -0.340055 0.195437 27.9973 139.493 -13 4963 1 0 1
-30.6304 12.2082 10700 0.140026 -0.728504 27.9902 139.089 -13 4964 1 0 1
-22.0151 9.41557 10700 0.0857136 -0.588212 27.9937 139.129 -13 4965 1 0 1
13.4659 1.66465 10700 -0.128478 -0.0930017 27.9996 139.295 -13 4966 1 0 1
18.6037 -2.66666 10700 -0.147076 0.20037 27.9989 139.335 -13 4967 1 0 1
29.4668 -2.78312 10700 -0.220203 0.285517 27.9977 139.384 -13 4968 1 0 1
1.14926 -10.311 10700 -0.0603203 0.732393 27.9904 139.249 -13 4969 1 0 1
4.93938 9.27276 10700 -0.0825741 -0.572144 27.994 139.263 -13 4970 1 0 1
-3.00955 12.0424 10700 -0.046966 -0.70185 27.9912 139.218 -13 4971 1 0 1
7.175 0.722737 10700 -0.0931957 -0.0557396 27.9998 139.26 -13 4972 1 0 1
-0.937295 -24.3481 10700 -0.0507838 1.68351 27.9493 139.337 -13 4973 1 0 1
42.1263 11.5864 10700 -0.311971 -0.725933 27.9888 139.476 -13 4974 1 0 1
49.3356 -12.1916 10700 -0.369586 0.912101 27.9827 139.522 -13 4975 1 0 1
45.8216 -10.8261 10700 -0.329526 0.731738 27.9885 139.5 -13 4976 1 0 1
-9.47259 6.25625 10700 0.0019321 -0.353101 27.9978 139.177 -13 4977 1 0 1
40.5517 -16.4138 10700 -0.327441 1.21608 27.9717 139.505 -13 4978 1 0 1
-19.7548 4.38524 10700 0.0604863 -0.28046 27.9985 139.119 -13 4979 1 0 1
-19.1188 6.13927 10700 0.0629128 -0.357397 27.9976 139.13 -13 4980 1 0 1
42.494 4.87101 10700 -0.290266 -0.196808 27.9978 139.466 -13 4981 1 0 1
9.7898 8.81458 10700 -0.106268 -0.559994 27.9942 139.293 -13 4982 1 0 1
-40.445 2.39794 10700 0.200046 -0.0975296 27.9991 139.024 -13 4983 1 0 1
40.3161 -5.38428 10700 -0.2956 0.48704 27.9942 139.443 -13 4984 1 0 1
21.9587 7.97665 10700 -0.172364 -0.519151 27.9947 139.36 -13 4985 1 0 1
40.029 -0.27621 10700 -0.277642 -0.0631894 27.9986 139.444 -13 4986 1 0 1
0.581553 9.34 10700 -0.0554669 -0.62985 27.9929 139.244 -13 4987 1 0 1
-26.231 0.0844098 10700 0.100456 -0.0685837 27.9997 139.084 -13 4988 1 0 1
-31.6031 8.87103 10700 0.154276 -0.603051 27.9931 139.088 -13 4989 1 0 1
1.03914 -13.333 10700 -0.0517804 0.708663 27.991 139.264 -13 4990 1 0 1
25.2763 8.52201 10700 -0.208391 -0.59784 27.9928 139.366 -13 4991 1 0 1
-26.3909 0.602142 10700 0.106981 -0.063253 27.9997 139.088 -13 4992 1 0 1
1.18127 1.22276 10700 -0.0692772 0.0342187 27.9999 139.219 -13 4993 1 0 1
33.1261 -11.9173 10700 -0.252421 0.748623 27.9889 139.429 -13 4994 1 0 1
62.7134 2.37434 10700 -0.432053 -0.13713 27.9963 139.558 -13 4995 1 0 1
5.16238 -17.4287 10700 -0.0846665 1.25567 27.9717 139.318 -13 4996 1 0 1
-3.18448 18.0661 10700 -0.0327761 -1.18585 27.9749 139.268 -13 4997 1 0 1
43.1588 -13.3952 10700 -0.316919 0.896566 27.9838 139.502 -13 4998 1 0 1
-18.4607 1.07867 10700 0.0558371 -0.0460421 27.9999 139.126 -13 4999 1 0 1
8.62605 -5.00254 10700 -0.096625 0.309196 27.9981 139.278 -13 5000 1 0 1
38.0034 -11.0201 10700 -0.287495 0.804156 27.987 139.452 -13 5001 1 0 1
25.2355 -2.99203 10700 -0.202093 0.163432 27.9988 139.353 -13 5002 1 0 1
-25.0873 -6.56737 10700 0.112863 0.386692 27.9971 139.112 -13 5003 1 0 1
53.0188 -15.5556 10700 -0.414149 1.27165 27.968 139.582 -13 5004 1 0 1
-65.8061 10.9757 10700 0.373846 -0.749639 27.9875 138.902 -13 5005 1 0 1
23.2009 -14.8691 10700 -0.203166 1.05234 27.9795 139.39 -13 5006 1 0 1
-43.6423 13.4046 10700 0.225867 -0.899508 27.9846 139.025 -13 5007 1 0 1
16.7848 -6.6785 10700 -0.161013 0.353041 27.9973 139.307 -13 5008 1 0 1
48.0029 -7.5073 10700 -0.346879 0.552712 27.9924 139.49 -13 5009 1 0 1
-51.3273 9.21533 10700 0.269366 -0.523323 27.9938 138.971 -13 5010 1 0 1
12.2514 11.3673 10700 -0.113353 -0.76979 27.9892 139.327 -13 5011 1 0 1
-2.01361 8.65632 10700 -0.0453332 -0.583383 27.9939 139.222 -13 5012 1 0 1
33.9641 -14.0646 10700 -0.254851 1.11546 27.9766 139.47 -13 5013 1 0 1
-52.3779 11.5395 10700 0.275363 -0.663523 27.9908 138.969 -13 5014 1 0 1
34.4183 -21.8658 10700 -0.326987 1.72579 27.9449 139.531 -13 5015 1 0 1
26.3415 13.969 10700 -0.215227 -0.851871 27.9862 139.4 -13 5016 1 0 1
65.8504 -2.48253 10700 -0.443077 0.306159 27.9948 139.588 -13 5017 1 0 1
43.4427 -9.32826 10700 -0.318839 0.645574 27.9907 139.474 -13 5018 1 0 1
-19.3244 -3.16529 10700 0.058555 0.149271 27.9995 139.121 -13 5019 1 0 1
-0.638844 1.15145 10700 -0.050324 -0.115973 27.9997 139.218 -13 5020 1 0 1
0.675985 -11.8626 10700 -0.0527131 0.690634 27.9914 139.254 -13 5021 1 0 1
7.19288 -13.8249 10700 -0.0932801 0.854861 27.9868 139.298 -13 5022 1 0 1
12.5944 -1.70552 10700 -0.122646 0.0639988 27.9997 139.291 -13 5023 1 0 1
29.921 3.00625 10700 -0.21375 -0.210247 27.9984 139.395 -13 5024 1 0 1
-26.7775 17.8822 10700 0.122683 -1.26246 27.9713 139.14 -13 5025 1 0 1
-37.3002 7.5174 10700 0.173371 -0.451172 27.9958 139.036 -13 5026 1 0 1
26.4079 -0.401128 10700 -0.203649 0.0828383 27.9991 139.362 -13 5027 1 0 1
-10.9201 15.5571 10700 0.0176709 -1.05165 27.9802 139.211 -13 5028 1 0 1
-49.1142 13.3939 10700 0.260486 -1.02089 27.9802 138.995 -13 5029 1 0 1
1.65459 6.96158 10700 -0.0527004 -0.347524 27.9978 139.249 -13 5030 1 0 1
6.20126 1.59263 10700 -0.0812606 -0.234386 27.9989 139.264 -13 5031 1 0 1
5.95171 -7.24158 10700 -0.0908572 0.401739 27.997 139.257 -13 5032 1 0 1
1.46862 17.9215 10700 -0.0638709 -1.10677 27.978 139.285 -13 5033 1 0 1
21.0852 -5.04246 10700 -0.175047 0.355296 27.9972 139.337 -13 5034 1 0 1
10.964 -2.56186 10700 -0.117889 0.231481 27.9988 139.279 -13 5035 1 0 1
-19.5778 20.2888 10700 0.0707809 -1.41844 27.964 139.186 -13 5036 1 0 1
-24.9366 -0.501793 10700 0.0982494 -6.05209e-05 27.9998 139.096 -13 5037 1 0 1
33.3944 -17.3882 10700 -0.286787 1.28377 27.9691 139.468 -13 5038 1 0 1
-9.178 -2.19502 10700 -0.00328217 0.156284 27.9996 139.171 -13 5039 1 0 1
0.19047 13.1436 10700 -0.0587129 -0.88905 27.9858 139.252 -13 5040 1 0 1
25.3364 5.33398 10700 -0.206887 -0.312275 27.9975 139.354 -13 5041 1 0 1
11.9866 4.03181 10700 -0.117866 -0.294315 27.9982 139.293 -13 5042 1 0 1
14.0979 -4.37569 10700 -0.12847 0.231583 27.9987 139.305 -13 5043 1 0 1
25.7294 -3.15578 10700 -0.203374 0.112423 27.999 139.357 -13 5044 1 0 1
-11.3756 0.736026 10700 0.0191667 -0.0116363 28 139.168 -13 5045 1 0 1
49.933 -15.2027 10700 -0.392879 1.15705 27.9733 139.546 -13 5046 1 0 1
-30.4563 17.7492 10700 0.145204 -1.26687 27.9709 139.117 -13 5047 1 0 1
21.5067 -8.82878 10700 -0.177086 0.485651 27.9952 139.35 -13 5048 1 0 1
26.6848 -16.4629 10700 -0.233534 1.12076 27.9766 139.414 -13 5049 1 0 1
2.73452 2.35368 10700 -0.0658086 -0.180819 27.9993 139.24 -13 5050 1 0 1
-1.84415 7.22675 10700 -0.0417282 -0.507656 27.9954 139.223 -13 5051 1 0 1
-3.5019 10.515 10700 -0.0338068 -0.633366 27.9928 139.222 -13 5052 1 0 1
-19.8259 11.3638 10700 0.053892 -0.651823 27.9924 139.126 -13 5053 1 0 1
29.2361 -9.3688 10700 -0.22526 0.619255 27.9922 139.398 -13 5054 1 0 1
1.04696 -0.443589 10700 -0.0650024 0.00181 27.9999 139.221 -13 5055 1 0 1
88.8387 -15.118 10700 -0.769495 1.94633 27.9217 139.888 -13 5056 1 0 1
-30.4246 0.792968 10700 0.137332 -0.0310682 27.9996 139.073 -13 5057 1 0 1
-24.6561 -4.51378 10700 0.107504 0.364807 27.9974 139.11 -13 5058 1 0 1
4.79117 15.8671 10700 -0.0915555 -0.989506 27.9824 139.285 -13 5059 1 0 1
51.8201 -10.5779 10700 -0.370819 0.757373 27.9873 139.533 -13 5060 1 0 1
7.561 -9.11252 10700 -0.0916832 0.607386 27.9933 139.285 -13 5061 1 0 1
35.9189 -3.42537 10700 -0.257439 0.271533 27.9975 139.421 -13 5062 1 0 1
-47.859 19.8453 10700 0.287841 -1.52319 27.9571 139.041 -13 5063 1 0 1
15.3978 -15.3184 10700 -0.152892 1.05438 27.9797 139.349 -13 5064 1 0 1
-17.4051 -6.52954 10700 0.0544746 0.343501 27.9978 139.142 -13 5065 1 0 1
76.625 1.72807 10700 -0.515566 -0.221183 27.9944 139.644 -13 5066 1 0 1
23.8964 -15.8578 10700 -0.209083 1.06333 27.979 139.397 -13 5067 1 0 1
44.1952 -2.0854 10700 -0.300438 0.22612 27.9975 139.472 -13 5068 1 0 1
-24.8165 3.52235 10700 0.102577 -0.181495 27.9992 139.103 -13 5069 1 0 1
6.58092 -9.04796 10700 -0.0842887 0.507873 27.9953 139.276 -13 5070 1 0 1
0.173165 -1.78014 10700 -0.0565978 0.136486 27.9996 139.221 -13 5071 1 0 1
40.7048 13.1238 10700 -0.305493 -0.912867 27.9834 139.484 -13 5072 1 0 1
-33.1109 17.5852 10700 0.173658 -1.23421 27.9722 139.112 -13 5073 1 0 1
-2.55833 -5.85251 10700 -0.0344395 0.361315 27.9976 139.217 -13 5074 1 0 1
-8.93864 3.43003 10700 0.0105612 -0.202766 27.9993 139.189 -13 5075 1 0 1
5.52506 -7.24453 10700 -0.0911965 0.459351 27.9961 139.253 -13 5076 1 0 1
18.0444 -8.46583 10700 -0.155728 0.556861 27.994 139.335 -13 5077 1 0 1
69.152 -11.2691 10700 -0.488596 0.866452 27.9823 139.646 -13 5078 1 0 1
-4.53759 2.94511 10700 -0.0338596 -0.164754 27.9995 139.192 -13 5079 1 0 1
-37.313 1.67329 10700 0.172998 -0.133708 27.9991 139.032 -13 5080 1 0 1
0.921751 -5.77606 10700 -0.049828 0.328825 27.998 139.241 -13 5081 1 0 1
-17.901 -7.3655 10700 0.0580833 0.502033 27.9954 139.142 -13 5082 1 0 1
-7.02281 6.00372 10700 -0.00917262 -0.350211 27.9978 139.193 -13 5083 1 0 1
-32.3152 15.1955 10700 0.159825 -0.969199 27.9828 139.097 -13 5084 1 0 1
-39.4616 14.6423 10700 0.202263 -0.912298 27.9844 139.054 -13 5085 1 0 1
32.9702 -5.84612 10700 -0.232223 0.348863 27.9969 139.417 -13 5086 1 0 1
-9.62308 9.05302 10700 -0.00565404 -0.525203 27.9951 139.174 -13 5087 1 0 1
-9.70617 9.44859 10700 0.00286151 -0.645138 27.9926 139.187 -13 5088 1 0 1
-15.7327 20.9213 10700 0.0505057 -1.39047 27.9654 139.217 -13 5089 1 0 1
3.8092 -2.73418 10700 -0.0799384 0.29706 27.9983 139.239 -13 5090 1 0 1
-48.7019 -6.6026 10700 0.252922 0.448996 27.9953 138.983 -13 5091 1 0 1
28.1253 8.43809 10700 -0.214242 -0.610752 27.9925 139.395 -13 5092 1 0 1
21.4355 -9.78747 10700 -0.179716 0.647582 27.9919 139.356 -13 5093 1 0 1
44.5441 6.03046 10700 -0.305251 -0.43345 27.995 139.481 -13 5094 1 0 1
-15.0658 1.34331 10700 0.0358063 -0.04989 27.9999 139.144 -13 5095 1 0 1
-11.902 0.0493557 10700 0.0167317 0.03054 28 139.16 -13 5096 1 0 1
-0.24818 -7.24511 10700 -0.0448167 0.568339 27.9942 139.241 -13 5097 1 0 1
7.13552 0.422248 10700 -0.0974931 0.00789281 27.9998 139.255 -13 5098 1 0 1
61.7674 -4.94015 10700 -0.423516 0.358101 27.9945 139.564 -13 5099 1 0 1
33.3029 11.3458 10700 -0.267807 -0.830493 27.9864 139.418 -13 5100 1 0 1
8.22623 12.9016 10700 -0.105533 -0.770085 27.9892 139.291 -13 5101 1 0 1
-16.5647 1.73717 10700 0.0402155 -0.19309 27.9993 139.133 -13 5102 1 0 1
30.5159 -13.0219 10700 -0.229874 0.774192 27.9884 139.426 -13 5103 1 0 1
-81.4459 12.9378 10700 0.518601 -1.13569 27.9722 138.836 -13 5104 1 0 1
27.7522 15.6844 10700 -0.238742 -1.12982 27.9762 139.419 -13 5105 1 0 1
5.99796 -5.8819 10700 -0.077311 0.334371 27.9979 139.27 -13 5106 1 0 1
55.5345 7.29808 10700 -0.387693 -0.477511 27.9932 139.534 -13 5107 1 0 1
12.8068 -7.4995 10700 -0.119964 0.454252 27.9961 139.306 -13 5108 1 0 1
-35.9359 20.2631 10700 0.207859 -1.52525 27.9577 139.118 -13 5109 1 0 1
-35.4628 0.70387 10700 0.156219 -0.0782388 27.9995 139.036 -13 5110 1 0 1
53.0289 -19.5669 10700 -0.464581 1.71736 27.9434 139.638 -13 5111 1 0 1
29.6768 7.70249 10700 -0.22105 -0.451715 27.9955 139.395 -13 5112 1 0 1
-7.64792 3.47909 10700 -0.00631242 -0.259381 27.9988 139.187 -13 5113 1 0 1
14.8309 -6.53445 10700 -0.138843 0.515487 27.9949 139.312 -13 5114 1 0 1
17.3339 1.1423 10700 -0.153416 -0.11137 27.9994 139.312 -13 5115 1 0 1
-11.4933 4.77923 10700 0.00845079 -0.36779 27.9976 139.159 -13 5116 1 0 1
32.884 -3.95265 10700 -0.243737 0.309022 27.9972 139.4 -13 5117 1 0 1
24.6665 -18.5346 10700 -0.221598 1.34021 27.967 139.433 -13 5118 1 0 1
42.0578 -14.0811 10700 -0.326213 1.09677 27.9766 139.498 -13 5119 1 0 1
-9.43628 10.4015 10700 0.00208284 -0.648072 27.9925 139.191 -13 5120 1 0 1
-29.0569 2.98348 10700 0.117612 -0.15569 27.9993 139.07 -13 5121 1 0 1
-43.9915 8.45242 10700 0.223578 -0.653023 27.9915 139.013 -13 5122 1 0 1
-10.9188 -0.14306 10700 0.0126801 0.0168767 28 139.167 -13 5123 1 0 1
-12.1478 -6.9944 10700 0.0171485 0.34412 27.9979 139.164 -13 5124 1 0 1
-9.9927 -1.63754 10700 0.00399287 0.0894816 27.9999 139.169 -13 5125 1 0 1
27.3209 -5.43891 10700 -0.205039 0.307446 27.9976 139.379 -13 5126 1 0 1
-19.1039 3.14666 10700 0.056703 -0.213134 27.9991 139.122 -13 5127 1 0 1
20.8042 7.56346 10700 -0.174692 -0.579576 27.9935 139.347 -13 5128 1 0 1
8.53603 1.58379 10700 -0.0944728 -0.094321 27.9997 139.275 -13 5129 1 0 1
84.903 -15.7589 10700 -0.736026 1.87943 27.9272 139.848 -13 5130 1 0 1
31.7542 -0.377538 10700 -0.233095 0.0443431 27.999 139.393 -13 5131 1 0 1
49.4013 -6.4374 10700 -0.352825 0.490077 27.9935 139.494 -13 5132 1 0 1
30.0949 -5.86354 10700 -0.220034 0.480472 27.995 139.4 -13 5133 1 0 1
-31.0162 3.60828 10700 0.129546 -0.308175 27.998 139.061 -13 5134 1 0 1
10.4639 -2.38464 10700 -0.109426 0.0346656 27.9998 139.281 -13 5135 1 0 1
41.8812 -14.3568 10700 -0.322696 1.14003 27.9749 139.506 -13 5136 1 0 1
47.069 3.88532 10700 -0.328293 -0.241546 27.997 139.479 -13 5137 1 0 1
4.79464 -4.88015 10700 -0.0825217 0.387309 27.9972 139.249 -13 5138 1 0 1
-16.5536 3.47528 10700 0.0556495 -0.242227 27.9989 139.15 -13 5139 1 0 1
19.4988 -13.8501 10700 -0.180156 0.945143 27.9835 139.359 -13 5140 1 0 1
1.69928 5.86098 10700 -0.06199 -0.420518 27.9968 139.237 -13 5141 1 0 1
-48.9025 7.45837 10700 0.251781 -0.563611 27.9932 138.983 -13 5142 1 0 1
59.2121 -10.8626 10700 -0.41713 0.789027 27.9858 139.582 -13 5143 1 0 1
9.97462 -0.400316 10700 -0.108577 0.00867284 27.9998 139.275 -13 5144 1 0 1
38.3191 -15.1467 10700 -0.307996 1.14134 27.975 139.48 -13 5145 1 0 1
-2.17321 -1.98548 10700 -0.0295595 0.0893649 27.9998 139.222 -13 5146 1 0 1
7.78537 -5.85141 10700 -0.0984607 0.468524 27.9959 139.271 -13 5147 1 0 1
-12.8888 -1.68115 10700 0.0335627 0.0639494 27.9999 139.166 -13 5148 1 0 1
4.87104 3.63648 10700 -0.0762277 -0.201 27.9992 139.255 -13 5149 1 0 1
-63.3942 6.5384 10700 0.351021 -0.378675 27.9952 138.908 -13 5150 1 0 1
-26.6554 10.4785 10700 0.119577 -0.659425 27.992 139.112 -13 5151 1 0 1
-23.7221 3.324 10700 0.0908929 -0.200161 27.9991 139.104 -13 5152 1 0 1
2.03526 -6.09181 10700 -0.0682095 0.356087 27.9977 139.234 -13 5153 1 0 1
-6.1875 2.43149 10700 -0.00771349 -0.171902 27.9995 139.2 -13 5154 1 0 1
33.9589 -14.0214 10700 -0.266054 1.04637 27.9792 139.453 -13 5155 1 0 1
-23.115 7.22762 10700 0.0785487 -0.363302 27.9975 139.103 -13 5156 1 0 1
-11.4474 11.1325 10700 0.0136704 -0.761029 27.9897 139.182 -13 5157 1 0 1
29.8921 2.62105 10700 -0.230525 -0.0949998 27.9989 139.375 -13 5158 1 0 1
44.1693 -8.99961 10700 -0.321844 0.536315 27.993 139.471 -13 5159 1 0 1
40.4229 -11.0008 10700 -0.2891 0.552912 27.993 139.468 -13 5160 1 0 1
5.49732 -3.13101 10700 -0.0822304 0.226678 27.999 139.255 -13 5161 1 0 1
56.0962 -23.0994 10700 -0.674073 2.71272 27.8601 139.826 -13 5162 1 0 1
3.829 1.89179 10700 -0.0847882 -0.18001 27.9993 139.233 -13 5163 1 0 1
15.6753 -12.6637 10700 -0.152472 0.885918 27.9856 139.335 -13 5164 1 0 1
12.572 -9.20882 10700 -0.132082 0.611556 27.993 139.301 -13 5165 1 0 1
-24.7172 2.8793 10700 0.0899279 -0.176936 27.9993 139.091 -13 5166 1 0 1
1.39555 5.91515 10700 -0.0580921 -0.353907 27.9977 139.237 -13 5167 1 0 1
43.96 -0.178682 10700 -0.314258 0.0837512 27.9981 139.452 -13 5168 1 0 1
-8.67851 -2.26744 10700 -0.00859868 0.166265 27.9995 139.172 -13 5169 1 0 1
9.09776 -5.37739 10700 -0.103046 0.271405 27.9985 139.277 -13 5170 1 0 1
-32.302 2.49952 10700 0.144338 -0.136646 27.9993 139.06 -13 5171 1 0 1
28.7682 9.27091 10700 -0.22594 -0.547337 27.9937 139.386 -13 5172 1 0 1
30.0701 -1.56726 10700 -0.21565 0.244812 27.9981 139.394 -13 5173 1 0 1
-22.9855 0.714641 10700 0.0946356 -0.113451 27.9996 139.115 -13 5174 1 0 1
-17.0428 2.70813 10700 0.0582603 -0.0848187 27.9998 139.145 -13 5175 1 0 1
12.1995 -1.4369 10700 -0.128001 0.147125 27.9993 139.281 -13 5176 1 0 1
-2.99252 6.47317 10700 -0.0303806 -0.448723 27.9964 139.218 -13 5177 1 0 1
-14.1505 1.66555 10700 0.0232938 -0.0931801 27.9998 139.142 -13 5178 1 0 1
20.9086 -26.2053 10700 -0.243173 2.10461 27.9197 139.516 -13 5179 1 0 1
80.7696 -1.75746 10700 -0.533958 0.178059 27.9943 139.675 -13 5180 1 0 1
15.3137 6.50969 10700 -0.149699 -0.490465 27.9953 139.304 -13 5181 1 0 1
15.7943 -14.5125 10700 -0.1441 0.898298 27.9852 139.352 -13 5182 1 0 1
-1.5366 -4.50261 10700 -0.0321919 0.265156 27.9987 139.23 -13 5183 1 0 1
21.8122 -4.76839 10700 -0.168977 0.246686 27.9984 139.351 -13 5184 1 0 1
34.9176 -9.01561 10700 -0.253292 0.582052 27.9928 139.433 -13 5185 1 0 1
4.27186 12.3963 10700 -0.0678673 -0.805272 27.9883 139.285 -13 5186 1 0 1
31.9389 -1.6023 10700 -0.239841 0.120793 27.9987 139.389 -13 5187 1 0 1
40.1465 -7.64214 10700 -0.290614 0.445073 27.995 139.447 -13 5188 1 0 1
43.7765 -1.38227 10700 -0.304337 0.0866548 27.9982 139.461 -13 5189 1 0 1
78.5189 -1.02939 10700 -0.523186 0.149203 27.9947 139.657 -13 5190 1 0 1
10.3415 4.1309 10700 -0.105995 -0.13525 27.9995 139.285 -13 5191 1 0 1
-2.46625 0.517656 10700 -0.043407 -0.148989 27.9996 139.205 -13 5192 1 0 1
-7.94917 -7.12425 10700 0.000255808 0.364331 27.9976 139.194 -13 5193 1 0 1
8.27822 9.75786 10700 -0.105356 -0.696315 27.9911 139.281 -13 5194 1 0 1
78.6447 -6.52545 10700 -0.534435 0.655403 27.9872 139.682 -13 5195 1 0 1
15.367 -12.0859 10700 -0.146058 0.744411 27.9897 139.329 -13 5196 1 0 1
-11.8445 2.49662 10700 0.0216536 -0.120546 27.9997 139.167 -13 5197 1 0 1
4.94309 0.00367807 10700 -0.0750963 -0.0449227 27.9999 139.254 -13 5198 1 0 1
12.7546 -1.72047 10700 -0.126266 0.088583 27.9996 139.289 -13 5199 1 0 1
22.8519 14.261 10700 -0.202916 -0.950471 27.9831 139.377 -13 5200 1 0 1
36.248 -13.9227 10700 -0.278012 0.975742 27.9816 139.464 -13 5201 1 0 1
-27.8886 8.00756 10700 0.119932 -0.4866 27.9955 139.09 -13 5202 1 0 1
-6.90709 4.15846 10700 -0.020193 -0.239852 27.999 139.181 -13 5203 1 0 1
24.5664 -6.8143 10700 -0.201402 0.454748 27.9956 139.355 -13 5204 1 0 1
42.5007 -6.96959 10700 -0.299302 0.508415 27.9938 139.468 -13 5205 1 0 1
14.1097 -5.45353 10700 -0.134337 0.343502 27.9976 139.301 -13 5206 1 0 1
-28.0663 22.7602 10700 0.146123 -1.57841 27.9551 139.165 -13 5207 1 0 1
-36.5882 -4.42756 10700 0.173487 0.252188 27.9983 139.042 -13 5208 1 0 1
-30.4951 -4.45915 10700 0.12796 0.280535 27.9983 139.066 -13 5209 1 0 1
42.2882 -10.3532 10700 -0.319911 0.812962 27.9864 139.47 -13 5210 1 0 1
-3.48384 8.08891 10700 -0.0316174 -0.486904 27.9957 139.214 -13 5211 1 0 1
-7.40295 -3.3867 10700 -0.00233485 0.190047 27.9994 139.193 -13 5212 1 0 1
17.3335 -4.46761 10700 -0.149172 0.20841 27.9988 139.32 -13 5213 1 0 1
-6.99129 12.4963 10700 -0.00563344 -0.774953 27.9893 139.217 -13 5214 1 0 1
12.1356 -7.26509 10700 -0.121937 0.437527 27.9963 139.295 -13 5215 1 0 1
-17.0791 -6.32621 10700 0.0499538 0.346236 27.9978 139.14 -13 5216 1 0 1
-35.6803 6.66372 10700 0.157167 -0.403388 27.9967 139.037 -13 5217 1 0 1
13.9926 17.9065 10700 -0.154002 -1.2373 27.9722 139.357 -13 5218 1 0 1
24.8535 0.591853 10700 -0.188534 -0.0484658 27.9993 139.36 -13 5219 1 0 1
15.7311 6.78373 10700 -0.14218 -0.426678 27.9964 139.314 -13 5220 1 0 1
-22.707 11.3014 10700 0.0963827 -0.666759 27.9919 139.136 -13 5221 1 0 1
9.8632 -6.59415 10700 -0.104631 0.500929 27.9953 139.29 -13 5222 1 0 1
-4.85082 5.05921 10700 -0.0218559 -0.272172 27.9987 139.204 -13 5223 1 0 1
-41.2916 8.9761 10700 0.206774 -0.532829 27.9942 139.026 -13 5224 1 0 1
31.9981 -16.3925 10700 -0.266755 1.24978 27.9708 139.46 -13 5225 1 0 1
-29.6813 10.3559 10700 0.128201 -0.66106 27.9919 139.085 -13 5226 1 0 1
16.2496 3.48912 10700 -0.158878 -0.202781 27.9988 139.296 -13 5227 1 0 1
8.31053 -17.2477 10700 -0.114045 1.20501 27.9738 139.323 -13 5228 1 0 1
17.9593 -11.7814 10700 -0.162355 0.747888 27.9895 139.342 -13 5229 1 0 1
59.2403 1.20517 10700 -0.410492 -0.120022 27.9967 139.537 -13 5230 1 0 1
-47.3269 -1.51537 10700 0.245823 0.146405 27.9985 138.991 -13 5231 1 0 1
0.797771 -1.59301 10700 -0.0557177 0.082467 27.9998 139.228 -13 5232 1 0 1
2.43711 4.45099 10700 -0.0790798 -0.352618 27.9977 139.225 -13 5233 1 0 1
-0.293366 -4.32808 10700 -0.044404 0.273092 27.9986 139.231 -13 5234 1 0 1
-31.1641 19.462 10700 0.162039 -1.39989 27.9645 139.13 -13 5235 1 0 1
35.397 -11.1441 10700 -0.271172 0.71298 27.9896 139.434 -13 5236 1 0 1
5.38157 -10.4271 10700 -0.0856091 0.688774 27.9914 139.27 -13 5237 1 0 1
32.0189 -7.29463 10700 -0.230126 0.547237 27.9937 139.418 -13 5238 1 0 1
-6.13627 -6.58916 10700 -0.00754042 0.426818 27.9967 139.205 -13 5239 1 0 1
33.8271 -11.615 10700 -0.253499 0.888682 27.9847 139.443 -13 5240 1 0 1
49.0979 -9.89318 10700 -0.348127 0.7528 27.9877 139.518 -13 5241 1 0 1
27.4604 -6.83433 10700 -0.204541 0.357221 27.997 139.384 -13 5242 1 0 1
-21.2183 16.0024 10700 0.0729002 -1.02005 27.9813 139.144 -13 5243 1 0 1
18.4042 -8.64563 10700 -0.16353 0.532947 27.9944 139.33 -13 5244 1 0 1
35.8602 -1.58057 10700 -0.260731 0.106174 27.9986 139.413 -13 5245 1 0 1
-15.3552 3.2379 10700 0.0324528 -0.241426 27.9989 139.139 -13 5246 1 0 1
-21.2232 9.81428 10700 0.0817774 -0.578907 27.9939 139.133 -13 5247 1 0 1
1.69051 19.2306 10700 -0.0780086 -1.34141 27.9677 139.295 -13 5248 1 0 1
2.86328 7.41853 10700 -0.0655806 -0.499411 27.9955 139.252 -13 5249 1 0 1
-28.1624 -15.513 10700 0.133435 1.05946 27.9796 139.121 -13 5250 1 0 1
32.976 -18.0855 10700 -0.286001 1.31842 27.9675 139.471 -13 5251 1 0 1
27.3841 7.24178 10700 -0.210713 -0.507916 27.9946 139.381 -13 5252 1 0 1
13.8998 22.5693 10700 -0.168711 -1.62648 27.9522 139.4 -13 5253 1 0 1
56.5264 2.70941 10700 -0.38294 -0.212997 27.9966 139.536 -13 5254 1 0 1
8.08967 18.0663 10700 -0.106559 -1.15381 27.976 139.326 -13 5255 1 0 1
-4.94196 12.8325 10700 -0.0227702 -0.831222 27.9876 139.226 -13 5256 1 0 1
31.3155 -3.0242 10700 -0.225686 0.194846 27.9984 139.398 -13 5257 1 0 1
6.66862 0.259577 10700 -0.0905506 -0.101973 27.9997 139.258 -13 5258 1 0 1
2.90319 -15.0412 10700 -0.064555 0.94527 27.984 139.285 -13 5259 1 0 1
56.8218 -3.46336 10700 -0.385153 0.168877 27.9968 139.538 -13 5260 1 0 1
33.486 15.2509 10700 -0.273946 -1.08814 27.9775 139.448 -13 5261 1 0 1
28.51 -15.867 10700 -0.248539 1.18191 27.9739 139.426 -13 5262 1 0 1
52.1535 1.61365 10700 -0.351452 -0.0280816 27.9978 139.511 -13 5263 1 0 1
46.544 -8.59303 10700 -0.334198 0.584481 27.9919 139.489 -13 5264 1 0 1
10.9688 -6.61202 10700 -0.114278 0.493928 27.9954 139.292 -13 5265 1 0 1
7.93339 -20.8082 10700 -0.124121 1.47755 27.9607 139.343 -13 5266 1 0 1
27.6239 -7.78792 10700 -0.211969 0.510162 27.9945 139.383 -13 5267 1 0 1
43.8694 0.81816 10700 -0.314287 -0.180917 27.9977 139.453 -13 5268 1 0 1
-15.0915 11.6727 10700 0.0392785 -0.686256 27.9916 139.167 -13 5269 1 0 1
-13.9641 16.0156 10700 0.0259353 -1.15619 27.9761 139.19 -13 5270 1 0 1
-24.7645 4.06489 10700 0.0980637 -0.21338 27.999 139.1 -13 5271 1 0 1
11.7573 -11.7287 10700 -0.124582 0.787223 27.9887 139.31 -13 5272 1 0 1
17.4406 -6.04607 10700 -0.153511 0.32847 27.9977 139.321 -13 5273 1 0 1
-11.2174 -6.57316 10700 0.00427877 0.256979 27.9988 139.162 -13 5274 1 0 1
7.38809 -8.47744 10700 -0.105117 0.503688 27.9953 139.263 -13 5275 1 0 1
34.5736 20.1081 10700 -0.305689 -1.57749 27.9539 139.515 -13 5276 1 0 1
-13.015 -0.0535571 10700 0.0237203 -0.00672608 28 139.154 -13 5277 1 0 1
-5.55931 -1.98559 10700 -0.0139959 0.208824 27.9992 139.201 -13 5278 1 0 1
-64.7378 9.92921 10700 0.368835 -0.730063 27.9881 138.909 -13 5279 1 0 1
13.2222 -4.48596 10700 -0.129195 0.227687 27.9988 139.295 -13 5280 1 0 1
77.0268 -5.50958 10700 -0.516453 0.424071 27.992 139.66 -13 5281 1 0 1
-48.5458 2.74061 10700 0.236709 -0.15104 27.9986 138.969 -13 5282 1 0 1
-10.5366 13.2861 10700 0.015026 -0.847641 27.9872 139.201 -13 5283 1 0 1
76.0355 -10.5463 10700 -0.544211 0.801499 27.9832 139.669 -13 5284 1 0 1
-1.55276 -1.59773 10700 -0.0446947 0.0916001 27.9998 139.213 -13 5285 1 0 1
31.8638 -6.556 10700 -0.227072 0.368873 27.9966 139.411 -13 5286 1 0 1
-26.7465 6.13938 10700 0.113912 -0.31966 27.9979 139.096 -13 5287 1 0 1
-22.2269 -5.37041 10700 0.0985384 0.338969 27.9978 139.129 -13 5288 1 0 1
-47.1999 12.0925 10700 0.259532 -0.826577 27.9866 139.014 -13 5289 1 0 1
-15.9047 9.327 10700 0.0405126 -0.582953 27.9939 139.152 -13 5290 1 0 1
-22.3579 1.82382 10700 0.0909377 -0.176687 27.9993 139.118 -13 5291 1 0 1
-12.4103 14.7549 10700 0.0306692 -0.991005 27.9824 139.203 -13 5292 1 0 1
-24.0227 0.414409 10700 0.0933984 -0.0869775 27.9997 139.101 -13 5293 1 0 1
-58.5603 11.0678 10700 0.327585 -0.73458 27.9884 138.944 -13 5294 1 0 1
34.9581 -16.4921 10700 -0.284458 1.15657 27.9747 139.469 -13 5295 1 0 1
-1.15435 15.6609 10700 -0.0528568 -1.06642 27.9796 139.256 -13 5296 1 0 1
-13.0432 6.07971 10700 0.0285019 -0.329182 27.9981 139.165 -13 5297 1 0 1
27.2372 -7.9617 10700 -0.218158 0.507867 27.9945 139.373 -13 5298 1 0 1
6.02545 -16.3804 10700 -0.0958627 1.06444 27.9796 139.3 -13 5299 1 0 1
-22.6183 10.7779 10700 0.0895084 -0.648552 27.9923 139.129 -13 5300 1 0 1
-60.6866 20.2417 10700 0.405859 -1.64538 27.9487 138.984 -13 5301 1 0 1
29.9535 -4.59982 10700 -0.216422 0.400123 27.9963 139.396 -13 5302 1 0 1
10.1217 -16.1462 10700 -0.118653 1.08976 27.9785 139.326 -13 5303 1 0 1
33.0829 -5.7851 10700 -0.256537 0.4307 27.9955 139.394 -13 5304 1 0 1
58.6795 -5.5174 10700 -0.396739 0.349973 27.995 139.556 -13 5305 1 0 1
-0.921501 -5.32421 10700 -0.0447569 0.345348 27.9978 139.224 -13 5306 1 0 1
24.2233 -1.90607 10700 -0.186823 0.053849 27.9993 139.355 -13 5307 1 0 1
-41.0306 9.98197 10700 0.201085 -0.715553 27.9901 139.026 -13 5308 1 0 1
-26.5058 -0.262813 10700 0.106335 -0.0228607 27.9998 139.086 -13 5309 1 0 1
52.6273 -3.31222 10700 -0.375658 0.155564 27.997 139.497 -13 5310 1 0 1
14.5756 -9.89472 10700 -0.146066 0.639855 27.9923 139.313 -13 5311 1 0 1
-61.8823 4.87581 10700 0.336743 -0.32009 27.9961 138.912 -13 5312 1 0 1
68.8378 -1.13485 10700 -0.467074 0.0496361 27.9961 139.595 -13 5313 1 0 1
-12.9389 -11.4504 10700 0.0233831 0.721823 27.9907 139.174 -13 5314 1 0 1
90.0423 -11.8284 10700 -0.68159 1.2301 27.9647 139.78 -13 5315 1 0 1
8.9801 -4.00631 10700 -0.091113 0.213864 27.999 139.286 -13 5316 1 0 1
3.58948 7.42546 10700 -0.0743149 -0.507376 27.9953 139.251 -13 5317 1 0 1
-6.09194 -7.20988 10700 -0.00614825 0.450632 27.9964 139.208 -13 5318 1 0 1
-44.9456 10.2411 10700 0.226418 -0.611643 27.9924 139.006 -13 5319 1 0 1
26.8238 -1.82602 10700 -0.200477 0.128262 27.999 139.371 -13 5320 1 0 1
27.6109 11.1687 10700 -0.20821 -0.791988 27.988 139.409 -13 5321 1 0 1
-1.44918 8.13639 10700 -0.0365971 -0.463036 27.9961 139.232 -13 5322 1 0 1
-11.6054 14.802 10700 0.0236443 -0.994735 27.9823 139.206 -13 5323 1 0 1
-8.53313 -1.91755 10700 -0.00319651 0.160511 27.9995 139.178 -13 5324 1 0 1
22.5315 -2.14125 10700 -0.185762 0.163681 27.9989 139.338 -13 5325 1 0 1
13.7254 -6.63355 10700 -0.138178 0.363081 27.9973 139.295 -13 5326 1 0 1
-8.89461 6.99161 10700 0.000406567 -0.404457 27.9971 139.183 -13 5327 1 0 1
39.5265 5.55553 10700 -0.286906 -0.317623 27.9967 139.437 -13 5328 1 0 1
-22.8617 -12.3101 10700 0.0860384 0.740473 27.9901 139.125 -13 5329 1 0 1
54.339 -10.2244 10700 -0.400585 0.829733 27.9848 139.538 -13 5330 1 0 1
12.5016 1.25397 10700 -0.132477 -0.103771 27.9995 139.28 -13 5331 1 0 1
12.9075 -5.72372 10700 -0.129137 0.352775 27.9975 139.293 -13 5332 1 0 1
4.33205 -1.57999 10700 -0.0734084 0.12436 27.9996 139.25 -13 5333 1 0 1
38.2055 -7.94175 10700 -0.274368 0.586258 27.9925 139.449 -13 5334 1 0 1
20.002 1.93634 10700 -0.162176 -0.126493 27.9992 139.334 -13 5335 1 0 1
47.8463 -2.9366 10700 -0.330921 0.178104 27.9975 139.484 -13 5336 1 0 1
34.3221 1.32841 10700 -0.253079 -0.197132 27.9982 139.404 -13 5337 1 0 1
21.036 -2.52653 10700 -0.1703 0.257586 27.9983 139.339 -13 5338 1 0 1
62.991 1.38324 10700 -0.423531 -0.0802028 27.9967 139.569 -13 5339 1 0 1
-4.94801 6.47887 10700 -0.0171771 -0.400254 27.9971 139.209 -13 5340 1 0 1
38.9482 -11.1848 10700 -0.292664 0.714518 27.9894 139.455 -13 5341 1 0 1
39.7034 -12.6716 10700 -0.300811 0.912766 27.9835 139.473 -13 5342 1 0 1
44.6244 -7.31321 10700 -0.318194 0.606567 27.9916 139.481 -13 5343 1 0 1
35.6329 9.96356 10700 -0.264889 -0.619626 27.9919 139.435 -13 5344 1 0 1
49.2752 3.08684 10700 -0.349011 -0.190904 27.9972 139.483 -13 5345 1 0 1
2.23828 -6.7194 10700 -0.0714014 0.454208 27.9962 139.236 -13 5346 1 0 1
-57.8973 21.1962 10700 0.404441 -1.77317 27.9409 139.019 -13 5347 1 0 1
-7.8174 1.52236 10700 -0.00120814 -0.0691906 27.9999 139.188 -13 5348 1 0 1
5.20053 5.63989 10700 -0.0833642 -0.337636 27.9978 139.254 -13 5349 1 0 1
50.6093 -22.3403 10700 -0.508145 2.11076 27.9157 139.68 -13 5350 1 0 1
9.06858 -1.58087 10700 -0.0936142 0.0922905 27.9997 139.282 -13 5351 1 0 1
-21.5017 7.69571 10700 0.0840603 -0.394598 27.9971 139.126 -13 5352 1 0 1
42.1998 0.567802 10700 -0.302807 -0.0285235 27.9983 139.443 -13 5353 1 0 1
-36.9463 5.73595 10700 0.168692 -0.319529 27.9977 139.035 -13 5354 1 0 1
3.68545 5.34415 10700 -0.0861815 -0.341407 27.9978 139.233 -13 5355 1 0 1
33.8174 -13.3597 10700 -0.25635 0.87698 27.9851 139.447 -13 5356 1 0 1
-7.92237 8.55195 10700 -0.00877925 -0.499855 27.9955 139.188 -13 5357 1 0 1
42.3213 5.72428 10700 -0.300724 -0.448867 27.9948 139.459 -13 5358 1 0 1
54.6265 -0.0126701 10700 -0.355987 -0.0437964 27.9977 139.538 -13 5359 1 0 1
38.0841 -5.20094 10700 -0.267403 0.356765 27.9965 139.439 -13 5360 1 0 1
48.7546 -11.95 10700 -0.359464 0.862447 27.9844 139.519 -13 5361 1 0 1
31.7954 -15.1446 10700 -0.261569 1.05185 27.979 139.437 -13 5362 1 0 1
5.94273 -10.0106 10700 -0.102099 0.65028 27.9923 139.26 -13 5363 1 0 1
8.14526 -4.62439 10700 -0.103437 0.298103 27.9982 139.265 -13 5364 1 0 1
-13.1676 -1.76727 10700 0.038406 0.145518 27.9996 139.169 -13 5365 1 0 1
-14.1632 9.60442 10700 0.0328343 -0.604373 27.9935 139.166 -13 5366 1 0 1
-37.5378 2.83939 10700 0.177825 -0.205851 27.9987 139.035 -13 5367 1 0 1
39.0667 5.72168 10700 -0.278748 -0.459794 27.9948 139.444 -13 5368 1 0 1
14.2833 -0.54541 10700 -0.135987 0.0187747 27.9997 139.295 -13 5369 1 0 1
28.4919 -0.615851 10700 -0.213117 0.0807012 27.9991 139.376 -13 5370 1 0 1
-19.1751 -4.463 10700 0.0547989 0.25933 27.9987 139.12 -13 5371 1 0 1
30.2551 1.12042 10700 -0.217832 -0.070189 27.9991 139.392 -13 5372 1 0 1
38.6859 -12.5263 10700 -0.311922 0.994246 27.9806 139.458 -13 5373 1 0 1
21.3572 2.47005 10700 -0.179018 -0.177375 27.9989 139.332 -13 5374 1 0 1
25.1678 2.72492 10700 -0.194266 -0.212868 27.9985 139.361 -13 5375 1 0 1
-17.5092 -1.43564 10700 0.0330651 0.00567741 28 139.115 -13 5376 1 0 1
1.53296 -21.4857 10700 -0.0774513 1.46932 27.9613 139.312 -13 5377 1 0 1
84.208 -11.297 10700 -0.610843 1.03056 27.9744 139.738 -13 5378 1 0 1
16.1065 21.9697 10700 -0.180325 -1.70185 27.9477 139.425 -13 5379 1 0 1
66.7128 2.64552 10700 -0.446486 -0.271887 27.9951 139.596 -13 5380 1 0 1
60.2678 3.84901 10700 -0.409308 -0.235122 27.996 139.556 -13 5381 1 0 1
-6.20444 -9.9217 10700 -0.0127023 0.68804 27.9915 139.211 -13 5382 1 0 1
33.8804 -2.47153 10700 -0.245124 0.27123 27.9976 139.408 -13 5383 1 0 1
-10.4707 -14.0991 10700 0.0146146 0.985098 27.9827 139.208 -13 5384 1 0 1
3.20594 17.5755 10700 -0.0808931 -1.1721 27.9753 139.293 -13 5385 1 0 1
0.38882 0.131238 10700 -0.0534221 0.0505333 27.9999 139.226 -13 5386 1 0 1
14.5185 -13.8137 10700 -0.154229 0.906155 27.9849 139.325 -13 5387 1 0 1
41.5155 -23.8097 10700 -0.451099 2.27002 27.9042 139.647 -13 5388 1 0 1
30.0217 5.62997 10700 -0.221094 -0.337609 27.9971 139.394 -13 5389 1 0 1
-2.52582 -3.32529 10700 -0.0294063 0.187503 27.9994 139.22 -13 5390 1 0 1
23.6679 5.25432 10700 -0.184637 -0.369798 27.9969 139.357 -13 5391 1 0 1
-18.1257 -13.3639 10700 0.0616295 0.914035 27.985 139.161 -13 5392 1 0 1
36.2721 -9.84299 10700 -0.267238 0.524242 27.9938 139.434 -13 5393 1 0 1
-50.9842 7.95897 10700 0.2558 -0.515813 27.9941 138.961 -13 5394 1 0 1
-16.2923 4.98875 10700 0.0467683 -0.358036 27.9977 139.144 -13 5395 1 0 1
41.1473 0.238689 10700 -0.292934 0.0522623 27.9984 139.441 -13 5396 1 0 1
-59.6297 1.7021 10700 0.320865 -0.0974541 27.998 138.922 -13 5397 1 0 1
-8.28402 -6.93373 10700 0.00867892 0.386162 27.9973 139.198 -13 5398 1 0 1
12.567 -8.50198 10700 -0.121127 0.569193 27.994 139.309 -13 5399 1 0 1
26.6617 -10.3479 10700 -0.218222 0.681974 27.9908 139.381 -13 5400 1 0 1
66.3667 -10.384 10700 -0.47041 0.825579 27.9839 139.619 -13 5401 1 0 1
-28.3406 5.94442 10700 0.112034 -0.296446 27.9982 139.076 -13 5402 1 0 1
45.7529 -10.3336 10700 -0.327261 0.739009 27.9883 139.499 -13 5403 1 0 1
3.77997 -2.14727 10700 -0.0683852 0.137913 27.9996 139.249 -13 5404 1 0 1
-20.7071 -5.23448 10700 0.0800128 0.485522 27.9957 139.132 -13 5405 1 0 1
1.48555 -4.63864 10700 -0.0661725 0.314634 27.9982 139.229 -13 5406 1 0 1
-96.7364 13.7985 10700 0.67482 -1.49822 27.9517 138.766 -13 5407 1 0 1
47.8042 -5.6272 10700 -0.340374 0.409733 27.9949 139.482 -13 5408 1 0 1
36.6451 5.09413 10700 -0.271205 -0.307764 27.997 139.418 -13 5409 1 0 1
54.3232 -1.25808 10700 -0.368771 0.106074 27.9974 139.521 -13 5410 1 0 1
-13.9623 5.95629 10700 0.0277693 -0.340469 27.9979 139.153 -13 5411 1 0 1
45.5985 -8.19474 10700 -0.341224 0.558573 27.9923 139.468 -13 5412 1 0 1
20.3238 -4.04807 10700 -0.158674 0.407456 27.9966 139.347 -13 5413 1 0 1
-25.6444 -2.05452 10700 0.106431 0.110024 27.9996 139.096 -13 5414 1 0 1
0.249991 5.23595 10700 -0.0573688 -0.348291 27.9978 139.224 -13 5415 1 0 1
-21.1495 -2.08173 10700 0.064934 0.161205 27.9995 139.106 -13 5416 1 0 1
34.1703 -6.28881 10700 -0.244067 0.537348 27.9938 139.426 -13 5417 1 0 1
48.5296 3.91141 10700 -0.336744 -0.216172 27.9971 139.488 -13 5418 1 0 1
-10.7842 -2.36796 10700 0.0124076 0.196323 27.9993 139.17 -13 5419 1 0 1
-5.26655 2.436 10700 -0.0147364 -0.0936614 27.9998 139.203 -13 5420 1 0 1
10.0367 12.6198 10700 -0.113943 -0.893512 27.9855 139.309 -13 5421 1 0 1
-4.47104 -9.3087 10700 -0.0197649 0.587931 27.9938 139.221 -13 5422 1 0 1
-1.81251 15.4141 10700 -0.0484214 -1.03727 27.9807 139.251 -13 5423 1 0 1
32.3703 -10.2892 10700 -0.254061 0.711437 27.9898 139.411 -13 5424 1 0 1
-4.60361 -9.0352 10700 -0.0263754 0.62323 27.9931 139.214 -13 5425 1 0 1
9.56162 11.2658 10700 -0.108349 -0.738695 27.99 139.298 -13 5426 1 0 1
-53.003 16.7889 10700 0.301853 -1.23679 27.971 138.991 -13 5427 1 0 1
-45.0592 8.86269 10700 0.213962 -0.625659 27.9922 138.993 -13 5428 1 0 1
40.6975 18.9535 10700 -0.348474 -1.55104 27.9548 139.543 -13 5429 1 0 1
-70.9596 13.0631 10700 0.429391 -0.98172 27.9795 138.889 -13 5430 1 0 1
0.0335467 0.0378138 10700 -0.042934 0.0859294 27.9998 139.233 -13 5431 1 0 1
3.13083 12.6649 10700 -0.0747253 -0.792499 27.9887 139.264 -13 5432 1 0 1
23.2274 -0.317872 10700 -0.18397 0.0255696 27.9994 139.346 -13 5433 1 0 1
5.47299 4.1985 10700 -0.0816254 -0.289676 27.9984 139.257 -13 5434 1 0 1
-10.5121 -10.474 10700 0.011804 0.712877 27.9909 139.188 -13 5435 1 0 1
13.4245 -17.135 10700 -0.133507 1.12696 27.977 139.356 -13 5436 1 0 1
25.3831 -2.4389 10700 -0.200293 0.141836 27.9989 139.356 -13 5437 1 0 1
16.32 -18.1359 10700 -0.174258 1.23557 27.9722 139.367 -13 5438 1 0 1
-62.737 7.31031 10700 0.345206 -0.51383 27.9932 138.909 -13 5439 1 0 1
-3.42247 -1.77163 10700 -0.0398037 0.0538114 27.9999 139.197 -13 5440 1 0 1
15.3516 7.13083 10700 -0.149997 -0.431381 27.9963 139.302 -13 5441 1 0 1
-45.275 3.95536 10700 0.218663 -0.242195 27.9981 138.989 -13 5442 1 0 1
63.9452 -13.2305 10700 -0.490907 1.06624 27.9754 139.61 -13 5443 1 0 1
-21.2659 11.817 10700 0.0779394 -0.77864 27.9891 139.135 -13 5444 1 0 1
-24.5114 5.51883 10700 0.0976065 -0.352009 27.9976 139.103 -13 5445 1 0 1
-41.9672 12.1826 10700 0.216545 -0.863102 27.9859 139.034 -13 5446 1 0 1
21.6144 5.04154 10700 -0.181751 -0.285622 27.998 139.337 -13 5447 1 0 1
10.2878 -10.3849 10700 -0.104 0.576471 27.9939 139.303 -13 5448 1 0 1
66.1813 -4.59523 10700 -0.438945 0.335268 27.9946 139.602 -13 5449 1 0 1
27.8797 -0.718704 10700 -0.217085 0.112635 27.9989 139.366 -13 5450 1 0 1
8.95764 -17.393 10700 -0.106692 1.19536 27.9743 139.337 -13 5451 1 0 1
59.3023 3.98609 10700 -0.405221 -0.239503 27.996 139.548 -13 5452 1 0 1
-19.2835 -10.0706 10700 0.0708115 0.633614 27.9927 139.146 -13 5453 1 0 1
-25.0611 16.4848 10700 0.106023 -1.04068 27.9805 139.133 -13 5454 1 0 1
10.6909 -4.13538 10700 -0.114631 0.160541 27.9993 139.28 -13 5455 1 0 1
-5.15861 1.32959 10700 -0.00890877 -0.0951141 27.9998 139.21 -13 5456 1 0 1
17.5906 -5.50477 10700 -0.152523 0.243652 27.9985 139.322 -13 5457 1 0 1
45.795 -10.3214 10700 -0.339338 0.668191 27.99 139.486 -13 5458 1 0 1
50.5075 -19.465 10700 -0.425757 1.60788 27.9506 139.615 -13 5459 1 0 1
19.1327 3.87255 10700 -0.169815 -0.247783 27.9984 139.319 -13 5460 1 0 1
60.344 -5.73967 10700 -0.413134 0.441174 27.9935 139.561 -13 5461 1 0 1
36.4146 4.20481 10700 -0.258664 -0.217131 27.998 139.425 -13 5462 1 0 1
-36.0077 18.2864 10700 0.189319 -1.18977 27.9741 139.09 -13 5463 1 0 1
-1.97488 1.5495 10700 -0.0334731 0.0532307 27.9999 139.221 -13 5464 1 0 1
0.198391 7.00327 10700 -0.0524499 -0.36979 27.9975 139.231 -13 5465 1 0 1
81.9634 -16.1131 10700 -0.896899 2.70194 27.8549 139.972 -13 5466 1 0 1
2.09044 6.75322 10700 -0.057892 -0.448871 27.9963 139.248 -13 5467 1 0 1
13.0906 -0.73779 10700 -0.121683 0.0954162 27.9996 139.297 -13 5468 1 0 1
-0.202666 -10.1715 10700 -0.055763 0.629325 27.9929 139.237 -13 5469 1 0 1
1.17388 0.233223 10700 -0.0577188 -0.0647276 27.9999 139.23 -13 5470 1 0 1
34.8429 -6.34048 10700 -0.272408 0.394043 27.9959 139.399 -13 5471 1 0 1
-21.3927 1.14669 10700 0.0823357 -0.0877626 27.9997 139.12 -13 5472 1 0 1
-55.5384 0.044031 10700 0.293278 -0.00426733 27.9985 138.942 -13 5473 1 0 1
35.7077 -5.0725 10700 -0.2635 0.352026 27.9965 139.415 -13 5474 1 0 1
64.4835 -9.97881 10700 -0.46543 0.798111 27.9848 139.597 -13 5475 1 0 1
0.896978 7.08546 10700 -0.0609566 -0.485911 27.9957 139.233 -13 5476 1 0 1
8.00849 13.6103 10700 -0.0966695 -0.815913 27.9879 139.303 -13 5477 1 0 1
-5.1951 6.96081 10700 -0.00343926 -0.5197 27.9952 139.226 -13 5478 1 0 1
-34.8181 -10.5448 10700 0.155325 0.705359 27.9907 139.054 -13 5479 1 0 1
-19.1161 12.6563 10700 0.0641735 -0.793145 27.9887 139.148 -13 5480 1 0 1
3.71089 -3.81062 10700 -0.0593684 0.1981 27.9992 139.259 -13 5481 1 0 1
-14.1877 3.70953 10700 0.0333516 -0.301682 27.9984 139.154 -13 5482 1 0 1
1.98453 -0.17305 10700 -0.0548365 0.0824491 27.9998 139.242 -13 5483 1 0 1
23.2949 8.05174 10700 -0.197326 -0.571767 27.9935 139.353 -13 5484 1 0 1
-29.6619 11.6997 10700 0.134599 -0.654388 27.992 139.094 -13 5485 1 0 1
-0.200111 -4.56193 10700 -0.0567912 0.249305 27.9988 139.219 -13 5486 1 0 1
-16.7792 2.20079 10700 0.0421754 -0.131154 27.9997 139.132 -13 5487 1 0 1
15.8805 -10.6169 10700 -0.151049 0.65159 27.992 139.324 -13 5488 1 0 1
-15.7728 -0.883425 10700 0.0357522 0.0585047 27.9999 139.136 -13 5489 1 0 1
-8.3217 14.997 10700 0.00634147 -0.982618 27.9828 139.227 -13 5490 1 0 1
63.3178 -11.9366 10700 -0.462279 0.954583 27.9799 139.609 -13 5491 1 0 1
22.1524 9.20529 10700 -0.183651 -0.567897 27.9936 139.355 -13 5492 1 0 1
67.0776 -0.124284 10700 -0.445146 0.00290151 27.9965 139.596 -13 5493 1 0 1
-23.1987 2.00317 10700 0.0820128 -0.0997575 27.9997 139.1 -13 5494 1 0 1
-23.8793 -5.82664 10700 0.0918326 0.368382 27.9974 139.104 -13 5495 1 0 1
-37.535 1.03598 10700 0.185352 -0.161735 27.9989 139.042 -13 5496 1 0 1
24.3354 -3.32918 10700 -0.199596 0.210553 27.9985 139.346 -13 5497 1 0 1
35.2111 9.23133 10700 -0.25996 -0.548045 27.9934 139.427 -13 5498 1 0 1
-23.3255 9.56824 10700 0.0858607 -0.564167 27.9942 139.112 -13 5499 1 0 1
30.6868 -18.3498 10700 -0.270452 1.38004 27.9647 139.464 -13 5500 1 0 1
34.9762 12.8302 10700 -0.275885 -0.900402 27.9842 139.44 -13 5501 1 0 1
23.7653 -12.0444 10700 -0.204842 0.816623 27.9873 139.371 -13 5502 1 0 1
34.6061 -24.2806 10700 -0.356103 1.9544 27.9294 139.567 -13 5503 1 0 1
-21.8865 -1.39391 10700 0.0816454 0.100655 27.9997 139.114 -13 5504 1 0 1
-14.2763 -2.48143 10700 0.0505581 0.0629012 27.9999 139.168 -13 5505 1 0 1
-6.7517 12.2129 10700 -0.0148365 -0.771206 27.9894 139.21 -13 5506 1 0 1
-12.1625 2.15489 10700 0.0213147 -0.112887 27.9998 139.162 -13 5507 1 0 1
0.912143 9.99931 10700 -0.0597247 -0.450515 27.9963 139.239 -13 5508 1 0 1
96.7096 -9.91588 10700 -0.705335 1.12684 27.9684 139.813 -13 5509 1 0 1
-10.8489 15.6412 10700 0.0151919 -0.983044 27.9827 139.208 -13 5510 1 0 1
-10.8171 10.1693 10700 0.0134881 -0.556208 27.9945 139.182 -13 5511 1 0 1
-16.8738 -3.20086 10700 0.0603447 0.183454 27.9993 139.15 -13 5512 1 0 1
10.1111 -6.2887 10700 -0.109845 0.412939 27.9967 139.283 -13 5513 1 0 1
-33.7433 6.06997 10700 0.169134 -0.385598 27.9968 139.071 -13 5514 1 0 1
41.0795 -3.47304 10700 -0.291311 0.224524 27.9976 139.446 -13 5515 1 0 1
-9.30842 -1.74864 10700 0.0172357 0.142271 27.9996 139.19 -13 5516 1 0 1
-17.5048 9.82707 10700 0.0485297 -0.589449 27.9938 139.143 -13 5517 1 0 1
-28.1269 0.816321 10700 0.11699 0.0357186 27.9997 139.079 -13 5518 1 0 1
27.6911 0.509928 10700 -0.216848 -0.0839535 27.999 139.363 -13 5519 1 0 1
-31.8754 0.389825 10700 0.145918 0.00792328 27.9996 139.066 -13 5520 1 0 1
9.79711 20.5786 10700 -0.132326 -1.44827 27.9622 139.353 -13 5521 1 0 1
-7.64246 9.87355 10700 -0.0134541 -0.629443 27.9929 139.194 -13 5522 1 0 1
-5.45134 13.6673 10700 -0.0139633 -0.895973 27.9857 139.234 -13 5523 1 0 1
-42.5017 -1.11639 10700 0.204357 0.176194 27.9987 139.006 -13 5524 1 0 1
26.3846 -0.432266 10700 -0.209126 0.0328763 27.9992 139.356 -13 5525 1 0 1
17.6772 -1.79529 10700 -0.150784 0.180002 27.999 139.32 -13 5526 1 0 1
16.6425 -17.6271 10700 -0.14997 1.1906 27.9743 139.386 -13 5527 1 0 1
0.797121 0.405105 10700 -0.0590326 -0.00917074 27.9999 139.224 -13 5528 1 0 1
36.607 -6.69996 10700 -0.270677 0.525795 27.9938 139.428 -13 5529 1 0 1
25.5351 -1.87986 10700 -0.19079 0.0461905 27.9993 139.366 -13 5530 1 0 1
32.8116 -11.1869 10700 -0.235505 0.795078 27.9877 139.442 -13 5531 1 0 1
48.9412 1.66903 10700 -0.335145 -0.128415 27.9977 139.491 -13 5532 1 0 1
-11.2038 10.0914 10700 0.0139853 -0.577237 27.994 139.179 -13 5533 1 0 1
2.2749 9.71656 10700 -0.0656601 -0.69904 27.9912 139.254 -13 5534 1 0 1
-10.8755 -15.2031 10700 0.0112924 1.06798 27.9796 139.206 -13 5535 1 0 1
30.8236 14.988 10700 -0.253308 -0.947931 27.9828 139.426 -13 5536 1 0 1
-10.7094 2.34174 10700 0.0145668 -0.212461 27.9992 139.173 -13 5537 1 0 1
18.0898 -3.37545 10700 -0.147235 0.257237 27.9984 139.33 -13 5538 1 0 1
-38.6349 5.92315 10700 0.189908 -0.39328 27.9966 139.036 -13 5539 1 0 1
18.589 -14.1335 10700 -0.169428 0.896711 27.9851 139.358 -13 5540 1 0 1
7.06114 -1.19358 10700 -0.087199 -0.011772 27.9999 139.265 -13 5541 1 0 1
-2.0481 6.7384 10700 -0.0418293 -0.418171 27.9968 139.217 -13 5542 1 0 1
17.6441 -5.21336 10700 -0.160893 0.326882 27.9976 139.314 -13 5543 1 0 1
4.36191 -0.530211 10700 -0.0770015 -0.00409489 27.9999 139.245 -13 5544 1 0 1
-53.5804 9.95189 10700 0.296593 -0.819005 27.9864 138.973 -13 5545 1 0 1
62.5863 -12.19 10700 -0.460033 1.0428 27.9768 139.612 -13 5546 1 0 1
-53.8664 21.3035 10700 0.371502 -1.78662 27.9405 139.044 -13 5547 1 0 1
-9.6436 -21.3745 10700 0.0201168 1.54099 27.9576 139.269 -13 5548 1 0 1
-73.208 15.5114 10700 0.473451 -1.22647 27.9691 138.895 -13 5549 1 0 1
-7.50161 16.7411 10700 -0.00187577 -1.17437 27.9754 139.243 -13 5550 1 0 1
24.9896 -13.6833 10700 -0.218706 1.01021 27.9809 139.39 -13 5551 1 0 1
7.04124 4.70024 10700 -0.0859806 -0.337882 27.9978 139.27 -13 5552 1 0 1
-8.03383 -1.1731 10700 -0.00315131 0.0605579 27.9999 139.183 -13 5553 1 0 1
-30.8577 12.4481 10700 0.136494 -0.827378 27.9874 139.084 -13 5554 1 0 1
-27.2319 -1.24013 10700 0.107856 0.0995691 27.9996 139.08 -13 5555 1 0 1
14.1273 -12.0859 10700 -0.13413 0.905966 27.985 139.334 -13 5556 1 0 1
-19.1085 -2.00283 10700 0.0614719 0.169011 27.9994 139.125 -13 5557 1 0 1
14.8608 11.6203 10700 -0.13887 -0.674167 27.9915 139.329 -13 5558 1 0 1
8.47843 4.31818 10700 -0.107934 -0.241671 27.9987 139.263 -13 5559 1 0 1
-4.70195 8.6617 10700 -0.0289004 -0.517943 27.9952 139.205 -13 5560 1 0 1
16.9611 4.80595 10700 -0.153918 -0.305642 27.9979 139.312 -13 5561 1 0 1
33.0624 4.59365 10700 -0.237964 -0.235466 27.998 139.409 -13 5562 1 0 1
-43.0514 0.52984 10700 0.206181 -0.0511996 27.9992 139 -13 5563 1 0 1
53.3407 -11.9467 10700 -0.390992 0.937916 27.9816 139.551 -13 5564 1 0 1
-21.7283 5.70167 10700 0.0951396 -0.457351 27.9961 139.135 -13 5565 1 0 1
-26.1184 18.9941 10700 0.114432 -1.30603 27.9693 139.144 -13 5566 1 0 1
30.0482 -4.52638 10700 -0.221912 0.283873 27.9977 139.391 -13 5567 1 0 1
72.8923 -10.5848 10700 -0.518969 0.850356 27.9823 139.657 -13 5568 1 0 1
17.6695 -5.35103 10700 -0.162199 0.296421 27.998 139.313 -13 5569 1 0 1
-29.7409 -9.36267 10700 0.131561 0.6512 27.9921 139.087 -13 5570 1 0 1
0.852575 1.97667 10700 -0.0525838 -0.147121 27.9996 139.233 -13 5571 1 0 1
-61.1204 9.46944 10700 0.345004 -0.628118 27.9908 138.93 -13 5572 1 0 1
-30.0872 9.95759 10700 0.125471 -0.696882 27.991 139.076 -13 5573 1 0 1
-2.98357 -5.19592 10700 -0.0290971 0.352908 27.9978 139.217 -13 5574 1 0 1
-20.8876 1.84331 10700 0.0740037 -0.0960299 27.9997 139.118 -13 5575 1 0 1
-6.44508 -3.0206 10700 -0.00539884 0.152715 27.9996 139.2 -13 5576 1 0 1
-31.7828 -6.93034 10700 0.140962 0.509175 27.995 139.068 -13 5577 1 0 1
-44.0242 2.44994 10700 0.200989 -0.14767 27.9989 138.985 -13 5578 1 0 1
-18.682 2.68709 10700 0.061735 -0.143257 27.9996 139.131 -13 5579 1 0 1
19.8364 -3.52777 10700 -0.171533 0.179326 27.9989 139.324 -13 5580 1 0 1
25.7093 2.18459 10700 -0.186436 -0.125467 27.9991 139.374 -13 5581 1 0 1
3.35502 -18.7955 10700 -0.0754687 1.21595 27.9735 139.308 -13 5582 1 0 1
58.8987 -20.8568 10700 -0.52277 1.83471 27.9349 139.707 -13 5583 1 0 1
70.8002 -6.14765 10700 -0.481303 0.548306 27.9905 139.629 -13 5584 1 0 1
-32.8714 11.5046 10700 0.148972 -0.758497 27.9893 139.07 -13 5585 1 0 1
-21.749 2.88549 10700 0.0749851 -0.141719 27.9995 139.11 -13 5586 1 0 1
24.2835 -4.51838 10700 -0.195059 0.198347 27.9986 139.352 -13 5587 1 0 1
-26.8299 2.59239 10700 0.119026 -0.102866 27.9996 139.096 -13 5588 1 0 1
-24.4465 17.1718 10700 0.103296 -1.12121 27.9774 139.141 -13 5589 1 0 1
44.4952 -7.24356 10700 -0.320126 0.484115 27.994 139.469 -13 5590 1 0 1
24.736 0.647991 10700 -0.195059 -0.0282773 27.9993 139.352 -13 5591 1 0 1
-6.10656 5.23583 10700 -0.0211786 -0.300275 27.9984 139.191 -13 5592 1 0 1
18.3838 -10.815 10700 -0.15553 0.752644 27.9895 139.351 -13 5593 1 0 1
-9.87439 1.64833 10700 -0.00750021 -0.0594746 27.9999 139.159 -13 5594 1 0 1
73.6742 -15.6311 10700 -0.603005 1.57038 27.9494 139.728 -13 5595 1 0 1
-1.52204 14.8602 10700 -0.0472907 -0.988087 27.9825 139.252 -13 5596 1 0 1
-21.1169 15.365 10700 0.0896058 -0.937109 27.9842 139.16 -13 5597 1 0 1
106.315 -7.98718 10700 -0.736948 0.805669 27.9787 139.851 -13 5598 1 0 1
-45.7463 5.53734 10700 0.227538 -0.300682 27.9975 138.993 -13 5599 1 0 1
28.0564 -0.365912 10700 -0.215126 -0.040861 27.9991 139.369 -13 5600 1 0 1
-26.7718 8.45805 10700 0.110431 -0.525011 27.9949 139.095 -13 5601 1 0 1
-22.5657 4.16838 10700 0.0821061 -0.319167 27.9981 139.109 -13 5602 1 0 1
3.10876 4.63704 10700 -0.0671174 -0.244391 27.9989 139.246 -13 5603 1 0 1
19.0682 -10.1023 10700 -0.179171 0.706562 27.9905 139.332 -13 5604 1 0 1
52.9511 -18.1127 10700 -0.441932 1.52671 27.9549 139.608 -13 5605 1 0 1
-31.0906 16.5883 10700 0.144862 -1.07031 27.9792 139.1 -13 5606 1 0 1
-13.4379 4.66238 10700 0.021643 -0.290702 27.9985 139.151 -13 5607 1 0 1
9.42055 -4.66254 10700 -0.106278 0.331875 27.9978 139.276 -13 5608 1 0 1
6.56377 9.94113 10700 -0.0928475 -0.612105 27.9932 139.274 -13 5609 1 0 1
52.7193 1.19935 10700 -0.349201 -0.0494843 27.9978 139.521 -13 5610 1 0 1
72.9852 -2.97013 10700 -0.485576 0.293066 27.9943 139.633 -13 5611 1 0 1
30.4229 11.8312 10700 -0.243519 -0.869576 27.9854 139.412 -13 5612 1 0 1
-6.30467 1.03996 10700 -0.0129015 -0.174401 27.9995 139.193 -13 5613 1 0 1
24.2722 2.44505 10700 -0.195764 -0.190554 27.9987 139.348 -13 5614 1 0 1
1.08491 -15.2337 10700 -0.0636852 0.974914 27.9829 139.267 -13 5615 1 0 1
44.0328 13.1272 10700 -0.340935 -0.880275 27.9841 139.486 -13 5616 1 0 1
-60.5451 3.00613 10700 0.318451 -0.24259 27.9971 138.91 -13 5617 1 0 1
18.1812 5.77606 10700 -0.163075 -0.40734 27.9966 139.318 -13 5618 1 0 1
32.7933 -16.7519 10700 -0.270255 1.39473 27.9639 139.48 -13 5619 1 0 1
-24.3932 -1.9325 10700 0.109326 0.0728295 27.9997 139.113 -13 5620 1 0 1
-10.4563 -0.449697 10700 0.0139055 0.103931 27.9998 139.174 -13 5621 1 0 1
6.33311 4.72808 10700 -0.0872193 -0.260298 27.9987 139.261 -13 5622 1 0 1
-9.69894 -5.72339 10700 0.0100511 0.426841 27.9967 139.183 -13 5623 1 0 1
-29.9461 20.9964 10700 0.156906 -1.55275 27.9565 139.146 -13 5624 1 0 1
-21.566 -2.38214 10700 0.0797392 0.166716 27.9994 139.116 -13 5625 1 0 1
-13.254 11.4238 10700 0.0275825 -0.694767 27.9914 139.175 -13 5626 1 0 1
-1.26789 -4.25474 10700 -0.0509749 0.275258 27.9986 139.213 -13 5627 1 0 1
-26.5782 -8.94888 10700 0.115028 0.665238 27.9919 139.105 -13 5628 1 0 1
-24.637 -4.67484 10700 0.0923623 0.256673 27.9987 139.096 -13 5629 1 0 1
-1.93421 5.12895 10700 -0.0305971 -0.326136 27.9981 139.228 -13 5630 1 0 1
15.547 1.87863 10700 -0.147189 -0.0651943 27.9995 139.298 -13 5631 1 0 1
-18.3286 5.64093 10700 0.0631801 -0.33199 27.998 139.139 -13 5632 1 0 1
-32.1884 -1.1174 10700 0.140696 0.123304 27.9994 139.057 -13 5633 1 0 1
-28.0978 -2.13894 10700 0.109098 0.118805 27.9995 139.072 -13 5634 1 0 1
-6.3654 2.69492 10700 -0.0176094 -0.243132 27.9989 139.189 -13 5635 1 0 1
31.4559 2.69249 10700 -0.240763 -0.1891 27.9983 139.384 -13 5636 1 0 1
33.0333 -9.63663 10700 -0.252133 0.704662 27.99 139.418 -13 5637 1 0 1
24.5908 3.25344 10700 -0.192911 -0.261816 27.9981 139.357 -13 5638 1 0 1
-18.8644 15.3773 10700 0.075379 -0.971674 27.983 139.173 -13 5639 1 0 1
1.1702 13.2556 10700 -0.0518335 -0.78687 27.9889 139.267 -13 5640 1 0 1
0.440227 -8.32535 10700 -0.0505293 0.458296 27.9962 139.239 -13 5641 1 0 1
20.4484 3.97554 10700 -0.173349 -0.213217 27.9987 139.33 -13 5642 1 0 1
24.4957 -9.57969 10700 -0.193808 0.673761 27.9912 139.377 -13 5643 1 0 1
-5.27342 -9.78411 10700 -0.0132286 0.645718 27.9926 139.221 -13 5644 1 0 1
-11.4803 6.44941 10700 0.00596422 -0.467548 27.9961 139.16 -13 5645 1 0 1
-1.31633 -9.37962 10700 -0.0384621 0.586866 27.9938 139.238 -13 5646 1 0 1
22.6295 4.91815 10700 -0.193916 -0.294874 27.9978 139.335 -13 5647 1 0 1
12.8379 4.56537 10700 -0.12574 -0.369502 27.9973 139.295 -13 5648 1 0 1
0.148445 8.72333 10700 -0.0440332 -0.534081 27.9949 139.246 -13 5649 1 0 1
17.476 -5.72851 10700 -0.145649 0.43971 27.9962 139.329 -13 5650 1 0 1
14.6003 -20.9053 10700 -0.157519 1.42836 27.9631 139.39 -13 5651 1 0 1
-38.7215 9.03195 10700 0.176512 -0.634317 27.9923 139.029 -13 5652 1 0 1
32.1934 -0.299666 10700 -0.229309 -0.0149044 27.9991 139.402 -13 5653 1 0 1
27.127 -15.2682 10700 -0.227884 1.03416 27.98 139.413 -13 5654 1 0 1
51.0097 -18.2536 10700 -0.428682 1.53428 27.9546 139.597 -13 5655 1 0 1
8.77052 -8.4256 10700 -0.0996602 0.457314 27.9961 139.283 -13 5656 1 0 1
-65.2993 21.4292 10700 0.487036 -1.91832 27.93 138.986 -13 5657 1 0 1
-10.6448 14.9583 10700 0.0191949 -1.0057 27.9819 139.213 -13 5658 1 0 1
16.1869 -4.18791 10700 -0.132631 0.332239 27.9977 139.324 -13 5659 1 0 1
10.5227 -12.3825 10700 -0.109546 0.826417 27.9876 139.314 -13 5660 1 0 1
54.0877 -7.11068 10700 -0.379549 0.549048 27.992 139.529 -13 5661 1 0 1
-29.4773 7.2058 10700 0.131394 -0.401938 27.9968 139.082 -13 5662 1 0 1
17.996 -10.8545 10700 -0.160067 0.639006 27.9922 139.339 -13 5663 1 0 1
16.1033 0.530592 10700 -0.146018 -0.124999 27.9993 139.306 -13 5664 1 0 1
-16.1637 -12.1208 10700 0.0371031 0.685033 27.9916 139.154 -13 5665 1 0 1
5.1366 -10.8203 10700 -0.0847087 0.714659 27.9908 139.27 -13 5666 1 0 1
-20.6567 11.3637 10700 0.0775384 -0.672244 27.9918 139.141 -13 5667 1 0 1
1.11452 1.99319 10700 -0.0589154 -0.0892998 27.9998 139.229 -13 5668 1 0 1
-44.0948 -1.34809 10700 0.20677 0.0823543 27.9991 138.99 -13 5669 1 0 1
67.6296 -9.6551 10700 -0.472206 0.726978 27.9866 139.624 -13 5670 1 0 1
-13.4916 3.49946 10700 0.0286862 -0.249162 27.9989 139.157 -13 5671 1 0 1
60.9003 3.80574 10700 -0.411684 -0.195301 27.9963 139.56 -13 5672 1 0 1
10.5946 -7.97174 10700 -0.119272 0.358179 27.9975 139.283 -13 5673 1 0 1
10.5846 -8.27204 10700 -0.0941868 0.493222 27.9955 139.309 -13 5674 1 0 1
-33.3706 14.2857 10700 0.166503 -1.05076 27.9798 139.091 -13 5675 1 0 1
-37.4224 13.0749 10700 0.196962 -0.784156 27.9883 139.069 -13 5676 1 0 1
-47.0268 11.343 10700 0.246261 -0.712156 27.9899 139.003 -13 5677 1 0 1
13.5534 -6.5163 10700 -0.125423 0.386783 27.997 139.306 -13 5678 1 0 1
28.5507 -8.24378 10700 -0.221978 0.512176 27.9944 139.384 -13 5679 1 0 1
-11.4047 -13.8952 10700 0.0171295 0.984886 27.9827 139.199 -13 5680 1 0 1
-20.2295 24.782 10700 0.0988484 -1.76228 27.9443 139.238 -13 5681 1 0 1
-41.7825 1.46384 10700 0.209906 -0.118209 27.999 139.018 -13 5682 1 0 1
-26.2579 6.81035 10700 0.108253 -0.518099 27.995 139.098 -13 5683 1 0 1
49.2893 -14.9494 10700 -0.379497 1.11799 27.9751 139.544 -13 5684 1 0 1
14.0179 9.89207 10700 -0.137695 -0.687338 27.9912 139.315 -13 5685 1 0 1
50.2043 -1.73086 10700 -0.35381 0.158885 27.9973 139.488 -13 5686 1 0 1
13.996 -3.37458 10700 -0.136926 0.19815 27.999 139.294 -13 5687 1 0 1
25.1379 10.2624 10700 -0.211103 -0.662455 27.9914 139.369 -13 5688 1 0 1
6.5192 6.41853 10700 -0.0818648 -0.374844 27.9974 139.271 -13 5689 1 0 1
-12.52 -6.71339 10700 0.0218739 0.383686 27.9974 139.163 -13 5690 1 0 1
-9.01439 10.5649 10700 0.00670372 -0.642516 27.9926 139.201 -13 5691 1 0 1
-2.53102 -8.581 10700 -0.0385038 0.421064 27.9968 139.218 -13 5692 1 0 1
39.8922 -15.3378 10700 -0.323365 1.08035 27.9773 139.48 -13 5693 1 0 1
11.8625 3.5541 10700 -0.103167 -0.242999 27.9988 139.307 -13 5694 1 0 1
16.6297 13.2967 10700 -0.144822 -0.869503 27.9861 139.356 -13 5695 1 0 1
-10.8773 -7.67889 10700 0.0126694 0.42376 27.9968 139.174 -13 5696 1 0 1
58.4644 -4.23057 10700 -0.398312 0.318528 27.9954 139.548 -13 5697 1 0 1
4.25689 -1.19288 10700 -0.0665381 -0.00481793 27.9999 139.256 -13 5698 1 0 1
-10.0195 -1.5351 10700 0.0117163 0.100449 27.9998 139.176 -13 5699 1 0 1
24.4393 -12.7382 10700 -0.208208 0.770356 27.9886 139.376 -13 5700 1 0 1
29.6937 -23.5835 10700 -0.307241 1.9377 27.9312 139.53 -13 5701 1 0 1
-28.1849 -9.60985 10700 0.122121 0.526794 27.9948 139.091 -13 5702 1 0 1
29.5517 -14.4126 10700 -0.23135 0.970551 27.9822 139.43 -13 5703 1 0 1
63.4418 -6.67451 10700 -0.441607 0.595889 27.9902 139.583 -13 5704 1 0 1
-16.0587 -9.87354 10700 0.0500267 0.484335 27.9958 139.157 -13 5705 1 0 1
12.0156 -1.26151 10700 -0.117946 0.0340298 27.9997 139.288 -13 5706 1 0 1
-57.7485 -2.88699 10700 0.300229 0.1831 27.9978 138.925 -13 5707 1 0 1
-2.82468 4.14454 10700 -0.0432391 -0.28934 27.9985 139.204 -13 5708 1 0 1
15.0071 -9.28178 10700 -0.140036 0.419159 27.9965 139.314 -13 5709 1 0 1
57.5504 -13.6502 10700 -0.435841 1.02384 27.9779 139.579 -13 5710 1 0 1
-12.7585 5.23559 10700 0.032178 -0.32845 27.9981 139.17 -13 5711 1 0 1
-16.6615 -5.20817 10700 0.049826 0.188083 27.9993 139.144 -13 5712 1 0 1
34.1469 3.52753 10700 -0.252992 -0.181418 27.9983 139.403 -13 5713 1 0 1
-1.94451 15.5047 10700 -0.04243 -0.988079 27.9825 139.254 -13 5714 1 0 1
20.9357 -17.1184 10700 -0.203069 1.35049 27.9667 139.398 -13 5715 1 0 1
1.07592 3.02706 10700 -0.0640809 -0.145374 27.9995 139.224 -13 5716 1 0 1
-7.65376 -5.22447 10700 -0.00611509 0.321433 27.9982 139.189 -13 5717 1 0 1
-10.4065 -17.3589 10700 0.00683802 1.19331 27.9746 139.22 -13 5718 1 0 1
-35.7544 -3.72291 10700 0.166455 0.230153 27.9986 139.044 -13 5719 1 0 1
-19.0201 -8.81925 10700 0.0549789 0.58992 27.9937 139.132 -13 5720 1 0 1
12.2801 -5.65352 10700 -0.109144 0.340272 27.9977 139.307 -13 5721 1 0 1
52.1676 -16.8729 10700 -0.419014 1.27488 27.9678 139.577 -13 5722 1 0 1
29.3818 -1.0736 10700 -0.227393 0.0982197 27.9989 139.372 -13 5723 1 0 1
-32.8406 1.66609 10700 0.128967 -0.0651734 27.9996 139.039 -13 5724 1 0 1
14.4639 4.2987 10700 -0.131562 -0.367276 27.9973 139.307 -13 5725 1 0 1
44.1611 -4.41499 10700 -0.309685 0.262812 27.9971 139.466 -13 5726 1 0 1
4.64846 6.13273 10700 -0.0732763 -0.36073 27.9976 139.259 -13 5727 1 0 1
66.9205 -4.21391 10700 -0.452332 0.344537 27.9942 139.596 -13 5728 1 0 1
-35.0163 12.2975 10700 0.160811 -0.815543 27.9877 139.059 -13 5729 1 0 1
-38.2552 -6.7981 10700 0.174708 0.353607 27.9972 139.027 -13 5730 1 0 1
10.0162 -8.36378 10700 -0.109783 0.546411 27.9945 139.29 -13 5731 1 0 1
9.42428 -3.72446 10700 -0.1089 0.287757 27.9983 139.273 -13 5732 1 0 1
-26.4577 -17.2686 10700 0.124232 1.25026 27.9718 139.143 -13 5733 1 0 1
9.26147 -3.93376 10700 -0.0949957 0.309072 27.9981 139.285 -13 5734 1 0 1
-21.7414 -9.78373 10700 0.0775278 0.564092 27.9942 139.122 -13 5735 1 0 1
-13.7209 1.36207 10700 0.0204961 0.00892821 28 139.144 -13 5736 1 0 1
32.4457 0.687292 10700 -0.23674 0.000125923 27.999 139.397 -13 5737 1 0 1
2.59536 14.9691 10700 -0.0687637 -0.960192 27.9834 139.278 -13 5738 1 0 1
25.0166 7.14824 10700 -0.192712 -0.419026 27.9962 139.369 -13 5739 1 0 1
-13.5346 18.3328 10700 0.0339764 -1.30381 27.9696 139.216 -13 5740 1 0 1
-6.64786 -6.22404 10700 -0.0182254 0.379276 27.9974 139.188 -13 5741 1 0 1
8.60846 -0.390862 10700 -0.111298 0.0171643 27.9998 139.257 -13 5742 1 0 1
-27.183 -10.4454 10700 0.11985 0.679662 27.9915 139.105 -13 5743 1 0 1
-14.1276 -12.9108 10700 0.0264145 0.808149 27.9883 139.169 -13 5744 1 0 1
-7.76573 15.5314 10700 -0.0214653 -1.01582 27.9816 139.207 -13 5745 1 0 1
5.56399 -4.33888 10700 -0.0865908 0.300638 27.9983 139.253 -13 5746 1 0 1
-21.6126 2.95156 10700 0.0791738 -0.140656 27.9995 139.115 -13 5747 1 0 1
-19.2398 -0.563468 10700 0.0630477 0.0414207 27.9999 139.125 -13 5748 1 0 1
4.59766 -0.607023 10700 -0.0748736 0.0719502 27.9998 139.25 -13 5749 1 0 1
10.6374 2.45924 10700 -0.11009 -0.14047 27.9994 139.283 -13 5750 1 0 1
-24.834 8.35526 10700 0.0879676 -0.513767 27.9951 139.094 -13 5751 1 0 1
29.5005 -10.4823 10700 -0.223119 0.73116 27.9896 139.409 -13 5752 1 0 1
-29.2884 0.536309 10700 0.119848 0.0633959 27.9997 139.069 -13 5753 1 0 1
62.4957 -4.70151 10700 -0.426893 0.298669 27.9952 139.568 -13 5754 1 0 1
0.410688 -6.72964 10700 -0.0457103 0.318422 27.9982 139.241 -13 5755 1 0 1
-44.3114 -1.46955 10700 0.217546 0.109688 27.9989 138.997 -13 5756 1 0 1
36.851 -3.18067 10700 -0.269194 0.190987 27.9981 139.418 -13 5757 1 0 1
-3.69007 0.762972 10700 -0.0234344 -0.0656324 27.9999 139.211 -13 5758 1 0 1
-11.0619 -2.5429 10700 0.00722593 0.187941 27.9994 139.161 -13 5759 1 0 1
-4.24491 -1.52078 10700 -0.0315769 0.0668326 27.9999 139.197 -13 5760 1 0 1
36.6555 2.80952 10700 -0.261138 -0.219884 27.9979 139.424 -13 5761 1 0 1
35.4465 -0.227649 10700 -0.25292 0.0577995 27.9988 139.415 -13 5762 1 0 1
28.1115 -15.7331 10700 -0.226451 1.04186 27.9797 139.429 -13 5763 1 0 1
6.79065 -4.01299 10700 -0.0901017 0.271161 27.9985 139.263 -13 5764 1 0 1
6.44649 4.09043 10700 -0.0871504 -0.284816 27.9984 139.262 -13 5765 1 0 1
4.34989 1.59295 10700 -0.077961 -0.088234 27.9998 139.245 -13 5766 1 0 1
27.6571 7.28396 10700 -0.205818 -0.430227 27.9959 139.386 -13 5767 1 0 1
28.1703 -3.60421 10700 -0.207291 0.219372 27.9984 139.382 -13 5768 1 0 1
-27.4253 -0.973451 10700 0.106218 0.08233 27.9997 139.076 -13 5769 1 0 1
3.66951 1.05532 10700 -0.0637958 -0.0621498 27.9999 139.252 -13 5770 1 0 1
-0.370701 1.17095 10700 -0.0552107 -0.123073 27.9997 139.216 -13 5771 1 0 1
-20.0344 2.87508 10700 0.0663336 -0.197233 27.9992 139.12 -13 5772 1 0 1
37.8652 -5.7775 10700 -0.280952 0.321294 27.9967 139.425 -13 5773 1 0 1
34.7552 2.52029 10700 -0.247311 -0.18005 27.9983 139.416 -13 5774 1 0 1
24.6054 5.11085 10700 -0.192104 -0.320856 27.9975 139.361 -13 5775 1 0 1
28.913 5.87773 10700 -0.216623 -0.364844 27.9968 139.385 -13 5776 1 0 1
0.390534 0.291725 10700 -0.0428203 -0.0978399 27.9998 139.237 -13 5777 1 0 1
-3.57254 2.32748 10700 -0.0231039 -0.155946 27.9996 139.214 -13 5778 1 0 1
6.53829 1.09046 10700 -0.0874197 0.0466683 27.9998 139.259 -13 5779 1 0 1
9.17827 -6.46008 10700 -0.105129 0.426914 27.9965 139.278 -13 5780 1 0 1
-26.8947 -11.7238 10700 0.122759 0.733964 27.9901 139.113 -13 5781 1 0 1
-16.991 7.0127 10700 0.047993 -0.394124 27.9972 139.14 -13 5782 1 0 1
14.765 6.45687 10700 -0.139101 -0.463524 27.9958 139.307 -13 5783 1 0 1
-23.2791 10.0685 10700 0.0802274 -0.615763 27.9931 139.11 -13 5784 1 0 1
6.56858 14.0928 10700 -0.0986142 -0.899735 27.9854 139.288 -13 5785 1 0 1
43.701 6.04218 10700 -0.30286 -0.471405 27.9944 139.475 -13 5786 1 0 1
47.2063 -8.24333 10700 -0.337787 0.581236 27.9919 139.492 -13 5787 1 0 1
21.5572 6.47071 10700 -0.169672 -0.469422 27.9956 139.354 -13 5788 1 0 1
59.5427 -13.4479 10700 -0.442657 1.15471 27.9727 139.609 -13 5789 1 0 1
6.2456 14.5965 10700 -0.105302 -0.904785 27.9852 139.28 -13 5790 1 0 1
13.0999 -12.6886 10700 -0.132258 0.892727 27.9855 139.325 -13 5791 1 0 1
11.3286 -6.78532 10700 -0.10943 0.350084 27.9976 139.298 -13 5792 1 0 1
14.2489 -0.920589 10700 -0.15306 0.0725133 27.9995 139.278 -13 5793 1 0 1
-4.18307 5.1564 10700 -0.0178271 -0.315846 27.9982 139.216 -13 5794 1 0 1
-23.6175 5.99891 10700 0.103307 -0.293223 27.9983 139.121 -13 5795 1 0 1
27.0469 -2.2232 10700 -0.210217 0.151987 27.9988 139.364 -13 5796 1 0 1
19.2293 11.4901 10700 -0.154551 -0.743491 27.9897 139.365 -13 5797 1 0 1
-79.1399 9.29171 10700 0.488475 -0.797072 27.9844 138.844 -13 5798 1 0 1
11.095 -6.91849 10700 -0.118995 0.405369 27.9968 139.286 -13 5799 1 0 1
34.3802 -9.47856 10700 -0.252551 0.673099 27.9908 139.433 -13 5800 1 0 1
12.4677 -7.23052 10700 -0.129789 0.489443 27.9954 139.293 -13 5801 1 0 1
-26.1638 9.96503 10700 0.110605 -0.681383 27.9915 139.107 -13 5802 1 0 1
27.4589 -4.51409 10700 -0.204712 0.273515 27.9979 139.379 -13 5803 1 0 1
36.4985 -4.11896 10700 -0.260737 0.231291 27.9978 139.424 -13 5804 1 0 1
4.34563 12.9958 10700 -0.0743763 -0.830486 27.9876 139.282 -13 5805 1 0 1
-13.3944 12.0635 10700 0.0358478 -0.779793 27.9891 139.184 -13 5806 1 0 1
32.3923 -5.01837 10700 -0.246564 0.279429 27.9975 139.393 -13 5807 1 0 1
19.397 -2.67013 10700 -0.172587 0.200941 27.9987 139.317 -13 5808 1 0 1
-8.40938 -17.5801 10700 0.00548846 1.1286 27.9772 139.236 -13 5809 1 0 1
-3.59107 -9.17221 10700 -0.0388927 0.513397 27.9953 139.208 -13 5810 1 0 1
-25.3877 0.634942 10700 0.0922238 0.0371739 27.9998 139.086 -13 5811 1 0 1
57.8187 -16.7553 10700 -0.475152 1.37172 27.9623 139.613 -13 5812 1 0 1
26.2795 8.70439 10700 -0.212698 -0.609632 27.9926 139.375 -13 5813 1 0 1
-18.2071 -3.60029 10700 0.0673046 0.314275 27.9982 139.142 -13 5814 1 0 1
3.67973 -9.29829 10700 -0.0776485 0.556159 27.9944 139.253 -13 5815 1 0 1
-11.1223 -1.41 10700 0.00992704 0.0691071 27.9999 139.162 -13 5816 1 0 1
-6.96236 -9.39925 10700 -0.00135854 0.550066 27.9946 139.209 -13 5817 1 0 1
-49.2674 -9.38549 10700 0.259501 0.64091 27.9915 138.988 -13 5818 1 0 1
-9.4878 -4.44547 10700 0.00522776 0.352084 27.9978 139.178 -13 5819 1 0 1
-3.17398 18.0903 10700 -0.0361702 -1.2415 27.9724 139.269 -13 5820 1 0 1
56.3553 -11.9606 10700 -0.402002 0.997252 27.9793 139.584 -13 5821 1 0 1
19.9447 -13.1264 10700 -0.173717 0.914666 27.9845 139.366 -13 5822 1 0 1
15.5411 15.7406 10700 -0.158494 -0.948229 27.9835 139.342 -13 5823 1 0 1
21.0966 -8.99384 10700 -0.188134 0.549301 27.994 139.337 -13 5824 1 0 1
1.06237 -16.6368 10700 -0.068882 1.09665 27.9784 139.271 -13 5825 1 0 1
-14.6361 11.2921 10700 0.0409913 -0.68172 27.9917 139.173 -13 5826 1 0 1
47.3988 -15.9753 10700 -0.361799 1.18863 27.9724 139.551 -13 5827 1 0 1
-28.8202 -8.42267 10700 0.124555 0.53899 27.9945 139.086 -13 5828 1 0 1
17.8585 10.6197 10700 -0.148267 -0.738114 27.9899 139.352 -13 5829 1 0 1
31.6649 -7.64698 10700 -0.236145 0.473124 27.995 139.403 -13 5830 1 0 1
-3.99827 4.74987 10700 -0.0395257 -0.242599 27.9989 139.195 -13 5831 1 0 1
-42.2573 1.65041 10700 0.201439 -0.150165 27.9989 139.005 -13 5832 1 0 1
-17.6568 10.1059 10700 0.0603691 -0.570174 27.9941 139.152 -13 5833 1 0 1
-11.7304 1.48223 10700 0.00939431 -0.115411 27.9998 139.155 -13 5834 1 0 1
16.1075 -0.533651 10700 -0.142684 -0.0555906 27.9996 139.309 -13 5835 1 0 1
-24.8379 13.0122 10700 0.0962145 -0.845026 27.9871 139.115 -13 5836 1 0 1
-19.2009 -9.65822 10700 0.0669205 0.634629 27.9927 139.143 -13 5837 1 0 1
46.147 -5.08269 10700 -0.319042 0.328978 27.9962 139.482 -13 5838 1 0 1
32.6833 -10.4857 10700 -0.259552 0.683588 27.9905 139.41 -13 5839 1 0 1
2.99177 -9.15094 10700 -0.0629167 0.576954 27.994 139.261 -13 5840 1 0 1
19.539 0.896805 10700 -0.155979 -0.105787 27.9994 139.335 -13 5841 1 0 1
-4.42224 -17.6577 10700 -0.0351996 1.20033 27.9742 139.251 -13 5842 1 0 1
9.61266 -4.88393 10700 -0.106543 0.321569 27.998 139.279 -13 5843 1 0 1
-11.4481 3.53816 10700 0.0140529 -0.301233 27.9984 139.165 -13 5844 1 0 1
-22.9943 -7.81456 10700 0.0948764 0.506502 27.9953 139.121 -13 5845 1 0 1
-10.7835 0.986459 10700 0.0105055 -0.00615036 28 139.166 -13 5846 1 0 1
-36.7481 9.90476 10700 0.184212 -0.63035 27.9923 139.06 -13 5847 1 0 1
-8.23961 11.5278 10700 -0.000629304 -0.828272 27.9877 139.207 -13 5848 1 0 1
49.5564 -7.56175 10700 -0.348195 0.515508 27.9931 139.504 -13 5849 1 0 1
-18.8854 6.55188 10700 0.0657372 -0.431722 27.9966 139.136 -13 5850 1 0 1
33.3104 1.09171 10700 -0.244455 -0.081888 27.9988 139.399 -13 5851 1 0 1
-29.7599 -6.0721 10700 0.130204 0.315985 27.9979 139.077 -13 5852 1 0 1
-13.5256 -5.36194 10700 0.0381137 0.296416 27.9984 139.168 -13 5853 1 0 1
13.8925 -12.0683 10700 -0.146304 0.78129 27.9887 139.314 -13 5854 1 0 1
-63.8685 12.5937 10700 0.361377 -0.883966 27.9837 138.914 -13 5855 1 0 1
53.5627 9.82965 10700 -0.366877 -0.611311 27.9909 139.548 -13 5856 1 0 1
-26.3192 -4.06086 10700 0.106411 0.28474 27.9983 139.091 -13 5857 1 0 1
-41.0677 -9.87937 10700 0.189953 0.614121 27.9926 139.016 -13 5858 1 0 1
-6.12395 11.2741 10700 -0.0161092 -0.68486 27.9916 139.212 -13 5859 1 0 1
0.111999 3.01482 10700 -0.0472244 -0.135289 27.9996 139.23 -13 5860 1 0 1
7.59796 1.67307 10700 -0.0924913 -0.094027 27.9997 139.266 -13 5861 1 0 1
36.6608 -7.32773 10700 -0.263899 0.440651 27.9953 139.432 -13 5862 1 0 1
-30.0854 4.06982 10700 0.138958 -0.268561 27.9984 139.081 -13 5863 1 0 1
13.608 7.09062 10700 -0.127333 -0.447371 27.9961 139.307 -13 5864 1 0 1
31.8473 8.14201 10700 -0.242969 -0.550005 27.9935 139.404 -13 5865 1 0 1
-2.57368 -2.42869 10700 -0.0313572 0.20684 27.9992 139.217 -13 5866 1 0 1
31.526 1.22658 10700 -0.23293 -0.0335285 27.999 139.39 -13 5867 1 0 1
49.6506 1.26884 10700 -0.349985 -0.127275 27.9975 139.484 -13 5868 1 0 1
19.4953 -0.0847081 10700 -0.158394 -0.0510296 27.9995 139.331 -13 5869 1 0 1
38.318 2.78061 10700 -0.274788 -0.183169 27.9981 139.429 -13 5870 1 0 1
-56.0791 -1.22646 10700 0.28677 0.0860074 27.9984 138.931 -13 5871 1 0 1
-25.3218 7.00438 10700 0.10445 -0.371218 27.9973 139.102 -13 5872 1 0 1
-30.1107 0.244585 10700 0.131611 0.0237289 27.9997 139.071 -13 5873 1 0 1
26.7755 -10.6279 10700 -0.213275 0.758608 27.9889 139.39 -13 5874 1 0 1
-32.1062 8.66628 10700 0.139206 -0.499375 27.9952 139.062 -13 5875 1 0 1
-1.7537 5.318 10700 -0.0363098 -0.350104 27.9978 139.223 -13 5876 1 0 1
5.0791 5.82993 10700 -0.0856333 -0.369832 27.9974 139.25 -13 5877 1 0 1
-1.28251 4.29137 10700 -0.0508335 -0.275363 27.9986 139.213 -13 5878 1 0 1
63.4193 -8.78676 10700 -0.449105 0.733362 27.9868 139.59 -13 5879 1 0 1
-0.101071 -5.52063 10700 -0.0444297 0.34136 27.9979 139.234 -13 5880 1 0 1
-45.9534 -0.866203 10700 0.230165 -0.00252614 27.9991 138.99 -13 5881 1 0 1
13.8317 6.82834 10700 -0.132604 -0.460231 27.9959 139.304 -13 5882 1 0 1
15.6557 -3.74492 10700 -0.139563 0.253072 27.9985 139.311 -13 5883 1 0 1
13.4774 -4.84156 10700 -0.131671 0.316232 27.9979 139.296 -13 5884 1 0 1
34.9246 -27.2854 10700 -0.436185 2.5347 27.8816 139.669 -13 5885 1 0 1
50.6797 -11.2132 10700 -0.362738 0.807499 27.986 139.532 -13 5886 1 0 1
-40.7133 4.32988 10700 0.188518 -0.275524 27.998 139.011 -13 5887 1 0 1
20.8347 -6.74564 10700 -0.163893 0.419845 27.9964 139.349 -13 5888 1 0 1
-7.43951 -5.41563 10700 -0.0160025 0.331916 27.998 139.181 -13 5889 1 0 1
-12.8505 -7.14963 10700 0.0196107 0.472584 27.996 139.159 -13 5890 1 0 1
13.7173 2.4342 10700 -0.136297 -0.170878 27.9991 139.29 -13 5891 1 0 1
24.0328 -17.8544 10700 -0.235048 1.27861 27.9698 139.406 -13 5892 1 0 1
5.24356 11.7106 10700 -0.0898942 -0.715628 27.9907 139.268 -13 5893 1 0 1
42.8162 -5.40429 10700 -0.311132 0.378832 27.9957 139.451 -13 5894 1 0 1
9.81712 -3.61284 10700 -0.103305 0.292049 27.9983 139.283 -13 5895 1 0 1
-10.8213 -3.54616 10700 0.0104759 0.260784 27.9988 139.169 -13 5896 1 0 1
0.859063 -0.959405 10700 -0.0493178 0.0325936 27.9999 139.235 -13 5897 1 0 1
5.71452 -17.0202 10700 -0.0966703 1.09032 27.9786 139.299 -13 5898 1 0 1
20.8907 -13.337 10700 -0.171954 0.850609 27.9865 139.376 -13 5899 1 0 1
-17.6115 19.2736 10700 0.0618951 -1.34504 27.9676 139.198 -13 5900 1 0 1
5.45206 0.434233 10700 -0.0877638 -0.0891132 27.9997 139.247 -13 5901 1 0 1
30.2644 -7.9349 10700 -0.226473 0.519087 27.9943 139.399 -13 5902 1 0 1
9.19294 8.95456 10700 -0.101193 -0.720688 27.9905 139.296 -13 5903 1 0 1
12.2105 3.10201 10700 -0.11622 -0.140251 27.9994 139.295 -13 5904 1 0 1
-14.8948 13.1835 10700 0.0366992 -0.813578 27.9882 139.171 -13 5905 1 0 1
24.6962 0.430969 10700 -0.196515 -0.0194737 27.9993 139.35 -13 5906 1 0 1
32.7096 8.41024 10700 -0.237161 -0.626416 27.992 139.426 -13 5907 1 0 1
-47.6162 1.93262 10700 0.237704 -0.0363332 27.999 138.979 -13 5908 1 0 1
-32.8461 4.73402 10700 0.145501 -0.392811 27.9969 139.056 -13 5909 1 0 1
-42.5191 1.23892 10700 0.20326 -0.0571593 27.9992 139.004 -13 5910 1 0 1
61.3416 -8.46619 10700 -0.424697 0.638704 27.9895 139.582 -13 5911 1 0 1
-65.0351 9.94155 10700 0.374872 -0.634648 27.9903 138.912 -13 5912 1 0 1
10.8969 1.31953 10700 -0.104414 -0.170253 27.9993 139.292 -13 5913 1 0 1
-25.7302 8.28792 10700 0.114204 -0.51029 27.9951 139.11 -13 5914 1 0 1
0.905238 6.18445 10700 -0.0571244 -0.359247 27.9976 139.233 -13 5915 1 0 1
76.1223 -7.92893 10700 -0.53385 0.639466 27.9876 139.654 -13 5916 1 0 1
-11.0062 2.58485 10700 0.00861998 -0.105606 27.9998 139.163 -13 5917 1 0 1
-7.27857 5.38915 10700 -0.00537423 -0.333338 27.998 139.194 -13 5918 1 0 1
68.69 -7.40751 10700 -0.488364 0.713501 27.9866 139.61 -13 5919 1 0 1
36.4457 -6.93277 10700 -0.268121 0.482412 27.9946 139.426 -13 5920 1 0 1
30.8664 0.939541 10700 -0.220815 -0.00143015 27.9991 139.395 -13 5921 1 0 1
-33.4792 8.45042 10700 0.138827 -0.511136 27.995 139.046 -13 5922 1 0 1
15.3096 -5.07862 10700 -0.119148 0.292803 27.9982 139.331 -13 5923 1 0 1
-25.4942 -10.101 10700 0.116952 0.680067 27.9915 139.12 -13 5924 1 0 1
26.0177 -5.1692 10700 -0.195577 0.382195 27.9967 139.373 -13 5925 1 0 1
-23.7725 -11.7298 10700 0.0970636 0.659431 27.9921 139.124 -13 5926 1 0 1
-33.13 16.17 10700 0.166662 -1.07281 27.9789 139.096 -13 5927 1 0 1
36.3977 -0.786869 10700 -0.257709 0.0503775 27.9988 139.421 -13 5928 1 0 1
18.2999 14.4394 10700 -0.180283 -1.08982 27.9782 139.355 -13 5929 1 0 1
14.1554 -13.4779 10700 -0.130958 0.937678 27.984 139.343 -13 5930 1 0 1
-11.0003 0.922616 10700 0.00520285 0.00286527 28 139.159 -13 5931 1 0 1
27.341 1.97781 10700 -0.214373 -0.049715 27.9991 139.362 -13 5932 1 0 1
12.3982 12.3145 10700 -0.130369 -0.829911 27.9874 139.315 -13 5933 1 0 1
-4.5408 7.40465 10700 -0.015636 -0.535647 27.9949 139.222 -13 5934 1 0 1
11.0777 -9.64792 10700 -0.121907 0.674401 27.9916 139.296 -13 5935 1 0 1
30.7731 -11.794 10700 -0.235027 0.801211 27.9875 139.421 -13 5936 1 0 1
-9.32667 -5.31619 10700 -0.00357991 0.372766 27.9975 139.172 -13 5937 1 0 1
-40.9059 5.4353 10700 0.207644 -0.398838 27.9964 139.027 -13 5938 1 0 1
12.6876 8.94473 10700 -0.118155 -0.480199 27.9956 139.31 -13 5939 1 0 1
42.0018 -12.6406 10700 -0.328187 0.942103 27.9822 139.477 -13 5940 1 0 1
42.0586 -16.9198 10700 -0.33034 1.19392 27.9726 139.52 -13 5941 1 0 1
23.9898 1.10607 10700 -0.196695 -0.0841191 27.9992 139.342 -13 5942 1 0 1
54.157 -12.6854 10700 -0.398904 0.973826 27.9802 139.561 -13 5943 1 0 1
-17.8953 10.6767 10700 0.0690375 -0.636763 27.9927 139.163 -13 5944 1 0 1
-67.1978 14.4251 10700 0.391543 -1.11722 27.975 138.899 -13 5945 1 0 1
72.9331 -6.8927 10700 -0.512607 0.672365 27.9872 139.634 -13 5946 1 0 1
-25.0069 -8.43645 10700 0.107583 0.522741 27.9949 139.111 -13 5947 1 0 1
26.0882 -6.6097 10700 -0.207096 0.526092 27.9943 139.371 -13 5948 1 0 1
52.6789 4.67588 10700 -0.373308 -0.439876 27.9941 139.507 -13 5949 1 0 1
25.9832 -7.31756 10700 -0.201862 0.382143 27.9967 139.37 -13 5950 1 0 1
-14.9471 28.9806 10700 0.0655291 -2.33983 27.902 139.331 -13 5951 1 0 1
28.473 9.01671 10700 -0.214957 -0.609849 27.9925 139.399 -13 5952 1 0 1
4.47189 -0.390557 10700 -0.0785275 0.0257906 27.9999 139.245 -13 5953 1 0 1
30.3645 -13.4367 10700 -0.245079 0.901558 27.9844 139.419 -13 5954 1 0 1
-19.3261 11.4221 10700 0.0628203 -0.72028 27.9907 139.14 -13 5955 1 0 1
9.53715 11.5745 10700 -0.100377 -0.738566 27.9901 139.308 -13 5956 1 0 1
-23.4772 -4.96649 10700 0.0971384 0.235259 27.9988 139.114 -13 5957 1 0 1
23.7353 -5.6636 10700 -0.180421 0.348418 27.9973 139.363 -13 5958 1 0 1
-69.7464 12.2686 10700 0.413733 -0.855497 27.9839 138.89 -13 5959 1 0 1
1.32975 -7.1571 10700 -0.0596531 0.489418 27.9957 139.239 -13 5960 1 0 1
10.1618 -4.45674 10700 -0.103614 0.25091 27.9987 139.287 -13 5961 1 0 1
29.8475 -2.16445 10700 -0.234666 0.130247 27.9987 139.371 -13 5962 1 0 1
-63.5327 15.1989 10700 0.383806 -1.22699 27.9705 138.937 -13 5963 1 0 1
-64.6213 19.4894 10700 0.431543 -1.6463 27.9482 138.956 -13 5964 1 0 1
18.608 -16.5077 10700 -0.179551 1.21556 27.973 139.379 -13 5965 1 0 1
36.2187 -8.45479 10700 -0.266403 0.554204 27.9932 139.432 -13 5966 1 0 1
0.300461 -9.29838 10700 -0.0627668 0.608082 27.9933 139.233 -13 5967 1 0 1
25.461 -7.21863 10700 -0.20187 0.379348 27.9967 139.364 -13 5968 1 0 1
-38.8394 14.4304 10700 0.189874 -1.03725 27.9801 139.049 -13 5969 1 0 1
-5.90324 13.9171 10700 -0.0138592 -0.896028 27.9857 139.229 -13 5970 1 0 1
-1.72244 3.60079 10700 -0.0388707 -0.244477 27.9989 139.22 -13 5971 1 0 1
-33.6931 4.96836 10700 0.157241 -0.274331 27.9982 139.06 -13 5972 1 0 1
-18.5812 8.96676 10700 0.0519774 -0.492626 27.9956 139.129 -13 5973 1 0 1
7.65596 -12.971 10700 -0.101194 0.864691 27.9865 139.293 -13 5974 1 0 1
5.64682 0.975813 10700 -0.0770288 -0.0530971 27.9998 139.26 -13 5975 1 0 1
39.2402 -20.0715 10700 -0.347045 1.62856 27.9504 139.546 -13 5976 1 0 1
29.1225 4.6005 10700 -0.22459 -0.290599 27.9976 139.377 -13 5977 1 0 1
-15.7066 8.56363 10700 0.0390312 -0.529486 27.995 139.15 -13 5978 1 0 1
-24.6005 2.92611 10700 0.0923264 -0.168188 27.9993 139.095 -13 5979 1 0 1
-6.42695 4.97869 10700 -0.0141693 -0.341993 27.9979 139.193 -13 5980 1 0 1
-21.2286 6.34761 10700 0.0787797 -0.403924 27.997 139.122 -13 5981 1 0 1
-12.9545 11.0558 10700 0.0213643 -0.805316 27.9884 139.173 -13 5982 1 0 1
-4.5911 12.8436 10700 -0.0235954 -0.731981 27.9904 139.227 -13 5983 1 0 1
-35.9903 8.21611 10700 0.162601 -0.52606 27.9946 139.042 -13 5984 1 0 1
-15.2546 -3.84959 10700 0.040756 0.287891 27.9985 139.15 -13 5985 1 0 1
4.27418 -2.82581 10700 -0.0712056 0.164007 27.9994 139.252 -13 5986 1 0 1
5.81924 3.51821 10700 -0.0817398 -0.136021 27.9996 139.259 -13 5987 1 0 1
25.9265 -6.46366 10700 -0.199919 0.413329 27.9962 139.37 -13 5988 1 0 1
1.67386 -1.90034 10700 -0.0697307 0.214444 27.9991 139.225 -13 5989 1 0 1
-3.83449 16.7939 10700 -0.0327948 -1.17292 27.9754 139.255 -13 5990 1 0 1
68.7839 -6.64307 10700 -0.471485 0.515197 27.9913 139.612 -13 5991 1 0 1
8.61981 5.90119 10700 -0.111135 -0.34168 27.9977 139.264 -13 5992 1 0 1
50.6881 -12.4251 10700 -0.379137 0.933621 27.9819 139.532 -13 5993 1 0 1
43.0698 -5.91201 10700 -0.308797 0.425481 27.9951 139.458 -13 5994 1 0 1
7.80378 6.34255 10700 -0.101582 -0.312438 27.9981 139.266 -13 5995 1 0 1
-21.9637 2.51118 10700 0.0822798 -0.125799 27.9996 139.114 -13 5996 1 0 1
-5.8738 -3.00611 10700 -0.0161737 0.20953 27.9992 139.196 -13 5997 1 0 1
9.13298 0.912284 10700 -0.0960246 -0.0621279 27.9998 139.279 -13 5998 1 0 1
24.0387 4.12689 10700 -0.184625 -0.197037 27.9987 139.359 -13 5999 1 0 1
12.3226 3.86248 10700 -0.123338 -0.13081 27.9994 139.289 -13 6000 1 0 1
13.1845 8.50155 10700 -0.123299 -0.51885 27.9949 139.311 -13 6001 1 0 1
-16.3094 -15.9739 10700 0.060069 0.917713 27.9849 139.186 -13 6002 1 0 1
5.51732 -1.6931 10700 -0.0900187 0.107457 27.9996 139.246 -13 6003 1 0 1
-34.1714 6.8524 10700 0.163861 -0.420736 27.9964 139.061 -13 6004 1 0 1
25.2635 -3.68223 10700 -0.195114 0.211628 27.9985 139.362 -13 6005 1 0 1
14.0039 -14.7419 10700 -0.137275 0.94954 27.9836 139.341 -13 6006 1 0 1
49.132 12.537 10700 -0.364453 -1.04151 27.9782 139.538 -13 6007 1 0 1
56.5034 -3.13362 10700 -0.386849 0.387746 27.9946 139.535 -13 6008 1 0 1
15.448 -3.61614 10700 -0.148153 0.262451 27.9984 139.3 -13 6009 1 0 1
7.69546 -0.0287844 10700 -0.0878927 0.0173537 27.9999 139.271 -13 6010 1 0 1
48.8126 -1.39627 10700 -0.325959 0.189666 27.9975 139.5 -13 6011 1 0 1
64.5553 -4.20848 10700 -0.444283 0.341203 27.9944 139.575 -13 6012 1 0 1
16.4924 -4.57368 10700 -0.139995 0.176992 27.9991 139.32 -13 6013 1 0 1
28.008 -1.03581 10700 -0.215381 0.0718432 27.9991 139.368 -13 6014 1 0 1
-3.43158 5.10371 10700 -0.0255371 -0.245367 27.9989 139.216 -13 6015 1 0 1
40.4494 -10.8032 10700 -0.3026 0.839878 27.9858 139.468 -13 6016 1 0 1
10.8505 -3.35707 10700 -0.10935 0.260046 27.9986 139.288 -13 6017 1 0 1
25.8898 2.83184 10700 -0.200166 -0.154534 27.9989 139.362 -13 6018 1 0 1
-31.8244 15.5143 10700 0.153076 -0.977019 27.9825 139.097 -13 6019 1 0 1
-53.9978 10.9935 10700 0.286301 -0.888109 27.9844 138.959 -13 6020 1 0 1
-72.5741 1.3834 10700 0.411241 0.0267671 27.997 138.857 -13 6021 1 0 1
-10.4668 -9.77765 10700 0.00851207 0.691028 27.9915 139.184 -13 6022 1 0 1
-2.81791 3.31977 10700 -0.0375148 -0.210072 27.9992 139.208 -13 6023 1 0 1
1.14416 6.3195 10700 -0.062417 -0.36689 27.9975 139.23 -13 6024 1 0 1
-8.83191 11.8973 10700 0.00575791 -0.785366 27.989 139.207 -13 6025 1 0 1
13.462 -12.3059 10700 -0.138713 0.876239 27.9859 139.321 -13 6026 1 0 1
-59.9818 0.204508 10700 0.317016 -0.0683937 27.9981 138.914 -13 6027 1 0 1
30.5209 -13.8117 10700 -0.231381 0.894465 27.9848 139.435 -13 6028 1 0 1
20.5838 -13.678 10700 -0.189466 0.935209 27.9837 139.362 -13 6029 1 0 1
0.250297 16.0357 10700 -0.0736428 -0.953662 27.9837 139.249 -13 6030 1 0 1
-9.70793 8.00764 10700 0.00990849 -0.553681 27.9945 139.19 -13 6031 1 0 1
17.1772 -6.85808 10700 -0.153516 0.470216 27.9956 139.32 -13 6032 1 0 1
3.66566 -8.02925 10700 -0.0829354 0.471563 27.9959 139.242 -13 6033 1 0 1
20.046 -18.5819 10700 -0.181142 1.28152 27.9701 139.41 -13 6034 1 0 1
-27.3132 12.6354 10700 0.115835 -0.785356 27.9887 139.104 -13 6035 1 0 1
27.0722 -12.3466 10700 -0.224489 0.834852 27.9867 139.392 -13 6036 1 0 1
12.0211 4.5311 10700 -0.113977 -0.337353 27.9977 139.297 -13 6037 1 0 1
5.72021 -5.34459 10700 -0.0851983 0.302852 27.9982 139.258 -13 6038 1 0 1
-0.37421 -6.84693 10700 -0.0442324 0.360167 27.9976 139.233 -13 6039 1 0 1
-19.8772 -0.659288 10700 0.0730767 -0.0397277 27.9999 139.128 -13 6040 1 0 1
3.59549 -20.025 10700 -0.0797492 1.44878 27.9624 139.324 -13 6041 1 0 1
-15.2644 -9.3866 10700 0.0467647 0.497387 27.9955 139.162 -13 6042 1 0 1
-45.002 9.13923 10700 0.234153 -0.512154 27.9943 139.01 -13 6043 1 0 1
6.44306 14.6382 10700 -0.104181 -0.907868 27.9851 139.283 -13 6044 1 0 1
-4.73178 -9.51333 10700 -0.0224579 0.595091 27.9937 139.216 -13 6045 1 0 1
3.24073 11.9469 10700 -0.0694903 -0.753581 27.9898 139.268 -13 6046 1 0 1
-26.9576 9.12139 10700 0.111652 -0.579589 27.9938 139.097 -13 6047 1 0 1
48.188 6.94854 10700 -0.334762 -0.546397 27.9927 139.503 -13 6048 1 0 1
-22.9499 -13.7234 10700 0.0982435 0.928088 27.9844 139.142 -13 6049 1 0 1
-9.13996 6.92502 10700 -1.50703e-05 -0.484998 27.9958 139.182 -13 6050 1 0 1
-38.4481 15.6014 10700 0.191024 -0.9066 27.9847 139.056 -13 6051 1 0 1
45.4987 5.69944 10700 -0.316229 -0.381926 27.9956 139.478 -13 6052 1 0 1
-14.5668 0.228593 10700 0.0409368 -0.00974182 28 139.154 -13 6053 1 0 1
-33.4437 1.21081 10700 0.146873 -0.0394274 27.9996 139.049 -13 6054 1 0 1
-29.8574 3.40472 10700 0.132922 -0.182148 27.9991 139.077 -13 6055 1 0 1
24.1503 -6.57261 10700 -0.182103 0.407493 27.9964 139.368 -13 6056 1 0 1
-27.7524 8.87514 10700 0.113716 -0.602545 27.9933 139.091 -13 6057 1 0 1
-37.7353 19.181 10700 0.207629 -1.42262 27.9631 139.093 -13 6058 1 0 1
-6.43855 7.92344 10700 -0.00595071 -0.439647 27.9965 139.206 -13 6059 1 0 1
-32.9783 9.0422 10700 0.144565 -0.619067 27.9928 139.062 -13 6060 1 0 1
78.0587 -3.48676 10700 -0.521512 0.436147 27.9917 139.664 -13 6061 1 0 1
21.0407 -1.0808 10700 -0.163126 0.134295 27.9992 139.344 -13 6062 1 0 1
-27.8403 -11.9847 10700 0.132887 0.713778 27.9906 139.112 -13 6063 1 0 1
-27.8965 -10.8203 10700 0.11972 0.70188 27.9909 139.097 -13 6064 1 0 1
3.65273 10.5524 10700 -0.0825759 -0.585595 27.9938 139.251 -13 6065 1 0 1
52.2239 -16.3578 10700 -0.414349 1.29588 27.9669 139.581 -13 6066 1 0 1
34.6355 -3.3371 10700 -0.240393 0.192901 27.9983 139.422 -13 6067 1 0 1
-37.2133 10.2172 10700 0.174587 -0.5452 27.9941 139.042 -13 6068 1 0 1
-2.79844 -6.14841 10700 -0.0340414 0.379237 27.9974 139.215 -13 6069 1 0 1
-20.2561 10.7634 10700 0.0702587 -0.678478 27.9917 139.136 -13 6070 1 0 1
-62.674 5.03734 10700 0.342846 -0.343692 27.9958 138.908 -13 6071 1 0 1
20.5625 -14.0525 10700 -0.175691 0.918867 27.9844 139.375 -13 6072 1 0 1
10.6742 3.04358 10700 -0.106823 -0.175785 27.9992 139.287 -13 6073 1 0 1
7.93723 4.70408 10700 -0.0850323 -0.15004 27.9995 139.281 -13 6074 1 0 1
23.915 -15.295 10700 -0.20315 1.01024 27.981 139.398 -13 6075 1 0 1
28.6963 -14.4608 10700 -0.234192 1.02627 27.9802 139.421 -13 6076 1 0 1
31.7858 5.08615 10700 -0.231754 -0.215677 27.9982 139.401 -13 6077 1 0 1
-22.9775 -6.93806 10700 0.0905831 0.432403 27.9965 139.115 -13 6078 1 0 1
-0.158548 14.964 10700 -0.0445958 -1.06945 27.9795 139.276 -13 6079 1 0 1
-17.6857 6.61905 10700 0.0622012 -0.419457 27.9968 139.146 -13 6080 1 0 1
-0.195315 10.096 10700 -0.0530857 -0.546665 27.9946 139.235 -13 6081 1 0 1
-19.13 14.802 10700 0.0848508 -1.02416 27.9811 139.18 -13 6082 1 0 1
-4.42038 8.47527 10700 -0.0253968 -0.521568 27.9951 139.212 -13 6083 1 0 1
26.6388 -13.6226 10700 -0.20888 0.897698 27.9848 139.411 -13 6084 1 0 1
-35.1992 7.3198 10700 0.161518 -0.550974 27.9941 139.051 -13 6085 1 0 1
8.96537 -20.0606 10700 -0.117324 1.35638 27.9669 139.351 -13 6086 1 0 1
-20.1025 6.56953 10700 0.0719328 -0.380451 27.9973 139.128 -13 6087 1 0 1
16.299 -4.75852 10700 -0.126772 0.328773 27.9978 139.333 -13 6088 1 0 1
24.4073 -3.41869 10700 -0.1925 0.274977 27.998 139.355 -13 6089 1 0 1
-18.8763 -3.79709 10700 0.0613956 0.16723 27.9994 139.129 -13 6090 1 0 1
45.7389 3.33726 10700 -0.319302 -0.243918 27.9971 139.472 -13 6091 1 0 1
0.559003 0.735115 10700 -0.0527998 -0.00464462 27.9999 139.228 -13 6092 1 0 1
-38.7388 10.3904 10700 0.195043 -0.67255 27.9912 139.048 -13 6093 1 0 1
0.513723 0.538061 10700 -0.0499177 0.00083684 28 139.23 -13 6094 1 0 1
-47.9381 2.54773 10700 0.230405 -0.0833059 27.9989 138.969 -13 6095 1 0 1
3.80137 -6.45179 10700 -0.06856 0.401804 27.997 139.254 -13 6096 1 0 1
-28.2532 0.0674394 10700 0.111872 -0.0538466 27.9997 139.072 -13 6097 1 0 1
7.63768 -2.53463 10700 -0.0945903 0.088047 27.9997 139.265 -13 6098 1 0 1
-16.736 0.0697131 10700 0.038593 0.0546031 27.9999 139.129 -13 6099 1 0 1
-21.6809 1.46481 10700 0.0759254 -0.0569485 27.9998 139.11 -13 6100 1 0 1
-4.42986 -20.5171 10700 -0.0183323 1.38352 27.9658 139.286 -13 6101 1 0 1
37.585 -7.21362 10700 -0.280885 0.496732 27.9942 139.428 -13 6102 1 0 1
-8.06188 -6.21977 10700 -0.00607681 0.404151 27.9971 139.185 -13 6103 1 0 1
14.5546 -0.7082 10700 -0.132463 0.0590904 27.9996 139.302 -13 6104 1 0 1
88.7988 -0.623128 10700 -0.590225 -0.0133116 27.9938 139.713 -13 6105 1 0 1
-4.22345 -9.01051 10700 -0.0281655 0.517125 27.9952 139.212 -13 6106 1 0 1
-26.3954 16.3842 10700 0.121733 -1.05042 27.98 139.132 -13 6107 1 0 1
-14.319 -3.86757 10700 0.0356148 0.199837 27.9993 139.154 -13 6108 1 0 1
20.5019 -17.3104 10700 -0.182906 1.1325 27.9765 139.393 -13 6109 1 0 1
-8.87315 -3.96563 10700 -0.000659953 0.258891 27.9988 139.179 -13 6110 1 0 1
43.6008 -12.9071 10700 -0.336006 1.14915 27.9744 139.508 -13 6111 1 0 1
28.3332 -25.0959 10700 -0.309948 1.99735 27.9269 139.535 -13 6112 1 0 1
-9.14246 7.76193 10700 -0.0065313 -0.467275 27.9961 139.175 -13 6113 1 0 1
-16.4368 -1.14907 10700 0.0491773 0.109218 27.9997 139.142 -13 6114 1 0 1
65.8918 -9.58784 10700 -0.470233 0.714651 27.9869 139.604 -13 6115 1 0 1
-16.9062 -0.235705 10700 0.058449 -0.00115603 27.9999 139.146 -13 6116 1 0 1
18.1818 0.397157 10700 -0.157412 -0.145113 27.9992 139.318 -13 6117 1 0 1
-21.8583 3.27388 10700 0.0895323 -0.26076 27.9986 139.124 -13 6118 1 0 1
14.299 -17.6827 10700 -0.153404 1.16169 27.9755 139.353 -13 6119 1 0 1
-11.2508 -1.17815 10700 0.0230389 0.153135 27.9996 139.175 -13 6120 1 0 1
26.3394 -18.3628 10700 -0.231746 1.33677 27.9671 139.443 -13 6121 1 0 1
-36.375 11.565 10700 0.177471 -0.849096 27.9866 139.06 -13 6122 1 0 1
0.0759388 7.96311 10700 -0.0475237 -0.465186 27.9961 139.238 -13 6123 1 0 1
4.21197 14.0344 10700 -0.0879091 -0.981586 27.9827 139.275 -13 6124 1 0 1
10.7566 -10.53 10700 -0.110109 0.711878 27.9907 139.307 -13 6125 1 0 1
-33.5464 -1.8496 10700 0.158979 0.197254 27.9989 139.061 -13 6126 1 0 1
20.3779 -4.29566 10700 -0.176495 0.256477 27.9983 139.327 -13 6127 1 0 1
-1.95408 7.69976 10700 -0.0288153 -0.468804 27.9961 139.234 -13 6128 1 0 1
-17.3267 0.363979 10700 0.0594482 -0.0199986 27.9999 139.142 -13 6129 1 0 1
-10.9344 12.5871 10700 0.0186742 -0.859045 27.9868 139.199 -13 6130 1 0 1
-10.0559 8.14825 10700 0.0134606 -0.441977 27.9965 139.185 -13 6131 1 0 1
17.8024 8.03897 10700 -0.151733 -0.570307 27.9938 139.337 -13 6132 1 0 1
29.9232 -10.8677 10700 -0.231867 0.780713 27.9882 139.409 -13 6133 1 0 1
27.0068 4.65892 10700 -0.213402 -0.272807 27.9979 139.365 -13 6134 1 0 1
51.3673 -3.7447 10700 -0.352742 0.265581 27.9965 139.506 -13 6135 1 0 1
-6.64471 -25.2604 10700 -0.00645354 1.8358 27.9398 139.32 -13 6136 1 0 1
43.5219 -8.29011 10700 -0.315792 0.504223 27.9937 139.466 -13 6137 1 0 1
32.7052 1.85327 10700 -0.236513 -0.102542 27.9988 139.401 -13 6138 1 0 1
19.4927 0.7627 10700 -0.162133 -0.00341083 27.9995 139.327 -13 6139 1 0 1
70.4153 -15.6771 10700 -0.563777 1.37498 27.9605 139.69 -13 6140 1 0 1
56.7225 -9.58707 10700 -0.412226 0.712176 27.9879 139.547 -13 6141 1 0 1
41.8478 -7.9858 10700 -0.307617 0.638038 27.991 139.461 -13 6142 1 0 1
19.1361 -10.3701 10700 -0.166862 0.688617 27.991 139.345 -13 6143 1 0 1
-32.1007 -12.3874 10700 0.164029 0.806225 27.9879 139.095 -13 6144 1 0 1
34.5617 0.833157 10700 -0.241832 -0.0432819 27.9989 139.417 -13 6145 1 0 1
-54.8591 10.1629 10700 0.305494 -0.727621 27.9889 138.966 -13 6146 1 0 1
20.9548 -4.58297 10700 -0.171183 0.285454 27.998 139.339 -13 6147 1 0 1
-23.3716 11.886 10700 0.0936014 -0.693986 27.9912 139.126 -13 6148 1 0 1
-20.7147 5.56226 10700 0.0701013 -0.350931 27.9977 139.118 -13 6149 1 0 1
-57.8989 12.9473 10700 0.32047 -0.849692 27.9853 138.947 -13 6150 1 0 1
-18.2689 -13.5698 10700 0.0546656 0.865515 27.9866 139.152 -13 6151 1 0 1
-76.8467 6.34469 10700 0.460721 -0.527743 27.9912 138.848 -13 6152 1 0 1
30.4894 -6.17265 10700 -0.220784 0.478943 27.995 139.404 -13 6153 1 0 1
-24.8263 2.09334 10700 0.0894429 -0.0855657 27.9997 139.089 -13 6154 1 0 1
55.7382 -5.8076 10700 -0.378968 0.392341 27.9947 139.538 -13 6155 1 0 1
-44.2665 10.5996 10700 0.233631 -0.761841 27.9887 139.021 -13 6156 1 0 1
68.1105 3.94636 10700 -0.458545 -0.298386 27.9947 139.603 -13 6157 1 0 1
44.515 13.7408 10700 -0.325895 -0.98484 27.9808 139.52 -13 6158 1 0 1
6.95976 5.4312 10700 -0.0783225 -0.380526 27.9973 139.279 -13 6159 1 0 1
23.7511 -3.02177 10700 -0.197581 0.271128 27.998 139.342 -13 6160 1 0 1
-2.12504 6.56784 10700 -0.0399045 -0.42039 27.9968 139.218 -13 6161 1 0 1
23.4545 -8.57272 10700 -0.183629 0.528212 27.9944 139.366 -13 6162 1 0 1
-1.35115 17.7844 10700 -0.0435857 -1.29174 27.9702 139.285 -13 6163 1 0 1
59.5958 2.13502 10700 -0.404899 -0.203349 27.9963 139.549 -13 6164 1 0 1
-6.00925 13.6941 10700 -0.0127679 -0.807421 27.9884 139.226 -13 6165 1 0 1
1.98611 8.32142 10700 -0.0538292 -0.587295 27.9938 139.26 -13 6166 1 0 1
-27.6328 3.07368 10700 0.102511 -0.223678 27.9989 139.072 -13 6167 1 0 1
-9.35797 7.53538 10700 0.00278799 -0.471315 27.996 139.182 -13 6168 1 0 1
49.45 8.75129 10700 -0.354841 -0.635195 27.9905 139.508 -13 6169 1 0 1
-9.73283 -8.4687 10700 0.0167964 0.556604 27.9945 139.196 -13 6170 1 0 1
20.5265 -3.8492 10700 -0.177057 0.235394 27.9985 139.327 -13 6171 1 0 1
-10.3459 1.1893 10700 0.0134353 -0.0914989 27.9998 139.174 -13 6172 1 0 1
10.4979 9.34255 10700 -0.111788 -0.600825 27.9933 139.298 -13 6173 1 0 1
20.6175 -2.62551 10700 -0.167838 0.13493 27.9992 139.335 -13 6174 1 0 1
34.7312 -6.21254 10700 -0.241717 0.435391 27.9956 139.429 -13 6175 1 0 1
-27.468 -3.01122 10700 0.109063 0.0734473 27.9997 139.078 -13 6176 1 0 1
-25.1149 7.62581 10700 0.106646 -0.485237 27.9956 139.108 -13 6177 1 0 1
19.5325 -18.2121 10700 -0.187214 1.3642 27.9661 139.402 -13 6178 1 0 1
27.8704 -11.5272 10700 -0.215788 0.750452 27.9891 139.402 -13 6179 1 0 1
-16.6137 -0.516735 10700 0.0514352 0.125472 27.9997 139.143 -13 6180 1 0 1
-7.29143 -4.59062 10700 -0.011216 0.362176 27.9977 139.187 -13 6181 1 0 1
83.8509 0.123875 10700 -0.543326 -0.0285109 27.9947 139.701 -13 6182 1 0 1
-3.70672 -11.6171 10700 -0.0339002 0.668931 27.992 139.223 -13 6183 1 0 1
23.1901 -2.64369 10700 -0.184741 0.0929612 27.9992 139.347 -13 6184 1 0 1
13.0517 10.9514 10700 -0.125503 -0.588036 27.9935 139.315 -13 6185 1 0 1
34.1039 -10.5437 10700 -0.246351 0.704988 27.99 139.44 -13 6186 1 0 1
22.5501 -2.57277 10700 -0.17537 0.075799 27.9993 139.349 -13 6187 1 0 1
7.59193 8.69436 10700 -0.0997321 -0.564739 27.9941 139.274 -13 6188 1 0 1
-16.5333 6.89318 10700 0.053311 -0.469732 27.996 139.151 -13 6189 1 0 1
-3.1772 6.75474 10700 -0.0315782 -0.333623 27.998 139.216 -13 6190 1 0 1
-9.28197 6.62561 10700 0.00124672 -0.392335 27.9973 139.179 -13 6191 1 0 1
48.2354 5.81261 10700 -0.344889 -0.350113 27.9957 139.482 -13 6192 1 0 1
7.50212 1.8209 10700 -0.0941181 -0.147003 27.9995 139.264 -13 6193 1 0 1
31.6607 -24.212 10700 -0.330436 1.93336 27.9312 139.544 -13 6194 1 0 1
-19.3649 0.032543 10700 0.0667334 0.0456506 27.9999 139.127 -13 6195 1 0 1
37.3181 -13.8852 10700 -0.29318 0.948124 27.9824 139.461 -13 6196 1 0 1
31.7617 12.5475 10700 -0.257046 -0.988419 27.9814 139.426 -13 6197 1 0 1
10.1802 -9.19246 10700 -0.111132 0.61533 27.993 139.295 -13 6198 1 0 1
17.0126 13.7376 10700 -0.149625 -0.893301 27.9853 139.358 -13 6199 1 0 1
14.5985 9.44029 10700 -0.129725 -0.59151 27.9935 139.327 -13 6200 1 0 1
36.9015 8.01113 10700 -0.263295 -0.43384 27.9954 139.437 -13 6201 1 0 1
-47.3308 13.6627 10700 0.257464 -1.09896 27.9772 139.014 -13 6202 1 0 1
-46.6354 7.44604 10700 0.243496 -0.536385 27.9938 139 -13 6203 1 0 1
65.1824 -12.5463 10700 -0.474518 1.14012 27.9728 139.644 -13 6204 1 0 1
9.10056 -12.6516 10700 -0.112306 0.914697 27.9848 139.301 -13 6205 1 0 1
10.6314 8.52475 10700 -0.114053 -0.554692 27.9943 139.294 -13 6206 1 0 1
-48.7386 12.4195 10700 0.262591 -0.887651 27.9847 138.999 -13 6207 1 0 1
10.4723 1.64178 10700 -0.109992 -0.049912 27.9997 139.28 -13 6208 1 0 1
-5.14108 5.96462 10700 -0.0157444 -0.256343 27.9988 139.208 -13 6209 1 0 1
-21.8325 9.00266 10700 0.0803001 -0.591931 27.9936 139.125 -13 6210 1 0 1
19.2558 -5.30999 10700 -0.151725 0.310912 27.9979 139.342 -13 6211 1 0 1
-31.3574 3.51405 10700 0.137807 -0.236932 27.9987 139.065 -13 6212 1 0 1
3.9797 -8.74104 10700 -0.0746944 0.567963 27.9941 139.26 -13 6213 1 0 1
-30.2549 7.15152 10700 0.125562 -0.428843 27.9964 139.067 -13 6214 1 0 1
52.6481 -9.9709 10700 -0.37542 0.626287 27.9905 139.529 -13 6215 1 0 1
26.3044 8.10441 10700 -0.198859 -0.533188 27.9942 139.384 -13 6216 1 0 1
16.4452 10.8316 10700 -0.154976 -0.603077 27.9931 139.324 -13 6217 1 0 1
-6.9806 -12.5478 10700 -0.0177414 0.741725 27.9902 139.205 -13 6218 1 0 1
68.579 -5.88729 10700 -0.462752 0.418669 27.993 139.611 -13 6219 1 0 1
8.49609 0.87431 10700 -0.106498 -0.0456331 27.9998 139.261 -13 6220 1 0 1
3.38454 -7.81792 10700 -0.0622011 0.431079 27.9966 139.259 -13 6221 1 0 1
23.0656 -7.8567 10700 -0.202015 0.55395 27.9938 139.345 -13 6222 1 0 1
-36.1387 -8.61943 10700 0.162639 0.565831 27.9938 139.043 -13 6223 1 0 1
4.19812 -4.57317 10700 -0.0760906 0.199961 27.9992 139.248 -13 6224 1 0 1
16.4437 -11.828 10700 -0.156798 0.688583 27.9911 139.33 -13 6225 1 0 1
31.6839 -6.74312 10700 -0.227428 0.407517 27.9961 139.409 -13 6226 1 0 1
-35.4611 1.57864 10700 0.166273 -0.0843669 27.9994 139.046 -13 6227 1 0 1
-24.0189 -1.36602 10700 0.0844771 0.163779 27.9994 139.094 -13 6228 1 0 1
9.5907 20.4843 10700 -0.125246 -1.35229 27.967 139.354 -13 6229 1 0 1
2.48332 4.25831 10700 -0.0671658 -0.320758 27.9981 139.238 -13 6230 1 0 1
-24.8357 2.393 10700 0.108087 -0.185304 27.9992 139.108 -13 6231 1 0 1
46.9521 -21.9743 10700 -0.430239 1.89044 27.9328 139.638 -13 6232 1 0 1
18.5044 5.33996 10700 -0.157933 -0.347756 27.9974 139.326 -13 6233 1 0 1
35.5491 -21.6415 10700 -0.327401 1.62284 27.951 139.526 -13 6234 1 0 1
50.434 -16.0702 10700 -0.389685 1.22329 27.9706 139.569 -13 6235 1 0 1
-40.2701 9.39677 10700 0.208374 -0.525348 27.9943 139.039 -13 6236 1 0 1
11.1474 3.77801 10700 -0.10282 -0.198905 27.9991 139.298 -13 6237 1 0 1
-6.88095 -6.78034 10700 -0.0171617 0.412156 27.997 139.188 -13 6238 1 0 1
19.54 -3.80845 10700 -0.166262 0.163062 27.999 139.326 -13 6239 1 0 1
1.90804 -4.58912 10700 -0.0646137 0.320504 27.9981 139.235 -13 6240 1 0 1
-14.1081 -6.10232 10700 0.0390221 0.421374 27.9968 139.162 -13 6241 1 0 1
2.70323 14.1987 10700 -0.0685032 -0.9013 27.9854 139.275 -13 6242 1 0 1
27.9955 -0.770917 10700 -0.213833 0.119335 27.9989 139.37 -13 6243 1 0 1
56.6073 -6.35322 10700 -0.394871 0.440683 27.9937 139.536 -13 6244 1 0 1
-4.63546 -2.69392 10700 -0.0272696 0.156949 27.9995 139.198 -13 6245 1 0 1
17.0618 -2.98016 10700 -0.143383 0.169625 27.9991 139.321 -13 6246 1 0 1
-12.8132 -5.0888 10700 0.0236383 0.350225 27.9978 139.16 -13 6247 1 0 1
15.999 -13.3177 10700 -0.158805 0.812983 27.9877 139.331 -13 6248 1 0 1
66.4496 -9.78583 10700 -0.465506 0.897356 27.9817 139.628 -13 6249 1 0 1
5.24364 1.26461 10700 -0.0810287 -0.0860489 27.9998 139.251 -13 6250 1 0 1
-12.8869 -8.82121 10700 0.0308147 0.455908 27.9963 139.171 -13 6251 1 0 1
-46.2036 -7.7128 10700 0.241807 0.540723 27.9937 139.003 -13 6252 1 0 1
44.5553 -7.66219 10700 -0.312635 0.465193 27.9944 139.478 -13 6253 1 0 1
11.6292 -11.6191 10700 -0.114856 0.651571 27.9922 139.315 -13 6254 1 0 1
-21.8997 14.3343 10700 0.0764969 -0.982237 27.9827 139.135 -13 6255 1 0 1
29.3562 4.58447 10700 -0.215696 -0.283965 27.9977 139.39 -13 6256 1 0 1
-0.10503 -4.78267 10700 -0.0420849 0.238891 27.9989 139.236 -13 6257 1 0 1
-25.1483 6.62656 10700 0.100099 -0.376323 27.9973 139.099 -13 6258 1 0 1
1.59252 -1.53962 10700 -0.0562674 0.114678 27.9997 139.237 -13 6259 1 0 1
2.72598 4.95639 10700 -0.0724522 -0.313005 27.9982 139.237 -13 6260 1 0 1
45.6713 -1.95225 10700 -0.313477 0.119227 27.998 139.474 -13 6261 1 0 1
59.8911 -2.69139 10700 -0.408954 0.18975 27.9964 139.549 -13 6262 1 0 1
-1.25904 12.0574 10700 -0.0381683 -0.685422 27.9916 139.248 -13 6263 1 0 1
-24.3972 14.2206 10700 0.104319 -0.938736 27.9841 139.133 -13 6264 1 0 1
62.1869 -4.27163 10700 -0.427771 0.391124 27.994 139.564 -13 6265 1 0 1
89.9807 -4.33425 10700 -0.601032 0.38357 27.9909 139.73 -13 6266 1 0 1
42.6891 -3.26521 10700 -0.296671 0.166247 27.9979 139.459 -13 6267 1 0 1
62.1475 -10.7889 10700 -0.443263 0.786678 27.9854 139.592 -13 6268 1 0 1
11.7939 8.03084 10700 -0.117917 -0.44556 27.9962 139.297 -13 6269 1 0 1
29.3685 9.90185 10700 -0.225221 -0.639753 27.9918 139.402 -13 6270 1 0 1
53.2692 -18.3039 10700 -0.444765 1.5808 27.9518 139.62 -13 6271 1 0 1
57.8902 8.84163 10700 -0.407199 -0.639411 27.9897 139.559 -13 6272 1 0 1
-10.3753 -9.44951 10700 0.0127657 0.717182 27.9908 139.189 -13 6273 1 0 1
27.229 4.47263 10700 -0.21379 -0.317533 27.9974 139.367 -13 6274 1 0 1
51.129 -7.93539 10700 -0.359581 0.607175 27.9911 139.519 -13 6275 1 0 1
43.5282 -19.1581 10700 -0.357455 1.46451 27.9594 139.561 -13 6276 1 0 1
7.78247 -0.453563 10700 -0.0833296 -0.00333743 27.9999 139.277 -13 6277 1 0 1
-82.7487 1.67612 10700 0.480753 -0.128566 27.9956 138.799 -13 6278 1 0 1
32.6147 -2.49835 10700 -0.236037 0.196538 27.9983 139.402 -13 6279 1 0 1
-17.221 4.87155 10700 0.0433156 -0.271551 27.9986 139.131 -13 6280 1 0 1
-22.4791 -7.21717 10700 0.0813572 0.389805 27.9972 139.111 -13 6281 1 0 1
-20.9124 16.6879 10700 0.0743742 -1.08909 27.9787 139.152 -13 6282 1 0 1
19.8219 -2.05537 10700 -0.16185 0.236987 27.9985 139.333 -13 6283 1 0 1
-43.6514 -1.10267 10700 0.224376 0.0798415 27.999 139.011 -13 6284 1 0 1
22.1174 3.8194 10700 -0.173977 -0.216704 27.9986 139.348 -13 6285 1 0 1
4.08181 -0.0567836 10700 -0.0738728 0.0477204 27.9999 139.246 -13 6286 1 0 1
-5.15207 -1.37969 10700 -0.0215067 0.0532494 27.9999 139.197 -13 6287 1 0 1
-23.8324 20.3902 10700 0.111917 -1.37935 27.9658 139.175 -13 6288 1 0 1
41.2643 -7.87883 10700 -0.299023 0.570696 27.9926 139.459 -13 6289 1 0 1
60.1689 -11.798 10700 -0.428527 0.939561 27.981 139.599 -13 6290 1 0 1
-20.2998 11.8178 10700 0.0699675 -0.650454 27.9924 139.137 -13 6291 1 0 1
18.8212 -16.3298 10700 -0.180447 1.10521 27.9776 139.37 -13 6292 1 0 1
9.03401 -7.62601 10700 -0.105711 0.402766 27.9969 139.277 -13 6293 1 0 1
-36.8881 -4.53002 10700 0.18171 0.248871 27.9983 139.047 -13 6294 1 0 1
4.64073 -2.5291 10700 -0.0656341 0.0678543 27.9998 139.261 -13 6295 1 0 1
42.3742 2.32939 10700 -0.305148 -0.188623 27.9977 139.445 -13 6296 1 0 1
11.5148 -1.73029 10700 -0.113691 0.135177 27.9994 139.288 -13 6297 1 0 1
-30.5348 19.7437 10700 0.145902 -1.34242 27.9674 139.123 -13 6298 1 0 1
-20.7726 -0.230625 10700 0.0758742 -0.0181204 27.9999 139.12 -13 6299 1 0 1
8.98855 3.53438 10700 -0.102194 -0.236987 27.9988 139.274 -13 6300 1 0 1
30.6365 -15.1971 10700 -0.255596 0.905755 27.9842 139.421 -13 6301 1 0 1
4.92812 8.5173 10700 -0.0895921 -0.47763 27.9958 139.25 -13 6302 1 0 1
-8.35905 -2.63318 10700 0.00624497 0.196768 27.9993 139.191 -13 6303 1 0 1
19.5285 1.39805 10700 -0.167354 -0.0368845 27.9995 139.321 -13 6304 1 0 1
90.1276 -9.5549 10700 -0.63917 0.92287 27.9775 139.761 -13 6305 1 0 1
-14.871 0.230747 10700 0.0455427 -0.0464901 27.9999 139.156 -13 6306 1 0 1
29.8884 8.74743 10700 -0.224966 -0.557412 27.9935 139.401 -13 6307 1 0 1
-22.4718 3.41732 10700 0.0719643 -0.219497 27.999 139.099 -13 6308 1 0 1
-24.8712 5.81872 10700 0.0974171 -0.406246 27.9969 139.099 -13 6309 1 0 1
-0.688709 -10.3741 10700 -0.0481136 0.600798 27.9935 139.238 -13 6310 1 0 1
14.2578 -9.02424 10700 -0.135079 0.665245 27.9918 139.317 -13 6311 1 0 1
-22.0213 10.0282 10700 0.0787794 -0.658579 27.9921 139.124 -13 6312 1 0 1
9.53602 -2.41367 10700 -0.0979278 0.0695469 27.9997 139.282 -13 6313 1 0 1
49.4461 -12.7481 10700 -0.370794 0.945723 27.9816 139.528 -13 6314 1 0 1
46.1132 -14.1991 10700 -0.351247 1.03686 27.9786 139.52 -13 6315 1 0 1
-4.41468 0.698133 10700 -0.0169394 0.0173229 28 139.21 -13 6316 1 0 1
40.2669 -6.531 10700 -0.282127 0.39296 27.9958 139.453 -13 6317 1 0 1
-29.0703 3.37432 10700 0.123707 -0.30876 27.998 139.077 -13 6318 1 0 1
4.76006 -5.53057 10700 -0.0698532 0.413983 27.9969 139.263 -13 6319 1 0 1
32.5334 0.426568 10700 -0.240936 0.0463413 27.9989 139.394 -13 6320 1 0 1
-45.1587 9.87376 10700 0.231874 -0.747116 27.9891 139.008 -13 6321 1 0 1
0.802122 11.9823 10700 -0.0495357 -0.795114 27.9887 139.262 -13 6322 1 0 1
7.63805 -4.23706 10700 -0.100193 0.269294 27.9985 139.262 -13 6323 1 0 1
-23.2606 7.85303 10700 0.0911914 -0.472402 27.9959 139.114 -13 6324 1 0 1
28.6977 -2.72252 10700 -0.206038 0.195012 27.9986 139.388 -13 6325 1 0 1
25.2243 -1.09631 10700 -0.196921 0.107612 27.9991 139.356 -13 6326 1 0 1
10.4762 -5.70091 10700 -0.10473 0.289543 27.9983 139.292 -13 6327 1 0 1
-65.4269 16.7261 10700 0.411745 -1.28778 27.9673 138.938 -13 6328 1 0 1
-19.8545 8.04248 10700 0.0616305 -0.554927 27.9944 139.127 -13 6329 1 0 1
14.5239 -5.54852 10700 -0.140283 0.352194 27.9974 139.3 -13 6330 1 0 1
16.8555 -8.75986 10700 -0.149383 0.651083 27.992 139.332 -13 6331 1 0 1
-18.2976 0.709448 10700 0.0589628 0.012003 27.9999 139.131 -13 6332 1 0 1
8.24336 -5.93477 10700 -0.112781 0.406074 27.9968 139.259 -13 6333 1 0 1
-30.843 11.2481 10700 0.153976 -0.639121 27.9923 139.099 -13 6334 1 0 1
-61.0688 20.7906 10700 0.426337 -1.72012 27.9439 138.996 -13 6335 1 0 1
-24.5826 -5.40736 10700 0.0930731 0.363655 27.9975 139.098 -13 6336 1 0 1
17.6963 -1.40475 10700 -0.151514 0.145416 27.9992 139.319 -13 6337 1 0 1
26.4617 3.6295 10700 -0.199138 -0.242445 27.9982 139.372 -13 6338 1 0 1
-1.67234 -6.82361 10700 -0.0436834 0.466743 27.9961 139.221 -13 6339 1 0 1
-48.9232 9.94506 10700 0.260111 -0.651052 27.9912 138.993 -13 6340 1 0 1
-70.2142 2.42208 10700 0.398326 -0.0402027 27.9971 138.871 -13 6341 1 0 1
26.2924 -4.94844 10700 -0.200211 0.298784 27.9977 139.371 -13 6342 1 0 1
15.2185 -7.10691 10700 -0.134991 0.491475 27.9954 139.319 -13 6343 1 0 1
14.1474 8.12559 10700 -0.13749 -0.478904 27.9956 139.304 -13 6344 1 0 1
6.31898 0.543788 10700 -0.0832189 0.0152848 27.9999 139.261 -13 6345 1 0 1
-22.92 -8.27468 10700 0.088733 0.47181 27.9959 139.115 -13 6346 1 0 1
47.2969 -7.40925 10700 -0.342388 0.676483 27.9897 139.491 -13 6347 1 0 1
32.6081 -4.92656 10700 -0.245367 0.419965 27.9958 139.398 -13 6348 1 0 1
22.6032 -7.31147 10700 -0.176028 0.461655 27.9956 139.359 -13 6349 1 0 1
7.28525 -1.95857 10700 -0.1081 0.021706 27.9998 139.247 -13 6350 1 0 1
-76.6667 21.0364 10700 0.67535 -2.40043 27.8887 138.948 -13 6351 1 0 1
14.6828 -2.6484 10700 -0.1313 0.190815 27.999 139.307 -13 6352 1 0 1
49.1029 0.0907546 10700 -0.332861 0.0226502 27.998 139.494 -13 6353 1 0 1
29.8052 7.1393 10700 -0.226573 -0.436286 27.9957 139.389 -13 6354 1 0 1
-11.5889 10.9128 10700 0.0139616 -0.661263 27.9922 139.18 -13 6355 1 0 1
20.982 -6.71748 10700 -0.175872 0.364677 27.9971 139.338 -13 6356 1 0 1
2.09641 -9.73369 10700 -0.0641926 0.603565 27.9934 139.252 -13 6357 1 0 1
19.5778 8.35008 10700 -0.166593 -0.517686 27.9947 139.338 -13 6358 1 0 1
-2.07424 5.90802 10700 -0.0368322 -0.363926 27.9976 139.22 -13 6359 1 0 1
-32.007 5.89035 10700 0.138126 -0.340407 27.9976 139.06 -13 6360 1 0 1
-28.8223 -3.21298 10700 0.122857 0.260965 27.9985 139.079 -13 6361 1 0 1
-5.853 -10.3234 10700 -0.0224696 0.699232 27.9913 139.207 -13 6362 1 0 1
21.5036 3.56621 10700 -0.164115 -0.164592 27.999 139.351 -13 6363 1 0 1
69.0111 -13.0892 10700 -0.512207 1.13044 27.9725 139.66 -13 6364 1 0 1
1.64593 15.7249 10700 -0.0645038 -0.961279 27.9834 139.274 -13 6365 1 0 1
44.0478 -17.7214 10700 -0.364443 1.28395 27.9682 139.531 -13 6366 1 0 1
45.7426 -9.09348 10700 -0.324027 0.615678 27.9914 139.493 -13 6367 1 0 1
26.615 -7.10089 10700 -0.210795 0.512088 27.9945 139.373 -13 6368 1 0 1
3.1656 8.56333 10700 -0.0653959 -0.567695 27.9942 139.26 -13 6369 1 0 1
-66.5699 17.2193 10700 0.431812 -1.35252 27.964 138.941 -13 6370 1 0 1
46.3112 -9.43202 10700 -0.325327 0.588679 27.9919 139.497 -13 6371 1 0 1
-34.7724 0.17982 10700 0.155159 -0.0611213 27.9995 139.042 -13 6372 1 0 1
24.9078 1.67799 10700 -0.191043 -0.089175 27.9992 139.359 -13 6373 1 0 1
-6.53429 -0.574693 10700 -0.0138668 0.106258 27.9998 139.189 -13 6374 1 0 1
3.25862 10.8495 10700 -0.0695065 -0.681635 27.9916 139.264 -13 6375 1 0 1
14.9177 23.9318 10700 -0.191963 -1.76476 27.9437 139.417 -13 6376 1 0 1
71.3979 -14.1773 10700 -0.526725 1.29163 27.9652 139.709 -13 6377 1 0 1
5.03949 -5.61199 10700 -0.078712 0.337661 27.9979 139.257 -13 6378 1 0 1
-27.1075 6.11507 10700 0.118199 -0.369497 27.9973 139.094 -13 6379 1 0 1
44.8422 8.34927 10700 -0.327309 -0.511032 27.9934 139.469 -13 6380 1 0 1
51.6235 1.09203 10700 -0.353651 -0.0664497 27.9977 139.503 -13 6381 1 0 1
28.6086 -13.1212 10700 -0.232806 0.878173 27.9853 139.407 -13 6382 1 0 1
58.2132 -15.9567 10700 -0.448147 1.29614 27.9664 139.623 -13 6383 1 0 1
-22.1569 -9.97315 10700 0.0857871 0.587288 27.9937 139.127 -13 6384 1 0 1
8.01912 -14.5688 10700 -0.110695 1.08519 27.9787 139.305 -13 6385 1 0 1
-25.6296 18.147 10700 0.121575 -1.22693 27.9728 139.152 -13 6386 1 0 1
10.3898 -15.4133 10700 -0.11219 1.03149 27.9808 139.329 -13 6387 1 0 1
-25.4563 -13.3908 10700 0.105647 0.962914 27.9832 139.122 -13 6388 1 0 1
50.1274 -15.5008 10700 -0.399494 1.18782 27.9719 139.549 -13 6389 1 0 1
-2.22326 -2.46505 10700 -0.0412462 0.110864 27.9998 139.21 -13 6390 1 0 1
-24.7546 6.32623 10700 0.1012 -0.353468 27.9976 139.105 -13 6391 1 0 1
-52.275 3.86744 10700 0.283381 -0.359994 27.9963 138.97 -13 6392 1 0 1
26.5917 -7.07081 10700 -0.223026 0.401058 27.9962 139.356 -13 6393 1 0 1
36.104 -6.99222 10700 -0.274747 0.496278 27.9943 139.416 -13 6394 1 0 1
85.8132 -14.6767 10700 -0.729566 1.8543 27.929 139.845 -13 6395 1 0 1
-47.3455 -5.85049 10700 0.240453 0.360945 27.9966 138.986 -13 6396 1 0 1
12.769 11.4477 10700 -0.125179 -0.893267 27.9855 139.327 -13 6397 1 0 1
-25.2211 7.59814 10700 0.103422 -0.447897 27.9962 139.103 -13 6398 1 0 1
74.9067 -4.53091 10700 -0.499558 0.368638 27.9931 139.647 -13 6399 1 0 1
34.5911 -11.2829 10700 -0.262588 0.848451 27.9859 139.439 -13 6400 1 0 1
5.77849 -7.32261 10700 -0.0743567 0.457976 27.9962 139.273 -13 6401 1 0 1
-6.21084 1.39441 10700 -0.00883395 -0.0803829 27.9999 139.198 -13 6402 1 0 1
20.1123 -5.9334 10700 -0.174479 0.497372 27.995 139.334 -13 6403 1 0 1
18.7842 6.36879 10700 -0.158781 -0.415557 27.9965 139.331 -13 6404 1 0 1
20.3065 7.73986 10700 -0.170566 -0.425311 27.9963 139.338 -13 6405 1 0 1
66.4901 -13.5058 10700 -0.497734 1.04476 27.9761 139.636 -13 6406 1 0 1
16.6371 -18.0568 10700 -0.166106 1.18562 27.9744 139.372 -13 6407 1 0 1
20.9364 -12.1269 10700 -0.175707 0.749595 27.9894 139.364 -13 6408 1 0 1
-2.52589 6.93273 10700 -0.0323462 -0.457901 27.9962 139.222 -13 6409 1 0 1
39.7204 -4.29325 10700 -0.285394 0.322665 27.9967 139.439 -13 6410 1 0 1
11.7674 -12.7724 10700 -0.128263 0.905575 27.9851 139.315 -13 6411 1 0 1
34.6792 6.66469 10700 -0.260288 -0.332176 27.9968 139.41 -13 6412 1 0 1
12.5596 -3.45453 10700 -0.120666 0.165398 27.9993 139.294 -13 6413 1 0 1
-22.297 -1.90439 10700 0.0778488 0.153009 27.9995 139.106 -13 6414 1 0 1
27.3564 -5.26433 10700 -0.207666 0.2676 27.998 139.376 -13 6415 1 0 1
-4.16221 12.5384 10700 -0.0323445 -0.924494 27.9847 139.228 -13 6416 1 0 1
50.8335 -7.27252 10700 -0.346856 0.480886 27.9937 139.518 -13 6417 1 0 1
-30.1101 -1.17568 10700 0.130101 0.0306608 27.9997 139.069 -13 6418 1 0 1
8.8654 -9.42358 10700 -0.10103 0.569768 27.994 139.289 -13 6419 1 0 1
35.0951 7.06465 10700 -0.261444 -0.530036 27.9938 139.42 -13 6420 1 0 1
24.5308 11.6374 10700 -0.205803 -0.766425 27.9888 139.374 -13 6421 1 0 1
-43.1183 -0.365947 10700 0.203857 0.01804 27.9993 138.997 -13 6422 1 0 1
-2.99014 0.00411716 10700 -0.0266642 -0.0539346 27.9999 139.215 -13 6423 1 0 1
11.0422 1.61017 10700 -0.11883 -0.181806 27.9992 139.278 -13 6424 1 0 1
42.6687 -9.51278 10700 -0.310014 0.7289 27.9888 139.476 -13 6425 1 0 1
5.08765 14.6609 10700 -0.08263 -1.08088 27.979 139.299 -13 6426 1 0 1
31.7622 -2.34952 10700 -0.22402 0.0954348 27.9989 139.404 -13 6427 1 0 1
13.4822 -5.33018 10700 -0.123096 0.324347 27.9979 139.306 -13 6428 1 0 1
21.315 10.9687 10700 -0.16718 -0.580846 27.9935 139.367 -13 6429 1 0 1
7.50155 -4.44888 10700 -0.0838942 0.335339 27.9979 139.277 -13 6430 1 0 1
39.8075 -9.82086 10700 -0.290077 0.617099 27.9917 139.459 -13 6431 1 0 1
0.755638 -0.86796 10700 -0.0586303 0.0142504 27.9999 139.224 -13 6432 1 0 1
-45.3353 4.18306 10700 0.216427 -0.307724 27.9975 138.986 -13 6433 1 0 1
6.00624 8.67954 10700 -0.0827355 -0.504612 27.9953 139.271 -13 6434 1 0 1
26.9246 -2.02677 10700 -0.202083 0.0870349 27.9991 139.371 -13 6435 1 0 1
-23.5244 5.17121 10700 0.0960017 -0.343499 27.9977 139.112 -13 6436 1 0 1
29.7509 -18.1003 10700 -0.261933 1.37807 27.9648 139.458 -13 6437 1 0 1
22.237 2.83581 10700 -0.181633 -0.183558 27.9988 139.34 -13 6438 1 0 1
-35.524 20.0907 10700 0.183783 -1.39413 27.9647 139.1 -13 6439 1 0 1
1.00868 1.7211 10700 -0.0547867 0.00511355 27.9999 139.232 -13 6440 1 0 1
7.9916 11.4165 10700 -0.101713 -0.681588 27.9915 139.287 -13 6441 1 0 1
-8.09409 24.0686 10700 -0.00609194 -1.67816 27.9497 139.287 -13 6442 1 0 1
13.592 3.15602 10700 -0.115726 -0.178134 27.9992 139.312 -13 6443 1 0 1
14.2363 -2.6565 10700 -0.135439 0.195978 27.999 139.298 -13 6444 1 0 1
54.0817 -6.62145 10700 -0.379577 0.525064 27.9925 139.527 -13 6445 1 0 1
-6.45757 3.22057 10700 -0.0228558 -0.153835 27.9996 139.182 -13 6446 1 0 1
-17.5426 8.71083 10700 0.0583192 -0.493593 27.9956 139.147 -13 6447 1 0 1
34.0752 -14.9238 10700 -0.277453 0.96757 27.9819 139.444 -13 6448 1 0 1
-66.802 4.25507 10700 0.366736 -0.239812 27.9966 138.884 -13 6449 1 0 1
-24.4839 20.1728 10700 0.123999 -1.41301 27.964 139.178 -13 6450 1 0 1
17.385 -1.94563 10700 -0.154135 0.054192 27.9995 139.311 -13 6451 1 0 1
12.9383 -9.66663 10700 -0.131987 0.564069 27.994 139.303 -13 6452 1 0 1
45.5854 -12.8598 10700 -0.347271 0.962065 27.9813 139.504 -13 6453 1 0 1
33.2839 -19.8031 10700 -0.291388 1.45531 27.9606 139.494 -13 6454 1 0 1
22.6331 -11.4788 10700 -0.183934 0.779941 27.9885 139.374 -13 6455 1 0 1
-49.9858 7.36632 10700 0.264655 -0.554167 27.9933 138.983 -13 6456 1 0 1
9.39603 4.91946 10700 -0.112003 -0.288437 27.9983 139.27 -13 6457 1 0 1
26.3209 4.19898 10700 -0.20902 -0.268334 27.9979 139.361 -13 6458 1 0 1
-59.5741 20.6888 10700 0.419246 -1.67796 27.9465 139.01 -13 6459 1 0 1
-16.7428 -0.326598 10700 0.0566531 -0.0471996 27.9999 139.146 -13 6460 1 0 1
-13.2413 5.00183 10700 0.0394834 -0.315043 27.9982 139.172 -13 6461 1 0 1
37.8617 -13.1001 10700 -0.295577 1.01129 27.9802 139.466 -13 6462 1 0 1
40.5074 6.99944 10700 -0.292104 -0.501574 27.994 139.451 -13 6463 1 0 1
9.06494 -0.433273 10700 -0.102535 0.0441018 27.9998 139.271 -13 6464 1 0 1
-0.111069 -8.45332 10700 -0.0469179 0.503963 27.9954 139.237 -13 6465 1 0 1
-35.7388 -4.40349 10700 0.165924 0.273954 27.9982 139.044 -13 6466 1 0 1
-19.5776 3.77202 10700 0.0507783 -0.231789 27.999 139.111 -13 6467 1 0 1
7.45251 6.8018 10700 -0.0897309 -0.362196 27.9975 139.275 -13 6468 1 0 1
26.0395 -6.47619 10700 -0.194541 0.445892 27.9958 139.378 -13 6469 1 0 1
-11.1451 2.47438 10700 0.0087443 -0.196958 27.9993 139.162 -13 6470 1 0 1
-48.2016 -1.1311 10700 0.239123 0.0467164 27.9989 138.974 -13 6471 1 0 1
-5.53231 10.9059 10700 -0.00313169 -0.701762 27.9912 139.232 -13 6472 1 0 1
-4.47895 -2.9212 10700 -0.0254922 0.202265 27.9993 139.202 -13 6473 1 0 1
35.6247 -8.84798 10700 -0.25411 0.50228 27.9943 139.436 -13 6474 1 0 1
10.3299 -12.1046 10700 -0.118873 0.668636 27.9918 139.298 -13 6475 1 0 1
21.8197 -16.8067 10700 -0.187331 1.10846 27.9774 139.4 -13 6476 1 0 1
-2.68012 -8.16711 10700 -0.031613 0.506998 27.9954 139.224 -13 6477 1 0 1
24.2974 8.47966 10700 -0.198827 -0.528061 27.9943 139.36 -13 6478 1 0 1
-40.6087 8.15242 10700 0.184083 -0.584034 27.9933 139.013 -13 6479 1 0 1
1.77784 -12.6735 10700 -0.068167 0.77767 27.9891 139.255 -13 6480 1 0 1
-11.9677 1.32737 10700 0.010688 -0.0852234 27.9999 139.154 -13 6481 1 0 1
-48.4848 -13.4649 10700 0.270513 0.925075 27.9834 139.01 -13 6482 1 0 1
54.7175 3.63324 10700 -0.377342 -0.179241 27.9969 139.52 -13 6483 1 0 1
10.1011 -8.8429 10700 -0.110192 0.670381 27.9918 139.295 -13 6484 1 0 1
27.1597 -4.95397 10700 -0.207715 0.409432 27.9962 139.374 -13 6485 1 0 1
21.4493 -5.61208 10700 -0.174328 0.426329 27.9962 139.344 -13 6486 1 0 1
4.5643 -26.63 10700 -0.110912 1.89275 27.9357 139.388 -13 6487 1 0 1
-6.62426 -3.22012 10700 -0.00771518 0.151814 27.9996 139.196 -13 6488 1 0 1
26.4917 11.2487 10700 -0.207664 -0.712792 27.9902 139.393 -13 6489 1 0 1
-1.99156 6.34262 10700 -0.0355487 -0.33774 27.9979 139.224 -13 6490 1 0 1
12.446 10.4713 10700 -0.127149 -0.677875 27.9915 139.309 -13 6491 1 0 1
-5.47447 -5.59552 10700 -0.0140735 0.396095 27.9972 139.205 -13 6492 1 0 1
-36.4894 22.7181 10700 0.225201 -1.73589 27.9452 139.139 -13 6493 1 0 1
-5.5842 1.43957 10700 -0.0191797 -0.142189 27.9996 139.195 -13 6494 1 0 1
74.5951 -10.5389 10700 -0.53006 0.851171 27.982 139.668 -13 6495 1 0 1
-14.066 3.32589 10700 0.0312435 -0.221156 27.9991 139.153 -13 6496 1 0 1
23.7376 -3.28239 10700 -0.186737 0.159599 27.9989 139.352 -13 6497 1 0 1
37.4236 2.21602 10700 -0.26461 -0.205191 27.998 139.429 -13 6498 1 0 1
-18.8299 -8.5054 10700 0.0674925 0.512963 27.9952 139.141 -13 6499 1 0 1
0.31042 -1.5828 10700 -0.0489714 0.102091 27.9998 139.23 -13 6500 1 0 1
-12.1363 9.79541 10700 0.0145025 -0.740495 27.9902 139.172 -13 6501 1 0 1
-21.0644 -7.19179 10700 0.0734349 0.416662 27.9968 139.12 -13 6502 1 0 1
-9.2596 -8.83704 10700 0.00629304 0.555824 27.9945 139.191 -13 6503 1 0 1
48.5614 -9.67831 10700 -0.349982 0.694719 27.9892 139.507 -13 6504 1 0 1
49.4024 -3.32076 10700 -0.333469 0.250871 27.9969 139.502 -13 6505 1 0 1
21.2552 -2.45353 10700 -0.174355 0.0856815 27.9993 139.335 -13 6506 1 0 1
10.7634 -10.1849 10700 -0.11658 0.646892 27.9923 139.3 -13 6507 1 0 1
-6.92606 -1.31137 10700 -0.00174468 0.0477877 28 139.197 -13 6508 1 0 1
13.6938 9.16124 10700 -0.132012 -0.571484 27.9939 139.312 -13 6509 1 0 1
28.2984 -5.78666 10700 -0.219927 0.335409 27.9971 139.376 -13 6510 1 0 1
30.9928 -1.79051 10700 -0.223015 0.176184 27.9986 139.396 -13 6511 1 0 1
76.7208 -6.20317 10700 -0.52169 0.480928 27.991 139.656 -13 6512 1 0 1
-32.1412 7.94607 10700 0.141243 -0.457437 27.9959 139.063 -13 6513 1 0 1
37.8362 14.0361 10700 -0.289341 -0.932621 27.983 139.47 -13 6514 1 0 1
3.44219 6.08022 10700 -0.0726274 -0.435414 27.9965 139.246 -13 6515 1 0 1
69.2212 -3.62432 10700 -0.4705 0.272372 27.9947 139.603 -13 6516 1 0 1
6.62894 -1.13269 10700 -0.0922533 0.0390885 27.9998 139.255 -13 6517 1 0 1
101.679 -1.21252 10700 -0.678269 0.165278 27.9913 139.783 -13 6518 1 0 1
41.1016 3.35344 10700 -0.297112 -0.198729 27.9977 139.439 -13 6519 1 0 1
-11.8294 10.2369 10700 0.00548224 -0.552859 27.9945 139.163 -13 6520 1 0 1
-38.0303 6.43163 10700 0.17363 -0.403145 27.9966 139.027 -13 6521 1 0 1
-44.7562 16.2261 10700 0.251004 -1.11803 27.9765 139.04 -13 6522 1 0 1
43.5191 2.75273 10700 -0.301638 -0.181458 27.9978 139.463 -13 6523 1 0 1
29.8831 -25.5681 10700 -0.323635 2.06255 27.9221 139.56 -13 6524 1 0 1
-14.2612 -1.0253 10700 0.0263454 0.0602287 27.9999 139.144 -13 6525 1 0 1
32.1008 6.2019 10700 -0.232252 -0.388006 27.9963 139.407 -13 6526 1 0 1
24.0532 0.74929 10700 -0.188488 -0.00845466 27.9994 139.351 -13 6527 1 0 1
2.4595 -8.51048 10700 -0.0604681 0.505518 27.9954 139.253 -13 6528 1 0 1
-63.6241 -7.78892 10700 0.361826 0.503719 27.9931 138.912 -13 6529 1 0 1
-62.2482 24.329 10700 0.531705 -2.37772 27.8938 139.036 -13 6530 1 0 1
-20.717 -0.501856 10700 0.0696728 0.0102032 27.9999 139.114 -13 6531 1 0 1
-14.5129 5.94229 10700 0.0370456 -0.372383 27.9975 139.155 -13 6532 1 0 1
-45.146 -4.1042 10700 0.211086 0.24737 27.9981 138.984 -13 6533 1 0 1
2.92884 -25.0357 10700 -0.0799129 1.75952 27.9445 139.371 -13 6534 1 0 1
43.6273 -8.02851 10700 -0.315806 0.453254 27.9945 139.465 -13 6535 1 0 1
22.5226 -11.2369 10700 -0.181874 0.701821 27.9906 139.372 -13 6536 1 0 1
-67.7108 20.63 10700 0.482186 -1.70192 27.9441 138.956 -13 6537 1 0 1
41.1809 -3.43617 10700 -0.290825 0.148355 27.9981 139.447 -13 6538 1 0 1
-23.175 -2.82646 10700 0.0915138 0.251807 27.9987 139.111 -13 6539 1 0 1
31.5149 -9.7529 10700 -0.235335 0.611732 27.9923 139.415 -13 6540 1 0 1
21.1776 -6.78668 10700 -0.176268 0.37824 27.9969 139.34 -13 6541 1 0 1
43.3468 3.09586 10700 -0.290003 -0.193321 27.9978 139.474 -13 6542 1 0 1
12.9551 0.67292 10700 -0.110874 0.0260364 27.9998 139.307 -13 6543 1 0 1
16.1801 -8.36092 10700 -0.152673 0.596755 27.9932 139.319 -13 6544 1 0 1
-23.8904 7.00562 10700 0.0991772 -0.379509 27.9973 139.113 -13 6545 1 0 1
18.8872 0.873669 10700 -0.159446 -0.00388413 27.9995 139.323 -13 6546 1 0 1
-24.2311 6.65768 10700 0.0911947 -0.433936 27.9965 139.101 -13 6547 1 0 1
18.5259 -3.94237 10700 -0.1523 0.221702 27.9987 139.33 -13 6548 1 0 1
-30.0805 -7.42749 10700 0.138295 0.574981 27.9938 139.087 -13 6549 1 0 1
10.4652 -0.86712 10700 -0.111764 0.017451 27.9998 139.277 -13 6550 1 0 1
5.8595 -11.929 10700 -0.0827248 0.796855 27.9885 139.285 -13 6551 1 0 1
13.2667 8.17968 10700 -0.13316 -0.50562 27.9951 139.3 -13 6552 1 0 1
-6.63972 -10.6688 10700 -0.0130607 0.621204 27.9931 139.207 -13 6553 1 0 1
-24.231 -10.2717 10700 0.0980361 0.718309 27.9906 139.117 -13 6554 1 0 1
33.5588 -15.8567 10700 -0.278827 1.03498 27.9795 139.446 -13 6555 1 0 1
-45.997 -2.67406 10700 0.226771 0.23364 27.9981 138.988 -13 6556 1 0 1
-44.8427 21.9051 10700 0.296841 -1.68114 27.9479 139.093 -13 6557 1 0 1
3.28898 -7.64149 10700 -0.0669279 0.430633 27.9966 139.252 -13 6558 1 0 1
31.9992 -22.5601 10700 -0.297458 1.72063 27.9455 139.529 -13 6559 1 0 1
41.6818 -10.1299 10700 -0.322041 0.656707 27.9904 139.454 -13 6560 1 0 1
-6.66214 14.44 10700 -0.0115321 -0.919833 27.9849 139.225 -13 6561 1 0 1
-28.9482 20.5339 10700 0.147529 -1.39476 27.9649 139.147 -13 6562 1 0 1
-42.4354 6.30687 10700 0.192233 -0.376827 27.9968 138.996 -13 6563 1 0 1
4.84132 -1.64947 10700 -0.0828325 0.0663225 27.9998 139.245 -13 6564 1 0 1
29.0093 -16.7713 10700 -0.252247 1.22297 27.9721 139.437 -13 6565 1 0 1
-3.79577 10.3686 10700 -0.0194424 -0.64055 27.9927 139.234 -13 6566 1 0 1
14.9811 -7.48722 10700 -0.145197 0.527348 27.9947 139.309 -13 6567 1 0 1
52.3826 -7.46528 10700 -0.374038 0.498632 27.9931 139.511 -13 6568 1 0 1
13.357 8.98949 10700 -0.125413 -0.536273 27.9946 139.312 -13 6569 1 0 1
37.8594 -4.67822 10700 -0.274027 0.361871 27.9963 139.429 -13 6570 1 0 1
27.4912 -2.05251 10700 -0.202548 0.158 27.9988 139.377 -13 6571 1 0 1
-32.0363 7.10272 10700 0.142753 -0.461773 27.9958 139.064 -13 6572 1 0 1
-46.5214 3.10414 10700 0.227295 -0.238799 27.9981 138.983 -13 6573 1 0 1
32.0205 -11.877 10700 -0.246613 0.807107 27.9873 139.424 -13 6574 1 0 1
-5.67801 -23.4517 10700 -0.0145074 1.78427 27.9431 139.313 -13 6575 1 0 1
-4.77244 -11.0424 10700 -0.0103601 0.602016 27.9935 139.23 -13 6576 1 0 1
-21.0158 13.2766 10700 0.0652614 -0.832367 27.9875 139.129 -13 6577 1 0 1
64.2514 7.03295 10700 -0.446661 -0.521546 27.9916 139.582 -13 6578 1 0 1
-15.6524 2.83392 10700 0.0561413 -0.167397 27.9994 139.16 -13 6579 1 0 1
62.5048 -2.12691 10700 -0.421432 0.221364 27.996 139.568 -13 6580 1 0 1
31.2295 -19.2819 10700 -0.260583 1.28515 27.9693 139.476 -13 6581 1 0 1
28.1465 14.2789 10700 -0.23732 -1.03198 27.98 139.411 -13 6582 1 0 1
21.0015 -1.11377 10700 -0.177848 0.109045 27.9992 139.328 -13 6583 1 0 1
35.9862 -13.4767 10700 -0.280959 0.989937 27.9811 139.457 -13 6584 1 0 1
24.1076 -3.45712 10700 -0.192596 0.222472 27.9985 139.351 -13 6585 1 0 1
-16.3218 6.35403 10700 0.0454779 -0.367857 27.9975 139.144 -13 6586 1 0 1
25.4095 -1.93456 10700 -0.199171 0.100446 27.9991 139.356 -13 6587 1 0 1
20.6572 -7.52721 10700 -0.172592 0.51288 27.9948 139.344 -13 6588 1 0 1
44.8156 -4.46395 10700 -0.315504 0.377376 27.9957 139.468 -13 6589 1 0 1
-13.7612 -0.913381 10700 0.0265593 0.0689042 27.9999 139.149 -13 6590 1 0 1
18.6764 18.221 10700 -0.182086 -1.28549 27.9699 139.392 -13 6591 1 0 1
-22.0531 2.11153 10700 0.0739545 -0.244221 27.9988 139.106 -13 6592 1 0 1
1.16997 -16.6923 10700 -0.0714419 1.13455 27.9769 139.274 -13 6593 1 0 1
42.2776 -7.80226 10700 -0.304166 0.613552 27.9916 139.468 -13 6594 1 0 1
-12.3599 2.54471 10700 0.0261293 -0.0785441 27.9999 139.165 -13 6595 1 0 1
40.7692 3.40351 10700 -0.291212 -0.260845 27.9973 139.443 -13 6596 1 0 1
40.4853 -4.82037 10700 -0.279842 0.369556 27.9962 139.454 -13 6597 1 0 1
73.9075 -8.81267 10700 -0.515548 0.809729 27.9835 139.66 -13 6598 1 0 1
17.6041 0.344834 10700 -0.153527 -0.07228 27.9995 139.315 -13 6599 1 0 1
-11.9531 6.50063 10700 0.0109167 -0.482779 27.9958 139.161 -13 6600 1 0 1
44.7472 5.89501 10700 -0.319532 -0.393475 27.9954 139.466 -13 6601 1 0 1
48.9985 -4.74668 10700 -0.33659 0.285664 27.9965 139.497 -13 6602 1 0 1
6.60496 2.29501 10700 -0.091598 -0.130472 27.9995 139.256 -13 6603 1 0 1
-44.9995 1.12791 10700 0.218875 -0.0557997 27.9991 138.991 -13 6604 1 0 1
-10.1233 1.46037 10700 0.0041317 -0.0478644 28 139.167 -13 6605 1 0 1
50.2953 -5.04364 10700 -0.355095 0.281461 27.9963 139.495 -13 6606 1 0 1
0.125567 12.3008 10700 -0.0545738 -0.794533 27.9887 139.249 -13 6607 1 0 1
34.1055 -1.05775 10700 -0.258029 -0.00631551 27.9988 139.395 -13 6608 1 0 1
-12.2532 3.53897 10700 0.0262846 -0.253997 27.9988 139.168 -13 6609 1 0 1
11.9285 -7.29098 10700 -0.125511 0.478277 27.9956 139.291 -13 6610 1 0 1
49.0234 -14.7806 10700 -0.378813 1.09742 27.9759 139.539 -13 6611 1 0 1
44.2189 -9.63763 10700 -0.316413 0.782184 27.9873 139.491 -13 6612 1 0 1
-57.8656 -0.022524 10700 0.309117 0.0329802 27.9983 138.931 -13 6613 1 0 1
19.2539 -18.6132 10700 -0.198016 1.30617 27.9688 139.388 -13 6614 1 0 1
2.25562 6.2774 10700 -0.0593872 -0.354426 27.9977 139.246 -13 6615 1 0 1
22.8951 -4.96814 10700 -0.179379 0.324885 27.9975 139.354 -13 6616 1 0 1
-18.1331 10.7138 10700 0.0528025 -0.724331 27.9906 139.143 -13 6617 1 0 1
36.5144 -10.0187 10700 -0.281496 0.705024 27.9897 139.432 -13 6618 1 0 1
-23.8631 3.38913 10700 0.0902676 -0.224078 27.999 139.102 -13 6619 1 0 1
34.4041 11.8202 10700 -0.265042 -0.793737 27.9875 139.434 -13 6620 1 0 1
64.5358 -4.22728 10700 -0.428987 0.381711 27.9941 139.591 -13 6621 1 0 1
22.4067 5.96599 10700 -0.176474 -0.39716 27.9966 139.353 -13 6622 1 0 1
24.8723 -3.88858 10700 -0.186446 0.251968 27.9982 139.367 -13 6623 1 0 1
47.413 -23.6216 10700 -0.540359 2.41986 27.89 139.705 -13 6624 1 0 1
-16.9919 14.008 10700 0.0500524 -0.854168 27.9869 139.163 -13 6625 1 0 1
-24.0166 8.10574 10700 0.083193 -0.580563 27.9939 139.102 -13 6626 1 0 1
-0.638615 -12.9209 10700 -0.0521459 0.727062 27.9905 139.243 -13 6627 1 0 1
-61.3932 11.5234 10700 0.347436 -0.832126 27.9855 138.929 -13 6628 1 0 1
-16.8935 -0.614724 10700 0.049821 0.0575931 27.9999 139.138 -13 6629 1 0 1
-34.8768 3.45507 10700 0.157023 -0.186555 27.9989 139.045 -13 6630 1 0 1
14.1031 6.09015 10700 -0.134337 -0.314815 27.9979 139.303 -13 6631 1 0 1
-51.2847 2.03942 10700 0.268782 -0.165075 27.9982 138.968 -13 6632 1 0 1
-6.64781 5.0441 10700 -0.00171564 -0.266343 27.9987 139.205 -13 6633 1 0 1
-18.6559 -2.76983 10700 0.0606197 0.142831 27.9996 139.13 -13 6634 1 0 1
15.5197 4.43088 10700 -0.135128 -0.281116 27.9983 139.315 -13 6635 1 0 1
-0.840185 -15.1125 10700 -0.0415137 0.925867 27.9847 139.264 -13 6636 1 0 1
17.1737 -10.9234 10700 -0.153945 0.696383 27.9909 139.337 -13 6637 1 0 1
39.7045 6.46056 10700 -0.293728 -0.441365 27.995 139.435 -13 6638 1 0 1
62.316 5.50049 10700 -0.426482 -0.354474 27.9945 139.569 -13 6639 1 0 1
24.8299 -13.1377 10700 -0.211487 0.800437 27.9878 139.38 -13 6640 1 0 1
-20.3476 12.0263 10700 0.0821681 -0.745242 27.99 139.15 -13 6641 1 0 1
35.3475 3.6359 10700 -0.254752 -0.224815 27.9979 139.416 -13 6642 1 0 1
39.0744 -16.9534 10700 -0.317825 1.17391 27.9736 139.493 -13 6643 1 0 1
-19.0293 16.6374 10700 0.0626721 -1.19927 27.9742 139.169 -13 6644 1 0 1
-23.2236 0.745763 10700 0.0751956 -0.0159816 27.9999 139.092 -13 6645 1 0 1
40.3323 -5.43876 10700 -0.280661 0.362332 27.9962 139.452 -13 6646 1 0 1
41.1306 -5.02666 10700 -0.292488 0.288599 27.997 139.449 -13 6647 1 0 1
-14.674 2.32449 10700 0.0283756 -0.176002 27.9994 139.142 -13 6648 1 0 1
-35.0103 2.33629 10700 0.164973 -0.180949 27.9989 139.05 -13 6649 1 0 1
15.6508 17.2394 10700 -0.15021 -1.1335 27.9766 139.369 -13 6650 1 0 1
-3.14969 1.84599 10700 -0.0318192 -0.0317244 28 139.208 -13 6651 1 0 1
3.72756 -3.99328 10700 -0.0655621 0.16196 27.9995 139.253 -13 6652 1 0 1
17.7453 -21.4874 10700 -0.186384 1.53757 27.9571 139.414 -13 6653 1 0 1
11.4036 -7.84984 10700 -0.122896 0.493725 27.9954 139.289 -13 6654 1 0 1
14.2985 6.04 10700 -0.138286 -0.366476 27.9973 139.3 -13 6655 1 0 1
5.06411 11.9304 10700 -0.0830516 -0.757042 27.9896 139.275 -13 6656 1 0 1
44.7733 -14.3708 10700 -0.35069 0.991323 27.9802 139.502 -13 6657 1 0 1
5.12707 3.09771 10700 -0.0785293 -0.169475 27.9994 139.254 -13 6658 1 0 1
30.4733 7.30172 10700 -0.228014 -0.366711 27.9967 139.396 -13 6659 1 0 1
6.94115 -2.57825 10700 -0.0986377 0.191331 27.9992 139.254 -13 6660 1 0 1
39.8917 -6.04071 10700 -0.277126 0.38821 27.9959 139.452 -13 6661 1 0 1
21.3586 -9.35932 10700 -0.179747 0.495822 27.995 139.347 -13 6662 1 0 1
23.9778 4.67515 10700 -0.182363 -0.217491 27.9986 139.362 -13 6663 1 0 1
33.3925 -0.667197 10700 -0.250073 0.0387296 27.9989 139.394 -13 6664 1 0 1
31.4888 -6.77949 10700 -0.235715 0.442148 27.9955 139.399 -13 6665 1 0 1
19.6519 -6.43321 10700 -0.166844 0.395245 27.9967 139.332 -13 6666 1 0 1
-1.96258 -7.81783 10700 -0.0389677 0.50586 27.9954 139.225 -13 6667 1 0 1
28.9109 -2.32125 10700 -0.21749 0.183683 27.9986 139.378 -13 6668 1 0 1
37.6512 -8.21217 10700 -0.278601 0.50955 27.994 139.433 -13 6669 1 0 1
35.5608 -0.114173 10700 -0.258137 0.0605077 27.9987 139.411 -13 6670 1 0 1
-9.67175 6.70755 10700 0.00839975 -0.448925 27.9964 139.183 -13 6671 1 0 1
-11.4146 -8.24595 10700 0.0210387 0.439534 27.9965 139.177 -13 6672 1 0 1
52.1548 -6.18009 10700 -0.359273 0.486491 27.9935 139.52 -13 6673 1 0 1
-19.2557 0.428217 10700 0.0609889 -0.100512 27.9998 139.123 -13 6674 1 0 1
-3.89667 -3.85685 10700 -0.0251542 0.293584 27.9984 139.21 -13 6675 1 0 1
23.0102 4.42999 10700 -0.178861 -0.348889 27.9973 139.355 -13 6676 1 0 1
-19.74 -1.51325 10700 0.0680713 0.0878629 27.9998 139.124 -13 6677 1 0 1
10.9498 5.17877 10700 -0.113526 -0.257428 27.9986 139.287 -13 6678 1 0 1
18.5024 -9.90887 10700 -0.163042 0.631103 27.9924 139.34 -13 6679 1 0 1
-15.1333 -1.15375 10700 0.0331683 0.0509197 27.9999 139.141 -13 6680 1 0 1
12.3708 -3.55632 10700 -0.118621 0.186875 27.9991 139.295 -13 6681 1 0 1
72.4282 -9.45078 10700 -0.524123 0.770125 27.9845 139.634 -13 6682 1 0 1
-65.2755 12.6693 10700 0.394406 -0.912148 27.9824 138.926 -13 6683 1 0 1
-64.574 11.253 10700 0.370672 -0.82849 27.9853 138.913 -13 6684 1 0 1
-18.1183 -3.73053 10700 0.0585871 0.202217 27.9992 139.135 -13 6685 1 0 1
-12.3846 -8.73667 10700 0.0154159 0.41357 27.9969 139.162 -13 6686 1 0 1
17.2287 1.12416 10700 -0.1345 -0.13511 27.9994 139.332 -13 6687 1 0 1
-13.9159 -14.9002 10700 0.0342314 1.10749 27.9781 139.194 -13 6688 1 0 1
-9.51142 1.0161 10700 0.00759778 -0.111227 27.9998 139.178 -13 6689 1 0 1
14.9316 0.0205729 10700 -0.141661 0.0112873 27.9996 139.296 -13 6690 1 0 1
-13.0793 6.73143 10700 0.0196579 -0.519447 27.9952 139.159 -13 6691 1 0 1
1.46308 0.812415 10700 -0.0579514 -0.093821 27.9998 139.233 -13 6692 1 0 1
-55.1749 2.93191 10700 0.290151 -0.214334 27.9977 138.944 -13 6693 1 0 1
-9.7808 -7.99485 10700 0.00840362 0.591664 27.9937 139.189 -13 6694 1 0 1
40.0832 -0.499981 10700 -0.279668 0.0702447 27.9985 139.442 -13 6695 1 0 1
-13.8894 18.8194 10700 0.0331723 -1.33182 27.9683 139.214 -13 6696 1 0 1
33.935 -18.7796 10700 -0.305702 1.37014 27.9648 139.476 -13 6697 1 0 1
-3.44527 17.2296 10700 -0.0376959 -1.2042 27.9741 139.258 -13 6698 1 0 1
8.92291 3.2342 10700 -0.101705 -0.226198 27.9989 139.273 -13 6699 1 0 1
25.5194 -4.30647 10700 -0.185965 0.294442 27.9978 139.376 -13 6700 1 0 1
37.3311 0.0146963 10700 -0.266075 0.00694958 27.9987 139.423 -13 6701 1 0 1
13.3431 -10.0572 10700 -0.134718 0.601741 27.9932 139.308 -13 6702 1 0 1
65.2754 -3.96817 10700 -0.449201 0.328426 27.9945 139.579 -13 6703 1 0 1
20.3291 -6.31123 10700 -0.171773 0.39978 27.9966 139.334 -13 6704 1 0 1
-46.6921 3.07179 10700 0.229755 -0.248602 27.998 138.983 -13 6705 1 0 1
-33.9204 11.129 10700 0.164699 -0.707363 27.9906 139.074 -13 6706 1 0 1
-1.74318 -5.47747 10700 -0.0316623 0.272968 27.9987 139.229 -13 6707 1 0 1
-1.71393 0.287783 10700 -0.0478688 0.0995312 27.9998 139.209 -13 6708 1 0 1
24.861 -10.7707 10700 -0.202488 0.733132 27.9897 139.378 -13 6709 1 0 1
-24.1829 2.63153 10700 0.0984256 -0.0721121 27.9997 139.105 -13 6710 1 0 1
9.74646 -3.2389 10700 -0.10428 0.237658 27.9988 139.28 -13 6711 1 0 1
-5.36769 5.87091 10700 -0.0103777 -0.32116 27.9982 139.212 -13 6712 1 0 1
51.3102 -2.79514 10700 -0.350299 0.216385 27.997 139.506 -13 6713 1 0 1
40.8599 1.32053 10700 -0.286486 -0.0754938 27.9984 139.445 -13 6714 1 0 1
-40.5862 -10.1967 10700 0.193783 0.679539 27.9911 139.026 -13 6715 1 0 1
25.7494 8.7191 10700 -0.204575 -0.586859 27.9931 139.376 -13 6716 1 0 1
35.2908 -6.94296 10700 -0.2534 0.392697 27.9961 139.424 -13 6717 1 0 1
21.1748 -14.7708 10700 -0.178478 0.927373 27.9841 139.383 -13 6718 1 0 1
-48.753 20.1018 10700 0.296718 -1.50712 27.9578 139.039 -13 6719 1 0 1
12.6142 -2.83332 10700 -0.123395 0.112327 27.9995 139.291 -13 6720 1 0 1
28.711 -7.28056 10700 -0.209816 0.450499 27.9956 139.394 -13 6721 1 0 1
-2.83626 18.3594 10700 -0.0359348 -1.25571 27.9718 139.275 -13 6722 1 0 1
61.6728 -7.2944 10700 -0.425381 0.516195 27.992 139.573 -13 6723 1 0 1
-14.4919 -12.1705 10700 0.0364536 0.830485 27.9877 139.174 -13 6724 1 0 1
25.6619 -18.4501 10700 -0.2363 1.32084 27.9678 139.43 -13 6725 1 0 1
6.46113 -7.71199 10700 -0.08365 0.440574 27.9964 139.271 -13 6726 1 0 1
-16.8958 11.73 10700 0.0549045 -0.797284 27.9886 139.163 -13 6727 1 0 1
19.5297 2.95897 10700 -0.160236 -0.221982 27.9987 139.332 -13 6728 1 0 1
-36.5029 12.3866 10700 0.172595 -0.732393 27.9899 139.054 -13 6729 1 0 1
-28.8045 9.50692 10700 0.118905 -0.65728 27.992 139.085 -13 6730 1 0 1
40.5496 -1.76121 10700 -0.289266 0.0975061 27.9983 139.439 -13 6731 1 0 1
-51.9 2.11384 10700 0.251124 -0.197828 27.9982 138.945 -13 6732 1 0 1
-13.9735 16.7783 10700 0.0281282 -1.18616 27.9748 139.195 -13 6733 1 0 1
44.0608 -5.12117 10700 -0.310506 0.32706 27.9964 139.466 -13 6734 1 0 1
53.5037 -13.0742 10700 -0.410149 1.08099 27.9761 139.554 -13 6735 1 0 1
28.3266 -8.72279 10700 -0.215387 0.589752 27.993 139.394 -13 6736 1 0 1
-28.7472 19.6089 10700 0.150516 -1.46211 27.9614 139.149 -13 6737 1 0 1
-35.4277 10.0039 10700 0.162384 -0.60727 27.9929 139.052 -13 6738 1 0 1
-24.8192 6.63239 10700 0.0935832 -0.473124 27.9958 139.098 -13 6739 1 0 1
48.3211 -4.22021 10700 -0.332919 0.28914 27.9965 139.491 -13 6740 1 0 1
-31.296 -3.56668 10700 0.140948 0.182343 27.9991 139.068 -13 6741 1 0 1
-4.1724 1.10147 10700 -0.0162932 -0.13821 27.9997 139.214 -13 6742 1 0 1
0.327692 6.59736 10700 -0.0628367 -0.459346 27.9962 139.223 -13 6743 1 0 1
-74.7182 11.9531 10700 0.439725 -0.975176 27.9796 138.853 -13 6744 1 0 1
9.8586 -0.886155 10700 -0.110534 0.126139 27.9995 139.273 -13 6745 1 0 1
-53.0014 14.8781 10700 0.30295 -1.12919 27.9756 138.989 -13 6746 1 0 1
-19.3567 1.60293 10700 0.0694236 -0.0522269 27.9999 139.13 -13 6747 1 0 1
15.3926 -17.9449 10700 -0.164833 1.16462 27.9753 139.357 -13 6748 1 0 1
-58.1049 -4.70629 10700 0.297678 0.312306 27.9967 138.92 -13 6749 1 0 1
38.5657 6.40098 10700 -0.283489 -0.402242 27.9957 139.431 -13 6750 1 0 1
-40.5169 -8.94268 10700 0.201129 0.604778 27.9927 139.032 -13 6751 1 0 1
48.4947 1.90246 10700 -0.336737 -0.0374611 27.998 139.482 -13 6752 1 0 1
29.0185 -14.7864 10700 -0.234196 1.06647 27.9787 139.429 -13 6753 1 0 1
0.480246 7.56897 10700 -0.0550841 -0.536176 27.9948 139.238 -13 6754 1 0 1
-33.4011 -4.69542 10700 0.150991 0.335895 27.9976 139.055 -13 6755 1 0 1
31.8666 -23.3281 10700 -0.308286 1.71992 27.9454 139.524 -13 6756 1 0 1
-24.4809 7.08707 10700 0.105129 -0.360244 27.9975 139.114 -13 6757 1 0 1
13.0249 -22.4437 10700 -0.156618 1.49391 27.9597 139.386 -13 6758 1 0 1
22.6363 -23.7324 10700 -0.244594 1.74507 27.9445 139.468 -13 6759 1 0 1
22.3486 4.68734 10700 -0.167841 -0.311963 27.9978 139.36 -13 6760 1 0 1
-8.05922 9.27324 10700 -0.00885197 -0.495296 27.9956 139.188 -13 6761 1 0 1
16.7478 3.69075 10700 -0.15448 -0.199099 27.9989 139.307 -13 6762 1 0 1
-12.8681 -1.39577 10700 0.0298413 0.0923549 27.9998 139.163 -13 6763 1 0 1
42.3339 7.17129 10700 -0.302184 -0.52601 27.9934 139.465 -13 6764 1 0 1
24.6121 0.455098 10700 -0.188864 0.0215553 27.9994 139.357 -13 6765 1 0 1
-5.75915 5.16894 10700 -0.00487263 -0.311844 27.9983 139.212 -13 6766 1 0 1
-19.192 8.60285 10700 0.0599408 -0.552529 27.9945 139.133 -13 6767 1 0 1
-23.0367 5.17886 10700 0.0756316 -0.344338 27.9978 139.097 -13 6768 1 0 1
-11.1791 -1.16962 10700 0.016673 0.0547018 27.9999 139.168 -13 6769 1 0 1
44.0237 -10.2426 10700 -0.315933 0.647278 27.9907 139.487 -13 6770 1 0 1
-28.2755 20.2049 10700 0.148786 -1.46046 27.9615 139.155 -13 6771 1 0 1
13.7404 -10.944 10700 -0.130292 0.774098 27.989 139.324 -13 6772 1 0 1
52.013 -5.19296 10700 -0.353396 0.341364 27.9957 139.518 -13 6773 1 0 1
-39.1857 13.7962 10700 0.205236 -0.916654 27.9842 139.059 -13 6774 1 0 1
21.5225 -3.48331 10700 -0.180653 0.252151 27.9983 139.334 -13 6775 1 0 1
17.4736 6.91607 10700 -0.166577 -0.487665 27.9953 139.311 -13 6776 1 0 1
-44.7526 22.3017 10700 0.284201 -1.76301 27.943 139.084 -13 6777 1 0 1
72.6873 -14.3414 10700 -0.562344 1.27997 27.9651 139.692 -13 6778 1 0 1
42.3539 -13.4496 10700 -0.315487 0.937264 27.9825 139.497 -13 6779 1 0 1
-9.96095 -6.42642 10700 0.00450474 0.35607 27.9977 139.175 -13 6780 1 0 1
-55.3638 -9.07749 10700 0.2993 0.657905 27.9907 138.955 -13 6781 1 0 1
-32.0632 12.1696 10700 0.153821 -0.790147 27.9884 139.086 -13 6782 1 0 1
26.7851 -1.53336 10700 -0.201139 0.0759821 27.9992 139.37 -13 6783 1 0 1
-0.370921 9.39459 10700 -0.0478346 -0.486915 27.9957 139.235 -13 6784 1 0 1
5.26177 5.73222 10700 -0.0774567 -0.373664 27.9974 139.261 -13 6785 1 0 1
27.0306 -13.9315 10700 -0.226643 0.900257 27.9846 139.4 -13 6786 1 0 1
-23.8502 2.21859 10700 0.0894161 -0.0363433 27.9998 139.099 -13 6787 1 0 1
-6.19355 0.123175 10700 -0.00920045 0.0131865 28 139.197 -13 6788 1 0 1
-15.4064 14.5576 10700 0.0386726 -0.92494 27.9847 139.173 -13 6789 1 0 1
59.3028 -6.59991 10700 -0.399309 0.415908 27.9941 139.564 -13 6790 1 0 1
-35.2696 14.7262 10700 0.190246 -1.04126 27.98 139.093 -13 6791 1 0 1
-2.59202 -8.35977 10700 -0.0186258 0.634396 27.9928 139.243 -13 6792 1 0 1
7.96613 -5.95895 10700 -0.086821 0.411021 27.9968 139.282 -13 6793 1 0 1
31.5991 -3.19766 10700 -0.239632 0.233322 27.998 139.388 -13 6794 1 0 1
-10.5847 6.97157 10700 0.0149989 -0.369324 27.9976 139.179 -13 6795 1 0 1
29.9211 9.22978 10700 -0.237031 -0.507915 27.9944 139.387 -13 6796 1 0 1
-12.1216 0.345197 10700 0.0255956 0.0142461 28 139.166 -13 6797 1 0 1
-0.85542 -3.70428 10700 -0.0405297 0.16718 27.9995 139.227 -13 6798 1 0 1
-9.89979 3.06584 10700 0.0104978 -0.174522 27.9995 139.178 -13 6799 1 0 1
-26.9324 7.88442 10700 0.12076 -0.640374 27.9924 139.106 -13 6800 1 0 1
11.3074 -2.05779 10700 -0.121562 0.0201208 27.9997 139.278 -13 6801 1 0 1
-8.33226 -8.51885 10700 0.00442592 0.551459 27.9946 139.2 -13 6802 1 0 1
-16.2053 19.922 10700 0.048646 -1.35364 27.9672 139.205 -13 6803 1 0 1
-23.4307 10.3245 10700 0.100395 -0.692498 27.9913 139.129 -13 6804 1 0 1
-8.60138 2.97543 10700 0.00465705 -0.111465 27.9998 139.186 -13 6805 1 0 1
-6.27285 -0.931075 10700 -0.0185853 0.108686 27.9998 139.187 -13 6806 1 0 1
-36.5071 7.23888 10700 0.176105 -0.496501 27.995 139.048 -13 6807 1 0 1
-35.7926 7.25443 10700 0.178349 -0.41714 27.9963 139.058 -13 6808 1 0 1
-17.3658 -14.8364 10700 0.0678822 0.980732 27.9827 139.18 -13 6809 1 0 1
16.18 -7.70595 10700 -0.134664 0.502627 27.9952 139.331 -13 6810 1 0 1
-14.8047 20.0549 10700 0.038464 -1.41819 27.964 139.213 -13 6811 1 0 1
-14.8011 -6.32947 10700 0.0527845 0.385086 27.9973 139.168 -13 6812 1 0 1
-3.09871 20.9608 10700 -0.0369238 -1.32675 27.9685 139.286 -13 6813 1 0 1
-50.8589 9.17238 10700 0.276669 -0.627164 27.9916 138.986 -13 6814 1 0 1
49.9306 -19.7354 10700 -0.437853 1.70125 27.9448 139.618 -13 6815 1 0 1
-33.5544 -1.04888 10700 0.153341 -0.0017942 27.9996 139.054 -13 6816 1 0 1
21.2753 2.18947 10700 -0.183469 -0.190574 27.9988 139.327 -13 6817 1 0 1
42.4622 -12.1562 10700 -0.309942 0.901689 27.9838 139.495 -13 6818 1 0 1
2.30004 12.8561 10700 -0.0572998 -0.764523 27.9895 139.273 -13 6819 1 0 1
-20.0375 11.5149 10700 0.0696292 -0.736652 27.9902 139.139 -13 6820 1 0 1
-24.6066 4.56122 10700 0.0887734 -0.229178 27.9989 139.093 -13 6821 1 0 1
20.8709 -6.41867 10700 -0.168517 0.516517 27.9947 139.35 -13 6822 1 0 1
18.2593 1.08569 10700 -0.148234 -0.0318133 27.9996 139.327 -13 6823 1 0 1
3.69494 -10.1671 10700 -0.0675897 0.590564 27.9937 139.266 -13 6824 1 0 1
16.4997 -3.18362 10700 -0.152804 0.221934 27.9987 139.306 -13 6825 1 0 1
34.3991 -12.8398 10700 -0.275009 0.915991 27.9837 139.436 -13 6826 1 0 1
22.496 -13.3041 10700 -0.194922 0.909802 27.9845 139.375 -13 6827 1 0 1
-22.3777 10.7394 10700 0.0806822 -0.664851 27.992 139.123 -13 6828 1 0 1
-10.9667 -6.7849 10700 0.0180979 0.461262 27.9962 139.178 -13 6829 1 0 1
-25.9369 -10.7274 10700 0.108831 0.686699 27.9914 139.109 -13 6830 1 0 1
-3.3043 2.34496 10700 -0.0365956 -0.127361 27.9997 139.203 -13 6831 1 0 1
41.9924 4.61042 10700 -0.305433 -0.324333 27.9965 139.445 -13 6832 1 0 1
50.2886 2.31634 10700 -0.347885 -0.121673 27.9976 139.494 -13 6833 1 0 1
-24.6512 7.65164 10700 0.106688 -0.421657 27.9966 139.113 -13 6834 1 0 1
7.79127 -2.76342 10700 -0.0981335 0.208777 27.999 139.264 -13 6835 1 0 1
-36.6676 10.8832 10700 0.17712 -0.676246 27.9913 139.055 -13 6836 1 0 1
71.9427 -12.5457 10700 -0.53174 1.08183 27.974 139.67 -13 6837 1 0 1
-37.0253 -6.56603 10700 0.168303 0.473997 27.9955 139.034 -13 6838 1 0 1
54.6243 1.19994 10700 -0.368199 -0.0855959 27.9974 139.525 -13 6839 1 0 1
34.5085 -3.07187 10700 -0.250986 0.247156 27.9978 139.41 -13 6840 1 0 1
-5.24317 0.329681 10700 -0.0185547 -0.0984268 27.9998 139.199 -13 6841 1 0 1
-7.37292 -10.1844 10700 -0.00935341 0.58474 27.9939 139.2 -13 6842 1 0 1
-16.1263 7.83535 10700 0.0377367 -0.48007 27.9959 139.141 -13 6843 1 0 1
21.6879 -19.5389 10700 -0.214086 1.4001 27.9642 139.415 -13 6844 1 0 1
-12.8282 10.3912 10700 0.0265778 -0.683094 27.9917 139.177 -13 6845 1 0 1
-61.6048 8.70217 10700 0.344245 -0.668022 27.9899 138.924 -13 6846 1 0 1
23.3276 0.00238532 10700 -0.177049 0.0753109 27.9993 139.355 -13 6847 1 0 1
-4.16913 0.271549 10700 -0.0211079 -0.061814 27.9999 139.208 -13 6848 1 0 1
8.55338 1.80053 10700 -0.104199 -0.145007 27.9994 139.265 -13 6849 1 0 1
31.2108 -2.70889 10700 -0.233519 0.238448 27.998 139.389 -13 6850 1 0 1
-18.4879 -4.73118 10700 0.0647546 0.205548 27.9992 139.137 -13 6851 1 0 1
-20.4881 13.5822 10700 0.070457 -0.879631 27.9861 139.142 -13 6852 1 0 1
-35.9207 -19.8136 10700 0.200534 1.47515 27.9604 139.109 -13 6853 1 0 1
57.3715 -19.11 10700 -0.487994 1.64488 27.9474 139.657 -13 6854 1 0 1
13.7171 5.728 10700 -0.133628 -0.301639 27.9981 139.298 -13 6855 1 0 1
12.0076 -6.38153 10700 -0.114779 0.41988 27.9966 139.299 -13 6856 1 0 1
-16.3714 10.7793 10700 0.0450138 -0.69326 27.9914 139.155 -13 6857 1 0 1
-15.8717 -0.795997 10700 0.0408244 0.0299339 28 139.14 -13 6858 1 0 1
-20.4765 1.43649 10700 0.0702683 -0.129939 27.9996 139.118 -13 6859 1 0 1
11.8514 -6.15691 10700 -0.121732 0.320494 27.9979 139.291 -13 6860 1 0 1
62.2969 -17.5506 10700 -0.500177 1.35197 27.9629 139.653 -13 6861 1 0 1
-42.4625 4.79026 10700 0.208457 -0.351005 27.997 139.01 -13 6862 1 0 1
20.1518 -5.73797 10700 -0.176157 0.383135 27.9968 139.327 -13 6863 1 0 1
-8.51314 0.552362 10700 -0.000324516 0.00244193 28 139.18 -13 6864 1 0 1
32.7954 -26.8975 10700 -0.391064 2.37108 27.8967 139.626 -13 6865 1 0 1
-8.70699 1.89779 10700 0.00315459 -0.188372 27.9994 139.183 -13 6866 1 0 1
-20.0923 8.04281 10700 0.0600539 -0.465433 27.9961 139.119 -13 6867 1 0 1
-14.0278 4.78028 10700 0.0381105 -0.295029 27.9984 139.162 -13 6868 1 0 1
-10.201 3.23004 10700 0.0109086 -0.141196 27.9996 139.175 -13 6869 1 0 1
-65.5817 9.72287 10700 0.372979 -0.686074 27.9891 138.905 -13 6870 1 0 1
20.0248 -10.3559 10700 -0.170363 0.719958 27.9902 139.352 -13 6871 1 0 1
16.9965 -17.9784 10700 -0.160641 1.10016 27.9779 139.374 -13 6872 1 0 1
32.4227 -7.88757 10700 -0.23018 0.516128 27.9943 139.421 -13 6873 1 0 1
37.0273 9.22162 10700 -0.273312 -0.579931 27.9927 139.438 -13 6874 1 0 1
-32.6175 14.9813 10700 0.158547 -0.909322 27.9848 139.091 -13 6875 1 0 1
98.123 -12.8507 10700 -0.850997 2.00957 27.9148 139.941 -13 6876 1 0 1
67.1858 -11.9909 10700 -0.494268 0.931053 27.9802 139.626 -13 6877 1 0 1
9.94432 6.7393 10700 -0.104963 -0.505057 27.9952 139.291 -13 6878 1 0 1
11.7052 -12.9892 10700 -0.126793 0.964012 27.9831 139.32 -13 6879 1 0 1
44.8859 -13.8481 10700 -0.334474 0.95157 27.9818 139.513 -13 6880 1 0 1
17.0962 -17.3993 10700 -0.171026 1.22848 27.9725 139.375 -13 6881 1 0 1
55.2 -14.9478 10700 -0.422415 1.19118 27.9715 139.587 -13 6882 1 0 1
64.6992 -11.1982 10700 -0.464462 0.897825 27.9817 139.615 -13 6883 1 0 1
63.2048 -6.06103 10700 -0.443113 0.53865 27.9913 139.574 -13 6884 1 0 1
59.9771 -7.71833 10700 -0.412197 0.63022 27.9899 139.575 -13 6885 1 0 1
37.8453 -10.4649 10700 -0.287756 0.716023 27.9894 139.444 -13 6886 1 0 1
-46.5809 -6.56882 10700 0.225605 0.401473 27.9962 138.981 -13 6887 1 0 1
59.4127 -6.65633 10700 -0.416502 0.577877 27.9909 139.558 -13 6888 1 0 1
34.4968 -15.9751 10700 -0.282034 1.04754 27.979 139.455 -13 6889 1 0 1
-23.5042 10.5965 10700 0.0991588 -0.736938 27.9901 139.128 -13 6890 1 0 1
11.5365 4.11661 10700 -0.121742 -0.168895 27.9992 139.282 -13 6891 1 0 1
6.74057 8.09823 10700 -0.0793409 -0.428941 27.9966 139.28 -13 6892 1 0 1
8.94214 -6.12429 10700 -0.102166 0.400966 27.9969 139.277 -13 6893 1 0 1
48.0467 8.16692 10700 -0.351875 -0.626256 27.9908 139.491 -13 6894 1 0 1
-18.9294 -8.88854 10700 0.062558 0.610429 27.9933 139.141 -13 6895 1 0 1
-23.7639 2.64216 10700 0.0889236 -0.11278 27.9996 139.101 -13 6896 1 0 1
40.8984 -10.3072 10700 -0.302841 0.722892 27.989 139.465 -13 6897 1 0 1
40.874 -0.922271 10700 -0.286288 0.211347 27.9977 139.447 -13 6898 1 0 1
-3.69772 4.4017 10700 -0.0206624 -0.306429 27.9983 139.218 -13 6899 1 0 1
39.7921 -5.95583 10700 -0.278013 0.379159 27.9961 139.45 -13 6900 1 0 1
-1.13649 8.43613 10700 -0.0472187 -0.5983 27.9936 139.231 -13 6901 1 0 1
38.5234 3.05579 10700 -0.281663 -0.256489 27.9974 139.426 -13 6902 1 0 1
36.2591 6.52028 10700 -0.266381 -0.461441 27.9949 139.423 -13 6903 1 0 1
50.2007 -1.97313 10700 -0.347872 0.247967 27.9967 139.495 -13 6904 1 0 1
22.4572 -11.9874 10700 -0.187886 0.805251 27.9878 139.371 -13 6905 1 0 1
1.018 -1.92634 10700 -0.0564501 0.146444 27.9996 139.23 -13 6906 1 0 1
-2.28221 -4.99694 10700 -0.0445709 0.316864 27.9982 139.21 -13 6907 1 0 1
-2.66178 -3.22542 10700 -0.0369054 0.264155 27.9987 139.211 -13 6908 1 0 1
-4.67952 17.7306 10700 -0.0344457 -1.11252 27.9779 139.241 -13 6909 1 0 1
-12.8451 -3.51796 10700 0.0407583 0.384321 27.9973 139.178 -13 6910 1 0 1
12.4808 -5.7542 10700 -0.121284 0.351433 27.9975 139.297 -13 6911 1 0 1
2.00868 24.7509 10700 -0.0865953 -1.83982 27.9394 139.358 -13 6912 1 0 1
-28.6925 -0.763193 10700 0.124171 0.0713592 27.9996 139.08 -13 6913 1 0 1
33.8654 3.87329 10700 -0.248152 -0.246389 27.9978 139.406 -13 6914 1 0 1
-11.4669 4.6037 10700 0.0147291 -0.182125 27.9994 139.166 -13 6915 1 0 1
-37.1892 21.8973 10700 0.214341 -1.58802 27.9541 139.112 -13 6916 1 0 1
-54.3146 6.37739 10700 0.288247 -0.358689 27.9962 138.954 -13 6917 1 0 1
-43.7581 2.30709 10700 0.218679 -0.184273 27.9985 139.005 -13 6918 1 0 1
39.9223 -15.1304 10700 -0.306678 1.1759 27.9736 139.504 -13 6919 1 0 1
55.0692 -3.71958 10700 -0.375877 0.217487 27.9966 139.527 -13 6920 1 0 1
-6.41403 4.29696 10700 -0.00797478 -0.268647 27.9987 139.2 -13 6921 1 0 1
-12.9497 0.994153 10700 0.0356575 0.0154187 28 139.168 -13 6922 1 0 1
-43.3021 11.7177 10700 0.218943 -0.774838 27.9884 139.019 -13 6923 1 0 1
-45.5047 16.6163 10700 0.256509 -1.18893 27.9736 139.038 -13 6924 1 0 1
-43.3065 4.96018 10700 0.213865 -0.351505 27.997 139.006 -13 6925 1 0 1
69.8424 -10.6897 10700 -0.496703 1.01328 27.9773 139.658 -13 6926 1 0 1
-39.6234 19.9929 10700 0.22943 -1.47131 27.9604 139.091 -13 6927 1 0 1
-10.3084 3.99839 10700 0.00860273 -0.235364 27.999 139.172 -13 6928 1 0 1
-4.41669 -5.01303 10700 -0.0232627 0.432718 27.9966 139.209 -13 6929 1 0 1
18.9994 -9.3147 10700 -0.167974 0.603937 27.993 139.338 -13 6930 1 0 1
25.0495 -8.80845 10700 -0.192097 0.503806 27.9948 139.375 -13 6931 1 0 1
21.4302 9.51988 10700 -0.18461 -0.629077 27.9923 139.35 -13 6932 1 0 1
54.6285 -8.3919 10700 -0.383595 0.590086 27.9912 139.538 -13 6933 1 0 1
19.2871 14.4988 10700 -0.163203 -0.943696 27.9836 139.377 -13 6934 1 0 1
-18.2927 -3.30294 10700 0.0464189 0.296041 27.9984 139.122 -13 6935 1 0 1
-4.65244 -4.69736 10700 -0.0290234 0.311078 27.9983 139.199 -13 6936 1 0 1
-22.9326 3.93031 10700 0.0945066 -0.244869 27.9988 139.117 -13 6937 1 0 1
58.4173 1.07602 10700 -0.389322 -0.059193 27.9972 139.549 -13 6938 1 0 1
23.8473 -0.113129 10700 -0.182315 0.0443402 27.9994 139.355 -13 6939 1 0 1
-31.9206 2.04831 10700 0.140159 -0.139403 27.9993 139.06 -13 6940 1 0 1
1.69603 -6.02448 10700 -0.0587747 0.403727 27.997 139.24 -13 6941 1 0 1
-28.7993 9.15466 10700 0.132121 -0.552626 27.9942 139.095 -13 6942 1 0 1
8.05582 -6.11984 10700 -0.0873406 0.369644 27.9974 139.282 -13 6943 1 0 1
66.1207 -3.08315 10700 -0.44243 0.258774 27.9953 139.592 -13 6944 1 0 1
-31.1346 9.77176 10700 0.135713 -0.595643 27.9933 139.074 -13 6945 1 0 1
-18.4652 6.86513 10700 0.0516777 -0.476629 27.9959 139.128 -13 6946 1 0 1
12.8786 -1.97277 10700 -0.123978 0.039574 27.9997 139.292 -13 6947 1 0 1
41.4232 -11.6223 10700 -0.313082 0.909196 27.9835 139.478 -13 6948 1 0 1
6.3806 1.33623 10700 -0.0924389 -0.0656657 27.9998 139.252 -13 6949 1 0 1
-49.8563 12.3971 10700 0.263492 -0.720634 27.9895 138.988 -13 6950 1 0 1
-22.8717 -5.90648 10700 0.092122 0.326495 27.9979 139.117 -13 6951 1 0 1
28.7867 -1.65226 10700 -0.205898 0.0505006 27.9992 139.387 -13 6952 1 0 1
0.202382 21.5275 10700 -0.068565 -1.5695 27.9559 139.311 -13 6953 1 0 1
-23.454 21.1507 10700 0.0991552 -1.3688 27.9663 139.17 -13 6954 1 0 1
46.1947 -13.8541 10700 -0.34773 0.930999 27.9824 139.515 -13 6955 1 0 1
25.6724 -3.92546 10700 -0.202647 0.206644 27.9985 139.359 -13 6956 1 0 1
0.487936 -4.2759 10700 -0.0552232 0.220177 27.9991 139.228 -13 6957 1 0 1
-20.6164 -2.55038 10700 0.0748977 0.231843 27.9989 139.123 -13 6958 1 0 1
-51.2031 -3.23425 10700 0.264075 0.283785 27.9973 138.966 -13 6959 1 0 1
-11.5742 14.3469 10700 0.0221007 -0.934312 27.9844 139.202 -13 6960 1 0 1
8.34513 6.14279 10700 -0.110898 -0.433684 27.9964 139.262 -13 6961 1 0 1
27.5225 4.49899 10700 -0.205432 -0.261166 27.998 139.379 -13 6962 1 0 1
51.9294 -3.96196 10700 -0.354681 0.353347 27.9955 139.512 -13 6963 1 0 1
6.71171 -0.610926 10700 -0.0879411 0.0573952 27.9998 139.26 -13 6964 1 0 1
-21.9303 5.27218 10700 0.0827156 -0.322962 27.998 139.118 -13 6965 1 0 1
-43.2382 -7.91237 10700 0.217575 0.518941 27.9943 139.013 -13 6966 1 0 1
1.13975 -4.85025 10700 -0.0619408 0.345868 27.9978 139.229 -13 6967 1 0 1
13.9671 9.07568 10700 -0.140666 -0.520028 27.9948 139.302 -13 6968 1 0 1
-23.0666 9.32712 10700 0.0887252 -0.643194 27.9925 139.12 -13 6969 1 0 1
3.98674 -8.41516 10700 -0.075815 0.527526 27.9949 139.256 -13 6970 1 0 1
58.3354 -0.426753 10700 -0.386429 0.025011 27.9973 139.55 -13 6971 1 0 1
-9.79411 -14.9421 10700 0.016271 0.980607 27.9828 139.218 -13 6972 1 0 1
23.1077 -1.57629 10700 -0.181976 0.132815 27.9991 139.348 -13 6973 1 0 1
-3.24502 8.5791 10700 -0.0314642 -0.69129 27.9914 139.224 -13 6974 1 0 1
52.2684 -15.6047 10700 -0.400018 1.14143 27.9739 139.569 -13 6975 1 0 1
30.7348 -2.96908 10700 -0.223906 0.228036 27.9982 139.394 -13 6976 1 0 1
3.20615 14.3745 10700 -0.0632186 -0.866208 27.9865 139.286 -13 6977 1 0 1
-32.8776 11.4292 10700 0.161058 -0.680162 27.9913 139.084 -13 6978 1 0 1
-6.39676 -3.96225 10700 -0.0171129 0.313689 27.9982 139.19 -13 6979 1 0 1
-36.6202 3.55542 10700 0.154899 -0.151514 27.9992 139.024 -13 6980 1 0 1
62.3332 -5.81282 10700 -0.416075 0.405687 27.994 139.581 -13 6981 1 0 1
12.4244 14.2035 10700 -0.128987 -0.865241 27.9863 139.325 -13 6982 1 0 1
20.1837 9.00561 10700 -0.172463 -0.650699 27.9919 139.347 -13 6983 1 0 1
30.3034 -9.69377 10700 -0.232056 0.693457 27.9904 139.406 -13 6984 1 0 1
23.3942 -2.09938 10700 -0.181278 0.0980439 27.9992 139.352 -13 6985 1 0 1
1.9271 -8.67297 10700 -0.0693878 0.559717 27.9943 139.242 -13 6986 1 0 1
13.1965 -17.3749 10700 -0.148851 1.18253 27.9746 139.346 -13 6987 1 0 1
16.2592 -3.37896 10700 -0.148523 0.343785 27.9975 139.308 -13 6988 1 0 1
-23.3065 -8.34991 10700 0.0911301 0.516709 27.9951 139.115 -13 6989 1 0 1
-31.9414 -0.13041 10700 0.145367 -0.022996 27.9996 139.064 -13 6990 1 0 1
-55.697 13.274 10700 0.309059 -0.937434 27.9826 138.962 -13 6991 1 0 1
34.3256 -7.94014 10700 -0.251507 0.59291 27.9926 139.426 -13 6992 1 0 1
40.6336 -12.3244 10700 -0.305479 0.895555 27.984 139.477 -13 6993 1 0 1
2.42994 8.96789 10700 -0.0643148 -0.499423 27.9955 139.249 -13 6994 1 0 1
-5.69313 4.66857 10700 -0.0246401 -0.245351 27.9989 139.191 -13 6995 1 0 1
20.1255 5.1578 10700 -0.162515 -0.378212 27.997 139.34 -13 6996 1 0 1
-13.2205 7.98347 10700 0.0302622 -0.483891 27.9958 139.167 -13 6997 1 0 1
-24.9607 -6.7657 10700 0.100257 0.362912 27.9975 139.102 -13 6998 1 0 1
31.3501 3.61973 10700 -0.235027 -0.290162 27.9975 139.391 -13 6999 1 0 1
-27.396 2.61011 10700 0.124265 -0.119352 27.9995 139.095 -13 7000 1 0 1
-6.81358 -6.18259 10700 0.000106735 0.401598 27.9971 139.205 -13 7001 1 0 1
18.6059 -9.41134 10700 -0.165947 0.515169 27.9948 139.33 -13 7002 1 0 1
18.1818 -3.17675 10700 -0.16138 0.162088 27.9991 139.315 -13 7003 1 0 1
-40.7887 17.5358 10700 0.225836 -1.21508 27.9727 139.068 -13 7004 1 0 1
7.66105 1.72706 10700 -0.0953406 -0.225193 27.9989 139.265 -13 7005 1 0 1
-32.1297 0.923035 10700 0.15044 -0.0536143 27.9995 139.067 -13 7006 1 0 1
-1.27978 2.7413 10700 -0.0458373 -0.234829 27.999 139.217 -13 7007 1 0 1
72.0756 -16.9626 10700 -0.596377 1.60287 27.9477 139.734 -13 7008 1 0 1
11.5778 -0.411273 10700 -0.111515 0.0235783 27.9998 139.29 -13 7009 1 0 1
12.8957 -13.7196 10700 -0.122192 0.875147 27.9861 139.336 -13 7010 1 0 1
-30.1672 20.9845 10700 0.154785 -1.55859 27.9562 139.142 -13 7011 1 0 1
-51.9325 9.95668 10700 0.275388 -0.661272 27.9908 138.973 -13 7012 1 0 1
25.625 2.91118 10700 -0.204699 -0.192104 27.9986 139.355 -13 7013 1 0 1
-12.8434 -2.00894 10700 0.0325273 0.0612931 27.9999 139.166 -13 7014 1 0 1
-52.0737 18.0875 10700 0.308611 -1.26345 27.9698 139.009 -13 7015 1 0 1
59.5503 -13.1124 10700 -0.443346 1.09969 27.9749 139.6 -13 7016 1 0 1
-4.8774 2.50737 10700 -0.0226455 -0.146563 27.9996 139.2 -13 7017 1 0 1
32.0597 -6.96821 10700 -0.238076 0.426004 27.9957 139.403 -13 7018 1 0 1
-28.7294 10.7615 10700 0.128936 -0.558428 27.9941 139.094 -13 7019 1 0 1
-5.64144 9.98063 10700 -0.0130713 -0.716913 27.9908 139.218 -13 7020 1 0 1
-23.6978 0.930105 10700 0.0955432 -0.0199635 27.9998 139.107 -13 7021 1 0 1
41.9882 6.40609 10700 -0.307082 -0.416915 27.9952 139.448 -13 7022 1 0 1
-8.20809 -2.61175 10700 0.000234122 0.150337 27.9996 139.186 -13 7023 1 0 1
-39.7297 14.361 10700 0.213835 -0.936116 27.9835 139.062 -13 7024 1 0 1
11.4085 -8.0255 10700 -0.113416 0.534106 27.9947 139.301 -13 7025 1 0 1
41.3173 -16.2793 10700 -0.331018 1.17278 27.9735 139.505 -13 7026 1 0 1
57.432 4.3161 10700 -0.392012 -0.378519 27.9947 139.543 -13 7027 1 0 1
23.3215 -0.194344 10700 -0.184808 -0.125997 27.9991 139.348 -13 7028 1 0 1
29.1705 0.32183 10700 -0.211372 0.0430062 27.9992 139.386 -13 7029 1 0 1
15.0097 5.21668 10700 -0.134231 -0.234724 27.9987 139.311 -13 7030 1 0 1
-24.8868 -4.77616 10700 0.101286 0.292117 27.9983 139.102 -13 7031 1 0 1
30.183 -10.6993 10700 -0.232008 0.781501 27.9881 139.412 -13 7032 1 0 1
-8.67591 -4.77046 10700 0.00846664 0.325078 27.9981 139.191 -13 7033 1 0 1
7.21502 -2.7327 10700 -0.0975219 0.131669 27.9995 139.258 -13 7034 1 0 1
34.6273 -8.78287 10700 -0.263655 0.636328 27.9915 139.422 -13 7035 1 0 1
66.619 -14.1972 10700 -0.511329 1.2304 27.9683 139.652 -13 7036 1 0 1
-26.5315 1.40961 10700 0.103653 -0.0658603 27.9997 139.084 -13 7037 1 0 1
-28.1896 -12.5817 10700 0.128789 0.806831 27.9881 139.106 -13 7038 1 0 1
10.9579 2.76609 10700 -0.122572 -0.214418 27.9989 139.274 -13 7039 1 0 1
21.4655 2.01797 10700 -0.164206 -0.123074 27.9992 139.349 -13 7040 1 0 1
47.9965 -8.92747 10700 -0.349595 0.640141 27.9905 139.496 -13 7041 1 0 1
-5.69197 6.92595 10700 -0.0181451 -0.345051 27.9979 139.201 -13 7042 1 0 1
112.163 -7.53777 10700 -0.805843 1.12533 27.9658 139.899 -13 7043 1 0 1
13.8974 9.5707 10700 -0.137919 -0.596888 27.9933 139.31 -13 7044 1 0 1
18.0357 -0.438272 10700 -0.160062 -0.00602341 27.9995 139.312 -13 7045 1 0 1
-16.0027 8.05255 10700 0.0522937 -0.568443 27.9942 139.162 -13 7046 1 0 1
12.0674 -7.92419 10700 -0.113738 0.480008 27.9957 139.305 -13 7047 1 0 1
-12.7973 9.56217 10700 0.016882 -0.600214 27.9936 139.165 -13 7048 1 0 1
16.1401 9.95862 10700 -0.143753 -0.655154 27.992 139.334 -13 7049 1 0 1
61.8347 -13.0172 10700 -0.466546 1.01401 27.9777 139.599 -13 7050 1 0 1
70.6527 -5.68476 10700 -0.475567 0.470475 27.992 139.626 -13 7051 1 0 1
-41.559 0.24605 10700 0.199388 0.0613876 27.9992 139.011 -13 7052 1 0 1
-22.2436 -0.490785 10700 0.0875786 0.067889 27.9998 139.116 -13 7053 1 0 1
53.9611 -9.6475 10700 -0.390861 0.65528 27.9896 139.532 -13 7054 1 0 1
46.121 -9.74611 10700 -0.345654 0.752793 27.9877 139.485 -13 7055 1 0 1
-9.38058 -12.5239 10700 0.00524681 0.847371 27.9872 139.203 -13 7056 1 0 1
-0.225981 -11.6487 10700 -0.0570999 0.728288 27.9905 139.239 -13 7057 1 0 1
7.51493 -7.08327 10700 -0.101587 0.537217 27.9947 139.269 -13 7058 1 0 1
-0.426251 10.007 10700 -0.0581494 -0.624684 27.993 139.231 -13 7059 1 0 1
-27.6944 8.89009 10700 0.126975 -0.459216 27.9959 139.1 -13 7060 1 0 1
11.4921 5.88951 10700 -0.113465 -0.351229 27.9976 139.294 -13 7061 1 0 1
-37.9444 7.21996 10700 0.182189 -0.484024 27.9952 139.037 -13 7062 1 0 1
4.42446 -14.4309 10700 -0.0871742 0.974698 27.9829 139.28 -13 7063 1 0 1
6.14849 1.53561 10700 -0.0743464 -0.0247182 27.9999 139.268 -13 7064 1 0 1
40.4383 -21.9084 10700 -0.383927 1.74057 27.9432 139.565 -13 7065 1 0 1
-8.65259 -9.46902 10700 -0.016378 0.600128 27.9936 139.18 -13 7066 1 0 1
-31.1637 -2.03698 10700 0.134921 0.0863031 27.9995 139.063 -13 7067 1 0 1
-15.2676 -5.14479 10700 0.0382065 0.313144 27.9982 139.148 -13 7068 1 0 1
33.2838 -11.244 10700 -0.243249 0.669238 27.9909 139.436 -13 7069 1 0 1
47.337 0.0333214 10700 -0.326982 0.0335522 27.9981 139.479 -13 7070 1 0 1
-30.3484 10.0785 10700 0.137681 -0.661819 27.9918 139.087 -13 7071 1 0 1
-7.14957 10.204 10700 -0.0134082 -0.599515 27.9936 139.199 -13 7072 1 0 1
15.3284 -11.3138 10700 -0.150814 0.731172 27.99 139.321 -13 7073 1 0 1
64.2277 -4.61117 10700 -0.441843 0.340909 27.9944 139.575 -13 7074 1 0 1
-37.7297 -10.4063 10700 0.183364 0.730092 27.9899 139.047 -13 7075 1 0 1
38.3184 -15.5642 10700 -0.310769 1.20601 27.9723 139.487 -13 7076 1 0 1
0.541234 -18.4864 10700 -0.0500227 1.3424 27.9678 139.305 -13 7077 1 0 1
-59.5351 8.69091 10700 0.335318 -0.735548 27.9883 138.938 -13 7078 1 0 1
0.062029 2.17557 10700 -0.0454921 -0.0796105 27.9998 139.231 -13 7079 1 0 1
23.5834 -10.6289 10700 -0.194347 0.697 27.9906 139.37 -13 7080 1 0 1
23.5401 3.94065 10700 -0.190088 -0.218229 27.9985 139.347 -13 7081 1 0 1
-10.1458 5.2862 10700 0.00655286 -0.337799 27.998 139.173 -13 7082 1 0 1
21.1134 -6.55332 10700 -0.17861 0.424348 27.9962 139.337 -13 7083 1 0 1
40.5194 -5.52892 10700 -0.297506 0.313185 27.9967 139.439 -13 7084 1 0 1
-2.49379 -0.757385 10700 -0.0231152 0.108842 27.9998 139.225 -13 7085 1 0 1
-14.9671 0.837248 10700 0.0482984 0.00449285 28 139.158 -13 7086 1 0 1
6.69541 1.49857 10700 -0.0880361 -0.0703773 27.9998 139.26 -13 7087 1 0 1
-7.55816 -6.37397 10700 -0.00304926 0.374186 27.9975 139.193 -13 7088 1 0 1
48.2479 -14.6044 10700 -0.364438 1.1406 27.9744 139.545 -13 7089 1 0 1
22.6871 -12.4721 10700 -0.190497 0.894536 27.9851 139.378 -13 7090 1 0 1
20.253 7.47859 10700 -0.174664 -0.593834 27.9932 139.341 -13 7091 1 0 1
-13.955 3.75161 10700 0.0298057 -0.231943 27.999 139.153 -13 7092 1 0 1
0.381822 -10.3625 10700 -0.0478963 0.695241 27.9913 139.251 -13 7093 1 0 1
30.5633 -9.49031 10700 -0.230268 0.53649 27.9939 139.403 -13 7094 1 0 1
30.2078 -4.5128 10700 -0.227847 0.282123 27.9977 139.386 -13 7095 1 0 1
63.0827 -9.698 10700 -0.451401 0.745969 27.9864 139.588 -13 7096 1 0 1
35.4579 1.48911 10700 -0.260152 -0.040271 27.9988 139.407 -13 7097 1 0 1
48.8731 -17.5791 10700 -0.391998 1.3479 27.9648 139.574 -13 7098 1 0 1
6.71837 -13.464 10700 -0.0897898 0.775493 27.9891 139.292 -13 7099 1 0 1
13.7176 4.80135 10700 -0.13448 -0.279967 27.9983 139.296 -13 7100 1 0 1
2.3098 -11.3341 10700 -0.066171 0.752486 27.9898 139.259 -13 7101 1 0 1
8.82701 -5.41541 10700 -0.101754 0.269017 27.9985 139.275 -13 7102 1 0 1
-21.7487 6.13286 10700 0.0855569 -0.416895 27.9968 139.123 -13 7103 1 0 1
14.5383 1.03815 10700 -0.13316 -0.0216619 27.9997 139.301 -13 7104 1 0 1
-22.4027 -4.00976 10700 0.0835172 0.24617 27.9988 139.112 -13 7105 1 0 1
46.6459 -14.4812 10700 -0.37078 1.23636 27.9702 139.531 -13 7106 1 0 1
-3.48423 2.94077 10700 -0.0252544 -0.236406 27.999 139.214 -13 7107 1 0 1
-13.1994 -2.279 10700 0.0147244 0.120761 27.9997 139.145 -13 7108 1 0 1
33.8569 -22.2497 10700 -0.321882 1.82264 27.9388 139.544 -13 7109 1 0 1
19.7482 3.06206 10700 -0.164736 -0.215395 27.9987 139.33 -13 7110 1 0 1
1.31741 5.16988 10700 -0.0559062 -0.334734 27.9979 139.238 -13 7111 1 0 1
11.3935 -7.93555 10700 -0.112226 0.430423 27.9965 139.298 -13 7112 1 0 1
62.82 -2.60607 10700 -0.43233 0.130748 27.9964 139.56 -13 7113 1 0 1
13.3131 -22.7422 10700 -0.161971 1.82631 27.9399 139.42 -13 7114 1 0 1
43.6658 -12.0275 10700 -0.325837 0.908908 27.9833 139.494 -13 7115 1 0 1
11.6497 -8.77595 10700 -0.122606 0.472916 27.9957 139.293 -13 7116 1 0 1
25.9227 -3.17252 10700 -0.209037 0.210488 27.9984 139.354 -13 7117 1 0 1
10.485 5.58315 10700 -0.108026 -0.327771 27.9979 139.288 -13 7118 1 0 1
-1.07131 -21.9671 10700 -0.0539073 1.57215 27.9558 139.312 -13 7119 1 0 1
96.4631 -11.1734 10700 -0.738557 1.38232 27.9561 139.836 -13 7120 1 0 1
16.1612 7.48874 10700 -0.148559 -0.534158 27.9945 139.319 -13 7121 1 0 1
13.2974 19.1306 10700 -0.142328 -1.21396 27.9733 139.363 -13 7122 1 0 1
54.25 3.37013 10700 -0.36001 -0.245966 27.9966 139.534 -13 7123 1 0 1
-2.1778 8.42172 10700 -0.0416219 -0.562391 27.9943 139.223 -13 7124 1 0 1
43.0774 2.51103 10700 -0.306651 -0.127323 27.998 139.451 -13 7125 1 0 1
62.3537 3.52131 10700 -0.433081 -0.179872 27.9961 139.555 -13 7126 1 0 1
-48.9056 2.92305 10700 0.247172 -0.285801 27.9975 138.975 -13 7127 1 0 1
3.98523 -1.84692 10700 -0.0690972 0.1659 27.9994 139.251 -13 7128 1 0 1
11.2785 -8.53967 10700 -0.106563 0.475334 27.9958 139.305 -13 7129 1 0 1
-3.32945 -1.86306 10700 -0.028629 0.210539 27.9992 139.211 -13 7130 1 0 1
-21.4124 1.30788 10700 0.0699773 -0.0480209 27.9999 139.108 -13 7131 1 0 1
-18.2548 20.1775 10700 0.0696988 -1.38187 27.9658 139.202 -13 7132 1 0 1
40.4317 -6.31719 10700 -0.285468 0.411898 27.9955 139.451 -13 7133 1 0 1
27.9704 13.0983 10700 -0.230134 -0.920596 27.9839 139.404 -13 7134 1 0 1
-32.9939 2.44829 10700 0.156488 -0.162068 27.9991 139.065 -13 7135 1 0 1
-8.95484 0.758522 10700 0.00136432 -0.0438982 28 139.177 -13 7136 1 0 1
59.2119 -5.23815 10700 -0.401701 0.397091 27.9943 139.556 -13 7137 1 0 1
6.3701 6.55589 10700 -0.0870063 -0.407979 27.9969 139.265 -13 7138 1 0 1
-5.80465 -3.94223 10700 -0.0192227 0.262706 27.9988 139.195 -13 7139 1 0 1
35.498 0.664941 10700 -0.255043 -0.0938685 27.9987 139.414 -13 7140 1 0 1
3.97993 5.4339 10700 -0.0737036 -0.364285 27.9975 139.249 -13 7141 1 0 1
5.28532 9.65291 10700 -0.079969 -0.574743 27.994 139.271 -13 7142 1 0 1
7.03742 -8.88754 10700 -0.0893859 0.506356 27.9953 139.276 -13 7143 1 0 1
-21.5281 -2.65906 10700 0.0813668 0.208377 27.9991 139.119 -13 7144 1 0 1
-24.0564 9.07196 10700 0.0983129 -0.530859 27.9948 139.114 -13 7145 1 0 1
37.0846 -20.3659 10700 -0.344612 1.7123 27.9455 139.537 -13 7146 1 0 1
54.3629 2.59822 10700 -0.374521 -0.134948 27.9972 139.517 -13 7147 1 0 1
-1.58775 -8.86536 10700 -0.0392568 0.555685 27.9945 139.232 -13 7148 1 0 1
8.9838 -2.2246 10700 -0.098567 0.140144 27.9995 139.276 -13 7149 1 0 1
9.60663 14.3904 10700 -0.102755 -1.04917 27.9801 139.329 -13 7150 1 0 1
-9.30595 -5.14811 10700 0.00779803 0.329704 27.9981 139.184 -13 7151 1 0 1
6.77773 -3.41816 10700 -0.0852403 0.214365 27.999 139.266 -13 7152 1 0 1
48.2263 3.72407 10700 -0.340324 -0.159861 27.9975 139.479 -13 7153 1 0 1
44.8158 2.29629 10700 -0.312911 -0.141805 27.9979 139.465 -13 7154 1 0 1
13.3141 1.01741 10700 -0.116765 0.00485531 27.9998 139.305 -13 7155 1 0 1
40.906 -10.0434 10700 -0.307442 0.720768 27.989 139.459 -13 7156 1 0 1
41.1765 -8.5787 10700 -0.304741 0.598383 27.9919 139.456 -13 7157 1 0 1
89.2613 -9.42558 10700 -0.634125 0.895237 27.9785 139.751 -13 7158 1 0 1
-7.14162 17.2894 10700 -0.0109392 -1.11992 27.9776 139.235 -13 7159 1 0 1
-21.4586 -3.98052 10700 0.0782694 0.226369 27.999 139.117 -13 7160 1 0 1
1.63663 1.63748 10700 -0.0553821 -0.0138282 27.9999 139.238 -13 7161 1 0 1
-40.9919 11.606 10700 0.194266 -0.799777 27.9879 139.022 -13 7162 1 0 1
-14.3678 14.4131 10700 0.0403585 -0.931452 27.9845 139.187 -13 7163 1 0 1
-2.90699 4.92635 10700 -0.0465308 -0.219723 27.9991 139.2 -13 7164 1 0 1
-51.7633 3.2081 10700 0.260008 -0.183817 27.9982 138.955 -13 7165 1 0 1
33.0335 -2.47021 10700 -0.241717 0.227055 27.998 139.401 -13 7166 1 0 1
19.3281 -5.51136 10700 -0.160053 0.382244 27.9969 139.334 -13 7167 1 0 1
-57.3015 11.4766 10700 0.307351 -0.664333 27.9904 138.941 -13 7168 1 0 1
25.1225 -6.51492 10700 -0.201861 0.51096 27.9946 139.364 -13 7169 1 0 1
-38.5875 3.98612 10700 0.184376 -0.177522 27.9988 139.031 -13 7170 1 0 1
38.3284 -6.58769 10700 -0.266743 0.478585 27.9946 139.449 -13 7171 1 0 1
31.7849 0.748903 10700 -0.24414 0.0298142 27.9989 139.382 -13 7172 1 0 1
18.3525 7.11606 10700 -0.164492 -0.44748 27.9959 139.322 -13 7173 1 0 1
61.5639 -1.48699 10700 -0.42013 0.144792 27.9965 139.556 -13 7174 1 0 1
-14.408 5.61233 10700 0.0316579 -0.347036 27.9978 139.151 -13 7175 1 0 1
43.3328 15.4367 10700 -0.341779 -1.192 27.9725 139.517 -13 7176 1 0 1
4.00214 -8.91647 10700 -0.0740424 0.543185 27.9946 139.259 -13 7177 1 0 1
35.7376 -8.08494 10700 -0.261423 0.600553 27.9923 139.434 -13 7178 1 0 1
49.5167 5.85488 10700 -0.344109 -0.504987 27.9933 139.505 -13 7179 1 0 1
22.6782 -1.71406 10700 -0.188728 0.100564 27.9992 139.336 -13 7180 1 0 1
-29.6403 28.3881 10700 0.217076 -2.32228 27.9027 139.247 -13 7181 1 0 1
37.9818 1.11937 10700 -0.268044 0.031009 27.9987 139.429 -13 7182 1 0 1
28.3519 -1.1224 10700 -0.218785 0.062622 27.9991 139.369 -13 7183 1 0 1
-2.55699 -5.83482 10700 -0.0377432 0.324204 27.9981 139.215 -13 7184 1 0 1
10.5653 9.44466 10700 -0.116877 -0.515345 27.995 139.289 -13 7185 1 0 1
-5.91149 7.14941 10700 -0.010866 -0.396165 27.9972 139.205 -13 7186 1 0 1
-24.8734 -3.38378 10700 0.10651 0.177286 27.9992 139.106 -13 7187 1 0 1
2.02081 8.3136 10700 -0.0600315 -0.45367 27.9963 139.247 -13 7188 1 0 1
30.1641 0.0406359 10700 -0.22892 0.0298756 27.999 139.379 -13 7189 1 0 1
-5.75237 6.92386 10700 -0.00921857 -0.481719 27.9959 139.211 -13 7190 1 0 1
-2.31878 14.4663 10700 -0.0363964 -0.924112 27.9847 139.251 -13 7191 1 0 1
5.64724 10.3128 10700 -0.0880971 -0.686289 27.9914 139.271 -13 7192 1 0 1
-0.0395325 8.17139 10700 -0.0481873 -0.548372 27.9946 139.24 -13 7193 1 0 1
53.0083 -12.4093 10700 -0.399022 0.888588 27.9831 139.539 -13 7194 1 0 1
-27.0361 6.97836 10700 0.118303 -0.371117 27.9973 139.097 -13 7195 1 0 1
34.7981 -9.6748 10700 -0.258272 0.591986 27.9925 139.429 -13 7196 1 0 1
8.38379 2.23611 10700 -0.0930307 -0.0892614 27.9997 139.275 -13 7197 1 0 1
-12.5196 18.2996 10700 0.0376756 -1.17563 27.9753 139.226 -13 7198 1 0 1
3.36174 2.36972 10700 -0.0690947 -0.197739 27.9992 139.244 -13 7199 1 0 1
-16.9452 18.9649 10700 0.0490548 -1.23148 27.9729 139.188 -13 7200 1 0 1
-19.8271 -3.55559 10700 0.0802645 0.208702 27.9991 139.137 -13 7201 1 0 1
-4.0833 -9.97146 10700 -0.0253462 0.598654 27.9936 139.222 -13 7202 1 0 1
20.1276 -0.864238 10700 -0.154343 -0.0385363 27.9995 139.343 -13 7203 1 0 1
40.369 -27.943 10700 -0.532349 2.69004 27.8654 139.74 -13 7204 1 0 1
34.122 -7.46823 10700 -0.251002 0.495731 27.9945 139.417 -13 7205 1 0 1
53.148 -24.5921 10700 -0.663234 2.78057 27.8537 139.832 -13 7206 1 0 1
35.4143 1.81091 10700 -0.269056 -0.124976 27.9984 139.399 -13 7207 1 0 1
-28.3799 4.32109 10700 0.126855 -0.274201 27.9984 139.088 -13 7208 1 0 1
-32.771 -5.1728 10700 0.139899 0.417409 27.9965 139.053 -13 7209 1 0 1
48.0558 5.16051 10700 -0.335919 -0.415926 27.9949 139.489 -13 7210 1 0 1
-62.522 -5.56501 10700 0.330865 0.349775 27.9959 138.9 -13 7211 1 0 1
9.95147 -0.569524 10700 -0.117922 0.0856925 27.9996 139.266 -13 7212 1 0 1
55.2566 -3.10129 10700 -0.381382 0.221413 27.9965 139.523 -13 7213 1 0 1
8.48944 -20.2167 10700 -0.116805 1.46094 27.9616 139.351 -13 7214 1 0 1
-33.0355 16.4611 10700 0.154315 -1.14701 27.9761 139.088 -13 7215 1 0 1
-1.84712 -3.75927 10700 -0.0467787 0.143124 27.9996 139.21 -13 7216 1 0 1
65.175 -14.8203 10700 -0.488137 1.15933 27.9717 139.649 -13 7217 1 0 1
13.0082 -10.7727 10700 -0.122263 0.592177 27.9935 139.317 -13 7218 1 0 1
-3.21892 -2.68666 10700 -0.0356354 0.219525 27.9991 139.206 -13 7219 1 0 1
-2.10666 8.83964 10700 -0.0305739 -0.526564 27.995 139.234 -13 7220 1 0 1
27.3228 -2.91066 10700 -0.211732 0.202356 27.9985 139.367 -13 7221 1 0 1
28.399 1.09274 10700 -0.207606 -0.0465537 27.9992 139.381 -13 7222 1 0 1
-13.2136 11.3854 10700 0.025739 -0.772943 27.9893 139.174 -13 7223 1 0 1
-52.6208 19.0218 10700 0.328336 -1.56767 27.9542 139.019 -13 7224 1 0 1
-53.6139 3.96252 10700 0.27752 -0.136993 27.9983 138.951 -13 7225 1 0 1
15.6969 0.997423 10700 -0.144098 -0.0448578 27.9996 139.303 -13 7226 1 0 1
50.4372 -17.4107 10700 -0.417013 1.36652 27.9635 139.574 -13 7227 1 0 1
-9.93102 0.708617 10700 0.00211552 0.0637425 27.9999 139.168 -13 7228 1 0 1
-5.60067 3.3756 10700 -0.00940829 -0.121589 27.9997 139.206 -13 7229 1 0 1
10.3905 21.6435 10700 -0.128327 -1.57543 27.9553 139.384 -13 7230 1 0 1
6.7779 -8.50867 10700 -0.0849036 0.405325 27.9969 139.275 -13 7231 1 0 1
1.03853 7.44888 10700 -0.0614261 -0.440998 27.9965 139.233 -13 7232 1 0 1
20.211 -5.01069 10700 -0.17397 0.346766 27.9973 139.328 -13 7233 1 0 1
27.8946 5.47278 10700 -0.21424 -0.350919 27.997 139.375 -13 7234 1 0 1
-1.89091 -2.04035 10700 -0.0403144 0.120697 27.9997 139.214 -13 7235 1 0 1
19.2411 -13.8885 10700 -0.169019 0.945121 27.9835 139.367 -13 7236 1 0 1
-5.98481 3.90841 10700 -0.0210413 -0.172367 27.9995 139.19 -13 7237 1 0 1
19.6018 -13.5105 10700 -0.179662 0.987494 27.982 139.362 -13 7238 1 0 1
29.149 -0.152359 10700 -0.226838 -0.0715615 27.999 139.37 -13 7239 1 0 1
-2.49471 7.44505 10700 -0.0370609 -0.482007 27.9958 139.219 -13 7240 1 0 1
1.36296 -9.19613 10700 -0.0637675 0.705622 27.991 139.245 -13 7241 1 0 1
39.1256 -20.9891 10700 -0.347976 1.67793 27.9475 139.559 -13 7242 1 0 1
-73.1113 4.32782 10700 0.415287 -0.364625 27.9945 138.852 -13 7243 1 0 1
18.8979 -2.0604 10700 -0.164724 0.0499784 27.9995 139.317 -13 7244 1 0 1
-10.1528 7.66403 10700 0.0107672 -0.523411 27.9951 139.184 -13 7245 1 0 1
59.2667 -17.4316 10700 -0.49361 1.51669 27.9545 139.64 -13 7246 1 0 1
-5.80974 8.69137 10700 -0.0158684 -0.642827 27.9926 139.211 -13 7247 1 0 1
23.5854 -22.8527 10700 -0.238921 1.73146 27.9454 139.476 -13 7248 1 0 1
14.4229 -10.3225 10700 -0.135829 0.692668 27.9911 139.322 -13 7249 1 0 1
14.2146 -6.99599 10700 -0.135397 0.436263 27.9963 139.305 -13 7250 1 0 1
-42.7461 9.03106 10700 0.214529 -0.654536 27.9915 139.02 -13 7251 1 0 1
17.3225 -14.8192 10700 -0.170342 0.980061 27.9823 139.349 -13 7252 1 0 1
45.1063 -12.2463 10700 -0.316927 0.709643 27.9892 139.51 -13 7253 1 0 1
30.2784 -2.71429 10700 -0.221249 0.0554304 27.9991 139.389 -13 7254 1 0 1
12.5119 0.407462 10700 -0.124617 0.0453703 27.9997 139.287 -13 7255 1 0 1
80.5596 -14.285 10700 -0.635578 1.31275 27.962 139.736 -13 7256 1 0 1
46.951 -19.3321 10700 -0.405446 1.65442 27.9481 139.593 -13 7257 1 0 1
20.5439 -0.367155 10700 -0.161434 0.0173208 27.9995 139.339 -13 7258 1 0 1
-31.9625 5.3534 10700 0.143596 -0.326357 27.9977 139.065 -13 7259 1 0 1
85.0349 -12.8379 10700 -0.663213 1.46605 27.9537 139.783 -13 7260 1 0 1
-14.5591 -1.32477 10700 0.0371001 0.118529 27.9997 139.151 -13 7261 1 0 1
61.9033 -12.6834 10700 -0.465691 1.17022 27.9717 139.615 -13 7262 1 0 1
2.65171 -5.71326 10700 -0.0617407 0.298127 27.9983 139.248 -13 7263 1 0 1
36.4766 -3.55472 10700 -0.258698 0.240767 27.9978 139.426 -13 7264 1 0 1
24.4736 -4.25309 10700 -0.198257 0.236941 27.9983 139.351 -13 7265 1 0 1
46.2674 -3.54768 10700 -0.320669 0.26308 27.9969 139.478 -13 7266 1 0 1
39.7445 1.49019 10700 -0.272615 -0.107543 27.9985 139.447 -13 7267 1 0 1
23.8648 7.49153 10700 -0.1936 -0.460536 27.9955 139.356 -13 7268 1 0 1
-34.8817 -4.71635 10700 0.153143 0.27517 27.9982 139.042 -13 7269 1 0 1
2.79685 11.0108 10700 -0.0681741 -0.73248 27.9903 139.261 -13 7270 1 0 1
17.8058 7.60844 10700 -0.153941 -0.421836 27.9964 139.327 -13 7271 1 0 1
51.1131 9.49609 10700 -0.374179 -0.652302 27.9899 139.512 -13 7272 1 0 1
53.649 -17.6107 10700 -0.44314 1.47647 27.9575 139.606 -13 7273 1 0 1
7.05217 4.46385 10700 -0.0899015 -0.349926 27.9977 139.266 -13 7274 1 0 1
-46.264 -3.40703 10700 0.226348 0.193229 27.9984 138.985 -13 7275 1 0 1
-8.33788 -3.81334 10700 -0.00188747 0.436746 27.9966 139.188 -13 7276 1 0 1
11.1501 -4.96369 10700 -0.109518 0.337552 27.9978 139.292 -13 7277 1 0 1
-1.99312 5.2059 10700 -0.0349375 -0.349434 27.9978 139.222 -13 7278 1 0 1
-0.546321 13.3629 10700 -0.0464392 -0.891741 27.9858 139.257 -13 7279 1 0 1
28.7546 7.77685 10700 -0.221016 -0.377292 27.9966 139.384 -13 7280 1 0 1
41.9877 -8.48123 10700 -0.303614 0.663714 27.9905 139.469 -13 7281 1 0 1
31.9785 -8.08538 10700 -0.236591 0.523596 27.9941 139.41 -13 7282 1 0 1
34.8031 -16.1256 10700 -0.297347 1.26224 27.97 139.466 -13 7283 1 0 1
-6.06715 9.35882 10700 -0.0165414 -0.591959 27.9937 139.207 -13 7284 1 0 1
7.48838 -0.255594 10700 -0.0901434 0.0783103 27.9997 139.267 -13 7285 1 0 1
16.0198 -1.81688 10700 -0.138706 0.119291 27.9994 139.313 -13 7286 1 0 1
32.2193 1.56474 10700 -0.234632 -0.160617 27.9986 139.398 -13 7287 1 0 1
-12.3691 4.29298 10700 0.0164284 -0.219651 27.9991 139.157 -13 7288 1 0 1
5.34716 -2.57637 10700 -0.0839369 0.181336 27.9993 139.251 -13 7289 1 0 1
-1.79781 5.31634 10700 -0.0350346 -0.359174 27.9977 139.224 -13 7290 1 0 1
-22.4077 3.80795 10700 0.0873567 -0.241847 27.9988 139.116 -13 7291 1 0 1
23.2051 -4.14858 10700 -0.184538 0.228484 27.9985 139.35 -13 7292 1 0 1
-48.2845 6.98994 10700 0.245808 -0.434419 27.9956 138.981 -13 7293 1 0 1
14.6205 10.6237 10700 -0.137989 -0.537248 27.9945 139.317 -13 7294 1 0 1
-28.8555 9.63893 10700 0.125414 -0.65522 27.9921 139.091 -13 7295 1 0 1
28.6565 0.455031 10700 -0.211695 -0.00059101 27.9992 139.379 -13 7296 1 0 1
27.9729 -7.52083 10700 -0.225631 0.500368 27.9946 139.373 -13 7297 1 0 1
-10.0159 -4.73896 10700 0.0159098 0.352952 27.9978 139.183 -13 7298 1 0 1
-30.4087 5.29717 10700 0.135224 -0.237308 27.9987 139.075 -13 7299 1 0 1
17.8417 6.58516 10700 -0.152258 -0.384646 27.9969 139.327 -13 7300 1 0 1
9.83774 -8.00533 10700 -0.105607 0.475549 27.9958 139.288 -13 7301 1 0 1
65.9255 -15.887 10700 -0.518965 1.34618 27.9628 139.667 -13 7302 1 0 1
-16.1008 1.26965 10700 0.0360425 -0.121257 27.9997 139.133 -13 7303 1 0 1
37.915 4.67499 10700 -0.266287 -0.388667 27.996 139.438 -13 7304 1 0 1
-0.71049 -19.0968 10700 -0.0569033 1.2624 27.9715 139.283 -13 7305 1 0 1
1.49994 7.22879 10700 -0.0555981 -0.389027 27.9972 139.243 -13 7306 1 0 1
46.7971 -3.53948 10700 -0.33356 0.220898 27.9971 139.47 -13 7307 1 0 1
37.3615 4.91674 10700 -0.264292 -0.362789 27.9964 139.433 -13 7308 1 0 1
-26.6972 -1.60398 10700 0.110325 0.17405 27.9992 139.089 -13 7309 1 0 1
-10.6131 1.34591 10700 0.00315178 -0.0279997 28 139.161 -13 7310 1 0 1
-24.7766 0.845281 10700 0.0980072 -0.0311592 27.9998 139.097 -13 7311 1 0 1
26.3889 -15.1995 10700 -0.224686 1.09829 27.9775 139.412 -13 7312 1 0 1
-27.9656 -5.70109 10700 0.114414 0.317582 27.998 139.082 -13 7313 1 0 1
16.7319 13.8445 10700 -0.158804 -0.918188 27.9845 139.346 -13 7314 1 0 1
41.2427 -17.5833 10700 -0.340684 1.33153 27.9662 139.522 -13 7315 1 0 1
-31.6878 10.3838 10700 0.145147 -0.686714 27.9912 139.079 -13 7316 1 0 1
-22.0794 10.8498 10700 0.0925635 -0.647278 27.9924 139.138 -13 7317 1 0 1
45.0335 0.270586 10700 -0.301672 -0.0128337 27.9984 139.478 -13 7318 1 0 1
95.2606 -11.8632 10700 -0.72486 1.3825 27.9565 139.839 -13 7319 1 0 1
-40.9995 -8.61065 10700 0.19973 0.52605 27.9943 139.021 -13 7320 1 0 1
-42.5057 16.7458 10700 0.225914 -1.19076 27.9738 139.046 -13 7321 1 0 1
42.3155 -12.4265 10700 -0.325304 1.04669 27.9785 139.491 -13 7322 1 0 1
1.06108 -0.237007 10700 -0.0503223 0.041021 27.9999 139.236 -13 7323 1 0 1
31.8418 -19.8422 10700 -0.283536 1.55433 27.9554 139.494 -13 7324 1 0 1
-9.86861 -2.29142 10700 -0.000576583 0.106009 27.9998 139.166 -13 7325 1 0 1
9.59305 -2.63373 10700 -0.111865 0.145594 27.9994 139.269 -13 7326 1 0 1
29.4862 -4.50355 10700 -0.21887 0.210791 27.9984 139.386 -13 7327 1 0 1
1.49084 2.57775 10700 -0.0445795 -0.231776 27.999 139.25 -13 7328 1 0 1
-18.1681 23.4013 10700 0.0732902 -1.63015 27.9524 139.227 -13 7329 1 0 1
26.6707 -3.54653 10700 -0.199978 0.18511 27.9987 139.372 -13 7330 1 0 1
40.7716 -1.94925 10700 -0.279327 0.0901648 27.9985 139.452 -13 7331 1 0 1
19.4766 -14.4085 10700 -0.164521 0.96293 27.983 139.377 -13 7332 1 0 1
-17.201 -1.3023 10700 0.0556763 0.109184 27.9997 139.14 -13 7333 1 0 1
31.4541 2.03004 10700 -0.225051 -0.138158 27.9988 139.399 -13 7334 1 0 1
33.1879 -16.5729 10700 -0.286521 1.33234 27.9668 139.465 -13 7335 1 0 1
-14.6413 17.0145 10700 0.0268211 -1.18126 27.9751 139.186 -13 7336 1 0 1
6.51415 -10.1256 10700 -0.0876269 0.598067 27.9935 139.278 -13 7337 1 0 1
-18.1465 4.72717 10700 0.0614312 -0.235915 27.9989 139.139 -13 7338 1 0 1
-2.24653 -3.41851 10700 -0.0285563 0.2338 27.999 139.224 -13 7339 1 0 1
-12.5752 15.2002 10700 0.0240051 -0.944518 27.9841 139.194 -13 7340 1 0 1
23.9306 -3.19017 10700 -0.186821 0.10434 27.9992 139.353 -13 7341 1 0 1
-19.477 -10.0397 10700 0.0661382 0.666052 27.992 139.14 -13 7342 1 0 1
9.62524 -6.8231 10700 -0.103986 0.496923 27.9954 139.288 -13 7343 1 0 1
66.5308 -3.31893 10700 -0.454658 0.199295 27.9956 139.584 -13 7344 1 0 1
33.7633 1.27026 10700 -0.248725 -0.104338 27.9987 139.401 -13 7345 1 0 1
68.2535 -6.34699 10700 -0.467522 0.414748 27.993 139.604 -13 7346 1 0 1
-20.6735 8.55869 10700 0.0779749 -0.571422 27.9941 139.135 -13 7347 1 0 1
54.738 1.25835 10700 -0.381353 -0.10539 27.9972 139.513 -13 7348 1 0 1
-10.3424 1.19025 10700 0.00856832 -0.0547595 27.9999 139.169 -13 7349 1 0 1
14.8402 -4.74219 10700 -0.142787 0.164013 27.9992 139.299 -13 7350 1 0 1
-21.0436 13.229 10700 0.075266 -0.772677 27.9892 139.137 -13 7351 1 0 1
-2.48304 7.66478 10700 -0.0334531 -0.438279 27.9965 139.222 -13 7352 1 0 1
-13.875 12.3792 10700 0.0345064 -0.835569 27.9875 139.179 -13 7353 1 0 1
-17.8101 3.31718 10700 0.0620312 -0.151643 27.9995 139.141 -13 7354 1 0 1
29.1316 6.87871 10700 -0.21402 -0.378292 27.9966 139.393 -13 7355 1 0 1
20.3715 -14.2585 10700 -0.191211 1.01529 27.9809 139.364 -13 7356 1 0 1
9.48581 -12.4952 10700 -0.114901 0.76752 27.9892 139.295 -13 7357 1 0 1
86.7997 -9.78527 10700 -0.613285 0.942189 27.9774 139.748 -13 7358 1 0 1
9.49995 1.82922 10700 -0.0990852 -0.120397 27.9996 139.281 -13 7359 1 0 1
18.7515 0.210913 10700 -0.164049 -0.0700665 27.9994 139.317 -13 7360 1 0 1
30.9765 14.3599 10700 -0.25008 -1.06498 27.9786 139.436 -13 7361 1 0 1
-37.2466 -2.91866 10700 0.178032 0.174648 27.9989 139.038 -13 7362 1 0 1
12.0212 0.955254 10700 -0.132642 0.0237134 27.9997 139.274 -13 7363 1 0 1
19.2551 -6.80151 10700 -0.165198 0.361672 27.9972 139.33 -13 7364 1 0 1
-0.788366 -3.07533 10700 -0.0408208 0.148299 27.9996 139.227 -13 7365 1 0 1
17.3152 0.839526 10700 -0.14128 -0.124858 27.9994 139.325 -13 7366 1 0 1
10.1214 -7.44845 10700 -0.109347 0.55171 27.9944 139.291 -13 7367 1 0 1
62.4213 -8.19948 10700 -0.435405 0.507604 27.992 139.575 -13 7368 1 0 1
42.7062 -22.3118 10700 -0.417226 1.89416 27.9327 139.597 -13 7369 1 0 1
-4.81462 4.41238 10700 -0.015047 -0.32696 27.9981 139.21 -13 7370 1 0 1
-5.33587 0.365181 10700 -0.0231918 0.0287612 28 139.193 -13 7371 1 0 1
-15.0933 4.68894 10700 0.0367235 -0.332735 27.998 139.147 -13 7372 1 0 1
-17.2193 5.29598 10700 0.0438993 -0.391312 27.9972 139.131 -13 7373 1 0 1
-26.1931 -9.69954 10700 0.11358 0.616755 27.993 139.109 -13 7374 1 0 1
11.1655 -0.577295 10700 -0.104932 0.0391067 27.9998 139.293 -13 7375 1 0 1
45.0865 -23.767 10700 -0.474844 2.22788 27.9072 139.67 -13 7376 1 0 1
16.6534 -11.8978 10700 -0.153753 0.756065 27.9894 139.336 -13 7377 1 0 1
10.6761 -9.29402 10700 -0.118373 0.630175 27.9927 139.294 -13 7378 1 0 1
31.3247 -5.18073 10700 -0.237414 0.313997 27.9972 139.391 -13 7379 1 0 1
-0.484163 -10.052 10700 -0.0395625 0.696965 27.9913 139.249 -13 7380 1 0 1
39.8764 -3.01202 10700 -0.285855 0.188392 27.9979 139.436 -13 7381 1 0 1
66.3818 -13.6684 10700 -0.49486 1.06196 27.9755 139.64 -13 7382 1 0 1
-21.8587 8.40883 10700 0.0740249 -0.480135 27.9958 139.113 -13 7383 1 0 1
21.9902 -3.75883 10700 -0.172679 0.162206 27.999 139.347 -13 7384 1 0 1
25.6055 11.1376 10700 -0.217778 -0.711458 27.9901 139.371 -13 7385 1 0 1
45.8318 -12.8252 10700 -0.33911 0.75145 27.9879 139.502 -13 7386 1 0 1
30.2314 -21.4183 10700 -0.279664 1.58037 27.954 139.492 -13 7387 1 0 1
61.0848 -6.70902 10700 -0.418457 0.398393 27.994 139.566 -13 7388 1 0 1
-93.8817 12.6965 10700 0.627261 -1.25932 27.9646 138.771 -13 7389 1 0 1
-23.5446 5.29856 10700 0.0940128 -0.30584 27.9982 139.111 -13 7390 1 0 1
-17.9349 -3.54321 10700 0.0547383 0.136331 27.9996 139.132 -13 7391 1 0 1
27.9424 4.01555 10700 -0.216265 -0.26051 27.998 139.371 -13 7392 1 0 1
-3.71175 -9.64803 10700 -0.0196705 0.678553 27.9918 139.232 -13 7393 1 0 1
-19.1682 -3.1109 10700 0.0681243 0.228082 27.999 139.132 -13 7394 1 0 1
50.4247 -11.0163 10700 -0.369785 0.86942 27.9841 139.526 -13 7395 1 0 1
-2.0361 12.965 10700 -0.0400216 -0.777803 27.9892 139.241 -13 7396 1 0 1
-9.54699 2.43921 10700 0.00500065 -0.117246 27.9998 139.175 -13 7397 1 0 1
44.1133 -0.297093 10700 -0.303728 0.0473255 27.9983 139.465 -13 7398 1 0 1
-27.543 6.70627 10700 0.119937 -0.432187 27.9964 139.092 -13 7399 1 0 1
-20.8137 10.577 10700 0.0809023 -0.612324 27.9932 139.14 -13 7400 1 0 1
34.7634 -5.14914 10700 -0.249742 0.207566 27.9981 139.417 -13 7401 1 0 1
-24.622 13.5167 10700 0.101669 -0.932741 27.9843 139.126 -13 7402 1 0 1
38.3203 -1.45404 10700 -0.275282 0.170657 27.9981 139.427 -13 7403 1 0 1
63.1702 9.70209 10700 -0.452321 -0.785517 27.9853 139.59 -13 7404 1 0 1
1.38125 0.047299 10700 -0.0662505 -0.00631063 27.9999 139.223 -13 7405 1 0 1
-42.913 6.25359 10700 0.209582 -0.333543 27.9972 139.009 -13 7406 1 0 1
65.0072 0.185898 10700 -0.434936 0.0745575 27.9965 139.581 -13 7407 1 0 1
-3.11082 13.7923 10700 -0.0315963 -0.81782 27.988 139.241 -13 7408 1 0 1
22.6391 -21.2249 10700 -0.222054 1.52505 27.9576 139.44 -13 7409 1 0 1
-44.1787 6.36055 10700 0.222884 -0.339844 27.9971 139.007 -13 7410 1 0 1
3.11671 13.9393 10700 -0.0862994 -0.866243 27.9865 139.259 -13 7411 1 0 1
33.002 -8.48281 10700 -0.249233 0.566971 27.9931 139.413 -13 7412 1 0 1
66.8684 -7.91679 10700 -0.476803 0.769189 27.9854 139.604 -13 7413 1 0 1
57.6964 -15.2862 10700 -0.448449 1.27789 27.9672 139.609 -13 7414 1 0 1
4.17708 4.50657 10700 -0.0912039 -0.281211 27.9984 139.233 -13 7415 1 0 1
66.6146 -13.1199 10700 -0.496864 1.19351 27.9701 139.652 -13 7416 1 0 1
-2.34934 3.17268 10700 -0.0346317 -0.198026 27.9993 139.216 -13 7417 1 0 1
8.98559 -10.0266 10700 -0.110794 0.747587 27.9898 139.287 -13 7418 1 0 1
27.1443 3.1741 10700 -0.197727 -0.256792 27.9981 139.381 -13 7419 1 0 1
-11.244 -0.0248661 10700 0.0159394 -0.0292138 28 139.166 -13 7420 1 0 1
-16.6673 12.2842 10700 0.0574739 -0.77263 27.9893 139.169 -13 7421 1 0 1
13.2273 4.81338 10700 -0.12035 -0.356441 27.9975 139.305 -13 7422 1 0 1
-24.4126 14.9418 10700 0.111509 -0.885201 27.9858 139.141 -13 7423 1 0 1
-9.31781 18.1145 10700 -0.00112635 -1.29905 27.9698 139.232 -13 7424 1 0 1
42.2734 -0.2626 10700 -0.294485 0.0486631 27.9984 139.452 -13 7425 1 0 1
36.7698 1.0093 10700 -0.259736 -0.154942 27.9984 139.425 -13 7426 1 0 1
-3.17675 -12.0282 10700 -0.0279641 0.76376 27.9896 139.236 -13 7427 1 0 1
-10.3928 -0.738573 10700 0.0145065 0.0386233 28 139.175 -13 7428 1 0 1
-22.1912 -10.1256 10700 0.0815222 0.671279 27.9918 139.124 -13 7429 1 0 1
5.42346 0.0961796 10700 -0.0791002 -0.048195 27.9998 139.255 -13 7430 1 0 1
-14.4509 4.85347 10700 0.0399808 -0.281094 27.9986 139.159 -13 7431 1 0 1
2.48399 -5.07041 10700 -0.0717794 0.343673 27.9978 139.234 -13 7432 1 0 1
-2.09195 11.4918 10700 -0.0418053 -0.814047 27.9881 139.236 -13 7433 1 0 1
12.9025 8.15185 10700 -0.129007 -0.490459 27.9954 139.3 -13 7434 1 0 1
47.8173 -8.25804 10700 -0.341421 0.675569 27.9898 139.501 -13 7435 1 0 1
28.2963 -1.99096 10700 -0.218489 0.0568471 27.9991 139.368 -13 7436 1 0 1
15.8691 -9.16807 10700 -0.155202 0.604878 27.993 139.315 -13 7437 1 0 1
-5.8567 10.0329 10700 -0.0165476 -0.607413 27.9934 139.211 -13 7438 1 0 1
-0.0351195 2.30344 10700 -0.0499467 -0.154785 27.9995 139.226 -13 7439 1 0 1
24.717 2.21735 10700 -0.186544 -0.149614 27.999 139.363 -13 7440 1 0 1
-17.8646 6.34971 10700 0.0617252 -0.321878 27.9981 139.144 -13 7441 1 0 1
-24.583 1.38328 10700 0.100006 -0.0470696 27.9998 139.102 -13 7442 1 0 1
-48.1244 24.4142 10700 0.340035 -2.03671 27.9238 139.089 -13 7443 1 0 1
18.9557 -6.4054 10700 -0.161771 0.44605 27.996 139.33 -13 7444 1 0 1
58.7595 -2.56267 10700 -0.406561 0.189351 27.9964 139.538 -13 7445 1 0 1
28.5281 -8.34215 10700 -0.225903 0.519256 27.9943 139.381 -13 7446 1 0 1
-46.7164 8.93231 10700 0.233352 -0.495208 27.9946 138.989 -13 7447 1 0 1
-62.3967 10.521 10700 0.351137 -0.666332 27.9899 138.922 -13 7448 1 0 1
-36.5339 6.2234 10700 0.169743 -0.386702 27.9968 139.04 -13 7449 1 0 1
-9.73505 -11.2883 10700 0.0118115 0.659091 27.9922 139.199 -13 7450 1 0 1
29.6834 -6.21219 10700 -0.220206 0.315355 27.9974 139.392 -13 7451 1 0 1
36.3794 7.16626 10700 -0.26369 -0.458985 27.995 139.429 -13 7452 1 0 1
-12.7822 -8.31493 10700 0.021799 0.516234 27.9952 139.165 -13 7453 1 0 1
-48.5928 -10.6021 10700 0.264562 0.76133 27.9884 139 -13 7454 1 0 1
-6.21883 -12.4939 10700 -0.0202325 0.721421 27.9907 139.211 -13 7455 1 0 1
-20.2453 0.174982 10700 0.063576 -0.165431 27.9994 139.115 -13 7456 1 0 1
53.6752 -2.06767 10700 -0.360515 0.147536 27.9973 139.523 -13 7457 1 0 1
11.4337 -5.25544 10700 -0.109972 0.239898 27.9988 139.296 -13 7458 1 0 1
23.6542 10.7703 10700 -0.189168 -0.638717 27.9921 139.375 -13 7459 1 0 1
71.5259 4.04341 10700 -0.484041 -0.222823 27.9949 139.616 -13 7460 1 0 1
48.0693 -14.9266 10700 -0.376555 1.19061 27.9721 139.54 -13 7461 1 0 1
-28.714 -2.04558 10700 0.124551 0.189442 27.9991 139.081 -13 7462 1 0 1
26.074 -13.6564 10700 -0.210904 0.846947 27.9864 139.399 -13 7463 1 0 1
-7.40844 0.168541 10700 0.00409051 0.00167595 28 139.197 -13 7464 1 0 1
1.99364 6.71326 10700 -0.0623442 -0.547087 27.9946 139.247 -13 7465 1 0 1
20.1847 -10.9892 10700 -0.170453 0.776718 27.9887 139.358 -13 7466 1 0 1
1.44483 -10.0692 10700 -0.0602099 0.625322 27.993 139.25 -13 7467 1 0 1
-27.1076 10.4645 10700 0.120258 -0.659897 27.992 139.107 -13 7468 1 0 1
-2.12852 7.93077 10700 -0.0495758 -0.453835 27.9963 139.21 -13 7469 1 0 1
29.9022 -13.4677 10700 -0.223467 0.910204 27.9843 139.435 -13 7470 1 0 1
-16.1434 -10.0191 10700 0.048193 0.652317 27.9924 139.16 -13 7471 1 0 1
47.56 -7.79326 10700 -0.334263 0.562596 27.9924 139.498 -13 7472 1 0 1
-21.1738 -3.81498 10700 0.0763688 0.212212 27.9991 139.118 -13 7473 1 0 1
53.2583 -5.58067 10700 -0.37147 0.473842 27.9935 139.519 -13 7474 1 0 1
-27.8312 9.56878 10700 0.117501 -0.651194 27.9922 139.095 -13 7475 1 0 1
-32.3851 15.5281 10700 0.152087 -0.987591 27.9822 139.089 -13 7476 1 0 1
48.3523 -3.86376 10700 -0.330539 0.325701 27.9962 139.494 -13 7477 1 0 1
1.61345 -8.91475 10700 -0.0682036 0.633421 27.9928 139.242 -13 7478 1 0 1
31.2715 -2.06782 10700 -0.236914 0.152015 27.9986 139.385 -13 7479 1 0 1
-6.2824 -17.7763 10700 -0.00267674 1.19232 27.9746 139.258 -13 7480 1 0 1
54.0846 -12.5255 10700 -0.397518 0.83782 27.9846 139.55 -13 7481 1 0 1
29.8425 -3.43906 10700 -0.217588 0.215058 27.9983 139.39 -13 7482 1 0 1
-72.0816 15.2889 10700 0.459732 -1.32511 27.9648 138.898 -13 7483 1 0 1
31.2646 -7.56458 10700 -0.237029 0.546906 27.9937 139.402 -13 7484 1 0 1
-15.7532 5.30423 10700 0.0378601 -0.310894 27.9982 139.142 -13 7485 1 0 1
31.2345 -4.87548 10700 -0.233822 0.341583 27.9969 139.393 -13 7486 1 0 1
55.8745 -2.49021 10700 -0.388224 0.115885 27.9971 139.521 -13 7487 1 0 1
-17.0242 10.4892 10700 0.0439416 -0.694869 27.9913 139.146 -13 7488 1 0 1
-1.52744 9.22715 10700 -0.0469015 -0.58354 27.9939 139.227 -13 7489 1 0 1
-12.1831 -10.5717 10700 0.0208291 0.658948 27.9922 139.179 -13 7490 1 0 1
62.8258 -1.37608 10700 -0.420383 0.0722788 27.9968 139.57 -13 7491 1 0 1
36.1901 5.74188 10700 -0.262715 -0.324277 27.9969 139.423 -13 7492 1 0 1
39.8163 4.3878 10700 -0.269781 -0.306221 27.997 139.457 -13 7493 1 0 1
32.8033 8.06147 10700 -0.239654 -0.521937 27.9941 139.416 -13 7494 1 0 1
46.2331 -15.2551 10700 -0.358418 1.1979 27.9721 139.537 -13 7495 1 0 1
48.2486 -15.3701 10700 -0.36315 1.12342 27.9751 139.549 -13 7496 1 0 1
-19.268 -1.16616 10700 0.0623011 0.0464656 27.9999 139.124 -13 7497 1 0 1
-50.7867 12.678 10700 0.278746 -0.92814 27.9832 138.991 -13 7498 1 0 1
-14.5755 0.455811 10700 0.0473345 -0.0879737 27.9998 139.161 -13 7499 1 0 1
-33.3521 17.2772 10700 0.173106 -1.17674 27.9747 139.105 -13 7500 1 0 1
-22.4571 -5.0397 10700 0.0937842 0.252346 27.9987 139.122 -13 7501 1 0 1
0.0696412 0.632366 10700 -0.0577713 -0.0419715 27.9999 139.217 -13 7502 1 0 1
28.3334 -9.7883 10700 -0.21938 0.715279 27.99 139.397 -13 7503 1 0 1
52.0029 -2.63789 10700 -0.367312 0.225361 27.9967 139.497 -13 7504 1 0 1
-35.6851 -3.16124 10700 0.157219 0.179365 27.999 139.036 -13 7505 1 0 1
-60.9809 19.5855 10700 0.40385 -1.61676 27.9504 138.979 -13 7506 1 0 1
20.1814 -9.39034 10700 -0.181619 0.593624 27.9931 139.337 -13 7507 1 0 1
-12.1026 3.42442 10700 0.0275867 -0.148776 27.9996 139.171 -13 7508 1 0 1
-35.7583 9.89594 10700 0.171594 -0.583436 27.9934 139.057 -13 7509 1 0 1
13.3002 17.4427 10700 -0.139741 -1.28405 27.9702 139.365 -13 7510 1 0 1
19.2534 -11.7364 10700 -0.171231 0.702002 27.9907 139.347 -13 7511 1 0 1
42.6171 -3.66851 10700 -0.291956 0.211943 27.9977 139.464 -13 7512 1 0 1
-11.7597 -12.7178 10700 0.0117025 0.76835 27.9895 139.18 -13 7513 1 0 1
-16.3771 0.109184 10700 0.0434677 0.00614396 28 139.137 -13 7514 1 0 1
16.491 11.7358 10700 -0.146822 -0.747425 27.9896 139.341 -13 7515 1 0 1
-3.09853 15.0808 10700 -0.0371937 -0.962072 27.9834 139.244 -13 7516 1 0 1
-3.43605 3.12468 10700 -0.0337546 -0.224206 27.9991 139.205 -13 7517 1 0 1
-11.0371 -1.36688 10700 0.0135599 0.0226067 28 139.166 -13 7518 1 0 1
-52.472 5.36943 10700 0.270794 -0.3082 27.997 138.958 -13 7519 1 0 1
-8.87992 14.1715 10700 0.00254232 -0.841745 27.9873 139.21 -13 7520 1 0 1
-40.9009 -7.28147 10700 0.191692 0.50501 27.9948 139.015 -13 7521 1 0 1
9.37606 -0.0996003 10700 -0.103144 0.0578424 27.9998 139.274 -13 7522 1 0 1
27.1764 5.1322 10700 -0.200437 -0.36789 27.9969 139.382 -13 7523 1 0 1
-57.87 10.7212 10700 0.318182 -0.705752 27.9893 138.944 -13 7524 1 0 1
-5.01758 -7.12521 10700 -0.0140631 0.352336 27.9978 139.213 -13 7525 1 0 1
-15.5159 9.45947 10700 0.0460532 -0.523709 27.9951 139.16 -13 7526 1 0 1
0.459541 -7.48539 10700 -0.046889 0.475953 27.9959 139.242 -13 7527 1 0 1
29.4609 -11.1614 10700 -0.23132 0.724761 27.9897 139.403 -13 7528 1 0 1
10.7744 -12.4377 10700 -0.122258 0.878585 27.9859 139.307 -13 7529 1 0 1
-7.531 -2.90602 10700 -0.0230505 0.201157 27.9993 139.171 -13 7530 1 0 1
49.5435 -9.36518 10700 -0.355215 0.629278 27.9907 139.51 -13 7531 1 0 1
13.972 1.97723 10700 -0.125275 -0.122158 27.9995 139.304 -13 7532 1 0 1
24.8977 3.09301 10700 -0.202059 -0.180751 27.9987 139.349 -13 7533 1 0 1
12.9093 -13.6718 10700 -0.127914 0.920849 27.9846 139.332 -13 7534 1 0 1
-5.31906 15.8811 10700 -0.029245 -1.0376 27.9808 139.23 -13 7535 1 0 1
16.8651 -0.81295 10700 -0.147263 0.136319 27.9993 139.313 -13 7536 1 0 1
68.4119 -16.7034 10700 -0.584055 1.70131 27.9422 139.713 -13 7537 1 0 1
47.0076 4.00451 10700 -0.33256 -0.341546 27.9959 139.476 -13 7538 1 0 1
20.7977 -14.0916 10700 -0.185263 0.896036 27.985 139.368 -13 7539 1 0 1
-38.5982 14.806 10700 0.185437 -0.958041 27.983 139.048 -13 7540 1 0 1
10.2785 -14.238 10700 -0.118974 0.967737 27.983 139.315 -13 7541 1 0 1
1.56032 -6.8095 10700 -0.049062 0.427546 27.9967 139.25 -13 7542 1 0 1
4.36938 3.21207 10700 -0.0695115 -0.17811 27.9993 139.256 -13 7543 1 0 1
24.4798 8.84678 10700 -0.201464 -0.547237 27.9939 139.361 -13 7544 1 0 1
-7.12131 -2.05712 10700 -0.00516373 0.118504 27.9997 139.192 -13 7545 1 0 1
19.7413 0.306824 10700 -0.159085 -0.00627494 27.9995 139.332 -13 7546 1 0 1
37.1378 -6.74333 10700 -0.267049 0.434364 27.9954 139.433 -13 7547 1 0 1
59.6814 -18.5491 10700 -0.520875 1.69373 27.9439 139.665 -13 7548 1 0 1
50.6375 -4.61832 10700 -0.367615 0.307838 27.9959 139.486 -13 7549 1 0 1
44.5814 -13.007 10700 -0.344333 0.951526 27.9817 139.495 -13 7550 1 0 1
29.78 2.14812 10700 -0.233973 -0.201525 27.9983 139.371 -13 7551 1 0 1
55.8334 -11.8012 10700 -0.414996 0.949707 27.9808 139.56 -13 7552 1 0 1
-5.64213 -1.41607 10700 -0.0246127 0.0569055 27.9999 139.188 -13 7553 1 0 1
55.0025 -19.761 10700 -0.48479 1.82832 27.936 139.67 -13 7554 1 0 1
65.9933 -17.5136 10700 -0.574312 1.81707 27.9351 139.722 -13 7555 1 0 1
-12.1906 8.35349 10700 0.0201708 -0.562224 27.9943 139.173 -13 7556 1 0 1
-16.7876 5.10746 10700 0.0596258 -0.346691 27.9978 139.152 -13 7557 1 0 1
-36.6434 3.55748 10700 0.16987 -0.263602 27.9982 139.038 -13 7558 1 0 1
1.1727 9.87572 10700 -0.0527862 -0.647908 27.9925 139.256 -13 7559 1 0 1
12.4369 -3.32342 10700 -0.123509 0.21963 27.9989 139.29 -13 7560 1 0 1
-3.92169 -5.24972 10700 -0.0195529 0.317358 27.9982 139.217 -13 7561 1 0 1
-46.2754 5.12856 10700 0.236182 -0.280948 27.9976 138.995 -13 7562 1 0 1
3.58113 -0.733542 10700 -0.06686 0.0832445 27.9998 139.248 -13 7563 1 0 1
21.8279 20.7619 10700 -0.219317 -1.41426 27.9634 139.42 -13 7564 1 0 1
-46.3139 12.9978 10700 0.24938 -0.910117 27.9841 139.016 -13 7565 1 0 1
0.632179 11.8627 10700 -0.0669913 -0.67495 27.9918 139.239 -13 7566 1 0 1
52.2893 -0.690754 10700 -0.35551 0.154775 27.9973 139.51 -13 7567 1 0 1
21.2017 -8.33626 10700 -0.181265 0.580314 27.9934 139.346 -13 7568 1 0 1
30.1047 4.47574 10700 -0.222551 -0.25192 27.998 139.39 -13 7569 1 0 1
-15.9153 9.16963 10700 0.053533 -0.538015 27.9948 139.163 -13 7570 1 0 1
-6.56268 -7.47038 10700 -0.0197556 0.472634 27.996 139.191 -13 7571 1 0 1
20.7355 -4.96801 10700 -0.170193 0.35021 27.9973 139.338 -13 7572 1 0 1
28.4709 0.255455 10700 -0.204597 -0.0105805 27.9993 139.385 -13 7573 1 0 1
36.831 -4.37662 10700 -0.267301 0.366087 27.9963 139.423 -13 7574 1 0 1
38.3695 1.53509 10700 -0.274114 -0.0688192 27.9986 139.428 -13 7575 1 0 1
41.6218 -5.51101 10700 -0.301468 0.332592 27.9964 139.447 -13 7576 1 0 1
51.2305 3.18492 10700 -0.352243 -0.354595 27.9955 139.506 -13 7577 1 0 1
-7.77739 -8.52857 10700 -0.0101319 0.545236 27.9947 139.191 -13 7578 1 0 1
-42.3938 3.7485 10700 0.206378 -0.234664 27.9983 139.009 -13 7579 1 0 1
35.7852 -8.72363 10700 -0.271834 0.576384 27.9927 139.424 -13 7580 1 0 1
-5.04757 11.5219 10700 -0.0269211 -0.749082 27.99 139.215 -13 7581 1 0 1
-63.8409 -3.07373 10700 0.354407 0.17532 27.9972 138.904 -13 7582 1 0 1
51.124 -19.3392 10700 -0.433172 1.62875 27.9492 139.619 -13 7583 1 0 1
-8.3185 4.51976 10700 -0.0108623 -0.213532 27.9992 139.175 -13 7584 1 0 1
3.49965 -1.608 10700 -0.0673259 0.04901 27.9999 139.246 -13 7585 1 0 1
69.087 -5.88132 10700 -0.472905 0.516332 27.9912 139.613 -13 7586 1 0 1
14.9825 7.33312 10700 -0.133417 -0.458826 27.9959 139.317 -13 7587 1 0 1
28.946 -15.7343 10700 -0.24675 1.14906 27.9753 139.428 -13 7588 1 0 1
-3.27265 14.2322 10700 -0.0276407 -0.819948 27.988 139.244 -13 7589 1 0 1
37.1582 -14.6421 10700 -0.290645 1.09474 27.9771 139.475 -13 7590 1 0 1
40.6123 -15.8872 10700 -0.327394 1.15393 27.9743 139.495 -13 7591 1 0 1
-18.4602 -7.85384 10700 0.0501595 0.54121 27.9947 139.131 -13 7592 1 0 1
-19.4735 14.1932 10700 0.0752895 -0.860116 27.9867 139.16 -13 7593 1 0 1
-13.4249 -6.84416 10700 0.0427852 0.461048 27.9962 139.175 -13 7594 1 0 1
-2.51579 -5.73731 10700 -0.0305833 0.357451 27.9977 139.221 -13 7595 1 0 1
12.5118 -11.074 10700 -0.121603 0.816917 27.9878 139.321 -13 7596 1 0 1
32.909 5.55492 10700 -0.249613 -0.346007 27.9967 139.397 -13 7597 1 0 1
48.3508 -7.77767 10700 -0.3362 0.540243 27.9928 139.503 -13 7598 1 0 1
-0.935507 -11.3955 10700 -0.0455054 0.774939 27.9892 139.243 -13 7599 1 0 1
-20.6529 -10.6599 10700 0.077774 0.700399 27.9911 139.138 -13 7600 1 0 1
11.0124 6.74697 10700 -0.115244 -0.436904 27.9964 139.289 -13 7601 1 0 1
6.29663 8.06179 10700 -0.0787133 -0.473937 27.9959 139.277 -13 7602 1 0 1
-14.0886 -4.34337 10700 0.0434284 0.290727 27.9985 139.166 -13 7603 1 0 1
-10.9631 9.80391 10700 0.00764519 -0.507647 27.9954 139.173 -13 7604 1 0 1
29.5421 -15.7677 10700 -0.253833 1.18399 27.9738 139.433 -13 7605 1 0 1
5.66059 -11.3696 10700 -0.0927652 0.641954 27.9925 139.269 -13 7606 1 0 1
-30.9747 6.45589 10700 0.13105 -0.523358 27.9948 139.067 -13 7607 1 0 1
8.23578 -8.5872 10700 -0.100712 0.552252 27.9944 139.28 -13 7608 1 0 1
-16.1538 13.6668 10700 0.0535513 -0.8899 27.9858 139.177 -13 7609 1 0 1
14.5689 -3.03487 10700 -0.126675 0.240027 27.9987 139.311 -13 7610 1 0 1
15.2592 -18.0285 10700 -0.158775 1.23135 27.9725 139.368 -13 7611 1 0 1
-44.4893 22.9775 10700 0.296894 -1.76549 27.9427 139.1 -13 7612 1 0 1
-21.7592 2.60684 10700 0.0827026 -0.158052 27.9994 139.117 -13 7613 1 0 1
58.5058 -12.8557 10700 -0.438393 1.02084 27.978 139.583 -13 7614 1 0 1
-35.4267 14.2828 10700 0.171189 -0.92661 27.9841 139.07 -13 7615 1 0 1
38.2499 -7.1311 10700 -0.277957 0.500989 27.9941 139.439 -13 7616 1 0 1
13.3204 -1.03076 10700 -0.116382 0.0563818 27.9997 139.305 -13 7617 1 0 1
15.6345 -9.71701 10700 -0.133163 0.618779 27.9928 139.336 -13 7618 1 0 1
-3.50582 2.46745 10700 -0.0244372 -0.092261 27.9998 139.213 -13 7619 1 0 1
5.00569 -7.52799 10700 -0.0691263 0.397469 27.9971 139.269 -13 7620 1 0 1
20.593 -1.86899 10700 -0.166434 0.0846975 27.9994 139.335 -13 7621 1 0 1
-6.77048 5.16237 10700 -0.00954377 -0.386635 27.9973 139.195 -13 7622 1 0 1
17.6385 -3.92215 10700 -0.160117 0.28592 27.9981 139.313 -13 7623 1 0 1
-5.57277 -19.602 10700 -0.00963467 1.41129 27.9644 139.276 -13 7624 1 0 1
26.3558 2.30293 10700 -0.203699 -0.203236 27.9985 139.364 -13 7625 1 0 1
38.146 -1.76987 10700 -0.270233 0.147836 27.9983 139.43 -13 7626 1 0 1
21.417 -4.8193 10700 -0.176712 0.324378 27.9976 139.339 -13 7627 1 0 1
40.6524 -15.2921 10700 -0.312435 1.025 27.9795 139.496 -13 7628 1 0 1
19.1932 0.499503 10700 -0.169658 0.061868 27.9994 139.316 -13 7629 1 0 1
-31.3393 17.092 10700 0.151751 -1.10316 27.9778 139.105 -13 7630 1 0 1
48.3048 -13.8836 10700 -0.360492 1.06569 27.9774 139.539 -13 7631 1 0 1
-33.9046 9.33935 10700 0.16103 -0.670972 27.9915 139.068 -13 7632 1 0 1
64.5766 -7.9631 10700 -0.455792 0.705141 27.9874 139.593 -13 7633 1 0 1
13.3309 -10.964 10700 -0.123139 0.639041 27.9924 139.324 -13 7634 1 0 1
-8.9371 3.79723 10700 0.00118065 -0.179564 27.9994 139.18 -13 7635 1 0 1
18.0209 9.80179 10700 -0.167152 -0.540055 27.9943 139.323 -13 7636 1 0 1
7.22101 3.08731 10700 -0.0996801 -0.247448 27.9987 139.256 -13 7637 1 0 1
14.3971 -9.6213 10700 -0.135421 0.556255 27.9941 139.316 -13 7638 1 0 1
58.0155 -15.048 10700 -0.442032 1.15248 27.9728 139.6 -13 7639 1 0 1
-31.1948 20.2504 10700 0.174201 -1.42237 27.9633 139.144 -13 7640 1 0 1
-3.92452 -3.54063 10700 -0.0298332 0.320791 27.9981 139.204 -13 7641 1 0 1
-31.6071 12.4107 10700 0.150238 -0.913411 27.9847 139.091 -13 7642 1 0 1
-19.2301 5.6587 10700 0.0714356 -0.359489 27.9976 139.136 -13 7643 1 0 1
-21.4031 -24.5687 10700 0.114659 1.76277 27.9442 139.233 -13 7644 1 0 1
-16.9497 4.1368 10700 0.0545217 -0.341989 27.9979 139.144 -13 7645 1 0 1
28.4527 -11.849 10700 -0.225667 0.780754 27.9882 139.402 -13 7646 1 0 1
-33.0365 9.6874 10700 0.153431 -0.597894 27.9932 139.07 -13 7647 1 0 1
54.6134 -4.23322 10700 -0.37521 0.149184 27.9971 139.522 -13 7648 1 0 1
28.3933 -9.96903 10700 -0.224603 0.663005 27.9912 139.393 -13 7649 1 0 1
26.326 -0.695007 10700 -0.202947 0.0356364 27.9992 139.362 -13 7650 1 0 1
67.4843 1.86609 10700 -0.448733 -0.0625746 27.9963 139.598 -13 7651 1 0 1
79.067 -7.39184 10700 -0.557776 0.668824 27.9865 139.668 -13 7652 1 0 1
53.3498 -14.8064 10700 -0.408623 1.10884 27.9751 139.566 -13 7653 1 0 1
-27.5858 -5.08751 10700 0.107571 0.262571 27.9986 139.079 -13 7654 1 0 1
-29.0859 -12.0771 10700 0.131992 0.686335 27.9913 139.098 -13 7655 1 0 1
-1.87243 1.99811 10700 -0.0362648 -0.18414 27.9994 139.219 -13 7656 1 0 1
-17.3637 -9.86014 10700 0.0526612 0.601881 27.9935 139.149 -13 7657 1 0 1
-21.2037 7.13179 10700 0.0786492 -0.385833 27.9972 139.123 -13 7658 1 0 1
17.5291 14.5044 10700 -0.168925 -0.945908 27.9835 139.349 -13 7659 1 0 1
25.8904 -9.48978 10700 -0.20372 0.715258 27.9901 139.384 -13 7660 1 0 1
16.662 -1.44739 10700 -0.140229 0.0463739 27.9996 139.318 -13 7661 1 0 1
0.548774 10.7187 10700 -0.063086 -0.698739 27.9912 139.239 -13 7662 1 0 1
53.3078 -13.7951 10700 -0.393065 1.05827 27.9772 139.569 -13 7663 1 0 1
8.37287 -8.42378 10700 -0.0947204 0.665285 27.9919 139.29 -13 7664 1 0 1
-12.6477 10.5336 10700 0.0231823 -0.608949 27.9934 139.175 -13 7665 1 0 1
-16.7706 5.00252 10700 0.0516335 -0.383721 27.9973 139.144 -13 7666 1 0 1
7.7073 -9.11962 10700 -0.0961497 0.512192 27.9951 139.277 -13 7667 1 0 1
14.1633 -6.8808 10700 -0.137581 0.457349 27.9959 139.302 -13 7668 1 0 1
17.9102 7.86901 10700 -0.165052 -0.526326 27.9946 139.321 -13 7669 1 0 1
23.562 -7.23857 10700 -0.180666 0.4739 27.9954 139.366 -13 7670 1 0 1
39.7956 -0.727056 10700 -0.288029 0.0911902 27.9984 139.43 -13 7671 1 0 1
23.9053 -1.30003 10700 -0.184242 0.0306963 27.9994 139.354 -13 7672 1 0 1
-28.8365 6.32978 10700 0.122346 -0.248103 27.9986 139.081 -13 7673 1 0 1
25.2487 -10.8109 10700 -0.198058 0.716887 27.9901 139.386 -13 7674 1 0 1
35.6988 -11.9985 10700 -0.278993 0.82281 27.9865 139.438 -13 7675 1 0 1
-24.0906 1.57187 10700 0.0833903 -0.158982 27.9994 139.091 -13 7676 1 0 1
16.4983 -5.91916 10700 -0.130663 0.375787 27.9972 139.333 -13 7677 1 0 1
56.0871 -10.7435 10700 -0.393037 0.710642 27.9882 139.563 -13 7678 1 0 1
4.68206 1.14444 10700 -0.0861545 -0.0231769 27.9999 139.239 -13 7679 1 0 1
40.4517 -8.3962 10700 -0.294732 0.495458 27.9941 139.45 -13 7680 1 0 1
1.16881 16.612 10700 -0.052411 -1.0749 27.9793 139.288 -13 7681 1 0 1
22.8174 11.1206 10700 -0.177262 -0.741928 27.9896 139.382 -13 7682 1 0 1
19.7452 -6.00082 10700 -0.169415 0.461627 27.9957 139.332 -13 7683 1 0 1
51.1619 -16.6688 10700 -0.411459 1.41444 27.9612 139.586 -13 7684 1 0 1
71.4028 -11.1069 10700 -0.513536 0.950225 27.9792 139.657 -13 7685 1 0 1
-24.1398 -5.54258 10700 0.102364 0.349972 27.9976 139.111 -13 7686 1 0 1
10.0163 2.01904 10700 -0.124372 -0.103475 27.9995 139.261 -13 7687 1 0 1
17.0833 8.33228 10700 -0.145802 -0.562101 27.994 139.335 -13 7688 1 0 1
52.2126 14.0924 10700 -0.401903 -1.17135 27.9726 139.562 -13 7689 1 0 1
-14.513 7.41339 10700 0.0350411 -0.432464 27.9966 139.155 -13 7690 1 0 1
-30.9283 15.7625 10700 0.138646 -1.00772 27.9815 139.094 -13 7691 1 0 1
32.6798 -9.47774 10700 -0.250816 0.67406 27.9908 139.415 -13 7692 1 0 1
52.1159 -14.3248 10700 -0.394574 1.13815 27.9741 139.564 -13 7693 1 0 1
88.8923 -8.78644 10700 -0.633547 0.738948 27.9831 139.73 -13 7694 1 0 1
3.01211 9.72997 10700 -0.0796179 -0.601988 27.9934 139.246 -13 7695 1 0 1
22.6464 23.6164 10700 -0.239745 -1.65019 27.9503 139.456 -13 7696 1 0 1
4.62673 -0.903059 10700 -0.0855719 0.0743928 27.9998 139.24 -13 7697 1 0 1
23.1335 -4.01572 10700 -0.176385 0.332027 27.9975 139.358 -13 7698 1 0 1
-54.6191 -1.10961 10700 0.2892 0.115235 27.9983 138.949 -13 7699 1 0 1
28.3104 5.78665 10700 -0.219954 -0.367894 27.9967 139.375 -13 7700 1 0 1
29.5016 -4.30026 10700 -0.222724 0.372932 27.9966 139.384 -13 7701 1 0 1
34.9063 -0.802636 10700 -0.258212 -0.027947 27.9988 139.404 -13 7702 1 0 1
-2.50173 -6.90958 10700 -0.0408965 0.454807 27.9963 139.214 -13 7703 1 0 1
16.1671 0.736245 10700 -0.138167 -0.0399452 27.9996 139.314 -13 7704 1 0 1
35.2725 12.8584 10700 -0.27019 -0.864713 27.9853 139.448 -13 7705 1 0 1
55.4142 -14.9126 10700 -0.427731 1.10698 27.9748 139.575 -13 7706 1 0 1
-8.39842 -2.75679 10700 0.00959477 0.189714 27.9994 139.194 -13 7707 1 0 1
-28.889 1.33351 10700 0.119506 -0.0757989 27.9996 139.073 -13 7708 1 0 1
20.1908 -11.6811 10700 -0.176233 0.863214 27.9861 139.359 -13 7709 1 0 1
-17.8515 12.0386 10700 0.0561785 -0.8247 27.9878 139.154 -13 7710 1 0 1
-20.1682 13.0495 10700 0.0726084 -0.830875 27.9876 139.146 -13 7711 1 0 1
-54.4133 5.30709 10700 0.28696 -0.315871 27.9967 138.951 -13 7712 1 0 1
-15.8752 -15.0156 10700 0.0531487 0.986148 27.9826 139.184 -13 7713 1 0 1
47.5516 -5.09309 10700 -0.322756 0.340251 27.9961 139.495 -13 7714 1 0 1
-65.9525 0.422609 10700 0.357666 -0.0176864 27.9977 138.884 -13 7715 1 0 1
9.71715 -13.6026 10700 -0.108205 0.856965 27.9867 139.312 -13 7716 1 0 1
3.73492 12.625 10700 -0.0774123 -0.820064 27.9879 139.269 -13 7717 1 0 1
-27.8225 1.15093 10700 0.113815 -0.00165787 27.9998 139.079 -13 7718 1 0 1
68.1917 -5.76347 10700 -0.470817 0.492663 27.9917 139.602 -13 7719 1 0 1
-8.01403 1.45291 10700 -0.00674147 -0.0409316 28 139.179 -13 7720 1 0 1
-16.4811 3.77037 10700 0.0455677 -0.259975 27.9988 139.14 -13 7721 1 0 1
13.5265 -14.1757 10700 -0.135006 0.915218 27.9847 139.334 -13 7722 1 0 1
-11.0349 -2.68264 10700 0.020476 0.197879 27.9993 139.175 -13 7723 1 0 1
41.1516 7.46918 10700 -0.290214 -0.559335 27.9929 139.466 -13 7724 1 0 1
-0.737621 -15.5584 10700 -0.0404525 0.947045 27.984 139.268 -13 7725 1 0 1
5.23173 9.05676 10700 -0.068202 -0.53279 27.9948 139.28 -13 7726 1 0 1
32.752 -3.97829 10700 -0.237525 0.230433 27.998 139.404 -13 7727 1 0 1
-70.7636 -4.39477 10700 0.392159 0.386265 27.9946 138.86 -13 7728 1 0 1
1.78029 17.1064 10700 -0.0708667 -1.24558 27.9722 139.29 -13 7729 1 0 1
33.0385 -15.1367 10700 -0.254787 0.921154 27.9837 139.451 -13 7730 1 0 1
43.2899 0.418944 10700 -0.298387 0.0561697 27.9984 139.461 -13 7731 1 0 1
12.8599 1.72795 10700 -0.1255 -0.0396746 27.9997 139.29 -13 7732 1 0 1
22.9259 -6.00139 10700 -0.187283 0.355901 27.9971 139.347 -13 7733 1 0 1
-43.0302 -7.62402 10700 0.223237 0.525481 27.9942 139.021 -13 7734 1 0 1
27.3789 -1.38844 10700 -0.205798 0.0779044 27.9991 139.372 -13 7735 1 0 1
43.686 0.372481 10700 -0.294535 -0.074811 27.9984 139.47 -13 7736 1 0 1
-0.653194 -13.2333 10700 -0.0437329 0.753944 27.9898 139.252 -13 7737 1 0 1
0.0325374 -4.27936 10700 -0.0494715 0.23948 27.9989 139.229 -13 7738 1 0 1
-14.2631 -2.50669 10700 0.0203641 0.215544 27.9992 139.14 -13 7739 1 0 1
15.0427 4.3966 10700 -0.140485 -0.314224 27.9979 139.304 -13 7740 1 0 1
-53.0184 13.4894 10700 0.297374 -0.972579 27.9815 138.983 -13 7741 1 0 1
-53.7337 7.71426 10700 0.28138 -0.466805 27.9947 138.953 -13 7742 1 0 1
22.957 5.20224 10700 -0.186593 -0.349154 27.9972 139.347 -13 7743 1 0 1
-24.1675 3.34134 10700 0.0973629 -0.249902 27.9987 139.106 -13 7744 1 0 1
-11.8176 7.55853 10700 0.0303626 -0.568728 27.9942 139.187 -13 7745 1 0 1
5.46555 1.72215 10700 -0.0837095 -0.146032 27.9995 139.252 -13 7746 1 0 1
20.9697 -8.48993 10700 -0.180171 0.595946 27.9931 139.346 -13 7747 1 0 1
61.7255 -20.2232 10700 -0.593993 2.05578 27.9181 139.733 -13 7748 1 0 1
-11.1427 7.78937 10700 0.0139851 -0.490005 27.9957 139.174 -13 7749 1 0 1
-31.4471 8.03204 10700 0.143934 -0.570215 27.9938 139.077 -13 7750 1 0 1
-22.2999 1.36458 10700 0.0841032 -0.135858 27.9995 139.112 -13 7751 1 0 1
26.5301 10.8501 10700 -0.205475 -0.695831 27.9906 139.394 -13 7752 1 0 1
-8.47963 9.05953 10700 -0.0112885 -0.562578 27.9943 139.183 -13 7753 1 0 1
13.1901 -12.0381 10700 -0.121018 0.737321 27.99 139.329 -13 7754 1 0 1
-26.6917 4.06477 10700 0.111729 -0.185529 27.9992 139.092 -13 7755 1 0 1
-26.8781 6.78947 10700 0.0945101 -0.439828 27.9964 139.075 -13 7756 1 0 1
65.5684 -16.1837 10700 -0.533238 1.50889 27.9542 139.675 -13 7757 1 0 1
21.6186 -1.1077 10700 -0.170877 0.162419 27.999 139.343 -13 7758 1 0 1
-25.9715 -8.7236 10700 0.107434 0.571052 27.994 139.103 -13 7759 1 0 1
15.1241 -12.7953 10700 -0.154953 0.851493 27.9866 139.325 -13 7760 1 0 1
28.5672 -14.3476 10700 -0.23134 0.997257 27.9813 139.42 -13 7761 1 0 1
-26.8553 19.0201 10700 0.13696 -1.42244 27.9635 139.157 -13 7762 1 0 1
-30.4713 2.13879 10700 0.122959 -0.135481 27.9994 139.059 -13 7763 1 0 1
-22.8357 0.921534 10700 0.0841534 -0.131841 27.9996 139.106 -13 7764 1 0 1
76.5886 -7.84372 10700 -0.527883 0.656423 27.9873 139.667 -13 7765 1 0 1
-8.43702 10.6577 10700 0.00310717 -0.653526 27.9924 139.204 -13 7766 1 0 1
17.0784 -5.58731 10700 -0.15988 0.350754 27.9973 139.309 -13 7767 1 0 1
5.35269 8.13903 10700 -0.0913977 -0.508099 27.9952 139.253 -13 7768 1 0 1
15.5584 -8.6876 10700 -0.143849 0.527984 27.9947 139.317 -13 7769 1 0 1
-13.2995 -2.67477 10700 0.0369965 0.155553 27.9995 139.166 -13 7770 1 0 1
30.303 -17.4037 10700 -0.25817 1.14247 27.9755 139.441 -13 7771 1 0 1
-31.0747 17.349 10700 0.160858 -1.27079 27.9707 139.125 -13 7772 1 0 1
-16.1797 4.7232 10700 0.042361 -0.419578 27.9968 139.142 -13 7773 1 0 1
25.1202 -11.1838 10700 -0.20145 0.707389 27.9903 139.383 -13 7774 1 0 1
0.463508 -13.2904 10700 -0.0539069 0.799306 27.9885 139.257 -13 7775 1 0 1
24.9924 14.1685 10700 -0.209588 -1.01491 27.9808 139.4 -13 7776 1 0 1
-25.9696 -9.41265 10700 0.120243 0.614834 27.993 139.117 -13 7777 1 0 1
44.0574 -15.1695 10700 -0.349837 1.0002 27.9799 139.501 -13 7778 1 0 1
19.2917 -4.83445 10700 -0.168896 0.302205 27.9979 139.324 -13 7779 1 0 1
40.4865 -8.01048 10700 -0.299294 0.587033 27.9922 139.451 -13 7780 1 0 1
-2.75546 -3.40383 10700 -0.0249389 0.181357 27.9994 139.222 -13 7781 1 0 1
-24.0961 7.16246 10700 0.0946279 -0.436537 27.9964 139.106 -13 7782 1 0 1
-17.1076 7.2533 10700 0.0580889 -0.449312 27.9963 139.149 -13 7783 1 0 1
-60.4422 17.9628 10700 0.37919 -1.40194 27.9623 138.97 -13 7784 1 0 1
14.3845 -11.7576 10700 -0.128178 0.764997 27.9893 139.335 -13 7785 1 0 1
52.7668 -13.9883 10700 -0.404807 1.12023 27.9747 139.559 -13 7786 1 0 1
15.3686 -10.7063 10700 -0.14765 0.749533 27.9896 139.324 -13 7787 1 0 1
33.7821 -5.30078 10700 -0.241342 0.314916 27.9972 139.416 -13 7788 1 0 1
39.9691 -10.5653 10700 -0.285084 0.67448 27.9904 139.471 -13 7789 1 0 1
48.404 3.03745 10700 -0.330623 -0.130792 27.9977 139.491 -13 7790 1 0 1
27.2631 -6.09967 10700 -0.214594 0.366769 27.9968 139.369 -13 7791 1 0 1
-13.6101 -9.21915 10700 0.0322112 0.577507 27.994 139.17 -13 7792 1 0 1
12.6063 -11.4998 10700 -0.126922 0.81681 27.9878 139.318 -13 7793 1 0 1
-22.8158 24.7117 10700 0.126088 -1.84367 27.939 139.231 -13 7794 1 0 1
-10.8522 5.32929 10700 0.0126235 -0.224606 27.9991 139.172 -13 7795 1 0 1
-31.499 9.67709 10700 0.145108 -0.642951 27.9922 139.081 -13 7796 1 0 1
-2.37266 4.4566 10700 -0.0372368 -0.186692 27.9994 139.215 -13 7797 1 0 1
-28.639 11.0331 10700 0.119998 -0.716385 27.9906 139.089 -13 7798 1 0 1
1.55059 9.74327 10700 -0.0621336 -0.613919 27.9932 139.249 -13 7799 1 0 1
-4.00004 -10.4021 10700 -0.0335607 0.703716 27.9911 139.217 -13 7800 1 0 1
-1.37876 4.51062 10700 -0.0485966 -0.189112 27.9993 139.214 -13 7801 1 0 1
1.79249 -1.78696 10700 -0.0574493 0.00132802 27.9999 139.238 -13 7802 1 0 1
-11.1267 20.9774 10700 0.0222245 -1.47151 27.9613 139.248 -13 7803 1 0 1
50.2652 -8.99995 10700 -0.363641 0.629837 27.9906 139.509 -13 7804 1 0 1
-2.5986 5.30792 10700 -0.02555 -0.3049 27.9983 139.226 -13 7805 1 0 1
-61.2024 12.2207 10700 0.352579 -0.952788 27.9816 138.936 -13 7806 1 0 1
-48.454 4.91627 10700 0.239799 -0.183778 27.9984 138.975 -13 7807 1 0 1
-33.7298 2.30717 10700 0.150453 -0.0806465 27.9995 139.05 -13 7808 1 0 1
44.067 -8.75986 10700 -0.32978 0.475648 27.994 139.46 -13 7809 1 0 1
-44.1613 -2.93595 10700 0.232922 0.187211 27.9984 139.014 -13 7810 1 0 1
-5.08138 8.61909 10700 -0.0286569 -0.491883 27.9957 139.2 -13 7811 1 0 1
-42.6217 27.0272 10700 0.331019 -2.24313 27.908 139.156 -13 7812 1 0 1
-20.3922 7.53686 10700 0.0772977 -0.45335 27.9962 139.132 -13 7813 1 0 1
-29.6944 4.70448 10700 0.122434 -0.310884 27.998 139.069 -13 7814 1 0 1
11.8526 11.6451 10700 -0.130606 -0.750143 27.9896 139.303 -13 7815 1 0 1
10.8092 -3.81041 10700 -0.116061 0.203674 27.999 139.28 -13 7816 1 0 1
-15.9024 23.3235 10700 0.0595051 -1.64643 27.9515 139.244 -13 7817 1 0 1
44.2259 -0.173174 10700 -0.317265 0.0463956 27.9982 139.452 -13 7818 1 0 1
-38.285 9.32146 10700 0.178333 -0.681472 27.9911 139.035 -13 7819 1 0 1
3.27762 -7.78941 10700 -0.0699411 0.452437 27.9963 139.25 -13 7820 1 0 1
86.7184 -1.91253 10700 -0.580256 0.242196 27.9929 139.702 -13 7821 1 0 1
-15.1105 -3.76204 10700 0.0351332 0.260953 27.9988 139.145 -13 7822 1 0 1
55.7677 -2.17222 10700 -0.383324 0.154197 27.997 139.525 -13 7823 1 0 1
13.6658 1.85309 10700 -0.128605 -0.140431 27.9994 139.297 -13 7824 1 0 1
-23.2735 -3.54039 10700 0.0878327 0.226253 27.9989 139.106 -13 7825 1 0 1
26.0329 4.43941 10700 -0.200035 -0.313677 27.9975 139.368 -13 7826 1 0 1
-6.64807 -7.81789 10700 -0.0128567 0.540443 27.9948 139.201 -13 7827 1 0 1
-26.3124 6.08727 10700 0.103508 -0.517848 27.995 139.093 -13 7828 1 0 1
13.9513 8.20349 10700 -0.133874 -0.55367 27.9942 139.311 -13 7829 1 0 1
35.8141 -15.8371 10700 -0.292371 1.09228 27.9772 139.463 -13 7830 1 0 1
63.0385 -6.93989 10700 -0.433324 0.410682 27.9936 139.576 -13 7831 1 0 1
-7.20541 -11.8872 10700 -0.0119988 0.818917 27.988 139.208 -13 7832 1 0 1
107.85 -5.82263 10700 -0.738566 0.714965 27.9811 139.846 -13 7833 1 0 1
42.066 -10.6495 10700 -0.311417 0.710752 27.9892 139.472 -13 7834 1 0 1
-2.08062 -5.7556 10700 -0.0373558 0.35535 27.9977 139.219 -13 7835 1 0 1
4.04714 -21.6261 10700 -0.0950897 1.63943 27.9518 139.343 -13 7836 1 0 1
24.7759 -7.24511 10700 -0.197843 0.401122 27.9964 139.36 -13 7837 1 0 1
28.391 -1.09122 10700 -0.20998 0.124377 27.9989 139.379 -13 7838 1 0 1
31.0283 -3.53174 10700 -0.226978 0.190286 27.9984 139.394 -13 7839 1 0 1
-12.8383 5.2106 10700 0.0243769 -0.237681 27.999 139.161 -13 7840 1 0 1
26.6766 -20.8194 10700 -0.254223 1.60158 27.953 139.469 -13 7841 1 0 1
-19.8543 12.7424 10700 0.0698533 -0.760418 27.9896 139.145 -13 7842 1 0 1
2.32978 -1.7987 10700 -0.066397 0.0682217 27.9998 139.234 -13 7843 1 0 1
11.356 -7.02737 10700 -0.112195 0.418104 27.9967 139.296 -13 7844 1 0 1
-50.6698 12.4934 10700 0.279297 -0.891518 27.9844 138.993 -13 7845 1 0 1
36.4559 7.42372 10700 -0.272075 -0.512149 27.994 139.424 -13 7846 1 0 1
-28.3378 11.2528 10700 0.125328 -0.673326 27.9916 139.1 -13 7847 1 0 1
38.2755 -6.80882 10700 -0.269858 0.428193 27.9954 139.443 -13 7848 1 0 1
20.4081 -23.7176 10700 -0.22756 1.79321 27.9416 139.459 -13 7849 1 0 1
37.1119 -0.560538 10700 -0.259199 0.029269 27.9988 139.428 -13 7850 1 0 1
42.2155 -3.12409 10700 -0.297997 0.315441 27.9966 139.453 -13 7851 1 0 1
52.1546 -5.24908 10700 -0.356937 0.425139 27.9945 139.517 -13 7852 1 0 1
-3.02043 3.01235 10700 -0.027747 -0.101226 27.9998 139.215 -13 7853 1 0 1
-42.7046 9.3664 10700 0.218455 -0.665986 27.9912 139.024 -13 7854 1 0 1
10.6917 11.2414 10700 -0.12471 -0.724113 27.9904 139.294 -13 7855 1 0 1
12.9522 12.3077 10700 -0.129148 -0.74284 27.9898 139.32 -13 7856 1 0 1
-1.9467 6.17237 10700 -0.0406823 -0.421021 27.9968 139.218 -13 7857 1 0 1
81.5761 -13.696 10700 -0.639775 1.39338 27.958 139.754 -13 7858 1 0 1
42.3524 -8.7906 10700 -0.30139 0.662427 27.9905 139.477 -13 7859 1 0 1
10.1497 -1.47959 10700 -0.10692 0.0678748 27.9997 139.28 -13 7860 1 0 1
-7.16476 1.03418 10700 -0.00547665 -0.0510268 28 139.19 -13 7861 1 0 1
51.7687 -9.21587 10700 -0.375062 0.681903 27.9892 139.52 -13 7862 1 0 1
51.9277 -19.8356 10700 -0.468388 1.77354 27.9398 139.634 -13 7863 1 0 1
16.7829 -15.6695 10700 -0.160823 1.08468 27.9785 139.361 -13 7864 1 0 1
-29.3164 -11.7431 10700 0.12918 0.832224 27.9873 139.094 -13 7865 1 0 1
-30.9831 -4.79082 10700 0.141847 0.269327 27.9983 139.074 -13 7866 1 0 1
8.21265 -3.96579 10700 -0.098103 0.278922 27.9984 139.27 -13 7867 1 0 1
19.6418 -9.31498 10700 -0.161399 0.555161 27.994 139.348 -13 7868 1 0 1
-28.4869 2.18806 10700 0.124384 -0.14236 27.9994 139.083 -13 7869 1 0 1
3.2364 2.60302 10700 -0.0714501 -0.115738 27.9997 139.24 -13 7870 1 0 1
31.379 0.306331 10700 -0.228155 -0.0155909 27.9991 139.393 -13 7871 1 0 1
14.9401 4.72176 10700 -0.134827 -0.21014 27.9989 139.309 -13 7872 1 0 1
34.369 -2.54345 10700 -0.248918 0.130657 27.9986 139.409 -13 7873 1 0 1
-36.7734 11.3393 10700 0.1784 -0.731134 27.9899 139.055 -13 7874 1 0 1
1.50029 -4.38307 10700 -0.0587166 0.206513 27.9992 139.236 -13 7875 1 0 1
5.77074 -10.6646 10700 -0.0827418 0.694796 27.9913 139.278 -13 7876 1 0 1
-8.38074 5.32669 10700 0.00358534 -0.320684 27.9982 139.191 -13 7877 1 0 1
-14.5592 1.55624 10700 0.0382522 -0.0814733 27.9999 139.152 -13 7878 1 0 1
1.79971 -5.82134 10700 -0.0621942 0.339231 27.9979 139.238 -13 7879 1 0 1
-8.57033 20.4855 10700 0.000825734 -1.38301 27.9658 139.255 -13 7880 1 0 1
38.8176 -4.72142 10700 -0.275356 0.359355 27.9963 139.438 -13 7881 1 0 1
23.7655 8.66499 10700 -0.192088 -0.572067 27.9935 139.365 -13 7882 1 0 1
29.3844 12.0722 10700 -0.234113 -0.789409 27.9879 139.405 -13 7883 1 0 1
-11.9973 -5.40814 10700 0.0236876 0.259101 27.9988 139.17 -13 7884 1 0 1
-19.9149 -16.1072 10700 0.0939359 1.01361 27.9815 139.179 -13 7885 1 0 1
-73.9137 6.79227 10700 0.439246 -0.556165 27.991 138.864 -13 7886 1 0 1
12.2272 7.02126 10700 -0.125238 -0.537158 27.9946 139.298 -13 7887 1 0 1
35.0642 -9.53527 10700 -0.254919 0.556728 27.9933 139.432 -13 7888 1 0 1
-31.867 11.2256 10700 0.133146 -0.74975 27.9896 139.066 -13 7889 1 0 1
-45.4968 26.0351 10700 0.368985 -2.34698 27.899 139.147 -13 7890 1 0 1
-19.3596 10.6812 10700 0.0690219 -0.591703 27.9937 139.143 -13 7891 1 0 1
-18.6041 8.37428 10700 0.0561636 -0.470481 27.996 139.132 -13 7892 1 0 1
19.9523 -12.638 10700 -0.177209 0.846196 27.9866 139.357 -13 7893 1 0 1
82.0508 -5.42487 10700 -0.560784 0.507742 27.9898 139.682 -13 7894 1 0 1
-28.2601 -1.21261 10700 0.115669 0.0579897 27.9997 139.076 -13 7895 1 0 1
-7.96241 4.54698 10700 -0.00199477 -0.269278 27.9987 139.189 -13 7896 1 0 1
43.1318 -12.3417 10700 -0.31642 0.881462 27.9843 139.496 -13 7897 1 0 1
3.28987 3.38067 10700 -0.0632376 -0.210864 27.9991 139.25 -13 7898 1 0 1
18.5691 2.28561 10700 -0.151943 -0.145016 27.9992 139.329 -13 7899 1 0 1
-2.80432 -0.121898 10700 -0.0212268 0.0427155 28 139.223 -13 7900 1 0 1
24.7679 -5.00987 10700 -0.190456 0.316544 27.9976 139.364 -13 7901 1 0 1
-21.1373 1.85268 10700 0.0761216 -0.0539986 27.9998 139.116 -13 7902 1 0 1
-40.5174 15.0931 10700 0.216213 -1.00165 27.9812 139.056 -13 7903 1 0 1
76.685 -10.3286 10700 -0.547942 0.966036 27.978 139.687 -13 7904 1 0 1
7.30588 -11.6399 10700 -0.0957099 0.687888 27.9914 139.286 -13 7905 1 0 1
-0.452649 -1.92311 10700 -0.0565297 0.169036 27.9994 139.214 -13 7906 1 0 1
-37.1978 16.3443 10700 0.191124 -1.04883 27.9797 139.073 -13 7907 1 0 1
-2.79657 7.35718 10700 -0.0259543 -0.336113 27.998 139.227 -13 7908 1 0 1
-2.87072 -3.59062 10700 -0.0173523 0.242938 27.9989 139.229 -13 7909 1 0 1
15.8854 -0.700758 10700 -0.135908 0.101804 27.9995 139.314 -13 7910 1 0 1
-56.2595 18.3522 10700 0.335081 -1.34258 27.9658 138.983 -13 7911 1 0 1
-30.5586 -9.58937 10700 0.139781 0.639141 27.9924 139.085 -13 7912 1 0 1
-16.0143 8.29837 10700 0.0518692 -0.503746 27.9954 139.158 -13 7913 1 0 1
32.3102 -4.18028 10700 -0.231802 0.14511 27.9987 139.405 -13 7914 1 0 1
9.37309 8.97958 10700 -0.10529 -0.574669 27.9939 139.29 -13 7915 1 0 1
-0.192677 5.77398 10700 -0.0557219 -0.38574 27.9973 139.222 -13 7916 1 0 1
82.0246 -7.63598 10700 -0.568643 0.709191 27.9852 139.698 -13 7917 1 0 1
-72.3531 18.8699 10700 0.513229 -1.68119 27.9448 138.925 -13 7918 1 0 1
1.39524 12.8488 10700 -0.0540424 -0.870171 27.9864 139.27 -13 7919 1 0 1
28.9982 -19.3053 10700 -0.254604 1.34347 27.9666 139.461 -13 7920 1 0 1
15.7503 0.0899617 10700 -0.131347 -0.0288472 27.9997 139.317 -13 7921 1 0 1
-8.68283 -4.02051 10700 -0.00156009 0.285996 27.9985 139.181 -13 7922 1 0 1
32.6972 -14.7332 10700 -0.270882 1.02484 27.9799 139.436 -13 7923 1 0 1
13.8302 -2.25987 10700 -0.123511 0.0885687 27.9996 139.304 -13 7924 1 0 1
-52.2762 17.8185 10700 0.322557 -1.22187 27.9715 139.018 -13 7925 1 0 1
14.0195 -9.6395 10700 -0.144754 0.572391 27.9938 139.303 -13 7926 1 0 1
64.3336 0.0352193 10700 -0.434802 -0.0284246 27.9966 139.573 -13 7927 1 0 1
43.2519 -16.8215 10700 -0.356324 1.22308 27.971 139.515 -13 7928 1 0 1
11.6267 7.01042 10700 -0.123151 -0.416294 27.9966 139.287 -13 7929 1 0 1
-26.9409 7.47477 10700 0.106656 -0.462317 27.996 139.087 -13 7930 1 0 1
14.3545 -7.44128 10700 -0.137654 0.530926 27.9946 139.309 -13 7931 1 0 1
-17.792 11.9274 10700 0.0622074 -0.785759 27.9889 139.16 -13 7932 1 0 1
27.0413 -0.442877 10700 -0.197025 0.0294004 27.9993 139.376 -13 7933 1 0 1
-14.2035 -0.0922907 10700 0.0429824 -0.0426178 27.9999 139.161 -13 7934 1 0 1
42.8306 -8.22161 10700 -0.312289 0.546833 27.9929 139.463 -13 7935 1 0 1
-13.3369 -2.443 10700 0.0310462 0.17599 27.9994 139.16 -13 7936 1 0 1
4.87023 -7.01151 10700 -0.0796366 0.541557 27.9946 139.262 -13 7937 1 0 1
-52.9961 15.5896 10700 0.297325 -1.13957 27.9752 138.984 -13 7938 1 0 1
-41.2091 10.7608 10700 0.205707 -0.72131 27.99 139.03 -13 7939 1 0 1
-12.0373 -5.25389 10700 0.0280441 0.371527 27.9975 139.173 -13 7940 1 0 1
72.6522 -15.3936 10700 -0.5892 1.49665 27.9538 139.713 -13 7941 1 0 1
3.30003 12.1896 10700 -0.0711481 -0.814348 27.9881 139.27 -13 7942 1 0 1
-5.67551 5.01605 10700 -0.0191733 -0.340025 27.9979 139.197 -13 7943 1 0 1
-45.726 -3.76538 10700 0.22054 0.252163 27.998 138.986 -13 7944 1 0 1
9.15364 18.0623 10700 -0.127504 -1.35307 27.967 139.332 -13 7945 1 0 1
7.49014 -11.3856 10700 -0.0892098 0.724475 27.9905 139.293 -13 7946 1 0 1
8.54379 -12.5469 10700 -0.0959611 0.775879 27.9891 139.304 -13 7947 1 0 1
29.9484 -16.0274 10700 -0.253151 1.0994 27.9773 139.43 -13 7948 1 0 1
-41.858 0.695694 10700 0.185962 -0.0383696 27.9994 138.995 -13 7949 1 0 1
19.1266 -18.8338 10700 -0.179486 1.37722 27.9655 139.409 -13 7950 1 0 1
-21.7653 9.66338 10700 0.0819997 -0.722169 27.9906 139.129 -13 7951 1 0 1
-35.2611 -0.709034 10700 0.157253 0.0874934 27.9994 139.04 -13 7952 1 0 1
45.3653 -1.75216 10700 -0.315256 0.128441 27.9979 139.469 -13 7953 1 0 1
41.1037 -6.77471 10700 -0.296412 0.457518 27.9947 139.451 -13 7954 1 0 1
9.97912 -27.1323 10700 -0.156554 2.13357 27.9182 139.452 -13 7955 1 0 1
7.18175 -10.5425 10700 -0.0839118 0.61812 27.9931 139.291 -13 7956 1 0 1
38.6002 3.98512 10700 -0.28597 -0.241106 27.9975 139.423 -13 7957 1 0 1
36.7612 -0.330615 10700 -0.270825 0.0404444 27.9987 139.412 -13 7958 1 0 1
-2.31884 2.31168 10700 -0.045212 -0.0892457 27.9998 139.205 -13 7959 1 0 1
32.1617 -10.6031 10700 -0.253279 0.675755 27.9907 139.411 -13 7960 1 0 1
57.0861 -2.26933 10700 -0.382585 0.220641 27.9965 139.542 -13 7961 1 0 1
66.4163 -12.4252 10700 -0.48567 1.07605 27.9751 139.641 -13 7962 1 0 1
-15.3279 16.1114 10700 0.04593 -1.03621 27.9808 139.188 -13 7963 1 0 1
6.14214 -1.29092 10700 -0.0817991 0.0462162 27.9998 139.261 -13 7964 1 0 1
-52.804 18.4824 10700 0.320012 -1.27713 27.969 139.011 -13 7965 1 0 1
-17.6725 -2.5464 10700 0.0491172 0.166453 27.9995 139.129 -13 7966 1 0 1
7.56586 -3.07289 10700 -0.0861101 0.242353 27.9988 139.274 -13 7967 1 0 1
50.0722 -12.9493 10700 -0.373646 0.98935 27.98 139.537 -13 7968 1 0 1
21.9717 3.32488 10700 -0.178603 -0.191877 27.9988 139.341 -13 7969 1 0 1
19.388 -4.32198 10700 -0.158022 0.357421 27.9973 139.335 -13 7970 1 0 1
64.2507 -16.5066 10700 -0.529729 1.52858 27.9532 139.667 -13 7971 1 0 1
53.5595 -21.1503 10700 -0.489602 1.8376 27.9353 139.665 -13 7972 1 0 1
17.2356 -0.819636 10700 -0.145207 0.0769963 27.9995 139.319 -13 7973 1 0 1
-28.6502 14.9236 10700 0.130639 -1.00022 27.9818 139.111 -13 7974 1 0 1
17.5642 -0.0407713 10700 -0.158567 0.00296452 27.9996 139.308 -13 7975 1 0 1
89.8588 -4.70213 10700 -0.60712 0.599583 27.987 139.738 -13 7976 1 0 1
24.6485 5.49191 10700 -0.202877 -0.403834 27.9964 139.35 -13 7977 1 0 1
-38.7521 1.08273 10700 0.177395 -0.0380437 27.9994 139.02 -13 7978 1 0 1
18.9157 8.14054 10700 -0.16638 -0.600237 27.9931 139.336 -13 7979 1 0 1
57.5177 -4.49527 10700 -0.396315 0.307902 27.9955 139.539 -13 7980 1 0 1
30.804 -9.28422 10700 -0.236864 0.685787 27.9906 139.406 -13 7981 1 0 1
9.47339 4.49072 10700 -0.107029 -0.221069 27.9989 139.275 -13 7982 1 0 1
14.8335 -13.2102 10700 -0.142784 0.908965 27.9849 139.337 -13 7983 1 0 1
-37.3602 -3.78834 10700 0.170522 0.2162 27.9986 139.031 -13 7984 1 0 1
-31.9998 16.074 10700 0.151626 -1.13896 27.9764 139.097 -13 7985 1 0 1
-27.8216 20.8637 10700 0.148241 -1.53922 27.9573 139.164 -13 7986 1 0 1
-44.0121 2.82967 10700 0.211594 -0.146887 27.9988 138.996 -13 7987 1 0 1
-14.1675 14.1183 10700 0.0340068 -0.833419 27.9876 139.18 -13 7988 1 0 1
-78.4392 10.7281 10700 0.484469 -0.890928 27.9816 138.848 -13 7989 1 0 1
-9.38167 4.06187 10700 0.00191785 -0.255403 27.9988 139.176 -13 7990 1 0 1
-26.2138 4.37732 10700 0.108951 -0.299459 27.9982 139.095 -13 7991 1 0 1
25.1211 3.52003 10700 -0.196847 -0.224235 27.9984 139.358 -13 7992 1 0 1
-46.2714 -6.76453 10700 0.228659 0.243091 27.998 138.989 -13 7993 1 0 1
7.67947 4.7184 10700 -0.101334 -0.211945 27.999 139.261 -13 7994 1 0 1
49.0948 -2.42862 10700 -0.339775 0.213194 27.9971 139.49 -13 7995 1 0 1
63.6669 -1.22186 10700 -0.43387 0.0546929 27.9966 139.566 -13 7996 1 0 1
3.3563 -6.8761 10700 -0.0779297 0.280752 27.9985 139.241 -13 7997 1 0 1
-5.52763 7.21761 10700 -0.00901223 -0.487887 27.9957 139.214 -13 7998 1 0 1
38.2241 -0.449155 10700 -0.269889 -0.0170604 27.9987 139.43 -13 7999 1 0 1
-2.32457 -6.71917 10700 -0.033303 0.377362 27.9974 139.222 -13 8000 1 0 1
69.6991 -11.2892 10700 -0.507516 0.981422 27.9782 139.645 -13 8001 1 0 1
-3.50648 -1.54277 10700 -0.0272831 0.10021 27.9998 139.209 -13 8002 1 0 1
48.2345 -7.79718 10700 -0.339421 0.583813 27.9919 139.502 -13 8003 1 0 1
-18.9302 -0.716061 10700 0.0657807 -0.00566643 27.9999 139.131 -13 8004 1 0 1
38.203 -15.6048 10700 -0.302314 1.16942 27.9739 139.489 -13 8005 1 0 1
54.5185 -4.75669 10700 -0.374339 0.234494 27.9965 139.524 -13 8006 1 0 1
4.11858 -0.696988 10700 -0.0716834 0.0756175 27.9998 139.248 -13 8007 1 0 1
21.2958 -7.13443 10700 -0.171911 0.468564 27.9956 139.348 -13 8008 1 0 1
22.2255 8.061 10700 -0.181374 -0.405197 27.9965 139.35 -13 8009 1 0 1
16.8251 -10.967 10700 -0.15502 0.707876 27.9906 139.333 -13 8010 1 0 1
29.6403 -3.16184 10700 -0.217705 0.236456 27.9982 139.388 -13 8011 1 0 1
9.34038 3.29787 10700 -0.107069 -0.201452 27.9991 139.272 -13 8012 1 0 1
25.178 -8.09567 10700 -0.193827 0.486828 27.9951 139.373 -13 8013 1 0 1
33.0777 -16.7566 10700 -0.261327 1.16253 27.9746 139.47 -13 8014 1 0 1
39.9611 -13.9189 10700 -0.313399 0.99827 27.9804 139.477 -13 8015 1 0 1
-11.5615 2.90792 10700 0.0204771 -0.163764 27.9995 139.169 -13 8016 1 0 1
23.05 6.51704 10700 -0.177191 -0.360713 27.9971 139.361 -13 8017 1 0 1
-19.2361 7.2191 10700 0.0577659 -0.467286 27.996 139.125 -13 8018 1 0 1
-5.02938 -10.4732 10700 -0.0213245 0.683975 27.9916 139.217 -13 8019 1 0 1
41.5093 6.60765 10700 -0.296244 -0.353465 27.9962 139.454 -13 8020 1 0 1
0.948602 -6.32113 10700 -0.0508369 0.499749 27.9955 139.245 -13 8021 1 0 1
71.8603 4.36675 10700 -0.492036 -0.315961 27.9939 139.616 -13 8022 1 0 1
-58.1948 24.0151 10700 0.461866 -2.212 27.9087 139.048 -13 8023 1 0 1
6.60921 7.34617 10700 -0.0839812 -0.505397 27.9953 139.276 -13 8024 1 0 1
38.4025 -21.2542 10700 -0.353473 1.69908 27.9462 139.551 -13 8025 1 0 1
39.9872 2.44585 10700 -0.275652 -0.227096 27.9977 139.449 -13 8026 1 0 1
-11.4136 -3.4154 10700 0.0181396 0.22605 27.9991 139.169 -13 8027 1 0 1
29.1914 6.83589 10700 -0.227737 -0.527807 27.9941 139.385 -13 8028 1 0 1
-23.3105 -14.412 10700 0.0812766 0.86688 27.9865 139.123 -13 8029 1 0 1
28.3205 -4.93258 10700 -0.216805 0.312212 27.9974 139.377 -13 8030 1 0 1
24.5234 -5.86404 10700 -0.192064 0.431978 27.996 139.362 -13 8031 1 0 1
-55.417 3.19518 10700 0.286413 -0.161318 27.9981 138.939 -13 8032 1 0 1
-60.2435 8.10834 10700 0.330657 -0.51652 27.9933 138.924 -13 8033 1 0 1
-22.5164 15.4477 10700 0.0800619 -0.9942 27.9822 139.134 -13 8034 1 0 1
72.3233 1.86455 10700 -0.489181 -0.313224 27.994 139.62 -13 8035 1 0 1
45.8606 -7.94938 10700 -0.318881 0.559736 27.9926 139.493 -13 8036 1 0 1
4.09304 15.6363 10700 -0.0875888 -1.03001 27.9809 139.281 -13 8037 1 0 1
61.575 -4.00437 10700 -0.421747 0.305467 27.9952 139.561 -13 8038 1 0 1
19.5567 1.86522 10700 -0.1602 -0.1529 27.9991 139.331 -13 8039 1 0 1
6.4538 1.35408 10700 -0.0771278 -0.110328 27.9997 139.27 -13 8040 1 0 1
-32.0286 3.25373 10700 0.129723 -0.178844 27.9991 139.049 -13 8041 1 0 1
43.4699 -13.5737 10700 -0.322621 0.901306 27.9836 139.502 -13 8042 1 0 1
-15.6023 -3.49304 10700 0.0545259 0.195081 27.9993 139.159 -13 8043 1 0 1
11.8514 -7.30741 10700 -0.119331 0.461929 27.9959 139.295 -13 8044 1 0 1
-30.0032 13.3639 10700 0.130139 -0.82815 27.9874 139.089 -13 8045 1 0 1
-11.8203 -1.4162 10700 0.0394922 0.0396678 27.9999 139.184 -13 8046 1 0 1
-30.8083 16.7669 10700 0.147507 -1.17449 27.975 139.11 -13 8047 1 0 1
32.7924 5.45582 10700 -0.229264 -0.342156 27.997 139.418 -13 8048 1 0 1
23.4625 -8.77928 10700 -0.187115 0.549747 27.994 139.365 -13 8049 1 0 1
56.4875 -1.01321 10700 -0.381567 0.163432 27.9969 139.534 -13 8050 1 0 1
27.5875 9.05783 10700 -0.206838 -0.576521 27.9933 139.395 -13 8051 1 0 1
37.4755 -16.7593 10700 -0.292594 1.12625 27.9758 139.49 -13 8052 1 0 1
25.7971 -1.92336 10700 -0.210821 0.0916807 27.9991 139.349 -13 8053 1 0 1
13.9578 -3.4881 10700 -0.149773 0.231212 27.9986 139.281 -13 8054 1 0 1
34.4832 1.22012 10700 -0.248738 -0.0428489 27.9989 139.408 -13 8055 1 0 1
82.3693 -12.2065 10700 -0.617127 1.19444 27.9677 139.737 -13 8056 1 0 1
54.165 -1.571 10700 -0.377287 0.207912 27.9967 139.512 -13 8057 1 0 1
-53.003 24.3892 10700 0.414463 -2.26225 27.9054 139.08 -13 8058 1 0 1
-46.181 7.01115 10700 0.236469 -0.464799 27.9951 138.996 -13 8059 1 0 1
-3.37952 2.68663 10700 -0.0352598 -0.0818539 27.9999 139.203 -13 8060 1 0 1
7.54174 6.3515 10700 -0.0909703 -0.45436 27.9962 139.275 -13 8061 1 0 1
63.3555 -12.3571 10700 -0.455992 0.913945 27.9814 139.615 -13 8062 1 0 1
-28.0825 5.63638 10700 0.123369 -0.394574 27.9969 139.088 -13 8063 1 0 1
-8.10832 2.31444 10700 -0.00775705 -0.231879 27.999 139.179 -13 8064 1 0 1
21.3418 -6.48069 10700 -0.17784 0.380772 27.9968 139.34 -13 8065 1 0 1
-13.029 1.92678 10700 0.0205563 -0.130456 27.9997 139.152 -13 8066 1 0 1
-11.1465 7.8778 10700 0.0202581 -0.448487 27.9964 139.18 -13 8067 1 0 1
7.06497 -17.9828 10700 -0.108042 1.23055 27.9727 139.319 -13 8068 1 0 1
-25.9271 3.42969 10700 0.110379 -0.110701 27.9996 139.098 -13 8069 1 0 1
-14.9585 -13.0582 10700 0.038196 0.891103 27.9858 139.174 -13 8070 1 0 1
3.26882 -8.96967 10700 -0.0692281 0.642473 27.9925 139.26 -13 8071 1 0 1
7.54187 13.7023 10700 -0.100218 -0.888936 27.9857 139.297 -13 8072 1 0 1
13.303 -5.47061 10700 -0.124025 0.274984 27.9984 139.303 -13 8073 1 0 1
-32.82 22.8448 10700 0.194519 -1.67462 27.9492 139.155 -13 8074 1 0 1
49.0463 -4.08015 10700 -0.336886 0.18131 27.9974 139.494 -13 8075 1 0 1
37.5198 -15.4991 10700 -0.301317 1.13175 27.9755 139.477 -13 8076 1 0 1
-3.93689 -3.81759 10700 -0.0213461 0.194548 27.9993 139.213 -13 8077 1 0 1
10.9804 2.04084 10700 -0.114217 -0.0546038 27.9997 139.281 -13 8078 1 0 1
-16.1078 13.2165 10700 0.050117 -0.826156 27.9878 139.171 -13 8079 1 0 1
5.37788 -5.46391 10700 -0.077091 0.289199 27.9984 139.262 -13 8080 1 0 1
-5.2963 4.17678 10700 -0.0195547 -0.213258 27.9992 139.2 -13 8081 1 0 1
-9.55298 -7.98898 10700 0.00552963 0.600741 27.9936 139.189 -13 8082 1 0 1
52.9665 -5.58616 10700 -0.364444 0.378085 27.9951 139.519 -13 8083 1 0 1
14.1394 -19.6121 10700 -0.152574 1.34791 27.9671 139.377 -13 8084 1 0 1
2.00107 -3.79245 10700 -0.0557168 0.281384 27.9985 139.245 -13 8085 1 0 1
44.3634 -6.93941 10700 -0.310108 0.463518 27.9944 139.476 -13 8086 1 0 1
-3.49073 7.33642 10700 -0.0240804 -0.4094 27.997 139.22 -13 8087 1 0 1
89.4535 -1.92314 10700 -0.590087 0.187783 27.9932 139.725 -13 8088 1 0 1
32.136 -11.7958 10700 -0.247874 0.803516 27.9874 139.424 -13 8089 1 0 1
18.9906 9.25464 10700 -0.164308 -0.566607 27.9938 139.339 -13 8090 1 0 1
6.55489 1.21543 10700 -0.0867988 -0.0399551 27.9998 139.26 -13 8091 1 0 1
18.0245 1.73332 10700 -0.155104 -0.0911154 27.9994 139.318 -13 8092 1 0 1
-25.4234 1.12706 10700 0.102152 0.00182258 27.9998 139.095 -13 8093 1 0 1
-2.69325 9.38826 10700 -0.0425675 -0.561774 27.9943 139.217 -13 8094 1 0 1
-39.2086 1.43725 10700 0.166062 -0.0315237 27.9995 139.005 -13 8095 1 0 1
-26.5939 -14.7914 10700 0.12064 0.928661 27.9843 139.123 -13 8096 1 0 1
0.934126 1.35415 10700 -0.0569603 -0.100663 27.9998 139.228 -13 8097 1 0 1
-41.3202 1.68791 10700 0.203489 -0.0792888 27.9991 139.017 -13 8098 1 0 1
-30.4285 11.3766 10700 0.137819 -0.761102 27.9893 139.087 -13 8099 1 0 1
8.005 15.9688 10700 -0.0973369 -1.02166 27.9812 139.319 -13 8100 1 0 1
-10.9653 3.45168 10700 0.0123577 -0.239879 27.999 139.168 -13 8101 1 0 1
20.5881 -1.18747 10700 -0.179367 0.0121519 27.9994 139.321 -13 8102 1 0 1
29.2721 -11.644 10700 -0.217794 0.813046 27.9873 139.42 -13 8103 1 0 1
61.8177 -0.227427 10700 -0.405509 -0.0428825 27.997 139.573 -13 8104 1 0 1
-24.9689 17.0717 10700 0.10083 -1.12005 27.9774 139.132 -13 8105 1 0 1
-45.616 -5.01862 10700 0.225501 0.243771 27.998 138.992 -13 8106 1 0 1
7.16021 -3.68279 10700 -0.0888515 0.223995 27.999 139.267 -13 8107 1 0 1
13.4702 7.68677 10700 -0.135088 -0.513688 27.995 139.301 -13 8108 1 0 1
43.9386 -9.63437 10700 -0.315448 0.682201 27.9899 139.485 -13 8109 1 0 1
-31.306 13.9508 10700 0.147602 -0.969851 27.9828 139.095 -13 8110 1 0 1
-45.6406 -2.0764 10700 0.2258 0.195094 27.9984 138.991 -13 8111 1 0 1
-2.8222 9.33227 10700 -0.0460757 -0.667282 27.992 139.214 -13 8112 1 0 1
4.1809 22.3704 10700 -0.094427 -1.6356 27.952 139.348 -13 8113 1 0 1
19.2155 4.16114 10700 -0.163119 -0.313523 27.9978 139.328 -13 8114 1 0 1
-37.9542 18.8698 10700 0.200743 -1.37185 27.9657 139.084 -13 8115 1 0 1
-57.1427 18.3806 10700 0.355938 -1.4471 27.9603 138.989 -13 8116 1 0 1
-28.6736 17.0402 10700 0.132407 -1.12317 27.9772 139.118 -13 8117 1 0 1
-24.1083 14.4128 10700 0.0984792 -0.988305 27.9824 139.132 -13 8118 1 0 1
46.8455 -6.51882 10700 -0.341522 0.473383 27.9939 139.474 -13 8119 1 0 1
-39.7111 15.659 10700 0.205018 -0.905081 27.9846 139.055 -13 8120 1 0 1
40.1503 2.33671 10700 -0.281449 -0.140314 27.9982 139.443 -13 8121 1 0 1
-10.5571 18.9564 10700 0.00524431 -1.25505 27.9719 139.224 -13 8122 1 0 1
7.04365 7.89006 10700 -0.0916905 -0.421921 27.9967 139.27 -13 8123 1 0 1
7.98195 -3.89569 10700 -0.0997903 0.237449 27.9988 139.266 -13 8124 1 0 1
-1.32717 6.57631 10700 -0.0392888 -0.394967 27.9972 139.227 -13 8125 1 0 1
-33.0247 25.2237 10700 0.203075 -1.97682 27.9294 139.171 -13 8126 1 0 1
5.31108 -1.30154 10700 -0.079558 0.0711477 27.9998 139.254 -13 8127 1 0 1
-30.1538 6.75609 10700 0.125063 -0.38896 27.997 139.068 -13 8128 1 0 1
-13.9913 3.81804 10700 0.032535 -0.277511 27.9986 139.155 -13 8129 1 0 1
-10.2961 11.0484 10700 0.00504644 -0.793087 27.9888 139.187 -13 8130 1 0 1
16.1304 12.814 10700 -0.154363 -0.81203 27.9878 139.335 -13 8131 1 0 1
-20.5513 -10.5076 10700 0.0756066 0.660505 27.9921 139.138 -13 8132 1 0 1
-13.9605 -11.4101 10700 0.0312034 0.647154 27.9925 139.17 -13 8133 1 0 1
43.8053 -4.09729 10700 -0.31553 0.348758 27.996 139.455 -13 8134 1 0 1
-33.188 10.6896 10700 0.152539 -0.678657 27.9914 139.07 -13 8135 1 0 1
-21.9492 5.79245 10700 0.0817573 -0.339036 27.9978 139.117 -13 8136 1 0 1
32.9579 -1.22973 10700 -0.2338 0.0126341 27.999 139.406 -13 8137 1 0 1
-24.44 -4.30538 10700 0.0961328 0.334519 27.9978 139.101 -13 8138 1 0 1
-6.41369 2.72567 10700 -0.0128616 -0.174439 27.9995 139.193 -13 8139 1 0 1
-20.0753 13.3753 10700 0.0782554 -0.863348 27.9866 139.154 -13 8140 1 0 1
21.0508 -10.2435 10700 -0.184243 0.592906 27.9931 139.346 -13 8141 1 0 1
-0.10767 9.37909 10700 -0.0532553 -0.592715 27.9937 139.237 -13 8142 1 0 1
-44.448 2.24642 10700 0.21487 -0.145892 27.9988 138.993 -13 8143 1 0 1
-0.473861 -5.63017 10700 -0.042579 0.323069 27.9981 139.232 -13 8144 1 0 1
47.7501 -18.9491 10700 -0.407539 1.50258 27.9567 139.575 -13 8145 1 0 1
31.9306 -2.04538 10700 -0.233552 0.200451 27.9983 139.396 -13 8146 1 0 1
47.7254 -5.2781 10700 -0.327112 0.378347 27.9955 139.492 -13 8147 1 0 1
30.4279 -6.48834 10700 -0.230399 0.436512 27.9956 139.391 -13 8148 1 0 1
5.9855 -17.1219 10700 -0.0994298 1.2263 27.973 139.311 -13 8149 1 0 1
-12.5943 11.1991 10700 0.0236927 -0.698266 27.9913 139.178 -13 8150 1 0 1
-27.1496 14.5005 10700 0.115322 -0.938112 27.984 139.112 -13 8151 1 0 1
29.9701 14.6147 10700 -0.241845 -0.931883 27.9834 139.424 -13 8152 1 0 1
-26.7203 -3.62807 10700 0.106748 0.202122 27.9991 139.086 -13 8153 1 0 1
2.37187 -2.23783 10700 -0.0756764 0.191466 27.9992 139.226 -13 8154 1 0 1
-26.9101 12.2489 10700 0.118424 -0.911377 27.9849 139.114 -13 8155 1 0 1
8.53762 6.3704 10700 -0.101746 -0.404659 27.9969 139.273 -13 8156 1 0 1
12.6724 -2.58303 10700 -0.122891 0.0866673 27.9996 139.292 -13 8157 1 0 1
0.999118 -3.53958 10700 -0.0529172 0.260449 27.9987 139.236 -13 8158 1 0 1
43.8848 -9.542 10700 -0.327213 0.674518 27.99 139.473 -13 8159 1 0 1
21.4671 2.88309 10700 -0.177505 -0.0470353 27.9994 139.334 -13 8160 1 0 1
0.9348 4.51222 10700 -0.067653 -0.250309 27.9988 139.221 -13 8161 1 0 1
7.80798 -14.6838 10700 -0.09076 1.04071 27.9805 139.318 -13 8162 1 0 1
1.01876 9.33852 10700 -0.0650879 -0.609839 27.9933 139.238 -13 8163 1 0 1
17.3799 0.841496 10700 -0.153592 -0.0423109 27.9995 139.312 -13 8164 1 0 1
-32.3571 17.8847 10700 0.159599 -1.24749 27.9717 139.108 -13 8165 1 0 1
60.4548 -3.37757 10700 -0.412812 0.21696 27.9961 139.553 -13 8166 1 0 1
-21.6046 -5.8053 10700 0.0763894 0.428625 27.9966 139.116 -13 8167 1 0 1
7.36649 -11.7277 10700 -0.0864512 0.802628 27.9884 139.298 -13 8168 1 0 1
22.0313 -6.73674 10700 -0.176981 0.466349 27.9956 139.351 -13 8169 1 0 1
-23.2845 -13.6296 10700 0.112452 0.838746 27.9872 139.149 -13 8170 1 0 1
-6.58998 7.90553 10700 -0.0175508 -0.479536 27.9959 139.193 -13 8171 1 0 1
10.3041 1.74895 10700 -0.105868 -0.0923576 27.9996 139.283 -13 8172 1 0 1
45.2734 -9.36749 10700 -0.323255 0.628266 27.9911 139.49 -13 8173 1 0 1
-2.6506 -6.13024 10700 -0.0374894 0.339349 27.9979 139.214 -13 8174 1 0 1
40.06 0.975256 10700 -0.290497 -0.172157 27.998 139.432 -13 8175 1 0 1
11.8715 12.8336 10700 -0.124999 -0.731181 27.9902 139.313 -13 8176 1 0 1
-16.9977 -2.39197 10700 0.0561491 0.0458337 27.9999 139.142 -13 8177 1 0 1
75.8637 -11.8677 10700 -0.562697 1.06719 27.974 139.685 -13 8178 1 0 1
-12.9697 8.49739 10700 0.0205397 -0.452209 27.9963 139.16 -13 8179 1 0 1
48.5162 1.76234 10700 -0.331825 -0.203368 27.9973 139.491 -13 8180 1 0 1
-23.5581 5.37827 10700 0.0776487 -0.272309 27.9986 139.095 -13 8181 1 0 1
62.1933 -14.9477 10700 -0.466099 1.20408 27.9702 139.637 -13 8182 1 0 1
3.40281 -5.37112 10700 -0.0676072 0.244285 27.9989 139.25 -13 8183 1 0 1
-6.92753 8.73953 10700 -0.00451705 -0.518888 27.9952 139.205 -13 8184 1 0 1
16.147 -5.48033 10700 -0.139194 0.269791 27.9984 139.319 -13 8185 1 0 1
-4.3909 -2.69067 10700 -0.0315152 0.198198 27.9993 139.197 -13 8186 1 0 1
38.5607 5.43509 10700 -0.273656 -0.376789 27.9961 139.439 -13 8187 1 0 1
5.59398 -3.34193 10700 -0.0767849 0.294551 27.9983 139.263 -13 8188 1 0 1
7.68635 -19.1091 10700 -0.0993973 1.34105 27.9677 139.346 -13 8189 1 0 1
52.1871 0.340194 10700 -0.344989 -0.0235363 27.9979 139.519 -13 8190 1 0 1
-17.6079 10.3551 10700 0.0442178 -0.619501 27.9931 139.139 -13 8191 1 0 1
9.5553 -4.6549 10700 -0.099239 0.278413 27.9984 139.285 -13 8192 1 0 1
-17.7991 4.29841 10700 0.0537803 -0.366265 27.9976 139.134 -13 8193 1 0 1
-7.85496 2.57973 10700 -0.0101027 -0.106666 27.9998 139.179 -13 8194 1 0 1
8.89182 7.63679 10700 -0.102782 -0.420854 27.9966 139.279 -13 8195 1 0 1
26.7772 -3.29809 10700 -0.206103 0.209817 27.9985 139.367 -13 8196 1 0 1
-31.7831 -1.72246 10700 0.14072 0.16403 27.9992 139.062 -13 8197 1 0 1
43.4218 1.93746 10700 -0.298657 -0.089793 27.9983 139.463 -13 8198 1 0 1
44.0965 1.56869 10700 -0.303795 -0.0774073 27.9982 139.465 -13 8199 1 0 1
-18.4628 1.34255 10700 0.0714105 -0.00191154 27.9999 139.142 -13 8200 1 0 1
78.5969 2.79445 10700 -0.526612 -0.204773 27.9943 139.657 -13 8201 1 0 1
28.6767 14.5215 10700 -0.237797 -0.849603 27.9861 139.407 -13 8202 1 0 1
13.7398 0.972583 10700 -0.126763 -0.0781401 27.9996 139.299 -13 8203 1 0 1
-17.7876 -6.21904 10700 0.0496595 0.499929 27.9955 139.136 -13 8204 1 0 1
55.9822 -10.9014 10700 -0.401854 0.763229 27.9867 139.556 -13 8205 1 0 1
-21.8119 -3.05025 10700 0.0784847 0.293066 27.9984 139.114 -13 8206 1 0 1
42.9426 -5.40796 10700 -0.304065 0.360647 27.996 139.459 -13 8207 1 0 1
20.9712 5.19143 10700 -0.173428 -0.314361 27.9977 139.338 -13 8208 1 0 1
-8.15993 -2.79211 10700 0.00427895 0.207581 27.9992 139.191 -13 8209 1 0 1
43.6299 1.75014 10700 -0.29639 -0.0425833 27.9984 139.467 -13 8210 1 0 1
9.42402 -5.14872 10700 -0.0971022 0.284631 27.9984 139.287 -13 8211 1 0 1
-3.76268 -6.67038 10700 -0.0276314 0.4815 27.9958 139.214 -13 8212 1 0 1
-9.41448 -0.925444 10700 -0.0047489 0.0064609 28 139.166 -13 8213 1 0 1
-31.0157 -7.04342 10700 0.134921 0.481535 27.9955 139.069 -13 8214 1 0 1
-13.8313 6.0438 10700 0.026588 -0.433145 27.9966 139.153 -13 8215 1 0 1
21.4167 16.8529 10700 -0.200833 -1.22324 27.9725 139.394 -13 8216 1 0 1
52.0882 -22.8119 10700 -0.54667 2.2327 27.9055 139.709 -13 8217 1 0 1
47.3758 -9.98685 10700 -0.342543 0.679554 27.9897 139.501 -13 8218 1 0 1
14.126 -8.55146 10700 -0.13461 0.625564 27.9927 139.315 -13 8219 1 0 1
47.5675 1.45406 10700 -0.32876 -0.0614503 27.998 139.48 -13 8220 1 0 1
48.7526 5.43129 10700 -0.332755 -0.364924 27.9956 139.5 -13 8221 1 0 1
-56.4126 14.8895 10700 0.33142 -1.0774 27.9773 138.974 -13 8222 1 0 1
-4.63972 -2.43352 10700 -0.0240672 0.124396 27.9997 139.201 -13 8223 1 0 1
-7.31261 17.8308 10700 -0.00714313 -1.28595 27.9705 139.249 -13 8224 1 0 1
-14.9891 -0.266282 10700 0.0321197 -0.0843052 27.9999 139.141 -13 8225 1 0 1
70.9643 -6.5019 10700 -0.475882 0.447094 27.9924 139.631 -13 8226 1 0 1
-36.8588 12.3977 10700 0.181784 -0.788484 27.9883 139.059 -13 8227 1 0 1
11.6617 9.92565 10700 -0.124562 -0.675024 27.9916 139.301 -13 8228 1 0 1
-0.459647 -2.28278 10700 -0.0443771 0.181599 27.9994 139.227 -13 8229 1 0 1
-32.0245 13.7542 10700 0.155159 -1.00976 27.9814 139.094 -13 8230 1 0 1
2.23974 12.4752 10700 -0.0656489 -0.827875 27.9877 139.264 -13 8231 1 0 1
-30.7232 4.77291 10700 0.127028 -0.230635 27.9988 139.063 -13 8232 1 0 1
15.9092 6.70969 10700 -0.143403 -0.372799 27.9972 139.314 -13 8233 1 0 1
29.3936 -16.2105 10700 -0.24401 1.22207 27.9723 139.446 -13 8234 1 0 1
-23.6998 8.07715 10700 0.0885538 -0.541884 27.9946 139.109 -13 8235 1 0 1
29.4735 2.6302 10700 -0.219191 -0.179548 27.9986 139.383 -13 8236 1 0 1
4.51486 0.150388 10700 -0.0823882 -0.0139396 27.9999 139.241 -13 8237 1 0 1
-17.788 3.49189 10700 0.0553151 -0.184826 27.9993 139.135 -13 8238 1 0 1
6.93313 4.25501 10700 -0.0973714 -0.209291 27.999 139.256 -13 8239 1 0 1
-14.5055 2.41071 10700 0.0360606 -0.080644 27.9999 139.151 -13 8240 1 0 1
4.92454 9.21282 10700 -0.0814506 -0.668231 27.9919 139.266 -13 8241 1 0 1
-1.58247 -0.770862 10700 -0.0332689 -0.00327443 28 139.224 -13 8242 1 0 1
60.3927 -10.9501 10700 -0.448547 0.899081 27.982 139.576 -13 8243 1 0 1
-27.4862 3.96731 10700 0.119637 -0.206987 27.999 139.091 -13 8244 1 0 1
-44.0397 14.1169 10700 0.236088 -0.959473 27.9826 139.032 -13 8245 1 0 1
5.35206 -11.6163 10700 -0.0793983 0.822893 27.9878 139.283 -13 8246 1 0 1
13.1254 2.94295 10700 -0.137639 -0.232063 27.9987 139.283 -13 8247 1 0 1
-21.3161 0.398674 10700 0.0668469 -0.106848 27.9997 139.106 -13 8248 1 0 1
15.8652 -0.380766 10700 -0.137686 -0.0822036 27.9995 139.312 -13 8249 1 0 1
30.0871 5.96853 10700 -0.224454 -0.455718 27.9954 139.394 -13 8250 1 0 1
-8.84505 3.07167 10700 0.00679927 -0.183562 27.9994 139.186 -13 8251 1 0 1
-9.62892 -10.2977 10700 -0.0064653 0.654258 27.9924 139.181 -13 8252 1 0 1
31.3953 -5.78108 10700 -0.243492 0.34046 27.9969 139.387 -13 8253 1 0 1
46.7383 2.27928 10700 -0.318431 -0.124198 27.9979 139.482 -13 8254 1 0 1
5.4001 -14.409 10700 -0.0826127 0.937354 27.9842 139.293 -13 8255 1 0 1
-23.7321 4.26842 10700 0.0914823 -0.29201 27.9983 139.105 -13 8256 1 0 1
-2.12699 -17.6336 10700 -0.045769 1.18383 27.9749 139.266 -13 8257 1 0 1
8.65929 0.959174 10700 -0.0983492 -0.00627984 27.9998 139.271 -13 8258 1 0 1
-2.0193 3.34683 10700 -0.0310844 -0.113339 27.9998 139.223 -13 8259 1 0 1
-49.7521 11.7845 10700 0.268244 -0.82542 27.9865 138.992 -13 8260 1 0 1
18.3924 10.063 10700 -0.161542 -0.551128 27.9941 139.335 -13 8261 1 0 1
-49.9267 -9.03793 10700 0.263627 0.569651 27.993 138.982 -13 8262 1 0 1
49.5608 -7.64782 10700 -0.340044 0.480081 27.9938 139.511 -13 8263 1 0 1
-12.927 18.5065 10700 0.0281533 -1.23852 27.9726 139.216 -13 8264 1 0 1
10.5874 -8.15676 10700 -0.118008 0.50565 27.9952 139.286 -13 8265 1 0 1
-25.5484 -1.24397 10700 0.107145 0.0890267 27.9997 139.098 -13 8266 1 0 1
-39.8822 -8.80063 10700 0.179172 0.44968 27.9958 139.014 -13 8267 1 0 1
-41.8294 8.59544 10700 0.214718 -0.440589 27.9957 139.026 -13 8268 1 0 1
-9.02851 -11.044 10700 0.000896483 0.77841 27.9892 139.197 -13 8269 1 0 1
-34.3361 16.7487 10700 0.169059 -1.16862 27.9751 139.088 -13 8270 1 0 1
-23.741 9.8821 10700 0.0881881 -0.600455 27.9934 139.112 -13 8271 1 0 1
-25.4559 13.3614 10700 0.101243 -0.834752 27.9874 139.113 -13 8272 1 0 1
77.8382 -15.6121 10700 -0.642366 1.62598 27.9454 139.762 -13 8273 1 0 1
-3.4235 12.7238 10700 -0.0306968 -0.73261 27.9904 139.233 -13 8274 1 0 1
44.2603 8.71026 10700 -0.326323 -0.640845 27.9908 139.473 -13 8275 1 0 1
-28.5036 -0.867985 10700 0.109947 0.00528099 27.9998 139.068 -13 8276 1 0 1
64.1524 -2.53363 10700 -0.423842 0.207264 27.996 139.586 -13 8277 1 0 1
13.8166 -16.189 10700 -0.137063 1.09461 27.9783 139.351 -13 8278 1 0 1
-64.744 7.14851 10700 0.364577 -0.515905 27.9929 138.903 -13 8279 1 0 1
-51.4721 4.7881 10700 0.270833 -0.366752 27.9963 138.968 -13 8280 1 0 1
-26.4686 0.716764 10700 0.107715 -0.167068 27.9993 139.089 -13 8281 1 0 1
-22.1486 11.4866 10700 0.0852297 -0.739203 27.9901 139.131 -13 8282 1 0 1
-4.98457 0.617251 10700 -0.00596206 -0.0339762 28 139.215 -13 8283 1 0 1
37.5382 0.252647 10700 -0.26943 -0.0323432 27.9987 139.422 -13 8284 1 0 1
12.5656 -5.46179 10700 -0.118234 0.429803 27.9965 139.302 -13 8285 1 0 1
20.0969 -9.68539 10700 -0.176244 0.69445 27.9908 139.345 -13 8286 1 0 1
61.7828 -4.99228 10700 -0.413784 0.350034 27.9948 139.575 -13 8287 1 0 1
-12.3275 -6.58449 10700 0.0290302 0.42724 27.9967 139.173 -13 8288 1 0 1
29.2457 -8.99877 10700 -0.223533 0.543471 27.9938 139.394 -13 8289 1 0 1
-4.98889 0.399508 10700 -0.0219414 0.0129495 28 139.198 -13 8290 1 0 1
-1.66412 0.12592 10700 -0.0481307 0.0219158 28 139.208 -13 8291 1 0 1
-31.2173 -11.3104 10700 0.145437 0.728535 27.9901 139.085 -13 8292 1 0 1
0.679344 10.2146 10700 -0.062306 -0.61311 27.9932 139.239 -13 8293 1 0 1
-22.8321 -10.4324 10700 0.092062 0.568726 27.9941 139.124 -13 8294 1 0 1
11.2173 -1.675 10700 -0.115318 0.0942902 27.9996 139.283 -13 8295 1 0 1
-9.46232 10.0902 10700 0.0109623 -0.545258 27.9947 139.195 -13 8296 1 0 1
-30.9665 6.6305 10700 0.133869 -0.473204 27.9957 139.068 -13 8297 1 0 1
39.8738 -1.77871 10700 -0.284408 0.0832698 27.9984 139.436 -13 8298 1 0 1
-15.2928 4.53953 10700 0.0338886 -0.327124 27.9981 139.142 -13 8299 1 0 1
-52.4669 -6.46976 10700 0.277031 0.424991 27.9954 138.963 -13 8300 1 0 1
4.83725 -15.3037 10700 -0.0860557 0.990062 27.9824 139.289 -13 8301 1 0 1
42.6989 -2.04904 10700 -0.298567 0.0747061 27.9983 139.454 -13 8302 1 0 1
16.6389 -6.26773 10700 -0.147254 0.396696 27.9968 139.318 -13 8303 1 0 1
-4.9237 -4.58788 10700 -0.0203297 0.214267 27.9992 139.204 -13 8304 1 0 1
68.0943 -11.3587 10700 -0.504503 1.01662 27.977 139.632 -13 8305 1 0 1
22.4926 -10.1999 10700 -0.175915 0.676598 27.9913 139.374 -13 8306 1 0 1
-46.6668 5.39543 10700 0.228536 -0.298106 27.9975 138.984 -13 8307 1 0 1
39.8372 19.0997 10700 -0.349503 -1.53714 27.9556 139.529 -13 8308 1 0 1
25.3538 -5.38256 10700 -0.206689 0.401011 27.9964 139.355 -13 8309 1 0 1
-12.5495 12.7877 10700 0.0188094 -0.884774 27.986 139.181 -13 8310 1 0 1
5.23655 -7.68898 10700 -0.0836104 0.593705 27.9936 139.264 -13 8311 1 0 1
-24.5136 3.88614 10700 0.101136 -0.228697 27.9989 139.106 -13 8312 1 0 1
34.5357 2.93248 10700 -0.248445 -0.182706 27.9983 139.412 -13 8313 1 0 1
-2.97621 -1.66025 10700 -0.0285975 0.119735 27.9997 139.214 -13 8314 1 0 1
61.0954 -9.00421 10700 -0.431027 0.703376 27.9878 139.579 -13 8315 1 0 1
-3.58309 8.693 10700 -0.0256309 -0.521367 27.9951 139.221 -13 8316 1 0 1
25.7936 1.45585 10700 -0.20882 -0.0853061 27.9991 139.35 -13 8317 1 0 1
6.53753 4.98695 10700 -0.0840075 -0.294407 27.9983 139.268 -13 8318 1 0 1
-2.26538 -3.18743 10700 -0.031571 0.301926 27.9984 139.221 -13 8319 1 0 1
-41.2202 -0.913265 10700 0.199393 0.063423 27.9992 139.014 -13 8320 1 0 1
-32.2702 3.60491 10700 0.13814 -0.194221 27.999 139.055 -13 8321 1 0 1
32.998 -6.86613 10700 -0.251741 0.514539 27.9941 139.405 -13 8322 1 0 1
54.8126 -13.1193 10700 -0.414366 1.0276 27.9781 139.562 -13 8323 1 0 1
57.5257 -19.2473 10700 -0.497024 1.65204 27.9468 139.654 -13 8324 1 0 1
-0.857781 -6.71546 10700 -0.0525246 0.417211 27.9968 139.219 -13 8325 1 0 1
31.7542 0.473566 10700 -0.228378 -0.0226297 27.9991 139.398 -13 8326 1 0 1
51.6541 -9.7923 10700 -0.368924 0.691258 27.989 139.527 -13 8327 1 0 1
35.3003 -2.25016 10700 -0.257811 0.136252 27.9985 139.41 -13 8328 1 0 1
40.4748 -4.63699 10700 -0.285042 0.323881 27.9967 139.449 -13 8329 1 0 1
-61.7056 -5.32484 10700 0.345326 0.337127 27.9958 138.92 -13 8330 1 0 1
-10.0838 6.79683 10700 0.00555694 -0.418559 27.9969 139.175 -13 8331 1 0 1
32.0759 -0.239808 10700 -0.230862 0.0172134 27.999 139.399 -13 8332 1 0 1
1.11713 -3.3731 10700 -0.0380256 0.199709 27.9993 139.252 -13 8333 1 0 1
-19.478 0.334492 10700 0.0630663 -0.0135961 27.9999 139.122 -13 8334 1 0 1
68.5926 -14.8018 10700 -0.5174 1.2194 27.9686 139.674 -13 8335 1 0 1
-60.5358 23.406 10700 0.487582 -2.21433 27.908 139.037 -13 8336 1 0 1
27.5603 1.85575 10700 -0.20895 -0.112847 27.999 139.371 -13 8337 1 0 1
22.7196 5.56853 10700 -0.190519 -0.3185 27.9975 139.341 -13 8338 1 0 1
36.2229 3.48247 10700 -0.263565 -0.263541 27.9975 139.418 -13 8339 1 0 1
-54.521 13.6018 10700 0.294152 -0.978205 27.9814 138.963 -13 8340 1 0 1
-8.97072 -12.0103 10700 0.00957993 0.743705 27.9901 139.207 -13 8341 1 0 1
-29.8579 12.2955 10700 0.130915 -0.7923 27.9885 139.089 -13 8342 1 0 1
7.15395 -0.334712 10700 -0.0867262 0.0442109 27.9998 139.267 -13 8343 1 0 1
-19.9082 -6.53454 10700 0.0700839 0.389203 27.9972 139.128 -13 8344 1 0 1
22.3699 -10.3495 10700 -0.179055 0.761051 27.9891 139.372 -13 8345 1 0 1
-5.43305 -6.17719 10700 -0.0184038 0.418823 27.9969 139.202 -13 8346 1 0 1
-22.8758 5.1151 10700 0.089672 -0.357096 27.9976 139.113 -13 8347 1 0 1
-31.6925 19.7803 10700 0.171698 -1.54046 27.9571 139.137 -13 8348 1 0 1
-0.415791 -6.54497 10700 -0.0404961 0.382627 27.9974 139.236 -13 8349 1 0 1
-26.7085 0.981122 10700 0.101816 -0.0952623 27.9997 139.08 -13 8350 1 0 1
-23.9625 10.4615 10700 0.0870463 -0.685735 27.9915 139.11 -13 8351 1 0 1
16.3216 0.36772 10700 -0.144774 0.0371355 27.9996 139.309 -13 8352 1 0 1
7.90687 6.39052 10700 -0.0998316 -0.400402 27.997 139.268 -13 8353 1 0 1
-11.0097 2.92565 10700 0.00554161 -0.245748 27.9989 139.161 -13 8354 1 0 1
-2.80775 18.1413 10700 -0.0401141 -1.25388 27.9719 139.27 -13 8355 1 0 1
18.3489 -16.2989 10700 -0.186981 1.0784 27.9786 139.357 -13 8356 1 0 1
14.9909 -18.4068 10700 -0.17075 1.34961 27.9669 139.365 -13 8357 1 0 1
-35.5917 21.5452 10700 0.199798 -1.46409 27.961 139.118 -13 8358 1 0 1
51.2439 -10.9896 10700 -0.373864 0.75388 27.9874 139.525 -13 8359 1 0 1
-40.5987 0.114834 10700 0.182492 -0.0630421 27.9993 139.005 -13 8360 1 0 1
14.5668 6.45522 10700 -0.141044 -0.409817 27.9966 139.301 -13 8361 1 0 1
39.8199 1.96451 10700 -0.283549 -0.0764715 27.9985 139.436 -13 8362 1 0 1
35.6641 -1.09321 10700 -0.238642 0.0763813 27.9989 139.434 -13 8363 1 0 1
13.8438 3.57837 10700 -0.13286 -0.272526 27.9984 139.297 -13 8364 1 0 1
36.0457 9.7425 10700 -0.270302 -0.624354 27.9917 139.434 -13 8365 1 0 1
-28.5507 9.65488 10700 0.119749 -0.626142 27.9927 139.089 -13 8366 1 0 1
-25.8932 7.65827 10700 0.11626 -0.55299 27.9943 139.112 -13 8367 1 0 1
-2.65764 15.4448 10700 -0.0339808 -0.942851 27.9841 139.253 -13 8368 1 0 1
23.6819 -2.04063 10700 -0.187913 0.0266839 27.9994 139.348 -13 8369 1 0 1
-2.76575 4.06245 10700 -0.0411624 -0.303912 27.9983 139.206 -13 8370 1 0 1
11.2944 -11.2749 10700 -0.120323 0.769951 27.9892 139.307 -13 8371 1 0 1
-9.28462 10.7138 10700 0.00575615 -0.703918 27.9911 139.197 -13 8372 1 0 1
64.3852 1.08677 10700 -0.429153 0.0671285 27.9966 139.58 -13 8373 1 0 1
15.5873 5.82319 10700 -0.138007 -0.420043 27.9965 139.316 -13 8374 1 0 1
-25.5974 6.10133 10700 0.101504 -0.409922 27.9968 139.095 -13 8375 1 0 1
25.2726 -4.47807 10700 -0.198825 0.31873 27.9975 139.36 -13 8376 1 0 1
-17.8201 6.52298 10700 0.0586603 -0.360416 27.9976 139.141 -13 8377 1 0 1
38.9609 3.70136 10700 -0.282816 -0.132521 27.9983 139.429 -13 8378 1 0 1
59.1618 -2.31191 10700 -0.394765 0.116096 27.997 139.554 -13 8379 1 0 1
44.2689 -3.76381 10700 -0.309385 0.287234 27.9968 139.466 -13 8380 1 0 1
1.44537 -7.36688 10700 -0.0562175 0.495059 27.9956 139.245 -13 8381 1 0 1
-16.9587 -7.2146 10700 0.0503715 0.451616 27.9963 139.143 -13 8382 1 0 1
1.67533 -3.01783 10700 -0.0630018 0.124705 27.9997 139.231 -13 8383 1 0 1
26.7559 -0.0496126 10700 -0.203603 0.0302664 27.9992 139.366 -13 8384 1 0 1
-15.3692 4.24379 10700 0.038046 -0.255135 27.9988 139.146 -13 8385 1 0 1
38.9546 -18.6963 10700 -0.330035 1.35601 27.9652 139.514 -13 8386 1 0 1
-47.628 4.25504 10700 0.234349 -0.311331 27.9973 138.978 -13 8387 1 0 1
-6.25896 -14.5534 10700 -0.0174055 0.950193 27.9839 139.225 -13 8388 1 0 1
5.09114 -6.11052 10700 -0.0830657 0.304469 27.9982 139.254 -13 8389 1 0 1
5.87067 -5.19636 10700 -0.0880098 0.333563 27.9979 139.256 -13 8390 1 0 1
45.2991 -18.2033 10700 -0.366847 1.3791 27.9636 139.559 -13 8391 1 0 1
8.62505 -4.87366 10700 -0.104684 0.329356 27.9979 139.269 -13 8392 1 0 1
10.3912 -2.28176 10700 -0.106227 0.0816212 27.9997 139.283 -13 8393 1 0 1
60.1226 -10.0413 10700 -0.426171 0.765787 27.9863 139.579 -13 8394 1 0 1
49.6708 -6.13165 10700 -0.345988 0.388987 27.9952 139.499 -13 8395 1 0 1
11.2489 -0.630513 10700 -0.108755 -0.0237713 27.9998 139.29 -13 8396 1 0 1
81.7298 -5.10476 10700 -0.558114 0.490132 27.9901 139.678 -13 8397 1 0 1
-16.1743 -0.183226 10700 0.0466253 0.110628 27.9997 139.143 -13 8398 1 0 1
28.3806 -2.46217 10700 -0.200466 0.0619141 27.9992 139.389 -13 8399 1 0 1
22.6159 -6.491 10700 -0.184866 0.376532 27.9969 139.347 -13 8400 1 0 1
14.0613 7.16348 10700 -0.134878 -0.53316 27.9946 139.309 -13 8401 1 0 1
-42.0996 13.4509 10700 0.204395 -0.868775 27.9858 139.023 -13 8402 1 0 1
-16.198 13.1433 10700 0.0425326 -0.917802 27.9849 139.164 -13 8403 1 0 1
-12.6948 -16.043 10700 0.0324558 0.973417 27.9831 139.203 -13 8404 1 0 1
29.7043 1.66994 10700 -0.22486 -0.0935135 27.9989 139.378 -13 8405 1 0 1
-50.5978 5.59967 10700 0.261712 -0.362033 27.9964 138.97 -13 8406 1 0 1
-15.4475 22.0044 10700 0.041407 -1.47565 27.9611 139.217 -13 8407 1 0 1
-15.1512 2.19541 10700 0.0377887 -0.132334 27.9997 139.146 -13 8408 1 0 1
6.49339 -21.0018 10700 -0.107888 1.32215 27.9686 139.333 -13 8409 1 0 1
39.2628 4.57142 10700 -0.274819 -0.35037 27.9965 139.445 -13 8410 1 0 1
30.2813 -6.7856 10700 -0.225035 0.457725 27.9954 139.396 -13 8411 1 0 1
35.481 -3.2391 10700 -0.244133 0.15715 27.9985 139.428 -13 8412 1 0 1
29.3977 -1.63418 10700 -0.22002 0.18679 27.9985 139.381 -13 8413 1 0 1
1.9272 9.26629 10700 -0.0616581 -0.586707 27.9938 139.252 -13 8414 1 0 1
-2.84874 11.9897 10700 -0.0298536 -0.784074 27.989 139.24 -13 8415 1 0 1
18.5693 5.95078 10700 -0.153344 -0.480287 27.9955 139.337 -13 8416 1 0 1
44.6097 -15.0969 10700 -0.335289 1.09398 27.9766 139.526 -13 8417 1 0 1
17.6688 1.80026 10700 -0.142863 -0.102635 27.9994 139.327 -13 8418 1 0 1
-35.6026 26.382 10700 0.241984 -2.18294 27.9137 139.177 -13 8419 1 0 1
4.39755 1.99561 10700 -0.0793041 -0.0925056 27.9997 139.244 -13 8420 1 0 1
48.3062 -9.33289 10700 -0.336913 0.625549 27.991 139.513 -13 8421 1 0 1
-20.9812 0.265317 10700 0.0915905 -0.0103612 27.9998 139.134 -13 8422 1 0 1
37.4274 -5.38093 10700 -0.27369 0.350729 27.9965 139.425 -13 8423 1 0 1
-7.40921 5.45607 10700 -0.018514 -0.383379 27.9974 139.178 -13 8424 1 0 1
37.3702 -14.7073 10700 -0.288527 1.04482 27.979 139.476 -13 8425 1 0 1
80.2526 -15.493 10700 -0.659463 1.5933 27.9469 139.774 -13 8426 1 0 1
28.4357 8.39862 10700 -0.219778 -0.533536 27.9941 139.387 -13 8427 1 0 1
-28.9773 8.58886 10700 0.131664 -0.428187 27.9964 139.09 -13 8428 1 0 1
-7.99848 8.45004 10700 -0.00195798 -0.553766 27.9945 139.197 -13 8429 1 0 1
28.1115 -5.73191 10700 -0.207424 0.375861 27.9967 139.385 -13 8430 1 0 1
4.85474 -4.32815 10700 -0.0687899 0.288373 27.9984 139.264 -13 8431 1 0 1
26.7195 -6.59347 10700 -0.20452 0.395691 27.9965 139.374 -13 8432 1 0 1
-38.3233 2.35591 10700 0.174344 -0.20004 27.9987 139.023 -13 8433 1 0 1
35.1128 -14.5239 10700 -0.256207 0.902858 27.9843 139.47 -13 8434 1 0 1
62.6181 -11.6383 10700 -0.457087 1.04824 27.9766 139.613 -13 8435 1 0 1
0.677774 5.19129 10700 -0.0660274 -0.35023 27.9977 139.22 -13 8436 1 0 1
9.3148 -8.60733 10700 -0.10286 0.534179 27.9947 139.289 -13 8437 1 0 1
32.4223 9.42013 10700 -0.236355 -0.562128 27.9934 139.42 -13 8438 1 0 1
19.6556 0.853223 10700 -0.158922 -0.0831497 27.9994 139.332 -13 8439 1 0 1
54.9564 -2.83713 10700 -0.387271 0.201654 27.9966 139.512 -13 8440 1 0 1
67.2695 -9.26824 10700 -0.479297 0.746686 27.9859 139.611 -13 8441 1 0 1
-27.7302 0.311861 10700 0.119119 0.0619964 27.9997 139.086 -13 8442 1 0 1
24.9273 -6.36529 10700 -0.194717 0.432192 27.996 139.364 -13 8443 1 0 1
34.0653 6.11543 10700 -0.25154 -0.409641 27.9959 139.41 -13 8444 1 0 1
43.6188 -14.3105 10700 -0.339815 1.0833 27.977 139.504 -13 8445 1 0 1
-23.6655 9.4648 10700 0.0961214 -0.653228 27.9922 139.121 -13 8446 1 0 1
0.379492 -6.71693 10700 -0.0530555 0.451344 27.9963 139.233 -13 8447 1 0 1
-4.74083 12.818 10700 -0.0214226 -0.78179 27.9891 139.228 -13 8448 1 0 1
39.0169 3.09478 10700 -0.275701 -0.154229 27.9982 139.436 -13 8449 1 0 1
-1.74007 8.39176 10700 -0.0397888 -0.618021 27.9932 139.232 -13 8450 1 0 1
24.4714 0.97889 10700 -0.192475 -0.17465 27.9988 139.353 -13 8451 1 0 1
76.4036 -14.2268 10700 -0.589772 1.24408 27.9661 139.709 -13 8452 1 0 1
63.2317 -1.83623 10700 -0.423397 0.0539112 27.9967 139.572 -13 8453 1 0 1
34.6116 -0.473488 10700 -0.256797 0.0863846 27.9987 139.402 -13 8454 1 0 1
-23.4775 13.753 10700 0.0903532 -0.864238 27.9865 139.127 -13 8455 1 0 1
41.0351 -5.03773 10700 -0.29622 0.398827 27.9956 139.445 -13 8456 1 0 1
38.7781 2.0688 10700 -0.275512 -0.204893 27.9979 139.434 -13 8457 1 0 1
-41.5411 13.041 10700 0.210128 -0.88638 27.9852 139.034 -13 8458 1 0 1
-12.2191 5.0066 10700 0.00839329 -0.262792 27.9988 139.152 -13 8459 1 0 1
18.4873 14.1587 10700 -0.161954 -0.868644 27.9861 139.363 -13 8460 1 0 1
52.7634 -11.3616 10700 -0.385775 0.890109 27.9832 139.543 -13 8461 1 0 1
6.77032 -8.93022 10700 -0.0901222 0.579676 27.9939 139.276 -13 8462 1 0 1
37.7691 4.32141 10700 -0.27169 -0.183698 27.9981 139.427 -13 8463 1 0 1
6.42674 -13.5138 10700 -0.0917559 0.819926 27.9878 139.289 -13 8464 1 0 1
-21.834 0.932096 10700 0.0760236 -0.11464 27.9997 139.109 -13 8465 1 0 1
43.0308 -3.00185 10700 -0.295511 0.23782 27.9974 139.464 -13 8466 1 0 1
-3.67208 1.94454 10700 -0.0353506 -0.151273 27.9996 139.2 -13 8467 1 0 1
-68.5582 6.50007 10700 0.381987 -0.490915 27.9931 138.875 -13 8468 1 0 1
65.7288 -17.6358 10700 -0.558265 1.59929 27.9487 139.687 -13 8469 1 0 1
38.8686 -11.7581 10700 -0.302576 0.821706 27.9863 139.452 -13 8470 1 0 1
-30.2429 8.5368 10700 0.139814 -0.556004 27.9941 139.087 -13 8471 1 0 1
34.6974 -14.8615 10700 -0.288357 1.13766 27.9754 139.453 -13 8472 1 0 1
-17.3985 -1.91148 10700 0.0512539 0.0399471 27.9999 139.133 -13 8473 1 0 1
-8.30913 -3.84707 10700 -0.00395944 0.299646 27.9984 139.182 -13 8474 1 0 1
0.00909238 2.82531 10700 -0.0414806 -0.272136 27.9986 139.237 -13 8475 1 0 1
-26.2863 4.63308 10700 0.111764 -0.348076 27.9976 139.096 -13 8476 1 0 1
-5.79003 5.21661 10700 -0.00516515 -0.287715 27.9985 139.211 -13 8477 1 0 1
-49.5809 6.15285 10700 0.261798 -0.327016 27.9969 138.983 -13 8478 1 0 1
22.8507 -4.29757 10700 -0.180542 0.354886 27.9972 139.351 -13 8479 1 0 1
-29.0321 17.686 10700 0.139623 -1.29184 27.9698 139.13 -13 8480 1 0 1
6.502 6.4308 10700 -0.0826894 -0.43222 27.9965 139.271 -13 8481 1 0 1
22.2567 0.0315757 10700 -0.182096 -0.0878924 27.9993 139.338 -13 8482 1 0 1
46.8046 -5.73321 10700 -0.322759 0.372169 27.9957 139.487 -13 8483 1 0 1
-17.5878 9.5406 10700 0.0607469 -0.578591 27.994 139.154 -13 8484 1 0 1
-33.4941 3.62622 10700 0.139517 -0.191617 27.999 139.043 -13 8485 1 0 1
17.5879 4.39756 10700 -0.151927 -0.24523 27.9985 139.32 -13 8486 1 0 1
-21.7829 -14.2369 10700 0.0789616 0.941085 27.9841 139.139 -13 8487 1 0 1
71.1987 10.1418 10700 -0.50278 -0.767795 27.985 139.643 -13 8488 1 0 1
-16.8434 3.60208 10700 0.0680821 -0.136175 27.9996 139.159 -13 8489 1 0 1
-35.0481 -13.4429 10700 0.182805 0.872615 27.9858 139.082 -13 8490 1 0 1
23.6932 -1.70509 10700 -0.179603 0.211824 27.9986 139.358 -13 8491 1 0 1
25.5031 -11.5691 10700 -0.202464 0.829325 27.987 139.392 -13 8492 1 0 1
22.1922 -11.954 10700 -0.178068 0.762494 27.989 139.376 -13 8493 1 0 1
-4.00819 8.39225 10700 -0.0249187 -0.484456 27.9958 139.216 -13 8494 1 0 1
33.2842 0.883486 10700 -0.237854 -0.0342531 27.999 139.406 -13 8495 1 0 1
-10.6865 12.0008 10700 0.0140152 -0.629501 27.9929 139.191 -13 8496 1 0 1
39.2628 -13.7886 10700 -0.297874 0.925312 27.9831 139.477 -13 8497 1 0 1
48.9638 -9.93117 10700 -0.346702 0.704094 27.989 139.517 -13 8498 1 0 1
36.8892 -10.7422 10700 -0.278854 0.804645 27.987 139.446 -13 8499 1 0 1
23.1923 -1.03086 10700 -0.172041 0.084265 27.9993 139.359 -13 8500 1 0 1
52.7555 -0.189296 10700 -0.365955 0.0678275 27.9975 139.504 -13 8501 1 0 1
-2.95269 9.32606 10700 -0.0299525 -0.601824 27.9935 139.23 -13 8502 1 0 1
2.86351 -4.59586 10700 -0.0609522 0.258391 27.9987 139.249 -13 8503 1 0 1
-43.083 -3.79136 10700 0.219132 0.263566 27.9979 139.014 -13 8504 1 0 1
39.8649 -0.46921 10700 -0.286781 -0.0685077 27.9984 139.433 -13 8505 1 0 1
61.258 -3.84154 10700 -0.404774 0.199765 27.9964 139.572 -13 8506 1 0 1
-21.5997 20.5259 10700 0.100591 -1.56504 27.956 139.199 -13 8507 1 0 1
63.6227 3.58901 10700 -0.43756 -0.36583 27.9942 139.57 -13 8508 1 0 1
42.5713 -18.5096 10700 -0.352226 1.33495 27.9659 139.535 -13 8509 1 0 1
21.6344 12.907 10700 -0.189234 -0.968694 27.9826 139.374 -13 8510 1 0 1
25.9771 -6.53824 10700 -0.199824 0.401267 27.9964 139.371 -13 8511 1 0 1
66.9703 -5.45935 10700 -0.459318 0.39124 27.9935 139.593 -13 8512 1 0 1
31.0116 11.9865 10700 -0.239446 -0.805739 27.9874 139.42 -13 8513 1 0 1
-19.9046 2.32366 10700 0.0689562 -0.18187 27.9993 139.124 -13 8514 1 0 1
55.6225 -7.97138 10700 -0.401529 0.562897 27.9915 139.529 -13 8515 1 0 1
16.022 -4.06525 10700 -0.149508 0.218411 27.9987 139.305 -13 8516 1 0 1
-34.4444 9.12251 10700 0.162408 -0.612987 27.9928 139.063 -13 8517 1 0 1
46.4098 -12.54 10700 -0.343968 0.856399 27.9848 139.508 -13 8518 1 0 1
-35.1849 8.71832 10700 0.162968 -0.530724 27.9945 139.052 -13 8519 1 0 1
12.546 12.3975 10700 -0.139578 -0.879532 27.9858 139.31 -13 8520 1 0 1
36.3195 -18.9357 10700 -0.312215 1.41382 27.9625 139.504 -13 8521 1 0 1
-15.4729 8.00857 10700 0.0474754 -0.539343 27.9948 139.162 -13 8522 1 0 1
59.0626 -6.00655 10700 -0.417373 0.386791 27.9942 139.541 -13 8523 1 0 1
35.9869 3.62479 10700 -0.271529 -0.280139 27.9973 139.407 -13 8524 1 0 1
-25.8622 3.18639 10700 0.107351 -0.208747 27.999 139.096 -13 8525 1 0 1
7.25102 17.1136 10700 -0.109802 -1.11651 27.9775 139.305 -13 8526 1 0 1
-51.3801 0.494775 10700 0.256286 -0.0148015 27.9988 138.955 -13 8527 1 0 1
19.2329 -0.726949 10700 -0.160589 -0.0290658 27.9995 139.326 -13 8528 1 0 1
-28.2642 7.81115 10700 0.10855 -0.472619 27.9958 139.074 -13 8529 1 0 1
-54.0487 12.3136 10700 0.285424 -0.806022 27.9869 138.959 -13 8530 1 0 1
12.27 6.85141 10700 -0.124421 -0.442239 27.9962 139.294 -13 8531 1 0 1
77.0839 -0.0483491 10700 -0.508093 0.0364866 27.9954 139.653 -13 8532 1 0 1
45.2675 -13.2357 10700 -0.333201 0.98132 27.9808 139.517 -13 8533 1 0 1
10.7013 7.08721 10700 -0.123873 -0.419667 27.9966 139.276 -13 8534 1 0 1
31.5839 -7.68191 10700 -0.237444 0.466291 27.9951 139.401 -13 8535 1 0 1
5.42935 10.9647 10700 -0.0932371 -0.769606 27.9893 139.266 -13 8536 1 0 1
-55.7631 11.95 10700 0.321202 -0.835206 27.9857 138.971 -13 8537 1 0 1
-23.6356 -4.58415 10700 0.0994743 0.339667 27.9978 139.113 -13 8538 1 0 1
-23.5025 5.02849 10700 0.0781664 -0.378493 27.9973 139.095 -13 8539 1 0 1
53.0378 -9.50214 10700 -0.369838 0.692256 27.989 139.542 -13 8540 1 0 1
-54.5814 6.67578 10700 0.283279 -0.486456 27.9943 138.945 -13 8541 1 0 1
-3.30611 -5.82092 10700 -0.0239236 0.307811 27.9983 139.22 -13 8542 1 0 1
6.73334 10.8338 10700 -0.0927678 -0.688201 27.9914 139.28 -13 8543 1 0 1
5.75195 0.842046 10700 -0.0825798 -0.111704 27.9997 139.256 -13 8544 1 0 1
22.1713 -15.3651 10700 -0.196661 1.0976 27.9778 139.389 -13 8545 1 0 1
6.75662 -16.7007 10700 -0.101487 1.18824 27.9746 139.313 -13 8546 1 0 1
44.8245 -9.17683 10700 -0.318993 0.67906 27.9899 139.49 -13 8547 1 0 1
56.2738 -11.8802 10700 -0.412355 0.904222 27.9824 139.564 -13 8548 1 0 1
-7.91957 22.6893 10700 -0.0153769 -1.59135 27.9547 139.267 -13 8549 1 0 1
-10.7099 8.23568 10700 0.00976506 -0.379006 27.9974 139.175 -13 8550 1 0 1
2.46132 -23.383 10700 -0.0787524 1.67376 27.9498 139.349 -13 8551 1 0 1
-23.7715 17.3293 10700 0.105591 -1.13793 27.9767 139.152 -13 8552 1 0 1
-29.9365 -20.9719 10700 0.157595 1.52093 27.9582 139.145 -13 8553 1 0 1
-13.2133 7.81051 10700 0.0332919 -0.526542 27.995 139.172 -13 8554 1 0 1
-43.4727 0.75003 10700 0.217254 -0.0534062 27.9991 139.006 -13 8555 1 0 1
12.7189 11.8407 10700 -0.128076 -0.766665 27.9892 139.317 -13 8556 1 0 1
14.0542 -7.27356 10700 -0.143382 0.50491 27.9951 139.299 -13 8557 1 0 1
10.3896 -16.9229 10700 -0.116727 1.20731 27.9737 139.343 -13 8558 1 0 1
71.6953 -11.4339 10700 -0.518021 0.877406 27.9815 139.651 -13 8559 1 0 1
-3.14696 13.8747 10700 -0.0354488 -0.854272 27.9869 139.238 -13 8560 1 0 1
9.26408 -11.6182 10700 -0.101084 0.841382 27.9872 139.307 -13 8561 1 0 1
4.89809 -2.94205 10700 -0.0786916 0.120548 27.9996 139.251 -13 8562 1 0 1
20.2112 -7.70126 10700 -0.1715 0.556995 27.9939 139.343 -13 8563 1 0 1
14.5083 -8.75677 10700 -0.136087 0.484027 27.9955 139.312 -13 8564 1 0 1
35.3718 -23.7197 10700 -0.349579 1.88327 27.9344 139.565 -13 8565 1 0 1
-61.089 7.06565 10700 0.333732 -0.503085 27.9935 138.917 -13 8566 1 0 1
34.4606 -14.0462 10700 -0.260166 0.921673 27.9836 139.457 -13 8567 1 0 1
-18.8774 9.07112 10700 0.0639949 -0.635474 27.9927 139.143 -13 8568 1 0 1
-40.1598 7.00586 10700 0.195856 -0.444649 27.9958 139.025 -13 8569 1 0 1
30.1525 11.6458 10700 -0.237172 -0.763539 27.9886 139.409 -13 8570 1 0 1
15.4544 9.54012 10700 -0.144855 -0.608168 27.993 139.321 -13 8571 1 0 1
33.734 -5.61248 10700 -0.255368 0.391464 27.9961 139.402 -13 8572 1 0 1
-8.28797 14.419 10700 -0.013894 -1.09702 27.9785 139.21 -13 8573 1 0 1
28.4299 1.47761 10700 -0.215421 -0.160965 27.9987 139.374 -13 8574 1 0 1
4.24729 -1.08824 10700 -0.0682371 0.0374794 27.9999 139.253 -13 8575 1 0 1
-16.2573 -2.18451 10700 0.0484015 0.107718 27.9998 139.144 -13 8576 1 0 1
-26.8008 2.54189 10700 0.108263 -0.152602 27.9994 139.086 -13 8577 1 0 1
8.92062 10.99 10700 -0.104408 -0.732866 27.9902 139.294 -13 8578 1 0 1
50.787 -2.53504 10700 -0.366525 0.215894 27.9968 139.484 -13 8579 1 0 1
45.8082 -5.24543 10700 -0.320376 0.304563 27.9965 139.477 -13 8580 1 0 1
-47.0136 14.7473 10700 0.256747 -0.917211 27.9838 139.017 -13 8581 1 0 1
23.5206 -12.1986 10700 -0.188033 0.852772 27.9864 139.387 -13 8582 1 0 1
-38.658 10.3729 10700 0.180531 -0.671598 27.9914 139.035 -13 8583 1 0 1
47.4512 -14.9073 10700 -0.371335 1.19359 27.9721 139.538 -13 8584 1 0 1
-0.956859 1.7669 10700 -0.0397643 -0.118008 27.9997 139.225 -13 8585 1 0 1
10.68 -0.232131 10700 -0.108325 0.0242899 27.9998 139.284 -13 8586 1 0 1
-30.1552 8.34334 10700 0.141071 -0.493621 27.9953 139.086 -13 8587 1 0 1
-19.0286 2.15717 10700 0.0597863 -0.229985 27.999 139.125 -13 8588 1 0 1
31.8097 -25.4301 10700 -0.343432 2.03872 27.9236 139.566 -13 8589 1 0 1
2.51831 11.865 10700 -0.0709513 -0.785564 27.9889 139.259 -13 8590 1 0 1
-8.23055 5.17546 10700 0.00755953 -0.330193 27.9981 139.196 -13 8591 1 0 1
-3.30448 2.61442 10700 -0.0236713 -0.123883 27.9997 139.216 -13 8592 1 0 1
34.9854 6.3936 10700 -0.253338 -0.39741 27.996 139.42 -13 8593 1 0 1
-46.403 12.3308 10700 0.243444 -0.879552 27.9851 139.008 -13 8594 1 0 1
13.7016 -7.47448 10700 -0.133269 0.448474 27.9961 139.302 -13 8595 1 0 1
18.5369 -6.5391 10700 -0.159638 0.491415 27.9952 139.331 -13 8596 1 0 1
-78.9244 12.3966 10700 0.488533 -1.02294 27.977 138.844 -13 8597 1 0 1
-6.46068 3.38993 10700 -0.0101841 -0.317982 27.9982 139.196 -13 8598 1 0 1
8.60232 6.28599 10700 -0.107946 -0.502302 27.9953 139.272 -13 8599 1 0 1
36.7999 -4.57684 10700 -0.262051 0.332587 27.9968 139.428 -13 8600 1 0 1
-16.1972 23.8056 10700 0.060709 -1.84458 27.9391 139.252 -13 8601 1 0 1
-51.3772 -6.59693 10700 0.261001 0.476359 27.9947 138.961 -13 8602 1 0 1
16.4197 -6.83344 10700 -0.15979 0.451886 27.9959 139.305 -13 8603 1 0 1
-8.27774 17.335 10700 -0.006899 -1.11635 27.9777 139.225 -13 8604 1 0 1
16.1179 -12.6747 10700 -0.149051 0.765663 27.9891 139.338 -13 8605 1 0 1
31.3227 4.14441 10700 -0.233093 -0.269987 27.9977 139.393 -13 8606 1 0 1
-6.60646 1.97547 10700 -0.0149135 -0.0564995 27.9999 139.187 -13 8607 1 0 1
-21.4715 23.9641 10700 0.114718 -1.81542 27.9408 139.235 -13 8608 1 0 1
14.2748 14.1124 10700 -0.125139 -0.912127 27.9849 139.355 -13 8609 1 0 1
13.8783 -10.5448 10700 -0.13676 0.741342 27.9899 139.317 -13 8610 1 0 1
-16.7268 12.3679 10700 0.0422956 -0.812351 27.9882 139.153 -13 8611 1 0 1
-18.9301 21.2227 10700 0.0786192 -1.49059 27.9602 139.207 -13 8612 1 0 1
-36.3423 15.2894 10700 0.189686 -1.00126 27.9814 139.08 -13 8613 1 0 1
7.00867 2.66555 10700 -0.0919074 -0.126864 27.9996 139.261 -13 8614 1 0 1
-1.30534 13.5707 10700 -0.0479493 -0.848235 27.9871 139.245 -13 8615 1 0 1
64.2414 0.143192 10700 -0.425572 0.0415579 27.9967 139.581 -13 8616 1 0 1
-48.4897 -3.8581 10700 0.245714 0.246458 27.9978 138.979 -13 8617 1 0 1
-34.6567 4.47344 10700 0.158445 -0.320082 27.9977 139.049 -13 8618 1 0 1
-7.1887 -8.06764 10700 -0.000414254 0.513098 27.9953 139.205 -13 8619 1 0 1
19.582 -12.6897 10700 -0.163164 0.782488 27.9886 139.364 -13 8620 1 0 1
40.6655 -5.13923 10700 -0.291438 0.372284 27.996 139.445 -13 8621 1 0 1
76.425 -5.24266 10700 -0.51397 0.51889 27.9905 139.661 -13 8622 1 0 1
65.9383 -12.5326 10700 -0.47451 0.976657 27.9789 139.637 -13 8623 1 0 1
14.9022 13.4743 10700 -0.14413 -0.917724 27.9846 139.339 -13 8624 1 0 1
49.9635 -0.0173837 10700 -0.336377 0.0489927 27.9979 139.501 -13 8625 1 0 1
-37.0484 -1.08495 10700 0.17452 0.118305 27.9992 139.037 -13 8626 1 0 1
-15.9802 -4.21631 10700 0.026806 0.372885 27.9975 139.129 -13 8627 1 0 1
13.7381 -9.24476 10700 -0.14953 0.611829 27.9929 139.298 -13 8628 1 0 1
-36.2319 8.65384 10700 0.171544 -0.613555 27.9928 139.052 -13 8629 1 0 1
-13.9149 6.11304 10700 0.0356965 -0.370917 27.9975 139.161 -13 8630 1 0 1
-7.22323 22.2578 10700 -0.0119669 -1.55903 27.9566 139.275 -13 8631 1 0 1
17.6587 -10.0841 10700 -0.146297 0.725295 27.9902 139.349 -13 8632 1 0 1
-35.635 8.85842 10700 0.157634 -0.609214 27.9929 139.045 -13 8633 1 0 1
23.4865 -9.36891 10700 -0.192298 0.61304 27.9926 139.365 -13 8634 1 0 1
-10.2964 -8.15141 10700 0.0198889 0.464674 27.9961 139.189 -13 8635 1 0 1
25.658 -8.0266 10700 -0.198351 0.541009 27.9941 139.377 -13 8636 1 0 1
14.1957 2.73191 10700 -0.135795 -0.203207 27.9989 139.297 -13 8637 1 0 1
15.6238 -12.1714 10700 -0.143431 0.703366 27.9908 139.335 -13 8638 1 0 1
-3.58345 7.72342 10700 -0.0344229 -0.463291 27.9961 139.209 -13 8639 1 0 1
12.8544 -1.74865 10700 -0.122193 0.0798912 27.9996 139.294 -13 8640 1 0 1
-32.6653 19.6578 10700 0.165919 -1.31276 27.9687 139.116 -13 8641 1 0 1
18.4703 10.02 10700 -0.169272 -0.645285 27.9921 139.333 -13 8642 1 0 1
-13.1408 9.4782 10700 0.0264349 -0.63015 27.9929 139.171 -13 8643 1 0 1
19.3842 1.46537 10700 -0.170203 -0.0809326 27.9994 139.318 -13 8644 1 0 1
11.196 4.96593 10700 -0.109767 -0.372679 27.9973 139.293 -13 8645 1 0 1
-28.9254 -5.33131 10700 0.127862 0.338877 27.9977 139.083 -13 8646 1 0 1
21.5647 -19.6581 10700 -0.198738 1.3029 27.969 139.42 -13 8647 1 0 1
-15.685 -5.96329 10700 0.0424572 0.450095 27.9963 139.149 -13 8648 1 0 1
45.3941 5.72703 10700 -0.322318 -0.379514 27.9956 139.47 -13 8649 1 0 1
22.8919 -17.3896 10700 -0.200735 1.24348 27.9717 139.416 -13 8650 1 0 1
-18.7973 14.1519 10700 0.0706687 -0.873558 27.9863 139.164 -13 8651 1 0 1
-10.3543 1.91854 10700 0.00771394 -0.228452 27.9991 139.17 -13 8652 1 0 1
40.3417 -8.64412 10700 -0.293099 0.591274 27.9922 139.457 -13 8653 1 0 1
-0.50447 -18.6301 10700 -0.0444867 1.35695 27.9671 139.298 -13 8654 1 0 1
25.0766 2.35314 10700 -0.198318 -0.187072 27.9987 139.355 -13 8655 1 0 1
45.8057 -2.57576 10700 -0.321393 0.180197 27.9976 139.469 -13 8656 1 0 1
-20.4968 -10.9116 10700 0.0772328 0.652713 27.9923 139.14 -13 8657 1 0 1
14.4466 1.58786 10700 -0.127303 -0.0435287 27.9997 139.306 -13 8658 1 0 1
-2.95792 -9.85123 10700 -0.0230371 0.649569 27.9925 139.238 -13 8659 1 0 1
-1.86137 5.87091 10700 -0.0423064 -0.469256 27.996 139.22 -13 8660 1 0 1
21.9431 -18.6167 10700 -0.202866 1.29664 27.9692 139.414 -13 8661 1 0 1
5.13817 -15.6639 10700 -0.0786156 1.02036 27.9813 139.301 -13 8662 1 0 1
2.05064 -1.14118 10700 -0.0582937 0.111464 27.9997 139.24 -13 8663 1 0 1
62.7276 -14.3257 10700 -0.48141 1.22763 27.9689 139.63 -13 8664 1 0 1
-37.8538 4.70151 10700 0.172341 -0.329659 27.9975 139.027 -13 8665 1 0 1
-16.8333 12.3313 10700 0.0512014 -0.79279 27.9887 139.161 -13 8666 1 0 1
-8.28357 2.78713 10700 -0.0064221 -0.17027 27.9995 139.178 -13 8667 1 0 1
-10.8753 -0.755612 10700 0.00561215 0.0931984 27.9998 139.161 -13 8668 1 0 1
29.4004 -0.448935 10700 -0.217787 -0.00841353 27.9992 139.381 -13 8669 1 0 1
14.4208 -3.37783 10700 -0.136688 0.138912 27.9993 139.299 -13 8670 1 0 1
29.5147 -4.76673 10700 -0.221436 0.37122 27.9967 139.385 -13 8671 1 0 1
35.7077 6.93222 10700 -0.270074 -0.544177 27.9934 139.419 -13 8672 1 0 1
-27.2907 -2.71288 10700 0.104121 0.117703 27.9996 139.076 -13 8673 1 0 1
45.98 -12.3247 10700 -0.343243 0.86413 27.9846 139.503 -13 8674 1 0 1
-68.5996 3.10364 10700 0.389657 -0.173995 27.9967 138.882 -13 8675 1 0 1
103.466 -9.4849 10700 -0.736079 1.04779 27.9707 139.856 -13 8676 1 0 1
-33.6707 5.62224 10700 0.163629 -0.414752 27.9964 139.066 -13 8677 1 0 1
-9.53475 17.2632 10700 0.00744687 -1.14382 27.9766 139.226 -13 8678 1 0 1
-3.63062 1.2845 10700 -0.0239314 -0.117249 27.9997 139.212 -13 8679 1 0 1
9.92726 -12.0329 10700 -0.110266 0.811771 27.988 139.305 -13 8680 1 0 1
27.8454 -0.46532 10700 -0.216706 0.0253458 27.9991 139.365 -13 8681 1 0 1
16.788 -11.7999 10700 -0.154811 0.715539 27.9904 139.335 -13 8682 1 0 1
-25.309 14.0549 10700 0.102577 -0.923813 27.9846 139.12 -13 8683 1 0 1
-3.46557 -4.06245 10700 -0.021811 0.35078 27.9978 139.218 -13 8684 1 0 1
-25.5373 3.76604 10700 0.0937797 -0.198577 27.9991 139.087 -13 8685 1 0 1
9.59274 16.94 10700 -0.115525 -1.19966 27.974 139.336 -13 8686 1 0 1
-25.7964 -6.03413 10700 0.114742 0.401677 27.9969 139.105 -13 8687 1 0 1
-17.4846 -4.79834 10700 0.0610003 0.320451 27.9981 139.145 -13 8688 1 0 1
99.0478 -0.544858 10700 -0.65043 0.0277336 27.9924 139.777 -13 8689 1 0 1
24.217 5.33137 10700 -0.193664 -0.399292 27.9965 139.355 -13 8690 1 0 1
28.7811 6.16854 10700 -0.216373 -0.441172 27.9957 139.386 -13 8691 1 0 1
50.2911 -16.0477 10700 -0.401867 1.25262 27.9691 139.56 -13 8692 1 0 1
13.4792 20.1108 10700 -0.153432 -1.34162 27.9674 139.371 -13 8693 1 0 1
19.0793 -6.36743 10700 -0.163712 0.520756 27.9947 139.334 -13 8694 1 0 1
0.789066 3.1272 10700 -0.0609092 -0.160992 27.9995 139.224 -13 8695 1 0 1
0.369847 -10.432 10700 -0.0631249 0.707069 27.991 139.237 -13 8696 1 0 1
-16.0051 11.0713 10700 0.0565732 -0.650812 27.9924 139.173 -13 8697 1 0 1
19.6685 -4.80433 10700 -0.157587 0.352771 27.9973 139.339 -13 8698 1 0 1
4.95662 19.3671 10700 -0.0790632 -1.26021 27.9715 139.332 -13 8699 1 0 1
-13.8795 3.921 10700 0.0290705 -0.226261 27.9991 139.153 -13 8700 1 0 1
6.64549 -3.40792 10700 -0.0826709 0.274217 27.9985 139.268 -13 8701 1 0 1
-16.9493 2.10183 10700 0.0557254 -0.0917035 27.9998 139.144 -13 8702 1 0 1
-29.869 1.79244 10700 0.118755 -0.206448 27.999 139.062 -13 8703 1 0 1
13.4955 15.569 10700 -0.140758 -0.963147 27.9831 139.336 -13 8704 1 0 1
-20.3139 -0.740085 10700 0.0660186 0.0248785 27.9999 139.115 -13 8705 1 0 1
31.3412 3.22078 10700 -0.234826 -0.174905 27.9985 139.389 -13 8706 1 0 1
31.7526 -4.22145 10700 -0.229738 0.224374 27.9982 139.401 -13 8707 1 0 1
13.5475 -4.23109 10700 -0.118835 0.266541 27.9985 139.309 -13 8708 1 0 1
4.01858 6.16141 10700 -0.0718839 -0.428772 27.9966 139.254 -13 8709 1 0 1
-53.4949 10.65 10700 0.286022 -0.709502 27.9895 138.965 -13 8710 1 0 1
-30.3751 11.6212 10700 0.141596 -0.664933 27.9917 139.093 -13 8711 1 0 1
-3.32247 10.7521 10700 -0.0341916 -0.693056 27.9914 139.224 -13 8712 1 0 1
-28.2712 -4.62591 10700 0.127591 0.407787 27.9967 139.09 -13 8713 1 0 1
-30.15 14.2199 10700 0.141613 -0.966635 27.983 139.103 -13 8714 1 0 1
80.8789 -2.54828 10700 -0.540239 0.203492 27.994 139.671 -13 8715 1 0 1
-25.2844 3.17418 10700 0.100143 -0.259922 27.9986 139.096 -13 8716 1 0 1
-10.5016 19.2842 10700 0.0140505 -1.29367 27.9701 139.237 -13 8717 1 0 1
-45.6596 18.8011 10700 0.273879 -1.44017 27.9616 139.056 -13 8718 1 0 1
5.15909 -1.23221 10700 -0.0910084 0.0879902 27.9997 139.24 -13 8719 1 0 1
-49.74 1.2777 10700 0.258234 -0.0546325 27.9988 138.975 -13 8720 1 0 1
18.9355 -14.0198 10700 -0.182112 1.09241 27.9781 139.361 -13 8721 1 0 1
-37.9454 -0.21086 10700 0.172113 -0.0371475 27.9994 139.024 -13 8722 1 0 1
16.6035 7.75034 10700 -0.133872 -0.456201 27.996 139.336 -13 8723 1 0 1
39.1956 8.29865 10700 -0.284777 -0.589686 27.9923 139.451 -13 8724 1 0 1
-13.7231 3.44233 10700 0.0263864 -0.251387 27.9989 139.152 -13 8725 1 0 1
-1.73203 -13.292 10700 -0.0422381 0.883399 27.986 139.246 -13 8726 1 0 1
-4.71717 -4.36278 10700 -0.0278308 0.298766 27.9984 139.199 -13 8727 1 0 1
39.594 -21.7152 10700 -0.36582 1.82601 27.938 139.579 -13 8728 1 0 1
34.9434 -23.647 10700 -0.355608 1.98822 27.9271 139.571 -13 8729 1 0 1
3.06872 3.2947 10700 -0.0648825 -0.152832 27.9995 139.246 -13 8730 1 0 1
-7.40762 -2.95176 10700 -0.00913289 0.0729809 27.9999 139.184 -13 8731 1 0 1
35.9739 -3.42246 10700 -0.259266 0.244158 27.9977 139.419 -13 8732 1 0 1
0.771313 -12.1 10700 -0.0494563 0.802085 27.9885 139.261 -13 8733 1 0 1
6.7995 -14.1095 10700 -0.0920259 1.071 27.9794 139.306 -13 8734 1 0 1
10.2988 -3.98277 10700 -0.106139 0.332077 27.9978 139.285 -13 8735 1 0 1
6.52305 -18.9686 10700 -0.102991 1.31207 27.9691 139.327 -13 8736 1 0 1
25.6267 -14.0074 10700 -0.205791 0.985998 27.9819 139.408 -13 8737 1 0 1
36.2888 0.0226119 10700 -0.264709 0.0790856 27.9986 139.413 -13 8738 1 0 1
19.7027 -7.84898 10700 -0.166887 0.380197 27.9969 139.336 -13 8739 1 0 1
-14.0901 17.5028 10700 0.0500689 -1.11785 27.9776 139.213 -13 8740 1 0 1
-2.50948 11.581 10700 -0.0518665 -0.816377 27.988 139.22 -13 8741 1 0 1
-36.3204 1.64552 10700 0.166571 -0.10769 27.9993 139.037 -13 8742 1 0 1
41.9867 2.12576 10700 -0.30167 -0.121074 27.9981 139.443 -13 8743 1 0 1
22.984 -7.32029 10700 -0.19093 0.462533 27.9955 139.349 -13 8744 1 0 1
-1.61323 1.3878 10700 -0.039019 -0.069125 27.9999 139.218 -13 8745 1 0 1
7.90796 13.2729 10700 -0.0998247 -0.886768 27.9858 139.3 -13 8746 1 0 1
34.6321 -4.4045 10700 -0.24248 0.222291 27.9981 139.422 -13 8747 1 0 1
-36.0906 5.85192 10700 0.171593 -0.342801 27.9974 139.047 -13 8748 1 0 1
20.848 4.53811 10700 -0.177264 -0.24937 27.9983 139.331 -13 8749 1 0 1
58.2085 4.87606 10700 -0.390509 -0.277484 27.9959 139.554 -13 8750 1 0 1
71.956 -4.0975 10700 -0.486833 0.314103 27.994 139.622 -13 8751 1 0 1
-33.7873 10.2771 10700 0.161825 -0.661496 27.9917 139.072 -13 8752 1 0 1
-29.3273 15.3184 10700 0.138914 -1.01361 27.9813 139.112 -13 8753 1 0 1
5.53324 8.94436 10700 -0.089431 -0.518601 27.9951 139.259 -13 8754 1 0 1
-9.46101 -3.62505 10700 0.00192856 0.268549 27.9987 139.175 -13 8755 1 0 1
2.22175 -1.06327 10700 -0.0759621 0.147423 27.9995 139.224 -13 8756 1 0 1
38.6249 -5.08853 10700 -0.280285 0.274534 27.9973 139.432 -13 8757 1 0 1
56.8697 -11.6745 10700 -0.412157 0.910274 27.9822 139.571 -13 8758 1 0 1
62.9036 -6.63912 10700 -0.435774 0.593382 27.9903 139.582 -13 8759 1 0 1
28.1713 0.912157 10700 -0.20603 0.0341959 27.9992 139.38 -13 8760 1 0 1
-0.972269 -1.04257 10700 -0.0373574 -0.0323583 28 139.227 -13 8761 1 0 1
37.1332 -5.19298 10700 -0.271848 0.252219 27.9975 139.423 -13 8762 1 0 1
51.3476 -0.0958674 10700 -0.331007 0.0270343 27.998 139.523 -13 8763 1 0 1
28.2072 -13.2922 10700 -0.225008 0.9455 27.9831 139.414 -13 8764 1 0 1
52.8008 -14.224 10700 -0.406717 1.21233 27.9708 139.57 -13 8765 1 0 1
-28.1833 9.11821 10700 0.124995 -0.572354 27.9939 139.096 -13 8766 1 0 1
5.45421 -5.53231 10700 -0.0723313 0.393338 27.9971 139.268 -13 8767 1 0 1
7.71973 -10.5818 10700 -0.109581 0.770224 27.9892 139.276 -13 8768 1 0 1
53.7464 -6.64031 10700 -0.376651 0.419524 27.9943 139.52 -13 8769 1 0 1
41.9477 -11.8151 10700 -0.320175 0.850823 27.9852 139.474 -13 8770 1 0 1
44.1105 -16.6393 10700 -0.357249 1.18037 27.9728 139.518 -13 8771 1 0 1
-33.6306 15.7543 10700 0.169499 -1.00025 27.9816 139.093 -13 8772 1 0 1
-20.0465 -10.8456 10700 0.0701496 0.672157 27.9918 139.139 -13 8773 1 0 1
9.70556 0.156582 10700 -0.106033 -0.0351323 27.9998 139.275 -13 8774 1 0 1
-52.4022 4.68984 10700 0.264934 -0.245442 27.9977 138.954 -13 8775 1 0 1
-48.3301 -12.1977 10700 0.261204 0.778991 27.9879 139.001 -13 8776 1 0 1
-35.1057 1.09048 10700 0.168205 -0.0561847 27.9994 139.052 -13 8777 1 0 1
-44.0343 10.5774 10700 0.218751 -0.683646 27.9908 139.01 -13 8778 1 0 1
-34.47 -5.35601 10700 0.162729 0.314184 27.9978 139.056 -13 8779 1 0 1
46.4573 -7.39428 10700 -0.333907 0.628919 27.9909 139.488 -13 8780 1 0 1
-1.6619 12.8088 10700 -0.0412272 -0.809953 27.9883 139.244 -13 8781 1 0 1
3.13291 8.27371 10700 -0.0694306 -0.470486 27.996 139.25 -13 8782 1 0 1
25.0125 4.41506 10700 -0.186271 -0.265376 27.9981 139.37 -13 8783 1 0 1
-27.8348 11.4455 10700 0.107809 -0.67279 27.9917 139.088 -13 8784 1 0 1
37.0693 -3.21846 10700 -0.259843 0.307256 27.9971 139.432 -13 8785 1 0 1
-22.9152 -0.236213 10700 0.0763887 -0.0553716 27.9998 139.097 -13 8786 1 0 1
9.9882 -3.06485 10700 -0.110094 0.217251 27.9989 139.276 -13 8787 1 0 1
8.88806 -0.722615 10700 -0.109078 0.0409156 27.9998 139.263 -13 8788 1 0 1
25.7661 -4.65161 10700 -0.211862 0.395934 27.9964 139.353 -13 8789 1 0 1
14.0849 13.1485 10700 -0.146495 -0.9324 27.9841 139.326 -13 8790 1 0 1
-17.2776 14.4806 10700 0.0659184 -0.973678 27.983 139.18 -13 8791 1 0 1
-29.7186 1.28258 10700 0.129835 -0.00558021 27.9997 139.074 -13 8792 1 0 1
26.4747 -0.685866 10700 -0.203927 0.104128 27.9991 139.363 -13 8793 1 0 1
6.31268 -4.58624 10700 -0.0756715 0.33073 27.9979 139.273 -13 8794 1 0 1
-23.5306 8.17917 10700 0.0971048 -0.551499 27.9944 139.12 -13 8795 1 0 1
14.0767 -4.86349 10700 -0.139783 0.292452 27.9981 139.295 -13 8796 1 0 1
-26.297 10.0314 10700 0.110458 -0.605242 27.9932 139.105 -13 8797 1 0 1
57.7164 3.04757 10700 -0.395257 -0.162589 27.9967 139.537 -13 8798 1 0 1
-3.83361 -8.8521 10700 -0.0306299 0.51493 27.9952 139.213 -13 8799 1 0 1
-33.7647 -6.08707 10700 0.149741 0.34243 27.9975 139.052 -13 8800 1 0 1
-1.50197 5.41333 10700 -0.0517407 -0.26039 27.9987 139.211 -13 8801 1 0 1
37.9011 6.35737 10700 -0.283976 -0.481366 27.9944 139.426 -13 8802 1 0 1
47.6964 2.86686 10700 -0.334604 -0.234102 27.997 139.479 -13 8803 1 0 1
-2.18943 5.14388 10700 -0.033904 -0.397401 27.9972 139.222 -13 8804 1 0 1
62.3199 -8.08966 10700 -0.433843 0.643247 27.9892 139.584 -13 8805 1 0 1
55.6069 -1.50931 10700 -0.37367 0.102058 27.9973 139.532 -13 8806 1 0 1
34.7635 -9.19057 10700 -0.265058 0.63204 27.9916 139.423 -13 8807 1 0 1
-8.31384 7.22902 10700 0.00400155 -0.406899 27.997 139.194 -13 8808 1 0 1
-0.725248 1.22714 10700 -0.0539346 -0.0408956 27.9999 139.213 -13 8809 1 0 1
-13.0838 -6.39808 10700 0.029672 0.370108 27.9975 139.164 -13 8810 1 0 1
17.5413 -4.96702 10700 -0.148647 0.303318 27.998 139.325 -13 8811 1 0 1
25.375 -8.64727 10700 -0.203985 0.5469 27.9939 139.369 -13 8812 1 0 1
59.4681 -2.23657 10700 -0.408082 0.146764 27.9966 139.544 -13 8813 1 0 1
14.9592 -1.91094 10700 -0.12663 -0.0450468 27.9997 139.315 -13 8814 1 0 1
-48.1414 -7.33119 10700 0.244036 0.421495 27.9958 138.981 -13 8815 1 0 1
31.8276 -3.50137 10700 -0.231584 0.21079 27.9982 139.399 -13 8816 1 0 1
-58.3324 13.7659 10700 0.330229 -1.00969 27.9798 138.95 -13 8817 1 0 1
-41.7772 1.65332 10700 0.193094 -0.120337 27.9991 139.002 -13 8818 1 0 1
-24.7603 15.628 10700 0.1049 -0.982032 27.9826 139.133 -13 8819 1 0 1
-25.7436 7.11864 10700 0.0980903 -0.520958 27.995 139.094 -13 8820 1 0 1
0.796289 4.56133 10700 -0.0474547 -0.346087 27.9978 139.24 -13 8821 1 0 1
30.0975 -0.81776 10700 -0.237005 0.163472 27.9985 139.371 -13 8822 1 0 1
18.7393 1.92365 10700 -0.155551 0.00120702 27.9996 139.326 -13 8823 1 0 1
13.9015 0.58731 10700 -0.12858 -0.0486012 27.9997 139.299 -13 8824 1 0 1
-5.08735 -6.65495 10700 -0.0133823 0.481169 27.9959 139.214 -13 8825 1 0 1
-28.2114 14.8299 10700 0.124367 -1.05891 27.9797 139.111 -13 8826 1 0 1
30.6881 10.0188 10700 -0.231429 -0.649529 27.9915 139.413 -13 8827 1 0 1
18.0153 -4.93876 10700 -0.155859 0.304468 27.9979 139.323 -13 8828 1 0 1
9.19332 6.15586 10700 -0.0918976 -0.388619 27.9972 139.291 -13 8829 1 0 1
-6.91727 -2.47079 10700 -0.0215094 0.172581 27.9995 139.178 -13 8830 1 0 1
-21.3706 8.99154 10700 0.0788936 -0.550873 27.9945 139.127 -13 8831 1 0 1
-27.4554 -5.19507 10700 0.11115 0.324256 27.9979 139.084 -13 8832 1 0 1
-41.8913 2.91816 10700 0.19998 -0.13338 27.999 139.008 -13 8833 1 0 1
13.9307 10.3645 10700 -0.139957 -0.699346 27.9909 139.312 -13 8834 1 0 1
59.6993 -9.5138 10700 -0.422906 0.603543 27.9903 139.564 -13 8835 1 0 1
-32.7164 13.6849 10700 0.156361 -0.879792 27.9857 139.085 -13 8836 1 0 1
43.6493 -10.1467 10700 -0.321557 0.782453 27.9872 139.481 -13 8837 1 0 1
-38.0478 8.6579 10700 0.185633 -0.536092 27.9943 139.042 -13 8838 1 0 1
-6.97387 -4.91423 10700 -0.00910494 0.284445 27.9986 139.193 -13 8839 1 0 1
-18.6683 -1.98067 10700 0.0579056 0.0486522 27.9999 139.125 -13 8840 1 0 1
29.2433 10.1007 10700 -0.229919 -0.692096 27.9905 139.398 -13 8841 1 0 1
11.0081 13.0238 10700 -0.119486 -0.795537 27.9884 139.311 -13 8842 1 0 1
-4.83628 11.9606 10700 -0.0206499 -0.664124 27.9921 139.224 -13 8843 1 0 1
30.6526 8.28956 10700 -0.232638 -0.481492 27.9949 139.397 -13 8844 1 0 1
16.3749 -1.09692 10700 -0.136911 0.0516586 27.9996 139.318 -13 8845 1 0 1
-68.301 -1.92092 10700 0.389525 0.189464 27.9966 138.885 -13 8846 1 0 1
33.052 -8.91927 10700 -0.247497 0.69864 27.9902 139.421 -13 8847 1 0 1
54.5338 -10.4266 10700 -0.392613 0.768665 27.9867 139.545 -13 8848 1 0 1
-27.9273 0.644771 10700 0.113733 0.0077061 27.9998 139.078 -13 8849 1 0 1
-37.3602 10.2945 10700 0.175621 -0.678043 27.9912 139.044 -13 8850 1 0 1
42.3181 5.70344 10700 -0.29897 -0.399086 27.9956 139.458 -13 8851 1 0 1
33.4607 -0.619893 10700 -0.248278 -0.0977592 27.9987 139.398 -13 8852 1 0 1
-27.3477 0.0894879 10700 0.111726 -0.0331308 27.9998 139.082 -13 8853 1 0 1
17.8999 -15.3629 10700 -0.15758 0.977869 27.9825 139.37 -13 8854 1 0 1
-4.77405 14.3418 10700 -0.0312651 -0.918496 27.9849 139.226 -13 8855 1 0 1
-59.1204 11.8195 10700 0.335395 -0.85568 27.9849 138.945 -13 8856 1 0 1
37.8253 -17.6008 10700 -0.313799 1.33632 27.9663 139.504 -13 8857 1 0 1
-56.9068 23.4356 10700 0.467614 -2.21345 27.9085 139.072 -13 8858 1 0 1
-46.4222 10.6702 10700 0.239918 -0.733398 27.9894 139.002 -13 8859 1 0 1
35.6972 8.53905 10700 -0.264369 -0.573432 27.9929 139.43 -13 8860 1 0 1
15.2283 -11.4376 10700 -0.14287 0.693149 27.9911 139.328 -13 8861 1 0 1
-25.5185 -3.65943 10700 0.112068 0.218891 27.9989 139.105 -13 8862 1 0 1
28.1334 -19.2147 10700 -0.235086 1.25627 27.9708 139.458 -13 8863 1 0 1
58.5081 -4.19093 10700 -0.401854 0.323811 27.9952 139.545 -13 8864 1 0 1
24.6025 1.27697 10700 -0.19275 -0.177506 27.9988 139.355 -13 8865 1 0 1
21.5538 -6.07982 10700 -0.163427 0.429548 27.9962 139.357 -13 8866 1 0 1
19.8302 -6.01916 10700 -0.171359 0.320473 27.9976 139.329 -13 8867 1 0 1
-13.7053 5.36692 10700 0.0391613 -0.313635 27.9982 139.167 -13 8868 1 0 1
27.9014 9.93928 10700 -0.218774 -0.661955 27.9913 139.393 -13 8869 1 0 1
-17.1207 -4.84975 10700 0.040411 0.210245 27.9992 139.129 -13 8870 1 0 1
20.7471 9.07679 10700 -0.168745 -0.652622 27.9919 139.359 -13 8871 1 0 1
57.0875 -6.51155 10700 -0.400974 0.465902 27.9933 139.537 -13 8872 1 0 1
5.8273 -6.42123 10700 -0.0834 0.403659 27.997 139.262 -13 8873 1 0 1
27.5058 -10.9038 10700 -0.218741 0.764718 27.9887 139.394 -13 8874 1 0 1
4.25527 0.406801 10700 -0.0701607 -0.0325001 27.9999 139.251 -13 8875 1 0 1
-15.6687 6.54008 10700 0.0414941 -0.414029 27.9969 139.148 -13 8876 1 0 1
-6.18805 14.0052 10700 -0.0144673 -0.950075 27.9839 139.227 -13 8877 1 0 1
-67.3648 20.7815 10700 0.528989 -1.97804 27.925 138.991 -13 8878 1 0 1
-52.4052 2.07932 10700 0.260041 -0.110148 27.9986 138.948 -13 8879 1 0 1
-11.9504 -9.10925 10700 0.0317384 0.508428 27.9954 139.184 -13 8880 1 0 1
29.8436 -10.2842 10700 -0.239263 0.588535 27.9928 139.391 -13 8881 1 0 1
-30.9095 9.20537 10700 0.143118 -0.663864 27.9918 139.084 -13 8882 1 0 1
45.8101 9.20468 10700 -0.32918 -0.584758 27.992 139.486 -13 8883 1 0 1
43.2984 -6.61521 10700 -0.303495 0.363551 27.996 139.468 -13 8884 1 0 1
5.88315 3.93581 10700 -0.0810125 -0.273033 27.9986 139.262 -13 8885 1 0 1
4.51562 -5.75286 10700 -0.0646231 0.402388 27.997 139.266 -13 8886 1 0 1
46.1796 -5.88409 10700 -0.320982 0.422374 27.995 139.483 -13 8887 1 0 1
27.0983 0.816281 10700 -0.198441 -0.0929242 27.9991 139.376 -13 8888 1 0 1
8.26889 4.21372 10700 -0.0910217 -0.21029 27.9991 139.278 -13 8889 1 0 1
-11.3964 1.39615 10700 0.0158919 -0.131987 27.9997 139.165 -13 8890 1 0 1
14.309 -4.34878 10700 -0.134572 0.258261 27.9985 139.302 -13 8891 1 0 1
68.6131 -15.2742 10700 -0.539288 1.3893 27.9603 139.685 -13 8892 1 0 1
-57.0875 10.4542 10700 0.314689 -0.714647 27.9891 138.95 -13 8893 1 0 1
-40.6674 8.71132 10700 0.203985 -0.552624 27.9938 139.031 -13 8894 1 0 1
8.82353 -2.95817 10700 -0.0890865 0.193202 27.9992 139.285 -13 8895 1 0 1
-4.17913 1.24624 10700 -0.0255037 -0.0613717 27.9999 139.203 -13 8896 1 0 1
5.16308 -15.1058 10700 -0.0851588 0.936162 27.9842 139.291 -13 8897 1 0 1
44.3288 -7.71334 10700 -0.315351 0.526284 27.9933 139.475 -13 8898 1 0 1
68.3012 4.53288 10700 -0.459444 -0.251181 27.9951 139.604 -13 8899 1 0 1
-26.8004 -14.3446 10700 0.114384 0.95678 27.9834 139.115 -13 8900 1 0 1
-4.91153 9.67184 10700 -0.0208652 -0.652267 27.9924 139.218 -13 8901 1 0 1
-5.46414 14.4171 10700 -0.0130121 -0.92546 27.9847 139.238 -13 8902 1 0 1
-22.354 6.66806 10700 0.0849081 -0.414953 27.9968 139.116 -13 8903 1 0 1
-65.153 3.84993 10700 0.357897 -0.303219 27.9961 138.894 -13 8904 1 0 1
0.196884 13.215 10700 -0.0713867 -0.911136 27.9851 139.239 -13 8905 1 0 1
-13.435 0.47794 10700 0.0406115 -0.0369229 27.9999 139.167 -13 8906 1 0 1
72.9916 -7.73393 10700 -0.507568 0.564851 27.9897 139.634 -13 8907 1 0 1
75.2008 -12.4928 10700 -0.551222 1.07895 27.9738 139.693 -13 8908 1 0 1
-38.9813 17.8593 10700 0.206657 -1.3198 27.9681 139.075 -13 8909 1 0 1
43.138 -7.74499 10700 -0.309461 0.465095 27.9944 139.465 -13 8910 1 0 1
66.0601 -0.282314 10700 -0.450755 0.018109 27.9964 139.577 -13 8911 1 0 1
34.409 -4.56761 10700 -0.249602 0.254922 27.9977 139.413 -13 8912 1 0 1
39.1233 8.50402 10700 -0.290958 -0.571969 27.9926 139.443 -13 8913 1 0 1
-48.8193 7.71789 10700 0.251477 -0.608981 27.9922 138.985 -13 8914 1 0 1
36.6006 -6.16401 10700 -0.267304 0.422201 27.9955 139.425 -13 8915 1 0 1
-26.76 -4.00984 10700 0.104789 0.233577 27.9988 139.084 -13 8916 1 0 1
33.9923 -20.5896 10700 -0.304604 1.59921 27.9526 139.514 -13 8917 1 0 1
50.5242 -21.0518 10700 -0.473557 1.80687 27.9376 139.63 -13 8918 1 0 1
28.5549 -1.72933 10700 -0.220345 0.0671461 27.9991 139.37 -13 8919 1 0 1
56.9156 -15.3936 10700 -0.440575 1.20913 27.9704 139.598 -13 8920 1 0 1
12.3935 2.94582 10700 -0.134721 -0.0769528 27.9996 139.276 -13 8921 1 0 1
-59.7066 -1.0087 10700 0.327915 0.0309065 27.9981 138.926 -13 8922 1 0 1
1.3633 -1.87862 10700 -0.0603072 0.153002 27.9995 139.23 -13 8923 1 0 1
34.623 -16.3039 10700 -0.280316 1.16674 27.9743 139.469 -13 8924 1 0 1
28.562 -4.03377 10700 -0.212577 0.330886 27.9972 139.382 -13 8925 1 0 1
34.0145 7.39547 10700 -0.242989 -0.462099 27.9951 139.423 -13 8926 1 0 1
0.377137 -2.68326 10700 -0.0488797 0.252522 27.9988 139.232 -13 8927 1 0 1
-34.7171 7.5401 10700 0.155195 -0.50907 27.9949 139.048 -13 8928 1 0 1
-9.42419 16.1012 10700 -0.00487129 -1.09913 27.9784 139.209 -13 8929 1 0 1
8.62605 10.6929 10700 -0.108919 -0.611193 27.9931 139.282 -13 8930 1 0 1
8.74456 -2.26823 10700 -0.103853 0.133826 27.9995 139.268 -13 8931 1 0 1
17.1363 -6.49347 10700 -0.145129 0.444395 27.9961 139.327 -13 8932 1 0 1
21.9971 5.12844 10700 -0.173555 -0.409453 27.9965 139.351 -13 8933 1 0 1
34.7248 14.2592 10700 -0.26755 -0.994514 27.9811 139.459 -13 8934 1 0 1
17.913 -5.44738 10700 -0.14763 0.41636 27.9965 139.331 -13 8935 1 0 1
-23.497 6.52265 10700 0.0819765 -0.340603 27.9978 139.101 -13 8936 1 0 1
-31.2601 6.81523 10700 0.139481 -0.369584 27.9972 139.07 -13 8937 1 0 1
5.1253 -1.20587 10700 -0.0824999 0.0474578 27.9998 139.248 -13 8938 1 0 1
-8.76301 9.57045 10700 -0.00375786 -0.690962 27.9915 139.19 -13 8939 1 0 1
27.4828 -13.8397 10700 -0.224109 1.00336 27.9811 139.413 -13 8940 1 0 1
-12.4879 -23.4917 10700 0.0412085 1.62761 27.9526 139.267 -13 8941 1 0 1
69.6079 10.9858 10700 -0.503687 -0.938213 27.9797 139.641 -13 8942 1 0 1
-34.9746 8.29584 10700 0.163581 -0.487529 27.9953 139.053 -13 8943 1 0 1
-1.6615 -4.50527 10700 -0.0335607 0.268402 27.9987 139.227 -13 8944 1 0 1
37.0209 -0.666073 10700 -0.262675 0.139141 27.9984 139.424 -13 8945 1 0 1
-5.18822 9.0755 10700 -0.0174814 -0.654219 27.9924 139.217 -13 8946 1 0 1
74.6165 1.03614 10700 -0.495577 -0.193156 27.9949 139.639 -13 8947 1 0 1
-48.3741 14.974 10700 0.259941 -1.03679 27.9796 139.004 -13 8948 1 0 1
-7.10348 16.2177 10700 -0.015118 -1.09109 27.9787 139.226 -13 8949 1 0 1
31.2846 -11.9954 10700 -0.253786 0.80711 27.9872 139.41 -13 8950 1 0 1
14.0604 9.24722 10700 -0.134494 -0.605888 27.9931 139.316 -13 8951 1 0 1
47.3482 -5.90147 10700 -0.329412 0.472985 27.9941 139.49 -13 8952 1 0 1
39.943 -4.42402 10700 -0.278377 0.270487 27.9973 139.448 -13 8953 1 0 1
-13.1844 17.5564 10700 0.031045 -1.18333 27.975 139.21 -13 8954 1 0 1
-16.4977 11.1745 10700 0.0452747 -0.68471 27.9916 139.155 -13 8955 1 0 1
-14.9419 1.51626 10700 0.0402974 -0.076228 27.9999 139.15 -13 8956 1 0 1
-45.8594 9.2532 10700 0.231092 -0.659619 27.9913 139 -13 8957 1 0 1
8.65017 3.87375 10700 -0.0992152 -0.236401 27.9988 139.274 -13 8958 1 0 1
61.1591 -11.3808 10700 -0.436786 0.977269 27.9795 139.605 -13 8959 1 0 1
1.40032 -9.52272 10700 -0.0613987 0.554972 27.9944 139.244 -13 8960 1 0 1
-31.8941 6.50482 10700 0.148497 -0.32915 27.9977 139.073 -13 8961 1 0 1
-48.613 7.76316 10700 0.252516 -0.646867 27.9914 138.988 -13 8962 1 0 1
4.8339 -2.10181 10700 -0.0703109 0.13088 27.9996 139.259 -13 8963 1 0 1
2.81081 0.670317 10700 -0.0689124 0.0441921 27.9999 139.237 -13 8964 1 0 1
20.8116 1.63756 10700 -0.173807 -0.130721 27.9992 139.33 -13 8965 1 0 1
46.1717 -7.73066 10700 -0.326709 0.613935 27.9914 139.492 -13 8966 1 0 1
-32.0948 -7.84088 10700 0.149694 0.519837 27.9948 139.073 -13 8967 1 0 1
5.83159 9.40219 10700 -0.0785999 -0.621382 27.993 139.281 -13 8968 1 0 1
20.2376 -14.2386 10700 -0.174363 0.87001 27.9859 139.371 -13 8969 1 0 1
38.9106 -2.46177 10700 -0.278584 0.187733 27.998 139.432 -13 8970 1 0 1
11.1375 9.04054 10700 -0.120393 -0.574197 27.9939 139.295 -13 8971 1 0 1
60.8423 -0.775241 10700 -0.412224 -0.00370159 27.997 139.554 -13 8972 1 0 1
-10.7758 -5.6191 10700 0.0075793 0.256314 27.9988 139.168 -13 8973 1 0 1
4.80097 6.6047 10700 -0.0777855 -0.414451 27.9968 139.257 -13 8974 1 0 1
-9.0076 2.37821 10700 0.0141248 -0.186898 27.9994 139.191 -13 8975 1 0 1
-44.5051 14.0171 10700 0.232641 -1.0844 27.978 139.024 -13 8976 1 0 1
-7.31902 3.0608 10700 -0.00331936 -0.220433 27.9991 139.193 -13 8977 1 0 1
26.94 -16.0437 10700 -0.222161 1.08596 27.9781 139.423 -13 8978 1 0 1
-2.27573 -3.73403 10700 -0.0387546 0.188685 27.9993 139.213 -13 8979 1 0 1
29.407 6.96594 10700 -0.228072 -0.47874 27.995 139.384 -13 8980 1 0 1
-16.594 17.0778 10700 0.0563063 -1.17737 27.9752 139.192 -13 8981 1 0 1
25.7441 0.439697 10700 -0.198888 -0.107584 27.9991 139.36 -13 8982 1 0 1
-6.53915 18.5806 10700 0.00178999 -1.20873 27.9739 139.266 -13 8983 1 0 1
-33.9932 18.4635 10700 0.178743 -1.29248 27.9696 139.109 -13 8984 1 0 1
76.0444 -14.9928 10700 -0.591519 1.36322 27.9605 139.73 -13 8985 1 0 1
6.40095 2.69202 10700 -0.0969797 -0.116663 27.9996 139.249 -13 8986 1 0 1
39.8239 -6.73008 10700 -0.289009 0.416213 27.9954 139.442 -13 8987 1 0 1
-10.1476 3.09563 10700 0.0171333 -0.191072 27.9993 139.182 -13 8988 1 0 1
7.86363 -4.76311 10700 -0.090673 0.230969 27.9989 139.275 -13 8989 1 0 1
-2.14482 -5.28762 10700 -0.0311372 0.26632 27.9987 139.225 -13 8990 1 0 1
9.19525 -1.55153 10700 -0.109512 0.109032 27.9996 139.266 -13 8991 1 0 1
-8.59648 8.21291 10700 0.00498978 -0.520006 27.9952 139.196 -13 8992 1 0 1
60.3837 -13.3959 10700 -0.451656 1.11356 27.9742 139.606 -13 8993 1 0 1
-23.7698 0.33248 10700 0.0877439 -0.0157959 27.9999 139.098 -13 8994 1 0 1
-1.74702 -17.379 10700 -0.0512002 1.25676 27.9717 139.27 -13 8995 1 0 1
-49.4764 12.3903 10700 0.273102 -0.897948 27.9843 139.001 -13 8996 1 0 1
7.16295 2.38825 10700 -0.089559 -0.186783 27.9992 139.265 -13 8997 1 0 1
41.7044 -9.00097 10700 -0.310113 0.710577 27.9893 139.462 -13 8998 1 0 1
-41.9176 -5.66096 10700 0.2133 0.413686 27.9961 139.021 -13 8999 1 0 1
23.9162 21.2882 10700 -0.225104 -1.42077 27.963 139.447 -13 9000 1 0 1
-18.6661 -11.1657 10700 0.0655088 0.686733 27.9915 139.15 -13 9001 1 0 1
66.6363 -10.0464 10700 -0.47359 0.775707 27.9852 139.614 -13 9002 1 0 1
-36.5087 11.3739 10700 0.159739 -0.739397 27.9898 139.039 -13 9003 1 0 1
28.3151 12.8005 10700 -0.233723 -0.890125 27.9849 139.402 -13 9004 1 0 1
3.60435 -3.30771 10700 -0.0713702 0.217558 27.9991 139.245 -13 9005 1 0 1
-18.8744 12.3771 10700 0.0691631 -0.794427 27.9886 139.155 -13 9006 1 0 1
-35.5154 9.27925 10700 0.157652 -0.551016 27.9941 139.044 -13 9007 1 0 1
11.535 -11.3842 10700 -0.126748 0.810142 27.988 139.306 -13 9008 1 0 1
-44.9283 6.15387 10700 0.23095 -0.380544 27.9965 139.005 -13 9009 1 0 1
55.9601 -0.330369 10700 -0.374477 -0.0105198 27.9975 139.534 -13 9010 1 0 1
46.4802 3.89713 10700 -0.326655 -0.378745 27.9955 139.476 -13 9011 1 0 1
-58.5035 3.53171 10700 0.303528 -0.35271 27.9961 138.919 -13 9012 1 0 1
29.685 -1.86443 10700 -0.226429 0.103173 27.9989 139.377 -13 9013 1 0 1
16.2211 2.8513 10700 -0.142317 -0.192105 27.999 139.313 -13 9014 1 0 1
27.737 1.56736 10700 -0.207672 -0.161084 27.9988 139.375 -13 9015 1 0 1
51.207 -7.81805 10700 -0.369911 0.532848 27.9925 139.504 -13 9016 1 0 1
18.4161 -2.01167 10700 -0.165777 0.116571 27.9993 139.312 -13 9017 1 0 1
36.0599 -17.2639 10700 -0.295117 1.21038 27.9723 139.483 -13 9018 1 0 1
7.19629 0.914003 10700 -0.0769211 -0.046375 27.9999 139.278 -13 9019 1 0 1
62.7385 1.84809 10700 -0.426272 -0.192422 27.9961 139.565 -13 9020 1 0 1
27.7895 5.98882 10700 -0.219743 -0.464775 27.9953 139.372 -13 9021 1 0 1
10.6369 4.00293 10700 -0.115277 -0.217493 27.9989 139.279 -13 9022 1 0 1
-35.8184 24.2274 10700 0.212219 -1.82029 27.94 139.138 -13 9023 1 0 1
4.42719 -0.0698123 10700 -0.0764457 0.0989918 27.9997 139.247 -13 9024 1 0 1
-1.08741 2.49365 10700 -0.0421359 -0.23717 27.999 139.223 -13 9025 1 0 1
-38.8687 2.51067 10700 0.199482 -0.227767 27.9984 139.042 -13 9026 1 0 1
-18.9048 -8.50741 10700 0.0630833 0.584356 27.9938 139.14 -13 9027 1 0 1
-21.3214 3.73557 10700 0.0710534 -0.20732 27.9991 139.111 -13 9028 1 0 1
13.3942 -25.5448 10700 -0.178354 1.87766 27.9364 139.434 -13 9029 1 0 1
-50.2976 18.6416 10700 0.285061 -1.27452 27.9695 139.01 -13 9030 1 0 1
29.826 0.290523 10700 -0.219644 -0.06052 27.9991 139.385 -13 9031 1 0 1
5.67114 6.62608 10700 -0.0771612 -0.42376 27.9967 139.268 -13 9032 1 0 1
-5.46166 12.9701 10700 -0.0249378 -0.76926 27.9894 139.216 -13 9033 1 0 1
54.2685 -15.7915 10700 -0.432292 1.36279 27.9635 139.595 -13 9034 1 0 1
-29.8868 20.0832 10700 0.147231 -1.44176 27.9625 139.133 -13 9035 1 0 1
43.6792 -1.95023 10700 -0.301875 0.142818 27.998 139.463 -13 9036 1 0 1
45.6918 0.509386 10700 -0.31291 0.00539663 27.9983 139.474 -13 9037 1 0 1
37.5847 7.63111 10700 -0.278134 -0.547459 27.9933 139.435 -13 9038 1 0 1
4.82327 -6.89637 10700 -0.0816942 0.507235 27.9953 139.257 -13 9039 1 0 1
11.6937 14.5786 10700 -0.125031 -0.953688 27.9835 139.326 -13 9040 1 0 1
-14.1731 -8.66613 10700 0.0303331 0.631587 27.9929 139.163 -13 9041 1 0 1
-13.8773 13.5362 10700 0.0375573 -0.852854 27.987 139.186 -13 9042 1 0 1
28.6874 2.80009 10700 -0.208207 -0.203229 27.9985 139.386 -13 9043 1 0 1
5.00507 7.26117 10700 -0.0764427 -0.435885 27.9965 139.262 -13 9044 1 0 1
-23.0123 11.7864 10700 0.0931553 -0.707321 27.9909 139.13 -13 9045 1 0 1
37.3657 14.0936 10700 -0.291285 -1.00777 27.9803 139.468 -13 9046 1 0 1
-36.0481 7.16943 10700 0.178611 -0.417135 27.9963 139.055 -13 9047 1 0 1
41.1887 -3.96013 10700 -0.289331 0.349405 27.9963 139.451 -13 9048 1 0 1
36.8163 10.9736 10700 -0.274194 -0.744257 27.9888 139.448 -13 9049 1 0 1
35.6221 -7.25736 10700 -0.259734 0.385073 27.9961 139.423 -13 9050 1 0 1
5.00034 -14.1425 10700 -0.0942297 0.884956 27.9859 139.275 -13 9051 1 0 1
1.73268 -12.9661 10700 -0.0660967 0.863762 27.9866 139.261 -13 9052 1 0 1
12.3487 -10.2108 10700 -0.130067 0.784903 27.9887 139.308 -13 9053 1 0 1
-9.41987 1.52878 10700 -0.00470194 -0.0443208 28 139.166 -13 9054 1 0 1
48.1296 5.41372 10700 -0.33914 -0.42855 27.9947 139.487 -13 9055 1 0 1
65.3517 -18.8792 10700 -0.621508 2.07211 27.9163 139.75 -13 9056 1 0 1
20.073 -3.83033 10700 -0.154044 0.218659 27.9987 139.346 -13 9057 1 0 1
-52.4158 -7.0103 10700 0.278315 0.584268 27.9925 138.969 -13 9058 1 0 1
-56.1453 9.57968 10700 0.313048 -0.659847 27.9905 138.959 -13 9059 1 0 1
-18.228 1.29999 10700 0.0506098 -0.118402 27.9997 139.124 -13 9060 1 0 1
52.57 -12.1779 10700 -0.38969 0.936001 27.9816 139.544 -13 9061 1 0 1
21.7199 8.19504 10700 -0.175565 -0.476268 27.9954 139.352 -13 9062 1 0 1
-0.877698 19.1801 10700 -0.0493103 -1.29429 27.97 139.291 -13 9063 1 0 1
39.6725 -14.5027 10700 -0.31182 1.07221 27.9777 139.483 -13 9064 1 0 1
-6.33531 16.4438 10700 -0.0145163 -1.15855 27.976 139.242 -13 9065 1 0 1
-43.5178 6.52382 10700 0.20706 -0.43712 27.9958 138.998 -13 9066 1 0 1
1.66795 2.89981 10700 -0.0650228 -0.133695 27.9996 139.229 -13 9067 1 0 1
30.0352 0.300472 10700 -0.224032 -0.0142581 27.9991 139.382 -13 9068 1 0 1
-10.2263 -5.11849 10700 0.0165952 0.264901 27.9987 139.183 -13 9069 1 0 1
15.6845 4.91678 10700 -0.134185 -0.352741 27.9975 139.319 -13 9070 1 0 1
-11.6497 -7.01302 10700 0.0181838 0.425444 27.9968 139.17 -13 9071 1 0 1
-51.593 9.02526 10700 0.274257 -0.658051 27.9909 138.975 -13 9072 1 0 1
16.3054 11.5501 10700 -0.156372 -0.715191 27.9904 139.327 -13 9073 1 0 1
24.5382 -5.12054 10700 -0.186804 0.357547 27.9971 139.365 -13 9074 1 0 1
42.0596 -0.392391 10700 -0.30157 0.0747458 27.9983 139.443 -13 9075 1 0 1
-19.1888 -5.4176 10700 0.0707211 0.320338 27.9981 139.137 -13 9076 1 0 1
24.703 0.353933 10700 -0.197326 0.0027817 27.9993 139.349 -13 9077 1 0 1
-46.1882 1.5293 10700 0.207034 -0.171338 27.9987 138.967 -13 9078 1 0 1
-30.3202 -0.506497 10700 0.1441 -0.0365742 27.9996 139.081 -13 9079 1 0 1
22.4485 3.56919 10700 -0.180347 -0.231204 27.9985 139.345 -13 9080 1 0 1
-14.9754 17.7668 10700 0.0489187 -1.19027 27.9746 139.207 -13 9081 1 0 1
-36.6802 9.29973 10700 0.191868 -0.646584 27.9919 139.068 -13 9082 1 0 1
38.1482 -4.03414 10700 -0.279335 0.195211 27.9979 139.424 -13 9083 1 0 1
21.5614 -3.9995 10700 -0.16555 0.218692 27.9987 139.351 -13 9084 1 0 1
16.8381 -11.8267 10700 -0.156235 0.825077 27.9874 139.339 -13 9085 1 0 1
-23.8802 9.22803 10700 0.0922797 -0.608285 27.9932 139.114 -13 9086 1 0 1
42.7273 -8.77775 10700 -0.308244 0.608795 27.9917 139.472 -13 9087 1 0 1
28.4486 2.1214 10700 -0.206979 -0.072323 27.9991 139.383 -13 9088 1 0 1
53.3703 5.36708 10700 -0.368516 -0.380275 27.995 139.519 -13 9089 1 0 1
109.243 -9.43487 10700 -0.870886 1.67254 27.9364 139.933 -13 9090 1 0 1
59.0246 -15.5038 10700 -0.460785 1.25602 27.968 139.614 -13 9091 1 0 1
43.9808 -7.89853 10700 -0.304684 0.537917 27.9932 139.483 -13 9092 1 0 1
30.3957 -4.42018 10700 -0.242881 0.21144 27.9981 139.372 -13 9093 1 0 1
5.79854 -6.84405 10700 -0.0845731 0.542451 27.9946 139.267 -13 9094 1 0 1
16.251 -7.24918 10700 -0.141138 0.47616 27.9956 139.323 -13 9095 1 0 1
-13.7272 10.1375 10700 0.0268737 -0.538548 27.9948 139.162 -13 9096 1 0 1
-3.72071 2.27654 10700 -0.0232906 -0.102783 27.9998 139.212 -13 9097 1 0 1
-5.05904 1.40198 10700 -0.0381952 -0.044109 27.9999 139.181 -13 9098 1 0 1
-0.580588 -2.92502 10700 -0.0502487 0.109693 27.9997 139.219 -13 9099 1 0 1
-41.5321 -11.1396 10700 0.212059 0.697622 27.9905 139.033 -13 9100 1 0 1
-51.084 -2.69012 10700 0.26428 0.0409556 27.9987 138.965 -13 9101 1 0 1
-43.0093 20.086 10700 0.252321 -1.44054 27.9618 139.072 -13 9102 1 0 1
25.6756 3.19559 10700 -0.201614 -0.207902 27.9985 139.359 -13 9103 1 0 1
34.2124 2.81797 10700 -0.243235 -0.103894 27.9988 139.413 -13 9104 1 0 1
10.6655 -1.19963 10700 -0.102149 0.0891015 27.9997 139.29 -13 9105 1 0 1
3.41279 -3.31318 10700 -0.06891 0.170346 27.9994 139.245 -13 9106 1 0 1
-21.0057 -1.77376 10700 0.0721244 0.0321488 27.9999 139.114 -13 9107 1 0 1
-14.7179 0.0972052 10700 0.0328204 0.00169376 28 139.145 -13 9108 1 0 1
-30.5943 -12.1074 10700 0.143311 0.738149 27.9899 139.091 -13 9109 1 0 1
-0.844557 13.882 10700 -0.0522822 -1.01197 27.9817 139.253 -13 9110 1 0 1
-15.7894 -4.65237 10700 0.0364584 0.251839 27.9988 139.14 -13 9111 1 0 1
30.2949 -5.94729 10700 -0.222841 0.351159 27.9969 139.395 -13 9112 1 0 1
-95.8715 9.48601 10700 0.603804 -0.957348 27.9771 138.739 -13 9113 1 0 1
-5.48676 -10.5795 10700 -0.0139776 0.658193 27.9923 139.22 -13 9114 1 0 1
-12.2794 -7.06806 10700 0.0219905 0.410552 27.997 139.167 -13 9115 1 0 1
6.39994 -3.81315 10700 -0.08549 0.287176 27.9984 139.263 -13 9116 1 0 1
3.9442 -3.37362 10700 -0.0753501 0.305276 27.9982 139.246 -13 9117 1 0 1
18.365 1.37145 10700 -0.150332 -0.188136 27.999 139.328 -13 9118 1 0 1
24.3143 -12.6999 10700 -0.204348 0.776527 27.9885 139.378 -13 9119 1 0 1
23.6915 -10.674 10700 -0.188113 0.612887 27.9927 139.374 -13 9120 1 0 1
38.8091 -12.537 10700 -0.296071 0.90868 27.9837 139.466 -13 9121 1 0 1
-21.1235 16.5093 10700 0.0753885 -1.10858 27.9779 139.151 -13 9122 1 0 1
-20.6492 -5.03579 10700 0.0752225 0.313427 27.9981 139.124 -13 9123 1 0 1
-20.1987 7.12216 10700 0.059525 -0.460504 27.9961 139.116 -13 9124 1 0 1
-1.42263 -16.6004 10700 -0.0499523 1.00522 27.9819 139.258 -13 9125 1 0 1
14.6318 -3.27878 10700 -0.138142 0.240359 27.9986 139.3 -13 9126 1 0 1
-35.1673 1.62825 10700 0.15803 -0.136282 27.9992 139.041 -13 9127 1 0 1
-6.55292 9.84391 10700 -0.0211748 -0.659889 27.9922 139.199 -13 9128 1 0 1
1.29269 -10.4244 10700 -0.0747421 0.641926 27.9925 139.236 -13 9129 1 0 1
-17.4318 4.85615 10700 0.0556276 -0.194777 27.9993 139.141 -13 9130 1 0 1
1.20781 -8.92173 10700 -0.0573051 0.567649 27.9942 139.246 -13 9131 1 0 1
-40.4047 -2.63691 10700 0.188511 0.185722 27.9987 139.014 -13 9132 1 0 1
-14.4441 -2.47582 10700 0.0424166 0.133221 27.9997 139.158 -13 9133 1 0 1
51.7851 -14.8254 10700 -0.396348 1.20899 27.9711 139.57 -13 9134 1 0 1
25.8411 -8.28947 10700 -0.208877 0.663569 27.9914 139.374 -13 9135 1 0 1
48.9494 -8.71714 10700 -0.347295 0.630067 27.9908 139.508 -13 9136 1 0 1
-10.2531 -0.157593 10700 0.00449631 -0.0624256 27.9999 139.166 -13 9137 1 0 1
14.8264 9.66431 10700 -0.129121 -0.566296 27.994 139.329 -13 9138 1 0 1
72.66 3.27107 10700 -0.482652 -0.21402 27.995 139.631 -13 9139 1 0 1
26.9092 -3.03818 10700 -0.199615 0.264434 27.998 139.376 -13 9140 1 0 1
39.5335 -0.638227 10700 -0.26534 0.0306454 27.9987 139.451 -13 9141 1 0 1
7.10888 18.629 10700 -0.107862 -1.36039 27.9667 139.33 -13 9142 1 0 1
65.473 6.06031 10700 -0.444788 -0.495893 27.9921 139.596 -13 9143 1 0 1
-30.3553 20.111 10700 0.157065 -1.38714 27.9652 139.138 -13 9144 1 0 1
-31.5946 -4.98492 10700 0.133489 0.267034 27.9984 139.059 -13 9145 1 0 1
3.78449 4.24307 10700 -0.0883177 -0.284823 27.9984 139.231 -13 9146 1 0 1
-32.0785 7.3115 10700 0.140805 -0.407599 27.9967 139.062 -13 9147 1 0 1
-6.08839 16.0213 10700 -0.0171814 -1.05346 27.9802 139.234 -13 9148 1 0 1
65.9088 -7.36945 10700 -0.467107 0.666833 27.9882 139.595 -13 9149 1 0 1
-5.7541 -7.51573 10700 -0.017356 0.430255 27.9967 139.201 -13 9150 1 0 1
-68.3355 5.63036 10700 0.38197 -0.422966 27.9942 138.877 -13 9151 1 0 1
-16.8563 -11.545 10700 0.0544861 0.729983 27.9904 139.16 -13 9152 1 0 1
44.8286 -12.6824 10700 -0.327571 0.829176 27.9858 139.504 -13 9153 1 0 1
7.1932 -1.78627 10700 -0.0979862 0.137262 27.9995 139.256 -13 9154 1 0 1
10.6066 0.0675583 10700 -0.108118 -0.0564192 27.9997 139.283 -13 9155 1 0 1
-23.1387 -7.88553 10700 0.0936828 0.486687 27.9956 139.117 -13 9156 1 0 1
-29.8448 18.8424 10700 0.14503 -1.28128 27.9703 139.127 -13 9157 1 0 1
3.6571 4.05445 10700 -0.0713498 -0.297659 27.9983 139.247 -13 9158 1 0 1
-0.146944 5.01674 10700 -0.040743 -0.27036 27.9987 139.238 -13 9159 1 0 1
30.7883 10.1653 10700 -0.24228 -0.54922 27.9936 139.396 -13 9160 1 0 1
38.9578 7.20509 10700 -0.283359 -0.527289 27.9936 139.444 -13 9161 1 0 1
6.23184 0.016197 10700 -0.0846537 0.042351 27.9998 139.258 -13 9162 1 0 1
71.4541 -15.3333 10700 -0.580426 1.52088 27.9526 139.706 -13 9163 1 0 1
43.3992 -4.07976 10700 -0.297131 0.258616 27.9972 139.469 -13 9164 1 0 1
19.1418 -0.0958229 10700 -0.15668 -0.0354545 27.9995 139.329 -13 9165 1 0 1
-12.1526 -2.53344 10700 0.00421845 0.148696 27.9996 139.146 -13 9166 1 0 1
19.0506 -3.64192 10700 -0.166705 0.152037 27.9991 139.32 -13 9167 1 0 1
-12.0137 1.23643 10700 0.0173971 -0.0722793 27.9999 139.16 -13 9168 1 0 1
-52.1688 -1.82293 10700 0.267709 0.0891373 27.9986 138.957 -13 9169 1 0 1
-22.387 6.34943 10700 0.084542 -0.43386 27.9965 139.115 -13 9170 1 0 1
19.4094 2.06466 10700 -0.163712 -0.0550746 27.9995 139.324 -13 9171 1 0 1
-14.8868 0.813116 10700 0.0261851 -0.0453109 28 139.136 -13 9172 1 0 1
56.2098 -14.2926 10700 -0.420572 1.05174 27.9771 139.583 -13 9173 1 0 1
14.3311 6.75999 10700 -0.133783 -0.417778 27.9966 139.307 -13 9174 1 0 1
-8.1518 -3.58622 10700 -0.00299331 0.188928 27.9994 139.184 -13 9175 1 0 1
-4.6442 -2.51272 10700 -0.0325383 0.147946 27.9996 139.192 -13 9176 1 0 1
-15.123 -4.37558 10700 0.0402378 0.21413 27.9992 139.15 -13 9177 1 0 1
22.4377 -8.20384 10700 -0.173297 0.555983 27.9939 139.367 -13 9178 1 0 1
1.87397 -3.66691 10700 -0.0660412 0.301891 27.9983 139.233 -13 9179 1 0 1
-3.8792 3.28412 10700 -0.0236412 -0.268105 27.9987 139.211 -13 9180 1 0 1
5.99076 7.85689 10700 -0.0776902 -0.516563 27.9951 139.276 -13 9181 1 0 1
51.9858 -5.15971 10700 -0.36336 0.255509 27.9965 139.506 -13 9182 1 0 1
46.3963 -9.01525 10700 -0.344427 0.620806 27.991 139.481 -13 9183 1 0 1
-11.9611 -9.75923 10700 0.0213194 0.600579 27.9936 139.179 -13 9184 1 0 1
-49.4616 13.2577 10700 0.263769 -1.01131 27.9805 138.994 -13 9185 1 0 1
-57.3555 5.2747 10700 0.30388 -0.333209 27.9964 138.933 -13 9186 1 0 1
6.41039 12.2939 10700 -0.0910093 -0.854229 27.9868 139.287 -13 9187 1 0 1
43.5687 11.5937 10700 -0.333767 -0.899592 27.9836 139.482 -13 9188 1 0 1
-33.0859 5.18663 10700 0.150397 -0.340111 27.9975 139.059 -13 9189 1 0 1
24.4182 -0.543 10700 -0.191416 0.101296 27.9992 139.353 -13 9190 1 0 1
-22.1114 5.22229 10700 0.0724197 -0.240611 27.9989 139.106 -13 9191 1 0 1
-29.8996 18.0053 10700 0.145786 -1.27071 27.9708 139.125 -13 9192 1 0 1
5.81654 -2.32067 10700 -0.0721428 0.173446 27.9994 139.268 -13 9193 1 0 1
54.6092 -19.245 10700 -0.458753 1.59243 27.9509 139.636 -13 9194 1 0 1
14.2034 -1.75242 10700 -0.132828 0.147487 27.9993 139.299 -13 9195 1 0 1
-73.1527 14.5861 10700 0.476503 -1.23385 27.9687 138.9 -13 9196 1 0 1
65.7765 -12.4149 10700 -0.481041 1.05143 27.9761 139.635 -13 9197 1 0 1
33.2358 -10.3274 10700 -0.247553 0.656752 27.9912 139.427 -13 9198 1 0 1
64.8774 -7.78515 10700 -0.451047 0.704196 27.9875 139.6 -13 9199 1 0 1
-7.72018 6.62202 10700 0.00305 -0.432818 27.9967 139.199 -13 9200 1 0 1
9.8461 7.08791 10700 -0.1138 -0.379279 27.9972 139.277 -13 9201 1 0 1
11.6955 -7.25576 10700 -0.117933 0.407818 27.9968 139.294 -13 9202 1 0 1
33.1254 -5.2524 10700 -0.250997 0.305253 27.9972 139.398 -13 9203 1 0 1
-15.267 10.0457 10700 0.056758 -0.652468 27.9923 139.18 -13 9204 1 0 1
42.6961 -19.2517 10700 -0.3622 1.56476 27.9539 139.559 -13 9205 1 0 1
56.5152 4.4551 10700 -0.388611 -0.41873 27.9942 139.537 -13 9206 1 0 1
63.272 -1.49307 10700 -0.432166 0.234454 27.9957 139.566 -13 9207 1 0 1
-25.7468 -17.3383 10700 0.0984755 1.21303 27.9735 139.129 -13 9208 1 0 1
-49.3762 -8.16945 10700 0.248193 0.491996 27.9946 138.972 -13 9209 1 0 1
29.321 5.91182 10700 -0.209623 -0.394742 27.9964 139.399 -13 9210 1 0 1
-38.9671 12.0628 10700 0.199665 -0.709038 27.9903 139.053 -13 9211 1 0 1
82.9725 -3.67252 10700 -0.55001 0.338094 27.9926 139.693 -13 9212 1 0 1
20.3069 -10.4907 10700 -0.176041 0.687362 27.991 139.35 -13 9213 1 0 1
-25.1988 0.720402 10700 0.0962253 -0.0284324 27.9998 139.091 -13 9214 1 0 1
20.1353 5.86974 10700 -0.159114 -0.290885 27.998 139.345 -13 9215 1 0 1
6.08222 -4.885 10700 -0.0892347 0.332464 27.9979 139.257 -13 9216 1 0 1
22.8182 -4.65871 10700 -0.182577 0.353694 27.9972 139.349 -13 9217 1 0 1
-26.6774 -5.49069 10700 0.111654 0.304186 27.9981 139.093 -13 9218 1 0 1
18.4301 6.77215 10700 -0.167508 -0.462943 27.9957 139.319 -13 9219 1 0 1
27.1662 -5.01159 10700 -0.20739 0.297583 27.9977 139.374 -13 9220 1 0 1
2.48702 8.50259 10700 -0.0769272 -0.447646 27.9963 139.235 -13 9221 1 0 1
25.7937 -13.8037 10700 -0.208902 0.920638 27.9841 139.403 -13 9222 1 0 1
29.6325 -18.9262 10700 -0.262492 1.35906 27.9658 139.461 -13 9223 1 0 1
-5.16173 4.10474 10700 -0.0318856 -0.216841 27.9991 139.189 -13 9224 1 0 1
12.7199 -0.446827 10700 -0.119846 0.0809775 27.9996 139.295 -13 9225 1 0 1
21.4907 5.12612 10700 -0.179437 -0.332927 27.9974 139.338 -13 9226 1 0 1
-23.7127 5.38555 10700 0.0881642 -0.367672 27.9974 139.102 -13 9227 1 0 1
37.0267 -2.61323 10700 -0.265914 0.194118 27.9981 139.423 -13 9228 1 0 1
-21.3789 1.60064 10700 0.0889185 -0.150579 27.9995 139.127 -13 9229 1 0 1
40.4972 -1.53364 10700 -0.287414 0.120971 27.9983 139.44 -13 9230 1 0 1
87.3168 4.18161 10700 -0.573614 -0.388331 27.9914 139.726 -13 9231 1 0 1
14.1756 6.74676 10700 -0.140008 -0.370776 27.9972 139.298 -13 9232 1 0 1
19.8429 2.94875 10700 -0.161093 -0.161467 27.9991 139.334 -13 9233 1 0 1
23.3863 -6.48056 10700 -0.183352 0.354001 27.9972 139.358 -13 9234 1 0 1
46.9043 -9.68569 10700 -0.350392 0.750649 27.9877 139.489 -13 9235 1 0 1
5.67217 -6.72839 10700 -0.0737613 0.420924 27.9967 139.271 -13 9236 1 0 1
3.56635 -6.73173 10700 -0.0776132 0.48211 27.9957 139.246 -13 9237 1 0 1
-14.4271 11.016 10700 0.0208043 -0.623243 27.9931 139.153 -13 9238 1 0 1
18.2116 -0.131164 10700 -0.148921 -0.0272835 27.9996 139.326 -13 9239 1 0 1
5.44026 10.905 10700 -0.0851994 -0.730046 27.9904 139.273 -13 9240 1 0 1
-5.44413 6.69996 10700 -0.00923029 -0.419966 27.9968 139.212 -13 9241 1 0 1
23.4682 -0.896834 10700 -0.176844 0.00294123 27.9994 139.357 -13 9242 1 0 1
2.05936 -9.54843 10700 -0.0639555 0.592628 27.9937 139.251 -13 9243 1 0 1
22.5171 -2.18721 10700 -0.177748 0.183818 27.9988 139.347 -13 9244 1 0 1
-23.7454 28.165 10700 0.146467 -2.30628 27.9045 139.269 -13 9245 1 0 1
-28.938 -1.60998 10700 0.113789 0.0832929 27.9996 139.067 -13 9246 1 0 1
43.3069 5.32613 10700 -0.297571 -0.320382 27.9966 139.471 -13 9247 1 0 1
11.0264 -3.16893 10700 -0.113935 0.0827567 27.9996 139.283 -13 9248 1 0 1
3.06607 4.9962 10700 -0.0667828 -0.24438 27.9989 139.246 -13 9249 1 0 1
47.3214 -6.92064 10700 -0.326141 0.46248 27.9943 139.495 -13 9250 1 0 1
-15.5188 -2.03552 10700 0.0458246 0.0808803 27.9998 139.149 -13 9251 1 0 1
6.87787 -9.12922 10700 -0.0867887 0.550077 27.9945 139.279 -13 9252 1 0 1
-2.14789 4.82369 10700 -0.0355005 -0.341174 27.9979 139.219 -13 9253 1 0 1
56.5999 3.72022 10700 -0.382872 -0.214518 27.9966 139.538 -13 9254 1 0 1
-28.0849 -4.69593 10700 0.1307 0.3276 27.9978 139.095 -13 9255 1 0 1
-35.2871 2.60857 10700 0.160027 -0.150967 27.9991 139.042 -13 9256 1 0 1
-9.31172 -8.16172 10700 0.00465132 0.532231 27.9949 139.188 -13 9257 1 0 1
30.8918 -12.1798 10700 -0.237187 0.824126 27.9869 139.423 -13 9258 1 0 1
-32.2203 -2.14977 10700 0.134285 0.09272 27.9995 139.051 -13 9259 1 0 1
49.6853 -7.64086 10700 -0.347006 0.455965 27.9941 139.504 -13 9260 1 0 1
-52.9611 0.421149 10700 0.275994 -0.054263 27.9986 138.955 -13 9261 1 0 1
32.5085 6.19403 10700 -0.224807 -0.387445 27.9964 139.421 -13 9262 1 0 1
25.7845 -4.03167 10700 -0.199874 0.306927 27.9976 139.364 -13 9263 1 0 1
13.0741 -12.7984 10700 -0.12982 0.759163 27.9894 139.322 -13 9264 1 0 1
43.5189 6.10387 10700 -0.30351 -0.415148 27.9953 139.469 -13 9265 1 0 1
-12.2645 -5.05807 10700 0.0277025 0.381739 27.9974 139.17 -13 9266 1 0 1
12.5348 -0.568638 10700 -0.116714 0.00535338 27.9998 139.296 -13 9267 1 0 1
30.1038 -5.18028 10700 -0.224711 0.364882 27.9967 139.389 -13 9268 1 0 1
22.8347 14.1364 10700 -0.211573 -0.984232 27.9819 139.369 -13 9269 1 0 1
39.7634 -2.41296 10700 -0.28109 0.056865 27.9985 139.437 -13 9270 1 0 1
29.7672 -8.42107 10700 -0.225909 0.565184 27.9934 139.398 -13 9271 1 0 1
50.1254 -5.91686 10700 -0.339712 0.429388 27.9946 139.511 -13 9272 1 0 1
0.509809 -0.256313 10700 -0.0532197 -0.0596222 27.9999 139.227 -13 9273 1 0 1
17.4466 -3.88865 10700 -0.16075 0.283052 27.9981 139.31 -13 9274 1 0 1
39.0077 0.596276 10700 -0.276334 -0.019953 27.9986 139.432 -13 9275 1 0 1
39.3901 -21.0254 10700 -0.35236 1.60505 27.9517 139.547 -13 9276 1 0 1
5.15037 -24.1676 10700 -0.119937 1.75795 27.9445 139.361 -13 9277 1 0 1
23.6828 8.7995 10700 -0.190854 -0.597591 27.993 139.367 -13 9278 1 0 1
-27.0233 -1.29036 10700 0.117336 0.113389 27.9995 139.092 -13 9279 1 0 1
7.55042 -3.57306 10700 -0.0970561 0.269757 27.9985 139.264 -13 9280 1 0 1
-2.06276 -1.94233 10700 -0.0423398 0.0746197 27.9999 139.21 -13 9281 1 0 1
-24.327 -1.47685 10700 0.0853607 0.0784892 27.9998 139.09 -13 9282 1 0 1
-3.13565 12.3549 10700 -0.0486347 -0.705856 27.9911 139.216 -13 9283 1 0 1
30.8451 6.13128 10700 -0.239795 -0.510321 27.9943 139.39 -13 9284 1 0 1
-50.7807 -1.27096 10700 0.25723 0.068717 27.9987 138.962 -13 9285 1 0 1
-30.2656 0.308958 10700 0.133988 -0.0226889 27.9997 139.072 -13 9286 1 0 1
13.1557 2.92367 10700 -0.128159 -0.189884 27.9991 139.293 -13 9287 1 0 1
-25.1151 -1.2544 10700 0.110743 0.0938097 27.9996 139.106 -13 9288 1 0 1
82.041 -4.86245 10700 -0.557186 0.416364 27.9914 139.679 -13 9289 1 0 1
-1.39166 -9.88681 10700 -0.0468443 0.503968 27.9954 139.226 -13 9290 1 0 1
3.74831 4.05956 10700 -0.071313 -0.270414 27.9986 139.248 -13 9291 1 0 1
-9.14108 -2.74729 10700 0.0056467 0.168688 27.9995 139.181 -13 9292 1 0 1
27.5015 0.862032 10700 -0.20599 -0.110054 27.999 139.373 -13 9293 1 0 1
-3.17631 -7.44143 10700 -0.0291687 0.523757 27.9951 139.222 -13 9294 1 0 1
-16.9408 20.2055 10700 0.0488375 -1.33531 27.9681 139.197 -13 9295 1 0 1
-14.1469 3.84235 10700 0.0346083 -0.238566 27.999 139.156 -13 9296 1 0 1
-43.0534 14.0463 10700 0.220365 -0.97229 27.9822 139.028 -13 9297 1 0 1
6.95085 -6.28031 10700 -0.0868113 0.483791 27.9957 139.274 -13 9298 1 0 1
6.79914 -0.146943 10700 -0.0875295 0.116699 27.9996 139.262 -13 9299 1 0 1
-33.0413 18.8534 10700 0.17591 -1.24271 27.9719 139.117 -13 9300 1 0 1
-27.7853 -0.54091 10700 0.11287 0.0904484 27.9996 139.079 -13 9301 1 0 1
16.8332 -3.43982 10700 -0.13572 0.148304 27.9993 139.327 -13 9302 1 0 1
29.4319 -9.21335 10700 -0.229572 0.66401 27.9912 139.397 -13 9303 1 0 1
30.6036 1.10454 10700 -0.225614 -0.0404972 27.9991 139.387 -13 9304 1 0 1
31.1339 -2.407 10700 -0.223844 0.170438 27.9986 139.397 -13 9305 1 0 1
53.1971 -14.9037 10700 -0.408126 1.19636 27.9715 139.576 -13 9306 1 0 1
-97.4749 5.51357 10700 0.61133 -0.520817 27.9885 138.729 -13 9307 1 0 1
13.6817 10.3643 10700 -0.141499 -0.663803 27.9918 139.308 -13 9308 1 0 1
8.61461 -13.8338 10700 -0.0988792 0.917438 27.9848 139.311 -13 9309 1 0 1
-39.2216 17.3388 10700 0.216364 -1.17074 27.9747 139.076 -13 9310 1 0 1
-28.8326 10.5207 10700 0.127822 -0.663782 27.9918 139.095 -13 9311 1 0 1
-22.2411 0.106632 10700 0.0692312 0.0164158 27.9999 139.098 -13 9312 1 0 1
57.3971 0.667664 10700 -0.389048 -0.121008 27.997 139.537 -13 9313 1 0 1
47.5374 -16.6156 10700 -0.382427 1.45273 27.9597 139.568 -13 9314 1 0 1
-4.41183 9.5958 10700 -0.0294771 -0.549096 27.9946 139.21 -13 9315 1 0 1
49.6293 -0.809098 10700 -0.34295 0.0885315 27.9978 139.49 -13 9316 1 0 1
-58.677 0.123274 10700 0.30529 -0.0449269 27.9983 138.918 -13 9317 1 0 1
-0.889677 18.3599 10700 -0.0574558 -1.15904 27.9759 139.269 -13 9318 1 0 1
5.74864 -9.03602 10700 -0.0919293 0.605704 27.9933 139.264 -13 9319 1 0 1
25.1046 -16.116 10700 -0.223339 1.15972 27.9751 139.408 -13 9320 1 0 1
-15.1918 -0.307409 10700 0.0449779 0.0639865 27.9999 139.152 -13 9321 1 0 1
-23.9972 5.05184 10700 0.0875363 -0.311665 27.9981 139.099 -13 9322 1 0 1
26.5101 -5.56979 10700 -0.204888 0.298933 27.9977 139.37 -13 9323 1 0 1
20.418 1.37038 10700 -0.165108 -0.089427 27.9994 139.335 -13 9324 1 0 1
39.3867 -2.08013 10700 -0.267183 0.140167 27.9984 139.449 -13 9325 1 0 1
-17.4719 1.61916 10700 0.0509473 -0.207786 27.9992 139.133 -13 9326 1 0 1
10.9647 4.86983 10700 -0.110823 -0.305206 27.9981 139.29 -13 9327 1 0 1
24.8168 15.7975 10700 -0.207207 -1.13269 27.9763 139.417 -13 9328 1 0 1
-10.3935 2.6333 10700 0.0120622 -0.157353 27.9996 139.173 -13 9329 1 0 1
-2.14396 10.3967 10700 -0.0462692 -0.643987 27.9926 139.225 -13 9330 1 0 1
-34.2645 10.9542 10700 0.156067 -0.677609 27.9914 139.062 -13 9331 1 0 1
21.1226 -8.64705 10700 -0.169359 0.517161 27.9947 139.353 -13 9332 1 0 1
18.2843 0.115947 10700 -0.163922 -0.0479313 27.9995 139.311 -13 9333 1 0 1
22.9184 -7.03295 10700 -0.177821 0.414694 27.9964 139.359 -13 9334 1 0 1
24.4212 3.33034 10700 -0.192709 -0.236567 27.9983 139.354 -13 9335 1 0 1
12.8155 -10.147 10700 -0.116306 0.735077 27.9901 139.324 -13 9336 1 0 1
9.37123 -6.60476 10700 -0.0998554 0.315595 27.998 139.286 -13 9337 1 0 1
26.2242 4.94191 10700 -0.20684 -0.384857 27.9966 139.363 -13 9338 1 0 1
0.71734 4.49251 10700 -0.0559264 -0.253906 27.9988 139.23 -13 9339 1 0 1
94.811 -13.8596 10700 -0.849202 2.08791 27.9091 139.935 -13 9340 1 0 1
-4.50046 -3.6877 10700 -0.0224781 0.174931 27.9994 139.205 -13 9341 1 0 1
46.1686 4.61655 10700 -0.318042 -0.363885 27.9958 139.482 -13 9342 1 0 1
38.7781 -4.27805 10700 -0.276528 0.252979 27.9975 139.436 -13 9343 1 0 1
7.82775 13.1379 10700 -0.108048 -0.858405 27.9866 139.288 -13 9344 1 0 1
19.3938 -0.689077 10700 -0.16801 0.086382 27.9994 139.32 -13 9345 1 0 1
-26.3665 3.18 10700 0.102028 -0.190481 27.9992 139.085 -13 9346 1 0 1
6.07364 -23.1633 10700 -0.104248 1.68822 27.9489 139.371 -13 9347 1 0 1
30.5936 -1.7042 10700 -0.231021 0.113617 27.9988 139.382 -13 9348 1 0 1
-59.3734 18.5057 10700 0.392944 -1.503 27.9569 138.992 -13 9349 1 0 1
0.00883466 -1.04297 10700 -0.0577488 0.0522382 27.9999 139.217 -13 9350 1 0 1
12.482 -6.32054 10700 -0.137676 0.519057 27.9948 139.287 -13 9351 1 0 1
33.9191 -0.645223 10700 -0.239834 0.0408927 27.9989 139.411 -13 9352 1 0 1
18.3571 -5.28581 10700 -0.155351 0.306392 27.9979 139.328 -13 9353 1 0 1
18.4587 6.93703 10700 -0.154466 -0.42836 27.9963 139.333 -13 9354 1 0 1
10.6195 -8.73814 10700 -0.111267 0.449652 27.9962 139.292 -13 9355 1 0 1
19.9218 1.38638 10700 -0.164516 -0.0317515 27.9995 139.329 -13 9356 1 0 1
41.1857 -10.1479 10700 -0.306673 0.722679 27.989 139.464 -13 9357 1 0 1
44.6086 -1.66721 10700 -0.313113 0.0597418 27.9982 139.461 -13 9358 1 0 1
-21.1573 -0.956192 10700 0.0787194 0.0485931 27.9998 139.119 -13 9359 1 0 1
-32.9722 11.8562 10700 0.160476 -0.750667 27.9895 139.082 -13 9360 1 0 1
5.05352 -3.2675 10700 -0.08134 0.281364 27.9985 139.252 -13 9361 1 0 1
27.2757 -13.4988 10700 -0.218867 0.890291 27.985 139.407 -13 9362 1 0 1
35.5684 -12.5314 10700 -0.275397 0.803177 27.9871 139.441 -13 9363 1 0 1
22.4008 -14.4378 10700 -0.189562 0.955228 27.9831 139.386 -13 9364 1 0 1
25.7866 0.551014 10700 -0.197883 -0.110584 27.9991 139.362 -13 9365 1 0 1
-27.0008 -3.64082 10700 0.110645 0.264359 27.9985 139.087 -13 9366 1 0 1
55.068 1.10045 10700 -0.368926 -0.0267284 27.9976 139.528 -13 9367 1 0 1
22.9967 12.2262 10700 -0.191672 -0.766238 27.9889 139.373 -13 9368 1 0 1
-25.3573 -0.895415 10700 0.0844928 0.0718996 27.9998 139.078 -13 9369 1 0 1
-34.8301 1.74242 10700 0.160719 -0.210721 27.9987 139.048 -13 9370 1 0 1
1.15286 7.78367 10700 -0.0656174 -0.436513 27.9965 139.23 -13 9371 1 0 1
17.7339 -5.42636 10700 -0.154574 0.365999 27.9972 139.321 -13 9372 1 0 1
5.28535 -1.3106 10700 -0.0775305 0.00983253 27.9999 139.255 -13 9373 1 0 1
-3.2392 9.94462 10700 -0.0301316 -0.549093 27.9946 139.223 -13 9374 1 0 1
24.5367 -2.80118 10700 -0.190809 0.17968 27.9988 139.357 -13 9375 1 0 1
50.1828 -7.34303 10700 -0.35692 0.512245 27.993 139.502 -13 9376 1 0 1
43.7083 2.10836 10700 -0.306825 -0.167753 27.9978 139.459 -13 9377 1 0 1
-31.5596 5.83108 10700 0.136418 -0.377992 27.9971 139.062 -13 9378 1 0 1
-13.4284 -5.82236 10700 0.0231069 0.400853 27.9971 139.154 -13 9379 1 0 1
4.7479 10.6523 10700 -0.0791791 -0.686399 27.9915 139.271 -13 9380 1 0 1
-0.250468 -11.4427 10700 -0.0503725 0.733267 27.9904 139.245 -13 9381 1 0 1
24.9206 -3.29804 10700 -0.200347 0.189539 27.9986 139.352 -13 9382 1 0 1
31.8796 -6.08924 10700 -0.239574 0.325147 27.9971 139.397 -13 9383 1 0 1
2.63458 -3.31821 10700 -0.0642716 0.213145 27.9991 139.242 -13 9384 1 0 1
35.6698 4.69087 10700 -0.272181 -0.265764 27.9974 139.404 -13 9385 1 0 1
49.6737 -16.8525 10700 -0.404211 1.34416 27.9648 139.568 -13 9386 1 0 1
-8.70089 2.07577 10700 -0.000743947 -0.161685 27.9995 139.179 -13 9387 1 0 1
11.1157 -16.5593 10700 -0.133488 1.16039 27.9756 139.331 -13 9388 1 0 1
23.0502 4.61607 10700 -0.187843 -0.346163 27.9972 139.346 -13 9389 1 0 1
77.5241 -0.564185 10700 -0.521686 0.161002 27.9947 139.646 -13 9390 1 0 1
22.1329 -3.3402 10700 -0.167681 0.248926 27.9984 139.355 -13 9391 1 0 1
21.5945 -12.6019 10700 -0.192195 0.936417 27.9837 139.367 -13 9392 1 0 1
35.8878 -10.1847 10700 -0.276794 0.706203 27.9897 139.43 -13 9393 1 0 1
3.70661 -6.86667 10700 -0.0761714 0.418644 27.9968 139.246 -13 9394 1 0 1
6.43215 4.28908 10700 -0.0798555 -0.319038 27.9981 139.27 -13 9395 1 0 1
26.2034 -5.14584 10700 -0.201952 0.427166 27.996 139.37 -13 9396 1 0 1
38.3404 -10.228 10700 -0.278582 0.676601 27.9904 139.457 -13 9397 1 0 1
49.7781 15.2094 10700 -0.384877 -1.23646 27.97 139.563 -13 9398 1 0 1
-80.4897 15.6343 10700 0.557638 -1.41721 27.9586 138.875 -13 9399 1 0 1
-50.5636 0.22861 10700 0.256007 0.0350361 27.9988 138.964 -13 9400 1 0 1
38.0787 0.60468 10700 -0.273431 -0.0278601 27.9987 139.425 -13 9401 1 0 1
72.5898 -18.5853 10700 -0.904429 2.93119 27.8315 139.959 -13 9402 1 0 1
28.1479 -1.95741 10700 -0.215872 0.161037 27.9987 139.371 -13 9403 1 0 1
42.7649 -16.1677 10700 -0.326072 1.11636 27.9758 139.52 -13 9404 1 0 1
52.0551 -7.55895 10700 -0.368191 0.595563 27.9912 139.52 -13 9405 1 0 1
-15.2901 21.5636 10700 0.0429967 -1.40709 27.9646 139.218 -13 9406 1 0 1
-37.9294 2.80171 10700 0.167852 -0.216972 27.9987 139.021 -13 9407 1 0 1
53.7493 -15.5053 10700 -0.434302 1.27284 27.9677 139.574 -13 9408 1 0 1
-60.664 2.01848 10700 0.325578 -0.12406 27.9978 138.914 -13 9409 1 0 1
56.2784 -13.7867 10700 -0.430785 1.09455 27.9753 139.575 -13 9410 1 0 1
-21.3012 -12.7352 10700 0.0806144 0.786352 27.9888 139.139 -13 9411 1 0 1
-21.5832 -14.4655 10700 0.0831228 0.949669 27.9838 139.145 -13 9412 1 0 1
59.0143 -13.7204 10700 -0.436465 1.00022 27.9787 139.595 -13 9413 1 0 1
16.6462 -0.88177 10700 -0.140118 0.0252127 27.9996 139.317 -13 9414 1 0 1
27.4599 1.75043 10700 -0.211065 -0.216781 27.9984 139.369 -13 9415 1 0 1
23.2528 -2.27812 10700 -0.187931 0.221526 27.9985 139.345 -13 9416 1 0 1
12.5519 -4.26548 10700 -0.117837 0.242153 27.9987 139.299 -13 9417 1 0 1
-72.362 10.287 10700 0.427066 -0.729586 27.9872 138.872 -13 9418 1 0 1
7.18785 -6.09154 10700 -0.0857407 0.357028 27.9976 139.274 -13 9419 1 0 1
-44.4659 -2.33899 10700 0.224783 0.0103673 27.9991 139.002 -13 9420 1 0 1
72.1255 -10.5614 10700 -0.517643 0.932208 27.9797 139.657 -13 9421 1 0 1
7.62892 -9.64826 10700 -0.096914 0.58302 27.9938 139.28 -13 9422 1 0 1
-0.225274 -4.72731 10700 -0.0485408 0.345807 27.9978 139.227 -13 9423 1 0 1
-33.6901 5.92417 10700 0.156657 -0.402844 27.9967 139.058 -13 9424 1 0 1
38.7221 0.830842 10700 -0.273978 -0.0378183 27.9986 139.432 -13 9425 1 0 1
-17.5676 14.3357 10700 0.0625117 -0.97353 27.983 139.173 -13 9426 1 0 1
31.7844 10.0272 10700 -0.235182 -0.701305 27.9902 139.423 -13 9427 1 0 1
-12.547 -11.2469 10700 0.0160337 0.672543 27.9919 139.172 -13 9428 1 0 1
34.4377 -4.65821 10700 -0.250032 0.355261 27.9966 139.413 -13 9429 1 0 1
-2.73705 -1.38978 10700 -0.0385441 0.0947851 27.9998 139.206 -13 9430 1 0 1
-45.7711 17.9866 10700 0.265448 -1.25701 27.9705 139.046 -13 9431 1 0 1
17.0842 6.12506 10700 -0.153664 -0.336441 27.9976 139.316 -13 9432 1 0 1
29.611 -18.1346 10700 -0.262847 1.20992 27.9726 139.44 -13 9433 1 0 1
11.5724 4.10181 10700 -0.107776 -0.261356 27.9986 139.299 -13 9434 1 0 1
-14.217 -0.66594 10700 0.0402116 -0.111029 27.9998 139.159 -13 9435 1 0 1
14.7902 -18.671 10700 -0.144566 1.32598 27.9682 139.385 -13 9436 1 0 1
-6.52018 23.0878 10700 -0.0171054 -1.66642 27.9504 139.292 -13 9437 1 0 1
-2.27182 20.5783 10700 -0.0449875 -1.41337 27.9643 139.289 -13 9438 1 0 1
14.1999 -2.61255 10700 -0.133069 0.164592 27.9992 139.299 -13 9439 1 0 1
39.736 5.16442 10700 -0.292472 -0.399218 27.9956 139.433 -13 9440 1 0 1
34.1088 -3.1379 10700 -0.244549 0.0889642 27.9988 139.41 -13 9441 1 0 1
-68.1894 17.4286 10700 0.448676 -1.38634 27.9621 138.935 -13 9442 1 0 1
17.5245 -9.76907 10700 -0.148454 0.625042 27.9926 139.343 -13 9443 1 0 1
-61.6935 4.00486 10700 0.33693 -0.340502 27.9959 138.913 -13 9444 1 0 1
-20.7674 26.8307 10700 0.105107 -2.05394 27.9244 139.257 -13 9445 1 0 1
54.2073 -6.36262 10700 -0.375131 0.542567 27.9922 139.533 -13 9446 1 0 1
-3.08872 -0.215721 10700 -0.0354697 0.0398558 27.9999 139.205 -13 9447 1 0 1
-13.9576 18.1968 10700 0.0377791 -1.24758 27.9722 139.212 -13 9448 1 0 1
-17.4583 3.57104 10700 0.0477505 -0.313423 27.9982 139.131 -13 9449 1 0 1
-12.895 4.37858 10700 0.0195862 -0.273581 27.9987 139.155 -13 9450 1 0 1
-2.49956 -1.09303 10700 -0.0359885 0.0749902 27.9999 139.211 -13 9451 1 0 1
8.56841 -8.79792 10700 -0.092292 0.520464 27.995 139.29 -13 9452 1 0 1
-59.4478 2.36521 10700 0.322959 -0.212284 27.9973 138.926 -13 9453 1 0 1
12.4017 0.467704 10700 -0.134056 0.0410479 27.9996 139.277 -13 9454 1 0 1
24.2173 4.10868 10700 -0.187684 -0.258095 27.9982 139.359 -13 9455 1 0 1
53.7528 -13.5293 10700 -0.390946 0.939284 27.9815 139.566 -13 9456 1 0 1
57.3604 -8.30687 10700 -0.404291 0.594909 27.9908 139.55 -13 9457 1 0 1
-16.1774 5.03805 10700 0.0522382 -0.242798 27.9989 139.152 -13 9458 1 0 1
66.5837 -6.39376 10700 -0.458912 0.445366 27.9927 139.593 -13 9459 1 0 1
-32.0533 13.2179 10700 0.149342 -0.812445 27.9878 139.084 -13 9460 1 0 1
-8.16052 11.1318 10700 0.0036246 -0.730718 27.9905 139.209 -13 9461 1 0 1
-38.8671 7.1501 10700 0.193185 -0.436873 27.9959 139.037 -13 9462 1 0 1
8.93724 -9.04221 10700 -0.0917373 0.4549 27.9962 139.294 -13 9463 1 0 1
-28.0692 9.02231 10700 0.113111 -0.51838 27.995 139.083 -13 9464 1 0 1
30.3742 3.36707 10700 -0.231597 -0.28725 27.9976 139.383 -13 9465 1 0 1
8.2633 10.7809 10700 -0.0948586 -0.77618 27.9891 139.298 -13 9466 1 0 1
-63.6631 22.8118 10700 0.504359 -2.2403 27.9057 139.007 -13 9467 1 0 1
-29.4597 -1.01011 10700 0.120575 0.00724269 27.9997 139.067 -13 9468 1 0 1
27.0654 6.55654 10700 -0.215791 -0.477613 27.9951 139.369 -13 9469 1 0 1
-19.9715 15.5606 10700 0.0819616 -1.06152 27.9798 139.168 -13 9470 1 0 1
-7.79225 -11.3799 10700 -0.00835883 0.607541 27.9934 139.199 -13 9471 1 0 1
55.4787 1.84811 10700 -0.375732 -0.0634516 27.9974 139.527 -13 9472 1 0 1
15.7517 -16.5176 10700 -0.144443 1.12082 27.9772 139.37 -13 9473 1 0 1
24.4013 -6.13434 10700 -0.197738 0.350276 27.9971 139.354 -13 9474 1 0 1
7.97234 -10.3279 10700 -0.106835 0.655537 27.9921 139.279 -13 9475 1 0 1
32.6055 -7.2286 10700 -0.243658 0.529478 27.9939 139.409 -13 9476 1 0 1
-42.5185 11.5883 10700 0.221331 -0.742902 27.9893 139.031 -13 9477 1 0 1
27.3309 -5.57546 10700 -0.208241 0.255769 27.9981 139.375 -13 9478 1 0 1
11.1566 -5.07611 10700 -0.108805 0.320122 27.998 139.294 -13 9479 1 0 1
3.81201 -10.6833 10700 -0.063979 0.686304 27.9915 139.275 -13 9480 1 0 1
-4.83853 13.3202 10700 -0.020853 -0.921541 27.9848 139.234 -13 9481 1 0 1
-4.64578 -8.50417 10700 -0.023735 0.596096 27.9936 139.215 -13 9482 1 0 1
-30.7817 13.1688 10700 0.14256 -0.921394 27.9845 139.094 -13 9483 1 0 1
61.9668 -4.84423 10700 -0.432116 0.376892 27.9941 139.558 -13 9484 1 0 1
10.1364 -3.13424 10700 -0.100359 0.152822 27.9994 139.288 -13 9485 1 0 1
-21.0471 16.8087 10700 0.0735017 -1.17551 27.9752 139.155 -13 9486 1 0 1
-19.0263 4.85379 10700 0.0692966 -0.333456 27.9979 139.136 -13 9487 1 0 1
-33.5864 -7.7222 10700 0.163248 0.397066 27.9967 139.067 -13 9488 1 0 1
-8.94383 6.10335 10700 0.00103155 -0.409767 27.997 139.182 -13 9489 1 0 1
-19.8494 3.43146 10700 0.0751751 -0.322934 27.998 139.132 -13 9490 1 0 1
-1.85672 14.9273 10700 -0.0475045 -0.97906 27.9828 139.248 -13 9491 1 0 1
34.5906 -3.2895 10700 -0.260304 0.270232 27.9975 139.402 -13 9492 1 0 1
39.681 -6.9643 10700 -0.291832 0.429803 27.9952 139.438 -13 9493 1 0 1
-43.7237 0.220911 10700 0.224968 -0.00164324 27.9991 139.011 -13 9494 1 0 1
-26.5941 1.2357 10700 0.106057 -0.123023 27.9995 139.085 -13 9495 1 0 1
29.1273 4.92945 10700 -0.216347 -0.3014 27.9975 139.387 -13 9496 1 0 1
62.6502 -0.280123 10700 -0.424025 0.0538922 27.9967 139.563 -13 9497 1 0 1
-19.9332 6.85473 10700 0.0683332 -0.449702 27.9963 139.127 -13 9498 1 0 1
39.4238 4.79357 10700 -0.282816 -0.197497 27.9979 139.436 -13 9499 1 0 1
-15.5916 -3.9684 10700 0.0423382 0.146177 27.9996 139.146 -13 9500 1 0 1
20.4828 11.6473 10700 -0.187777 -0.684415 27.991 139.343 -13 9501 1 0 1
38.8968 -10.7569 10700 -0.277139 0.683755 27.9903 139.468 -13 9502 1 0 1
-5.79546 7.65912 10700 -0.0255312 -0.50408 27.9955 139.195 -13 9503 1 0 1
-50.1361 24.2499 10700 0.35292 -1.97347 27.9281 139.073 -13 9504 1 0 1
14.5844 5.20079 10700 -0.129746 -0.279563 27.9983 139.311 -13 9505 1 0 1
45.2207 -11.6173 10700 -0.339099 0.812758 27.9861 139.491 -13 9506 1 0 1
14.2486 -0.976703 10700 -0.124041 0.0791489 27.9996 139.308 -13 9507 1 0 1
19.6189 9.94882 10700 -0.176345 -0.688087 27.991 139.339 -13 9508 1 0 1
11.542 -8.70107 10700 -0.116371 0.596381 27.9934 139.304 -13 9509 1 0 1
87.554 -6.22471 10700 -0.584303 0.505851 27.9893 139.73 -13 9510 1 0 1
-51.8262 -4.62514 10700 0.274979 0.324901 27.9968 138.968 -13 9511 1 0 1
7.63414 3.5726 10700 -0.0939338 -0.207038 27.9991 139.267 -13 9512 1 0 1
-7.15118 -6.50537 10700 0.00121221 0.362676 27.9977 139.202 -13 9513 1 0 1
55.7645 -11.6486 10700 -0.403192 0.908847 27.9823 139.566 -13 9514 1 0 1
1.29295 -8.34344 10700 -0.0543547 0.58412 27.9939 139.25 -13 9515 1 0 1
-25.0486 -3.38299 10700 0.104481 0.233221 27.9988 139.102 -13 9516 1 0 1
19.4472 10.2126 10700 -0.164242 -0.772016 27.9889 139.354 -13 9517 1 0 1
-4.81161 8.63444 10700 -0.0279805 -0.573165 27.9941 139.208 -13 9518 1 0 1
-61.532 -13.8263 10700 0.372893 1.03675 27.9783 138.949 -13 9519 1 0 1
-42.3238 6.29187 10700 0.215974 -0.355592 27.9969 139.021 -13 9520 1 0 1
9.96892 11.9824 10700 -0.123659 -0.69797 27.991 139.289 -13 9521 1 0 1
2.89781 -6.89075 10700 -0.0714897 0.40855 27.9969 139.242 -13 9522 1 0 1
-12.5171 9.00151 10700 0.0105577 -0.578648 27.994 139.16 -13 9523 1 0 1
25.2917 -6.46583 10700 -0.200301 0.393659 27.9965 139.362 -13 9524 1 0 1
-2.39584 22.2987 10700 -0.0483279 -1.58041 27.9553 139.302 -13 9525 1 0 1
-3.95477 17.6112 10700 -0.044201 -1.16662 27.9757 139.244 -13 9526 1 0 1
-31.387 5.40848 10700 0.140204 -0.288912 27.9982 139.069 -13 9527 1 0 1
9.1219 -1.49339 10700 -0.100327 0.121721 27.9996 139.275 -13 9528 1 0 1
-42.9161 5.4892 10700 0.203873 -0.332329 27.9973 139.002 -13 9529 1 0 1
76.4708 -7.22684 10700 -0.522645 0.628361 27.9881 139.667 -13 9530 1 0 1
-1.5006 -1.07022 10700 -0.0393243 0.137024 27.9996 139.22 -13 9531 1 0 1
26.0776 8.38866 10700 -0.208796 -0.528986 27.9942 139.37 -13 9532 1 0 1
-18.9315 -1.47796 10700 0.0661033 0.0994585 27.9997 139.131 -13 9533 1 0 1
-44.6265 8.26839 10700 0.229422 -0.63656 27.9918 139.012 -13 9534 1 0 1
2.08498 -16.0462 10700 -0.0742407 1.05109 27.9802 139.274 -13 9535 1 0 1
1.3758 -3.46101 10700 -0.0581761 0.223751 27.999 139.234 -13 9536 1 0 1
11.5413 7.98648 10700 -0.125232 -0.551345 27.9943 139.292 -13 9537 1 0 1
-4.19678 7.72536 10700 -0.0251233 -0.435807 27.9966 139.211 -13 9538 1 0 1
73.0725 -12.1497 10700 -0.530262 1.12414 27.9724 139.687 -13 9539 1 0 1
-33.5739 -2.9598 10700 0.136361 0.195319 27.999 139.039 -13 9540 1 0 1
-6.19176 13.5156 10700 -0.0226221 -0.915319 27.985 139.216 -13 9541 1 0 1
9.08798 -13.9909 10700 -0.118857 0.999295 27.9819 139.303 -13 9542 1 0 1
45.8211 -12.6562 10700 -0.342075 0.973898 27.981 139.512 -13 9543 1 0 1
-21.252 -0.92835 10700 0.0764862 0.0391498 27.9999 139.115 -13 9544 1 0 1
59.7433 -1.92547 10700 -0.407246 0.176542 27.9965 139.548 -13 9545 1 0 1
35.6016 -3.25755 10700 -0.26861 0.340744 27.9966 139.406 -13 9546 1 0 1
23.2706 -4.8107 10700 -0.179212 0.266029 27.9982 139.358 -13 9547 1 0 1
-34.1653 1.30275 10700 0.158519 0.00623374 27.9996 139.053 -13 9548 1 0 1
23.9311 -4.7923 10700 -0.183103 0.234283 27.9984 139.361 -13 9549 1 0 1
-17.8045 8.8283 10700 0.0662277 -0.531038 27.9949 139.154 -13 9550 1 0 1
-11.4377 -13.1422 10700 0.0301611 0.819466 27.988 139.203 -13 9551 1 0 1
23.8371 -3.09655 10700 -0.187249 0.265743 27.9981 139.354 -13 9552 1 0 1
15.6573 -11.0591 10700 -0.139482 0.609716 27.993 139.332 -13 9553 1 0 1
-8.8153 -12.0193 10700 0.00705202 0.776222 27.9892 139.207 -13 9554 1 0 1
9.80246 -5.91538 10700 -0.105654 0.448495 27.9962 139.285 -13 9555 1 0 1
14.4206 9.82763 10700 -0.139386 -0.653657 27.992 139.317 -13 9556 1 0 1
-20.2733 4.82319 10700 0.0774157 -0.31602 27.9981 139.131 -13 9557 1 0 1
37.1463 -10.5957 10700 -0.281457 0.784136 27.9876 139.445 -13 9558 1 0 1
0.268742 -2.66266 10700 -0.0561475 0.155656 27.9995 139.223 -13 9559 1 0 1
1.74394 1.5269 10700 -0.0569198 0.0217415 27.9999 139.238 -13 9560 1 0 1
9.62368 7.04695 10700 -0.109826 -0.43316 27.9964 139.279 -13 9561 1 0 1
27.5746 0.65912 10700 -0.206417 -0.0940727 27.9991 139.373 -13 9562 1 0 1
-9.1048 -5.2294 10700 0.0101207 0.299887 27.9984 139.189 -13 9563 1 0 1
-65.8814 19.4672 10700 0.453575 -1.6396 27.9483 138.958 -13 9564 1 0 1
4.06488 -3.32175 10700 -0.0775871 0.279362 27.9985 139.245 -13 9565 1 0 1
12.5506 -1.45886 10700 -0.118989 0.0507685 27.9997 139.294 -13 9566 1 0 1
-8.79168 -3.58438 10700 -0.000665974 0.304337 27.9983 139.18 -13 9567 1 0 1
15.3969 -7.2034 10700 -0.129339 0.462428 27.9959 139.325 -13 9568 1 0 1
23.4197 -1.85258 10700 -0.188955 0.190995 27.9987 139.345 -13 9569 1 0 1
18.0316 -14.8036 10700 -0.165556 1.00161 27.9816 139.363 -13 9570 1 0 1
-5.69056 2.94548 10700 -0.0216058 -0.186849 27.9994 139.192 -13 9571 1 0 1
36.7403 -15.3771 10700 -0.288211 1.12887 27.9758 139.479 -13 9572 1 0 1
-3.78616 -3.75252 10700 -0.029827 0.203896 27.9992 139.206 -13 9573 1 0 1
-19.008 11.2965 10700 0.0676554 -0.705102 27.991 139.149 -13 9574 1 0 1
63.007 -2.3397 10700 -0.41641 0.211883 27.9961 139.579 -13 9575 1 0 1
-10.0047 1.50566 10700 0.0135487 -0.0451601 28 139.178 -13 9576 1 0 1
88.9817 -9.51434 10700 -0.636344 0.912048 27.9779 139.748 -13 9577 1 0 1
0.255355 -9.2565 10700 -0.0582861 0.593432 27.9937 139.236 -13 9578 1 0 1
25.4753 14.5547 10700 -0.226987 -1.07276 27.9785 139.393 -13 9579 1 0 1
11.8401 0.904551 10700 -0.119257 -0.128518 27.9995 139.286 -13 9580 1 0 1
22.7737 11.7014 10700 -0.199058 -0.780687 27.9884 139.361 -13 9581 1 0 1
62.8848 4.56294 10700 -0.425328 -0.325607 27.9949 139.575 -13 9582 1 0 1
6.79443 18.4765 10700 -0.105325 -1.1537 27.976 139.312 -13 9583 1 0 1
-41.3955 5.85797 10700 0.211607 -0.378702 27.9966 139.026 -13 9584 1 0 1
35.6408 -3.64339 10700 -0.266222 0.20978 27.9979 139.408 -13 9585 1 0 1
21.7989 1.67951 10700 -0.175064 -0.020094 27.9994 139.34 -13 9586 1 0 1
25.3392 -15.2858 10700 -0.220458 1.01257 27.9808 139.398 -13 9587 1 0 1
-11.9445 -23.1441 10700 0.0236229 1.69654 27.9485 139.264 -13 9588 1 0 1
15.4012 -7.29361 10700 -0.143005 0.481329 27.9955 139.312 -13 9589 1 0 1
8.2757 18.4556 10700 -0.122565 -1.28438 27.9703 139.324 -13 9590 1 0 1
-18.6561 -1.70157 10700 0.0587327 0.102615 27.9998 139.127 -13 9591 1 0 1
17.5459 -11.2681 10700 -0.159066 0.829962 27.9872 139.342 -13 9592 1 0 1
-12.7808 8.40025 10700 0.0260811 -0.494328 27.9956 139.168 -13 9593 1 0 1
27.3247 -16.5079 10700 -0.240918 1.16719 27.9746 139.42 -13 9594 1 0 1
28.9986 -6.19441 10700 -0.233979 0.394967 27.9962 139.37 -13 9595 1 0 1
6.3091 19.4802 10700 -0.112451 -1.32969 27.9682 139.318 -13 9596 1 0 1
-0.790934 18.3839 10700 -0.0527833 -1.25733 27.9717 139.283 -13 9597 1 0 1
58.738 -1.34598 10700 -0.396066 0.119292 27.9969 139.546 -13 9598 1 0 1
48.2245 -16.5737 10700 -0.388352 1.22236 27.9706 139.546 -13 9599 1 0 1
-3.99855 -5.11523 10700 -0.0247066 0.268543 27.9987 139.21 -13 9600 1 0 1
24.1604 4.1686 10700 -0.198637 -0.269929 27.998 139.347 -13 9601 1 0 1
-18.5861 9.15727 10700 0.0733575 -0.658376 27.9922 139.156 -13 9602 1 0 1
-47.6086 10.1006 10700 0.251367 -0.654134 27.9912 139 -13 9603 1 0 1
-9.13976 0.459642 10700 0.0133648 0.0153229 28 139.188 -13 9604 1 0 1
100.899 -5.22825 10700 -0.677374 0.455177 27.9881 139.794 -13 9605 1 0 1
-11.7914 3.96547 10700 0.0216334 -0.261223 27.9988 139.169 -13 9606 1 0 1
33.7308 -7.08256 10700 -0.258886 0.456695 27.9951 139.403 -13 9607 1 0 1
13.86 -11.8672 10700 -0.136212 0.654805 27.992 139.32 -13 9608 1 0 1
38.9844 -3.64105 10700 -0.278877 0.171798 27.9981 139.434 -13 9609 1 0 1
10.4862 0.220978 10700 -0.12393 -0.102814 27.9995 139.266 -13 9610 1 0 1
-41.8351 20.0801 10700 0.22529 -1.42415 27.9629 139.061 -13 9611 1 0 1
14.8427 4.82211 10700 -0.139613 -0.240011 27.9986 139.303 -13 9612 1 0 1
44.0243 -5.47203 10700 -0.309289 0.392844 27.9955 139.467 -13 9613 1 0 1
-6.65232 -7.83209 10700 0.00975844 0.471468 27.996 139.219 -13 9614 1 0 1
-20.5259 -4.76306 10700 0.0620125 0.258668 27.9987 139.113 -13 9615 1 0 1
35.3951 4.54497 10700 -0.260595 -0.314691 27.997 139.413 -13 9616 1 0 1
32.5878 -2.0535 10700 -0.24195 0.155864 27.9985 139.395 -13 9617 1 0 1
25.465 -10.6486 10700 -0.206741 0.834808 27.9868 139.385 -13 9618 1 0 1
32.4474 8.1765 10700 -0.239934 -0.522787 27.9941 139.412 -13 9619 1 0 1
12.6484 5.08329 10700 -0.116902 -0.399826 27.9969 139.303 -13 9620 1 0 1
-19.267 -0.212337 10700 0.0662541 -0.0459518 27.9999 139.127 -13 9621 1 0 1
48.9201 -0.752242 10700 -0.348466 0.115884 27.9976 139.477 -13 9622 1 0 1
-2.80031 12.5537 10700 -0.0368742 -0.762778 27.9896 139.233 -13 9623 1 0 1
8.99636 0.247036 10700 -0.100261 -0.0571072 27.9998 139.273 -13 9624 1 0 1
-21.9824 11.6564 10700 0.0841012 -0.670967 27.9918 139.132 -13 9625 1 0 1
51.981 -12.1112 10700 -0.3752 0.967394 27.9808 139.553 -13 9626 1 0 1
54.6616 0.573064 10700 -0.373897 0.00404009 27.9975 139.518 -13 9627 1 0 1
26.1902 1.06727 10700 -0.201788 -0.0411027 27.9992 139.362 -13 9628 1 0 1
8.88486 11.4095 10700 -0.115696 -0.918298 27.9847 139.292 -13 9629 1 0 1
25.568 4.74596 10700 -0.205442 -0.203278 27.9985 139.356 -13 9630 1 0 1
-43.1828 13.5984 10700 0.216411 -0.821117 27.9871 139.021 -13 9631 1 0 1
2.39232 0.587042 10700 -0.0726925 -0.048214 27.9999 139.228 -13 9632 1 0 1
23.5569 -0.288072 10700 -0.189797 0.0330961 27.9993 139.344 -13 9633 1 0 1
-1.85335 -14.8177 10700 -0.0404205 1.04919 27.9803 139.257 -13 9634 1 0 1
-18.3961 -16.6037 10700 0.07524 1.06034 27.9798 139.18 -13 9635 1 0 1
-20.9497 5.76019 10700 0.0725921 -0.405052 27.997 139.118 -13 9636 1 0 1
0.662133 -5.68714 10700 -0.0479308 0.280434 27.9986 139.24 -13 9637 1 0 1
36.9171 -1.02923 10700 -0.270252 0.109256 27.9985 139.415 -13 9638 1 0 1
-29.6479 23.9146 10700 0.175834 -1.75668 27.9443 139.184 -13 9639 1 0 1
28.7641 0.0841229 10700 -0.216628 0.0651825 27.9991 139.376 -13 9640 1 0 1
-18.896 24.4433 10700 0.0864608 -1.84154 27.9392 139.244 -13 9641 1 0 1
43.8408 -16.2868 10700 -0.347487 1.35327 27.9651 139.541 -13 9642 1 0 1
18.4178 9.76985 10700 -0.162409 -0.708252 27.9906 139.34 -13 9643 1 0 1
15.8018 7.47486 10700 -0.133754 -0.429442 27.9964 139.326 -13 9644 1 0 1
-16.0398 15.734 10700 0.0405749 -0.963256 27.9834 139.172 -13 9645 1 0 1
80.1734 2.04233 10700 -0.537021 -0.152251 27.9944 139.664 -13 9646 1 0 1
16.1938 -19.6871 10700 -0.165092 1.39206 27.9649 139.393 -13 9647 1 0 1
-9.39023 -13.4511 10700 -0.00342239 0.86114 27.9868 139.197 -13 9648 1 0 1
-25.7691 12.6107 10700 0.112467 -0.813665 27.9879 139.119 -13 9649 1 0 1
-2.74616 -6.91651 10700 -0.0256319 0.530059 27.995 139.23 -13 9650 1 0 1
72.5591 -4.85195 10700 -0.48498 0.490082 27.9915 139.64 -13 9651 1 0 1
13.1551 8.12066 10700 -0.128621 -0.452448 27.996 139.302 -13 9652 1 0 1
-13.251 4.89209 10700 0.0264955 -0.253394 27.9988 139.159 -13 9653 1 0 1
13.3687 10.5123 10700 -0.120295 -0.708919 27.9908 139.328 -13 9654 1 0 1
8.25195 -13.8486 10700 -0.100676 0.939089 27.9841 139.307 -13 9655 1 0 1
2.73778 9.87471 10700 -0.0686437 -0.539759 27.9947 139.251 -13 9656 1 0 1
3.03718 -5.67387 10700 -0.0639028 0.367833 27.9975 139.249 -13 9657 1 0 1
31.7644 -18.9537 10700 -0.272714 1.44282 27.9615 139.483 -13 9658 1 0 1
1.99496 -18.8171 10700 -0.0689433 1.34956 27.9674 139.306 -13 9659 1 0 1
50.9044 -8.01492 10700 -0.353365 0.438139 27.9943 139.514 -13 9660 1 0 1
28.915 17.3375 10700 -0.247375 -1.23369 27.9717 139.444 -13 9661 1 0 1
44.9476 -8.38134 10700 -0.319442 0.581956 27.9921 139.484 -13 9662 1 0 1
31.8704 5.66621 10700 -0.229535 -0.403334 27.9962 139.407 -13 9663 1 0 1
21.1122 16.4842 10700 -0.188427 -1.08743 27.9782 139.388 -13 9664 1 0 1
-4.85584 -2.71852 10700 -0.0226067 0.116957 27.9997 139.2 -13 9665 1 0 1
20.0901 6.46339 10700 -0.174799 -0.376795 27.9969 139.328 -13 9666 1 0 1
-17.6653 13.4443 10700 0.0557591 -0.74943 27.9899 139.157 -13 9667 1 0 1
-49.1301 5.01276 10700 0.262613 -0.329617 27.9968 138.988 -13 9668 1 0 1
9.51775 -12.9876 10700 -0.107041 0.844564 27.9871 139.308 -13 9669 1 0 1
18.4975 2.76244 10700 -0.152628 -0.120581 27.9993 139.327 -13 9670 1 0 1
21.8573 -17.9356 10700 -0.213422 1.26417 27.9706 139.398 -13 9671 1 0 1
-7.92868 9.27607 10700 -0.00548477 -0.623264 27.9931 139.198 -13 9672 1 0 1
-32.5788 -0.450527 10700 0.148231 -0.0234046 27.9996 139.06 -13 9673 1 0 1
-13.5243 -4.37065 10700 0.0192958 0.29199 27.9985 139.148 -13 9674 1 0 1
-8.40094 3.38186 10700 0.00223938 -0.218943 27.9991 139.187 -13 9675 1 0 1
18.0917 5.05636 10700 -0.163093 -0.313929 27.9978 139.316 -13 9676 1 0 1
44.5745 -13.3612 10700 -0.34585 0.897176 27.9835 139.492 -13 9677 1 0 1
66.2083 5.76317 10700 -0.441215 -0.492232 27.9922 139.609 -13 9678 1 0 1
-2.07261 9.35442 10700 -0.0411099 -0.581523 27.9939 139.227 -13 9679 1 0 1
38.7446 -10.3274 10700 -0.279563 0.657697 27.9909 139.461 -13 9680 1 0 1
27.2735 -10.9151 10700 -0.211775 0.724646 27.9898 139.396 -13 9681 1 0 1
-35.839 -7.04157 10700 0.168818 0.450053 27.9959 139.047 -13 9682 1 0 1
-9.28694 -5.62088 10700 0.00149567 0.286656 27.9985 139.179 -13 9683 1 0 1
50.0909 -7.77885 10700 -0.350308 0.54688 27.9925 139.511 -13 9684 1 0 1
24.9922 -5.25205 10700 -0.193359 0.317055 27.9975 139.364 -13 9685 1 0 1
32.0106 -11.8404 10700 -0.239113 0.8122 27.9872 139.432 -13 9686 1 0 1
-21.0021 -2.58908 10700 0.0748125 0.154631 27.9995 139.118 -13 9687 1 0 1
-13.0225 1.70163 10700 0.034793 -0.13012 27.9997 139.167 -13 9688 1 0 1
52.59 -8.20212 10700 -0.374563 0.544068 27.9922 139.518 -13 9689 1 0 1
-25.95 17.954 10700 0.121828 -1.27061 27.9709 139.15 -13 9690 1 0 1
-9.11075 -12.9958 10700 -0.00269615 0.833826 27.9876 139.199 -13 9691 1 0 1
23.7897 -2.76871 10700 -0.18522 0.274266 27.998 139.355 -13 9692 1 0 1
-33.3001 4.96598 10700 0.15259 -0.346133 27.9974 139.058 -13 9693 1 0 1
3.82851 -13.2738 10700 -0.0687582 0.932606 27.9844 139.285 -13 9694 1 0 1
28.1302 -17.8742 10700 -0.240693 1.36937 27.9655 139.455 -13 9695 1 0 1
60.0775 -14.0318 10700 -0.457288 1.19514 27.9707 139.611 -13 9696 1 0 1
62.9841 -11.8772 10700 -0.452358 0.887789 27.9823 139.608 -13 9697 1 0 1
41.786 -6.51298 10700 -0.292683 0.529361 27.9935 139.467 -13 9698 1 0 1
43.2772 -17.1099 10700 -0.347199 1.19187 27.9725 139.521 -13 9699 1 0 1
35.7931 -6.99456 10700 -0.25225 0.426986 27.9956 139.432 -13 9700 1 0 1
25.1887 -1.62559 10700 -0.188986 0.189393 27.9987 139.365 -13 9701 1 0 1
3.7637 -5.97472 10700 -0.0691651 0.395533 27.9971 139.253 -13 9702 1 0 1
29.1647 -18.9243 10700 -0.256617 1.35398 27.9661 139.46 -13 9703 1 0 1
55.056 -11.5597 10700 -0.403565 0.922784 27.9819 139.557 -13 9704 1 0 1
-10.7632 0.724428 10700 0.0105636 -0.0968257 27.9998 139.167 -13 9705 1 0 1
-9.66697 -9.20528 10700 0.00979691 0.612528 27.9933 139.193 -13 9706 1 0 1
10.3705 -22.2027 10700 -0.123349 1.58095 27.9551 139.389 -13 9707 1 0 1
-3.59894 5.22636 10700 -0.0261899 -0.27414 27.9986 139.214 -13 9708 1 0 1
-35.4073 -5.738 10700 0.163569 0.385816 27.9969 139.046 -13 9709 1 0 1
-22.9968 0.471715 10700 0.0817379 -0.122053 27.9996 139.102 -13 9710 1 0 1
59.3116 -18.6544 10700 -0.525677 1.70792 27.9429 139.661 -13 9711 1 0 1
1.34811 3.66911 10700 -0.0610496 -0.281926 27.9985 139.232 -13 9712 1 0 1
-1.55771 -0.616901 10700 -0.0295777 0.0337742 28 139.228 -13 9713 1 0 1
-38.3932 4.37186 10700 0.173523 -0.164077 27.999 139.023 -13 9714 1 0 1
-48.1308 8.92212 10700 0.24403 -0.59909 27.9925 138.986 -13 9715 1 0 1
-9.19125 15.4048 10700 0.0109333 -1.07091 27.9795 139.226 -13 9716 1 0 1
-0.25926 -5.04429 10700 -0.0482899 0.336888 27.9979 139.228 -13 9717 1 0 1
45.7843 -20.719 10700 -0.416076 1.67599 27.9467 139.586 -13 9718 1 0 1
-37.5799 8.46255 10700 0.174744 -0.503213 27.9949 139.035 -13 9719 1 0 1
40.8974 -0.892692 10700 -0.285456 0.0690854 27.9985 139.446 -13 9720 1 0 1
36.89 -6.36892 10700 -0.260101 0.447044 27.9952 139.436 -13 9721 1 0 1
36.7875 -1.50003 10700 -0.264679 -0.0408987 27.9987 139.42 -13 9722 1 0 1
-12.1042 12.9622 10700 0.0135729 -0.744852 27.9901 139.178 -13 9723 1 0 1
-1.02196 3.10905 10700 -0.0434116 -0.208013 27.9992 139.222 -13 9724 1 0 1
-11.9857 10.6918 10700 0.0182085 -0.621935 27.9931 139.178 -13 9725 1 0 1
-2.41835 -19.412 10700 -0.0389619 1.27191 27.9711 139.281 -13 9726 1 0 1
-21.6472 11.2864 10700 0.075159 -0.727451 27.9904 139.126 -13 9727 1 0 1
1.19853 0.646911 10700 -0.0512902 -0.0332895 27.9999 139.237 -13 9728 1 0 1
-33.2604 4.92744 10700 0.151838 -0.339423 27.9975 139.058 -13 9729 1 0 1
39.2917 -5.39733 10700 -0.290072 0.300818 27.9969 139.431 -13 9730 1 0 1
27.4467 -4.77826 10700 -0.21223 0.321144 27.9974 139.372 -13 9731 1 0 1
-72.3542 4.74271 10700 0.412451 -0.3813 27.9944 138.858 -13 9732 1 0 1
-15.4896 1.00532 10700 0.0391061 -0.0461977 27.9999 139.143 -13 9733 1 0 1
23.9722 2.7007 10700 -0.193123 -0.199302 27.9986 139.348 -13 9734 1 0 1
-29.4658 -6.82605 10700 0.129045 0.394754 27.9969 139.079 -13 9735 1 0 1
37.8471 -9.62808 10700 -0.290552 0.675056 27.9904 139.437 -13 9736 1 0 1
-22.3646 7.86135 10700 0.0758064 -0.429975 27.9966 139.108 -13 9737 1 0 1
12.8038 -6.32821 10700 -0.129882 0.33519 27.9977 139.293 -13 9738 1 0 1
-62.0855 3.1048 10700 0.325098 -0.22815 27.9972 138.899 -13 9739 1 0 1
6.46989 5.88445 10700 -0.0842384 -0.327941 27.998 139.268 -13 9740 1 0 1
-13.419 -2.45516 10700 0.0201886 0.144293 27.9996 139.148 -13 9741 1 0 1
-48.9241 5.74469 10700 0.245966 -0.318335 27.9971 138.975 -13 9742 1 0 1
24.1743 20.5662 10700 -0.230925 -1.53748 27.9568 139.449 -13 9743 1 0 1
0.80772 16.9679 10700 -0.0516148 -1.24267 27.9724 139.298 -13 9744 1 0 1
-23.6339 2.75253 10700 0.0958634 -0.267239 27.9986 139.11 -13 9745 1 0 1
38.6305 -3.55571 10700 -0.273017 0.299376 27.9971 139.437 -13 9746 1 0 1
-0.0397175 -6.83853 10700 -0.0571842 0.487512 27.9957 139.227 -13 9747 1 0 1
58.8117 7.92011 10700 -0.409865 -0.678673 27.9888 139.567 -13 9748 1 0 1
-16.7959 4.31912 10700 0.0440716 -0.270506 27.9987 139.136 -13 9749 1 0 1
-4.11312 2.70464 10700 -0.0182025 -0.136529 27.9997 139.213 -13 9750 1 0 1
71.3233 -9.12402 10700 -0.506219 0.735648 27.9858 139.634 -13 9751 1 0 1
26.6232 -8.50886 10700 -0.213693 0.549718 27.9938 139.374 -13 9752 1 0 1
29.2964 -1.22957 10700 -0.213435 0.118739 27.9989 139.386 -13 9753 1 0 1
-31.751 0.203678 10700 0.142986 0.0544428 27.9996 139.064 -13 9754 1 0 1
-15.2888 15.9924 10700 0.0392528 -1.07729 27.9792 139.182 -13 9755 1 0 1
6.55336 -7.446 10700 -0.0918455 0.434913 27.9965 139.264 -13 9756 1 0 1
23.6121 -22.6516 10700 -0.244555 1.6984 27.9474 139.466 -13 9757 1 0 1
-17.2727 24.957 10700 0.0773175 -1.9775 27.93 139.267 -13 9758 1 0 1
14.5982 4.85353 10700 -0.129537 -0.300621 27.9981 139.312 -13 9759 1 0 1
60.9192 -14.9618 10700 -0.467984 1.18498 27.971 139.617 -13 9760 1 0 1
-48.4503 13.3145 10700 0.26285 -0.880274 27.9849 139.004 -13 9761 1 0 1
-18.0528 3.69328 10700 0.0482272 -0.173997 27.9994 139.125 -13 9762 1 0 1
7.11786 5.12862 10700 -0.0863388 -0.345511 27.9977 139.271 -13 9763 1 0 1
-19.4709 -0.0522563 10700 0.0666031 0.013891 27.9999 139.125 -13 9764 1 0 1
59.9403 -14.3807 10700 -0.454941 1.22289 27.9696 139.618 -13 9765 1 0 1
15.4104 -13.0275 10700 -0.147186 0.910695 27.9848 139.339 -13 9766 1 0 1
16.8015 -2.48783 10700 -0.144676 0.172834 27.9991 139.316 -13 9767 1 0 1
2.84293 -8.53269 10700 -0.0587692 0.559455 27.9943 139.262 -13 9768 1 0 1
-20.8827 -2.55021 10700 0.0771272 0.0847298 27.9998 139.121 -13 9769 1 0 1
-32.164 8.40441 10700 0.136402 -0.526907 27.9947 139.059 -13 9770 1 0 1
-16.1906 1.84436 10700 0.0391244 -0.0381324 27.9999 139.135 -13 9771 1 0 1
60.6143 9.2169 10700 -0.422637 -0.598421 27.9904 139.574 -13 9772 1 0 1
12.0545 -4.99125 10700 -0.110162 0.420813 27.9966 139.304 -13 9773 1 0 1
-8.64789 3.57048 10700 0.00153337 -0.122879 27.9997 139.183 -13 9774 1 0 1
-15.3186 -14.8659 10700 0.042272 0.906295 27.9853 139.178 -13 9775 1 0 1
-9.59857 -7.3371 10700 0.00596121 0.514938 27.9953 139.185 -13 9776 1 0 1
49.268 13.0501 10700 -0.372376 -0.892495 27.9833 139.521 -13 9777 1 0 1
27.3017 5.41086 10700 -0.213761 -0.266708 27.9979 139.369 -13 9778 1 0 1
1.89042 9.74636 10700 -0.0585823 -0.588044 27.9938 139.255 -13 9779 1 0 1
25.8695 -13.5881 10700 -0.215575 0.887702 27.9851 139.395 -13 9780 1 0 1
-26.1473 3.55033 10700 0.104563 -0.214734 27.999 139.09 -13 9781 1 0 1
44.9099 4.42119 10700 -0.314843 -0.197384 27.9975 139.468 -13 9782 1 0 1
7.19519 4.28534 10700 -0.0914391 -0.26209 27.9986 139.266 -13 9783 1 0 1
22.872 -7.55297 10700 -0.181113 0.460504 27.9956 139.357 -13 9784 1 0 1
26.9492 1.03867 10700 -0.212969 -0.0124338 27.9992 139.358 -13 9785 1 0 1
7.42299 -5.63187 10700 -0.0891556 0.286919 27.9984 139.273 -13 9786 1 0 1
-24.7572 -3.54584 10700 0.0973169 0.219512 27.999 139.099 -13 9787 1 0 1
14.9588 0.917525 10700 -0.132151 -0.0411381 27.9997 139.307 -13 9788 1 0 1
-37.3353 3.35272 10700 0.182198 -0.121759 27.9991 139.042 -13 9789 1 0 1
-26.3964 0.27186 10700 0.110514 -0.130675 27.9995 139.092 -13 9790 1 0 1
62.2267 -10.7512 10700 -0.444511 0.859833 27.9833 139.597 -13 9791 1 0 1
21.0367 9.44422 10700 -0.177795 -0.56191 27.9938 139.348 -13 9792 1 0 1
-22.1437 -1.56881 10700 0.0760626 0.099024 27.9997 139.106 -13 9793 1 0 1
62.4228 -16.0953 10700 -0.492017 1.37402 27.9619 139.651 -13 9794 1 0 1
-27.616 7.78961 10700 0.125401 -0.523231 27.9948 139.1 -13 9795 1 0 1
-54.952 9.75455 10700 0.2852 -0.669283 27.9905 138.948 -13 9796 1 0 1
-41.7919 13.8 10700 0.225547 -1.01864 27.9806 139.049 -13 9797 1 0 1
-41.2003 14.457 10700 0.212305 -0.984723 27.9819 139.043 -13 9798 1 0 1
15.7506 18.0505 10700 -0.168248 -1.2288 27.9725 139.364 -13 9799 1 0 1
85.0428 -14.0929 10700 -0.698122 1.72085 27.9383 139.818 -13 9800 1 0 1
-37.964 12.9432 10700 0.178236 -0.871492 27.9859 139.044 -13 9801 1 0 1
22.3334 -10.5236 10700 -0.18418 0.811018 27.9876 139.369 -13 9802 1 0 1
-29.7614 3.05372 10700 0.131724 -0.146858 27.9993 139.076 -13 9803 1 0 1
48.2021 1.20837 10700 -0.347643 -0.0889452 27.9977 139.469 -13 9804 1 0 1
-2.65894 -1.88148 10700 -0.0381076 0.160581 27.9995 139.208 -13 9805 1 0 1
40.8671 -1.29993 10700 -0.284759 0.0676699 27.9985 139.447 -13 9806 1 0 1
71.6193 -5.0334 10700 -0.478754 0.380487 27.9933 139.629 -13 9807 1 0 1
31.0209 -1.44973 10700 -0.242376 0.210645 27.9982 139.377 -13 9808 1 0 1
53.292 -18.8104 10700 -0.467418 1.71371 27.9436 139.632 -13 9809 1 0 1
14.4951 -6.14416 10700 -0.123965 0.542787 27.9945 139.324 -13 9810 1 0 1
-25.9847 8.45546 10700 0.106882 -0.557464 27.9942 139.102 -13 9811 1 0 1
6.18513 0.798776 10700 -0.0854321 -0.00502977 27.9999 139.257 -13 9812 1 0 1
-3.87593 -10.0651 10700 -0.0328225 0.667543 27.992 139.218 -13 9813 1 0 1
-25.6935 17.5079 10700 0.112739 -1.09359 27.9784 139.135 -13 9814 1 0 1
24.052 -12.9774 10700 -0.203734 0.854571 27.9862 139.381 -13 9815 1 0 1
45.1379 -4.78391 10700 -0.313238 0.448175 27.9947 139.478 -13 9816 1 0 1
63.8455 -10.6385 10700 -0.457706 0.896478 27.9819 139.607 -13 9817 1 0 1
44.0786 -8.68686 10700 -0.315934 0.621143 27.9913 139.481 -13 9818 1 0 1
-4.35683 -6.63477 10700 -0.0175553 0.344041 27.9979 139.216 -13 9819 1 0 1
-53.9872 4.03732 10700 0.293124 -0.245903 27.9974 138.961 -13 9820 1 0 1
73.2334 -4.68812 10700 -0.490679 0.431912 27.9924 139.637 -13 9821 1 0 1
29.0953 4.24658 10700 -0.224814 -0.227056 27.9982 139.375 -13 9822 1 0 1
-17.0656 9.23428 10700 0.0512975 -0.537513 27.9948 139.147 -13 9823 1 0 1
19.072 -14.0402 10700 -0.175595 0.930263 27.984 139.359 -13 9824 1 0 1
19.6245 8.21456 10700 -0.176893 -0.515201 27.9947 139.328 -13 9825 1 0 1
-35.9677 5.4736 10700 0.165363 -0.329515 27.9976 139.042 -13 9826 1 0 1
-31.7917 21.4945 10700 0.175557 -1.59709 27.9539 139.144 -13 9827 1 0 1
-9.31589 -7.37545 10700 0.0089386 0.363803 27.9976 139.188 -13 9828 1 0 1
52.8296 -12.0189 10700 -0.38752 0.865078 27.984 139.543 -13 9829 1 0 1
28.7479 12.3997 10700 -0.227701 -0.718473 27.9899 139.404 -13 9830 1 0 1
-17.4476 0.417166 10700 0.051046 -0.0286042 27.9999 139.132 -13 9831 1 0 1
14.3946 -8.17088 10700 -0.13501 0.523867 27.9948 139.312 -13 9832 1 0 1
52.2741 -7.20365 10700 -0.375205 0.612996 27.9908 139.516 -13 9833 1 0 1
43.9066 -9.20144 10700 -0.31123 0.637462 27.991 139.486 -13 9834 1 0 1
44.2013 -4.12932 10700 -0.310402 0.281448 27.9969 139.465 -13 9835 1 0 1
6.26777 -2.66774 10700 -0.096795 0.176976 27.9993 139.248 -13 9836 1 0 1
-17.9984 4.16345 10700 0.0540223 -0.246923 27.9989 139.132 -13 9837 1 0 1
28.8145 -2.69991 10700 -0.202027 0.0888527 27.9991 139.393 -13 9838 1 0 1
23.1261 0.0534402 10700 -0.189786 -0.115884 27.9991 139.34 -13 9839 1 0 1
-22.0167 -5.43919 10700 0.0826303 0.36735 27.9975 139.116 -13 9840 1 0 1
42.8195 -8.89567 10700 -0.312543 0.64179 27.9909 139.471 -13 9841 1 0 1
27.0185 -12.5865 10700 -0.206557 0.822293 27.9872 139.409 -13 9842 1 0 1
16.339 -7.34713 10700 -0.148428 0.419881 27.9965 139.315 -13 9843 1 0 1
34.3841 -5.88432 10700 -0.245426 0.375947 27.9964 139.419 -13 9844 1 0 1
-22.0821 10.4579 10700 0.0814844 -0.642046 27.9925 139.126 -13 9845 1 0 1
-1.02356 -9.26812 10700 -0.0346797 0.58657 27.9938 139.245 -13 9846 1 0 1
59.0421 -14.5543 10700 -0.448955 1.12507 27.9738 139.601 -13 9847 1 0 1
6.24059 4.25357 10700 -0.0826475 -0.307365 27.9982 139.265 -13 9848 1 0 1
12.5553 -6.13231 10700 -0.13006 0.482935 27.9955 139.293 -13 9849 1 0 1
-43.6856 11.6593 10700 0.231719 -0.813919 27.9872 139.028 -13 9850 1 0 1
0.33635 -4.75963 10700 -0.0546747 0.17114 27.9994 139.227 -13 9851 1 0 1
34.0805 10.1427 10700 -0.253746 -0.598808 27.9924 139.426 -13 9852 1 0 1
-17.0978 -8.88033 10700 0.0522343 0.538456 27.9948 139.148 -13 9853 1 0 1
26.5537 1.43673 10700 -0.210204 -0.123134 27.9989 139.358 -13 9854 1 0 1
16.6658 16.651 10700 -0.15455 -1.09272 27.9782 139.371 -13 9855 1 0 1
-16.4559 -1.93152 10700 0.0433918 0.0953638 27.9998 139.136 -13 9856 1 0 1
0.377052 10.7934 10700 -0.0521691 -0.609707 27.9933 139.247 -13 9857 1 0 1
-21.1174 12.665 10700 0.0876392 -0.820124 27.9878 139.149 -13 9858 1 0 1
-6.73592 -9.74792 10700 -0.015128 0.577561 27.994 139.201 -13 9859 1 0 1
9.10423 -1.92709 10700 -0.107139 0.1658 27.9993 139.268 -13 9860 1 0 1
-36.8716 9.50505 10700 0.177544 -0.515969 27.9947 139.048 -13 9861 1 0 1
32.6822 -5.03755 10700 -0.23945 0.38554 27.9963 139.404 -13 9862 1 0 1
-32.2932 -17.2171 10700 0.152236 1.1703 27.9751 139.098 -13 9863 1 0 1
-36.4264 11.699 10700 0.185051 -0.804185 27.9878 139.067 -13 9864 1 0 1
-26.4721 10.5097 10700 0.12317 -0.663969 27.9919 139.118 -13 9865 1 0 1
41.5251 -7.41188 10700 -0.285484 0.496536 27.9941 139.47 -13 9866 1 0 1
12.0845 -8.07582 10700 -0.120717 0.561194 27.9941 139.303 -13 9867 1 0 1
-22.6141 -11.2361 10700 0.0794949 0.628429 27.9928 139.119 -13 9868 1 0 1
26.3006 17.4716 10700 -0.230117 -1.25514 27.9709 139.432 -13 9869 1 0 1
16.0274 -2.90411 10700 -0.142176 0.158984 27.9992 139.311 -13 9870 1 0 1
34.7174 -10.6042 10700 -0.272278 0.749443 27.9886 139.424 -13 9871 1 0 1
33.2476 9.88335 10700 -0.24671 -0.630715 27.9918 139.426 -13 9872 1 0 1
-28.0732 -7.18475 10700 0.110517 0.436327 27.9964 139.078 -13 9873 1 0 1
18.856 -11.3783 10700 -0.159841 0.755424 27.9894 139.353 -13 9874 1 0 1
44.5766 -7.41406 10700 -0.319545 0.534547 27.9931 139.474 -13 9875 1 0 1
5.93178 2.54599 10700 -0.084005 -0.188675 27.9992 139.257 -13 9876 1 0 1
-9.90749 2.91191 10700 0.00666135 -0.112881 27.9998 139.173 -13 9877 1 0 1
15.8957 12.2971 10700 -0.142169 -0.851657 27.9867 139.346 -13 9878 1 0 1
0.636657 -16.55 10700 -0.0661834 1.20052 27.9742 139.277 -13 9879 1 0 1
11.0557 -7.98573 10700 -0.124329 0.432333 27.9964 139.282 -13 9880 1 0 1
41.9793 -13.49 10700 -0.306226 1.01026 27.9801 139.507 -13 9881 1 0 1
20.9747 -7.6743 10700 -0.168753 0.520851 27.9946 139.352 -13 9882 1 0 1
-38.3591 -1.4699 10700 0.176499 0.0804955 27.9993 139.024 -13 9883 1 0 1
31.3582 9.29596 10700 -0.233893 -0.6276 27.992 139.415 -13 9884 1 0 1
30.6469 0.983527 10700 -0.230675 -0.0715804 27.999 139.383 -13 9885 1 0 1
20.7907 -3.45165 10700 -0.178374 0.234666 27.9984 139.328 -13 9886 1 0 1
-9.50861 -1.71964 10700 0.00305888 0.0688258 27.9999 139.173 -13 9887 1 0 1
-53.0612 9.91727 10700 0.289363 -0.688073 27.99 138.973 -13 9888 1 0 1
108.435 -8.30945 10700 -1.06116 2.59361 27.8594 140.08 -13 9889 1 0 1
48.5861 -0.693799 10700 -0.341918 0.0177609 27.9979 139.478 -13 9890 1 0 1
24.1234 -13.3801 10700 -0.205323 0.920443 27.9841 139.385 -13 9891 1 0 1
38.556 -4.09949 10700 -0.27285 0.288906 27.9972 139.437 -13 9892 1 0 1
-23.703 -2.47242 10700 0.08441 0.274405 27.9985 139.099 -13 9893 1 0 1
13.6376 8.47385 10700 -0.127029 -0.619367 27.9929 139.318 -13 9894 1 0 1
55.0833 -9.47765 10700 -0.388682 0.670752 27.9893 139.548 -13 9895 1 0 1
-27.3873 1.52451 10700 0.118333 -0.185188 27.9991 139.089 -13 9896 1 0 1
-19.2104 -0.626041 10700 0.067357 0.0749001 27.9998 139.129 -13 9897 1 0 1
49.3047 -6.6371 10700 -0.356292 0.443919 27.9942 139.488 -13 9898 1 0 1
27.6515 -6.39635 10700 -0.212579 0.430533 27.9959 139.377 -13 9899 1 0 1
19.3184 -6.49906 10700 -0.165467 0.439311 27.9961 139.331 -13 9900 1 0 1
16.3999 -19.0088 10700 -0.175037 1.36938 27.9659 139.381 -13 9901 1 0 1
9.24422 -5.44293 10700 -0.113461 0.339813 27.9977 139.268 -13 9902 1 0 1
4.61314 -10.0969 10700 -0.0794969 0.649516 27.9924 139.267 -13 9903 1 0 1
-1.42182 -6.066 10700 -0.0460682 0.289943 27.9985 139.219 -13 9904 1 0 1
22.9798 -15.8829 10700 -0.199607 1.02204 27.9806 139.394 -13 9905 1 0 1
-19.5679 -1.86874 10700 0.065356 0.0973654 27.9998 139.124 -13 9906 1 0 1
44.3619 0.640699 10700 -0.309065 -0.0598647 27.9982 139.462 -13 9907 1 0 1
63.2785 -16.7238 10700 -0.509327 1.49506 27.9554 139.669 -13 9908 1 0 1
38.1459 -13.8422 10700 -0.290937 1.105 27.9767 139.484 -13 9909 1 0 1
27.6524 14.2082 10700 -0.224414 -0.964962 27.9825 139.414 -13 9910 1 0 1
39.1817 -22.4478 10700 -0.395462 2.02466 27.9239 139.592 -13 9911 1 0 1
5.73166 -6.10122 10700 -0.0953768 0.369928 27.9974 139.248 -13 9912 1 0 1
19.1605 -1.74034 10700 -0.154697 0.0948025 27.9994 139.332 -13 9913 1 0 1
39.3257 -11.2535 10700 -0.288497 0.662283 27.9907 139.462 -13 9914 1 0 1
-36.7286 13.1932 10700 0.184369 -0.936768 27.9837 139.066 -13 9915 1 0 1
6.53768 -7.92611 10700 -0.0952814 0.476599 27.9958 139.262 -13 9916 1 0 1
-26.693 2.91838 10700 0.111165 -0.108588 27.9996 139.09 -13 9917 1 0 1
-20.8678 -4.86523 10700 0.0726611 0.332352 27.9979 139.119 -13 9918 1 0 1
-11.3988 -5.19646 10700 0.0202959 0.324249 27.9981 139.173 -13 9919 1 0 1
87.3856 2.11689 10700 -0.585684 -0.116164 27.9936 139.702 -13 9920 1 0 1
-2.02681 -13.4414 10700 -0.0432345 0.912186 27.9851 139.244 -13 9921 1 0 1
28.1626 8.33286 10700 -0.213957 -0.554629 27.9937 139.392 -13 9922 1 0 1
12.7078 4.82576 10700 -0.124249 -0.308439 27.998 139.295 -13 9923 1 0 1
-13.1682 6.16146 10700 0.0366839 -0.391675 27.9972 139.171 -13 9924 1 0 1
33.601 -16.0338 10700 -0.277941 1.1937 27.9732 139.461 -13 9925 1 0 1
-13.4432 -7.13696 10700 0.0322793 0.53902 27.9948 139.169 -13 9926 1 0 1
-1.27042 13.8436 10700 -0.053948 -0.908763 27.9852 139.242 -13 9927 1 0 1
15.834 1.67562 10700 -0.140654 -0.183615 27.999 139.31 -13 9928 1 0 1
-5.05449 -9.27427 10700 -0.0129401 0.546654 27.9947 139.219 -13 9929 1 0 1
36.7908 3.58805 10700 -0.260463 -0.25498 27.9976 139.428 -13 9930 1 0 1
26.612 -20.5674 10700 -0.260477 1.57796 27.9543 139.458 -13 9931 1 0 1
22.6218 3.13438 10700 -0.182965 -0.124527 27.9991 139.343 -13 9932 1 0 1
3.9375 7.11282 10700 -0.0820967 -0.485512 27.9957 139.245 -13 9933 1 0 1
3.46066 -2.89336 10700 -0.0800057 0.131786 27.9996 139.234 -13 9934 1 0 1
18.2899 1.10936 10700 -0.153868 -0.100993 27.9994 139.322 -13 9935 1 0 1
12.5765 4.87493 10700 -0.12486 -0.329948 27.9978 139.293 -13 9936 1 0 1
-9.89627 -6.63484 10700 0.0107074 0.440173 27.9965 139.182 -13 9937 1 0 1
43.2586 -17.4375 10700 -0.355953 1.24391 27.9701 139.522 -13 9938 1 0 1
1.97061 15.4867 10700 -0.063784 -1.02177 27.9813 139.28 -13 9939 1 0 1
25.2902 19.3375 10700 -0.233297 -1.37988 27.965 139.439 -13 9940 1 0 1
-14.2896 0.318055 10700 0.0288105 -0.00602018 28 139.145 -13 9941 1 0 1
57.7063 0.610436 10700 -0.389683 -0.0957148 27.9971 139.54 -13 9942 1 0 1
21.5423 5.71241 10700 -0.171094 -0.37994 27.9969 139.348 -13 9943 1 0 1
11.9015 -4.97658 10700 -0.111173 0.310227 27.9981 139.3 -13 9944 1 0 1
3.38934 -12.8215 10700 -0.0817846 0.946426 27.9839 139.268 -13 9945 1 0 1
19.8096 -8.81958 10700 -0.178634 0.525309 27.9945 139.33 -13 9946 1 0 1
45.6329 -1.78389 10700 -0.31779 0.224616 27.9973 139.471 -13 9947 1 0 1
-55.9346 7.08295 10700 0.308201 -0.44082 27.9948 138.953 -13 9948 1 0 1
27.0683 10.738 10700 -0.214669 -0.725481 27.9898 139.391 -13 9949 1 0 1
32.1727 -12.461 10700 -0.244541 0.840568 27.9863 139.433 -13 9950 1 0 1
-20.1346 5.95044 10700 0.0711915 -0.445814 27.9964 139.127 -13 9951 1 0 1
-36.9781 10.0091 10700 0.167751 -0.58825 27.9933 139.039 -13 9952 1 0 1
-23.9547 17.0926 10700 0.110131 -1.11836 27.9774 139.153 -13 9953 1 0 1
29.6875 8.98521 10700 -0.231193 -0.484889 27.9948 139.389 -13 9954 1 0 1
11.7423 -8.172 10700 -0.12003 0.53019 27.9947 139.298 -13 9955 1 0 1
23.9647 -1.58664 10700 -0.186866 0.152347 27.999 139.353 -13 9956 1 0 1
-41.9241 20.8476 10700 0.242191 -1.60181 27.9531 139.077 -13 9957 1 0 1
34.7969 3.2594 10700 -0.250765 -0.232847 27.9979 139.414 -13 9958 1 0 1
-56.1983 16.8039 10700 0.337003 -1.20806 27.9719 138.983 -13 9959 1 0 1
23.9319 -21.909 10700 -0.224922 1.65287 27.9503 139.474 -13 9960 1 0 1
15.5293 -6.38878 10700 -0.142544 0.432283 27.9963 139.311 -13 9961 1 0 1
28.3113 4.84031 10700 -0.219474 -0.366442 27.9967 139.374 -13 9962 1 0 1
24.3116 -0.0772387 10700 -0.178133 -0.0815686 27.9993 139.366 -13 9963 1 0 1
-2.28444 6.90421 10700 -0.0383128 -0.474863 27.9959 139.22 -13 9964 1 0 1
-5.44419 0.811793 10700 -0.00987761 -0.0551444 27.9999 139.205 -13 9965 1 0 1
4.20823 -14.3585 10700 -0.0815354 0.905177 27.9852 139.28 -13 9966 1 0 1
-4.56185 -1.69472 10700 -0.0323457 0.13845 27.9996 139.193 -13 9967 1 0 1
-40.4788 12.7903 10700 0.198493 -0.90261 27.9847 139.035 -13 9968 1 0 1
26.5897 -5.11706 10700 -0.197689 0.293614 27.9978 139.378 -13 9969 1 0 1
73.0921 -19.0842 10700 -0.709393 2.23835 27.9014 139.847 -13 9970 1 0 1
57.7907 -10.6151 10700 -0.412666 0.723345 27.9876 139.565 -13 9971 1 0 1
9.16731 4.55764 10700 -0.0986964 -0.311296 27.9981 139.282 -13 9972 1 0 1
57.5946 -8.09343 10700 -0.398121 0.635572 27.99 139.562 -13 9973 1 0 1
9.57621 8.80639 10700 -0.114221 -0.50653 27.9952 139.278 -13 9974 1 0 1
-21.286 14.6503 10700 0.0746828 -1.00489 27.9819 139.142 -13 9975 1 0 1
15.355 1.40171 10700 -0.13592 -0.0725706 27.9996 139.308 -13 9976 1 0 1
-0.437095 10.7229 10700 -0.044689 -0.729602 27.9905 139.247 -13 9977 1 0 1
-31.5352 -4.38918 10700 0.144615 0.279036 27.9982 139.07 -13 9978 1 0 1
-37.4644 -2.91216 10700 0.167483 0.103415 27.9993 139.025 -13 9979 1 0 1
5.61912 9.25229 10700 -0.0767868 -0.593109 27.9936 139.279 -13 9980 1 0 1
92.0517 -13.7219 10700 -0.885457 2.36707 27.8857 139.961 -13 9981 1 0 1
-20.9442 4.56424 10700 0.075436 -0.298504 27.9983 139.121 -13 9982 1 0 1
8.56534 1.37999 10700 -0.0985274 -0.160688 27.9994 139.271 -13 9983 1 0 1
19.029 1.31006 10700 -0.155036 -0.106142 27.9994 139.33 -13 9984 1 0 1
14.1358 1.58263 10700 -0.117149 -0.0961308 27.9996 139.315 -13 9985 1 0 1
-23.3854 7.31501 10700 0.0817874 -0.429541 27.9966 139.102 -13 9986 1 0 1
-15.6493 -14.7374 10700 0.0565111 1.03239 27.9809 139.19 -13 9987 1 0 1
33.841 -7.71222 10700 -0.255982 0.554029 27.9933 139.414 -13 9988 1 0 1
-10.6718 13.154 10700 0.00468346 -0.858289 27.9868 139.189 -13 9989 1 0 1
-36.6688 7.85565 10700 0.174553 -0.563306 27.9938 139.048 -13 9990 1 0 1
16.5042 -13.2507 10700 -0.148935 0.960624 27.9831 139.354 -13 9991 1 0 1
-20.8499 -6.12465 10700 0.0711965 0.314769 27.9981 139.12 -13 9992 1 0 1
27.1473 15.8805 10700 -0.230273 -1.14304 27.9757 139.423 -13 9993 1 0 1
71.0953 -1.38847 10700 -0.471727 0.0908208 27.9959 139.619 -13 9994 1 0 1
-23.0261 10.3897 10700 0.0922766 -0.584799 27.9937 139.124 -13 9995 1 0 1
48.6027 -4.74648 10700 -0.337712 0.277227 27.9966 139.491 -13 9996 1 0 1
-14.0701 -5.23015 10700 0.0299614 0.276708 27.9986 139.153 -13 9997 1 0 1
9.12446 6.81819 10700 -0.114096 -0.505491 27.9952 139.272 -13 9998 1 0 1
7.37782 2.58922 10700 -0.0792843 -0.219265 27.999 139.28 -13 9999 1 0 1
46.1759 -6.9854 10700 -0.321509 0.549224 27.9928 139.492 -13 10000 1 0 1
