#BLTrackFile NTuple/Z12500
#x y z Px Py Pz t PDGid EventID TrackID ParentID Weight
#mm mm mm MeV/c MeV/c MeV/c ns - - - - -
22.0054 61.6945 12500 -0.807096 0.910865 27.9735 162.711 -13 1 1 0 1
0.631421 -75.7744 12500 -0.501495 -1.12829 27.9728 162.76 -13 2 1 0 1
-24.9751 -43.7107 12500 -0.286945 -0.644635 27.9911 162.664 -13 3 1 0 1
1.82454 -1.84119 12500 -0.610584 -0.0617236 27.9933 162.617 -13 4 1 0 1
29.196 -1.71879 12500 -0.908495 -0.0138394 27.9853 162.595 -13 5 1 0 1
-15.3657 -37.2437 12500 -0.405522 -0.564736 27.9914 162.656 -13 6 1 0 1
4.77498 70.6766 12500 -0.559021 1.0426 27.975 162.738 -13 7 1 0 1
36.8333 85.5537 12500 -1.0362 1.15399 27.957 162.822 -13 8 1 0 1
23.8016 51.1199 12500 -0.852648 0.788665 27.9759 162.679 -13 9 1 0 1
6.45041 11.1465 12500 -0.647674 0.181435 27.9919 162.62 -13 10 1 0 1
-3.37501 -12.1658 12500 -0.576302 -0.192233 27.9934 162.616 -13 11 1 0 1
3.20876 13.878 12500 -0.600665 0.216906 27.9927 162.63 -13 12 1 0 1
-15.1277 -20.449 12500 -0.410095 -0.318633 27.9952 162.644 -13 13 1 0 1
-28.5474 -20.1604 12500 -0.278026 -0.325999 27.9967 162.647 -13 14 1 0 1
-23.2041 3.17245 12500 -0.361023 0.00116925 27.9977 162.633 -13 15 1 0 1
15.1733 -19.1561 12500 -0.748394 -0.303643 27.9883 162.613 -13 16 1 0 1
26.7753 -9.12342 12500 -0.888427 -0.129289 27.9856 162.595 -13 17 1 0 1
27.6987 21.2083 12500 -0.89217 0.336351 27.9838 162.609 -13 18 1 0 1
15.6444 38.1116 12500 -0.762721 0.609623 27.983 162.644 -13 19 1 0 1
4.43119 31.2372 12500 -0.620549 0.471306 27.9892 162.637 -13 20 1 0 1
3.5511 -15.0612 12500 -0.649609 -0.217214 27.9916 162.608 -13 21 1 0 1
4.36754 23.701 12500 -0.637571 0.386999 27.9901 162.626 -13 22 1 0 1
-5.2277 2.9799 12500 -0.532386 0.0344868 27.9949 162.625 -13 23 1 0 1
-8.04036 21.6021 12500 -0.506396 0.347996 27.9933 162.632 -13 24 1 0 1
-15.1982 -11.0593 12500 -0.440537 -0.19502 27.9959 162.631 -13 25 1 0 1
-7.88882 -12.3342 12500 -0.513261 -0.209365 27.9945 162.628 -13 26 1 0 1
11.9322 -7.53087 12500 -0.729203 -0.134151 27.9902 162.603 -13 27 1 0 1
13.4981 -15.0058 12500 -0.745234 -0.256309 27.9889 162.607 -13 28 1 0 1
-15.3019 -37.2809 12500 -0.398507 -0.578663 27.9912 162.661 -13 29 1 0 1
15.8463 -14.4758 12500 -0.767914 -0.247894 27.9884 162.607 -13 30 1 0 1
15.5255 -2.83248 12500 -0.751685 -0.0469562 27.9899 162.605 -13 31 1 0 1
-17.513 -33.5054 12500 -0.385039 -0.55594 27.9918 162.658 -13 32 1 0 1
8.41015 10.3042 12500 -0.696194 0.173631 27.9908 162.606 -13 33 1 0 1
-3.59433 -43.3546 12500 -0.525772 -0.643759 27.9877 162.659 -13 34 1 0 1
0.874996 1.12563 12500 -0.614088 0.0175976 27.9933 162.611 -13 35 1 0 1
19.6915 -36.5164 12500 -0.805782 -0.571912 27.9826 162.636 -13 36 1 0 1
45.593 34.6314 12500 -1.1278 0.525135 27.9723 162.64 -13 37 1 0 1
28.2835 -6.73589 12500 -0.896544 -0.129814 27.9853 162.599 -13 38 1 0 1
12.7434 2.20987 12500 -0.73291 0.069971 27.9903 162.603 -13 39 1 0 1
-0.884586 10.2176 12500 -0.575186 0.156049 27.9937 162.624 -13 40 1 0 1
10.7803 -27.6983 12500 -0.712369 -0.453035 27.9873 162.626 -13 41 1 0 1
8.59985 83.6876 12500 -0.605752 1.26355 27.9649 162.816 -13 42 1 0 1
30.2774 -6.67441 12500 -0.917033 -0.0940533 27.9848 162.598 -13 43 1 0 1
3.936 -7.08095 12500 -0.644472 -0.13452 27.9923 162.611 -13 44 1 0 1
26.0657 21.2662 12500 -0.881525 0.342979 27.984 162.608 -13 45 1 0 1
-4.68563 -29.0181 12500 -0.510753 -0.427528 27.9921 162.649 -13 46 1 0 1
-2.00274 17.4192 12500 -0.573985 0.270238 27.9928 162.622 -13 47 1 0 1
10.9863 5.19929 12500 -0.717221 0.0676458 27.9907 162.603 -13 48 1 0 1
0.525963 -26.3019 12500 -0.589916 -0.456908 27.9901 162.641 -13 49 1 0 1
19.652 -13.2112 12500 -0.80693 -0.20667 27.9876 162.602 -13 50 1 0 1
-2.57966 30.5368 12500 -0.562516 0.469091 27.9904 162.636 -13 51 1 0 1
-41.4893 4.13141 12500 -0.137227 0.0480804 27.9996 162.644 -13 52 1 0 1
1.00655 -9.38661 12500 -0.606624 -0.161194 27.993 162.618 -13 53 1 0 1
-10.9497 2.84675 12500 -0.487053 0.0469911 27.9957 162.623 -13 54 1 0 1
-21.6947 13.9171 12500 -0.370874 0.207835 27.9968 162.636 -13 55 1 0 1
19.7236 -6.26469 12500 -0.820863 -0.132408 27.9877 162.594 -13 56 1 0 1
4.85737 37.4258 12500 -0.646395 0.589801 27.9863 162.643 -13 57 1 0 1
-6.22214 19.7276 12500 -0.520737 0.304378 27.9935 162.63 -13 58 1 0 1
-8.91169 -3.44193 12500 -0.51416 -0.0277178 27.9953 162.619 -13 59 1 0 1
16.3288 19.3696 12500 -0.750034 0.283126 27.9885 162.614 -13 60 1 0 1
32.6823 1.6825 12500 -0.955682 0.0225056 27.9837 162.592 -13 61 1 0 1
14.6919 -61.3777 12500 -0.700241 -0.905287 27.9766 162.71 -13 62 1 0 1
-15.6347 5.358 12500 -0.417337 0.105296 27.9967 162.636 -13 63 1 0 1
11.0828 5.54482 12500 -0.698076 0.119902 27.991 162.614 -13 64 1 0 1
8.21076 -22.047 12500 -0.666683 -0.328163 27.9901 162.624 -13 65 1 0 1
21.2058 41.4029 12500 -0.804383 0.630548 27.9813 162.65 -13 66 1 0 1
-22.8527 14.2537 12500 -0.375444 0.205077 27.9967 162.63 -13 67 1 0 1
-18.0478 -9.02138 12500 -0.403025 -0.14635 27.9967 162.634 -13 68 1 0 1
27.3366 -10.3474 12500 -0.88863 -0.168214 27.9854 162.599 -13 69 1 0 1
41.0585 16.1001 12500 -1.0476 0.245822 27.9793 162.606 -13 70 1 0 1
5.46951 -22.6015 12500 -0.670471 -0.369325 27.9895 162.614 -13 71 1 0 1
-6.36972 0.760596 12500 -0.533469 0.0505075 27.9949 162.62 -13 72 1 0 1
-12.5525 -18.0244 12500 -0.468799 -0.30996 27.9944 162.631 -13 73 1 0 1
-24.8721 -14.6976 12500 -0.333692 -0.197232 27.9973 162.639 -13 74 1 0 1
-2.04717 -2.71082 12500 -0.579195 -0.0394336 27.994 162.616 -13 75 1 0 1
9.00579 5.92021 12500 -0.707128 0.100622 27.9909 162.601 -13 76 1 0 1
-7.16066 -37.9437 12500 -0.502284 -0.601979 27.989 162.655 -13 77 1 0 1
-5.47187 27.8048 12500 -0.538962 0.424091 27.9916 162.634 -13 78 1 0 1
0.391789 28.9518 12500 -0.593756 0.442764 27.9902 162.633 -13 79 1 0 1
19.9335 -34.6079 12500 -0.811124 -0.552211 27.9828 162.633 -13 80 1 0 1
15.8641 -29.9246 12500 -0.759512 -0.498202 27.9853 162.633 -13 81 1 0 1
13.404 0.0628422 12500 -0.741939 0.00342701 27.9902 162.601 -13 82 1 0 1
-23.9407 1.15482 12500 -0.331475 0.0182674 27.998 162.642 -13 83 1 0 1
7.07145 46.3959 12500 -0.643503 0.710819 27.9836 162.664 -13 84 1 0 1
-11.1337 -7.84732 12500 -0.485208 -0.102001 27.9956 162.624 -13 85 1 0 1
-16.5522 -1.20695 12500 -0.44194 0.0159152 27.9965 162.622 -13 86 1 0 1
32.3016 12.0712 12500 -0.925919 0.15792 27.9842 162.605 -13 87 1 0 1
15.6041 -14.3105 12500 -0.78628 -0.248567 27.9879 162.598 -13 88 1 0 1
8.8419 10.5227 12500 -0.686766 0.164703 27.9911 162.611 -13 89 1 0 1
13.8701 -26.6661 12500 -0.743063 -0.427262 27.9869 162.622 -13 90 1 0 1
-32.2322 -23.521 12500 -0.268115 -0.355165 27.9965 162.637 -13 91 1 0 1
17.0246 17.5662 12500 -0.774718 0.281878 27.9879 162.608 -13 92 1 0 1
6.52305 7.85668 12500 -0.67471 0.137627 27.9915 162.607 -13 93 1 0 1
-19.2211 -33.6932 12500 -0.368709 -0.488343 27.9933 162.651 -13 94 1 0 1
-21.5233 12.3855 12500 -0.35998 0.203658 27.9969 162.641 -13 95 1 0 1
-9.37906 13.8594 12500 -0.515723 0.216939 27.9944 162.621 -13 96 1 0 1
-9.92433 -39.1391 12500 -0.456632 -0.65691 27.9886 162.671 -13 97 1 0 1
24.4551 -22.6576 12500 -0.865894 -0.385642 27.984 162.612 -13 98 1 0 1
-34.2968 -51.7361 12500 -0.109042 -0.704881 27.9909 162.679 -13 99 1 0 1
-4.26835 28.0227 12500 -0.540988 0.423056 27.9916 162.637 -13 100 1 0 1
19.8297 -12.75 12500 -0.813756 -0.232977 27.9872 162.604 -13 101 1 0 1
-0.00655245 19.3781 12500 -0.606208 0.280266 27.992 162.615 -13 102 1 0 1
48.6123 59.6058 12500 -1.16704 0.82251 27.9636 162.713 -13 103 1 0 1
-11.7452 27.6985 12500 -0.455979 0.433647 27.9929 162.645 -13 104 1 0 1
2.08195 29.962 12500 -0.617927 0.47292 27.9892 162.632 -13 105 1 0 1
-13.5812 3.65546 12500 -0.461451 0.0656878 27.9961 162.625 -13 106 1 0 1
19.9111 27.9619 12500 -0.795017 0.463612 27.9849 162.631 -13 107 1 0 1
3.95848 -26.5339 12500 -0.639035 -0.39849 27.9899 162.624 -13 108 1 0 1
18.3195 -4.27966 12500 -0.783614 -0.0866254 27.9889 162.603 -13 109 1 0 1
-14.8971 -12.7806 12500 -0.459674 -0.198631 27.9955 162.623 -13 110 1 0 1
-1.1198 6.85602 12500 -0.608762 0.107273 27.9932 162.607 -13 111 1 0 1
38.3875 19.3258 12500 -1.00631 0.280847 27.9805 162.608 -13 112 1 0 1
23.17 -3.319 12500 -0.847408 -0.0517397 27.9871 162.594 -13 113 1 0 1
19.0302 16.3365 12500 -0.804536 0.2713 27.9871 162.604 -13 114 1 0 1
1.90063 -28.4533 12500 -0.616132 -0.432343 27.9899 162.629 -13 115 1 0 1
-36.5534 141.814 12500 -6.23572 2.42353 27.189 163.222 -13 116 1 0 1
18.0805 43.6967 12500 -0.779484 0.699301 27.9804 162.662 -13 117 1 0 1
-3.57166 -37.2475 12500 -0.548052 -0.60011 27.9882 162.652 -13 118 1 0 1
10.8358 -64.6539 12500 -0.673122 -0.969568 27.9751 162.715 -13 119 1 0 1
2.85497 2.02557 12500 -0.635839 0.0524354 27.9927 162.609 -13 120 1 0 1
13.1658 -34.009 12500 -0.733124 -0.522171 27.9855 162.63 -13 121 1 0 1
1.85534 -12.6147 12500 -0.62872 -0.187867 27.9923 162.611 -13 122 1 0 1
-41.1734 -40.7917 12500 -0.0359896 -0.578574 27.994 162.67 -13 123 1 0 1
-7.91126 -16.6422 12500 -0.514134 -0.28655 27.9938 162.628 -13 124 1 0 1
-9.98303 -0.0889918 12500 -0.50386 0.0152939 27.9955 162.619 -13 125 1 0 1
19.4197 15.1433 12500 -0.811732 0.260479 27.987 162.603 -13 126 1 0 1
13.4673 76.0167 12500 -0.71204 1.14643 27.9675 162.775 -13 127 1 0 1
-10.1986 4.9163 12500 -0.489542 0.0847648 27.9956 162.625 -13 128 1 0 1
39.0442 -0.209205 12500 -1.03216 -0.007192 27.981 162.591 -13 129 1 0 1
5.00147 11.3362 12500 -0.646498 0.15981 27.9921 162.614 -13 130 1 0 1
-14.0141 -6.32973 12500 -0.470911 -0.112367 27.9958 162.62 -13 131 1 0 1
13.5909 36.6438 12500 -0.732228 0.55583 27.9849 162.636 -13 132 1 0 1
-9.0317 -3.55482 12500 -0.503267 -0.0578782 27.9954 162.623 -13 133 1 0 1
6.08816 -20.3303 12500 -0.663329 -0.315472 27.9904 162.615 -13 134 1 0 1
-4.02975 37.2274 12500 -0.523238 0.566752 27.9894 162.653 -13 135 1 0 1
29.0436 -27.3852 12500 -0.900345 -0.435751 27.9821 162.626 -13 136 1 0 1
16.5494 27.1414 12500 -0.779162 0.466574 27.9853 162.626 -13 137 1 0 1
4.34147 26.3991 12500 -0.63064 0.475033 27.9889 162.64 -13 138 1 0 1
12.4825 -16.8846 12500 -0.717934 -0.221927 27.9899 162.611 -13 139 1 0 1
-1.52313 -7.35191 12500 -0.59222 -0.111643 27.9935 162.613 -13 140 1 0 1
-17.3154 -12.604 12500 -0.42383 -0.203367 27.9961 162.63 -13 141 1 0 1
33.887 20.4151 12500 -0.96302 0.319245 27.9816 162.609 -13 142 1 0 1
12.9446 7.47422 12500 -0.740133 0.138258 27.9899 162.602 -13 143 1 0 1
-20.7641 -33.4042 12500 -0.353318 -0.490976 27.9935 162.651 -13 144 1 0 1
-18.0978 -18.6019 12500 -0.407025 -0.298666 27.9954 162.634 -13 145 1 0 1
19.9102 44.188 12500 -0.80307 0.702478 27.9797 162.662 -13 146 1 0 1
-5.06858 -18.146 12500 -0.555272 -0.294384 27.9929 162.62 -13 147 1 0 1
-6.72674 -13.4388 12500 -0.525994 -0.205547 27.9943 162.625 -13 148 1 0 1
-13.2353 38.5521 12500 -0.426039 0.572373 27.9909 162.656 -13 149 1 0 1
-2.25902 -13.4153 12500 -0.586313 -0.205641 27.9931 162.615 -13 150 1 0 1
17.2668 -1.10481 12500 -0.782308 -0.0375495 27.989 162.598 -13 151 1 0 1
36.3753 6.10466 12500 -0.97887 0.111005 27.9827 162.604 -13 152 1 0 1
17.0519 8.35534 12500 -0.789885 0.148684 27.9885 162.597 -13 153 1 0 1
7.48874 9.20875 12500 -0.682134 0.167134 27.9912 162.608 -13 154 1 0 1
-2.47142 9.57788 12500 -0.561994 0.156278 27.9939 162.624 -13 155 1 0 1
-38.2886 -9.89336 12500 -0.185358 -0.138724 27.999 162.641 -13 156 1 0 1
10.0572 -13.8332 12500 -0.709035 -0.177722 27.9905 162.605 -13 157 1 0 1
42.6111 2.22279 12500 -1.06135 0.0500844 27.9798 162.599 -13 158 1 0 1
6.65452 -2.54689 12500 -0.674164 -0.0165446 27.9919 162.605 -13 159 1 0 1
17.9058 126.376 12500 -3.23626 2.04812 27.7368 163.044 -13 160 1 0 1
-16.4885 -37.1646 12500 -0.39734 -0.547252 27.9918 162.653 -13 161 1 0 1
14.0458 -7.83731 12500 -0.75255 -0.143061 27.9895 162.601 -13 162 1 0 1
39.4802 15.0538 12500 -1.02363 0.276802 27.9799 162.615 -13 163 1 0 1
-12.0247 -22.4399 12500 -0.465127 -0.316136 27.9944 162.633 -13 164 1 0 1
7.09465 52.3439 12500 -0.640721 0.791557 27.9815 162.678 -13 165 1 0 1
1.20488 18.2824 12500 -0.59848 0.307543 27.9919 162.626 -13 166 1 0 1
-2.48723 8.23677 12500 -0.572084 0.124947 27.9939 162.618 -13 167 1 0 1
9.64001 -14.1168 12500 -0.705208 -0.193738 27.9904 162.606 -13 168 1 0 1
14.2439 -27.3057 12500 -0.750584 -0.426591 27.9867 162.62 -13 169 1 0 1
0.969747 -11.7578 12500 -0.61801 -0.188184 27.9925 162.613 -13 170 1 0 1
0.55486 28.863 12500 -0.591485 0.47399 27.9897 162.639 -13 171 1 0 1
25.8115 26.2616 12500 -0.873308 0.421608 27.9832 162.62 -13 172 1 0 1
24.1902 5.61036 12500 -0.852237 0.0850596 27.9869 162.597 -13 173 1 0 1
-25.049 -19.4689 12500 -0.32826 -0.289026 27.9966 162.64 -13 174 1 0 1
-26.831 -44.7934 12500 -0.261804 -0.652024 27.9912 162.665 -13 175 1 0 1
29.6756 70.2139 12500 -0.920309 1.01273 27.9665 162.75 -13 176 1 0 1
-19.9497 12.8269 12500 -0.404047 0.190783 27.9964 162.628 -13 177 1 0 1
12.6177 15.1544 12500 -0.753004 0.253138 27.9887 162.6 -13 178 1 0 1
-5.53884 8.35711 12500 -0.522168 0.15432 27.9947 162.63 -13 179 1 0 1
10.7332 12.4449 12500 -0.709103 0.213938 27.9902 162.611 -13 180 1 0 1
30.8853 98.4928 12500 -0.999126 1.32856 27.9506 162.901 -13 181 1 0 1
-6.96663 -61.273 12500 -0.431999 -0.919846 27.9816 162.712 -13 182 1 0 1
-29.5217 -54.2842 12500 -0.149148 -0.790089 27.9885 162.689 -13 183 1 0 1
35.9714 40.5002 12500 -0.984107 0.618639 27.9759 162.656 -13 184 1 0 1
20.2691 9.60049 12500 -0.806453 0.142898 27.988 162.602 -13 185 1 0 1
-4.90185 26.9227 12500 -0.545069 0.430353 27.9914 162.635 -13 186 1 0 1
31.3294 -6.34053 12500 -0.918996 -0.117041 27.9847 162.604 -13 187 1 0 1
-6.47489 11.4206 12500 -0.540033 0.151463 27.9944 162.619 -13 188 1 0 1
-4.65762 24.1514 12500 -0.544134 0.369637 27.9923 162.631 -13 189 1 0 1
31.6781 39.046 12500 -0.941628 0.575141 27.9783 162.638 -13 190 1 0 1
35.7431 14.6508 12500 -0.998325 0.22899 27.9813 162.599 -13 191 1 0 1
-17.1572 -30.2927 12500 -0.406863 -0.473265 27.993 162.645 -13 192 1 0 1
-5.55359 -24.8402 12500 -0.523796 -0.390984 27.9924 162.638 -13 193 1 0 1
-4.59887 -3.43626 12500 -0.555354 -0.046689 27.9945 162.617 -13 194 1 0 1
24.9774 37.3702 12500 -0.852194 0.594948 27.9807 162.648 -13 195 1 0 1
-0.493877 8.20672 12500 -0.580923 0.123007 27.9937 162.622 -13 196 1 0 1
-4.76512 -13.5376 12500 -0.551497 -0.215476 27.9937 162.622 -13 197 1 0 1
22.7339 -10.2637 12500 -0.85347 -0.141402 27.9866 162.592 -13 198 1 0 1
-1.65023 -7.54132 12500 -0.581509 -0.138188 27.9936 162.618 -13 199 1 0 1
7.38422 -9.20446 12500 -0.669652 -0.162512 27.9915 162.613 -13 200 1 0 1
25.9488 88.4268 12500 -0.867565 1.22448 27.9598 162.824 -13 201 1 0 1
3.83366 -76.3747 12500 -0.565774 -1.14934 27.9707 162.763 -13 202 1 0 1
43.8092 22.5924 12500 -1.088 0.347295 27.9767 162.613 -13 203 1 0 1
-25.3413 -22.298 12500 -0.314433 -0.366389 27.9958 162.647 -13 204 1 0 1
-26.333 -18.514 12500 -0.301802 -0.27487 27.997 162.645 -13 205 1 0 1
-9.76977 -17.095 12500 -0.47524 -0.301713 27.9943 162.639 -13 206 1 0 1
13.0719 24.428 12500 -0.728767 0.399478 27.9877 162.622 -13 207 1 0 1
6.1304 0.563578 12500 -0.646043 0.0255558 27.9925 162.617 -13 208 1 0 1
-7.74112 21.9535 12500 -0.511555 0.352179 27.9931 162.631 -13 209 1 0 1
15.6724 -16.0815 12500 -0.78095 -0.281163 27.9877 162.601 -13 210 1 0 1
4.22147 33.0791 12500 -0.635877 0.539946 27.9876 162.64 -13 211 1 0 1
9.74719 -3.16196 12500 -0.723406 -0.0853094 27.9905 162.596 -13 212 1 0 1
-6.71742 -37.8753 12500 -0.499443 -0.602098 27.9891 162.658 -13 213 1 0 1
20.8272 9.14515 12500 -0.817584 0.132373 27.9877 162.599 -13 214 1 0 1
-24.3597 14.1118 12500 -0.339289 0.207793 27.9972 162.639 -13 215 1 0 1
31.3405 14.0114 12500 -0.920725 0.225311 27.984 162.608 -13 216 1 0 1
-6.81467 -31.7742 12500 -0.507006 -0.517737 27.9906 162.648 -13 217 1 0 1
6.61302 31.018 12500 -0.652327 0.511634 27.9877 162.64 -13 218 1 0 1
-5.93472 1.68057 12500 -0.525671 -0.0287286 27.9951 162.627 -13 219 1 0 1
-17.2621 19.3977 12500 -0.434707 0.292769 27.9951 162.626 -13 220 1 0 1
-6.03886 25.5905 12500 -0.507522 0.428425 27.9921 162.645 -13 221 1 0 1
-21.1652 1.90724 12500 -0.370714 0.0473395 27.9975 162.635 -13 222 1 0 1
-10.6199 13.2998 12500 -0.482241 0.228753 27.9949 162.631 -13 223 1 0 1
6.28599 27.6355 12500 -0.678426 0.422822 27.9886 162.619 -13 224 1 0 1
-23.2899 -36.457 12500 -0.309412 -0.52328 27.9934 162.659 -13 225 1 0 1
-13.2269 1.8865 12500 -0.460476 0.0163047 27.9962 162.626 -13 226 1 0 1
30.9747 25.3384 12500 -0.937569 0.374413 27.9818 162.611 -13 227 1 0 1
26.1778 51.4645 12500 -0.869043 0.78698 27.9754 162.683 -13 228 1 0 1
2.82848 -38.1771 12500 -0.596408 -0.584551 27.9875 162.653 -13 229 1 0 1
30.7421 9.09521 12500 -0.921438 0.140449 27.9845 162.6 -13 230 1 0 1
-11.7595 -0.112744 12500 -0.485438 0.00211972 27.9958 162.621 -13 231 1 0 1
-8.9326 -4.33289 12500 -0.50872 -0.0763151 27.9953 162.622 -13 232 1 0 1
3.77875 -33.3022 12500 -0.628398 -0.499078 27.9885 162.633 -13 233 1 0 1
-7.5009 -26.8224 12500 -0.530993 -0.417363 27.9919 162.629 -13 234 1 0 1
23.883 2.92745 12500 -0.847584 0.0728985 27.9871 162.599 -13 235 1 0 1
17.5487 -19.0659 12500 -0.779397 -0.288146 27.9877 162.608 -13 236 1 0 1
-5.95608 -10.2273 12500 -0.548791 -0.162726 27.9941 162.617 -13 237 1 0 1
-11.3381 1.57806 12500 -0.479191 -0.010454 27.9959 162.626 -13 238 1 0 1
-23.7847 24.4343 12500 -0.339202 0.36633 27.9955 162.643 -13 239 1 0 1
-5.55107 41.4455 12500 -0.510589 0.63344 27.9882 162.658 -13 240 1 0 1
-0.169498 5.05216 12500 -0.602395 0.108606 27.9933 162.614 -13 241 1 0 1
9.85923 34.1511 12500 -0.704498 0.522146 27.9863 162.629 -13 242 1 0 1
18.1882 -4.56907 12500 -0.783309 -0.0667698 27.989 162.602 -13 243 1 0 1
24.1894 37.1126 12500 -0.840297 0.590757 27.9812 162.648 -13 244 1 0 1
13.8046 -49.3969 12500 -0.720735 -0.75192 27.9806 162.669 -13 245 1 0 1
29.9314 45.5168 12500 -0.931531 0.692233 27.9759 162.66 -13 246 1 0 1
-23.7781 -65.3566 12500 -0.170252 -0.948374 27.9834 162.716 -13 247 1 0 1
-28.2933 -24.2813 12500 -0.300324 -0.345776 27.9963 162.64 -13 248 1 0 1
2.65056 -27.2673 12500 -0.620764 -0.427884 27.9898 162.63 -13 249 1 0 1
-20.135 15.0074 12500 -0.392424 0.233577 27.9963 162.632 -13 250 1 0 1
8.73736 14.0252 12500 -0.695373 0.25178 27.9902 162.612 -13 251 1 0 1
19.3871 4.12248 12500 -0.781957 0.0810688 27.989 162.608 -13 252 1 0 1
0.181112 -10.8598 12500 -0.613827 -0.150981 27.9929 162.61 -13 253 1 0 1
8.39559 18.9247 12500 -0.686419 0.30965 27.9899 162.615 -13 254 1 0 1
21.4254 -13.1605 12500 -0.808421 -0.175814 27.9878 162.608 -13 255 1 0 1
3.08079 3.21917 12500 -0.636113 0.0738965 27.9927 162.61 -13 256 1 0 1
9.05899 9.64604 12500 -0.690816 0.217001 27.9906 162.616 -13 257 1 0 1
31.5798 22.7551 12500 -0.945248 0.344217 27.9819 162.607 -13 258 1 0 1
12.4089 33.633 12500 -0.713951 0.558327 27.9853 162.643 -13 259 1 0 1
24.5068 5.23534 12500 -0.858948 0.0733272 27.9867 162.596 -13 260 1 0 1
2.45511 -39.6656 12500 -0.616136 -0.638759 27.9859 162.651 -13 261 1 0 1
11.2723 11.9884 12500 -0.712765 0.193827 27.9903 162.61 -13 262 1 0 1
8.464 18.6149 12500 -0.697105 0.304679 27.9897 162.61 -13 263 1 0 1
-19.7927 -55.4402 12500 -0.310835 -0.78786 27.9872 162.682 -13 264 1 0 1
-2.2274 -13.4521 12500 -0.585864 -0.266511 27.9926 162.621 -13 265 1 0 1
4.30641 10.5375 12500 -0.646295 0.181902 27.9919 162.613 -13 266 1 0 1
30.5854 -10.9967 12500 -0.92223 -0.170936 27.9843 162.6 -13 267 1 0 1
-8.39965 -62.7849 12500 -0.404858 -0.932389 27.9815 162.714 -13 268 1 0 1
-18.9791 -8.01709 12500 -0.419752 -0.140895 27.9965 162.624 -13 269 1 0 1
6.28034 2.39452 12500 -0.683738 0.0529715 27.9916 162.6 -13 270 1 0 1
25.2893 -8.74475 12500 -0.857893 -0.129413 27.9866 162.601 -13 271 1 0 1
30.6629 16.5387 12500 -0.929786 0.258771 27.9834 162.602 -13 272 1 0 1
20.937 106.669 12500 -0.860351 1.44448 27.9495 162.926 -13 273 1 0 1
-15.1095 -19.3365 12500 -0.44334 -0.29886 27.9949 162.63 -13 274 1 0 1
-4.42904 -18.1408 12500 -0.570995 -0.29585 27.9926 162.616 -13 275 1 0 1
-17.0195 -33.8008 12500 -0.402023 -0.49939 27.9927 162.647 -13 276 1 0 1
0.326536 -23.8958 12500 -0.598745 -0.371646 27.9911 162.626 -13 277 1 0 1
21.1768 35.9798 12500 -0.83597 0.56595 27.9818 162.632 -13 278 1 0 1
-18.7643 -14.6847 12500 -0.388075 -0.200815 27.9966 162.639 -13 279 1 0 1
6.0271 23.0804 12500 -0.651301 0.368116 27.99 162.625 -13 280 1 0 1
-9.08519 28.4731 12500 -0.485382 0.44246 27.9923 162.643 -13 281 1 0 1
-14.1433 -12.4281 12500 -0.448236 -0.203722 27.9957 162.631 -13 282 1 0 1
-7.56335 -15.6436 12500 -0.521483 -0.250609 27.994 162.624 -13 283 1 0 1
-9.18084 -34.5431 12500 -0.483481 -0.504699 27.9913 162.644 -13 284 1 0 1
-19.4815 6.25716 12500 -0.396038 0.104428 27.997 162.631 -13 285 1 0 1
7.72266 -7.91549 12500 -0.676875 -0.115533 27.9916 162.609 -13 286 1 0 1
12.6725 12.563 12500 -0.741721 0.205586 27.9894 162.603 -13 287 1 0 1
-4.28728 37.7958 12500 -0.506845 0.63068 27.9883 162.669 -13 288 1 0 1
11.2246 -9.7498 12500 -0.716238 -0.16138 27.9904 162.607 -13 289 1 0 1
3.83493 -15.332 12500 -0.634088 -0.28752 27.9913 162.622 -13 290 1 0 1
-0.65137 -60.3573 12500 -0.506734 -0.901172 27.9809 162.712 -13 291 1 0 1
-14.8817 -14.6488 12500 -0.448384 -0.225639 27.9955 162.628 -13 292 1 0 1
28.0524 42.0021 12500 -0.892204 0.647919 27.9783 162.655 -13 293 1 0 1
34.1749 28.6122 12500 -0.959873 0.438473 27.9801 162.627 -13 294 1 0 1
28.1138 85.9749 12500 -0.906899 1.20081 27.9595 162.824 -13 295 1 0 1
30.4457 40.2736 12500 -0.930756 0.614892 27.9778 162.646 -13 296 1 0 1
4.78 23.4439 12500 -0.640829 0.367863 27.9902 162.625 -13 297 1 0 1
-0.78647 26.8569 12500 -0.58089 0.420813 27.9908 162.634 -13 298 1 0 1
4.69626 -30.245 12500 -0.633593 -0.50945 27.9882 162.642 -13 299 1 0 1
19.3853 33.5376 12500 -0.791459 0.503119 27.9843 162.629 -13 300 1 0 1
-10.3748 8.29171 12500 -0.484244 0.0955927 27.9956 162.627 -13 301 1 0 1
14.8 2.27892 12500 -0.747299 0.0290457 27.99 162.604 -13 302 1 0 1
-19.2262 -44.8247 12500 -0.333172 -0.680633 27.9897 162.673 -13 303 1 0 1
23.7319 -35.0209 12500 -0.846089 -0.53521 27.9821 162.632 -13 304 1 0 1
6.16412 101.132 12500 -0.530695 1.41776 27.959 162.86 -13 305 1 0 1
37.7282 27.2983 12500 -0.994147 0.415221 27.9793 162.627 -13 306 1 0 1
-34.5249 -66.8419 12500 -0.0189114 -0.888196 27.9859 162.699 -13 307 1 0 1
-8.85686 49.5298 12500 -0.458658 0.736372 27.9866 162.672 -13 308 1 0 1
1.01142 -9.9771 12500 -0.618087 -0.165681 27.9927 162.612 -13 309 1 0 1
-20.8861 -16.1332 12500 -0.397136 -0.232859 27.9962 162.626 -13 310 1 0 1
-44.8021 -20.7121 12500 -0.0483706 -0.250025 27.9988 162.653 -13 311 1 0 1
32.4814 34.5366 12500 -0.931978 0.537868 27.9793 162.643 -13 312 1 0 1
-22.5033 33.0638 12500 -0.346165 0.523419 27.993 162.651 -13 313 1 0 1
-1.20603 -13.7919 12500 -0.588009 -0.24868 27.9927 162.622 -13 314 1 0 1
-7.38408 -19.7807 12500 -0.494839 -0.309658 27.9939 162.638 -13 315 1 0 1
13.1641 15.6197 12500 -0.738358 0.236794 27.9893 162.606 -13 316 1 0 1
8.43109 18.6049 12500 -0.694035 0.2798 27.99 162.609 -13 317 1 0 1
13.7495 -4.27114 12500 -0.744319 -0.0827404 27.99 162.602 -13 318 1 0 1
3.56458 -50.0523 12500 -0.582949 -0.751654 27.9838 162.679 -13 319 1 0 1
24.8075 82.3799 12500 -0.84783 1.16851 27.9628 162.802 -13 320 1 0 1
-4.21636 29.4108 12500 -0.541756 0.472535 27.9908 162.641 -13 321 1 0 1
-4.72928 21.1853 12500 -0.556015 0.314989 27.9927 162.622 -13 322 1 0 1
11.2858 34.8147 12500 -0.702783 0.536442 27.986 162.637 -13 323 1 0 1
0.28935 68.4976 12500 -0.482039 1.00229 27.9779 162.732 -13 324 1 0 1
6.33636 43.5053 12500 -0.634533 0.688753 27.9843 162.664 -13 325 1 0 1
20.1738 -39.0393 12500 -0.801222 -0.603491 27.982 162.644 -13 326 1 0 1
15.2495 -0.656049 12500 -0.758195 -0.00125796 27.9897 162.601 -13 327 1 0 1
-4.66999 -23.481 12500 -0.515186 -0.395186 27.9925 162.647 -13 328 1 0 1
3.75693 -23.5101 12500 -0.63414 -0.389122 27.9901 162.626 -13 329 1 0 1
-5.22821 36.9974 12500 -0.521323 0.592092 27.9889 162.655 -13 330 1 0 1
33.3661 -15.6383 12500 -0.959912 -0.254337 27.9824 162.604 -13 331 1 0 1
-21.413 -39.1735 12500 -0.320072 -0.612852 27.9915 162.669 -13 332 1 0 1
13.0076 -42.698 12500 -0.721173 -0.658723 27.983 162.652 -13 333 1 0 1
-10.1447 -34.8936 12500 -0.462224 -0.515007 27.9914 162.65 -13 334 1 0 1
11.299 30.9064 12500 -0.733885 0.523051 27.9855 162.629 -13 335 1 0 1
-21.8771 -2.66932 12500 -0.385928 -0.0567341 27.9973 162.627 -13 336 1 0 1
21.1411 5.53222 12500 -0.815645 0.0600762 27.9881 162.599 -13 337 1 0 1
2.59124 -7.69447 12500 -0.620525 -0.14864 27.9927 162.617 -13 338 1 0 1
17.4569 28.4488 12500 -0.768705 0.464913 27.9856 162.631 -13 339 1 0 1
5.15078 2.70967 12500 -0.649753 0.0573672 27.9924 162.611 -13 340 1 0 1
-17.6357 -40.7435 12500 -0.368196 -0.629205 27.9905 162.665 -13 341 1 0 1
52.3201 22.0573 12500 -1.19175 0.314656 27.9729 162.611 -13 342 1 0 1
-5.93068 18.4533 12500 -0.534668 0.278484 27.9935 162.625 -13 343 1 0 1
-4.60667 -30.4828 12500 -0.52783 -0.495478 27.9906 162.647 -13 344 1 0 1
12.6544 64.0487 12500 -0.669465 0.953541 27.9757 162.719 -13 345 1 0 1
-5.24926 -26.5543 12500 -0.541498 -0.423705 27.9916 162.634 -13 346 1 0 1
24.7829 44.7589 12500 -0.847193 0.677092 27.979 162.659 -13 347 1 0 1
32.6136 -9.72138 12500 -0.949515 -0.16147 27.9834 162.599 -13 348 1 0 1
21.2581 34.3534 12500 -0.817964 0.527457 27.9831 162.631 -13 349 1 0 1
-21.1127 7.10748 12500 -0.382955 0.128764 27.9971 162.631 -13 350 1 0 1
27.5836 18.6788 12500 -0.883227 0.301842 27.9844 162.61 -13 351 1 0 1
4.20918 -9.32996 12500 -0.653325 -0.153188 27.992 162.608 -13 352 1 0 1
33.5541 30.3865 12500 -0.971663 0.461285 27.9793 162.623 -13 353 1 0 1
6.40963 2.06033 12500 -0.660388 0.0300795 27.9922 162.611 -13 354 1 0 1
11.0432 34.6109 12500 -0.703078 0.559133 27.9856 162.641 -13 355 1 0 1
-36.163 10.8353 12500 -0.212758 0.151601 27.9988 162.641 -13 356 1 0 1
-11.7539 -27.0359 12500 -0.460484 -0.43319 27.9929 162.644 -13 357 1 0 1
19.7829 17.5614 12500 -0.798302 0.27357 27.9873 162.608 -13 358 1 0 1
-1.2304 -16.986 12500 -0.591521 -0.297125 27.9922 162.62 -13 359 1 0 1
-7.54565 -40.7276 12500 -0.471415 -0.632123 27.9889 162.667 -13 360 1 0 1
20.4272 33.5069 12500 -0.800537 0.52607 27.9836 162.635 -13 361 1 0 1
45.7328 68.3983 12500 -1.10978 0.940828 27.9622 162.758 -13 362 1 0 1
30.5663 2.66944 12500 -0.922333 0.0421449 27.9848 162.596 -13 363 1 0 1
-1.56517 3.29727 12500 -0.603573 0.0703459 27.9934 162.607 -13 364 1 0 1
23.3359 51.0376 12500 -0.838737 0.767601 27.9769 162.673 -13 365 1 0 1
-15.6924 -23.8134 12500 -0.434613 -0.416369 27.9935 162.639 -13 366 1 0 1
-10.2354 -12.9008 12500 -0.493728 -0.204187 27.9949 162.626 -13 367 1 0 1
48.46 70.3595 12500 -1.18743 0.9563 27.9585 162.762 -13 368 1 0 1
8.57654 -17.9639 12500 -0.68549 -0.27658 27.9902 162.613 -13 369 1 0 1
24.978 -22.0705 12500 -0.861833 -0.337875 27.9847 162.609 -13 370 1 0 1
-3.53097 -41.267 12500 -0.519073 -0.654543 27.9875 162.668 -13 371 1 0 1
-25.7684 -3.95481 12500 -0.329229 -0.103488 27.9979 162.637 -13 372 1 0 1
-19.1124 -75.1761 12500 -0.213548 -1.04981 27.9795 162.726 -13 373 1 0 1
-16.3744 -16.9342 12500 -0.419546 -0.260378 27.9956 162.634 -13 374 1 0 1
25.0764 -26.5406 12500 -0.858239 -0.411495 27.9838 162.62 -13 375 1 0 1
19.6972 31.6318 12500 -0.793978 0.492792 27.9844 162.63 -13 376 1 0 1
14.7676 24.8886 12500 -0.752741 0.405269 27.9869 162.62 -13 377 1 0 1
28.4788 77.8781 12500 -0.899391 1.11996 27.9631 162.792 -13 378 1 0 1
-7.2592 -23.9385 12500 -0.505368 -0.383341 27.9928 162.639 -13 379 1 0 1
-8.59096 -19.0436 12500 -0.499514 -0.336848 27.9935 162.635 -13 380 1 0 1
-2.41847 -11.6901 12500 -0.562565 -0.196109 27.9937 162.626 -13 381 1 0 1
26.2268 -1.19799 12500 -0.880948 -0.0133455 27.9861 162.593 -13 382 1 0 1
19.4745 3.95685 12500 -0.803649 0.0867233 27.9883 162.599 -13 383 1 0 1
-28.2854 -80.3931 12500 -0.0297519 -1.07764 27.9792 162.721 -13 384 1 0 1
-1.78747 -2.95921 12500 -0.589969 -0.0867673 27.9936 162.613 -13 385 1 0 1
24.0219 -69.6284 12500 -0.844744 -1.01812 27.9687 162.742 -13 386 1 0 1
23.3003 2.4061 12500 -0.843696 -0.0215177 27.9873 162.598 -13 387 1 0 1
8.27963 31.2815 12500 -0.673893 0.503927 27.9874 162.635 -13 388 1 0 1
26.9139 -1.54149 12500 -0.894125 -0.0304687 27.9857 162.591 -13 389 1 0 1
8.52787 -17.0953 12500 -0.686354 -0.286828 27.9901 162.614 -13 390 1 0 1
8.39027 -1.68139 12500 -0.691369 -0.0390626 27.9914 162.604 -13 391 1 0 1
14.0085 8.82887 12500 -0.754802 0.155605 27.9894 162.601 -13 392 1 0 1
-12.6154 -6.57093 12500 -0.483833 -0.108071 27.9956 162.619 -13 393 1 0 1
0.601202 -15.5595 12500 -0.62393 -0.234646 27.9921 162.609 -13 394 1 0 1
10.9989 -2.74363 12500 -0.72162 -0.0330642 27.9907 162.6 -13 395 1 0 1
45.5325 64.8484 12500 -1.12781 0.911771 27.9624 162.746 -13 396 1 0 1
-2.0366 -12.1776 12500 -0.581279 -0.215553 27.9931 162.62 -13 397 1 0 1
5.57524 17.5922 12500 -0.665559 0.286456 27.9906 162.612 -13 398 1 0 1
20.6588 -33.66 12500 -0.809457 -0.546554 27.983 162.638 -13 399 1 0 1
35.5336 38.0567 12500 -0.996923 0.576954 27.9763 162.641 -13 400 1 0 1
24.4072 26.54 12500 -0.84684 0.425963 27.9839 162.624 -13 401 1 0 1
-6.34912 -23.9788 12500 -0.527467 -0.371052 27.9926 162.632 -13 402 1 0 1
-20.3933 -45.4592 12500 -0.341527 -0.6486 27.9904 162.662 -13 403 1 0 1
9.9225 -17.7513 12500 -0.70227 -0.321996 27.9893 162.617 -13 404 1 0 1
-4.33801 4.54904 12500 -0.562396 0.0895786 27.9942 162.616 -13 405 1 0 1
3.73954 18.0231 12500 -0.636945 0.276929 27.9914 162.616 -13 406 1 0 1
17.6173 14.9061 12500 -0.776836 0.243342 27.9882 162.609 -13 407 1 0 1
11.4537 53.8134 12500 -0.684841 0.843032 27.9789 162.693 -13 408 1 0 1
-21.2102 -10.4812 12500 -0.373747 -0.182279 27.9969 162.636 -13 409 1 0 1
3.41073 -21.6198 12500 -0.643172 -0.321777 27.9908 162.614 -13 410 1 0 1
8.59134 11.8973 12500 -0.700789 0.200932 27.9905 162.606 -13 411 1 0 1
1.3964 10.3216 12500 -0.618269 0.180936 27.9926 162.614 -13 412 1 0 1
10.9744 -20.1872 12500 -0.729138 -0.317396 27.9887 162.605 -13 413 1 0 1
14.773 10.8951 12500 -0.765253 0.152915 27.9891 162.598 -13 414 1 0 1
4.66582 5.81765 12500 -0.659471 0.0571759 27.9922 162.605 -13 415 1 0 1
21.9223 41.1351 12500 -0.80824 0.644581 27.9809 162.657 -13 416 1 0 1
13.0795 59.315 12500 -0.715113 0.928386 27.9755 162.713 -13 417 1 0 1
0.00551661 16.71 12500 -0.603847 0.262088 27.9923 162.617 -13 418 1 0 1
46.4765 -9.4033 12500 -1.11953 -0.137755 27.9773 162.598 -13 419 1 0 1
27.0269 38.272 12500 -0.887075 0.610368 27.9793 162.649 -13 420 1 0 1
35.5157 -8.16003 12500 -0.982591 -0.124852 27.9825 162.598 -13 421 1 0 1
-16.0029 22.6032 12500 -0.424248 0.359508 27.9945 162.637 -13 422 1 0 1
4.58517 -41.6673 12500 -0.599786 -0.667021 27.9856 162.671 -13 423 1 0 1
26.1369 2.68636 12500 -0.870969 0.0169755 27.9864 162.597 -13 424 1 0 1
20.651 -16.6159 12500 -0.811093 -0.237698 27.9872 162.604 -13 425 1 0 1
-26.8544 -60.173 12500 -0.192605 -0.8521 27.9864 162.692 -13 426 1 0 1
-9.54458 -38.7168 12500 -0.47951 -0.624168 27.9889 162.657 -13 427 1 0 1
-0.368024 -14.5311 12500 -0.614122 -0.212297 27.9925 162.609 -13 428 1 0 1
-22.3866 -0.457002 12500 -0.358272 -0.0109477 27.9977 162.636 -13 429 1 0 1
-2.70772 4.3764 12500 -0.558966 0.0951945 27.9943 162.623 -13 430 1 0 1
-9.21228 21.8897 12500 -0.472855 0.323672 27.9941 162.64 -13 431 1 0 1
24.1181 -10.5133 12500 -0.863412 -0.164711 27.9862 162.595 -13 432 1 0 1
34.7953 85.3599 12500 -1.03727 1.1665 27.9565 162.823 -13 433 1 0 1
-20.1086 6.89408 12500 -0.382174 0.088166 27.9973 162.635 -13 434 1 0 1
-12.5115 12.8668 12500 -0.471764 0.221332 27.9952 162.628 -13 435 1 0 1
-16.1886 15.2794 12500 -0.41777 0.230101 27.9959 162.635 -13 436 1 0 1
-23.6569 -0.470217 12500 -0.37391 -0.0436026 27.9975 162.626 -13 437 1 0 1
10.0605 71.8903 12500 -0.649442 1.10211 27.9708 162.76 -13 438 1 0 1
8.57394 0.884283 12500 -0.69185 0.0345841 27.9914 162.605 -13 439 1 0 1
-33.5522 -18.6802 12500 -0.220282 -0.286667 27.9977 162.647 -13 440 1 0 1
-0.274164 -8.19054 12500 -0.596416 -0.118075 27.9934 162.616 -13 441 1 0 1
-6.30575 -57.3671 12500 -0.465059 -0.85963 27.9829 162.696 -13 442 1 0 1
-9.46829 20.2453 12500 -0.49689 0.341191 27.9935 162.631 -13 443 1 0 1
10.9169 5.70769 12500 -0.707413 0.0899715 27.9909 162.608 -13 444 1 0 1
-36.2169 -6.62598 12500 -0.201515 -0.0880631 27.9991 162.643 -13 445 1 0 1
3.19318 1.07747 12500 -0.639366 0.0269592 27.9927 162.608 -13 446 1 0 1
7.40315 27.6517 12500 -0.658064 0.46322 27.9884 162.637 -13 447 1 0 1
-11.9502 16.585 12500 -0.480941 0.259127 27.9947 162.625 -13 448 1 0 1
10.6843 -6.19584 12500 -0.691823 -0.0956132 27.9913 162.615 -13 449 1 0 1
-42.1307 -32.109 12500 -0.0667175 -0.486323 27.9957 162.661 -13 450 1 0 1
-16.2793 16.2662 12500 -0.441879 0.269986 27.9952 162.627 -13 451 1 0 1
-4.67611 28.4008 12500 -0.537798 0.443795 27.9913 162.639 -13 452 1 0 1
25.7922 -20.5797 12500 -0.870797 -0.329576 27.9845 162.609 -13 453 1 0 1
-20.9464 -14.7557 12500 -0.37694 -0.227354 27.9965 162.636 -13 454 1 0 1
23.4344 6.7968 12500 -0.838696 0.0935799 27.9873 162.6 -13 455 1 0 1
-25.9885 -67.5261 12500 -0.132562 -0.964692 27.9831 162.714 -13 456 1 0 1
-10.4595 -6.58145 12500 -0.48831 -0.111978 27.9955 162.625 -13 457 1 0 1
-22.6469 -52.8261 12500 -0.241811 -0.785038 27.9879 162.693 -13 458 1 0 1
-11.2645 -8.14556 12500 -0.477724 -0.113288 27.9957 162.627 -13 459 1 0 1
-26.291 25.6575 12500 -0.311896 0.398174 27.9954 162.645 -13 460 1 0 1
-6.78181 27.8436 12500 -0.516193 0.460615 27.9915 162.642 -13 461 1 0 1
-1.9953 4.13423 12500 -0.601452 0.0564859 27.9935 162.606 -13 462 1 0 1
14.5223 -18.9224 12500 -0.75196 -0.288362 27.9884 162.607 -13 463 1 0 1
13.0011 25.9769 12500 -0.722218 0.389553 27.988 162.623 -13 464 1 0 1
-27.4878 -25.654 12500 -0.294503 -0.380388 27.9959 162.646 -13 465 1 0 1
-10.5388 -24.5607 12500 -0.486452 -0.398273 27.9929 162.635 -13 466 1 0 1
2.76583 -65.5595 12500 -0.578103 -0.98355 27.9767 162.712 -13 467 1 0 1
-5.58437 -0.943803 12500 -0.54215 -0.0306906 27.9947 162.619 -13 468 1 0 1
36.6803 17.5319 12500 -0.970857 0.264643 27.9819 162.614 -13 469 1 0 1
24.0587 -11.4892 12500 -0.860417 -0.189571 27.9861 162.598 -13 470 1 0 1
-9.62519 15.0714 12500 -0.496241 0.261557 27.9944 162.629 -13 471 1 0 1
7.10106 -18.8595 12500 -0.664462 -0.34514 27.99 162.625 -13 472 1 0 1
12.9939 33.4451 12500 -0.710484 0.511486 27.9863 162.637 -13 473 1 0 1
0.915663 -48.8439 12500 -0.570215 -0.765903 27.9837 162.676 -13 474 1 0 1
-0.228669 -9.37886 12500 -0.585695 -0.172775 27.9933 162.623 -13 475 1 0 1
-17.1225 42.9303 12500 -0.375776 0.644823 27.9901 162.664 -13 476 1 0 1
16.1509 -47.7353 12500 -0.723511 -0.732882 27.9811 162.678 -13 477 1 0 1
-26.7382 -61.2347 12500 -0.162457 -0.87222 27.9859 162.702 -13 478 1 0 1
6.45865 5.71748 12500 -0.678622 0.119399 27.9915 162.605 -13 479 1 0 1
-7.84993 -8.4832 12500 -0.49943 -0.122538 27.9953 162.63 -13 480 1 0 1
12.9633 -4.33348 12500 -0.739486 -0.0628354 27.9902 162.6 -13 481 1 0 1
-8.74113 -7.70115 12500 -0.503452 -0.123593 27.9952 162.625 -13 482 1 0 1
2.84581 15.9688 12500 -0.631594 0.307786 27.9912 162.621 -13 483 1 0 1
16.8937 20.652 12500 -0.765156 0.345135 27.9874 162.617 -13 484 1 0 1
13.8738 -36.656 12500 -0.725337 -0.574306 27.9847 162.645 -13 485 1 0 1
-12.534 -58.8611 12500 -0.368926 -0.904912 27.9829 162.709 -13 486 1 0 1
6.75313 -46.8066 12500 -0.640537 -0.688007 27.9842 162.659 -13 487 1 0 1
4.17177 -34.6962 12500 -0.628212 -0.567284 27.9872 162.646 -13 488 1 0 1
-28.1303 -45.3438 12500 -0.228832 -0.699434 27.9903 162.675 -13 489 1 0 1
24.6924 -38.5997 12500 -0.85297 -0.591626 27.9808 162.643 -13 490 1 0 1
34.5197 30.1157 12500 -0.976318 0.454076 27.9793 162.624 -13 491 1 0 1
30.1406 23.8392 12500 -0.926887 0.359674 27.9823 162.609 -13 492 1 0 1
24.4151 4.57166 12500 -0.860245 0.0823505 27.9867 162.595 -13 493 1 0 1
3.57121 -12.7151 12500 -0.629408 -0.203634 27.9922 162.619 -13 494 1 0 1
9.01721 36.3698 12500 -0.679917 0.56133 27.9861 162.64 -13 495 1 0 1
6.64882 26.084 12500 -0.656026 0.372806 27.9898 162.625 -13 496 1 0 1
4.62148 -18.6272 12500 -0.659602 -0.29624 27.9907 162.61 -13 497 1 0 1
-17.7809 1.05335 12500 -0.432326 0.0331809 27.9966 162.622 -13 498 1 0 1
8.79843 -23.3557 12500 -0.662061 -0.412059 27.9891 162.638 -13 499 1 0 1
12.3559 35.8567 12500 -0.711011 0.566647 27.9852 162.643 -13 500 1 0 1
2.04794 30.5562 12500 -0.601807 0.494006 27.9892 162.641 -13 501 1 0 1
28.3039 12.0261 12500 -0.892284 0.186509 27.9852 162.603 -13 502 1 0 1
-18.3874 3.10506 12500 -0.424693 0.0399685 27.9968 162.623 -13 503 1 0 1
-1.42155 18.7927 12500 -0.589445 0.324031 27.9919 162.622 -13 504 1 0 1
-0.16934 -6.77751 12500 -0.598823 -0.127097 27.9933 162.616 -13 505 1 0 1
-5.85245 16.2261 12500 -0.541081 0.295884 27.9932 162.626 -13 506 1 0 1
-13.4043 3.62712 12500 -0.474878 0.0391651 27.9959 162.62 -13 507 1 0 1
-12.2443 -43.5932 12500 -0.414986 -0.667845 27.989 162.671 -13 508 1 0 1
8.73703 2.17717 12500 -0.686467 0.0369535 27.9916 162.608 -13 509 1 0 1
2.83055 -35.9478 12500 -0.609382 -0.556414 27.9878 162.645 -13 510 1 0 1
-6.0562 13.1037 12500 -0.530258 0.219381 27.9941 162.627 -13 511 1 0 1
18.9971 23.9371 12500 -0.786838 0.350605 27.9867 162.616 -13 512 1 0 1
5.78427 -12.7888 12500 -0.643549 -0.183697 27.992 162.62 -13 513 1 0 1
-22.1716 -71.5423 12500 -0.185369 -1.0258 27.9806 162.718 -13 514 1 0 1
16.5944 17.0488 12500 -0.773442 0.269772 27.988 162.606 -13 515 1 0 1
5.4197 -59.1734 12500 -0.595015 -0.890898 27.9795 162.706 -13 516 1 0 1
-4.63603 -16.6917 12500 -0.549648 -0.271746 27.9933 162.624 -13 517 1 0 1
8.65756 36.2963 12500 -0.650099 0.555187 27.9869 162.65 -13 518 1 0 1
31.4369 13.1431 12500 -0.946355 0.172888 27.9835 162.594 -13 519 1 0 1
2.90266 60.8713 12500 -0.590801 0.920813 27.9786 162.703 -13 520 1 0 1
35.664 -28.8894 12500 -0.976126 -0.447616 27.9794 162.631 -13 521 1 0 1
23.9313 23.5445 12500 -0.84581 0.365132 27.9848 162.614 -13 522 1 0 1
-19.3696 14.1812 12500 -0.409826 0.198601 27.9963 162.628 -13 523 1 0 1
-28.4181 -34.2168 12500 -0.273874 -0.489719 27.9944 162.651 -13 524 1 0 1
9.4719 14.867 12500 -0.690033 0.243189 27.9904 162.615 -13 525 1 0 1
-15.8557 2.12905 12500 -0.433473 0.0176642 27.9966 162.628 -13 526 1 0 1
-22.5365 -71.8827 12500 -0.144839 -1.02592 27.9808 162.727 -13 527 1 0 1
16.8675 -15.5986 12500 -0.768415 -0.245758 27.9884 162.609 -13 528 1 0 1
-1.66943 52.8797 12500 -0.517099 0.827166 27.983 162.694 -13 529 1 0 1
-6.26439 17.9463 12500 -0.523754 0.268801 27.9938 162.628 -13 530 1 0 1
26.6136 -29.9761 12500 -0.881511 -0.435161 27.9827 162.619 -13 531 1 0 1
-8.71213 13.9752 12500 -0.513984 0.202212 27.9946 162.623 -13 532 1 0 1
-18.0371 10.0958 12500 -0.409972 0.120806 27.9967 162.631 -13 533 1 0 1
4.52816 -36.6792 12500 -0.637094 -0.58283 27.9867 162.644 -13 534 1 0 1
27.2232 -20.2588 12500 -0.901052 -0.334506 27.9835 162.604 -13 535 1 0 1
21.4447 67.6518 12500 -0.81391 1.02238 27.9695 162.745 -13 536 1 0 1
-13.8393 -9.21518 12500 -0.459841 -0.191393 27.9956 162.629 -13 537 1 0 1
-31.9589 3.57605 12500 -0.282748 0.0352606 27.9986 162.632 -13 538 1 0 1
-2.9878 -49.2578 12500 -0.531205 -0.754706 27.9848 162.672 -13 539 1 0 1
8.70519 42.8634 12500 -0.684067 0.653172 27.984 162.648 -13 540 1 0 1
-26.6188 -11.2306 12500 -0.312002 -0.181683 27.9977 162.641 -13 541 1 0 1
-26.0871 -5.29603 12500 -0.302891 -0.0805987 27.9982 162.645 -13 542 1 0 1
-14.4269 -57.7547 12500 -0.36586 -0.865194 27.9842 162.695 -13 543 1 0 1
-15.4621 10.2199 12500 -0.447345 0.203694 27.9957 162.628 -13 544 1 0 1
15.8765 35.7272 12500 -0.762773 0.577986 27.9836 162.641 -13 545 1 0 1
13.401 -7.87286 12500 -0.737948 -0.116166 27.99 162.604 -13 546 1 0 1
-17.8801 9.08023 12500 -0.417887 0.133647 27.9966 162.628 -13 547 1 0 1
7.93082 8.00485 12500 -0.690428 0.115103 27.9912 162.604 -13 548 1 0 1
22.553 27.7521 12500 -0.834085 0.426417 27.9843 162.62 -13 549 1 0 1
-24.3061 -30.8813 12500 -0.319926 -0.454529 27.9945 162.651 -13 550 1 0 1
3.16375 -22.6791 12500 -0.627676 -0.360811 27.9906 162.623 -13 551 1 0 1
22.9848 3.09574 12500 -0.841649 0.0438455 27.9873 162.596 -13 552 1 0 1
0.978508 9.35709 12500 -0.612433 0.165594 27.9928 162.615 -13 553 1 0 1
10.7904 66.9234 12500 -0.662718 1.00457 27.9741 162.727 -13 554 1 0 1
22.3059 -7.79434 12500 -0.838289 -0.128973 27.9872 162.597 -13 555 1 0 1
-17.4835 2.21619 12500 -0.421744 0.0426504 27.9968 162.627 -13 556 1 0 1
11.5637 -11.1064 12500 -0.727661 -0.169694 27.99 162.603 -13 557 1 0 1
-42.8952 -22.8499 12500 -0.0929085 -0.328605 27.9979 162.649 -13 558 1 0 1
25.8201 47.0561 12500 -0.856709 0.711911 27.9778 162.668 -13 559 1 0 1
9.72887 23.5648 12500 -0.70056 0.365058 27.9889 162.618 -13 560 1 0 1
5.96406 9.81865 12500 -0.667404 0.148885 27.9916 162.608 -13 561 1 0 1
-7.86411 41.2775 12500 -0.490789 0.615565 27.9889 162.654 -13 562 1 0 1
28.9525 0.61572 12500 -0.897451 -0.00194377 27.9856 162.599 -13 563 1 0 1
23.0627 54.6554 12500 -0.814104 0.830395 27.9758 162.696 -13 564 1 0 1
9.18915 15.1763 12500 -0.716237 0.264055 27.9896 162.604 -13 565 1 0 1
14.0987 23.3541 12500 -0.740881 0.393822 27.9874 162.621 -13 566 1 0 1
12.0288 -15.913 12500 -0.734129 -0.255499 27.9892 162.605 -13 567 1 0 1
27.3893 6.42513 12500 -0.896807 0.0936601 27.9855 162.593 -13 568 1 0 1
40.0891 7.84443 12500 -1.01825 0.106674 27.9813 162.604 -13 569 1 0 1
6.8318 29.9922 12500 -0.669374 0.474454 27.988 162.629 -13 570 1 0 1
3.20727 -20.4812 12500 -0.623279 -0.341844 27.991 162.625 -13 571 1 0 1
4.30476 44.7394 12500 -0.607365 0.710907 27.9844 162.67 -13 572 1 0 1
-26.9288 -7.71374 12500 -0.322009 -0.12258 27.9979 162.635 -13 573 1 0 1
-13.029 1.61689 12500 -0.46438 0.024494 27.9961 162.625 -13 574 1 0 1
-28.7417 -30.4675 12500 -0.273986 -0.457825 27.9949 162.651 -13 575 1 0 1
-21.0623 -40.9625 12500 -0.315715 -0.601648 27.9918 162.668 -13 576 1 0 1
15.8878 22.0673 12500 -0.777714 0.317883 27.9874 162.604 -13 577 1 0 1
54.2251 32.831 12500 -1.21606 0.4651 27.9697 162.638 -13 578 1 0 1
-7.84843 -11.8814 12500 -0.524692 -0.161214 27.9946 162.62 -13 579 1 0 1
16.4876 34.4331 12500 -0.75627 0.54073 27.9846 162.638 -13 580 1 0 1
-0.327806 -26.1497 12500 -0.588154 -0.410413 27.9908 162.632 -13 581 1 0 1
-5.04143 -16.6515 12500 -0.554964 -0.263159 27.9933 162.619 -13 582 1 0 1
-18.7207 -16.8333 12500 -0.391066 -0.293332 27.9957 162.64 -13 583 1 0 1
31.4765 26.6032 12500 -0.943836 0.415699 27.981 162.617 -13 584 1 0 1
38.5489 24.2095 12500 -1.01855 0.370896 27.979 162.616 -13 585 1 0 1
-12.1762 12.5926 12500 -0.467544 0.216556 27.9953 162.631 -13 586 1 0 1
-25.5146 -24.0082 12500 -0.309975 -0.37245 27.9958 162.647 -13 587 1 0 1
-17.4239 6.52508 12500 -0.42543 0.120145 27.9965 162.627 -13 588 1 0 1
3.67654 -21.9999 12500 -0.624619 -0.36836 27.9906 162.628 -13 589 1 0 1
30.7934 15.1269 12500 -0.912722 0.222993 27.9842 162.607 -13 590 1 0 1
24.8028 -26.3636 12500 -0.873358 -0.415132 27.9833 162.613 -13 591 1 0 1
-0.499928 5.96522 12500 -0.605604 0.129996 27.9931 162.612 -13 592 1 0 1
-14.1675 -29.407 12500 -0.439052 -0.451621 27.9929 162.643 -13 593 1 0 1
26.5887 -9.91472 12500 -0.890035 -0.168939 27.9853 162.596 -13 594 1 0 1
6.16314 35.8971 12500 -0.637009 0.543608 27.9875 162.644 -13 595 1 0 1
-2.27705 -21.5715 12500 -0.571369 -0.337862 27.9921 162.625 -13 596 1 0 1
59.1106 40.5056 12500 -1.27671 0.576278 27.9649 162.666 -13 597 1 0 1
18.145 8.70867 12500 -0.776533 0.136194 27.9889 162.607 -13 598 1 0 1
25.951 -5.71031 12500 -0.875306 -0.0927605 27.9862 162.596 -13 599 1 0 1
-27.1125 -55.2836 12500 -0.230649 -0.784688 27.9881 162.677 -13 600 1 0 1
17.4578 9.99689 12500 -0.800925 0.127215 27.9883 162.592 -13 601 1 0 1
-10.6667 16.4204 12500 -0.48778 0.257395 27.9946 162.627 -13 602 1 0 1
-13.9522 -39.4849 12500 -0.411485 -0.611078 27.9903 162.663 -13 603 1 0 1
10.09 6.18517 12500 -0.70377 0.129647 27.9909 162.608 -13 604 1 0 1
-27.6632 -40.4287 12500 -0.225805 -0.606683 27.9925 162.674 -13 605 1 0 1
-2.28437 1.20541 12500 -0.58188 0.0134519 27.9939 162.614 -13 606 1 0 1
31.029 -0.196526 12500 -0.935197 -0.0286466 27.9844 162.593 -13 607 1 0 1
-6.60238 21.2217 12500 -0.514932 0.343062 27.9932 162.633 -13 608 1 0 1
-9.08851 -21.5473 12500 -0.501161 -0.35106 27.9933 162.631 -13 609 1 0 1
-30.0405 -55.5998 12500 -0.142703 -0.772237 27.989 162.689 -13 610 1 0 1
3.81137 -6.66748 12500 -0.638166 -0.0705038 27.9926 162.611 -13 611 1 0 1
12.2883 20.5223 12500 -0.730255 0.326428 27.9886 162.611 -13 612 1 0 1
-4.15677 -31.2421 12500 -0.538124 -0.451873 27.9912 162.637 -13 613 1 0 1
16.7523 20.3633 12500 -0.778359 0.307048 27.9875 162.606 -13 614 1 0 1
22.0905 -11.467 12500 -0.847796 -0.171575 27.9866 162.593 -13 615 1 0 1
5.03312 48.3698 12500 -0.610573 0.733767 27.9837 162.671 -13 616 1 0 1
2.19902 0.183122 12500 -0.631029 0.0437013 27.9929 162.609 -13 617 1 0 1
6.27751 -35.9072 12500 -0.634667 -0.565889 27.9871 162.651 -13 618 1 0 1
-33.7589 -19.9939 12500 -0.241766 -0.308497 27.9973 162.64 -13 619 1 0 1
28.3699 59.9894 12500 -0.914113 0.883836 27.9711 162.706 -13 620 1 0 1
36.6984 41.4374 12500 -1.0013 0.627683 27.9751 162.655 -13 621 1 0 1
-36.0967 -38.9482 12500 -0.135104 -0.543413 27.9944 162.665 -13 622 1 0 1
-3.64188 -43.8526 12500 -0.538906 -0.682246 27.9865 162.66 -13 623 1 0 1
-22.678 39.4492 12500 -0.313418 0.607834 27.9916 162.665 -13 624 1 0 1
23.7072 22.6692 12500 -0.851289 0.339118 27.985 162.608 -13 625 1 0 1
24.0912 14.3807 12500 -0.849299 0.20785 27.9863 162.602 -13 626 1 0 1
7.64845 18.7179 12500 -0.66937 0.297213 27.9904 162.618 -13 627 1 0 1
-16.8607 23.153 12500 -0.403552 0.334876 27.9951 162.641 -13 628 1 0 1
-7.55468 34.1654 12500 -0.517291 0.533702 27.9901 162.642 -13 629 1 0 1
-20.2913 -43.8182 12500 -0.32204 -0.63795 27.9909 162.67 -13 630 1 0 1
32.0909 19.2311 12500 -0.942494 0.299645 27.9825 162.606 -13 631 1 0 1
1.92328 23.6808 12500 -0.628545 0.398551 27.9901 162.623 -13 632 1 0 1
17.3156 -35.9715 12500 -0.770277 -0.580945 27.9834 162.644 -13 633 1 0 1
54.56 18.4915 12500 -1.20878 0.268031 27.9726 162.613 -13 634 1 0 1
-2.3509 -16.5697 12500 -0.589221 -0.243192 27.9927 162.613 -13 635 1 0 1
-4.10977 4.30881 12500 -0.546375 0.038552 27.9946 162.623 -13 636 1 0 1
-5.98995 -5.2381 12500 -0.552891 -0.0807281 27.9944 162.613 -13 637 1 0 1
-16.6742 -32.8605 12500 -0.383767 -0.522253 27.9925 162.659 -13 638 1 0 1
29.7017 -30.2889 12500 -0.908562 -0.482434 27.9811 162.633 -13 639 1 0 1
15.5051 -23.0847 12500 -0.760708 -0.402517 27.9868 162.62 -13 640 1 0 1
23.2516 -1.72398 12500 -0.829615 -0.0198861 27.9877 162.602 -13 641 1 0 1
18.7077 19.2378 12500 -0.792277 0.300291 27.9872 162.608 -13 642 1 0 1
17.085 -53.1443 12500 -0.75834 -0.858675 27.9766 162.701 -13 643 1 0 1
22.2011 8.97025 12500 -0.843676 0.131312 27.987 162.594 -13 644 1 0 1
-28.3339 -29.1587 12500 -0.252066 -0.454741 27.9952 162.661 -13 645 1 0 1
7.83466 -36.712 12500 -0.662016 -0.582771 27.9861 162.647 -13 646 1 0 1
2.58087 -41.6254 12500 -0.594303 -0.643279 27.9863 162.658 -13 647 1 0 1
-5.89271 28.3296 12500 -0.534803 0.446907 27.9913 162.636 -13 648 1 0 1
10.173 34.4671 12500 -0.706665 0.514292 27.9864 162.628 -13 649 1 0 1
23.6193 100.587 12500 -0.892453 1.37894 27.9518 162.899 -13 650 1 0 1
37.202 -1.882 12500 -1.01629 -0.01316 27.9815 162.589 -13 651 1 0 1
4.31265 -1.05921 12500 -0.645775 -0.0149127 27.9925 162.609 -13 652 1 0 1
14.0146 17.6528 12500 -0.748082 0.275912 27.9886 162.607 -13 653 1 0 1
-13.6202 -16.9465 12500 -0.443837 -0.26667 27.9952 162.635 -13 654 1 0 1
22.0535 2.44091 12500 -0.827043 0.00376379 27.9878 162.598 -13 655 1 0 1
6.37941 -30.6716 12500 -0.645095 -0.484896 27.9884 162.638 -13 656 1 0 1
-32.6321 -6.26859 12500 -0.251848 -0.101561 27.9987 162.64 -13 657 1 0 1
27.9419 4.38397 12500 -0.901079 0.089461 27.9854 162.595 -13 658 1 0 1
15.9806 27.7274 12500 -0.763589 0.438217 27.9862 162.623 -13 659 1 0 1
-17.0158 -37.1885 12500 -0.369737 -0.586129 27.9914 162.667 -13 660 1 0 1
-32.9163 -56.0481 12500 -0.121619 -0.806731 27.9881 162.682 -13 661 1 0 1
-12.1744 -24.6321 12500 -0.453307 -0.368895 27.9939 162.641 -13 662 1 0 1
-7.5406 -3.56792 12500 -0.53356 -0.0871552 27.9948 162.617 -13 663 1 0 1
-16.0594 23.9198 12500 -0.445336 0.349778 27.9943 162.63 -13 664 1 0 1
2.96791 -27.8655 12500 -0.634004 -0.471178 27.9889 162.631 -13 665 1 0 1
-18.257 27.0673 12500 -0.400387 0.444162 27.9936 162.644 -13 666 1 0 1
-22.936 -21.1566 12500 -0.34795 -0.338215 27.9958 162.641 -13 667 1 0 1
45.6509 41.4507 12500 -1.12051 0.62456 27.9706 162.663 -13 668 1 0 1
20.0128 -17.5832 12500 -0.792873 -0.302802 27.9871 162.616 -13 669 1 0 1
-7.58483 -62.6243 12500 -0.441885 -0.934298 27.9809 162.705 -13 670 1 0 1
1.78825 -25.2941 12500 -0.598193 -0.40944 27.9906 162.636 -13 671 1 0 1
37.1589 71.7083 12500 -1.02158 0.998541 27.9635 162.755 -13 672 1 0 1
6.74943 26.5001 12500 -0.67445 0.461083 27.9881 162.629 -13 673 1 0 1
53.5001 -9.10987 12500 -1.20729 -0.113181 27.9737 162.598 -13 674 1 0 1
11.4308 -7.14108 12500 -0.730859 -0.103716 27.9903 162.599 -13 675 1 0 1
-32.8967 -30.7742 12500 -0.217466 -0.47246 27.9952 162.655 -13 676 1 0 1
-4.70696 22.1999 12500 -0.547504 0.376985 27.9921 162.63 -13 677 1 0 1
-15.9276 -13.2144 12500 -0.41305 -0.22716 27.996 162.641 -13 678 1 0 1
0.466162 2.6481 12500 -0.60969 0.0684282 27.9933 162.612 -13 679 1 0 1
16.924 13.3761 12500 -0.790994 0.212791 27.988 162.599 -13 680 1 0 1
-0.0675615 26.1072 12500 -0.608388 0.467994 27.9895 162.633 -13 681 1 0 1
25.7754 29.9333 12500 -0.858854 0.494518 27.9825 162.637 -13 682 1 0 1
-25.5313 -31.2205 12500 -0.290003 -0.48804 27.9942 162.659 -13 683 1 0 1
4.29363 25.4378 12500 -0.625935 0.367315 27.9906 162.629 -13 684 1 0 1
28.0008 -26.7147 12500 -0.897171 -0.41785 27.9825 162.619 -13 685 1 0 1
38.3621 3.12746 12500 -1.02027 0.0488705 27.9814 162.594 -13 686 1 0 1
-5.94258 -40.1597 12500 -0.487187 -0.657666 27.988 162.674 -13 687 1 0 1
31.0763 56.7229 12500 -0.947513 0.844638 27.9712 162.7 -13 688 1 0 1
7.57192 13.6469 12500 -0.674282 0.220662 27.991 162.614 -13 689 1 0 1
0.341133 21.0612 12500 -0.581003 0.362605 27.9916 162.634 -13 690 1 0 1
17.5145 -12.7852 12500 -0.790522 -0.228315 27.9879 162.604 -13 691 1 0 1
17.8505 -8.56497 12500 -0.782292 -0.149967 27.9887 162.604 -13 692 1 0 1
26.3693 -3.63024 12500 -0.868881 -0.0145124 27.9865 162.6 -13 693 1 0 1
-19.1335 -44.4291 12500 -0.328242 -0.673049 27.99 162.675 -13 694 1 0 1
16.5582 26.9456 12500 -0.769934 0.438934 27.986 162.624 -13 695 1 0 1
18.7991 59.7312 12500 -0.769438 0.913485 27.9745 162.714 -13 696 1 0 1
19.2584 16.9198 12500 -0.790902 0.269821 27.9875 162.61 -13 697 1 0 1
-16.4321 -8.66513 12500 -0.446419 -0.0927145 27.9963 162.621 -13 698 1 0 1
5.38343 -19.6244 12500 -0.639113 -0.315381 27.9909 162.624 -13 699 1 0 1
6.51911 7.71334 12500 -0.668046 0.119783 27.9918 162.609 -13 700 1 0 1
28.4467 2.39861 12500 -0.887568 0.0591087 27.9859 162.602 -13 701 1 0 1
4.42957 -18.0624 12500 -0.626714 -0.264639 27.9917 162.623 -13 702 1 0 1
11.1146 5.23741 12500 -0.72674 0.0980218 27.9904 162.6 -13 703 1 0 1
41.9789 17.9379 12500 -1.05503 0.267545 27.9788 162.608 -13 704 1 0 1
2.95376 5.87713 12500 -0.642549 0.0889871 27.9925 162.606 -13 705 1 0 1
12.7283 50.7656 12500 -0.696599 0.789722 27.9802 162.682 -13 706 1 0 1
11.5273 -2.52758 12500 -0.732404 -0.0577416 27.9904 162.598 -13 707 1 0 1
4.42416 -49.4902 12500 -0.627634 -0.780194 27.9821 162.671 -13 708 1 0 1
26.6736 22.9484 12500 -0.873432 0.360732 27.984 162.615 -13 709 1 0 1
12.2155 15.1767 12500 -0.71801 0.256041 27.9896 162.614 -13 710 1 0 1
-3.12728 -15.9209 12500 -0.581077 -0.24251 27.9929 162.614 -13 711 1 0 1
-13.9133 -30.5605 12500 -0.427304 -0.485732 27.9925 162.651 -13 712 1 0 1
-6.20372 -0.901989 12500 -0.544342 -0.00137837 27.9947 162.616 -13 713 1 0 1
-8.67544 -0.484636 12500 -0.512535 -0.0384694 27.9953 162.621 -13 714 1 0 1
7.23879 -4.0205 12500 -0.679004 -0.0460209 27.9917 162.605 -13 715 1 0 1
2.95831 0.687227 12500 -0.643707 0.00513598 27.9926 162.605 -13 716 1 0 1
-14.0095 17.4569 12500 -0.460434 0.319405 27.9944 162.63 -13 717 1 0 1
5.50184 32.9529 12500 -0.638201 0.51175 27.988 162.638 -13 718 1 0 1
-8.03895 -56.5639 12500 -0.432532 -0.883841 27.9827 162.707 -13 719 1 0 1
-5.2877 -45.4592 12500 -0.512439 -0.717823 27.9861 162.668 -13 720 1 0 1
-3.42738 18.9321 12500 -0.557314 0.348161 27.9923 162.631 -13 721 1 0 1
-21.7246 -4.55824 12500 -0.382742 -0.0822929 27.9973 162.629 -13 722 1 0 1
33.7515 38.2928 12500 -0.943882 0.574195 27.9782 162.648 -13 723 1 0 1
53.6206 21.2383 12500 -1.18637 0.310998 27.9731 162.621 -13 724 1 0 1
3.23024 -29.6292 12500 -0.633122 -0.500188 27.9884 162.635 -13 725 1 0 1
15.9524 81.3235 12500 -0.735116 1.17493 27.9657 162.784 -13 726 1 0 1
1.58019 -3.92164 12500 -0.62933 -0.0711088 27.9928 162.607 -13 727 1 0 1
-17.6431 23.4956 12500 -0.398291 0.361387 27.9948 162.641 -13 728 1 0 1
-4.2692 -53.7235 12500 -0.506842 -0.829037 27.9831 162.687 -13 729 1 0 1
14.0355 -31.6437 12500 -0.735677 -0.4924 27.986 162.63 -13 730 1 0 1
-10.5526 -14.3056 12500 -0.482166 -0.215272 27.995 162.63 -13 731 1 0 1
4.84968 39.5258 12500 -0.605049 0.617238 27.9867 162.66 -13 732 1 0 1
-19.2671 12.616 12500 -0.401219 0.186484 27.9965 162.632 -13 733 1 0 1
-20.4187 12.3615 12500 -0.380936 0.200704 27.9967 162.636 -13 734 1 0 1
-17.4339 -80.8213 12500 -0.201346 -1.12131 27.9768 162.744 -13 735 1 0 1
-14.2619 -7.01888 12500 -0.459894 -0.0938725 27.9961 162.623 -13 736 1 0 1
-12.787 31.7674 12500 -0.42416 0.521844 27.9919 162.657 -13 737 1 0 1
-2.78754 -24.9686 12500 -0.569017 -0.358577 27.9919 162.626 -13 738 1 0 1
43.4604 88.433 12500 -1.14224 1.15482 27.9528 162.837 -13 739 1 0 1
20.1771 85.41 12500 -0.79136 1.25467 27.9607 162.836 -13 740 1 0 1
16.8212 50.848 12500 -0.77169 0.787655 27.9783 162.674 -13 741 1 0 1
17.8995 -9.18974 12500 -0.777321 -0.152877 27.9888 162.606 -13 742 1 0 1
13.3125 16.82 12500 -0.733917 0.255273 27.9892 162.609 -13 743 1 0 1
3.03642 -21.1541 12500 -0.633431 -0.356556 27.9906 162.62 -13 744 1 0 1
33.0234 91.9418 12500 -1.01689 1.248 27.9537 162.862 -13 745 1 0 1
40.1345 1.33884 12500 -1.04185 0.00758025 27.9806 162.593 -13 746 1 0 1
-10.2867 -2.46341 12500 -0.484332 -0.0661792 27.9957 162.627 -13 747 1 0 1
12.4651 30.2574 12500 -0.726864 0.449421 27.987 162.622 -13 748 1 0 1
18.9331 37.0735 12500 -0.770376 0.593692 27.9831 162.652 -13 749 1 0 1
9.11767 15.1762 12500 -0.680225 0.255465 27.9906 162.618 -13 750 1 0 1
-5.04994 -9.66276 12500 -0.553616 -0.145663 27.9941 162.618 -13 751 1 0 1
-6.24024 -39.2453 12500 -0.506626 -0.602504 27.9889 162.655 -13 752 1 0 1
1.17587 -22.4689 12500 -0.59252 -0.356224 27.9915 162.631 -13 753 1 0 1
18.9297 7.14582 12500 -0.780638 0.087077 27.989 162.606 -13 754 1 0 1
19.9324 57.7358 12500 -0.789768 0.83734 27.9763 162.687 -13 755 1 0 1
26.3144 41.6148 12500 -0.855488 0.637482 27.9797 162.657 -13 756 1 0 1
-11.4678 -33.3521 12500 -0.44588 -0.503708 27.9919 162.652 -13 757 1 0 1
0.671326 -47.7232 12500 -0.555166 -0.736915 27.9848 162.677 -13 758 1 0 1
31.8905 108.646 12500 -1.04548 1.39965 27.9454 162.947 -13 759 1 0 1
11.5783 -16.4279 12500 -0.705463 -0.253422 27.99 162.616 -13 760 1 0 1
-1.14642 -28.2097 12500 -0.563971 -0.465063 27.9905 162.645 -13 761 1 0 1
22.138 53.6289 12500 -0.81799 0.807276 27.9764 162.684 -13 762 1 0 1
-14.0859 -19.5681 12500 -0.440579 -0.302035 27.9949 162.635 -13 763 1 0 1
17.8994 37.8906 12500 -0.788623 0.624004 27.9819 162.648 -13 764 1 0 1
14.0431 -15.2492 12500 -0.759814 -0.241981 27.9886 162.601 -13 765 1 0 1
29.6922 57.6654 12500 -0.921289 0.846522 27.972 162.698 -13 766 1 0 1
-27.7188 -44.3604 12500 -0.228788 -0.656858 27.9914 162.673 -13 767 1 0 1
3.26461 -14.3777 12500 -0.634994 -0.25943 27.9916 162.618 -13 768 1 0 1
6.69549 -34.3253 12500 -0.661878 -0.531161 27.9871 162.635 -13 769 1 0 1
6.11537 33.2408 12500 -0.665649 0.543475 27.9868 162.636 -13 770 1 0 1
15.4074 25.8429 12500 -0.758355 0.421637 27.9866 162.622 -13 771 1 0 1
10.4704 51.6372 12500 -0.684581 0.788983 27.9805 162.676 -13 772 1 0 1
10.0649 2.76766 12500 -0.700802 0.0258199 27.9912 162.607 -13 773 1 0 1
-12.317 0.113368 12500 -0.471187 0.00896451 27.996 162.625 -13 774 1 0 1
-8.88312 -2.3444 12500 -0.515202 -0.0198771 27.9953 162.619 -13 775 1 0 1
7.63954 -6.36071 12500 -0.671455 -0.110965 27.9917 162.612 -13 776 1 0 1
-5.08404 -2.53059 12500 -0.539452 -0.0443826 27.9948 162.622 -13 777 1 0 1
-13.4962 -3.80014 12500 -0.461688 -0.0539635 27.9961 162.625 -13 778 1 0 1
-0.382112 0.909439 12500 -0.610056 -0.00267241 27.9934 162.608 -13 779 1 0 1
21.218 7.33355 12500 -0.805641 0.11091 27.9882 162.606 -13 780 1 0 1
-9.05726 -42.5715 12500 -0.459725 -0.69475 27.9876 162.674 -13 781 1 0 1
-21.457 -26.5954 12500 -0.384222 -0.41044 27.9944 162.636 -13 782 1 0 1
0.163591 7.21852 12500 -0.609863 0.155279 27.9929 162.614 -13 783 1 0 1
-29.42 -11.2934 12500 -0.287929 -0.208683 27.9977 162.642 -13 784 1 0 1
10.857 -4.13139 12500 -0.69557 -0.0556126 27.9913 162.613 -13 785 1 0 1
6.87732 -15.2943 12500 -0.67246 -0.251879 27.9908 162.613 -13 786 1 0 1
28.1756 16.0106 12500 -0.906478 0.240782 27.9843 162.598 -13 787 1 0 1
-29.7165 -35.0323 12500 -0.236852 -0.504191 27.9945 162.659 -13 788 1 0 1
23.3664 80.2959 12500 -0.822107 1.14361 27.9646 162.789 -13 789 1 0 1
-11.2062 -36.0954 12500 -0.474608 -0.555352 27.9905 162.645 -13 790 1 0 1
6.73043 -36.4926 12500 -0.675609 -0.58651 27.9857 162.638 -13 791 1 0 1
16.0074 4.52881 12500 -0.771726 0.0627949 27.9893 162.598 -13 792 1 0 1
24.5153 102.103 12500 -0.9262 1.38785 27.9502 162.91 -13 793 1 0 1
2.79051 -15.5834 12500 -0.607829 -0.27702 27.992 162.629 -13 794 1 0 1
-13.474 -39.8648 12500 -0.41579 -0.577682 27.991 162.658 -13 795 1 0 1
-2.52561 -21.0681 12500 -0.569414 -0.36378 27.9918 162.629 -13 796 1 0 1
-0.127426 43.7108 12500 -0.567414 0.694924 27.9856 162.666 -13 797 1 0 1
-10.0595 -31.3556 12500 -0.497058 -0.493692 27.9912 162.637 -13 798 1 0 1
-16.6567 8.56534 12500 -0.422065 0.113026 27.9966 162.63 -13 799 1 0 1
11.7871 22.9727 12500 -0.721105 0.357791 27.9884 162.616 -13 800 1 0 1
23.331 21.3037 12500 -0.832015 0.327611 27.9857 162.612 -13 801 1 0 1
23.4452 20.7368 12500 -0.859858 0.315613 27.985 162.601 -13 802 1 0 1
-7.70417 -35.3751 12500 -0.511223 -0.520765 27.9905 162.64 -13 803 1 0 1
-1.6113 -8.7908 12500 -0.578697 -0.166898 27.9935 162.621 -13 804 1 0 1
29.0617 -36.7144 12500 -0.912613 -0.550327 27.9797 162.633 -13 805 1 0 1
3.97738 11.7503 12500 -0.636044 0.159999 27.9923 162.615 -13 806 1 0 1
-18.9022 -34.5793 12500 -0.37147 -0.484845 27.9933 162.65 -13 807 1 0 1
26.921 -9.46276 12500 -0.890523 -0.162818 27.9854 162.597 -13 808 1 0 1
14.0695 39.9145 12500 -0.736872 0.614799 27.9835 162.644 -13 809 1 0 1
20.7275 10.5285 12500 -0.801676 0.16343 27.988 162.607 -13 810 1 0 1
-1.02777 -8.35408 12500 -0.603749 -0.110233 27.9933 162.609 -13 811 1 0 1
13.304 -5.07618 12500 -0.755267 -0.0452576 27.9898 162.595 -13 812 1 0 1
6.23078 -9.57146 12500 -0.655084 -0.190851 27.9917 162.618 -13 813 1 0 1
-5.35887 20.4188 12500 -0.535617 0.299504 27.9933 162.627 -13 814 1 0 1
15.2467 -33.8053 12500 -0.733808 -0.500331 27.9859 162.636 -13 815 1 0 1
50.7357 55.1971 12500 -1.18987 0.779611 27.9638 162.707 -13 816 1 0 1
6.46756 -48.1687 12500 -0.625348 -0.730152 27.9835 162.671 -13 817 1 0 1
-22.4278 -36.4268 12500 -0.322948 -0.541191 27.9929 162.659 -13 818 1 0 1
26.685 10.3945 12500 -0.881643 0.168474 27.9856 162.6 -13 819 1 0 1
9.85366 12.408 12500 -0.686813 0.235708 27.9906 162.62 -13 820 1 0 1
21.0821 -4.31196 12500 -0.805365 -0.0493922 27.9884 162.604 -13 821 1 0 1
-8.76389 12.6469 12500 -0.524111 0.213961 27.9943 162.62 -13 822 1 0 1
22.7383 -25.3395 12500 -0.846209 -0.381756 27.9846 162.61 -13 823 1 0 1
19.1468 57.8245 12500 -0.795246 0.890791 27.9745 162.704 -13 824 1 0 1
8.17656 12.0471 12500 -0.68957 0.201218 27.9908 162.609 -13 825 1 0 1
11.7341 -18.2656 12500 -0.721933 -0.279488 27.9893 162.609 -13 826 1 0 1
31.7178 -8.10774 12500 -0.935887 -0.139849 27.984 162.599 -13 827 1 0 1
-5.29037 -3.92612 12500 -0.546344 -0.075616 27.9946 162.619 -13 828 1 0 1
26.0976 25.7466 12500 -0.882792 0.428061 27.9828 162.619 -13 829 1 0 1
-14.1161 -3.22881 12500 -0.453701 -0.0136473 27.9963 162.626 -13 830 1 0 1
6.28581 17.8969 12500 -0.6688 0.303262 27.9904 162.615 -13 831 1 0 1
-3.7454 1.12559 12500 -0.567472 0.000868913 27.9942 162.615 -13 832 1 0 1
8.65225 -0.913844 12500 -0.682414 0.0286179 27.9917 162.611 -13 833 1 0 1
-10.548 17.4619 12500 -0.492041 0.271377 27.9944 162.626 -13 834 1 0 1
26.9406 -24.8459 12500 -0.895512 -0.396719 27.9829 162.612 -13 835 1 0 1
-3.59637 -7.50158 12500 -0.558254 -0.08549 27.9943 162.62 -13 836 1 0 1
34.8755 19.3958 12500 -0.963313 0.286472 27.982 162.609 -13 837 1 0 1
-6.32078 -39.2393 12500 -0.480478 -0.610088 27.9892 162.667 -13 838 1 0 1
-1.83125 -35.2569 12500 -0.560193 -0.537203 27.9892 162.645 -13 839 1 0 1
-4.42054 28.9445 12500 -0.537502 0.461708 27.991 162.641 -13 840 1 0 1
5.97361 51.1841 12500 -0.616566 0.811011 27.9815 162.688 -13 841 1 0 1
-11.6365 11.3245 12500 -0.467994 0.173233 27.9956 162.631 -13 842 1 0 1
-19.2841 18.716 12500 -0.382589 0.289084 27.9959 162.639 -13 843 1 0 1
12.8873 -23.8104 12500 -0.729029 -0.379539 27.9879 162.619 -13 844 1 0 1
23.5345 0.398129 12500 -0.859084 0.0139782 27.9868 162.591 -13 845 1 0 1
1.4475 -43.6727 12500 -0.584009 -0.704326 27.985 162.669 -13 846 1 0 1
14.4765 12.1132 12500 -0.742266 0.160872 27.9897 162.607 -13 847 1 0 1
11.7776 19.8361 12500 -0.728583 0.309461 27.9888 162.608 -13 848 1 0 1
3.8074 28.7947 12500 -0.641483 0.461022 27.9889 162.629 -13 849 1 0 1
-2.72224 -8.08071 12500 -0.587002 -0.135172 27.9935 162.611 -13 850 1 0 1
-4.44168 -7.65653 12500 -0.569314 -0.0965829 27.994 162.612 -13 851 1 0 1
12.609 0.926636 12500 -0.729479 -0.000589264 27.9905 162.603 -13 852 1 0 1
10.962 31.9425 12500 -0.704574 0.517261 27.9864 162.635 -13 853 1 0 1
-1.46522 59.6239 12500 -0.518429 0.896108 27.9809 162.703 -13 854 1 0 1
19.3838 8.12334 12500 -0.816095 0.117676 27.9879 162.593 -13 855 1 0 1
4.68951 -28.0125 12500 -0.627963 -0.461639 27.9892 162.64 -13 856 1 0 1
-5.22866 0.518454 12500 -0.53962 -0.0294625 27.9948 162.622 -13 857 1 0 1
12.3908 -26.1147 12500 -0.738487 -0.40539 27.9873 162.615 -13 858 1 0 1
34.2481 61.8932 12500 -0.965366 0.911746 27.9685 162.732 -13 859 1 0 1
3.81881 15.2919 12500 -0.648818 0.231184 27.9915 162.61 -13 860 1 0 1
0.859577 -34.2446 12500 -0.582776 -0.528578 27.9889 162.646 -13 861 1 0 1
-11.3615 -20.7626 12500 -0.48634 -0.327109 27.9939 162.627 -13 862 1 0 1
21.9033 6.95406 12500 -0.840076 0.122519 27.9871 162.594 -13 863 1 0 1
14.0704 15.6627 12500 -0.755855 0.277707 27.9884 162.607 -13 864 1 0 1
-0.250422 13.3472 12500 -0.598998 0.21022 27.9928 162.618 -13 865 1 0 1
-14.1367 -13.6564 12500 -0.467236 -0.236726 27.9951 162.625 -13 866 1 0 1
17.0186 2.93587 12500 -0.797729 0.00807964 27.9886 162.591 -13 867 1 0 1
37.793 16.0948 12500 -1.00235 0.236914 27.9811 162.605 -13 868 1 0 1
33.4952 27.5255 12500 -0.93926 0.411207 27.9812 162.626 -13 869 1 0 1
-19.2677 -90.1852 12500 -0.072277 -1.22305 27.9732 162.764 -13 870 1 0 1
38.6905 -23.5787 12500 -1 -0.342613 27.98 162.621 -13 871 1 0 1
36.6954 -46.0834 12500 -1.02083 -0.699311 27.9726 162.667 -13 872 1 0 1
36.4261 41.4831 12500 -1.00678 0.643555 27.9745 162.659 -13 873 1 0 1
10.8172 6.84764 12500 -0.725021 0.0956502 27.9904 162.599 -13 874 1 0 1
-12.1042 -32.5285 12500 -0.454242 -0.504655 27.9918 162.646 -13 875 1 0 1
-16.3758 -0.816901 12500 -0.43593 -0.0125766 27.9966 162.625 -13 876 1 0 1
6.12214 -4.83866 12500 -0.680519 -0.0446116 27.9917 162.601 -13 877 1 0 1
7.31879 45.8395 12500 -0.648515 0.740994 27.9827 162.673 -13 878 1 0 1
6.71792 30.3167 12500 -0.654947 0.452134 27.9887 162.63 -13 879 1 0 1
11.1149 -0.505736 12500 -0.713458 -0.0242647 27.9909 162.605 -13 880 1 0 1
-25.9748 -12.676 12500 -0.335357 -0.196387 27.9973 162.635 -13 881 1 0 1
4.31322 -12.3731 12500 -0.658541 -0.200479 27.9915 162.608 -13 882 1 0 1
7.68566 3.54769 12500 -0.687967 0.0211548 27.9915 162.603 -13 883 1 0 1
4.6669 -28.7771 12500 -0.649143 -0.467106 27.9886 162.63 -13 884 1 0 1
-21.3313 -12.39 12500 -0.390975 -0.213234 27.9965 162.63 -13 885 1 0 1
27.4447 42.5151 12500 -0.888318 0.633932 27.9787 162.647 -13 886 1 0 1
2.53227 -32.4931 12500 -0.608226 -0.492781 27.9891 162.637 -13 887 1 0 1
-33.9333 -40.5724 12500 -0.16067 -0.587176 27.9934 162.667 -13 888 1 0 1
-16.3662 -62.508 12500 -0.302999 -0.912674 27.9835 162.709 -13 889 1 0 1
32.3305 81.7942 12500 -0.956002 1.12024 27.9612 162.795 -13 890 1 0 1
11.5024 -6.95636 12500 -0.726517 -0.0881342 27.9904 162.601 -13 891 1 0 1
38.8829 37.5325 12500 -1.02037 0.588101 27.9752 162.656 -13 892 1 0 1
8.96738 40.0853 12500 -0.67595 0.612861 27.9851 162.647 -13 893 1 0 1
23.6552 43.2713 12500 -0.853226 0.663692 27.9791 162.651 -13 894 1 0 1
9.71347 20.209 12500 -0.694417 0.316462 27.9896 162.616 -13 895 1 0 1
-9.70091 -19.8991 12500 -0.493253 -0.306344 27.994 162.629 -13 896 1 0 1
21.232 -10.9101 12500 -0.818832 -0.182727 27.9874 162.603 -13 897 1 0 1
-3.13342 -23.1734 12500 -0.572214 -0.363688 27.9918 162.624 -13 898 1 0 1
-12.6709 -2.27326 12500 -0.458572 -0.0265284 27.9962 162.629 -13 899 1 0 1
27.194 19.3229 12500 -0.867797 0.305285 27.9849 162.614 -13 900 1 0 1
-9.67497 -11.0999 12500 -0.490432 -0.14717 27.9953 162.628 -13 901 1 0 1
-6.62726 -11.142 12500 -0.537909 -0.183993 27.9942 162.62 -13 902 1 0 1
14.2972 85.757 12500 -0.691899 1.24831 27.9636 162.813 -13 903 1 0 1
-21.4336 -23.8863 12500 -0.354249 -0.365766 27.9954 162.646 -13 904 1 0 1
-1.94219 -2.77156 12500 -0.578528 -0.0671946 27.9939 162.617 -13 905 1 0 1
19.656 66.5972 12500 -0.770675 0.977963 27.9723 162.725 -13 906 1 0 1
22.6256 49.3973 12500 -0.839308 0.745204 27.9775 162.665 -13 907 1 0 1
-2.53229 32.6817 12500 -0.566426 0.497532 27.9898 162.636 -13 908 1 0 1
-26.7156 9.77465 12500 -0.331241 0.160615 27.9976 162.633 -13 909 1 0 1
8.09047 10.4706 12500 -0.698524 0.151147 27.9909 162.602 -13 910 1 0 1
-12.4705 -83.7179 12500 -0.249413 -1.18531 27.9738 162.764 -13 911 1 0 1
-23.2765 8.33792 12500 -0.376204 0.128864 27.9972 162.627 -13 912 1 0 1
30.3678 -36.3111 12500 -0.918785 -0.578785 27.9789 162.647 -13 913 1 0 1
-19.2648 -5.29969 12500 -0.403129 -0.0658167 27.997 162.629 -13 914 1 0 1
26.1656 57.6663 12500 -0.870898 0.854059 27.9734 162.698 -13 915 1 0 1
10.3162 28.1524 12500 -0.704597 0.437383 27.9877 162.625 -13 916 1 0 1
19.6485 -2.58407 12500 -0.806047 -0.0596525 27.9883 162.598 -13 917 1 0 1
16.7711 15.4421 12500 -0.772561 0.233138 27.9884 162.606 -13 918 1 0 1
-14.2339 -28.5838 12500 -0.409624 -0.435018 27.9936 162.655 -13 919 1 0 1
-20.0055 5.17893 12500 -0.39388 0.0549988 27.9972 162.63 -13 920 1 0 1
5.41605 -16.4964 12500 -0.65047 -0.262873 27.9912 162.617 -13 921 1 0 1
-29.5245 15.0658 12500 -0.275395 0.238453 27.9976 162.644 -13 922 1 0 1
32.5117 33.7155 12500 -0.938247 0.517509 27.9795 162.637 -13 923 1 0 1
41.9105 4.9776 12500 -1.04364 0.0948809 27.9804 162.604 -13 924 1 0 1
-16.7606 12.3038 12500 -0.43467 0.16088 27.9962 162.626 -13 925 1 0 1
9.27766 23.6595 12500 -0.679785 0.379539 27.9892 162.626 -13 926 1 0 1
-9.85645 15.2523 12500 -0.505963 0.265731 27.9942 162.624 -13 927 1 0 1
34.4276 78.6767 12500 -1.01217 1.10749 27.9598 162.797 -13 928 1 0 1
7.36018 -23.2896 12500 -0.6766 -0.382363 27.9892 162.62 -13 929 1 0 1
9.59984 -9.55909 12500 -0.707154 -0.147626 27.9907 162.604 -13 930 1 0 1
17.3207 43.8439 12500 -0.769273 0.695669 27.9808 162.661 -13 931 1 0 1
40.6951 47.9677 12500 -1.06242 0.708997 27.9709 162.675 -13 932 1 0 1
-17.6414 -39.2286 12500 -0.369775 -0.615384 27.9908 162.665 -13 933 1 0 1
10.303 -41.6826 12500 -0.685739 -0.644121 27.9842 162.653 -13 934 1 0 1
20.364 16.1322 12500 -0.8066 0.277293 27.987 162.609 -13 935 1 0 1
-9.58578 34.7084 12500 -0.495403 0.534731 27.9905 162.643 -13 936 1 0 1
-21.0664 -36.475 12500 -0.32422 -0.591458 27.9919 162.669 -13 937 1 0 1
17.5331 38.3278 12500 -0.761179 0.587959 27.9835 162.645 -13 938 1 0 1
1.12891 12.3505 12500 -0.620013 0.234732 27.9922 162.616 -13 939 1 0 1
-19.1305 -57.1745 12500 -0.279782 -0.820212 27.9866 162.699 -13 940 1 0 1
-7.17285 -42.2818 12500 -0.481598 -0.642968 27.9885 162.663 -13 941 1 0 1
0.395051 14.5711 12500 -0.609596 0.265668 27.9921 162.619 -13 942 1 0 1
-10.7908 4.28113 12500 -0.504755 0.041161 27.9954 162.617 -13 943 1 0 1
3.95504 5.3561 12500 -0.648682 0.0789665 27.9924 162.607 -13 944 1 0 1
28.5347 14.5397 12500 -0.916695 0.214291 27.9842 162.595 -13 945 1 0 1
25.1746 27.8644 12500 -0.866158 0.431266 27.9833 162.62 -13 946 1 0 1
-40.345 -37.5891 12500 -0.0876828 -0.514415 27.9951 162.661 -13 947 1 0 1
-17.6537 -1.78952 12500 -0.418495 -0.0562081 27.9968 162.628 -13 948 1 0 1
29.5169 33.1973 12500 -0.912705 0.517788 27.9803 162.633 -13 949 1 0 1
-1.68188 -26.6348 12500 -0.569328 -0.407624 27.9912 162.634 -13 950 1 0 1
-30.297 -22.6914 12500 -0.272854 -0.352009 27.9965 162.642 -13 951 1 0 1
-20.8728 -18.8579 12500 -0.377833 -0.317154 27.9957 162.637 -13 952 1 0 1
24.5126 -12.2003 12500 -0.853848 -0.180507 27.9864 162.602 -13 953 1 0 1
-3.16685 11.7662 12500 -0.562957 0.194707 27.9937 162.622 -13 954 1 0 1
30.3281 60.6103 12500 -0.930646 0.882915 27.9706 162.709 -13 955 1 0 1
9.26583 -53.2261 12500 -0.689243 -0.84642 27.9787 162.683 -13 956 1 0 1
18.1291 19.5904 12500 -0.778208 0.31271 27.9874 162.613 -13 957 1 0 1
-8.87462 -27.6934 12500 -0.492399 -0.446987 27.9921 162.643 -13 958 1 0 1
16.1601 -2.99782 12500 -0.761467 -0.0406766 27.9896 162.603 -13 959 1 0 1
-12.4812 -24.4029 12500 -0.472214 -0.387128 27.9933 162.633 -13 960 1 0 1
-30.5233 16.6551 12500 -0.24998 0.24262 27.9978 162.648 -13 961 1 0 1
-9.56619 0.139795 12500 -0.515142 0.00443962 27.9953 162.616 -13 962 1 0 1
-13.0883 4.49724 12500 -0.465612 0.0509985 27.9961 162.625 -13 963 1 0 1
-25.0439 -19.262 12500 -0.332776 -0.309812 27.9963 162.64 -13 964 1 0 1
30.4944 53.6374 12500 -0.922972 0.798553 27.9734 162.688 -13 965 1 0 1
19.9654 8.7037 12500 -0.814979 0.124717 27.9879 162.596 -13 966 1 0 1
-1.51371 0.966946 12500 -0.612192 0.0267142 27.9933 162.603 -13 967 1 0 1
18.453 65.1885 12500 -0.77979 0.946769 27.9731 162.708 -13 968 1 0 1
17.209 -63.8813 12500 -0.743812 -0.948374 27.974 162.718 -13 969 1 0 1
12.5444 0.920918 12500 -0.747148 0.0224731 27.99 162.595 -13 970 1 0 1
10.5751 14.6464 12500 -0.703675 0.207797 27.9904 162.611 -13 971 1 0 1
12.2219 75.6502 12500 -0.671227 1.12373 27.9694 162.766 -13 972 1 0 1
17.0179 15.7543 12500 -0.776816 0.244331 27.9882 162.605 -13 973 1 0 1
-0.701251 25.7341 12500 -0.58354 0.388942 27.9912 162.63 -13 974 1 0 1
-12.7094 -16.6542 12500 -0.463395 -0.254812 27.995 162.629 -13 975 1 0 1
7.19269 -3.1129 12500 -0.685109 -0.0592651 27.9916 162.603 -13 976 1 0 1
-14.874 -27.6126 12500 -0.411689 -0.436619 27.9936 162.652 -13 977 1 0 1
55.0556 57.6345 12500 -1.2571 0.778406 27.9609 162.704 -13 978 1 0 1
31.4572 68.8235 12500 -0.968716 1.00433 27.9652 162.752 -13 979 1 0 1
26.1132 2.40361 12500 -0.864592 0.0346352 27.9866 162.6 -13 980 1 0 1
9.07917 46.0418 12500 -0.672811 0.718312 27.9827 162.664 -13 981 1 0 1
25.4752 38.5239 12500 -0.876169 0.590358 27.9801 162.638 -13 982 1 0 1
20.3358 23.0724 12500 -0.78616 0.354673 27.9867 162.622 -13 983 1 0 1
25.2565 -2.64192 12500 -0.859147 -0.0559911 27.9868 162.599 -13 984 1 0 1
-9.01416 29.2791 12500 -0.505214 0.44027 27.992 162.635 -13 985 1 0 1
13.5817 52.7581 12500 -0.706683 0.799809 27.9797 162.682 -13 986 1 0 1
-13.5741 -25.8591 12500 -0.448008 -0.392342 27.9937 162.639 -13 987 1 0 1
10.6692 40.4934 12500 -0.683172 0.620499 27.9848 162.651 -13 988 1 0 1
-1.2524 21.5262 12500 -0.584152 0.333511 27.9919 162.623 -13 989 1 0 1
2.79401 16.5026 12500 -0.611361 0.244916 27.9923 162.623 -13 990 1 0 1
11.8966 -29.6373 12500 -0.712481 -0.456337 27.9872 162.629 -13 991 1 0 1
-13.4764 17.1037 12500 -0.460734 0.269071 27.9949 162.628 -13 992 1 0 1
-26.0357 10.6167 12500 -0.326982 0.172645 27.9976 162.637 -13 993 1 0 1
9.81446 18.9418 12500 -0.690348 0.310932 27.9898 162.619 -13 994 1 0 1
-18.8132 18.7709 12500 -0.399777 0.28685 27.9957 162.634 -13 995 1 0 1
14.6052 -37.2658 12500 -0.728993 -0.574907 27.9846 162.645 -13 996 1 0 1
-8.10686 -46.6969 12500 -0.460603 -0.700017 27.9875 162.672 -13 997 1 0 1
-13.606 12.6367 12500 -0.456415 0.19894 27.9956 162.629 -13 998 1 0 1
22.6893 42.9063 12500 -0.81902 0.673564 27.9799 162.662 -13 999 1 0 1
-25.3574 -5.87183 12500 -0.350916 -0.0684343 27.9977 162.629 -13 1000 1 0 1
5.94785 -10.4538 12500 -0.660657 -0.191448 27.9916 162.613 -13 1001 1 0 1
6.82768 -24.7811 12500 -0.675587 -0.403728 27.9889 162.621 -13 1002 1 0 1
-15.6394 -53.0088 12500 -0.338813 -0.804513 27.9864 162.693 -13 1003 1 0 1
7.65905 36.9347 12500 -0.637927 0.569912 27.9869 162.653 -13 1004 1 0 1
40.4875 -8.70555 12500 -1.03406 -0.132844 27.9806 162.601 -13 1005 1 0 1
-16.6731 4.38162 12500 -0.444687 0.0718232 27.9964 162.621 -13 1006 1 0 1
7.97689 -24.2685 12500 -0.668986 -0.353685 27.9898 162.624 -13 1007 1 0 1
21.7893 2.71949 12500 -0.814923 0.0768808 27.988 162.604 -13 1008 1 0 1
16.616 43.307 12500 -0.772242 0.684125 27.981 162.655 -13 1009 1 0 1
6.60533 36.398 12500 -0.661478 0.607943 27.9856 162.649 -13 1010 1 0 1
-5.44917 14.2696 12500 -0.532931 0.239618 27.9939 162.628 -13 1011 1 0 1
-12.8968 -10.2967 12500 -0.464924 -0.164729 27.9957 162.628 -13 1012 1 0 1
3.59323 -37.2897 12500 -0.614274 -0.563823 27.9876 162.646 -13 1013 1 0 1
28.244 34.1964 12500 -0.907926 0.536572 27.9801 162.632 -13 1014 1 0 1
9.26811 7.75076 12500 -0.691933 0.112377 27.9912 162.608 -13 1015 1 0 1
49.6203 14.4839 12500 -1.17552 0.2172 27.9745 162.598 -13 1016 1 0 1
5.84195 -29.8976 12500 -0.635856 -0.489046 27.9885 162.643 -13 1017 1 0 1
4.86001 31.2167 12500 -0.62799 0.47667 27.9889 162.637 -13 1018 1 0 1
21.1368 1.97535 12500 -0.824978 0.0383572 27.9878 162.595 -13 1019 1 0 1
18.6087 11.6517 12500 -0.786596 0.213854 27.9881 162.609 -13 1020 1 0 1
21.3422 -6.68216 12500 -0.823467 -0.107336 27.9877 162.598 -13 1021 1 0 1
16.9442 -11.536 12500 -0.769234 -0.185275 27.9888 162.607 -13 1022 1 0 1
6.72932 2.77078 12500 -0.670656 0.0620599 27.9919 162.608 -13 1023 1 0 1
-16.9044 86.8286 12500 -0.168977 1.18164 27.9745 162.755 -13 1024 1 0 1
1.46071 -0.36312 12500 -0.618412 -0.0529491 27.9931 162.612 -13 1025 1 0 1
-8.99742 7.47026 12500 -0.511421 0.111598 27.9951 162.621 -13 1026 1 0 1
29.6971 1.42202 12500 -0.901051 0.0493822 27.9855 162.601 -13 1027 1 0 1
19.3861 57.7499 12500 -0.791458 0.889003 27.9747 162.705 -13 1028 1 0 1
-12.8874 22.5326 12500 -0.457958 0.319831 27.9944 162.633 -13 1029 1 0 1
0.473418 -5.16768 12500 -0.608147 -0.029885 27.9934 162.613 -13 1030 1 0 1
3.05664 -32.7937 12500 -0.602146 -0.550576 27.9881 162.652 -13 1031 1 0 1
0.927557 -20.1157 12500 -0.602499 -0.325493 27.9916 162.624 -13 1032 1 0 1
7.94759 -30.5486 12500 -0.677297 -0.493859 27.9875 162.632 -13 1033 1 0 1
5.39605 -24.8192 12500 -0.646612 -0.401311 27.9897 162.628 -13 1034 1 0 1
20.323 95.1235 12500 -0.795036 1.32578 27.9573 162.857 -13 1035 1 0 1
-2.31836 13.2781 12500 -0.560625 0.221244 27.9935 162.628 -13 1036 1 0 1
3.30562 4.04456 12500 -0.646032 0.0678535 27.9925 162.606 -13 1037 1 0 1
29.5105 3.78553 12500 -0.891795 0.0433763 27.9858 162.604 -13 1038 1 0 1
1.42455 41.3836 12500 -0.602419 0.645081 27.9861 162.652 -13 1039 1 0 1
29.8173 54.2811 12500 -0.915308 0.793925 27.9738 162.684 -13 1040 1 0 1
-29.6045 -2.17472 12500 -0.286449 -0.0367683 27.9985 162.638 -13 1041 1 0 1
12.2283 32.8069 12500 -0.715839 0.513998 27.9861 162.633 -13 1042 1 0 1
22.7147 37.0506 12500 -0.832249 0.575276 27.9817 162.64 -13 1043 1 0 1
9.76585 55.6767 12500 -0.674683 0.839859 27.9793 162.686 -13 1044 1 0 1
21.4857 19.3935 12500 -0.81562 0.280765 27.9867 162.607 -13 1045 1 0 1
29.1062 2.4756 12500 -0.898085 0.0548043 27.9855 162.6 -13 1046 1 0 1
43.5124 14.8257 12500 -1.07175 0.201032 27.9788 162.604 -13 1047 1 0 1
27.2683 12.9844 12500 -0.88064 0.220854 27.9853 162.607 -13 1048 1 0 1
29.3729 109.4 12500 -1.02771 1.42738 27.9447 162.96 -13 1049 1 0 1
-14.6513 -55.2448 12500 -0.360631 -0.835928 27.9852 162.693 -13 1050 1 0 1
7.00478 -35.4671 12500 -0.645107 -0.521534 27.9877 162.642 -13 1051 1 0 1
35.6735 52.1992 12500 -0.99527 0.769801 27.9717 162.684 -13 1052 1 0 1
10.4188 20.7873 12500 -0.700275 0.324844 27.9894 162.616 -13 1053 1 0 1
8.80507 -44.9374 12500 -0.665562 -0.73274 27.9825 162.673 -13 1054 1 0 1
-8.38727 20.1523 12500 -0.496024 0.34493 27.9935 162.636 -13 1055 1 0 1
-31.5056 -14.0762 12500 -0.250706 -0.206586 27.9981 162.645 -13 1056 1 0 1
6.98259 -4.50905 12500 -0.670246 -0.0861642 27.9918 162.609 -13 1057 1 0 1
-7.72776 50.1744 12500 -0.458763 0.749521 27.9862 162.678 -13 1058 1 0 1
4.11259 -8.82458 12500 -0.634019 -0.164655 27.9923 162.618 -13 1059 1 0 1
-4.55447 -7.00091 12500 -0.586173 -0.153595 27.9934 162.607 -13 1060 1 0 1
5.76889 -34.1048 12500 -0.651131 -0.557561 27.9869 162.641 -13 1061 1 0 1
20.8776 -5.96087 12500 -0.808051 -0.109541 27.9881 162.604 -13 1062 1 0 1
38.5747 101.173 12500 -1.13253 1.28419 27.9476 162.889 -13 1063 1 0 1
-18.2122 -18.0239 12500 -0.397544 -0.294299 27.9956 162.638 -13 1064 1 0 1
8.67405 13.8614 12500 -0.696024 0.256023 27.9902 162.612 -13 1065 1 0 1
8.57949 -0.858119 12500 -0.684076 -0.0151545 27.9916 162.608 -13 1066 1 0 1
2.30955 8.33587 12500 -0.616032 0.128289 27.9929 162.617 -13 1067 1 0 1
-21.5453 4.57092 12500 -0.367985 0.0808345 27.9975 162.635 -13 1068 1 0 1
12.6183 14.2304 12500 -0.735429 0.233034 27.9894 162.607 -13 1069 1 0 1
20.4073 21.0552 12500 -0.796526 0.339631 27.9866 162.617 -13 1070 1 0 1
-5.97793 -30.8821 12500 -0.529056 -0.483561 27.9908 162.639 -13 1071 1 0 1
-3.03641 17.3433 12500 -0.561102 0.282351 27.993 162.625 -13 1072 1 0 1
2.66379 -1.60252 12500 -0.614055 -0.00881116 27.9933 162.618 -13 1073 1 0 1
4.98535 -16.2466 12500 -0.657686 -0.281736 27.9909 162.613 -13 1074 1 0 1
-7.79916 -30.0451 12500 -0.530368 -0.470414 27.991 162.631 -13 1075 1 0 1
-9.27136 -9.99025 12500 -0.499661 -0.140377 27.9952 162.625 -13 1076 1 0 1
22.2481 -24.8256 12500 -0.84013 -0.414974 27.9843 162.616 -13 1077 1 0 1
41.8233 -5.81578 12500 -1.05581 -0.108297 27.9799 162.599 -13 1078 1 0 1
16.7597 43.8091 12500 -0.760443 0.697868 27.981 162.663 -13 1079 1 0 1
2.72506 11.1853 12500 -0.64499 0.168955 27.9921 162.607 -13 1080 1 0 1
-15.3733 -75.3121 12500 -0.242495 -1.06355 27.9787 162.739 -13 1081 1 0 1
36.9871 29.1659 12500 -0.994656 0.452759 27.9787 162.63 -13 1082 1 0 1
17.6235 -11.6209 12500 -0.793816 -0.190203 27.9881 162.599 -13 1083 1 0 1
4.64467 -10.4776 12500 -0.655519 -0.127817 27.992 162.607 -13 1084 1 0 1
20.2277 56.6214 12500 -0.797589 0.844285 27.9759 162.691 -13 1085 1 0 1
-3.28174 -48.6796 12500 -0.511586 -0.740769 27.9855 162.677 -13 1086 1 0 1
13.8808 3.5357 12500 -0.735203 0.0564336 27.9903 162.606 -13 1087 1 0 1
-8.11144 14.0424 12500 -0.523943 0.21994 27.9942 162.622 -13 1088 1 0 1
11.0868 -8.80536 12500 -0.709171 -0.116836 27.9908 162.608 -13 1089 1 0 1
40.4219 54.6046 12500 -1.04206 0.782059 27.9697 162.695 -13 1090 1 0 1
4.21742 4.57455 12500 -0.656519 0.082202 27.9922 162.605 -13 1091 1 0 1
-9.20941 2.08046 12500 -0.505956 0.0279143 27.9954 162.621 -13 1092 1 0 1
-15.1459 -0.745899 12500 -0.469071 -0.002816 27.9961 162.616 -13 1093 1 0 1
-0.0760546 -24.1588 12500 -0.597592 -0.360085 27.9913 162.624 -13 1094 1 0 1
-5.48734 -26.3228 12500 -0.532017 -0.417752 27.9918 162.637 -13 1095 1 0 1
6.1569 -29.8871 12500 -0.664044 -0.480141 27.988 162.629 -13 1096 1 0 1
21.6476 17.9925 12500 -0.814151 0.282348 27.9867 162.61 -13 1097 1 0 1
-0.450438 -19.5312 12500 -0.578269 -0.287665 27.9925 162.627 -13 1098 1 0 1
25.0677 50.7478 12500 -0.854337 0.75822 27.9767 162.673 -13 1099 1 0 1
34.3415 37.3317 12500 -0.967383 0.557824 27.9777 162.64 -13 1100 1 0 1
-11.329 -30.6573 12500 -0.461398 -0.518676 27.9914 162.651 -13 1101 1 0 1
-3.3756 -6.79455 12500 -0.57086 -0.111933 27.994 162.616 -13 1102 1 0 1
-17.6124 -19.0688 12500 -0.404334 -0.298906 27.9955 162.637 -13 1103 1 0 1
-3.73365 -23.7175 12500 -0.556368 -0.398997 27.9916 162.632 -13 1104 1 0 1
23.4132 19.9962 12500 -0.83237 0.301715 27.986 162.61 -13 1105 1 0 1
-13.4721 -33.6718 12500 -0.425457 -0.520672 27.9919 162.654 -13 1106 1 0 1
15.3485 0.934649 12500 -0.762433 0.0301283 27.9896 162.599 -13 1107 1 0 1
35.6192 12.2857 12500 -0.990172 0.19719 27.9818 162.6 -13 1108 1 0 1
-5.96092 -19.3891 12500 -0.535107 -0.324006 27.993 162.628 -13 1109 1 0 1
12.7665 11.0585 12500 -0.72902 0.161287 27.99 162.607 -13 1110 1 0 1
-2.82112 -2.99585 12500 -0.573864 -0.0879512 27.994 162.617 -13 1111 1 0 1
-11.109 -60.8059 12500 -0.38353 -0.875144 27.9837 162.701 -13 1112 1 0 1
23.0854 11.2849 12500 -0.837339 0.186848 27.9869 162.603 -13 1113 1 0 1
16.3667 12.4689 12500 -0.760884 0.180468 27.9891 162.608 -13 1114 1 0 1
23.2742 4.24832 12500 -0.861495 0.07291 27.9866 162.59 -13 1115 1 0 1
-8.66995 -7.50016 12500 -0.503999 -0.114861 27.9952 162.625 -13 1116 1 0 1
2.14623 -21.6336 12500 -0.615046 -0.383643 27.9906 162.629 -13 1117 1 0 1
9.50046 44.7582 12500 -0.671956 0.685523 27.9835 162.66 -13 1118 1 0 1
-9.31068 -66.8234 12500 -0.40053 -0.988976 27.9797 162.715 -13 1119 1 0 1
20.6252 37.8413 12500 -0.819701 0.589537 27.9818 162.638 -13 1120 1 0 1
10.6769 -7.02546 12500 -0.725271 -0.123443 27.9903 162.599 -13 1121 1 0 1
-0.334557 21.1054 12500 -0.587409 0.330915 27.9919 162.625 -13 1122 1 0 1
4.05932 48.0967 12500 -0.600146 0.710003 27.9846 162.666 -13 1123 1 0 1
0.203722 -21.1751 12500 -0.587308 -0.336367 27.9918 162.628 -13 1124 1 0 1
26.0317 8.62836 12500 -0.873744 0.141574 27.986 162.599 -13 1125 1 0 1
-13.809 -35.495 12500 -0.419409 -0.544669 27.9916 162.656 -13 1126 1 0 1
-2.24651 8.97375 12500 -0.581666 0.176909 27.9934 162.618 -13 1127 1 0 1
34.4246 25.0314 12500 -0.975664 0.36363 27.9806 162.611 -13 1128 1 0 1
-7.07157 -0.73766 12500 -0.54503 -0.0224877 27.9947 162.612 -13 1129 1 0 1
14.1286 8.13805 12500 -0.751254 0.142673 27.9896 162.602 -13 1130 1 0 1
10.7472 25.8725 12500 -0.696086 0.405399 27.9884 162.627 -13 1131 1 0 1
25.1242 84.9568 12500 -0.857709 1.18942 27.9616 162.808 -13 1132 1 0 1
-13.3454 0.69163 12500 -0.46544 0.0286427 27.9961 162.623 -13 1133 1 0 1
-8.97747 7.04413 12500 -0.512362 0.115975 27.9951 162.62 -13 1134 1 0 1
21.4369 3.29224 12500 -0.819819 0.0446031 27.988 162.599 -13 1135 1 0 1
-16.5935 20.312 12500 -0.424262 0.309085 27.9951 162.632 -13 1136 1 0 1
30.575 9.00419 12500 -0.933082 0.123396 27.9842 162.593 -13 1137 1 0 1
25.5148 37.2221 12500 -0.838885 0.586044 27.9813 162.653 -13 1138 1 0 1
22.4909 78.3478 12500 -0.828344 1.11814 27.9654 162.773 -13 1139 1 0 1
-11.9295 -1.01416 12500 -0.464481 -0.00455934 27.9961 162.629 -13 1140 1 0 1
26.8585 0.622477 12500 -0.877632 -0.0069879 27.9862 162.598 -13 1141 1 0 1
-20.107 -54.7492 12500 -0.270699 -0.827974 27.9864 162.699 -13 1142 1 0 1
18.179 -1.23268 12500 -0.80007 -0.00571459 27.9886 162.594 -13 1143 1 0 1
32.7145 -14.6836 12500 -0.948371 -0.23498 27.9829 162.604 -13 1144 1 0 1
-5.10174 5.03595 12500 -0.548334 0.0792205 27.9945 162.618 -13 1145 1 0 1
20.0632 44.2476 12500 -0.801396 0.688304 27.9801 162.658 -13 1146 1 0 1
4.2623 16.4316 12500 -0.643532 0.204639 27.9919 162.612 -13 1147 1 0 1
5.37995 -45.1886 12500 -0.637687 -0.703695 27.9839 162.659 -13 1148 1 0 1
6.53714 -31.4199 12500 -0.652784 -0.475496 27.9884 162.632 -13 1149 1 0 1
22.0122 -19.974 12500 -0.82653 -0.294116 27.9863 162.606 -13 1150 1 0 1
-5.27975 -42.6123 12500 -0.507274 -0.685014 27.987 162.669 -13 1151 1 0 1
33.5023 20.1843 12500 -0.956927 0.306555 27.982 162.607 -13 1152 1 0 1
21.1803 -19.9525 12500 -0.831321 -0.319957 27.9858 162.604 -13 1153 1 0 1
-11.7263 -0.464777 12500 -0.477812 -0.0216219 27.9959 162.624 -13 1154 1 0 1
-13.2585 -48.9559 12500 -0.382745 -0.699856 27.9886 162.679 -13 1155 1 0 1
4.52995 -35.8496 12500 -0.626844 -0.573097 27.9871 162.648 -13 1156 1 0 1
25.7898 55.1479 12500 -0.888275 0.833726 27.9735 162.689 -13 1157 1 0 1
13.6697 11.5708 12500 -0.742893 0.212397 27.9893 162.608 -13 1158 1 0 1
17.9792 50.6021 12500 -0.757422 0.757827 27.9795 162.673 -13 1159 1 0 1
-24.0294 24.9691 12500 -0.31991 0.381287 27.9956 162.65 -13 1160 1 0 1
20.4507 -2.4902 12500 -0.82372 -0.00741937 27.9879 162.593 -13 1161 1 0 1
-27.1207 -16.5356 12500 -0.306446 -0.231474 27.9974 162.64 -13 1162 1 0 1
14.2737 36.4298 12500 -0.733305 0.533192 27.9853 162.634 -13 1163 1 0 1
9.56666 -28.3522 12500 -0.703828 -0.43867 27.9877 162.622 -13 1164 1 0 1
-8.81574 5.80379 12500 -0.518282 0.0707636 27.9951 162.618 -13 1165 1 0 1
6.06961 -22.2495 12500 -0.659753 -0.381747 27.9896 162.623 -13 1166 1 0 1
-22.447 -11.747 12500 -0.373786 -0.157682 27.9971 162.631 -13 1167 1 0 1
-20.534 -2.06158 12500 -0.395679 0.00178311 27.9972 162.627 -13 1168 1 0 1
-34.497 -28.4018 12500 -0.184743 -0.422207 27.9962 162.658 -13 1169 1 0 1
22.9674 -4.80376 12500 -0.836802 -0.0887264 27.9874 162.599 -13 1170 1 0 1
12.6329 17.6274 12500 -0.728429 0.291301 27.989 162.612 -13 1171 1 0 1
-3.51047 15.4431 12500 -0.544345 0.228137 27.9938 162.628 -13 1172 1 0 1
-15.6734 -15.4893 12500 -0.43302 -0.239274 27.9956 162.631 -13 1173 1 0 1
-29.5882 -7.18271 12500 -0.274667 -0.104094 27.9985 162.643 -13 1174 1 0 1
9.3358 -30.9921 12500 -0.707724 -0.511917 27.9864 162.627 -13 1175 1 0 1
8.57158 9.27583 12500 -0.696682 0.152245 27.9909 162.605 -13 1176 1 0 1
-14.5268 -22.6579 12500 -0.441064 -0.373534 27.994 162.637 -13 1177 1 0 1
-15.7164 -83.5264 12500 -0.216381 -1.15939 27.9751 162.751 -13 1178 1 0 1
-1.30623 3.4052 12500 -0.600489 0.0411294 27.9935 162.609 -13 1179 1 0 1
-27.9642 20.0901 12500 -0.277524 0.317726 27.9968 162.648 -13 1180 1 0 1
-4.15208 -15.4047 12500 -0.53851 -0.240218 27.9938 162.63 -13 1181 1 0 1
-23.3937 35.4818 12500 -0.29388 0.535179 27.9933 162.665 -13 1182 1 0 1
-25.0066 -30.407 12500 -0.310898 -0.467115 27.9944 162.653 -13 1183 1 0 1
1.5651 15.9114 12500 -0.620722 0.261113 27.9919 162.616 -13 1184 1 0 1
14.1324 48.3686 12500 -0.737668 0.766323 27.9798 162.671 -13 1185 1 0 1
-22.684 -0.236045 12500 -0.38302 -0.0119026 27.9974 162.625 -13 1186 1 0 1
-2.93712 -26.0141 12500 -0.561913 -0.3989 27.9915 162.632 -13 1187 1 0 1
3.12028 -35.1794 12500 -0.600359 -0.544107 27.9883 162.65 -13 1188 1 0 1
13.3958 17.0712 12500 -0.734976 0.254658 27.9892 162.609 -13 1189 1 0 1
-8.30303 4.91214 12500 -0.517644 0.0844111 27.9951 162.62 -13 1190 1 0 1
23.2325 10.2922 12500 -0.84644 0.151651 27.9868 162.598 -13 1191 1 0 1
-12.5585 35.5498 12500 -0.435749 0.551933 27.9912 162.655 -13 1192 1 0 1
12.4643 -16.2703 12500 -0.72885 -0.289537 27.989 162.612 -13 1193 1 0 1
5.90306 3.37094 12500 -0.663845 0.0719127 27.992 162.608 -13 1194 1 0 1
18.734 -18.8864 12500 -0.785154 -0.340895 27.9869 162.618 -13 1195 1 0 1
-12.5323 2.26748 12500 -0.468999 -0.00566691 27.9961 162.626 -13 1196 1 0 1
9.32093 -50.0535 12500 -0.680622 -0.794389 27.9805 162.675 -13 1197 1 0 1
9.7903 25.7752 12500 -0.704232 0.403291 27.9882 162.62 -13 1198 1 0 1
-1.8907 12.4173 12500 -0.554394 0.200311 27.9938 162.631 -13 1199 1 0 1
45.6945 31.7709 12500 -1.12255 0.467735 27.9736 162.629 -13 1200 1 0 1
-25.6496 11.1591 12500 -0.335149 0.157129 27.9976 162.635 -13 1201 1 0 1
23.6707 -9.54014 12500 -0.827694 -0.141686 27.9874 162.608 -13 1202 1 0 1
33.8374 -0.0147601 12500 -0.959771 -0.00819698 27.9835 162.596 -13 1203 1 0 1
11.6215 27.207 12500 -0.712265 0.434267 27.9876 162.627 -13 1204 1 0 1
-4.89702 -58.9307 12500 -0.488728 -0.904706 27.9811 162.703 -13 1205 1 0 1
14.9135 50.835 12500 -0.728858 0.756446 27.9803 162.67 -13 1206 1 0 1
-3.05943 -21.8211 12500 -0.557222 -0.343642 27.9923 162.629 -13 1207 1 0 1
-23.1741 -14.4813 12500 -0.37859 -0.200424 27.9967 162.627 -13 1208 1 0 1
15.4053 25.2583 12500 -0.749359 0.389845 27.9873 162.621 -13 1209 1 0 1
-12.5562 -52.0859 12500 -0.394281 -0.785428 27.9862 162.685 -13 1210 1 0 1
24.8905 -2.89667 12500 -0.854596 -0.0415904 27.9869 162.599 -13 1211 1 0 1
-36.7626 -13.8718 12500 -0.195809 -0.22075 27.9984 162.645 -13 1212 1 0 1
-3.46143 -24.2739 12500 -0.557995 -0.354068 27.9922 162.628 -13 1213 1 0 1
-12.8779 21.3205 12500 -0.463826 0.318447 27.9943 162.63 -13 1214 1 0 1
-15.486 -13.1141 12500 -0.439014 -0.190963 27.9959 162.629 -13 1215 1 0 1
18.2642 10.376 12500 -0.782751 0.192286 27.9884 162.608 -13 1216 1 0 1
-21.8635 0.716306 12500 -0.386121 0.00322333 27.9973 162.627 -13 1217 1 0 1
29.2999 -17.8917 12500 -0.917642 -0.262222 27.9837 162.599 -13 1218 1 0 1
13.8617 -13.714 12500 -0.734452 -0.244439 27.9893 162.615 -13 1219 1 0 1
14.3221 39.0732 12500 -0.732926 0.606737 27.9838 162.646 -13 1220 1 0 1
-2.20852 1.51861 12500 -0.58139 0.00816334 27.994 162.614 -13 1221 1 0 1
-6.62789 -23.4307 12500 -0.529622 -0.373368 27.9925 162.63 -13 1222 1 0 1
17.3139 39.7233 12500 -0.772337 0.633575 27.9822 162.65 -13 1223 1 0 1
13.5267 -4.49447 12500 -0.752463 -0.0556409 27.9898 162.597 -13 1224 1 0 1
-17.195 4.07447 12500 -0.409763 0.0518843 27.997 162.633 -13 1225 1 0 1
19.4111 15.809 12500 -0.796478 0.288888 27.9872 162.612 -13 1226 1 0 1
2.40682 -40.2262 12500 -0.603947 -0.63322 27.9863 162.654 -13 1227 1 0 1
-19.079 -27.7303 12500 -0.398362 -0.43141 27.9938 162.64 -13 1228 1 0 1
21.1413 62.9506 12500 -0.793619 0.937472 27.973 162.719 -13 1229 1 0 1
-3.57829 27.5429 12500 -0.538756 0.448471 27.9912 162.643 -13 1230 1 0 1
-0.499559 16.7665 12500 -0.605082 0.282801 27.992 162.616 -13 1231 1 0 1
9.14866 12.2723 12500 -0.702175 0.23146 27.9902 162.61 -13 1232 1 0 1
-1.57055 -26.5385 12500 -0.55892 -0.403255 27.9915 162.639 -13 1233 1 0 1
4.25197 4.53485 12500 -0.649075 0.0886248 27.9923 162.609 -13 1234 1 0 1
-27.3891 -42.4893 12500 -0.231708 -0.612699 27.9923 162.672 -13 1235 1 0 1
-0.984197 51.2141 12500 -0.53082 0.790707 27.9838 162.686 -13 1236 1 0 1
25.8784 23.2245 12500 -0.862573 0.347007 27.9846 162.614 -13 1237 1 0 1
-2.10302 -0.464294 12500 -0.581631 -0.00747632 27.994 162.614 -13 1238 1 0 1
-3.408 -16.8107 12500 -0.56642 -0.298425 27.9927 162.624 -13 1239 1 0 1
7.15168 -24.0684 12500 -0.670552 -0.395043 27.9892 162.624 -13 1240 1 0 1
12.6262 -11.338 12500 -0.72684 -0.18257 27.99 162.609 -13 1241 1 0 1
19.9582 17.3669 12500 -0.80805 0.3071 27.9867 162.61 -13 1242 1 0 1
15.858 71.6142 12500 -0.724643 1.06494 27.9704 162.75 -13 1243 1 0 1
-9.49018 11.92 12500 -0.514092 0.164924 27.9948 162.619 -13 1244 1 0 1
14.5009 -3.07494 12500 -0.760002 -0.0297002 27.9897 162.597 -13 1245 1 0 1
20.4249 -32.716 12500 -0.818252 -0.52011 27.9832 162.627 -13 1246 1 0 1
22.4058 41.1358 12500 -0.829924 0.634911 27.9805 162.648 -13 1247 1 0 1
20.4652 18.5058 12500 -0.786457 0.297177 27.9874 162.618 -13 1248 1 0 1
7.59054 -5.20073 12500 -0.685939 -0.119617 27.9913 162.606 -13 1249 1 0 1
17.0356 -16.0264 12500 -0.777721 -0.265346 27.9879 162.607 -13 1250 1 0 1
10.647 -1.5823 12500 -0.709167 -0.0428931 27.991 162.605 -13 1251 1 0 1
-21.5347 -12.6989 12500 -0.373814 -0.226578 27.9966 162.637 -13 1252 1 0 1
-10.9018 -5.98853 12500 -0.46906 -0.0666123 27.996 162.631 -13 1253 1 0 1
-10.3548 -32.1554 12500 -0.475237 -0.506094 27.9914 162.645 -13 1254 1 0 1
24.0229 30.7573 12500 -0.84179 0.506256 27.9828 162.636 -13 1255 1 0 1
-8.7887 22.1752 12500 -0.490738 0.35594 27.9934 162.636 -13 1256 1 0 1
0.967161 -24.6036 12500 -0.606526 -0.421307 27.9903 162.631 -13 1257 1 0 1
0.510637 -22.7698 12500 -0.597887 -0.375488 27.9911 162.628 -13 1258 1 0 1
35.1387 27.5516 12500 -0.984866 0.444149 27.9791 162.625 -13 1259 1 0 1
-30.4619 -3.58861 12500 -0.264412 -0.0496387 27.9987 162.643 -13 1260 1 0 1
11.8777 42.5063 12500 -0.708748 0.634916 27.9838 162.647 -13 1261 1 0 1
41.2621 73.8636 12500 -1.09306 0.991988 27.9611 162.751 -13 1262 1 0 1
3.7952 -37.4571 12500 -0.618858 -0.568022 27.9874 162.645 -13 1263 1 0 1
7.64262 -10.9777 12500 -0.694207 -0.164531 27.9909 162.603 -13 1264 1 0 1
-2.18097 -4.24663 12500 -0.598218 -0.0517532 27.9936 162.607 -13 1265 1 0 1
10.1528 -11.393 12500 -0.714368 -0.176705 27.9903 162.604 -13 1266 1 0 1
36.0831 74.4533 12500 -1.01896 1.06138 27.9613 162.785 -13 1267 1 0 1
10.9529 -19.1953 12500 -0.697811 -0.319262 27.9895 162.621 -13 1268 1 0 1
-7.08314 -5.17466 12500 -0.517627 -0.0876678 27.9951 162.625 -13 1269 1 0 1
26.2678 44.0624 12500 -0.86235 0.664767 27.9788 162.658 -13 1270 1 0 1
9.8775 -5.93977 12500 -0.712928 -0.0939614 27.9908 162.601 -13 1271 1 0 1
13.7067 -4.68264 12500 -0.742464 -0.0624052 27.9901 162.602 -13 1272 1 0 1
9.62568 -17.2662 12500 -0.689093 -0.269451 27.9902 162.616 -13 1273 1 0 1
-17.2015 -20.9634 12500 -0.414106 -0.313846 27.9952 162.634 -13 1274 1 0 1
-25.8617 -35.1041 12500 -0.290288 -0.559637 27.9929 162.66 -13 1275 1 0 1
-19.7623 -39.7227 12500 -0.351953 -0.589853 27.9916 162.659 -13 1276 1 0 1
-1.91949 24.744 12500 -0.565815 0.357395 27.992 162.631 -13 1277 1 0 1
23.4367 52.0927 12500 -0.821096 0.791451 27.9768 162.685 -13 1278 1 0 1
29.6316 17.1902 12500 -0.911849 0.271584 27.9838 162.605 -13 1279 1 0 1
35.3492 23.0069 12500 -0.980182 0.325173 27.9809 162.609 -13 1280 1 0 1
9.967 101.304 12500 -0.615894 1.43786 27.9563 162.882 -13 1281 1 0 1
2.84656 1.05227 12500 -0.629997 -0.00265076 27.9929 162.611 -13 1282 1 0 1
2.49655 17.3792 12500 -0.624066 0.289726 27.9915 162.619 -13 1283 1 0 1
14.4703 -39.9245 12500 -0.738433 -0.604978 27.9837 162.642 -13 1284 1 0 1
22.581 15.8714 12500 -0.827456 0.243748 27.9867 162.606 -13 1285 1 0 1
31.5213 22.454 12500 -0.944261 0.369405 27.9816 162.612 -13 1286 1 0 1
-6.36468 -36.1906 12500 -0.516555 -0.549795 27.9898 162.646 -13 1287 1 0 1
48.0934 45.4863 12500 -1.15601 0.664202 27.9682 162.672 -13 1288 1 0 1
12.4538 -0.224474 12500 -0.735906 0.00218869 27.9903 162.6 -13 1289 1 0 1
-25.3838 -49.1961 12500 -0.251911 -0.695254 27.9902 162.674 -13 1290 1 0 1
12.9589 -20.4171 12500 -0.729503 -0.322346 27.9886 162.613 -13 1291 1 0 1
11.0178 -0.720492 12500 -0.725586 -0.0190793 27.9906 162.599 -13 1292 1 0 1
40.1969 -8.09412 12500 -1.03183 -0.122843 27.9807 162.6 -13 1293 1 0 1
20.0206 19.6113 12500 -0.809468 0.283379 27.9869 162.604 -13 1294 1 0 1
0.91313 -13.0775 12500 -0.610898 -0.212499 27.9925 162.617 -13 1295 1 0 1
-1.26085 2.04365 12500 -0.590282 0.0580129 27.9937 162.614 -13 1296 1 0 1
4.83871 -15.9363 12500 -0.6597 -0.267307 27.991 162.611 -13 1297 1 0 1
45.9392 59.8623 12500 -1.14923 0.845171 27.9636 162.716 -13 1298 1 0 1
8.02782 -30.7288 12500 -0.677756 -0.465997 27.9879 162.627 -13 1299 1 0 1
-26.3164 -2.71037 12500 -0.314034 -0.0463825 27.9982 162.64 -13 1300 1 0 1
2.43616 -1.60717 12500 -0.618088 -0.0398949 27.9931 162.615 -13 1301 1 0 1
7.14445 4.81867 12500 -0.667315 0.0589035 27.992 162.611 -13 1302 1 0 1
-14.392 13.1826 12500 -0.435497 0.181456 27.996 162.634 -13 1303 1 0 1
41.1278 56.9367 12500 -1.08746 0.822408 27.9668 162.702 -13 1304 1 0 1
25.4447 51.0808 12500 -0.87647 0.788332 27.9752 162.679 -13 1305 1 0 1
8.76227 -21.791 12500 -0.688145 -0.336442 27.9895 162.616 -13 1306 1 0 1
-9.52247 3.28034 12500 -0.515205 0.0356912 27.9952 162.617 -13 1307 1 0 1
2.07581 -41.5779 12500 -0.605366 -0.646562 27.986 162.652 -13 1308 1 0 1
2.50079 34.109 12500 -0.609377 0.533488 27.9883 162.642 -13 1309 1 0 1
-1.64435 -20.3132 12500 -0.567901 -0.326802 27.9923 162.629 -13 1310 1 0 1
36.0519 21.8477 12500 -0.987113 0.3188 27.9808 162.608 -13 1311 1 0 1
3.98541 59.7131 12500 -0.593914 0.918388 27.9786 162.708 -13 1312 1 0 1
25.2078 26.2165 12500 -0.86769 0.39962 27.9837 162.615 -13 1313 1 0 1
3.2997 22.4681 12500 -0.630388 0.364585 27.9905 162.623 -13 1314 1 0 1
19.6845 33.8206 12500 -0.808519 0.540092 27.9831 162.632 -13 1315 1 0 1
33.7209 35.9795 12500 -0.961773 0.563852 27.9778 162.645 -13 1316 1 0 1
-1.16863 31.357 12500 -0.56037 0.467768 27.9905 162.641 -13 1317 1 0 1
-9.904 -33.9674 12500 -0.475539 -0.50947 27.9913 162.646 -13 1318 1 0 1
15.7664 -23.2136 12500 -0.762759 -0.365757 27.9872 162.615 -13 1319 1 0 1
13.7462 -3.42069 12500 -0.754115 -0.0633291 27.9898 162.597 -13 1320 1 0 1
-22.7587 -32.0863 12500 -0.340625 -0.491787 27.9936 162.65 -13 1321 1 0 1
-5.42736 7.60908 12500 -0.559811 0.0724333 27.9943 162.613 -13 1322 1 0 1
0.988528 46.1062 12500 -0.572457 0.729845 27.9846 162.672 -13 1323 1 0 1
11.022 6.70285 12500 -0.709579 0.0668633 27.9909 162.607 -13 1324 1 0 1
-2.36562 -31.5692 12500 -0.549917 -0.494845 27.9902 162.645 -13 1325 1 0 1
1.50571 0.640215 12500 -0.630393 0.0306161 27.9929 162.606 -13 1326 1 0 1
1.35199 -4.63835 12500 -0.601495 -0.0727522 27.9934 162.619 -13 1327 1 0 1
10.6836 17.9499 12500 -0.718947 0.293716 27.9892 162.608 -13 1328 1 0 1
-27.627 -31.7784 12500 -0.274508 -0.461843 27.9948 162.654 -13 1329 1 0 1
12.9472 2.58044 12500 -0.738165 0.0707367 27.9902 162.602 -13 1330 1 0 1
12.9628 -23.4333 12500 -0.73722 -0.376765 27.9878 162.615 -13 1331 1 0 1
-32.782 15.1254 12500 -0.234514 0.261097 27.9978 162.647 -13 1332 1 0 1
-13.3516 12.2403 12500 -0.479844 0.224 27.995 162.623 -13 1333 1 0 1
4.06346 15.5492 12500 -0.640701 0.247707 27.9916 162.615 -13 1334 1 0 1
0.00766106 34.7139 12500 -0.588854 0.526659 27.9889 162.639 -13 1335 1 0 1
8.09271 19.3254 12500 -0.675834 0.320556 27.99 162.619 -13 1336 1 0 1
3.96301 18.0631 12500 -0.631462 0.289471 27.9914 162.62 -13 1337 1 0 1
-12.4899 -28.4405 12500 -0.458703 -0.430357 27.9929 162.64 -13 1338 1 0 1
19.7862 51.8099 12500 -0.79923 0.818033 27.9766 162.687 -13 1339 1 0 1
14.9133 14.8031 12500 -0.7557 0.233509 27.9888 162.606 -13 1340 1 0 1
1.07076 7.81759 12500 -0.612243 0.108519 27.9931 162.613 -13 1341 1 0 1
-18.4121 -41.7756 12500 -0.350892 -0.617665 27.991 162.666 -13 1342 1 0 1
-32.4722 2.77736 12500 -0.25813 0.021597 27.9988 162.638 -13 1343 1 0 1
-6.2806 -109.159 12500 -0.22051 -1.47644 27.9602 162.843 -13 1344 1 0 1
3.67133 68.6591 12500 -0.551851 1.02562 27.9758 162.733 -13 1345 1 0 1
3.60916 15.8363 12500 -0.630576 0.234773 27.9919 162.617 -13 1346 1 0 1
20.1851 5.16109 12500 -0.834357 0.101666 27.9874 162.589 -13 1347 1 0 1
13.9718 66.418 12500 -0.706569 0.976739 27.974 162.718 -13 1348 1 0 1
-5.5733 38.7027 12500 -0.498913 0.581401 27.9895 162.657 -13 1349 1 0 1
0.289913 -29.8932 12500 -0.586453 -0.485514 27.9896 162.641 -13 1350 1 0 1
-43.0664 15.9575 12500 -0.122866 0.23184 27.9988 162.643 -13 1351 1 0 1
-3.55014 -2.38062 12500 -0.568856 -0.076942 27.9941 162.616 -13 1352 1 0 1
4.30078 -2.85688 12500 -0.642664 -0.0512795 27.9926 162.611 -13 1353 1 0 1
13.2284 -8.93938 12500 -0.726607 -0.137721 27.9902 162.609 -13 1354 1 0 1
26.122 25.9798 12500 -0.855182 0.40447 27.984 162.625 -13 1355 1 0 1
5.88316 36.9802 12500 -0.647238 0.564478 27.9868 162.641 -13 1356 1 0 1
40.2911 89.079 12500 -1.11366 1.18039 27.9529 162.844 -13 1357 1 0 1
11.0469 -25.0582 12500 -0.720258 -0.424383 27.9875 162.621 -13 1358 1 0 1
-1.12187 -51.0461 12500 -0.541846 -0.777375 27.984 162.679 -13 1359 1 0 1
24.3021 -5.41051 12500 -0.855984 -0.0957512 27.9867 162.597 -13 1360 1 0 1
13.5743 36.2981 12500 -0.723258 0.582928 27.9846 162.646 -13 1361 1 0 1
33.8623 44.789 12500 -0.968415 0.687515 27.9748 162.668 -13 1362 1 0 1
26.4042 -17.1283 12500 -0.882992 -0.306145 27.9844 162.608 -13 1363 1 0 1
-12.8076 -5.07776 12500 -0.484753 -0.124954 27.9955 162.62 -13 1364 1 0 1
8.75991 32.6992 12500 -0.647871 0.505348 27.9879 162.646 -13 1365 1 0 1
-6.1713 18.9945 12500 -0.530845 0.317087 27.9932 162.628 -13 1366 1 0 1
3.69594 30.599 12500 -0.619064 0.489502 27.9889 162.639 -13 1367 1 0 1
30.8668 24.9666 12500 -0.92694 0.375028 27.9821 162.614 -13 1368 1 0 1
12.0637 11.6773 12500 -0.732671 0.182695 27.9898 162.604 -13 1369 1 0 1
46.211 44.7221 12500 -1.12766 0.654438 27.9696 162.668 -13 1370 1 0 1
3.94523 0.369891 12500 -0.638042 -0.0467787 27.9927 162.613 -13 1371 1 0 1
-19.2151 -33.5049 12500 -0.363599 -0.485091 27.9934 162.653 -13 1372 1 0 1
13.6438 12.4259 12500 -0.741365 0.175249 27.9896 162.605 -13 1373 1 0 1
7.21212 25.7314 12500 -0.673639 0.390008 27.9892 162.622 -13 1374 1 0 1
12.0383 17.3284 12500 -0.734092 0.276343 27.989 162.606 -13 1375 1 0 1
37.5966 8.07023 12500 -0.998289 0.16076 27.9817 162.605 -13 1376 1 0 1
-4.84264 5.77658 12500 -0.539708 0.0563421 27.9947 162.623 -13 1377 1 0 1
-4.10773 -90.2598 12500 -0.348746 -1.27838 27.9686 162.799 -13 1378 1 0 1
-1.91423 7.46582 12500 -0.583307 0.108963 27.9937 162.615 -13 1379 1 0 1
-6.27533 -38.525 12500 -0.501586 -0.599408 27.9891 162.658 -13 1380 1 0 1
41.6401 3.65924 12500 -1.04747 0.0418292 27.9804 162.599 -13 1381 1 0 1
1.37432 4.32336 12500 -0.61367 0.037762 27.9932 162.613 -13 1382 1 0 1
7.07799 59.2324 12500 -0.630875 0.914456 27.978 162.708 -13 1383 1 0 1
-3.86158 -34.5848 12500 -0.529247 -0.521526 27.9901 162.649 -13 1384 1 0 1
11.4419 -43.3198 12500 -0.697131 -0.690806 27.9828 162.663 -13 1385 1 0 1
-12.3387 -27.4388 12500 -0.434051 -0.47084 27.9927 162.656 -13 1386 1 0 1
-8.52798 -6.42056 12500 -0.508442 -0.102422 27.9952 162.624 -13 1387 1 0 1
-3.63941 20.5261 12500 -0.53311 0.325783 27.993 162.636 -13 1388 1 0 1
10.2133 -8.24543 12500 -0.703027 -0.130732 27.9909 162.608 -13 1389 1 0 1
-26.5819 -56.855 12500 -0.16798 -0.818324 27.9875 162.7 -13 1390 1 0 1
33.8461 -6.15233 12500 -0.972184 -0.0922582 27.983 162.593 -13 1391 1 0 1
-6.92536 -44.0366 12500 -0.476531 -0.672871 27.9879 162.669 -13 1392 1 0 1
-6.79109 1.08162 12500 -0.541391 -0.0163268 27.9948 162.616 -13 1393 1 0 1
20.0086 12.1011 12500 -0.796395 0.198605 27.988 162.609 -13 1394 1 0 1
-2.89171 3.99107 12500 -0.562145 0.0548178 27.9943 162.62 -13 1395 1 0 1
23.1708 24.2113 12500 -0.826453 0.384851 27.9852 162.621 -13 1396 1 0 1
30.2409 -51.1464 12500 -0.926708 -0.755989 27.9744 162.673 -13 1397 1 0 1
12.0421 -23.3957 12500 -0.718093 -0.350338 27.9886 162.618 -13 1398 1 0 1
3.64255 26.0903 12500 -0.619385 0.408528 27.9902 162.633 -13 1399 1 0 1
-14.9662 -16.8761 12500 -0.434995 -0.289968 27.9951 162.635 -13 1400 1 0 1
33.8749 4.17849 12500 -0.95877 0.0610599 27.9835 162.597 -13 1401 1 0 1
10.2083 25.9035 12500 -0.685129 0.403437 27.9887 162.63 -13 1402 1 0 1
32.5521 44.2542 12500 -0.960335 0.640595 27.9762 162.647 -13 1403 1 0 1
11.0413 -0.0381594 12500 -0.711079 0.0170711 27.991 162.606 -13 1404 1 0 1
-9.02402 -70.0636 12500 -0.368476 -1.00711 27.9795 162.727 -13 1405 1 0 1
36.486 16.6706 12500 -0.987434 0.280751 27.9812 162.611 -13 1406 1 0 1
2.61786 -21.8026 12500 -0.62888 -0.359817 27.9906 162.621 -13 1407 1 0 1
-9.8949 -30.3724 12500 -0.47563 -0.466598 27.9921 162.645 -13 1408 1 0 1
26.0403 3.67266 12500 -0.87406 0.0781703 27.9862 162.597 -13 1409 1 0 1
11.6039 -51.6482 12500 -0.693691 -0.797828 27.98 162.68 -13 1410 1 0 1
34.6486 28.6899 12500 -0.961329 0.454855 27.9798 162.633 -13 1411 1 0 1
-4.06687 17.1362 12500 -0.560369 0.253901 27.9932 162.62 -13 1412 1 0 1
5.17009 15.0974 12500 -0.658347 0.221433 27.9914 162.61 -13 1413 1 0 1
-0.558115 -20.8562 12500 -0.584166 -0.30263 27.9923 162.624 -13 1414 1 0 1
-18.0639 -14.8794 12500 -0.410666 -0.240991 27.996 162.633 -13 1415 1 0 1
9.63558 6.14844 12500 -0.683971 0.0852613 27.9915 162.613 -13 1416 1 0 1
18.7908 10.4225 12500 -0.802309 0.203922 27.9878 162.603 -13 1417 1 0 1
5.49958 9.64164 12500 -0.648696 0.14184 27.9921 162.614 -13 1418 1 0 1
19.8019 18.1944 12500 -0.796635 0.311888 27.9869 162.614 -13 1419 1 0 1
8.14061 17.2934 12500 -0.682173 0.314512 27.9899 162.618 -13 1420 1 0 1
3.91418 8.6358 12500 -0.649111 0.141159 27.9921 162.608 -13 1421 1 0 1
6.07637 -10.5589 12500 -0.659089 -0.211355 27.9914 162.617 -13 1422 1 0 1
19.2896 38.994 12500 -0.79236 0.617369 27.982 162.648 -13 1423 1 0 1
18.8223 7.64485 12500 -0.801381 0.154274 27.9881 162.6 -13 1424 1 0 1
31.7918 -4.00503 12500 -0.939737 -0.0674191 27.9841 162.595 -13 1425 1 0 1
31.327 48.3273 12500 -0.910763 0.707508 27.9762 162.672 -13 1426 1 0 1
-14.444 21.9203 12500 -0.444936 0.339033 27.9944 162.633 -13 1427 1 0 1
12.5304 -14.4357 12500 -0.730968 -0.27806 27.9891 162.614 -13 1428 1 0 1
8.34674 -40.9019 12500 -0.643407 -0.63978 27.9853 162.664 -13 1429 1 0 1
-19.2505 16.2381 12500 -0.415518 0.251374 27.9958 162.626 -13 1430 1 0 1
9.53935 11.4908 12500 -0.690231 0.21519 27.9907 162.616 -13 1431 1 0 1
8.14302 50.2466 12500 -0.642275 0.730043 27.9831 162.668 -13 1432 1 0 1
-10.3274 31.8197 12500 -0.477524 0.509145 27.9913 162.645 -13 1433 1 0 1
11.8461 -25.2681 12500 -0.729185 -0.388125 27.9878 162.615 -13 1434 1 0 1
-9.60102 9.40489 12500 -0.507774 0.144814 27.995 162.621 -13 1435 1 0 1
-14.8073 4.96266 12500 -0.441772 0.0899799 27.9964 162.629 -13 1436 1 0 1
8.68406 19.6648 12500 -0.682965 0.340786 27.9896 162.621 -13 1437 1 0 1
17.983 75.7204 12500 -0.76969 1.11248 27.9673 162.765 -13 1438 1 0 1
-9.87417 -29.1966 12500 -0.483498 -0.414577 27.9928 162.638 -13 1439 1 0 1
-13.3811 13.0659 12500 -0.457447 0.2064 27.9955 162.63 -13 1440 1 0 1
17.8247 34.6746 12500 -0.78523 0.56807 27.9832 162.639 -13 1441 1 0 1
5.00422 -2.40404 12500 -0.643285 -0.0562141 27.9926 162.614 -13 1442 1 0 1
24.3032 17.5482 12500 -0.848127 0.280502 27.9857 162.608 -13 1443 1 0 1
26.404 79.7141 12500 -0.867103 1.13401 27.9636 162.792 -13 1444 1 0 1
12.5774 -32.4453 12500 -0.739786 -0.517071 27.9854 162.625 -13 1445 1 0 1
-23.8623 4.23703 12500 -0.335966 0.0658228 27.9979 162.64 -13 1446 1 0 1
-39.5725 -51.8588 12500 0.00378189 -0.706708 27.9911 162.683 -13 1447 1 0 1
-1.87958 -13.2415 12500 -0.578866 -0.205631 27.9933 162.62 -13 1448 1 0 1
-11.0473 -37.4895 12500 -0.440174 -0.587724 27.9904 162.663 -13 1449 1 0 1
2.63876 -92.9956 12500 -0.481313 -1.33329 27.9641 162.824 -13 1450 1 0 1
32.4183 1.29273 12500 -0.94725 0.034069 27.984 162.595 -13 1451 1 0 1
17.2832 59.7643 12500 -0.736558 0.918183 27.9752 162.719 -13 1452 1 0 1
-2.48286 -15.0571 12500 -0.575516 -0.282201 27.9927 162.624 -13 1453 1 0 1
8.13595 15.38 12500 -0.68279 0.238229 27.9907 162.612 -13 1454 1 0 1
48.5969 54.0465 12500 -1.17552 0.767385 27.9648 162.696 -13 1455 1 0 1
-6.0654 5.70177 12500 -0.543279 0.0720351 27.9946 162.617 -13 1456 1 0 1
-8.50998 -44.9781 12500 -0.463813 -0.708892 27.9872 162.673 -13 1457 1 0 1
-15.6016 -32.1557 12500 -0.405236 -0.496616 27.9927 162.652 -13 1458 1 0 1
14.8989 30.1146 12500 -0.749809 0.484384 27.9858 162.629 -13 1459 1 0 1
-2.2762 -22.4942 12500 -0.565191 -0.34384 27.9922 162.629 -13 1460 1 0 1
-4.45317 28.9039 12500 -0.528989 0.445085 27.9915 162.642 -13 1461 1 0 1
-19.0174 -38.2576 12500 -0.360887 -0.576067 27.9917 162.659 -13 1462 1 0 1
-9.81082 -26.402 12500 -0.496574 -0.429636 27.9923 162.636 -13 1463 1 0 1
6.4899 36.8726 12500 -0.64642 0.575816 27.9866 162.646 -13 1464 1 0 1
-24.7349 -22.6893 12500 -0.326658 -0.366194 27.9957 162.644 -13 1465 1 0 1
15.693 -20.8411 12500 -0.747637 -0.344512 27.9879 162.62 -13 1466 1 0 1
-0.455356 -86.5523 12500 -0.447357 -1.2809 27.9671 162.804 -13 1467 1 0 1
15.0523 -1.85015 12500 -0.754652 -0.0506649 27.9898 162.602 -13 1468 1 0 1
28.5299 10.3636 12500 -0.906342 0.166029 27.9848 162.597 -13 1469 1 0 1
1.3925 -2.008 12500 -0.620707 -0.0278573 27.9931 162.61 -13 1470 1 0 1
-22.4059 -55.7276 12500 -0.254961 -0.791955 27.9876 162.69 -13 1471 1 0 1
35.7697 40.0205 12500 -0.998366 0.605005 27.9757 162.647 -13 1472 1 0 1
-7.70816 12.7971 12500 -0.533025 0.205768 27.9942 162.619 -13 1473 1 0 1
37.5026 -9.08234 12500 -1.0082 -0.129846 27.9815 162.597 -13 1474 1 0 1
-17.6054 -27.4841 12500 -0.404237 -0.441873 27.9936 162.644 -13 1475 1 0 1
-9.23598 -20.0531 12500 -0.494208 -0.305313 27.994 162.63 -13 1476 1 0 1
2.41838 1.73934 12500 -0.625386 0.0282535 27.993 162.612 -13 1477 1 0 1
4.12727 36.8914 12500 -0.635352 0.595634 27.9865 162.646 -13 1478 1 0 1
0.383575 7.57588 12500 -0.604609 0.110783 27.9933 162.614 -13 1479 1 0 1
-35.596 2.63191 12500 -0.226316 0.0399454 27.9991 162.638 -13 1480 1 0 1
31.4379 31.2086 12500 -0.948301 0.482759 27.9798 162.625 -13 1481 1 0 1
30.0753 36.0384 12500 -0.908271 0.567019 27.9795 162.646 -13 1482 1 0 1
10.4472 -32.899 12500 -0.702463 -0.544642 27.9859 162.638 -13 1483 1 0 1
5.58554 28.669 12500 -0.639673 0.477906 27.9886 162.639 -13 1484 1 0 1
-15.3636 14.3583 12500 -0.423872 0.259547 27.9956 162.639 -13 1485 1 0 1
-5.25606 -116.643 12500 -0.575404 -1.69108 27.943 162.875 -13 1486 1 0 1
5.02497 31.3484 12500 -0.624469 0.486543 27.9888 162.64 -13 1487 1 0 1
10.4691 -14.9547 12500 -0.687268 -0.24701 27.9905 162.621 -13 1488 1 0 1
18.5294 64.1299 12500 -0.746531 0.977123 27.973 162.735 -13 1489 1 0 1
-27.6599 -11.3047 12500 -0.31109 -0.195318 27.9976 162.638 -13 1490 1 0 1
6.00809 -46.4682 12500 -0.635698 -0.736804 27.9831 162.669 -13 1491 1 0 1
17.2758 13.1042 12500 -0.784434 0.210576 27.9882 162.603 -13 1492 1 0 1
7.79413 -15.1949 12500 -0.685029 -0.253057 27.9905 162.611 -13 1493 1 0 1
1.04066 -11.1949 12500 -0.596164 -0.18974 27.993 162.624 -13 1494 1 0 1
70.9877 62.9088 12500 -1.45896 0.804186 27.9504 162.74 -13 1495 1 0 1
12.8301 2.97571 12500 -0.748834 0.0591985 27.9899 162.596 -13 1496 1 0 1
4.51535 -0.539855 12500 -0.642194 -0.0269462 27.9926 162.612 -13 1497 1 0 1
20.728 20.7146 12500 -0.813191 0.329475 27.9862 162.61 -13 1498 1 0 1
4.56121 21.3772 12500 -0.657927 0.333766 27.9903 162.613 -13 1499 1 0 1
5.51318 -13.3726 12500 -0.689465 -0.224537 27.9906 162.6 -13 1500 1 0 1
23.8662 -63.7078 12500 -0.841429 -0.942477 27.9715 162.721 -13 1501 1 0 1
13.6556 -30.1159 12500 -0.722618 -0.464051 27.9868 162.632 -13 1502 1 0 1
-0.469555 18.4422 12500 -0.590112 0.299982 27.9922 162.623 -13 1503 1 0 1
21.32 16.2349 12500 -0.831114 0.233463 27.9867 162.598 -13 1504 1 0 1
-24.1581 -10.8822 12500 -0.351585 -0.167335 27.9973 162.634 -13 1505 1 0 1
12.5721 11.7047 12500 -0.725511 0.196592 27.9899 162.61 -13 1506 1 0 1
5.63673 -24.7571 12500 -0.653029 -0.401303 27.9895 162.626 -13 1507 1 0 1
10.3497 -42.4865 12500 -0.680344 -0.643415 27.9843 162.654 -13 1508 1 0 1
9.99716 -6.44021 12500 -0.68613 -0.0835336 27.9915 162.614 -13 1509 1 0 1
-1.42636 4.10716 12500 -0.587264 0.0769589 27.9937 162.615 -13 1510 1 0 1
26.3875 28.2411 12500 -0.890771 0.450817 27.9822 162.62 -13 1511 1 0 1
28.7082 15.1857 12500 -0.925684 0.247138 27.9836 162.596 -13 1512 1 0 1
-13.6833 -17.3184 12500 -0.465302 -0.270732 27.9948 162.626 -13 1513 1 0 1
21.0714 10.6495 12500 -0.830927 0.201505 27.9869 162.6 -13 1514 1 0 1
20.8732 19.5862 12500 -0.821061 0.330519 27.986 162.609 -13 1515 1 0 1
14.2136 69.2734 12500 -0.715736 1.03595 27.9717 162.737 -13 1516 1 0 1
16.6813 55.84 12500 -0.736949 0.830278 27.978 162.69 -13 1517 1 0 1
-11.5854 -18.9739 12500 -0.449892 -0.327586 27.9945 162.644 -13 1518 1 0 1
3.638 2.83081 12500 -0.64647 0.0213095 27.9925 162.607 -13 1519 1 0 1
-10.05 -21.3422 12500 -0.484256 -0.355633 27.9936 162.635 -13 1520 1 0 1
14.2509 16.3031 12500 -0.747196 0.252376 27.9889 162.607 -13 1521 1 0 1
20.6832 11.2893 12500 -0.834966 0.183977 27.9869 162.594 -13 1522 1 0 1
-28.4186 -47.7626 12500 -0.21552 -0.689776 27.9907 162.674 -13 1523 1 0 1
1.3079 -8.60032 12500 -0.617571 -0.163845 27.9927 162.614 -13 1524 1 0 1
-8.09267 -61.1884 12500 -0.434187 -0.9142 27.9817 162.704 -13 1525 1 0 1
-12.0232 -4.11812 12500 -0.470105 -0.0471514 27.996 162.627 -13 1526 1 0 1
12.8691 -13.4168 12500 -0.723226 -0.236732 27.9897 162.615 -13 1527 1 0 1
-3.35175 -18.2254 12500 -0.583724 -0.294052 27.9924 162.614 -13 1528 1 0 1
-5.84675 -10.9024 12500 -0.544717 -0.165998 27.9942 162.619 -13 1529 1 0 1
9.02699 -39.7868 12500 -0.668697 -0.621677 27.9851 162.653 -13 1530 1 0 1
9.06166 -25.6702 12500 -0.680745 -0.386964 27.989 162.626 -13 1531 1 0 1
0.467209 7.1789 12500 -0.629196 0.0498843 27.9929 162.604 -13 1532 1 0 1
46.8386 70.2138 12500 -1.15753 0.95916 27.9596 162.761 -13 1533 1 0 1
2.06371 35.6741 12500 -0.612878 0.542328 27.988 162.639 -13 1534 1 0 1
48.3899 18.9425 12500 -1.12002 0.256725 27.9764 162.611 -13 1535 1 0 1
-6.58804 -0.816193 12500 -0.5486 -0.00861586 27.9946 162.613 -13 1536 1 0 1
-1.16149 8.30079 12500 -0.59667 0.123676 27.9934 162.612 -13 1537 1 0 1
24.8749 8.00265 12500 -0.847828 0.137304 27.9868 162.604 -13 1538 1 0 1
-6.96613 17.5175 12500 -0.537742 0.256231 27.9937 162.619 -13 1539 1 0 1
-37.918 -38.0029 12500 -0.106671 -0.553926 27.9943 162.666 -13 1540 1 0 1
2.60892 9.15923 12500 -0.634993 0.135464 27.9925 162.609 -13 1541 1 0 1
17.6588 17.5802 12500 -0.779903 0.275135 27.9878 162.608 -13 1542 1 0 1
1.85007 -27.4287 12500 -0.608461 -0.416114 27.9903 162.631 -13 1543 1 0 1
14.6533 12.47 12500 -0.763205 0.188362 27.989 162.6 -13 1544 1 0 1
32.2696 27.2308 12500 -0.937874 0.405799 27.9813 162.62 -13 1545 1 0 1
15.7495 -30.1107 12500 -0.756917 -0.480601 27.9856 162.629 -13 1546 1 0 1
-0.67186 1.28397 12500 -0.607562 0.0217946 27.9934 162.608 -13 1547 1 0 1
9.93367 9.9449 12500 -0.704603 0.168845 27.9906 162.607 -13 1548 1 0 1
20.3227 6.92519 12500 -0.808959 0.09624 27.9881 162.6 -13 1549 1 0 1
-14.5149 -8.80397 12500 -0.450091 -0.133811 27.9961 162.627 -13 1550 1 0 1
-7.41299 -33.5851 12500 -0.500675 -0.522922 27.9906 162.647 -13 1551 1 0 1
5.23618 58.5385 12500 -0.628914 0.895658 27.9786 162.697 -13 1552 1 0 1
30.238 14.4498 12500 -0.911207 0.238335 27.9842 162.608 -13 1553 1 0 1
17.714 23.447 12500 -0.784945 0.393779 27.9862 162.617 -13 1554 1 0 1
25.3373 -10.3723 12500 -0.865437 -0.164882 27.9861 162.6 -13 1555 1 0 1
27.0023 -23.4308 12500 -0.869879 -0.346865 27.9843 162.617 -13 1556 1 0 1
-15.667 -45.5422 12500 -0.369612 -0.702812 27.9887 162.677 -13 1557 1 0 1
-6.15208 15.62 12500 -0.539932 0.215496 27.994 162.62 -13 1558 1 0 1
-19.4226 6.80201 12500 -0.403665 0.100291 27.9969 162.628 -13 1559 1 0 1
26.8496 34.5819 12500 -0.86797 0.536742 27.9814 162.639 -13 1560 1 0 1
10.8553 12.6118 12500 -0.714177 0.216914 27.9901 162.61 -13 1561 1 0 1
-15.0011 -27.7871 12500 -0.407456 -0.425053 27.9938 162.652 -13 1562 1 0 1
-15.7312 20.5247 12500 -0.421284 0.314516 27.9951 162.636 -13 1563 1 0 1
0.577368 28.6093 12500 -0.600252 0.449894 27.9899 162.633 -13 1564 1 0 1
2.57457 -48.8143 12500 -0.587612 -0.763167 27.9834 162.676 -13 1565 1 0 1
-1.84486 -20.4596 12500 -0.586894 -0.353041 27.9916 162.623 -13 1566 1 0 1
-5.23623 -7.5873 12500 -0.548804 -0.124481 27.9943 162.619 -13 1567 1 0 1
4.72673 -0.684651 12500 -0.658459 -0.00999122 27.9923 162.605 -13 1568 1 0 1
-3.17832 -12.0982 12500 -0.572429 -0.176807 27.9936 162.617 -13 1569 1 0 1
36.6758 56.8105 12500 -1.00566 0.826873 27.9697 162.703 -13 1570 1 0 1
10.5208 -5.40828 12500 -0.705229 -0.0889368 27.991 162.607 -13 1571 1 0 1
-37.2321 -49.8731 12500 -0.0634349 -0.692737 27.9914 162.678 -13 1572 1 0 1
-21.4053 -10.8834 12500 -0.392446 -0.182938 27.9967 162.628 -13 1573 1 0 1
-17.3218 -29.4343 12500 -0.381486 -0.479582 27.9933 162.657 -13 1574 1 0 1
29.649 -14.0257 12500 -0.910725 -0.223111 27.9843 162.604 -13 1575 1 0 1
41.686 20.5644 12500 -1.03537 0.332581 27.9789 162.622 -13 1576 1 0 1
46.2542 38.4956 12500 -1.12522 0.542925 27.9721 162.639 -13 1577 1 0 1
11.7721 23.241 12500 -0.713902 0.384868 27.9883 162.622 -13 1578 1 0 1
18.5055 12.6888 12500 -0.785201 0.199678 27.9883 162.607 -13 1579 1 0 1
-12.9941 9.67323 12500 -0.460694 0.166233 27.9957 162.629 -13 1580 1 0 1
-3.03804 -8.22337 12500 -0.565671 -0.106457 27.9941 162.619 -13 1581 1 0 1
36.7492 29.2782 12500 -0.998247 0.433719 27.9788 162.623 -13 1582 1 0 1
20.9222 19.6373 12500 -0.812593 0.317626 27.9864 162.611 -13 1583 1 0 1
27.0107 -0.125795 12500 -0.888664 0.00692621 27.9859 162.594 -13 1584 1 0 1
18.6752 29.4211 12500 -0.784606 0.4761 27.985 162.631 -13 1585 1 0 1
19.0198 25.2214 12500 -0.786393 0.395047 27.9862 162.621 -13 1586 1 0 1
32.4507 58.0369 12500 -0.948734 0.829545 27.9716 162.696 -13 1587 1 0 1
28.7069 -5.25099 12500 -0.904039 -0.0890299 27.9853 162.596 -13 1588 1 0 1
20.9464 29.1082 12500 -0.812838 0.478995 27.9841 162.63 -13 1589 1 0 1
3.91039 -38.4383 12500 -0.590468 -0.592301 27.9875 162.662 -13 1590 1 0 1
10.7901 7.69754 12500 -0.722246 0.125252 27.9904 162.601 -13 1591 1 0 1
14.7302 -32.4411 12500 -0.754567 -0.483722 27.9857 162.622 -13 1592 1 0 1
5.2979 -2.48004 12500 -0.680087 -0.037148 27.9917 162.598 -13 1593 1 0 1
4.22708 2.51764 12500 -0.632829 0.0371904 27.9928 162.615 -13 1594 1 0 1
19.4217 -14.5134 12500 -0.795997 -0.261039 27.9875 162.611 -13 1595 1 0 1
4.4808 18.951 12500 -0.638665 0.326982 27.9908 162.623 -13 1596 1 0 1
-4.97454 -20.8329 12500 -0.561305 -0.331165 27.9924 162.619 -13 1597 1 0 1
11.0009 1.4282 12500 -0.714555 0.0306791 27.9909 162.604 -13 1598 1 0 1
9.70791 0.492147 12500 -0.689786 -0.00429288 27.9915 162.61 -13 1599 1 0 1
12.539 17.5484 12500 -0.736684 0.29051 27.9888 162.608 -13 1600 1 0 1
-15.4593 -7.79614 12500 -0.438424 -0.112424 27.9963 162.628 -13 1601 1 0 1
-9.58033 -76.7496 12500 -0.362387 -1.09954 27.9761 162.739 -13 1602 1 0 1
12.2551 11.6041 12500 -0.721568 0.184076 27.9901 162.609 -13 1603 1 0 1
-25.9451 -61.0945 12500 -0.159508 -0.900621 27.9851 162.708 -13 1604 1 0 1
26.8263 7.69888 12500 -0.873098 0.124806 27.9861 162.602 -13 1605 1 0 1
-6.88569 -9.95568 12500 -0.538193 -0.200827 27.9941 162.621 -13 1606 1 0 1
-2.97234 2.14537 12500 -0.575155 0.0313892 27.9941 162.614 -13 1607 1 0 1
-8.82955 -34.6118 12500 -0.481963 -0.55112 27.9904 162.652 -13 1608 1 0 1
37.2529 -3.44606 12500 -0.994233 -0.0674577 27.9823 162.6 -13 1609 1 0 1
-32.2759 -5.65018 12500 -0.256337 -0.0823257 27.9987 162.639 -13 1610 1 0 1
32.1833 15.6836 12500 -0.944366 0.260879 27.9829 162.605 -13 1611 1 0 1
-9.34903 -9.97605 12500 -0.503829 -0.134517 27.9951 162.623 -13 1612 1 0 1
21.4848 -9.02163 12500 -0.824534 -0.17763 27.9873 162.602 -13 1613 1 0 1
-8.83051 -19.6731 12500 -0.49713 -0.303596 27.9939 162.631 -13 1614 1 0 1
-35.7176 -39.1618 12500 -0.154153 -0.557853 27.994 162.661 -13 1615 1 0 1
16.6294 -0.66708 12500 -0.787041 0.0168932 27.9889 162.594 -13 1616 1 0 1
-3.9619 -4.26603 12500 -0.564315 -0.0897129 27.9942 162.616 -13 1617 1 0 1
9.38887 -23.7644 12500 -0.702828 -0.385545 27.9885 162.617 -13 1618 1 0 1
15.4054 84.3961 12500 -0.710682 1.22911 27.964 162.808 -13 1619 1 0 1
8.56856 18.383 12500 -0.673659 0.279958 27.9905 162.618 -13 1620 1 0 1
-7.89789 -29.8666 12500 -0.492074 -0.471621 27.9917 162.647 -13 1621 1 0 1
9.4388 -26.5868 12500 -0.687862 -0.428127 27.9883 162.629 -13 1622 1 0 1
2.65112 15.5205 12500 -0.63219 0.262828 27.9916 162.615 -13 1623 1 0 1
23.6385 41.223 12500 -0.826471 0.619894 27.9809 162.65 -13 1624 1 0 1
0.799738 18.5014 12500 -0.608869 0.297921 27.9918 162.619 -13 1625 1 0 1
-22.9834 -42.1993 12500 -0.306088 -0.65619 27.9906 162.669 -13 1626 1 0 1
18.104 12.159 12500 -0.789446 0.214832 27.988 162.606 -13 1627 1 0 1
42.4953 23.8264 12500 -1.07944 0.37253 27.9767 162.614 -13 1628 1 0 1
15.4153 44.6052 12500 -0.744285 0.665835 27.9822 162.652 -13 1629 1 0 1
20.7523 -4.29993 12500 -0.82734 -0.0594274 27.9877 162.593 -13 1630 1 0 1
5.28463 -7.32196 12500 -0.660216 -0.123313 27.9919 162.608 -13 1631 1 0 1
28.9088 30.3059 12500 -0.894623 0.458762 27.9819 162.628 -13 1632 1 0 1
3.86678 -0.221629 12500 -0.652908 0.00326483 27.9924 162.604 -13 1633 1 0 1
0.735657 5.46242 12500 -0.587823 0.0947956 27.9937 162.623 -13 1634 1 0 1
26.8486 10.5557 12500 -0.886224 0.146641 27.9856 162.597 -13 1635 1 0 1
18.303 15.4466 12500 -0.79536 0.246836 27.9876 162.603 -13 1636 1 0 1
28.3836 -7.75245 12500 -0.909172 -0.121651 27.985 162.593 -13 1637 1 0 1
57.5889 11.5227 12500 -1.24292 0.191585 27.9717 162.614 -13 1638 1 0 1
13.5153 9.62804 12500 -0.73136 0.189668 27.9898 162.612 -13 1639 1 0 1
-6.53293 -14.0643 12500 -0.525832 -0.248553 27.994 162.629 -13 1640 1 0 1
10.9149 -2.09297 12500 -0.71724 -0.0278964 27.9908 162.602 -13 1641 1 0 1
-11.6654 -19.704 12500 -0.464052 -0.279972 27.9948 162.633 -13 1642 1 0 1
25.1569 95.4196 12500 -0.890035 1.31056 27.9551 162.864 -13 1643 1 0 1
-21.0284 -8.82654 12500 -0.394965 -0.133671 27.9969 162.627 -13 1644 1 0 1
-12.1399 27.5181 12500 -0.450265 0.441027 27.9929 162.646 -13 1645 1 0 1
13.5516 -1.28495 12500 -0.733351 -0.0371897 27.9904 162.605 -13 1646 1 0 1
5.11928 -12.1034 12500 -0.647231 -0.212248 27.9917 162.618 -13 1647 1 0 1
-3.65365 -28.7948 12500 -0.55346 -0.472609 27.9905 162.639 -13 1648 1 0 1
11.2293 -2.34129 12500 -0.723293 -0.0706834 27.9906 162.601 -13 1649 1 0 1
30.4803 12.7529 12500 -0.931405 0.197515 27.9838 162.598 -13 1650 1 0 1
-2.79045 4.15167 12500 -0.576107 0.0681015 27.994 162.615 -13 1651 1 0 1
-13.6403 -1.98915 12500 -0.458415 -0.0607518 27.9962 162.626 -13 1652 1 0 1
47.4925 80.7014 12500 -1.19447 1.06789 27.9541 162.804 -13 1653 1 0 1
-9.90114 -46.1756 12500 -0.429628 -0.725424 27.9873 162.681 -13 1654 1 0 1
18.496 32.7559 12500 -0.801805 0.486194 27.9843 162.619 -13 1655 1 0 1
12.504 6.15116 12500 -0.729192 0.0896858 27.9904 162.604 -13 1656 1 0 1
-21.4424 -60.0804 12500 -0.258414 -0.868061 27.9853 162.698 -13 1657 1 0 1
-32.6904 -30.6047 12500 -0.212858 -0.445738 27.9956 162.656 -13 1658 1 0 1
1.6397 -16.0148 12500 -0.612318 -0.259863 27.9921 162.619 -13 1659 1 0 1
-35.0062 -30.0511 12500 -0.161702 -0.443644 27.996 162.663 -13 1660 1 0 1
-11.8725 4.61252 12500 -0.492988 0.0887333 27.9955 162.618 -13 1661 1 0 1
25.2959 24.476 12500 -0.868026 0.390919 27.9838 162.615 -13 1662 1 0 1
12.1163 -10.463 12500 -0.731441 -0.12476 27.9902 162.602 -13 1663 1 0 1
42.4045 47.434 12500 -1.09532 0.698771 27.9698 162.672 -13 1664 1 0 1
-15.3979 37.4462 12500 -0.406467 0.556834 27.9915 162.654 -13 1665 1 0 1
-36.1824 27.5843 12500 -0.174724 0.411976 27.9964 162.653 -13 1666 1 0 1
-5.47371 -17.5825 12500 -0.547789 -0.266084 27.9934 162.62 -13 1667 1 0 1
-20.8856 -14.2035 12500 -0.383408 -0.22597 27.9965 162.634 -13 1668 1 0 1
19.4219 7.81624 12500 -0.807986 0.137345 27.988 162.598 -13 1669 1 0 1
7.52684 -41.1328 12500 -0.659239 -0.667288 27.9843 162.659 -13 1670 1 0 1
-21.0129 -20.1175 12500 -0.349809 -0.278925 27.9964 162.646 -13 1671 1 0 1
31.5342 49.778 12500 -0.950718 0.755539 27.9737 162.677 -13 1672 1 0 1
43.2558 -5.29791 12500 -1.0528 -0.0763157 27.9801 162.606 -13 1673 1 0 1
10.2337 17.5286 12500 -0.71013 0.284876 27.9895 162.61 -13 1674 1 0 1
14.7588 16.8426 12500 -0.742985 0.265182 27.9889 162.612 -13 1675 1 0 1
-37.9318 -74.1266 12500 0.0988825 -0.943241 27.9839 162.702 -13 1676 1 0 1
9.52775 49.9504 12500 -0.651824 0.770158 27.9818 162.68 -13 1677 1 0 1
-1.63311 21.6276 12500 -0.57527 0.334016 27.9921 162.626 -13 1678 1 0 1
-16.6284 18.6392 12500 -0.419869 0.331714 27.9949 162.637 -13 1679 1 0 1
-36.0108 -85.3778 12500 0.158716 -1.0531 27.9797 162.715 -13 1680 1 0 1
-12.7981 2.57339 12500 -0.492078 -0.0185647 27.9957 162.617 -13 1681 1 0 1
-33.7179 5.52941 12500 -0.234179 0.104343 27.9988 162.641 -13 1682 1 0 1
9.28071 13.4127 12500 -0.702949 0.221894 27.9903 162.608 -13 1683 1 0 1
-8.24354 -0.110397 12500 -0.517982 0.0294038 27.9952 162.62 -13 1684 1 0 1
20.2238 -40.5227 12500 -0.79117 -0.637746 27.9816 162.655 -13 1685 1 0 1
31.6244 20.9515 12500 -0.945623 0.3292 27.9821 162.606 -13 1686 1 0 1
-20.1308 -34.9028 12500 -0.355694 -0.52124 27.9929 162.655 -13 1687 1 0 1
20.4086 22.895 12500 -0.807854 0.349039 27.9862 162.613 -13 1688 1 0 1
-0.868657 18.7681 12500 -0.582112 0.300137 27.9923 162.624 -13 1689 1 0 1
-0.399701 18.6897 12500 -0.580352 0.250562 27.9929 162.624 -13 1690 1 0 1
-19.1234 9.25637 12500 -0.41916 0.152483 27.9964 162.624 -13 1691 1 0 1
2.5354 -5.68039 12500 -0.621641 -0.104936 27.9929 162.615 -13 1692 1 0 1
-1.86375 -6.20184 12500 -0.58184 -0.108358 27.9937 162.616 -13 1693 1 0 1
3.65504 -29.3823 12500 -0.62242 -0.466049 27.9892 162.637 -13 1694 1 0 1
3.58536 14.4184 12500 -0.627186 0.22188 27.9921 162.619 -13 1695 1 0 1
-1.2649 32.0711 12500 -0.589101 0.515384 27.9891 162.636 -13 1696 1 0 1
-8.29627 -47.8339 12500 -0.451136 -0.740257 27.9866 162.679 -13 1697 1 0 1
-10.3358 -42.6532 12500 -0.44899 -0.654628 27.9887 162.665 -13 1698 1 0 1
-11.6496 -8.81419 12500 -0.485046 -0.121581 27.9955 162.622 -13 1699 1 0 1
-16.2668 -37.8904 12500 -0.389097 -0.604567 27.9908 162.663 -13 1700 1 0 1
2.83318 33.4595 12500 -0.611733 0.550505 27.9879 162.646 -13 1701 1 0 1
1.27779 36.5188 12500 -0.574266 0.607164 27.9875 162.662 -13 1702 1 0 1
40.6807 13.6476 12500 -1.04721 0.231447 27.9795 162.606 -13 1703 1 0 1
2.16992 53.1169 12500 -0.575762 0.805067 27.9825 162.684 -13 1704 1 0 1
17.5282 2.4499 12500 -0.787628 0.0488364 27.9889 162.597 -13 1705 1 0 1
5.12842 4.52217 12500 -0.666969 0.0752242 27.992 162.603 -13 1706 1 0 1
34.4598 32.0906 12500 -0.971762 0.491206 27.9788 162.631 -13 1707 1 0 1
1.50317 34.6152 12500 -0.588285 0.543658 27.9885 162.647 -13 1708 1 0 1
-14.3975 -46.7677 12500 -0.377424 -0.736793 27.9878 162.683 -13 1709 1 0 1
-10.2427 63.6785 12500 -0.368343 0.930524 27.9821 162.714 -13 1710 1 0 1
4.85576 68.7665 12500 -0.562278 1.03968 27.975 162.74 -13 1711 1 0 1
24.207 3.97813 12500 -0.852004 0.0545954 27.987 162.597 -13 1712 1 0 1
25.9253 -16.1679 12500 -0.860406 -0.276649 27.9854 162.612 -13 1713 1 0 1
24.6634 -13.6638 12500 -0.849654 -0.212409 27.9863 162.606 -13 1714 1 0 1
-0.354185 -9.99471 12500 -0.599075 -0.174665 27.993 162.616 -13 1715 1 0 1
5.41172 -17.1069 12500 -0.645774 -0.249378 27.9914 162.618 -13 1716 1 0 1
17.081 22.2025 12500 -0.766476 0.344895 27.9874 162.616 -13 1717 1 0 1
-12.048 5.76471 12500 -0.482637 0.10467 27.9956 162.622 -13 1718 1 0 1
-5.09127 -19.3449 12500 -0.550364 -0.306206 27.9929 162.622 -13 1719 1 0 1
22.116 -1.15947 12500 -0.831944 -0.0424246 27.9876 162.596 -13 1720 1 0 1
18.6608 77.4375 12500 -0.774105 1.13555 27.9663 162.776 -13 1721 1 0 1
13.6086 -1.81252 12500 -0.749954 -0.0380127 27.9899 162.598 -13 1722 1 0 1
45.3021 8.97246 12500 -1.10108 0.142117 27.978 162.6 -13 1723 1 0 1
11.2517 -26.9305 12500 -0.726583 -0.411545 27.9875 162.616 -13 1724 1 0 1
-7.95205 -23.8503 12500 -0.515417 -0.381774 27.9927 162.631 -13 1725 1 0 1
6.20081 35.2018 12500 -0.651952 0.537192 27.9873 162.638 -13 1726 1 0 1
8.93243 -64.0554 12500 -0.659427 -0.961511 27.9757 162.709 -13 1727 1 0 1
-1.40549 -13.1751 12500 -0.58959 -0.193832 27.9931 162.617 -13 1728 1 0 1
12.8536 4.59793 12500 -0.733782 0.0966546 27.9902 162.604 -13 1729 1 0 1
-22.2292 -45.2504 12500 -0.308436 -0.689104 27.9898 162.671 -13 1730 1 0 1
-26.5315 -68.7348 12500 -0.12833 -0.964679 27.9831 162.711 -13 1731 1 0 1
33.5682 76.7911 12500 -1.00671 1.0912 27.9606 162.788 -13 1732 1 0 1
5.9957 10.7059 12500 -0.653716 0.166083 27.9919 162.615 -13 1733 1 0 1
-34.9497 13.7109 12500 -0.20998 0.193217 27.9985 162.646 -13 1734 1 0 1
29.9046 61.7083 12500 -0.922083 0.899037 27.9704 162.714 -13 1735 1 0 1
9.20467 2.40558 12500 -0.686278 0.0526303 27.9915 162.61 -13 1736 1 0 1
17.3862 34.1141 12500 -0.788484 0.531733 27.9838 162.628 -13 1737 1 0 1
18.5532 94.601 12500 -0.797226 1.30454 27.9582 162.835 -13 1738 1 0 1
-17.2526 -32.6037 12500 -0.400562 -0.508836 27.9925 162.648 -13 1739 1 0 1
33.7018 77.9699 12500 -1.01771 1.10114 27.9598 162.791 -13 1740 1 0 1
-9.74637 21.4972 12500 -0.471509 0.326136 27.9941 162.638 -13 1741 1 0 1
5.28205 28.473 12500 -0.628403 0.467022 27.9891 162.641 -13 1742 1 0 1
-12.7903 -12.9241 12500 -0.452637 -0.201822 27.9956 162.634 -13 1743 1 0 1
-2.26635 -64.6495 12500 -0.502547 -0.950551 27.9793 162.707 -13 1744 1 0 1
6.78638 -8.76478 12500 -0.673663 -0.149392 27.9915 162.608 -13 1745 1 0 1
13.7178 33.5543 12500 -0.725493 0.542867 27.9853 162.641 -13 1746 1 0 1
-12.1401 13.3301 12500 -0.462446 0.236516 27.9952 162.634 -13 1747 1 0 1
12.8594 68.2491 12500 -0.696707 1.03464 27.9722 162.737 -13 1748 1 0 1
6.74244 31.2433 12500 -0.652409 0.481619 27.9883 162.634 -13 1749 1 0 1
0.758539 -9.12895 12500 -0.605844 -0.14438 27.9931 162.616 -13 1750 1 0 1
34.323 21.0946 12500 -0.962281 0.339924 27.9814 162.614 -13 1751 1 0 1
40.7454 12.1837 12500 -1.03941 0.195092 27.98 162.605 -13 1752 1 0 1
39.7839 88.99 12500 -1.10724 1.18073 27.9532 162.842 -13 1753 1 0 1
26.4674 11.1467 12500 -0.886658 0.146769 27.9856 162.595 -13 1754 1 0 1
-9.95583 -24.5675 12500 -0.48922 -0.39407 27.993 162.636 -13 1755 1 0 1
24.4755 7.11542 12500 -0.8518 0.117684 27.9868 162.6 -13 1756 1 0 1
1.2504 38.926 12500 -0.587574 0.619574 27.987 162.655 -13 1757 1 0 1
26.0584 -4.81034 12500 -0.88713 -0.0313135 27.9859 162.591 -13 1758 1 0 1
28.8182 -13.4814 12500 -0.89921 -0.216547 27.9847 162.605 -13 1759 1 0 1
53.5315 52.0237 12500 -1.22069 0.709319 27.9644 162.685 -13 1760 1 0 1
14.4705 75.9388 12500 -0.70162 1.08859 27.97 162.753 -13 1761 1 0 1
-0.718397 37.2044 12500 -0.559112 0.585336 27.9883 162.655 -13 1762 1 0 1
7.21672 40.1648 12500 -0.650334 0.614472 27.9857 162.65 -13 1763 1 0 1
25.8215 -39.6499 12500 -0.890031 -0.61867 27.979 162.64 -13 1764 1 0 1
22.4052 -8.97638 12500 -0.830322 -0.13775 27.9873 162.601 -13 1765 1 0 1
7.81259 3.65502 12500 -0.676191 0.0636686 27.9918 162.609 -13 1766 1 0 1
0.489541 23.9535 12500 -0.593443 0.369934 27.9913 162.629 -13 1767 1 0 1
15.735 -3.51292 12500 -0.779192 -0.0558219 27.9891 162.594 -13 1768 1 0 1
18.4942 -17.586 12500 -0.780766 -0.286611 27.9876 162.613 -13 1769 1 0 1
11.5879 -34.4792 12500 -0.711037 -0.542024 27.9857 162.636 -13 1770 1 0 1
-27.6655 -46.7181 12500 -0.221757 -0.683061 27.9908 162.676 -13 1771 1 0 1
-15.4233 1.27315 12500 -0.442846 0.026371 27.9965 162.626 -13 1772 1 0 1
-11.2151 -14.8234 12500 -0.468975 -0.23323 27.9951 162.633 -13 1773 1 0 1
15.6788 -26.8698 12500 -0.764001 -0.428667 27.9863 162.621 -13 1774 1 0 1
14.8573 30.2359 12500 -0.767082 0.502291 27.985 162.627 -13 1775 1 0 1
14.8832 -9.34131 12500 -0.768711 -0.140024 27.9891 162.597 -13 1776 1 0 1
-27.0499 -19.6483 12500 -0.31043 -0.323005 27.9964 162.641 -13 1777 1 0 1
6.73734 18.4658 12500 -0.651028 0.288962 27.9909 162.622 -13 1778 1 0 1
-8.76308 32.0882 12500 -0.50608 0.500701 27.9909 162.639 -13 1779 1 0 1
23.7669 30.6474 12500 -0.846325 0.480419 27.9831 162.627 -13 1780 1 0 1
26.4136 32.4181 12500 -0.862967 0.507598 27.9821 162.635 -13 1781 1 0 1
-0.718907 -8.49675 12500 -0.584181 -0.131122 27.9936 162.62 -13 1782 1 0 1
-18.5193 -52.9308 12500 -0.327225 -0.771432 27.9875 162.681 -13 1783 1 0 1
7.94351 4.43266 12500 -0.687294 0.0702533 27.9915 162.605 -13 1784 1 0 1
11.9511 36.3648 12500 -0.722149 0.598308 27.9843 162.645 -13 1785 1 0 1
6.8336 18.9951 12500 -0.674875 0.317486 27.9901 162.615 -13 1786 1 0 1
7.17064 -12.2152 12500 -0.674352 -0.193789 27.9912 162.611 -13 1787 1 0 1
2.76166 11.2403 12500 -0.617784 0.166737 27.9927 162.619 -13 1788 1 0 1
8.3872 -18.3202 12500 -0.686684 -0.297886 27.99 162.614 -13 1789 1 0 1
-11.8459 -59.035 12500 -0.384836 -0.882423 27.9834 162.702 -13 1790 1 0 1
6.76825 0.539515 12500 -0.677329 0.00108608 27.9918 162.604 -13 1791 1 0 1
2.31459 46.9256 12500 -0.59652 0.753629 27.9835 162.673 -13 1792 1 0 1
7.2384 7.12286 12500 -0.666588 0.129662 27.9918 162.613 -13 1793 1 0 1
31.8974 27.6797 12500 -0.935166 0.439133 27.9809 162.626 -13 1794 1 0 1
8.61825 27.9866 12500 -0.685355 0.419443 27.9885 162.624 -13 1795 1 0 1
26.4039 -12.3709 12500 -0.870882 -0.194275 27.9858 162.604 -13 1796 1 0 1
-12.0271 -32.9535 12500 -0.477091 -0.497294 27.9915 162.636 -13 1797 1 0 1
-10.2522 24.1146 12500 -0.476861 0.402699 27.993 162.64 -13 1798 1 0 1
23.5954 42.8043 12500 -0.846084 0.634276 27.98 162.644 -13 1799 1 0 1
9.44604 -32.2614 12500 -0.683614 -0.46369 27.9878 162.628 -13 1800 1 0 1
-23.8563 -83.5872 12500 -0.0834125 -1.13452 27.9769 162.736 -13 1801 1 0 1
-18.6951 14.5377 12500 -0.398666 0.248691 27.9961 162.636 -13 1802 1 0 1
2.21608 -33.5536 12500 -0.619579 -0.534267 27.988 162.636 -13 1803 1 0 1
-17.4127 -0.849092 12500 -0.412922 0.0254933 27.9969 162.631 -13 1804 1 0 1
13.1455 31.5888 12500 -0.737469 0.507823 27.9857 162.629 -13 1805 1 0 1
13.2361 40.742 12500 -0.726629 0.614773 27.9838 162.643 -13 1806 1 0 1
9.74445 20.7433 12500 -0.698307 0.322412 27.9894 162.614 -13 1807 1 0 1
20.0322 10.0421 12500 -0.786136 0.196471 27.9883 162.615 -13 1808 1 0 1
19.8995 47.0932 12500 -0.793896 0.707762 27.9798 162.66 -13 1809 1 0 1
21.9154 -8.97828 12500 -0.813769 -0.149801 27.9878 162.607 -13 1810 1 0 1
8.75827 4.01047 12500 -0.694189 0.0982052 27.9912 162.606 -13 1811 1 0 1
-11.2434 -19.3117 12500 -0.473063 -0.290287 27.9945 162.631 -13 1812 1 0 1
4.20419 13.5648 12500 -0.668347 0.241669 27.991 162.606 -13 1813 1 0 1
40.1154 30.5572 12500 -1.06821 0.484726 27.9754 162.628 -13 1814 1 0 1
32.7185 27.7276 12500 -0.964635 0.450551 27.9798 162.623 -13 1815 1 0 1
-19.9179 -24.1141 12500 -0.366849 -0.373649 27.9951 162.647 -13 1816 1 0 1
-17.0163 -23.7477 12500 -0.414013 -0.37193 27.9945 162.638 -13 1817 1 0 1
-22.8916 -51.0474 12500 -0.276433 -0.756479 27.9884 162.679 -13 1818 1 0 1
33.8307 55.3038 12500 -0.98666 0.808382 27.9709 162.689 -13 1819 1 0 1
8.58846 4.10227 12500 -0.69667 0.0575091 27.9913 162.603 -13 1820 1 0 1
9.19607 -28.9651 12500 -0.693722 -0.439267 27.988 162.624 -13 1821 1 0 1
26.0191 9.33944 12500 -0.872383 0.127937 27.9861 162.598 -13 1822 1 0 1
12.0716 24.9177 12500 -0.728615 0.394908 27.9877 162.618 -13 1823 1 0 1
12.5887 21.0011 12500 -0.721469 0.343911 27.9886 162.618 -13 1824 1 0 1
26.2515 12.481 12500 -0.870094 0.196313 27.9858 162.604 -13 1825 1 0 1
13.1848 77.4008 12500 -0.677165 1.1564 27.9679 162.781 -13 1826 1 0 1
-25.1424 -56.2771 12500 -0.222679 -0.807626 27.9875 162.689 -13 1827 1 0 1
-18.3255 32.8957 12500 -0.391522 0.506801 27.9927 162.648 -13 1828 1 0 1
-9.81642 11.3185 12500 -0.50289 0.170659 27.995 162.623 -13 1829 1 0 1
-26.4091 -51.4167 12500 -0.2033 -0.735952 27.9896 162.687 -13 1830 1 0 1
14.5351 28.9466 12500 -0.743117 0.476221 27.9861 162.631 -13 1831 1 0 1
22.9546 8.79606 12500 -0.837165 0.118505 27.9872 162.599 -13 1832 1 0 1
3.3722 -20.4719 12500 -0.613434 -0.33183 27.9913 162.629 -13 1833 1 0 1
-11.0138 3.04016 12500 -0.507942 0.0580361 27.9953 162.615 -13 1834 1 0 1
6.83497 5.41103 12500 -0.664225 0.072299 27.992 162.611 -13 1835 1 0 1
-5.03382 -12.7338 12500 -0.553605 -0.172637 27.994 162.618 -13 1836 1 0 1
-5.2877 -35.0692 12500 -0.531294 -0.581655 27.9889 162.651 -13 1837 1 0 1
10.1668 -15.5695 12500 -0.69487 -0.218166 27.9905 162.613 -13 1838 1 0 1
15.626 -15.5508 12500 -0.767046 -0.264792 27.9882 162.606 -13 1839 1 0 1
15.7838 26.2115 12500 -0.769072 0.396493 27.9866 162.615 -13 1840 1 0 1
16.9436 -2.64605 12500 -0.776566 -0.0289768 27.9892 162.599 -13 1841 1 0 1
5.82146 -12.5538 12500 -0.671039 -0.171299 27.9914 162.606 -13 1842 1 0 1
4.44964 -0.499076 12500 -0.639523 0.00363506 27.9927 162.613 -13 1843 1 0 1
32.8717 8.56781 12500 -0.935464 0.1642 27.9839 162.607 -13 1844 1 0 1
25.0493 20.6521 12500 -0.87305 0.31842 27.9846 162.603 -13 1845 1 0 1
14.226 11.912 12500 -0.77132 0.18133 27.9888 162.595 -13 1846 1 0 1
18.3271 -0.858419 12500 -0.793222 -0.0160453 27.9888 162.597 -13 1847 1 0 1
-4.37406 -34.6991 12500 -0.517309 -0.545656 27.9899 162.655 -13 1848 1 0 1
-15.6217 -42.7469 12500 -0.378503 -0.665096 27.9895 162.672 -13 1849 1 0 1
-34.8061 -11.4393 12500 -0.213398 -0.179398 27.9986 162.646 -13 1850 1 0 1
-41.562 -36.8782 12500 -0.0498398 -0.527183 27.995 162.666 -13 1851 1 0 1
6.85628 2.20814 12500 -0.675009 0.0449449 27.9918 162.606 -13 1852 1 0 1
6.49587 -6.39871 12500 -0.66985 -0.112537 27.9918 162.608 -13 1853 1 0 1
28.4997 45.0258 12500 -0.883048 0.693457 27.9775 162.669 -13 1854 1 0 1
2.83508 10.1066 12500 -0.610218 0.185044 27.9927 162.624 -13 1855 1 0 1
8.43193 7.9407 12500 -0.688713 0.113717 27.9913 162.607 -13 1856 1 0 1
-17.3688 11.1856 12500 -0.426495 0.183823 27.9961 162.628 -13 1857 1 0 1
11.5305 18.8223 12500 -0.694449 0.293012 27.9899 162.622 -13 1858 1 0 1
20.0602 0.775266 12500 -0.786147 0.0351641 27.9889 162.609 -13 1859 1 0 1
30.0524 -0.106032 12500 -0.906889 0.00985042 27.9853 162.6 -13 1860 1 0 1
31.9865 -4.02688 12500 -0.955384 -0.0872971 27.9836 162.591 -13 1861 1 0 1
25.9418 31.028 12500 -0.863793 0.468237 27.9828 162.627 -13 1862 1 0 1
-11.0545 -49.3922 12500 -0.435178 -0.729539 27.9871 162.67 -13 1863 1 0 1
-36.5419 -19.0351 12500 -0.200797 -0.275204 27.9979 162.642 -13 1864 1 0 1
11.6011 37.0326 12500 -0.701436 0.584549 27.9851 162.646 -13 1865 1 0 1
-2.14468 -8.798 12500 -0.584018 -0.109815 27.9937 162.614 -13 1866 1 0 1
9.01856 57.8147 12500 -0.655552 0.884071 27.9784 162.7 -13 1867 1 0 1
3.84098 -33.518 12500 -0.622842 -0.550084 27.9877 162.645 -13 1868 1 0 1
16.9118 -29.7291 12500 -0.781746 -0.469791 27.9851 162.622 -13 1869 1 0 1
-6.86439 -19.0046 12500 -0.514697 -0.297403 27.9937 162.631 -13 1870 1 0 1
49.0671 35.3276 12500 -1.14839 0.505122 27.9719 162.64 -13 1871 1 0 1
23.8092 34.0874 12500 -0.850699 0.515841 27.9823 162.628 -13 1872 1 0 1
12.0134 13.1911 12500 -0.729871 0.207031 27.9897 162.606 -13 1873 1 0 1
-6.95266 -127.678 12500 -2.2316 -2.24311 27.8206 162.979 -13 1874 1 0 1
33.0975 -10.7936 12500 -0.94288 -0.134662 27.9838 162.602 -13 1875 1 0 1
15.4312 13.0839 12500 -0.767449 0.220341 27.9886 162.604 -13 1876 1 0 1
-10.45 -30.8961 12500 -0.480486 -0.47199 27.9919 162.64 -13 1877 1 0 1
-18.7433 -12.6567 12500 -0.408501 -0.228479 27.9961 162.633 -13 1878 1 0 1
1.24857 -3.28905 12500 -0.623243 -0.0497673 27.993 162.608 -13 1879 1 0 1
-2.73081 -17.8278 12500 -0.574927 -0.255791 27.9929 162.618 -13 1880 1 0 1
19.8259 0.798335 12500 -0.802746 0.00803279 27.9885 162.599 -13 1881 1 0 1
20.6973 33.0361 12500 -0.808812 0.511696 27.9836 162.63 -13 1882 1 0 1
-0.10731 16.7823 12500 -0.59515 0.277637 27.9923 162.621 -13 1883 1 0 1
40.8657 39.5705 12500 -1.05006 0.593834 27.974 162.653 -13 1884 1 0 1
-13.2238 24.0775 12500 -0.460183 0.375462 27.9937 162.634 -13 1885 1 0 1
-5.7315 -6.47384 12500 -0.535861 -0.0953089 27.9947 162.622 -13 1886 1 0 1
-14.6184 22.1641 12500 -0.416496 0.33586 27.9949 162.643 -13 1887 1 0 1
15.5055 9.35445 12500 -0.766348 0.186177 27.9889 162.604 -13 1888 1 0 1
1.12333 -2.67819 12500 -0.611217 -0.0595525 27.9933 162.614 -13 1889 1 0 1
17.8088 40.7406 12500 -0.767585 0.645677 27.982 162.655 -13 1890 1 0 1
41.2882 32.7767 12500 -1.06626 0.493727 27.9753 162.632 -13 1891 1 0 1
-19.351 -24.7784 12500 -0.384329 -0.372318 27.9949 162.642 -13 1892 1 0 1
27.9647 21.6872 12500 -0.902157 0.357434 27.9832 162.61 -13 1893 1 0 1
5.50734 32.1453 12500 -0.633305 0.519325 27.988 162.643 -13 1894 1 0 1
-5.54623 34.5194 12500 -0.515913 0.556016 27.9897 162.652 -13 1895 1 0 1
15.8206 22.8717 12500 -0.768727 0.35941 27.9871 162.612 -13 1896 1 0 1
-27.3807 -23.3169 12500 -0.284509 -0.35285 27.9963 162.649 -13 1897 1 0 1
-11.4779 -35.769 12500 -0.46808 -0.565496 27.9904 162.648 -13 1898 1 0 1
12.0464 -71.8644 12500 -0.685489 -1.09128 27.9703 162.754 -13 1899 1 0 1
-7.59419 -24.4522 12500 -0.501465 -0.393794 27.9927 162.64 -13 1900 1 0 1
-16.1549 15.4882 12500 -0.424789 0.244041 27.9957 162.633 -13 1901 1 0 1
1.76805 -11.0044 12500 -0.645031 -0.192307 27.9919 162.604 -13 1902 1 0 1
-17.6513 -10.3476 12500 -0.406731 -0.179865 27.9965 162.635 -13 1903 1 0 1
8.79629 14.6084 12500 -0.674914 0.222892 27.991 162.618 -13 1904 1 0 1
5.27318 34.208 12500 -0.638546 0.537633 27.9876 162.641 -13 1905 1 0 1
23.826 21.4616 12500 -0.829302 0.337953 27.9857 162.617 -13 1906 1 0 1
-23.6295 -6.09539 12500 -0.35153 -0.0939656 27.9976 162.635 -13 1907 1 0 1
6.34209 -5.76361 12500 -0.658325 -0.0802163 27.9921 162.612 -13 1908 1 0 1
20.4206 28.1921 12500 -0.801432 0.461998 27.9847 162.63 -13 1909 1 0 1
7.41869 -6.81371 12500 -0.673449 -0.115365 27.9917 162.61 -13 1910 1 0 1
13.8986 12.6747 12500 -0.734953 0.23236 27.9894 162.614 -13 1911 1 0 1
22.0877 23.5077 12500 -0.828046 0.377381 27.9852 162.615 -13 1912 1 0 1
23.3327 -28.0487 12500 -0.839655 -0.467786 27.9835 162.629 -13 1913 1 0 1
4.38757 -15.6452 12500 -0.650206 -0.249442 27.9913 162.612 -13 1914 1 0 1
18.7312 8.36102 12500 -0.79253 0.142107 27.9884 162.602 -13 1915 1 0 1
25.2938 36.4569 12500 -0.846571 0.565515 27.9815 162.645 -13 1916 1 0 1
5.15919 4.39162 12500 -0.652826 0.0548934 27.9923 162.609 -13 1917 1 0 1
5.54367 34.9718 12500 -0.664516 0.573434 27.9862 162.639 -13 1918 1 0 1
11.0423 15.6249 12500 -0.704627 0.25998 27.9899 162.615 -13 1919 1 0 1
-17.9962 20.5512 12500 -0.403646 0.333143 27.9951 162.637 -13 1920 1 0 1
-9.21929 -13.7816 12500 -0.484196 -0.194205 27.9951 162.634 -13 1921 1 0 1
-27.5848 -38.5705 12500 -0.253519 -0.546635 27.9935 162.662 -13 1922 1 0 1
39.7753 33.9607 12500 -1.0467 0.510022 27.9758 162.633 -13 1923 1 0 1
-8.24516 -26.2097 12500 -0.515019 -0.418783 27.9921 162.633 -13 1924 1 0 1
-5.87695 -36.9935 12500 -0.501802 -0.566294 27.9898 162.656 -13 1925 1 0 1
8.94531 13.0436 12500 -0.693826 0.224986 27.9905 162.612 -13 1926 1 0 1
-5.1622 0.210957 12500 -0.55952 -0.020722 27.9944 162.613 -13 1927 1 0 1
6.38057 -27.8319 12500 -0.674578 -0.476565 27.9878 162.628 -13 1928 1 0 1
15.2274 -24.9451 12500 -0.726381 -0.391272 27.9878 162.633 -13 1929 1 0 1
26.9085 -12.5375 12500 -0.878355 -0.189461 27.9856 162.603 -13 1930 1 0 1
28.3659 -26.5625 12500 -0.909274 -0.402564 27.9823 162.613 -13 1931 1 0 1
10.4052 1.31482 12500 -0.706526 0.0155778 27.9911 162.605 -13 1932 1 0 1
4.26058 58.7964 12500 -0.600578 0.888561 27.9795 162.699 -13 1933 1 0 1
-18.6717 28.6495 12500 -0.40041 0.391346 27.9944 162.639 -13 1934 1 0 1
27.2291 4.81735 12500 -0.891705 0.0945541 27.9856 162.596 -13 1935 1 0 1
29.1455 5.63609 12500 -0.912274 0.104949 27.9849 162.596 -13 1936 1 0 1
19.5034 7.56298 12500 -0.808933 0.141486 27.988 162.599 -13 1937 1 0 1
27.2412 38.8129 12500 -0.881696 0.611319 27.9794 162.65 -13 1938 1 0 1
48.1969 85.3013 12500 -1.19979 1.0945 27.9529 162.813 -13 1939 1 0 1
-3.92692 11.0315 12500 -0.543806 0.196106 27.994 162.628 -13 1940 1 0 1
-5.679 25.6387 12500 -0.528484 0.431067 27.9917 162.639 -13 1941 1 0 1
-2.91562 12.0474 12500 -0.560018 0.208074 27.9936 162.625 -13 1942 1 0 1
10.577 -30.3599 12500 -0.691829 -0.482622 27.9873 162.636 -13 1943 1 0 1
-14.0695 -87.4675 12500 -0.186211 -1.23602 27.9721 162.773 -13 1944 1 0 1
0.105022 1.35042 12500 -0.619779 0.0301464 27.9931 162.606 -13 1945 1 0 1
-7.10406 -6.00175 12500 -0.53877 -0.0894086 27.9947 162.615 -13 1946 1 0 1
1.80185 29.5319 12500 -0.592199 0.472938 27.9897 162.642 -13 1947 1 0 1
-5.37171 -24.9319 12500 -0.550709 -0.381018 27.992 162.626 -13 1948 1 0 1
0.475042 -9.29271 12500 -0.61131 -0.158592 27.9929 162.613 -13 1949 1 0 1
18.1751 24.4171 12500 -0.784249 0.369433 27.9866 162.616 -13 1950 1 0 1
-25.8954 -38.421 12500 -0.274678 -0.584974 27.9925 162.665 -13 1951 1 0 1
35.7938 -14.6278 12500 -0.989926 -0.204611 27.9817 162.599 -13 1952 1 0 1
-14.437 -18.5657 12500 -0.456155 -0.280766 27.9949 162.626 -13 1953 1 0 1
12.2441 -19.6469 12500 -0.725753 -0.331371 27.9886 162.614 -13 1954 1 0 1
15.8061 17.4799 12500 -0.765153 0.281109 27.9881 162.608 -13 1955 1 0 1
4.7951 6.96406 12500 -0.6473 0.111225 27.9923 162.612 -13 1956 1 0 1
10.6685 6.70956 12500 -0.719517 0.116018 27.9905 162.602 -13 1957 1 0 1
-1.94032 -31.2948 12500 -0.562601 -0.490298 27.9901 162.64 -13 1958 1 0 1
12.2926 -13.2236 12500 -0.717231 -0.191477 27.9902 162.612 -13 1959 1 0 1
-25.2241 -8.50444 12500 -0.318381 -0.146293 27.9978 162.643 -13 1960 1 0 1
-20.8109 7.00009 12500 -0.401987 0.0944753 27.997 162.624 -13 1961 1 0 1
7.71199 3.97818 12500 -0.681651 0.0696664 27.9916 162.606 -13 1962 1 0 1
27.0496 67.3548 12500 -0.911631 0.977172 27.9681 162.728 -13 1963 1 0 1
-23.8582 27.1563 12500 -0.326116 0.402875 27.9952 162.65 -13 1964 1 0 1
-9.06988 19.2976 12500 -0.486258 0.319369 27.994 162.636 -13 1965 1 0 1
3.38517 -17.7442 12500 -0.634277 -0.267981 27.9915 162.616 -13 1966 1 0 1
10.0901 42.8008 12500 -0.676267 0.644461 27.9844 162.654 -13 1967 1 0 1
-8.44251 -7.35968 12500 -0.512571 -0.131525 27.995 162.623 -13 1968 1 0 1
17.3341 -9.31338 12500 -0.777532 -0.141415 27.9888 162.603 -13 1969 1 0 1
43.3195 -15.5232 12500 -1.07403 -0.252825 27.9783 162.609 -13 1970 1 0 1
8.65331 -33.3059 12500 -0.648044 -0.569071 27.9867 162.66 -13 1971 1 0 1
-13.8524 -25.5912 12500 -0.425594 -0.420304 27.9936 162.649 -13 1972 1 0 1
21.3839 -5.7275 12500 -0.834635 -0.113042 27.9873 162.594 -13 1973 1 0 1
-1.40313 80.0532 12500 -0.458463 1.18788 27.971 162.775 -13 1974 1 0 1
-8.12875 -13.1614 12500 -0.499087 -0.228457 27.9946 162.634 -13 1975 1 0 1
25.1261 76.4087 12500 -0.857947 1.10797 27.9649 162.778 -13 1976 1 0 1
37.755 47.3581 12500 -1.00375 0.678913 27.9738 162.666 -13 1977 1 0 1
18.7812 18.8494 12500 -0.80452 0.347926 27.9863 162.612 -13 1978 1 0 1
-23.8174 -28.6334 12500 -0.323488 -0.435782 27.9947 162.652 -13 1979 1 0 1
18.0549 30.0955 12500 -0.799683 0.50147 27.9841 162.627 -13 1980 1 0 1
15.9342 4.65949 12500 -0.757864 0.0501535 27.9897 162.604 -13 1981 1 0 1
28.0357 27.4597 12500 -0.902607 0.399003 27.9826 162.613 -13 1982 1 0 1
-19.9752 -33.3652 12500 -0.370334 -0.490988 27.9932 162.647 -13 1983 1 0 1
24.3764 -22.4616 12500 -0.863048 -0.371663 27.9842 162.61 -13 1984 1 0 1
52.4249 87.7221 12500 -1.27251 1.12829 27.9483 162.854 -13 1985 1 0 1
6.93104 8.97374 12500 -0.664729 0.159202 27.9917 162.614 -13 1986 1 0 1
-18.069 12.5534 12500 -0.421556 0.192291 27.9962 162.628 -13 1987 1 0 1
23.976 112.332 12500 -1.05066 1.51929 27.939 162.963 -13 1988 1 0 1
22.4829 60.6116 12500 -0.813049 0.906412 27.9735 162.713 -13 1989 1 0 1
27.1601 73.0555 12500 -0.886708 1.04079 27.9666 162.751 -13 1990 1 0 1
2.33333 -17.2511 12500 -0.634183 -0.282298 27.9914 162.613 -13 1991 1 0 1
-9.46642 -35.3731 12500 -0.490757 -0.562977 27.99 162.647 -13 1992 1 0 1
38.9446 55.9192 12500 -1.02978 0.793531 27.9698 162.693 -13 1993 1 0 1
23.6177 5.03432 12500 -0.841989 0.0726375 27.9872 162.599 -13 1994 1 0 1
53.1218 52.2973 12500 -1.21377 0.715279 27.9645 162.687 -13 1995 1 0 1
3.73338 -59.1701 12500 -0.584804 -0.908125 27.9792 162.708 -13 1996 1 0 1
-25.3694 -29.7042 12500 -0.316548 -0.443097 27.9947 162.649 -13 1997 1 0 1
-5.26103 22.3296 12500 -0.555924 0.349005 27.9923 162.622 -13 1998 1 0 1
0.911818 24.3609 12500 -0.602006 0.394578 27.9907 162.629 -13 1999 1 0 1
-19.1946 -20.1158 12500 -0.390302 -0.337659 27.9952 162.639 -13 2000 1 0 1
10.2468 -5.27272 12500 -0.69036 -0.0613956 27.9914 162.613 -13 2001 1 0 1
-2.39996 12.0583 12500 -0.58756 0.196445 27.9931 162.615 -13 2002 1 0 1
-15.704 -20.6341 12500 -0.420821 -0.302422 27.9952 162.636 -13 2003 1 0 1
10.5414 16.8379 12500 -0.715127 0.261065 27.9896 162.607 -13 2004 1 0 1
5.63174 14.5057 12500 -0.667952 0.219785 27.9912 162.609 -13 2005 1 0 1
41.3626 37.4597 12500 -1.03846 0.536521 27.9756 162.643 -13 2006 1 0 1
-29.53 -14.5448 12500 -0.283391 -0.192149 27.9979 162.641 -13 2007 1 0 1
-34.4976 -20.9984 12500 -0.215583 -0.342165 27.9971 162.646 -13 2008 1 0 1
-9.50528 -18.379 12500 -0.49529 -0.354943 27.9934 162.636 -13 2009 1 0 1
-8.81362 8.17089 12500 -0.522752 0.120991 27.9949 162.617 -13 2010 1 0 1
46.8539 42.4417 12500 -1.1402 0.61761 27.97 162.657 -13 2011 1 0 1
31.2496 23.8514 12500 -0.926956 0.381275 27.9821 162.617 -13 2012 1 0 1
6.96975 -2.89785 12500 -0.69437 -0.05118 27.9913 162.598 -13 2013 1 0 1
-11.0993 -20.8013 12500 -0.470805 -0.312055 27.9943 162.633 -13 2014 1 0 1
12.8005 51.9026 12500 -0.692005 0.788704 27.9803 162.682 -13 2015 1 0 1
4.00935 21.3446 12500 -0.639231 0.345711 27.9906 162.62 -13 2016 1 0 1
8.32222 11.0018 12500 -0.69156 0.182901 27.9909 162.608 -13 2017 1 0 1
-1.08278 0.00861551 12500 -0.593557 -0.028433 27.9937 162.613 -13 2018 1 0 1
-3.35801 -43.6751 12500 -0.539539 -0.66343 27.9869 162.657 -13 2019 1 0 1
23.4733 -6.39385 12500 -0.857005 -0.114079 27.9866 162.593 -13 2020 1 0 1
3.98985 -2.52831 12500 -0.641102 -0.0215123 27.9927 162.61 -13 2021 1 0 1
-14.4851 6.1192 12500 -0.453078 0.102958 27.9961 162.625 -13 2022 1 0 1
20.8607 67.4173 12500 -0.808218 0.990501 27.9708 162.727 -13 2023 1 0 1
8.10942 35.8921 12500 -0.65969 0.556694 27.9867 162.645 -13 2024 1 0 1
1.13203 -0.212398 12500 -0.610995 0.00420864 27.9933 162.613 -13 2025 1 0 1
3.40832 -14.1991 12500 -0.624189 -0.231501 27.9921 162.621 -13 2026 1 0 1
12.1089 15.3274 12500 -0.709169 0.215416 27.9902 162.614 -13 2027 1 0 1
9.0296 -8.14891 12500 -0.693961 -0.125495 27.9911 162.607 -13 2028 1 0 1
-30.4319 -46.1222 12500 -0.190289 -0.650751 27.9918 162.673 -13 2029 1 0 1
-1.69279 20.0569 12500 -0.58816 0.321597 27.992 162.62 -13 2030 1 0 1
-18.6331 -19.3218 12500 -0.401908 -0.295874 27.9956 162.634 -13 2031 1 0 1
8.58311 -36.6666 12500 -0.679629 -0.581701 27.9857 162.643 -13 2032 1 0 1
20.6126 7.11666 12500 -0.783628 0.113861 27.9888 162.614 -13 2033 1 0 1
1.09111 20.2089 12500 -0.603819 0.320331 27.9917 162.623 -13 2034 1 0 1
-3.4302 6.50175 12500 -0.546287 0.0897536 27.9945 162.626 -13 2035 1 0 1
4.75421 -50.501 12500 -0.637591 -0.780259 27.9819 162.667 -13 2036 1 0 1
-5.8111 -27.5046 12500 -0.53827 -0.410753 27.9918 162.631 -13 2037 1 0 1
-20.2014 -47.1545 12500 -0.318763 -0.698688 27.9895 162.674 -13 2038 1 0 1
43.3022 8.97834 12500 -1.07206 0.134392 27.9791 162.601 -13 2039 1 0 1
9.06328 24.8039 12500 -0.680893 0.419193 27.9886 162.63 -13 2040 1 0 1
15.483 1.5049 12500 -0.764184 0.00955383 27.9896 162.599 -13 2041 1 0 1
-2.64246 -10.6485 12500 -0.566998 -0.173005 27.9937 162.622 -13 2042 1 0 1
15.3671 -44.3386 12500 -0.735985 -0.690661 27.9818 162.663 -13 2043 1 0 1
-11.3112 -23.4726 12500 -0.458573 -0.390304 27.9935 162.643 -13 2044 1 0 1
25.6765 32.1204 12500 -0.859908 0.522766 27.9819 162.638 -13 2045 1 0 1
12.3753 -1.05401 12500 -0.730951 -0.0462481 27.9904 162.602 -13 2046 1 0 1
4.35456 25.8357 12500 -0.633242 0.417412 27.9897 162.631 -13 2047 1 0 1
16.3037 13.7218 12500 -0.763197 0.201488 27.9889 162.607 -13 2048 1 0 1
-12.9413 10.7308 12500 -0.468415 0.1822 27.9955 162.627 -13 2049 1 0 1
22.5883 22.9811 12500 -0.831695 0.376302 27.9851 162.616 -13 2050 1 0 1
9.9553 -23.478 12500 -0.705188 -0.386005 27.9885 162.618 -13 2051 1 0 1
-36.001 13.2952 12500 -0.216943 0.180369 27.9986 162.641 -13 2052 1 0 1
-35.4574 17.0393 12500 -0.21335 0.217098 27.9983 162.643 -13 2053 1 0 1
7.5496 3.13665 12500 -0.672093 0.0431394 27.9919 162.61 -13 2054 1 0 1
24.4613 31.8491 12500 -0.839585 0.486758 27.9832 162.631 -13 2055 1 0 1
12.4203 25.3962 12500 -0.718835 0.381064 27.9882 162.621 -13 2056 1 0 1
-22.6093 -52.7001 12500 -0.269433 -0.783261 27.9877 162.684 -13 2057 1 0 1
-21.5812 -25.2066 12500 -0.357712 -0.395044 27.9949 162.645 -13 2058 1 0 1
40.3461 -1.93511 12500 -1.02638 0.00768623 27.9812 162.602 -13 2059 1 0 1
54.8639 -3.45151 12500 -1.22035 -0.0860812 27.9733 162.6 -13 2060 1 0 1
3.92659 -7.16854 12500 -0.639912 -0.143665 27.9923 162.613 -13 2061 1 0 1
-5.58571 -25.2169 12500 -0.534511 -0.381182 27.9923 162.632 -13 2062 1 0 1
4.94336 -9.6407 12500 -0.649018 -0.15254 27.9921 162.612 -13 2063 1 0 1
27.0992 37.0159 12500 -0.896421 0.560776 27.98 162.633 -13 2064 1 0 1
-9.65047 -17.2889 12500 -0.499194 -0.264919 27.9943 162.626 -13 2065 1 0 1
-23.7894 -70.7922 12500 -0.155526 -0.99032 27.982 162.716 -13 2066 1 0 1
4.71644 -20.5321 12500 -0.646851 -0.327298 27.9906 162.618 -13 2067 1 0 1
21.2813 32.6649 12500 -0.798803 0.520933 27.9838 162.639 -13 2068 1 0 1
2.63431 -50.9644 12500 -0.569769 -0.793854 27.9829 162.689 -13 2069 1 0 1
33.954 26.1939 12500 -0.97024 0.398795 27.9803 162.616 -13 2070 1 0 1
7.70575 -22.6999 12500 -0.671034 -0.34723 27.9898 162.621 -13 2071 1 0 1
9.0077 -20.5805 12500 -0.679077 -0.316867 27.99 162.62 -13 2072 1 0 1
1.5421 0.979511 12500 -0.61488 -0.0336154 27.9932 162.614 -13 2073 1 0 1
8.3402 14.5747 12500 -0.694053 0.21397 27.9906 162.607 -13 2074 1 0 1
-13.9535 1.54738 12500 -0.473019 0.0524183 27.996 162.618 -13 2075 1 0 1
-9.49648 7.76657 12500 -0.503366 0.103655 27.9953 162.622 -13 2076 1 0 1
29.3586 11.4945 12500 -0.924267 0.207236 27.984 162.598 -13 2077 1 0 1
-3.48826 5.16941 12500 -0.559227 0.086048 27.9943 162.62 -13 2078 1 0 1
8.41121 46.2744 12500 -0.647985 0.714534 27.9834 162.669 -13 2079 1 0 1
-11.4557 -15.4219 12500 -0.477908 -0.247869 27.9948 162.629 -13 2080 1 0 1
-8.50574 -24.2185 12500 -0.498862 -0.378213 27.993 162.636 -13 2081 1 0 1
14.8408 -25.6129 12500 -0.772777 -0.445019 27.9858 162.617 -13 2082 1 0 1
20.2436 -19.4477 12500 -0.794557 -0.289172 27.9872 162.612 -13 2083 1 0 1
34.6522 1.04127 12500 -0.962912 0.0253255 27.9834 162.599 -13 2084 1 0 1
39.4438 76.3881 12500 -1.04033 1.04284 27.9612 162.777 -13 2085 1 0 1
-15.5068 -52.2514 12500 -0.367728 -0.787692 27.9865 162.682 -13 2086 1 0 1
-10.9465 2.3237 12500 -0.478941 0.0271792 27.9959 162.627 -13 2087 1 0 1
9.30631 -6.51143 12500 -0.688018 -0.134056 27.9912 162.612 -13 2088 1 0 1
14.1808 23.995 12500 -0.736991 0.381148 27.9877 162.621 -13 2089 1 0 1
13.21 -37.5895 12500 -0.725643 -0.586617 27.9844 162.643 -13 2090 1 0 1
28.8529 -11.6668 12500 -0.898249 -0.19575 27.9849 162.605 -13 2091 1 0 1
5.28557 -26.2806 12500 -0.648395 -0.41817 27.9894 162.628 -13 2092 1 0 1
24.6989 20.4115 12500 -0.837869 0.272763 27.9861 162.611 -13 2093 1 0 1
-17.2714 3.66141 12500 -0.428494 0.0467509 27.9967 162.625 -13 2094 1 0 1
31.8007 30.8882 12500 -0.94552 0.476388 27.98 162.626 -13 2095 1 0 1
-1.89226 -11.6277 12500 -0.576746 -0.16504 27.9936 162.62 -13 2096 1 0 1
27.6636 13.3716 12500 -0.902651 0.188185 27.9848 162.595 -13 2097 1 0 1
12.9174 18.5903 12500 -0.724235 0.286709 27.9892 162.613 -13 2098 1 0 1
-1.50512 67.4961 12500 -0.484765 0.992707 27.9782 162.723 -13 2099 1 0 1
2.9512 26.3815 12500 -0.623051 0.419784 27.9899 162.63 -13 2100 1 0 1
-9.50921 -45.7215 12500 -0.454373 -0.70327 27.9875 162.67 -13 2101 1 0 1
28.5597 34.2972 12500 -0.904248 0.5379 27.9802 162.635 -13 2102 1 0 1
1.86114 55.7893 12500 -0.572785 0.859843 27.9809 162.695 -13 2103 1 0 1
13.3866 7.1087 12500 -0.737453 0.0989309 27.9901 162.603 -13 2104 1 0 1
32.272 49.4462 12500 -0.960772 0.719503 27.9743 162.664 -13 2105 1 0 1
16.4904 44.973 12500 -0.752107 0.682395 27.9816 162.657 -13 2106 1 0 1
-4.75083 -30.7496 12500 -0.53449 -0.496324 27.9905 162.643 -13 2107 1 0 1
20.4348 21.665 12500 -0.813885 0.29297 27.9866 162.605 -13 2108 1 0 1
6.93277 -11.6304 12500 -0.672093 -0.174472 27.9914 162.61 -13 2109 1 0 1
11.1314 82.82 12500 -0.638042 1.21751 27.9662 162.799 -13 2110 1 0 1
18.1577 -10.2183 12500 -0.769293 -0.195726 27.9887 162.615 -13 2111 1 0 1
1.53095 8.79804 12500 -0.603693 0.151255 27.9931 162.62 -13 2112 1 0 1
-1.04204 0.872092 12500 -0.595197 -0.0144321 27.9937 162.613 -13 2113 1 0 1
-6.2345 -25.896 12500 -0.520247 -0.405582 27.9922 162.638 -13 2114 1 0 1
12.488 4.53439 12500 -0.726902 0.0663325 27.9905 162.604 -13 2115 1 0 1
-33.7166 -35.1157 12500 -0.193147 -0.503787 27.9948 162.658 -13 2116 1 0 1
5.40556 23.3722 12500 -0.662195 0.326816 27.9903 162.615 -13 2117 1 0 1
-8.3494 3.88001 12500 -0.531202 0.049169 27.9949 162.614 -13 2118 1 0 1
23.262 14.3309 12500 -0.832933 0.231275 27.9867 162.608 -13 2119 1 0 1
-11.4995 -18.6522 12500 -0.459206 -0.28817 27.9948 162.637 -13 2120 1 0 1
22.2001 31.0218 12500 -0.827428 0.497933 27.9833 162.631 -13 2121 1 0 1
37.6958 29.1156 12500 -1.00232 0.42983 27.9788 162.625 -13 2122 1 0 1
2.48293 0.738329 12500 -0.642652 -0.0214415 27.9926 162.604 -13 2123 1 0 1
-2.1985 -14.4375 12500 -0.573407 -0.217283 27.9933 162.621 -13 2124 1 0 1
-16.6114 23.5756 12500 -0.397795 0.367859 27.9948 162.645 -13 2125 1 0 1
-6.64987 -14.5312 12500 -0.538117 -0.24093 27.9938 162.622 -13 2126 1 0 1
28.9456 20.2045 12500 -0.895949 0.302688 27.984 162.609 -13 2127 1 0 1
13.092 -25.0745 12500 -0.739978 -0.377996 27.9877 162.614 -13 2128 1 0 1
4.86298 -2.34085 12500 -0.662308 -0.0699296 27.9921 162.605 -13 2129 1 0 1
17.5211 -9.23647 12500 -0.771758 -0.127965 27.9891 162.606 -13 2130 1 0 1
-6.75961 -14.4289 12500 -0.530837 -0.262042 27.9937 162.626 -13 2131 1 0 1
2.75508 -28.3943 12500 -0.642228 -0.442535 27.9891 162.622 -13 2132 1 0 1
-38.801 11.0313 12500 -0.15865 0.175589 27.999 162.647 -13 2133 1 0 1
-8.74704 -15.535 12500 -0.498972 -0.253041 27.9944 162.63 -13 2134 1 0 1
21.6337 -22.4415 12500 -0.828237 -0.347954 27.9856 162.609 -13 2135 1 0 1
28.2592 71.8392 12500 -0.916819 1.049 27.9653 162.761 -13 2136 1 0 1
10.6016 -32.2764 12500 -0.709928 -0.506143 27.9864 162.628 -13 2137 1 0 1
-10.4675 -40.4617 12500 -0.44881 -0.629805 27.9893 162.664 -13 2138 1 0 1
-3.6661 16.0137 12500 -0.557512 0.256519 27.9933 162.623 -13 2139 1 0 1
6.68651 14.5467 12500 -0.666773 0.265121 27.9908 162.617 -13 2140 1 0 1
-1.7122 7.83795 12500 -0.596029 0.150594 27.9933 162.612 -13 2141 1 0 1
-27.8698 -6.05292 12500 -0.286345 -0.111926 27.9983 162.645 -13 2142 1 0 1
17.0424 20.1715 12500 -0.771033 0.300908 27.9878 162.61 -13 2143 1 0 1
-10.3722 -8.32353 12500 -0.490708 -0.142183 27.9953 162.626 -13 2144 1 0 1
-10.8203 15.517 12500 -0.486275 0.256536 27.9946 162.628 -13 2145 1 0 1
-7.72828 -17.9766 12500 -0.511124 -0.313287 27.9936 162.632 -13 2146 1 0 1
1.53871 50.479 12500 -0.563136 0.80411 27.9828 162.688 -13 2147 1 0 1
0.59957 25.5293 12500 -0.578391 0.355001 27.9918 162.634 -13 2148 1 0 1
24.0661 31.3328 12500 -0.818058 0.488976 27.9838 162.639 -13 2149 1 0 1
30.454 6.82332 12500 -0.930006 0.100661 27.9844 162.593 -13 2150 1 0 1
-27.4552 -11.275 12500 -0.303946 -0.165792 27.9979 162.641 -13 2151 1 0 1
8.02548 12.2275 12500 -0.687216 0.211703 27.9908 162.61 -13 2152 1 0 1
30.3762 17.1848 12500 -0.909829 0.239269 27.9842 162.605 -13 2153 1 0 1
23.7315 -19.9952 12500 -0.842856 -0.329159 27.9854 162.612 -13 2154 1 0 1
-8.55871 -11.959 12500 -0.516738 -0.170138 27.9947 162.621 -13 2155 1 0 1
17.0504 13.2226 12500 -0.775555 0.192388 27.9886 162.604 -13 2156 1 0 1
13.5877 22.9696 12500 -0.729622 0.40341 27.9876 162.626 -13 2157 1 0 1
-11.2696 -7.27908 12500 -0.499099 -0.0872688 27.9954 162.617 -13 2158 1 0 1
10.0901 10.2609 12500 -0.693507 0.166686 27.9909 162.613 -13 2159 1 0 1
8.89895 20.0339 12500 -0.678045 0.323812 27.9899 162.621 -13 2160 1 0 1
32.6533 26.3877 12500 -0.951585 0.421111 27.9807 162.621 -13 2161 1 0 1
39.6703 77.7547 12500 -1.05084 1.04061 27.9609 162.772 -13 2162 1 0 1
29.7129 6.26842 12500 -0.920341 0.0887162 27.9847 162.594 -13 2163 1 0 1
9.65368 10.8405 12500 -0.70476 0.179503 27.9906 162.607 -13 2164 1 0 1
38.125 49.8292 12500 -1.03266 0.763289 27.9705 162.692 -13 2165 1 0 1
-0.294323 -35.426 12500 -0.5645 -0.505072 27.9898 162.645 -13 2166 1 0 1
22.9626 -39.9844 12500 -0.846496 -0.61978 27.9803 162.642 -13 2167 1 0 1
29.4174 38.099 12500 -0.912293 0.601033 27.9787 162.648 -13 2168 1 0 1
8.25105 13.2751 12500 -0.689216 0.183311 27.9909 162.608 -13 2169 1 0 1
-18.9845 -28.1 12500 -0.37961 -0.416101 27.9943 162.647 -13 2170 1 0 1
33.3654 -1.00374 12500 -0.961174 -0.0424721 27.9835 162.593 -13 2171 1 0 1
-11.4166 -1.58314 12500 -0.485205 -0.0834801 27.9957 162.624 -13 2172 1 0 1
-19.6843 -69.0886 12500 -0.207225 -0.993408 27.9816 162.724 -13 2173 1 0 1
-11.656 -0.537415 12500 -0.480738 -0.00313071 27.9959 162.623 -13 2174 1 0 1
13.7877 -19.6204 12500 -0.739615 -0.299501 27.9886 162.61 -13 2175 1 0 1
-31.8376 18.8748 12500 -0.248954 0.314654 27.9971 162.645 -13 2176 1 0 1
-3.35469 -1.26871 12500 -0.569608 -0.00644253 27.9942 162.615 -13 2177 1 0 1
35.638 10.0535 12500 -0.964459 0.16309 27.9829 162.607 -13 2178 1 0 1
16.0427 -24.8299 12500 -0.776679 -0.389548 27.9865 162.612 -13 2179 1 0 1
36.0753 -40.8857 12500 -0.991243 -0.625869 27.9754 162.656 -13 2180 1 0 1
25.9029 5.8751 12500 -0.85892 0.0911927 27.9867 162.603 -13 2181 1 0 1
8.57786 10.8317 12500 -0.676606 0.194403 27.9911 162.616 -13 2182 1 0 1
-9.96937 12.1834 12500 -0.500035 0.213808 27.9947 162.626 -13 2183 1 0 1
23.6099 0.247497 12500 -0.864364 0.02017 27.9866 162.589 -13 2184 1 0 1
26.1147 0.661017 12500 -0.867787 -0.026597 27.9865 162.599 -13 2185 1 0 1
37.1038 -29.1487 12500 -1.01103 -0.451637 27.9781 162.624 -13 2186 1 0 1
-2.88351 -36.2013 12500 -0.542147 -0.551222 27.9893 162.65 -13 2187 1 0 1
36.4373 40.8097 12500 -0.999314 0.614452 27.9754 162.651 -13 2188 1 0 1
16.1479 12.4004 12500 -0.767986 0.179251 27.9889 162.604 -13 2189 1 0 1
-18.8476 -18.0219 12500 -0.408472 -0.274898 27.9957 162.63 -13 2190 1 0 1
-33.6957 -25.6429 12500 -0.21663 -0.352296 27.9969 162.649 -13 2191 1 0 1
2.16067 8.54369 12500 -0.622876 0.106754 27.9929 162.612 -13 2192 1 0 1
22.6679 -22.2905 12500 -0.82486 -0.349875 27.9857 162.616 -13 2193 1 0 1
19.3461 -0.882408 12500 -0.798038 0.0252414 27.9886 162.601 -13 2194 1 0 1
-18.1637 -10.9221 12500 -0.427834 -0.131247 27.9964 162.623 -13 2195 1 0 1
5.32646 -51.4017 12500 -0.618708 -0.788017 27.9821 162.678 -13 2196 1 0 1
7.50357 28.9059 12500 -0.66637 0.475562 27.988 162.635 -13 2197 1 0 1
-19.0927 -36.7217 12500 -0.350961 -0.532185 27.9927 162.66 -13 2198 1 0 1
30.4858 -29.3143 12500 -0.924143 -0.436442 27.9813 162.621 -13 2199 1 0 1
-1.58173 5.06382 12500 -0.589585 0.0559748 27.9937 162.613 -13 2200 1 0 1
29.1554 48.8593 12500 -0.90737 0.738745 27.9755 162.673 -13 2201 1 0 1
-32.9299 -43.9584 12500 -0.152363 -0.639337 27.9923 162.674 -13 2202 1 0 1
25.8811 11.4933 12500 -0.873899 0.167104 27.9859 162.599 -13 2203 1 0 1
13.4102 -8.41729 12500 -0.742435 -0.145604 27.9898 162.603 -13 2204 1 0 1
-2.75714 -6.01589 12500 -0.566315 -0.0885696 27.9941 162.619 -13 2205 1 0 1
-10.0897 -15.2838 12500 -0.505655 -0.243252 27.9944 162.622 -13 2206 1 0 1
-13.0606 -25.4622 12500 -0.442963 -0.429211 27.9932 162.646 -13 2207 1 0 1
9.67681 32.2364 12500 -0.683093 0.515433 27.9869 162.638 -13 2208 1 0 1
12.1751 -16.6273 12500 -0.721111 -0.297809 27.9891 162.615 -13 2209 1 0 1
-23.5733 -3.7371 12500 -0.35065 -0.0489243 27.9978 162.635 -13 2210 1 0 1
-15.5466 24.2952 12500 -0.423878 0.395115 27.994 162.641 -13 2211 1 0 1
31.1079 100.409 12500 -1.01512 1.33958 27.9495 162.907 -13 2212 1 0 1
23.3023 13.3361 12500 -0.838398 0.234033 27.9865 162.608 -13 2213 1 0 1
13.9171 -8.33826 12500 -0.760915 -0.128994 27.9894 162.596 -13 2214 1 0 1
21.7438 -10.1078 12500 -0.832601 -0.152674 27.9872 162.597 -13 2215 1 0 1
10.5304 -23.0917 12500 -0.720409 -0.365367 27.9883 162.611 -13 2216 1 0 1
-1.34403 -23.0062 12500 -0.580687 -0.380913 27.9914 162.629 -13 2217 1 0 1
18.9612 51.131 12500 -0.783106 0.805344 27.9775 162.684 -13 2218 1 0 1
49.575 25.048 12500 -1.14811 0.366603 27.974 162.622 -13 2219 1 0 1
-14.677 -95.5278 12500 -0.115497 -1.26778 27.971 162.783 -13 2220 1 0 1
0.254539 -21.8138 12500 -0.615963 -0.332264 27.9913 162.615 -13 2221 1 0 1
44.9543 14.0844 12500 -1.09132 0.201103 27.978 162.605 -13 2222 1 0 1
-15.2029 -36.9097 12500 -0.411752 -0.572435 27.9911 162.655 -13 2223 1 0 1
2.01309 0.197568 12500 -0.624777 0.0396513 27.993 162.611 -13 2224 1 0 1
17.1383 -16.3232 12500 -0.772252 -0.266594 27.9881 162.61 -13 2225 1 0 1
4.65645 -17.7423 12500 -0.652065 -0.298867 27.9908 162.615 -13 2226 1 0 1
33.9025 66.884 12500 -0.976634 0.950618 27.9668 162.734 -13 2227 1 0 1
-22.0192 -2.89252 12500 -0.360026 -0.0495593 27.9976 162.637 -13 2228 1 0 1
-14.8452 -87.8675 12500 -0.194407 -1.23089 27.9723 162.765 -13 2229 1 0 1
3.98421 -27.684 12500 -0.650944 -0.408668 27.9894 162.619 -13 2230 1 0 1
-0.697116 1.38642 12500 -0.594281 0.0181082 27.9937 162.614 -13 2231 1 0 1
3.13881 -32.1329 12500 -0.60898 -0.489728 27.9891 162.64 -13 2232 1 0 1
-6.96676 -2.31678 12500 -0.544098 -0.0651191 27.9946 162.614 -13 2233 1 0 1
43.3551 64.5292 12500 -1.11406 0.922411 27.9626 162.746 -13 2234 1 0 1
-13.731 5.28538 12500 -0.451849 0.0688921 27.9963 162.628 -13 2235 1 0 1
32.8429 23.0024 12500 -0.95103 0.372875 27.9814 162.615 -13 2236 1 0 1
-0.166431 -5.62208 12500 -0.598468 -0.100066 27.9934 162.615 -13 2237 1 0 1
22.2547 14.4452 12500 -0.832856 0.252123 27.9865 162.606 -13 2238 1 0 1
16.9168 18.9241 12500 -0.766066 0.289096 27.988 162.611 -13 2239 1 0 1
41.5985 41.1057 12500 -1.05309 0.581951 27.9741 162.647 -13 2240 1 0 1
17.6619 1.17971 12500 -0.784043 0.0339797 27.989 162.599 -13 2241 1 0 1
-5.71973 -6.15895 12500 -0.542845 -0.0749206 27.9946 162.619 -13 2242 1 0 1
6.87154 31.9406 12500 -0.652616 0.536073 27.9873 162.644 -13 2243 1 0 1
20.2911 18.9823 12500 -0.816353 0.302234 27.9865 162.605 -13 2244 1 0 1
-21.0482 2.26579 12500 -0.386436 0.0428378 27.9973 162.629 -13 2245 1 0 1
38.4346 13.8711 12500 -1.0218 0.206962 27.9806 162.6 -13 2246 1 0 1
-12.4604 -18.6557 12500 -0.47267 -0.249359 27.9949 162.625 -13 2247 1 0 1
-1.91676 -36.9966 12500 -0.559758 -0.594245 27.9881 162.653 -13 2248 1 0 1
-8.48133 8.15775 12500 -0.516462 0.122377 27.995 162.621 -13 2249 1 0 1
5.98388 -16.1504 12500 -0.666188 -0.238062 27.9911 162.61 -13 2250 1 0 1
12.9102 3.50631 12500 -0.729892 0.0440537 27.9905 162.604 -13 2251 1 0 1
9.9556 38.9857 12500 -0.688138 0.596021 27.9852 162.644 -13 2252 1 0 1
1.34462 31.6311 12500 -0.605591 0.479954 27.9893 162.633 -13 2253 1 0 1
-18.844 -82.436 12500 -0.139001 -1.15618 27.9758 162.753 -13 2254 1 0 1
-28.3939 -41.596 12500 -0.211886 -0.609608 27.9926 162.675 -13 2255 1 0 1
2.58213 -8.82499 12500 -0.632932 -0.129613 27.9925 162.61 -13 2256 1 0 1
31.2375 22.6232 12500 -0.924973 0.346328 27.9826 162.613 -13 2257 1 0 1
-10.2181 16.5598 12500 -0.483472 0.282205 27.9944 162.632 -13 2258 1 0 1
-16.8371 -30.6106 12500 -0.397991 -0.451258 27.9935 162.648 -13 2259 1 0 1
0.717227 28.5312 12500 -0.59033 0.471938 27.9898 162.641 -13 2260 1 0 1
36.9039 9.41669 12500 -0.993535 0.155932 27.9819 162.602 -13 2261 1 0 1
-17.119 -7.61695 12500 -0.419074 -0.151368 27.9965 162.632 -13 2262 1 0 1
-5.49538 -18.3318 12500 -0.539532 -0.318171 27.993 162.628 -13 2263 1 0 1
5.62955 -1.66009 12500 -0.65079 -0.0191697 27.9924 162.612 -13 2264 1 0 1
18.281 -5.06173 12500 -0.785567 -0.0625794 27.9889 162.601 -13 2265 1 0 1
-23.0477 4.1608 12500 -0.367115 0.0497386 27.9975 162.631 -13 2266 1 0 1
-33.5506 -20.2913 12500 -0.236762 -0.299379 27.9974 162.641 -13 2267 1 0 1
2.79766 -28.8552 12500 -0.624822 -0.446317 27.9895 162.63 -13 2268 1 0 1
20.1173 29.6321 12500 -0.816868 0.461424 27.9843 162.62 -13 2269 1 0 1
-13.0163 -36.5115 12500 -0.429751 -0.528611 27.9917 162.652 -13 2270 1 0 1
-3.54084 -31.0289 12500 -0.546635 -0.505699 27.9901 162.644 -13 2271 1 0 1
16.8483 -1.02625 12500 -0.765099 0.00107668 27.9895 162.604 -13 2272 1 0 1
-2.25866 33.3004 12500 -0.557241 0.516838 27.9897 162.643 -13 2273 1 0 1
12.9511 -13.0998 12500 -0.739099 -0.236584 27.9892 162.608 -13 2274 1 0 1
-7.65979 -7.12749 12500 -0.526884 -0.127397 27.9948 162.62 -13 2275 1 0 1
6.52071 14.731 12500 -0.678275 0.274912 27.9904 162.612 -13 2276 1 0 1
4.42972 6.03172 12500 -0.651536 0.109617 27.9922 162.609 -13 2277 1 0 1
-28.9792 17.5311 12500 -0.263066 0.284215 27.9973 162.649 -13 2278 1 0 1
3.34018 -22.1135 12500 -0.623881 -0.336613 27.991 162.624 -13 2279 1 0 1
5.57561 -14.8833 12500 -0.652592 -0.235345 27.9914 162.616 -13 2280 1 0 1
12.7775 4.87587 12500 -0.737748 0.0904236 27.9901 162.601 -13 2281 1 0 1
-4.54467 8.78646 12500 -0.553638 0.0879809 27.9944 162.619 -13 2282 1 0 1
0.0274514 6.10295 12500 -0.594914 0.0835843 27.9936 162.617 -13 2283 1 0 1
-28.0483 -1.94921 12500 -0.328411 -0.0397576 27.998 162.629 -13 2284 1 0 1
8.55033 -60.6075 12500 -0.653711 -0.937402 27.9767 162.712 -13 2285 1 0 1
15.7487 -3.13797 12500 -0.759126 -0.0506664 27.9897 162.603 -13 2286 1 0 1
3.3225 -1.3559 12500 -0.635029 -0.0206746 27.9928 162.611 -13 2287 1 0 1
5.5516 26.5686 12500 -0.643168 0.422774 27.9894 162.632 -13 2288 1 0 1
19.4674 60.4159 12500 -0.788596 0.901081 27.9744 162.704 -13 2289 1 0 1
9.59631 -2.63105 12500 -0.689727 -0.0222636 27.9915 162.61 -13 2290 1 0 1
-2.95205 26.9755 12500 -0.557863 0.403516 27.9915 162.633 -13 2291 1 0 1
27.0047 34.4218 12500 -0.891876 0.540154 27.9806 162.633 -13 2292 1 0 1
11.0491 -3.66889 12500 -0.725885 -0.02111 27.9906 162.599 -13 2293 1 0 1
4.19951 -10.1039 12500 -0.64758 -0.164689 27.992 162.611 -13 2294 1 0 1
18.9473 16.6059 12500 -0.811357 0.280418 27.9868 162.601 -13 2295 1 0 1
8.8764 27.8407 12500 -0.68662 0.457292 27.9878 162.63 -13 2296 1 0 1
-9.98963 -12.8769 12500 -0.511428 -0.215515 27.9945 162.621 -13 2297 1 0 1
-2.55058 -1.04233 12500 -0.58287 -0.000660801 27.9939 162.612 -13 2298 1 0 1
11.2835 8.02358 12500 -0.722332 0.116477 27.9904 162.603 -13 2299 1 0 1
28.696 31.4412 12500 -0.902047 0.510437 27.9808 162.635 -13 2300 1 0 1
24.1606 37.0707 12500 -0.838115 0.562574 27.9818 162.64 -13 2301 1 0 1
-28.9111 -48.0509 12500 -0.179941 -0.687498 27.991 162.683 -13 2302 1 0 1
-1.6214 1.23886 12500 -0.594949 0.026331 27.9937 162.61 -13 2303 1 0 1
23.7351 54.5714 12500 -0.849374 0.827644 27.9749 162.689 -13 2304 1 0 1
6.10708 -4.64339 12500 -0.687672 -0.0486998 27.9915 162.597 -13 2305 1 0 1
14.7532 25.3399 12500 -0.744983 0.384666 27.9874 162.62 -13 2306 1 0 1
27.4673 17.7729 12500 -0.894097 0.316886 27.9839 162.61 -13 2307 1 0 1
26.403 30.3861 12500 -0.877765 0.486142 27.982 162.629 -13 2308 1 0 1
-19.373 -60.4787 12500 -0.289917 -0.864984 27.9851 162.696 -13 2309 1 0 1
-24.0247 -19.0459 12500 -0.341189 -0.314912 27.9962 162.64 -13 2310 1 0 1
-8.14385 -32.8918 12500 -0.499752 -0.513924 27.9908 162.644 -13 2311 1 0 1
-9.44542 -64.2692 12500 -0.389932 -0.959476 27.9808 162.717 -13 2312 1 0 1
1.35198 -22.4578 12500 -0.607097 -0.377681 27.9909 162.627 -13 2313 1 0 1
9.9659 -18.5027 12500 -0.71164 -0.282671 27.9895 162.607 -13 2314 1 0 1
26.5368 0.345085 12500 -0.87589 0.0179549 27.9863 162.597 -13 2315 1 0 1
-7.61314 -22.5389 12500 -0.532296 -0.385464 27.9923 162.626 -13 2316 1 0 1
1.69257 1.51983 12500 -0.610462 0.0318058 27.9933 162.616 -13 2317 1 0 1
-3.70383 -12.9629 12500 -0.577221 -0.208449 27.9933 162.615 -13 2318 1 0 1
38.1669 -9.28065 12500 -1.01487 -0.14847 27.9812 162.598 -13 2319 1 0 1
62.2692 30.7788 12500 -1.30802 0.42734 27.9662 162.641 -13 2320 1 0 1
22.4623 27.2871 12500 -0.837963 0.390931 27.9847 162.613 -13 2321 1 0 1
-2.18858 8.1503 12500 -0.567123 0.151149 27.9938 162.623 -13 2322 1 0 1
-2.23218 -22.7827 12500 -0.567206 -0.376239 27.9917 162.631 -13 2323 1 0 1
-19.1049 -50.8106 12500 -0.326207 -0.755396 27.9879 162.678 -13 2324 1 0 1
-7.86005 13.4391 12500 -0.524856 0.199129 27.9944 162.621 -13 2325 1 0 1
11.9196 -39.311 12500 -0.695681 -0.610485 27.9847 162.653 -13 2326 1 0 1
33.3342 0.418732 12500 -0.96073 0.0222091 27.9835 162.593 -13 2327 1 0 1
30.3083 23.57 12500 -0.923912 0.362097 27.9824 162.611 -13 2328 1 0 1
24.8046 -3.47165 12500 -0.865472 -0.0533103 27.9866 162.594 -13 2329 1 0 1
38.6313 15.4101 12500 -1.01409 0.254404 27.9805 162.609 -13 2330 1 0 1
-0.878492 1.52729 12500 -0.595257 0.0113459 27.9937 162.613 -13 2331 1 0 1
20.2559 14.0489 12500 -0.81441 0.197691 27.9875 162.6 -13 2332 1 0 1
43.5523 36.4947 12500 -1.08884 0.555278 27.9733 162.647 -13 2333 1 0 1
4.55365 -7.43272 12500 -0.662073 -0.105759 27.992 162.604 -13 2334 1 0 1
10.1868 16.8819 12500 -0.716271 0.225269 27.9899 162.603 -13 2335 1 0 1
19.1208 -15.5298 12500 -0.797152 -0.276438 27.9873 162.609 -13 2336 1 0 1
15.805 7.39619 12500 -0.773654 0.0912954 27.9892 162.597 -13 2337 1 0 1
0.0338127 -40.2047 12500 -0.570981 -0.657201 27.9865 162.664 -13 2338 1 0 1
33.6672 15.4921 12500 -0.963395 0.237593 27.9824 162.602 -13 2339 1 0 1
-21.7883 -49.1563 12500 -0.275121 -0.690599 27.9901 162.682 -13 2340 1 0 1
-10.5185 -3.3695 12500 -0.492829 -0.0438059 27.9956 162.622 -13 2341 1 0 1
43.1398 54.2714 12500 -1.0915 0.802126 27.9672 162.707 -13 2342 1 0 1
11.0352 -21.8292 12500 -0.718849 -0.348615 27.9886 162.612 -13 2343 1 0 1
23.6054 63.1336 12500 -0.840217 0.937544 27.9717 162.719 -13 2344 1 0 1
-22.0279 0.0543095 12500 -0.354168 -0.0182487 27.9978 162.639 -13 2345 1 0 1
-25.4137 -11.8838 12500 -0.327633 -0.151185 27.9977 162.639 -13 2346 1 0 1
14.7456 18.8525 12500 -0.733082 0.293461 27.9889 162.617 -13 2347 1 0 1
5.4158 4.52859 12500 -0.654466 0.0600073 27.9923 162.61 -13 2348 1 0 1
13.4625 -2.14304 12500 -0.743874 -0.0335087 27.9901 162.6 -13 2349 1 0 1
22.853 47.697 12500 -0.832449 0.725125 27.9782 162.665 -13 2350 1 0 1
9.06053 10.4388 12500 -0.691706 0.217356 27.9906 162.614 -13 2351 1 0 1
21.6906 44.5853 12500 -0.816476 0.721721 27.9788 162.672 -13 2352 1 0 1
-14.1129 -11.6545 12500 -0.445749 -0.192301 27.9958 162.632 -13 2353 1 0 1
6.01227 -6.76078 12500 -0.666379 -0.115384 27.9918 162.608 -13 2354 1 0 1
-15.209 -55.9935 12500 -0.329987 -0.815653 27.9862 162.699 -13 2355 1 0 1
-30.4325 -46.8758 12500 -0.198869 -0.667702 27.9913 162.67 -13 2356 1 0 1
-29.6787 -47.8959 12500 -0.17357 -0.691831 27.9909 162.682 -13 2357 1 0 1
14.9435 3.88542 12500 -0.753645 0.0646377 27.9898 162.602 -13 2358 1 0 1
-12.2223 136.912 12500 -6.34922 2.15897 27.185 163.187 -13 2359 1 0 1
31.5067 65.4807 12500 -0.929106 0.951268 27.9684 162.737 -13 2360 1 0 1
38.1435 9.07944 12500 -1.00361 0.137636 27.9817 162.602 -13 2361 1 0 1
14.0129 28.1836 12500 -0.725235 0.409573 27.9876 162.626 -13 2362 1 0 1
-34.8467 -53.5988 12500 -0.0587264 -0.750671 27.9899 162.688 -13 2363 1 0 1
35.1837 54.3582 12500 -1.01048 0.820391 27.9697 162.698 -13 2364 1 0 1
7.28695 14.8821 12500 -0.653593 0.238271 27.9914 162.622 -13 2365 1 0 1
1.83557 30.765 12500 -0.614411 0.457307 27.9895 162.629 -13 2366 1 0 1
-10.4163 -49.6903 12500 -0.435863 -0.747931 27.9866 162.675 -13 2367 1 0 1
25.458 -25.1168 12500 -0.875312 -0.415618 27.9832 162.616 -13 2368 1 0 1
1.33956 -9.23318 12500 -0.6226 -0.125417 27.9928 162.61 -13 2369 1 0 1
-6.41411 -11.3601 12500 -0.536408 -0.195934 27.9942 162.622 -13 2370 1 0 1
28.9645 5.56516 12500 -0.894949 0.0731861 27.9856 162.6 -13 2371 1 0 1
9.74032 21.6102 12500 -0.697588 0.352204 27.9891 162.618 -13 2372 1 0 1
-14.1494 -13.2743 12500 -0.450157 -0.24635 27.9953 162.633 -13 2373 1 0 1
-23.1384 -38.5955 12500 -0.320364 -0.564943 27.9925 162.657 -13 2374 1 0 1
2.77476 -21.1172 12500 -0.626795 -0.335857 27.991 162.62 -13 2375 1 0 1
-16.761 -21.1054 12500 -0.426091 -0.35612 27.9945 162.634 -13 2376 1 0 1
12.1194 23.0255 12500 -0.710732 0.361909 27.9886 162.622 -13 2377 1 0 1
14.6736 0.131153 12500 -0.770276 -0.0363002 27.9894 162.594 -13 2378 1 0 1
20.5447 4.04571 12500 -0.828699 0.0650729 27.9877 162.592 -13 2379 1 0 1
10.1813 7.22614 12500 -0.705342 0.113087 27.9909 162.606 -13 2380 1 0 1
-13.0723 -30.5946 12500 -0.441174 -0.504589 27.992 162.651 -13 2381 1 0 1
1.53839 74.6492 12500 -0.522719 1.09997 27.9735 162.75 -13 2382 1 0 1
16.8814 15.5919 12500 -0.757042 0.256818 27.9886 162.615 -13 2383 1 0 1
-15.897 -2.90506 12500 -0.440137 -0.0382227 27.9965 162.625 -13 2384 1 0 1
-3.98234 -44.9546 12500 -0.511952 -0.699947 27.9866 162.671 -13 2385 1 0 1
14.5071 6.46097 12500 -0.749667 0.131619 27.9897 162.605 -13 2386 1 0 1
-11.7425 -30.5169 12500 -0.434325 -0.51122 27.992 162.66 -13 2387 1 0 1
-31.8944 -39.2385 12500 -0.185765 -0.564616 27.9937 162.667 -13 2388 1 0 1
9.37323 7.02034 12500 -0.71462 0.114081 27.9906 162.599 -13 2389 1 0 1
13.5974 -4.69551 12500 -0.732811 -0.06927 27.9903 162.606 -13 2390 1 0 1
9.80768 84.4005 12500 -0.616592 1.24228 27.9656 162.805 -13 2391 1 0 1
3.7333 -5.13071 12500 -0.638793 -0.117951 27.9925 162.613 -13 2392 1 0 1
-22.532 -5.52037 12500 -0.357703 -0.059564 27.9977 162.636 -13 2393 1 0 1
-9.30532 -27.2333 12500 -0.494648 -0.419034 27.9925 162.637 -13 2394 1 0 1
26.282 13.5759 12500 -0.877651 0.192234 27.9856 162.6 -13 2395 1 0 1
15.3006 -10.6767 12500 -0.745514 -0.145039 27.9897 162.609 -13 2396 1 0 1
21.9694 10.8431 12500 -0.831521 0.174786 27.9871 162.6 -13 2397 1 0 1
13.0224 -12.1416 12500 -0.725119 -0.238177 27.9896 162.617 -13 2398 1 0 1
17.751 20.7388 12500 -0.765757 0.311293 27.9878 162.615 -13 2399 1 0 1
-0.887882 24.4101 12500 -0.592047 0.412107 27.9907 162.629 -13 2400 1 0 1
0.0105352 -12.0644 12500 -0.585775 -0.210279 27.9931 162.626 -13 2401 1 0 1
22.9941 0.513964 12500 -0.8387 0.0144658 27.9874 162.597 -13 2402 1 0 1
33.2497 6.23785 12500 -0.95979 0.0924043 27.9834 162.595 -13 2403 1 0 1
34.4456 3.90038 12500 -0.978199 0.0643978 27.9828 162.593 -13 2404 1 0 1
17.9786 -0.709212 12500 -0.800074 0.000162453 27.9886 162.593 -13 2405 1 0 1
-7.33482 30.2028 12500 -0.483086 0.498208 27.9914 162.655 -13 2406 1 0 1
-10.0879 29.8597 12500 -0.469854 0.489957 27.9918 162.649 -13 2407 1 0 1
7.09558 16.4528 12500 -0.677552 0.253248 27.9907 162.61 -13 2408 1 0 1
33.8591 15.6523 12500 -0.970594 0.234722 27.9822 162.6 -13 2409 1 0 1
-15.4616 23.6489 12500 -0.427838 0.380466 27.9941 162.639 -13 2410 1 0 1
36.9604 60.3175 12500 -0.995592 0.862019 27.969 162.715 -13 2411 1 0 1
14.2696 7.68659 12500 -0.75635 0.110706 27.9896 162.599 -13 2412 1 0 1
5.62521 30.7549 12500 -0.649755 0.473394 27.9885 162.631 -13 2413 1 0 1
-9.12686 -44.923 12500 -0.461998 -0.685962 27.9878 162.667 -13 2414 1 0 1
-20.6514 -40.2617 12500 -0.314314 -0.612806 27.9915 162.673 -13 2415 1 0 1
-15.5411 -27.1703 12500 -0.39808 -0.42049 27.994 162.654 -13 2416 1 0 1
45.6449 40.9618 12500 -1.12258 0.591947 27.9712 162.649 -13 2417 1 0 1
-20.5736 -76.3982 12500 -0.156238 -1.05441 27.9797 162.733 -13 2418 1 0 1
33.3264 35.4827 12500 -0.957594 0.560747 27.978 162.644 -13 2419 1 0 1
-1.30388 -42.2861 12500 -0.552042 -0.657907 27.9868 162.662 -13 2420 1 0 1
0.130294 -9.12706 12500 -0.608899 -0.13189 27.9931 162.612 -13 2421 1 0 1
-12.1911 -10.7636 12500 -0.466437 -0.191418 27.9955 162.631 -13 2422 1 0 1
10.6613 11.3359 12500 -0.716667 0.184536 27.9902 162.606 -13 2423 1 0 1
-29.7937 9.10461 12500 -0.27369 0.119044 27.9984 162.642 -13 2424 1 0 1
-23.6862 -3.32971 12500 -0.358435 -0.0327373 27.9977 162.632 -13 2425 1 0 1
24.9317 2.78709 12500 -0.858783 0.0732398 27.9867 162.599 -13 2426 1 0 1
6.96424 -15.7183 12500 -0.684855 -0.252128 27.9905 162.607 -13 2427 1 0 1
26.3066 -16.07 12500 -0.884247 -0.245623 27.985 162.599 -13 2428 1 0 1
8.27009 23.0676 12500 -0.681266 0.376745 27.9892 162.621 -13 2429 1 0 1
47.1876 24.3968 12500 -1.1094 0.367362 27.9756 162.624 -13 2430 1 0 1
-17.1213 -64.3753 12500 -0.30259 -0.92831 27.983 162.704 -13 2431 1 0 1
-11.4721 39.847 12500 -0.435638 0.614699 27.9899 162.663 -13 2432 1 0 1
-23.4797 -30.3177 12500 -0.346116 -0.445212 27.9943 162.644 -13 2433 1 0 1
13.9192 -3.34471 12500 -0.745873 -0.0607855 27.99 162.601 -13 2434 1 0 1
2.84038 5.57367 12500 -0.626735 0.120221 27.9927 162.615 -13 2435 1 0 1
30.1066 -12.1253 12500 -0.931994 -0.20798 27.9837 162.597 -13 2436 1 0 1
-5.42955 -0.826923 12500 -0.545989 -0.00312573 27.9947 162.618 -13 2437 1 0 1
-33.0994 -35.521 12500 -0.199202 -0.522909 27.9944 162.659 -13 2438 1 0 1
36.8738 -26.5003 12500 -1.00624 -0.429225 27.9786 162.622 -13 2439 1 0 1
11.049 41.8526 12500 -0.697 0.650644 27.9838 162.653 -13 2440 1 0 1
1.12997 50.7579 12500 -0.562471 0.791989 27.9831 162.684 -13 2441 1 0 1
-10.1326 -5.72259 12500 -0.505846 -0.0927214 27.9953 162.619 -13 2442 1 0 1
-12.8301 11.1878 12500 -0.459259 0.20643 27.9955 162.632 -13 2443 1 0 1
-24.2935 -35.9396 12500 -0.308798 -0.521011 27.9934 162.656 -13 2444 1 0 1
19.2304 -14.8443 12500 -0.796471 -0.251753 27.9875 162.608 -13 2445 1 0 1
24.1309 0.411625 12500 -0.853266 0.00995911 27.987 162.596 -13 2446 1 0 1
48.1477 65.3742 12500 -1.17772 0.89631 27.9609 162.737 -13 2447 1 0 1
8.14479 5.47778 12500 -0.682537 0.12643 27.9914 162.61 -13 2448 1 0 1
47.5479 -17.0328 12500 -1.12193 -0.253852 27.9764 162.61 -13 2449 1 0 1
19.2954 6.48786 12500 -0.802878 0.130452 27.9882 162.6 -13 2450 1 0 1
25.8117 49.8648 12500 -0.852854 0.720334 27.9777 162.666 -13 2451 1 0 1
2.60275 5.38996 12500 -0.63772 0.0511196 27.9927 162.607 -13 2452 1 0 1
17.6775 -30.6368 12500 -0.777231 -0.477311 27.9851 162.627 -13 2453 1 0 1
4.12562 -3.64679 12500 -0.649536 -0.037176 27.9924 162.607 -13 2454 1 0 1
6.60903 0.595117 12500 -0.67386 0.0106441 27.9919 162.605 -13 2455 1 0 1
-3.33457 -46.2302 12500 -0.519531 -0.696559 27.9865 162.669 -13 2456 1 0 1
26.6686 20.6785 12500 -0.876091 0.330954 27.9843 162.611 -13 2457 1 0 1
9.40876 -38.3667 12500 -0.677912 -0.599961 27.9854 162.648 -13 2458 1 0 1
25.2896 -24.461 12500 -0.847101 -0.363672 27.9848 162.621 -13 2459 1 0 1
-1.66155 -1.51026 12500 -0.579595 -0.0381188 27.994 162.617 -13 2460 1 0 1
26.9082 9.16731 12500 -0.887493 0.144376 27.9856 162.597 -13 2461 1 0 1
-12.7522 -27.1046 12500 -0.450819 -0.435983 27.993 162.644 -13 2462 1 0 1
37.2812 57.0005 12500 -1.00957 0.814895 27.9699 162.698 -13 2463 1 0 1
22.8198 8.44792 12500 -0.83679 0.150668 27.9871 162.601 -13 2464 1 0 1
12.52 -1.43294 12500 -0.727407 -0.0193763 27.9905 162.604 -13 2465 1 0 1
-14.8862 5.74715 12500 -0.463659 0.0891226 27.996 162.62 -13 2466 1 0 1
21.5261 -10.171 12500 -0.821136 -0.158629 27.9875 162.602 -13 2467 1 0 1
21.0401 58.6169 12500 -0.808541 0.865355 27.9749 162.695 -13 2468 1 0 1
20.9636 41.254 12500 -0.821184 0.647291 27.9805 162.649 -13 2469 1 0 1
0.614677 -5.17602 12500 -0.614028 -0.085508 27.9931 162.61 -13 2470 1 0 1
-9.96466 27.9324 12500 -0.492239 0.427 27.9924 162.637 -13 2471 1 0 1
-4.87931 -18.0717 12500 -0.559753 -0.288203 27.9929 162.619 -13 2472 1 0 1
6.43743 -26.5005 12500 -0.666623 -0.420107 27.9889 162.625 -13 2473 1 0 1
-15.6726 -67.4954 12500 -0.288197 -0.989189 27.981 162.72 -13 2474 1 0 1
21.1708 -9.92295 12500 -0.807772 -0.157293 27.9879 162.606 -13 2475 1 0 1
29.1523 3.51329 12500 -0.91335 0.0621447 27.985 162.594 -13 2476 1 0 1
5.30067 0.568862 12500 -0.663499 0.0253501 27.9921 162.605 -13 2477 1 0 1
38.7202 -10.4283 12500 -1.01907 -0.14252 27.9811 162.599 -13 2478 1 0 1
17.3593 -18.7996 12500 -0.78295 -0.354979 27.9868 162.616 -13 2479 1 0 1
-16.855 -15.1118 12500 -0.429628 -0.213999 27.9959 162.628 -13 2480 1 0 1
16.8846 18.4265 12500 -0.78147 0.319391 27.9873 162.609 -13 2481 1 0 1
13.9947 -3.65247 12500 -0.774957 -0.0689072 27.9892 162.589 -13 2482 1 0 1
-30.0857 -72.6042 12500 -0.0489394 -0.985008 27.9826 162.709 -13 2483 1 0 1
35.3708 -14.9439 12500 -0.968168 -0.242295 27.9822 162.61 -13 2484 1 0 1
7.02775 7.48993 12500 -0.673469 0.13787 27.9916 162.609 -13 2485 1 0 1
-10.3641 26.2504 12500 -0.490458 0.430106 27.9924 162.637 -13 2486 1 0 1
39.0455 -18.3341 12500 -1.02647 -0.295838 27.9796 162.608 -13 2487 1 0 1
-3.56908 -47.3227 12500 -0.511477 -0.692856 27.9868 162.669 -13 2488 1 0 1
32.3561 68.9231 12500 -0.973536 0.98209 27.9658 162.74 -13 2489 1 0 1
9.36876 4.39997 12500 -0.703933 0.0641246 27.9911 162.603 -13 2490 1 0 1
7.0694 11.4831 12500 -0.669279 0.172358 27.9915 162.612 -13 2491 1 0 1
-1.39809 16.7862 12500 -0.589382 0.264246 27.9925 162.618 -13 2492 1 0 1
5.36102 -29.6083 12500 -0.643339 -0.481822 27.9885 162.636 -13 2493 1 0 1
19.0196 7.13582 12500 -0.798021 0.109026 27.9884 162.6 -13 2494 1 0 1
11.631 29.5535 12500 -0.71948 0.453008 27.9871 162.624 -13 2495 1 0 1
22.4956 24.5425 12500 -0.832086 0.366793 27.9852 162.614 -13 2496 1 0 1
38.2527 58.2811 12500 -1.03216 0.842413 27.9683 162.709 -13 2497 1 0 1
0.727277 2.48618 12500 -0.615825 0.0444387 27.9932 162.61 -13 2498 1 0 1
-12.7529 -50.0936 12500 -0.376901 -0.744365 27.9876 162.687 -13 2499 1 0 1
-24.5925 -36.2605 12500 -0.312567 -0.519612 27.9934 162.653 -13 2500 1 0 1
-4.15829 -11.4102 12500 -0.572949 -0.223011 27.9932 162.617 -13 2501 1 0 1
8.42336 -65.231 12500 -0.648836 -0.962649 27.9759 162.707 -13 2502 1 0 1
12.7848 22.7563 12500 -0.737962 0.351877 27.9881 162.612 -13 2503 1 0 1
-6.26573 -19.4464 12500 -0.531369 -0.307601 27.9933 162.626 -13 2504 1 0 1
12.3427 -6.38021 12500 -0.74602 -0.122269 27.9898 162.597 -13 2505 1 0 1
25.6277 17.9677 12500 -0.858652 0.263369 27.9856 162.607 -13 2506 1 0 1
20.1568 35.6468 12500 -0.805728 0.541224 27.9832 162.632 -13 2507 1 0 1
-22.4102 -21.662 12500 -0.363914 -0.294775 27.9961 162.635 -13 2508 1 0 1
18.6818 94.7829 12500 -0.751402 1.33153 27.9582 162.857 -13 2509 1 0 1
-14.0148 -34.1022 12500 -0.421494 -0.556808 27.9913 162.657 -13 2510 1 0 1
37.2893 8.72256 12500 -0.994643 0.122495 27.9821 162.601 -13 2511 1 0 1
19.1126 39.0508 12500 -0.801628 0.634354 27.9813 162.649 -13 2512 1 0 1
1.82798 33.9886 12500 -0.586779 0.524797 27.9889 162.647 -13 2513 1 0 1
23.4556 88.9891 12500 -0.848936 1.24927 27.9592 162.83 -13 2514 1 0 1
-17.5517 -27.1798 12500 -0.393645 -0.397066 27.9944 162.646 -13 2515 1 0 1
21.5455 0.326462 12500 -0.829808 -0.0261758 27.9877 162.595 -13 2516 1 0 1
19.9029 -4.30107 12500 -0.811029 -0.0815804 27.9881 162.597 -13 2517 1 0 1
29.6421 50.8621 12500 -0.911436 0.761975 27.9748 162.678 -13 2518 1 0 1
18.8757 -8.66535 12500 -0.800175 -0.115054 27.9883 162.598 -13 2519 1 0 1
4.5368 -19.3686 12500 -0.639786 -0.341088 27.9906 162.624 -13 2520 1 0 1
-11.3523 -2.12453 12500 -0.49719 -0.0326654 27.9956 162.618 -13 2521 1 0 1
29.0433 66.2325 12500 -0.903252 0.959396 27.969 162.732 -13 2522 1 0 1
7.42878 4.43393 12500 -0.672689 0.0566941 27.9919 162.609 -13 2523 1 0 1
33.1047 16.2696 12500 -0.947802 0.244523 27.9829 162.605 -13 2524 1 0 1
-8.86788 0.0675569 12500 -0.517126 0.00571536 27.9952 162.618 -13 2525 1 0 1
-4.36603 -26.0666 12500 -0.549394 -0.393012 27.9919 162.631 -13 2526 1 0 1
-6.97331 -25.4686 12500 -0.505718 -0.405367 27.9925 162.642 -13 2527 1 0 1
50.0092 -5.52449 12500 -1.14651 -0.076029 27.9764 162.603 -13 2528 1 0 1
39.5129 44.8592 12500 -1.04369 0.6801 27.9723 162.671 -13 2529 1 0 1
2.77212 9.19127 12500 -0.633093 0.150241 27.9924 162.611 -13 2530 1 0 1
14.0021 29.9451 12500 -0.752147 0.496771 27.9855 162.628 -13 2531 1 0 1
-10.9427 -46.2312 12500 -0.459201 -0.730062 27.9867 162.666 -13 2532 1 0 1
1.52166 -10.6801 12500 -0.634448 -0.13857 27.9925 162.605 -13 2533 1 0 1
13.5935 -19.5191 12500 -0.741703 -0.301122 27.9886 162.609 -13 2534 1 0 1
-27.6408 -22.4597 12500 -0.307637 -0.349047 27.9961 162.639 -13 2535 1 0 1
4.58585 -2.57173 12500 -0.664457 -0.0448407 27.9921 162.602 -13 2536 1 0 1
7.78345 -19.0493 12500 -0.684922 -0.309677 27.9899 162.613 -13 2537 1 0 1
-5.2071 -11.5551 12500 -0.549956 -0.195234 27.9939 162.621 -13 2538 1 0 1
-10.3878 15.6459 12500 -0.490856 0.228868 27.9948 162.626 -13 2539 1 0 1
-2.39498 2.33356 12500 -0.572344 0.0487757 27.9941 162.618 -13 2540 1 0 1
5.66768 -18.8498 12500 -0.668021 -0.305649 27.9904 162.611 -13 2541 1 0 1
8.15269 -14.9158 12500 -0.688181 -0.247652 27.9904 162.611 -13 2542 1 0 1
15.5637 49.891 12500 -0.739796 0.777703 27.9794 162.677 -13 2543 1 0 1
19.4662 -68.9739 12500 -0.758095 -1.01247 27.9714 162.74 -13 2544 1 0 1
38.5724 36.8388 12500 -1.02777 0.569088 27.9753 162.646 -13 2545 1 0 1
15.5143 -12.9364 12500 -0.757827 -0.18055 27.9892 162.606 -13 2546 1 0 1
24.6722 13.0296 12500 -0.863584 0.198954 27.986 162.599 -13 2547 1 0 1
20.0977 44.3828 12500 -0.787987 0.637959 27.9816 162.649 -13 2548 1 0 1
42.9507 38.7241 12500 -1.08499 0.577905 27.973 162.648 -13 2549 1 0 1
-16.6239 -36.8538 12500 -0.40267 -0.567481 27.9914 162.653 -13 2550 1 0 1
-16.0637 2.05933 12500 -0.420918 0.025541 27.9968 162.632 -13 2551 1 0 1
8.17409 -2.13078 12500 -0.675384 -0.0279134 27.9918 162.611 -13 2552 1 0 1
9.11689 -4.11618 12500 -0.68072 -0.0412215 27.9917 162.612 -13 2553 1 0 1
-1.81939 11.537 12500 -0.568145 0.214783 27.9934 162.627 -13 2554 1 0 1
13.77 -22.3004 12500 -0.739006 -0.365268 27.9879 162.617 -13 2555 1 0 1
14.544 -26.3671 12500 -0.755922 -0.397127 27.987 162.615 -13 2556 1 0 1
-19.9854 -20.1573 12500 -0.388593 -0.293871 27.9958 162.633 -13 2557 1 0 1
-27.9883 2.04597 12500 -0.301699 0.00207075 27.9984 162.639 -13 2558 1 0 1
12.3576 0.813505 12500 -0.723572 0.00906637 27.9906 162.605 -13 2559 1 0 1
-4.40321 -3.97203 12500 -0.573869 -0.0467408 27.9941 162.61 -13 2560 1 0 1
-1.0029 54.314 12500 -0.540825 0.841602 27.9821 162.692 -13 2561 1 0 1
19.466 27.8838 12500 -0.791267 0.412049 27.9858 162.621 -13 2562 1 0 1
4.06017 -61.1426 12500 -0.571832 -0.920489 27.979 162.713 -13 2563 1 0 1
10.979 0.50634 12500 -0.72897 0.00833145 27.9905 162.597 -13 2564 1 0 1
-44.6738 -53.0536 12500 0.0431595 -0.689183 27.9915 162.67 -13 2565 1 0 1
-8.33115 -23.351 12500 -0.526861 -0.359627 27.9927 162.623 -13 2566 1 0 1
15.5182 -0.487014 12500 -0.763805 -0.0124988 27.9896 162.599 -13 2567 1 0 1
13.2517 2.77024 12500 -0.742038 0.0394896 27.9901 162.6 -13 2568 1 0 1
27.3568 -21.3677 12500 -0.891718 -0.31102 27.9841 162.604 -13 2569 1 0 1
29.9302 -31.0992 12500 -0.901882 -0.459144 27.9817 162.629 -13 2570 1 0 1
5.83458 32.0105 12500 -0.637171 0.519879 27.9879 162.643 -13 2571 1 0 1
31.9734 -12.8356 12500 -0.940823 -0.178431 27.9836 162.599 -13 2572 1 0 1
30.125 70.6679 12500 -0.90633 1.0028 27.9674 162.746 -13 2573 1 0 1
-2.45204 -5.49727 12500 -0.576775 -0.108678 27.9938 162.617 -13 2574 1 0 1
6.17323 -1.08939 12500 -0.675231 -0.0135948 27.9919 162.603 -13 2575 1 0 1
1.25604 -9.11191 12500 -0.623951 -0.0937587 27.9929 162.609 -13 2576 1 0 1
28.1243 -19.4734 12500 -0.860451 -0.323854 27.9849 162.626 -13 2577 1 0 1
-39.0709 -32.9626 12500 -0.119229 -0.489501 27.9955 162.66 -13 2578 1 0 1
16.6823 23.2416 12500 -0.767554 0.387214 27.9868 162.619 -13 2579 1 0 1
3.62843 -26.6284 12500 -0.622088 -0.417102 27.99 162.633 -13 2580 1 0 1
-2.23793 -31.4083 12500 -0.564434 -0.504965 27.9898 162.64 -13 2581 1 0 1
-6.92433 44.9196 12500 -0.491625 0.701314 27.9869 162.668 -13 2582 1 0 1
30.0173 35.98 12500 -0.926521 0.56518 27.979 162.639 -13 2583 1 0 1
9.87286 6.03702 12500 -0.705865 0.0732343 27.991 162.604 -13 2584 1 0 1
24.7955 26.5234 12500 -0.851132 0.407873 27.9841 162.621 -13 2585 1 0 1
-17.4224 -31.1879 12500 -0.398813 -0.461759 27.9934 162.645 -13 2586 1 0 1
-6.448 -16.2214 12500 -0.523074 -0.266103 27.9938 162.629 -13 2587 1 0 1
-24.2792 0.637014 12500 -0.339697 -0.0200578 27.9979 162.638 -13 2588 1 0 1
-0.629561 0.542722 12500 -0.592592 0.00461258 27.9937 162.615 -13 2589 1 0 1
-39.9783 -38.2781 12500 -0.0635136 -0.54856 27.9946 162.668 -13 2590 1 0 1
-14.5038 -4.86181 12500 -0.458803 -0.0688221 27.9962 162.622 -13 2591 1 0 1
19.0148 -8.93742 12500 -0.789498 -0.146017 27.9885 162.605 -13 2592 1 0 1
-17.6147 -118.337 12500 -0.377232 -1.70599 27.9454 162.804 -13 2593 1 0 1
-13.5165 10.9987 12500 -0.476726 0.177629 27.9954 162.621 -13 2594 1 0 1
-13.7327 -35.3837 12500 -0.420067 -0.576997 27.9909 162.661 -13 2595 1 0 1
3.11623 4.13819 12500 -0.64104 0.070746 27.9926 162.607 -13 2596 1 0 1
25.9425 17.9124 12500 -0.862446 0.308912 27.985 162.613 -13 2597 1 0 1
-16.4221 -2.27648 12500 -0.422183 -0.0546129 27.9968 162.631 -13 2598 1 0 1
6.53779 -24.54 12500 -0.666872 -0.37428 27.9896 162.62 -13 2599 1 0 1
6.2101 28.8038 12500 -0.661943 0.445058 27.9886 162.627 -13 2600 1 0 1
-3.72744 -11.9631 12500 -0.547188 -0.196272 27.994 162.628 -13 2601 1 0 1
17.9186 -6.4901 12500 -0.776463 -0.0878622 27.9891 162.604 -13 2602 1 0 1
-23.3096 32.7117 12500 -0.311612 0.481471 27.9941 162.657 -13 2603 1 0 1
-28.1648 -55.3758 12500 -0.147111 -0.799089 27.9882 162.697 -13 2604 1 0 1
12.4695 39.2327 12500 -0.715425 0.577384 27.9849 162.638 -13 2605 1 0 1
6.81959 10.3275 12500 -0.666775 0.182287 27.9915 162.613 -13 2606 1 0 1
32.744 -39.3623 12500 -0.953355 -0.595337 27.9774 162.645 -13 2607 1 0 1
-18.5441 -48.3625 12500 -0.328966 -0.708573 27.9891 162.677 -13 2608 1 0 1
-11.724 -8.37527 12500 -0.479128 -0.143309 27.9955 162.626 -13 2609 1 0 1
14.5 -10.4205 12500 -0.745801 -0.162013 27.9896 162.606 -13 2610 1 0 1
-24.3501 3.66448 12500 -0.335276 0.087832 27.9979 162.639 -13 2611 1 0 1
14.0786 62.7956 12500 -0.715568 0.944777 27.9749 162.713 -13 2612 1 0 1
-11.0426 38.6663 12500 -0.440138 0.588259 27.9904 162.66 -13 2613 1 0 1
-4.69857 -40.8716 12500 -0.498996 -0.634822 27.9884 162.668 -13 2614 1 0 1
23.7234 36.4679 12500 -0.824006 0.587927 27.9817 162.652 -13 2615 1 0 1
36.609 0.874035 12500 -1.00912 0.00776652 27.9818 162.589 -13 2616 1 0 1
-5.17782 -7.91178 12500 -0.550166 -0.131724 27.9943 162.619 -13 2617 1 0 1
11.5214 13.3391 12500 -0.707864 0.188703 27.9904 162.612 -13 2618 1 0 1
-0.305453 -3.01241 12500 -0.59869 -0.0616299 27.9935 162.614 -13 2619 1 0 1
-32.2642 -4.47471 12500 -0.246243 -0.0595412 27.9989 162.643 -13 2620 1 0 1
8.94803 -25.1169 12500 -0.689391 -0.421395 27.9883 162.626 -13 2621 1 0 1
-9.17335 9.41953 12500 -0.507122 0.159823 27.995 162.623 -13 2622 1 0 1
13.9114 -9.20889 12500 -0.741011 -0.156928 27.9898 162.606 -13 2623 1 0 1
30.9724 -6.63684 12500 -0.918609 -0.089048 27.9848 162.6 -13 2624 1 0 1
-0.708908 59.9378 12500 -0.515938 0.92772 27.9799 162.715 -13 2625 1 0 1
40.3694 24.5782 12500 -1.05093 0.355972 27.978 162.611 -13 2626 1 0 1
26.2305 -7.87644 12500 -0.871949 -0.156754 27.986 162.602 -13 2627 1 0 1
-3.21874 -15.0084 12500 -0.565858 -0.23607 27.9933 162.621 -13 2628 1 0 1
9.65244 45.4947 12500 -0.696902 0.67297 27.9832 162.649 -13 2629 1 0 1
-10.9843 21.3602 12500 -0.487226 0.301507 27.9941 162.627 -13 2630 1 0 1
7.81371 -13.7227 12500 -0.673686 -0.204644 27.9911 162.614 -13 2631 1 0 1
30.0155 53.1873 12500 -0.889232 0.793482 27.9746 162.694 -13 2632 1 0 1
-25.1965 -39.0059 12500 -0.291252 -0.574532 27.9926 162.66 -13 2633 1 0 1
38.5401 63.5535 12500 -1.04925 0.906633 27.9656 162.728 -13 2634 1 0 1
-11.0145 28.2693 12500 -0.472327 0.423805 27.9928 162.64 -13 2635 1 0 1
21.8391 3.57888 12500 -0.833661 0.0485379 27.9875 162.594 -13 2636 1 0 1
-17.1269 9.00799 12500 -0.431765 0.174855 27.9961 162.627 -13 2637 1 0 1
22.8417 24.1631 12500 -0.812594 0.385435 27.9856 162.626 -13 2638 1 0 1
-1.4709 -40.9779 12500 -0.549941 -0.657195 27.9869 162.665 -13 2639 1 0 1
-15.4596 -40.678 12500 -0.401511 -0.617095 27.9903 162.659 -13 2640 1 0 1
-1.6393 -14.1501 12500 -0.566939 -0.203342 27.9935 162.626 -13 2641 1 0 1
31.8698 5.5442 12500 -0.956925 0.0973805 27.9835 162.59 -13 2642 1 0 1
17.0609 9.33258 12500 -0.77002 0.114793 27.9892 162.604 -13 2643 1 0 1
34.8446 14.295 12500 -0.962369 0.196315 27.9828 162.605 -13 2644 1 0 1
-14.5706 -2.27593 12500 -0.453402 -0.0498104 27.9963 162.625 -13 2645 1 0 1
13.128 8.65383 12500 -0.743591 0.166195 27.9896 162.603 -13 2646 1 0 1
24.8019 -29.5042 12500 -0.878814 -0.484369 27.982 162.622 -13 2647 1 0 1
-18.4055 2.01932 12500 -0.407234 -0.00367624 27.997 162.63 -13 2648 1 0 1
20.4815 24.7085 12500 -0.806649 0.348132 27.9862 162.613 -13 2649 1 0 1
-8.93982 -61.1879 12500 -0.414966 -0.910566 27.9821 162.707 -13 2650 1 0 1
39.8242 8.77061 12500 -1.03292 0.149978 27.9805 162.6 -13 2651 1 0 1
-34.7287 -49.8557 12500 -0.116723 -0.689164 27.9913 162.676 -13 2652 1 0 1
2.3668 -19.2994 12500 -0.616316 -0.31279 27.9915 162.623 -13 2653 1 0 1
-18.693 -4.94892 12500 -0.389558 -0.0475068 27.9972 162.637 -13 2654 1 0 1
7.59933 10.629 12500 -0.691778 0.160327 27.991 162.604 -13 2655 1 0 1
3.91381 -31.0759 12500 -0.634702 -0.497929 27.9884 162.634 -13 2656 1 0 1
-6.77791 5.8096 12500 -0.530618 0.0890322 27.9948 162.62 -13 2657 1 0 1
-38.8106 20.707 12500 -0.143884 0.281574 27.9982 162.65 -13 2658 1 0 1
26.4694 8.86027 12500 -0.868494 0.127289 27.9862 162.602 -13 2659 1 0 1
-5.10893 -4.05729 12500 -0.535487 -0.034756 27.9949 162.624 -13 2660 1 0 1
12.3495 -4.84271 12500 -0.726866 -0.0722414 27.9905 162.604 -13 2661 1 0 1
15.7964 5.56995 12500 -0.754571 0.111503 27.9896 162.607 -13 2662 1 0 1
1.76203 -10.1108 12500 -0.613266 -0.17065 27.9928 162.618 -13 2663 1 0 1
3.67305 54.0024 12500 -0.579864 0.83141 27.9816 162.694 -13 2664 1 0 1
25.8269 49.8261 12500 -0.873681 0.760074 27.976 162.673 -13 2665 1 0 1
-30.749 55.7943 12500 -0.121915 0.778399 27.9889 162.69 -13 2666 1 0 1
-8.98877 22.8223 12500 -0.494979 0.365715 27.9932 162.634 -13 2667 1 0 1
3.11013 -21.2727 12500 -0.62352 -0.339304 27.991 162.623 -13 2668 1 0 1
-2.18889 -35.3153 12500 -0.57698 -0.56957 27.9883 162.642 -13 2669 1 0 1
29.3322 78.0639 12500 -0.92688 1.10533 27.9628 162.783 -13 2670 1 0 1
45.7851 41.1079 12500 -1.09919 0.591064 27.9722 162.656 -13 2671 1 0 1
-6.83325 -3.46558 12500 -0.54472 -0.0335107 27.9947 162.613 -13 2672 1 0 1
-2.25543 -25.9409 12500 -0.559829 -0.439791 27.9909 162.64 -13 2673 1 0 1
-9.99676 -35.4194 12500 -0.455846 -0.536312 27.9912 162.656 -13 2674 1 0 1
-34.6164 -34.5342 12500 -0.192981 -0.492195 27.995 162.654 -13 2675 1 0 1
12.2519 52.0539 12500 -0.704859 0.792416 27.9799 162.676 -13 2676 1 0 1
-43.9946 -47.6741 12500 0.0161487 -0.632415 27.9929 162.669 -13 2677 1 0 1
29.8811 46.5672 12500 -0.938292 0.705288 27.9754 162.661 -13 2678 1 0 1
-4.33775 11.5707 12500 -0.550668 0.147766 27.9942 162.622 -13 2679 1 0 1
-2.188 -49.1302 12500 -0.535715 -0.752018 27.9848 162.673 -13 2680 1 0 1
2.32934 -29.1887 12500 -0.631975 -0.491211 27.9886 162.631 -13 2681 1 0 1
-11.6082 -21.2445 12500 -0.469525 -0.310095 27.9943 162.632 -13 2682 1 0 1
-15.7251 13.7477 12500 -0.416984 0.186331 27.9963 162.637 -13 2683 1 0 1
24.3405 5.22746 12500 -0.856247 0.0888581 27.9868 162.597 -13 2684 1 0 1
-1.67094 -6.25507 12500 -0.585149 -0.122876 27.9936 162.616 -13 2685 1 0 1
17.2081 -26.7627 12500 -0.780447 -0.423872 27.9859 162.62 -13 2686 1 0 1
47.1761 53.0345 12500 -1.15695 0.753056 27.966 162.689 -13 2687 1 0 1
1.66686 -21.4627 12500 -0.608199 -0.362467 27.991 162.627 -13 2688 1 0 1
12.5773 3.62746 12500 -0.737901 0.0487389 27.9902 162.599 -13 2689 1 0 1
0.923778 -67.2744 12500 -0.50473 -1.03867 27.9762 162.745 -13 2690 1 0 1
11.1286 35.7389 12500 -0.693499 0.562745 27.9858 162.644 -13 2691 1 0 1
16.425 22.3967 12500 -0.756756 0.321392 27.9879 162.615 -13 2692 1 0 1
2.387 -10.7756 12500 -0.633965 -0.170985 27.9923 162.61 -13 2693 1 0 1
19.971 5.81227 12500 -0.806086 0.0906835 27.9882 162.599 -13 2694 1 0 1
13.7623 10.5679 12500 -0.748524 0.139521 27.9896 162.601 -13 2695 1 0 1
35.3037 44.7987 12500 -0.965424 0.658007 27.9756 162.663 -13 2696 1 0 1
13.7911 -11.7542 12500 -0.742398 -0.19607 27.9895 162.607 -13 2697 1 0 1
3.68215 3.02418 12500 -0.637123 0.0601912 27.9927 162.611 -13 2698 1 0 1
-25.6942 -7.86871 12500 -0.356772 -0.129224 27.9974 162.627 -13 2699 1 0 1
2.54138 13.6845 12500 -0.620176 0.201929 27.9924 162.618 -13 2700 1 0 1
-0.970354 44.1225 12500 -0.564443 0.704481 27.9854 162.666 -13 2701 1 0 1
15.1085 20.7391 12500 -0.737121 0.320179 27.9885 162.618 -13 2702 1 0 1
22.0609 -7.43478 12500 -0.832224 -0.114824 27.9874 162.598 -13 2703 1 0 1
-8.35454 -59.7353 12500 -0.417558 -0.870597 27.9833 162.703 -13 2704 1 0 1
-9.06267 -60.0059 12500 -0.410899 -0.934475 27.9814 162.716 -13 2705 1 0 1
-6.73634 -21.7297 12500 -0.520121 -0.357962 27.9929 162.632 -13 2706 1 0 1
35.0763 0.939856 12500 -0.973528 0.0252166 27.9831 162.597 -13 2707 1 0 1
0.886858 0.00834118 12500 -0.619483 -0.0186554 27.9931 162.608 -13 2708 1 0 1
-44.7713 -33.0533 12500 -0.0354848 -0.454282 27.9963 162.659 -13 2709 1 0 1
8.23947 24.6598 12500 -0.696119 0.421814 27.9882 162.621 -13 2710 1 0 1
-8.53812 -12.0185 12500 -0.516978 -0.225571 27.9943 162.625 -13 2711 1 0 1
-35.0293 -40.4816 12500 -0.151352 -0.578527 27.9936 162.665 -13 2712 1 0 1
10.0789 30.1798 12500 -0.692127 0.507227 27.9868 162.638 -13 2713 1 0 1
5.79063 40.9218 12500 -0.630774 0.6549 27.9852 162.66 -13 2714 1 0 1
2.94636 -19.1097 12500 -0.62691 -0.323751 27.9911 162.621 -13 2715 1 0 1
6.03607 -46.8165 12500 -0.625813 -0.728447 27.9835 162.671 -13 2716 1 0 1
-13.2032 -10.266 12500 -0.468635 -0.168268 27.9956 162.625 -13 2717 1 0 1
-5.61072 20.5313 12500 -0.530984 0.335132 27.993 162.63 -13 2718 1 0 1
24.9518 71.1501 12500 -0.844822 1.03852 27.968 162.753 -13 2719 1 0 1
-26.871 -39.4188 12500 -0.269134 -0.580069 27.9927 162.661 -13 2720 1 0 1
7.56089 3.38374 12500 -0.691473 0.0593462 27.9914 162.601 -13 2721 1 0 1
33.6319 11.3564 12500 -0.958279 0.18047 27.983 162.601 -13 2722 1 0 1
14.079 -7.51538 12500 -0.746925 -0.138567 27.9897 162.604 -13 2723 1 0 1
15.2369 25.0932 12500 -0.739774 0.407096 27.9873 162.627 -13 2724 1 0 1
-16.2673 -14.6092 12500 -0.409242 -0.227668 27.9961 162.64 -13 2725 1 0 1
8.65536 1.63714 12500 -0.699186 0.0391186 27.9912 162.602 -13 2726 1 0 1
30.7895 49.3883 12500 -0.928046 0.732406 27.975 162.671 -13 2727 1 0 1
21.5246 50.9252 12500 -0.817255 0.789473 27.9769 162.68 -13 2728 1 0 1
-7.5817 -25.1623 12500 -0.499226 -0.392768 27.9928 162.641 -13 2729 1 0 1
-22.9586 -27.0969 12500 -0.344467 -0.453221 27.9942 162.649 -13 2730 1 0 1
-3.45737 55.5667 12500 -0.497386 0.816552 27.9837 162.689 -13 2731 1 0 1
-26.5279 -22.6231 12500 -0.293325 -0.344958 27.9963 162.648 -13 2732 1 0 1
28.9993 -23.626 12500 -0.915569 -0.405061 27.9821 162.617 -13 2733 1 0 1
-12.7719 -13.9958 12500 -0.481086 -0.228774 27.9949 162.623 -13 2734 1 0 1
13.1003 9.90664 12500 -0.740867 0.14275 27.9898 162.602 -13 2735 1 0 1
-5.05935 -25.7546 12500 -0.539366 -0.407003 27.9918 162.635 -13 2736 1 0 1
-4.76243 7.11903 12500 -0.541704 0.112984 27.9945 162.623 -13 2737 1 0 1
24.075 38.4364 12500 -0.848436 0.607831 27.9805 162.647 -13 2738 1 0 1
4.6229 -16.4332 12500 -0.652037 -0.236414 27.9914 162.611 -13 2739 1 0 1
25.6067 58.343 12500 -0.869753 0.87941 27.9727 162.707 -13 2740 1 0 1
21.1344 -21.9502 12500 -0.817832 -0.355511 27.9858 162.612 -13 2741 1 0 1
-15.6591 -5.62474 12500 -0.449521 -0.10125 27.9962 162.623 -13 2742 1 0 1
0.612208 -30.4948 12500 -0.605731 -0.496583 27.989 162.634 -13 2743 1 0 1
9.9504 -29.7389 12500 -0.687704 -0.503737 27.987 162.64 -13 2744 1 0 1
-3.41275 -2.49996 12500 -0.576202 -0.0735035 27.994 162.613 -13 2745 1 0 1
-2.94027 -0.352744 12500 -0.570859 -0.0286042 27.9942 162.616 -13 2746 1 0 1
1.32671 13.1247 12500 -0.636692 0.194807 27.9921 162.606 -13 2747 1 0 1
27.5305 24.2501 12500 -0.877939 0.412226 27.9832 162.626 -13 2748 1 0 1
29.4637 4.52451 12500 -0.931018 0.0902484 27.9844 162.589 -13 2749 1 0 1
13.1859 19.3294 12500 -0.716874 0.273457 27.9895 162.616 -13 2750 1 0 1
0.0852249 -63.9067 12500 -0.532129 -0.974287 27.978 162.718 -13 2751 1 0 1
-6.94126 -12.7726 12500 -0.53795 -0.216468 27.994 162.621 -13 2752 1 0 1
17.8929 -22.285 12500 -0.768743 -0.361859 27.9871 162.621 -13 2753 1 0 1
43.5176 -6.75846 12500 -1.07022 -0.100939 27.9794 162.601 -13 2754 1 0 1
0.945149 -5.39645 12500 -0.617142 -0.0825833 27.9931 162.61 -13 2755 1 0 1
-18.026 -50.8471 12500 -0.315865 -0.780042 27.9874 162.689 -13 2756 1 0 1
32.7042 11.6234 12500 -0.945905 0.192951 27.9834 162.603 -13 2757 1 0 1
0.431367 -14.9207 12500 -0.617036 -0.235779 27.9922 162.612 -13 2758 1 0 1
13.6291 4.20743 12500 -0.739693 0.0298665 27.9902 162.603 -13 2759 1 0 1
-10.3173 -11.6955 12500 -0.495394 -0.170609 27.9951 162.624 -13 2760 1 0 1
-6.7115 43.9644 12500 -0.477446 0.673223 27.9878 162.669 -13 2761 1 0 1
-1.39216 3.84419 12500 -0.579208 0.0645541 27.9939 162.618 -13 2762 1 0 1
25.8804 6.47961 12500 -0.864379 0.158465 27.9862 162.606 -13 2763 1 0 1
-5.58377 -2.9533 12500 -0.533476 -0.035801 27.9949 162.623 -13 2764 1 0 1
17.2112 -5.22026 12500 -0.775344 -0.102118 27.9891 162.603 -13 2765 1 0 1
-2.67335 -6.32339 12500 -0.594435 -0.134248 27.9934 162.609 -13 2766 1 0 1
31.1743 21.5444 12500 -0.942692 0.327264 27.9822 162.604 -13 2767 1 0 1
-6.18793 65.4423 12500 -0.449697 0.95839 27.98 162.71 -13 2768 1 0 1
-11.4161 -5.04333 12500 -0.496322 -0.0847539 27.9955 162.618 -13 2769 1 0 1
-13.1609 2.39603 12500 -0.485082 0.049353 27.9958 162.617 -13 2770 1 0 1
18.8341 -14.2872 12500 -0.783235 -0.233031 27.9881 162.612 -13 2771 1 0 1
44.4727 -3.43294 12500 -1.06469 -0.0252093 27.9797 162.607 -13 2772 1 0 1
9.61083 -24.5168 12500 -0.693553 -0.378623 27.9888 162.622 -13 2773 1 0 1
17.5242 32.8442 12500 -0.775892 0.497053 27.9848 162.627 -13 2774 1 0 1
-1.0706 -0.922075 12500 -0.599323 -0.018114 27.9936 162.61 -13 2775 1 0 1
18.9451 3.60566 12500 -0.787724 0.0281289 27.9889 162.603 -13 2776 1 0 1
30.2064 11.5264 12500 -0.896181 0.206344 27.9849 162.613 -13 2777 1 0 1
-6.53635 -5.15896 12500 -0.525574 -0.0395915 27.995 162.623 -13 2778 1 0 1
-3.50535 -45.0713 12500 -0.521783 -0.697572 27.9864 162.669 -13 2779 1 0 1
22.5467 -6.14319 12500 -0.841312 -0.0758941 27.9873 162.595 -13 2780 1 0 1
-38.0096 0.26042 12500 -0.185275 0.00602482 27.9994 162.642 -13 2781 1 0 1
-3.74478 4.95155 12500 -0.56578 0.0826104 27.9942 162.616 -13 2782 1 0 1
3.27956 -15.7656 12500 -0.62886 -0.234398 27.992 162.617 -13 2783 1 0 1
8.77049 5.81284 12500 -0.688122 0.0905724 27.9914 162.608 -13 2784 1 0 1
7.80626 10.513 12500 -0.683455 0.189191 27.991 162.61 -13 2785 1 0 1
8.34087 3.1727 12500 -0.688663 0.0215116 27.9915 162.605 -13 2786 1 0 1
31.0046 27.6162 12500 -0.913463 0.443784 27.9816 162.631 -13 2787 1 0 1
-14.2566 -6.12168 12500 -0.440745 -0.104378 27.9963 162.632 -13 2788 1 0 1
-8.99889 -14.6216 12500 -0.521918 -0.220714 27.9943 162.618 -13 2789 1 0 1
11.6756 4.49253 12500 -0.742613 0.0702824 27.9901 162.594 -13 2790 1 0 1
-23.9189 8.07833 12500 -0.33968 0.113441 27.9977 162.639 -13 2791 1 0 1
14.0182 32.0122 12500 -0.722282 0.470559 27.9867 162.631 -13 2792 1 0 1
-14.7691 11.9931 12500 -0.458007 0.190847 27.9956 162.625 -13 2793 1 0 1
-8.82469 9.49837 12500 -0.512195 0.148871 27.9949 162.622 -13 2794 1 0 1
20.6386 8.47111 12500 -0.817776 0.128729 27.9878 162.598 -13 2795 1 0 1
0.515792 37.1558 12500 -0.571599 0.630888 27.9871 162.665 -13 2796 1 0 1
15.0639 64.9528 12500 -0.708246 0.976338 27.974 162.726 -13 2797 1 0 1
-24.1679 10.5102 12500 -0.351028 0.129936 27.9975 162.634 -13 2798 1 0 1
1.75398 -24.3863 12500 -0.617582 -0.409617 27.9902 162.627 -13 2799 1 0 1
9.41685 -55.0979 12500 -0.660983 -0.833497 27.9798 162.688 -13 2800 1 0 1
10.4448 30.0246 12500 -0.716347 0.468987 27.9869 162.623 -13 2801 1 0 1
16.2485 -1.61337 12500 -0.770383 -0.0347084 27.9894 162.599 -13 2802 1 0 1
-10.2524 12.5431 12500 -0.496135 0.206009 27.9948 162.626 -13 2803 1 0 1
-4.60645 20.4776 12500 -0.546182 0.311528 27.9929 162.626 -13 2804 1 0 1
16.1371 3.4763 12500 -0.772649 0.0490512 27.9893 162.598 -13 2805 1 0 1
0.00977223 -5.90888 12500 -0.600712 -0.0745435 27.9935 162.614 -13 2806 1 0 1
-2.77817 25.7674 12500 -0.561761 0.410059 27.9914 162.634 -13 2807 1 0 1
-39.5307 -12.0857 12500 -0.156967 -0.159327 27.9991 162.646 -13 2808 1 0 1
-10.6171 21.5286 12500 -0.488338 0.328773 27.9938 162.629 -13 2809 1 0 1
23.1773 17.0675 12500 -0.833364 0.240145 27.9866 162.605 -13 2810 1 0 1
-8.2382 18.0914 12500 -0.49591 0.284353 27.9942 162.633 -13 2811 1 0 1
8.81711 10.1356 12500 -0.70741 0.145473 27.9907 162.601 -13 2812 1 0 1
29.611 25.876 12500 -0.896011 0.412826 27.9826 162.626 -13 2813 1 0 1
9.54139 -12.3258 12500 -0.681801 -0.191935 27.991 162.618 -13 2814 1 0 1
20.0437 -3.13748 12500 -0.810466 -0.0622888 27.9882 162.597 -13 2815 1 0 1
-5.09698 -53.2927 12500 -0.485121 -0.831387 27.9834 162.693 -13 2816 1 0 1
-15.931 19.3716 12500 -0.421234 0.304014 27.9952 162.636 -13 2817 1 0 1
-10.4968 -19.9266 12500 -0.474323 -0.314059 27.9942 162.635 -13 2818 1 0 1
19.6865 -3.22374 12500 -0.787838 -0.033213 27.9889 162.606 -13 2819 1 0 1
-9.88697 24.1386 12500 -0.496591 0.360078 27.9933 162.631 -13 2820 1 0 1
-26.7338 -33.758 12500 -0.265864 -0.524686 27.9938 162.664 -13 2821 1 0 1
-5.35056 -1.10012 12500 -0.541972 -0.0172547 27.9947 162.62 -13 2822 1 0 1
25.515 -12.3433 12500 -0.872576 -0.203088 27.9857 162.6 -13 2823 1 0 1
20.4362 34.9982 12500 -0.819885 0.555313 27.9825 162.633 -13 2824 1 0 1
-23.2918 -30.3472 12500 -0.334817 -0.449372 27.9944 162.649 -13 2825 1 0 1
6.05663 -13.0907 12500 -0.663827 -0.202984 27.9914 162.612 -13 2826 1 0 1
-16.5411 -74.0426 12500 -0.255048 -1.05533 27.9789 162.728 -13 2827 1 0 1
9.13249 -34.4847 12500 -0.678283 -0.570677 27.986 162.647 -13 2828 1 0 1
14.3936 -5.38621 12500 -0.74139 -0.0811378 27.9901 162.606 -13 2829 1 0 1
-9.60174 5.61349 12500 -0.49528 0.0918957 27.9955 162.625 -13 2830 1 0 1
-15.03 8.24252 12500 -0.447813 0.160602 27.996 162.627 -13 2831 1 0 1
-26.7075 12.1632 12500 -0.303983 0.166171 27.9979 162.643 -13 2832 1 0 1
15.6428 12.6322 12500 -0.769047 0.215895 27.9886 162.604 -13 2833 1 0 1
17.9756 29.8538 12500 -0.77186 0.464312 27.9855 162.629 -13 2834 1 0 1
22.0744 35.4692 12500 -0.836105 0.55022 27.9821 162.632 -13 2835 1 0 1
41.0663 112.217 12500 -1.33188 1.40417 27.933 162.954 -13 2836 1 0 1
-16.207 -9.97513 12500 -0.42841 -0.136813 27.9964 162.63 -13 2837 1 0 1
17.3104 -0.380419 12500 -0.771267 -0.0145631 27.9894 162.603 -13 2838 1 0 1
25.3512 -13.6867 12500 -0.848204 -0.19974 27.9864 162.609 -13 2839 1 0 1
-20.1226 3.75509 12500 -0.369289 0.0351578 27.9975 162.64 -13 2840 1 0 1
31.9792 65.6731 12500 -0.948976 0.9442 27.968 162.731 -13 2841 1 0 1
-20.5521 -2.06079 12500 -0.385775 -0.0331326 27.9973 162.631 -13 2842 1 0 1
31.2162 -14.8622 12500 -0.919754 -0.242897 27.9838 162.61 -13 2843 1 0 1
26.8112 79.2542 12500 -0.888176 1.13434 27.9629 162.792 -13 2844 1 0 1
-21.9058 -0.831547 12500 -0.370667 -0.0231634 27.9975 162.633 -13 2845 1 0 1
1.58901 1.66643 12500 -0.637129 0.0765599 27.9926 162.604 -13 2846 1 0 1
11.3469 20.1911 12500 -0.71591 0.310895 27.9891 162.612 -13 2847 1 0 1
-0.316806 19.9431 12500 -0.585983 0.305181 27.9922 162.624 -13 2848 1 0 1
-0.572736 -20.5912 12500 -0.572039 -0.319399 27.9923 162.631 -13 2849 1 0 1
14.2703 -29.897 12500 -0.733119 -0.471777 27.9864 162.632 -13 2850 1 0 1
3.64592 -32.7494 12500 -0.635804 -0.49733 27.9884 162.63 -13 2851 1 0 1
0.197462 0.946565 12500 -0.590095 0.0211898 27.9938 162.619 -13 2852 1 0 1
10.4259 -14.2777 12500 -0.703997 -0.216011 27.9903 162.611 -13 2853 1 0 1
-15.9872 -52.2293 12500 -0.31915 -0.785331 27.9872 162.698 -13 2854 1 0 1
23.2343 13.8831 12500 -0.846245 0.195745 27.9865 162.599 -13 2855 1 0 1
-5.25627 -22.9792 12500 -0.536603 -0.377471 27.9923 162.632 -13 2856 1 0 1
9.6884 7.49456 12500 -0.699834 0.177765 27.9907 162.612 -13 2857 1 0 1
-7.35936 10.5328 12500 -0.510876 0.141225 27.995 162.627 -13 2858 1 0 1
-2.25992 -17.4816 12500 -0.574226 -0.295602 27.9926 162.623 -13 2859 1 0 1
-28.5957 -2.90275 12500 -0.294677 0.00855204 27.9984 162.639 -13 2860 1 0 1
14.2125 -1.13548 12500 -0.756639 -0.0386764 27.9897 162.597 -13 2861 1 0 1
32.1145 5.96112 12500 -0.928002 0.0906816 27.9845 162.602 -13 2862 1 0 1
5.85334 -22.5918 12500 -0.655032 -0.348912 27.9902 162.621 -13 2863 1 0 1
23.4214 31.4608 12500 -0.841754 0.507717 27.9827 162.632 -13 2864 1 0 1
0.546355 -16.4142 12500 -0.605535 -0.254356 27.9923 162.617 -13 2865 1 0 1
2.62671 17.6842 12500 -0.630432 0.294635 27.9914 162.617 -13 2866 1 0 1
-13.3783 -17.9286 12500 -0.449728 -0.292902 27.9949 162.635 -13 2867 1 0 1
-12.537 5.05441 12500 -0.482645 0.0557231 27.9958 162.62 -13 2868 1 0 1
-3.7438 -31.7485 12500 -0.53857 -0.496035 27.9904 162.644 -13 2869 1 0 1
-12.6797 -8.87282 12500 -0.464302 -0.157721 27.9957 162.629 -13 2870 1 0 1
-4.1346 -16.5765 12500 -0.555334 -0.228598 27.9936 162.621 -13 2871 1 0 1
-14.1008 -9.7802 12500 -0.458061 -0.156768 27.9958 162.626 -13 2872 1 0 1
-16.1215 -97.5227 12500 -0.0833973 -1.31551 27.969 162.782 -13 2873 1 0 1
27.067 38.8377 12500 -0.881203 0.579484 27.9801 162.639 -13 2874 1 0 1
13.0088 31.0256 12500 -0.722251 0.488275 27.9864 162.632 -13 2875 1 0 1
16.4038 26.4412 12500 -0.772822 0.438699 27.9859 162.623 -13 2876 1 0 1
-21.0694 -40.5345 12500 -0.330567 -0.630683 27.9909 162.666 -13 2877 1 0 1
-13.4842 -23.8906 12500 -0.447892 -0.363196 27.9941 162.637 -13 2878 1 0 1
-13.9813 -24.0856 12500 -0.456922 -0.351439 27.9941 162.631 -13 2879 1 0 1
26.4644 27.814 12500 -0.863082 0.424685 27.9835 162.625 -13 2880 1 0 1
22.1311 61.6085 12500 -0.817307 0.931583 27.9726 162.72 -13 2881 1 0 1
4.93365 -17.0986 12500 -0.656367 -0.255966 27.9911 162.611 -13 2882 1 0 1
5.22158 9.79754 12500 -0.669574 0.123799 27.9917 162.603 -13 2883 1 0 1
-1.96907 -12.4049 12500 -0.574939 -0.214148 27.9933 162.623 -13 2884 1 0 1
11.4532 88.7039 12500 -0.657817 1.3107 27.9616 162.835 -13 2885 1 0 1
19.1059 19.9895 12500 -0.78499 0.325813 27.9871 162.615 -13 2886 1 0 1
15.284 20.3422 12500 -0.758192 0.333985 27.9877 162.612 -13 2887 1 0 1
-21.6 7.01741 12500 -0.387783 0.128901 27.997 162.628 -13 2888 1 0 1
-4.43525 -10.9274 12500 -0.554462 -0.173738 27.994 162.621 -13 2889 1 0 1
22.4682 30.0212 12500 -0.829732 0.476378 27.9836 162.628 -13 2890 1 0 1
-12.0471 -9.01627 12500 -0.484586 -0.156525 27.9954 162.623 -13 2891 1 0 1
-7.13328 -2.71892 12500 -0.518114 -0.0488362 27.9952 162.624 -13 2892 1 0 1
-0.0303798 26.0123 12500 -0.585947 0.402451 27.991 162.633 -13 2893 1 0 1
-13.839 33.9161 12500 -0.437334 0.513924 27.9919 162.647 -13 2894 1 0 1
27.2838 11.8383 12500 -0.887347 0.16498 27.9854 162.599 -13 2895 1 0 1
31.6205 40.1625 12500 -0.938101 0.634055 27.9771 162.657 -13 2896 1 0 1
-20.1965 -28.2337 12500 -0.367417 -0.443 27.9941 162.649 -13 2897 1 0 1
-1.97062 18.0962 12500 -0.568117 0.270937 27.9929 162.625 -13 2898 1 0 1
14.2673 42.7226 12500 -0.736009 0.664441 27.9824 162.653 -13 2899 1 0 1
-13.3619 16.1698 12500 -0.46885 0.244184 27.995 162.625 -13 2900 1 0 1
20.2449 7.94371 12500 -0.814124 0.130541 27.9879 162.598 -13 2901 1 0 1
-19.395 -32.4365 12500 -0.376674 -0.507974 27.9929 162.65 -13 2902 1 0 1
-7.28143 6.94612 12500 -0.530817 0.104849 27.9948 162.618 -13 2903 1 0 1
24.8662 34.1498 12500 -0.881267 0.518375 27.9813 162.622 -13 2904 1 0 1
26.1424 -0.0120196 12500 -0.865455 0.0205668 27.9866 162.6 -13 2905 1 0 1
-6.54978 5.94397 12500 -0.522005 0.0936977 27.995 162.625 -13 2906 1 0 1
17.1105 -11.8046 12500 -0.787811 -0.193663 27.9882 162.6 -13 2907 1 0 1
2.59545 38.5357 12500 -0.607421 0.604444 27.9869 162.65 -13 2908 1 0 1
15.6098 31.3732 12500 -0.737752 0.483933 27.9861 162.634 -13 2909 1 0 1
-21.4377 19.6893 12500 -0.352675 0.298409 27.9962 162.643 -13 2910 1 0 1
0.600901 101.603 12500 -0.416894 1.42852 27.9604 162.85 -13 2911 1 0 1
9.099 13.0108 12500 -0.682222 0.206468 27.9909 162.616 -13 2912 1 0 1
-6.57471 38.528 12500 -0.496396 0.584248 27.9895 162.655 -13 2913 1 0 1
-7.01667 -2.16 12500 -0.533989 -0.0289083 27.9949 162.617 -13 2914 1 0 1
2.63849 10.6851 12500 -0.614513 0.165298 27.9928 162.62 -13 2915 1 0 1
-34.2601 -67.8695 12500 -0.0194166 -0.922549 27.9848 162.7 -13 2916 1 0 1
11.3097 -6.84319 12500 -0.71734 -0.14022 27.9905 162.607 -13 2917 1 0 1
1.78023 23.8447 12500 -0.623777 0.360168 27.9907 162.62 -13 2918 1 0 1
6.52628 41.6289 12500 -0.634903 0.634107 27.9856 162.655 -13 2919 1 0 1
6.48723 10.0001 12500 -0.663235 0.179698 27.9916 162.613 -13 2920 1 0 1
9.44522 13.3537 12500 -0.713249 0.231225 27.99 162.605 -13 2921 1 0 1
-1.50206 20.4939 12500 -0.577297 0.344628 27.9919 162.627 -13 2922 1 0 1
-14.9335 -32.5659 12500 -0.417295 -0.528195 27.9919 162.653 -13 2923 1 0 1
12.7007 20.3124 12500 -0.726778 0.330201 27.9886 162.615 -13 2924 1 0 1
28.0191 41.6164 12500 -0.888517 0.633415 27.9787 162.652 -13 2925 1 0 1
-21.2584 -0.480082 12500 -0.383036 -0.0183113 27.9974 162.63 -13 2926 1 0 1
26.3103 -3.1911 12500 -0.873674 -0.065541 27.9863 162.598 -13 2927 1 0 1
22.7032 31.0645 12500 -0.832828 0.498488 27.9832 162.631 -13 2928 1 0 1
-1.60086 -33.3954 12500 -0.573976 -0.55923 27.9885 162.646 -13 2929 1 0 1
26.1442 -6.93714 12500 -0.867236 -0.0825646 27.9864 162.6 -13 2930 1 0 1
3.53229 1.53551 12500 -0.648295 0.0320285 27.9925 162.605 -13 2931 1 0 1
8.17439 -45.026 12500 -0.647427 -0.700843 27.9837 162.668 -13 2932 1 0 1
-5.90822 48.7172 12500 -0.495587 0.717798 27.9864 162.669 -13 2933 1 0 1
14.4853 16.107 12500 -0.745307 0.275669 27.9887 162.612 -13 2934 1 0 1
3.09341 9.36221 12500 -0.639304 0.161138 27.9922 162.61 -13 2935 1 0 1
-6.21171 -26.4409 12500 -0.517567 -0.419092 27.9921 162.64 -13 2936 1 0 1
1.1951 39.8732 12500 -0.583819 0.584517 27.9878 162.648 -13 2937 1 0 1
-29.3667 -23.8334 12500 -0.275527 -0.324564 27.9968 162.645 -13 2938 1 0 1
2.05911 -2.70287 12500 -0.611983 -0.0504496 27.9933 162.617 -13 2939 1 0 1
-15.1732 -54.7413 12500 -0.357253 -0.83853 27.9852 162.693 -13 2940 1 0 1
3.99934 -7.76304 12500 -0.64165 -0.128954 27.9923 162.612 -13 2941 1 0 1
1.61676 35.8316 12500 -0.587621 0.552302 27.9884 162.648 -13 2942 1 0 1
44.386 25.3172 12500 -1.07098 0.397985 27.9767 162.63 -13 2943 1 0 1
12.2875 -16.4486 12500 -0.7243 -0.266421 27.9894 162.611 -13 2944 1 0 1
-0.0145065 -0.634917 12500 -0.624494 -0.00793946 27.993 162.603 -13 2945 1 0 1
32.3654 -25.3667 12500 -0.955828 -0.419293 27.9805 162.618 -13 2946 1 0 1
18.7597 6.53428 12500 -0.799931 0.10432 27.9884 162.598 -13 2947 1 0 1
18.641 -42.6642 12500 -0.791089 -0.677591 27.9806 162.655 -13 2948 1 0 1
28.3645 46.1598 12500 -0.900508 0.706326 27.9766 162.666 -13 2949 1 0 1
6.95043 -34.5744 12500 -0.65425 -0.557116 27.9868 162.645 -13 2950 1 0 1
8.39118 23.1241 12500 -0.696615 0.381398 27.9887 162.616 -13 2951 1 0 1
-42.7173 -35.504 12500 -0.0610599 -0.493121 27.9956 162.659 -13 2952 1 0 1
31.6921 41.3601 12500 -0.943624 0.630833 27.977 162.651 -13 2953 1 0 1
4.98312 23.7015 12500 -0.630494 0.372528 27.9904 162.63 -13 2954 1 0 1
35.9852 41.575 12500 -0.98192 0.606162 27.9762 162.649 -13 2955 1 0 1
-16.3197 -27.9074 12500 -0.40593 -0.438747 27.9936 162.648 -13 2956 1 0 1
-0.745851 11.4369 12500 -0.587494 0.181881 27.9932 162.62 -13 2957 1 0 1
8.82768 10.6765 12500 -0.696753 0.17494 27.9908 162.607 -13 2958 1 0 1
26.5133 27.7106 12500 -0.879483 0.419588 27.983 162.619 -13 2959 1 0 1
-0.702415 -63.5726 12500 -0.519055 -0.950567 27.979 162.712 -13 2960 1 0 1
-19.4511 -73.5465 12500 -0.213934 -1.04528 27.9797 162.724 -13 2961 1 0 1
10.2338 19.6938 12500 -0.708121 0.335533 27.989 162.615 -13 2962 1 0 1
12.6344 25.3869 12500 -0.725873 0.432463 27.9872 162.626 -13 2963 1 0 1
-14.3158 -19.8506 12500 -0.453243 -0.285778 27.9949 162.628 -13 2964 1 0 1
-10.2074 26.5904 12500 -0.496508 0.438382 27.9922 162.636 -13 2965 1 0 1
16.2157 -6.99338 12500 -0.756875 -0.132749 27.9895 162.608 -13 2966 1 0 1
2.24485 -18.9834 12500 -0.614025 -0.335036 27.9913 162.626 -13 2967 1 0 1
0.897885 -106.942 12500 -0.408189 -1.47615 27.9581 162.866 -13 2968 1 0 1
11.2182 -22.5982 12500 -0.704373 -0.376613 27.9886 162.623 -13 2969 1 0 1
-5.99978 5.15135 12500 -0.548097 0.0926264 27.9945 162.616 -13 2970 1 0 1
1.46459 50.9567 12500 -0.577597 0.779802 27.9832 162.677 -13 2971 1 0 1
13.455 6.0031 12500 -0.738761 0.0831362 27.9901 162.603 -13 2972 1 0 1
-7.28016 -3.36819 12500 -0.52746 -0.0684449 27.9949 162.62 -13 2973 1 0 1
-20.6876 -49.1971 12500 -0.289102 -0.735275 27.9889 162.684 -13 2974 1 0 1
-8.80689 -20.8972 12500 -0.501859 -0.352717 27.9933 162.632 -13 2975 1 0 1
6.8854 -1.23372 12500 -0.658247 -0.00321379 27.9923 162.614 -13 2976 1 0 1
-22.5793 -28.0615 12500 -0.345587 -0.416904 27.9948 162.647 -13 2977 1 0 1
17.9381 -36.8215 12500 -0.794572 -0.583318 27.9826 162.635 -13 2978 1 0 1
25.2325 26.79 12500 -0.869918 0.425471 27.9832 162.619 -13 2979 1 0 1
42.6233 19.3152 12500 -1.06342 0.27868 27.9784 162.607 -13 2980 1 0 1
-9.62033 38.0636 12500 -0.46892 0.588822 27.9899 162.656 -13 2981 1 0 1
24.9475 -30.2194 12500 -0.852477 -0.471106 27.9831 162.629 -13 2982 1 0 1
18.0723 -26.8302 12500 -0.770732 -0.414262 27.9863 162.627 -13 2983 1 0 1
-15.7997 -8.50496 12500 -0.443463 -0.145482 27.9961 162.626 -13 2984 1 0 1
0.575634 24.9752 12500 -0.593139 0.425639 27.9905 162.635 -13 2985 1 0 1
-8.75813 -29.4992 12500 -0.484456 -0.45402 27.9921 162.645 -13 2986 1 0 1
-7.4493 19.4491 12500 -0.515244 0.328668 27.9933 162.631 -13 2987 1 0 1
-13.3754 -8.83245 12500 -0.451251 -0.0935703 27.9962 162.63 -13 2988 1 0 1
31.5929 63.0291 12500 -0.956991 0.930029 27.9682 162.728 -13 2989 1 0 1
15.9773 33.8781 12500 -0.767895 0.526591 27.9845 162.629 -13 2990 1 0 1
-11.8196 28.5032 12500 -0.463663 0.43583 27.9928 162.641 -13 2991 1 0 1
35.4835 26.0716 12500 -0.988811 0.364188 27.9802 162.611 -13 2992 1 0 1
-13.7109 -3.61823 12500 -0.459733 -0.0307895 27.9962 162.625 -13 2993 1 0 1
7.59792 13.0134 12500 -0.678876 0.153242 27.9913 162.609 -13 2994 1 0 1
-4.57601 -12.8476 12500 -0.558061 -0.179465 27.9939 162.618 -13 2995 1 0 1
-17.603 -22.9181 12500 -0.397354 -0.373541 27.9947 162.643 -13 2996 1 0 1
22.2754 46.6195 12500 -0.835586 0.740964 27.9777 162.671 -13 2997 1 0 1
-2.60092 -3.37139 12500 -0.592218 -0.0565378 27.9937 162.608 -13 2998 1 0 1
-22.6579 -61.7507 12500 -0.219337 -0.889185 27.985 162.705 -13 2999 1 0 1
-18.228 19.6035 12500 -0.400595 0.311483 27.9954 162.636 -13 3000 1 0 1
-22.2213 -14.0007 12500 -0.380505 -0.218968 27.9966 162.63 -13 3001 1 0 1
-19.3839 -7.53188 12500 -0.396249 -0.110699 27.997 162.631 -13 3002 1 0 1
-7.55338 5.99041 12500 -0.524207 0.105591 27.9949 162.62 -13 3003 1 0 1
-2.04498 -5.74391 12500 -0.585669 -0.0733079 27.9938 162.613 -13 3004 1 0 1
-19.8328 -77.2549 12500 -0.17616 -1.07498 27.9788 162.734 -13 3005 1 0 1
20.7741 -41.7186 12500 -0.809871 -0.642117 27.9809 162.649 -13 3006 1 0 1
6.47536 -6.44244 12500 -0.661252 -0.100437 27.992 162.612 -13 3007 1 0 1
22.2467 7.13453 12500 -0.851562 0.142429 27.9867 162.593 -13 3008 1 0 1
22.2843 -11.1313 12500 -0.844851 -0.161238 27.9868 162.595 -13 3009 1 0 1
6.58435 -6.35254 12500 -0.675264 -0.109874 27.9916 162.606 -13 3010 1 0 1
27.166 -35.4752 12500 -0.878864 -0.526787 27.9812 162.633 -13 3011 1 0 1
18.4364 1.46347 12500 -0.793181 0.0213768 27.9888 162.598 -13 3012 1 0 1
56.7097 57.8232 12500 -1.27599 0.776909 27.9601 162.707 -13 3013 1 0 1
37.4744 42.5002 12500 -1.01791 0.622541 27.9746 162.649 -13 3014 1 0 1
14.0414 37.065 12500 -0.727103 0.55231 27.9851 162.638 -13 3015 1 0 1
-20.6951 2.39224 12500 -0.385445 0.0563853 27.9973 162.631 -13 3016 1 0 1
-1.41139 -7.15575 12500 -0.58256 -0.125565 27.9937 162.618 -13 3017 1 0 1
0.588019 -52.3946 12500 -0.547841 -0.777762 27.9838 162.683 -13 3018 1 0 1
48.508 37.0472 12500 -1.13876 0.53455 27.9717 162.646 -13 3019 1 0 1
-74.3393 153.086 12500 -8.7899 2.48792 26.4679 163.43 -13 3020 1 0 1
4.79511 -9.31525 12500 -0.641994 -0.172189 27.9921 162.617 -13 3021 1 0 1
-9.17335 -59.0381 12500 -0.415656 -0.87609 27.9832 162.702 -13 3022 1 0 1
17.4885 56.0113 12500 -0.779901 0.839087 27.9766 162.684 -13 3023 1 0 1
16.52 20.362 12500 -0.752418 0.335356 27.9879 162.62 -13 3024 1 0 1
-14.7944 11.2564 12500 -0.442701 0.157176 27.9961 162.629 -13 3025 1 0 1
21.2775 -12.1152 12500 -0.825641 -0.199407 27.9871 162.601 -13 3026 1 0 1
-11.0155 -6.90621 12500 -0.478104 -0.144171 27.9955 162.63 -13 3027 1 0 1
14.7744 16.3231 12500 -0.746555 0.2609 27.9888 162.61 -13 3028 1 0 1
34.4901 40.6414 12500 -0.966194 0.587535 27.9772 162.643 -13 3029 1 0 1
-9.97932 -27.5785 12500 -0.464505 -0.405675 27.9932 162.647 -13 3030 1 0 1
-34.5059 -7.70084 12500 -0.236891 -0.10199 27.9988 162.638 -13 3031 1 0 1
-25.6009 -33.6162 12500 -0.307681 -0.498875 27.9939 162.651 -13 3032 1 0 1
1.95939 35.6638 12500 -0.583993 0.545211 27.9886 162.65 -13 3033 1 0 1
-12.4581 -0.973155 12500 -0.489682 -0.00826822 27.9957 162.617 -13 3034 1 0 1
0.571519 9.09642 12500 -0.608274 0.152481 27.993 162.615 -13 3035 1 0 1
43.3202 51.9164 12500 -1.08618 0.74263 27.9691 162.686 -13 3036 1 0 1
4.19179 9.08844 12500 -0.65687 0.130463 27.992 162.605 -13 3037 1 0 1
-4.97252 -53.9699 12500 -0.490281 -0.811796 27.9839 162.686 -13 3038 1 0 1
11.065 50.7518 12500 -0.676948 0.748818 27.9818 162.671 -13 3039 1 0 1
1.03132 13.3551 12500 -0.607743 0.186015 27.9928 162.617 -13 3040 1 0 1
8.36988 -37.7363 12500 -0.676335 -0.583054 27.9858 162.642 -13 3041 1 0 1
-1.10399 -10.6201 12500 -0.58595 -0.194252 27.9932 162.621 -13 3042 1 0 1
16.7653 12.6718 12500 -0.769756 0.211963 27.9886 162.608 -13 3043 1 0 1
24.0808 80.6427 12500 -0.855152 1.16558 27.9627 162.8 -13 3044 1 0 1
18.9107 31.5501 12500 -0.797367 0.48642 27.9844 162.624 -13 3045 1 0 1
8.10691 11.9673 12500 -0.687984 0.199108 27.9908 162.609 -13 3046 1 0 1
33.6449 78.0103 12500 -0.993707 1.10452 27.9606 162.795 -13 3047 1 0 1
19.9123 -4.58585 12500 -0.807206 -0.0576826 27.9883 162.598 -13 3048 1 0 1
38.3824 -7.35158 12500 -0.999663 -0.120992 27.9819 162.605 -13 3049 1 0 1
10.3651 -12.8323 12500 -0.716513 -0.234365 27.9898 162.608 -13 3050 1 0 1
28.9894 64.1299 12500 -0.927459 0.931492 27.9691 162.719 -13 3051 1 0 1
-17.926 -41.0707 12500 -0.361404 -0.612805 27.991 162.664 -13 3052 1 0 1
31.5434 23.0974 12500 -0.930561 0.370198 27.9821 162.616 -13 3053 1 0 1
17.7306 23.1602 12500 -0.777893 0.359644 27.9869 162.616 -13 3054 1 0 1
8.14973 10.7853 12500 -0.690148 0.181445 27.9909 162.608 -13 3055 1 0 1
0.288348 15.0151 12500 -0.610055 0.238634 27.9923 162.615 -13 3056 1 0 1
0.0897104 -17.8222 12500 -0.610894 -0.299122 27.9917 162.616 -13 3057 1 0 1
26.5844 34.273 12500 -0.887618 0.544813 27.9806 162.634 -13 3058 1 0 1
-12.6994 -22.1441 12500 -0.446873 -0.358051 27.9941 162.64 -13 3059 1 0 1
-16.6432 -3.42152 12500 -0.432634 -0.0272078 27.9966 162.625 -13 3060 1 0 1
10.3951 -52.9209 12500 -0.658135 -0.82448 27.9801 162.695 -13 3061 1 0 1
37.4244 -8.92466 12500 -0.987989 -0.115844 27.9823 162.604 -13 3062 1 0 1
14.5281 12.6275 12500 -0.73749 0.217458 27.9894 162.614 -13 3063 1 0 1
34.0352 31.8013 12500 -0.967192 0.492056 27.979 162.632 -13 3064 1 0 1
-2.10764 -11.8378 12500 -0.572552 -0.170862 27.9936 162.621 -13 3065 1 0 1
5.10277 27.3647 12500 -0.6464 0.437143 27.9891 162.63 -13 3066 1 0 1
-17.3136 1.32772 12500 -0.440868 0.0238662 27.9965 162.62 -13 3067 1 0 1
-4.5146 -14.2414 12500 -0.581651 -0.257888 27.9928 162.613 -13 3068 1 0 1
38.1656 -6.36637 12500 -1.02573 -0.0819614 27.9811 162.591 -13 3069 1 0 1
4.29395 -0.310221 12500 -0.651095 -0.0215354 27.9924 162.607 -13 3070 1 0 1
-13.6199 40.366 12500 -0.40939 0.615878 27.9902 162.663 -13 3071 1 0 1
-14.1582 -17.2446 12500 -0.447341 -0.267656 27.9951 162.631 -13 3072 1 0 1
3.11017 -17.7545 12500 -0.621745 -0.284931 27.9916 162.622 -13 3073 1 0 1
21.7968 52.9994 12500 -0.805147 0.783226 27.9775 162.679 -13 3074 1 0 1
39.6186 43.6988 12500 -1.03773 0.664773 27.9729 162.669 -13 3075 1 0 1
11.6916 37.5741 12500 -0.700961 0.62594 27.9842 162.657 -13 3076 1 0 1
-6.73251 -28.7598 12500 -0.511618 -0.464998 27.9915 162.644 -13 3077 1 0 1
57.8215 26.4126 12500 -1.25603 0.372898 27.9693 162.626 -13 3078 1 0 1
3.78717 15.1313 12500 -0.630892 0.251226 27.9918 162.619 -13 3079 1 0 1
3.52546 10.9083 12500 -0.625933 0.180602 27.9924 162.619 -13 3080 1 0 1
14.1958 9.18876 12500 -0.748039 0.155916 27.9896 162.604 -13 3081 1 0 1
9.8389 49.3813 12500 -0.664501 0.769193 27.9815 162.677 -13 3082 1 0 1
-21.876 -8.17601 12500 -0.368566 -0.129075 27.9973 162.635 -13 3083 1 0 1
-17.752 -45.5045 12500 -0.350704 -0.686497 27.9894 162.673 -13 3084 1 0 1
39.8514 24.9817 12500 -1.04324 0.385061 27.9779 162.616 -13 3085 1 0 1
-3.97707 4.74683 12500 -0.562513 0.0907413 27.9942 162.617 -13 3086 1 0 1
-29.6334 -18.7703 12500 -0.266025 -0.294943 27.9972 162.647 -13 3087 1 0 1
-5.37987 -18.7653 12500 -0.541819 -0.2708 27.9934 162.623 -13 3088 1 0 1
25.3375 32.4418 12500 -0.86923 0.510023 27.9819 162.629 -13 3089 1 0 1
40.7805 18.4434 12500 -1.06776 0.273042 27.9783 162.598 -13 3090 1 0 1
1.39316 -36.693 12500 -0.596758 -0.599255 27.9872 162.652 -13 3091 1 0 1
-0.574845 64.3442 12500 -0.508156 0.968399 27.9786 162.719 -13 3092 1 0 1
37.2262 25.7178 12500 -0.99403 0.376938 27.9798 162.619 -13 3093 1 0 1
19.1598 -8.81678 12500 -0.796764 -0.130263 27.9884 162.601 -13 3094 1 0 1
24.7652 27.6196 12500 -0.852166 0.446711 27.9835 162.627 -13 3095 1 0 1
8.54046 4.7668 12500 -0.683422 0.0620164 27.9916 162.609 -13 3096 1 0 1
-14.1357 10.8098 12500 -0.468507 0.171509 27.9956 162.622 -13 3097 1 0 1
12.472 18.4018 12500 -0.735603 0.287245 27.9889 162.607 -13 3098 1 0 1
-23.7388 -33.5056 12500 -0.319524 -0.51527 27.9934 162.655 -13 3099 1 0 1
1.38372 0.276036 12500 -0.616479 -0.0199291 27.9932 162.612 -13 3100 1 0 1
17.9847 84.4791 12500 -0.759741 1.2342 27.9625 162.817 -13 3101 1 0 1
29.5527 16.9978 12500 -0.906438 0.27597 27.984 162.608 -13 3102 1 0 1
-10.8668 55.5403 12500 -0.404016 0.831611 27.9847 162.694 -13 3103 1 0 1
-19.3129 8.78347 12500 -0.390894 0.166874 27.9968 162.635 -13 3104 1 0 1
-8.0078 22.7757 12500 -0.517991 0.379739 27.9926 162.63 -13 3105 1 0 1
1.36801 3.81292 12500 -0.609852 0.0628389 27.9933 162.615 -13 3106 1 0 1
0.00696987 -17.3661 12500 -0.59478 -0.281328 27.9923 162.622 -13 3107 1 0 1
14.8712 3.33863 12500 -0.739179 0.062094 27.9902 162.609 -13 3108 1 0 1
13.5326 17.8229 12500 -0.735617 0.301359 27.9887 162.613 -13 3109 1 0 1
-5.18133 -32.0373 12500 -0.528185 -0.552391 27.9896 162.651 -13 3110 1 0 1
-7.81357 -53.8624 12500 -0.464059 -0.814291 27.9843 162.684 -13 3111 1 0 1
-8.35405 -22.5755 12500 -0.499492 -0.359583 27.9932 162.635 -13 3112 1 0 1
40.7253 79.6782 12500 -1.10431 1.08062 27.9573 162.793 -13 3113 1 0 1
10.2012 37.0101 12500 -0.709376 0.573945 27.9851 162.636 -13 3114 1 0 1
-13.8895 -43.8112 12500 -0.399845 -0.680034 27.9889 162.671 -13 3115 1 0 1
20.4883 -5.81764 12500 -0.804812 -0.106443 27.9882 162.603 -13 3116 1 0 1
2.15919 -14.624 12500 -0.64134 -0.232712 27.9917 162.608 -13 3117 1 0 1
-5.3442 -2.30298 12500 -0.551463 -0.0242707 27.9946 162.616 -13 3118 1 0 1
31.2479 27.8534 12500 -0.947579 0.425593 27.9807 162.616 -13 3119 1 0 1
27.786 24.3519 12500 -0.89416 0.384199 27.9831 162.615 -13 3120 1 0 1
-12.4586 -44.434 12500 -0.413797 -0.680843 27.9887 162.671 -13 3121 1 0 1
7.32393 -13.6216 12500 -0.662847 -0.238803 27.9911 162.62 -13 3122 1 0 1
9.38816 18.7725 12500 -0.699448 0.30417 27.9896 162.612 -13 3123 1 0 1
28.2254 23.7691 12500 -0.89284 0.380373 27.9832 162.617 -13 3124 1 0 1
35.7187 61.7025 12500 -1.00685 0.904262 27.9673 162.727 -13 3125 1 0 1
-16.109 18.2897 12500 -0.419339 0.319074 27.995 162.638 -13 3126 1 0 1
2.25825 33.9855 12500 -0.618035 0.531009 27.9881 162.637 -13 3127 1 0 1
24.7728 17.9109 12500 -0.856182 0.287521 27.9854 162.607 -13 3128 1 0 1
14.4074 19.2953 12500 -0.752552 0.298007 27.9883 162.607 -13 3129 1 0 1
-2.58697 22.3281 12500 -0.565132 0.38206 27.9917 162.631 -13 3130 1 0 1
9.66209 -33.8432 12500 -0.674894 -0.544518 27.9866 162.646 -13 3131 1 0 1
41.1321 -30.64 12500 -1.06075 -0.474014 27.9759 162.631 -13 3132 1 0 1
-26.6301 -12.5974 12500 -0.320232 -0.198955 27.9975 162.638 -13 3133 1 0 1
-24.7324 -23.3568 12500 -0.311629 -0.365883 27.9959 162.65 -13 3134 1 0 1
-1.15047 6.64459 12500 -0.599061 0.102822 27.9934 162.611 -13 3135 1 0 1
-20.4405 -56.4917 12500 -0.278981 -0.83627 27.9861 162.695 -13 3136 1 0 1
2.58392 -21.4769 12500 -0.619336 -0.341288 27.9911 162.623 -13 3137 1 0 1
-9.18824 -3.01498 12500 -0.508225 -0.0322842 27.9954 162.621 -13 3138 1 0 1
26.2594 33.7645 12500 -0.870285 0.522387 27.9816 162.633 -13 3139 1 0 1
5.75459 22.3987 12500 -0.644515 0.351608 27.9904 162.625 -13 3140 1 0 1
35.4272 29.0022 12500 -0.98499 0.453522 27.979 162.627 -13 3141 1 0 1
-19.9044 -30.0899 12500 -0.364955 -0.449047 27.994 162.65 -13 3142 1 0 1
-4.60227 7.48262 12500 -0.563155 0.124032 27.9941 162.615 -13 3143 1 0 1
-6.27603 -103.956 12500 -0.212575 -1.44557 27.9619 162.842 -13 3144 1 0 1
11.7668 21.4302 12500 -0.708424 0.294296 27.9895 162.616 -13 3145 1 0 1
9.59127 -3.7362 12500 -0.728094 -0.0542207 27.9905 162.592 -13 3146 1 0 1
40.0588 3.81933 12500 -1.04314 0.0655608 27.9805 162.594 -13 3147 1 0 1
-24.8497 -8.56684 12500 -0.345029 -0.104321 27.9977 162.633 -13 3148 1 0 1
6.27048 -21.7768 12500 -0.653684 -0.334572 27.9904 162.622 -13 3149 1 0 1
-17.0548 -26.257 12500 -0.408459 -0.403087 27.9941 162.642 -13 3150 1 0 1
12.5062 -5.67202 12500 -0.733624 -0.0801542 27.9903 162.601 -13 3151 1 0 1
-6.92526 -12.9269 12500 -0.528147 -0.202415 27.9943 162.624 -13 3152 1 0 1
11.6334 61.8899 12500 -0.686724 0.911254 27.9767 162.701 -13 3153 1 0 1
18.6737 7.01882 12500 -0.795272 0.140649 27.9884 162.602 -13 3154 1 0 1
22.183 21.3063 12500 -0.826995 0.305199 27.9861 162.607 -13 3155 1 0 1
24.1738 3.4778 12500 -0.844868 0.0479908 27.9872 162.6 -13 3156 1 0 1
-5.6611 4.45532 12500 -0.554054 0.069147 27.9944 162.614 -13 3157 1 0 1
-30.6583 -9.91821 12500 -0.255357 -0.172145 27.9983 162.647 -13 3158 1 0 1
4.9838 11.0219 12500 -0.649239 0.15952 27.992 162.612 -13 3159 1 0 1
-13.2044 -45.3305 12500 -0.421357 -0.711228 27.9878 162.669 -13 3160 1 0 1
3.54551 15.2681 12500 -0.64113 0.257185 27.9915 162.614 -13 3161 1 0 1
12.5016 40.8489 12500 -0.718733 0.632803 27.9836 162.648 -13 3162 1 0 1
23.5389 -8.13559 12500 -0.85026 -0.0944266 27.9869 162.596 -13 3163 1 0 1
34.0705 5.37984 12500 -0.95614 0.0624679 27.9836 162.599 -13 3164 1 0 1
20.9135 2.89491 12500 -0.821866 0.0294959 27.9879 162.595 -13 3165 1 0 1
-31.0415 -18.2377 12500 -0.267124 -0.282885 27.9973 162.641 -13 3166 1 0 1
26.9323 23.8757 12500 -0.878892 0.366268 27.9838 162.615 -13 3167 1 0 1
-17.1533 -34.7138 12500 -0.402793 -0.518573 27.9923 162.647 -13 3168 1 0 1
-5.58007 -45.4943 12500 -0.482376 -0.708797 27.9869 162.677 -13 3169 1 0 1
16.7326 -4.2078 12500 -0.776592 -0.0822493 27.9891 162.6 -13 3170 1 0 1
44.7775 31.4359 12500 -1.10558 0.432252 27.9748 162.621 -13 3171 1 0 1
14.277 -6.48797 12500 -0.745857 -0.0784314 27.99 162.603 -13 3172 1 0 1
24.6145 -43.6497 12500 -0.85582 -0.670706 27.9789 162.655 -13 3173 1 0 1
8.12667 5.53649 12500 -0.693806 0.0716915 27.9913 162.602 -13 3174 1 0 1
-9.49334 -21.9621 12500 -0.496223 -0.338322 27.9936 162.63 -13 3175 1 0 1
20.2313 27.7101 12500 -0.787123 0.419419 27.9858 162.627 -13 3176 1 0 1
10.1514 15.7154 12500 -0.702815 0.244658 27.9901 162.611 -13 3177 1 0 1
4.15417 8.41009 12500 -0.634231 0.143712 27.9924 162.616 -13 3178 1 0 1
39.051 72.9698 12500 -1.04333 1.00406 27.9625 162.759 -13 3179 1 0 1
-9.46447 6.29928 12500 -0.512553 0.0969125 27.9951 162.618 -13 3180 1 0 1
-12.1197 25.0858 12500 -0.462904 0.38875 27.9935 162.638 -13 3181 1 0 1
25.1612 62.1056 12500 -0.853242 0.91224 27.9721 162.714 -13 3182 1 0 1
-15.244 -11.0957 12500 -0.449476 -0.186461 27.9958 162.626 -13 3183 1 0 1
36.5679 3.70205 12500 -0.976425 0.0815162 27.9829 162.605 -13 3184 1 0 1
12.0007 0.619741 12500 -0.726202 0.00523466 27.9906 162.602 -13 3185 1 0 1
-1.83112 -18.8974 12500 -0.587499 -0.320349 27.992 162.62 -13 3186 1 0 1
33.5788 36.9582 12500 -0.965932 0.567797 27.9776 162.642 -13 3187 1 0 1
36.847 59.584 12500 -1.03413 0.876015 27.9672 162.717 -13 3188 1 0 1
14.0024 -83.2612 12500 -0.732265 -1.22867 27.9634 162.8 -13 3189 1 0 1
-27.0078 -73.6111 12500 -0.0666376 -1.016 27.9815 162.72 -13 3190 1 0 1
-5.76333 0.42504 12500 -0.549153 -0.0115658 27.9946 162.616 -13 3191 1 0 1
-17.9968 -77.569 12500 -0.226549 -1.07109 27.9786 162.73 -13 3192 1 0 1
-2.58067 -3.8397 12500 -0.579533 -0.0301683 27.994 162.614 -13 3193 1 0 1
2.79763 11.1858 12500 -0.619797 0.204335 27.9924 162.621 -13 3194 1 0 1
19.4683 22.4442 12500 -0.793578 0.363877 27.9864 162.616 -13 3195 1 0 1
15.2127 14.4274 12500 -0.760358 0.221037 27.9888 162.605 -13 3196 1 0 1
27.4731 -27.6155 12500 -0.896566 -0.391283 27.9829 162.612 -13 3197 1 0 1
42.6709 12.9818 12500 -1.07132 0.184521 27.9789 162.6 -13 3198 1 0 1
5.48273 34.054 12500 -0.63386 0.554257 27.9873 162.647 -13 3199 1 0 1
-4.47902 -6.71525 12500 -0.551076 -0.0900199 27.9944 162.62 -13 3200 1 0 1
8.98563 35.4175 12500 -0.67923 0.560505 27.9861 162.642 -13 3201 1 0 1
20.4671 64.6295 12500 -0.79102 0.973254 27.9719 162.729 -13 3202 1 0 1
2.27968 -5.24153 12500 -0.630281 -0.0772392 27.9928 162.609 -13 3203 1 0 1
26.0928 4.50935 12500 -0.87603 0.0944843 27.9861 162.597 -13 3204 1 0 1
3.6306 7.19837 12500 -0.6347 0.108865 27.9926 162.613 -13 3205 1 0 1
18.0583 29.6284 12500 -0.794421 0.487499 27.9845 162.627 -13 3206 1 0 1
14.6749 6.03533 12500 -0.7443 0.110548 27.9899 162.607 -13 3207 1 0 1
-17.861 -56.9896 12500 -0.293512 -0.827519 27.9862 162.701 -13 3208 1 0 1
7.82724 36.8759 12500 -0.659714 0.576151 27.9863 162.646 -13 3209 1 0 1
51.4325 81.8466 12500 -1.27244 1.05906 27.951 162.806 -13 3210 1 0 1
7.94079 13.6034 12500 -0.681614 0.212337 27.9909 162.611 -13 3211 1 0 1
14.1956 -11.5496 12500 -0.745932 -0.188989 27.9894 162.607 -13 3212 1 0 1
8.44066 -7.08514 12500 -0.700785 -0.0651735 27.9912 162.601 -13 3213 1 0 1
-10.9538 -26.2758 12500 -0.455855 -0.449451 27.9927 162.651 -13 3214 1 0 1
-6.26568 -29.3074 12500 -0.52406 -0.504206 27.9906 162.646 -13 3215 1 0 1
-17.234 6.97589 12500 -0.425088 0.146382 27.9964 162.629 -13 3216 1 0 1
-1.29292 -10.5264 12500 -0.601117 -0.145504 27.9932 162.61 -13 3217 1 0 1
1.65573 9.80294 12500 -0.62105 0.161388 27.9926 162.613 -13 3218 1 0 1
-19.3413 -17.5566 12500 -0.388082 -0.275249 27.996 162.637 -13 3219 1 0 1
-14.4932 -13.1775 12500 -0.452756 -0.199998 27.9956 162.628 -13 3220 1 0 1
34.7944 21.9192 12500 -0.962026 0.343966 27.9814 162.616 -13 3221 1 0 1
25.101 46.7719 12500 -0.859244 0.716483 27.9776 162.666 -13 3222 1 0 1
8.8402 -11.7701 12500 -0.709703 -0.190061 27.9904 162.602 -13 3223 1 0 1
-1.66908 -60.3295 12500 -0.52156 -0.921953 27.98 162.707 -13 3224 1 0 1
-7.78036 -32.0228 12500 -0.480942 -0.509761 27.9912 162.654 -13 3225 1 0 1
-1.12398 -4.13122 12500 -0.598194 -0.0648443 27.9935 162.611 -13 3226 1 0 1
7.41487 -3.25459 12500 -0.689444 -0.0589188 27.9914 162.602 -13 3227 1 0 1
24.3101 2.1719 12500 -0.852973 0.0391046 27.987 162.597 -13 3228 1 0 1
-5.71741 -12.7653 12500 -0.547232 -0.240222 27.9936 162.623 -13 3229 1 0 1
-25.2601 -19.8421 12500 -0.313396 -0.285727 27.9968 162.644 -13 3230 1 0 1
31.5107 39.5071 12500 -0.929881 0.574049 27.9787 162.639 -13 3231 1 0 1
16.3041 -1.23537 12500 -0.752688 0.0116179 27.9899 162.609 -13 3232 1 0 1
18.19 33.9203 12500 -0.782773 0.543432 27.9838 162.636 -13 3233 1 0 1
0.574765 -15.2344 12500 -0.603165 -0.243617 27.9924 162.619 -13 3234 1 0 1
21.026 -4.92086 12500 -0.824126 -0.0723161 27.9878 162.596 -13 3235 1 0 1
36.2574 66.9265 12500 -1.04907 0.972206 27.9634 162.749 -13 3236 1 0 1
32.8864 13.9826 12500 -0.941188 0.212683 27.9834 162.606 -13 3237 1 0 1
27.7179 22.1163 12500 -0.888706 0.315028 27.9841 162.608 -13 3238 1 0 1
12.1932 10.0589 12500 -0.715209 0.188276 27.9902 162.613 -13 3239 1 0 1
-17.9477 -42.9913 12500 -0.34871 -0.634515 27.9906 162.669 -13 3240 1 0 1
5.5296 11.9956 12500 -0.662789 0.190979 27.9915 162.61 -13 3241 1 0 1
-2.02168 4.9757 12500 -0.580116 0.0736811 27.9939 162.616 -13 3242 1 0 1
19.2704 -15.7474 12500 -0.800992 -0.248111 27.9874 162.604 -13 3243 1 0 1
-23.76 -11.116 12500 -0.348669 -0.176421 27.9973 162.637 -13 3244 1 0 1
-18.3058 -35.9466 12500 -0.380985 -0.543247 27.9921 162.653 -13 3245 1 0 1
32.1137 -11.2787 12500 -0.961699 -0.18096 27.9829 162.593 -13 3246 1 0 1
0.937002 -24.5336 12500 -0.622886 -0.421049 27.9899 162.623 -13 3247 1 0 1
34.5206 38.4001 12500 -0.968325 0.577948 27.9773 162.645 -13 3248 1 0 1
36.7278 -17.0896 12500 -0.994979 -0.24271 27.9813 162.603 -13 3249 1 0 1
3.38184 -0.0681377 12500 -0.637819 -0.00872108 27.9927 162.609 -13 3250 1 0 1
15.8506 25.2627 12500 -0.756622 0.393391 27.987 162.62 -13 3251 1 0 1
29.9428 -5.04318 12500 -0.918673 -0.112146 27.9847 162.597 -13 3252 1 0 1
25.7797 8.75193 12500 -0.85667 0.137985 27.9866 162.604 -13 3253 1 0 1
14.9688 33.4788 12500 -0.749702 0.526934 27.985 162.633 -13 3254 1 0 1
16.6525 -13.2274 12500 -0.767722 -0.240258 27.9884 162.611 -13 3255 1 0 1
2.98858 26.2395 12500 -0.616924 0.44917 27.9896 162.637 -13 3256 1 0 1
-8.76898 6.43377 12500 -0.507475 0.0727813 27.9953 162.623 -13 3257 1 0 1
2.02908 -22.4962 12500 -0.608438 -0.382392 27.9908 162.63 -13 3258 1 0 1
5.65765 -44.6001 12500 -0.614591 -0.702827 27.9844 162.672 -13 3259 1 0 1
-14.0709 -20.3166 12500 -0.446505 -0.311248 27.9947 162.632 -13 3260 1 0 1
43.6649 12.0438 12500 -1.05923 0.186027 27.9793 162.611 -13 3261 1 0 1
-13.4546 11.1887 12500 -0.455171 0.176019 27.9957 162.63 -13 3262 1 0 1
3.06561 -3.9755 12500 -0.610705 -0.0815407 27.9932 162.622 -13 3263 1 0 1
27.899 96.3615 12500 -0.951614 1.31186 27.9531 162.876 -13 3264 1 0 1
-0.118894 0.87449 12500 -0.604374 0.00977971 27.9935 162.611 -13 3265 1 0 1
2.20731 36.3737 12500 -0.596398 0.564321 27.988 162.648 -13 3266 1 0 1
8.97613 9.1169 12500 -0.701843 0.149604 27.9908 162.604 -13 3267 1 0 1
9.19292 5.38411 12500 -0.709054 0.0721886 27.9909 162.6 -13 3268 1 0 1
8.62341 20.1186 12500 -0.672694 0.318752 27.9901 162.621 -13 3269 1 0 1
23.7852 27.2584 12500 -0.82699 0.419199 27.9846 162.627 -13 3270 1 0 1
23.9012 13.0521 12500 -0.837695 0.24705 27.9864 162.613 -13 3271 1 0 1
1.76 -15.7228 12500 -0.622358 -0.265403 27.9918 162.616 -13 3272 1 0 1
36.5104 -14.6846 12500 -1.00496 -0.217055 27.9811 162.598 -13 3273 1 0 1
-4.30704 -46.8509 12500 -0.513022 -0.71727 27.9861 162.67 -13 3274 1 0 1
24.2689 14.2988 12500 -0.870759 0.205728 27.9857 162.595 -13 3275 1 0 1
-21.2461 9.37489 12500 -0.386736 0.139452 27.997 162.63 -13 3276 1 0 1
30.7332 9.51852 12500 -0.914847 0.158326 27.9846 162.604 -13 3277 1 0 1
-0.544639 -13.5037 12500 -0.593517 -0.242518 27.9927 162.622 -13 3278 1 0 1
-43.2316 -15.555 12500 -0.089713 -0.223626 27.999 162.65 -13 3279 1 0 1
-45.6271 -13.5587 12500 -0.0737187 -0.206008 27.9991 162.647 -13 3280 1 0 1
-6.94093 3.40305 12500 -0.530795 0.0762937 27.9949 162.62 -13 3281 1 0 1
9.33048 18.4481 12500 -0.698142 0.30465 27.9896 162.613 -13 3282 1 0 1
9.40605 11.6192 12500 -0.685203 0.199797 27.9909 162.616 -13 3283 1 0 1
22.2226 -8.68211 12500 -0.83907 -0.131807 27.9871 162.596 -13 3284 1 0 1
-3.57519 33.9785 12500 -0.533043 0.546543 27.9896 162.652 -13 3285 1 0 1
39.377 58.757 12500 -1.02379 0.83291 27.9689 162.709 -13 3286 1 0 1
35.644 32.0228 12500 -0.961888 0.456893 27.9797 162.631 -13 3287 1 0 1
-20.3559 -13.0373 12500 -0.379008 -0.191017 27.9968 162.637 -13 3288 1 0 1
8.22552 3.52421 12500 -0.681818 0.0739523 27.9916 162.609 -13 3289 1 0 1
5.53188 -26.3016 12500 -0.658816 -0.442776 27.9887 162.628 -13 3290 1 0 1
39.4032 11.0505 12500 -1.01263 0.158485 27.9812 162.605 -13 3291 1 0 1
35.707 72.8969 12500 -1.00836 1.01371 27.9635 162.756 -13 3292 1 0 1
9.12447 -33.8573 12500 -0.668473 -0.56142 27.9864 162.65 -13 3293 1 0 1
23.8201 -8.54733 12500 -0.840895 -0.133974 27.987 162.602 -13 3294 1 0 1
13.9933 34.4304 12500 -0.731947 0.507606 27.9858 162.631 -13 3295 1 0 1
3.39184 -26.8176 12500 -0.629466 -0.43089 27.9896 162.63 -13 3296 1 0 1
7.11066 -20.4287 12500 -0.679389 -0.320867 27.9899 162.612 -13 3297 1 0 1
21.8682 -10.3356 12500 -0.823864 -0.202346 27.9871 162.606 -13 3298 1 0 1
27.1213 52.7073 12500 -0.880894 0.788416 27.975 162.682 -13 3299 1 0 1
6.45071 29.7743 12500 -0.645265 0.474661 27.9885 162.638 -13 3300 1 0 1
-38.5355 -54.3127 12500 -0.0339091 -0.732362 27.9904 162.678 -13 3301 1 0 1
-9.76309 38.8355 12500 -0.471144 0.593065 27.9898 162.654 -13 3302 1 0 1
15.0693 21.056 12500 -0.740966 0.340129 27.9881 162.618 -13 3303 1 0 1
-8.40537 23.2341 12500 -0.505034 0.371629 27.993 162.633 -13 3304 1 0 1
10.6506 -16.4494 12500 -0.700828 -0.263961 27.99 162.615 -13 3305 1 0 1
23.5578 27.7957 12500 -0.834448 0.436788 27.9842 162.626 -13 3306 1 0 1
27.3369 26.8788 12500 -0.915013 0.401393 27.9822 162.607 -13 3307 1 0 1
22.1336 9.85365 12500 -0.83485 0.17109 27.987 162.6 -13 3308 1 0 1
-15.2702 -87.5051 12500 -0.187669 -1.2219 27.9727 162.763 -13 3309 1 0 1
29.2761 -28.7417 12500 -0.900311 -0.433301 27.9822 162.625 -13 3310 1 0 1
12.8981 19.3872 12500 -0.743179 0.287657 27.9887 162.604 -13 3311 1 0 1
20.7066 38.6555 12500 -0.814876 0.613348 27.9814 162.645 -13 3312 1 0 1
32.4735 -1.92028 12500 -0.927126 -0.00111946 27.9846 162.604 -13 3313 1 0 1
-21.1859 18.6965 12500 -0.379602 0.260553 27.9962 162.633 -13 3314 1 0 1
27.7276 -3.99768 12500 -0.890961 -0.0518682 27.9858 162.596 -13 3315 1 0 1
-16.8865 -81.5711 12500 -0.208316 -1.13762 27.9761 162.746 -13 3316 1 0 1
4.25658 4.39537 12500 -0.639147 0.0336987 27.9927 162.613 -13 3317 1 0 1
-9.35997 -10.5313 12500 -0.485819 -0.179465 27.9952 162.633 -13 3318 1 0 1
-1.05177 -1.1236 12500 -0.588526 -0.00692941 27.9938 162.615 -13 3319 1 0 1
16.8738 25.9275 12500 -0.764825 0.425954 27.9863 162.626 -13 3320 1 0 1
-10.2 -42.7579 12500 -0.445561 -0.695087 27.9878 162.674 -13 3321 1 0 1
3.55669 -20.9083 12500 -0.636906 -0.348976 27.9906 162.62 -13 3322 1 0 1
30.1854 23.396 12500 -0.903573 0.357925 27.9831 162.618 -13 3323 1 0 1
-11.6062 -36.5554 12500 -0.461658 -0.556152 27.9907 162.648 -13 3324 1 0 1
-7.86483 -4.63512 12500 -0.533455 -0.072431 27.9948 162.615 -13 3325 1 0 1
-19.8864 -46.0046 12500 -0.318478 -0.678096 27.99 162.675 -13 3326 1 0 1
35.6741 56.9625 12500 -0.985108 0.806506 27.971 162.693 -13 3327 1 0 1
-30.8552 -5.95649 12500 -0.262446 -0.0862757 27.9986 162.642 -13 3328 1 0 1
10.0524 -0.948501 12500 -0.720499 -0.0341071 27.9907 162.597 -13 3329 1 0 1
-38.1944 -56.5745 12500 0.00532517 -0.772498 27.9893 162.687 -13 3330 1 0 1
48.873 43.1572 12500 -1.15966 0.603004 27.9695 162.653 -13 3331 1 0 1
-14.9159 -11.9715 12500 -0.438609 -0.162336 27.9961 162.631 -13 3332 1 0 1
9.70303 42.8645 12500 -0.66828 0.704623 27.9832 162.671 -13 3333 1 0 1
-0.522267 -16.9432 12500 -0.586901 -0.284704 27.9924 162.624 -13 3334 1 0 1
22.6475 62.1244 12500 -0.833648 0.92222 27.9724 162.712 -13 3335 1 0 1
30.1185 38.0383 12500 -0.943112 0.589672 27.9779 162.638 -13 3336 1 0 1
1.08813 -34.7449 12500 -0.58511 -0.578059 27.9879 162.655 -13 3337 1 0 1
0.354514 4.84645 12500 -0.593162 0.0883143 27.9936 162.619 -13 3338 1 0 1
26.4752 14.4093 12500 -0.874933 0.223574 27.9854 162.604 -13 3339 1 0 1
-8.78373 -0.97215 12500 -0.516032 -0.0369373 27.9952 162.619 -13 3340 1 0 1
-8.82795 -18.1839 12500 -0.493986 -0.320902 27.9938 162.635 -13 3341 1 0 1
-6.53849 18.4997 12500 -0.529256 0.272571 27.9937 162.624 -13 3342 1 0 1
22.9114 1.12743 12500 -0.828523 0.0317641 27.9877 162.601 -13 3343 1 0 1
-6.22637 23.5895 12500 -0.532735 0.365881 27.9925 162.63 -13 3344 1 0 1
2.78395 -14.6084 12500 -0.626054 -0.235506 27.992 162.618 -13 3345 1 0 1
2.80485 39.7807 12500 -0.600442 0.645468 27.9861 162.661 -13 3346 1 0 1
-4.25477 47.0706 12500 -0.509782 0.746837 27.9854 162.677 -13 3347 1 0 1
17.5855 10.4537 12500 -0.783155 0.174532 27.9885 162.603 -13 3348 1 0 1
10.9406 -2.49499 12500 -0.723388 -0.0533368 27.9906 162.6 -13 3349 1 0 1
7.38714 21.8309 12500 -0.690286 0.360946 27.9892 162.613 -13 3350 1 0 1
37.7845 22.7311 12500 -1.00332 0.333843 27.98 162.612 -13 3351 1 0 1
2.02059 20.6125 12500 -0.600194 0.34406 27.9915 162.63 -13 3352 1 0 1
-4.15764 5.23401 12500 -0.570398 0.0999887 27.994 162.613 -13 3353 1 0 1
46.6594 9.94739 12500 -1.10711 0.133072 27.9778 162.603 -13 3354 1 0 1
-2.22344 21.9371 12500 -0.570351 0.354778 27.9919 162.627 -13 3355 1 0 1
8.62437 37.3343 12500 -0.692149 0.57743 27.9855 162.637 -13 3356 1 0 1
-11.0605 -47.9843 12500 -0.417057 -0.741978 27.9871 162.681 -13 3357 1 0 1
14.5515 62.5293 12500 -0.700456 0.925592 27.9759 162.712 -13 3358 1 0 1
17.5179 56.0312 12500 -0.736997 0.849257 27.9774 162.7 -13 3359 1 0 1
21.139 19.2633 12500 -0.791941 0.311968 27.9871 162.62 -13 3360 1 0 1
-33.5963 -68.1073 12500 -0.0365358 -0.920383 27.9848 162.699 -13 3361 1 0 1
16.9029 26.5179 12500 -0.75628 0.432295 27.9864 162.63 -13 3362 1 0 1
25.7036 81.4508 12500 -0.87293 1.14586 27.9629 162.791 -13 3363 1 0 1
32.7659 -19.0186 12500 -0.935722 -0.273089 27.983 162.609 -13 3364 1 0 1
-1.61533 51.7734 12500 -0.552515 0.789403 27.9834 162.676 -13 3365 1 0 1
-13.8712 -20.5656 12500 -0.455183 -0.340822 27.9942 162.632 -13 3366 1 0 1
-40.8648 -4.69821 12500 -0.131497 -0.0609381 27.9996 162.647 -13 3367 1 0 1
51.7142 -6.10175 12500 -1.18455 -0.0800587 27.9748 162.596 -13 3368 1 0 1
-0.604182 -13.5873 12500 -0.599028 -0.236208 27.9926 162.618 -13 3369 1 0 1
-8.85109 1.8511 12500 -0.502423 0.0283942 27.9955 162.624 -13 3370 1 0 1
5.33819 -29.1616 12500 -0.635601 -0.426071 27.9895 162.633 -13 3371 1 0 1
1.92785 -50.7623 12500 -0.573696 -0.768567 27.9836 162.678 -13 3372 1 0 1
-22.3255 -0.305214 12500 -0.349294 -0.0120537 27.9978 162.64 -13 3373 1 0 1
1.3384 8.30743 12500 -0.60718 0.151476 27.993 162.618 -13 3374 1 0 1
-37.6184 -13.6699 12500 -0.19553 -0.207939 27.9985 162.642 -13 3375 1 0 1
8.11481 -9.05713 12500 -0.672891 -0.178446 27.9913 162.616 -13 3376 1 0 1
30.5892 49.7938 12500 -0.944179 0.750445 27.974 162.672 -13 3377 1 0 1
8.67713 0.52759 12500 -0.697685 -0.00582366 27.9913 162.602 -13 3378 1 0 1
4.00724 -25.5935 12500 -0.6266 -0.409562 27.99 162.632 -13 3379 1 0 1
5.33882 16.6564 12500 -0.650663 0.289567 27.9909 162.618 -13 3380 1 0 1
26.8778 17.9673 12500 -0.886202 0.288923 27.9845 162.605 -13 3381 1 0 1
17.9497 -8.8909 12500 -0.782653 -0.139808 27.9887 162.603 -13 3382 1 0 1
16.6878 57.0112 12500 -0.745384 0.860276 27.9769 162.697 -13 3383 1 0 1
3.90283 46.7846 12500 -0.596165 0.719093 27.9844 162.671 -13 3384 1 0 1
48.8475 64.7196 12500 -1.17909 0.891681 27.9609 162.739 -13 3385 1 0 1
-19.439 -39.0586 12500 -0.342545 -0.59123 27.9917 162.666 -13 3386 1 0 1
-5.56101 4.36875 12500 -0.544421 0.0730577 27.9946 162.618 -13 3387 1 0 1
-9.3994 -10.6836 12500 -0.482997 -0.2082 27.9951 162.636 -13 3388 1 0 1
11.6037 -1.12644 12500 -0.728615 -0.0347117 27.9905 162.6 -13 3389 1 0 1
41.8047 0.867543 12500 -1.06217 0.0276551 27.9798 162.594 -13 3390 1 0 1
-19.7626 -18.285 12500 -0.396153 -0.269904 27.9959 162.631 -13 3391 1 0 1
-3.27149 10.106 12500 -0.574263 0.152162 27.9937 162.615 -13 3392 1 0 1
11.8886 21.1836 12500 -0.709418 0.326002 27.9891 162.618 -13 3393 1 0 1
41.6198 52.2648 12500 -1.05622 0.751536 27.97 162.689 -13 3394 1 0 1
-31.7024 -37.3456 12500 -0.225759 -0.55218 27.9936 162.657 -13 3395 1 0 1
-1.85294 13.8313 12500 -0.574249 0.219557 27.9932 162.623 -13 3396 1 0 1
-7.91463 -7.41205 12500 -0.528053 -0.129848 27.9947 162.618 -13 3397 1 0 1
18.2168 -39.3949 12500 -0.794227 -0.616093 27.982 162.64 -13 3398 1 0 1
15.9758 23.8901 12500 -0.771512 0.365433 27.987 162.612 -13 3399 1 0 1
15.9834 34.462 12500 -0.748436 0.557467 27.9844 162.643 -13 3400 1 0 1
-1.72429 -36.239 12500 -0.560398 -0.581642 27.9883 162.652 -13 3401 1 0 1
5.94404 33.7678 12500 -0.656505 0.53761 27.9871 162.637 -13 3402 1 0 1
-16.933 19.2546 12500 -0.415323 0.334296 27.9949 162.637 -13 3403 1 0 1
10.4513 18.8133 12500 -0.694383 0.285849 27.9899 162.617 -13 3404 1 0 1
42.8742 25.051 12500 -1.07566 0.380237 27.9767 162.618 -13 3405 1 0 1
-9.84347 -17.1033 12500 -0.488743 -0.264188 27.9945 162.63 -13 3406 1 0 1
28.0322 61.8927 12500 -0.89097 0.911117 27.971 162.718 -13 3407 1 0 1
-9.06878 -28.2277 12500 -0.492579 -0.418471 27.9925 162.638 -13 3408 1 0 1
-4.38181 31.7359 12500 -0.533596 0.514922 27.9902 162.646 -13 3409 1 0 1
22.8489 8.97897 12500 -0.837771 0.166676 27.987 162.602 -13 3410 1 0 1
-15.1942 -11.3559 12500 -0.443177 -0.172527 27.996 162.628 -13 3411 1 0 1
0.369485 -8.81931 12500 -0.601932 -0.167819 27.993 162.618 -13 3412 1 0 1
15.5737 58.9819 12500 -0.747679 0.897323 27.9756 162.702 -13 3413 1 0 1
-7.13737 -56.3494 12500 -0.465263 -0.824647 27.984 162.686 -13 3414 1 0 1
34.0118 26.9746 12500 -0.969944 0.431191 27.9799 162.623 -13 3415 1 0 1
1.84921 40.7287 12500 -0.589149 0.605883 27.9872 162.651 -13 3416 1 0 1
7.19039 36.9207 12500 -0.676033 0.605312 27.9853 162.645 -13 3417 1 0 1
-16.438 -115.299 12500 -0.20395 -1.58039 27.9546 162.805 -13 3418 1 0 1
15.9246 30.3677 12500 -0.753468 0.442007 27.9864 162.624 -13 3419 1 0 1
19.8582 53.8937 12500 -0.797005 0.79118 27.9775 162.674 -13 3420 1 0 1
-31.7456 -18.4373 12500 -0.235914 -0.292354 27.9975 162.649 -13 3421 1 0 1
13.4702 -1.44437 12500 -0.750693 0.00245334 27.9899 162.597 -13 3422 1 0 1
21.4982 21.5898 12500 -0.818997 0.33744 27.986 162.611 -13 3423 1 0 1
23.6629 -6.09218 12500 -0.858932 -0.1242 27.9865 162.594 -13 3424 1 0 1
-9.86627 -39.7382 12500 -0.448589 -0.634278 27.9892 162.669 -13 3425 1 0 1
16.5876 3.05451 12500 -0.776764 0.0804726 27.9891 162.599 -13 3426 1 0 1
-35.8702 -5.74156 12500 -0.202086 -0.0826256 27.9991 162.644 -13 3427 1 0 1
-16.7325 2.39785 12500 -0.438214 0.00751339 27.9966 162.623 -13 3428 1 0 1
20.4484 -3.63012 12500 -0.822962 -0.0589757 27.9878 162.593 -13 3429 1 0 1
29.8615 16.2505 12500 -0.918395 0.256587 27.9838 162.603 -13 3430 1 0 1
-24.6526 -16.984 12500 -0.333223 -0.272116 27.9967 162.64 -13 3431 1 0 1
16.6601 5.40688 12500 -0.771073 0.0951455 27.9892 162.602 -13 3432 1 0 1
27.8129 -11.6285 12500 -0.875887 -0.189848 27.9857 162.609 -13 3433 1 0 1
23.5358 -28.1609 12500 -0.834435 -0.445768 27.984 162.628 -13 3434 1 0 1
17.1721 -7.35057 12500 -0.766386 -0.106021 27.9893 162.606 -13 3435 1 0 1
14.5591 33.9149 12500 -0.749485 0.506773 27.9854 162.627 -13 3436 1 0 1
5.58531 7.1725 12500 -0.653583 0.10828 27.9922 162.612 -13 3437 1 0 1
-0.0487265 -45.1924 12500 -0.557547 -0.73208 27.9849 162.677 -13 3438 1 0 1
41.4133 47.66 12500 -1.07713 0.679887 27.971 162.663 -13 3439 1 0 1
-23.2767 -77.1117 12500 -0.109701 -1.07159 27.9793 162.731 -13 3440 1 0 1
-3.97229 43.4279 12500 -0.518125 0.671438 27.9872 162.665 -13 3441 1 0 1
1.5145 54.609 12500 -0.55661 0.851648 27.9815 162.698 -13 3442 1 0 1
7.48261 38.1883 12500 -0.648796 0.581571 27.9864 162.648 -13 3443 1 0 1
-18.6621 2.44277 12500 -0.421265 0.0425559 27.9968 162.623 -13 3444 1 0 1
9.3072 14.8997 12500 -0.694298 0.251582 27.9903 162.613 -13 3445 1 0 1
-8.24256 -10.6329 12500 -0.499684 -0.170486 27.995 162.63 -13 3446 1 0 1
24.2883 55.3233 12500 -0.85388 0.813923 27.9751 162.683 -13 3447 1 0 1
9.39647 126.065 12500 -2.63942 2.12296 27.7944 163.061 -13 3448 1 0 1
8.23098 62.8397 12500 -0.640286 0.940237 27.9769 162.709 -13 3449 1 0 1
0.651114 -3.45706 12500 -0.611549 -0.0645987 27.9932 162.612 -13 3450 1 0 1
1.51678 -11.3831 12500 -0.617997 -0.217101 27.9923 162.618 -13 3451 1 0 1
-16.658 5.37965 12500 -0.422634 0.0680074 27.9967 162.63 -13 3452 1 0 1
-14.0892 15.6805 12500 -0.469332 0.25062 27.9949 162.623 -13 3453 1 0 1
-1.60981 -35.261 12500 -0.575201 -0.540905 27.9889 162.64 -13 3454 1 0 1
4.29421 -14.5888 12500 -0.667366 -0.209211 27.9913 162.603 -13 3455 1 0 1
-4.93189 -22.5077 12500 -0.532755 -0.330368 27.993 162.632 -13 3456 1 0 1
17.7938 75.4137 12500 -0.751105 1.10522 27.9681 162.764 -13 3457 1 0 1
-29.488 13.0153 12500 -0.281224 0.200336 27.9979 162.642 -13 3458 1 0 1
13.6601 -2.28086 12500 -0.74276 -0.052335 27.9901 162.602 -13 3459 1 0 1
21.7196 86.8381 12500 -0.835092 1.24386 27.9599 162.826 -13 3460 1 0 1
-3.72506 31.7878 12500 -0.542988 0.480139 27.9906 162.64 -13 3461 1 0 1
-4.20419 -5.70525 12500 -0.551623 -0.066883 27.9945 162.62 -13 3462 1 0 1
12.9623 9.19864 12500 -0.725157 0.154771 27.9902 162.61 -13 3463 1 0 1
16.3466 12.6939 12500 -0.754644 0.209175 27.989 162.613 -13 3464 1 0 1
-22.9631 -4.55445 12500 -0.378279 -0.0669148 27.9974 162.626 -13 3465 1 0 1
-6.99179 -42.5371 12500 -0.499971 -0.647942 27.988 162.657 -13 3466 1 0 1
-1.23099 -29.1865 12500 -0.576902 -0.456958 27.9903 162.636 -13 3467 1 0 1
31.2584 -5.86651 12500 -0.926796 -0.10987 27.9844 162.6 -13 3468 1 0 1
-6.01849 -14.4946 12500 -0.534905 -0.231809 27.9939 162.625 -13 3469 1 0 1
-9.69915 1.28213 12500 -0.519709 0.0169577 27.9952 162.614 -13 3470 1 0 1
9.46806 5.10007 12500 -0.699196 0.0878087 27.9911 162.606 -13 3471 1 0 1
40.2755 64.2 12500 -1.05438 0.917097 27.9651 162.739 -13 3472 1 0 1
36.2515 4.84923 12500 -0.98405 0.0691841 27.9826 162.598 -13 3473 1 0 1
-12.1883 -45.5035 12500 -0.412196 -0.708944 27.988 162.676 -13 3474 1 0 1
-15.2491 -19.2754 12500 -0.434724 -0.270015 27.9953 162.631 -13 3475 1 0 1
-27.0003 -54.2824 12500 -0.224118 -0.778665 27.9883 162.679 -13 3476 1 0 1
29.7781 36.3515 12500 -0.901256 0.561007 27.9799 162.644 -13 3477 1 0 1
-10.8407 -21.4339 12500 -0.479375 -0.334215 27.9939 162.632 -13 3478 1 0 1
-35.1857 -31.7601 12500 -0.178829 -0.489665 27.9951 162.658 -13 3479 1 0 1
-17.4806 -23.0356 12500 -0.401011 -0.360618 27.9948 162.641 -13 3480 1 0 1
6.67236 14.0319 12500 -0.678231 0.232648 27.9908 162.61 -13 3481 1 0 1
7.89339 19.5661 12500 -0.671491 0.310226 27.9902 162.619 -13 3482 1 0 1
-2.34699 -56.4124 12500 -0.525468 -0.850492 27.9821 162.691 -13 3483 1 0 1
-1.61716 47.6119 12500 -0.54408 0.728467 27.9852 162.67 -13 3484 1 0 1
16.3822 22.7774 12500 -0.745962 0.347943 27.9879 162.622 -13 3485 1 0 1
10.4836 -31.8855 12500 -0.686876 -0.498544 27.9871 162.637 -13 3486 1 0 1
14.0797 28.866 12500 -0.737047 0.462903 27.9865 162.629 -13 3487 1 0 1
49.326 46.0148 12500 -1.16497 0.67295 27.9677 162.679 -13 3488 1 0 1
-20.872 -36.6072 12500 -0.336123 -0.582413 27.9919 162.664 -13 3489 1 0 1
12.5352 22.1711 12500 -0.728319 0.338779 27.9885 162.614 -13 3490 1 0 1
-12.3847 -48.341 12500 -0.4031 -0.749403 27.9871 162.681 -13 3491 1 0 1
41.5203 51.2723 12500 -1.06012 0.751815 27.9698 162.69 -13 3492 1 0 1
-31.7856 -24.9932 12500 -0.251714 -0.358139 27.9966 162.645 -13 3493 1 0 1
-9.49308 -51.7752 12500 -0.437011 -0.795515 27.9853 162.685 -13 3494 1 0 1
36.0507 -9.26808 12500 -0.985936 -0.152405 27.9822 162.6 -13 3495 1 0 1
25.7388 -9.41156 12500 -0.887552 -0.147179 27.9855 162.592 -13 3496 1 0 1
-0.115578 4.7831 12500 -0.598857 0.104716 27.9934 162.616 -13 3497 1 0 1
17.5999 -44.2716 12500 -0.762482 -0.68677 27.9812 162.661 -13 3498 1 0 1
2.01103 7.69423 12500 -0.630496 0.126072 27.9926 162.609 -13 3499 1 0 1
22.5 2.72751 12500 -0.840956 0.0408252 27.9873 162.594 -13 3500 1 0 1
-37.084 -24.2828 12500 -0.183076 -0.341453 27.9973 162.646 -13 3501 1 0 1
7.7707 -30.5514 12500 -0.673131 -0.458097 27.9882 162.627 -13 3502 1 0 1
8.79428 0.455216 12500 -0.701827 -0.00137795 27.9912 162.601 -13 3503 1 0 1
12.7117 -68.4897 12500 -0.689371 -1.02672 27.9727 162.734 -13 3504 1 0 1
16.4167 16.5263 12500 -0.767057 0.274885 27.9881 162.609 -13 3505 1 0 1
32.232 -16.5453 12500 -0.943282 -0.251378 27.983 162.603 -13 3506 1 0 1
17.8527 5.87595 12500 -0.779308 0.0721122 27.9891 162.602 -13 3507 1 0 1
27.8725 8.12331 12500 -0.892366 0.139399 27.9854 162.599 -13 3508 1 0 1
-21.1733 -33.1087 12500 -0.350561 -0.507827 27.9932 162.652 -13 3509 1 0 1
9.23107 65.3952 12500 -0.66171 0.992963 27.9746 162.721 -13 3510 1 0 1
19.5493 83.6044 12500 -0.79051 1.21034 27.9627 162.808 -13 3511 1 0 1
19.3442 0.635251 12500 -0.80085 -0.00336634 27.9885 162.598 -13 3512 1 0 1
8.33671 -23.3345 12500 -0.686479 -0.348239 27.9894 162.617 -13 3513 1 0 1
39.5898 46.5196 12500 -1.04272 0.687144 27.9721 162.669 -13 3514 1 0 1
4.79092 -26.1014 12500 -0.653566 -0.409171 27.9894 162.623 -13 3515 1 0 1
-10.5102 -13.4698 12500 -0.485512 -0.249656 27.9947 162.632 -13 3516 1 0 1
19.1016 16.8034 12500 -0.813166 0.231733 27.9872 162.596 -13 3517 1 0 1
-16.1165 -77.1853 12500 -0.2499 -1.10159 27.9772 162.736 -13 3518 1 0 1
8.97905 -32.6195 12500 -0.681044 -0.503999 27.9872 162.633 -13 3519 1 0 1
25.8657 13.3942 12500 -0.884035 0.213796 27.9852 162.598 -13 3520 1 0 1
-23.7983 -43.3862 12500 -0.297924 -0.631935 27.9913 162.664 -13 3521 1 0 1
-11.7578 20.055 12500 -0.47802 0.323836 27.994 162.629 -13 3522 1 0 1
-24.4246 20.6771 12500 -0.334155 0.308768 27.9963 162.64 -13 3523 1 0 1
12.1838 -15.7163 12500 -0.731334 -0.238428 27.9894 162.605 -13 3524 1 0 1
-8.11991 23.7272 12500 -0.498209 0.398898 27.9927 162.639 -13 3525 1 0 1
-5.87339 25.1054 12500 -0.512679 0.386003 27.9926 162.64 -13 3526 1 0 1
-6.21872 -4.71717 12500 -0.54229 -0.11671 27.9945 162.619 -13 3527 1 0 1
-9.07417 -5.7243 12500 -0.502081 -0.0521674 27.9954 162.624 -13 3528 1 0 1
17.0711 -23.4115 12500 -0.779875 -0.375093 27.9866 162.614 -13 3529 1 0 1
4.87305 -28.9532 12500 -0.650078 -0.47583 27.9884 162.631 -13 3530 1 0 1
18.7353 -16.0802 12500 -0.804495 -0.235705 27.9874 162.599 -13 3531 1 0 1
-27.2783 -6.28469 12500 -0.317596 -0.0780504 27.9981 162.635 -13 3532 1 0 1
10.6 13.4617 12500 -0.716345 0.20136 27.9901 162.606 -13 3533 1 0 1
32.5195 50.449 12500 -0.962957 0.784115 27.9724 162.69 -13 3534 1 0 1
-24.8376 -3.62807 12500 -0.338151 -0.0656169 27.9979 162.636 -13 3535 1 0 1
-2.76103 9.78935 12500 -0.562805 0.147611 27.994 162.622 -13 3536 1 0 1
0.588818 -20.2033 12500 -0.594615 -0.330473 27.9917 162.626 -13 3537 1 0 1
-13.6145 -28.8761 12500 -0.418433 -0.463807 27.993 162.656 -13 3538 1 0 1
-9.90572 28.7307 12500 -0.470821 0.474973 27.992 162.649 -13 3539 1 0 1
-17.8743 -21.1931 12500 -0.400704 -0.290975 27.9956 162.637 -13 3540 1 0 1
39.985 35.6776 12500 -1.04463 0.505696 27.9759 162.63 -13 3541 1 0 1
5.9727 3.92439 12500 -0.675199 0.0698386 27.9918 162.603 -13 3542 1 0 1
6.71085 -18.2114 12500 -0.662703 -0.290537 27.9906 162.617 -13 3543 1 0 1
5.30081 -16.7162 12500 -0.660193 -0.252842 27.9911 162.611 -13 3544 1 0 1
1.87167 -31.6653 12500 -0.576962 -0.516188 27.9893 162.654 -13 3545 1 0 1
0.690866 -9.51337 12500 -0.612276 -0.167449 27.9928 162.614 -13 3546 1 0 1
46.2756 28.3363 12500 -1.10347 0.409571 27.9752 162.628 -13 3547 1 0 1
22.3802 9.90704 12500 -0.828405 0.186116 27.9871 162.605 -13 3548 1 0 1
7.70743 -16.3017 12500 -0.67257 -0.286307 27.9905 162.618 -13 3549 1 0 1
27.5694 48.2684 12500 -0.888054 0.73093 27.9764 162.67 -13 3550 1 0 1
-0.225352 25.9955 12500 -0.57992 0.392711 27.9912 162.634 -13 3551 1 0 1
-10.7028 48.1345 12500 -0.428509 0.743781 27.9868 162.677 -13 3552 1 0 1
15.716 -24.1703 12500 -0.764323 -0.367455 27.9872 162.614 -13 3553 1 0 1
9.13663 32.3492 12500 -0.688991 0.508671 27.9869 162.632 -13 3554 1 0 1
-5.88372 1.31127 12500 -0.539116 0.0174783 27.9948 162.619 -13 3555 1 0 1
23.7548 12.7664 12500 -0.859813 0.207541 27.986 162.598 -13 3556 1 0 1
2.20646 7.99332 12500 -0.626267 0.142076 27.9926 162.612 -13 3557 1 0 1
27.047 25.0422 12500 -0.883121 0.392679 27.9833 162.617 -13 3558 1 0 1
10.5806 52.3954 12500 -0.668836 0.825302 27.9798 162.691 -13 3559 1 0 1
31.1978 -5.51293 12500 -0.927677 -0.0891862 27.9845 162.598 -13 3560 1 0 1
-7.81035 -18.9409 12500 -0.503551 -0.305105 27.9938 162.633 -13 3561 1 0 1
12.3956 31.8942 12500 -0.713944 0.485346 27.9867 162.63 -13 3562 1 0 1
-10.2852 -49.2073 12500 -0.422904 -0.730816 27.9873 162.679 -13 3563 1 0 1
6.59507 -27.1436 12500 -0.662403 -0.43759 27.9887 162.629 -13 3564 1 0 1
24.9903 37.3591 12500 -0.868436 0.597047 27.9802 162.644 -13 3565 1 0 1
21.155 23.4443 12500 -0.805773 0.354176 27.9862 162.617 -13 3566 1 0 1
10.0504 -40.8697 12500 -0.687309 -0.638664 27.9843 162.651 -13 3567 1 0 1
-15.3948 -58.9694 12500 -0.332937 -0.900128 27.9835 162.707 -13 3568 1 0 1
19.797 19.8873 12500 -0.793888 0.299253 27.9871 162.611 -13 3569 1 0 1
5.194 41.2353 12500 -0.620737 0.688058 27.9847 162.67 -13 3570 1 0 1
23.3908 27.0568 12500 -0.823733 0.432134 27.9845 162.629 -13 3571 1 0 1
-16.3701 -52.7564 12500 -0.352814 -0.803699 27.9862 162.685 -13 3572 1 0 1
21.3039 -26.1498 12500 -0.814554 -0.418972 27.985 162.623 -13 3573 1 0 1
-12.7768 -59.5187 12500 -0.373732 -0.882474 27.9836 162.701 -13 3574 1 0 1
-19.5384 10.7184 12500 -0.405553 0.159555 27.9966 162.628 -13 3575 1 0 1
-9.41975 17.8231 12500 -0.49687 0.27765 27.9942 162.628 -13 3576 1 0 1
30.688 -22.892 12500 -0.906247 -0.337018 27.9833 162.618 -13 3577 1 0 1
13.7691 41.8451 12500 -0.724423 0.642573 27.9833 162.651 -13 3578 1 0 1
39.7001 19.2153 12500 -1.02658 0.296146 27.9796 162.61 -13 3579 1 0 1
28.602 66.0482 12500 -0.881121 0.931015 27.9706 162.72 -13 3580 1 0 1
-9.31344 -9.76139 12500 -0.497745 -0.138248 27.9952 162.626 -13 3581 1 0 1
-10.2962 27.2179 12500 -0.496915 0.418151 27.9925 162.634 -13 3582 1 0 1
-0.771379 -37.0168 12500 -0.574164 -0.592488 27.9878 162.651 -13 3583 1 0 1
-3.58162 16.4727 12500 -0.564628 0.263048 27.9931 162.621 -13 3584 1 0 1
13.151 -63.641 12500 -0.677901 -0.941383 27.976 162.718 -13 3585 1 0 1
-10.008 -48.9006 12500 -0.439746 -0.777305 27.9858 162.681 -13 3586 1 0 1
4.55604 -24.7256 12500 -0.619131 -0.433373 27.9898 162.642 -13 3587 1 0 1
-1.0156 1.70486 12500 -0.603942 0.0397283 27.9935 162.609 -13 3588 1 0 1
24.7727 37.0833 12500 -0.838698 0.584008 27.9813 162.649 -13 3589 1 0 1
-6.16427 26.5009 12500 -0.510191 0.418868 27.9922 162.643 -13 3590 1 0 1
31.3722 -7.46828 12500 -0.926611 -0.0996003 27.9845 162.599 -13 3591 1 0 1
4.18571 16.561 12500 -0.653723 0.279099 27.991 162.612 -13 3592 1 0 1
-27.8297 -13.8367 12500 -0.316327 -0.208365 27.9974 162.635 -13 3593 1 0 1
21.2252 -46.4937 12500 -0.817826 -0.718614 27.9788 162.662 -13 3594 1 0 1
40.8445 -31.9064 12500 -1.04154 -0.459954 27.9768 162.631 -13 3595 1 0 1
-24.076 20.1981 12500 -0.34315 0.331551 27.9959 162.639 -13 3596 1 0 1
29.0057 18.9179 12500 -0.914379 0.289475 27.9836 162.602 -13 3597 1 0 1
-138.944 169.803 12500 -11.6828 2.63315 25.3096 163.877 -13 3598 1 0 1
-24.0702 6.1673 12500 -0.357145 0.0972655 27.9976 162.631 -13 3599 1 0 1
23.4181 4.81647 12500 -0.853229 0.055819 27.9869 162.593 -13 3600 1 0 1
-7.77704 -6.69362 12500 -0.526894 -0.0918277 27.9949 162.618 -13 3601 1 0 1
-4.23331 -18.0022 12500 -0.543249 -0.299139 27.9931 162.63 -13 3602 1 0 1
6.74993 -106.229 12500 -0.52871 -1.47985 27.9559 162.889 -13 3603 1 0 1
28.0291 10.5391 12500 -0.898307 0.159603 27.9851 162.598 -13 3604 1 0 1
13.1373 9.20495 12500 -0.735867 0.156773 27.9899 162.605 -13 3605 1 0 1
25.6383 9.7489 12500 -0.872765 0.145927 27.986 162.597 -13 3606 1 0 1
-32.9624 -21.6149 12500 -0.217431 -0.34038 27.9971 162.651 -13 3607 1 0 1
11.2324 24.966 12500 -0.712198 0.397125 27.9881 162.622 -13 3608 1 0 1
39.8178 117.866 12500 -1.85284 1.63264 27.8909 163.011 -13 3609 1 0 1
-9.15008 -16.4692 12500 -0.517886 -0.271138 27.9939 162.621 -13 3610 1 0 1
43.1494 21.5018 12500 -1.07643 0.313514 27.9775 162.609 -13 3611 1 0 1
8.19632 26.6866 12500 -0.682002 0.405101 27.9888 162.623 -13 3612 1 0 1
-7.53432 -36.7784 12500 -0.47529 -0.552817 27.9905 162.659 -13 3613 1 0 1
9.25825 10.9897 12500 -0.690492 0.162225 27.991 162.611 -13 3614 1 0 1
-11.0828 -0.809706 12500 -0.490521 -0.0366878 27.9957 162.621 -13 3615 1 0 1
11.1159 8.28321 12500 -0.720906 0.148804 27.9903 162.604 -13 3616 1 0 1
12.7463 -0.600126 12500 -0.744416 -0.0143595 27.9901 162.597 -13 3617 1 0 1
-16.0436 36.4949 12500 -0.399195 0.548832 27.9918 162.655 -13 3618 1 0 1
46.7779 14.0114 12500 -1.11879 0.214454 27.9768 162.605 -13 3619 1 0 1
26.9906 -15.3064 12500 -0.884621 -0.208545 27.9852 162.6 -13 3620 1 0 1
10.4942 -3.29611 12500 -0.720336 -0.0658538 27.9907 162.6 -13 3621 1 0 1
13.6333 34.4321 12500 -0.730773 0.531299 27.9854 162.634 -13 3622 1 0 1
22.7194 12.346 12500 -0.842112 0.195128 27.9867 162.6 -13 3623 1 0 1
-11.9781 -13.5491 12500 -0.46801 -0.184954 27.9955 162.63 -13 3624 1 0 1
10.62 -16.5285 12500 -0.711142 -0.27319 27.9896 162.611 -13 3625 1 0 1
-3.02495 -40.5951 12500 -0.537831 -0.625532 27.9878 162.657 -13 3626 1 0 1
15.9232 -6.87709 12500 -0.773875 -0.125656 27.989 162.599 -13 3627 1 0 1
-23.1791 0.198086 12500 -0.359201 0.0456338 27.9977 162.633 -13 3628 1 0 1
-6.6064 -22.7322 12500 -0.519318 -0.353659 27.9929 162.633 -13 3629 1 0 1
24.4722 16.0856 12500 -0.856164 0.255036 27.9857 162.604 -13 3630 1 0 1
-16.1177 -8.31476 12500 -0.444875 -0.127047 27.9962 162.623 -13 3631 1 0 1
54.1086 1.13744 12500 -1.18862 -0.0160011 27.9748 162.607 -13 3632 1 0 1
-11.292 -32.8083 12500 -0.456381 -0.526394 27.9913 162.651 -13 3633 1 0 1
-31.973 -45.0261 12500 -0.170625 -0.650589 27.9919 162.673 -13 3634 1 0 1
7.45201 36.5529 12500 -0.665008 0.578962 27.9861 162.644 -13 3635 1 0 1
14.2184 -3.79572 12500 -0.763367 -0.0668446 27.9895 162.595 -13 3636 1 0 1
26.7522 49.9337 12500 -0.872727 0.731487 27.9768 162.667 -13 3637 1 0 1
-10.0475 -11.7894 12500 -0.489849 -0.163939 27.9952 162.627 -13 3638 1 0 1
-17.1525 -31.5232 12500 -0.383104 -0.477626 27.9933 162.654 -13 3639 1 0 1
-16.8152 21.0482 12500 -0.402414 0.347819 27.9949 162.642 -13 3640 1 0 1
28.2861 13.3062 12500 -0.909586 0.237801 27.9842 162.602 -13 3641 1 0 1
26.6182 -11.0466 12500 -0.875449 -0.192709 27.9856 162.604 -13 3642 1 0 1
7.62061 9.01628 12500 -0.682535 0.146144 27.9913 162.607 -13 3643 1 0 1
1.52335 -15.7333 12500 -0.595093 -0.268444 27.9924 162.628 -13 3644 1 0 1
22.4149 26.8891 12500 -0.823649 0.421682 27.9847 162.623 -13 3645 1 0 1
-0.365686 34.8165 12500 -0.58935 0.551307 27.9884 162.642 -13 3646 1 0 1
-3.20996 -27.1379 12500 -0.560549 -0.424288 27.9912 162.634 -13 3647 1 0 1
-1.66395 -53.1746 12500 -0.543601 -0.831521 27.9824 162.686 -13 3648 1 0 1
-2.0055 0.509818 12500 -0.576662 -0.0142591 27.9941 162.617 -13 3649 1 0 1
1.20162 0.825582 12500 -0.605365 -0.0164929 27.9935 162.617 -13 3650 1 0 1
-28.9288 -23.6382 12500 -0.258716 -0.340221 27.9967 162.652 -13 3651 1 0 1
11.3514 15.8011 12500 -0.705629 0.245497 27.99 162.614 -13 3652 1 0 1
14.746 -62.7986 12500 -0.729817 -0.94515 27.9745 162.712 -13 3653 1 0 1
11.1829 27.843 12500 -0.7144 0.435372 27.9875 162.624 -13 3654 1 0 1
-27.0969 7.07626 12500 -0.315967 0.104356 27.998 162.636 -13 3655 1 0 1
12.9624 7.38143 12500 -0.746426 0.119032 27.9898 162.599 -13 3656 1 0 1
20.2298 30.8769 12500 -0.797971 0.503806 27.9841 162.635 -13 3657 1 0 1
21.056 -10.4713 12500 -0.821985 -0.165554 27.9874 162.6 -13 3658 1 0 1
42.6747 46.4165 12500 -1.06987 0.683752 27.9712 162.676 -13 3659 1 0 1
-8.08602 53.289 12500 -0.462941 0.788261 27.9851 162.68 -13 3660 1 0 1
-6.91457 -4.85024 12500 -0.555935 -0.0918559 27.9943 162.609 -13 3661 1 0 1
-3.57089 3.08033 12500 -0.581157 0.0431984 27.9939 162.609 -13 3662 1 0 1
4.9704 -23.347 12500 -0.657285 -0.370215 27.9898 162.618 -13 3663 1 0 1
18.5194 42.3457 12500 -0.796748 0.655426 27.981 162.647 -13 3664 1 0 1
39.7346 33.2238 12500 -1.03583 0.491958 27.9765 162.632 -13 3665 1 0 1
21.7616 8.87861 12500 -0.824751 0.15736 27.9874 162.602 -13 3666 1 0 1
2.18349 1.89464 12500 -0.608797 0.020454 27.9934 162.618 -13 3667 1 0 1
23.1232 -12.2163 12500 -0.850106 -0.207228 27.9863 162.6 -13 3668 1 0 1
24.7228 44.4522 12500 -0.844848 0.708952 27.9783 162.672 -13 3669 1 0 1
48.9497 41.2167 12500 -1.17327 0.614382 27.9687 162.66 -13 3670 1 0 1
5.49816 3.44752 12500 -0.654461 0.04596 27.9923 162.61 -13 3671 1 0 1
-1.00073 12.2007 12500 -0.595499 0.171332 27.9931 162.615 -13 3672 1 0 1
-16.022 30.2309 12500 -0.393192 0.462654 27.9934 162.653 -13 3673 1 0 1
9.43172 47.682 12500 -0.660124 0.733758 27.9826 162.671 -13 3674 1 0 1
-15.4277 -47.1578 12500 -0.363404 -0.700581 27.9889 162.678 -13 3675 1 0 1
-5.98791 -8.20433 12500 -0.553603 -0.10705 27.9943 162.613 -13 3676 1 0 1
-2.00312 -28.8276 12500 -0.564627 -0.455456 27.9906 162.639 -13 3677 1 0 1
4.85226 -36.207 12500 -0.641595 -0.582477 27.9866 162.644 -13 3678 1 0 1
3.23123 4.08595 12500 -0.632543 0.0853238 27.9927 162.612 -13 3679 1 0 1
34.8427 65.1442 12500 -0.995308 0.900054 27.9678 162.712 -13 3680 1 0 1
44.7296 54.2161 12500 -1.09942 0.765389 27.9679 162.693 -13 3681 1 0 1
2.00189 34.7117 12500 -0.576793 0.557156 27.9885 162.656 -13 3682 1 0 1
0.114241 1.37653 12500 -0.586809 0.00562123 27.9938 162.621 -13 3683 1 0 1
-30.5715 -42.5277 12500 -0.205513 -0.609514 27.9926 162.667 -13 3684 1 0 1
24.1799 10.5654 12500 -0.857405 0.170621 27.9863 162.598 -13 3685 1 0 1
-0.491077 -20.2439 12500 -0.585255 -0.332186 27.9919 162.627 -13 3686 1 0 1
9.15133 24.5704 12500 -0.692923 0.409315 27.9884 162.624 -13 3687 1 0 1
14.9075 3.95207 12500 -0.758313 0.0849108 27.9896 162.601 -13 3688 1 0 1
20.1807 -2.56671 12500 -0.808632 -0.0575076 27.9883 162.599 -13 3689 1 0 1
3.37819 14.5526 12500 -0.638453 0.252665 27.9916 162.616 -13 3690 1 0 1
17.9432 30.8212 12500 -0.765219 0.486393 27.9853 162.634 -13 3691 1 0 1
-0.480546 20.7222 12500 -0.59289 0.338288 27.9917 162.623 -13 3692 1 0 1
-0.0838651 32.5771 12500 -0.595928 0.504314 27.9891 162.634 -13 3693 1 0 1
-17.6871 -58.9608 12500 -0.303843 -0.878162 27.9846 162.703 -13 3694 1 0 1
6.89752 -41.8297 12500 -0.650779 -0.642723 27.9851 162.652 -13 3695 1 0 1
23.3814 -16.0542 12500 -0.863863 -0.248836 27.9856 162.595 -13 3696 1 0 1
-14.0033 29.9215 12500 -0.414751 0.470423 27.993 162.654 -13 3697 1 0 1
-3.90638 -8.0026 12500 -0.572408 -0.133961 27.9938 162.613 -13 3698 1 0 1
13.617 -21.8568 12500 -0.736246 -0.378968 27.9878 162.62 -13 3699 1 0 1
-14.6178 -30.2068 12500 -0.436458 -0.467871 27.9927 162.643 -13 3700 1 0 1
18.1081 -9.48376 12500 -0.784622 -0.134416 27.9887 162.603 -13 3701 1 0 1
11.554 -19.1963 12500 -0.717026 -0.342345 27.9887 162.618 -13 3702 1 0 1
12.0351 7.61838 12500 -0.72658 0.11563 27.9903 162.604 -13 3703 1 0 1
-13.8244 -2.7423 12500 -0.464806 -0.0252987 27.9961 162.622 -13 3704 1 0 1
33.8097 53.7135 12500 -0.977747 0.789883 27.9718 162.686 -13 3705 1 0 1
0.533629 -32.0858 12500 -0.606583 -0.530733 27.9884 162.637 -13 3706 1 0 1
49.353 31.311 12500 -1.15257 0.467915 27.9724 162.638 -13 3707 1 0 1
-31.0811 11.8867 12500 -0.270374 0.167134 27.9982 162.64 -13 3708 1 0 1
16.8379 -12.48 12500 -0.780913 -0.193342 27.9884 162.602 -13 3709 1 0 1
15.9711 14.4721 12500 -0.770397 0.22984 27.9885 162.605 -13 3710 1 0 1
7.49527 -13.2445 12500 -0.675148 -0.210001 27.9911 162.613 -13 3711 1 0 1
8.23409 66.9141 12500 -0.63851 0.976275 27.9757 162.713 -13 3712 1 0 1
35.2248 1.43617 12500 -0.985883 0.0299157 27.9826 162.593 -13 3713 1 0 1
-25.7961 -28.1847 12500 -0.294603 -0.445915 27.9949 162.656 -13 3714 1 0 1
10.9272 5.35187 12500 -0.708103 0.116291 27.9908 162.609 -13 3715 1 0 1
-22.2022 -43.5941 12500 -0.310412 -0.637646 27.991 162.666 -13 3716 1 0 1
17.5006 11.6385 12500 -0.786629 0.155532 27.9885 162.6 -13 3717 1 0 1
-5.43696 -24.2516 12500 -0.510737 -0.406297 27.9924 162.646 -13 3718 1 0 1
16.6599 -6.89406 12500 -0.758854 -0.127275 27.9894 162.609 -13 3719 1 0 1
-23.002 -31.3563 12500 -0.321684 -0.465935 27.9943 162.656 -13 3720 1 0 1
10.8847 -17.2395 12500 -0.717175 -0.290238 27.9893 162.61 -13 3721 1 0 1
30.7624 30.1887 12500 -0.926056 0.48911 27.9804 162.633 -13 3722 1 0 1
29.7675 -18.484 12500 -0.904064 -0.29383 27.9839 162.611 -13 3723 1 0 1
23.35 19.2578 12500 -0.841305 0.316452 27.9856 162.61 -13 3724 1 0 1
26.7429 -31.1633 12500 -0.882528 -0.474608 27.9821 162.624 -13 3725 1 0 1
20.971 -35.2106 12500 -0.825203 -0.566495 27.9821 162.635 -13 3726 1 0 1
9.96766 5.84546 12500 -0.70498 0.0763749 27.991 162.605 -13 3727 1 0 1
11.5188 -42.4256 12500 -0.697115 -0.687931 27.9829 162.665 -13 3728 1 0 1
-16.7371 -3.93791 12500 -0.435047 -0.0468652 27.9966 162.624 -13 3729 1 0 1
-19.7318 40.8746 12500 -0.324771 0.602932 27.9916 162.669 -13 3730 1 0 1
-1.79625 -16.3364 12500 -0.574366 -0.275825 27.9927 162.624 -13 3731 1 0 1
8.5956 -0.909411 12500 -0.691789 -0.0461399 27.9914 162.605 -13 3732 1 0 1
3.82796 -17.2867 12500 -0.636887 -0.263455 27.9915 162.616 -13 3733 1 0 1
28.3787 3.37719 12500 -0.897513 0.0291122 27.9856 162.596 -13 3734 1 0 1
-50.3926 13.4425 12500 0.0117066 0.179411 27.9994 162.648 -13 3735 1 0 1
15.1425 12.6541 12500 -0.766026 0.206323 27.9888 162.603 -13 3736 1 0 1
-4.38359 -34.4545 12500 -0.543062 -0.541014 27.9895 162.643 -13 3737 1 0 1
11.1011 4.30683 12500 -0.699676 0.0733335 27.9912 162.612 -13 3738 1 0 1
-13.4452 -47.2066 12500 -0.4128 -0.716402 27.9878 162.669 -13 3739 1 0 1
11.7839 9.6161 12500 -0.715318 0.148543 27.9905 162.609 -13 3740 1 0 1
-24.3426 3.45664 12500 -0.348165 0.0379194 27.9978 162.634 -13 3741 1 0 1
-44.8277 -7.57976 12500 -0.0999815 -0.0810054 27.9997 162.642 -13 3742 1 0 1
-22.1792 -27.5584 12500 -0.344048 -0.415001 27.9948 162.65 -13 3743 1 0 1
13.1037 -17.6198 12500 -0.733411 -0.281414 27.989 162.61 -13 3744 1 0 1
13.7379 5.87859 12500 -0.756089 0.102081 27.9896 162.597 -13 3745 1 0 1
1.99918 -21.0364 12500 -0.618388 -0.376724 27.9906 162.627 -13 3746 1 0 1
5.25337 24.2372 12500 -0.649728 0.383578 27.9898 162.624 -13 3747 1 0 1
21.4856 -13.8501 12500 -0.831231 -0.217774 27.9868 162.6 -13 3748 1 0 1
16.2238 -7.82654 12500 -0.769407 -0.160964 27.989 162.604 -13 3749 1 0 1
-13.6793 2.04989 12500 -0.44922 0.0143121 27.9964 162.629 -13 3750 1 0 1
24.1402 10.0386 12500 -0.854457 0.173158 27.9864 162.6 -13 3751 1 0 1
25.0914 -6.96621 12500 -0.85255 -0.133605 27.9867 162.604 -13 3752 1 0 1
14.9143 -69.4761 12500 -0.720797 -1.0324 27.9717 162.736 -13 3753 1 0 1
20.0081 29.7129 12500 -0.790834 0.490445 27.9845 162.636 -13 3754 1 0 1
5.64671 23.7973 12500 -0.639945 0.382459 27.9901 162.63 -13 3755 1 0 1
6.19706 8.49913 12500 -0.660643 0.13361 27.9919 162.611 -13 3756 1 0 1
11.7109 0.752701 12500 -0.725907 0.0239935 27.9906 162.601 -13 3757 1 0 1
-13.6238 -96.1706 12500 -0.137482 -1.31482 27.9688 162.789 -13 3758 1 0 1
-18.591 -25.7682 12500 -0.394759 -0.372213 27.9947 162.64 -13 3759 1 0 1
7.09536 25.2843 12500 -0.646113 0.3983 27.9897 162.634 -13 3760 1 0 1
-9.86557 -10.3408 12500 -0.501192 -0.163864 27.995 162.623 -13 3761 1 0 1
17.7065 8.92648 12500 -0.776285 0.13622 27.9889 162.605 -13 3762 1 0 1
7.12998 0.53808 12500 -0.675225 -0.0198079 27.9919 162.607 -13 3763 1 0 1
-15.5389 3.00182 12500 -0.446738 0.0359314 27.9964 162.624 -13 3764 1 0 1
28.2266 -0.799491 12500 -0.914981 -0.0522492 27.985 162.589 -13 3765 1 0 1
24.9252 12.0011 12500 -0.849618 0.223988 27.9862 162.611 -13 3766 1 0 1
-0.82935 20.1776 12500 -0.581677 0.353931 27.9917 162.629 -13 3767 1 0 1
8.17965 33.774 12500 -0.675976 0.516872 27.9871 162.633 -13 3768 1 0 1
21.2137 -11.7493 12500 -0.82242 -0.210561 27.9871 162.604 -13 3769 1 0 1
7.51544 37.8333 12500 -0.664101 0.601328 27.9857 162.647 -13 3770 1 0 1
41.0834 28.6033 12500 -1.06749 0.427342 27.9764 162.619 -13 3771 1 0 1
18.6393 13.7493 12500 -0.818071 0.224128 27.9871 162.595 -13 3772 1 0 1
-2.41913 56.9801 12500 -0.521945 0.849933 27.9822 162.691 -13 3773 1 0 1
19.9339 20.696 12500 -0.807997 0.348653 27.9862 162.612 -13 3774 1 0 1
36.2952 26.3719 12500 -0.985848 0.415114 27.9796 162.624 -13 3775 1 0 1
30.9516 54.4318 12500 -0.931669 0.817832 27.9725 162.695 -13 3776 1 0 1
-0.173585 -16.87 12500 -0.60649 -0.276465 27.9921 162.616 -13 3777 1 0 1
13.6975 18.9651 12500 -0.742936 0.335654 27.9881 162.615 -13 3778 1 0 1
-26.5609 -28.1545 12500 -0.291048 -0.419461 27.9953 162.653 -13 3779 1 0 1
31.5245 18.7835 12500 -0.935659 0.293295 27.9828 162.606 -13 3780 1 0 1
5.59588 34.4225 12500 -0.642075 0.548692 27.9873 162.642 -13 3781 1 0 1
-7.03602 -6.87907 12500 -0.537882 -0.128149 27.9945 162.617 -13 3782 1 0 1
-24.7982 -73.8647 12500 -0.0903714 -1.00924 27.9817 162.726 -13 3783 1 0 1
-13.4688 -33.6122 12500 -0.441453 -0.542483 27.9913 162.65 -13 3784 1 0 1
-3.53098 48.2331 12500 -0.512902 0.722245 27.986 162.672 -13 3785 1 0 1
12.9518 31.3302 12500 -0.709288 0.502292 27.9865 162.639 -13 3786 1 0 1
-29.8113 -64.0848 12500 -0.127754 -0.881331 27.9858 162.695 -13 3787 1 0 1
25.0609 31.4903 12500 -0.85165 0.505675 27.9825 162.635 -13 3788 1 0 1
21.59 7.95427 12500 -0.811562 0.114912 27.988 162.604 -13 3789 1 0 1
6.18831 -23.7657 12500 -0.646656 -0.383056 27.9899 162.63 -13 3790 1 0 1
-18.6671 1.6106 12500 -0.410818 0.0331279 27.997 162.627 -13 3791 1 0 1
26.2848 21.534 12500 -0.870225 0.341685 27.9844 162.612 -13 3792 1 0 1
6.33136 34.6045 12500 -0.650454 0.552069 27.987 162.642 -13 3793 1 0 1
5.84429 -12.038 12500 -0.675062 -0.194267 27.9912 162.606 -13 3794 1 0 1
42.4012 47.19 12500 -1.08329 0.687885 27.9706 162.67 -13 3795 1 0 1
24.7609 34.853 12500 -0.855401 0.519824 27.9821 162.63 -13 3796 1 0 1
-7.09386 7.11953 12500 -0.543956 0.0984222 27.9945 162.614 -13 3797 1 0 1
-7.26898 -9.74622 12500 -0.525732 -0.168273 27.9946 162.623 -13 3798 1 0 1
64.469 27.6362 12500 -1.32614 0.370451 27.9661 162.635 -13 3799 1 0 1
27.4931 37.1985 12500 -0.892221 0.572325 27.9799 162.639 -13 3800 1 0 1
41.3212 16.1538 12500 -1.06569 0.259999 27.9785 162.603 -13 3801 1 0 1
-26.5112 -47.3164 12500 -0.230475 -0.687075 27.9906 162.678 -13 3802 1 0 1
0.538293 10.1729 12500 -0.605918 0.166751 27.9929 162.616 -13 3803 1 0 1
20.5086 33.1053 12500 -0.827225 0.527998 27.9828 162.627 -13 3804 1 0 1
25.1141 44.2765 12500 -0.878661 0.677306 27.978 162.652 -13 3805 1 0 1
19.984 -14.1196 12500 -0.814187 -0.214654 27.9873 162.601 -13 3806 1 0 1
-6.64631 -4.01066 12500 -0.518963 -0.06471 27.9951 162.626 -13 3807 1 0 1
17.299 9.15778 12500 -0.773969 0.183108 27.9887 162.608 -13 3808 1 0 1
33.908 -17.2609 12500 -0.963284 -0.289323 27.9819 162.608 -13 3809 1 0 1
19.4413 11.1993 12500 -0.789894 0.209369 27.9881 162.611 -13 3810 1 0 1
11.2974 24.821 12500 -0.690007 0.39832 27.9887 162.632 -13 3811 1 0 1
16.4701 69.6339 12500 -0.758478 1.06872 27.9693 162.754 -13 3812 1 0 1
26.1493 -14.2668 12500 -0.872843 -0.223106 27.9855 162.604 -13 3813 1 0 1
9.50117 -4.45869 12500 -0.698055 -0.0790678 27.9912 162.606 -13 3814 1 0 1
-11.2012 34.0898 12500 -0.467845 0.508753 27.9915 162.644 -13 3815 1 0 1
3.14457 28.4361 12500 -0.62006 0.429404 27.9898 162.631 -13 3816 1 0 1
25.4348 43.0115 12500 -0.850363 0.662011 27.9793 162.659 -13 3817 1 0 1
8.02677 0.38607 12500 -0.697705 0.0180267 27.9913 162.6 -13 3818 1 0 1
-8.04479 15.5643 12500 -0.524795 0.249358 27.994 162.621 -13 3819 1 0 1
22.3908 59.9055 12500 -0.826378 0.902753 27.9732 162.71 -13 3820 1 0 1
5.14571 -2.33677 12500 -0.669472 -0.0387983 27.992 162.602 -13 3821 1 0 1
-11.6693 -37.4082 12500 -0.457492 -0.575883 27.9903 162.651 -13 3822 1 0 1
13.9805 47.4641 12500 -0.70833 0.727064 27.9816 162.67 -13 3823 1 0 1
-8.09317 30.6973 12500 -0.499936 0.471101 27.9916 162.641 -13 3824 1 0 1
-3.71901 -14.5365 12500 -0.57921 -0.254043 27.9929 162.616 -13 3825 1 0 1
6.77747 -3.63965 12500 -0.668345 -0.0412809 27.992 162.609 -13 3826 1 0 1
-18.5929 -17.5279 12500 -0.405421 -0.297341 27.9955 162.634 -13 3827 1 0 1
17.7007 -42.6729 12500 -0.776637 -0.675337 27.9811 162.656 -13 3828 1 0 1
-18.5766 13.9517 12500 -0.399807 0.21456 27.9963 162.635 -13 3829 1 0 1
-11.977 9.06224 12500 -0.480061 0.163963 27.9954 162.625 -13 3830 1 0 1
0.599547 4.47561 12500 -0.61504 0.0497073 27.9932 162.61 -13 3831 1 0 1
9.82408 23.3192 12500 -0.692312 0.371713 27.989 162.622 -13 3832 1 0 1
31.814 72.9745 12500 -0.965493 1.05372 27.9635 162.77 -13 3833 1 0 1
35.8639 24.6885 12500 -0.990879 0.409714 27.9795 162.622 -13 3834 1 0 1
10.8556 -8.38753 12500 -0.73251 -0.138069 27.9901 162.597 -13 3835 1 0 1
3.81042 9.05741 12500 -0.646128 0.138011 27.9922 162.609 -13 3836 1 0 1
30.0672 69.501 12500 -0.918822 0.992528 27.9673 162.742 -13 3837 1 0 1
7.33399 11.6392 12500 -0.676443 0.188907 27.9912 162.611 -13 3838 1 0 1
12.0756 22.1676 12500 -0.72892 0.368258 27.9881 162.615 -13 3839 1 0 1
6.83353 -42.7864 12500 -0.646534 -0.689263 27.984 162.664 -13 3840 1 0 1
16.9984 -2.36943 12500 -0.785209 -0.0334876 27.989 162.596 -13 3841 1 0 1
-14.7578 -1.4863 12500 -0.44987 -0.0540868 27.9963 162.625 -13 3842 1 0 1
-25.3445 -44.0759 12500 -0.237349 -0.699542 27.9903 162.685 -13 3843 1 0 1
-0.810634 20.3891 12500 -0.582861 0.331725 27.992 162.626 -13 3844 1 0 1
25.6975 24.7617 12500 -0.85803 0.395754 27.9841 162.621 -13 3845 1 0 1
-2.79905 -36.6106 12500 -0.528258 -0.543457 27.9897 162.655 -13 3846 1 0 1
-17.6293 -8.21511 12500 -0.401696 -0.131783 27.9968 162.636 -13 3847 1 0 1
1.10457 -8.39666 12500 -0.614583 -0.165115 27.9928 162.615 -13 3848 1 0 1
46.1712 42.4293 12500 -1.11254 0.588172 27.9717 162.649 -13 3849 1 0 1
17.82 9.52128 12500 -0.779454 0.195158 27.9885 162.609 -13 3850 1 0 1
22.6464 59.0694 12500 -0.83602 0.89195 27.9733 162.706 -13 3851 1 0 1
-22.789 -50.1725 12500 -0.300596 -0.747 27.9884 162.671 -13 3852 1 0 1
-21.3655 -11.4305 12500 -0.378217 -0.165995 27.997 162.633 -13 3853 1 0 1
-19.961 -59.7778 12500 -0.270037 -0.890824 27.9845 162.704 -13 3854 1 0 1
29.6887 50.4175 12500 -0.911589 0.747169 27.9752 162.673 -13 3855 1 0 1
29.1717 20.8581 12500 -0.902339 0.320239 27.9836 162.609 -13 3856 1 0 1
11.6205 -43.3487 12500 -0.705855 -0.667108 27.9832 162.653 -13 3857 1 0 1
-7.13247 -0.307033 12500 -0.522866 0.0635506 27.995 162.623 -13 3858 1 0 1
4.33093 -33.676 12500 -0.635581 -0.521563 27.9879 162.636 -13 3859 1 0 1
-16.8229 -39.5052 12500 -0.371458 -0.617334 27.9907 162.668 -13 3860 1 0 1
-7.49056 -13.6427 12500 -0.530055 -0.22528 27.9941 162.622 -13 3861 1 0 1
21.7063 49.4743 12500 -0.82541 0.757351 27.9776 162.669 -13 3862 1 0 1
-1.51767 33.8195 12500 -0.560158 0.534318 27.9893 162.647 -13 3863 1 0 1
21.7513 13.8305 12500 -0.833113 0.213753 27.9868 162.6 -13 3864 1 0 1
3.96615 -34.0824 12500 -0.63144 -0.514005 27.9882 162.635 -13 3865 1 0 1
17.0005 -21.2322 12500 -0.783088 -0.322304 27.9872 162.606 -13 3866 1 0 1
1.31376 3.80456 12500 -0.613018 0.0689108 27.9932 162.613 -13 3867 1 0 1
10.1706 -42.5308 12500 -0.687679 -0.640906 27.9842 162.649 -13 3868 1 0 1
-17.675 -68.0119 12500 -0.243869 -0.974229 27.982 162.722 -13 3869 1 0 1
15.0148 -28.4436 12500 -0.771092 -0.432594 27.986 162.614 -13 3870 1 0 1
-3.964 31.907 12500 -0.544171 0.515275 27.99 162.643 -13 3871 1 0 1
38.7384 22.4268 12500 -1.03461 0.3385 27.9788 162.606 -13 3872 1 0 1
58.4837 46.3074 12500 -1.25646 0.63397 27.9646 162.68 -13 3873 1 0 1
2.47928 -27.438 12500 -0.608751 -0.4594 27.9896 162.64 -13 3874 1 0 1
5.09388 -38.1523 12500 -0.624646 -0.58126 27.987 162.649 -13 3875 1 0 1
-13.3695 12.167 12500 -0.471906 0.209613 27.9952 162.625 -13 3876 1 0 1
20.1582 33.6807 12500 -0.800313 0.533936 27.9835 162.635 -13 3877 1 0 1
1.84115 21.1796 12500 -0.620453 0.330253 27.9912 162.619 -13 3878 1 0 1
3.59741 41.4809 12500 -0.608042 0.626905 27.9864 162.653 -13 3879 1 0 1
3.92662 -24.3937 12500 -0.620737 -0.332789 27.9911 162.628 -13 3880 1 0 1
-28.8624 -24.9871 12500 -0.23698 -0.389447 27.9963 162.662 -13 3881 1 0 1
-8.63507 -32.7666 12500 -0.502764 -0.499405 27.991 162.639 -13 3882 1 0 1
9.24453 40.3065 12500 -0.682178 0.619387 27.9848 162.647 -13 3883 1 0 1
35.0715 17.3361 12500 -0.996399 0.312001 27.9805 162.607 -13 3884 1 0 1
24.2786 22.86 12500 -0.850216 0.379425 27.9845 162.616 -13 3885 1 0 1
15.2225 -35.749 12500 -0.751877 -0.569798 27.9841 162.64 -13 3886 1 0 1
15.0232 25.9637 12500 -0.746584 0.362451 27.9877 162.617 -13 3887 1 0 1
72.7298 2.80805 12500 -1.4346 0.0363973 27.9632 162.617 -13 3888 1 0 1
22.0989 86.3412 12500 -0.810711 1.21684 27.9618 162.813 -13 3889 1 0 1
1.63955 24.2228 12500 -0.61337 0.378384 27.9907 162.626 -13 3890 1 0 1
-11.6304 -2.87927 12500 -0.49057 -0.0548365 27.9956 162.62 -13 3891 1 0 1
19.9749 0.103476 12500 -0.813711 0.00309034 27.9882 162.595 -13 3892 1 0 1
21.6242 15.347 12500 -0.832304 0.261034 27.9864 162.603 -13 3893 1 0 1
5.90227 -33.389 12500 -0.648639 -0.54811 27.9871 162.642 -13 3894 1 0 1
-24.1658 -26.7348 12500 -0.338745 -0.404137 27.995 162.644 -13 3895 1 0 1
-7.28546 -7.96732 12500 -0.52323 -0.0905465 27.995 162.621 -13 3896 1 0 1
12.5565 10.2026 12500 -0.723491 0.159061 27.9902 162.608 -13 3897 1 0 1
-22.8865 6.1103 12500 -0.359578 0.109421 27.9975 162.634 -13 3898 1 0 1
16.0986 -6.23113 12500 -0.77989 -0.136025 27.9888 162.598 -13 3899 1 0 1
19.4601 12.4948 12500 -0.790059 0.183153 27.9883 162.607 -13 3900 1 0 1
30.6168 29.4269 12500 -0.932051 0.448585 27.9809 162.621 -13 3901 1 0 1
-34.5112 18.9015 12500 -0.199348 0.304561 27.9976 162.65 -13 3902 1 0 1
9.38277 -12.4951 12500 -0.679307 -0.209176 27.991 162.62 -13 3903 1 0 1
-7.39303 9.77015 12500 -0.520775 0.150717 27.9948 162.623 -13 3904 1 0 1
46.9623 -5.12491 12500 -1.12964 -0.0909159 27.9771 162.594 -13 3905 1 0 1
11.6006 -4.29197 12500 -0.724274 -0.099966 27.9905 162.604 -13 3906 1 0 1
9.56574 28.7344 12500 -0.709234 0.491776 27.9867 162.629 -13 3907 1 0 1
-21.7185 -9.38805 12500 -0.367249 -0.17152 27.9971 162.637 -13 3908 1 0 1
-4.14157 19.7891 12500 -0.549004 0.320125 27.9928 162.627 -13 3909 1 0 1
17.586 -12.6718 12500 -0.790987 -0.192498 27.9882 162.6 -13 3910 1 0 1
20.1407 11.5884 12500 -0.80456 0.184472 27.9878 162.604 -13 3911 1 0 1
11.8716 -13.7105 12500 -0.711194 -0.211827 27.9902 162.614 -13 3912 1 0 1
15.0605 23.788 12500 -0.749521 0.385679 27.9873 162.62 -13 3913 1 0 1
-29.7429 -26.5907 12500 -0.236877 -0.403328 27.9961 162.659 -13 3914 1 0 1
1.31245 2.14266 12500 -0.603978 0.0837938 27.9934 162.618 -13 3915 1 0 1
-3.22461 -35.5551 12500 -0.549599 -0.565498 27.9889 162.648 -13 3916 1 0 1
21.0265 -6.34584 12500 -0.836226 -0.0993946 27.9873 162.591 -13 3917 1 0 1
-16.2867 2.41704 12500 -0.419598 0.0828645 27.9967 162.632 -13 3918 1 0 1
17.6193 27.6936 12500 -0.778619 0.447659 27.9856 162.626 -13 3919 1 0 1
7.82317 1.49107 12500 -0.691011 0.0291092 27.9915 162.602 -13 3920 1 0 1
-14.0634 -36.4177 12500 -0.432255 -0.535976 27.9915 162.648 -13 3921 1 0 1
35.1554 -5.60607 12500 -0.984003 -0.0737398 27.9826 162.593 -13 3922 1 0 1
20.9931 -8.56707 12500 -0.821403 -0.160127 27.9875 162.6 -13 3923 1 0 1
14.1617 -17.5941 12500 -0.735606 -0.287364 27.9889 162.615 -13 3924 1 0 1
-2.04141 -46.3008 12500 -0.545484 -0.747929 27.9847 162.674 -13 3925 1 0 1
-7.42419 -15.4891 12500 -0.520139 -0.24286 27.9941 162.625 -13 3926 1 0 1
-13.7305 -5.06418 12500 -0.462769 -0.078775 27.9961 162.624 -13 3927 1 0 1
3.13181 -4.32495 12500 -0.639731 -0.0995061 27.9925 162.609 -13 3928 1 0 1
10.0433 -9.56882 12500 -0.687308 -0.1814 27.991 162.618 -13 3929 1 0 1
23.3836 12.3099 12500 -0.848717 0.231757 27.9862 162.605 -13 3930 1 0 1
19.7038 35.2811 12500 -0.8054 0.502225 27.9839 162.623 -13 3931 1 0 1
23.864 42.4837 12500 -0.851247 0.625736 27.9801 162.642 -13 3932 1 0 1
39.5221 3.62628 12500 -1.04222 0.0630941 27.9805 162.591 -13 3933 1 0 1
9.73874 -2.54265 12500 -0.694771 -0.052917 27.9913 162.608 -13 3934 1 0 1
-11.9706 -8.53771 12500 -0.470962 -0.158454 27.9956 162.629 -13 3935 1 0 1
40.7912 42.5807 12500 -1.04742 0.63464 27.9732 162.661 -13 3936 1 0 1
8.28493 -46.3796 12500 -0.658459 -0.699096 27.9835 162.661 -13 3937 1 0 1
18.9682 31.599 12500 -0.803376 0.48554 27.9843 162.622 -13 3938 1 0 1
24.2667 53.9471 12500 -0.843683 0.821299 27.9752 162.691 -13 3939 1 0 1
33.4985 103.156 12500 -1.0385 1.33845 27.9487 162.91 -13 3940 1 0 1
17.0483 58.6859 12500 -0.746033 0.877865 27.9763 162.701 -13 3941 1 0 1
43.1351 30.9428 12500 -1.07997 0.446981 27.9756 162.626 -13 3942 1 0 1
-2.64714 -11.3921 12500 -0.577078 -0.178076 27.9935 162.617 -13 3943 1 0 1
51.9998 11.7972 12500 -1.15775 0.177314 27.9755 162.614 -13 3944 1 0 1
-12.3885 -0.121968 12500 -0.478484 0.000443244 27.9959 162.622 -13 3945 1 0 1
22.6447 -16.1315 12500 -0.854964 -0.277092 27.9856 162.599 -13 3946 1 0 1
9.63376 123.467 12500 -1.81832 2.02402 27.8675 163.011 -13 3947 1 0 1
-14.0432 -105.54 12500 -0.0349543 -1.40991 27.9645 162.807 -13 3948 1 0 1
2.06062 -8.69946 12500 -0.624299 -0.168993 27.9925 162.614 -13 3949 1 0 1
-33.8413 2.86936 12500 -0.237103 0.0498856 27.999 162.64 -13 3950 1 0 1
32.9665 15.4434 12500 -0.953619 0.217583 27.9829 162.6 -13 3951 1 0 1
10.8063 3.60353 12500 -0.699969 0.0590931 27.9912 162.61 -13 3952 1 0 1
-43.927 -13.3256 12500 -0.0950454 -0.186769 27.9992 162.647 -13 3953 1 0 1
-7.40085 5.63643 12500 -0.52868 0.122556 27.9947 162.62 -13 3954 1 0 1
-19.1665 -12.3048 12500 -0.386035 -0.205263 27.9966 162.639 -13 3955 1 0 1
10.31 -6.84049 12500 -0.711447 -0.124374 27.9907 162.604 -13 3956 1 0 1
9.03801 -20.7098 12500 -0.689224 -0.322166 27.9897 162.616 -13 3957 1 0 1
-7.32938 33.0003 12500 -0.495951 0.536647 27.9905 162.651 -13 3958 1 0 1
47.9456 20.5166 12500 -1.12159 0.317124 27.9757 162.618 -13 3959 1 0 1
19.5927 20.46 12500 -0.804965 0.314177 27.9867 162.607 -13 3960 1 0 1
19.0091 1.12373 12500 -0.81988 0.00583317 27.988 162.588 -13 3961 1 0 1
46.6248 4.42874 12500 -1.10979 0.0544998 27.9779 162.599 -13 3962 1 0 1
15.9052 -8.07453 12500 -0.758688 -0.113703 27.9895 162.605 -13 3963 1 0 1
23.3297 55.9225 12500 -0.829121 0.820794 27.9757 162.687 -13 3964 1 0 1
-19.0384 6.22667 12500 -0.399522 0.115449 27.9969 162.632 -13 3965 1 0 1
29.5672 -22.075 12500 -0.91441 -0.341697 27.983 162.609 -13 3966 1 0 1
15.2358 49.4867 12500 -0.733413 0.764367 27.98 162.674 -13 3967 1 0 1
6.21178 -30.4113 12500 -0.63079 -0.444313 27.9894 162.639 -13 3968 1 0 1
8.25789 37.0675 12500 -0.671937 0.57701 27.986 162.643 -13 3969 1 0 1
30.1758 28.3267 12500 -0.898672 0.399244 27.9827 162.623 -13 3970 1 0 1
-2.70822 -45.3177 12500 -0.544316 -0.701222 27.9859 162.663 -13 3971 1 0 1
26.7229 -4.83074 12500 -0.898473 -0.0944736 27.9854 162.59 -13 3972 1 0 1
-4.25658 -17.7501 12500 -0.563431 -0.284095 27.9929 162.619 -13 3973 1 0 1
11.7299 -10.6323 12500 -0.72853 -0.178418 27.99 162.604 -13 3974 1 0 1
36.9713 -2.37831 12500 -1.00983 -0.0576763 27.9817 162.591 -13 3975 1 0 1
8.86953 8.59151 12500 -0.702462 0.125569 27.9909 162.602 -13 3976 1 0 1
14.6833 -32.3548 12500 -0.757796 -0.506755 27.9852 162.625 -13 3977 1 0 1
27.1352 48.7154 12500 -0.888623 0.733354 27.9763 162.667 -13 3978 1 0 1
13.3106 -0.879677 12500 -0.731586 -0.0432548 27.9904 162.605 -13 3979 1 0 1
0.641042 7.22626 12500 -0.615189 0.124341 27.993 162.611 -13 3980 1 0 1
40.7251 24.5875 12500 -1.05304 0.385156 27.9775 162.617 -13 3981 1 0 1
7.53516 18.7569 12500 -0.672713 0.270631 27.9906 162.614 -13 3982 1 0 1
-14.1132 -6.72049 12500 -0.453848 -0.106222 27.9961 162.626 -13 3983 1 0 1
-0.691003 -12.4249 12500 -0.590002 -0.185838 27.9932 162.619 -13 3984 1 0 1
6.4046 28.8836 12500 -0.65017 0.445047 27.9889 162.632 -13 3985 1 0 1
9.40061 -18.487 12500 -0.687746 -0.289461 27.9901 162.617 -13 3986 1 0 1
-0.318637 -11.0438 12500 -0.588121 -0.191078 27.9932 162.622 -13 3987 1 0 1
32.7923 20.5396 12500 -0.9462 0.319743 27.9822 162.61 -13 3988 1 0 1
2.56809 -16.3934 12500 -0.609872 -0.260889 27.9921 162.624 -13 3989 1 0 1
15.3516 -14.3893 12500 -0.766152 -0.21973 27.9887 162.603 -13 3990 1 0 1
-3.83168 -2.60108 12500 -0.58084 -0.0215699 27.994 162.608 -13 3991 1 0 1
16.5575 4.29501 12500 -0.773195 0.0598274 27.9893 162.6 -13 3992 1 0 1
10.7337 11.1137 12500 -0.723393 0.199224 27.9899 162.604 -13 3993 1 0 1
-29.8237 -1.33503 12500 -0.280153 -0.0434071 27.9986 162.64 -13 3994 1 0 1
-11.4029 35.2384 12500 -0.47184 0.511614 27.9913 162.642 -13 3995 1 0 1
-6.25592 -26.8239 12500 -0.523913 -0.407975 27.9921 162.636 -13 3996 1 0 1
-11.6958 -17.064 12500 -0.485071 -0.264145 27.9946 162.624 -13 3997 1 0 1
1.64888 -24.3926 12500 -0.603711 -0.387728 27.9908 162.631 -13 3998 1 0 1
15.0626 9.1481 12500 -0.756328 0.146199 27.9894 162.603 -13 3999 1 0 1
-1.44962 -43.7048 12500 -0.565332 -0.685437 27.9859 162.659 -13 4000 1 0 1
-0.808724 3.49009 12500 -0.606324 0.04481 27.9934 162.608 -13 4001 1 0 1
1.01222 41.6844 12500 -0.583543 0.619554 27.9871 162.652 -13 4002 1 0 1
-5.33989 17.574 12500 -0.523164 0.30634 27.9934 162.634 -13 4003 1 0 1
3.4945 -7.83199 12500 -0.617449 -0.106468 27.993 162.621 -13 4004 1 0 1
21.4667 -18.046 12500 -0.814546 -0.252645 27.987 162.607 -13 4005 1 0 1
-0.57952 -25.9395 12500 -0.577654 -0.386465 27.9914 162.633 -13 4006 1 0 1
18.9407 15.5348 12500 -0.795246 0.229559 27.9878 162.604 -13 4007 1 0 1
34.641 5.67493 12500 -0.968054 0.0886414 27.9831 162.598 -13 4008 1 0 1
-9.07597 -13.0298 12500 -0.49747 -0.231681 27.9946 162.631 -13 4009 1 0 1
4.10591 -1.83812 12500 -0.645208 -0.0277197 27.9926 162.609 -13 4010 1 0 1
-13.8584 12.4295 12500 -0.466828 0.186865 27.9955 162.624 -13 4011 1 0 1
20.7403 67.7614 12500 -0.801374 1.00151 27.9706 162.732 -13 4012 1 0 1
7.7836 18.7141 12500 -0.679171 0.2978 27.9902 162.614 -13 4013 1 0 1
7.56686 -20.1089 12500 -0.692017 -0.346756 27.9893 162.612 -13 4014 1 0 1
11.3521 40.489 12500 -0.704581 0.626484 27.9841 162.648 -13 4015 1 0 1
10.9592 -46.3114 12500 -0.689169 -0.732726 27.9819 162.669 -13 4016 1 0 1
-13.913 -5.69255 12500 -0.465035 -0.0953449 27.996 162.622 -13 4017 1 0 1
15.1617 -45.3393 12500 -0.733961 -0.724316 27.981 162.671 -13 4018 1 0 1
9.0217 16.5009 12500 -0.689964 0.287421 27.99 162.615 -13 4019 1 0 1
21.3649 15.4748 12500 -0.816554 0.256773 27.9869 162.608 -13 4020 1 0 1
16.6726 2.23506 12500 -0.78074 0.0339477 27.9891 162.596 -13 4021 1 0 1
-7.39536 29.6767 12500 -0.499765 0.470075 27.9916 162.645 -13 4022 1 0 1
19.7343 19.2909 12500 -0.784241 0.28651 27.9875 162.614 -13 4023 1 0 1
8.09153 9.09447 12500 -0.675311 0.130959 27.9915 162.612 -13 4024 1 0 1
-22.847 11.396 12500 -0.367155 0.204548 27.9968 162.634 -13 4025 1 0 1
17.5615 -5.73853 12500 -0.774501 -0.0995647 27.9891 162.604 -13 4026 1 0 1
-17.5226 -52.0411 12500 -0.3445 -0.787606 27.9868 162.681 -13 4027 1 0 1
23.9749 -28.2718 12500 -0.838822 -0.423921 27.9842 162.624 -13 4028 1 0 1
12.4657 32.7784 12500 -0.716273 0.497305 27.9864 162.631 -13 4029 1 0 1
0.496311 -51.6323 12500 -0.548081 -0.787821 27.9835 162.686 -13 4030 1 0 1
18.8819 -25.2837 12500 -0.794815 -0.429598 27.9854 162.623 -13 4031 1 0 1
34.4937 -10.6691 12500 -0.968567 -0.150311 27.9828 162.599 -13 4032 1 0 1
-2.87284 10.7246 12500 -0.580485 0.149305 27.9936 162.614 -13 4033 1 0 1
10.7643 -19.1772 12500 -0.706138 -0.293608 27.9896 162.613 -13 4034 1 0 1
42.7615 15.0306 12500 -1.07521 0.225779 27.9784 162.603 -13 4035 1 0 1
14.4451 14.0841 12500 -0.75049 0.236989 27.9889 162.608 -13 4036 1 0 1
13.699 -16.0757 12500 -0.736798 -0.235075 27.9893 162.609 -13 4037 1 0 1
-1.87621 1.68402 12500 -0.574527 -0.00481489 27.9941 162.619 -13 4038 1 0 1
-29.7571 13.1086 12500 -0.274608 0.170088 27.9981 162.643 -13 4039 1 0 1
10.9628 37.6276 12500 -0.703377 0.617032 27.9844 162.65 -13 4040 1 0 1
-11.8561 28.0259 12500 -0.470323 0.437289 27.9926 162.639 -13 4041 1 0 1
17.0987 -7.62407 12500 -0.775963 -0.126482 27.989 162.602 -13 4042 1 0 1
8.65013 -50.9136 12500 -0.644466 -0.793122 27.9813 162.686 -13 4043 1 0 1
27.9738 22.3366 12500 -0.886675 0.364019 27.9836 162.616 -13 4044 1 0 1
15.867 -6.26534 12500 -0.751741 -0.0718295 27.9898 162.607 -13 4045 1 0 1
12.6294 17.1042 12500 -0.722708 0.28258 27.9892 162.614 -13 4046 1 0 1
23.2924 1.74099 12500 -0.836841 0.0298411 27.9875 162.599 -13 4047 1 0 1
-11.494 -0.299177 12500 -0.495864 0.0180031 27.9956 162.618 -13 4048 1 0 1
18.1426 -7.74727 12500 -0.780254 -0.120205 27.9889 162.605 -13 4049 1 0 1
9.01904 -1.17672 12500 -0.700405 -0.0172319 27.9912 162.602 -13 4050 1 0 1
7.84014 17.2853 12500 -0.688203 0.295945 27.99 162.612 -13 4051 1 0 1
31.4582 46.1304 12500 -0.947066 0.679476 27.9757 162.657 -13 4052 1 0 1
30.139 19.7309 12500 -0.927897 0.292993 27.9831 162.601 -13 4053 1 0 1
5.10612 5.66727 12500 -0.652842 0.098333 27.9922 162.61 -13 4054 1 0 1
-14.127 -63.4821 12500 -0.320723 -0.941446 27.9823 162.717 -13 4055 1 0 1
33.9549 30.2925 12500 -0.990235 0.462899 27.9787 162.619 -13 4056 1 0 1
-9.18824 -40.7709 12500 -0.464181 -0.608465 27.9895 162.659 -13 4057 1 0 1
1.32581 -8.9978 12500 -0.62551 -0.120047 27.9928 162.608 -13 4058 1 0 1
5.29127 -4.32393 12500 -0.670759 -0.0625423 27.9919 162.602 -13 4059 1 0 1
-4.47114 16.687 12500 -0.536504 0.299402 27.9933 162.632 -13 4060 1 0 1
28.1236 51.097 12500 -0.884942 0.792903 27.9748 162.691 -13 4061 1 0 1
-3.48463 -23.1045 12500 -0.557191 -0.336383 27.9924 162.628 -13 4062 1 0 1
36.8223 65.0162 12500 -1.01693 0.905739 27.9669 162.721 -13 4063 1 0 1
40.8165 0.333252 12500 -1.03607 -0.00917919 27.9808 162.599 -13 4064 1 0 1
-15.5348 34.6376 12500 -0.405515 0.551448 27.9916 162.656 -13 4065 1 0 1
-9.98475 41.2552 12500 -0.441341 0.63716 27.9893 162.667 -13 4066 1 0 1
-16.7664 -26.3587 12500 -0.433268 -0.41983 27.9935 162.635 -13 4067 1 0 1
32.6917 18.1649 12500 -0.94427 0.292427 27.9825 162.609 -13 4068 1 0 1
2.50211 26.1531 12500 -0.614022 0.402845 27.9904 162.63 -13 4069 1 0 1
13.4838 7.52762 12500 -0.735065 0.129443 27.9901 162.606 -13 4070 1 0 1
13.016 82.7155 12500 -0.667672 1.1683 27.9676 162.776 -13 4071 1 0 1
-12.8718 -28.3885 12500 -0.453385 -0.447639 27.9928 162.643 -13 4072 1 0 1
4.02594 1.45567 12500 -0.642814 0.0247309 27.9926 162.61 -13 4073 1 0 1
-10.0738 -5.07555 12500 -0.504754 -0.0613254 27.9954 162.619 -13 4074 1 0 1
-13.396 -9.45871 12500 -0.465382 -0.179661 27.9956 162.627 -13 4075 1 0 1
-25.2427 -7.63716 12500 -0.32922 -0.118886 27.9978 162.638 -13 4076 1 0 1
9.37962 28.1392 12500 -0.681271 0.451335 27.9881 162.633 -13 4077 1 0 1
5.16332 14.7321 12500 -0.657129 0.217061 27.9914 162.611 -13 4078 1 0 1
-6.8326 -23.601 12500 -0.527706 -0.346791 27.9929 162.628 -13 4079 1 0 1
15.13 30.3509 12500 -0.754561 0.454067 27.9861 162.622 -13 4080 1 0 1
-16.3826 -1.49612 12500 -0.423446 -0.0386127 27.9968 162.63 -13 4081 1 0 1
14.3644 -2.30442 12500 -0.782669 -0.0437729 27.989 162.587 -13 4082 1 0 1
8.52032 -50.7408 12500 -0.660251 -0.803726 27.9807 162.682 -13 4083 1 0 1
27.9246 29.0122 12500 -0.91905 0.457418 27.9812 162.617 -13 4084 1 0 1
45.7549 44.687 12500 -1.10336 0.635831 27.971 162.664 -13 4085 1 0 1
-1.41447 -1.13596 12500 -0.599115 -0.0295726 27.9936 162.609 -13 4086 1 0 1
30.7654 -0.259229 12500 -0.926275 -0.0360657 27.9847 162.595 -13 4087 1 0 1
-21.5652 -17.2736 12500 -0.395484 -0.27665 27.9958 162.626 -13 4088 1 0 1
4.61195 31.1548 12500 -0.635755 0.445024 27.9892 162.628 -13 4089 1 0 1
-11.2385 -18.2516 12500 -0.477197 -0.27396 27.9946 162.629 -13 4090 1 0 1
14.6889 -13.0679 12500 -0.767375 -0.183778 27.9889 162.598 -13 4091 1 0 1
-30.8807 -55.6007 12500 -0.134818 -0.785415 27.9887 162.687 -13 4092 1 0 1
2.55937 7.21589 12500 -0.629082 0.146085 27.9926 162.613 -13 4093 1 0 1
-15.9299 1.88701 12500 -0.439803 0.0579262 27.9965 162.625 -13 4094 1 0 1
26.415 10.9484 12500 -0.880237 0.170172 27.9856 162.599 -13 4095 1 0 1
27.5552 22.4644 12500 -0.902888 0.325518 27.9835 162.603 -13 4096 1 0 1
8.52777 25.3856 12500 -0.686971 0.40441 27.9886 162.623 -13 4097 1 0 1
8.87503 1.75951 12500 -0.693822 0.00799288 27.9914 162.605 -13 4098 1 0 1
18.079 7.86277 12500 -0.769925 0.170177 27.9889 162.613 -13 4099 1 0 1
4.47685 -3.37433 12500 -0.656822 -0.0740893 27.9922 162.606 -13 4100 1 0 1
-13.7666 9.85455 12500 -0.446463 0.180061 27.9959 162.633 -13 4101 1 0 1
26.8929 31.0104 12500 -0.88699 0.473113 27.9819 162.624 -13 4102 1 0 1
47.8651 4.03238 12500 -1.13562 0.101197 27.9768 162.599 -13 4103 1 0 1
-8.08053 -21.5774 12500 -0.511227 -0.342556 27.9932 162.629 -13 4104 1 0 1
-4.47201 -16.6513 12500 -0.551999 -0.260422 27.9933 162.623 -13 4105 1 0 1
3.32355 -4.41314 12500 -0.63192 -0.0156148 27.9929 162.613 -13 4106 1 0 1
-1.3531 28.5437 12500 -0.57185 0.427695 27.9909 162.635 -13 4107 1 0 1
37.8959 28.3831 12500 -0.994891 0.44825 27.9787 162.635 -13 4108 1 0 1
-2.76104 -22.7672 12500 -0.570718 -0.385598 27.9915 162.628 -13 4109 1 0 1
-8.26033 -3.96878 12500 -0.510833 -0.0748624 27.9952 162.623 -13 4110 1 0 1
-3.50416 -27.7316 12500 -0.560773 -0.413682 27.9913 162.631 -13 4111 1 0 1
-33.9579 -22.3799 12500 -0.232038 -0.319907 27.9972 162.641 -13 4112 1 0 1
5.2877 31.8574 12500 -0.654842 0.544792 27.987 162.639 -13 4113 1 0 1
18.9273 10.173 12500 -0.793679 0.161924 27.9883 162.603 -13 4114 1 0 1
-3.91819 20.3763 12500 -0.572932 0.373285 27.9916 162.625 -13 4115 1 0 1
-24.7729 -7.72491 12500 -0.33959 -0.0836127 27.9978 162.635 -13 4116 1 0 1
5.88959 44.8622 12500 -0.63086 0.672828 27.9848 162.658 -13 4117 1 0 1
-9.87893 -21.0514 12500 -0.485059 -0.338145 27.9938 162.634 -13 4118 1 0 1
11.8692 6.45751 12500 -0.710834 0.100832 27.9908 162.61 -13 4119 1 0 1
26.1467 41.9711 12500 -0.861784 0.636344 27.9795 162.652 -13 4120 1 0 1
-30.5142 -6.85532 12500 -0.265726 -0.0989285 27.9986 162.642 -13 4121 1 0 1
5.92546 9.57617 12500 -0.665097 0.135512 27.9918 162.608 -13 4122 1 0 1
-9.20702 -25.3068 12500 -0.487838 -0.361048 27.9934 162.637 -13 4123 1 0 1
-15.7725 16.3989 12500 -0.440418 0.227833 27.9956 162.627 -13 4124 1 0 1
42.5847 92.3752 12500 -1.16844 1.20646 27.9496 162.867 -13 4125 1 0 1
-21.1803 0.450578 12500 -0.385318 0.0226067 27.9973 162.629 -13 4126 1 0 1
16.3058 16.0758 12500 -0.777448 0.280505 27.9878 162.606 -13 4127 1 0 1
12.6028 19.6695 12500 -0.71549 0.339362 27.9888 162.622 -13 4128 1 0 1
17.7695 -31.2376 12500 -0.79268 -0.494636 27.9844 162.623 -13 4129 1 0 1
-5.15923 -28.5438 12500 -0.524786 -0.46606 27.9912 162.645 -13 4130 1 0 1
18.3264 28.0282 12500 -0.770214 0.445986 27.9859 162.631 -13 4131 1 0 1
30.3939 -0.77599 12500 -0.928898 -0.0392429 27.9846 162.592 -13 4132 1 0 1
10.5321 -26.9855 12500 -0.712241 -0.418478 27.9878 162.62 -13 4133 1 0 1
-25.8104 14.3519 12500 -0.339143 0.240879 27.9969 162.635 -13 4134 1 0 1
-7.36071 -39.3619 12500 -0.496209 -0.623137 27.9887 162.658 -13 4135 1 0 1
11.8133 6.97778 12500 -0.740468 0.11932 27.99 162.597 -13 4136 1 0 1
4.53277 -2.12663 12500 -0.641403 -0.0233072 27.9926 162.612 -13 4137 1 0 1
-12.5172 -44.9055 12500 -0.406542 -0.656165 27.9894 162.671 -13 4138 1 0 1
-18.0683 25.8067 12500 -0.401057 0.384938 27.9945 162.641 -13 4139 1 0 1
4.96233 -12.4673 12500 -0.643995 -0.183153 27.992 162.616 -13 4140 1 0 1
30.5422 59.096 12500 -0.937249 0.860428 27.9711 162.702 -13 4141 1 0 1
-23.1267 -35.4158 12500 -0.308006 -0.519759 27.9935 162.661 -13 4142 1 0 1
-7.67265 -9.47092 12500 -0.529195 -0.166653 27.9945 162.62 -13 4143 1 0 1
-5.77898 9.75709 12500 -0.532991 0.125899 27.9946 162.623 -13 4144 1 0 1
21.1483 -17.3461 12500 -0.818977 -0.280849 27.9866 162.606 -13 4145 1 0 1
-1.86984 20.6714 12500 -0.584287 0.310271 27.9922 162.62 -13 4146 1 0 1
-25.4913 -25.5438 12500 -0.294513 -0.393184 27.9957 162.655 -13 4147 1 0 1
-13.2625 -0.401444 12500 -0.468731 -0.00457693 27.9961 162.623 -13 4148 1 0 1
-39.1291 -26.5559 12500 -0.133335 -0.331426 27.9977 162.654 -13 4149 1 0 1
3.39917 -12.627 12500 -0.643958 -0.169045 27.9921 162.609 -13 4150 1 0 1
34.5092 76.8388 12500 -1.00734 1.05813 27.9619 162.768 -13 4151 1 0 1
29.1519 -4.19374 12500 -0.917087 -0.0674208 27.9849 162.592 -13 4152 1 0 1
15.9649 -1.93561 12500 -0.772825 -0.0332472 27.9893 162.597 -13 4153 1 0 1
14.0514 -4.24179 12500 -0.759816 -0.094708 27.9895 162.597 -13 4154 1 0 1
38.5752 13.3511 12500 -1.0258 0.247446 27.9801 162.607 -13 4155 1 0 1
-0.190505 -36.7635 12500 -0.567402 -0.588523 27.9881 162.656 -13 4156 1 0 1
-23.8267 -33.769 12500 -0.325878 -0.514106 27.9934 162.652 -13 4157 1 0 1
-18.2865 0.558621 12500 -0.414583 -0.00944028 27.9969 162.627 -13 4158 1 0 1
13.2358 48.0806 12500 -0.705463 0.720294 27.9818 162.666 -13 4159 1 0 1
-5.82316 -4.83666 12500 -0.544923 -0.0526113 27.9946 162.617 -13 4160 1 0 1
20.9915 17.2229 12500 -0.818605 0.273582 27.9867 162.605 -13 4161 1 0 1
2.4268 -5.30336 12500 -0.631975 -0.106998 27.9927 162.61 -13 4162 1 0 1
28.6987 35.8505 12500 -0.895018 0.569953 27.9799 162.645 -13 4163 1 0 1
15.2803 -14.5011 12500 -0.756563 -0.239781 27.9887 162.609 -13 4164 1 0 1
8.83003 -9.2907 12500 -0.687779 -0.138125 27.9912 162.609 -13 4165 1 0 1
22.4892 -21.9824 12500 -0.80868 -0.366166 27.9859 162.625 -13 4166 1 0 1
3.73314 9.85015 12500 -0.641115 0.150858 27.9923 162.611 -13 4167 1 0 1
20.7361 51.0757 12500 -0.824595 0.791522 27.9767 162.675 -13 4168 1 0 1
-6.75414 -32.7594 12500 -0.503063 -0.504405 27.9909 162.647 -13 4169 1 0 1
2.62253 -20.832 12500 -0.615185 -0.323617 27.9914 162.624 -13 4170 1 0 1
0.173688 -21.7112 12500 -0.5899 -0.373131 27.9913 162.631 -13 4171 1 0 1
-8.65399 -2.46072 12500 -0.504198 -0.0362555 27.9954 162.624 -13 4172 1 0 1
3.4822 -12.0173 12500 -0.645804 -0.210226 27.9918 162.611 -13 4173 1 0 1
33.7475 36.6151 12500 -0.964745 0.555134 27.9779 162.639 -13 4174 1 0 1
23.6321 24.5823 12500 -0.836789 0.387919 27.9848 162.619 -13 4175 1 0 1
0.541994 -77.2169 12500 -0.514436 -1.14951 27.9717 162.76 -13 4176 1 0 1
5.83324 14.6312 12500 -0.67431 0.261401 27.9907 162.61 -13 4177 1 0 1
8.18355 4.07184 12500 -0.690655 0.0783516 27.9914 162.605 -13 4178 1 0 1
-26.8231 -17.6362 12500 -0.309773 -0.285599 27.9968 162.641 -13 4179 1 0 1
7.58045 -15.11 12500 -0.664983 -0.226634 27.9912 162.617 -13 4180 1 0 1
20.3312 45.4231 12500 -0.797545 0.713678 27.9795 162.666 -13 4181 1 0 1
32.1526 36.538 12500 -0.955842 0.567978 27.9779 162.64 -13 4182 1 0 1
16.7595 12.1403 12500 -0.788672 0.191297 27.9882 162.598 -13 4183 1 0 1
2.49756 11.6038 12500 -0.622105 0.193394 27.9924 162.617 -13 4184 1 0 1
-25.868 -60.1715 12500 -0.179232 -0.889095 27.9853 162.703 -13 4185 1 0 1
9.73535 -12.0247 12500 -0.701946 -0.182114 27.9906 162.608 -13 4186 1 0 1
38.0438 13.924 12500 -1.02974 0.235669 27.9801 162.6 -13 4187 1 0 1
12.6445 26.0902 12500 -0.723506 0.415354 27.9876 162.624 -13 4188 1 0 1
-11.1184 -23.5285 12500 -0.47965 -0.377644 27.9933 162.634 -13 4189 1 0 1
-4.73023 53.9469 12500 -0.467156 0.828984 27.9838 162.698 -13 4190 1 0 1
-9.86721 25.2672 12500 -0.478889 0.389202 27.9932 162.64 -13 4191 1 0 1
8.02799 -14.8214 12500 -0.677868 -0.23626 27.9908 162.614 -13 4192 1 0 1
-5.34609 -24.8898 12500 -0.542589 -0.375325 27.9922 162.629 -13 4193 1 0 1
0.275081 -21.5629 12500 -0.590773 -0.367646 27.9914 162.63 -13 4194 1 0 1
56.391 68.4518 12500 -1.29938 0.897677 27.9554 162.747 -13 4195 1 0 1
37.711 -9.59084 12500 -1.01898 -0.136883 27.9811 162.594 -13 4196 1 0 1
-20.9333 -12.9757 12500 -0.383641 -0.192259 27.9967 162.633 -13 4197 1 0 1
22.0938 53.863 12500 -0.814727 0.829647 27.9758 162.693 -13 4198 1 0 1
21.0004 21.5734 12500 -0.809028 0.313848 27.9865 162.611 -13 4199 1 0 1
-1.39019 -2.34603 12500 -0.585213 -0.0334075 27.9939 162.615 -13 4200 1 0 1
43.8128 54.4874 12500 -1.09026 0.759435 27.9685 162.688 -13 4201 1 0 1
-14.9988 -35.7602 12500 -0.421357 -0.550423 27.9914 162.651 -13 4202 1 0 1
42.0811 96.8701 12500 -1.16534 1.23993 27.9482 162.88 -13 4203 1 0 1
-20.0634 -44.768 12500 -0.317466 -0.682071 27.9899 162.676 -13 4204 1 0 1
-18.8991 18.4765 12500 -0.389921 0.266052 27.996 162.637 -13 4205 1 0 1
15.4607 45.1886 12500 -0.7506 0.703586 27.9811 162.66 -13 4206 1 0 1
-0.200613 6.52343 12500 -0.600524 0.100722 27.9934 162.614 -13 4207 1 0 1
24.6122 56.879 12500 -0.849155 0.834607 27.9747 162.691 -13 4208 1 0 1
8.26089 -25.4046 12500 -0.703449 -0.413102 27.9881 162.615 -13 4209 1 0 1
-6.27857 -20.9775 12500 -0.5328 -0.305439 27.9933 162.625 -13 4210 1 0 1
12.9659 52.6672 12500 -0.708769 0.807773 27.9794 162.682 -13 4211 1 0 1
-10.9666 -42.4355 12500 -0.445619 -0.684151 27.9881 162.669 -13 4212 1 0 1
-5.68444 -5.18575 12500 -0.544425 -0.0868255 27.9946 162.618 -13 4213 1 0 1
20.9399 16.5639 12500 -0.814601 0.253479 27.987 162.605 -13 4214 1 0 1
-5.67678 1.11123 12500 -0.559698 0.0353183 27.9944 162.611 -13 4215 1 0 1
3.95967 22.6262 12500 -0.646285 0.354709 27.9903 162.618 -13 4216 1 0 1
38.5728 67.8195 12500 -1.05899 0.964779 27.9633 162.75 -13 4217 1 0 1
-10.3683 -34.1627 12500 -0.475224 -0.548044 27.9906 162.649 -13 4218 1 0 1
15.4356 3.21621 12500 -0.770094 0.060325 27.9893 162.597 -13 4219 1 0 1
27.9719 -28.0241 12500 -0.89064 -0.413886 27.9828 162.62 -13 4220 1 0 1
7.16851 -26.4246 12500 -0.677126 -0.439675 27.9884 162.626 -13 4221 1 0 1
-3.47583 4.17537 12500 -0.567435 0.0477709 27.9942 162.616 -13 4222 1 0 1
7.80341 -20.8419 12500 -0.659781 -0.346427 27.9901 162.627 -13 4223 1 0 1
-5.94926 35.4917 12500 -0.508572 0.555666 27.9899 162.652 -13 4224 1 0 1
10.6463 -30.9183 12500 -0.683481 -0.51611 27.9869 162.645 -13 4225 1 0 1
-37.8166 -48.8943 12500 -0.057658 -0.681961 27.9916 162.678 -13 4226 1 0 1
-17.8131 -80.4311 12500 -0.197494 -1.12984 27.9765 162.744 -13 4227 1 0 1
-3.14181 0.842534 12500 -0.557392 -0.00298209 27.9945 162.622 -13 4228 1 0 1
23.2106 -20.1473 12500 -0.846339 -0.307949 27.9855 162.604 -13 4229 1 0 1
-19.8073 -65.0078 12500 -0.255708 -0.933449 27.9833 162.707 -13 4230 1 0 1
-2.43334 1.02691 12500 -0.583113 0.0346283 27.9939 162.612 -13 4231 1 0 1
25.2279 32.9097 12500 -0.880091 0.503137 27.9816 162.622 -13 4232 1 0 1
-7.31178 1.74742 12500 -0.541449 0.0196213 27.9948 162.613 -13 4233 1 0 1
2.02117 -59.2848 12500 -0.572947 -0.901267 27.9796 162.701 -13 4234 1 0 1
24.6022 8.39449 12500 -0.859124 0.141995 27.9865 162.599 -13 4235 1 0 1
-10.0682 4.64255 12500 -0.512995 0.078704 27.9952 162.616 -13 4236 1 0 1
1.62678 -35.1734 12500 -0.595732 -0.559566 27.9881 162.648 -13 4237 1 0 1
-2.84563 -14.8493 12500 -0.569649 -0.251469 27.9931 162.622 -13 4238 1 0 1
25.0871 70.8703 12500 -0.863165 1.0135 27.9683 162.737 -13 4239 1 0 1
33.9847 12.7957 12500 -0.960504 0.186758 27.9829 162.601 -13 4240 1 0 1
9.41181 30.0433 12500 -0.693582 0.493385 27.9871 162.633 -13 4241 1 0 1
32.083 30.9578 12500 -0.948012 0.493695 27.9796 162.632 -13 4242 1 0 1
16.6821 -0.16306 12500 -0.75986 -0.0104837 27.9897 162.606 -13 4243 1 0 1
-0.915212 6.56154 12500 -0.588885 0.0901771 27.9937 162.616 -13 4244 1 0 1
-3.72401 -27.2554 12500 -0.54597 -0.432609 27.9913 162.639 -13 4245 1 0 1
17.4028 0.0455801 12500 -0.763902 -0.000147772 27.9896 162.607 -13 4246 1 0 1
33.6835 38.6025 12500 -0.966579 0.60424 27.9768 162.651 -13 4247 1 0 1
1.97431 18.9062 12500 -0.61485 0.319071 27.9914 162.623 -13 4248 1 0 1
-15.2021 -16.2897 12500 -0.424419 -0.263108 27.9955 162.637 -13 4249 1 0 1
-1.36024 16.0953 12500 -0.560359 0.252669 27.9933 162.63 -13 4250 1 0 1
-2.36131 14.1859 12500 -0.587556 0.24028 27.9928 162.616 -13 4251 1 0 1
10.4374 -6.85693 12500 -0.705798 -0.134086 27.9908 162.608 -13 4252 1 0 1
-14.8567 16.2401 12500 -0.427095 0.215094 27.9959 162.635 -13 4253 1 0 1
-1.14971 -32.3165 12500 -0.572509 -0.518104 27.9894 162.642 -13 4254 1 0 1
17.67 26.2559 12500 -0.774852 0.423554 27.9861 162.624 -13 4255 1 0 1
3.44157 19.9517 12500 -0.63418 0.305191 27.9912 162.617 -13 4256 1 0 1
14.1217 -42.053 12500 -0.740523 -0.669354 27.9822 162.653 -13 4257 1 0 1
18.4814 17.4094 12500 -0.79218 0.289654 27.9873 162.608 -13 4258 1 0 1
-45.1114 -24.5415 12500 -0.0342536 -0.358193 27.9977 162.655 -13 4259 1 0 1
34.9112 -27.0437 12500 -0.955574 -0.428145 27.9804 162.632 -13 4260 1 0 1
-4.29441 -25.6788 12500 -0.532996 -0.392076 27.9922 162.639 -13 4261 1 0 1
23.4748 47.5388 12500 -0.850376 0.72217 27.9778 162.662 -13 4262 1 0 1
-2.15148 -21.8676 12500 -0.572118 -0.362234 27.9918 162.628 -13 4263 1 0 1
-17.0036 -27.4333 12500 -0.405287 -0.417698 27.994 162.644 -13 4264 1 0 1
51.9308 51.5113 12500 -1.18171 0.696805 27.9664 162.683 -13 4265 1 0 1
-25.0276 -5.38775 12500 -0.327841 -0.0997375 27.9979 162.64 -13 4266 1 0 1
-1.20419 14.1566 12500 -0.588848 0.245284 27.9927 162.62 -13 4267 1 0 1
11.6681 -16.2912 12500 -0.727059 -0.257127 27.9894 162.606 -13 4268 1 0 1
13.2922 19.6486 12500 -0.726713 0.284863 27.9891 162.613 -13 4269 1 0 1
47.3767 50.6522 12500 -1.13779 0.725812 27.9675 162.688 -13 4270 1 0 1
22.196 -9.54194 12500 -0.834523 -0.175859 27.987 162.601 -13 4271 1 0 1
-9.02693 -23.8657 12500 -0.490669 -0.376674 27.9932 162.638 -13 4272 1 0 1
8.9257 -19.3942 12500 -0.683538 -0.294483 27.9901 162.616 -13 4273 1 0 1
-17.0927 -34.9273 12500 -0.370926 -0.541215 27.9923 162.663 -13 4274 1 0 1
9.46412 -25.1644 12500 -0.68026 -0.394999 27.9889 162.629 -13 4275 1 0 1
23.8962 7.16084 12500 -0.849384 0.12113 27.9869 162.599 -13 4276 1 0 1
-33.1801 -66.1866 12500 -0.0603581 -0.906942 27.9852 162.697 -13 4277 1 0 1
-18.5865 10.6214 12500 -0.401441 0.179249 27.9965 162.634 -13 4278 1 0 1
5.84157 -23.8542 12500 -0.647416 -0.391644 27.9898 162.629 -13 4279 1 0 1
52.1931 0.257274 12500 -1.17491 0.000883928 27.9753 162.601 -13 4280 1 0 1
-20.2354 -5.34754 12500 -0.386319 -0.0701398 27.9972 162.632 -13 4281 1 0 1
-4.36332 5.5137 12500 -0.565024 0.0718091 27.9942 162.614 -13 4282 1 0 1
-8.49307 34.086 12500 -0.492873 0.534161 27.9906 162.647 -13 4283 1 0 1
-20.0157 7.15127 12500 -0.386847 0.0982953 27.9972 162.633 -13 4284 1 0 1
3.97613 -5.38368 12500 -0.642024 -0.0783853 27.9925 162.61 -13 4285 1 0 1
12.2294 19.1336 12500 -0.725967 0.342735 27.9885 162.617 -13 4286 1 0 1
-17.7917 -41.1152 12500 -0.358512 -0.604788 27.9912 162.665 -13 4287 1 0 1
-0.160516 17.0647 12500 -0.588681 0.278946 27.9924 162.624 -13 4288 1 0 1
7.36022 44.4946 12500 -0.647346 0.682064 27.9842 162.66 -13 4289 1 0 1
12.9958 -8.85799 12500 -0.739973 -0.136728 27.9899 162.602 -13 4290 1 0 1
-20.1213 -17.3188 12500 -0.405712 -0.282739 27.9956 162.628 -13 4291 1 0 1
28.2659 9.29525 12500 -0.88714 0.10719 27.9857 162.601 -13 4292 1 0 1
-14.6017 35.0515 12500 -0.396965 0.537695 27.992 162.66 -13 4293 1 0 1
8.18745 14.2574 12500 -0.709573 0.222555 27.9901 162.601 -13 4294 1 0 1
7.6627 24.3749 12500 -0.667581 0.402051 27.9892 162.628 -13 4295 1 0 1
-12.6207 -45.5285 12500 -0.400833 -0.686754 27.9887 162.676 -13 4296 1 0 1
14.2873 1.29616 12500 -0.764486 0.0279033 27.9895 162.594 -13 4297 1 0 1
30.0497 113.8 12500 -1.25386 1.53006 27.93 162.98 -13 4298 1 0 1
31.3267 45.2033 12500 -0.934677 0.682541 27.9761 162.662 -13 4299 1 0 1
-11.0611 2.55632 12500 -0.498884 0.0634032 27.9955 162.618 -13 4300 1 0 1
-0.847764 24.8499 12500 -0.598268 0.407804 27.9906 162.626 -13 4301 1 0 1
-34.0919 -32.5763 12500 -0.166949 -0.482139 27.9954 162.665 -13 4302 1 0 1
-21.74 -12.7653 12500 -0.375185 -0.196813 27.9968 162.634 -13 4303 1 0 1
-23.8866 -9.56856 12500 -0.345692 -0.142271 27.9975 162.637 -13 4304 1 0 1
45.8795 98.5454 12500 -1.20503 1.22006 27.9474 162.873 -13 4305 1 0 1
13.3867 48.1348 12500 -0.728739 0.746025 27.9806 162.665 -13 4306 1 0 1
2.79353 30.6229 12500 -0.60876 0.469484 27.9894 162.637 -13 4307 1 0 1
24.2661 -12.1442 12500 -0.852931 -0.191679 27.9863 162.602 -13 4308 1 0 1
-0.378878 14.7872 12500 -0.59464 0.22633 27.9928 162.619 -13 4309 1 0 1
30.9248 -26.1433 12500 -0.913992 -0.372363 27.9826 162.62 -13 4310 1 0 1
31.1891 -20.297 12500 -0.909963 -0.333893 27.9832 162.62 -13 4311 1 0 1
4.37464 40.5314 12500 -0.621396 0.662852 27.9853 162.662 -13 4312 1 0 1
-7.29142 -93.3018 12500 -0.301335 -1.33382 27.9666 162.804 -13 4313 1 0 1
2.88016 66.6345 12500 -0.547357 0.99459 27.977 162.724 -13 4314 1 0 1
-8.20591 -39.4001 12500 -0.475678 -0.601768 27.9895 162.659 -13 4315 1 0 1
-15.2661 -1.45917 12500 -0.444206 -0.030678 27.9965 162.626 -13 4316 1 0 1
26.6959 -36.6802 12500 -0.866373 -0.551395 27.9812 162.64 -13 4317 1 0 1
10.1753 5.15554 12500 -0.714959 0.0726893 27.9908 162.601 -13 4318 1 0 1
12.9807 -1.06803 12500 -0.728872 -0.0139076 27.9905 162.605 -13 4319 1 0 1
1.46109 -10.7118 12500 -0.613306 -0.17495 27.9927 162.616 -13 4320 1 0 1
-13.9738 0.553851 12500 -0.476305 0.0310768 27.9959 162.617 -13 4321 1 0 1
1.99361 -11.375 12500 -0.632623 -0.165917 27.9924 162.609 -13 4322 1 0 1
9.18145 6.88039 12500 -0.697548 0.123326 27.991 162.606 -13 4323 1 0 1
46.2999 55.6003 12500 -1.11824 0.768357 27.9671 162.695 -13 4324 1 0 1
15.4533 60.6738 12500 -0.717012 0.891612 27.9766 162.703 -13 4325 1 0 1
-2.52552 -5.30059 12500 -0.573577 -0.1128 27.9939 162.618 -13 4326 1 0 1
-8.60612 10.8215 12500 -0.512624 0.14662 27.9949 162.622 -13 4327 1 0 1
11.8882 8.203 12500 -0.749456 0.144714 27.9896 162.595 -13 4328 1 0 1
7.35257 -18.5339 12500 -0.660769 -0.28317 27.9908 162.62 -13 4329 1 0 1
15.4012 -3.90023 12500 -0.753925 -0.0647688 27.9898 162.604 -13 4330 1 0 1
-25.0728 2.20866 12500 -0.332331 0.0226113 27.998 162.637 -13 4331 1 0 1
18.4663 14.7164 12500 -0.799059 0.251775 27.9875 162.604 -13 4332 1 0 1
11.7609 -3.89555 12500 -0.713532 -0.0793333 27.9908 162.608 -13 4333 1 0 1
-8.91574 9.41964 12500 -0.513357 0.15301 27.9949 162.621 -13 4334 1 0 1
-14.6818 4.46827 12500 -0.454286 0.0730142 27.9962 162.624 -13 4335 1 0 1
20.4845 71.2441 12500 -0.777723 1.01931 27.9706 162.737 -13 4336 1 0 1
5.44462 65.7394 12500 -0.601297 1.00084 27.9756 162.724 -13 4337 1 0 1
-5.60759 -35.9556 12500 -0.515957 -0.556321 27.9897 162.651 -13 4338 1 0 1
21.2487 10.2136 12500 -0.808185 0.121413 27.9881 162.604 -13 4339 1 0 1
28.3685 -0.572432 12500 -0.901367 -0.0303215 27.9855 162.594 -13 4340 1 0 1
11.7216 47.0258 12500 -0.698713 0.726459 27.9819 162.665 -13 4341 1 0 1
5.53521 -21.0136 12500 -0.678166 -0.381253 27.9892 162.615 -13 4342 1 0 1
-6.49364 -19.5991 12500 -0.526115 -0.299916 27.9935 162.627 -13 4343 1 0 1
28.2925 41.0479 12500 -0.892364 0.631093 27.9787 162.652 -13 4344 1 0 1
16.2022 26.6304 12500 -0.753434 0.447981 27.9863 162.631 -13 4345 1 0 1
-5.69705 23.2151 12500 -0.528368 0.355691 27.9928 162.632 -13 4346 1 0 1
-22.7576 16.592 12500 -0.355999 0.259276 27.9965 162.637 -13 4347 1 0 1
3.92218 10.064 12500 -0.643487 0.194249 27.9919 162.614 -13 4348 1 0 1
15.4569 9.55547 12500 -0.772593 0.149924 27.9889 162.598 -13 4349 1 0 1
-18.6067 9.19467 12500 -0.420637 0.143232 27.9965 162.625 -13 4350 1 0 1
12.1384 23.3291 12500 -0.723316 0.363872 27.9883 162.617 -13 4351 1 0 1
10.4684 -9.99072 12500 -0.727847 -0.160622 27.9901 162.598 -13 4352 1 0 1
3.06544 -15.5581 12500 -0.637166 -0.264556 27.9915 162.614 -13 4353 1 0 1
25.2044 30.9008 12500 -0.857676 0.46975 27.9829 162.626 -13 4354 1 0 1
-26.2837 -33.5122 12500 -0.292826 -0.496076 27.9941 162.653 -13 4355 1 0 1
-7.21683 -29.2899 12500 -0.494267 -0.473765 27.9916 162.65 -13 4356 1 0 1
-9.62742 -4.47526 12500 -0.509938 -0.0596159 27.9953 162.618 -13 4357 1 0 1
16.8713 39.2783 12500 -0.771792 0.612083 27.9827 162.643 -13 4358 1 0 1
15.4417 44.5895 12500 -0.734486 0.69039 27.9818 162.662 -13 4359 1 0 1
17.4522 24.7698 12500 -0.770886 0.382709 27.9868 162.62 -13 4360 1 0 1
13.6583 69.3239 12500 -0.698111 1.00774 27.9731 162.726 -13 4361 1 0 1
27.3753 11.7661 12500 -0.899673 0.185228 27.9849 162.596 -13 4362 1 0 1
4.01012 25.1895 12500 -0.631211 0.404912 27.99 162.629 -13 4363 1 0 1
19.1422 17.0335 12500 -0.800973 0.300202 27.9869 162.609 -13 4364 1 0 1
3.12803 -24.0142 12500 -0.631129 -0.392067 27.9901 162.625 -13 4365 1 0 1
-23.0568 -11.5389 12500 -0.35044 -0.219266 27.9969 162.641 -13 4366 1 0 1
14.6959 -4.88249 12500 -0.743006 -0.0943374 27.99 162.607 -13 4367 1 0 1
5.74283 5.59391 12500 -0.654934 0.0704716 27.9923 162.611 -13 4368 1 0 1
-21.6381 -33.0432 12500 -0.328651 -0.500638 27.9936 162.659 -13 4369 1 0 1
-3.45511 -49.319 12500 -0.526554 -0.746896 27.9851 162.67 -13 4370 1 0 1
-2.87775 -11.2339 12500 -0.554842 -0.178054 27.9939 162.627 -13 4371 1 0 1
-16.2024 -49.1877 12500 -0.34371 -0.759117 27.9876 162.686 -13 4372 1 0 1
35.9375 11.857 12500 -0.989675 0.199365 27.9818 162.602 -13 4373 1 0 1
10.9167 -13.417 12500 -0.714504 -0.210099 27.9901 162.608 -13 4374 1 0 1
20.4014 38.0775 12500 -0.804509 0.60124 27.982 162.645 -13 4375 1 0 1
5.095 -16.6525 12500 -0.643969 -0.22079 27.9917 162.616 -13 4376 1 0 1
10.62 12.3462 12500 -0.703901 0.175862 27.9906 162.61 -13 4377 1 0 1
6.65869 50.0246 12500 -0.632077 0.730483 27.9833 162.667 -13 4378 1 0 1
6.20597 -8.62213 12500 -0.682525 -0.144502 27.9913 162.602 -13 4379 1 0 1
37.0381 18.8293 12500 -0.994622 0.311001 27.9806 162.613 -13 4380 1 0 1
-1.25977 -22.6258 12500 -0.573987 -0.342808 27.992 162.629 -13 4381 1 0 1
16.39 32.1025 12500 -0.741837 0.52622 27.9852 162.644 -13 4382 1 0 1
-4.01853 -4.88725 12500 -0.565074 -0.0969937 27.9941 162.616 -13 4383 1 0 1
37.1963 -3.22204 12500 -1.00323 -0.0736719 27.9819 162.596 -13 4384 1 0 1
-12.783 -8.03223 12500 -0.468687 -0.135652 27.9957 162.626 -13 4385 1 0 1
-3.39482 -7.1908 12500 -0.560913 -0.132755 27.9941 162.621 -13 4386 1 0 1
20.4487 -30.9664 12500 -0.803158 -0.471185 27.9845 162.627 -13 4387 1 0 1
1.13787 -11.4259 12500 -0.604947 -0.19743 27.9928 162.621 -13 4388 1 0 1
-2.77002 -27.0144 12500 -0.561438 -0.415176 27.9913 162.634 -13 4389 1 0 1
-18.1159 -17.7779 12500 -0.407063 -0.297331 27.9955 162.635 -13 4390 1 0 1
-19.4039 -5.21806 12500 -0.405941 -0.114107 27.9968 162.628 -13 4391 1 0 1
8.92176 -10.7395 12500 -0.706652 -0.170897 27.9906 162.602 -13 4392 1 0 1
-14.3861 -19.5591 12500 -0.438099 -0.279217 27.9952 162.633 -13 4393 1 0 1
-14.5297 -12.9761 12500 -0.465558 -0.201037 27.9954 162.622 -13 4394 1 0 1
-20.2548 -75.6788 12500 -0.171207 -1.07586 27.9788 162.733 -13 4395 1 0 1
13.3587 12.4742 12500 -0.735562 0.214214 27.9895 162.61 -13 4396 1 0 1
15.9055 14.8515 12500 -0.752884 0.254719 27.9887 162.614 -13 4397 1 0 1
21.6658 20.5305 12500 -0.824606 0.320166 27.986 162.608 -13 4398 1 0 1
4.10481 68.7465 12500 -0.563813 0.991727 27.9768 162.721 -13 4399 1 0 1
39.9263 23.6302 12500 -1.03155 0.350848 27.9788 162.615 -13 4400 1 0 1
-1.95513 -4.54415 12500 -0.601909 -0.0774268 27.9934 162.606 -13 4401 1 0 1
12.4046 -18.1248 12500 -0.71965 -0.266441 27.9895 162.612 -13 4402 1 0 1
55.9552 -20.5579 12500 -1.22783 -0.312805 27.9713 162.619 -13 4403 1 0 1
15.0095 7.49599 12500 -0.763468 0.11879 27.9893 162.599 -13 4404 1 0 1
7.06141 -15.3034 12500 -0.678391 -0.287473 27.9903 162.615 -13 4405 1 0 1
-5.0777 42.1896 12500 -0.535457 0.64389 27.9875 162.652 -13 4406 1 0 1
47.0169 -28.5349 12500 -1.11132 -0.412554 27.9749 162.63 -13 4407 1 0 1
8.95723 23.9267 12500 -0.676761 0.406321 27.9889 162.629 -13 4408 1 0 1
1.88299 -37.7977 12500 -0.590383 -0.625442 27.9868 162.661 -13 4409 1 0 1
3.1614 8.72095 12500 -0.62944 0.120298 27.9927 162.613 -13 4410 1 0 1
17.0525 20.1439 12500 -0.797878 0.322633 27.9868 162.602 -13 4411 1 0 1
-8.82729 -0.0772276 12500 -0.507664 -0.0067249 27.9954 162.622 -13 4412 1 0 1
1.12861 -43.6597 12500 -0.581471 -0.685038 27.9856 162.663 -13 4413 1 0 1
41.945 40.2611 12500 -1.06535 0.58858 27.9735 162.649 -13 4414 1 0 1
17.706 -6.65043 12500 -0.790569 -0.101778 27.9887 162.597 -13 4415 1 0 1
21.1128 -35.4119 12500 -0.822172 -0.559662 27.9823 162.635 -13 4416 1 0 1
-10.0743 0.10225 12500 -0.510014 0.0198317 27.9953 162.617 -13 4417 1 0 1
13.8991 20.3448 12500 -0.736826 0.336826 27.9883 162.616 -13 4418 1 0 1
-27.245 -63.1888 12500 -0.159494 -0.882963 27.9856 162.699 -13 4419 1 0 1
27.2647 42.1768 12500 -0.872136 0.663097 27.9786 162.663 -13 4420 1 0 1
4.41449 -8.25129 12500 -0.645803 -0.153355 27.9921 162.613 -13 4421 1 0 1
20.7096 91.3326 12500 -0.822744 1.28647 27.9583 162.839 -13 4422 1 0 1
-35.2734 -22.6042 12500 -0.208779 -0.316678 27.9974 162.644 -13 4423 1 0 1
25.4552 13.619 12500 -0.87995 0.232678 27.9852 162.6 -13 4424 1 0 1
15.4022 11.7303 12500 -0.770148 0.194279 27.9887 162.601 -13 4425 1 0 1
38.1132 14.7134 12500 -0.999355 0.192909 27.9815 162.605 -13 4426 1 0 1
-22.2547 -23.2417 12500 -0.360393 -0.358852 27.9954 162.639 -13 4427 1 0 1
5.32171 -8.93004 12500 -0.667115 -0.158411 27.9916 162.606 -13 4428 1 0 1
34.8855 13.2036 12500 -0.976453 0.218133 27.9821 162.604 -13 4429 1 0 1
-10.6281 33.544 12500 -0.467852 0.502295 27.9916 162.646 -13 4430 1 0 1
-6.47017 20.5627 12500 -0.523732 0.280167 27.9937 162.627 -13 4431 1 0 1
17.6738 2.06644 12500 -0.784993 0.00115245 27.989 162.599 -13 4432 1 0 1
2.84775 -49.5559 12500 -0.591375 -0.74103 27.9839 162.67 -13 4433 1 0 1
-9.2853 -30.3484 12500 -0.483904 -0.46694 27.9919 162.643 -13 4434 1 0 1
-21.5012 -13.0066 12500 -0.369925 -0.205968 27.9968 162.637 -13 4435 1 0 1
54.9882 17.6908 12500 -1.19858 0.236339 27.9733 162.615 -13 4436 1 0 1
-15.2146 -17.7291 12500 -0.440084 -0.310139 27.9948 162.633 -13 4437 1 0 1
18.5995 -22.4488 12500 -0.780627 -0.376046 27.9866 162.621 -13 4438 1 0 1
-17.3921 -39.3428 12500 -0.363603 -0.601247 27.9912 162.666 -13 4439 1 0 1
27.23 29.5626 12500 -0.87743 0.475504 27.9822 162.632 -13 4440 1 0 1
7.97011 -22.0645 12500 -0.671607 -0.364216 27.9896 162.623 -13 4441 1 0 1
-8.09133 -43.993 12500 -0.457342 -0.67009 27.9882 162.672 -13 4442 1 0 1
2.26891 -15.1056 12500 -0.60797 -0.267522 27.9921 162.626 -13 4443 1 0 1
1.88389 34.1596 12500 -0.600167 0.539578 27.9884 162.644 -13 4444 1 0 1
2.01616 21.3187 12500 -0.610569 0.345223 27.9912 162.625 -13 4445 1 0 1
-7.28459 -24.7399 12500 -0.515183 -0.404156 27.9923 162.636 -13 4446 1 0 1
13.9776 -4.15933 12500 -0.748112 -0.0737122 27.9899 162.601 -13 4447 1 0 1
-11.8322 -39.3887 12500 -0.430256 -0.63418 27.9895 162.668 -13 4448 1 0 1
4.61189 -7.20134 12500 -0.660586 -0.143218 27.9918 162.606 -13 4449 1 0 1
6.87161 15.4432 12500 -0.659509 0.251309 27.9911 162.618 -13 4450 1 0 1
5.32372 -22.3878 12500 -0.6499 -0.372649 27.99 162.623 -13 4451 1 0 1
-4.5958 10.3812 12500 -0.56451 0.179129 27.9937 162.616 -13 4452 1 0 1
-25.7256 -78.4726 12500 -0.096848 -1.0603 27.9797 162.721 -13 4453 1 0 1
-18.0764 -8.1368 12500 -0.40492 -0.161773 27.9966 162.635 -13 4454 1 0 1
15.9207 12.7916 12500 -0.763376 0.198094 27.9889 162.606 -13 4455 1 0 1
-4.88745 5.72559 12500 -0.548711 0.103392 27.9944 162.62 -13 4456 1 0 1
19.538 -32.1387 12500 -0.781704 -0.519987 27.9843 162.64 -13 4457 1 0 1
2.31147 -6.52857 12500 -0.611805 -0.0639258 27.9932 162.618 -13 4458 1 0 1
3.40455 38.534 12500 -0.604854 0.603235 27.987 162.654 -13 4459 1 0 1
12.4876 -1.36967 12500 -0.734669 -0.0110231 27.9904 162.6 -13 4460 1 0 1
-22.9636 -30.4597 12500 -0.33833 -0.481505 27.9938 162.651 -13 4461 1 0 1
12.2741 -13.2008 12500 -0.723842 -0.212582 27.9898 162.61 -13 4462 1 0 1
17.5556 41.8312 12500 -0.763354 0.665034 27.9817 162.659 -13 4463 1 0 1
10.1597 -5.89091 12500 -0.700596 -0.0783324 27.9911 162.608 -13 4464 1 0 1
-10.9149 3.08083 12500 -0.499654 0.0350408 27.9955 162.618 -13 4465 1 0 1
34.9712 -12.0006 12500 -0.993607 -0.215232 27.9815 162.598 -13 4466 1 0 1
-2.63568 -10.5575 12500 -0.57604 -0.203606 27.9933 162.62 -13 4467 1 0 1
10.615 -16.2724 12500 -0.707699 -0.238283 27.99 162.609 -13 4468 1 0 1
-7.77807 -2.27023 12500 -0.522038 -0.0482405 27.9951 162.62 -13 4469 1 0 1
-20.7858 10.7998 12500 -0.374289 0.191557 27.9968 162.637 -13 4470 1 0 1
-0.0717618 38.4329 12500 -0.573455 0.613228 27.9874 162.656 -13 4471 1 0 1
-21.9909 -9.17346 12500 -0.366528 -0.148983 27.9972 162.636 -13 4472 1 0 1
7.03039 -16.9242 12500 -0.687937 -0.272847 27.9902 162.606 -13 4473 1 0 1
8.26155 -11.7746 12500 -0.700842 -0.203271 27.9905 162.605 -13 4474 1 0 1
1.05233 8.79428 12500 -0.60354 0.154135 27.9931 162.619 -13 4475 1 0 1
4.59773 -57.6192 12500 -0.607814 -0.890076 27.9792 162.7 -13 4476 1 0 1
22.4134 2.55028 12500 -0.831662 0.0304724 27.9876 162.598 -13 4477 1 0 1
-22.806 1.35934 12500 -0.344638 0.0398273 27.9979 162.64 -13 4478 1 0 1
32.5699 43.9943 12500 -0.94424 0.671557 27.976 162.664 -13 4479 1 0 1
36.8074 76.6316 12500 -1.03522 1.06681 27.9605 162.782 -13 4480 1 0 1
14.1917 60.8787 12500 -0.694248 0.91515 27.9764 162.713 -13 4481 1 0 1
-26.2962 3.49156 12500 -0.320154 0.053269 27.9981 162.637 -13 4482 1 0 1
10.5577 13.0304 12500 -0.707709 0.189681 27.9904 162.609 -13 4483 1 0 1
24.6624 13.891 12500 -0.854142 0.196434 27.9863 162.602 -13 4484 1 0 1
-19.4658 -27.7631 12500 -0.386978 -0.416566 27.9942 162.642 -13 4485 1 0 1
-5.07135 0.87965 12500 -0.551265 0.0142239 27.9946 162.617 -13 4486 1 0 1
-26.3424 -33.8349 12500 -0.280739 -0.520846 27.9937 162.659 -13 4487 1 0 1
-8.38799 -51.9814 12500 -0.440265 -0.790275 27.9854 162.688 -13 4488 1 0 1
0.765236 23.8428 12500 -0.605025 0.411342 27.9904 162.63 -13 4489 1 0 1
-1.95744 -34.7057 12500 -0.557124 -0.576519 27.9885 162.654 -13 4490 1 0 1
7.20063 -32.453 12500 -0.647017 -0.481482 27.9884 162.638 -13 4491 1 0 1
35.9702 39.4731 12500 -1.00744 0.594645 27.9756 162.643 -13 4492 1 0 1
-21.4461 -29.6427 12500 -0.358765 -0.449402 27.9941 162.647 -13 4493 1 0 1
46.3045 -17.9164 12500 -1.11207 -0.261298 27.9767 162.606 -13 4494 1 0 1
-8.14608 -35.4713 12500 -0.48632 -0.562266 27.9901 162.654 -13 4495 1 0 1
38.1811 -15.9927 12500 -1.01787 -0.259866 27.9803 162.605 -13 4496 1 0 1
-26.1041 -22.4023 12500 -0.313597 -0.326573 27.9963 162.642 -13 4497 1 0 1
-20.3095 -36.2983 12500 -0.338206 -0.559422 27.9924 162.664 -13 4498 1 0 1
25.6295 45.9368 12500 -0.859164 0.707313 27.9779 162.667 -13 4499 1 0 1
-15.1602 22.1108 12500 -0.452417 0.296557 27.9948 162.628 -13 4500 1 0 1
2.888 -2.51722 12500 -0.636817 -0.00435392 27.9928 162.608 -13 4501 1 0 1
25.8897 24.4831 12500 -0.865289 0.364867 27.9842 162.615 -13 4502 1 0 1
-14.3781 -41.7665 12500 -0.40406 -0.646064 27.9896 162.666 -13 4503 1 0 1
-46.074 -17.9076 12500 -0.0801997 -0.258757 27.9987 162.643 -13 4504 1 0 1
-15.2736 -48.9979 12500 -0.383702 -0.733571 27.9878 162.672 -13 4505 1 0 1
19.6282 -5.17021 12500 -0.790645 -0.0782268 27.9887 162.605 -13 4506 1 0 1
7.48456 -19.5923 12500 -0.666167 -0.330906 27.9901 162.622 -13 4507 1 0 1
-18.6517 21.4717 12500 -0.394149 0.322478 27.9954 162.637 -13 4508 1 0 1
22.8621 57.7384 12500 -0.840729 0.891492 27.9732 162.709 -13 4509 1 0 1
-20.4958 -6.80914 12500 -0.394883 -0.100269 27.997 162.628 -13 4510 1 0 1
32.9109 30.4357 12500 -0.9563 0.443953 27.9801 162.621 -13 4511 1 0 1
3.58427 -10.5517 12500 -0.650218 -0.189528 27.9918 162.609 -13 4512 1 0 1
-22.5618 -21.6204 12500 -0.34531 -0.3172 27.9961 162.642 -13 4513 1 0 1
-7.68738 -0.697847 12500 -0.530313 -0.0378607 27.995 162.617 -13 4514 1 0 1
3.78233 -43.8305 12500 -0.597945 -0.681443 27.9853 162.667 -13 4515 1 0 1
-2.82999 -2.99402 12500 -0.574431 -0.0408073 27.9941 162.615 -13 4516 1 0 1
12.8894 51.8138 12500 -0.714972 0.797493 27.9795 162.678 -13 4517 1 0 1
33.3619 66.3498 12500 -0.968451 0.931476 27.9677 162.724 -13 4518 1 0 1
-18.2895 -102.527 12500 0.0120887 -1.35981 27.967 162.784 -13 4519 1 0 1
24.2231 10.3999 12500 -0.861955 0.180305 27.9861 162.598 -13 4520 1 0 1
-4.89484 -30.2897 12500 -0.546391 -0.486977 27.9904 162.637 -13 4521 1 0 1
-0.812525 1.77957 12500 -0.593437 0.0396601 27.9937 162.614 -13 4522 1 0 1
10.9472 -5.62134 12500 -0.705433 -0.0725472 27.991 162.608 -13 4523 1 0 1
18.5616 25.4454 12500 -0.778728 0.381791 27.9866 162.621 -13 4524 1 0 1
-4.92452 25.5206 12500 -0.524988 0.410857 27.9921 162.641 -13 4525 1 0 1
7.36432 6.0163 12500 -0.675085 0.111158 27.9916 162.609 -13 4526 1 0 1
11.0937 43.1306 12500 -0.696077 0.684046 27.983 162.66 -13 4527 1 0 1
10.8142 7.70823 12500 -0.698264 0.127408 27.991 162.612 -13 4528 1 0 1
-9.74721 -13.9702 12500 -0.501649 -0.220416 27.9946 162.625 -13 4529 1 0 1
-4.28401 8.65795 12500 -0.557252 0.172517 27.9939 162.621 -13 4530 1 0 1
-5.00196 27.4588 12500 -0.540975 0.460912 27.991 162.639 -13 4531 1 0 1
-23.8917 15.9696 12500 -0.331901 0.258922 27.9968 162.643 -13 4532 1 0 1
15.9003 50.7712 12500 -0.744152 0.766026 27.9796 162.672 -13 4533 1 0 1
2.32968 -115.289 12500 -0.740133 -1.70481 27.9383 162.932 -13 4534 1 0 1
-3.90265 -20.5012 12500 -0.579109 -0.318911 27.9922 162.614 -13 4535 1 0 1
7.01821 57.1849 12500 -0.658697 0.874487 27.9786 162.691 -13 4536 1 0 1
21.3627 54.6542 12500 -0.80314 0.820422 27.9765 162.688 -13 4537 1 0 1
6.78732 32.2496 12500 -0.663709 0.509288 27.9875 162.633 -13 4538 1 0 1
25.2694 1.03839 12500 -0.866552 0.0209527 27.9866 162.595 -13 4539 1 0 1
-15.4753 -27.049 12500 -0.414302 -0.426237 27.9937 162.648 -13 4540 1 0 1
-19.6384 5.08806 12500 -0.38698 0.0983052 27.9972 162.634 -13 4541 1 0 1
-10.0319 -24.9792 12500 -0.474926 -0.414733 27.9929 162.643 -13 4542 1 0 1
15.1419 -22.8698 12500 -0.74993 -0.348378 27.9878 162.616 -13 4543 1 0 1
6.28518 -28.0622 12500 -0.653716 -0.457956 27.9886 162.634 -13 4544 1 0 1
-3.79113 -5.33161 12500 -0.567132 -0.0809199 27.9941 162.615 -13 4545 1 0 1
-10.6387 -11.5405 12500 -0.484131 -0.217305 27.995 162.631 -13 4546 1 0 1
-10.9867 17.4941 12500 -0.495496 0.278777 27.9942 162.624 -13 4547 1 0 1
-27.6769 -26.5193 12500 -0.295434 -0.399333 27.9956 162.646 -13 4548 1 0 1
5.60021 17.2592 12500 -0.648462 0.240358 27.9915 162.616 -13 4549 1 0 1
12.0714 -6.26718 12500 -0.738192 -0.103384 27.9901 162.598 -13 4550 1 0 1
21.7488 23.67 12500 -0.828001 0.345837 27.9856 162.61 -13 4551 1 0 1
21.6383 8.47462 12500 -0.820127 0.13571 27.9877 162.602 -13 4552 1 0 1
7.8505 24.4036 12500 -0.681179 0.364443 27.9893 162.619 -13 4553 1 0 1
-0.736897 50.9883 12500 -0.527384 0.801949 27.9835 162.69 -13 4554 1 0 1
5.20185 -9.04496 12500 -0.668499 -0.141043 27.9917 162.604 -13 4555 1 0 1
4.45428 -4.39741 12500 -0.649951 -0.0651858 27.9924 162.608 -13 4556 1 0 1
-5.93183 -27.2417 12500 -0.542568 -0.436438 27.9913 162.632 -13 4557 1 0 1
-15.9582 17.8147 12500 -0.440187 0.279201 27.9951 162.628 -13 4558 1 0 1
12.9055 -15.3941 12500 -0.732296 -0.261111 27.9892 162.61 -13 4559 1 0 1
1.6469 -39.7704 12500 -0.592733 -0.630019 27.9866 162.656 -13 4560 1 0 1
15.926 38.1488 12500 -0.753439 0.591987 27.9836 162.643 -13 4561 1 0 1
-4.31971 5.79286 12500 -0.55523 0.0518745 27.9944 162.618 -13 4562 1 0 1
-15.275 -36.9812 12500 -0.40978 -0.57379 27.9911 162.656 -13 4563 1 0 1
-5.67754 38.2216 12500 -0.522615 0.600104 27.9887 162.652 -13 4564 1 0 1
-8.80772 -2.60785 12500 -0.532556 -0.0703837 27.9948 162.612 -13 4565 1 0 1
-13.9003 -36.6627 12500 -0.412783 -0.547389 27.9916 162.658 -13 4566 1 0 1
-7.57397 2.73216 12500 -0.5089 0.0565648 27.9953 162.626 -13 4567 1 0 1
21.921 -0.957718 12500 -0.827078 -0.026952 27.9878 162.597 -13 4568 1 0 1
12.4194 16.7331 12500 -0.717879 0.256717 27.9896 162.613 -13 4569 1 0 1
-6.64863 4.12811 12500 -0.548149 0.1009 27.9945 162.614 -13 4570 1 0 1
-11.3144 -36.488 12500 -0.459543 -0.544737 27.9909 162.649 -13 4571 1 0 1
-6.13207 -10.7315 12500 -0.540607 -0.178024 27.9942 162.621 -13 4572 1 0 1
24.2784 -6.06911 12500 -0.867657 -0.0988614 27.9864 162.592 -13 4573 1 0 1
7.85115 -0.548583 12500 -0.679417 0.00876562 27.9918 162.608 -13 4574 1 0 1
8.12294 8.05357 12500 -0.67834 0.160195 27.9913 162.613 -13 4575 1 0 1
-17.5724 -23.4724 12500 -0.407299 -0.35559 27.9948 162.638 -13 4576 1 0 1
29.8491 5.14892 12500 -0.921395 0.0869194 27.9847 162.594 -13 4577 1 0 1
-12.0002 -13.7249 12500 -0.472899 -0.227072 27.9951 162.63 -13 4578 1 0 1
-24.9438 -90.3495 12500 -0.00364924 -1.19566 27.9745 162.743 -13 4579 1 0 1
-14.5264 -3.22931 12500 -0.451833 -0.0416206 27.9963 162.625 -13 4580 1 0 1
15.6516 -35.0993 12500 -0.748566 -0.534563 27.9849 162.636 -13 4581 1 0 1
13.7461 7.42153 12500 -0.740952 0.137019 27.9899 162.605 -13 4582 1 0 1
-17.7816 -70.9007 12500 -0.268942 -1.01903 27.9802 162.715 -13 4583 1 0 1
-0.508324 0.216815 12500 -0.609833 0.00997904 27.9934 162.608 -13 4584 1 0 1
-24.4095 1.72951 12500 -0.347652 0.0199901 27.9978 162.634 -13 4585 1 0 1
-12.9864 -39.504 12500 -0.436437 -0.59909 27.9902 162.655 -13 4586 1 0 1
12.991 58.2883 12500 -0.706509 0.868624 27.9776 162.694 -13 4587 1 0 1
-0.0929001 -5.29036 12500 -0.608537 -0.102999 27.9932 162.611 -13 4588 1 0 1
-0.0891354 -11.4342 12500 -0.608632 -0.220294 27.9925 162.616 -13 4589 1 0 1
-14.8934 37.8008 12500 -0.422239 0.576709 27.9909 162.653 -13 4590 1 0 1
-2.55073 -19.9928 12500 -0.564495 -0.349601 27.9921 162.63 -13 4591 1 0 1
-18.9861 -83.1634 12500 -0.140092 -1.16522 27.9754 162.752 -13 4592 1 0 1
5.96869 31.2588 12500 -0.648417 0.479986 27.9884 162.633 -13 4593 1 0 1
6.6881 -1.09566 12500 -0.666159 -0.0151478 27.9921 162.609 -13 4594 1 0 1
3.03719 -56.2183 12500 -0.561416 -0.879531 27.9806 162.711 -13 4595 1 0 1
9.51505 61.1746 12500 -0.639208 0.918436 27.9776 162.711 -13 4596 1 0 1
-2.00124 -10.4581 12500 -0.580767 -0.168529 27.9935 162.618 -13 4597 1 0 1
11.6329 -0.0892236 12500 -0.722777 -0.0187944 27.9907 162.602 -13 4598 1 0 1
-9.39503 17.5864 12500 -0.49051 0.292565 27.9942 162.632 -13 4599 1 0 1
-8.24892 -32.9982 12500 -0.502525 -0.535364 27.9904 162.645 -13 4600 1 0 1
11.8286 73.5301 12500 -0.679342 1.0912 27.9705 162.752 -13 4601 1 0 1
25.781 -6.06451 12500 -0.871733 -0.0630481 27.9864 162.596 -13 4602 1 0 1
23.7661 -1.41436 12500 -0.845958 -0.0350496 27.9872 162.598 -13 4603 1 0 1
18.3729 5.32037 12500 -0.781774 0.0955154 27.9889 162.604 -13 4604 1 0 1
-2.9987 -37.223 12500 -0.556965 -0.61609 27.9877 162.654 -13 4605 1 0 1
10.2677 26.5733 12500 -0.700806 0.409061 27.9882 162.623 -13 4606 1 0 1
21.7934 60.4238 12500 -0.801021 0.89769 27.9741 162.71 -13 4607 1 0 1
-7.05805 -1.36583 12500 -0.523108 -0.043646 27.9951 162.622 -13 4608 1 0 1
-23.1014 9.26361 12500 -0.358559 0.130045 27.9974 162.634 -13 4609 1 0 1
38.7752 29.5226 12500 -1.03713 0.442816 27.9773 162.621 -13 4610 1 0 1
-7.40934 5.08946 12500 -0.534447 0.0889167 27.9948 162.616 -13 4611 1 0 1
-10.9568 12.2611 12500 -0.489026 0.181609 27.9951 162.625 -13 4612 1 0 1
1.5887 1.01119 12500 -0.631181 0.00474333 27.9929 162.606 -13 4613 1 0 1
-9.15088 -30.2674 12500 -0.476772 -0.463084 27.9921 162.647 -13 4614 1 0 1
-24.9084 -43.7337 12500 -0.261245 -0.671151 27.9907 162.676 -13 4615 1 0 1
36.3852 50.8035 12500 -1.00561 0.738785 27.9722 162.675 -13 4616 1 0 1
-35.6466 1.62564 12500 -0.23218 0.0112672 27.999 162.636 -13 4617 1 0 1
10.8358 5.82269 12500 -0.713104 0.0863459 27.9908 162.604 -13 4618 1 0 1
10.0149 -6.49738 12500 -0.690646 -0.134521 27.9912 162.614 -13 4619 1 0 1
-0.863045 35.4305 12500 -0.575815 0.559448 27.9885 162.646 -13 4620 1 0 1
-14.19 -4.24912 12500 -0.461887 -0.0757661 27.9961 162.623 -13 4621 1 0 1
1.42052 79.6477 12500 -0.489494 1.16077 27.9716 162.77 -13 4622 1 0 1
12.4446 -20.512 12500 -0.720867 -0.309593 27.989 162.614 -13 4623 1 0 1
16.4672 63.2146 12500 -0.750497 0.949036 27.9738 162.715 -13 4624 1 0 1
19.1193 20.5565 12500 -0.801553 0.348289 27.9864 162.612 -13 4625 1 0 1
0.944782 0.0521324 12500 -0.60453 0.0227661 27.9935 162.615 -13 4626 1 0 1
-17.4335 -16.919 12500 -0.411391 -0.292892 27.9954 162.636 -13 4627 1 0 1
16.459 -16.2113 12500 -0.773338 -0.26776 27.988 162.606 -13 4628 1 0 1
8.50458 -34.743 12500 -0.675171 -0.508329 27.9872 162.633 -13 4629 1 0 1
3.50005 14.2221 12500 -0.65309 0.208464 27.9916 162.607 -13 4630 1 0 1
-5.92288 14.0873 12500 -0.53354 0.214576 27.9941 162.625 -13 4631 1 0 1
-18.0366 -29.0419 12500 -0.384045 -0.443291 27.9939 162.65 -13 4632 1 0 1
8.9834 -19.4733 12500 -0.683703 -0.263941 27.9904 162.614 -13 4633 1 0 1
-10.9049 6.83559 12500 -0.492615 0.10597 27.9955 162.622 -13 4634 1 0 1
-14.1326 24.0005 12500 -0.440917 0.37485 27.994 162.638 -13 4635 1 0 1
16.2645 19.6427 12500 -0.76606 0.29109 27.988 162.608 -13 4636 1 0 1
30.7819 -42.8783 12500 -0.935693 -0.664353 27.9765 162.658 -13 4637 1 0 1
-9.48281 -4.02445 12500 -0.501394 -0.0914648 27.9954 162.624 -13 4638 1 0 1
-4.2321 0.128534 12500 -0.567907 0.0229696 27.9942 162.613 -13 4639 1 0 1
22.4871 17.6891 12500 -0.825741 0.273429 27.9865 162.608 -13 4640 1 0 1
26.5653 10.6426 12500 -0.866364 0.144751 27.9862 162.603 -13 4641 1 0 1
12.2443 1.12365 12500 -0.731398 -0.00696095 27.9904 162.601 -13 4642 1 0 1
24.7009 61.3628 12500 -0.842256 0.879362 27.9735 162.701 -13 4643 1 0 1
21.3064 -11.8272 12500 -0.81646 -0.162489 27.9876 162.603 -13 4644 1 0 1
32.387 29.4128 12500 -0.947992 0.456601 27.9802 162.626 -13 4645 1 0 1
5.86787 -14.4132 12500 -0.662625 -0.244896 27.9911 162.614 -13 4646 1 0 1
-17.6109 -84.5812 12500 -0.177576 -1.16694 27.9751 162.75 -13 4647 1 0 1
7.79331 -15.0097 12500 -0.684151 -0.255613 27.9905 162.612 -13 4648 1 0 1
15.6593 6.05816 12500 -0.775668 0.10734 27.989 162.596 -13 4649 1 0 1
24.4456 18.1482 12500 -0.853719 0.27849 27.9856 162.605 -13 4650 1 0 1
-9.20145 -9.87049 12500 -0.511884 -0.137089 27.995 162.62 -13 4651 1 0 1
5.40727 -20.2639 12500 -0.640823 -0.327162 27.9908 162.624 -13 4652 1 0 1
9.51299 29.0843 12500 -0.684966 0.483371 27.9874 162.636 -13 4653 1 0 1
9.19193 -13.7395 12500 -0.721151 -0.235973 27.9897 162.6 -13 4654 1 0 1
6.32217 20.9178 12500 -0.673105 0.328902 27.99 162.613 -13 4655 1 0 1
-13.1597 29.2168 12500 -0.438442 0.444902 27.993 162.646 -13 4656 1 0 1
11.0812 -42.8054 12500 -0.714069 -0.679842 27.9826 162.652 -13 4657 1 0 1
-11.8965 6.57815 12500 -0.494287 0.107881 27.9954 162.618 -13 4658 1 0 1
3.10527 -37.3134 12500 -0.611835 -0.555977 27.9878 162.643 -13 4659 1 0 1
-20.9524 -29.6749 12500 -0.350215 -0.465573 27.9939 162.654 -13 4660 1 0 1
2.113 20.7578 12500 -0.622637 0.355613 27.9908 162.622 -13 4661 1 0 1
0.544405 -6.47693 12500 -0.596963 -0.0935678 27.9935 162.618 -13 4662 1 0 1
30.8044 88.8591 12500 -0.978331 1.19763 27.9573 162.82 -13 4663 1 0 1
33.4925 34.4082 12500 -0.959841 0.502788 27.979 162.629 -13 4664 1 0 1
15.5165 24.5134 12500 -0.757975 0.366107 27.9873 162.616 -13 4665 1 0 1
28.8752 5.21955 12500 -0.897823 0.0855289 27.9855 162.6 -13 4666 1 0 1
-2.25255 -14.158 12500 -0.56618 -0.258205 27.9931 162.628 -13 4667 1 0 1
18.181 -30.6366 12500 -0.77507 -0.492242 27.9849 162.634 -13 4668 1 0 1
-18.7026 27.0164 12500 -0.396764 0.420275 27.994 162.642 -13 4669 1 0 1
-3.88723 -19.9418 12500 -0.569805 -0.334747 27.9922 162.621 -13 4670 1 0 1
-31.4863 -19.698 12500 -0.265529 -0.272771 27.9974 162.639 -13 4671 1 0 1
-10.6793 -10.5748 12500 -0.482587 -0.162347 27.9954 162.628 -13 4672 1 0 1
-22.5715 13.524 12500 -0.362781 0.225758 27.9967 162.637 -13 4673 1 0 1
-22.7141 -10.7796 12500 -0.361302 -0.117197 27.9974 162.634 -13 4674 1 0 1
-2.36736 1.89901 12500 -0.573468 0.0334535 27.9941 162.617 -13 4675 1 0 1
-23.8584 -73.9941 12500 -0.133485 -1.03233 27.9806 162.721 -13 4676 1 0 1
-1.16869 -42.3471 12500 -0.561781 -0.685052 27.986 162.665 -13 4677 1 0 1
15.8502 5.74938 12500 -0.753815 0.0853944 27.9897 162.606 -13 4678 1 0 1
0.81842 -13.0047 12500 -0.585902 -0.199295 27.9932 162.628 -13 4679 1 0 1
16.3555 40.6659 12500 -0.755339 0.603047 27.9833 162.642 -13 4680 1 0 1
-7.76489 -45.9781 12500 -0.466882 -0.689464 27.9876 162.67 -13 4681 1 0 1
15.4661 16.8716 12500 -0.771278 0.254826 27.9882 162.602 -13 4682 1 0 1
27.2859 94.1381 12500 -0.94583 1.31095 27.9533 162.88 -13 4683 1 0 1
15.7051 13.7103 12500 -0.766822 0.224152 27.9886 162.605 -13 4684 1 0 1
11.931 55.7133 12500 -0.679494 0.864287 27.9784 162.701 -13 4685 1 0 1
16.3162 7.88207 12500 -0.772512 0.111248 27.9891 162.6 -13 4686 1 0 1
26.0259 17.8273 12500 -0.867719 0.271772 27.9852 162.606 -13 4687 1 0 1
-9.7354 -3.78796 12500 -0.506849 -0.0558813 27.9954 162.619 -13 4688 1 0 1
-9.1254 11.6902 12500 -0.522746 0.174673 27.9946 162.617 -13 4689 1 0 1
5.97317 -23.5961 12500 -0.670926 -0.374969 27.9894 162.616 -13 4690 1 0 1
9.86431 -10.7713 12500 -0.701337 -0.178029 27.9906 162.609 -13 4691 1 0 1
29.0546 19.5086 12500 -0.902503 0.28452 27.984 162.605 -13 4692 1 0 1
15.5458 45.2016 12500 -0.731662 0.710624 27.9814 162.668 -13 4693 1 0 1
8.45744 -15.625 12500 -0.675926 -0.245433 27.9908 162.617 -13 4694 1 0 1
32.4637 5.2696 12500 -0.954047 0.0840442 27.9836 162.593 -13 4695 1 0 1
25.4613 60.8806 12500 -0.854649 0.878978 27.9731 162.702 -13 4696 1 0 1
25.8366 27.5345 12500 -0.879725 0.414164 27.9831 162.615 -13 4697 1 0 1
48.3806 30.6227 12500 -1.14353 0.429798 27.9733 162.626 -13 4698 1 0 1
49.0909 -15.995 12500 -1.13858 -0.238197 27.9758 162.611 -13 4699 1 0 1
31.6863 63.2084 12500 -0.951268 0.911946 27.969 162.719 -13 4700 1 0 1
14.0104 -0.707763 12500 -0.732874 -0.0219994 27.9904 162.607 -13 4701 1 0 1
-0.706223 25.7698 12500 -0.578053 0.393873 27.9913 162.633 -13 4702 1 0 1
9.51927 34.9733 12500 -0.681271 0.550848 27.9863 162.642 -13 4703 1 0 1
24.7392 2.33582 12500 -0.860222 0.0434453 27.9867 162.596 -13 4704 1 0 1
13.5882 44.4223 12500 -0.726719 0.715664 27.9814 162.666 -13 4705 1 0 1
-17.8769 -1.42042 12500 -0.427738 -0.0555684 27.9967 162.624 -13 4706 1 0 1
-22.1626 24.8751 12500 -0.351395 0.384482 27.9952 162.645 -13 4707 1 0 1
14.1764 -12.177 12500 -0.741846 -0.196727 27.9895 162.609 -13 4708 1 0 1
-4.86889 -15.1488 12500 -0.540292 -0.204021 27.994 162.625 -13 4709 1 0 1
-9.10678 70.2395 12500 -0.377711 1.01792 27.9789 162.725 -13 4710 1 0 1
16.7071 -25.5004 12500 -0.756597 -0.391641 27.987 162.625 -13 4711 1 0 1
28.9181 27.1667 12500 -0.89916 0.415396 27.9825 162.621 -13 4712 1 0 1
19.725 39.9958 12500 -0.796139 0.635722 27.9815 162.651 -13 4713 1 0 1
26.9732 22.2376 12500 -0.888459 0.381707 27.9833 162.616 -13 4714 1 0 1
-35.1194 0.875393 12500 -0.221109 0.0273641 27.9991 162.64 -13 4715 1 0 1
-8.01926 8.71577 12500 -0.53585 0.165006 27.9944 162.616 -13 4716 1 0 1
28.9668 28.7542 12500 -0.896344 0.426617 27.9824 162.623 -13 4717 1 0 1
14.2816 -5.64538 12500 -0.739177 -0.0814231 27.9901 162.606 -13 4718 1 0 1
-7.50564 -62.1468 12500 -0.433064 -0.926425 27.9813 162.708 -13 4719 1 0 1
5.47413 26.1326 12500 -0.659027 0.418199 27.9891 162.624 -13 4720 1 0 1
34.3498 46.9645 12500 -0.981712 0.702508 27.974 162.667 -13 4721 1 0 1
21.1763 58.0159 12500 -0.805351 0.84458 27.9757 162.69 -13 4722 1 0 1
12.0708 14.7782 12500 -0.733912 0.235413 27.9894 162.605 -13 4723 1 0 1
22.1752 41.8337 12500 -0.820578 0.665605 27.9801 162.659 -13 4724 1 0 1
-7.3023 2.61685 12500 -0.506765 0.00791987 27.9954 162.629 -13 4725 1 0 1
-4.95339 25.0628 12500 -0.543872 0.393696 27.9919 162.632 -13 4726 1 0 1
-1.25556 -13.0516 12500 -0.59124 -0.207989 27.993 162.617 -13 4727 1 0 1
13.1087 -8.92035 12500 -0.73769 -0.14358 27.9899 162.604 -13 4728 1 0 1
26.2767 40.3399 12500 -0.880188 0.606451 27.9796 162.641 -13 4729 1 0 1
8.45461 24.4053 12500 -0.694471 0.396181 27.9886 162.619 -13 4730 1 0 1
26.4264 36.4672 12500 -0.873112 0.553823 27.9809 162.637 -13 4731 1 0 1
34.1069 5.08401 12500 -0.971987 0.0515351 27.9831 162.593 -13 4732 1 0 1
-16.0361 -42.2166 12500 -0.379177 -0.659555 27.9897 162.67 -13 4733 1 0 1
7.61598 0.693324 12500 -0.683984 0.0221581 27.9916 162.604 -13 4734 1 0 1
-21.1771 -35.909 12500 -0.329334 -0.560116 27.9925 162.664 -13 4735 1 0 1
10.0437 -18.9343 12500 -0.698747 -0.300714 27.9897 162.615 -13 4736 1 0 1
14.9633 -13.8979 12500 -0.774728 -0.267753 27.988 162.604 -13 4737 1 0 1
-12.4852 -29.0941 12500 -0.450975 -0.473123 27.9924 162.647 -13 4738 1 0 1
15.8475 -6.34394 12500 -0.754706 -0.0883381 27.9897 162.606 -13 4739 1 0 1
-28.7471 -32.8109 12500 -0.266227 -0.514241 27.994 162.656 -13 4740 1 0 1
-6.69657 -16.2965 12500 -0.524829 -0.267481 27.9938 162.627 -13 4741 1 0 1
39.2307 39.2814 12500 -1.03424 0.573917 27.975 162.643 -13 4742 1 0 1
12.6013 30.7122 12500 -0.696739 0.496455 27.9869 162.643 -13 4743 1 0 1
18.4593 53.1275 12500 -0.7697 0.782084 27.9785 162.675 -13 4744 1 0 1
3.17316 -10.0353 12500 -0.63396 -0.188861 27.9922 162.615 -13 4745 1 0 1
5.00829 14.0063 12500 -0.642245 0.217178 27.9918 162.618 -13 4746 1 0 1
-17.7561 32.8356 12500 -0.375468 0.48776 27.9932 162.653 -13 4747 1 0 1
20.186 1.62246 12500 -0.809912 0.0338457 27.9883 162.598 -13 4748 1 0 1
14.2559 -65.7788 12500 -0.719223 -1.00257 27.9728 162.73 -13 4749 1 0 1
12.6743 49.134 12500 -0.723367 0.767992 27.9801 162.669 -13 4750 1 0 1
34.2635 -11.5582 12500 -0.962985 -0.169489 27.9829 162.601 -13 4751 1 0 1
-18.2184 5.8821 12500 -0.400101 0.104065 27.9969 162.634 -13 4752 1 0 1
12.0226 -21.0672 12500 -0.732599 -0.334327 27.9884 162.609 -13 4753 1 0 1
39.423 6.52739 12500 -1.01445 0.122172 27.9814 162.605 -13 4754 1 0 1
-2.53566 -51.5184 12500 -0.528508 -0.817252 27.9831 162.686 -13 4755 1 0 1
-0.100682 13.9539 12500 -0.580858 0.199834 27.9933 162.625 -13 4756 1 0 1
-6.48435 3.2976 12500 -0.540335 0.0506252 27.9947 162.617 -13 4757 1 0 1
19.0825 31.7342 12500 -0.779247 0.486913 27.9849 162.632 -13 4758 1 0 1
22.2419 -1.76483 12500 -0.824437 0.000275537 27.9879 162.601 -13 4759 1 0 1
18.0641 21.4178 12500 -0.772169 0.356812 27.9871 162.62 -13 4760 1 0 1
-23.8767 3.0942 12500 -0.359144 0.0479295 27.9977 162.631 -13 4761 1 0 1
4.42636 71.8112 12500 -0.559457 1.05176 27.9746 162.739 -13 4762 1 0 1
-8.42208 1.25743 12500 -0.504615 -0.00220726 27.9955 162.625 -13 4763 1 0 1
-5.79436 -5.51435 12500 -0.547009 -0.0950685 27.9945 162.617 -13 4764 1 0 1
8.78435 11.9144 12500 -0.690952 0.210141 27.9907 162.612 -13 4765 1 0 1
30.0625 -14.5786 12500 -0.900735 -0.214065 27.9847 162.609 -13 4766 1 0 1
8.41497 25.5555 12500 -0.685049 0.380719 27.989 162.62 -13 4767 1 0 1
-7.04812 2.79164 12500 -0.503204 0.0439274 27.9954 162.631 -13 4768 1 0 1
-28.5603 -1.68145 12500 -0.290062 -0.0195134 27.9985 162.64 -13 4769 1 0 1
4.37317 -55.7576 12500 -0.604319 -0.867654 27.98 162.697 -13 4770 1 0 1
18.5505 35.1085 12500 -0.772116 0.564098 27.9837 162.645 -13 4771 1 0 1
5.1611 3.79478 12500 -0.634027 0.0488195 27.9928 162.618 -13 4772 1 0 1
-1.03137 -14.493 12500 -0.581579 -0.226187 27.993 162.623 -13 4773 1 0 1
-24.3964 -60.0898 12500 -0.214241 -0.872679 27.9856 162.698 -13 4774 1 0 1
-33.1079 0.701566 12500 -0.23653 0.00793144 27.999 162.643 -13 4775 1 0 1
15.8302 -9.42086 12500 -0.760509 -0.177661 27.9891 162.607 -13 4776 1 0 1
19.4571 12.6018 12500 -0.800416 0.25422 27.9874 162.612 -13 4777 1 0 1
15.469 -2.73864 12500 -0.766235 -0.0322501 27.9895 162.598 -13 4778 1 0 1
-9.88523 5.73871 12500 -0.503331 0.118334 27.9952 162.622 -13 4779 1 0 1
11.6944 -67.1577 12500 -0.671345 -0.982166 27.9747 162.718 -13 4780 1 0 1
-12.8889 24.4893 12500 -0.435877 0.381648 27.994 162.645 -13 4781 1 0 1
0.0645046 29.0126 12500 -0.581656 0.491503 27.9896 162.644 -13 4782 1 0 1
-14.8335 19.3257 12500 -0.427969 0.315046 27.995 162.638 -13 4783 1 0 1
4.00877 -19.2302 12500 -0.648879 -0.340351 27.9904 162.618 -13 4784 1 0 1
8.38317 -6.73142 12500 -0.683624 -0.103122 27.9915 162.609 -13 4785 1 0 1
-5.0665 4.96573 12500 -0.566308 0.10258 27.9941 162.612 -13 4786 1 0 1
-10.639 -20.7542 12500 -0.468976 -0.351185 27.9939 162.64 -13 4787 1 0 1
12.4372 17.6445 12500 -0.738659 0.250067 27.9891 162.603 -13 4788 1 0 1
25.5143 66.7981 12500 -0.847318 0.979519 27.97 162.736 -13 4789 1 0 1
2.78331 15.1074 12500 -0.622744 0.235395 27.9921 162.618 -13 4790 1 0 1
-8.71279 -19.3153 12500 -0.501481 -0.319505 27.9937 162.631 -13 4791 1 0 1
3.25147 9.32682 12500 -0.639236 0.186958 27.9921 162.613 -13 4792 1 0 1
-24.1283 7.61054 12500 -0.348986 0.0921302 27.9977 162.634 -13 4793 1 0 1
16.168 23.7003 12500 -0.78077 0.393746 27.9863 162.613 -13 4794 1 0 1
-4.70693 -15.1351 12500 -0.543509 -0.219567 27.9939 162.624 -13 4795 1 0 1
7.68644 4.88695 12500 -0.685641 0.103129 27.9914 162.606 -13 4796 1 0 1
-10.4879 -5.36471 12500 -0.492231 -0.110714 27.9955 162.624 -13 4797 1 0 1
29.8742 6.21056 12500 -0.932953 0.130102 27.9842 162.593 -13 4798 1 0 1
16.4946 -0.0643037 12500 -0.77799 0.028195 27.9892 162.597 -13 4799 1 0 1
18.5711 -40.1801 12500 -0.772326 -0.605192 27.9828 162.647 -13 4800 1 0 1
14.4625 -13.9505 12500 -0.743279 -0.22498 27.9892 162.611 -13 4801 1 0 1
-5.04442 -31.5838 12500 -0.528161 -0.478145 27.9909 162.641 -13 4802 1 0 1
-6.87866 -11.7997 12500 -0.517549 -0.208552 27.9944 162.63 -13 4803 1 0 1
12.5474 23.8691 12500 -0.730929 0.408352 27.9875 162.621 -13 4804 1 0 1
-3.95391 38.3589 12500 -0.531238 0.57242 27.9891 162.65 -13 4805 1 0 1
-28.7843 -61.7304 12500 -0.122061 -0.878224 27.986 162.703 -13 4806 1 0 1
17.1797 -0.9813 12500 -0.774972 -0.0344535 27.9893 162.601 -13 4807 1 0 1
-1.53468 7.14208 12500 -0.58655 0.150701 27.9935 162.617 -13 4808 1 0 1
-26.8288 -98.0574 12500 0.103097 -1.24407 27.9722 162.743 -13 4809 1 0 1
8.5218 7.90513 12500 -0.690011 0.0917766 27.9913 162.606 -13 4810 1 0 1
-27.4609 -63.0293 12500 -0.162547 -0.871964 27.9859 162.697 -13 4811 1 0 1
-5.41029 33.7639 12500 -0.517588 0.524966 27.9903 162.648 -13 4812 1 0 1
-2.40328 -61.8525 12500 -0.504079 -0.940317 27.9797 162.712 -13 4813 1 0 1
26.8045 4.06926 12500 -0.883158 0.071938 27.986 162.596 -13 4814 1 0 1
9.67921 49.5061 12500 -0.675013 0.767567 27.9813 162.673 -13 4815 1 0 1
12.1619 36.8395 12500 -0.713119 0.574873 27.985 162.642 -13 4816 1 0 1
39.0991 29.1994 12500 -1.03409 0.444216 27.9774 162.625 -13 4817 1 0 1
24.7997 22.3103 12500 -0.863531 0.381692 27.9841 162.615 -13 4818 1 0 1
2.21471 -19.1065 12500 -0.598177 -0.292452 27.9921 162.629 -13 4819 1 0 1
20.6852 -2.79321 12500 -0.826215 -0.0436946 27.9878 162.593 -13 4820 1 0 1
-12.4612 -7.67277 12500 -0.459847 -0.143972 27.9959 162.631 -13 4821 1 0 1
-37.0479 -27.1014 12500 -0.145894 -0.386668 27.9969 162.659 -13 4822 1 0 1
11.7153 25.7286 12500 -0.719642 0.395296 27.988 162.62 -13 4823 1 0 1
-17.2455 45.8068 12500 -0.3321 0.691924 27.9895 162.68 -13 4824 1 0 1
11.0718 43.2078 12500 -0.698641 0.66422 27.9834 162.653 -13 4825 1 0 1
3.18872 -28.6577 12500 -0.637646 -0.440239 27.9893 162.625 -13 4826 1 0 1
-9.77605 12.2556 12500 -0.495744 0.206441 27.9948 162.627 -13 4827 1 0 1
-4.58056 -10.6466 12500 -0.539902 -0.145607 27.9944 162.625 -13 4828 1 0 1
24.7498 -16.6848 12500 -0.852594 -0.242227 27.986 162.605 -13 4829 1 0 1
15.6631 17.0609 12500 -0.750582 0.275123 27.9886 162.613 -13 4830 1 0 1
-9.919 -4.46823 12500 -0.49274 -0.0649975 27.9956 162.625 -13 4831 1 0 1
4.58334 34.4914 12500 -0.652727 0.574661 27.9865 162.641 -13 4832 1 0 1
-13.6021 -23.7088 12500 -0.460509 -0.380382 27.9936 162.633 -13 4833 1 0 1
-15.685 23.6961 12500 -0.428465 0.366297 27.9943 162.637 -13 4834 1 0 1
-4.30744 -49.2404 12500 -0.504498 -0.766282 27.985 162.679 -13 4835 1 0 1
7.52568 13.9554 12500 -0.672308 0.199518 27.9912 162.613 -13 4836 1 0 1
0.874677 2.17871 12500 -0.611995 0.0245859 27.9933 162.612 -13 4837 1 0 1
-12.0813 -7.16161 12500 -0.472982 -0.151216 27.9956 162.628 -13 4838 1 0 1
-6.38382 6.07823 12500 -0.548128 0.0925063 27.9945 162.614 -13 4839 1 0 1
-2.97291 -11.3964 12500 -0.565619 -0.204754 27.9935 162.623 -13 4840 1 0 1
43.9319 5.11598 12500 -1.09678 0.0638367 27.9784 162.591 -13 4841 1 0 1
-4.41974 -16.8891 12500 -0.554566 -0.265462 27.9932 162.622 -13 4842 1 0 1
37.6196 56.6662 12500 -1.029 0.804322 27.9695 162.691 -13 4843 1 0 1
38.4042 18.5195 12500 -1.00935 0.291608 27.9803 162.61 -13 4844 1 0 1
-20.8809 9.71811 12500 -0.373606 0.145789 27.9971 162.636 -13 4845 1 0 1
-23.8675 -58.7503 12500 -0.203585 -0.820531 27.9872 162.701 -13 4846 1 0 1
-30.149 -30.1474 12500 -0.227192 -0.442183 27.9956 162.662 -13 4847 1 0 1
13.9027 11.4814 12500 -0.756465 0.15891 27.9893 162.599 -13 4848 1 0 1
-4.95139 27.6718 12500 -0.543877 0.43153 27.9914 162.635 -13 4849 1 0 1
-14.3472 -12.0456 12500 -0.443878 -0.184054 27.9959 162.632 -13 4850 1 0 1
25.7891 90.4816 12500 -0.883302 1.27258 27.9571 162.853 -13 4851 1 0 1
-12.4836 13.0679 12500 -0.478143 0.237369 27.9949 162.627 -13 4852 1 0 1
37.4407 -6.2968 12500 -0.998132 -0.0998884 27.982 162.6 -13 4853 1 0 1
6.86808 -57.3442 12500 -0.627663 -0.891018 27.9788 162.704 -13 4854 1 0 1
6.89123 -9.99904 12500 -0.679798 -0.156194 27.9913 162.606 -13 4855 1 0 1
5.997 14.3045 12500 -0.648074 0.228873 27.9916 162.62 -13 4856 1 0 1
13.7868 18.7101 12500 -0.76348 0.295932 27.988 162.601 -13 4857 1 0 1
29.1317 24.4312 12500 -0.88863 0.377429 27.9834 162.622 -13 4858 1 0 1
30.7425 -39.1491 12500 -0.936797 -0.595817 27.978 162.641 -13 4859 1 0 1
23.4006 33.3997 12500 -0.855518 0.550625 27.9815 162.635 -13 4860 1 0 1
-17.3492 15.8216 12500 -0.438329 0.245444 27.9955 162.624 -13 4861 1 0 1
7.11935 13.41 12500 -0.667468 0.214102 27.9912 162.615 -13 4862 1 0 1
-14.9772 51.453 12500 -0.362572 0.766389 27.9872 162.683 -13 4863 1 0 1
-16.1474 -32.4293 12500 -0.395726 -0.50831 27.9926 162.655 -13 4864 1 0 1
-24.5505 -31.6865 12500 -0.31752 -0.504795 27.9936 162.654 -13 4865 1 0 1
10.6834 4.79336 12500 -0.703435 0.0680746 27.9911 162.608 -13 4866 1 0 1
29.1879 53.2457 12500 -0.903884 0.785046 27.9744 162.682 -13 4867 1 0 1
2.65498 -25.2353 12500 -0.625933 -0.40901 27.99 162.627 -13 4868 1 0 1
15.7068 -38.1219 12500 -0.751264 -0.582554 27.9839 162.641 -13 4869 1 0 1
49.087 46.5124 12500 -1.17644 0.674852 27.9671 162.674 -13 4870 1 0 1
24.6199 75.4028 12500 -0.873097 1.10353 27.9646 162.774 -13 4871 1 0 1
-9.5946 -6.35511 12500 -0.503625 -0.095389 27.9953 162.622 -13 4872 1 0 1
-31.1273 15.9234 12500 -0.260235 0.262983 27.9976 162.644 -13 4873 1 0 1
29.9053 -9.24662 12500 -0.915684 -0.132171 27.9847 162.598 -13 4874 1 0 1
20.2794 15.4431 12500 -0.791523 0.215279 27.988 162.61 -13 4875 1 0 1
13.6243 -9.85689 12500 -0.737284 -0.172175 27.9898 162.608 -13 4876 1 0 1
13.284 -6.84383 12500 -0.734324 -0.104397 27.9902 162.605 -13 4877 1 0 1
3.26097 36.8253 12500 -0.618495 0.589297 27.987 162.648 -13 4878 1 0 1
-16.4639 -25.5581 12500 -0.412705 -0.387883 27.9943 162.642 -13 4879 1 0 1
16.4166 22.1965 12500 -0.779699 0.370396 27.9867 162.611 -13 4880 1 0 1
-41.2258 -6.22677 12500 -0.136296 -0.0860642 27.9995 162.644 -13 4881 1 0 1
11.9454 59.5578 12500 -0.703026 0.915458 27.9762 162.706 -13 4882 1 0 1
-1.4255 22.8725 12500 -0.584809 0.352535 27.9917 162.624 -13 4883 1 0 1
-13.9503 -43.3906 12500 -0.390775 -0.632009 27.9901 162.669 -13 4884 1 0 1
-36.1613 -10.8491 12500 -0.200586 -0.162369 27.9988 162.645 -13 4885 1 0 1
-6.08214 -10.2714 12500 -0.550511 -0.170135 27.9941 162.616 -13 4886 1 0 1
5.74727 -35.74 12500 -0.664271 -0.583156 27.986 162.639 -13 4887 1 0 1
11.1919 15.6153 12500 -0.716487 0.2446 27.9898 162.609 -13 4888 1 0 1
14.6491 -17.3198 12500 -0.745827 -0.27658 27.9887 162.611 -13 4889 1 0 1
-16.5559 -21.6776 12500 -0.401286 -0.372387 27.9946 162.646 -13 4890 1 0 1
-0.257384 74.773 12500 -0.475641 1.09877 27.9744 162.753 -13 4891 1 0 1
30.0854 8.84211 12500 -0.912462 0.138746 27.9848 162.6 -13 4892 1 0 1
13.0236 -11.8389 12500 -0.745225 -0.173304 27.9895 162.601 -13 4893 1 0 1
-1.60753 -6.45887 12500 -0.595599 -0.109334 27.9935 162.611 -13 4894 1 0 1
20.5474 -29.1474 12500 -0.81897 -0.487427 27.9838 162.628 -13 4895 1 0 1
2.78734 31.4816 12500 -0.596519 0.522946 27.9888 162.649 -13 4896 1 0 1
-5.4859 -20.0416 12500 -0.533729 -0.315134 27.9931 162.628 -13 4897 1 0 1
-12.4378 39.1919 12500 -0.4229 0.589401 27.9906 162.661 -13 4898 1 0 1
40.3967 8.25624 12500 -1.02434 0.150489 27.9809 162.607 -13 4899 1 0 1
-8.81313 -63.0829 12500 -0.405279 -0.9451 27.9811 162.714 -13 4900 1 0 1
-11.003 17.8345 12500 -0.468946 0.259895 27.9949 162.633 -13 4901 1 0 1
3.56269 12.7746 12500 -0.64018 0.211957 27.9919 162.614 -13 4902 1 0 1
1.30944 -44.1375 12500 -0.583267 -0.716567 27.9848 162.671 -13 4903 1 0 1
-3.38407 11.2886 12500 -0.563319 0.134745 27.994 162.619 -13 4904 1 0 1
-25.2221 5.36101 12500 -0.343922 0.0724748 27.9978 162.632 -13 4905 1 0 1
-22.9042 -13.0746 12500 -0.365023 -0.188856 27.997 162.633 -13 4906 1 0 1
15.2585 9.38465 12500 -0.767784 0.125923 27.9892 162.598 -13 4907 1 0 1
-9.26177 -11.461 12500 -0.491157 -0.154433 27.9953 162.629 -13 4908 1 0 1
-1.53032 -52.8872 12500 -0.535232 -0.803218 27.9834 162.683 -13 4909 1 0 1
-15.7539 6.21732 12500 -0.425931 0.103177 27.9966 162.632 -13 4910 1 0 1
-27.676 1.88024 12500 -0.308651 0.0271534 27.9983 162.637 -13 4911 1 0 1
-33.1137 19.3599 12500 -0.227524 0.251731 27.9979 162.646 -13 4912 1 0 1
-0.53624 -8.67075 12500 -0.590411 -0.154751 27.9933 162.619 -13 4913 1 0 1
8.28681 -6.04865 12500 -0.692479 -0.105486 27.9912 162.605 -13 4914 1 0 1
16.5276 46.8227 12500 -0.755695 0.743413 27.9799 162.671 -13 4915 1 0 1
8.53992 22.5765 12500 -0.689685 0.389071 27.9888 162.621 -13 4916 1 0 1
41.5551 49.2935 12500 -1.06547 0.714157 27.9706 162.677 -13 4917 1 0 1
-19.0368 -25.1177 12500 -0.37414 -0.376486 27.995 162.648 -13 4918 1 0 1
-16.2508 12.3406 12500 -0.415321 0.202516 27.9962 162.637 -13 4919 1 0 1
6.26349 42.157 12500 -0.650726 0.658192 27.9847 162.653 -13 4920 1 0 1
35.1068 -20.1488 12500 -0.962978 -0.287892 27.982 162.61 -13 4921 1 0 1
26.7993 -6.81108 12500 -0.883507 -0.121282 27.9858 162.598 -13 4922 1 0 1
7.47227 41.9302 12500 -0.660972 0.671795 27.9841 162.658 -13 4923 1 0 1
0.910577 -19.6088 12500 -0.609541 -0.324742 27.9915 162.621 -13 4924 1 0 1
7.20742 -21.4777 12500 -0.677168 -0.351804 27.9896 162.616 -13 4925 1 0 1
4.92942 47.0069 12500 -0.604079 0.738766 27.9837 162.676 -13 4926 1 0 1
-31.0692 -40.9263 12500 -0.206376 -0.597549 27.9929 162.665 -13 4927 1 0 1
-18.8577 -38.3956 12500 -0.35395 -0.573451 27.9919 162.662 -13 4928 1 0 1
22.0024 15.6864 12500 -0.830049 0.286328 27.9862 162.609 -13 4929 1 0 1
0.470592 -3.26064 12500 -0.591572 -0.0560434 27.9937 162.62 -13 4930 1 0 1
10.5639 54.3641 12500 -0.668091 0.874691 27.9784 162.705 -13 4931 1 0 1
11.9489 -65.8949 12500 -0.672321 -0.974911 27.9749 162.72 -13 4932 1 0 1
30.9581 8.35333 12500 -0.920457 0.140909 27.9845 162.602 -13 4933 1 0 1
4.31596 -30.138 12500 -0.645474 -0.489872 27.9883 162.631 -13 4934 1 0 1
2.45754 -10.5298 12500 -0.628203 -0.183888 27.9923 162.614 -13 4935 1 0 1
34.0364 91.7771 12500 -1.00626 1.24311 27.9543 162.864 -13 4936 1 0 1
23.2998 36.3032 12500 -0.838493 0.566066 27.9817 162.639 -13 4937 1 0 1
11.4975 24.7817 12500 -0.702103 0.387848 27.9885 162.626 -13 4938 1 0 1
7.45925 -28.7384 12500 -0.648848 -0.456766 27.9888 162.641 -13 4939 1 0 1
8.37566 -9.05879 12500 -0.683895 -0.174548 27.9911 162.612 -13 4940 1 0 1
14.1029 14.9909 12500 -0.743847 0.258162 27.9889 162.611 -13 4941 1 0 1
22.3234 46.1569 12500 -0.823603 0.726649 27.9784 162.67 -13 4942 1 0 1
-6.6873 13.0758 12500 -0.529991 0.238354 27.994 162.626 -13 4943 1 0 1
20.2006 5.49063 12500 -0.82025 0.0800387 27.9879 162.594 -13 4944 1 0 1
-23.2992 -2.43235 12500 -0.353148 -0.0580127 27.9977 162.636 -13 4945 1 0 1
2.19576 42.6617 12500 -0.582687 0.662897 27.9861 162.663 -13 4946 1 0 1
-2.10197 0.332959 12500 -0.598493 0.0200414 27.9936 162.607 -13 4947 1 0 1
2.91678 -17.5441 12500 -0.619011 -0.291012 27.9916 162.623 -13 4948 1 0 1
-21.5345 -19.9239 12500 -0.360785 -0.319354 27.9959 162.641 -13 4949 1 0 1
14.105 5.09463 12500 -0.743141 0.0648821 27.9901 162.603 -13 4950 1 0 1
-4.9357 1.21524 12500 -0.56025 0.00406377 27.9944 162.614 -13 4951 1 0 1
28.914 48.9934 12500 -0.920036 0.736171 27.9752 162.667 -13 4952 1 0 1
1.29122 -1.92855 12500 -0.597657 -0.0365591 27.9936 162.62 -13 4953 1 0 1
57.8339 15.5121 12500 -1.23752 0.243736 27.9716 162.622 -13 4954 1 0 1
17.176 17.2679 12500 -0.780389 0.284756 27.9877 162.607 -13 4955 1 0 1
-9.42327 -17.4 12500 -0.494797 -0.299584 27.994 162.631 -13 4956 1 0 1
2.17324 34.108 12500 -0.587914 0.535934 27.9887 162.649 -13 4957 1 0 1
33.6991 10.5633 12500 -0.956026 0.185925 27.9831 162.604 -13 4958 1 0 1
-41.7954 -4.02296 12500 -0.123533 -0.0708629 27.9996 162.646 -13 4959 1 0 1
34.8264 12.6445 12500 -0.981693 0.204967 27.982 162.6 -13 4960 1 0 1
-16.2854 1.374 12500 -0.42734 -0.00330047 27.9967 162.629 -13 4961 1 0 1
-0.382188 -57.5582 12500 -0.527522 -0.868373 27.9816 162.702 -13 4962 1 0 1
32.0738 8.72311 12500 -0.940246 0.138528 27.9839 162.598 -13 4963 1 0 1
-17.2867 -32.0705 12500 -0.388068 -0.514686 27.9926 162.654 -13 4964 1 0 1
-12.2087 -26.1682 12500 -0.453678 -0.412174 27.9933 162.643 -13 4965 1 0 1
9.50341 -3.95096 12500 -0.70236 -0.0680451 27.9911 162.604 -13 4966 1 0 1
13.4649 9.25843 12500 -0.724174 0.138273 27.9903 162.611 -13 4967 1 0 1
19.7321 13.992 12500 -0.803871 0.188199 27.9878 162.602 -13 4968 1 0 1
1.80692 33.5255 12500 -0.604579 0.504945 27.9889 162.637 -13 4969 1 0 1
4.07455 -25.1634 12500 -0.638113 -0.407257 27.9898 162.627 -13 4970 1 0 1
-1.51628 -30.3844 12500 -0.589829 -0.503296 27.9893 162.634 -13 4971 1 0 1
5.44575 -2.59913 12500 -0.662746 -0.0380996 27.9921 162.606 -13 4972 1 0 1
1.71347 76.5705 12500 -0.504133 1.15033 27.9718 162.769 -13 4973 1 0 1
26.9043 -31.724 12500 -0.885568 -0.520736 27.9811 162.635 -13 4974 1 0 1
30.7057 41.7236 12500 -0.932732 0.631976 27.9773 162.649 -13 4975 1 0 1
29.4996 32.6401 12500 -0.905779 0.517297 27.9806 162.636 -13 4976 1 0 1
-5.12244 -15.1484 12500 -0.552966 -0.254604 27.9934 162.621 -13 4977 1 0 1
24.9207 55.6552 12500 -0.858414 0.839119 27.9743 162.694 -13 4978 1 0 1
-11.7261 -12.5533 12500 -0.490507 -0.195924 27.995 162.622 -13 4979 1 0 1
-10.9107 -15.5407 12500 -0.486904 -0.254904 27.9946 162.627 -13 4980 1 0 1
28.3517 -7.16685 12500 -0.885887 -0.157585 27.9855 162.607 -13 4981 1 0 1
7.41107 -24.8129 12500 -0.665935 -0.397172 27.9893 162.627 -13 4982 1 0 1
-23.616 -3.68352 12500 -0.343738 -0.0762781 27.9978 162.638 -13 4983 1 0 1
25.9677 23.2674 12500 -0.879122 0.327425 27.9843 162.606 -13 4984 1 0 1
15.3606 -23.0848 12500 -0.743026 -0.368146 27.9877 162.622 -13 4985 1 0 1
26.6525 -3.82438 12500 -0.872561 -0.033491 27.9864 162.599 -13 4986 1 0 1
1.48452 -28.4456 12500 -0.604248 -0.438852 27.99 162.633 -13 4987 1 0 1
-15.707 -3.88572 12500 -0.44947 -0.0384155 27.9964 162.622 -13 4988 1 0 1
-17.4438 -27.5632 12500 -0.379539 -0.414323 27.9944 162.654 -13 4989 1 0 1
2.21715 29.6761 12500 -0.598871 0.520486 27.9888 162.649 -13 4990 1 0 1
16.4778 -27.1086 12500 -0.775917 -0.417908 27.9861 162.617 -13 4991 1 0 1
-15.454 -3.15459 12500 -0.443282 -0.0404364 27.9965 162.625 -13 4992 1 0 1
0.970128 2.97073 12500 -0.633951 0.0076319 27.9928 162.603 -13 4993 1 0 1
21.6533 32.8374 12500 -0.818827 0.535619 27.9829 162.637 -13 4994 1 0 1
39.7013 -5.80229 12500 -1.0431 -0.101031 27.9804 162.593 -13 4995 1 0 1
4.89879 57.6271 12500 -0.590505 0.85988 27.9806 162.698 -13 4996 1 0 1
-0.264035 -53.2133 12500 -0.540635 -0.824746 27.9826 162.692 -13 4997 1 0 1
27.7771 39.922 12500 -0.880241 0.633623 27.979 162.658 -13 4998 1 0 1
-10.7546 -1.76559 12500 -0.498302 -0.0356079 27.9955 162.619 -13 4999 1 0 1
6.71159 13.5921 12500 -0.664689 0.220701 27.9912 162.615 -13 5000 1 0 1
24.3701 36.6876 12500 -0.853554 0.55884 27.9814 162.636 -13 5001 1 0 1
16.6318 6.86358 12500 -0.783757 0.120632 27.9888 162.597 -13 5002 1 0 1
-13.7125 16.9113 12500 -0.433942 0.274618 27.9953 162.638 -13 5003 1 0 1
32.0737 59.2965 12500 -0.944826 0.863466 27.9707 162.708 -13 5004 1 0 1
-37.4741 -34.645 12500 -0.135896 -0.509932 27.995 162.661 -13 5005 1 0 1
15.1694 47.8551 12500 -0.738876 0.730576 27.9807 162.665 -13 5006 1 0 1
-24.6633 -41.1512 12500 -0.284115 -0.617678 27.9917 162.666 -13 5007 1 0 1
10.8162 14.6897 12500 -0.733073 0.261861 27.9892 162.604 -13 5008 1 0 1
30.4813 25.192 12500 -0.933619 0.385205 27.9818 162.612 -13 5009 1 0 1
-29.925 -22.8334 12500 -0.25947 -0.37347 27.9963 162.65 -13 5010 1 0 1
9.55798 -34.7033 12500 -0.664831 -0.538728 27.9869 162.648 -13 5011 1 0 1
-0.499394 -26.3599 12500 -0.594759 -0.406022 27.9907 162.627 -13 5012 1 0 1
22.7558 51.9502 12500 -0.790811 0.759601 27.9785 162.681 -13 5013 1 0 1
-30.4659 -29.0766 12500 -0.245591 -0.471541 27.995 162.656 -13 5014 1 0 1
19.7501 80.3095 12500 -0.789774 1.16365 27.9647 162.789 -13 5015 1 0 1
17.2838 -37.1113 12500 -0.771722 -0.611695 27.9827 162.65 -13 5016 1 0 1
42.1721 15.2743 12500 -1.05437 0.199754 27.9794 162.603 -13 5017 1 0 1
27.738 29.0035 12500 -0.897234 0.454287 27.9819 162.623 -13 5018 1 0 1
-11.4307 5.99871 12500 -0.493905 0.112249 27.9954 162.62 -13 5019 1 0 1
0.359195 -5.70735 12500 -0.613632 -0.0755645 27.9932 162.609 -13 5020 1 0 1
1.79008 29.8554 12500 -0.599459 0.496451 27.9892 162.643 -13 5021 1 0 1
5.85046 37.6015 12500 -0.636189 0.607696 27.9862 162.654 -13 5022 1 0 1
8.99667 2.25671 12500 -0.69634 0.0520231 27.9913 162.605 -13 5023 1 0 1
20.5779 -9.51071 12500 -0.799377 -0.147528 27.9882 162.607 -13 5024 1 0 1
-13.8649 -58.1711 12500 -0.365578 -0.85578 27.9845 162.696 -13 5025 1 0 1
-22.0654 -19.9501 12500 -0.364371 -0.318738 27.9958 162.638 -13 5026 1 0 1
17.6894 4.39873 12500 -0.787436 0.0508008 27.9889 162.598 -13 5027 1 0 1
-4.96725 -47.6643 12500 -0.497763 -0.724764 27.9862 162.673 -13 5028 1 0 1
-27.7464 -48.268 12500 -0.236322 -0.681676 27.9907 162.67 -13 5029 1 0 1
2.53829 -14.1997 12500 -0.615468 -0.259705 27.992 162.625 -13 5030 1 0 1
5.23877 -12.1256 12500 -0.648735 -0.146547 27.9921 162.614 -13 5031 1 0 1
4.44203 17.062 12500 -0.654015 0.293213 27.9908 162.614 -13 5032 1 0 1
2.3053 -48.7372 12500 -0.583199 -0.782664 27.983 162.682 -13 5033 1 0 1
14.2214 16.1482 12500 -0.750541 0.248188 27.9888 162.605 -13 5034 1 0 1
7.68623 11.1476 12500 -0.68816 0.154419 27.9911 162.605 -13 5035 1 0 1
-9.67499 -65.0365 12500 -0.402544 -0.962805 27.9805 162.71 -13 5036 1 0 1
-14.5608 -0.414366 12500 -0.453262 0.00476224 27.9963 162.624 -13 5037 1 0 1
20.4238 58.8344 12500 -0.805948 0.883932 27.9744 162.701 -13 5038 1 0 1
-5.19513 7.17591 12500 -0.560789 0.1073 27.9942 162.613 -13 5039 1 0 1
1.10652 -40.1921 12500 -0.591817 -0.617641 27.9869 162.65 -13 5040 1 0 1
16.4538 -13.4314 12500 -0.786643 -0.226882 27.988 162.6 -13 5041 1 0 1
8.72101 -13.5298 12500 -0.688411 -0.203611 27.9908 162.611 -13 5042 1 0 1
10.1529 9.64569 12500 -0.701203 0.171603 27.9907 162.61 -13 5043 1 0 1
17.037 3.814 12500 -0.78638 0.0931986 27.9888 162.598 -13 5044 1 0 1
-5.99788 -0.0640932 12500 -0.539319 -0.0134208 27.9948 162.619 -13 5045 1 0 1
30.1319 53.1403 12500 -0.934317 0.796702 27.9731 162.684 -13 5046 1 0 1
-16.0991 -58.6136 12500 -0.340306 -0.856358 27.9848 162.694 -13 5047 1 0 1
14.5696 20.4717 12500 -0.748939 0.357194 27.9877 162.617 -13 5048 1 0 1
16.8241 50.4036 12500 -0.765269 0.784244 27.9786 162.675 -13 5049 1 0 1
2.75696 -8.43224 12500 -0.6308 -0.123329 27.9926 162.611 -13 5050 1 0 1
-0.15632 -23.1891 12500 -0.59494 -0.350684 27.9915 162.625 -13 5051 1 0 1
-1.22795 -27.7101 12500 -0.580583 -0.450929 27.9903 162.635 -13 5052 1 0 1
-11.9885 -28.2204 12500 -0.482839 -0.465875 27.992 162.636 -13 5053 1 0 1
19.3852 27.5984 12500 -0.795407 0.438413 27.9853 162.624 -13 5054 1 0 1
1.10139 -0.261658 12500 -0.630291 0.00518154 27.9929 162.604 -13 5055 1 0 1
47.1531 96.9884 12500 -1.21096 1.22784 27.9468 162.895 -13 5056 1 0 1
-17.5752 -1.14459 12500 -0.41173 -0.024602 27.997 162.631 -13 5057 1 0 1
-13.6236 17.3295 12500 -0.439273 0.243016 27.9955 162.635 -13 5058 1 0 1
3.73617 -43.6681 12500 -0.620807 -0.700422 27.9844 162.662 -13 5059 1 0 1
32.9266 34.2413 12500 -0.950351 0.530359 27.9788 162.638 -13 5060 1 0 1
6.14643 27.2972 12500 -0.646867 0.425932 27.9893 162.632 -13 5061 1 0 1
23.8381 12.6386 12500 -0.846745 0.186518 27.9866 162.602 -13 5062 1 0 1
-23.9008 -72.0684 12500 -0.158658 -1.0069 27.9814 162.714 -13 5063 1 0 1
10.5417 47.7059 12500 -0.683708 0.734118 27.982 162.667 -13 5064 1 0 1
-9.73526 14.4107 12500 -0.49686 0.251128 27.9945 162.629 -13 5065 1 0 1
48.4168 -11.0672 12500 -1.13781 -0.144786 27.9765 162.601 -13 5066 1 0 1
15.4996 47.6614 12500 -0.745205 0.746299 27.9801 162.669 -13 5067 1 0 1
29.4046 11.1312 12500 -0.897108 0.148516 27.9852 162.604 -13 5068 1 0 1
-14.1384 -7.57695 12500 -0.447369 -0.133186 27.9961 162.63 -13 5069 1 0 1
5.53923 21.653 12500 -0.644517 0.369704 27.9901 162.627 -13 5070 1 0 1
0.777823 6.36568 12500 -0.620123 0.0929759 27.993 162.608 -13 5071 1 0 1
26.0713 -41.1072 12500 -0.864392 -0.639867 27.9793 162.655 -13 5072 1 0 1
-17.0092 -56.9092 12500 -0.314751 -0.837217 27.9857 162.698 -13 5073 1 0 1
-0.509678 15.9231 12500 -0.593302 0.256344 27.9925 162.619 -13 5074 1 0 1
-4.07644 -8.83035 12500 -0.547323 -0.144781 27.9943 162.624 -13 5075 1 0 1
4.03361 20.366 12500 -0.650928 0.325397 27.9905 162.614 -13 5076 1 0 1
12.5315 24.8657 12500 -0.721277 0.393451 27.9879 162.622 -13 5077 1 0 1
43.0453 39.6907 12500 -1.07084 0.602669 27.973 162.661 -13 5078 1 0 1
-2.48619 -7.03736 12500 -0.593853 -0.119414 27.9934 162.609 -13 5079 1 0 1
-22.1953 -6.36594 12500 -0.371295 -0.0892466 27.9974 162.632 -13 5080 1 0 1
1.98206 14.1072 12500 -0.612251 0.238022 27.9923 162.621 -13 5081 1 0 1
-9.89979 22.852 12500 -0.48657 0.345981 27.9936 162.634 -13 5082 1 0 1
-3.37784 -15.1792 12500 -0.565692 -0.250972 27.9932 162.622 -13 5083 1 0 1
-17.4567 -43.5479 12500 -0.351496 -0.673165 27.9897 162.675 -13 5084 1 0 1
-21.992 -40.8218 12500 -0.310493 -0.636858 27.991 162.671 -13 5085 1 0 1
22.4956 15.0574 12500 -0.818164 0.252832 27.9869 162.613 -13 5086 1 0 1
-5.65555 -22.7433 12500 -0.554002 -0.376062 27.992 162.623 -13 5087 1 0 1
-5.09613 -29.3075 12500 -0.538652 -0.445543 27.9913 162.636 -13 5088 1 0 1
-7.19303 -62.8285 12500 -0.429977 -0.955539 27.9804 162.717 -13 5089 1 0 1
2.95825 14.7838 12500 -0.643501 0.19201 27.9919 162.608 -13 5090 1 0 1
-28.3893 20.6458 12500 -0.278688 0.308261 27.9969 162.646 -13 5091 1 0 1
18.9622 -27.8889 12500 -0.783721 -0.424729 27.9858 162.625 -13 5092 1 0 1
14.4753 28.9365 12500 -0.742371 0.457188 27.9864 162.628 -13 5093 1 0 1
29.5349 -19.6557 12500 -0.895902 -0.303348 27.984 162.613 -13 5094 1 0 1
-8.6248 -1.76708 12500 -0.520054 -0.040279 27.9951 162.618 -13 5095 1 0 1
-6.67037 1.79611 12500 -0.540801 0.0163916 27.9948 162.616 -13 5096 1 0 1
1.28837 26.6455 12500 -0.595887 0.384768 27.991 162.631 -13 5097 1 0 1
5.12909 0.801075 12500 -0.667099 0.000492199 27.9921 162.603 -13 5098 1 0 1
39.3261 16.1978 12500 -1.0301 0.251915 27.9799 162.605 -13 5099 1 0 1
20.9422 -37.9781 12500 -0.827449 -0.576111 27.9818 162.631 -13 5100 1 0 1
6.0467 -33.4958 12500 -0.653266 -0.55239 27.9869 162.641 -13 5101 1 0 1
-9.83046 -9.68448 12500 -0.512734 -0.122812 27.995 162.617 -13 5102 1 0 1
20.4756 33.4094 12500 -0.794058 0.560025 27.9831 162.647 -13 5103 1 0 1
-43.1649 -55.6691 12500 0.0504701 -0.725618 27.9906 162.677 -13 5104 1 0 1
17.5792 -51.5436 12500 -0.769258 -0.781971 27.9785 162.674 -13 5105 1 0 1
5.31474 14.3188 12500 -0.64324 0.24276 27.9916 162.62 -13 5106 1 0 1
35.3971 -21.0468 12500 -0.984232 -0.341447 27.9806 162.611 -13 5107 1 0 1
9.47071 19.8232 12500 -0.686426 0.326101 27.9897 162.62 -13 5108 1 0 1
-17.1123 -71.578 12500 -0.245564 -1.01409 27.9806 162.725 -13 5109 1 0 1
-21.4154 -3.948 12500 -0.389298 -0.0496105 27.9972 162.627 -13 5110 1 0 1
29.7426 81.2584 12500 -0.935302 1.14068 27.9611 162.8 -13 5111 1 0 1
19.9506 -19.411 12500 -0.800473 -0.328291 27.9866 162.614 -13 5112 1 0 1
-3.85052 -12.0398 12500 -0.564296 -0.176691 27.9938 162.618 -13 5113 1 0 1
10.3699 24.1147 12500 -0.702859 0.351703 27.989 162.618 -13 5114 1 0 1
11.7938 -5.42934 12500 -0.729742 -0.0736775 27.9904 162.6 -13 5115 1 0 1
-6.72166 -17.2155 12500 -0.543946 -0.24835 27.9936 162.617 -13 5116 1 0 1
21.6778 14.3526 12500 -0.829439 0.212601 27.9869 162.601 -13 5117 1 0 1
15.8918 61.2529 12500 -0.728968 0.923038 27.9753 162.713 -13 5118 1 0 1
26.3522 50.7564 12500 -0.868655 0.751026 27.9764 162.672 -13 5119 1 0 1
-4.87607 -28.6916 12500 -0.540123 -0.456359 27.9911 162.638 -13 5120 1 0 1
-17.435 -6.54384 12500 -0.430126 -0.113857 27.9965 162.625 -13 5121 1 0 1
-25.3968 -30.9256 12500 -0.300367 -0.437055 27.995 162.653 -13 5122 1 0 1
-5.94561 0.852446 12500 -0.545673 0.0106847 27.9947 162.616 -13 5123 1 0 1
-6.8378 14.0385 12500 -0.536743 0.256362 27.9937 162.624 -13 5124 1 0 1
-5.55756 3.79653 12500 -0.554047 0.0650266 27.9944 162.614 -13 5125 1 0 1
18.5463 13.0585 12500 -0.787435 0.225237 27.988 162.609 -13 5126 1 0 1
-11.322 -9.68993 12500 -0.494836 -0.147167 27.9952 162.62 -13 5127 1 0 1
14.1175 -26.8891 12500 -0.739862 -0.398059 27.9874 162.62 -13 5128 1 0 1
6.72681 -4.09859 12500 -0.665056 -0.0678872 27.992 162.61 -13 5129 1 0 1
45.1586 92.8198 12500 -1.18791 1.19926 27.9491 162.871 -13 5130 1 0 1
21.1775 2.21681 12500 -0.821598 0.0287532 27.9879 162.597 -13 5131 1 0 1
31.467 22.5091 12500 -0.943423 0.339852 27.982 162.607 -13 5132 1 0 1
20.482 22.5655 12500 -0.797243 0.327401 27.9867 162.615 -13 5133 1 0 1
-18.6169 -14.843 12500 -0.415099 -0.203298 27.9962 162.627 -13 5134 1 0 1
7.68796 0.0162764 12500 -0.682021 0.0417724 27.9917 162.606 -13 5135 1 0 1
26.451 52.9905 12500 -0.860667 0.777496 27.976 162.68 -13 5136 1 0 1
30.548 -10.512 12500 -0.9259 -0.174195 27.9841 162.599 -13 5137 1 0 1
3.81599 18.1871 12500 -0.644292 0.262791 27.9914 162.612 -13 5138 1 0 1
-8.83652 -11.0845 12500 -0.497807 -0.166414 27.9951 162.629 -13 5139 1 0 1
12.7942 42.6211 12500 -0.721173 0.661107 27.9829 162.652 -13 5140 1 0 1
2.03915 -19.2962 12500 -0.620654 -0.29004 27.9916 162.617 -13 5141 1 0 1
-28.5666 -26.5976 12500 -0.27452 -0.378726 27.9961 162.65 -13 5142 1 0 1
37.4515 35.7307 12500 -1.00031 0.552373 27.9767 162.646 -13 5143 1 0 1
7.25914 0.166337 12500 -0.680776 0.00862116 27.9917 162.604 -13 5144 1 0 1
23.8107 52.4786 12500 -0.84376 0.785292 27.9763 162.678 -13 5145 1 0 1
0.133381 3.49444 12500 -0.593054 0.0685236 27.9936 162.618 -13 5146 1 0 1
5.85919 22.0286 12500 -0.658739 0.317858 27.9904 162.617 -13 5147 1 0 1
-6.58881 2.29574 12500 -0.523893 0.0512712 27.9951 162.624 -13 5148 1 0 1
4.23688 -8.5272 12500 -0.642626 -0.146831 27.9922 162.613 -13 5149 1 0 1
-36.8179 -16.6734 12500 -0.176554 -0.267901 27.9982 162.651 -13 5150 1 0 1
-14.6529 -29.449 12500 -0.413797 -0.460671 27.9932 162.652 -13 5151 1 0 1
-13.7813 -8.81211 12500 -0.458999 -0.141559 27.9959 162.626 -13 5152 1 0 1
1.94612 15.4082 12500 -0.629861 0.256325 27.9917 162.613 -13 5153 1 0 1
-2.48742 -7.87282 12500 -0.567503 -0.118433 27.994 162.62 -13 5154 1 0 1
21.9636 48.0579 12500 -0.809163 0.721327 27.979 162.666 -13 5155 1 0 1
-13.9185 -15.0149 12500 -0.469096 -0.268329 27.9948 162.626 -13 5156 1 0 1
-6.08273 -34.601 12500 -0.522266 -0.524616 27.9902 162.643 -13 5157 1 0 1
19.4895 -3.25548 12500 -0.816691 -0.0784122 27.988 162.593 -13 5158 1 0 1
28.1839 23.0583 12500 -0.907976 0.389539 27.9826 162.614 -13 5159 1 0 1
26.4719 22.3771 12500 -0.873624 0.417312 27.9833 162.628 -13 5160 1 0 1
4.4828 10.4157 12500 -0.648522 0.156555 27.9921 162.611 -13 5161 1 0 1
-21.3372 138.113 12500 -6.03532 2.27365 27.2471 163.188 -13 5162 1 0 1
2.65352 -8.76501 12500 -0.649718 -0.118606 27.9922 162.602 -13 5163 1 0 1
10.6477 40.2535 12500 -0.695663 0.616161 27.9846 162.646 -13 5164 1 0 1
8.60544 27.4241 12500 -0.689926 0.430201 27.9882 162.624 -13 5165 1 0 1
-14.8415 -7.84174 12500 -0.459473 -0.124566 27.996 162.622 -13 5166 1 0 1
1.94353 -15.4306 12500 -0.619726 -0.253371 27.992 162.617 -13 5167 1 0 1
28.2971 4.61412 12500 -0.911063 0.0495075 27.9851 162.59 -13 5168 1 0 1
-5.03073 7.68905 12500 -0.566123 0.113541 27.994 162.612 -13 5169 1 0 1
6.77384 11.1152 12500 -0.671555 0.203018 27.9912 162.612 -13 5170 1 0 1
-18.9943 -5.84784 12500 -0.40245 -0.0987537 27.9969 162.63 -13 5171 1 0 1
18.8093 -23.5818 12500 -0.800355 -0.396983 27.9857 162.615 -13 5172 1 0 1
20.6056 12.671 12500 -0.80115 0.153787 27.9881 162.606 -13 5173 1 0 1
-12.8211 -5.95092 12500 -0.457012 -0.0690736 27.9962 162.629 -13 5174 1 0 1
-9.17983 -2.65815 12500 -0.496972 -0.0724834 27.9955 162.626 -13 5175 1 0 1
8.27656 7.24139 12500 -0.699714 0.0964358 27.9911 162.601 -13 5176 1 0 1
-0.631415 -20.4323 12500 -0.585008 -0.310673 27.9922 162.624 -13 5177 1 0 1
-8.49319 -3.99163 12500 -0.532151 -0.0672173 27.9949 162.613 -13 5178 1 0 1
12.4383 98.6356 12500 -0.639194 1.39356 27.958 162.868 -13 5179 1 0 1
51.4161 8.59903 12500 -1.16094 0.120234 27.9757 162.606 -13 5180 1 0 1
10.1532 -22.7019 12500 -0.714595 -0.337541 27.9888 162.61 -13 5181 1 0 1
11.2773 39.4339 12500 -0.689489 0.640596 27.9842 162.659 -13 5182 1 0 1
0.622896 11.5106 12500 -0.59427 0.190278 27.993 162.623 -13 5183 1 0 1
15.3022 10.1611 12500 -0.74769 0.184214 27.9894 162.611 -13 5184 1 0 1
23.2716 25.7187 12500 -0.830463 0.414661 27.9846 162.624 -13 5185 1 0 1
4.49398 -35.9603 12500 -0.612089 -0.565905 27.9876 162.653 -13 5186 1 0 1
20.9513 5.56466 12500 -0.827237 0.0836586 27.9877 162.594 -13 5187 1 0 1
26.0487 19.0164 12500 -0.877838 0.324704 27.9844 162.609 -13 5188 1 0 1
28.735 3.78449 12500 -0.901767 0.0623351 27.9854 162.597 -13 5189 1 0 1
49.8313 7.57584 12500 -1.1482 0.0965609 27.9763 162.601 -13 5190 1 0 1
7.80744 -4.33753 12500 -0.677669 -0.114761 27.9916 162.611 -13 5191 1 0 1
-1.02852 -8.12647 12500 -0.604836 -0.0878675 27.9933 162.608 -13 5192 1 0 1
-3.70353 15.0726 12500 -0.555827 0.269293 27.9932 162.626 -13 5193 1 0 1
6.06054 -31.8581 12500 -0.655337 -0.48166 27.9882 162.629 -13 5194 1 0 1
49.4977 31.6111 12500 -1.13858 0.440665 27.9734 162.635 -13 5195 1 0 1
10.601 32.6336 12500 -0.699686 0.53208 27.9862 162.638 -13 5196 1 0 1
-6.28812 -4.87845 12500 -0.535404 -0.0902872 27.9947 162.62 -13 5197 1 0 1
4.35658 -2.57344 12500 -0.643407 -0.0252499 27.9926 162.611 -13 5198 1 0 1
8.93336 3.6526 12500 -0.699558 0.0660504 27.9912 162.603 -13 5199 1 0 1
14.713 -42.5471 12500 -0.746147 -0.668661 27.9821 162.652 -13 5200 1 0 1
23.4183 44.0872 12500 -0.828803 0.681876 27.9794 162.662 -13 5201 1 0 1
-16.0031 -21.5187 12500 -0.420855 -0.342962 27.9947 162.637 -13 5202 1 0 1
-3.98197 -10.358 12500 -0.577684 -0.172377 27.9935 162.612 -13 5203 1 0 1
16.0987 20.3512 12500 -0.775117 0.321252 27.9874 162.607 -13 5204 1 0 1
27.9223 23.1566 12500 -0.885059 0.354509 27.9838 162.615 -13 5205 1 0 1
9.81905 15.165 12500 -0.70508 0.244793 27.9901 162.609 -13 5206 1 0 1
-13.0981 -72.4218 12500 -0.307053 -1.06786 27.9779 162.734 -13 5207 1 0 1
-21.4217 10.9624 12500 -0.370001 0.180417 27.997 162.637 -13 5208 1 0 1
-18.2061 12.5482 12500 -0.418075 0.196326 27.9962 162.629 -13 5209 1 0 1
26.6465 37.6904 12500 -0.886761 0.557994 27.9804 162.632 -13 5210 1 0 1
-1.18718 -21.298 12500 -0.585037 -0.347045 27.9917 162.624 -13 5211 1 0 1
-3.35738 8.13183 12500 -0.561104 0.137442 27.994 162.621 -13 5212 1 0 1
12.0768 8.23438 12500 -0.724645 0.159528 27.9902 162.607 -13 5213 1 0 1
-2.84123 -34.2393 12500 -0.544132 -0.546747 27.9894 162.651 -13 5214 1 0 1
8.66773 19.0632 12500 -0.68832 0.314412 27.9898 162.615 -13 5215 1 0 1
-9.69376 14.7335 12500 -0.501262 0.250714 27.9944 162.626 -13 5216 1 0 1
-21.5006 -17.8748 12500 -0.382997 -0.284538 27.9959 162.632 -13 5217 1 0 1
9.30282 -56.0655 12500 -0.667075 -0.858389 27.9789 162.692 -13 5218 1 0 1
17.0807 -2.2794 12500 -0.772011 -0.0330244 27.9893 162.602 -13 5219 1 0 1
10.9757 -18.8205 12500 -0.711504 -0.304251 27.9893 162.613 -13 5220 1 0 1
-12.1688 -29.1538 12500 -0.439047 -0.472931 27.9926 162.654 -13 5221 1 0 1
7.5571 23.2606 12500 -0.66612 0.343322 27.99 162.622 -13 5222 1 0 1
-2.02999 -11.4664 12500 -0.581194 -0.199071 27.9933 162.619 -13 5223 1 0 1
-23.8737 -23.5103 12500 -0.326669 -0.377016 27.9956 162.648 -13 5224 1 0 1
20.2344 57.7334 12500 -0.788673 0.855446 27.9758 162.695 -13 5225 1 0 1
-17.132 -29.6828 12500 -0.403015 -0.460326 27.9933 162.647 -13 5226 1 0 1
10.3863 -8.72531 12500 -0.732431 -0.147205 27.99 162.596 -13 5227 1 0 1
6.11119 54.8347 12500 -0.625882 0.832222 27.9806 162.687 -13 5228 1 0 1
12.1628 33.0597 12500 -0.717657 0.531634 27.9858 162.636 -13 5229 1 0 1
37.5676 -5.80487 12500 -1.01882 -0.0802259 27.9813 162.591 -13 5230 1 0 1
-27.58 7.25215 12500 -0.293866 0.0945756 27.9983 162.643 -13 5231 1 0 1
1.45012 3.41918 12500 -0.620636 0.0610692 27.9931 162.61 -13 5232 1 0 1
1.66298 -16.5604 12500 -0.640021 -0.238974 27.9917 162.605 -13 5233 1 0 1
1.09432 12.1065 12500 -0.607048 0.193173 27.9928 162.619 -13 5234 1 0 1
-15.4839 -64.8966 12500 -0.307313 -0.942501 27.9824 162.711 -13 5235 1 0 1
22.726 31.4224 12500 -0.840256 0.508568 27.9828 162.63 -13 5236 1 0 1
4.41236 30.8958 12500 -0.634373 0.483037 27.9886 162.634 -13 5237 1 0 1
21.8097 25.1761 12500 -0.806382 0.37859 27.9858 162.622 -13 5238 1 0 1
-2.35535 19.0937 12500 -0.562107 0.299081 27.9928 162.627 -13 5239 1 0 1
22.4444 41.0571 12500 -0.808397 0.611017 27.9817 162.649 -13 5240 1 0 1
31.6182 34.572 12500 -0.926003 0.520832 27.9798 162.636 -13 5241 1 0 1
18.7335 14.7466 12500 -0.785971 0.26646 27.9877 162.613 -13 5242 1 0 1
-11.8071 -45.6442 12500 -0.439901 -0.709679 27.9875 162.667 -13 5243 1 0 1
12.3767 23.3491 12500 -0.730508 0.381808 27.9879 162.617 -13 5244 1 0 1
23.5576 4.74291 12500 -0.851509 0.0751989 27.9869 162.595 -13 5245 1 0 1
-9.10516 -11.2305 12500 -0.520903 -0.163791 27.9947 162.617 -13 5246 1 0 1
-11.6801 -25.2984 12500 -0.459087 -0.411038 27.9932 162.643 -13 5247 1 0 1
2.00191 -61.1154 12500 -0.571602 -0.921448 27.979 162.703 -13 5248 1 0 1
3.02867 -22.5322 12500 -0.622411 -0.348908 27.9909 162.624 -13 5249 1 0 1
-14.8564 48.4236 12500 -0.372654 0.724623 27.9881 162.677 -13 5250 1 0 1
20.1138 60.2435 12500 -0.800756 0.909356 27.9738 162.708 -13 5251 1 0 1
18.3699 -23.0141 12500 -0.785064 -0.355556 27.9867 162.615 -13 5252 1 0 1
8.97106 -74.4922 12500 -0.635452 -1.11076 27.9707 162.756 -13 5253 1 0 1
36.5805 -9.83564 12500 -0.988616 -0.147452 27.9822 162.601 -13 5254 1 0 1
6.28561 -51.2299 12500 -0.624706 -0.812175 27.9812 162.687 -13 5255 1 0 1
-1.82981 -37.1766 12500 -0.558841 -0.581314 27.9884 162.651 -13 5256 1 0 1
21.2228 8.6137 12500 -0.812371 0.138985 27.9879 162.604 -13 5257 1 0 1
5.11113 -5.63273 12500 -0.659089 -0.0597416 27.9922 162.607 -13 5258 1 0 1
3.49709 41.8265 12500 -0.596676 0.667604 27.9857 162.666 -13 5259 1 0 1
36.7385 6.70989 12500 -0.991838 0.129104 27.9821 162.601 -13 5260 1 0 1
21.046 -49.4388 12500 -0.812809 -0.756138 27.978 162.669 -13 5261 1 0 1
17.7918 54.3556 12500 -0.774038 0.812594 27.9775 162.68 -13 5262 1 0 1
34.1416 -0.259008 12500 -0.956794 -0.0310511 27.9836 162.599 -13 5263 1 0 1
29.834 26.1106 12500 -0.918852 0.413193 27.9819 162.619 -13 5264 1 0 1
8.04805 22.8391 12500 -0.676604 0.339771 27.9898 162.619 -13 5265 1 0 1
5.55639 67.5222 12500 -0.606285 1.01239 27.9751 162.723 -13 5266 1 0 1
18.5264 22.6902 12500 -0.786691 0.361976 27.9866 162.615 -13 5267 1 0 1
28.2117 -9.61042 12500 -0.909706 -0.110938 27.985 162.592 -13 5268 1 0 1
-8.15113 -29.8941 12500 -0.498327 -0.488213 27.9913 162.645 -13 5269 1 0 1
-7.34089 -53.3451 12500 -0.476341 -0.784076 27.985 162.676 -13 5270 1 0 1
-14.3674 -8.97097 12500 -0.451223 -0.155862 27.9959 162.628 -13 5271 1 0 1
8.37487 35.4117 12500 -0.674013 0.551676 27.9864 162.64 -13 5272 1 0 1
11.9302 13.8009 12500 -0.727449 0.242121 27.9895 162.609 -13 5273 1 0 1
-6.73309 9.37242 12500 -0.550548 0.204396 27.9938 162.617 -13 5274 1 0 1
5.0414 21.882 12500 -0.664679 0.362125 27.9898 162.615 -13 5275 1 0 1
20.9321 -73.2969 12500 -0.78851 -1.06805 27.9685 162.757 -13 5276 1 0 1
-7.34476 -0.430702 12500 -0.533488 -0.00320099 27.9949 162.616 -13 5277 1 0 1
-2.25654 10.3592 12500 -0.573477 0.134762 27.9938 162.619 -13 5278 1 0 1
-36.7479 -34.3575 12500 -0.142115 -0.489656 27.9954 162.661 -13 5279 1 0 1
9.23597 9.33457 12500 -0.700966 0.170376 27.9907 162.607 -13 5280 1 0 1
48.8439 19.3981 12500 -1.13293 0.297478 27.9755 162.616 -13 5281 1 0 1
-29.3703 -6.5196 12500 -0.301577 -0.108749 27.9982 162.634 -13 5282 1 0 1
-5.01427 -37.801 12500 -0.517028 -0.592697 27.989 162.656 -13 5283 1 0 1
46.3925 36.5617 12500 -1.13744 0.56099 27.9713 162.649 -13 5284 1 0 1
-0.199853 3.94191 12500 -0.607811 0.0661327 27.9933 162.61 -13 5285 1 0 1
21.7209 15.6178 12500 -0.811612 0.270742 27.9869 162.613 -13 5286 1 0 1
-15.3309 -13.409 12500 -0.433729 -0.233841 27.9957 162.635 -13 5287 1 0 1
-11.7735 15.1241 12500 -0.45097 0.23721 27.9954 162.638 -13 5288 1 0 1
-26.173 -38.0346 12500 -0.255444 -0.565339 27.9931 162.669 -13 5289 1 0 1
-8.9608 -25.884 12500 -0.501793 -0.40921 27.9925 162.636 -13 5290 1 0 1
-12.4195 -8.68379 12500 -0.460235 -0.114379 27.996 162.63 -13 5291 1 0 1
-5.70375 -44.8572 12500 -0.488343 -0.683978 27.9874 162.671 -13 5292 1 0 1
-13.9406 -4.67309 12500 -0.457705 -0.0516706 27.9962 162.625 -13 5293 1 0 1
-33.2388 -33.6381 12500 -0.186667 -0.504355 27.9948 162.663 -13 5294 1 0 1
21.9412 52.2933 12500 -0.817954 0.805982 27.9764 162.685 -13 5295 1 0 1
0.348934 -48.3113 12500 -0.571861 -0.73782 27.9844 162.668 -13 5296 1 0 1
-7.02079 -13.934 12500 -0.525416 -0.239333 27.994 162.626 -13 5297 1 0 1
17.7499 22.4208 12500 -0.792155 0.362288 27.9864 162.61 -13 5298 1 0 1
4.79017 47.5236 12500 -0.620563 0.746622 27.9832 162.671 -13 5299 1 0 1
-12.5274 -28.5346 12500 -0.44652 -0.458035 27.9927 162.648 -13 5300 1 0 1
-28.8061 -79.061 12500 -0.016768 -1.06813 27.9796 162.72 -13 5301 1 0 1
20.5126 19.0267 12500 -0.796661 0.270118 27.9874 162.61 -13 5302 1 0 1
7.47598 49.1145 12500 -0.643126 0.759604 27.9823 162.674 -13 5303 1 0 1
21.1402 19.7778 12500 -0.836875 0.298785 27.9859 162.599 -13 5304 1 0 1
37.9039 15.2711 12500 -1.00193 0.252261 27.9809 162.61 -13 5305 1 0 1
0.468543 15.4353 12500 -0.604969 0.242712 27.9924 162.617 -13 5306 1 0 1
16.5552 1.5016 12500 -0.769996 0.0482878 27.9894 162.601 -13 5307 1 0 1
-23.8263 -33.268 12500 -0.322025 -0.485923 27.9939 162.651 -13 5308 1 0 1
-15.6163 -1.53345 12500 -0.444152 -0.0100233 27.9965 162.624 -13 5309 1 0 1
33.1403 6.09005 12500 -0.977971 0.119908 27.9827 162.59 -13 5310 1 0 1
9.74332 28.4642 12500 -0.703813 0.452848 27.9875 162.625 -13 5311 1 0 1
-36.2478 -14.6258 12500 -0.192864 -0.220474 27.9985 162.647 -13 5312 1 0 1
43.6323 1.869 12500 -1.08457 0.0392079 27.979 162.594 -13 5313 1 0 1
-6.97903 32.1011 12500 -0.513026 0.505928 27.9907 162.643 -13 5314 1 0 1
52.4426 59.5105 12500 -1.23599 0.818 27.9607 162.714 -13 5315 1 0 1
7.39669 8.94861 12500 -0.66085 0.157819 27.9918 162.617 -13 5316 1 0 1
3.20982 -22.9798 12500 -0.631122 -0.353528 27.9907 162.622 -13 5317 1 0 1
-2.20956 19.9506 12500 -0.559911 0.318158 27.9926 162.629 -13 5318 1 0 1
-26.2075 -27.0719 12500 -0.300949 -0.431715 27.9951 162.651 -13 5319 1 0 1
18.3096 5.81442 12500 -0.784535 0.0898608 27.9889 162.602 -13 5320 1 0 1
18.941 -35.9818 12500 -0.769018 -0.551977 27.984 162.645 -13 5321 1 0 1
0.504226 -19.8763 12500 -0.593139 -0.334642 27.9917 162.628 -13 5322 1 0 1
-5.33969 -45.0231 12500 -0.49549 -0.686708 27.9872 162.67 -13 5323 1 0 1
-4.54652 7.64562 12500 -0.561206 0.107059 27.9942 162.615 -13 5324 1 0 1
14.9544 7.58639 12500 -0.765304 0.112765 27.9893 162.598 -13 5325 1 0 1
9.20276 15.3141 12500 -0.707957 0.266804 27.9898 162.608 -13 5326 1 0 1
-4.62327 -17.4923 12500 -0.553388 -0.290033 27.993 162.623 -13 5327 1 0 1
25.6143 -13.4893 12500 -0.877688 -0.232743 27.9853 162.601 -13 5328 1 0 1
-12.9254 32.5813 12500 -0.444982 0.522779 27.9916 162.649 -13 5329 1 0 1
33.6796 38.6154 12500 -0.973741 0.568148 27.9773 162.636 -13 5330 1 0 1
8.29312 -4.90856 12500 -0.704806 -0.0702726 27.991 162.598 -13 5331 1 0 1
8.95106 15.4781 12500 -0.698653 0.252416 27.9901 162.609 -13 5332 1 0 1
3.86499 5.82929 12500 -0.640362 0.0845503 27.9925 162.611 -13 5333 1 0 1
25.2457 26.8166 12500 -0.852712 0.407239 27.984 162.622 -13 5334 1 0 1
13.9057 -5.63387 12500 -0.740916 -0.0896933 27.9901 162.604 -13 5335 1 0 1
31.153 7.68955 12500 -0.930221 0.129143 27.9842 162.598 -13 5336 1 0 1
22.5046 -10.1373 12500 -0.841233 -0.124636 27.9871 162.596 -13 5337 1 0 1
14.4379 12.6397 12500 -0.748309 0.169481 27.9895 162.605 -13 5338 1 0 1
40.4983 -3.39742 12500 -1.03633 -0.0590494 27.9808 162.598 -13 5339 1 0 1
-1.79301 -17.6534 12500 -0.57357 -0.283516 27.9927 162.624 -13 5340 1 0 1
24.9288 31.4394 12500 -0.864325 0.510194 27.982 162.632 -13 5341 1 0 1
25.372 41.4876 12500 -0.858195 0.63539 27.9796 162.651 -13 5342 1 0 1
28.9331 28.4361 12500 -0.899214 0.413422 27.9825 162.62 -13 5343 1 0 1
23.2876 -27.0733 12500 -0.840241 -0.444854 27.9839 162.625 -13 5344 1 0 1
31.4545 -8.28968 12500 -0.948538 -0.137925 27.9836 162.592 -13 5345 1 0 1
2.00635 20.5199 12500 -0.628681 0.316981 27.9911 162.615 -13 5346 1 0 1
-25.8188 -85.6237 12500 -0.000311977 -1.14161 27.9767 162.74 -13 5347 1 0 1
-3.71676 -2.72294 12500 -0.56118 -0.0527726 27.9943 162.618 -13 5348 1 0 1
4.14184 -14.71 12500 -0.647863 -0.242202 27.9915 162.613 -13 5349 1 0 1
25.5059 101.328 12500 -0.913517 1.36853 27.9516 162.898 -13 5350 1 0 1
7.31056 3.98388 12500 -0.664866 0.0667344 27.992 162.613 -13 5351 1 0 1
-11.9439 -16.4206 12500 -0.464165 -0.289994 27.9947 162.635 -13 5352 1 0 1
27.2481 -1.15328 12500 -0.899059 -0.0215606 27.9856 162.59 -13 5353 1 0 1
-22.069 -13.79 12500 -0.373643 -0.229779 27.9966 162.634 -13 5354 1 0 1
2.45657 -15.1768 12500 -0.648674 -0.2413 27.9914 162.605 -13 5355 1 0 1
22.2072 38.9552 12500 -0.815266 0.621102 27.9812 162.653 -13 5356 1 0 1
-4.17257 -21.6869 12500 -0.559118 -0.357706 27.9921 162.625 -13 5357 1 0 1
27.6213 -20.8009 12500 -0.887639 -0.309098 27.9842 162.607 -13 5358 1 0 1
36.3374 -2.49466 12500 -0.963479 -0.0250281 27.9834 162.607 -13 5359 1 0 1
25.4036 16.0154 12500 -0.856429 0.251594 27.9858 162.607 -13 5360 1 0 1
30.6834 39.1093 12500 -0.927996 0.60178 27.9781 162.646 -13 5361 1 0 1
20.0863 47.4843 12500 -0.803323 0.734913 27.9788 162.666 -13 5362 1 0 1
3.9103 29.0304 12500 -0.652663 0.457824 27.9886 162.625 -13 5363 1 0 1
5.80191 13.2711 12500 -0.670755 0.210873 27.9912 162.608 -13 5364 1 0 1
-6.55198 6.91527 12500 -0.517965 0.0970748 27.995 162.627 -13 5365 1 0 1
-7.68814 -26.8726 12500 -0.509277 -0.423829 27.9922 162.638 -13 5366 1 0 1
-22.1052 -9.5856 12500 -0.365552 -0.139883 27.9973 162.635 -13 5367 1 0 1
25.7532 -21.4457 12500 -0.862868 -0.315049 27.9849 162.61 -13 5368 1 0 1
9.8352 0.62443 12500 -0.711069 0.0156896 27.991 162.601 -13 5369 1 0 1
19.1762 4.09702 12500 -0.798749 0.0516204 27.9886 162.599 -13 5370 1 0 1
-11.5073 11.2709 12500 -0.496363 0.185118 27.995 162.62 -13 5371 1 0 1
20.6396 -3.07825 12500 -0.805424 -0.0503476 27.9884 162.602 -13 5372 1 0 1
23.7611 46.2617 12500 -0.860882 0.679196 27.9785 162.649 -13 5373 1 0 1
14.2079 -8.10027 12500 -0.757472 -0.123545 27.9895 162.598 -13 5374 1 0 1
17.0549 -9.90732 12500 -0.775598 -0.146204 27.9889 162.603 -13 5375 1 0 1
-11.2515 -0.850135 12500 -0.520857 0.0168196 27.9952 162.609 -13 5376 1 0 1
2.09733 66.6003 12500 -0.557424 1.01153 27.9762 162.725 -13 5377 1 0 1
50.7119 48.7854 12500 -1.18715 0.700044 27.9661 162.685 -13 5378 1 0 1
10.6253 -79.2396 12500 -0.637083 -1.14507 27.9693 162.771 -13 5379 1 0 1
42.8108 -13.1975 12500 -1.05987 -0.181603 27.9793 162.605 -13 5380 1 0 1
38.6831 -10.138 12500 -1.01746 -0.170987 27.981 162.601 -13 5381 1 0 1
-2.55485 31.356 12500 -0.554183 0.474644 27.9905 162.639 -13 5382 1 0 1
22.5735 13.417 12500 -0.832579 0.177377 27.9871 162.601 -13 5383 1 0 1
-4.78226 45.0316 12500 -0.505205 0.675077 27.9873 162.666 -13 5384 1 0 1
3.06273 -52.7456 12500 -0.592998 -0.815304 27.9818 162.684 -13 5385 1 0 1
1.18045 3.00801 12500 -0.618223 0.0270026 27.9932 162.61 -13 5386 1 0 1
9.39617 40.48 12500 -0.695576 0.638015 27.9841 162.647 -13 5387 1 0 1
20.4643 109.42 12500 -0.820722 1.45822 27.95 162.925 -13 5388 1 0 1
20.2466 -14.6099 12500 -0.804638 -0.244292 27.9874 162.609 -13 5389 1 0 1
-0.195507 8.02542 12500 -0.591274 0.135816 27.9934 162.619 -13 5390 1 0 1
16.2006 -16.7885 12500 -0.762033 -0.258555 27.9884 162.609 -13 5391 1 0 1
-9.54458 41.6492 12500 -0.459093 0.62746 27.9892 162.661 -13 5392 1 0 1
23.6834 21.7349 12500 -0.848866 0.389926 27.9844 162.619 -13 5393 1 0 1
-30.4333 -23.4294 12500 -0.272234 -0.357494 27.9964 162.642 -13 5394 1 0 1
-9.10343 -16.5052 12500 -0.504087 -0.244475 27.9944 162.625 -13 5395 1 0 1
26.8144 3.1707 12500 -0.888226 0.0276164 27.9859 162.593 -13 5396 1 0 1
-35.0613 -4.2716 12500 -0.212781 -0.0692817 27.9991 162.644 -13 5397 1 0 1
-3.49923 16.4842 12500 -0.546766 0.279516 27.9933 162.63 -13 5398 1 0 1
9.25605 25.5794 12500 -0.681983 0.399883 27.9888 162.627 -13 5399 1 0 1
17.3002 30.395 12500 -0.782282 0.482527 27.9849 162.625 -13 5400 1 0 1
41.3434 38.1335 12500 -1.05393 0.570369 27.9743 162.649 -13 5401 1 0 1
-17.0518 -12.241 12500 -0.434718 -0.219297 27.9958 162.628 -13 5402 1 0 1
29.5732 33.4595 12500 -0.903336 0.51674 27.9807 162.635 -13 5403 1 0 1
3.63311 6.13934 12500 -0.634935 0.0974352 27.9926 162.613 -13 5404 1 0 1
-11.317 23.6675 12500 -0.463178 0.316167 27.9944 162.637 -13 5405 1 0 1
1.51216 14.2295 12500 -0.62826 0.219443 27.9921 162.611 -13 5406 1 0 1
-47.4865 -76.3046 12500 0.261283 -0.906105 27.9841 162.684 -13 5407 1 0 1
30.5836 18.6252 12500 -0.933618 0.286402 27.983 162.601 -13 5408 1 0 1
23.7156 -13.3226 12500 -0.859824 -0.222712 27.9859 162.599 -13 5409 1 0 1
35.2503 4.97643 12500 -0.974242 0.0725313 27.983 162.598 -13 5410 1 0 1
-7.98128 -14.6897 12500 -0.524935 -0.244279 27.994 162.622 -13 5411 1 0 1
28.434 24.9786 12500 -0.925674 0.394739 27.9819 162.608 -13 5412 1 0 1
14.5419 19.9535 12500 -0.730518 0.268264 27.9892 162.615 -13 5413 1 0 1
-14.7338 4.661 12500 -0.443969 0.0799628 27.9964 162.628 -13 5414 1 0 1
0.844763 -15.6729 12500 -0.617863 -0.243668 27.9921 162.613 -13 5415 1 0 1
-12.8551 7.57886 12500 -0.486131 0.108407 27.9956 162.618 -13 5416 1 0 1
23.0821 25.4264 12500 -0.821711 0.363765 27.9856 162.619 -13 5417 1 0 1
31.4786 -9.04441 12500 -0.935905 -0.159995 27.9839 162.599 -13 5418 1 0 1
-5.80681 9.33774 12500 -0.543951 0.130962 27.9944 162.619 -13 5419 1 0 1
-2.0192 -3.37404 12500 -0.576132 -0.0750691 27.994 162.618 -13 5420 1 0 1
7.46208 -40.7813 12500 -0.652525 -0.618365 27.9856 162.65 -13 5421 1 0 1
-1.34249 26.0989 12500 -0.568571 0.414204 27.9912 162.637 -13 5422 1 0 1
-0.065282 -46.8509 12500 -0.569754 -0.719471 27.985 162.665 -13 5423 1 0 1
20.7719 32.0702 12500 -0.820612 0.499332 27.9835 162.625 -13 5424 1 0 1
-1.86073 28.3522 12500 -0.572066 0.430963 27.9908 162.634 -13 5425 1 0 1
7.17785 -33.0321 12500 -0.658221 -0.519829 27.9874 162.638 -13 5426 1 0 1
-28.6719 -58.0686 12500 -0.174855 -0.828005 27.9872 162.688 -13 5427 1 0 1
-27.0913 -29.0195 12500 -0.310615 -0.426225 27.995 162.644 -13 5428 1 0 1
24.327 -72.606 12500 -0.83727 -1.04406 27.968 162.752 -13 5429 1 0 1
-38.7316 -46.4906 12500 -0.0601767 -0.651606 27.9924 162.674 -13 5430 1 0 1
1.48918 4.96264 12500 -0.607609 0.0476514 27.9934 162.616 -13 5431 1 0 1
2.91668 -35.0199 12500 -0.618267 -0.561044 27.9876 162.644 -13 5432 1 0 1
15.742 1.19854 12500 -0.766078 0.0174669 27.9895 162.599 -13 5433 1 0 1
4.50651 -13.1475 12500 -0.64756 -0.201866 27.9918 162.613 -13 5434 1 0 1
-5.29375 32.3643 12500 -0.526248 0.492275 27.9907 162.642 -13 5435 1 0 1
9.87673 50.3861 12500 -0.657499 0.790543 27.9811 162.685 -13 5436 1 0 1
16.8879 6.08641 12500 -0.782531 0.103229 27.9889 162.598 -13 5437 1 0 1
10.347 55.7461 12500 -0.688832 0.860508 27.9783 162.691 -13 5438 1 0 1
-36.4255 -23.9075 12500 -0.176781 -0.348563 27.9973 162.65 -13 5439 1 0 1
-1.766 1.63143 12500 -0.601999 0.0466738 27.9935 162.607 -13 5440 1 0 1
10.1088 -18.807 12500 -0.718365 -0.31011 27.9891 162.607 -13 5441 1 0 1
-27.2417 -10.804 12500 -0.320226 -0.170293 27.9977 162.635 -13 5442 1 0 1
37.9237 49.4298 12500 -1.04956 0.731415 27.9708 162.672 -13 5443 1 0 1
-11.8204 -35.1635 12500 -0.452584 -0.538908 27.9912 162.65 -13 5444 1 0 1
-14.1138 -15.7695 12500 -0.449736 -0.245681 27.9953 162.63 -13 5445 1 0 1
-23.6209 -40.0195 12500 -0.296563 -0.58644 27.9923 162.664 -13 5446 1 0 1
14.3078 -12.1641 12500 -0.759491 -0.208824 27.9889 162.602 -13 5447 1 0 1
8.0439 24.457 12500 -0.66478 0.421267 27.9889 162.633 -13 5448 1 0 1
42.7679 15.1725 12500 -1.05081 0.236116 27.9793 162.613 -13 5449 1 0 1
18.3209 5.83572 12500 -0.801305 0.0707214 27.9884 162.594 -13 5450 1 0 1
7.20281 54.1499 12500 -0.620631 0.828654 27.9809 162.692 -13 5451 1 0 1
37.9743 -10.2756 12500 -1.01239 -0.174703 27.9811 162.6 -13 5452 1 0 1
-10.3837 28.2186 12500 -0.467389 0.44349 27.9926 162.646 -13 5453 1 0 1
-13.5297 -46.498 12500 -0.404198 -0.724698 27.9877 162.674 -13 5454 1 0 1
7.62025 5.78323 12500 -0.685646 0.129079 27.9913 162.607 -13 5455 1 0 1
-1.54522 -4.36785 12500 -0.570557 -0.065432 27.9941 162.622 -13 5456 1 0 1
12.1297 9.39366 12500 -0.727527 0.189136 27.9899 162.608 -13 5457 1 0 1
28.8234 29.4497 12500 -0.918216 0.476693 27.9809 162.625 -13 5458 1 0 1
29.4199 75.1971 12500 -0.911669 1.08175 27.9642 162.777 -13 5459 1 0 1
12.5758 -10.9749 12500 -0.745544 -0.176389 27.9895 162.599 -13 5460 1 0 1
38.606 20.2489 12500 -1.01449 0.306834 27.9799 162.609 -13 5461 1 0 1
24.2567 -8.89376 12500 -0.848787 -0.162811 27.9867 162.603 -13 5462 1 0 1
-18.9841 -53.8274 12500 -0.302126 -0.820341 27.9863 162.693 -13 5463 1 0 1
0.0751011 4.33212 12500 -0.596917 0.0150845 27.9936 162.617 -13 5464 1 0 1
1.11019 -15.4505 12500 -0.61303 -0.272311 27.992 162.619 -13 5465 1 0 1
-29.9864 142.493 12500 -7.70707 2.2079 26.8277 163.288 -13 5466 1 0 1
2.70119 -20.1852 12500 -0.616244 -0.314336 27.9915 162.623 -13 5467 1 0 1
9.55382 4.85555 12500 -0.695444 0.0607718 27.9913 162.607 -13 5468 1 0 1
0.680126 27.7376 12500 -0.604439 0.446248 27.9899 162.632 -13 5469 1 0 1
1.69534 -3.52179 12500 -0.622935 -0.0383857 27.993 162.61 -13 5470 1 0 1
21.8719 17.2208 12500 -0.856249 0.283295 27.9855 162.596 -13 5471 1 0 1
-12.0067 -4.11483 12500 -0.470309 -0.0591386 27.996 162.627 -13 5472 1 0 1
-32.7653 -0.211974 12500 -0.243462 -0.00275047 27.9989 162.642 -13 5473 1 0 1
23.2755 15.8659 12500 -0.850088 0.247616 27.986 162.601 -13 5474 1 0 1
39.7375 36.9316 12500 -1.04946 0.550483 27.9749 162.638 -13 5475 1 0 1
1.35229 -22.0436 12500 -0.616307 -0.337851 27.9912 162.619 -13 5476 1 0 1
6.41398 -35.5378 12500 -0.643089 -0.584417 27.9865 162.652 -13 5477 1 0 1
-1.0773 -24.1155 12500 -0.554922 -0.354138 27.9923 162.64 -13 5478 1 0 1
-20.522 32.1501 12500 -0.370796 0.486109 27.9933 162.647 -13 5479 1 0 1
-10.5317 -35.2847 12500 -0.466955 -0.555192 27.9906 162.652 -13 5480 1 0 1
4.14009 8.21901 12500 -0.625655 0.146758 27.9926 162.62 -13 5481 1 0 1
-7.86638 -14.3038 12500 -0.519954 -0.201496 27.9944 162.623 -13 5482 1 0 1
2.68602 4.58782 12500 -0.620847 0.0477716 27.9931 162.615 -13 5483 1 0 1
15.1765 -26.0231 12500 -0.764711 -0.398592 27.9867 162.614 -13 5484 1 0 1
-16.7217 -28.1958 12500 -0.39854 -0.469586 27.9932 162.652 -13 5485 1 0 1
0.409968 10.5495 12500 -0.618457 0.182102 27.9926 162.611 -13 5486 1 0 1
-9.9236 -5.74112 12500 -0.511635 -0.0931552 27.9952 162.617 -13 5487 1 0 1
10.7371 28.5291 12500 -0.70967 0.466437 27.9871 162.629 -13 5488 1 0 1
-9.33344 2.64073 12500 -0.519334 0.0406337 27.9952 162.615 -13 5489 1 0 1
-3.17317 -44.1277 12500 -0.515715 -0.683381 27.9869 162.671 -13 5490 1 0 1
38.9572 44.1818 12500 -1.03162 0.65682 27.9733 162.662 -13 5491 1 0 1
14.8792 -24.8575 12500 -0.751975 -0.407102 27.9869 162.621 -13 5492 1 0 1
43.2242 0.0613271 12500 -1.0625 0.00282362 27.9798 162.6 -13 5493 1 0 1
-13.8323 -4.10745 12500 -0.469197 -0.0738828 27.996 162.621 -13 5494 1 0 1
-13.8407 16.4576 12500 -0.455259 0.257622 27.9951 162.629 -13 5495 1 0 1
-21.6342 -8.50873 12500 -0.35893 -0.098498 27.9975 162.639 -13 5496 1 0 1
15.8948 9.27945 12500 -0.779647 0.150481 27.9887 162.597 -13 5497 1 0 1
23.112 -23.6034 12500 -0.839476 -0.397574 27.9846 162.618 -13 5498 1 0 1
-13.5375 -24.6732 12500 -0.454362 -0.400486 27.9934 162.637 -13 5499 1 0 1
18.9214 63.5726 12500 -0.774973 0.9445 27.9733 162.716 -13 5500 1 0 1
22.1897 -40.7171 12500 -0.831159 -0.629393 27.9806 162.646 -13 5501 1 0 1
15.3383 36.7148 12500 -0.76028 0.573395 27.9838 162.636 -13 5502 1 0 1
18.6065 91.3394 12500 -0.785155 1.30569 27.9585 162.846 -13 5503 1 0 1
-12.5427 4.65566 12500 -0.470448 0.0685699 27.996 162.625 -13 5504 1 0 1
-6.91517 1.57902 12500 -0.507139 0.058283 27.9953 162.63 -13 5505 1 0 1
-3.1849 -34.2562 12500 -0.553153 -0.542007 27.9893 162.644 -13 5506 1 0 1
-6.62852 -4.71956 12500 -0.535512 -0.0827991 27.9948 162.619 -13 5507 1 0 1
1.39493 -17.6118 12500 -0.618625 -0.345624 27.991 162.624 -13 5508 1 0 1
57.4421 55.2081 12500 -1.27769 0.745115 27.9609 162.7 -13 5509 1 0 1
-5.14544 -43.6558 12500 -0.50569 -0.688789 27.987 162.669 -13 5510 1 0 1
-5.62657 -23.6144 12500 -0.53427 -0.403546 27.992 162.635 -13 5511 1 0 1
-8.8632 7.92874 12500 -0.493635 0.131446 27.9953 162.629 -13 5512 1 0 1
7.40058 18.4705 12500 -0.675385 0.291176 27.9903 162.614 -13 5513 1 0 1
-18.8111 -17.3123 12500 -0.37358 -0.26899 27.9962 162.645 -13 5514 1 0 1
26.8719 9.90471 12500 -0.88452 0.160387 27.9856 162.599 -13 5515 1 0 1
-4.03426 6.73739 12500 -0.541445 0.0953368 27.9946 162.626 -13 5516 1 0 1
-10.0528 -25.8627 12500 -0.492896 -0.417355 27.9926 162.636 -13 5517 1 0 1
-16.5637 2.7288 12500 -0.432548 0.0117796 27.9967 162.626 -13 5518 1 0 1
18.1447 -4.37122 12500 -0.801213 -0.052472 27.9885 162.593 -13 5519 1 0 1
-18.4878 0.776615 12500 -0.402516 0.000619791 27.9971 162.632 -13 5520 1 0 1
6.85147 -66.0034 12500 -0.6185 -0.995521 27.9755 162.721 -13 5521 1 0 1
-4.07771 -28.0424 12500 -0.557291 -0.44155 27.991 162.633 -13 5522 1 0 1
-1.70188 -40.2131 12500 -0.544289 -0.624505 27.9877 162.661 -13 5523 1 0 1
-25.3938 9.29499 12500 -0.336738 0.107185 27.9978 162.635 -13 5524 1 0 1
17.3182 1.52028 12500 -0.793118 0.022701 27.9888 162.593 -13 5525 1 0 1
12.3064 8.81621 12500 -0.726784 0.118607 27.9903 162.604 -13 5526 1 0 1
12.1329 53.575 12500 -0.669946 0.831054 27.9796 162.697 -13 5527 1 0 1
1.22712 -0.192386 12500 -0.624524 -0.00893399 27.993 162.607 -13 5528 1 0 1
23.8422 24.4139 12500 -0.850357 0.361363 27.9848 162.612 -13 5529 1 0 1
17.6084 1.08476 12500 -0.775483 0.043706 27.9892 162.603 -13 5530 1 0 1
22.4242 36.0837 12500 -0.800185 0.554557 27.9831 162.647 -13 5531 1 0 1
31.9744 -5.91279 12500 -0.936128 -0.0889883 27.9842 162.598 -13 5532 1 0 1
-5.95587 -24.8897 12500 -0.532091 -0.414216 27.9919 162.635 -13 5533 1 0 1
2.57479 -32.0926 12500 -0.611684 -0.481164 27.9892 162.635 -13 5534 1 0 1
-5.29949 48.893 12500 -0.501637 0.729996 27.986 162.67 -13 5535 1 0 1
19.4947 -41.7048 12500 -0.803372 -0.675784 27.9803 162.657 -13 5536 1 0 1
-5.5956 -10.2865 12500 -0.541753 -0.139637 27.9944 162.62 -13 5537 1 0 1
12.9469 11.9278 12500 -0.723575 0.177022 27.9901 162.611 -13 5538 1 0 1
-22.3826 -17.9113 12500 -0.349622 -0.271786 27.9965 162.641 -13 5539 1 0 1
12.4778 39.6274 12500 -0.715875 0.636746 27.9836 162.652 -13 5540 1 0 1
5.70051 -1.66061 12500 -0.657234 0.00452837 27.9923 162.61 -13 5541 1 0 1
-0.442989 -18.4561 12500 -0.598904 -0.296372 27.992 162.619 -13 5542 1 0 1
11.6703 14.3981 12500 -0.734346 0.233487 27.9894 162.604 -13 5543 1 0 1
3.65203 -0.672294 12500 -0.644936 0.00266911 27.9926 162.607 -13 5544 1 0 1
-30.136 -39.4214 12500 -0.212095 -0.539879 27.994 162.665 -13 5545 1 0 1
38.459 48.9688 12500 -1.02068 0.707995 27.9724 162.672 -13 5546 1 0 1
-23.8895 -86.2296 12500 -0.0333151 -1.15095 27.9763 162.745 -13 5547 1 0 1
-2.76534 70.9794 12500 -0.446256 1.0413 27.9771 162.737 -13 5548 1 0 1
-37.761 -58.7643 12500 0.00733909 -0.80221 27.9885 162.689 -13 5549 1 0 1
-2.62927 -53.6971 12500 -0.507291 -0.803684 27.9839 162.689 -13 5550 1 0 1
15.9357 46.4039 12500 -0.758243 0.696516 27.9811 162.655 -13 5551 1 0 1
5.8107 -15.4919 12500 -0.651998 -0.233782 27.9914 162.616 -13 5552 1 0 1
-4.05661 2.51447 12500 -0.56287 0.0446731 27.9943 162.616 -13 5553 1 0 1
-17.6579 -37.5889 12500 -0.386026 -0.570472 27.9915 162.655 -13 5554 1 0 1
-16.2352 4.7282 12500 -0.441415 0.0664434 27.9964 162.624 -13 5555 1 0 1
10.2973 41.8897 12500 -0.673756 0.621323 27.985 162.652 -13 5556 1 0 1
-11.0315 8.08725 12500 -0.490893 0.112001 27.9955 162.622 -13 5557 1 0 1
10.4984 -29 12500 -0.696359 -0.488312 27.9871 162.637 -13 5558 1 0 1
5.84505 -10.2882 12500 -0.675599 -0.176334 27.9913 162.605 -13 5559 1 0 1
-2.20905 -22.6167 12500 -0.580468 -0.36941 27.9915 162.624 -13 5560 1 0 1
11.4196 -13.5215 12500 -0.727592 -0.217643 27.9897 162.605 -13 5561 1 0 1
22.2073 -9.62827 12500 -0.825279 -0.176749 27.9873 162.605 -13 5562 1 0 1
-25.8404 -2.5332 12500 -0.336162 -0.0331051 27.998 162.633 -13 5563 1 0 1
33.4071 43.3384 12500 -0.954772 0.644876 27.9763 162.656 -13 5564 1 0 1
-11.4015 -21.6689 12500 -0.448903 -0.305195 27.9947 162.642 -13 5565 1 0 1
-13.6589 -59.7637 12500 -0.369738 -0.889732 27.9834 162.699 -13 5566 1 0 1
20.2046 12.4558 12500 -0.806731 0.203523 27.9876 162.605 -13 5567 1 0 1
44.8874 39.3145 12500 -1.1044 0.588219 27.972 162.654 -13 5568 1 0 1
11.6043 12.5415 12500 -0.736524 0.217572 27.9895 162.603 -13 5569 1 0 1
-16.9845 29.9252 12500 -0.399748 0.445371 27.9936 162.647 -13 5570 1 0 1
1.709 -6.81277 12500 -0.616908 -0.100815 27.993 162.613 -13 5571 1 0 1
-34.7462 -28.7736 12500 -0.172633 -0.431083 27.9961 162.661 -13 5572 1 0 1
-17.6867 -32.0834 12500 -0.403061 -0.476005 27.9931 162.642 -13 5573 1 0 1
-0.600562 15.9824 12500 -0.587929 0.245414 27.9928 162.621 -13 5574 1 0 1
-12.0263 -4.0195 12500 -0.478604 -0.0703423 27.9958 162.623 -13 5575 1 0 1
-2.59864 6.28638 12500 -0.565426 0.11334 27.9941 162.621 -13 5576 1 0 1
-18.5336 23.7365 12500 -0.39647 0.344796 27.9951 162.639 -13 5577 1 0 1
-27.1266 -6.55425 12500 -0.339245 -0.104244 27.9978 162.628 -13 5578 1 0 1
-10.5885 -6.04237 12500 -0.491427 -0.10439 27.9955 162.624 -13 5579 1 0 1
13.1648 7.34184 12500 -0.748789 0.134433 27.9897 162.599 -13 5580 1 0 1
18.0764 -5.35988 12500 -0.770251 -0.0915687 27.9893 162.609 -13 5581 1 0 1
3.60428 54.2535 12500 -0.584938 0.850978 27.981 162.697 -13 5582 1 0 1
32.2206 86.715 12500 -0.978412 1.21698 27.9564 162.851 -13 5583 1 0 1
44.8948 25.919 12500 -1.08579 0.373816 27.9764 162.622 -13 5584 1 0 1
-18.9455 -34.4091 12500 -0.376807 -0.52414 27.9926 162.651 -13 5585 1 0 1
-12.8192 -5.79899 12500 -0.47649 -0.105367 27.9957 162.622 -13 5586 1 0 1
16.1299 7.59962 12500 -0.775686 0.154606 27.9888 162.601 -13 5587 1 0 1
-15.1241 -3.8097 12500 -0.431268 -0.081161 27.9966 162.632 -13 5588 1 0 1
-12.9766 -50.5635 12500 -0.399382 -0.774224 27.9864 162.68 -13 5589 1 0 1
28.5927 21.5374 12500 -0.907726 0.343517 27.9832 162.608 -13 5590 1 0 1
16.553 -1.08003 12500 -0.778193 -0.0220815 27.9892 162.597 -13 5591 1 0 1
-3.23648 -12.9397 12500 -0.579168 -0.216157 27.9932 162.616 -13 5592 1 0 1
13.0105 34.1212 12500 -0.711618 0.525196 27.986 162.639 -13 5593 1 0 1
-6.16929 -2.06366 12500 -0.565428 -0.0485406 27.9942 162.607 -13 5594 1 0 1
41.5235 75.7824 12500 -1.10106 1.03319 27.9593 162.774 -13 5595 1 0 1
0.239711 -44.4811 12500 -0.572132 -0.687652 27.9857 162.662 -13 5596 1 0 1
-10.7672 -41.3791 12500 -0.43058 -0.658719 27.9889 162.674 -13 5597 1 0 1
64.6044 38.7007 12500 -1.35441 0.548936 27.9618 162.667 -13 5598 1 0 1
-27.1378 -12.8999 12500 -0.311186 -0.217292 27.9974 162.641 -13 5599 1 0 1
18.6103 -2.63451 12500 -0.800457 -0.0198377 27.9885 162.596 -13 5600 1 0 1
-15.4554 -23.3562 12500 -0.42961 -0.368284 27.9943 162.637 -13 5601 1 0 1
-13.158 -14.9727 12500 -0.466585 -0.214884 27.9953 162.626 -13 5602 1 0 1
3.05989 -10.1953 12500 -0.631554 -0.180375 27.9923 162.615 -13 5603 1 0 1
12.1873 32.0737 12500 -0.735843 0.492912 27.986 162.623 -13 5604 1 0 1
30.6878 71.6554 12500 -0.940374 1.02586 27.9654 162.754 -13 5605 1 0 1
-17.0536 -48.2303 12500 -0.359627 -0.740837 27.9879 162.675 -13 5606 1 0 1
-7.86064 -12.888 12500 -0.532293 -0.204613 27.9942 162.619 -13 5607 1 0 1
6.90478 15.1704 12500 -0.673768 0.230342 27.9909 162.61 -13 5608 1 0 1
5.07921 -26.8928 12500 -0.647259 -0.436145 27.9891 162.63 -13 5609 1 0 1
34.8588 -1.81569 12500 -0.954915 -0.0394891 27.9837 162.603 -13 5610 1 0 1
46.6581 14.1097 12500 -1.10377 0.197557 27.9775 162.608 -13 5611 1 0 1
19.6395 -39.8373 12500 -0.797742 -0.602052 27.9822 162.64 -13 5612 1 0 1
-2.93596 -9.16139 12500 -0.572146 -0.10663 27.994 162.616 -13 5613 1 0 1
16.0666 -8.86687 12500 -0.776268 -0.130904 27.9889 162.598 -13 5614 1 0 1
1.78361 43.3908 12500 -0.591433 0.685031 27.9854 162.663 -13 5615 1 0 1
27.132 -39.2143 12500 -0.905085 -0.622243 27.9784 162.644 -13 5616 1 0 1
-36.1088 -11.6496 12500 -0.212896 -0.160724 27.9987 162.641 -13 5617 1 0 1
12.1025 -18.5343 12500 -0.734078 -0.284192 27.9889 162.605 -13 5618 1 0 1
21.0703 65.6689 12500 -0.773413 0.937121 27.9736 162.715 -13 5619 1 0 1
-13.3043 2.61416 12500 -0.442683 0.0584055 27.9964 162.634 -13 5620 1 0 1
-5.39617 5.60343 12500 -0.543935 0.0617204 27.9946 162.619 -13 5621 1 0 1
5.01008 -11.0233 12500 -0.653861 -0.190456 27.9917 162.612 -13 5622 1 0 1
-4.78688 19.8244 12500 -0.541276 0.290191 27.9933 162.626 -13 5623 1 0 1
-14.3177 -72.4295 12500 -0.29596 -1.03668 27.9792 162.726 -13 5624 1 0 1
-12.3341 7.65028 12500 -0.471683 0.114276 27.9958 162.625 -13 5625 1 0 1
-7.04677 -30.5697 12500 -0.51021 -0.490812 27.991 162.644 -13 5626 1 0 1
-0.290794 12.2951 12500 -0.612228 0.193553 27.9926 162.611 -13 5627 1 0 1
-14.8586 31.0362 12500 -0.416871 0.449132 27.9933 162.647 -13 5628 1 0 1
-14.596 10.9673 12500 -0.456298 0.185448 27.9957 162.626 -13 5629 1 0 1
0.342678 -14.4963 12500 -0.591208 -0.230063 27.9928 162.624 -13 5630 1 0 1
10.3989 -2.18014 12500 -0.722618 -0.05436 27.9906 162.598 -13 5631 1 0 1
-10.1123 -14.4815 12500 -0.487945 -0.236252 27.9948 162.63 -13 5632 1 0 1
-19.1157 6.20801 12500 -0.406034 0.0782499 27.9969 162.628 -13 5633 1 0 1
-17.0197 5.10435 12500 -0.439404 0.0855805 27.9964 162.622 -13 5634 1 0 1
-3.28637 -11.7479 12500 -0.576302 -0.160394 27.9936 162.614 -13 5635 1 0 1
20.4203 -8.56114 12500 -0.8266 -0.13266 27.9875 162.593 -13 5636 1 0 1
21.5477 32.2131 12500 -0.819724 0.489424 27.9837 162.626 -13 5637 1 0 1
16.568 -12.2687 12500 -0.773603 -0.178853 27.9887 162.603 -13 5638 1 0 1
-9.35943 -43.3253 12500 -0.442477 -0.677914 27.9883 162.675 -13 5639 1 0 1
2.39989 -34.2257 12500 -0.595064 -0.563049 27.988 162.653 -13 5640 1 0 1
1.50713 19.4389 12500 -0.60852 0.334111 27.9914 162.625 -13 5641 1 0 1
13.6649 -8.90843 12500 -0.750674 -0.157825 27.9895 162.601 -13 5642 1 0 1
16.661 30.575 12500 -0.757111 0.470332 27.9858 162.63 -13 5643 1 0 1
-1.68661 29.0311 12500 -0.558076 0.450347 27.9908 162.641 -13 5644 1 0 1
-6.79251 -21.5787 12500 -0.541934 -0.31917 27.9929 162.62 -13 5645 1 0 1
0.625681 25.9586 12500 -0.58936 0.415039 27.9907 162.635 -13 5646 1 0 1
14.5607 -12.7919 12500 -0.771791 -0.212981 27.9886 162.598 -13 5647 1 0 1
9.10358 -17.3931 12500 -0.69427 -0.251007 27.9903 162.61 -13 5648 1 0 1
1.69136 -23.4608 12500 -0.598818 -0.379966 27.991 162.633 -13 5649 1 0 1
12.5261 20.427 12500 -0.714752 0.301897 27.9892 162.616 -13 5650 1 0 1
10.0128 64.5171 12500 -0.649844 0.990273 27.9749 162.729 -13 5651 1 0 1
-23.13 -29.322 12500 -0.350858 -0.432905 27.9945 162.643 -13 5652 1 0 1
21.8467 -1.09742 12500 -0.818851 -0.00570343 27.988 162.601 -13 5653 1 0 1
17.5118 46.4373 12500 -0.768557 0.725379 27.98 162.666 -13 5654 1 0 1
29.5896 72.0079 12500 -0.924867 1.0307 27.9657 162.753 -13 5655 1 0 1
6.71941 19.2558 12500 -0.663511 0.335886 27.9901 162.621 -13 5656 1 0 1
-27.4431 -93.985 12500 0.11018 -1.20937 27.9737 162.744 -13 5657 1 0 1
-4.65021 -45.5123 12500 -0.499935 -0.694481 27.9869 162.672 -13 5658 1 0 1
11.9898 15.5552 12500 -0.705813 0.226805 27.9902 162.615 -13 5659 1 0 1
8.12438 37.1269 12500 -0.656019 0.579236 27.9863 162.649 -13 5660 1 0 1
34.5207 25.2662 12500 -0.971233 0.380166 27.9806 162.616 -13 5661 1 0 1
-16.927 -17.3007 12500 -0.412578 -0.288958 27.9955 162.637 -13 5662 1 0 1
12.2669 27.5949 12500 -0.721607 0.461943 27.9869 162.63 -13 5663 1 0 1
11.031 -6.71673 12500 -0.721169 -0.0756644 27.9906 162.601 -13 5664 1 0 1
-9.36357 29.4703 12500 -0.49996 0.491698 27.9912 162.642 -13 5665 1 0 1
4.24088 32.0581 12500 -0.632136 0.501072 27.9884 162.635 -13 5666 1 0 1
-11.3059 -29.3987 12500 -0.458231 -0.476793 27.9922 162.649 -13 5667 1 0 1
1.56612 -3.48115 12500 -0.623929 -0.0686588 27.993 162.609 -13 5668 1 0 1
-26.8402 3.66995 12500 -0.334482 0.0579592 27.9979 162.63 -13 5669 1 0 1
42.3971 33.1467 12500 -1.06461 0.507998 27.9751 162.642 -13 5670 1 0 1
-7.47931 -11.4537 12500 -0.526038 -0.170669 27.9945 162.621 -13 5671 1 0 1
39.1647 -7.91606 12500 -1.02117 -0.147696 27.981 162.601 -13 5672 1 0 1
7.2684 13.9413 12500 -0.68739 0.2762 27.9902 162.613 -13 5673 1 0 1
8.90165 21.4277 12500 -0.658254 0.354905 27.99 162.632 -13 5674 1 0 1
-17.9676 -49.016 12500 -0.33644 -0.707553 27.989 162.676 -13 5675 1 0 1
-20.4362 -34.6565 12500 -0.326907 -0.552739 27.9926 162.668 -13 5676 1 0 1
-26.9437 -32.0147 12500 -0.274512 -0.496568 27.9943 162.659 -13 5677 1 0 1
9.83848 16.7672 12500 -0.694996 0.279033 27.99 162.615 -13 5678 1 0 1
18.821 22.4239 12500 -0.797238 0.367501 27.9862 162.613 -13 5679 1 0 1
-5.55412 45.1986 12500 -0.501906 0.672618 27.9874 162.664 -13 5680 1 0 1
-7.87035 -81.1504 12500 -0.334653 -1.1839 27.973 162.771 -13 5681 1 0 1
-24.3262 -5.64845 12500 -0.332888 -0.0787058 27.9979 162.64 -13 5682 1 0 1
-15.068 -24.2999 12500 -0.431322 -0.348648 27.9945 162.637 -13 5683 1 0 1
30.2733 51.1377 12500 -0.92514 0.772459 27.974 162.681 -13 5684 1 0 1
9.74362 -31.1877 12500 -0.692299 -0.479244 27.9873 162.629 -13 5685 1 0 1
32.0758 7.59001 12500 -0.954521 0.107051 27.9835 162.592 -13 5686 1 0 1
9.51599 8.5595 12500 -0.709464 0.143393 27.9906 162.603 -13 5687 1 0 1
16.2127 -29.3653 12500 -0.775181 -0.47055 27.9853 162.623 -13 5688 1 0 1
5.56186 -16.1948 12500 -0.646895 -0.270532 27.9912 162.62 -13 5689 1 0 1
-6.89724 16.5454 12500 -0.530547 0.275418 27.9936 162.624 -13 5690 1 0 1
-4.16908 -28.2339 12500 -0.536648 -0.455037 27.9912 162.643 -13 5691 1 0 1
-0.716475 17.1076 12500 -0.595931 0.315319 27.9919 162.622 -13 5692 1 0 1
24.3417 48.8313 12500 -0.867157 0.753876 27.9764 162.669 -13 5693 1 0 1
9.50861 -10.984 12500 -0.675127 -0.170247 27.9913 162.62 -13 5694 1 0 1
12.0401 -38.7773 12500 -0.692482 -0.613264 27.9847 162.657 -13 5695 1 0 1
-5.82228 18.0471 12500 -0.539543 0.306896 27.9931 162.626 -13 5696 1 0 1
37.581 14.5542 12500 -1.00373 0.222264 27.9811 162.604 -13 5697 1 0 1
4.2037 -1.26088 12500 -0.63492 0.00846376 27.9928 162.614 -13 5698 1 0 1
-5.09618 4.51076 12500 -0.546563 0.0701225 27.9946 162.619 -13 5699 1 0 1
15.767 33.4938 12500 -0.767066 0.554304 27.984 162.636 -13 5700 1 0 1
16.7356 91.0623 12500 -0.735705 1.28771 27.9607 162.829 -13 5701 1 0 1
-16.1461 22.5294 12500 -0.417987 0.380266 27.9943 162.64 -13 5702 1 0 1
19.6421 43.4771 12500 -0.778539 0.682569 27.9809 162.664 -13 5703 1 0 1
40.0355 28.2186 12500 -1.03687 0.404376 27.9779 162.62 -13 5704 1 0 1
-8.61607 19.7617 12500 -0.498084 0.360467 27.9932 162.637 -13 5705 1 0 1
8.7052 0.907084 12500 -0.691754 0.0309589 27.9914 162.605 -13 5706 1 0 1
-34.4927 8.27896 12500 -0.232914 0.127323 27.9987 162.64 -13 5707 1 0 1
-1.35322 -13.1989 12500 -0.603055 -0.200151 27.9928 162.611 -13 5708 1 0 1
10.3837 16.3306 12500 -0.709999 0.32325 27.9891 162.618 -13 5709 1 0 1
34.9054 46.7581 12500 -0.996183 0.709956 27.9733 162.669 -13 5710 1 0 1
-6.5043 -14.5832 12500 -0.52194 -0.230915 27.9942 162.629 -13 5711 1 0 1
-9.31107 6.54826 12500 -0.503958 0.153146 27.995 162.625 -13 5712 1 0 1
22.3437 -7.42607 12500 -0.841355 -0.136122 27.987 162.596 -13 5713 1 0 1
0.115618 -43.956 12500 -0.567689 -0.693714 27.9856 162.666 -13 5714 1 0 1
13.376 63.0662 12500 -0.70358 0.913619 27.9762 162.7 -13 5715 1 0 1
1.21142 -5.84698 12500 -0.628068 -0.109717 27.9927 162.607 -13 5716 1 0 1
-3.82473 14.1694 12500 -0.562901 0.227571 27.9934 162.621 -13 5717 1 0 1
-4.95477 54.3227 12500 -0.495316 0.81841 27.9837 162.686 -13 5718 1 0 1
-21.0368 10.2617 12500 -0.377417 0.161634 27.997 162.634 -13 5719 1 0 1
-11.1506 26.7302 12500 -0.484615 0.407743 27.9928 162.635 -13 5720 1 0 1
9.57472 14.8202 12500 -0.679664 0.244653 27.9907 162.62 -13 5721 1 0 1
30.9028 58.4201 12500 -0.950593 0.878044 27.9701 162.712 -13 5722 1 0 1
19.1749 4.71785 12500 -0.812888 0.0658574 27.9881 162.593 -13 5723 1 0 1
-20.5187 -2.40306 12500 -0.417524 -0.0516466 27.9968 162.619 -13 5724 1 0 1
10.3587 -17.4783 12500 -0.70144 -0.247445 27.9901 162.611 -13 5725 1 0 1
28.8075 11.293 12500 -0.905154 0.191115 27.9847 162.601 -13 5726 1 0 1
4.23308 -15.6292 12500 -0.637221 -0.259688 27.9915 162.619 -13 5727 1 0 1
42.6794 16.0108 12500 -1.06361 0.238014 27.9788 162.607 -13 5728 1 0 1
-20.2897 -37.0872 12500 -0.360587 -0.562493 27.992 162.654 -13 5729 1 0 1
-22.9844 14.9002 12500 -0.366135 0.258541 27.9964 162.635 -13 5730 1 0 1
7.40802 24.4056 12500 -0.669951 0.385388 27.9893 162.624 -13 5731 1 0 1
6.72979 13.4167 12500 -0.677292 0.196781 27.9911 162.608 -13 5732 1 0 1
-13.4601 57.9597 12500 -0.364922 0.84329 27.9849 162.696 -13 5733 1 0 1
7.44642 14.4651 12500 -0.663526 0.210712 27.9913 162.617 -13 5734 1 0 1
-12.4833 24.4775 12500 -0.463717 0.402668 27.9933 162.637 -13 5735 1 0 1
-8.25492 1.63136 12500 -0.535729 -0.008046 27.9949 162.613 -13 5736 1 0 1
21.6324 0.574939 12500 -0.82615 -0.00631191 27.9878 162.597 -13 5737 1 0 1
2.95153 -42.7464 12500 -0.598721 -0.674974 27.9855 162.663 -13 5738 1 0 1
17.0583 -18.0296 12500 -0.76995 -0.304181 27.9878 162.613 -13 5739 1 0 1
-6.18005 -59.9228 12500 -0.455801 -0.885182 27.9823 162.702 -13 5740 1 0 1
-3.56386 16.6668 12500 -0.573673 0.269175 27.9928 162.617 -13 5741 1 0 1
5.73199 0.661196 12500 -0.681649 0.0133128 27.9917 162.598 -13 5742 1 0 1
-15.1481 30.6505 12500 -0.411756 0.471331 27.993 162.65 -13 5743 1 0 1
-7.92101 35.8815 12500 -0.50611 0.566702 27.9897 162.648 -13 5744 1 0 1
-4.33477 -45.5959 12500 -0.540679 -0.706522 27.9859 162.658 -13 5745 1 0 1
4.28906 13.6604 12500 -0.652024 0.209324 27.9916 162.611 -13 5746 1 0 1
-12.4178 -5.6829 12500 -0.472637 -0.105413 27.9958 162.625 -13 5747 1 0 1
-11.0788 1.92252 12500 -0.490807 0.0281446 27.9957 162.621 -13 5748 1 0 1
4.03053 3.62584 12500 -0.642585 0.0460531 27.9926 162.61 -13 5749 1 0 1
7.8464 -6.01762 12500 -0.681436 -0.102135 27.9915 162.608 -13 5750 1 0 1
-14.9473 -22.778 12500 -0.452826 -0.36135 27.994 162.629 -13 5751 1 0 1
19.8526 33.0596 12500 -0.787844 0.51183 27.9842 162.635 -13 5752 1 0 1
-17.542 4.09763 12500 -0.428649 0.0296299 27.9967 162.625 -13 5753 1 0 1
39.8245 13.0263 12500 -1.03612 0.215613 27.98 162.604 -13 5754 1 0 1
1.72825 12.7261 12500 -0.608405 0.241145 27.9924 162.624 -13 5755 1 0 1
-26.3691 5.15484 12500 -0.323719 0.0740791 27.998 162.636 -13 5756 1 0 1
24.0298 8.2504 12500 -0.859433 0.138426 27.9865 162.596 -13 5757 1 0 1
-0.998563 -3.14023 12500 -0.585944 -0.0437317 27.9938 162.617 -13 5758 1 0 1
-6.41069 8.71323 12500 -0.548746 0.127968 27.9943 162.615 -13 5759 1 0 1
-2.06408 2.58603 12500 -0.59318 0.0515339 27.9937 162.61 -13 5760 1 0 1
24.3365 -10.2027 12500 -0.85124 -0.151425 27.9866 162.601 -13 5761 1 0 1
23.6241 3.10496 12500 -0.844225 0.0350552 27.9872 162.597 -13 5762 1 0 1
18.5892 46.4773 12500 -0.768075 0.734274 27.9798 162.673 -13 5763 1 0 1
5.28138 12.2351 12500 -0.657347 0.189895 27.9916 162.611 -13 5764 1 0 1
5.12771 -12.955 12500 -0.653894 -0.19824 27.9917 162.613 -13 5765 1 0 1
3.59333 -3.74664 12500 -0.645131 -0.0644104 27.9925 162.607 -13 5766 1 0 1
18.8768 -18.5418 12500 -0.784792 -0.312031 27.9873 162.615 -13 5767 1 0 1
19.2388 9.54319 12500 -0.791195 0.158213 27.9884 162.605 -13 5768 1 0 1
-16.5349 3.95251 12500 -0.443007 0.0544463 27.9964 162.622 -13 5769 1 0 1
3.80102 -2.69434 12500 -0.631398 -0.0447321 27.9928 162.614 -13 5770 1 0 1
0.319906 -6.09853 12500 -0.618399 -0.0797207 27.9931 162.607 -13 5771 1 0 1
-11.6458 -8.99973 12500 -0.485188 -0.135797 27.9955 162.623 -13 5772 1 0 1
24.3296 13.5236 12500 -0.870117 0.236833 27.9855 162.6 -13 5773 1 0 1
23.3009 -8.17755 12500 -0.83674 -0.125985 27.9872 162.602 -13 5774 1 0 1
16.6517 -14.107 12500 -0.7717 -0.229596 27.9884 162.607 -13 5775 1 0 1
19.4294 -15.9652 12500 -0.798332 -0.261984 27.9874 162.607 -13 5776 1 0 1
1.85402 -5.3743 12500 -0.607753 -0.0574232 27.9933 162.618 -13 5777 1 0 1
-0.848469 -7.03737 12500 -0.584715 -0.108763 27.9937 162.619 -13 5778 1 0 1
5.16997 3.57619 12500 -0.656513 0.0160374 27.9923 162.608 -13 5779 1 0 1
6.77716 19.1345 12500 -0.669277 0.300488 27.9904 162.615 -13 5780 1 0 1
-14.6403 32.7315 12500 -0.407081 0.513136 27.9923 162.655 -13 5781 1 0 1
-9.7125 -16.9259 12500 -0.501795 -0.28356 27.9941 162.626 -13 5782 1 0 1
10.2496 -21.2056 12500 -0.704884 -0.321832 27.9893 162.613 -13 5783 1 0 1
-13.8 -27.2376 12500 -0.456561 -0.433387 27.9929 162.637 -13 5784 1 0 1
4.95258 -39.962 12500 -0.636131 -0.634744 27.9856 162.652 -13 5785 1 0 1
28.8803 -21.8092 12500 -0.890561 -0.324961 27.9839 162.614 -13 5786 1 0 1
30.2707 26.2094 12500 -0.922905 0.408151 27.9818 162.618 -13 5787 1 0 1
15.1052 -21.4887 12500 -0.740964 -0.325995 27.9883 162.618 -13 5788 1 0 1
36.6423 54.3045 12500 -0.989738 0.781093 27.9716 162.69 -13 5789 1 0 1
4.21006 -39.8426 12500 -0.642272 -0.642196 27.9853 162.648 -13 5790 1 0 1
9.36077 40.6486 12500 -0.673185 0.619489 27.9851 162.65 -13 5791 1 0 1
8.61333 14.4519 12500 -0.678903 0.260642 27.9906 162.619 -13 5792 1 0 1
8.73955 3.39216 12500 -0.726349 0.0495602 27.9905 162.59 -13 5793 1 0 1
-1.10049 -13.8911 12500 -0.577337 -0.224309 27.9931 162.625 -13 5794 1 0 1
-12.8769 -11.9814 12500 -0.446646 -0.218123 27.9956 162.638 -13 5795 1 0 1
17.9268 6.84102 12500 -0.793541 0.107045 27.9885 162.597 -13 5796 1 0 1
13.9125 -33.0307 12500 -0.711927 -0.526574 27.986 162.646 -13 5797 1 0 1
-43.2847 -38.8834 12500 -0.00891887 -0.51433 27.9953 162.668 -13 5798 1 0 1
7.80046 17.5124 12500 -0.685697 0.292945 27.9901 162.612 -13 5799 1 0 1
22.8471 30.529 12500 -0.82321 0.470261 27.9839 162.63 -13 5800 1 0 1
8.55842 22.0648 12500 -0.693107 0.343319 27.9893 162.614 -13 5801 1 0 1
-14.7127 -31.132 12500 -0.420995 -0.467735 27.9929 162.647 -13 5802 1 0 1
18.695 11.8847 12500 -0.78784 0.197393 27.9882 162.607 -13 5803 1 0 1
24.2116 9.77122 12500 -0.850557 0.170087 27.9866 162.602 -13 5804 1 0 1
4.18083 -36.9131 12500 -0.616777 -0.585492 27.9871 162.652 -13 5805 1 0 1
-6.61418 -34.9334 12500 -0.499003 -0.543316 27.9903 162.653 -13 5806 1 0 1
21.0046 11.7886 12500 -0.832434 0.205712 27.9869 162.599 -13 5807 1 0 1
12.6592 9.28794 12500 -0.748835 0.138684 27.9896 162.597 -13 5808 1 0 1
-3.14096 50.3923 12500 -0.505439 0.786838 27.9844 162.686 -13 5809 1 0 1
-1.74294 21.9299 12500 -0.591388 0.371956 27.9913 162.623 -13 5810 1 0 1
-15.3887 2.66285 12500 -0.458215 0.014321 27.9962 162.62 -13 5811 1 0 1
33.236 63.9094 12500 -0.994601 0.93106 27.9668 162.727 -13 5812 1 0 1
17.2169 -27.6229 12500 -0.780427 -0.426376 27.9859 162.619 -13 5813 1 0 1
-9.73519 15.1343 12500 -0.484027 0.207033 27.9951 162.631 -13 5814 1 0 1
3.11216 24.2342 12500 -0.633252 0.398343 27.99 162.625 -13 5815 1 0 1
-6.31439 2.81376 12500 -0.547674 0.0515748 27.9946 162.614 -13 5816 1 0 1
-2.70917 23.8664 12500 -0.551489 0.393688 27.9918 162.637 -13 5817 1 0 1
-28.386 29.505 12500 -0.263195 0.438998 27.9953 162.656 -13 5818 1 0 1
-4.92899 16.5777 12500 -0.549248 0.236827 27.9936 162.621 -13 5819 1 0 1
-0.38933 -56.3892 12500 -0.538926 -0.854972 27.9818 162.696 -13 5820 1 0 1
35.7922 46.6474 12500 -0.964138 0.678607 27.9752 162.67 -13 5821 1 0 1
13.6069 41.4658 12500 -0.717731 0.63737 27.9835 162.652 -13 5822 1 0 1
10.1794 -41.2893 12500 -0.698905 -0.67989 27.983 162.658 -13 5823 1 0 1
13.5305 23.9804 12500 -0.755944 0.394598 27.987 162.613 -13 5824 1 0 1
1.58401 49.2182 12500 -0.586955 0.764513 27.9834 162.673 -13 5825 1 0 1
-7.59022 -29.9394 12500 -0.49711 -0.482158 27.9914 162.647 -13 5826 1 0 1
29.5774 54.3306 12500 -0.900154 0.820894 27.9735 162.698 -13 5827 1 0 1
-16.5967 24.2099 12500 -0.413847 0.375436 27.9944 162.64 -13 5828 1 0 1
12.9341 -33.455 12500 -0.704673 -0.515152 27.9864 162.642 -13 5829 1 0 1
21.0112 20.6659 12500 -0.815431 0.340064 27.9861 162.612 -13 5830 1 0 1
-2.29305 -10.0214 12500 -0.598577 -0.179776 27.993 162.61 -13 5831 1 0 1
-25.3344 -7.34881 12500 -0.340123 -0.0980083 27.9978 162.633 -13 5832 1 0 1
-9.48234 -24.5237 12500 -0.483179 -0.40949 27.9928 162.642 -13 5833 1 0 1
-6.94999 -5.41678 12500 -0.54705 -0.0778072 27.9945 162.612 -13 5834 1 0 1
11.2357 -3.62313 12500 -0.71881 -0.026496 27.9908 162.603 -13 5835 1 0 1
-14.1716 -38.0599 12500 -0.428056 -0.585883 27.9906 162.654 -13 5836 1 0 1
-10.5446 28.6152 12500 -0.470766 0.440097 27.9926 162.643 -13 5837 1 0 1
30.2223 14.4933 12500 -0.914972 0.235152 27.9841 162.606 -13 5838 1 0 1
20.7253 30.3191 12500 -0.827696 0.485552 27.9836 162.623 -13 5839 1 0 1
3.37521 25.5503 12500 -0.617171 0.408357 27.9902 162.633 -13 5840 1 0 1
13.8277 -5.30928 12500 -0.734772 -0.0682821 27.9903 162.606 -13 5841 1 0 1
-1.62825 54.3997 12500 -0.54003 0.827963 27.9825 162.686 -13 5842 1 0 1
7.07607 14.3961 12500 -0.674626 0.226647 27.991 162.612 -13 5843 1 0 1
-6.34747 -14.4082 12500 -0.540535 -0.199885 27.9941 162.62 -13 5844 1 0 1
-12.6686 22.7807 12500 -0.447654 0.352219 27.9942 162.639 -13 5845 1 0 1
-5.95218 0.457002 12500 -0.54792 -0.0127695 27.9946 162.615 -13 5846 1 0 1
-20.675 -28.3498 12500 -0.34601 -0.438972 27.9944 162.656 -13 5847 1 0 1
-3.71052 -38.1089 12500 -0.533444 -0.566016 27.9892 162.65 -13 5848 1 0 1
31.9183 23.0223 12500 -0.93895 0.364818 27.9819 162.614 -13 5849 1 0 1
-10.4593 -19.4792 12500 -0.48134 -0.299598 27.9943 162.631 -13 5850 1 0 1
22.0261 -3.76615 12500 -0.833625 -0.0567832 27.9875 162.595 -13 5851 1 0 1
-17.3167 13.2696 12500 -0.415983 0.231129 27.996 162.634 -13 5852 1 0 1
-6.90682 12.6407 12500 -0.516629 0.21442 27.9944 162.629 -13 5853 1 0 1
9.13556 34.7754 12500 -0.69713 0.552144 27.9859 162.635 -13 5854 1 0 1
-36.1706 -41.1233 12500 -0.138373 -0.597629 27.9933 162.665 -13 5855 1 0 1
34.818 -26.5536 12500 -0.956904 -0.440891 27.9802 162.635 -13 5856 1 0 1
-15.3889 13.0952 12500 -0.441595 0.194866 27.9958 162.629 -13 5857 1 0 1
-24.6426 27.4823 12500 -0.338233 0.429955 27.9947 162.644 -13 5858 1 0 1
-2.69148 -30.0622 12500 -0.558421 -0.485811 27.9902 162.641 -13 5859 1 0 1
1.30875 -5.27921 12500 -0.611415 -0.103925 27.9931 162.615 -13 5860 1 0 1
5.91712 -4.00915 12500 -0.662191 -0.068524 27.9921 162.608 -13 5861 1 0 1
24.2366 19.0454 12500 -0.848886 0.31901 27.9853 162.611 -13 5862 1 0 1
-17.1029 -12.1711 12500 -0.408121 -0.185996 27.9964 162.637 -13 5863 1 0 1
9.80593 -19.763 12500 -0.694252 -0.318515 27.9896 162.617 -13 5864 1 0 1
20.8331 -24.6404 12500 -0.818664 -0.388159 27.9853 162.614 -13 5865 1 0 1
-0.368542 9.87423 12500 -0.592699 0.138125 27.9934 162.617 -13 5866 1 0 1
20.9542 -0.898883 12500 -0.821596 -0.0304818 27.9879 162.596 -13 5867 1 0 1
31.7578 -6.17813 12500 -0.950708 -0.0846477 27.9837 162.591 -13 5868 1 0 1
13.6257 -2.98867 12500 -0.737531 -0.0281311 27.9903 162.604 -13 5869 1 0 1
25.1421 -8.13129 12500 -0.866482 -0.130287 27.9863 162.597 -13 5870 1 0 1
-33.7032 3.99413 12500 -0.248375 0.0586287 27.9988 162.637 -13 5871 1 0 1
-14.4854 -15.6653 12500 -0.442436 -0.270376 27.9952 162.634 -13 5872 1 0 1
-17.6247 1.56993 12500 -0.417324 0.0106699 27.9969 162.629 -13 5873 1 0 1
17.7648 34.5351 12500 -0.774657 0.528146 27.9843 162.633 -13 5874 1 0 1
-19.001 -21.7561 12500 -0.399158 -0.356185 27.9949 162.636 -13 5875 1 0 1
0.171424 -15.7162 12500 -0.596048 -0.245189 27.9926 162.62 -13 5876 1 0 1
3.88931 -16.4004 12500 -0.648847 -0.261978 27.9913 162.611 -13 5877 1 0 1
-0.296407 -12.271 12500 -0.612083 -0.193956 27.9926 162.611 -13 5878 1 0 1
39.6261 34.2575 12500 -1.03747 0.502396 27.9763 162.632 -13 5879 1 0 1
1.306 15.0409 12500 -0.605666 0.242469 27.9924 162.621 -13 5880 1 0 1
-27.2247 -0.856938 12500 -0.311356 0.00683595 27.9983 162.637 -13 5881 1 0 1
9.71695 -20.7156 12500 -0.698285 -0.32333 27.9894 162.614 -13 5882 1 0 1
11.0057 11.3929 12500 -0.713493 0.17798 27.9903 162.608 -13 5883 1 0 1
9.34738 14.1115 12500 -0.70256 0.223656 27.9903 162.608 -13 5884 1 0 1
10.5006 123.544 12500 -1.88958 2.02241 27.8629 163.016 -13 5885 1 0 1
32.3334 36.5729 12500 -0.938297 0.564301 27.9786 162.644 -13 5886 1 0 1
-24.5936 -12.4119 12500 -0.352653 -0.192226 27.9971 162.633 -13 5887 1 0 1
14.6944 18.4314 12500 -0.737994 0.300501 27.9887 162.616 -13 5888 1 0 1
-4.23047 14.6144 12500 -0.572163 0.235185 27.9932 162.616 -13 5889 1 0 1
-7.30643 21.3015 12500 -0.528098 0.328426 27.9931 162.625 -13 5890 1 0 1
9.27282 -7.77524 12500 -0.708911 -0.119216 27.9908 162.601 -13 5891 1 0 1
14.302 58.3199 12500 -0.749067 0.883329 27.976 162.693 -13 5892 1 0 1
4.0238 -31.3805 12500 -0.637367 -0.51004 27.9881 162.635 -13 5893 1 0 1
27.4083 17.0806 12500 -0.901917 0.266348 27.9842 162.599 -13 5894 1 0 1
7.47315 13.7531 12500 -0.672328 0.198201 27.9912 162.613 -13 5895 1 0 1
-5.95986 12.0747 12500 -0.545567 0.17774 27.9941 162.619 -13 5896 1 0 1
1.90513 1.07935 12500 -0.615239 0.0272366 27.9932 162.614 -13 5897 1 0 1
4.45986 48.4849 12500 -0.618994 0.766696 27.9827 162.673 -13 5898 1 0 1
14.5596 37.6169 12500 -0.724635 0.603967 27.9841 162.653 -13 5899 1 0 1
-8.41137 -61.5997 12500 -0.421223 -0.914714 27.9819 162.707 -13 5900 1 0 1
4.07382 -4.75207 12500 -0.655337 -0.0540913 27.9923 162.604 -13 5901 1 0 1
20.2593 23.0588 12500 -0.803011 0.368643 27.9861 162.616 -13 5902 1 0 1
7.24128 -33.9082 12500 -0.651591 -0.487881 27.9882 162.636 -13 5903 1 0 1
9.02957 -5.47109 12500 -0.689008 -0.108068 27.9913 162.61 -13 5904 1 0 1
-8.03405 -35.9772 12500 -0.495524 -0.572104 27.9898 162.652 -13 5905 1 0 1
16.4209 -0.756439 12500 -0.779567 -0.0150649 27.9891 162.596 -13 5906 1 0 1
22.1121 -28.7636 12500 -0.809323 -0.433741 27.9849 162.629 -13 5907 1 0 1
-28.4108 -0.522914 12500 -0.303161 -0.0382379 27.9983 162.636 -13 5908 1 0 1
-19.3893 -18.821 12500 -0.395239 -0.260283 27.996 162.632 -13 5909 1 0 1
-25.4925 -2.29721 12500 -0.339399 -0.0431152 27.9979 162.633 -13 5910 1 0 1
39.0145 29.1771 12500 -1.01698 0.445125 27.978 162.63 -13 5911 1 0 1
-36.7256 -28.7889 12500 -0.140703 -0.438359 27.9962 162.662 -13 5912 1 0 1
8.4585 -8.66539 12500 -0.675886 -0.108325 27.9916 162.613 -13 5913 1 0 1
-14.1863 -22.6343 12500 -0.427276 -0.358632 27.9944 162.643 -13 5914 1 0 1
1.51737 -15.5172 12500 -0.618228 -0.258815 27.992 162.617 -13 5915 1 0 1
47.0116 29.5693 12500 -1.13639 0.443854 27.9734 162.627 -13 5916 1 0 1
-6.27512 -3.94639 12500 -0.548697 -0.0829045 27.9945 162.615 -13 5917 1 0 1
-3.3995 -14.7161 12500 -0.562222 -0.235777 27.9934 162.623 -13 5918 1 0 1
42.445 34.2335 12500 -1.08065 0.479481 27.975 162.625 -13 5919 1 0 1
23.8058 21.753 12500 -0.849728 0.339037 27.985 162.609 -13 5920 1 0 1
21.0511 0.694747 12500 -0.809455 -0.00953945 27.9883 162.602 -13 5921 1 0 1
-20.3827 -22.6272 12500 -0.397892 -0.360581 27.9949 162.631 -13 5922 1 0 1
11.9478 12.5639 12500 -0.693707 0.212785 27.9906 162.623 -13 5923 1 0 1
-13.6422 30.9331 12500 -0.415618 0.468292 27.993 162.653 -13 5924 1 0 1
17.8653 17.5547 12500 -0.774376 0.264967 27.988 162.61 -13 5925 1 0 1
-13.2015 28.3948 12500 -0.438492 0.472994 27.9926 162.649 -13 5926 1 0 1
-17.7023 -48.7458 12500 -0.336433 -0.737735 27.9883 162.68 -13 5927 1 0 1
24.2741 2.21935 12500 -0.849983 0.0360262 27.9871 162.598 -13 5928 1 0 1
11.7681 -50.4193 12500 -0.707339 -0.745813 27.9811 162.662 -13 5929 1 0 1
10.5491 42.5568 12500 -0.669538 0.652117 27.9844 162.66 -13 5930 1 0 1
-6.50187 0.922468 12500 -0.552663 -0.00718611 27.9945 162.612 -13 5931 1 0 1
17.9363 -1.20473 12500 -0.799504 -0.0466427 27.9885 162.593 -13 5932 1 0 1
8.6912 -37.368 12500 -0.677131 -0.581024 27.9858 162.643 -13 5933 1 0 1
-1.18266 -24.6631 12500 -0.566441 -0.367258 27.9919 162.635 -13 5934 1 0 1
7.79752 30.6716 12500 -0.674918 0.469079 27.9879 162.628 -13 5935 1 0 1
20.4248 35.9608 12500 -0.797456 0.563561 27.983 162.642 -13 5936 1 0 1
-5.31656 17.0506 12500 -0.557304 0.256514 27.9933 162.617 -13 5937 1 0 1
-23.5176 -18.6458 12500 -0.330239 -0.270085 27.9967 162.645 -13 5938 1 0 1
9.47136 -20.1159 12500 -0.684262 -0.35418 27.9894 162.625 -13 5939 1 0 1
26 43.1563 12500 -0.883536 0.651881 27.9785 162.648 -13 5940 1 0 1
26.2099 53.9481 12500 -0.8653 0.831958 27.9743 162.698 -13 5941 1 0 1
15.715 -3.89258 12500 -0.778191 -0.0580375 27.9891 162.594 -13 5942 1 0 1
33.7639 44.7563 12500 -0.961165 0.672132 27.9754 162.663 -13 5943 1 0 1
-9.1095 -27.8873 12500 -0.470478 -0.451191 27.9924 162.652 -13 5944 1 0 1
-37.2233 -53.2324 12500 -0.0864252 -0.73742 27.9902 162.672 -13 5945 1 0 1
45.1553 32.304 12500 -1.11018 0.452334 27.9743 162.625 -13 5946 1 0 1
-13.8718 23.2245 12500 -0.433771 0.366889 27.9942 162.641 -13 5947 1 0 1
17.3225 24.5822 12500 -0.778835 0.359692 27.9869 162.613 -13 5948 1 0 1
33.4439 -21.0948 12500 -0.9672 -0.295183 27.9817 162.601 -13 5949 1 0 1
17.4369 15.779 12500 -0.781037 0.284975 27.9877 162.61 -13 5950 1 0 1
-3.11388 -110.717 12500 -0.308955 -1.51974 27.957 162.867 -13 5951 1 0 1
19.262 -27.3568 12500 -0.785302 -0.429699 27.9857 162.627 -13 5952 1 0 1
3.66979 1.15702 12500 -0.646386 0.0181261 27.9925 162.607 -13 5953 1 0 1
19.5048 40.3405 12500 -0.798022 0.635109 27.9814 162.649 -13 5954 1 0 1
-10.8712 -32.1042 12500 -0.470415 -0.503715 27.9915 162.645 -13 5955 1 0 1
7.65464 -32.7685 12500 -0.650741 -0.522675 27.9876 162.645 -13 5956 1 0 1
-13.1327 9.48738 12500 -0.452782 0.176497 27.9958 162.632 -13 5957 1 0 1
16.5239 15.2278 12500 -0.759089 0.250274 27.9886 162.612 -13 5958 1 0 1
-38.7081 -39.7785 12500 -0.0862179 -0.577587 27.9939 162.668 -13 5959 1 0 1
1.86778 22.1831 12500 -0.615448 0.340573 27.9912 162.622 -13 5960 1 0 1
7.79288 10.6971 12500 -0.673374 0.182978 27.9913 162.614 -13 5961 1 0 1
19.1909 5.64396 12500 -0.819873 0.0942277 27.9878 162.591 -13 5962 1 0 1
-33.8859 -58.9375 12500 -0.0859409 -0.803458 27.9883 162.687 -13 5963 1 0 1
-31.046 -79.7979 12500 0.0124174 -1.05875 27.98 162.714 -13 5964 1 0 1
12.2808 55.9016 12500 -0.696488 0.834576 27.9789 162.687 -13 5965 1 0 1
23.7311 24.5865 12500 -0.845594 0.39383 27.9845 162.617 -13 5966 1 0 1
0.728621 27.2344 12500 -0.612275 0.426316 27.9901 162.627 -13 5967 1 0 1
16.9149 15.7044 12500 -0.780499 0.282433 27.9877 162.608 -13 5968 1 0 1
-21.9676 -48.2187 12500 -0.311478 -0.701737 27.9895 162.669 -13 5969 1 0 1
-2.15095 -40.0163 12500 -0.544176 -0.626755 27.9877 162.66 -13 5970 1 0 1
0.0132509 -11.0676 12500 -0.600429 -0.170224 27.993 162.616 -13 5971 1 0 1
-19.5521 -11.7868 12500 -0.387809 -0.19772 27.9966 162.637 -13 5972 1 0 1
-11.0009 -21.0064 12500 -0.493168 -0.356136 27.9934 162.628 -13 5973 1 0 1
5.8388 38.8652 12500 -0.641945 0.605112 27.9861 162.648 -13 5974 1 0 1
4.93827 -2.23948 12500 -0.646024 -0.0389505 27.9925 162.612 -13 5975 1 0 1
23.1234 76.1331 12500 -0.823963 1.09608 27.9664 162.769 -13 5976 1 0 1
19.1163 -12.7835 12500 -0.807972 -0.208 27.9876 162.6 -13 5977 1 0 1
-8.90043 -23.4335 12500 -0.506031 -0.372749 27.9929 162.631 -13 5978 1 0 1
-14.5735 -7.29847 12500 -0.457425 -0.120213 27.996 162.624 -13 5979 1 0 1
-3.10054 -15.5479 12500 -0.570899 -0.236782 27.9932 162.619 -13 5980 1 0 1
-11.9989 -18.0616 12500 -0.468521 -0.282229 27.9947 162.631 -13 5981 1 0 1
-7.05486 -37.2255 12500 -0.510211 -0.5475 27.99 162.644 -13 5982 1 0 1
-1.60235 -31.466 12500 -0.564923 -0.527154 27.9893 162.647 -13 5983 1 0 1
-21.3705 -23.7003 12500 -0.372645 -0.366318 27.9951 162.638 -13 5984 1 0 1
-8.46981 13.3999 12500 -0.5125 0.195163 27.9946 162.624 -13 5985 1 0 1
3.95234 7.07549 12500 -0.637791 0.118452 27.9925 162.613 -13 5986 1 0 1
4.82778 -4.89621 12500 -0.64985 -0.109307 27.9922 162.611 -13 5987 1 0 1
17.5144 18.265 12500 -0.777609 0.294661 27.9876 162.61 -13 5988 1 0 1
1.4519 10.7373 12500 -0.63306 0.137771 27.9925 162.606 -13 5989 1 0 1
-0.922581 -53.5246 12500 -0.54004 -0.805101 27.9832 162.684 -13 5990 1 0 1
43.4638 23.6491 12500 -1.07661 0.359034 27.977 162.617 -13 5991 1 0 1
5.80614 -14.7139 12500 -0.677511 -0.247335 27.9907 162.607 -13 5992 1 0 1
31.4873 42.7357 12500 -0.941445 0.646496 27.9767 162.653 -13 5993 1 0 1
27.8367 19.3121 12500 -0.897839 0.297629 27.984 162.604 -13 5994 1 0 1
5.58329 -12.6759 12500 -0.668674 -0.234969 27.991 162.611 -13 5995 1 0 1
-12.5751 -5.18864 12500 -0.469579 -0.0930417 27.9959 162.625 -13 5996 1 0 1
-2.70316 9.56083 12500 -0.57524 0.144767 27.9937 162.617 -13 5997 1 0 1
7.21893 -2.80739 12500 -0.667489 -0.0435096 27.992 162.611 -13 5998 1 0 1
16.5367 -7.84756 12500 -0.765679 -0.150201 27.9891 162.606 -13 5999 1 0 1
8.69291 -4.30217 12500 -0.69609 -0.109827 27.9911 162.606 -13 6000 1 0 1
9.68755 -22.6934 12500 -0.687515 -0.371844 27.9891 162.624 -13 6001 1 0 1
-7.8736 39.6931 12500 -0.465648 0.655068 27.9885 162.672 -13 6002 1 0 1
4.00166 4.76537 12500 -0.657429 0.0761751 27.9922 162.603 -13 6003 1 0 1
-19.5571 -18.708 12500 -0.377094 -0.295718 27.9959 162.641 -13 6004 1 0 1
17.1016 9.04548 12500 -0.776585 0.154406 27.9888 162.603 -13 6005 1 0 1
9.9991 42.1994 12500 -0.675778 0.670685 27.9838 162.661 -13 6006 1 0 1
30.9672 -48.7784 12500 -0.916751 -0.706911 27.9761 162.669 -13 6007 1 0 1
36.395 19.3922 12500 -0.986067 0.251476 27.9815 162.603 -13 6008 1 0 1
10.2609 12.0379 12500 -0.721304 0.182063 27.9901 162.602 -13 6009 1 0 1
6.29082 0.971161 12500 -0.658698 0.0100348 27.9922 162.611 -13 6010 1 0 1
32.4191 9.61667 12500 -0.926533 0.121499 27.9844 162.604 -13 6011 1 0 1
40.8159 15.8354 12500 -1.0532 0.235733 27.9792 162.601 -13 6012 1 0 1
11.8101 6.35003 12500 -0.715683 0.142694 27.9905 162.61 -13 6013 1 0 1
18.5521 3.24521 12500 -0.800451 0.0504786 27.9885 162.595 -13 6014 1 0 1
-0.845304 -9.88553 12500 -0.585921 -0.184727 27.9933 162.621 -13 6015 1 0 1
25.9243 38.8702 12500 -0.866133 0.577045 27.9807 162.639 -13 6016 1 0 1
8.11329 12.1273 12500 -0.679921 0.177916 27.9912 162.611 -13 6017 1 0 1
17.4031 -6.48581 12500 -0.782861 -0.114108 27.9888 162.6 -13 6018 1 0 1
-17.3869 -43.7334 12500 -0.357987 -0.680556 27.9894 162.673 -13 6019 1 0 1
-31.1123 -42.5896 12500 -0.21586 -0.586948 27.993 162.66 -13 6020 1 0 1
-42.1674 2.70067 12500 -0.116227 0.00128684 27.9998 162.648 -13 6021 1 0 1
-5.47001 31.6803 12500 -0.530121 0.473631 27.991 162.638 -13 6022 1 0 1
-0.99582 -9.32692 12500 -0.598262 -0.148294 27.9932 162.613 -13 6023 1 0 1
1.42549 -15.844 12500 -0.623228 -0.264373 27.9918 162.614 -13 6024 1 0 1
-3.95409 -35.3456 12500 -0.53111 -0.546061 27.9896 162.65 -13 6025 1 0 1
9.29727 40.0176 12500 -0.680918 0.60684 27.9851 162.645 -13 6026 1 0 1
-35.6617 -3.81333 12500 -0.216311 -0.0392508 27.9991 162.64 -13 6027 1 0 1
20.4984 39.618 12500 -0.786898 0.634637 27.9817 162.659 -13 6028 1 0 1
13.2803 42.1832 12500 -0.731809 0.654202 27.9828 162.649 -13 6029 1 0 1
0.275722 -41.5266 12500 -0.603169 -0.680698 27.9852 162.654 -13 6030 1 0 1
-4.71845 -25.2352 12500 -0.536922 -0.381689 27.9922 162.635 -13 6031 1 0 1
11.7487 21.2433 12500 -0.721072 0.329641 27.9888 162.613 -13 6032 1 0 1
2.6997 20.4294 12500 -0.641218 0.339251 27.9906 162.615 -13 6033 1 0 1
13.6957 57.9391 12500 -0.695157 0.890709 27.9772 162.709 -13 6034 1 0 1
-15.466 -34.96 12500 -0.411807 -0.549828 27.9916 162.654 -13 6035 1 0 1
17.4263 37.4705 12500 -0.780942 0.587002 27.983 162.639 -13 6036 1 0 1
9.01306 -15.5823 12500 -0.683621 -0.232504 27.9907 162.614 -13 6037 1 0 1
4.53271 12.9568 12500 -0.651119 0.22002 27.9916 162.613 -13 6038 1 0 1
1.05251 15.0288 12500 -0.605008 0.265408 27.9922 162.622 -13 6039 1 0 1
-11.0844 -2.82796 12500 -0.480628 -0.0155383 27.9959 162.626 -13 6040 1 0 1
3.9858 66.5796 12500 -0.56222 0.987239 27.9769 162.722 -13 6041 1 0 1
-8.01574 20.9062 12500 -0.50088 0.36308 27.9932 162.636 -13 6042 1 0 1
-25.867 -22.2049 12500 -0.298539 -0.367085 27.996 162.651 -13 6043 1 0 1
4.48114 -39.9824 12500 -0.641141 -0.644364 27.9852 162.65 -13 6044 1 0 1
-1.76734 26.3442 12500 -0.570549 0.420018 27.991 162.635 -13 6045 1 0 1
3.33212 -33.3767 12500 -0.614696 -0.532806 27.9882 162.643 -13 6046 1 0 1
-15.5174 -25.9622 12500 -0.42551 -0.404302 27.9938 162.641 -13 6047 1 0 1
31.418 -25.29 12500 -0.922568 -0.376373 27.9823 162.62 -13 6048 1 0 1
-12.0335 42.231 12500 -0.419467 0.637645 27.9896 162.666 -13 6049 1 0 1
-4.82402 -22.1764 12500 -0.549346 -0.333769 27.9926 162.625 -13 6050 1 0 1
-21.7194 -39.696 12500 -0.324118 -0.643203 27.9907 162.669 -13 6051 1 0 1
29.7686 -16.996 12500 -0.909897 -0.271019 27.9839 162.607 -13 6052 1 0 1
-7.8081 -0.37259 12500 -0.515881 -0.00754498 27.9952 162.622 -13 6053 1 0 1
-19.993 -1.28766 12500 -0.400325 -0.0331703 27.9971 162.627 -13 6054 1 0 1
-17.2633 -7.72726 12500 -0.414591 -0.132343 27.9966 162.632 -13 6055 1 0 1
16.8537 17.8498 12500 -0.759293 0.2922 27.9882 162.615 -13 6056 1 0 1
-16.1599 -27.4968 12500 -0.421147 -0.414388 27.9938 162.641 -13 6057 1 0 1
-19.1039 -66.5866 12500 -0.255788 -0.950851 27.9827 162.71 -13 6058 1 0 1
-2.55835 -18.7344 12500 -0.560581 -0.318775 27.9926 162.63 -13 6059 1 0 1
-19.4227 -28.3699 12500 -0.386757 -0.424811 27.9941 162.643 -13 6060 1 0 1
49.5922 21.749 12500 -1.13685 0.286015 27.9754 162.613 -13 6061 1 0 1
14.879 6.78494 12500 -0.742824 0.086186 27.99 162.607 -13 6062 1 0 1
-14.9584 31.3633 12500 -0.397694 0.50456 27.9926 162.658 -13 6063 1 0 1
-15.8551 31.6362 12500 -0.410278 0.487025 27.9928 162.648 -13 6064 1 0 1
2.78874 -24.8904 12500 -0.637106 -0.426534 27.9895 162.625 -13 6065 1 0 1
31.3013 60.0269 12500 -0.941966 0.884278 27.9702 162.714 -13 6066 1 0 1
23.6168 8.23456 12500 -0.83004 0.140879 27.9873 162.607 -13 6067 1 0 1
-21.8457 -23.1802 12500 -0.360774 -0.395891 27.9949 162.644 -13 6068 1 0 1
-0.717906 16.7095 12500 -0.592176 0.269057 27.9924 162.62 -13 6069 1 0 1
-11.3586 -30.2464 12500 -0.464586 -0.474474 27.9921 162.645 -13 6070 1 0 1
-36.6363 -15.8698 12500 -0.185655 -0.234748 27.9984 162.647 -13 6071 1 0 1
14.0882 40.9354 12500 -0.721225 0.648623 27.9832 162.657 -13 6072 1 0 1
8.09236 -7.5582 12500 -0.677948 -0.127495 27.9915 162.611 -13 6073 1 0 1
6.72996 -4.71561 12500 -0.655292 -0.128346 27.992 162.618 -13 6074 1 0 1
15.8266 45.0921 12500 -0.743762 0.711786 27.9811 162.666 -13 6075 1 0 1
18.6786 46.6278 12500 -0.7761 0.713604 27.9801 162.664 -13 6076 1 0 1
21.3221 -8.09736 12500 -0.818401 -0.170019 27.9875 162.604 -13 6077 1 0 1
-12.9864 19.2301 12500 -0.454858 0.303332 27.9947 162.633 -13 6078 1 0 1
1.87097 -49.0408 12500 -0.56378 -0.733157 27.9847 162.677 -13 6079 1 0 1
-9.49546 -18.7093 12500 -0.486478 -0.293615 27.9942 162.633 -13 6080 1 0 1
0.770387 -23.0572 12500 -0.607338 -0.39986 27.9906 162.628 -13 6081 1 0 1
-8.94942 -46.8156 12500 -0.428882 -0.70028 27.988 162.681 -13 6082 1 0 1
-1.70118 -22.9755 12500 -0.577206 -0.36971 27.9916 162.628 -13 6083 1 0 1
18.0423 40.0059 12500 -0.760802 0.633944 27.9825 162.657 -13 6084 1 0 1
-20.6169 -25.8641 12500 -0.372067 -0.371188 27.9951 162.642 -13 6085 1 0 1
6.78953 61.1812 12500 -0.615289 0.941042 27.9774 162.716 -13 6086 1 0 1
-11.3161 -16.5206 12500 -0.476915 -0.271578 27.9946 162.63 -13 6087 1 0 1
12.4666 14.8838 12500 -0.700791 0.230168 27.9903 162.621 -13 6088 1 0 1
16.4146 12.8848 12500 -0.772701 0.187837 27.9887 162.603 -13 6089 1 0 1
-10.7996 6.51275 12500 -0.491356 0.128154 27.9954 162.624 -13 6090 1 0 1
29.7771 -11.104 12500 -0.916186 -0.170393 27.9845 162.599 -13 6091 1 0 1
1.3813 0.339363 12500 -0.618323 -0.00950484 27.9932 162.611 -13 6092 1 0 1
-21.9466 -30.4158 12500 -0.331626 -0.466496 27.9941 162.657 -13 6093 1 0 1
1.51832 0.491546 12500 -0.615545 -0.0045884 27.9932 162.613 -13 6094 1 0 1
-29.1765 -2.74533 12500 -0.309094 -0.0698182 27.9982 162.632 -13 6095 1 0 1
3.7005 17.7256 12500 -0.630523 0.285521 27.9914 162.62 -13 6096 1 0 1
-17.0105 -3.05162 12500 -0.437218 -0.0301679 27.9966 162.622 -13 6097 1 0 1
5.82366 2.9549 12500 -0.664443 0.0732078 27.992 162.607 -13 6098 1 0 1
-10.1189 3.1989 12500 -0.515775 0.0293851 27.9952 162.614 -13 6099 1 0 1
-12.7048 -2.08001 12500 -0.476634 -0.0452595 27.9959 162.622 -13 6100 1 0 1
-0.276155 62.5625 12500 -0.505522 0.953467 27.9792 162.721 -13 6101 1 0 1
24.1549 22.3299 12500 -0.862607 0.349882 27.9845 162.607 -13 6102 1 0 1
-4.19858 18.1053 12500 -0.559913 0.282664 27.993 162.621 -13 6103 1 0 1
10.3322 2.79829 12500 -0.70762 0.0400015 27.991 162.604 -13 6104 1 0 1
55.9157 -1.26801 12500 -1.22669 -0.00220309 27.9731 162.601 -13 6105 1 0 1
-1.69191 22.2796 12500 -0.580443 0.372384 27.9915 162.627 -13 6106 1 0 1
-13.854 -47.1604 12500 -0.387206 -0.728613 27.9878 162.679 -13 6107 1 0 1
-7.86809 8.31745 12500 -0.518996 0.146944 27.9948 162.623 -13 6108 1 0 1
13.838 50.4625 12500 -0.710944 0.797294 27.9796 162.684 -13 6109 1 0 1
-4.71558 11.6154 12500 -0.557776 0.180901 27.9939 162.618 -13 6110 1 0 1
27.3667 54.673 12500 -0.872304 0.76887 27.9758 162.675 -13 6111 1 0 1
15.3492 93.266 12500 -0.728553 1.33262 27.9588 162.848 -13 6112 1 0 1
-5.27011 -20.4716 12500 -0.556961 -0.331938 27.9925 162.62 -13 6113 1 0 1
-9.14314 5.34081 12500 -0.505448 0.0710641 27.9953 162.622 -13 6114 1 0 1
40.7777 32.5198 12500 -1.06099 0.49988 27.9754 162.634 -13 6115 1 0 1
-9.04208 -0.25997 12500 -0.497362 0.0016098 27.9956 162.626 -13 6116 1 0 1
12.3877 -7.97427 12500 -0.733929 -0.0858721 27.9902 162.601 -13 6117 1 0 1
-11.9997 -12.3365 12500 -0.461482 -0.174358 27.9957 162.633 -13 6118 1 0 1
9.54403 51.9172 12500 -0.673808 0.815075 27.98 162.683 -13 6119 1 0 1
-5.60841 7.83388 12500 -0.534019 0.0957834 27.9947 162.623 -13 6120 1 0 1
16.921 61.1684 12500 -0.740443 0.919975 27.9751 162.713 -13 6121 1 0 1
-20.5244 -39.6408 12500 -0.33885 -0.573302 27.9921 162.66 -13 6122 1 0 1
1.34197 -20.1347 12500 -0.604635 -0.334469 27.9915 162.625 -13 6123 1 0 1
3.40088 -44.7252 12500 -0.615847 -0.678255 27.985 162.655 -13 6124 1 0 1
8.24091 32.0913 12500 -0.661989 0.498242 27.9877 162.638 -13 6125 1 0 1
-19.31 9.88391 12500 -0.386619 0.125716 27.997 162.636 -13 6126 1 0 1
13.4004 11.1185 12500 -0.753168 0.185318 27.9893 162.6 -13 6127 1 0 1
0.502077 -20.5691 12500 -0.584546 -0.333646 27.9919 162.631 -13 6128 1 0 1
-9.39616 -0.852144 12500 -0.495966 -0.0144728 27.9956 162.625 -13 6129 1 0 1
-5.15318 -39.034 12500 -0.510992 -0.592017 27.9891 162.656 -13 6130 1 0 1
-4.9448 -18.7031 12500 -0.538961 -0.32155 27.993 162.63 -13 6131 1 0 1
12.5556 -25.988 12500 -0.715995 -0.396936 27.988 162.625 -13 6132 1 0 1
19.7592 35.5657 12500 -0.794332 0.543255 27.9835 162.635 -13 6133 1 0 1
17.7022 -11.7281 12500 -0.795345 -0.198328 27.988 162.6 -13 6134 1 0 1
33.3138 11.9782 12500 -0.954112 0.186867 27.9831 162.602 -13 6135 1 0 1
-0.809516 84.6591 12500 -0.434166 1.23292 27.9695 162.788 -13 6136 1 0 1
27.8943 21.8239 12500 -0.902408 0.36464 27.9831 162.611 -13 6137 1 0 1
21.9219 -4.31503 12500 -0.825351 -0.0756069 27.9877 162.599 -13 6138 1 0 1
13.3815 0.435139 12500 -0.741513 -0.00902304 27.9902 162.601 -13 6139 1 0 1
40.3304 64.782 12500 -1.08955 0.927381 27.9634 162.738 -13 6140 1 0 1
35.2207 32.4535 12500 -0.996057 0.496408 27.9779 162.627 -13 6141 1 0 1
26.8397 29.697 12500 -0.8845 0.437253 27.9826 162.619 -13 6142 1 0 1
13.0158 30.822 12500 -0.725428 0.485329 27.9864 162.63 -13 6143 1 0 1
-17.1832 36.4234 12500 -0.360735 0.558162 27.9921 162.665 -13 6144 1 0 1
23.4323 -1.77796 12500 -0.833147 -0.0323975 27.9876 162.602 -13 6145 1 0 1
-30.9723 -33.948 12500 -0.211024 -0.492641 27.9949 162.663 -13 6146 1 0 1
14.3104 12.5347 12500 -0.748848 0.204404 27.9892 162.607 -13 6147 1 0 1
-12.9897 -30.2539 12500 -0.439713 -0.493314 27.9922 162.651 -13 6148 1 0 1
-12.0547 -15.6508 12500 -0.47885 -0.245739 27.9948 162.626 -13 6149 1 0 1
-32.921 -38.7856 12500 -0.187139 -0.584278 27.9933 162.665 -13 6150 1 0 1
-10.2118 38.6932 12500 -0.471406 0.603287 27.9895 162.655 -13 6151 1 0 1
-43.0395 -25.5765 12500 -0.053381 -0.343746 27.9978 162.659 -13 6152 1 0 1
20.8255 22.2202 12500 -0.798519 0.329459 27.9867 162.616 -13 6153 1 0 1
-14.9936 -3.21865 12500 -0.461092 -0.066945 27.9961 162.62 -13 6154 1 0 1
36.0874 17.4457 12500 -0.980267 0.278892 27.9814 162.61 -13 6155 1 0 1
-24.9601 -35.474 12500 -0.286726 -0.516461 27.9938 162.661 -13 6156 1 0 1
43.4677 -13.6169 12500 -1.07243 -0.209058 27.9787 162.606 -13 6157 1 0 1
28.6927 -44.6344 12500 -0.88206 -0.686336 27.9777 162.671 -13 6158 1 0 1
6.22562 -17.3331 12500 -0.643469 -0.264535 27.9914 162.623 -13 6159 1 0 1
15.4419 12.9961 12500 -0.776637 0.181928 27.9886 162.597 -13 6160 1 0 1
-0.395758 -18.7241 12500 -0.596781 -0.295985 27.9921 162.619 -13 6161 1 0 1
16.1472 23.1009 12500 -0.755226 0.379014 27.9872 162.621 -13 6162 1 0 1
1.06129 -59.4925 12500 -0.540982 -0.879465 27.981 162.702 -13 6163 1 0 1
38.2771 -9.75683 12500 -1.01294 -0.136802 27.9813 162.599 -13 6164 1 0 1
-2.28939 -35.1114 12500 -0.550716 -0.576285 27.9887 162.654 -13 6165 1 0 1
2.95903 -26.8324 12500 -0.606184 -0.406008 27.9905 162.636 -13 6166 1 0 1
-16.9603 -10.389 12500 -0.444558 -0.152014 27.9961 162.621 -13 6167 1 0 1
-4.88904 -20.8901 12500 -0.54749 -0.332003 27.9927 162.625 -13 6168 1 0 1
31.4847 -28.8364 12500 -0.93812 -0.443746 27.9808 162.623 -13 6169 1 0 1
-4.31062 25.0239 12500 -0.53059 0.387739 27.9923 162.639 -13 6170 1 0 1
13.5113 10.2812 12500 -0.753847 0.169224 27.9893 162.599 -13 6171 1 0 1
-5.31524 -4.28102 12500 -0.544721 -0.0618777 27.9946 162.619 -13 6172 1 0 1
7.80282 -26.7118 12500 -0.669519 -0.42506 27.9888 162.63 -13 6173 1 0 1
14.1672 5.54599 12500 -0.746865 0.100901 27.9899 162.603 -13 6174 1 0 1
23.7055 19.6765 12500 -0.825239 0.305458 27.9862 162.616 -13 6175 1 0 1
-16.4149 1.77243 12500 -0.441216 0.0690502 27.9964 162.623 -13 6176 1 0 1
-14.0634 -21.7278 12500 -0.435429 -0.338662 27.9946 162.638 -13 6177 1 0 1
12.9817 62.9739 12500 -0.687147 0.931243 27.9761 162.71 -13 6178 1 0 1
18.6991 33.3161 12500 -0.778602 0.532257 27.9841 162.638 -13 6179 1 0 1
-9.17764 6.79513 12500 -0.502884 0.0739735 27.9954 162.623 -13 6180 1 0 1
-3.76858 17.0298 12500 -0.566429 0.24412 27.9932 162.618 -13 6181 1 0 1
53.8936 -1.50681 12500 -1.1761 -0.0178654 27.9753 162.611 -13 6182 1 0 1
-1.41435 28.8477 12500 -0.578865 0.480966 27.9899 162.639 -13 6183 1 0 1
15.667 3.12822 12500 -0.766274 0.0773309 27.9894 162.6 -13 6184 1 0 1
9.45132 -24.6343 12500 -0.687738 -0.433558 27.9882 162.631 -13 6185 1 0 1
22.9791 31.4684 12500 -0.815832 0.498171 27.9837 162.637 -13 6186 1 0 1
15.6079 2.20625 12500 -0.757168 0.0669181 27.9897 162.604 -13 6187 1 0 1
5.63839 -25.1992 12500 -0.657002 -0.398237 27.9895 162.624 -13 6188 1 0 1
-8.85666 -21.3703 12500 -0.492999 -0.323928 27.9938 162.633 -13 6189 1 0 1
-0.956754 -13.5931 12500 -0.591188 -0.249405 27.9926 162.622 -13 6190 1 0 1
-4.96147 -17.0985 12500 -0.552564 -0.279794 27.9931 162.622 -13 6191 1 0 1
30.7045 -15.0835 12500 -0.941004 -0.254169 27.983 162.599 -13 6192 1 0 1
5.72478 -6.92452 12500 -0.662893 -0.0996944 27.992 162.608 -13 6193 1 0 1
17.2237 90.2678 12500 -0.761238 1.29321 27.9598 162.835 -13 6194 1 0 1
-10.9711 2.65479 12500 -0.487073 0.0247804 27.9958 162.623 -13 6195 1 0 1
23.5022 42.5361 12500 -0.846407 0.666382 27.9793 162.655 -13 6196 1 0 1
20.2735 -46.0038 12500 -0.802407 -0.675022 27.9804 162.652 -13 6197 1 0 1
7.54015 27.669 12500 -0.667437 0.431666 27.9887 162.629 -13 6198 1 0 1
12.1493 -39.7721 12500 -0.695375 -0.630725 27.9843 162.658 -13 6199 1 0 1
10.7519 -26.0675 12500 -0.691577 -0.421526 27.9883 162.632 -13 6200 1 0 1
24.5089 -18.0907 12500 -0.849301 -0.321514 27.9853 162.614 -13 6201 1 0 1
-26.0497 -52.5464 12500 -0.232177 -0.725862 27.9896 162.678 -13 6202 1 0 1
-26.8563 -25.0092 12500 -0.286025 -0.363937 27.9962 162.651 -13 6203 1 0 1
40.284 54.1475 12500 -1.02632 0.766459 27.9707 162.692 -13 6204 1 0 1
6.66546 41.9787 12500 -0.647796 0.630034 27.9854 162.649 -13 6205 1 0 1
7.75896 -24.7434 12500 -0.674229 -0.39164 27.9891 162.624 -13 6206 1 0 1
-27.411 -41.3313 12500 -0.244722 -0.601194 27.9925 162.667 -13 6207 1 0 1
7.67235 -1.50379 12500 -0.682381 -0.043448 27.9916 162.606 -13 6208 1 0 1
-1.93055 -9.81261 12500 -0.574929 -0.198808 27.9934 162.624 -13 6209 1 0 1
-12.3616 -26.7199 12500 -0.458349 -0.410257 27.9932 162.64 -13 6210 1 0 1
13.843 13.395 12500 -0.728234 0.225446 27.9896 162.615 -13 6211 1 0 1
-18.4519 -10.8069 12500 -0.408099 -0.1634 27.9965 162.631 -13 6212 1 0 1
3.61509 25.3672 12500 -0.629501 0.399693 27.9901 162.628 -13 6213 1 0 1
-18.0602 -18.9072 12500 -0.416314 -0.303197 27.9953 162.631 -13 6214 1 0 1
33.3861 27.298 12500 -0.962712 0.450607 27.9798 162.627 -13 6215 1 0 1
18.0462 -23.7507 12500 -0.772159 -0.377734 27.9868 162.622 -13 6216 1 0 1
11.0042 -25.572 12500 -0.717805 -0.441403 27.9873 162.624 -13 6217 1 0 1
-3.61145 32.2909 12500 -0.556622 0.528945 27.9895 162.642 -13 6218 1 0 1
43.7241 18.815 12500 -1.07279 0.296482 27.9779 162.614 -13 6219 1 0 1
5.92567 -1.89392 12500 -0.67678 -0.0338524 27.9918 162.601 -13 6220 1 0 1
3.69521 18.2796 12500 -0.623508 0.314656 27.9913 162.625 -13 6221 1 0 1
14.6412 25.1696 12500 -0.769843 0.386744 27.9867 162.61 -13 6222 1 0 1
-21.482 25.6715 12500 -0.370366 0.391797 27.9948 162.641 -13 6223 1 0 1
3.57793 7.69671 12500 -0.641883 0.154972 27.9922 162.612 -13 6224 1 0 1
10.9628 29.6432 12500 -0.713992 0.498629 27.9865 162.632 -13 6225 1 0 1
21.533 17.6682 12500 -0.810361 0.294401 27.9867 162.613 -13 6226 1 0 1
-20.7744 -3.58595 12500 -0.379783 -0.061297 27.9974 162.633 -13 6227 1 0 1
-14.4931 8.32034 12500 -0.465261 0.102898 27.9959 162.621 -13 6228 1 0 1
6.8958 -60.5915 12500 -0.624936 -0.943311 27.9771 162.717 -13 6229 1 0 1
2.44646 -14.8906 12500 -0.629903 -0.219419 27.9921 162.613 -13 6230 1 0 1
-13.8121 -8.72087 12500 -0.441957 -0.124465 27.9962 162.633 -13 6231 1 0 1
26.1695 89.2506 12500 -0.873523 1.25323 27.9583 162.844 -13 6232 1 0 1
12.7189 -15.4827 12500 -0.731956 -0.246502 27.9893 162.608 -13 6233 1 0 1
20.6248 74.6144 12500 -0.805485 1.10789 27.9665 162.771 -13 6234 1 0 1
30.9192 56.1742 12500 -0.926421 0.841631 27.972 162.704 -13 6235 1 0 1
-22.7664 -22.7221 12500 -0.326509 -0.376971 27.9956 162.653 -13 6236 1 0 1
8.81833 -8.27453 12500 -0.674432 -0.147405 27.9915 162.617 -13 6237 1 0 1
-3.71654 18.0992 12500 -0.571404 0.292599 27.9926 162.619 -13 6238 1 0 1
13.1982 6.18001 12500 -0.74384 0.127814 27.9898 162.602 -13 6239 1 0 1
2.03332 14.6054 12500 -0.627028 0.222313 27.9921 162.613 -13 6240 1 0 1
-7.37527 19.2222 12500 -0.510824 0.290124 27.9938 162.63 -13 6241 1 0 1
2.99462 -40.0011 12500 -0.603818 -0.63533 27.9863 162.658 -13 6242 1 0 1
18.6402 6.17474 12500 -0.798337 0.0750177 27.9885 162.597 -13 6243 1 0 1
35.9991 19.7334 12500 -0.993643 0.311728 27.9806 162.607 -13 6244 1 0 1
-2.17022 6.79571 12500 -0.587643 0.112702 27.9936 162.613 -13 6245 1 0 1
12.1606 7.24425 12500 -0.719429 0.123727 27.9905 162.608 -13 6246 1 0 1
-7.09022 15.9569 12500 -0.52923 0.241484 27.994 162.622 -13 6247 1 0 1
10.4737 35.5393 12500 -0.709924 0.582044 27.9849 162.641 -13 6248 1 0 1
41.837 42.6814 12500 -1.04088 0.605226 27.9741 162.656 -13 6249 1 0 1
4.29025 -3.89132 12500 -0.648951 -0.0601414 27.9924 162.608 -13 6250 1 0 1
-6.67192 18.9682 12500 -0.51976 0.335197 27.9932 162.633 -13 6251 1 0 1
-26.5313 25.0385 12500 -0.287931 0.368863 27.9961 162.651 -13 6252 1 0 1
29.0923 20.1137 12500 -0.902353 0.33664 27.9834 162.614 -13 6253 1 0 1
8.76493 27.7315 12500 -0.67202 0.475056 27.9879 162.639 -13 6254 1 0 1
-12.2909 -44.8412 12500 -0.437299 -0.673025 27.9885 162.661 -13 6255 1 0 1
19.9028 -12.4156 12500 -0.800146 -0.204081 27.9878 162.607 -13 6256 1 0 1
1.43001 9.76814 12500 -0.60485 0.178392 27.9929 162.621 -13 6257 1 0 1
-14.585 -16.2685 12500 -0.446412 -0.26957 27.9951 162.631 -13 6258 1 0 1
2.2113 5.31044 12500 -0.621528 0.0786104 27.993 162.613 -13 6259 1 0 1
2.35347 -13.8699 12500 -0.635576 -0.221681 27.9919 162.611 -13 6260 1 0 1
30.0611 5.16205 12500 -0.912173 0.0862739 27.985 162.599 -13 6261 1 0 1
38.3221 8.52561 12500 -1.01733 0.134138 27.9812 162.597 -13 6262 1 0 1
0.77007 -29.4107 12500 -0.584405 -0.494935 27.9895 162.647 -13 6263 1 0 1
-13.0879 -42.4614 12500 -0.412168 -0.648028 27.9895 162.667 -13 6264 1 0 1
39.5102 18.6193 12500 -1.03221 0.264737 27.9797 162.603 -13 6265 1 0 1
56.497 18.039 12500 -1.23116 0.265179 27.9717 162.616 -13 6266 1 0 1
28.1401 6.75617 12500 -0.892386 0.125243 27.9855 162.6 -13 6267 1 0 1
38.7574 35.635 12500 -1.02825 0.551092 27.9757 162.644 -13 6268 1 0 1
8.5801 -18.8922 12500 -0.684258 -0.326037 27.9897 162.619 -13 6269 1 0 1
19.5334 -28.3266 12500 -0.794518 -0.454966 27.985 162.628 -13 6270 1 0 1
30.9521 74.5541 12500 -0.934386 1.05661 27.9645 162.767 -13 6271 1 0 1
36.6567 -28.9325 12500 -0.996697 -0.448316 27.9787 162.627 -13 6272 1 0 1
-5.09848 33.4511 12500 -0.525316 0.484864 27.9909 162.641 -13 6273 1 0 1
17.9111 -14.4342 12500 -0.794838 -0.22196 27.9878 162.601 -13 6274 1 0 1
32.8475 27.9042 12500 -0.945857 0.420451 27.9809 162.622 -13 6275 1 0 1
26.4277 67.4598 12500 -0.861937 1.00086 27.9688 162.747 -13 6276 1 0 1
6.66105 -0.566083 12500 -0.654604 0.0023534 27.9923 162.615 -13 6277 1 0 1
-47.8112 -6.12921 12500 -0.0412986 -0.0846662 27.9998 162.645 -13 6278 1 0 1
21.8701 9.14129 12500 -0.823463 0.135107 27.9876 162.601 -13 6279 1 0 1
-10.2767 -11.6309 12500 -0.508836 -0.195832 27.9947 162.62 -13 6280 1 0 1
-13.0946 16.5449 12500 -0.466002 0.282748 27.9947 162.629 -13 6281 1 0 1
-11.3182 -49.0497 12500 -0.432837 -0.753109 27.9865 162.674 -13 6282 1 0 1
13.7513 11.8551 12500 -0.739399 0.153376 27.9898 162.605 -13 6283 1 0 1
-25.281 3.72384 12500 -0.318115 0.0542284 27.9981 162.642 -13 6284 1 0 1
15.2881 -9.23087 12500 -0.75315 -0.158412 27.9894 162.607 -13 6285 1 0 1
3.57597 2.69032 12500 -0.641308 0.0272926 27.9926 162.609 -13 6286 1 0 1
-2.33772 1.92268 12500 -0.582989 0.0426319 27.9939 162.613 -13 6287 1 0 1
-11.402 -62.7886 12500 -0.365382 -0.942114 27.9818 162.716 -13 6288 1 0 1
26.749 25.9592 12500 -0.880248 0.398155 27.9833 162.617 -13 6289 1 0 1
37.8937 43.4752 12500 -0.997457 0.64615 27.9748 162.664 -13 6290 1 0 1
-11.452 -27.7703 12500 -0.467722 -0.469385 27.9922 162.645 -13 6291 1 0 1
12.2868 49.7373 12500 -0.708746 0.772567 27.9804 162.673 -13 6292 1 0 1
6.58037 16.7885 12500 -0.671351 0.297827 27.9904 162.615 -13 6293 1 0 1
-21.1999 10.6867 12500 -0.361874 0.179542 27.9971 162.641 -13 6294 1 0 1
4.64367 1.80414 12500 -0.634646 0.0617479 27.9927 162.616 -13 6295 1 0 1
27.2957 -8.80397 12500 -0.899413 -0.129328 27.9853 162.593 -13 6296 1 0 1
8.49167 6.31521 12500 -0.68578 0.0923987 27.9914 162.608 -13 6297 1 0 1
-16.0081 -61.3474 12500 -0.331942 -0.915577 27.9831 162.703 -13 6298 1 0 1
-11.8054 -1.23256 12500 -0.477566 -0.007752 27.9959 162.624 -13 6299 1 0 1
6.70906 -10.6649 12500 -0.670943 -0.16643 27.9915 162.61 -13 6300 1 0 1
19.0983 39.1312 12500 -0.810365 0.65425 27.9806 162.654 -13 6301 1 0 1
3.53845 -20.3683 12500 -0.648866 -0.347466 27.9903 162.615 -13 6302 1 0 1
-3.77333 9.13971 12500 -0.551965 0.133954 27.9942 162.623 -13 6303 1 0 1
13.0911 -0.954623 12500 -0.74651 -0.0339027 27.99 162.597 -13 6304 1 0 1
54.7423 44.1022 12500 -1.23007 0.624901 27.966 162.669 -13 6305 1 0 1
-7.816 -2.48451 12500 -0.510843 -0.0278128 27.9953 162.624 -13 6306 1 0 1
20.0042 -24.577 12500 -0.799688 -0.397821 27.9858 162.62 -13 6307 1 0 1
-13.7259 -9.84673 12500 -0.477644 -0.153116 27.9955 162.619 -13 6308 1 0 1
-14.4578 -18.6535 12500 -0.447463 -0.278216 27.995 162.63 -13 6309 1 0 1
0.647261 25.9367 12500 -0.599023 0.432314 27.9903 162.633 -13 6310 1 0 1
10.1319 30.6359 12500 -0.690931 0.458772 27.9877 162.629 -13 6311 1 0 1
-12.5981 -29.7219 12500 -0.455928 -0.456365 27.9926 162.642 -13 6312 1 0 1
7.49658 1.99169 12500 -0.670033 0.061696 27.9919 162.611 -13 6313 1 0 1
30.7792 43.1718 12500 -0.931556 0.656089 27.9768 162.655 -13 6314 1 0 1
28.7649 47.1945 12500 -0.903589 0.71982 27.9762 162.669 -13 6315 1 0 1
-1.32074 1.56955 12500 -0.579479 0.00304819 27.994 162.619 -13 6316 1 0 1
26.6759 16.9653 12500 -0.871873 0.28469 27.985 162.61 -13 6317 1 0 1
-17.0384 -15.0567 12500 -0.422067 -0.201372 27.9961 162.63 -13 6318 1 0 1
4.59316 19.1797 12500 -0.631329 0.283844 27.9914 162.622 -13 6319 1 0 1
21.464 2.99446 12500 -0.829669 0.0224274 27.9877 162.594 -13 6320 1 0 1
-25.9719 -35.2281 12500 -0.288129 -0.501557 27.994 162.656 -13 6321 1 0 1
2.18162 -35.7492 12500 -0.591739 -0.555297 27.9882 162.651 -13 6322 1 0 1
5.49245 11.941 12500 -0.667735 0.191028 27.9914 162.608 -13 6323 1 0 1
-13.2046 -20.7881 12500 -0.452402 -0.333956 27.9944 162.635 -13 6324 1 0 1
19.838 8.87935 12500 -0.790989 0.136189 27.9885 162.607 -13 6325 1 0 1
16.9337 5.24077 12500 -0.779545 0.0713082 27.9891 162.598 -13 6326 1 0 1
8.04183 11.882 12500 -0.674779 0.216371 27.991 162.617 -13 6327 1 0 1
-33.8786 -61.2399 12500 -0.0513197 -0.849095 27.9871 162.695 -13 6328 1 0 1
-11.5892 -25.3593 12500 -0.47932 -0.381114 27.9933 162.633 -13 6329 1 0 1
9.86197 15.583 12500 -0.71084 0.25062 27.9899 162.607 -13 6330 1 0 1
11.814 30.022 12500 -0.707911 0.448816 27.9875 162.628 -13 6331 1 0 1
-10.4 1.27273 12500 -0.495575 -0.000165617 27.9956 162.622 -13 6332 1 0 1
5.35466 18.3795 12500 -0.67619 0.283717 27.9904 162.606 -13 6333 1 0 1
-16.6872 -27.6917 12500 -0.379909 -0.456777 27.9937 162.66 -13 6334 1 0 1
-27.6977 -82.9409 12500 0.0146403 -1.10979 27.978 162.732 -13 6335 1 0 1
-14.4674 16.5335 12500 -0.453551 0.251002 27.9952 162.627 -13 6336 1 0 1
12.2767 7.15991 12500 -0.727955 0.0953991 27.9904 162.603 -13 6337 1 0 1
18.0449 -10.8451 12500 -0.781443 -0.171475 27.9886 162.606 -13 6338 1 0 1
-0.138186 21.1723 12500 -0.598104 0.324226 27.9917 162.621 -13 6339 1 0 1
-27.9979 -29.6309 12500 -0.262615 -0.449855 27.9952 162.659 -13 6340 1 0 1
-40.6593 -0.348936 12500 -0.13106 -0.0447716 27.9997 162.648 -13 6341 1 0 1
17.8196 12.9734 12500 -0.78185 0.215691 27.9883 162.607 -13 6342 1 0 1
10.9745 22.2649 12500 -0.70093 0.343691 27.9891 162.62 -13 6343 1 0 1
9.72237 -20.7123 12500 -0.703345 -0.346009 27.989 162.615 -13 6344 1 0 1
5.21243 1.32544 12500 -0.652758 0.00350811 27.9924 162.61 -13 6345 1 0 1
-13.0271 20.4061 12500 -0.455436 0.337698 27.9943 162.635 -13 6346 1 0 1
30.1305 32.307 12500 -0.920927 0.454196 27.9812 162.619 -13 6347 1 0 1
21.3684 19.8753 12500 -0.825673 0.284619 27.9864 162.603 -13 6348 1 0 1
15.7268 20.3442 12500 -0.749294 0.329569 27.988 162.617 -13 6349 1 0 1
4.60734 -0.371663 12500 -0.677232 0.0305177 27.9918 162.597 -13 6350 1 0 1
-32.9574 -125.279 12500 -1.08554 -1.97397 27.9092 162.762 -13 6351 1 0 1
10.5489 8.7371 12500 -0.705054 0.132524 27.9908 162.608 -13 6352 1 0 1
32.2625 1.36131 12500 -0.93538 0.0121271 27.9844 162.598 -13 6353 1 0 1
19.7273 -18.9962 12500 -0.806197 -0.314322 27.9866 162.608 -13 6354 1 0 1
-6.26753 -29.0483 12500 -0.52647 -0.467953 27.9911 162.64 -13 6355 1 0 1
14.0709 15.302 12500 -0.751419 0.269107 27.9886 162.608 -13 6356 1 0 1
2.42264 26.6034 12500 -0.6161 0.428403 27.9899 162.632 -13 6357 1 0 1
13.3436 -22.7115 12500 -0.735149 -0.370593 27.9879 162.617 -13 6358 1 0 1
-0.176431 -16.0253 12500 -0.595955 -0.258393 27.9925 162.62 -13 6359 1 0 1
-19.0552 -14.8428 12500 -0.405896 -0.242734 27.996 162.631 -13 6360 1 0 1
-16.8606 12.4294 12500 -0.424414 0.173692 27.9962 162.63 -13 6361 1 0 1
-2.81215 31.6672 12500 -0.563336 0.484691 27.9901 162.636 -13 6362 1 0 1
15.2879 -6.46196 12500 -0.744099 -0.126481 27.9898 162.61 -13 6363 1 0 1
41.7495 53.1119 12500 -1.0676 0.767697 27.9691 162.692 -13 6364 1 0 1
2.26054 -42.1983 12500 -0.594667 -0.68247 27.9854 162.665 -13 6365 1 0 1
26.1999 58.3829 12500 -0.890931 0.889495 27.9717 162.709 -13 6366 1 0 1
29.6897 27.4748 12500 -0.906683 0.435417 27.9819 162.626 -13 6367 1 0 1
17.6024 23.3746 12500 -0.784004 0.356499 27.9868 162.612 -13 6368 1 0 1
3.38956 -25.5025 12500 -0.619782 -0.39769 27.9903 162.632 -13 6369 1 0 1
-33.6023 -64.6133 12500 -0.0229264 -0.886861 27.9859 162.702 -13 6370 1 0 1
30.1508 25.6564 12500 -0.910836 0.423393 27.982 162.625 -13 6371 1 0 1
-20.7943 -3.38615 12500 -0.390978 -0.0352224 27.9972 162.628 -13 6372 1 0 1
16.9848 -3.70742 12500 -0.774035 -0.066237 27.9892 162.601 -13 6373 1 0 1
-3.23095 5.63051 12500 -0.573711 0.0644006 27.994 162.614 -13 6374 1 0 1
3.30427 -30.1535 12500 -0.617739 -0.482517 27.989 162.638 -13 6375 1 0 1
8.82387 -81.2618 12500 -0.640627 -1.19652 27.9671 162.78 -13 6376 1 0 1
43.4939 61.282 12500 -1.06487 0.867706 27.9663 162.732 -13 6377 1 0 1
4.27347 14.7346 12500 -0.643324 0.241939 27.9916 162.616 -13 6378 1 0 1
-15.4026 -16.305 12500 -0.427755 -0.260837 27.9955 162.635 -13 6379 1 0 1
28.5006 -22.1535 12500 -0.914439 -0.369192 27.9826 162.609 -13 6380 1 0 1
33.4915 -2.86848 12500 -0.957398 -0.0482101 27.9836 162.596 -13 6381 1 0 1
18.4894 39.2869 12500 -0.786828 0.618766 27.9821 162.646 -13 6382 1 0 1
35.1865 60.2691 12500 -0.979315 0.882188 27.969 162.722 -13 6383 1 0 1
-12.3533 25.6603 12500 -0.454102 0.417034 27.9932 162.642 -13 6384 1 0 1
5.88594 50.1755 12500 -0.631919 0.741056 27.9831 162.666 -13 6385 1 0 1
-12.8556 -55.8787 12500 -0.371432 -0.839814 27.9849 162.698 -13 6386 1 0 1
8.0764 46.3766 12500 -0.642542 0.720995 27.9833 162.671 -13 6387 1 0 1
-14.0161 44.5524 12500 -0.407396 0.65291 27.9894 162.664 -13 6388 1 0 1
29.9547 54.6415 12500 -0.937954 0.816671 27.9724 162.689 -13 6389 1 0 1
-0.648403 4.33431 12500 -0.603768 0.0850189 27.9934 162.611 -13 6390 1 0 1
-14.1297 -15.1936 12500 -0.446343 -0.254194 27.9953 162.633 -13 6391 1 0 1
-30.0644 -17.7405 12500 -0.249735 -0.233484 27.9979 162.649 -13 6392 1 0 1
16.7274 17.0637 12500 -0.80066 0.293474 27.987 162.599 -13 6393 1 0 1
23.0624 22.4982 12500 -0.855081 0.347453 27.9848 162.605 -13 6394 1 0 1
46.4259 92.2618 12500 -1.18528 1.1753 27.9502 162.856 -13 6395 1 0 1
-27.8907 16.1458 12500 -0.295796 0.253128 27.9973 162.642 -13 6396 1 0 1
9.49725 -41.7029 12500 -0.664319 -0.607857 27.9855 162.651 -13 6397 1 0 1
-14.4136 -19.5996 12500 -0.440566 -0.317998 27.9947 162.635 -13 6398 1 0 1
47.7376 17.0834 12500 -1.11704 0.255983 27.9765 162.613 -13 6399 1 0 1
22.5817 39.0322 12500 -0.821894 0.585605 27.9818 162.642 -13 6400 1 0 1
5.34003 20.2191 12500 -0.635607 0.325449 27.9909 162.626 -13 6401 1 0 1
-2.59211 -3.4696 12500 -0.569694 -0.0578183 27.9941 162.618 -13 6402 1 0 1
13.389 23.5412 12500 -0.742689 0.336551 27.9881 162.611 -13 6403 1 0 1
12.9719 -18.5101 12500 -0.730807 -0.294397 27.9889 162.612 -13 6404 1 0 1
13.7513 -17.9279 12500 -0.743834 -0.312841 27.9884 162.612 -13 6405 1 0 1
40.017 47.9574 12500 -1.06182 0.723015 27.9705 162.68 -13 6406 1 0 1
11.1073 52.9449 12500 -0.686033 0.832524 27.9792 162.689 -13 6407 1 0 1
14.2952 32.8421 12500 -0.733435 0.536305 27.9853 162.639 -13 6408 1 0 1
-0.28818 -20.5786 12500 -0.587212 -0.320208 27.992 162.625 -13 6409 1 0 1
25.9031 14.8175 12500 -0.87594 0.223859 27.9854 162.601 -13 6410 1 0 1
8.30362 41.3298 12500 -0.666706 0.62699 27.985 162.649 -13 6411 1 0 1
22.4442 -13.4259 12500 -0.847064 -0.251124 27.9861 162.602 -13 6412 1 0 1
9.10211 6.61994 12500 -0.6932 0.125563 27.9911 162.608 -13 6413 1 0 1
-13.1878 7.25441 12500 -0.473078 0.102174 27.9958 162.622 -13 6414 1 0 1
18.4133 10.9284 12500 -0.790067 0.201016 27.9881 162.606 -13 6415 1 0 1
-1.50782 -42.7653 12500 -0.558283 -0.629578 27.9874 162.652 -13 6416 1 0 1
33.2483 21.2857 12500 -0.940426 0.342568 27.9821 162.617 -13 6417 1 0 1
-17.7238 0.807862 12500 -0.419076 0.028038 27.9968 162.627 -13 6418 1 0 1
6.82155 24.8767 12500 -0.65994 0.408186 27.9892 162.628 -13 6419 1 0 1
22.9111 -24.3661 12500 -0.840022 -0.367059 27.985 162.612 -13 6420 1 0 1
16.0015 -34.1742 12500 -0.765034 -0.54171 27.9843 162.633 -13 6421 1 0 1
-26.0601 0.745751 12500 -0.338684 0.0133692 27.9979 162.631 -13 6422 1 0 1
-0.506014 -3.09314 12500 -0.589699 -0.0300832 27.9938 162.617 -13 6423 1 0 1
7.70116 -9.08719 12500 -0.689372 -0.117544 27.9913 162.603 -13 6424 1 0 1
27.5609 33.5949 12500 -0.883975 0.502926 27.9815 162.63 -13 6425 1 0 1
4.72319 -49.885 12500 -0.603126 -0.738481 27.9838 162.673 -13 6426 1 0 1
21.7605 3.50061 12500 -0.812811 0.0761493 27.9881 162.605 -13 6427 1 0 1
9.89205 14.1714 12500 -0.694458 0.232785 27.9904 162.615 -13 6428 1 0 1
15.0612 -24.1454 12500 -0.736562 -0.430809 27.987 162.634 -13 6429 1 0 1
6.39907 15.5516 12500 -0.650545 0.230068 27.9915 162.618 -13 6430 1 0 1
25.8794 27.0094 12500 -0.868639 0.442467 27.983 162.625 -13 6431 1 0 1
1.2092 0.102435 12500 -0.62411 0.0161238 27.993 162.607 -13 6432 1 0 1
-27.429 -14.4184 12500 -0.321463 -0.208312 27.9974 162.634 -13 6433 1 0 1
5.06732 -21.7737 12500 -0.64233 -0.364313 27.9903 162.625 -13 6434 1 0 1
18.3055 3.29468 12500 -0.786763 0.0683005 27.9889 162.601 -13 6435 1 0 1
-13.2304 -15.5571 12500 -0.452185 -0.237727 27.9953 162.632 -13 6436 1 0 1
18.52 63.6798 12500 -0.765869 0.940686 27.9737 162.714 -13 6437 1 0 1
14.9229 -8.14929 12500 -0.760873 -0.130484 27.9894 162.6 -13 6438 1 0 1
-18.4767 -64.1579 12500 -0.284733 -0.945425 27.9826 162.707 -13 6439 1 0 1
1.70512 1.71217 12500 -0.620399 -0.0133098 27.9931 162.612 -13 6440 1 0 1
5.99492 -29.6487 12500 -0.653379 -0.489055 27.9881 162.636 -13 6441 1 0 1
-2.6054 -76.6318 12500 -0.455659 -1.14022 27.9731 162.759 -13 6442 1 0 1
10.4394 -7.59305 12500 -0.689522 -0.130023 27.9912 162.616 -13 6443 1 0 1
9.84543 9.0276 12500 -0.70833 0.135493 27.9907 162.604 -13 6444 1 0 1
34.4975 24.3102 12500 -0.972406 0.361966 27.9808 162.613 -13 6445 1 0 1
-3.71038 -6.18742 12500 -0.581888 -0.115838 27.9937 162.61 -13 6446 1 0 1
-9.55645 -21.2602 12500 -0.487727 -0.354284 27.9935 162.635 -13 6447 1 0 1
21.2617 42.8359 12500 -0.827489 0.686656 27.9793 162.658 -13 6448 1 0 1
-39.2398 -10.4733 12500 -0.161006 -0.170555 27.999 162.646 -13 6449 1 0 1
-11.2128 -64.9131 12500 -0.348346 -0.957326 27.9815 162.721 -13 6450 1 0 1
11.7868 1.49347 12500 -0.731548 0.048778 27.9904 162.599 -13 6451 1 0 1
8.9263 24.3247 12500 -0.693992 0.408054 27.9884 162.622 -13 6452 1 0 1
28.4095 44.058 12500 -0.904113 0.665556 27.9775 162.654 -13 6453 1 0 1
20.3162 66.6217 12500 -0.790495 1.00008 27.971 162.736 -13 6454 1 0 1
15.4852 35.0922 12500 -0.741841 0.547374 27.9848 162.64 -13 6455 1 0 1
-28.836 -26.1311 12500 -0.261915 -0.372596 27.9963 162.653 -13 6456 1 0 1
6.50754 -12.4694 12500 -0.680461 -0.208334 27.991 162.607 -13 6457 1 0 1
17.2896 -11.8548 12500 -0.790568 -0.191465 27.9882 162.599 -13 6458 1 0 1
-26.7853 -80.5511 12500 -0.000972395 -1.08894 27.9788 162.734 -13 6459 1 0 1
-8.98606 -2.98383 12500 -0.498682 -0.0228641 27.9955 162.625 -13 6460 1 0 1
-6.53019 -14.0058 12500 -0.51495 -0.221263 27.9944 162.632 -13 6461 1 0 1
23.9756 46.7652 12500 -0.843701 0.693862 27.9787 162.659 -13 6462 1 0 1
26.3765 -22.7592 12500 -0.87627 -0.350797 27.9841 162.611 -13 6463 1 0 1
6.74012 2.16999 12500 -0.67365 0.0288844 27.9919 162.606 -13 6464 1 0 1
1.22594 21.9576 12500 -0.602232 0.360647 27.9912 162.627 -13 6465 1 0 1
-21.0511 12.2375 12500 -0.378065 0.192111 27.9968 162.635 -13 6466 1 0 1
-12.1672 -10.254 12500 -0.499842 -0.163378 27.9951 162.616 -13 6467 1 0 1
5.99353 -15.1494 12500 -0.655821 -0.26715 27.991 162.619 -13 6468 1 0 1
17.9922 20.1123 12500 -0.770688 0.313202 27.9876 162.615 -13 6469 1 0 1
-6.39787 -9.28794 12500 -0.547096 -0.13229 27.9943 162.615 -13 6470 1 0 1
-28.8908 1.78356 12500 -0.300805 0.0363248 27.9984 162.635 -13 6471 1 0 1
-1.27185 -31.3277 12500 -0.545459 -0.491849 27.9904 162.652 -13 6472 1 0 1
-1.89847 9.21039 12500 -0.585446 0.14005 27.9935 162.615 -13 6473 1 0 1
23.8495 21.307 12500 -0.836233 0.368085 27.9851 162.62 -13 6474 1 0 1
7.23158 28.3218 12500 -0.673525 0.488869 27.9876 162.634 -13 6475 1 0 1
14.8448 49.4821 12500 -0.718695 0.77958 27.9799 162.682 -13 6476 1 0 1
-0.365572 22.3819 12500 -0.585051 0.359107 27.9916 162.628 -13 6477 1 0 1
16.0384 -23.1659 12500 -0.770298 -0.37818 27.9868 162.614 -13 6478 1 0 1
-24.5719 -27.1495 12500 -0.344828 -0.397097 27.9951 162.639 -13 6479 1 0 1
1.97207 34.1747 12500 -0.6113 0.552569 27.9879 162.642 -13 6480 1 0 1
-7.10891 -3.80901 12500 -0.545998 -0.0596655 27.9946 162.612 -13 6481 1 0 1
-26.6133 42.6382 12500 -0.235046 0.6313 27.9919 162.673 -13 6482 1 0 1
35.1252 -7.16222 12500 -0.981797 -0.136537 27.9824 162.597 -13 6483 1 0 1
7.5556 31.1115 12500 -0.662734 0.459033 27.9884 162.63 -13 6484 1 0 1
18.2743 19.2826 12500 -0.785048 0.278487 27.9876 162.607 -13 6485 1 0 1
14.6761 19.7363 12500 -0.746892 0.293654 27.9885 162.61 -13 6486 1 0 1
3.8896 86.5799 12500 -0.536349 1.28299 27.9654 162.809 -13 6487 1 0 1
-2.92308 6.07106 12500 -0.567482 0.114714 27.994 162.619 -13 6488 1 0 1
17.8108 -31.4096 12500 -0.770905 -0.508252 27.9848 162.636 -13 6489 1 0 1
-0.0222622 -14.1637 12500 -0.595822 -0.247956 27.9926 162.622 -13 6490 1 0 1
8.83419 -30.1804 12500 -0.681593 -0.479086 27.9876 162.632 -13 6491 1 0 1
-2.12041 18.1438 12500 -0.569817 0.272759 27.9929 162.623 -13 6492 1 0 1
-16.0828 -81.7415 12500 -0.200433 -1.14522 27.9759 162.753 -13 6493 1 0 1
-2.61244 -6.98156 12500 -0.579218 -0.0925851 27.9939 162.614 -13 6494 1 0 1
45.9034 39.3835 12500 -1.11667 0.588758 27.9715 162.655 -13 6495 1 0 1
-7.89185 -9.98772 12500 -0.522963 -0.153544 27.9947 162.621 -13 6496 1 0 1
16.0987 6.40735 12500 -0.767813 0.121098 27.9892 162.602 -13 6497 1 0 1
24.883 -9.85377 12500 -0.855571 -0.137559 27.9866 162.601 -13 6498 1 0 1
-10.2395 22.5536 12500 -0.477064 0.362795 27.9936 162.637 -13 6499 1 0 1
1.39065 4.5541 12500 -0.613543 0.0719239 27.9932 162.613 -13 6500 1 0 1
-6.73253 -34.5249 12500 -0.521394 -0.500382 27.9907 162.638 -13 6501 1 0 1
-12.1693 18.1033 12500 -0.473603 0.297307 27.9944 162.629 -13 6502 1 0 1
-4.50538 24.6746 12500 -0.541329 0.390911 27.992 162.634 -13 6503 1 0 1
30.9368 31.459 12500 -0.929318 0.485997 27.9804 162.629 -13 6504 1 0 1
32.5493 11.4996 12500 -0.933949 0.1744 27.9839 162.605 -13 6505 1 0 1
14.387 2.87153 12500 -0.754411 0.0713987 27.9897 162.6 -13 6506 1 0 1
7.79986 28.6545 12500 -0.671778 0.458741 27.9882 162.631 -13 6507 1 0 1
-2.86471 1.66612 12500 -0.562758 0.0389244 27.9943 162.62 -13 6508 1 0 1
9.69157 -25.1598 12500 -0.693861 -0.407561 27.9884 162.625 -13 6509 1 0 1
18.6004 14.3649 12500 -0.801647 0.244416 27.9875 162.603 -13 6510 1 0 1
21.0619 8.56938 12500 -0.809699 0.116894 27.988 162.603 -13 6511 1 0 1
48.2592 22.0378 12500 -1.13469 0.336749 27.975 162.617 -13 6512 1 0 1
-18.9397 -19.922 12500 -0.398929 -0.326352 27.9953 162.636 -13 6513 1 0 1
24.232 -41.519 12500 -0.84524 -0.659182 27.9795 162.659 -13 6514 1 0 1
3.11997 -19.9622 12500 -0.631648 -0.300712 27.9913 162.617 -13 6515 1 0 1
43.8285 12.4089 12500 -1.08561 0.191166 27.9783 162.602 -13 6516 1 0 1
4.95811 1.30633 12500 -0.661556 0.0325605 27.9922 162.605 -13 6517 1 0 1
63.2233 8.30446 12500 -1.32736 0.109474 27.9683 162.605 -13 6518 1 0 1
26.531 -8.5365 12500 -0.890344 -0.144571 27.9855 162.594 -13 6519 1 0 1
-7.1475 -23.3775 12500 -0.54117 -0.402164 27.9919 162.626 -13 6520 1 0 1
-22.8069 -18.0656 12500 -0.365404 -0.282133 27.9962 162.634 -13 6521 1 0 1
-23.8899 -51.5073 12500 -0.24156 -0.761111 27.9886 162.686 -13 6522 1 0 1
28.6582 -8.04264 12500 -0.897702 -0.129193 27.9853 162.6 -13 6523 1 0 1
16.2317 96.5454 12500 -0.730073 1.3706 27.9569 162.87 -13 6524 1 0 1
-8.41612 2.62217 12500 -0.529499 0.0429581 27.995 162.614 -13 6525 1 0 1
21.6403 -17.0009 12500 -0.815892 -0.278324 27.9867 162.61 -13 6526 1 0 1
16.2767 0.135978 12500 -0.771461 -0.0117636 27.9894 162.599 -13 6527 1 0 1
2.93698 21.9848 12500 -0.617544 0.362549 27.9908 162.627 -13 6528 1 0 1
-36.2629 22.9276 12500 -0.160854 0.347531 27.9974 162.654 -13 6529 1 0 1
-21.8964 -118.833 12500 -0.351662 -1.6952 27.9464 162.782 -13 6530 1 0 1
-12.1462 0.176282 12500 -0.483789 0.0103963 27.9958 162.62 -13 6531 1 0 1
-7.93454 -16.5386 12500 -0.514618 -0.261631 27.994 162.626 -13 6532 1 0 1
-27.5932 10.9828 12500 -0.327545 0.174572 27.9975 162.632 -13 6533 1 0 1
3.89579 80.2875 12500 -0.52613 1.1985 27.9694 162.787 -13 6534 1 0 1
27.956 19.1405 12500 -0.905201 0.333209 27.9834 162.609 -13 6535 1 0 1
15.4598 30.8291 12500 -0.742965 0.501362 27.9857 162.636 -13 6536 1 0 1
-30.752 -82.1367 12500 0.0709098 -1.09569 27.9785 162.723 -13 6537 1 0 1
26.9976 5.60098 12500 -0.885454 0.116585 27.9858 162.598 -13 6538 1 0 1
-13.1945 12.193 12500 -0.458698 0.165117 27.9958 162.629 -13 6539 1 0 1
21.0199 26.8314 12500 -0.808311 0.437999 27.9849 162.626 -13 6540 1 0 1
14.2455 16.0191 12500 -0.751571 0.277431 27.9885 162.608 -13 6541 1 0 1
29.2126 -8.43295 12500 -0.886552 -0.139134 27.9856 162.608 -13 6542 1 0 1
10.0859 2.04781 12500 -0.685846 0.00845145 27.9916 162.614 -13 6543 1 0 1
10.9003 27.25 12500 -0.713513 0.41458 27.9878 162.621 -13 6544 1 0 1
-13.3835 -16.1319 12500 -0.44827 -0.274971 27.9951 162.635 -13 6545 1 0 1
12.9465 0.499739 12500 -0.738286 -0.0103228 27.9903 162.601 -13 6546 1 0 1
-14.1964 -19.5588 12500 -0.452935 -0.301436 27.9947 162.629 -13 6547 1 0 1
13.0671 9.42528 12500 -0.728683 0.162217 27.99 162.609 -13 6548 1 0 1
-16.9489 27.1102 12500 -0.396682 0.385294 27.9945 162.646 -13 6549 1 0 1
7.54614 0.283663 12500 -0.684345 0.0179229 27.9916 162.604 -13 6550 1 0 1
5.13602 35.8498 12500 -0.627959 0.557279 27.9874 162.646 -13 6551 1 0 1
9.14383 -22.2031 12500 -0.697099 -0.361423 27.989 162.616 -13 6552 1 0 1
-3.06544 26.9076 12500 -0.559112 0.444925 27.9909 162.637 -13 6553 1 0 1
-13.5528 32.9873 12500 -0.433045 0.490939 27.9923 162.647 -13 6554 1 0 1
20.7401 45.9178 12500 -0.823741 0.732892 27.9783 162.667 -13 6555 1 0 1
-27.4548 11.3602 12500 -0.312398 0.153406 27.9978 162.637 -13 6556 1 0 1
-19.9726 -79.4425 12500 -0.132273 -1.10804 27.9778 162.746 -13 6557 1 0 1
3.30333 18.4007 12500 -0.627778 0.312719 27.9912 162.622 -13 6558 1 0 1
19.1624 79.496 12500 -0.761508 1.16719 27.9653 162.794 -13 6559 1 0 1
25.7872 28.9977 12500 -0.897952 0.468023 27.9817 162.618 -13 6560 1 0 1
-2.73271 -40.9626 12500 -0.539388 -0.644448 27.9874 162.661 -13 6561 1 0 1
-14.2212 -63.676 12500 -0.325288 -0.950739 27.982 162.716 -13 6562 1 0 1
-26.0432 -16.6716 12500 -0.345216 -0.266451 27.9966 162.631 -13 6563 1 0 1
3.77374 2.44291 12500 -0.650526 0.0526618 27.9924 162.605 -13 6564 1 0 1
18.1098 55.9467 12500 -0.775197 0.843935 27.9765 162.689 -13 6565 1 0 1
-0.609847 -28.2425 12500 -0.566128 -0.453471 27.9906 162.645 -13 6566 1 0 1
10.1238 24.0075 12500 -0.708984 0.367329 27.9886 162.616 -13 6567 1 0 1
33.1181 22.1274 12500 -0.966891 0.354682 27.9811 162.609 -13 6568 1 0 1
9.73637 -23.2872 12500 -0.68929 -0.386209 27.9888 162.625 -13 6569 1 0 1
24.7692 16.7406 12500 -0.861894 0.249641 27.9856 162.601 -13 6570 1 0 1
18.8485 7.32364 12500 -0.786837 0.108885 27.9887 162.604 -13 6571 1 0 1
-18.7194 -20.8608 12500 -0.39644 -0.320632 27.9954 162.636 -13 6572 1 0 1
-27.9426 -11.3091 12500 -0.311364 -0.160315 27.9978 162.636 -13 6573 1 0 1
20.9507 36.2161 12500 -0.809277 0.567819 27.9825 162.64 -13 6574 1 0 1
-0.454067 83.1587 12500 -0.448273 1.18902 27.9712 162.774 -13 6575 1 0 1
-1.05884 25.4829 12500 -0.560151 0.438449 27.991 162.644 -13 6576 1 0 1
-12.3275 -37.0643 12500 -0.462033 -0.582146 27.9901 162.648 -13 6577 1 0 1
40.4785 -23.711 12500 -1.04775 -0.36545 27.978 162.614 -13 6578 1 0 1
-7.91017 -7.30272 12500 -0.498838 -0.119167 27.9953 162.631 -13 6579 1 0 1
40.154 10.7771 12500 -1.03191 0.147309 27.9806 162.6 -13 6580 1 0 1
19.8729 57.3899 12500 -0.782026 0.902632 27.9745 162.717 -13 6581 1 0 1
17.9428 -47.113 12500 -0.777659 -0.714878 27.9801 162.659 -13 6582 1 0 1
13.9177 5.3147 12500 -0.756816 0.0721861 27.9897 162.596 -13 6583 1 0 1
22.992 45.2674 12500 -0.83002 0.685449 27.9793 162.658 -13 6584 1 0 1
16.1061 9.85477 12500 -0.772685 0.158418 27.9889 162.601 -13 6585 1 0 1
-9.2117 -15.9505 12500 -0.505418 -0.262907 27.9942 162.626 -13 6586 1 0 1
16.9789 4.13889 12500 -0.782058 0.0750353 27.989 162.598 -13 6587 1 0 1
14.0494 23.1082 12500 -0.741741 0.360284 27.9879 162.616 -13 6588 1 0 1
29.1372 17.7625 12500 -0.907794 0.256879 27.9841 162.602 -13 6589 1 0 1
-7.90177 3.2124 12500 -0.529592 0.0466829 27.995 162.616 -13 6590 1 0 1
12.2863 -58.489 12500 -0.693456 -0.88896 27.9773 162.702 -13 6591 1 0 1
-13.1844 -12.3383 12500 -0.476254 -0.154188 27.9955 162.621 -13 6592 1 0 1
1.58244 51.3445 12500 -0.585155 0.785548 27.9829 162.676 -13 6593 1 0 1
27.4692 28.4502 12500 -0.883294 0.421716 27.9829 162.621 -13 6594 1 0 1
-6.53001 -2.42506 12500 -0.531414 -0.0675463 27.9949 162.621 -13 6595 1 0 1
26.568 -12.0301 12500 -0.884161 -0.180436 27.9855 162.598 -13 6596 1 0 1
27.0288 17.0448 12500 -0.870198 0.255444 27.9853 162.608 -13 6597 1 0 1
46.0838 38.4707 12500 -1.10437 0.548804 27.9728 162.646 -13 6598 1 0 1
12.0505 -3.85105 12500 -0.730571 -0.0441358 27.9904 162.601 -13 6599 1 0 1
-6.9407 -22.4145 12500 -0.536456 -0.327951 27.9929 162.622 -13 6600 1 0 1
28.8179 -17.4965 12500 -0.911649 -0.279379 27.9838 162.602 -13 6601 1 0 1
31.9615 12.2986 12500 -0.935959 0.207501 27.9836 162.605 -13 6602 1 0 1
4.98942 -5.58681 12500 -0.65984 -0.0947846 27.9921 162.606 -13 6603 1 0 1
-26.9797 -2.31124 12500 -0.322561 -0.0412975 27.9981 162.634 -13 6604 1 0 1
-5.68672 -1.55068 12500 -0.554346 -0.0403319 27.9945 162.614 -13 6605 1 0 1
32.1051 11.8112 12500 -0.95471 0.20796 27.9829 162.599 -13 6606 1 0 1
1.18925 -35.462 12500 -0.596059 -0.557784 27.9881 162.645 -13 6607 1 0 1
21.9601 -1.23342 12500 -0.84776 0.00622753 27.9872 162.589 -13 6608 1 0 1
-6.39355 -11.6948 12500 -0.529404 -0.173811 27.9945 162.624 -13 6609 1 0 1
8.2779 21.3782 12500 -0.688971 0.337528 27.9895 162.614 -13 6610 1 0 1
30.0251 50.1144 12500 -0.926407 0.759437 27.9744 162.677 -13 6611 1 0 1
28.7584 36.5024 12500 -0.888019 0.534121 27.9808 162.636 -13 6612 1 0 1
-34.0674 1.90068 12500 -0.226068 0.0182304 27.9991 162.643 -13 6613 1 0 1
11.8983 59.3461 12500 -0.70671 0.904144 27.9765 162.701 -13 6614 1 0 1
2.71958 -15.1578 12500 -0.621923 -0.257193 27.9919 162.62 -13 6615 1 0 1
15.7438 14.462 12500 -0.757682 0.23042 27.9888 162.609 -13 6616 1 0 1
-10.3111 -32.9048 12500 -0.480648 -0.4993 27.9914 162.641 -13 6617 1 0 1
23.1891 31.887 12500 -0.851146 0.493655 27.9827 162.623 -13 6618 1 0 1
-13.9603 -10.1378 12500 -0.459106 -0.155295 27.9958 162.626 -13 6619 1 0 1
22.1654 -35.476 12500 -0.83017 -0.560152 27.9821 162.637 -13 6620 1 0 1
41.7701 18.1119 12500 -1.03703 0.259249 27.9796 162.612 -13 6621 1 0 1
15.4649 -17.7707 12500 -0.752157 -0.280556 27.9885 162.612 -13 6622 1 0 1
17.2545 11.1796 12500 -0.767826 0.179198 27.9889 162.609 -13 6623 1 0 1
19.5021 118.49 12500 -1.46537 1.7451 27.9071 162.981 -13 6624 1 0 1
-9.24823 -37.6624 12500 -0.478539 -0.601603 27.9894 162.656 -13 6625 1 0 1
-14.3679 -26.8229 12500 -0.453949 -0.395292 27.9935 162.633 -13 6626 1 0 1
0.53962 31.0877 12500 -0.595929 0.526265 27.9887 162.643 -13 6627 1 0 1
-34.6733 -38.963 12500 -0.158097 -0.560299 27.9939 162.665 -13 6628 1 0 1
-9.56567 2.80953 12500 -0.50505 0.0375533 27.9954 162.621 -13 6629 1 0 1
-20.7604 -7.95765 12500 -0.387739 -0.135214 27.997 162.631 -13 6630 1 0 1
9.80307 -12.9963 12500 -0.706165 -0.234562 27.9901 162.61 -13 6631 1 0 1
-30.0638 -7.91469 12500 -0.268525 -0.109701 27.9985 162.643 -13 6632 1 0 1
-2.55474 -11.1488 12500 -0.560413 -0.195521 27.9937 162.627 -13 6633 1 0 1
-10.6328 5.95006 12500 -0.492523 0.104947 27.9955 162.623 -13 6634 1 0 1
11.1531 -12.4315 12500 -0.708995 -0.200187 27.9903 162.612 -13 6635 1 0 1
1.18237 40.694 12500 -0.57352 0.656362 27.9864 162.665 -13 6636 1 0 1
11.8755 30.8268 12500 -0.710984 0.494575 27.9866 162.633 -13 6637 1 0 1
25.4246 -19.7855 12500 -0.879324 -0.311575 27.9845 162.602 -13 6638 1 0 1
39.6888 -15.5268 12500 -1.03389 -0.255084 27.9797 162.606 -13 6639 1 0 1
15.9687 34.8787 12500 -0.769561 0.574942 27.9835 162.639 -13 6640 1 0 1
-10.654 -33.054 12500 -0.45042 -0.52292 27.9915 162.656 -13 6641 1 0 1
23.4343 -9.80532 12500 -0.843707 -0.161873 27.9868 162.601 -13 6642 1 0 1
23.9855 52.8378 12500 -0.852355 0.820798 27.975 162.69 -13 6643 1 0 1
-10.017 -55.401 12500 -0.433821 -0.811807 27.9849 162.684 -13 6644 1 0 1
-14.3066 -0.310264 12500 -0.476643 -0.015898 27.9959 162.616 -13 6645 1 0 1
26.8215 16.1239 12500 -0.871326 0.257094 27.9853 162.608 -13 6646 1 0 1
26.8583 12.2666 12500 -0.88545 0.211358 27.9852 162.602 -13 6647 1 0 1
-8.68663 -8.21489 12500 -0.525803 -0.119101 27.9948 162.616 -13 6648 1 0 1
-20.3942 -8.54849 12500 -0.380071 -0.12144 27.9972 162.635 -13 6649 1 0 1
11.055 -50.6458 12500 -0.674892 -0.79584 27.9805 162.686 -13 6650 1 0 1
-1.00317 -0.301463 12500 -0.595135 -0.0350773 27.9937 162.613 -13 6651 1 0 1
3.76441 5.99562 12500 -0.632093 0.128211 27.9926 162.616 -13 6652 1 0 1
11.5178 70.2241 12500 -0.668385 1.0551 27.9721 162.743 -13 6653 1 0 1
7.92556 21.8048 12500 -0.685679 0.351355 27.9894 162.616 -13 6654 1 0 1
9.76754 -15.9957 12500 -0.708399 -0.263232 27.9898 162.608 -13 6655 1 0 1
4.29824 -33.5744 12500 -0.629226 -0.53509 27.9878 162.641 -13 6656 1 0 1
27.4081 44.4927 12500 -0.905436 0.696215 27.9767 162.661 -13 6657 1 0 1
4.34334 -7.16325 12500 -0.645509 -0.124117 27.9923 162.611 -13 6658 1 0 1
20.2756 -14.8881 12500 -0.811157 -0.276413 27.9869 162.61 -13 6659 1 0 1
4.88762 8.84215 12500 -0.665914 0.131645 27.9918 162.604 -13 6660 1 0 1
26.6116 17.1015 12500 -0.866773 0.27739 27.9852 162.611 -13 6661 1 0 1
14.2586 20.6171 12500 -0.751084 0.367887 27.9875 162.617 -13 6662 1 0 1
16.6209 -8.56312 12500 -0.763203 -0.1669 27.9891 162.609 -13 6663 1 0 1
21.7516 1.6567 12500 -0.839425 0.0282608 27.9874 162.592 -13 6664 1 0 1
20.8447 19.6168 12500 -0.815982 0.314402 27.9863 162.608 -13 6665 1 0 1
13.3208 17.2911 12500 -0.74028 0.283614 27.9888 162.609 -13 6666 1 0 1
-0.10873 22.6003 12500 -0.592543 0.355297 27.9915 162.626 -13 6667 1 0 1
19.3335 8.56472 12500 -0.802026 0.126039 27.9882 162.599 -13 6668 1 0 1
24.3611 22.2346 12500 -0.860637 0.366483 27.9844 162.611 -13 6669 1 0 1
23.4128 3.35297 12500 -0.849154 0.0355476 27.9871 162.594 -13 6670 1 0 1
-4.85797 -20.2849 12500 -0.542456 -0.311732 27.993 162.627 -13 6671 1 0 1
-5.82475 18.4902 12500 -0.530741 0.320913 27.9931 162.63 -13 6672 1 0 1
33.8126 22.4982 12500 -0.952797 0.335702 27.9818 162.613 -13 6673 1 0 1
-11.2185 -5.43525 12500 -0.492013 -0.0593293 27.9956 162.62 -13 6674 1 0 1
-1.28294 13.682 12500 -0.584782 0.199684 27.9932 162.619 -13 6675 1 0 1
15.899 -16.2775 12500 -0.756336 -0.238987 27.9888 162.609 -13 6676 1 0 1
-11.2546 3.81799 12500 -0.485199 0.0627238 27.9957 162.623 -13 6677 1 0 1
7.95993 -10.4723 12500 -0.683356 -0.193445 27.991 162.611 -13 6678 1 0 1
12.5841 27.9188 12500 -0.724707 0.448693 27.987 162.627 -13 6679 1 0 1
-8.8584 1.98203 12500 -0.522448 0.0390406 27.9951 162.616 -13 6680 1 0 1
9.04455 7.76647 12500 -0.690741 0.138625 27.9911 162.609 -13 6681 1 0 1
44.0071 35.7225 12500 -1.11586 0.531823 27.9727 162.635 -13 6682 1 0 1
-35.4169 -42.7084 12500 -0.102877 -0.612911 27.9931 162.677 -13 6683 1 0 1
-36.3491 -38.9997 12500 -0.133154 -0.554946 27.9942 162.665 -13 6684 1 0 1
-10.2156 8.57869 12500 -0.494051 0.146772 27.9953 162.625 -13 6685 1 0 1
-7.15825 16.6027 12500 -0.536361 0.311168 27.9931 162.624 -13 6686 1 0 1
12.8741 -6.80231 12500 -0.711684 -0.0869334 27.9908 162.614 -13 6687 1 0 1
-6.82951 51.4532 12500 -0.472369 0.74709 27.986 162.676 -13 6688 1 0 1
-4.84866 -5.55618 12500 -0.550711 -0.0711813 27.9945 162.618 -13 6689 1 0 1
10.1244 0.66328 12500 -0.717078 0.00619278 27.9908 162.599 -13 6690 1 0 1
-7.48892 -24.3394 12500 -0.525855 -0.35003 27.9929 162.626 -13 6691 1 0 1
1.97294 -4.71346 12500 -0.623165 -0.0601075 27.993 162.611 -13 6692 1 0 1
-32.5719 -10.0532 12500 -0.244208 -0.144944 27.9986 162.643 -13 6693 1 0 1
-4.85592 27.4285 12500 -0.535801 0.402347 27.992 162.635 -13 6694 1 0 1
26.5827 3.58435 12500 -0.874518 0.0447255 27.9863 162.598 -13 6695 1 0 1
-6.53316 -61.142 12500 -0.452858 -0.90456 27.9817 162.703 -13 6696 1 0 1
19.9327 62.6091 12500 -0.813598 0.944417 27.9722 162.715 -13 6697 1 0 1
-0.802403 -54.9583 12500 -0.542553 -0.826388 27.9825 162.687 -13 6698 1 0 1
6.67282 -10.2945 12500 -0.670463 -0.157548 27.9915 162.609 -13 6699 1 0 1
17.9374 13.2572 12500 -0.767635 0.207186 27.9887 162.613 -13 6700 1 0 1
24.6765 0.407909 12500 -0.85926 0.00382667 27.9868 162.596 -13 6701 1 0 1
9.19303 26.1564 12500 -0.694697 0.432851 27.988 162.626 -13 6702 1 0 1
41.2256 15.3084 12500 -1.05904 0.226237 27.9791 162.601 -13 6703 1 0 1
13.6891 17.6479 12500 -0.745421 0.285099 27.9886 162.608 -13 6704 1 0 1
-27.9564 -11.9047 12500 -0.308952 -0.165357 27.9978 162.637 -13 6705 1 0 1
-19.0286 -31.77 12500 -0.362664 -0.492637 27.9933 162.656 -13 6706 1 0 1
0.455861 11.1566 12500 -0.593214 0.203795 27.993 162.624 -13 6707 1 0 1
-0.563834 5.9499 12500 -0.610324 0.0527704 27.9933 162.608 -13 6708 1 0 1
16.5182 32.9822 12500 -0.763288 0.514946 27.9849 162.632 -13 6709 1 0 1
-13.7921 -2.00057 12500 -0.453589 -0.0647023 27.9963 162.627 -13 6710 1 0 1
7.33098 10.9451 12500 -0.673867 0.164118 27.9914 162.611 -13 6711 1 0 1
-1.81192 -13.6125 12500 -0.569248 -0.233871 27.9932 162.627 -13 6712 1 0 1
33.404 9.97092 12500 -0.951838 0.149896 27.9834 162.6 -13 6713 1 0 1
26.935 -3.20415 12500 -0.881825 -0.0553497 27.9861 162.597 -13 6714 1 0 1
-23.867 31.0038 12500 -0.330808 0.468482 27.9941 162.65 -13 6715 1 0 1
17.1783 -26.3136 12500 -0.773829 -0.413632 27.9862 162.621 -13 6716 1 0 1
23.5041 16.639 12500 -0.839406 0.288097 27.9859 162.61 -13 6717 1 0 1
14.5243 40.822 12500 -0.724672 0.660278 27.9828 162.661 -13 6718 1 0 1
-24.2691 -70.9432 12500 -0.152682 -1.00106 27.9817 162.715 -13 6719 1 0 1
8.97753 4.09323 12500 -0.696556 0.0898162 27.9912 162.606 -13 6720 1 0 1
19.6927 19.6948 12500 -0.788592 0.323573 27.987 162.616 -13 6721 1 0 1
-0.0188201 -56.9783 12500 -0.537995 -0.86537 27.9815 162.7 -13 6722 1 0 1
39.2176 23.2063 12500 -1.02526 0.364426 27.9788 162.616 -13 6723 1 0 1
-7.61854 37.7748 12500 -0.49355 0.571546 27.9898 162.652 -13 6724 1 0 1
15.9247 60.2062 12500 -0.746707 0.912174 27.9752 162.707 -13 6725 1 0 1
5.41778 18.8969 12500 -0.646423 0.319464 27.9907 162.622 -13 6726 1 0 1
-8.89122 -36.2526 12500 -0.47663 -0.548804 27.9906 162.652 -13 6727 1 0 1
13.5658 -10.2513 12500 -0.737199 -0.153281 27.9899 162.606 -13 6728 1 0 1
-21.0937 -32.2243 12500 -0.352413 -0.51836 27.993 162.654 -13 6729 1 0 1
-16.8449 -30.1503 12500 -0.412209 -0.450169 27.9933 162.642 -13 6730 1 0 1
26.4557 4.09317 12500 -0.883782 0.0720041 27.986 162.594 -13 6731 1 0 1
-31.7956 -9.75973 12500 -0.284284 -0.128354 27.9983 162.632 -13 6732 1 0 1
-7.17498 -54.4439 12500 -0.472153 -0.807585 27.9844 162.682 -13 6733 1 0 1
28.6716 14.3627 12500 -0.904593 0.234291 27.9844 162.603 -13 6734 1 0 1
32.5325 50.5214 12500 -0.960368 0.734979 27.9739 162.669 -13 6735 1 0 1
19.0747 26.4543 12500 -0.786682 0.415618 27.9859 162.623 -13 6736 1 0 1
-13.6972 -68.3032 12500 -0.31413 -0.976519 27.9812 162.718 -13 6737 1 0 1
-20.7597 -26.9267 12500 -0.369506 -0.427582 27.9943 162.645 -13 6738 1 0 1
-14.5901 -21.843 12500 -0.447937 -0.32259 27.9946 162.63 -13 6739 1 0 1
31.5145 12.9338 12500 -0.931503 0.204546 27.9838 162.603 -13 6740 1 0 1
-18.1946 7.61071 12500 -0.405861 0.133985 27.9967 162.632 -13 6741 1 0 1
-1.02314 -7.02937 12500 -0.577861 -0.0872911 27.9939 162.621 -13 6742 1 0 1
0.647945 -20.9248 12500 -0.618277 -0.31833 27.9914 162.614 -13 6743 1 0 1
-41.7971 -47.0538 12500 -0.0468449 -0.635581 27.9927 162.664 -13 6744 1 0 1
7.03763 6.49713 12500 -0.681026 0.0793479 27.9916 162.604 -13 6745 1 0 1
-28.7662 -53.3842 12500 -0.182357 -0.752673 27.9893 162.683 -13 6746 1 0 1
-10.7924 -1.69218 12500 -0.484735 -0.0439992 27.9958 162.625 -13 6747 1 0 1
9.91914 51.8564 12500 -0.685672 0.819576 27.9796 162.683 -13 6748 1 0 1
-34.9844 14.3021 12500 -0.233507 0.215006 27.9982 162.639 -13 6749 1 0 1
24.8979 -17.6136 12500 -0.870659 -0.288698 27.985 162.602 -13 6750 1 0 1
-23.386 27.6969 12500 -0.327933 0.415792 27.995 162.651 -13 6751 1 0 1
31.4066 -0.555017 12500 -0.938627 -0.03909 27.9842 162.593 -13 6752 1 0 1
19.0486 48.645 12500 -0.772594 0.738815 27.9796 162.67 -13 6753 1 0 1
1.34216 -24.5303 12500 -0.608558 -0.370194 27.9909 162.626 -13 6754 1 0 1
-19.6365 15.5667 12500 -0.392352 0.228788 27.9963 162.633 -13 6755 1 0 1
18.3389 78.8427 12500 -0.772727 1.1748 27.9647 162.795 -13 6756 1 0 1
-13.605 -14.9581 12500 -0.442833 -0.265176 27.9952 162.638 -13 6757 1 0 1
8.60053 67.0351 12500 -0.641786 1.03974 27.9733 162.739 -13 6758 1 0 1
13.1703 80.1448 12500 -0.700731 1.18831 27.966 162.789 -13 6759 1 0 1
15.9161 -13.9565 12500 -0.74663 -0.220443 27.9892 162.615 -13 6760 1 0 1
-4.32977 -20.8331 12500 -0.559825 -0.362008 27.9921 162.626 -13 6761 1 0 1
11.1583 -8.34602 12500 -0.728984 -0.147017 27.9901 162.6 -13 6762 1 0 1
-6.79885 4.16347 12500 -0.52701 0.0642282 27.995 162.621 -13 6763 1 0 1
27.5883 -23.9926 12500 -0.886777 -0.36634 27.9836 162.615 -13 6764 1 0 1
16.8147 1.60733 12500 -0.772191 0.00801178 27.9893 162.601 -13 6765 1 0 1
-1.85884 -13.6563 12500 -0.563759 -0.222018 27.9934 162.628 -13 6766 1 0 1
-11.0415 -24.756 12500 -0.482095 -0.385268 27.9932 162.634 -13 6767 1 0 1
-14.0309 -15.5996 12500 -0.471904 -0.238341 27.995 162.621 -13 6768 1 0 1
-5.94781 2.18313 12500 -0.541389 0.0413328 27.9947 162.618 -13 6769 1 0 1
28.4982 28.3384 12500 -0.895824 0.46387 27.9818 162.63 -13 6770 1 0 1
-13.3429 -67.7109 12500 -0.31681 -0.981726 27.981 162.72 -13 6771 1 0 1
9.98191 35.2876 12500 -0.681871 0.537442 27.9865 162.64 -13 6772 1 0 1
33.9409 15.0788 12500 -0.953664 0.24368 27.9827 162.609 -13 6773 1 0 1
-21.5022 -41.7591 12500 -0.306079 -0.630961 27.9912 162.672 -13 6774 1 0 1
14.2758 11.5379 12500 -0.758687 0.17536 27.9892 162.6 -13 6775 1 0 1
11.2416 -22.1942 12500 -0.732988 -0.340069 27.9883 162.606 -13 6776 1 0 1
-20.472 -83.8566 12500 -0.130861 -1.15264 27.976 162.744 -13 6777 1 0 1
42.5508 60.4821 12500 -1.10152 0.863423 27.965 162.719 -13 6778 1 0 1
27.1259 42.2032 12500 -0.873473 0.656784 27.9787 162.66 -13 6779 1 0 1
-5.4468 15.1813 12500 -0.550055 0.25779 27.9934 162.621 -13 6780 1 0 1
-31.9122 30.7929 12500 -0.218902 0.444503 27.9956 162.657 -13 6781 1 0 1
-17.807 -35.6778 12500 -0.371493 -0.547535 27.9922 162.66 -13 6782 1 0 1
18.2235 3.07141 12500 -0.785794 0.0574319 27.9889 162.601 -13 6783 1 0 1
0.879796 -20.2056 12500 -0.604363 -0.359978 27.9912 162.627 -13 6784 1 0 1
4.58591 -16.6991 12500 -0.641216 -0.263252 27.9914 162.618 -13 6785 1 0 1
17.3212 39.8998 12500 -0.778015 0.638451 27.9819 162.649 -13 6786 1 0 1
-14.0389 -0.277523 12500 -0.462672 -0.0411406 27.9961 162.623 -13 6787 1 0 1
-2.6084 0.858751 12500 -0.57063 0.00615797 27.9942 162.617 -13 6788 1 0 1
-8.28567 -41.2644 12500 -0.483773 -0.645524 27.9884 162.66 -13 6789 1 0 1
38.3905 18.1098 12500 -1.00293 0.300195 27.9804 162.615 -13 6790 1 0 1
-18.3774 -48.1331 12500 -0.313929 -0.706521 27.9893 162.684 -13 6791 1 0 1
0.640884 29.5323 12500 -0.565497 0.431313 27.991 162.644 -13 6792 1 0 1
6.71088 18.6417 12500 -0.65133 0.286717 27.991 162.621 -13 6793 1 0 1
20.6372 10.6654 12500 -0.82518 0.162522 27.9874 162.596 -13 6794 1 0 1
-5.40316 -15.4971 12500 -0.539309 -0.270216 27.9935 162.627 -13 6795 1 0 1
19.2275 -21.3596 12500 -0.81364 -0.37446 27.9857 162.61 -13 6796 1 0 1
-6.33314 1.10258 12500 -0.532359 0.00458414 27.9949 162.621 -13 6797 1 0 1
0.769997 6.5431 12500 -0.603745 0.128165 27.9932 162.617 -13 6798 1 0 1
-5.04298 -7.50925 12500 -0.546928 -0.125617 27.9944 162.62 -13 6799 1 0 1
-14.8669 -30.4757 12500 -0.412009 -0.425317 27.9937 162.648 -13 6800 1 0 1
7.76914 -0.547036 12500 -0.694219 0.0305276 27.9914 162.601 -13 6801 1 0 1
-3.69822 24.6786 12500 -0.54393 0.385706 27.9921 162.636 -13 6802 1 0 1
-7.84168 -61.5391 12500 -0.435008 -0.926144 27.9813 162.708 -13 6803 1 0 1
-12.6176 -31.4445 12500 -0.432398 -0.477429 27.9926 162.652 -13 6804 1 0 1
-4.12305 -3.95768 12500 -0.554575 -0.0899386 27.9944 162.62 -13 6805 1 0 1
-3.26625 5.47651 12500 -0.578412 0.0691297 27.9939 162.612 -13 6806 1 0 1
-21.0462 -22.791 12500 -0.360027 -0.340758 27.9956 162.643 -13 6807 1 0 1
-20.2652 -18.1812 12500 -0.362466 -0.29754 27.9961 162.646 -13 6808 1 0 1
-8.31478 44.2659 12500 -0.449589 0.677856 27.9882 162.673 -13 6809 1 0 1
11.9539 22.4011 12500 -0.701646 0.355674 27.9889 162.625 -13 6810 1 0 1
-6.95497 -65.1133 12500 -0.43704 -0.961866 27.9801 162.71 -13 6811 1 0 1
-7.22444 16.9507 12500 -0.499139 0.27227 27.9942 162.635 -13 6812 1 0 1
-0.255355 -58.9266 12500 -0.534003 -0.928501 27.9795 162.715 -13 6813 1 0 1
-28.8911 -28.8922 12500 -0.246304 -0.429311 27.9956 162.66 -13 6814 1 0 1
28.2788 80.2802 12500 -0.910183 1.13319 27.9623 162.794 -13 6815 1 0 1
-19.6998 -0.961931 12500 -0.394129 0.00902774 27.9972 162.631 -13 6816 1 0 1
13.8475 -9.08721 12500 -0.76129 -0.128419 27.9894 162.595 -13 6817 1 0 1
27.5471 41.2416 12500 -0.870318 0.624586 27.9795 162.654 -13 6818 1 0 1
3.16951 -33.2622 12500 -0.601973 -0.547243 27.9882 162.652 -13 6819 1 0 1
-11.1424 -32.9784 12500 -0.462816 -0.513423 27.9915 162.647 -13 6820 1 0 1
-14.7944 -9.47586 12500 -0.459941 -0.169294 27.9957 162.623 -13 6821 1 0 1
14.5286 24.2277 12500 -0.737309 0.351906 27.9881 162.619 -13 6822 1 0 1
13.0264 -0.922735 12500 -0.727108 -0.0281122 27.9905 162.606 -13 6823 1 0 1
3.78372 25.4893 12500 -0.622323 0.425691 27.9898 162.635 -13 6824 1 0 1
11.0151 10.0726 12500 -0.726726 0.155204 27.9901 162.601 -13 6825 1 0 1
21.6933 41.6056 12500 -0.827962 0.638105 27.9805 162.646 -13 6826 1 0 1
14.8112 41.0135 12500 -0.741187 0.636886 27.9829 162.649 -13 6827 1 0 1
-12.8314 -29.5051 12500 -0.453932 -0.466587 27.9924 162.644 -13 6828 1 0 1
-5.52635 20.9371 12500 -0.53144 0.31903 27.9931 162.629 -13 6829 1 0 1
-14.5945 30.8124 12500 -0.422945 0.477983 27.9927 162.648 -13 6830 1 0 1
-1.43252 -5.38185 12500 -0.598091 -0.093023 27.9935 162.61 -13 6831 1 0 1
26.9222 -14.6407 12500 -0.897309 -0.227886 27.9847 162.597 -13 6832 1 0 1
32.5273 -4.99278 12500 -0.949777 -0.0911732 27.9837 162.595 -13 6833 1 0 1
-13.6535 -18.0367 12500 -0.439225 -0.304157 27.9949 162.639 -13 6834 1 0 1
5.76735 9.68743 12500 -0.666112 0.143255 27.9917 162.607 -13 6835 1 0 1
-21.0107 -30.2063 12500 -0.350388 -0.473365 27.9938 162.654 -13 6836 1 0 1
43.4058 50.7801 12500 -1.09418 0.736457 27.9689 162.685 -13 6837 1 0 1
-22.0699 22.0477 12500 -0.367385 0.322145 27.9957 162.636 -13 6838 1 0 1
35.5841 -3.86252 12500 -0.974375 -0.0602479 27.983 162.599 -13 6839 1 0 1
22.8286 11.5473 12500 -0.839447 0.169321 27.9869 162.6 -13 6840 1 0 1
-2.23861 -5.38119 12500 -0.579408 -0.0578093 27.9939 162.615 -13 6841 1 0 1
-3.59643 25.217 12500 -0.557147 0.420089 27.9913 162.634 -13 6842 1 0 1
-9.43995 -21.1922 12500 -0.508377 -0.338676 27.9933 162.625 -13 6843 1 0 1
13.4956 63.9062 12500 -0.711878 0.964331 27.9743 162.717 -13 6844 1 0 1
-6.69188 -30.741 12500 -0.511631 -0.474614 27.9913 162.642 -13 6845 1 0 1
-35.2451 -31.7325 12500 -0.17006 -0.445208 27.9959 162.659 -13 6846 1 0 1
16.2795 4.30537 12500 -0.759122 0.0427194 27.9897 162.605 -13 6847 1 0 1
-1.33121 -3.32588 12500 -0.583272 -0.0369546 27.9939 162.617 -13 6848 1 0 1
6.13911 -6.82538 12500 -0.673498 -0.098437 27.9917 162.604 -13 6849 1 0 1
20.6279 11.3622 12500 -0.819359 0.160869 27.9875 162.598 -13 6850 1 0 1
-10.1923 7.9504 12500 -0.487939 0.15813 27.9953 162.628 -13 6851 1 0 1
-11.4092 -39.5258 12500 -0.453043 -0.610647 27.9897 162.656 -13 6852 1 0 1
-17.6613 69.058 12500 -0.259412 0.984254 27.9815 162.716 -13 6853 1 0 1
32.4814 77.444 12500 -0.97156 1.10017 27.9615 162.79 -13 6854 1 0 1
9.45923 -12.5426 12500 -0.705311 -0.223725 27.9902 162.609 -13 6855 1 0 1
8.98384 18.7817 12500 -0.681784 0.296216 27.9901 162.618 -13 6856 1 0 1
-9.06052 -31.043 12500 -0.490793 -0.48323 27.9915 162.642 -13 6857 1 0 1
-9.11654 1.06883 12500 -0.514781 0.0240674 27.9953 162.618 -13 6858 1 0 1
-11.8483 -6.30498 12500 -0.481962 -0.0850888 27.9957 162.622 -13 6859 1 0 1
8.35277 13.2751 12500 -0.691723 0.238176 27.9904 162.611 -13 6860 1 0 1
36.1123 62.0684 12500 -1.02691 0.929693 27.9657 162.74 -13 6861 1 0 1
-25.0497 -16.4138 12500 -0.330146 -0.237791 27.997 162.639 -13 6862 1 0 1
13.2321 17.1714 12500 -0.749718 0.270345 27.9887 162.603 -13 6863 1 0 1
-4.36653 0.59444 12500 -0.560167 -0.00388298 27.9944 162.616 -13 6864 1 0 1
15.6141 112.951 12500 -0.904014 1.58652 27.9404 162.956 -13 6865 1 0 1
-4.31856 -9.26281 12500 -0.554644 -0.12229 27.9942 162.619 -13 6866 1 0 1
-12.0149 -20.2099 12500 -0.485073 -0.332263 27.9938 162.626 -13 6867 1 0 1
-7.40919 -13.041 12500 -0.516106 -0.208067 27.9945 162.628 -13 6868 1 0 1
-5.32089 -5.4598 12500 -0.546803 -0.108732 27.9944 162.619 -13 6869 1 0 1
-37.3484 -31.9704 12500 -0.138777 -0.463853 27.9958 162.661 -13 6870 1 0 1
13.6991 32.6171 12500 -0.728257 0.502899 27.986 162.632 -13 6871 1 0 1
11.6864 48.1155 12500 -0.691074 0.785223 27.9805 162.684 -13 6872 1 0 1
22.1776 22.9106 12500 -0.809084 0.366664 27.9859 162.622 -13 6873 1 0 1
24.1231 -25.4127 12500 -0.851905 -0.415622 27.984 162.619 -13 6874 1 0 1
-17.937 -40.2706 12500 -0.35842 -0.638878 27.9904 162.67 -13 6875 1 0 1
51.5072 102.115 12500 -1.28317 1.23685 27.9432 162.911 -13 6876 1 0 1
40.8101 42.7697 12500 -1.06772 0.645293 27.9722 162.66 -13 6877 1 0 1
7.61894 -23.3768 12500 -0.666424 -0.347007 27.9899 162.623 -13 6878 1 0 1
8.40989 44.4958 12500 -0.660623 0.661245 27.9844 162.655 -13 6879 1 0 1
28.4848 42.6548 12500 -0.893174 0.668953 27.9778 162.663 -13 6880 1 0 1
11.3191 55.931 12500 -0.686591 0.849775 27.9787 162.691 -13 6881 1 0 1
33.6034 55.2028 12500 -0.964107 0.81441 27.9715 162.696 -13 6882 1 0 1
40.1414 41.5642 12500 -1.03925 0.618319 27.9739 162.657 -13 6883 1 0 1
39.6708 25.4876 12500 -1.04126 0.365941 27.9782 162.612 -13 6884 1 0 1
38.4226 29.3229 12500 -1.00376 0.433024 27.9787 162.629 -13 6885 1 0 1
24.1336 32.1308 12500 -0.858163 0.504178 27.9823 162.627 -13 6886 1 0 1
-28.0537 17.907 12500 -0.309288 0.282194 27.9969 162.637 -13 6887 1 0 1
37.5607 27.2402 12500 -1.00975 0.393173 27.979 162.617 -13 6888 1 0 1
21.4903 46.5196 12500 -0.826833 0.741052 27.978 162.67 -13 6889 1 0 1
-12.7443 -33.7843 12500 -0.432048 -0.504214 27.9921 162.652 -13 6890 1 0 1
8.0178 -6.27596 12500 -0.693084 -0.133657 27.9911 162.605 -13 6891 1 0 1
5.96035 -17.9085 12500 -0.643365 -0.316619 27.9908 162.627 -13 6892 1 0 1
6.71181 17.9253 12500 -0.667409 0.28275 27.9906 162.615 -13 6893 1 0 1
30.2633 -28.8245 12500 -0.933858 -0.433032 27.9811 162.616 -13 6894 1 0 1
-10.5648 27.8508 12500 -0.476172 0.419559 27.9928 162.64 -13 6895 1 0 1
-13.9584 -4.33535 12500 -0.462103 -0.0871224 27.9961 162.624 -13 6896 1 0 1
26.2418 32.6186 12500 -0.875477 0.506871 27.9817 162.63 -13 6897 1 0 1
26.9657 11.263 12500 -0.880209 0.129152 27.9859 162.599 -13 6898 1 0 1
-0.79769 -13.97 12500 -0.580526 -0.212008 27.9932 162.624 -13 6899 1 0 1
26.4537 16.6574 12500 -0.867791 0.271453 27.9852 162.609 -13 6900 1 0 1
0.269578 -27.3909 12500 -0.59622 -0.412393 27.9906 162.63 -13 6901 1 0 1
24.9213 -12.0783 12500 -0.872626 -0.174642 27.9859 162.595 -13 6902 1 0 1
23.7141 -20.9002 12500 -0.848541 -0.323272 27.9853 162.607 -13 6903 1 0 1
32.4467 12.4469 12500 -0.948166 0.160263 27.9835 162.597 -13 6904 1 0 1
15.0833 36.1226 12500 -0.743912 0.566261 27.9844 162.641 -13 6905 1 0 1
1.6307 6.81527 12500 -0.620711 0.0999704 27.9929 162.611 -13 6906 1 0 1
-0.886786 14.0755 12500 -0.604268 0.223576 27.9926 162.613 -13 6907 1 0 1
-0.799707 12.5088 12500 -0.597677 0.177508 27.9931 162.615 -13 6908 1 0 1
-1.96228 -49.3036 12500 -0.548701 -0.78125 27.9837 162.675 -13 6909 1 0 1
-5.99553 19.2061 12500 -0.509816 0.245275 27.9943 162.634 -13 6910 1 0 1
9.01781 15.3771 12500 -0.690894 0.251899 27.9903 162.613 -13 6911 1 0 1
2.77532 -85.1314 12500 -0.516328 -1.2353 27.968 162.787 -13 6912 1 0 1
-16.6686 3.49291 12500 -0.42508 0.0464056 27.9967 162.629 -13 6913 1 0 1
22.3692 -10.844 12500 -0.83568 -0.176317 27.987 162.6 -13 6914 1 0 1
-6.33679 -6.68685 12500 -0.541594 -0.144331 27.9944 162.62 -13 6915 1 0 1
-17.8277 -73.9066 12500 -0.231049 -1.06262 27.9789 162.729 -13 6916 1 0 1
-31.7982 -15.6105 12500 -0.244759 -0.256445 27.9978 162.648 -13 6917 1 0 1
-25.7357 -8.79059 12500 -0.322091 -0.1229 27.9979 162.639 -13 6918 1 0 1
25.5407 54.4252 12500 -0.840767 0.804356 27.9758 162.69 -13 6919 1 0 1
35.5699 9.25886 12500 -0.980243 0.159301 27.9824 162.601 -13 6920 1 0 1
-2.72002 -11.8954 12500 -0.566884 -0.189734 27.9936 162.622 -13 6921 1 0 1
-6.52615 1.70328 12500 -0.522013 -0.000944994 27.9951 162.625 -13 6922 1 0 1
-24.9218 -35.3049 12500 -0.301362 -0.534422 27.9933 162.657 -13 6923 1 0 1
-24.1797 -55.3109 12500 -0.228932 -0.802526 27.9876 162.691 -13 6924 1 0 1
-25.55 -16.308 12500 -0.324379 -0.239656 27.9971 162.639 -13 6925 1 0 1
43.4026 48.4529 12500 -1.06487 0.679735 27.9715 162.674 -13 6926 1 0 1
-19.5276 -68.773 12500 -0.229488 -0.983613 27.9818 162.717 -13 6927 1 0 1
-5.56345 -10.2407 12500 -0.547461 -0.168059 27.9941 162.619 -13 6928 1 0 1
-1.59535 20.7214 12500 -0.576471 0.287685 27.9926 162.623 -13 6929 1 0 1
12.7513 26.8521 12500 -0.731285 0.427961 27.9872 162.623 -13 6930 1 0 1
17.1795 21.5011 12500 -0.766057 0.367631 27.9871 162.62 -13 6931 1 0 1
14.1512 -28.1012 12500 -0.747995 -0.444316 27.9865 162.623 -13 6932 1 0 1
34.8342 26.5317 12500 -0.973913 0.415548 27.98 162.622 -13 6933 1 0 1
13.6312 -42.0001 12500 -0.706089 -0.666348 27.9832 162.665 -13 6934 1 0 1
-11.1468 14.3313 12500 -0.504255 0.194211 27.9948 162.618 -13 6935 1 0 1
-2.27525 13.9979 12500 -0.587446 0.217227 27.993 162.615 -13 6936 1 0 1
-12.7582 -10.8878 12500 -0.455701 -0.171887 27.9958 162.632 -13 6937 1 0 1
38.0537 -2.46471 12500 -0.999071 -0.044009 27.9821 162.601 -13 6938 1 0 1
16.4653 2.4399 12500 -0.765022 0.0262228 27.9895 162.603 -13 6939 1 0 1
-18.8779 -6.37553 12500 -0.406623 -0.0959616 27.9969 162.629 -13 6940 1 0 1
2.22072 18.1977 12500 -0.61881 0.282229 27.9917 162.619 -13 6941 1 0 1
-16.0927 -24.395 12500 -0.406476 -0.389834 27.9943 162.646 -13 6942 1 0 1
6.7465 16.1361 12500 -0.653771 0.265024 27.9911 162.621 -13 6943 1 0 1
42.4676 12.0949 12500 -1.05587 0.17802 27.9795 162.605 -13 6944 1 0 1
-18.1639 -26.4005 12500 -0.398827 -0.419149 27.994 162.643 -13 6945 1 0 1
-10.884 -21.8067 12500 -0.49271 -0.327266 27.9938 162.626 -13 6946 1 0 1
9.18043 0.636514 12500 -0.698543 0.0407174 27.9913 162.604 -13 6947 1 0 1
26.333 42.1261 12500 -0.870568 0.62365 27.9795 162.646 -13 6948 1 0 1
4.70397 -2.66247 12500 -0.661137 -0.0493953 27.9921 162.604 -13 6949 1 0 1
-28.6638 -31.6679 12500 -0.255778 -0.510953 27.9942 162.661 -13 6950 1 0 1
-12.8292 13.9715 12500 -0.457147 0.235499 27.9953 162.633 -13 6951 1 0 1
19.9153 1.51657 12500 -0.793023 0.0440702 27.9887 162.605 -13 6952 1 0 1
1.51548 -72.3231 12500 -0.534847 -1.06327 27.9747 162.736 -13 6953 1 0 1
-11.8742 -61.5599 12500 -0.381037 -0.944393 27.9815 162.712 -13 6954 1 0 1
28.9337 41.4667 12500 -0.909142 0.657777 27.9775 162.659 -13 6955 1 0 1
17.0392 8.55947 12500 -0.784172 0.153863 27.9886 162.6 -13 6956 1 0 1
1.19215 9.11113 12500 -0.618076 0.163216 27.9927 162.613 -13 6957 1 0 1
-11.6881 11.2602 12500 -0.476563 0.151669 27.9955 162.627 -13 6958 1 0 1
-30.2623 13.8298 12500 -0.271732 0.185967 27.9981 162.643 -13 6959 1 0 1
-5.48654 -41.9243 12500 -0.501459 -0.649611 27.988 162.664 -13 6960 1 0 1
5.59788 -19.7898 12500 -0.672962 -0.301162 27.9903 162.608 -13 6961 1 0 1
18.7138 -11.1921 12500 -0.788452 -0.190252 27.9883 162.607 -13 6962 1 0 1
33.7834 16.7772 12500 -0.953759 0.239076 27.9827 162.604 -13 6963 1 0 1
5.31411 2.78662 12500 -0.657289 0.0379759 27.9923 162.608 -13 6964 1 0 1
-12.483 -14.2833 12500 -0.466724 -0.227556 27.9952 162.63 -13 6965 1 0 1
-25.1322 23.5918 12500 -0.31479 0.359166 27.9959 162.646 -13 6966 1 0 1
1.44378 15.8483 12500 -0.623004 0.23881 27.992 162.613 -13 6967 1 0 1
9.37071 -22.285 12500 -0.704888 -0.378018 27.9886 162.616 -13 6968 1 0 1
-13.0245 -29.4191 12500 -0.446201 -0.441111 27.993 162.643 -13 6969 1 0 1
3.51706 23.3176 12500 -0.632696 0.374174 27.9903 162.624 -13 6970 1 0 1
38.1458 1.0645 12500 -0.996635 0.0183373 27.9823 162.602 -13 6971 1 0 1
-4.01781 44.074 12500 -0.50511 0.681172 27.9872 162.67 -13 6972 1 0 1
15.7614 6.2875 12500 -0.76286 0.0900182 27.9895 162.601 -13 6973 1 0 1
-0.786511 -32.6244 12500 -0.57425 -0.464512 27.9903 162.635 -13 6974 1 0 1
31.9968 51.8841 12500 -0.945784 0.792418 27.9728 162.691 -13 6975 1 0 1
20.7556 10.5542 12500 -0.809582 0.157338 27.9879 162.603 -13 6976 1 0 1
3.77642 -37.8362 12500 -0.60334 -0.617933 27.9867 162.662 -13 6977 1 0 1
-18.2373 -29.9391 12500 -0.368758 -0.48076 27.9934 162.658 -13 6978 1 0 1
-3.2651 14.7581 12500 -0.574277 0.211469 27.9933 162.616 -13 6979 1 0 1
-22.6436 -5.8558 12500 -0.388983 -0.116987 27.9971 162.624 -13 6980 1 0 1
40.3725 18.1674 12500 -1.02231 0.28742 27.9799 162.615 -13 6981 1 0 1
8.82898 -37.8337 12500 -0.674701 -0.618519 27.985 162.653 -13 6982 1 0 1
13.6841 -29.7702 12500 -0.733422 -0.451408 27.9868 162.626 -13 6983 1 0 1
20.0733 31.5528 12500 -0.798373 0.483332 27.9844 162.628 -13 6984 1 0 1
16.0881 3.86778 12500 -0.763109 0.0751572 27.9895 162.603 -13 6985 1 0 1
1.89619 24.9641 12500 -0.622889 0.393998 27.9903 162.624 -13 6986 1 0 1
8.76141 53.3789 12500 -0.665848 0.823108 27.98 162.684 -13 6987 1 0 1
11.0762 16.886 12500 -0.719812 0.225797 27.9898 162.605 -13 6988 1 0 1
-13.216 22.9346 12500 -0.450901 0.362926 27.994 162.637 -13 6989 1 0 1
-18.5863 -1.43486 12500 -0.402862 -0.0113576 27.9971 162.631 -13 6990 1 0 1
-31.315 -43.598 12500 -0.191026 -0.634915 27.9921 162.669 -13 6991 1 0 1
22.8069 27.2299 12500 -0.826444 0.410636 27.9848 162.622 -13 6992 1 0 1
25.9883 40.7821 12500 -0.864995 0.622603 27.9797 162.649 -13 6993 1 0 1
2.65179 -21.259 12500 -0.621712 -0.363439 27.9907 162.625 -13 6994 1 0 1
-3.04765 -10.2507 12500 -0.582916 -0.180382 27.9934 162.614 -13 6995 1 0 1
14.0585 -17.3667 12500 -0.736904 -0.262123 27.9891 162.611 -13 6996 1 0 1
-7.00696 -21.2682 12500 -0.517822 -0.342553 27.9931 162.631 -13 6997 1 0 1
-14.3923 15.38 12500 -0.446905 0.26357 27.9952 162.632 -13 6998 1 0 1
20.6859 -13.5588 12500 -0.82001 -0.19872 27.9873 162.6 -13 6999 1 0 1
-15.3566 -4.74702 12500 -0.425608 -0.0903561 27.9966 162.634 -13 7000 1 0 1
-2.56443 17.9822 12500 -0.555315 0.281163 27.9931 162.629 -13 7001 1 0 1
12.3968 21.6994 12500 -0.734138 0.379011 27.9878 162.617 -13 7002 1 0 1
12.1495 6.64924 12500 -0.737635 0.121342 27.99 162.6 -13 7003 1 0 1
-21.3935 -55.9917 12500 -0.260555 -0.825987 27.9866 162.696 -13 7004 1 0 1
5.80722 -11.4844 12500 -0.663664 -0.142787 27.9918 162.609 -13 7005 1 0 1
-18.4482 -2.3412 12500 -0.397697 -0.038193 27.9971 162.634 -13 7006 1 0 1
0.0118289 -11.2207 12500 -0.607666 -0.15678 27.993 162.612 -13 7007 1 0 1
40.3835 76.5559 12500 -1.09088 1.06309 27.9585 162.791 -13 7008 1 0 1
8.67594 1.01103 12500 -0.685076 0.0171385 27.9916 162.608 -13 7009 1 0 1
9.74225 38.7919 12500 -0.667211 0.619527 27.9852 162.657 -13 7010 1 0 1
-14.6577 -72.7846 12500 -0.296776 -1.03961 27.9791 162.724 -13 7011 1 0 1
-30.0165 -30.2412 12500 -0.244885 -0.455242 27.9952 162.657 -13 7012 1 0 1
16.8588 -8.56706 12500 -0.786179 -0.136175 27.9886 162.597 -13 7013 1 0 1
-6.61184 1.87372 12500 -0.525075 0.0529235 27.995 162.623 -13 7014 1 0 1
-27.2913 -58.5292 12500 -0.167892 -0.854711 27.9864 162.698 -13 7015 1 0 1
36.5305 51.4658 12500 -0.996047 0.747339 27.9723 162.68 -13 7016 1 0 1
-2.1219 -6.35305 12500 -0.583191 -0.105156 27.9937 162.615 -13 7017 1 0 1
21.2517 18.5365 12500 -0.819975 0.307041 27.9863 162.609 -13 7018 1 0 1
-16.2455 -23.4165 12500 -0.410559 -0.408509 27.994 162.646 -13 7019 1 0 1
-2.00099 -32.9611 12500 -0.55398 -0.49129 27.9902 162.642 -13 7020 1 0 1
-13.4944 -0.388501 12500 -0.456956 -0.0198395 27.9963 162.627 -13 7021 1 0 1
26.8503 -18.4246 12500 -0.895959 -0.297306 27.9841 162.601 -13 7022 1 0 1
-4.00454 6.48957 12500 -0.558474 0.108039 27.9942 162.619 -13 7023 1 0 1
-21.4784 -42.4284 12500 -0.296251 -0.64678 27.991 162.677 -13 7024 1 0 1
8.5589 23.9706 12500 -0.675333 0.375596 27.9893 162.625 -13 7025 1 0 1
25.4026 53.2889 12500 -0.866552 0.814082 27.9747 162.688 -13 7026 1 0 1
36.9709 -17.888 12500 -0.994031 -0.257322 27.9812 162.606 -13 7027 1 0 1
15.7914 -7.36031 12500 -0.765665 -0.0696935 27.9894 162.601 -13 7028 1 0 1
19.9559 2.71993 12500 -0.79827 0.0214775 27.9886 162.602 -13 7029 1 0 1
10.7034 -9.12795 12500 -0.707628 -0.18126 27.9905 162.611 -13 7030 1 0 1
-14.2775 12.9272 12500 -0.447575 0.205784 27.9957 162.631 -13 7031 1 0 1
20.011 35.7461 12500 -0.794547 0.542129 27.9835 162.636 -13 7032 1 0 1
-3.92459 14.7552 12500 -0.547941 0.225159 27.9937 162.626 -13 7033 1 0 1
5.22626 5.2933 12500 -0.666084 0.0995765 27.9919 162.605 -13 7034 1 0 1
22.3776 29.009 12500 -0.835803 0.443099 27.984 162.62 -13 7035 1 0 1
39.561 57.8815 12500 -1.05436 0.832513 27.9678 162.705 -13 7036 1 0 1
-15.8044 -2.64434 12500 -0.446421 -0.0495872 27.9964 162.623 -13 7037 1 0 1
-15.5043 36.2509 12500 -0.39745 0.560726 27.9916 162.658 -13 7038 1 0 1
7.38843 -10.0015 12500 -0.692352 -0.146697 27.9911 162.602 -13 7039 1 0 1
15.2364 -5.36809 12500 -0.744587 -0.0885484 27.99 162.608 -13 7040 1 0 1
30.3639 28.9854 12500 -0.931289 0.448015 27.9809 162.621 -13 7041 1 0 1
-2.61663 -14.1191 12500 -0.575841 -0.257044 27.9929 162.622 -13 7042 1 0 1
66.5948 56.9309 12500 -1.38815 0.72736 27.9561 162.704 -13 7043 1 0 1
9.54449 -26.276 12500 -0.69819 -0.425656 27.9881 162.624 -13 7044 1 0 1
12.062 -0.706745 12500 -0.737818 0.000663336 27.9903 162.597 -13 7045 1 0 1
-8.31739 -26.0924 12500 -0.490416 -0.389015 27.993 162.641 -13 7046 1 0 1
9.14427 20.9516 12500 -0.678578 0.34445 27.9897 162.623 -13 7047 1 0 1
-7.33418 -26.6585 12500 -0.52581 -0.421387 27.9919 162.632 -13 7048 1 0 1
11.457 -29.2714 12500 -0.702392 -0.462258 27.9874 162.633 -13 7049 1 0 1
37.2676 46.6733 12500 -1.03003 0.699709 27.9723 162.667 -13 7050 1 0 1
45.0536 21.9029 12500 -1.08411 0.324834 27.9771 162.617 -13 7051 1 0 1
-24.7794 3.75763 12500 -0.343578 0.0313138 27.9979 162.634 -13 7052 1 0 1
-12.5299 3.50861 12500 -0.464834 0.0419512 27.9961 162.627 -13 7053 1 0 1
33.7591 29.2005 12500 -0.976254 0.464218 27.9791 162.625 -13 7054 1 0 1
28.8017 34.7287 12500 -0.920096 0.519048 27.9801 162.625 -13 7055 1 0 1
-4.46671 38.4 12500 -0.526286 0.585586 27.9889 162.652 -13 7056 1 0 1
0.641162 32.2015 12500 -0.600396 0.514965 27.9888 162.637 -13 7057 1 0 1
5.4343 24.9509 12500 -0.65909 0.36768 27.9898 162.619 -13 7058 1 0 1
0.304049 -27.6088 12500 -0.606654 -0.44205 27.9899 162.629 -13 7059 1 0 1
-15.3993 -19.2119 12500 -0.416516 -0.336398 27.9949 162.643 -13 7060 1 0 1
8.52343 -15.2574 12500 -0.682534 -0.252938 27.9905 162.615 -13 7061 1 0 1
-22.1085 -22.0975 12500 -0.353458 -0.333787 27.9958 162.641 -13 7062 1 0 1
3.64611 44.0025 12500 -0.616116 0.678398 27.985 162.658 -13 7063 1 0 1
5.59276 -0.149301 12500 -0.644565 -0.028241 27.9926 162.615 -13 7064 1 0 1
22.2288 80.9834 12500 -0.847127 1.17359 27.9626 162.797 -13 7065 1 0 1
-5.29286 26.6994 12500 -0.560837 0.421289 27.9912 162.627 -13 7066 1 0 1
-18.4587 3.31682 12500 -0.412936 0.0667608 27.9969 162.627 -13 7067 1 0 1
-8.63598 13.79 12500 -0.514555 0.221402 27.9944 162.624 -13 7068 1 0 1
22.3297 28.8625 12500 -0.814849 0.484552 27.9839 162.637 -13 7069 1 0 1
30.8683 1.93365 12500 -0.927611 0.0188858 27.9846 162.595 -13 7070 1 0 1
-17.198 -29.9587 12500 -0.393234 -0.457982 27.9935 162.65 -13 7071 1 0 1
-3.61316 -26.0483 12500 -0.560117 -0.428428 27.9911 162.633 -13 7072 1 0 1
10.255 32.5145 12500 -0.704466 0.51741 27.9864 162.632 -13 7073 1 0 1
40.64 15.487 12500 -1.05069 0.239255 27.9793 162.603 -13 7074 1 0 1
-21.6426 33.7239 12500 -0.341115 0.49801 27.9935 162.653 -13 7075 1 0 1
23.7263 55.817 12500 -0.840457 0.824939 27.9752 162.688 -13 7076 1 0 1
2.63559 61.7904 12500 -0.542402 0.914126 27.9798 162.711 -13 7077 1 0 1
-33.7046 -35.6567 12500 -0.177277 -0.481834 27.9953 162.661 -13 7078 1 0 1
1.35866 -2.77558 12500 -0.610433 -0.0649301 27.9933 162.615 -13 7079 1 0 1
15.7335 31.0475 12500 -0.755758 0.493124 27.9855 162.63 -13 7080 1 0 1
15.6993 -9.21471 12500 -0.769788 -0.16048 27.989 162.601 -13 7081 1 0 1
-5.50827 -15.0688 12500 -0.54819 -0.23684 27.9936 162.62 -13 7082 1 0 1
14.0564 18.849 12500 -0.751633 0.30131 27.9883 162.607 -13 7083 1 0 1
25.9429 13.255 12500 -0.888844 0.23003 27.9849 162.599 -13 7084 1 0 1
0.218992 5.62465 12500 -0.586265 0.0678014 27.9938 162.621 -13 7085 1 0 1
-7.74512 0.945954 12500 -0.508459 -0.00549429 27.9954 162.626 -13 7086 1 0 1
5.29448 -2.79817 12500 -0.657328 -0.0535693 27.9922 162.608 -13 7087 1 0 1
-3.51808 16.254 12500 -0.558738 0.267672 27.9931 162.624 -13 7088 1 0 1
30.2029 52.7166 12500 -0.906955 0.78135 27.9744 162.686 -13 7089 1 0 1
15.2695 40.8218 12500 -0.737678 0.620506 27.9834 162.648 -13 7090 1 0 1
13.5796 -27.7791 12500 -0.738223 -0.405196 27.9873 162.619 -13 7091 1 0 1
-7.86951 -10.2583 12500 -0.524285 -0.163549 27.9946 162.621 -13 7092 1 0 1
1.80428 31.3559 12500 -0.593438 0.484692 27.9895 162.64 -13 7093 1 0 1
20.3145 22.7665 12500 -0.807114 0.393082 27.9856 162.619 -13 7094 1 0 1
19.9929 12.3674 12500 -0.812468 0.202424 27.9875 162.602 -13 7095 1 0 1
39.1559 34.2231 12500 -1.03893 0.518029 27.9759 162.635 -13 7096 1 0 1
23.177 -1.0644 12500 -0.851561 -0.0367851 27.987 162.592 -13 7097 1 0 1
29.4306 62.0325 12500 -0.911749 0.923522 27.9699 162.727 -13 7098 1 0 1
5.53743 33.3541 12500 -0.636762 0.560323 27.9872 162.648 -13 7099 1 0 1
9.40016 -12.0671 12500 -0.706385 -0.202864 27.9904 162.606 -13 7100 1 0 1
2.60995 33.8265 12500 -0.610679 0.5261 27.9884 162.64 -13 7101 1 0 1
6.58556 10.9479 12500 -0.669996 0.202005 27.9913 162.612 -13 7102 1 0 1
-12.0782 -18.9875 12500 -0.460784 -0.287225 27.9947 162.634 -13 7103 1 0 1
10.2604 -0.382392 12500 -0.708926 -0.0219062 27.991 162.603 -13 7104 1 0 1
-12.9226 10.8965 12500 -0.466541 0.173397 27.9956 162.627 -13 7105 1 0 1
28.3647 58.2844 12500 -0.900451 0.832269 27.9731 162.69 -13 7106 1 0 1
-0.891074 -11.1521 12500 -0.586084 -0.159329 27.9934 162.619 -13 7107 1 0 1
-8.07943 5.07275 12500 -0.540769 0.0882889 27.9946 162.612 -13 7108 1 0 1
19.7309 85.5028 12500 -0.767873 1.21691 27.963 162.809 -13 7109 1 0 1
13.5023 -9.78904 12500 -0.741738 -0.150523 27.9898 162.604 -13 7110 1 0 1
1.99651 -14.9448 12500 -0.617982 -0.235653 27.9922 162.618 -13 7111 1 0 1
8.53139 18.105 12500 -0.679106 0.31658 27.99 162.62 -13 7112 1 0 1
39.7906 5.24908 12500 -1.04362 0.0994943 27.9804 162.594 -13 7113 1 0 1
9.2818 85.7584 12500 -0.59704 1.21451 27.9673 162.788 -13 7114 1 0 1
27.7704 41.7456 12500 -0.885558 0.627622 27.979 162.649 -13 7115 1 0 1
8.15526 19.8462 12500 -0.687548 0.34836 27.9894 162.618 -13 7116 1 0 1
16.8864 9.40064 12500 -0.790283 0.14906 27.9884 162.596 -13 7117 1 0 1
7.85373 -14.1703 12500 -0.676998 -0.236769 27.9908 162.615 -13 7118 1 0 1
1.16848 72.136 12500 -0.52021 1.06837 27.9748 162.741 -13 7119 1 0 1
55.5273 68.498 12500 -1.27628 0.896646 27.9565 162.746 -13 7120 1 0 1
11.0941 -24.3874 12500 -0.713051 -0.37132 27.9885 162.618 -13 7121 1 0 1
9.30336 -53.7301 12500 -0.658472 -0.8572 27.9791 162.699 -13 7122 1 0 1
35.7361 -11.1645 12500 -0.964475 -0.172348 27.9829 162.609 -13 7123 1 0 1
-0.446144 -25.3489 12500 -0.592317 -0.392179 27.991 162.628 -13 7124 1 0 1
27.9002 -5.16564 12500 -0.902621 -0.0960338 27.9853 162.594 -13 7125 1 0 1
39.2859 -7.27546 12500 -1.04301 -0.136257 27.9802 162.593 -13 7126 1 0 1
-29.0452 -14.1935 12500 -0.289556 -0.1842 27.9979 162.64 -13 7127 1 0 1
3.79374 7.99221 12500 -0.635393 0.110322 27.9926 162.613 -13 7128 1 0 1
8.79508 20.1791 12500 -0.67182 0.347456 27.9898 162.626 -13 7129 1 0 1
-0.953365 10.5539 12500 -0.589427 0.134773 27.9935 162.616 -13 7130 1 0 1
-12.814 -1.6943 12500 -0.482585 -0.0388627 27.9958 162.619 -13 7131 1 0 1
-8.49804 -62.9907 12500 -0.409441 -0.942786 27.9811 162.714 -13 7132 1 0 1
26.6411 18.2192 12500 -0.874247 0.293485 27.9848 162.609 -13 7133 1 0 1
18.0879 -41.7337 12500 -0.778695 -0.642015 27.9818 162.648 -13 7134 1 0 1
-18.9148 -7.35926 12500 -0.389987 -0.112165 27.9971 162.636 -13 7135 1 0 1
-4.69393 -1.89876 12500 -0.557908 -0.0314964 27.9944 162.615 -13 7136 1 0 1
38.1492 18.1704 12500 -1.00501 0.276758 27.9806 162.609 -13 7137 1 0 1
5.1036 -17.9829 12500 -0.650344 -0.290348 27.9909 162.617 -13 7138 1 0 1
-2.82211 11.8447 12500 -0.578127 0.183132 27.9934 162.616 -13 7139 1 0 1
23.5476 -4.79864 12500 -0.845853 -0.0596723 27.9872 162.597 -13 7140 1 0 1
3.54149 -16.4126 12500 -0.636556 -0.255005 27.9916 162.615 -13 7141 1 0 1
4.58043 -24.9961 12500 -0.636232 -0.412387 27.9897 162.631 -13 7142 1 0 1
5.67504 21.6962 12500 -0.649739 0.367429 27.99 162.624 -13 7143 1 0 1
-12.1901 9.82267 12500 -0.469552 0.139784 27.9957 162.627 -13 7144 1 0 1
-13.509 -23.1648 12500 -0.443372 -0.37751 27.9939 162.64 -13 7145 1 0 1
21.2976 80.7002 12500 -0.808477 1.14201 27.965 162.78 -13 7146 1 0 1
34.9392 -5.50632 12500 -0.979341 -0.101517 27.9827 162.596 -13 7147 1 0 1
0.280066 24.5947 12500 -0.591505 0.392859 27.991 162.631 -13 7148 1 0 1
6.92183 6.19537 12500 -0.668814 0.0996849 27.9918 162.61 -13 7149 1 0 1
7.91921 -48.2365 12500 -0.629957 -0.720414 27.9836 162.674 -13 7150 1 0 1
-4.59409 14.7133 12500 -0.547977 0.231199 27.9937 162.624 -13 7151 1 0 1
5.56991 9.46924 12500 -0.652897 0.152442 27.992 162.613 -13 7152 1 0 1
30.9479 -6.00234 12500 -0.93978 -0.126037 27.9839 162.594 -13 7153 1 0 1
29.246 -6.16285 12500 -0.910297 -0.102351 27.985 162.596 -13 7154 1 0 1
10.0713 1.11923 12500 -0.691926 -0.00671984 27.9914 162.611 -13 7155 1 0 1
25.9604 32.717 12500 -0.879807 0.503227 27.9816 162.626 -13 7156 1 0 1
26.323 26.9593 12500 -0.884134 0.420392 27.9829 162.617 -13 7157 1 0 1
54.1717 42.6618 12500 -1.22597 0.607716 27.9665 162.663 -13 7158 1 0 1
-2.92188 -50.1182 12500 -0.52276 -0.779854 27.9843 162.68 -13 7159 1 0 1
-12.3103 9.77613 12500 -0.472346 0.162289 27.9955 162.626 -13 7160 1 0 1
2.29128 0.556816 12500 -0.621799 -0.0231085 27.9931 162.613 -13 7161 1 0 1
-24.1519 -36.8194 12500 -0.324658 -0.547076 27.9928 162.652 -13 7162 1 0 1
-7.12842 -41.7405 12500 -0.482127 -0.647891 27.9884 162.665 -13 7163 1 0 1
-1.64594 -8.55967 12500 -0.606632 -0.168811 27.9929 162.609 -13 7164 1 0 1
-31.0924 -8.0454 12500 -0.276274 -0.131033 27.9983 162.638 -13 7165 1 0 1
21.9333 10.9034 12500 -0.829047 0.152236 27.9873 162.599 -13 7166 1 0 1
13.4191 17.3096 12500 -0.733696 0.267636 27.9891 162.61 -13 7167 1 0 1
-33.3279 -29.2089 12500 -0.210855 -0.470561 27.9953 162.655 -13 7168 1 0 1
16.6762 23.8034 12500 -0.77365 0.350185 27.9871 162.612 -13 7169 1 0 1
-22.7386 -7.01069 12500 -0.359066 -0.135274 27.9974 162.636 -13 7170 1 0 1
25.7703 21.8034 12500 -0.850643 0.333717 27.9851 162.616 -13 7171 1 0 1
20.5154 2.31863 12500 -0.831891 0.0100189 27.9876 162.59 -13 7172 1 0 1
12.203 -19.7235 12500 -0.734353 -0.319363 27.9885 162.608 -13 7173 1 0 1
39.2909 6.97162 12500 -1.0304 0.0972005 27.9809 162.595 -13 7174 1 0 1
-8.17874 -15.3517 12500 -0.520556 -0.244565 27.9941 162.622 -13 7175 1 0 1
26.776 -55.0379 12500 -0.876112 -0.816887 27.9744 162.69 -13 7176 1 0 1
3.65194 23.802 12500 -0.630643 0.38762 27.9902 162.627 -13 7177 1 0 1
23.6014 27.5342 12500 -0.836919 0.416441 27.9844 162.622 -13 7178 1 0 1
32.1373 -23.8333 12500 -0.934575 -0.342823 27.9823 162.614 -13 7179 1 0 1
14.9088 4.33177 12500 -0.769095 0.0729962 27.9893 162.595 -13 7180 1 0 1
-8.14593 -110.65 12500 -0.149329 -1.49625 27.9596 162.843 -13 7181 1 0 1
25.2045 2.69061 12500 -0.861428 0.00729051 27.9867 162.597 -13 7182 1 0 1
18.6814 2.64711 12500 -0.804152 0.0460448 27.9884 162.594 -13 7183 1 0 1
-0.728989 13.8076 12500 -0.597607 0.23555 27.9926 162.618 -13 7184 1 0 1
7.46375 -21.7318 12500 -0.67929 -0.37829 27.9892 162.62 -13 7185 1 0 1
-2.35915 -16.8712 12500 -0.567119 -0.287452 27.9928 162.626 -13 7186 1 0 1
-13.9472 7.44756 12500 -0.44364 0.129546 27.9962 162.632 -13 7187 1 0 1
2.48275 -19.1748 12500 -0.619274 -0.331687 27.9912 162.624 -13 7188 1 0 1
19.85 1.73795 12500 -0.815939 0.0166263 27.9881 162.593 -13 7189 1 0 1
-2.026 -21.9696 12500 -0.561219 -0.332709 27.9924 162.631 -13 7190 1 0 1
0.0400736 -41.141 12500 -0.566469 -0.648657 27.9868 162.662 -13 7191 1 0 1
4.51909 -30.8457 12500 -0.637072 -0.480643 27.9886 162.633 -13 7192 1 0 1
1.26294 -24.7366 12500 -0.601289 -0.382562 27.9909 162.63 -13 7193 1 0 1
32.4997 40.1697 12500 -0.967404 0.621642 27.9764 162.648 -13 7194 1 0 1
-15.3243 -15.6912 12500 -0.427934 -0.269991 27.9954 162.637 -13 7195 1 0 1
22.8447 25.7439 12500 -0.83487 0.426473 27.9843 162.623 -13 7196 1 0 1
6.66535 -3.26982 12500 -0.663713 -0.0711213 27.992 162.611 -13 7197 1 0 1
-5.14875 -52.5609 12500 -0.466927 -0.817281 27.9842 162.697 -13 7198 1 0 1
3.17617 -9.38844 12500 -0.634288 -0.133004 27.9925 162.612 -13 7199 1 0 1
-8.77128 -55.3123 12500 -0.447695 -0.852269 27.9834 162.692 -13 7200 1 0 1
-10.5548 9.09995 12500 -0.471984 0.148582 27.9956 162.632 -13 7201 1 0 1
-1.30332 26.1676 12500 -0.574059 0.426506 27.9909 162.636 -13 7202 1 0 1
14.5059 -2.91811 12500 -0.734547 -0.0138111 27.9904 162.609 -13 7203 1 0 1
-11.3047 133.206 12500 -4.44858 2.29243 27.5491 163.126 -13 7204 1 0 1
22.5607 22.0853 12500 -0.830909 0.3514 27.9855 162.613 -13 7205 1 0 1
-31.2443 141.132 12500 -6.5747 2.33684 27.1166 163.241 -13 7206 1 0 1
22.5958 -5.62534 12500 -0.85846 -0.0880575 27.9867 162.588 -13 7207 1 0 1
-16.1607 -12.2831 12500 -0.420883 -0.191521 27.9962 162.635 -13 7208 1 0 1
-19.6487 19.8839 12500 -0.399385 0.277953 27.9958 162.631 -13 7209 1 0 1
31.1264 -19.3601 12500 -0.928834 -0.28559 27.9831 162.605 -13 7210 1 0 1
-37.2458 15.7905 12500 -0.197168 0.24309 27.9983 162.642 -13 7211 1 0 1
6.6629 4.44061 12500 -0.688523 0.0536041 27.9915 162.599 -13 7212 1 0 1
35.4121 9.99267 12500 -0.98545 0.155838 27.9822 162.597 -13 7213 1 0 1
6.5475 67.0423 12500 -0.601005 0.998041 27.9758 162.724 -13 7214 1 0 1
-18.283 -52.8006 12500 -0.340217 -0.780244 27.9871 162.678 -13 7215 1 0 1
-0.615753 5.12012 12500 -0.609047 0.115212 27.9931 162.61 -13 7216 1 0 1
39.4374 53.3689 12500 -1.03975 0.798928 27.9693 162.703 -13 7217 1 0 1
9.61922 25.0183 12500 -0.684162 0.434177 27.9883 162.633 -13 7218 1 0 1
-1.28015 10.3917 12500 -0.595968 0.147541 27.9933 162.613 -13 7219 1 0 1
0.280281 -22.9474 12500 -0.584314 -0.376451 27.9914 162.633 -13 7220 1 0 1
18.1127 9.14818 12500 -0.794552 0.142067 27.9884 162.598 -13 7221 1 0 1
19.4239 -1.75409 12500 -0.794032 -0.0366274 27.9887 162.602 -13 7222 1 0 1
-7.07638 -35.0962 12500 -0.508824 -0.533088 27.9903 162.645 -13 7223 1 0 1
-25.9143 -75.4096 12500 -0.106349 -1.01998 27.9812 162.716 -13 7224 1 0 1
-31.8285 -4.70586 12500 -0.258943 -0.112463 27.9986 162.641 -13 7225 1 0 1
10.7392 -1.74377 12500 -0.72 -0.0346581 27.9907 162.6 -13 7226 1 0 1
29.4689 63.2049 12500 -0.933894 0.932487 27.9689 162.724 -13 7227 1 0 1
-5.62134 4.24513 12500 -0.555901 0.0285154 27.9945 162.614 -13 7228 1 0 1
-2.01278 -4.20489 12500 -0.570542 -0.0994539 27.994 162.621 -13 7229 1 0 1
7.91267 -72.3857 12500 -0.600453 -1.07295 27.973 162.751 -13 7230 1 0 1
5.64035 16.2162 12500 -0.649614 0.307233 27.9908 162.623 -13 7231 1 0 1
1.41316 -19.1665 12500 -0.619679 -0.316299 27.9914 162.618 -13 7232 1 0 1
13.4149 15.6914 12500 -0.748801 0.243014 27.9889 162.603 -13 7233 1 0 1
18.5578 -15.5106 12500 -0.795266 -0.250248 27.9876 162.604 -13 7234 1 0 1
-0.257621 5.24789 12500 -0.60302 0.0865118 27.9934 162.612 -13 7235 1 0 1
13.2341 42.5871 12500 -0.710525 0.661353 27.9832 162.657 -13 7236 1 0 1
-3.12055 -6.68478 12500 -0.580401 -0.132663 27.9937 162.613 -13 7237 1 0 1
12.984 45.3176 12500 -0.717461 0.681245 27.9825 162.655 -13 7238 1 0 1
18.972 -4.20939 12500 -0.812289 -0.0392969 27.9882 162.592 -13 7239 1 0 1
-0.536603 -21.5412 12500 -0.590842 -0.338429 27.9917 162.623 -13 7240 1 0 1
1.78579 32.9059 12500 -0.608746 0.479611 27.9893 162.632 -13 7241 1 0 1
23.043 78.1907 12500 -0.819691 1.13125 27.9651 162.785 -13 7242 1 0 1
-42.362 -17.7074 12500 -0.106648 -0.237825 27.9988 162.648 -13 7243 1 0 1
12.6245 1.15676 12500 -0.743422 0.0474759 27.9901 162.597 -13 7244 1 0 1
-5.13195 -23.7814 12500 -0.53726 -0.361707 27.9925 162.632 -13 7245 1 0 1
33.7676 71.5283 12500 -0.995744 1.01587 27.9638 162.755 -13 7246 1 0 1
-2.38944 -29.7678 12500 -0.559529 -0.43815 27.991 162.636 -13 7247 1 0 1
14.4563 80.0557 12500 -0.696857 1.17254 27.9668 162.786 -13 7248 1 0 1
10.2678 31.1332 12500 -0.690903 0.486349 27.9872 162.633 -13 7249 1 0 1
9.89584 19.2025 12500 -0.70308 0.311458 27.9894 162.613 -13 7250 1 0 1
-24.7261 -30.5278 12500 -0.310193 -0.443508 27.9948 162.653 -13 7251 1 0 1
11.2769 43.8479 12500 -0.707668 0.689206 27.9826 162.657 -13 7252 1 0 1
29.5586 30.2171 12500 -0.895093 0.518019 27.9809 162.647 -13 7253 1 0 1
20.4317 0.919629 12500 -0.809489 0.0567551 27.9882 162.6 -13 7254 1 0 1
8.78667 2.93572 12500 -0.697993 0.0218285 27.9913 162.603 -13 7255 1 0 1
45.9388 62.2747 12500 -1.17384 0.88401 27.9614 162.729 -13 7256 1 0 1
27.2375 78.0245 12500 -0.882536 1.10413 27.9643 162.778 -13 7257 1 0 1
14.4759 0.686989 12500 -0.742062 0.0132326 27.9902 162.605 -13 7258 1 0 1
-18.6691 -14.469 12500 -0.401013 -0.229883 27.9962 162.634 -13 7259 1 0 1
48.9869 72.0053 12500 -1.18068 0.954096 27.9588 162.757 -13 7260 1 0 1
-8.02786 5.72935 12500 -0.518345 0.0779257 27.9951 162.621 -13 7261 1 0 1
37.6027 55.7818 12500 -1.01145 0.783102 27.9708 162.687 -13 7262 1 0 1
2.94815 12.3916 12500 -0.626031 0.220499 27.9921 162.619 -13 7263 1 0 1
24.314 10.777 12500 -0.848638 0.17024 27.9866 162.603 -13 7264 1 0 1
16.1215 10.0234 12500 -0.77818 0.174053 27.9886 162.6 -13 7265 1 0 1
30.2207 12.0169 12500 -0.918115 0.183303 27.9843 162.601 -13 7266 1 0 1
26.6902 -4.88883 12500 -0.867198 -0.0751904 27.9865 162.602 -13 7267 1 0 1
15.8816 -20.1263 12500 -0.767381 -0.330769 27.9875 162.61 -13 7268 1 0 1
-21.0025 12.0494 12500 -0.390852 0.195813 27.9966 162.63 -13 7269 1 0 1
2.95854 -32.9409 12500 -0.613596 -0.512113 27.9886 162.639 -13 7270 1 0 1
12.2997 -17.8507 12500 -0.725528 -0.309416 27.9889 162.614 -13 7271 1 0 1
31.9519 -29.1811 12500 -0.957432 -0.460685 27.9798 162.621 -13 7272 1 0 1
31.2144 69.2072 12500 -0.949669 0.994414 27.9662 162.745 -13 7273 1 0 1
5.58006 -16.3779 12500 -0.655179 -0.238313 27.9913 162.613 -13 7274 1 0 1
-27.7461 8.41596 12500 -0.312708 0.138228 27.9979 162.636 -13 7275 1 0 1
-4.15189 21.956 12500 -0.552203 0.277703 27.9932 162.625 -13 7276 1 0 1
8.42558 15.2397 12500 -0.678618 0.236557 27.9908 162.615 -13 7277 1 0 1
0.0187281 -15.771 12500 -0.594508 -0.243723 27.9926 162.62 -13 7278 1 0 1
1.14405 -40.1717 12500 -0.579581 -0.621001 27.9871 162.657 -13 7279 1 0 1
19.0026 -15.1094 12500 -0.802413 -0.286738 27.987 162.609 -13 7280 1 0 1
27.2442 30.7455 12500 -0.879619 0.456379 27.9825 162.625 -13 7281 1 0 1
21.3388 23.1789 12500 -0.814332 0.372733 27.9857 162.617 -13 7282 1 0 1
21.1502 58.6203 12500 -0.818103 0.860232 27.9748 162.691 -13 7283 1 0 1
-2.72882 -26.3006 12500 -0.563806 -0.416483 27.9912 162.634 -13 7284 1 0 1
5.95103 4.27871 12500 -0.659897 0.0464414 27.9922 162.609 -13 7285 1 0 1
11.4087 5.32686 12500 -0.714474 0.0843959 27.9908 162.606 -13 7286 1 0 1
21.5584 -7.86548 12500 -0.822159 -0.105976 27.9877 162.599 -13 7287 1 0 1
-7.12785 -9.10231 12500 -0.538531 -0.162029 27.9944 162.618 -13 7288 1 0 1
4.22216 8.27343 12500 -0.65058 0.125902 27.9922 162.608 -13 7289 1 0 1
0.210777 -16.2383 12500 -0.594498 -0.250213 27.9926 162.621 -13 7290 1 0 1
-12.6857 -10.8123 12500 -0.462906 -0.16909 27.9957 162.629 -13 7291 1 0 1
15.7138 9.62948 12500 -0.764073 0.168211 27.9891 162.604 -13 7292 1 0 1
-28.4491 -19.4805 12500 -0.287227 -0.304044 27.9969 162.643 -13 7293 1 0 1
10.1828 -21.9869 12500 -0.703324 -0.402266 27.9883 162.625 -13 7294 1 0 1
-16.4854 -29.9215 12500 -0.406207 -0.450257 27.9934 162.647 -13 7295 1 0 1
19.4175 0.342207 12500 -0.798432 -0.00456218 27.9886 162.6 -13 7296 1 0 1
18.016 22.3523 12500 -0.799991 0.354015 27.9863 162.607 -13 7297 1 0 1
-4.783 16.388 12500 -0.538769 0.240043 27.9938 162.626 -13 7298 1 0 1
-17.6584 -9.3651 12500 -0.411203 -0.180642 27.9964 162.634 -13 7299 1 0 1
12.427 -16.5675 12500 -0.725034 -0.278884 27.9892 162.612 -13 7300 1 0 1
7.4283 20.6423 12500 -0.668843 0.342353 27.9899 162.621 -13 7301 1 0 1
38.5798 63.0453 12500 -1.04652 0.911772 27.9656 162.733 -13 7302 1 0 1
-9.63566 -5.93434 12500 -0.518038 -0.0788514 27.9951 162.615 -13 7303 1 0 1
25.3263 -18.2673 12500 -0.853331 -0.264815 27.9857 162.608 -13 7304 1 0 1
0.78261 56.7301 12500 -0.559859 0.877149 27.9807 162.699 -13 7305 1 0 1
2.21667 -16.3621 12500 -0.616714 -0.285346 27.9918 162.622 -13 7306 1 0 1
29.9469 9.62633 12500 -0.930692 0.159175 27.9841 162.594 -13 7307 1 0 1
24.8793 -16.5972 12500 -0.852339 -0.252336 27.9859 162.607 -13 7308 1 0 1
-15.537 8.72438 12500 -0.438495 0.110736 27.9963 162.628 -13 7309 1 0 1
-6.24815 -0.503579 12500 -0.55524 -0.0282615 27.9945 162.611 -13 7310 1 0 1
-14.4109 -1.10389 12500 -0.453494 -0.0251689 27.9963 162.625 -13 7311 1 0 1
17.0598 50.1606 12500 -0.757647 0.759641 27.9794 162.671 -13 7312 1 0 1
-16.5197 13.6563 12500 -0.432232 0.228509 27.9957 162.63 -13 7313 1 0 1
11.3331 -41.1154 12500 -0.700937 -0.645506 27.9838 162.652 -13 7314 1 0 1
24.9822 61.247 12500 -0.857899 0.9132 27.972 162.715 -13 7315 1 0 1
-18.0478 -31.1626 12500 -0.383736 -0.4744 27.9934 162.65 -13 7316 1 0 1
-11.7968 -28.3946 12500 -0.444182 -0.458068 27.9927 162.652 -13 7317 1 0 1
30.1434 -0.505723 12500 -0.90162 -0.00984597 27.9855 162.603 -13 7318 1 0 1
55.1688 67.9605 12500 -1.26359 0.90324 27.9569 162.754 -13 7319 1 0 1
-24.0299 23.4164 12500 -0.333658 0.369884 27.9956 162.644 -13 7320 1 0 1
-23.1304 -55.2675 12500 -0.260484 -0.805369 27.9872 162.686 -13 7321 1 0 1
26.61 49.2656 12500 -0.871794 0.707527 27.9775 162.661 -13 7322 1 0 1
2.04499 2.15846 12500 -0.616156 0.0251671 27.9932 162.614 -13 7323 1 0 1
19.5451 72.2493 12500 -0.768227 1.05231 27.9697 162.748 -13 7324 1 0 1
-5.71905 4.20901 12500 -0.558344 0.0803763 27.9943 162.612 -13 7325 1 0 1
6.69613 6.1693 12500 -0.681883 0.106598 27.9915 162.603 -13 7326 1 0 1
19.831 8.30708 12500 -0.803728 0.16175 27.988 162.604 -13 7327 1 0 1
2.8525 -11.1733 12500 -0.609294 -0.153859 27.9929 162.623 -13 7328 1 0 1
-7.73044 -74.6325 12500 -0.377549 -1.10358 27.9757 162.747 -13 7329 1 0 1
18.1981 7.63918 12500 -0.783195 0.138144 27.9887 162.604 -13 7330 1 0 1
27.2955 3.51899 12500 -0.874977 0.0695535 27.9862 162.602 -13 7331 1 0 1
13.7683 43.1715 12500 -0.705574 0.676187 27.9829 162.664 -13 7332 1 0 1
-9.49648 5.21425 12500 -0.498681 0.0724844 27.9955 162.624 -13 7333 1 0 1
21.3934 -6.20169 12500 -0.812727 -0.097494 27.988 162.603 -13 7334 1 0 1
20.3462 62.2686 12500 -0.796387 0.902 27.9741 162.701 -13 7335 1 0 1
-7.93284 -53.9817 12500 -0.473511 -0.807054 27.9844 162.678 -13 7336 1 0 1
5.34192 25.9355 12500 -0.643514 0.430084 27.9893 162.632 -13 7337 1 0 1
-10.0582 -9.70051 12500 -0.490837 -0.174797 27.9952 162.628 -13 7338 1 0 1
0.138928 10.6057 12500 -0.590122 0.162516 27.9933 162.621 -13 7339 1 0 1
-6.3658 -41.8255 12500 -0.498946 -0.663074 27.9877 162.665 -13 7340 1 0 1
16.2756 3.3258 12500 -0.769043 0.0888824 27.9893 162.602 -13 7341 1 0 1
-10.8479 30.1151 12500 -0.469456 0.460843 27.9923 162.643 -13 7342 1 0 1
7.35609 22.8437 12500 -0.66549 0.343201 27.99 162.622 -13 7343 1 0 1
42.1192 8.53335 12500 -1.06803 0.145855 27.9792 162.598 -13 7344 1 0 1
22.2141 -4.89782 12500 -0.837849 -0.0712363 27.9874 162.595 -13 7345 1 0 1
43.0962 18.2151 12500 -1.07736 0.2984 27.9777 162.61 -13 7346 1 0 1
-11.3644 -25.8905 12500 -0.462481 -0.394932 27.9934 162.642 -13 7347 1 0 1
34.8826 -4.93722 12500 -0.986393 -0.0721534 27.9825 162.591 -13 7348 1 0 1
-5.62337 -2.16894 12500 -0.549794 -0.0415754 27.9946 162.616 -13 7349 1 0 1
9.98765 5.47292 12500 -0.716663 0.136871 27.9905 162.603 -13 7350 1 0 1
-11.7687 -33.662 12500 -0.455686 -0.549382 27.9909 162.652 -13 7351 1 0 1
-0.342825 -18.8491 12500 -0.590176 -0.31624 27.992 162.625 -13 7352 1 0 1
-7.12146 -37.8882 12500 -0.495686 -0.57646 27.9897 162.654 -13 7353 1 0 1
-9.69574 -6.00556 12500 -0.491791 -0.11503 27.9954 162.627 -13 7354 1 0 1
19.8151 -15.904 12500 -0.796029 -0.278941 27.9873 162.613 -13 7355 1 0 1
13.0548 46.2831 12500 -0.727593 0.703869 27.9817 162.656 -13 7356 1 0 1
6.7105 33.6729 12500 -0.663463 0.547446 27.9868 162.639 -13 7357 1 0 1
53.0635 45.0285 12500 -1.20023 0.636915 27.967 162.673 -13 7358 1 0 1
7.40041 -5.38929 12500 -0.670105 -0.0848991 27.9919 162.611 -13 7359 1 0 1
12.5341 -3.834 12500 -0.741724 -0.041656 27.9901 162.597 -13 7360 1 0 1
20.0089 -48.8847 12500 -0.789231 -0.734328 27.9792 162.667 -13 7361 1 0 1
-21.8027 7.71432 12500 -0.366082 0.123538 27.9973 162.636 -13 7362 1 0 1
7.7919 2.14745 12500 -0.705094 0.00448385 27.9911 162.596 -13 7363 1 0 1
13.0172 15.0687 12500 -0.739597 0.268056 27.9889 162.609 -13 7364 1 0 1
0.815209 5.97753 12500 -0.604306 0.111713 27.9933 162.616 -13 7365 1 0 1
12.5346 -6.45103 12500 -0.718209 -0.07849 27.9907 162.609 -13 7366 1 0 1
7.55226 25.4633 12500 -0.668548 0.379738 27.9894 162.624 -13 7367 1 0 1
39.3242 21.9696 12500 -1.0363 0.368086 27.9784 162.617 -13 7368 1 0 1
22.7479 89.3177 12500 -0.856843 1.25782 27.9586 162.831 -13 7369 1 0 1
-1.55165 -15.1441 12500 -0.573535 -0.223349 27.9932 162.623 -13 7370 1 0 1
-2.63177 1.95214 12500 -0.58442 0.0125274 27.9939 162.611 -13 7371 1 0 1
-8.54836 -15.2901 12500 -0.51535 -0.227829 27.9943 162.622 -13 7372 1 0 1
-10.1935 -18.1744 12500 -0.504722 -0.265604 27.9942 162.621 -13 7373 1 0 1
-14.6013 27.6219 12500 -0.422194 0.430052 27.9935 162.647 -13 7374 1 0 1
8.68038 1.76366 12500 -0.678307 0.0274441 27.9918 162.612 -13 7375 1 0 1
22.4046 106.962 12500 -0.854774 1.43849 27.95 162.927 -13 7376 1 0 1
11.4054 33.4437 12500 -0.707928 0.537072 27.9859 162.637 -13 7377 1 0 1
7.59047 28.4329 12500 -0.673831 0.441 27.9884 162.627 -13 7378 1 0 1
20.5193 13.6297 12500 -0.82196 0.226796 27.987 162.601 -13 7379 1 0 1
1.4653 31.7164 12500 -0.584554 0.482478 27.9897 162.642 -13 7380 1 0 1
26.008 8.23337 12500 -0.878567 0.135461 27.9859 162.596 -13 7381 1 0 1
40.1073 48.796 12500 -1.05725 0.734108 27.9704 162.684 -13 7382 1 0 1
-12.8892 -20.7698 12500 -0.469865 -0.343657 27.9939 162.63 -13 7383 1 0 1
15.2375 6.16599 12500 -0.752701 0.126942 27.9896 162.606 -13 7384 1 0 1
16.2941 -31.439 12500 -0.779337 -0.506377 27.9846 162.625 -13 7385 1 0 1
28.9302 32.1152 12500 -0.914309 0.547266 27.9797 162.642 -13 7386 1 0 1
18.2141 72.4799 12500 -0.761711 1.08131 27.9687 162.758 -13 7387 1 0 1
38.9731 17.0205 12500 -1.0237 0.291377 27.9798 162.611 -13 7388 1 0 1
-48.2637 -63.2094 12500 0.180806 -0.778161 27.9886 162.675 -13 7389 1 0 1
-13.3901 -13.2833 12500 -0.455281 -0.218343 27.9954 162.632 -13 7390 1 0 1
-10.2834 4.94004 12500 -0.498892 0.108772 27.9953 162.622 -13 7391 1 0 1
18.4528 -11.5536 12500 -0.799227 -0.185414 27.988 162.6 -13 7392 1 0 1
-0.512988 31.0163 12500 -0.563457 0.467566 27.9904 162.642 -13 7393 1 0 1
-10.6641 10.5789 12500 -0.4838 0.155023 27.9954 162.627 -13 7394 1 0 1
31.7357 40.2545 12500 -0.937117 0.597107 27.9779 162.644 -13 7395 1 0 1
-0.0598466 -33.9749 12500 -0.581094 -0.554313 27.9885 162.647 -13 7396 1 0 1
-5.04456 -4.73243 12500 -0.553221 -0.0880112 27.9944 162.617 -13 7397 1 0 1
29.1023 2.44501 12500 -0.901973 0.0297974 27.9855 162.598 -13 7398 1 0 1
-15.6941 -19.4409 12500 -0.423199 -0.300756 27.9952 162.636 -13 7399 1 0 1
-11.2999 -26.5935 12500 -0.458559 -0.436599 27.9928 162.647 -13 7400 1 0 1
23.1684 7.57401 12500 -0.838808 0.166087 27.9869 162.604 -13 7401 1 0 1
-13.4767 -42.6969 12500 -0.414196 -0.637981 27.9897 162.663 -13 7402 1 0 1
25.1078 8.51496 12500 -0.867024 0.11083 27.9864 162.596 -13 7403 1 0 1
39.2261 -36.4574 12500 -1.03665 -0.540433 27.9756 162.637 -13 7404 1 0 1
1.35799 -0.323102 12500 -0.631793 -0.00397359 27.9929 162.605 -13 7405 1 0 1
-25.4364 -14.2058 12500 -0.329782 -0.242183 27.997 162.64 -13 7406 1 0 1
41.7997 4.37436 12500 -1.04936 0.0413734 27.9803 162.599 -13 7407 1 0 1
-0.576 -35.601 12500 -0.570671 -0.583824 27.9881 162.654 -13 7408 1 0 1
14.1394 69.6341 12500 -0.708302 1.04775 27.9714 162.743 -13 7409 1 0 1
-25.8544 -14.488 12500 -0.315954 -0.246572 27.9971 162.644 -13 7410 1 0 1
2.24129 -38.2038 12500 -0.624419 -0.613685 27.9863 162.644 -13 7411 1 0 1
21.6057 25.317 12500 -0.825004 0.40102 27.985 162.617 -13 7412 1 0 1
41.4085 36.9755 12500 -1.0628 0.515321 27.9751 162.631 -13 7413 1 0 1
34.6271 59.7962 12500 -0.980522 0.86556 27.9694 162.711 -13 7414 1 0 1
2.61156 -12.4132 12500 -0.655436 -0.199837 27.9916 162.603 -13 7415 1 0 1
40.4057 56.6778 12500 -1.04398 0.801902 27.969 162.699 -13 7416 1 0 1
-0.348091 -8.75511 12500 -0.596185 -0.140247 27.9933 162.616 -13 7417 1 0 1
6.45071 34.569 12500 -0.659531 0.512855 27.9875 162.632 -13 7418 1 0 1
18.8111 -12.0375 12500 -0.781177 -0.175407 27.9886 162.609 -13 7419 1 0 1
-6.06317 -1.69959 12500 -0.542142 -0.0159022 27.9947 162.617 -13 7420 1 0 1
-8.5214 -34.3762 12500 -0.476073 -0.540873 27.9907 162.655 -13 7421 1 0 1
9.8211 -16.4375 12500 -0.690367 -0.246014 27.9904 162.615 -13 7422 1 0 1
-12.7495 -38.7817 12500 -0.412264 -0.626102 27.99 162.671 -13 7423 1 0 1
-4.19637 -59.7605 12500 -0.493117 -0.882359 27.9817 162.696 -13 7424 1 0 1
27.842 2.55085 12500 -0.891147 0.0302246 27.9858 162.596 -13 7425 1 0 1
24.5283 -7.99071 12500 -0.850929 -0.0976938 27.9869 162.6 -13 7426 1 0 1
-0.44906 33.9476 12500 -0.569049 0.537325 27.9891 162.647 -13 7427 1 0 1
-5.30175 1.6127 12500 -0.544258 0.0283663 27.9947 162.619 -13 7428 1 0 1
-12.5857 30.375 12500 -0.452415 0.464178 27.9925 162.644 -13 7429 1 0 1
4.58424 -2.68458 12500 -0.64765 -0.0279632 27.9925 162.61 -13 7430 1 0 1
-7.71751 -12.1813 12500 -0.514289 -0.201071 27.9946 162.627 -13 7431 1 0 1
2.16478 15.5362 12500 -0.633757 0.239841 27.9918 162.611 -13 7432 1 0 1
-0.191948 -37.2665 12500 -0.579485 -0.560005 27.9884 162.644 -13 7433 1 0 1
9.02616 -21.3595 12500 -0.69342 -0.352583 27.9892 162.617 -13 7434 1 0 1
30.7126 31.5489 12500 -0.920899 0.461708 27.981 162.624 -13 7435 1 0 1
18.6384 1.6002 12500 -0.804199 0.0508294 27.9884 162.594 -13 7436 1 0 1
10.4351 27.0524 12500 -0.715617 0.426677 27.9876 162.62 -13 7437 1 0 1
-2.51076 -26.6325 12500 -0.563526 -0.431475 27.991 162.636 -13 7438 1 0 1
0.991231 -6.9848 12500 -0.613454 -0.108111 27.9931 162.612 -13 7439 1 0 1
17.0829 -6.71423 12500 -0.768828 -0.105558 27.9892 162.605 -13 7440 1 0 1
-9.74429 -13.3154 12500 -0.490221 -0.237507 27.9947 162.632 -13 7441 1 0 1
-14.0886 -1.58011 12500 -0.451655 -0.0390361 27.9963 162.627 -13 7442 1 0 1
-19.5004 -98.0116 12500 -0.0291332 -1.30558 27.9695 162.769 -13 7443 1 0 1
12.9846 20.2237 12500 -0.731827 0.311962 27.9887 162.611 -13 7444 1 0 1
37.3409 8.61211 12500 -1.01365 0.132645 27.9813 162.594 -13 7445 1 0 1
18.5585 22.748 12500 -0.800665 0.372424 27.9861 162.611 -13 7446 1 0 1
-27.6428 -21.407 12500 -0.298478 -0.355834 27.9961 162.644 -13 7447 1 0 1
-35.5945 -30.1418 12500 -0.163853 -0.461486 27.9957 162.66 -13 7448 1 0 1
-21.5643 -17.2735 12500 -0.370864 -0.271145 27.9962 162.636 -13 7449 1 0 1
-4.55653 28.5977 12500 -0.5306 0.470855 27.991 162.645 -13 7450 1 0 1
19.9579 12.8613 12500 -0.804282 0.237072 27.9874 162.609 -13 7451 1 0 1
23.9874 -20.2254 12500 -0.847022 -0.327902 27.9853 162.611 -13 7452 1 0 1
-7.07572 22.8536 12500 -0.525191 0.363538 27.9927 162.629 -13 7453 1 0 1
-27.31 35.4872 12500 -0.253774 0.515798 27.9941 162.663 -13 7454 1 0 1
-3.02192 31.1619 12500 -0.560672 0.517502 27.9896 162.642 -13 7455 1 0 1
-12.0421 -9.38221 12500 -0.487914 -0.0925405 27.9956 162.62 -13 7456 1 0 1
35.1225 6.65971 12500 -0.965283 0.103796 27.9832 162.602 -13 7457 1 0 1
8.66355 9.40222 12500 -0.68085 0.184309 27.9911 162.615 -13 7458 1 0 1
16.0838 -27.5992 12500 -0.755172 -0.461751 27.986 162.632 -13 7459 1 0 1
45.2913 -9.25388 12500 -1.10145 -0.166528 27.9778 162.602 -13 7460 1 0 1
29.3392 55.2999 12500 -0.913406 0.812117 27.9733 162.688 -13 7461 1 0 1
-16.6528 9.25698 12500 -0.423211 0.123363 27.9965 162.63 -13 7462 1 0 1
17.2837 37.0895 12500 -0.767512 0.605928 27.9829 162.65 -13 7463 1 0 1
-2.98549 0.234959 12500 -0.557079 -0.000664888 27.9945 162.622 -13 7464 1 0 1
2.40777 -25.8517 12500 -0.615561 -0.368455 27.9908 162.626 -13 7465 1 0 1
13.8867 35.3375 12500 -0.726421 0.540548 27.9854 162.638 -13 7466 1 0 1
2.04037 27.5796 12500 -0.610452 0.44348 27.9898 162.634 -13 7467 1 0 1
-15.0616 -29.4937 12500 -0.412752 -0.460782 27.9932 162.651 -13 7468 1 0 1
-0.995305 -19.5236 12500 -0.605064 -0.327415 27.9915 162.616 -13 7469 1 0 1
20.4071 40.8048 12500 -0.77639 0.640008 27.9819 162.661 -13 7470 1 0 1
-8.65961 29.3071 12500 -0.490102 0.453631 27.992 162.643 -13 7471 1 0 1
30.8306 25.5181 12500 -0.920965 0.393404 27.9821 162.619 -13 7472 1 0 1
-12.1471 9.09542 12500 -0.474597 0.15295 27.9956 162.626 -13 7473 1 0 1
34.1514 22.2699 12500 -0.965601 0.323038 27.9815 162.608 -13 7474 1 0 1
-15.9643 -29.7355 12500 -0.414754 -0.447455 27.9934 162.645 -13 7475 1 0 1
-17.9939 -44.3448 12500 -0.35767 -0.686407 27.9893 162.671 -13 7476 1 0 1
31.7052 15.3045 12500 -0.928024 0.22209 27.9837 162.605 -13 7477 1 0 1
1.71548 28.9944 12500 -0.616722 0.437021 27.9898 162.628 -13 7478 1 0 1
20.4721 6.96212 12500 -0.823321 0.105742 27.9877 162.594 -13 7479 1 0 1
-1.44636 53.8614 12500 -0.508421 0.824065 27.9833 162.696 -13 7480 1 0 1
33.5926 37.1792 12500 -0.973289 0.594427 27.9768 162.649 -13 7481 1 0 1
20.2623 9.42835 12500 -0.802799 0.154292 27.9881 162.604 -13 7482 1 0 1
-37.3041 -64.6786 12500 0.00766676 -0.851086 27.9871 162.692 -13 7483 1 0 1
20.625 24.9437 12500 -0.81216 0.380927 27.9856 162.615 -13 7484 1 0 1
-9.14415 -13.5324 12500 -0.514602 -0.221653 27.9944 162.622 -13 7485 1 0 1
20.6624 15.4548 12500 -0.817514 0.239595 27.987 162.603 -13 7486 1 0 1
35.5941 4.51236 12500 -0.994188 0.0896222 27.9822 162.593 -13 7487 1 0 1
-9.77976 -31.3815 12500 -0.491064 -0.481235 27.9916 162.638 -13 7488 1 0 1
-0.117483 -25.8962 12500 -0.597193 -0.411664 27.9906 162.629 -13 7489 1 0 1
-6.42804 29.1995 12500 -0.519349 0.463292 27.9913 162.641 -13 7490 1 0 1
40.5276 2.95467 12500 -1.03333 0.0544073 27.9809 162.599 -13 7491 1 0 1
23.7968 -13.7292 12500 -0.851086 -0.238094 27.986 162.605 -13 7492 1 0 1
26.9662 -13.8004 12500 -0.862146 -0.215343 27.9859 162.612 -13 7493 1 0 1
21.9689 -23.0975 12500 -0.818205 -0.371636 27.9856 162.618 -13 7494 1 0 1
28.6446 55.4705 12500 -0.89411 0.818842 27.9737 162.692 -13 7495 1 0 1
30.2581 51.111 12500 -0.908634 0.779204 27.9744 162.688 -13 7496 1 0 1
-11.1536 1.71884 12500 -0.491536 0.0366686 27.9957 162.621 -13 7497 1 0 1
-28.3644 -43.4918 12500 -0.2242 -0.625124 27.9921 162.67 -13 7498 1 0 1
-7.40277 -4.68536 12500 -0.508926 -0.0528192 27.9953 162.627 -13 7499 1 0 1
-17.3717 -53.8461 12500 -0.319944 -0.803723 27.9866 162.692 -13 7500 1 0 1
-12.3226 10.4072 12500 -0.456484 0.186603 27.9957 162.634 -13 7501 1 0 1
0.588627 -1.88762 12500 -0.622194 -0.029391 27.9931 162.606 -13 7502 1 0 1
18.9119 32.7386 12500 -0.783475 0.496224 27.9846 162.63 -13 7503 1 0 1
33.0368 10.6095 12500 -0.968401 0.153624 27.9828 162.592 -13 7504 1 0 1
-21.5585 7.78553 12500 -0.387018 0.128482 27.997 162.628 -13 7505 1 0 1
-29.2804 -77.9435 12500 -0.0210155 -1.04708 27.9804 162.717 -13 7506 1 0 1
13.0653 26.1931 12500 -0.746158 0.42307 27.9869 162.618 -13 7507 1 0 1
-6.16681 -5.73924 12500 -0.529264 -0.11468 27.9948 162.624 -13 7508 1 0 1
-20.5305 -25.6373 12500 -0.362118 -0.413517 27.9946 162.649 -13 7509 1 0 1
9.59971 -59.1243 12500 -0.646773 -0.878587 27.9787 162.702 -13 7510 1 0 1
12.8681 30.4608 12500 -0.729624 0.505713 27.9859 162.633 -13 7511 1 0 1
28.3665 9.0214 12500 -0.887209 0.155062 27.9855 162.604 -13 7512 1 0 1
-6.51041 33.7261 12500 -0.523712 0.543788 27.9898 162.645 -13 7513 1 0 1
-9.45848 0.44307 12500 -0.511974 0.00234164 27.9953 162.618 -13 7514 1 0 1
11.6727 -33.0824 12500 -0.701517 -0.53067 27.9862 162.641 -13 7515 1 0 1
-0.737708 -42.8247 12500 -0.563427 -0.674977 27.9862 162.662 -13 7516 1 0 1
-1.3763 -10.3004 12500 -0.593914 -0.154262 27.9933 162.613 -13 7517 1 0 1
-6.01567 0.176307 12500 -0.544976 0.0254765 27.9947 162.616 -13 7518 1 0 1
-31.0922 -13.4987 12500 -0.264218 -0.219486 27.9979 162.643 -13 7519 1 0 1
-4.16214 -36.7194 12500 -0.531753 -0.598585 27.9886 162.657 -13 7520 1 0 1
-24.444 23.2871 12500 -0.341483 0.345756 27.9958 162.639 -13 7521 1 0 1
7.01281 3.23304 12500 -0.674354 0.0335192 27.9919 162.607 -13 7522 1 0 1
18.7098 -16.7623 12500 -0.780859 -0.256616 27.9879 162.611 -13 7523 1 0 1
-33.1692 -32.2419 12500 -0.197078 -0.48562 27.9951 162.66 -13 7524 1 0 1
-1.68396 14.3695 12500 -0.572451 0.263071 27.9929 162.627 -13 7525 1 0 1
-8.28661 -22.3633 12500 -0.500256 -0.378206 27.993 162.637 -13 7526 1 0 1
1.78389 21.1438 12500 -0.60332 0.336037 27.9915 162.626 -13 7527 1 0 1
19.3006 32.1382 12500 -0.795735 0.514647 27.984 162.632 -13 7528 1 0 1
7.65426 40.0701 12500 -0.662543 0.608619 27.9855 162.646 -13 7529 1 0 1
-4.79191 9.16668 12500 -0.580331 0.138992 27.9936 162.607 -13 7530 1 0 1
31.5498 27.9932 12500 -0.939465 0.446175 27.9807 162.624 -13 7531 1 0 1
10.2116 -5.36152 12500 -0.69958 -0.087444 27.9911 162.609 -13 7532 1 0 1
16.2988 -7.77043 12500 -0.783063 -0.131393 27.9887 162.596 -13 7533 1 0 1
9.47002 41.4497 12500 -0.667302 0.644333 27.9846 162.657 -13 7534 1 0 1
-2.3594 -46.5283 12500 -0.548842 -0.722729 27.9853 162.665 -13 7535 1 0 1
11.713 7.12991 12500 -0.723089 0.0847193 27.9905 162.603 -13 7536 1 0 1
37.67 82.3679 12500 -1.06029 1.10941 27.9579 162.799 -13 7537 1 0 1
30.2437 -16.0956 12500 -0.927712 -0.232352 27.9837 162.598 -13 7538 1 0 1
13.6868 39.5991 12500 -0.733147 0.636422 27.9832 162.651 -13 7539 1 0 1
-22.1207 -43.3303 12500 -0.322672 -0.663308 27.9903 162.665 -13 7540 1 0 1
7.47247 43.6981 12500 -0.652429 0.67479 27.9843 162.658 -13 7541 1 0 1
2.70612 18.9169 12500 -0.608855 0.302902 27.9917 162.626 -13 7542 1 0 1
4.15576 -7.56533 12500 -0.636126 -0.129986 27.9925 162.615 -13 7543 1 0 1
16.0689 -23.9572 12500 -0.772263 -0.392427 27.9866 162.615 -13 7544 1 0 1
-3.26426 5.11521 12500 -0.564961 0.0852033 27.9942 162.618 -13 7545 1 0 1
13.8198 -0.105313 12500 -0.739093 -0.00640846 27.9902 162.604 -13 7546 1 0 1
24.5167 19.1669 12500 -0.852261 0.310024 27.9853 162.609 -13 7547 1 0 1
32.8407 80.6142 12500 -0.997131 1.12053 27.9598 162.796 -13 7548 1 0 1
31.6733 13.6601 12500 -0.966021 0.219105 27.9825 162.593 -13 7549 1 0 1
27.5768 43.354 12500 -0.90111 0.660968 27.9777 162.652 -13 7550 1 0 1
19.1708 -9.72441 12500 -0.818072 -0.13462 27.9877 162.592 -13 7551 1 0 1
34.4163 44.0992 12500 -0.979075 0.65065 27.9753 162.654 -13 7552 1 0 1
-3.02187 2.10327 12500 -0.585414 0.0449971 27.9938 162.61 -13 7553 1 0 1
30.6911 87.3281 12500 -0.93816 1.20088 27.9585 162.83 -13 7554 1 0 1
36.1029 88.2794 12500 -1.03167 1.17662 27.9562 162.828 -13 7555 1 0 1
-6.54496 -25.4601 12500 -0.524759 -0.389139 27.9924 162.633 -13 7556 1 0 1
-8.7907 -15.7562 12500 -0.491914 -0.23933 27.9947 162.632 -13 7557 1 0 1
-21.7094 -12.3355 12500 -0.373698 -0.178371 27.9969 162.634 -13 7558 1 0 1
2.25415 -29.0353 12500 -0.601494 -0.454093 27.9899 162.639 -13 7559 1 0 1
8.805 9.8356 12500 -0.694828 0.154947 27.9909 162.607 -13 7560 1 0 1
-0.94787 13.9001 12500 -0.579195 0.226064 27.9931 162.624 -13 7561 1 0 1
-27.1224 -12.0914 12500 -0.302825 -0.202577 27.9976 162.644 -13 7562 1 0 1
3.52253 4.16999 12500 -0.633866 0.0535363 27.9928 162.612 -13 7563 1 0 1
13.3156 -63.7136 12500 -0.71701 -0.984034 27.9735 162.724 -13 7564 1 0 1
-25.8081 -42.1301 12500 -0.257802 -0.619101 27.992 162.67 -13 7565 1 0 1
0.835244 -28.9593 12500 -0.613989 -0.487726 27.989 162.633 -13 7566 1 0 1
34.0457 8.21191 12500 -0.958679 0.0951301 27.9834 162.598 -13 7567 1 0 1
14.1 26.2919 12500 -0.747002 0.4058 27.9871 162.619 -13 7568 1 0 1
20.2201 -10.6747 12500 -0.807276 -0.184907 27.9877 162.604 -13 7569 1 0 1
-8.19374 -23.4257 12500 -0.492116 -0.383183 27.9931 162.641 -13 7570 1 0 1
-3.51711 21.0047 12500 -0.571187 0.332645 27.9922 162.621 -13 7571 1 0 1
14.1748 15.9201 12500 -0.745767 0.244588 27.989 162.607 -13 7572 1 0 1
19.6777 -0.392754 12500 -0.791615 -0.00839044 27.9888 162.604 -13 7573 1 0 1
24.1667 17.2352 12500 -0.854043 0.249172 27.9859 162.602 -13 7574 1 0 1
25.2211 -2.64974 12500 -0.867456 -0.0535096 27.9865 162.595 -13 7575 1 0 1
26.8025 14.3681 12500 -0.893215 0.240952 27.9847 162.601 -13 7576 1 0 1
33.2487 -17.4939 12500 -0.94982 -0.232504 27.9829 162.603 -13 7577 1 0 1
-4.06813 24.3114 12500 -0.558588 0.382458 27.9918 162.628 -13 7578 1 0 1
-25.1447 -10.5261 12500 -0.334235 -0.16425 27.9975 162.638 -13 7579 1 0 1
22.9777 25.6339 12500 -0.848845 0.40887 27.9841 162.615 -13 7580 1 0 1
-2.25898 -33.5389 12500 -0.566729 -0.523804 27.9894 162.64 -13 7581 1 0 1
-37.0958 7.68172 12500 -0.176201 0.124516 27.9992 162.648 -13 7582 1 0 1
29.6219 76.4694 12500 -0.916015 1.09177 27.9637 162.781 -13 7583 1 0 1
-4.80338 -8.55288 12500 -0.568034 -0.1611 27.9938 162.614 -13 7584 1 0 1
3.40573 1.48485 12500 -0.634851 0.0425411 27.9928 162.611 -13 7585 1 0 1
43.6834 24.3408 12500 -1.07767 0.352645 27.977 162.616 -13 7586 1 0 1
10.801 -20.2106 12500 -0.700964 -0.3274 27.9893 162.619 -13 7587 1 0 1
18.2944 52.5822 12500 -0.775999 0.793331 27.978 162.677 -13 7588 1 0 1
-0.486965 -35.3624 12500 -0.56685 -0.589172 27.9881 162.657 -13 7589 1 0 1
23.6776 50.2544 12500 -0.830932 0.754463 27.9775 162.674 -13 7590 1 0 1
24.9018 52.5518 12500 -0.863926 0.799805 27.9752 162.682 -13 7591 1 0 1
-10.9309 24.713 12500 -0.492051 0.371988 27.9932 162.63 -13 7592 1 0 1
-10.1276 -37.8825 12500 -0.45219 -0.606125 27.9898 162.664 -13 7593 1 0 1
-6.42489 20.8894 12500 -0.505994 0.3191 27.9936 162.636 -13 7594 1 0 1
-0.225936 15.7955 12500 -0.589806 0.253126 27.9926 162.622 -13 7595 1 0 1
9.35283 37.643 12500 -0.668666 0.562087 27.9864 162.644 -13 7596 1 0 1
21.3485 -15.1391 12500 -0.834243 -0.248547 27.9865 162.6 -13 7597 1 0 1
31.4804 24.2553 12500 -0.925205 0.380692 27.9821 162.619 -13 7598 1 0 1
0.687345 35.0907 12500 -0.587174 0.538065 27.9887 162.644 -13 7599 1 0 1
-11.2652 31.5963 12500 -0.455809 0.48534 27.9921 162.647 -13 7600 1 0 1
7.97446 -19.461 12500 -0.680397 -0.309056 27.99 162.615 -13 7601 1 0 1
5.58703 -20.5217 12500 -0.639967 -0.341404 27.9906 162.627 -13 7602 1 0 1
-7.13543 13.152 12500 -0.511011 0.201529 27.9946 162.63 -13 7603 1 0 1
-6.18404 -21.1257 12500 -0.541395 -0.373322 27.9923 162.628 -13 7604 1 0 1
18.4941 54.5395 12500 -0.779814 0.81305 27.9773 162.681 -13 7605 1 0 1
4.2003 27.4343 12500 -0.645363 0.46602 27.9887 162.632 -13 7606 1 0 1
-18.3379 -24.9374 12500 -0.405385 -0.347989 27.9949 162.636 -13 7607 1 0 1
6.20735 24.5675 12500 -0.659349 0.390408 27.9895 162.624 -13 7608 1 0 1
-8.13277 -39.9843 12500 -0.471606 -0.617762 27.9892 162.663 -13 7609 1 0 1
10.7269 11.2357 12500 -0.700343 0.163926 27.9908 162.612 -13 7610 1 0 1
10.2558 55.6048 12500 -0.673464 0.856786 27.9788 162.694 -13 7611 1 0 1
-19.4145 -83.4304 12500 -0.120051 -1.16053 27.9757 162.754 -13 7612 1 0 1
-12.3401 -6.96746 12500 -0.468868 -0.11166 27.9959 162.627 -13 7613 1 0 1
35.7008 47.2278 12500 -0.999065 0.700885 27.9734 162.667 -13 7614 1 0 1
-19.8986 -41.8876 12500 -0.341129 -0.641369 27.9906 162.666 -13 7615 1 0 1
25.0048 22.6336 12500 -0.860517 0.351531 27.9846 162.611 -13 7616 1 0 1
10.1107 2.37722 12500 -0.691294 0.0414504 27.9914 162.611 -13 7617 1 0 1
11.5899 27.3912 12500 -0.694261 0.43954 27.9879 162.635 -13 7618 1 0 1
-0.873343 -3.26547 12500 -0.586981 -0.0746387 27.9937 162.618 -13 7619 1 0 1
4.86239 16.5827 12500 -0.632895 0.293397 27.9913 162.625 -13 7620 1 0 1
14.2231 3.2987 12500 -0.746155 0.0653923 27.99 162.603 -13 7621 1 0 1
-3.13131 -17.9624 12500 -0.564509 -0.26318 27.9931 162.622 -13 7622 1 0 1
11.6998 13.1206 12500 -0.734473 0.198314 27.9897 162.602 -13 7623 1 0 1
-0.794807 64.9208 12500 -0.490955 0.958495 27.9793 162.718 -13 7624 1 0 1
17.6477 -9.70278 12500 -0.785892 -0.13687 27.9886 162.6 -13 7625 1 0 1
25.2487 6.95478 12500 -0.862498 0.100743 27.9865 162.598 -13 7626 1 0 1
14.4376 14.5634 12500 -0.753436 0.228653 27.9889 162.605 -13 7627 1 0 1
25.7121 45.703 12500 -0.863416 0.722971 27.9773 162.673 -13 7628 1 0 1
12.6207 3.95148 12500 -0.74747 0.0304112 27.99 162.595 -13 7629 1 0 1
-16.8216 -49.7157 12500 -0.349774 -0.763081 27.9874 162.681 -13 7630 1 0 1
30.413 49.0552 12500 -0.911081 0.733049 27.9756 162.675 -13 7631 1 0 1
-19.27 -31.1317 12500 -0.367278 -0.455704 27.9939 162.651 -13 7632 1 0 1
40.349 33.3309 12500 -1.0461 0.478934 27.9764 162.628 -13 7633 1 0 1
9.93373 27.5409 12500 -0.681966 0.462217 27.9879 162.637 -13 7634 1 0 1
-4.66694 -7.19592 12500 -0.556593 -0.13541 27.9941 162.618 -13 7635 1 0 1
11.7576 -22.8061 12500 -0.733865 -0.396631 27.9876 162.615 -13 7636 1 0 1
5.10306 -11.6387 12500 -0.667022 -0.167958 27.9916 162.605 -13 7637 1 0 1
10.1558 23.9037 12500 -0.699264 0.403492 27.9884 162.624 -13 7638 1 0 1
35.1395 52.8874 12500 -0.989554 0.794751 27.9712 162.693 -13 7639 1 0 1
-14.7128 -65.5418 12500 -0.294071 -0.961839 27.9819 162.722 -13 7640 1 0 1
-1.59594 15.5047 12500 -0.588217 0.211771 27.993 162.616 -13 7641 1 0 1
-17.3953 -42.593 12500 -0.362919 -0.616233 27.9909 162.664 -13 7642 1 0 1
-10.4823 -16.0543 12500 -0.478495 -0.251431 27.9948 162.632 -13 7643 1 0 1
-8.0331 81.377 12500 -0.318013 1.18138 27.9733 162.77 -13 7644 1 0 1
-9.27576 -16.2837 12500 -0.496432 -0.227468 27.9947 162.627 -13 7645 1 0 1
18.6795 34.7761 12500 -0.787443 0.552356 27.9835 162.637 -13 7646 1 0 1
-18.9414 -26.6165 12500 -0.380264 -0.419435 27.9943 162.648 -13 7647 1 0 1
35.1499 4.96131 12500 -0.980337 0.124841 27.9826 162.599 -13 7648 1 0 1
18.6159 29.608 12500 -0.791244 0.468556 27.9849 162.626 -13 7649 1 0 1
17.6463 1.46079 12500 -0.787319 0.0267097 27.9889 162.597 -13 7650 1 0 1
43.418 -1.99632 12500 -1.06589 -0.0534079 27.9797 162.601 -13 7651 1 0 1
48.4862 31.6528 12500 -1.16024 0.456466 27.9722 162.627 -13 7652 1 0 1
32.5026 50.6781 12500 -0.957784 0.767003 27.9731 162.682 -13 7653 1 0 1
-16.583 10.9839 12500 -0.439462 0.192568 27.9959 162.626 -13 7654 1 0 1
-16.2835 29.7237 12500 -0.399441 0.490574 27.9929 162.653 -13 7655 1 0 1
0.0197213 -8.92431 12500 -0.598317 -0.12148 27.9933 162.616 -13 7656 1 0 1
-9.6385 26.5481 12500 -0.488225 0.424448 27.9925 162.64 -13 7657 1 0 1
-11.9911 -16.3767 12500 -0.469668 -0.279828 27.9947 162.632 -13 7658 1 0 1
11.5255 -42.1505 12500 -0.709275 -0.667342 27.9831 162.653 -13 7659 1 0 1
17.453 33.0062 12500 -0.766092 0.493009 27.9852 162.63 -13 7660 1 0 1
11.9408 1.45777 12500 -0.717622 0.0397068 27.9908 162.606 -13 7661 1 0 1
1.01816 -31.2649 12500 -0.607864 -0.489995 27.9891 162.632 -13 7662 1 0 1
33.3701 48.6377 12500 -0.947903 0.72925 27.9744 162.678 -13 7663 1 0 1
6.80135 31.1773 12500 -0.646471 0.451842 27.9889 162.633 -13 7664 1 0 1
-6.78848 -26.3609 12500 -0.520259 -0.435518 27.9918 162.639 -13 7665 1 0 1
-9.25899 -17.9742 12500 -0.497923 -0.25866 27.9944 162.627 -13 7666 1 0 1
5.91991 21.8359 12500 -0.656704 0.37299 27.9898 162.623 -13 7667 1 0 1
9.73106 20.5059 12500 -0.703542 0.322244 27.9893 162.612 -13 7668 1 0 1
11.7929 -23.6154 12500 -0.731155 -0.370747 27.988 162.612 -13 7669 1 0 1
16.407 21.0979 12500 -0.75391 0.335905 27.9878 162.618 -13 7670 1 0 1
25.7776 4.58939 12500 -0.881671 0.0587878 27.9861 162.592 -13 7671 1 0 1
16.3935 0.679687 12500 -0.76747 0.0295079 27.9895 162.601 -13 7672 1 0 1
-16.8958 -9.13695 12500 -0.424561 -0.196463 27.9961 162.633 -13 7673 1 0 1
17.1734 32.0153 12500 -0.760185 0.506235 27.9851 162.635 -13 7674 1 0 1
22.6146 36.973 12500 -0.842373 0.578292 27.9814 162.637 -13 7675 1 0 1
-14.6333 -7.87567 12500 -0.466322 -0.102237 27.9959 162.619 -13 7676 1 0 1
12.4375 16.6147 12500 -0.70344 0.26753 27.9899 162.621 -13 7677 1 0 1
35.7819 31.4135 12500 -0.977928 0.506244 27.9783 162.642 -13 7678 1 0 1
3.39254 -0.385285 12500 -0.654084 -0.0237235 27.9923 162.602 -13 7679 1 0 1
26.1316 21.2598 12500 -0.87969 0.360406 27.9839 162.612 -13 7680 1 0 1
2.69524 -47.9856 12500 -0.573945 -0.752654 27.984 162.682 -13 7681 1 0 1
16.0641 -33.2115 12500 -0.737203 -0.522792 27.9854 162.643 -13 7682 1 0 1
13.3158 21.4443 12500 -0.738644 0.31705 27.9885 162.61 -13 7683 1 0 1
30.6152 66.5054 12500 -0.923349 0.951182 27.9686 162.73 -13 7684 1 0 1
43.854 44.5372 12500 -1.08876 0.649091 27.9713 162.665 -13 7685 1 0 1
-13.4417 15.629 12500 -0.445574 0.244784 27.9954 162.634 -13 7686 1 0 1
6.32753 -4.26292 12500 -0.694572 -0.0771497 27.9913 162.596 -13 7687 1 0 1
12.2019 -25.2814 12500 -0.710441 -0.394999 27.9882 162.627 -13 7688 1 0 1
31.8761 -54.8262 12500 -0.942589 -0.794434 27.9729 162.686 -13 7689 1 0 1
-8.03695 -18.7873 12500 -0.514723 -0.308683 27.9936 162.628 -13 7690 1 0 1
-17.3641 -45.2939 12500 -0.370381 -0.699631 27.9888 162.669 -13 7691 1 0 1
21.2602 30.6037 12500 -0.819553 0.47066 27.984 162.624 -13 7692 1 0 1
32.1852 52.7508 12500 -0.939344 0.778248 27.9734 162.685 -13 7693 1 0 1
53.6451 34.3932 12500 -1.24082 0.512293 27.9678 162.642 -13 7694 1 0 1
2.36442 -26.5118 12500 -0.631633 -0.427674 27.9896 162.625 -13 7695 1 0 1
13.2684 -74.8284 12500 -0.70927 -1.13764 27.9679 162.771 -13 7696 1 0 1
3.38857 3.52174 12500 -0.652639 0.0501895 27.9923 162.603 -13 7697 1 0 1
16.1707 15.6552 12500 -0.754619 0.225593 27.9889 162.61 -13 7698 1 0 1
-32.093 5.78811 12500 -0.2469 0.0735363 27.9988 162.643 -13 7699 1 0 1
18.6215 -16.2189 12500 -0.800581 -0.262831 27.9873 162.603 -13 7700 1 0 1
19.6454 17.7269 12500 -0.803494 0.251917 27.9873 162.603 -13 7701 1 0 1
22.7503 -2.25542 12500 -0.848691 -0.00847153 27.9871 162.592 -13 7702 1 0 1
-0.805211 20.4209 12500 -0.595462 0.318245 27.9919 162.619 -13 7703 1 0 1
11.5778 -1.67794 12500 -0.715035 -0.0294523 27.9909 162.606 -13 7704 1 0 1
22.7842 -38.6538 12500 -0.830452 -0.609743 27.981 162.648 -13 7705 1 0 1
33.3724 50.4587 12500 -0.978296 0.76754 27.9724 162.682 -13 7706 1 0 1
-3.60139 8.63273 12500 -0.548882 0.131222 27.9943 162.625 -13 7707 1 0 1
-17.1594 -3.28289 12500 -0.429379 -0.0542954 27.9967 162.625 -13 7708 1 0 1
13.6392 39.7133 12500 -0.723924 0.595165 27.9843 162.643 -13 7709 1 0 1
-9.7344 -37.5909 12500 -0.472446 -0.566459 27.9903 162.651 -13 7710 1 0 1
-11.0153 -37.1477 12500 -0.45561 -0.579192 27.9903 162.656 -13 7711 1 0 1
-31.9943 -14.0017 12500 -0.246945 -0.222934 27.998 162.646 -13 7712 1 0 1
-7.7521 44.4115 12500 -0.46458 0.6829 27.9878 162.671 -13 7713 1 0 1
31.3957 15.1179 12500 -0.91977 0.241765 27.9838 162.609 -13 7714 1 0 1
-39.0097 -0.682673 12500 -0.1731 -0.0136177 27.9995 162.642 -13 7715 1 0 1
7.43201 37.8802 12500 -0.652409 0.60748 27.9858 162.653 -13 7716 1 0 1
3.37316 -36.6276 12500 -0.619521 -0.575994 27.9872 162.646 -13 7717 1 0 1
-16.4653 0.846288 12500 -0.436145 -0.0119077 27.9966 162.625 -13 7718 1 0 1
42.9033 23.105 12500 -1.07578 0.337808 27.9773 162.611 -13 7719 1 0 1
-4.27054 -1.15696 12500 -0.566696 -0.0364496 27.9942 162.613 -13 7720 1 0 1
-9.39973 -11.8641 12500 -0.507543 -0.178989 27.9948 162.623 -13 7721 1 0 1
9.62103 40.7068 12500 -0.676032 0.646192 27.9844 162.656 -13 7722 1 0 1
-5.54696 9.16896 12500 -0.536096 0.134803 27.9945 162.623 -13 7723 1 0 1
27.1786 -25.6497 12500 -0.872362 -0.38784 27.9837 162.622 -13 7724 1 0 1
1.37719 41.5413 12500 -0.570945 0.672274 27.9861 162.669 -13 7725 1 0 1
5.23058 -23.081 12500 -0.62706 -0.383461 27.9904 162.635 -13 7726 1 0 1
21.9222 9.8509 12500 -0.824548 0.168157 27.9874 162.603 -13 7727 1 0 1
-41.4832 18.9075 12500 -0.129214 0.250517 27.9986 162.645 -13 7728 1 0 1
2.38514 -57.362 12500 -0.57487 -0.849784 27.9812 162.691 -13 7729 1 0 1
21.5666 40.0204 12500 -0.810574 0.662501 27.9804 162.664 -13 7730 1 0 1
28.6129 3.54036 12500 -0.895812 0.0281932 27.9857 162.598 -13 7731 1 0 1
9.06821 -0.844701 12500 -0.699905 -0.0384963 27.9912 162.603 -13 7732 1 0 1
15.291 15.3823 12500 -0.764377 0.257614 27.9884 162.606 -13 7733 1 0 1
-24.5562 24.2027 12500 -0.309035 0.359899 27.996 162.651 -13 7734 1 0 1
18.5246 3.30032 12500 -0.790777 0.0571886 27.9888 162.6 -13 7735 1 0 1
29.2514 -3.94565 12500 -0.892602 -0.046191 27.9857 162.603 -13 7736 1 0 1
1.07294 32.3715 12500 -0.586718 0.544125 27.9886 162.649 -13 7737 1 0 1
1.10076 10.217 12500 -0.611895 0.173991 27.9928 162.616 -13 7738 1 0 1
-8.77957 10.3388 12500 -0.533187 0.142638 27.9946 162.613 -13 7739 1 0 1
10.3533 -14.358 12500 -0.712474 -0.218513 27.9901 162.607 -13 7740 1 0 1
-29.352 -45.4315 12500 -0.202274 -0.656311 27.9916 162.674 -13 7741 1 0 1
-31.5934 -20.7959 12500 -0.247431 -0.328157 27.997 162.646 -13 7742 1 0 1
15.3625 -15.6564 12500 -0.763739 -0.246347 27.9885 162.604 -13 7743 1 0 1
-13.8172 -11.6657 12500 -0.452408 -0.16897 27.9958 162.629 -13 7744 1 0 1
-5.51958 -26.4816 12500 -0.514372 -0.385177 27.9926 162.642 -13 7745 1 0 1
4.34936 -6.95346 12500 -0.65094 -0.0981011 27.9923 162.608 -13 7746 1 0 1
13.9487 27.0605 12500 -0.744782 0.415986 27.987 162.62 -13 7747 1 0 1
31.144 99.6351 12500 -1.01031 1.32318 27.9505 162.893 -13 7748 1 0 1
-5.94866 -21.7661 12500 -0.534608 -0.344391 27.9928 162.628 -13 7749 1 0 1
-17.9653 -26.3552 12500 -0.391016 -0.388515 27.9946 162.645 -13 7750 1 0 1
-12.7978 -6.70824 12500 -0.467318 -0.0875985 27.996 162.625 -13 7751 1 0 1
17.9748 -30.7689 12500 -0.769686 -0.494974 27.985 162.636 -13 7752 1 0 1
-4.83127 -24.8767 12500 -0.558409 -0.396861 27.9916 162.626 -13 7753 1 0 1
9.99804 32.2829 12500 -0.674141 0.527198 27.9869 162.645 -13 7754 1 0 1
-15.4342 -7.37192 12500 -0.437209 -0.140553 27.9962 162.63 -13 7755 1 0 1
-16.6314 -19.8144 12500 -0.44744 -0.305885 27.9948 162.623 -13 7756 1 0 1
37.6074 71.9956 12500 -1.03811 1.0019 27.9628 162.756 -13 7757 1 0 1
14.9716 8.36955 12500 -0.750318 0.102399 27.9898 162.604 -13 7758 1 0 1
-14.8023 25.7848 12500 -0.430525 0.395869 27.9939 162.641 -13 7759 1 0 1
9.88755 38.1829 12500 -0.70154 0.598233 27.9848 162.641 -13 7760 1 0 1
18.6951 45.0686 12500 -0.775458 0.696559 27.9806 162.662 -13 7761 1 0 1
-12.7281 -66.453 12500 -0.331764 -0.950412 27.9819 162.714 -13 7762 1 0 1
-18.5164 -6.07234 12500 -0.424149 -0.0947059 27.9966 162.623 -13 7763 1 0 1
-13.3324 -6.84093 12500 -0.466876 -0.0811488 27.996 162.623 -13 7764 1 0 1
47.8553 30.593 12500 -1.13035 0.452956 27.9735 162.634 -13 7765 1 0 1
-3.811 -28.7857 12500 -0.539871 -0.462114 27.991 162.643 -13 7766 1 0 1
11.1783 15.4581 12500 -0.732084 0.250411 27.9893 162.603 -13 7767 1 0 1
3.88522 -22.425 12500 -0.649296 -0.36102 27.9901 162.616 -13 7768 1 0 1
10.7698 23.0489 12500 -0.709133 0.37906 27.9885 162.619 -13 7769 1 0 1
-6.76934 6.74717 12500 -0.51913 0.111234 27.995 162.626 -13 7770 1 0 1
18.9165 50.8165 12500 -0.79095 0.806123 27.9772 162.683 -13 7771 1 0 1
-15.7075 -59.1697 12500 -0.323535 -0.854101 27.9851 162.701 -13 7772 1 0 1
-9.20989 -20.2636 12500 -0.504468 -0.275708 27.9941 162.625 -13 7773 1 0 1
16.8285 31.1682 12500 -0.763816 0.5044 27.985 162.634 -13 7774 1 0 1
1.57206 34.9184 12500 -0.595883 0.569988 27.9879 162.649 -13 7775 1 0 1
16.5116 -46.269 12500 -0.749762 -0.703721 27.9811 162.663 -13 7776 1 0 1
-13.9562 27.7407 12500 -0.415933 0.426199 27.9937 162.651 -13 7777 1 0 1
26.7499 44.3528 12500 -0.90381 0.708716 27.9764 162.664 -13 7778 1 0 1
12.802 13.2924 12500 -0.744376 0.216125 27.9893 162.603 -13 7779 1 0 1
25.9676 26.7881 12500 -0.878573 0.408582 27.9832 162.616 -13 7780 1 0 1
-0.143743 7.6082 12500 -0.586951 0.133121 27.9935 162.621 -13 7781 1 0 1
-13.849 -19.2933 12500 -0.450103 -0.307681 27.9947 162.633 -13 7782 1 0 1
-9.15854 -19.9035 12500 -0.489594 -0.316105 27.9939 162.634 -13 7783 1 0 1
-30.8028 -66.7933 12500 -0.0740869 -0.922366 27.9847 162.704 -13 7784 1 0 1
10.7514 34.0879 12500 -0.681267 0.540243 27.9865 162.645 -13 7785 1 0 1
32.1758 52.0045 12500 -0.951187 0.765291 27.9734 162.678 -13 7786 1 0 1
10.4992 34.0648 12500 -0.701 0.521926 27.9864 162.633 -13 7787 1 0 1
22.7251 13.5699 12500 -0.828536 0.22853 27.9868 162.608 -13 7788 1 0 1
26.3934 29.6562 12500 -0.860685 0.481808 27.9826 162.636 -13 7789 1 0 1
31.7235 -4.91729 12500 -0.931414 -0.103028 27.9843 162.6 -13 7790 1 0 1
17.9116 15.9016 12500 -0.794515 0.265029 27.9875 162.603 -13 7791 1 0 1
-7.19683 25.6388 12500 -0.511868 0.405552 27.9924 162.638 -13 7792 1 0 1
9.10705 37.2862 12500 -0.674375 0.566095 27.9862 162.642 -13 7793 1 0 1
-8.50012 -85.946 12500 -0.291177 -1.22256 27.9718 162.779 -13 7794 1 0 1
-5.8489 -8.53053 12500 -0.543457 -0.174721 27.9942 162.622 -13 7795 1 0 1
-17.8919 -29.2104 12500 -0.38626 -0.443834 27.9938 162.65 -13 7796 1 0 1
-0.532518 -7.04741 12500 -0.598924 -0.146035 27.9932 162.615 -13 7797 1 0 1
-16.5711 -32.3105 12500 -0.408863 -0.496976 27.9926 162.646 -13 7798 1 0 1
2.01718 -27.1933 12500 -0.61289 -0.434096 27.9899 162.632 -13 7799 1 0 1
-1.65887 31.8457 12500 -0.575339 0.488457 27.9898 162.635 -13 7800 1 0 1
-0.255289 -7.14005 12500 -0.610547 -0.147954 27.993 162.611 -13 7801 1 0 1
2.31825 -1.39729 12500 -0.623756 0.0175167 27.993 162.613 -13 7802 1 0 1
-4.23146 -67.3478 12500 -0.451086 -1.00063 27.9785 162.725 -13 7803 1 0 1
31.7469 28.3213 12500 -0.947824 0.443173 27.9804 162.621 -13 7804 1 0 1
-0.00968266 -13.1321 12500 -0.586511 -0.219864 27.993 162.625 -13 7805 1 0 1
-33.9824 -45.4078 12500 -0.143209 -0.631377 27.9925 162.671 -13 7806 1 0 1
-29.0742 -6.63412 12500 -0.298454 -0.147305 27.998 162.638 -13 7807 1 0 1
-20.0453 -2.77274 12500 -0.39634 -0.0662251 27.9971 162.629 -13 7808 1 0 1
27.5344 19.8103 12500 -0.917964 0.352846 27.9827 162.606 -13 7809 1 0 1
-25.2327 8.44513 12500 -0.308239 0.130445 27.998 162.646 -13 7810 1 0 1
-2.5989 -21.1578 12500 -0.580919 -0.354497 27.9917 162.622 -13 7811 1 0 1
-14.0327 -107.602 12500 -0.00952636 -1.42975 27.9635 162.809 -13 7812 1 0 1
-11.229 -19.9272 12500 -0.468738 -0.32073 27.9942 162.635 -13 7813 1 0 1
-17.7441 -14.0954 12500 -0.423155 -0.215286 27.996 162.628 -13 7814 1 0 1
8.07059 -33.358 12500 -0.681206 -0.530347 27.9867 162.633 -13 7815 1 0 1
7.65241 8.52322 12500 -0.68635 0.150373 27.9912 162.606 -13 7816 1 0 1
-6.30335 -75.5782 12500 -0.3899 -1.1121 27.9752 162.752 -13 7817 1 0 1
28.3715 2.49463 12500 -0.914638 0.028119 27.985 162.589 -13 7818 1 0 1
-22.5466 -31.8078 12500 -0.346884 -0.461271 27.9941 162.646 -13 7819 1 0 1
3.1152 19.5302 12500 -0.629593 0.326276 27.991 162.621 -13 7820 1 0 1
54.4994 12.0809 12500 -1.21146 0.159763 27.9733 162.604 -13 7821 1 0 1
-8.68855 11.9223 12500 -0.518557 0.17954 27.9946 162.621 -13 7822 1 0 1
35.7945 6.94775 12500 -0.988903 0.108673 27.9823 162.596 -13 7823 1 0 1
9.69945 -6.51136 12500 -0.702067 -0.0966029 27.991 162.605 -13 7824 1 0 1
-13.5236 10.1368 12500 -0.461846 0.157949 27.9957 162.626 -13 7825 1 0 1
17.5766 -14.2454 12500 -0.780761 -0.219371 27.9883 162.606 -13 7826 1 0 1
-3.10962 24.6122 12500 -0.561894 0.37331 27.9919 162.63 -13 7827 1 0 1
-15.4188 -24.8786 12500 -0.435279 -0.341574 27.9945 162.634 -13 7828 1 0 1
9.82431 -24.9287 12500 -0.696218 -0.38863 27.9886 162.622 -13 7829 1 0 1
22.2197 49.1598 12500 -0.832923 0.764507 27.9772 162.673 -13 7830 1 0 1
40.0057 17.5172 12500 -1.03953 0.300814 27.9791 162.611 -13 7831 1 0 1
-3.41457 37.2677 12500 -0.546629 0.564711 27.989 162.647 -13 7832 1 0 1
65.9237 35.3901 12500 -1.3657 0.477043 27.9626 162.649 -13 7833 1 0 1
26.8677 31.6338 12500 -0.885393 0.503357 27.9815 162.63 -13 7834 1 0 1
-0.218673 15.6586 12500 -0.596679 0.252184 27.9925 162.619 -13 7835 1 0 1
3.84035 76.1796 12500 -0.552395 1.10283 27.9728 162.751 -13 7836 1 0 1
16.491 16.9298 12500 -0.77518 0.294947 27.9877 162.608 -13 7837 1 0 1
19.2763 6.19703 12500 -0.79519 0.0808689 27.9886 162.601 -13 7838 1 0 1
20.8576 7.93546 12500 -0.813345 0.141102 27.9878 162.602 -13 7839 1 0 1
-7.09043 -9.3864 12500 -0.530363 -0.180674 27.9944 162.622 -13 7840 1 0 1
16.3197 74.2487 12500 -0.72934 1.08531 27.9695 162.755 -13 7841 1 0 1
-10.9296 -33.3389 12500 -0.462101 -0.538187 27.991 162.651 -13 7842 1 0 1
2.30381 2.43091 12500 -0.632463 0.0550717 27.9928 162.608 -13 7843 1 0 1
8.49189 18.1496 12500 -0.679154 0.301162 27.9901 162.618 -13 7844 1 0 1
-28.2676 -41.5152 12500 -0.2269 -0.60368 27.9926 162.67 -13 7845 1 0 1
23.588 -23.0421 12500 -0.852673 -0.360469 27.9847 162.609 -13 7846 1 0 1
-15.9635 -29.6392 12500 -0.406631 -0.475628 27.993 162.651 -13 7847 1 0 1
25.4706 18.7532 12500 -0.856652 0.307184 27.9852 162.612 -13 7848 1 0 1
12.1379 82.9414 12500 -0.673789 1.21149 27.9657 162.794 -13 7849 1 0 1
24.8903 1.20364 12500 -0.852452 0.0218934 27.987 162.6 -13 7850 1 0 1
27.6054 15.3603 12500 -0.890447 0.20897 27.9851 162.6 -13 7851 1 0 1
33.9164 19.7864 12500 -0.952802 0.292061 27.9823 162.609 -13 7852 1 0 1
-0.596919 -3.33082 12500 -0.590556 -0.0847834 27.9936 162.617 -13 7853 1 0 1
-24.4278 -30.9146 12500 -0.306005 -0.4529 27.9947 162.656 -13 7854 1 0 1
7.26952 -32.2096 12500 -0.67525 -0.511734 27.9872 162.63 -13 7855 1 0 1
9.25557 -32.3817 12500 -0.681324 -0.532776 27.9866 162.64 -13 7856 1 0 1
-0.261285 -19.0851 12500 -0.597291 -0.29263 27.9921 162.619 -13 7857 1 0 1
46.8085 67.2756 12500 -1.16937 0.922605 27.9604 162.744 -13 7858 1 0 1
27.7467 30.4121 12500 -0.878235 0.458572 27.9825 162.628 -13 7859 1 0 1
7.5493 2.66739 12500 -0.678814 0.0520589 27.9917 162.607 -13 7860 1 0 1
-3.33711 -2.08051 12500 -0.56596 -0.0380933 27.9943 162.617 -13 7861 1 0 1
32.5687 31.0852 12500 -0.956916 0.474905 27.9796 162.625 -13 7862 1 0 1
28.525 84.2464 12500 -0.928167 1.17219 27.9601 162.809 -13 7863 1 0 1
11.4624 49.131 12500 -0.689687 0.754419 27.9813 162.671 -13 7864 1 0 1
-16.5603 38.4218 12500 -0.392646 0.566296 27.9915 162.655 -13 7865 1 0 1
-17.8157 11.6301 12500 -0.40454 0.19332 27.9964 162.635 -13 7866 1 0 1
6.19758 12.7146 12500 -0.666192 0.193955 27.9914 162.611 -13 7867 1 0 1
13.7551 24.0556 12500 -0.729291 0.400672 27.9876 162.625 -13 7868 1 0 1
-16.4389 -6.42296 12500 -0.424254 -0.0989303 27.9966 162.63 -13 7869 1 0 1
2.89756 -4.49251 12500 -0.637604 -0.089253 27.9926 162.609 -13 7870 1 0 1
21.1076 -0.636079 12500 -0.816897 -0.0117209 27.9881 162.598 -13 7871 1 0 1
10.593 -8.12963 12500 -0.708499 -0.162755 27.9906 162.609 -13 7872 1 0 1
22.8118 5.34486 12500 -0.838529 0.0980634 27.9873 162.598 -13 7873 1 0 1
-20.9981 -33.0092 12500 -0.346552 -0.507562 27.9933 162.655 -13 7874 1 0 1
1.98119 8.23592 12500 -0.622627 0.156667 27.9926 162.614 -13 7875 1 0 1
4.98391 31.0415 12500 -0.631874 0.488748 27.9886 162.638 -13 7876 1 0 1
-3.93932 -14.0445 12500 -0.553132 -0.228045 27.9936 162.625 -13 7877 1 0 1
-7.95886 -3.40809 12500 -0.517773 -0.0597138 27.9951 162.621 -13 7878 1 0 1
2.08362 14.6644 12500 -0.624439 0.244352 27.992 162.616 -13 7879 1 0 1
-3.19586 -62.6275 12500 -0.483691 -0.950551 27.9797 162.716 -13 7880 1 0 1
25.6407 16.5558 12500 -0.864403 0.248651 27.9855 162.604 -13 7881 1 0 1
15.9689 -25.5287 12500 -0.760892 -0.40456 27.9867 162.621 -13 7882 1 0 1
19.0872 -35.0771 12500 -0.796005 -0.559462 27.9831 162.637 -13 7883 1 0 1
-6.29155 10.452 12500 -0.531415 0.194429 27.9943 162.625 -13 7884 1 0 1
-9.1861 45.1523 12500 -0.421453 0.707286 27.9879 162.683 -13 7885 1 0 1
-41.4802 -26.8538 12500 -0.0747602 -0.364004 27.9975 162.66 -13 7886 1 0 1
8.64376 -24.9701 12500 -0.686314 -0.367982 27.9892 162.62 -13 7887 1 0 1
23.2843 23.847 12500 -0.834386 0.40529 27.9846 162.622 -13 7888 1 0 1
-18.9491 -34.1238 12500 -0.392888 -0.516881 27.9925 162.644 -13 7889 1 0 1
-14.4882 -114.609 12500 -0.212276 -1.56236 27.9556 162.815 -13 7890 1 0 1
-10.622 -25.3078 12500 -0.472664 -0.42656 27.9928 162.643 -13 7891 1 0 1
-10.7722 -20.2162 12500 -0.48994 -0.338314 27.9937 162.629 -13 7892 1 0 1
13.2978 37.9557 12500 -0.728035 0.594779 27.9842 162.643 -13 7893 1 0 1
51.1859 24.1701 12500 -1.17635 0.346004 27.9731 162.616 -13 7894 1 0 1
-16.7755 2.35346 12500 -0.433726 0.04338 27.9966 162.625 -13 7895 1 0 1
-3.8876 -11.7312 12500 -0.559756 -0.192275 27.9937 162.621 -13 7896 1 0 1
27.7764 39.9317 12500 -0.879774 0.615178 27.9794 162.652 -13 7897 1 0 1
3.4771 -9.30743 12500 -0.628586 -0.14984 27.9925 162.616 -13 7898 1 0 1
13.1214 -6.40716 12500 -0.729475 -0.10339 27.9903 162.607 -13 7899 1 0 1
0.0202912 2.35201 12500 -0.584908 0.0249532 27.9939 162.621 -13 7900 1 0 1
16.9152 13.943 12500 -0.770464 0.22622 27.9885 162.609 -13 7901 1 0 1
-12.1528 -1.59152 12500 -0.477076 -0.047346 27.9959 162.623 -13 7902 1 0 1
-22.0274 -45.6358 12500 -0.288934 -0.688996 27.99 162.679 -13 7903 1 0 1
47.0148 46.0175 12500 -1.12545 0.652218 27.9698 162.668 -13 7904 1 0 1
5.69288 29.8307 12500 -0.646745 0.494508 27.9882 162.638 -13 7905 1 0 1
0.160318 8.1169 12500 -0.618987 0.112442 27.9929 162.607 -13 7906 1 0 1
-20.2524 -47.2916 12500 -0.312699 -0.726565 27.9888 162.679 -13 7907 1 0 1
-0.222204 -13.2373 12500 -0.586343 -0.25654 27.9927 162.628 -13 7908 1 0 1
0.221699 10.9898 12500 -0.579031 0.169184 27.9935 162.627 -13 7909 1 0 1
11.4457 5.24847 12500 -0.711819 0.064118 27.9909 162.607 -13 7910 1 0 1
-29.584 -62.971 12500 -0.127383 -0.89715 27.9853 162.698 -13 7911 1 0 1
-17.2911 29.0515 12500 -0.392252 0.440948 27.9938 162.649 -13 7912 1 0 1
-8.41812 -22.1705 12500 -0.494369 -0.356086 27.9934 162.637 -13 7913 1 0 1
21.8293 4.82004 12500 -0.820236 0.121449 27.9877 162.604 -13 7914 1 0 1
7.06988 -25.5205 12500 -0.663713 -0.406827 27.9892 162.628 -13 7915 1 0 1
0.520576 -17.3807 12500 -0.614725 -0.269525 27.992 162.614 -13 7916 1 0 1
50.7914 33.7086 12500 -1.17263 0.482705 27.9713 162.639 -13 7917 1 0 1
-33.3768 -82.4568 12500 0.104839 -1.06484 27.9795 162.716 -13 7918 1 0 1
2.57599 -39.3371 12500 -0.590328 -0.604935 27.9872 162.657 -13 7919 1 0 1
18.1374 60.7356 12500 -0.765607 0.933669 27.974 162.719 -13 7920 1 0 1
11.5876 -1.57703 12500 -0.708227 -0.0171595 27.991 162.609 -13 7921 1 0 1
-4.57634 13.1269 12500 -0.558354 0.196412 27.9937 162.619 -13 7922 1 0 1
20.3729 46.2737 12500 -0.815211 0.716321 27.979 162.66 -13 7923 1 0 1
10.1768 3.20432 12500 -0.698298 0.0710853 27.9912 162.609 -13 7924 1 0 1
-26.6832 -56.3309 12500 -0.158586 -0.830167 27.9872 162.702 -13 7925 1 0 1
9.21229 24.8176 12500 -0.706536 0.412633 27.988 162.619 -13 7926 1 0 1
41.1309 -1.5801 12500 -1.04895 -0.0167436 27.9803 162.595 -13 7927 1 0 1
25.821 55.6774 12500 -0.888104 0.847504 27.9731 162.694 -13 7928 1 0 1
8.07398 -18.0601 12500 -0.689764 -0.300018 27.9899 162.611 -13 7929 1 0 1
-15.9128 -20.5481 12500 -0.435081 -0.324665 27.9947 162.631 -13 7930 1 0 1
9.97578 24.2534 12500 -0.700996 0.368801 27.9888 162.619 -13 7931 1 0 1
-9.33741 -35.4379 12500 -0.469952 -0.544323 27.9908 162.654 -13 7932 1 0 1
18.7282 1.31255 12500 -0.782698 0.0208267 27.9891 162.604 -13 7933 1 0 1
-7.31157 -2.52674 12500 -0.513832 -0.0226149 27.9953 162.625 -13 7934 1 0 1
27.4628 24.3079 12500 -0.896335 0.388043 27.983 162.613 -13 7935 1 0 1
-7.18141 8.11309 12500 -0.524407 0.120292 27.9948 162.622 -13 7936 1 0 1
4.18193 25.2731 12500 -0.635363 0.368867 27.9904 162.624 -13 7937 1 0 1
-29.1086 -53.407 12500 -0.187475 -0.765154 27.9889 162.68 -13 7938 1 0 1
-23.7061 -32.9644 12500 -0.317345 -0.496469 27.9938 162.655 -13 7939 1 0 1
-6.02904 17.0414 12500 -0.525022 0.254887 27.9939 162.628 -13 7940 1 0 1
41.2018 71.8401 12500 -1.0985 0.990924 27.9609 162.758 -13 7941 1 0 1
3.33034 -36.6612 12500 -0.613241 -0.568574 27.9875 162.647 -13 7942 1 0 1
-2.66634 -15.4014 12500 -0.576391 -0.236156 27.9931 162.618 -13 7943 1 0 1
-27.5744 11.5396 12500 -0.31836 0.173939 27.9976 162.635 -13 7944 1 0 1
6.37102 -62.6284 12500 -0.621659 -0.919649 27.978 162.699 -13 7945 1 0 1
6.30897 32.1342 12500 -0.638578 0.512527 27.988 162.642 -13 7946 1 0 1
6.96493 34.1141 12500 -0.644473 0.552344 27.9871 162.648 -13 7947 1 0 1
18.8271 49.4961 12500 -0.789147 0.769134 27.9783 162.672 -13 7948 1 0 1
-25.9322 -1.65343 12500 -0.3565 -0.0276602 27.9977 162.625 -13 7949 1 0 1
13.0772 63.2117 12500 -0.6787 0.944165 27.9758 162.717 -13 7950 1 0 1
-12.1014 -33.6794 12500 -0.450101 -0.487466 27.9921 162.645 -13 7951 1 0 1
-21.1469 4.47846 12500 -0.388354 0.0547289 27.9973 162.628 -13 7952 1 0 1
29.6454 5.85183 12500 -0.913281 0.0896768 27.985 162.596 -13 7953 1 0 1
26.6652 20.4347 12500 -0.88272 0.323751 27.9842 162.607 -13 7954 1 0 1
7.0622 99.793 12500 -0.543952 1.41054 27.9592 162.861 -13 7955 1 0 1
6.25541 26.7348 12500 -0.639681 0.445334 27.9891 162.639 -13 7956 1 0 1
24.7343 -10.4352 12500 -0.876361 -0.174538 27.9857 162.593 -13 7957 1 0 1
23.8171 2.03051 12500 -0.862637 0.0261326 27.9867 162.59 -13 7958 1 0 1
-0.99686 -3.21998 12500 -0.607697 -0.0715236 27.9933 162.608 -13 7959 1 0 1
20.5913 29.7797 12500 -0.821879 0.482174 27.9838 162.625 -13 7960 1 0 1
37.1589 10.6314 12500 -0.988997 0.147813 27.9821 162.603 -13 7961 1 0 1
40.7331 50.6109 12500 -1.04537 0.730054 27.971 162.682 -13 7962 1 0 1
-7.60894 -46.386 12500 -0.469211 -0.720561 27.9868 162.674 -13 7963 1 0 1
5.13057 1.58448 12500 -0.651181 0.0380389 27.9924 162.61 -13 7964 1 0 1
-27.2712 -59.007 12500 -0.15518 -0.865454 27.9862 162.702 -13 7965 1 0 1
-10.3745 7.49085 12500 -0.503851 0.115836 27.9952 162.619 -13 7966 1 0 1
6.29779 11.3569 12500 -0.654663 0.16502 27.9919 162.615 -13 7967 1 0 1
31.2727 45.4714 12500 -0.932067 0.682366 27.9762 162.662 -13 7968 1 0 1
14.8503 -8.22126 12500 -0.757652 -0.139736 27.9894 162.602 -13 7969 1 0 1
13.5979 16.8717 12500 -0.732308 0.242526 27.9894 162.61 -13 7970 1 0 1
36.5481 72.8671 12500 -1.03058 1.01496 27.9626 162.757 -13 7971 1 0 1
28.9564 86.768 12500 -0.941855 1.21959 27.9576 162.838 -13 7972 1 0 1
12.2055 3.72879 12500 -0.722397 0.0512132 27.9906 162.605 -13 7973 1 0 1
-15.5952 -45.502 12500 -0.37972 -0.687473 27.989 162.671 -13 7974 1 0 1
11.6861 0.135954 12500 -0.735981 0.00205802 27.9903 162.596 -13 7975 1 0 1
56.1438 29.9083 12500 -1.22364 0.394301 27.9705 162.63 -13 7976 1 0 1
16.0578 -18.5341 12500 -0.778608 -0.280131 27.9878 162.601 -13 7977 1 0 1
-23.37 -1.3157 12500 -0.367185 -0.0311722 27.9976 162.629 -13 7978 1 0 1
12.7694 -27.6095 12500 -0.729022 -0.414831 27.9874 162.621 -13 7979 1 0 1
36.7571 13.7368 12500 -1.00112 0.218525 27.9812 162.602 -13 7980 1 0 1
20.2669 31.4489 12500 -0.803652 0.475232 27.9844 162.625 -13 7981 1 0 1
6.89212 -8.96141 12500 -0.676195 -0.166428 27.9913 162.609 -13 7982 1 0 1
10.4433 41.1296 12500 -0.683917 0.633885 27.9845 162.652 -13 7983 1 0 1
-22.3863 9.408 12500 -0.37253 0.154624 27.9971 162.632 -13 7984 1 0 1
-17.4276 -52.6293 12500 -0.34401 -0.772178 27.9872 162.68 -13 7985 1 0 1
-12.7782 -71.6981 12500 -0.308 -1.02859 27.9794 162.73 -13 7986 1 0 1
-26.4408 -6.19657 12500 -0.329239 -0.1074 27.9979 162.634 -13 7987 1 0 1
-7.46306 -36.3428 12500 -0.497944 -0.592039 27.9893 162.656 -13 7988 1 0 1
-42.721 -43.1748 12500 -0.0058416 -0.578006 27.994 162.67 -13 7989 1 0 1
-5.06 -11.3375 12500 -0.554788 -0.179832 27.9939 162.618 -13 7990 1 0 1
-15.1177 -13.6838 12500 -0.438931 -0.205939 27.9958 162.631 -13 7991 1 0 1
16.8511 -9.90026 12500 -0.777805 -0.160051 27.9887 162.602 -13 7992 1 0 1
-27.5919 8.55498 12500 -0.309963 0.197408 27.9976 162.64 -13 7993 1 0 1
5.46277 -8.25572 12500 -0.669085 -0.163296 27.9915 162.607 -13 7994 1 0 1
31.8468 10.0993 12500 -0.939361 0.144557 27.9839 162.597 -13 7995 1 0 1
40.5283 2.08614 12500 -1.04707 0.0428507 27.9804 162.594 -13 7996 1 0 1
2.63886 10.4354 12500 -0.641458 0.22176 27.9918 162.613 -13 7997 1 0 1
-1.78731 -22.0809 12500 -0.561183 -0.338962 27.9923 162.632 -13 7998 1 0 1
25.3303 -1.34251 12500 -0.863693 -0.00556045 27.9867 162.597 -13 7999 1 0 1
-0.199353 16.1295 12500 -0.592192 0.273491 27.9924 162.622 -13 8000 1 0 1
42.5532 46.1656 12500 -1.07885 0.667632 27.9712 162.666 -13 8001 1 0 1
-1.05247 4.48339 12500 -0.589405 0.0703391 27.9937 162.615 -13 8002 1 0 1
31.1984 26.7146 12500 -0.925122 0.405533 27.9818 162.62 -13 8003 1 0 1
-10.6028 -0.913456 12500 -0.488664 0.00371533 27.9957 162.624 -13 8004 1 0 1
24.0851 53.6988 12500 -0.835919 0.805108 27.9759 162.686 -13 8005 1 0 1
35.1216 9.36766 12500 -0.977903 0.178637 27.9823 162.602 -13 8006 1 0 1
3.75416 3.76227 12500 -0.639049 0.0489366 27.9927 162.61 -13 8007 1 0 1
14.6925 20.8943 12500 -0.743323 0.331697 27.9882 162.615 -13 8008 1 0 1
14.9805 -16.5021 12500 -0.756996 -0.304635 27.9881 162.612 -13 8009 1 0 1
11.4683 31.4525 12500 -0.710972 0.501376 27.9865 162.632 -13 8010 1 0 1
20.0522 10.8791 12500 -0.802558 0.163883 27.988 162.603 -13 8011 1 0 1
6.75149 -8.82266 12500 -0.676317 -0.14424 27.9915 162.607 -13 8012 1 0 1
17.1936 21.1193 12500 -0.7681 0.351392 27.9873 162.617 -13 8013 1 0 1
21.5169 52.4388 12500 -0.793918 0.811336 27.977 162.692 -13 8014 1 0 1
24.9402 45.3253 12500 -0.864471 0.694971 27.978 162.659 -13 8015 1 0 1
-6.07426 -7.0243 12500 -0.536171 -0.118069 27.9946 162.621 -13 8016 1 0 1
16.0474 -15.2287 12500 -0.75514 -0.265133 27.9886 162.614 -13 8017 1 0 1
-11.2862 -20.9844 12500 -0.486995 -0.325461 27.9939 162.627 -13 8018 1 0 1
-1.92732 30.6607 12500 -0.563892 0.477996 27.9902 162.639 -13 8019 1 0 1
27.0231 -14.6493 12500 -0.887893 -0.263025 27.9847 162.606 -13 8020 1 0 1
2.05659 23.4649 12500 -0.606137 0.338315 27.9914 162.627 -13 8021 1 0 1
45.1437 -14.2526 12500 -1.10784 -0.223515 27.9772 162.602 -13 8022 1 0 1
-21.1198 -108.682 12500 0.131876 -1.37606 27.9659 162.775 -13 8023 1 0 1
5.60956 -22.9145 12500 -0.643435 -0.352313 27.9904 162.626 -13 8024 1 0 1
22.0179 79.1992 12500 -0.821796 1.14487 27.9645 162.786 -13 8025 1 0 1
26.7521 -10.9025 12500 -0.868883 -0.152259 27.9861 162.604 -13 8026 1 0 1
-6.0684 10.1874 12500 -0.537582 0.157285 27.9944 162.621 -13 8027 1 0 1
19.1274 -24.4723 12500 -0.801714 -0.36315 27.9862 162.611 -13 8028 1 0 1
-13.578 38.1548 12500 -0.443067 0.611439 27.9898 162.655 -13 8029 1 0 1
18.8095 13.7455 12500 -0.799245 0.2233 27.9877 162.604 -13 8030 1 0 1
16.632 19.8333 12500 -0.766883 0.299486 27.9879 162.61 -13 8031 1 0 1
-33.0541 -6.75415 12500 -0.248431 -0.118447 27.9986 162.64 -13 8032 1 0 1
-34.883 -23.3947 12500 -0.193165 -0.358026 27.997 162.651 -13 8033 1 0 1
-12.6791 -44.6304 12500 -0.43342 -0.690204 27.9881 162.664 -13 8034 1 0 1
45.7875 -16.1666 12500 -1.10469 -0.198954 27.9775 162.602 -13 8035 1 0 1
30.0895 25.2385 12500 -0.904973 0.39304 27.9826 162.622 -13 8036 1 0 1
3.34661 -46.1857 12500 -0.613222 -0.720003 27.984 162.663 -13 8037 1 0 1
39.2265 13.9909 12500 -1.02972 0.212979 27.9802 162.602 -13 8038 1 0 1
13.5875 -7.20379 12500 -0.738164 -0.10398 27.9901 162.604 -13 8039 1 0 1
5.74261 -5.20832 12500 -0.646311 -0.0746702 27.9924 162.615 -13 8040 1 0 1
-19.6404 -7.66909 12500 -0.41598 -0.129118 27.9966 162.623 -13 8041 1 0 1
27.7364 40.0421 12500 -0.885635 0.63804 27.9787 162.658 -13 8042 1 0 1
-7.95798 8.35409 12500 -0.50004 0.140688 27.9952 162.63 -13 8043 1 0 1
8.57018 20.4276 12500 -0.68406 0.328485 27.9897 162.617 -13 8044 1 0 1
-17.2145 -36.8728 12500 -0.393715 -0.57981 27.9912 162.656 -13 8045 1 0 1
-5.15581 1.11608 12500 -0.519595 0.0353602 27.9952 162.631 -13 8046 1 0 1
-16.4514 -54.0901 12500 -0.346039 -0.797935 27.9865 162.686 -13 8047 1 0 1
22.5005 -14.998 12500 -0.815303 -0.245373 27.9871 162.614 -13 8048 1 0 1
15.9553 24.1612 12500 -0.757519 0.393056 27.987 162.621 -13 8049 1 0 1
36.6178 8.42825 12500 -0.987951 0.103278 27.9824 162.599 -13 8050 1 0 1
18.8573 -25.4276 12500 -0.779109 -0.411217 27.9861 162.627 -13 8051 1 0 1
23.903 50.3023 12500 -0.832197 0.792231 27.9764 162.688 -13 8052 1 0 1
16.6361 3.64764 12500 -0.793463 0.0699658 27.9887 162.592 -13 8053 1 0 1
8.67486 10.3604 12500 -0.720911 0.163126 27.9902 162.595 -13 8054 1 0 1
22.9228 -1.43387 12500 -0.839552 -0.0357475 27.9874 162.597 -13 8055 1 0 1
48.716 57.2893 12500 -1.17268 0.799515 27.964 162.705 -13 8056 1 0 1
34.5691 10.4951 12500 -0.980512 0.133846 27.9825 162.594 -13 8057 1 0 1
-18.8621 -111.15 12500 0.0309023 -1.42579 27.9637 162.786 -13 8058 1 0 1
-26.9096 -21.2124 12500 -0.295894 -0.320923 27.9966 162.645 -13 8059 1 0 1
-1.43349 -2.48801 12500 -0.597569 -0.0709179 27.9935 162.611 -13 8060 1 0 1
6.06734 -20.805 12500 -0.652286 -0.314598 27.9906 162.62 -13 8061 1 0 1
39.3313 41.5354 12500 -1.0297 0.638005 27.9738 162.664 -13 8062 1 0 1
-16.0368 -18.1502 12500 -0.420814 -0.269937 27.9955 162.635 -13 8063 1 0 1
-4.40758 -11.4187 12500 -0.565467 -0.150363 27.9939 162.615 -13 8064 1 0 1
14.3114 16.4159 12500 -0.753037 0.276023 27.9885 162.607 -13 8065 1 0 1
-7.54064 -5.91866 12500 -0.535212 -0.0902869 27.9947 162.615 -13 8066 1 0 1
-5.59986 -19.3057 12500 -0.531099 -0.32238 27.9931 162.631 -13 8067 1 0 1
5.27796 55.7118 12500 -0.617398 0.852654 27.9802 162.691 -13 8068 1 0 1
-14.7684 -3.57445 12500 -0.440263 -0.0934734 27.9964 162.63 -13 8069 1 0 1
-7.894 40.5397 12500 -0.486042 0.612809 27.9891 162.656 -13 8070 1 0 1
3.30655 29.4558 12500 -0.618822 0.443007 27.9897 162.633 -13 8071 1 0 1
5.81117 -39.6537 12500 -0.639295 -0.625403 27.9857 162.653 -13 8072 1 0 1
9.64612 11.2291 12500 -0.695852 0.206259 27.9906 162.613 -13 8073 1 0 1
-14.5313 -78.0166 12500 -0.24207 -1.117 27.9767 162.749 -13 8074 1 0 1
31.983 6.92322 12500 -0.937305 0.141633 27.9839 162.601 -13 8075 1 0 1
23.4161 51.6552 12500 -0.838114 0.783231 27.9765 162.678 -13 8076 1 0 1
-1.09391 8.02769 12500 -0.582253 0.144277 27.9936 162.62 -13 8077 1 0 1
7.90826 -1.44265 12500 -0.687087 -0.0498198 27.9915 162.604 -13 8078 1 0 1
-8.38621 -36.686 12500 -0.480855 -0.578956 27.9899 162.657 -13 8079 1 0 1
4.6978 12.076 12500 -0.643414 0.213463 27.9918 162.617 -13 8080 1 0 1
-2.33505 -8.81041 12500 -0.578994 -0.157959 27.9936 162.617 -13 8081 1 0 1
-4.80345 27.9534 12500 -0.538139 0.407314 27.9919 162.635 -13 8082 1 0 1
34.2182 16.8338 12500 -0.96387 0.268406 27.9821 162.607 -13 8083 1 0 1
9.72028 60.9858 12500 -0.654189 0.934343 27.9768 162.714 -13 8084 1 0 1
2.67238 13.0168 12500 -0.619707 0.193015 27.9925 162.618 -13 8085 1 0 1
29.0686 20.6165 12500 -0.899123 0.328927 27.9836 162.612 -13 8086 1 0 1
-0.7708 -17.4657 12500 -0.581444 -0.296942 27.9924 162.626 -13 8087 1 0 1
56.5923 8.99717 12500 -1.22545 0.128144 27.9729 162.609 -13 8088 1 0 1
20.9839 36.0774 12500 -0.810806 0.565065 27.9826 162.639 -13 8089 1 0 1
12.9374 -24.7663 12500 -0.730445 -0.406458 27.9875 162.622 -13 8090 1 0 1
5.22633 -1.28761 12500 -0.656388 -0.0338196 27.9923 162.608 -13 8091 1 0 1
12.3748 -3.78097 12500 -0.732475 -0.0677205 27.9903 162.601 -13 8092 1 0 1
-14.8015 1.02786 12500 -0.449062 -0.00977199 27.9964 162.626 -13 8093 1 0 1
-1.03172 -24.5228 12500 -0.593641 -0.400912 27.9908 162.626 -13 8094 1 0 1
-24.555 -0.648872 12500 -0.377948 -0.0309752 27.9974 162.621 -13 8095 1 0 1
-14.2797 41.4474 12500 -0.396776 0.647873 27.9897 162.669 -13 8096 1 0 1
1.50969 -4.66005 12500 -0.621669 -0.0689991 27.993 162.61 -13 8097 1 0 1
-24.2758 -3.20993 12500 -0.339914 -0.0595181 27.9979 162.637 -13 8098 1 0 1
-17.207 -34.6304 12500 -0.389191 -0.524361 27.9924 162.653 -13 8099 1 0 1
6.61649 -45.3857 12500 -0.627281 -0.720198 27.9837 162.674 -13 8100 1 0 1
-5.98546 -10.9514 12500 -0.543509 -0.165303 27.9942 162.619 -13 8101 1 0 1
13.3933 -0.285924 12500 -0.758851 0.0179313 27.9897 162.593 -13 8102 1 0 1
20.0183 36.773 12500 -0.778477 0.568487 27.9834 162.647 -13 8103 1 0 1
40.4373 -2.61712 12500 -1.01845 -0.0226334 27.9815 162.605 -13 8104 1 0 1
-13.6552 -50.5918 12500 -0.401313 -0.772633 27.9865 162.676 -13 8105 1 0 1
-27.1432 10.0241 12500 -0.313305 0.181224 27.9977 162.639 -13 8106 1 0 1
5.72578 9.80206 12500 -0.656551 0.160357 27.9918 162.612 -13 8107 1 0 1
9.23939 -23.0705 12500 -0.69862 -0.361342 27.989 162.616 -13 8108 1 0 1
28.467 30.826 12500 -0.892432 0.477859 27.9817 162.63 -13 8109 1 0 1
-17.2038 -44.589 12500 -0.362804 -0.661564 27.9898 162.668 -13 8110 1 0 1
-27.1634 9.6131 12500 -0.313606 0.126618 27.998 162.637 -13 8111 1 0 1
-1.29505 -30.6255 12500 -0.58968 -0.458479 27.99 162.627 -13 8112 1 0 1
3.98904 -75.3492 12500 -0.553887 -1.10835 27.9726 162.754 -13 8113 1 0 1
13.0911 -14.4955 12500 -0.738343 -0.216229 27.9894 162.606 -13 8114 1 0 1
-19.85 -63.9177 12500 -0.267612 -0.921417 27.9836 162.703 -13 8115 1 0 1
-28.9376 -69.0222 12500 -0.0950088 -0.950871 27.9837 162.707 -13 8116 1 0 1
-15.3529 -50.8633 12500 -0.36789 -0.773457 27.9869 162.681 -13 8117 1 0 1
-13.1011 -45.1576 12500 -0.414328 -0.67662 27.9888 162.667 -13 8118 1 0 1
29.6066 21.5117 12500 -0.930364 0.330882 27.9826 162.602 -13 8119 1 0 1
-22.0967 -39.5745 12500 -0.310037 -0.642763 27.9909 162.673 -13 8120 1 0 1
26.55 -6.05396 12500 -0.875502 -0.101761 27.9861 162.599 -13 8121 1 0 1
-5.13022 -56.5661 12500 -0.492771 -0.866973 27.9822 162.694 -13 8122 1 0 1
5.4847 -17.6781 12500 -0.655449 -0.310768 27.9906 162.618 -13 8123 1 0 1
5.85933 10.396 12500 -0.667509 0.169975 27.9915 162.608 -13 8124 1 0 1
0.425248 -17.2534 12500 -0.598126 -0.28208 27.9922 162.622 -13 8125 1 0 1
-13.4351 -93.4972 12500 -0.188662 -1.29036 27.9696 162.779 -13 8126 1 0 1
4.44795 3.00615 12500 -0.647846 0.052125 27.9925 162.609 -13 8127 1 0 1
-18.0097 -16.9271 12500 -0.418379 -0.27761 27.9955 162.63 -13 8128 1 0 1
-7.72992 -12.8239 12500 -0.521632 -0.189257 27.9945 162.623 -13 8129 1 0 1
-5.44719 -36.5011 12500 -0.529172 -0.541517 27.9898 162.643 -13 8130 1 0 1
10.8824 -35.8966 12500 -0.705676 -0.576749 27.9852 162.642 -13 8131 1 0 1
-11.3284 29.423 12500 -0.460308 0.462183 27.9924 162.646 -13 8132 1 0 1
-7.56417 27.8501 12500 -0.509547 0.464562 27.9915 162.642 -13 8133 1 0 1
28.1115 16.4445 12500 -0.907787 0.23711 27.9843 162.597 -13 8134 1 0 1
-19.0862 -30.4654 12500 -0.37619 -0.472931 27.9935 162.65 -13 8135 1 0 1
-12.5571 -14.7833 12500 -0.467275 -0.241339 27.9951 162.63 -13 8136 1 0 1
22.3244 -0.295818 12500 -0.824076 0.018616 27.9879 162.601 -13 8137 1 0 1
-14.141 15.7548 12500 -0.451363 0.224498 27.9955 162.628 -13 8138 1 0 1
-3.03632 -7.77718 12500 -0.572135 -0.122597 27.9939 162.616 -13 8139 1 0 1
-10.5257 -38.7473 12500 -0.447469 -0.599859 27.99 162.662 -13 8140 1 0 1
13.7571 25.4411 12500 -0.750509 0.430793 27.9866 162.621 -13 8141 1 0 1
0.906009 -26.2879 12500 -0.604056 -0.418518 27.9904 162.63 -13 8142 1 0 1
-26.6698 -6.61777 12500 -0.325723 -0.101305 27.9979 162.634 -13 8143 1 0 1
1.04437 13.9024 12500 -0.604171 0.233266 27.9925 162.621 -13 8144 1 0 1
27.5795 69.7134 12500 -0.908367 1.02009 27.9667 162.748 -13 8145 1 0 1
21.3412 9.7406 12500 -0.820246 0.133104 27.9877 162.6 -13 8146 1 0 1
31.3115 17.1288 12500 -0.922667 0.265227 27.9835 162.608 -13 8147 1 0 1
20.1177 19.5427 12500 -0.809859 0.308426 27.9866 162.607 -13 8148 1 0 1
4.74595 56.1889 12500 -0.607832 0.841523 27.9808 162.689 -13 8149 1 0 1
-6.63054 -30.9487 12500 -0.514114 -0.490707 27.991 162.643 -13 8150 1 0 1
-15.149 -42.2444 12500 -0.399957 -0.650205 27.9896 162.664 -13 8151 1 0 1
19.3407 -41.1046 12500 -0.792935 -0.663103 27.9809 162.657 -13 8152 1 0 1
-15.7778 8.68714 12500 -0.441601 0.145484 27.9961 162.626 -13 8153 1 0 1
1.77547 9.1396 12500 -0.639508 0.12815 27.9924 162.604 -13 8154 1 0 1
-14.715 -42.5357 12500 -0.396893 -0.613898 27.9905 162.662 -13 8155 1 0 1
6.33629 -17.9359 12500 -0.666543 -0.287066 27.9906 162.614 -13 8156 1 0 1
9.06164 2.83 12500 -0.696523 0.0729959 27.9912 162.606 -13 8157 1 0 1
1.84379 12.0271 12500 -0.616488 0.178834 27.9926 162.616 -13 8158 1 0 1
27.6757 30.4702 12500 -0.903714 0.472712 27.9814 162.622 -13 8159 1 0 1
14.3802 -0.307209 12500 -0.758291 -0.0534788 27.9897 162.598 -13 8160 1 0 1
0.858648 -10.6452 12500 -0.62981 -0.182299 27.9923 162.607 -13 8161 1 0 1
6.86846 47.5326 12500 -0.618062 0.718029 27.984 162.673 -13 8162 1 0 1
1.30017 -27.2971 12500 -0.615081 -0.427851 27.99 162.627 -13 8163 1 0 1
11.8202 -1.72591 12500 -0.730808 -0.0317832 27.9904 162.599 -13 8164 1 0 1
-17.1276 -57.4233 12500 -0.327742 -0.847395 27.9853 162.694 -13 8165 1 0 1
38.6494 9.49861 12500 -1.02122 0.156184 27.9809 162.599 -13 8166 1 0 1
-12.4944 19.9322 12500 -0.468421 0.290538 27.9946 162.629 -13 8167 1 0 1
6.40925 36.3319 12500 -0.632417 0.558999 27.9873 162.649 -13 8168 1 0 1
15.1132 21.0916 12500 -0.748654 0.326806 27.9881 162.614 -13 8169 1 0 1
-11.6068 37.1588 12500 -0.415159 0.588449 27.9907 162.669 -13 8170 1 0 1
-3.40588 -21.0434 12500 -0.569095 -0.340598 27.9921 162.622 -13 8171 1 0 1
7.77255 -3.84769 12500 -0.677713 -0.0683763 27.9917 162.609 -13 8172 1 0 1
29.278 27.9687 12500 -0.904742 0.445057 27.9818 162.626 -13 8173 1 0 1
-0.801222 14.4342 12500 -0.596891 0.246744 27.9925 162.618 -13 8174 1 0 1
25.8927 -8.99193 12500 -0.883181 -0.107289 27.9859 162.593 -13 8175 1 0 1
8.43201 -31.2903 12500 -0.677042 -0.530966 27.9868 162.641 -13 8176 1 0 1
-9.28646 0.674422 12500 -0.499727 0.0480197 27.9955 162.624 -13 8177 1 0 1
45.3904 50.4693 12500 -1.12848 0.723192 27.9679 162.68 -13 8178 1 0 1
-7.40405 -19.0242 12500 -0.529433 -0.330065 27.993 162.626 -13 8179 1 0 1
31.7607 -10.0933 12500 -0.931401 -0.132721 27.9842 162.6 -13 8180 1 0 1
-14.4439 -11.289 12500 -0.471053 -0.200805 27.9953 162.621 -13 8181 1 0 1
37.8917 55.8333 12500 -1.01151 0.823821 27.9696 162.708 -13 8182 1 0 1
3.32493 9.5828 12500 -0.632374 0.187229 27.9922 162.616 -13 8183 1 0 1
-2.8946 -22.6185 12500 -0.555408 -0.370243 27.992 162.633 -13 8184 1 0 1
11.528 10.9138 12500 -0.713153 0.203611 27.9902 162.613 -13 8185 1 0 1
-2.19093 9.16658 12500 -0.591251 0.135609 27.9934 162.611 -13 8186 1 0 1
25.4965 -16.9601 12500 -0.862142 -0.265195 27.9855 162.606 -13 8187 1 0 1
4.93269 14.1333 12500 -0.642743 0.196589 27.9919 162.616 -13 8188 1 0 1
6.62959 61.0993 12500 -0.597542 0.92294 27.9784 162.714 -13 8189 1 0 1
34.5852 -1.05424 12500 -0.950533 -0.0166469 27.9839 162.603 -13 8190 1 0 1
-10.4039 -27.1616 12500 -0.495235 -0.438814 27.9922 162.635 -13 8191 1 0 1
7.46394 12.1114 12500 -0.66884 0.200252 27.9913 162.615 -13 8192 1 0 1
-10.1577 -17.5533 12500 -0.495429 -0.24227 27.9946 162.624 -13 8193 1 0 1
-4.30886 -4.00686 12500 -0.569193 -0.083554 27.9941 162.613 -13 8194 1 0 1
6.62906 -17.8168 12500 -0.667786 -0.308061 27.9903 162.617 -13 8195 1 0 1
17.9222 9.25544 12500 -0.788584 0.14988 27.9885 162.601 -13 8196 1 0 1
-18.7037 8.06398 12500 -0.405812 0.106339 27.9969 162.63 -13 8197 1 0 1
28.736 -3.50426 12500 -0.896113 -0.0692737 27.9856 162.599 -13 8198 1 0 1
29.0871 -3.10412 12500 -0.901812 -0.0587866 27.9854 162.598 -13 8199 1 0 1
-9.78133 0.991525 12500 -0.483673 -0.0138526 27.9958 162.629 -13 8200 1 0 1
49.7078 -9.25274 12500 -1.1507 -0.145141 27.976 162.603 -13 8201 1 0 1
18.1982 -36.5045 12500 -0.796079 -0.616143 27.9819 162.647 -13 8202 1 0 1
9.88065 -3.67136 12500 -0.701173 -0.0532133 27.9912 162.606 -13 8203 1 0 1
-10.311 23.6707 12500 -0.494205 0.333827 27.9936 162.629 -13 8204 1 0 1
35.1562 34.2679 12500 -0.983935 0.537483 27.9775 162.64 -13 8205 1 0 1
-12.6409 14.3814 12500 -0.471043 0.189931 27.9954 162.626 -13 8206 1 0 1
27.9679 16.0411 12500 -0.896217 0.256018 27.9845 162.603 -13 8207 1 0 1
14.1955 -13.6852 12500 -0.750297 -0.226427 27.989 162.607 -13 8208 1 0 1
-3.69743 9.62983 12500 -0.553847 0.141464 27.9942 162.622 -13 8209 1 0 1
29.067 -0.974314 12500 -0.895196 -0.0405691 27.9857 162.601 -13 8210 1 0 1
7.46966 12.0601 12500 -0.66661 0.208351 27.9913 162.617 -13 8211 1 0 1
-1.1973 22.1556 12500 -0.580364 0.330555 27.992 162.625 -13 8212 1 0 1
-5.54705 -0.389147 12500 -0.563566 0.0123595 27.9943 162.61 -13 8213 1 0 1
-18.1718 22.0426 12500 -0.403753 0.330896 27.9951 162.636 -13 8214 1 0 1
-7.86934 -19.9471 12500 -0.521949 -0.296063 27.9936 162.623 -13 8215 1 0 1
13.7548 -56.0151 12500 -0.719042 -0.842884 27.9781 162.688 -13 8216 1 0 1
24.9376 107.798 12500 -0.926314 1.43332 27.9479 162.937 -13 8217 1 0 1
30.2086 30.3543 12500 -0.92205 0.480151 27.9807 162.629 -13 8218 1 0 1
10.0055 28.7556 12500 -0.692591 0.432129 27.9881 162.627 -13 8219 1 0 1
30.9932 -2.28885 12500 -0.929425 -0.0486489 27.9845 162.595 -13 8220 1 0 1
31.9798 -16.2346 12500 -0.929758 -0.259082 27.9834 162.609 -13 8221 1 0 1
-30.4256 -50.4056 12500 -0.158086 -0.724389 27.9902 162.683 -13 8222 1 0 1
-1.97666 5.1405 12500 -0.58507 0.09215 27.9937 162.614 -13 8223 1 0 1
-2.59884 -59.2093 12500 -0.502021 -0.873803 27.9819 162.7 -13 8224 1 0 1
-8.77863 -5.06749 12500 -0.522968 -0.0439021 27.9951 162.616 -13 8225 1 0 1
45.3108 19.9038 12500 -1.08678 0.318957 27.9771 162.619 -13 8226 1 0 1
-20.8318 -35.46 12500 -0.341386 -0.548706 27.9925 162.66 -13 8227 1 0 1
8.21333 -30.4737 12500 -0.678155 -0.472178 27.9878 162.629 -13 8228 1 0 1
0.919567 8.54133 12500 -0.607399 0.122858 27.9931 162.615 -13 8229 1 0 1
-17.393 -47.0619 12500 -0.351995 -0.680741 27.9895 162.672 -13 8230 1 0 1
2.63288 -37.2117 12500 -0.606073 -0.578399 27.9875 162.648 -13 8231 1 0 1
-18.4947 -9.41197 12500 -0.418818 -0.17201 27.9963 162.627 -13 8232 1 0 1
11.0534 -15.7964 12500 -0.714996 -0.273201 27.9895 162.611 -13 8233 1 0 1
19.0129 56.3439 12500 -0.767432 0.83803 27.9769 162.692 -13 8234 1 0 1
-13.7454 -24.6126 12500 -0.451607 -0.373966 27.9939 162.636 -13 8235 1 0 1
19.7893 -8.07195 12500 -0.804362 -0.126575 27.9882 162.6 -13 8236 1 0 1
3.46831 -0.67544 12500 -0.650141 -0.00922832 27.9924 162.604 -13 8237 1 0 1
-10.0941 -7.77259 12500 -0.497681 -0.134949 27.9953 162.623 -13 8238 1 0 1
4.96639 -8.48801 12500 -0.664564 -0.157419 27.9917 162.606 -13 8239 1 0 1
-8.04485 -2.65892 12500 -0.520079 -0.0673944 27.9951 162.62 -13 8240 1 0 1
4.20405 -30.7216 12500 -0.630553 -0.460027 27.9891 162.632 -13 8241 1 0 1
0.474971 -0.823136 12500 -0.59774 0.00542905 27.9936 162.617 -13 8242 1 0 1
36.8327 41.8851 12500 -1.0188 0.615379 27.9747 162.645 -13 8243 1 0 1
-15.7272 -8.69171 12500 -0.42871 -0.151357 27.9963 162.632 -13 8244 1 0 1
-24.3266 -44.0439 12500 -0.269305 -0.65665 27.991 162.674 -13 8245 1 0 1
4.87307 37.6044 12500 -0.621588 0.568483 27.9873 162.647 -13 8246 1 0 1
8.60317 -10.8611 12500 -0.70883 -0.158471 27.9906 162.599 -13 8247 1 0 1
-12.9093 -5.82724 12500 -0.48476 -0.06248 27.9957 162.617 -13 8248 1 0 1
11.31 -5.02044 12500 -0.713577 -0.0429706 27.9909 162.606 -13 8249 1 0 1
20.179 -21.0685 12500 -0.802124 -0.314411 27.9867 162.61 -13 8250 1 0 1
-4.22258 -8.0215 12500 -0.551235 -0.130755 27.9943 162.622 -13 8251 1 0 1
-5.60235 29.1356 12500 -0.547537 0.45865 27.9909 162.633 -13 8252 1 0 1
20.2193 14.6441 12500 -0.827021 0.247432 27.9867 162.599 -13 8253 1 0 1
30.8182 -5.17227 12500 -0.918053 -0.0921764 27.9848 162.6 -13 8254 1 0 1
4.84881 41.8677 12500 -0.616147 0.658086 27.9855 162.661 -13 8255 1 0 1
-13.7419 -13.3315 12500 -0.457641 -0.200913 27.9955 162.628 -13 8256 1 0 1
-0.027609 53.4402 12500 -0.553654 0.819909 27.9825 162.687 -13 8257 1 0 1
6.59031 0.432312 12500 -0.669634 -0.0124855 27.992 162.607 -13 8258 1 0 1
0.193804 -3.74898 12500 -0.594548 -0.0947161 27.9935 162.619 -13 8259 1 0 1
-28.1574 -38.2513 12500 -0.24468 -0.561548 27.9933 162.664 -13 8260 1 0 1
12.4857 -23.2189 12500 -0.728781 -0.405316 27.9876 162.622 -13 8261 1 0 1
-28.8417 25.6583 12500 -0.26333 0.396981 27.9959 162.652 -13 8262 1 0 1
32.395 20.9383 12500 -0.932926 0.345468 27.9823 162.617 -13 8263 1 0 1
-6.06856 -56.0202 12500 -0.470001 -0.852829 27.9831 162.696 -13 8264 1 0 1
7.42622 22.2393 12500 -0.679959 0.360784 27.9894 162.617 -13 8265 1 0 1
-14.5963 4.11391 12500 -0.44354 0.0607032 27.9964 162.628 -13 8266 1 0 1
-24.2901 18.8347 12500 -0.357764 0.330158 27.9958 162.635 -13 8267 1 0 1
-23.9862 -18.4808 12500 -0.322741 -0.322981 27.9963 162.649 -13 8268 1 0 1
-4.46011 35.6491 12500 -0.53543 0.533941 27.9898 162.644 -13 8269 1 0 1
-18.6179 -53.8354 12500 -0.323266 -0.794373 27.9869 162.684 -13 8270 1 0 1
-13.7714 -26.5112 12500 -0.449557 -0.4232 27.9932 162.64 -13 8271 1 0 1
-14.4889 -37.1902 12500 -0.424208 -0.583654 27.9907 162.655 -13 8272 1 0 1
43.3399 78.8535 12500 -1.13579 1.06422 27.9567 162.792 -13 8273 1 0 1
-0.883839 -31.5905 12500 -0.572623 -0.526689 27.9892 162.646 -13 8274 1 0 1
28.0849 -29.2377 12500 -0.905025 -0.445908 27.9818 162.619 -13 8275 1 0 1
-17.3924 -0.405431 12500 -0.439363 0.0111893 27.9966 162.62 -13 8276 1 0 1
41.6515 9.63808 12500 -1.03633 0.143059 27.9804 162.606 -13 8277 1 0 1
10.0068 49.3091 12500 -0.663792 0.763936 27.9817 162.677 -13 8278 1 0 1
-37.1805 -24.1708 12500 -0.156365 -0.347805 27.9974 162.653 -13 8279 1 0 1
-30.0682 -17.3739 12500 -0.262783 -0.245987 27.9977 162.645 -13 8280 1 0 1
-15.4768 -9.0474 12500 -0.441186 -0.0984322 27.9964 162.626 -13 8281 1 0 1
-12.2656 -33.1724 12500 -0.446264 -0.514237 27.9917 162.649 -13 8282 1 0 1
-1.19469 -1.44299 12500 -0.568602 -0.0247214 27.9942 162.624 -13 8283 1 0 1
24.6778 -1.63306 12500 -0.862367 -0.0207913 27.9867 162.594 -13 8284 1 0 1
9.34896 20.1071 12500 -0.683941 0.293265 27.9901 162.617 -13 8285 1 0 1
13.3876 31.7128 12500 -0.734681 0.482324 27.9862 162.626 -13 8286 1 0 1
39.9423 15.6964 12500 -1.02148 0.24777 27.9803 162.611 -13 8287 1 0 1
-6.2291 19.1533 12500 -0.52193 0.298189 27.9935 162.63 -13 8288 1 0 1
19.4358 23.5805 12500 -0.798667 0.392285 27.9859 162.618 -13 8289 1 0 1
-2.20884 1.07241 12500 -0.583734 0.00342371 27.9939 162.613 -13 8290 1 0 1
-0.538029 1.36163 12500 -0.611532 0.0110329 27.9933 162.607 -13 8291 1 0 1
-17.5318 32.813 12500 -0.382287 0.50603 27.9928 162.653 -13 8292 1 0 1
1.13322 -26.766 12500 -0.612661 -0.437903 27.9899 162.63 -13 8293 1 0 1
-12.661 24.2212 12500 -0.449378 0.411302 27.9934 162.643 -13 8294 1 0 1
8.0896 4.0187 12500 -0.687522 0.0688044 27.9915 162.605 -13 8295 1 0 1
-4.44401 -23.0396 12500 -0.538288 -0.397094 27.992 162.637 -13 8296 1 0 1
-18.1911 -21.899 12500 -0.404853 -0.322394 27.9952 162.634 -13 8297 1 0 1
26.0823 3.2694 12500 -0.878663 0.0640336 27.9861 162.595 -13 8298 1 0 1
-8.92874 -15.0914 12500 -0.518005 -0.223304 27.9943 162.62 -13 8299 1 0 1
-30.6341 19.3811 12500 -0.254123 0.293654 27.9973 162.646 -13 8300 1 0 1
4.13693 44.1607 12500 -0.615101 0.695368 27.9846 162.664 -13 8301 1 0 1
28.0174 2.55523 12500 -0.895401 0.0616866 27.9856 162.597 -13 8302 1 0 1
11.5474 17.5257 12500 -0.718397 0.282621 27.9894 162.611 -13 8303 1 0 1
-2.01057 8.52893 12500 -0.580095 0.162437 27.9935 162.618 -13 8304 1 0 1
41.1738 48.1137 12500 -1.07046 0.687305 27.9711 162.665 -13 8305 1 0 1
15.7856 30.2416 12500 -0.738345 0.477441 27.9862 162.636 -13 8306 1 0 1
-27.9936 -12.8715 12500 -0.309513 -0.214521 27.9975 162.638 -13 8307 1 0 1
23.3704 -71.7204 12500 -0.840045 -1.03804 27.9681 162.744 -13 8308 1 0 1
16.5216 18.4593 12500 -0.783048 0.277575 27.9877 162.602 -13 8309 1 0 1
-6.71785 -40.3693 12500 -0.506781 -0.607379 27.9888 162.652 -13 8310 1 0 1
4.33234 27.7024 12500 -0.636659 0.40432 27.9898 162.627 -13 8311 1 0 1
-13.9216 -9.99857 12500 -0.448226 -0.162543 27.9959 162.631 -13 8312 1 0 1
23.013 -7.98917 12500 -0.837523 -0.131326 27.9872 162.6 -13 8313 1 0 1
-0.604009 5.50694 12500 -0.590906 0.0823434 27.9936 162.616 -13 8314 1 0 1
38.4121 32.3986 12500 -1.01907 0.486913 27.9772 162.632 -13 8315 1 0 1
-0.884014 -22.7793 12500 -0.578342 -0.371863 27.9916 162.631 -13 8316 1 0 1
16.7562 -3.66954 12500 -0.791619 -0.0619973 27.9887 162.592 -13 8317 1 0 1
5.41868 -12.7643 12500 -0.651028 -0.212033 27.9916 162.616 -13 8318 1 0 1
-0.056265 14.7069 12500 -0.59193 0.198217 27.993 162.62 -13 8319 1 0 1
-24.4385 2.92555 12500 -0.343974 0.043457 27.9979 162.635 -13 8320 1 0 1
-19.3465 -8.26991 12500 -0.407584 -0.140875 27.9967 162.628 -13 8321 1 0 1
21.4143 23.6633 12500 -0.829277 0.356296 27.9854 162.609 -13 8322 1 0 1
33.5131 47.4408 12500 -0.972036 0.706214 27.9742 162.666 -13 8323 1 0 1
32.0847 77.7379 12500 -0.979505 1.10546 27.961 162.79 -13 8324 1 0 1
0.0710889 18.4148 12500 -0.610162 0.295812 27.9918 162.616 -13 8325 1 0 1
21.4688 -0.899191 12500 -0.817498 -0.0172822 27.9881 162.6 -13 8326 1 0 1
32.8428 31.1398 12500 -0.950843 0.485582 27.9796 162.631 -13 8327 1 0 1
23.1857 5.90445 12500 -0.847776 0.0985493 27.987 162.596 -13 8328 1 0 1
26.678 14.5984 12500 -0.876602 0.227773 27.9853 162.605 -13 8329 1 0 1
-35.5203 15.2464 12500 -0.184446 0.233996 27.9984 162.651 -13 8330 1 0 1
-5.47824 -18.4689 12500 -0.546761 -0.295749 27.9931 162.622 -13 8331 1 0 1
21.6336 0.783388 12500 -0.820212 0.0120285 27.988 162.599 -13 8332 1 0 1
2.8955 8.67773 12500 -0.602838 0.143365 27.9931 162.626 -13 8333 1 0 1
-11.3204 -0.508519 12500 -0.490888 -0.010665 27.9957 162.62 -13 8334 1 0 1
41.1274 56.7374 12500 -1.06482 0.833285 27.9673 162.714 -13 8335 1 0 1
-21.7615 -109.368 12500 0.160675 -1.36908 27.966 162.774 -13 8336 1 0 1
18.5134 -4.90888 12500 -0.7935 -0.0813983 27.9886 162.599 -13 8337 1 0 1
14.8705 -13.6041 12500 -0.76823 -0.232412 27.9885 162.602 -13 8338 1 0 1
23.7572 -12.1356 12500 -0.853004 -0.182528 27.9864 162.599 -13 8339 1 0 1
-31.0437 -45.6884 12500 -0.203791 -0.660145 27.9915 162.667 -13 8340 1 0 1
-3.87502 32.8602 12500 -0.528844 0.524387 27.9901 162.65 -13 8341 1 0 1
-17.0504 -35.674 12500 -0.394937 -0.550137 27.9918 162.653 -13 8342 1 0 1
5.82873 2.25849 12500 -0.656754 0.0279931 27.9923 162.61 -13 8343 1 0 1
-11.2353 17.0522 12500 -0.478501 0.276054 27.9946 162.63 -13 8344 1 0 1
15.5144 34.9457 12500 -0.737505 0.526109 27.9853 162.638 -13 8345 1 0 1
-2.33944 18.9709 12500 -0.573116 0.290851 27.9926 162.622 -13 8346 1 0 1
-12.9767 -16.3833 12500 -0.458218 -0.244676 27.9952 162.63 -13 8347 1 0 1
-15.1273 -72.7523 12500 -0.279921 -1.01778 27.9801 162.724 -13 8348 1 0 1
1.25372 16.5663 12500 -0.600596 0.275067 27.9922 162.624 -13 8349 1 0 1
-16.0945 -4.69103 12500 -0.447585 -0.0616138 27.9964 162.621 -13 8350 1 0 1
-13.9984 -30.9549 12500 -0.445111 -0.475128 27.9924 162.641 -13 8351 1 0 1
11.3164 2.4295 12500 -0.721239 0.0175985 27.9907 162.602 -13 8352 1 0 1
5.82613 -17.6784 12500 -0.664259 -0.284775 27.9907 162.613 -13 8353 1 0 1
-6.46306 -11.7212 12500 -0.55022 -0.163517 27.9941 162.614 -13 8354 1 0 1
-0.253694 -57.0526 12500 -0.541922 -0.862233 27.9815 162.696 -13 8355 1 0 1
11.3702 48.242 12500 -0.717416 0.757579 27.9806 162.665 -13 8356 1 0 1
9.45668 62.0624 12500 -0.669468 0.923747 27.9767 162.702 -13 8357 1 0 1
-17.4138 -67.0012 12500 -0.263104 -0.996023 27.981 162.723 -13 8358 1 0 1
32.1619 33.7117 12500 -0.952679 0.532205 27.9787 162.635 -13 8359 1 0 1
-24.8901 -3.55708 12500 -0.360413 -0.0356673 27.9977 162.627 -13 8360 1 0 1
9.87882 -18.1335 12500 -0.709768 -0.291557 27.9895 162.609 -13 8361 1 0 1
26.081 -2.72898 12500 -0.877938 -0.0618789 27.9862 162.595 -13 8362 1 0 1
24.7349 3.44762 12500 -0.831119 0.0536751 27.9876 162.609 -13 8363 1 0 1
9.62375 -12.6506 12500 -0.704992 -0.187268 27.9905 162.606 -13 8364 1 0 1
23.367 -27.5222 12500 -0.845218 -0.445497 27.9837 162.623 -13 8365 1 0 1
-16.561 -28.2287 12500 -0.413794 -0.434674 27.9936 162.644 -13 8366 1 0 1
-14.1733 -25.6113 12500 -0.422497 -0.37573 27.9943 162.646 -13 8367 1 0 1
-0.13441 -41.4162 12500 -0.56329 -0.66817 27.9864 162.667 -13 8368 1 0 1
15.9395 -0.161106 12500 -0.770447 0.0341134 27.9894 162.599 -13 8369 1 0 1
-1.15881 -14.1027 12500 -0.600697 -0.207483 27.9928 162.613 -13 8370 1 0 1
8.16829 34.8004 12500 -0.670288 0.537695 27.9868 162.638 -13 8371 1 0 1
-4.45448 -31.6421 12500 -0.533474 -0.490023 27.9906 162.642 -13 8372 1 0 1
41.5353 4.69962 12500 -1.04317 0.0287553 27.9805 162.6 -13 8373 1 0 1
11.1007 -19.2344 12500 -0.70694 -0.291525 27.9896 162.614 -13 8374 1 0 1
-14.9263 -18.6392 12500 -0.443051 -0.282902 27.9951 162.63 -13 8375 1 0 1
16.8959 14.5057 12500 -0.778594 0.222544 27.9883 162.604 -13 8376 1 0 1
-9.87966 -15.3916 12500 -0.491999 -0.260312 27.9945 162.63 -13 8377 1 0 1
25.2792 -4.48606 12500 -0.875661 -0.109977 27.9861 162.594 -13 8378 1 0 1
38.4679 4.66642 12500 -1.00443 0.0882004 27.9818 162.602 -13 8379 1 0 1
28.9362 13.2189 12500 -0.904629 0.198974 27.9847 162.601 -13 8380 1 0 1
2.2011 22.3327 12500 -0.612264 0.345726 27.9912 162.625 -13 8381 1 0 1
-9.49409 20.0683 12500 -0.496843 0.317027 27.9938 162.629 -13 8382 1 0 1
1.87415 4.66732 12500 -0.627982 0.0981031 27.9928 162.61 -13 8383 1 0 1
18.0325 1.68709 12500 -0.788399 0.0176641 27.9889 162.598 -13 8384 1 0 1
-8.76064 -11.1932 12500 -0.515341 -0.180923 27.9947 162.622 -13 8385 1 0 1
23.3934 61.7726 12500 -0.843845 0.936926 27.9716 162.722 -13 8386 1 0 1
-28.5775 -14.5781 12500 -0.302459 -0.210875 27.9976 162.637 -13 8387 1 0 1
-2.6529 42.6094 12500 -0.542283 0.662205 27.9869 162.661 -13 8388 1 0 1
4.04134 12.4201 12500 -0.648524 0.22804 27.9916 162.614 -13 8389 1 0 1
4.51631 14.8399 12500 -0.652926 0.235845 27.9914 162.612 -13 8390 1 0 1
27.481 63.3575 12500 -0.880957 0.945724 27.9702 162.732 -13 8391 1 0 1
6.21184 14.8549 12500 -0.671554 0.230805 27.991 162.609 -13 8392 1 0 1
7.83474 2.79204 12500 -0.678399 0.0672907 27.9917 162.609 -13 8393 1 0 1
37.7808 35.0851 12500 -1.0109 0.531746 27.9767 162.639 -13 8394 1 0 1
32.0812 17.0189 12500 -0.942499 0.279417 27.9827 162.606 -13 8395 1 0 1
8.5204 -1.88318 12500 -0.681969 -0.0075429 27.9917 162.609 -13 8396 1 0 1
51.0198 23.4427 12500 -1.17425 0.332802 27.9734 162.614 -13 8397 1 0 1
-9.04404 6.21413 12500 -0.507961 0.0626415 27.9953 162.622 -13 8398 1 0 1
19.8408 1.49877 12500 -0.787812 0.0580774 27.9889 162.607 -13 8399 1 0 1
15.1404 16.1585 12500 -0.761215 0.273822 27.9883 162.607 -13 8400 1 0 1
9.86168 -24.6122 12500 -0.697722 -0.367391 27.9889 162.62 -13 8401 1 0 1
-24.5408 -39.319 12500 -0.309463 -0.601902 27.9918 162.659 -13 8402 1 0 1
-8.81532 -42.0226 12500 -0.47813 -0.627779 27.9889 162.656 -13 8403 1 0 1
-5.92103 42.7949 12500 -0.48906 0.686862 27.9873 162.672 -13 8404 1 0 1
19.6555 -3.95615 12500 -0.81106 -0.0687239 27.9882 162.596 -13 8405 1 0 1
-29.7819 -16.4296 12500 -0.272762 -0.251177 27.9975 162.644 -13 8406 1 0 1
-7.32927 -66.8388 12500 -0.429646 -1.01117 27.9784 162.721 -13 8407 1 0 1
-8.57284 -5.80989 12500 -0.517105 -0.0938027 27.9951 162.62 -13 8408 1 0 1
4.82912 58.4898 12500 -0.61087 0.93098 27.9779 162.713 -13 8409 1 0 1
26.1148 -16.1654 12500 -0.864722 -0.242159 27.9856 162.607 -13 8410 1 0 1
20.3239 20.5072 12500 -0.803558 0.323189 27.9866 162.611 -13 8411 1 0 1
24.2235 6.27618 12500 -0.835092 0.119625 27.9873 162.607 -13 8412 1 0 1
19.6583 9.30821 12500 -0.804852 0.121437 27.9882 162.599 -13 8413 1 0 1
2.40178 -26.0223 12500 -0.614312 -0.414599 27.9902 162.632 -13 8414 1 0 1
-0.229149 -35.1423 12500 -0.570354 -0.548184 27.9888 162.649 -13 8415 1 0 1
13.1636 -22.5578 12500 -0.721822 -0.326935 27.9888 162.619 -13 8416 1 0 1
28.3261 49.7181 12500 -0.881679 0.759586 27.9758 162.682 -13 8417 1 0 1
12.788 -4.38466 12500 -0.720514 -0.0748519 27.9906 162.609 -13 8418 1 0 1
-12.9169 -104.476 12500 -0.113485 -1.39853 27.9648 162.803 -13 8419 1 0 1
3.5574 -3.65946 12500 -0.646441 -0.0705797 27.9924 162.607 -13 8420 1 0 1
31.4515 27.8154 12500 -0.921235 0.443563 27.9813 162.63 -13 8421 1 0 1
-11.0215 -0.379122 12500 -0.462632 -0.00822264 27.9962 162.634 -13 8422 1 0 1
24.355 15.5284 12500 -0.861747 0.249841 27.9856 162.601 -13 8423 1 0 1
-4.33885 -17.5375 12500 -0.572765 -0.264008 27.9929 162.614 -13 8424 1 0 1
23.9575 47.3564 12500 -0.834986 0.727667 27.9781 162.671 -13 8425 1 0 1
44.6435 77.0757 12500 -1.15805 1.04708 27.9564 162.79 -13 8426 1 0 1
18.8612 -23.5151 12500 -0.794295 -0.380969 27.9861 162.616 -13 8427 1 0 1
-16.3995 -17.6791 12500 -0.412207 -0.316538 27.9952 162.641 -13 8428 1 0 1
-3.76451 -24.8661 12500 -0.550056 -0.386369 27.9919 162.633 -13 8429 1 0 1
19.2084 16.7176 12500 -0.788392 0.2668 27.9876 162.61 -13 8430 1 0 1
4.69596 12.9671 12500 -0.634951 0.202298 27.9921 162.62 -13 8431 1 0 1
18.009 17.1464 12500 -0.783636 0.285956 27.9876 162.609 -13 8432 1 0 1
-23.1136 -9.64874 12500 -0.368296 -0.132115 27.9973 162.63 -13 8433 1 0 1
23.5285 39.4498 12500 -0.815459 0.646687 27.9807 162.667 -13 8434 1 0 1
38.6816 49.7287 12500 -1.01658 0.705735 27.9726 162.672 -13 8435 1 0 1
0.727535 -15.8199 12500 -0.626348 -0.244372 27.9919 162.608 -13 8436 1 0 1
7.1293 23.5081 12500 -0.663581 0.380744 27.9895 162.625 -13 8437 1 0 1
21.8156 -24.2696 12500 -0.81358 -0.407 27.9852 162.625 -13 8438 1 0 1
13.7576 -4.0505 12500 -0.737939 -0.0550539 27.9902 162.604 -13 8439 1 0 1
34.7447 9.09188 12500 -0.990818 0.142036 27.9821 162.592 -13 8440 1 0 1
41.6084 34.585 12500 -1.06968 0.515427 27.9748 162.635 -13 8441 1 0 1
-16.028 3.83156 12500 -0.430605 0.0310012 27.9967 162.629 -13 8442 1 0 1
16.8599 19.4294 12500 -0.770392 0.304325 27.9877 162.61 -13 8443 1 0 1
22.4068 -18.2964 12500 -0.835122 -0.289949 27.986 162.605 -13 8444 1 0 1
27.0445 49.7795 12500 -0.884998 0.746083 27.9761 162.67 -13 8445 1 0 1
-13.1489 -29.8897 12500 -0.438137 -0.447805 27.993 162.646 -13 8446 1 0 1
1.30333 20.3659 12500 -0.609751 0.315051 27.9916 162.62 -13 8447 1 0 1
-1.5856 -34.3481 12500 -0.560898 -0.554273 27.9889 162.65 -13 8448 1 0 1
25.7812 -6.22202 12500 -0.868668 -0.116715 27.9863 162.599 -13 8449 1 0 1
0.148764 -28.5625 12500 -0.587328 -0.422724 27.9906 162.634 -13 8450 1 0 1
16.4643 -9.16847 12500 -0.773576 -0.108249 27.9891 162.6 -13 8451 1 0 1
44.5019 58.5068 12500 -1.13673 0.844257 27.9642 162.716 -13 8452 1 0 1
40.7391 1.5336 12500 -1.03711 0.0480607 27.9807 162.599 -13 8453 1 0 1
22.553 4.53167 12500 -0.846494 0.0536216 27.9872 162.592 -13 8454 1 0 1
-13.1658 -38.5403 12500 -0.433718 -0.603537 27.9901 162.657 -13 8455 1 0 1
26.5772 18.5303 12500 -0.884576 0.274192 27.9847 162.601 -13 8456 1 0 1
25.5535 -9.95472 12500 -0.867314 -0.136069 27.9862 162.599 -13 8457 1 0 1
-23.5801 -40.6621 12500 -0.301712 -0.607342 27.9918 162.664 -13 8458 1 0 1
-7.48033 -10.9969 12500 -0.545836 -0.192629 27.994 162.614 -13 8459 1 0 1
12.8058 -37.9993 12500 -0.71182 -0.621351 27.9841 162.655 -13 8460 1 0 1
33.1 41.1167 12500 -0.952944 0.612433 27.9771 162.649 -13 8461 1 0 1
5.43483 25.8652 12500 -0.646304 0.408614 27.9896 162.628 -13 8462 1 0 1
24.793 -6.8899 12500 -0.863097 -0.144887 27.9863 162.599 -13 8463 1 0 1
5.15027 35.8634 12500 -0.636507 0.585244 27.9866 162.649 -13 8464 1 0 1
-12.8453 -5.83971 12500 -0.475597 -0.0718382 27.9959 162.621 -13 8465 1 0 1
28.5545 11.0429 12500 -0.890902 0.163659 27.9853 162.603 -13 8466 1 0 1
-1.72015 -7.08489 12500 -0.596184 -0.102524 27.9935 162.61 -13 8467 1 0 1
-39.8716 -23.2673 12500 -0.137364 -0.327445 27.9977 162.648 -13 8468 1 0 1
36.3888 75.9171 12500 -1.04981 1.06466 27.9601 162.78 -13 8469 1 0 1
24.3065 37.0724 12500 -0.867799 0.575824 27.9806 162.635 -13 8470 1 0 1
-17.0384 -25.1094 12500 -0.397248 -0.385665 27.9945 162.646 -13 8471 1 0 1
21.4204 52.5638 12500 -0.821446 0.779918 27.9771 162.672 -13 8472 1 0 1
-9.99462 0.730768 12500 -0.504012 0.0402034 27.9954 162.619 -13 8473 1 0 1
-4.34987 14.0524 12500 -0.560503 0.202352 27.9937 162.619 -13 8474 1 0 1
1.57916 -13.2888 12500 -0.60427 -0.178522 27.9929 162.621 -13 8475 1 0 1
-14.9948 -16.2779 12500 -0.434727 -0.234964 27.9956 162.632 -13 8476 1 0 1
-1.9151 -12.2314 12500 -0.564612 -0.209095 27.9935 162.628 -13 8477 1 0 1
-28.7774 -13.9358 12500 -0.274863 -0.237319 27.9976 162.649 -13 8478 1 0 1
15.638 16.7307 12500 -0.75741 0.241135 27.9887 162.607 -13 8479 1 0 1
-14.9732 -60.0714 12500 -0.342843 -0.8688 27.9844 162.698 -13 8480 1 0 1
5.52559 -19.475 12500 -0.644986 -0.302781 27.9909 162.621 -13 8481 1 0 1
14.8983 -4.99764 12500 -0.762396 -0.0501535 27.9896 162.598 -13 8482 1 0 1
30.6612 16.4066 12500 -0.917941 0.265872 27.9837 162.608 -13 8483 1 0 1
-9.37164 -25.4702 12500 -0.481723 -0.408637 27.9929 162.643 -13 8484 1 0 1
-20.4849 -8.10707 12500 -0.405374 -0.139662 27.9967 162.625 -13 8485 1 0 1
12.1597 -10.3988 12500 -0.726896 -0.179729 27.99 162.607 -13 8486 1 0 1
-12.0755 42.5481 12500 -0.438144 0.649924 27.989 162.662 -13 8487 1 0 1
44.0939 -35.0272 12500 -1.09554 -0.536701 27.9734 162.645 -13 8488 1 0 1
-8.34904 -4.87809 12500 -0.487116 -0.109256 27.9955 162.635 -13 8489 1 0 1
-18.8606 39.438 12500 -0.335217 0.603969 27.9915 162.67 -13 8490 1 0 1
16.4964 10.694 12500 -0.76038 0.13606 27.9893 162.607 -13 8491 1 0 1
17.2415 37.808 12500 -0.75811 0.576213 27.9838 162.643 -13 8492 1 0 1
15.4044 33.7072 12500 -0.73666 0.542067 27.9851 162.643 -13 8493 1 0 1
-1.29659 -20.9102 12500 -0.578614 -0.348468 27.9919 162.628 -13 8494 1 0 1
22.4048 -1.22261 12500 -0.828057 -0.0277155 27.9877 162.599 -13 8495 1 0 1
-5.40736 -26.3213 12500 -0.530663 -0.461237 27.9912 162.643 -13 8496 1 0 1
25.1155 41.2876 12500 -0.855266 0.652948 27.9793 162.658 -13 8497 1 0 1
31.5482 31.777 12500 -0.926392 0.493714 27.9803 162.634 -13 8498 1 0 1
23.8019 36.9568 12500 -0.843787 0.556335 27.9818 162.635 -13 8499 1 0 1
16.4608 3.96323 12500 -0.754324 0.0573999 27.9898 162.608 -13 8500 1 0 1
33.8545 3.69221 12500 -0.970044 0.040652 27.9832 162.592 -13 8501 1 0 1
-0.456867 -26.8721 12500 -0.578668 -0.422386 27.9908 162.637 -13 8502 1 0 1
3.20255 11.0327 12500 -0.625572 0.187815 27.9924 162.618 -13 8503 1 0 1
-25.0238 12.167 12500 -0.321829 0.180427 27.9976 162.643 -13 8504 1 0 1
25.9195 -4.28669 12500 -0.880739 -0.0347355 27.9861 162.593 -13 8505 1 0 1
39.9505 8.13755 12500 -1.01521 0.150617 27.9812 162.609 -13 8506 1 0 1
-9.52255 -73.3109 12500 -0.353537 -1.03995 27.9784 162.734 -13 8507 1 0 1
40.3222 -17.7453 12500 -1.04406 -0.244054 27.9795 162.601 -13 8508 1 0 1
25.5781 60.6586 12500 -0.871513 0.924442 27.9712 162.722 -13 8509 1 0 1
14.3935 -44.7133 12500 -0.729454 -0.665537 27.9826 162.654 -13 8510 1 0 1
17.5645 17.5142 12500 -0.778158 0.288531 27.9877 162.61 -13 8511 1 0 1
42.3142 17.6242 12500 -1.06872 0.276448 27.9782 162.606 -13 8512 1 0 1
20.3903 -36.0589 12500 -0.801654 -0.567962 27.9828 162.641 -13 8513 1 0 1
-11.3529 -8.56649 12500 -0.482991 -0.122096 27.9956 162.624 -13 8514 1 0 1
34.6925 25.3331 12500 -0.993264 0.396331 27.9796 162.612 -13 8515 1 0 1
10.7494 9.14383 12500 -0.723221 0.161388 27.9902 162.602 -13 8516 1 0 1
-19.7637 -27.9648 12500 -0.369117 -0.422155 27.9944 162.649 -13 8517 1 0 1
29.2897 38.3067 12500 -0.912494 0.603584 27.9786 162.648 -13 8518 1 0 1
-20.544 -23.5501 12500 -0.373038 -0.373644 27.995 162.642 -13 8519 1 0 1
8.33448 -40.1417 12500 -0.6805 -0.609271 27.9851 162.641 -13 8520 1 0 1
21.9825 64.9126 12500 -0.816745 0.969906 27.9713 162.728 -13 8521 1 0 1
-8.11766 -24.4512 12500 -0.497271 -0.372801 27.9931 162.638 -13 8522 1 0 1
37.0178 16.9543 12500 -1.02026 0.277944 27.98 162.6 -13 8523 1 0 1
23.0299 -12.9658 12500 -0.859715 -0.193304 27.9861 162.593 -13 8524 1 0 1
-14.8819 -9.42687 12500 -0.441556 -0.144891 27.9961 162.629 -13 8525 1 0 1
5.20195 -49.89 12500 -0.629998 -0.782374 27.982 162.673 -13 8526 1 0 1
-30.9752 -0.453531 12500 -0.282136 -0.012792 27.9986 162.635 -13 8527 1 0 1
13.2236 -2.26324 12500 -0.739424 -0.00971214 27.9902 162.601 -13 8528 1 0 1
-17.1117 -20.8802 12500 -0.431936 -0.333524 27.9947 162.629 -13 8529 1 0 1
-31.3773 -36.7365 12500 -0.227374 -0.555647 27.9936 162.658 -13 8530 1 0 1
8.6549 -19.6745 12500 -0.690126 -0.313213 27.9897 162.614 -13 8531 1 0 1
49.3196 2.02164 12500 -1.1338 0.0217388 27.977 162.603 -13 8532 1 0 1
28.9875 44.8406 12500 -0.889633 0.679692 27.9776 162.665 -13 8533 1 0 1
7.1085 -18.1954 12500 -0.689309 -0.302499 27.9899 162.608 -13 8534 1 0 1
20.8417 20.2484 12500 -0.817014 0.336517 27.9861 162.611 -13 8535 1 0 1
4.02673 -35.0881 12500 -0.638544 -0.532904 27.9876 162.634 -13 8536 1 0 1
-30.7586 -38.7388 12500 -0.188318 -0.56732 27.9936 162.672 -13 8537 1 0 1
-13.123 15.8173 12500 -0.448726 0.229995 27.9955 162.633 -13 8538 1 0 1
-14.3202 -17.6938 12500 -0.46773 -0.255575 27.9949 162.621 -13 8539 1 0 1
34.1667 31.421 12500 -0.953178 0.483625 27.9796 162.636 -13 8540 1 0 1
-32.2791 -22.7968 12500 -0.243485 -0.328901 27.997 162.644 -13 8541 1 0 1
-0.61208 12.8796 12500 -0.584342 0.226238 27.993 162.624 -13 8542 1 0 1
5.30896 -30.5174 12500 -0.642786 -0.486918 27.9884 162.635 -13 8543 1 0 1
4.70062 -5.71079 12500 -0.650571 -0.0706126 27.9924 162.609 -13 8544 1 0 1
14.6063 50.0449 12500 -0.727148 0.759869 27.9802 162.671 -13 8545 1 0 1
5.333 54.3429 12500 -0.613498 0.817176 27.9813 162.684 -13 8546 1 0 1
29.1275 31.0158 12500 -0.896715 0.471889 27.9817 162.63 -13 8547 1 0 1
34.9642 41.4513 12500 -0.981016 0.62604 27.9758 162.653 -13 8548 1 0 1
-3.19614 -72.7735 12500 -0.475792 -1.08135 27.9751 162.737 -13 8549 1 0 1
-5.85477 -15.0168 12500 -0.544213 -0.287562 27.9932 162.626 -13 8550 1 0 1
3.33418 76.7376 12500 -0.533529 1.13749 27.9718 162.765 -13 8551 1 0 1
-12.1342 -51.3812 12500 -0.396012 -0.784686 27.9862 162.687 -13 8552 1 0 1
-14.3365 70.6133 12500 -0.300527 1.02015 27.9798 162.723 -13 8553 1 0 1
-6.76559 -23.8611 12500 -0.513206 -0.364261 27.9929 162.636 -13 8554 1 0 1
-25.5583 -2.48074 12500 -0.32531 -0.0363986 27.9981 162.638 -13 8555 1 0 1
9.10062 -34.1332 12500 -0.67931 -0.541595 27.9865 162.64 -13 8556 1 0 1
9.2985 22.9062 12500 -0.707135 0.352632 27.9888 162.612 -13 8557 1 0 1
8.01875 55.2014 12500 -0.630053 0.831198 27.9806 162.692 -13 8558 1 0 1
43.7767 40.1546 12500 -1.10016 0.611165 27.9717 162.658 -13 8559 1 0 1
-0.819863 -37.627 12500 -0.571517 -0.604499 27.9876 162.653 -13 8560 1 0 1
7.43452 38.626 12500 -0.644057 0.579876 27.9866 162.648 -13 8561 1 0 1
4.09908 4.48609 12500 -0.646147 0.0951932 27.9924 162.61 -13 8562 1 0 1
13.7089 25.4894 12500 -0.7378 0.386617 27.9876 162.619 -13 8563 1 0 1
10.1657 20.4815 12500 -0.702691 0.354833 27.9889 162.619 -13 8564 1 0 1
19.6266 87.7298 12500 -0.788701 1.26409 27.9603 162.831 -13 8565 1 0 1
-35.5268 -23.4752 12500 -0.189482 -0.340687 27.9973 162.649 -13 8566 1 0 1
22.6682 40.928 12500 -0.815432 0.652622 27.9805 162.661 -13 8567 1 0 1
-10.4042 -29.1418 12500 -0.473334 -0.434951 27.9926 162.642 -13 8568 1 0 1
-23.497 -20.0099 12500 -0.340633 -0.310168 27.9962 162.641 -13 8569 1 0 1
19.6459 -33.9443 12500 -0.80074 -0.54109 27.9833 162.634 -13 8570 1 0 1
10.6707 -26.9348 12500 -0.705575 -0.431938 27.9878 162.626 -13 8571 1 0 1
21.8295 17.6787 12500 -0.838866 0.27494 27.9861 162.6 -13 8572 1 0 1
-4.2622 -51.1713 12500 -0.523476 -0.738921 27.9854 162.665 -13 8573 1 0 1
18.9787 -7.96624 12500 -0.799808 -0.105265 27.9884 162.598 -13 8574 1 0 1
4.09322 1.25171 12500 -0.636509 0.0312148 27.9927 162.613 -13 8575 1 0 1
-9.01112 4.4045 12500 -0.506479 0.0801126 27.9953 162.622 -13 8576 1 0 1
-15.7698 -6.72034 12500 -0.440771 -0.107956 27.9963 162.626 -13 8577 1 0 1
6.78276 -32.9308 12500 -0.654009 -0.513819 27.9876 162.637 -13 8578 1 0 1
31.8719 10.1611 12500 -0.966175 0.147185 27.9829 162.588 -13 8579 1 0 1
29.7937 12.9734 12500 -0.916626 0.222732 27.9841 162.604 -13 8580 1 0 1
-26.0625 -41.1157 12500 -0.252081 -0.63968 27.9916 162.674 -13 8581 1 0 1
16.1925 38.6492 12500 -0.74076 0.594853 27.9839 162.649 -13 8582 1 0 1
-22.7864 -30.3805 12500 -0.345532 -0.465978 27.994 162.648 -13 8583 1 0 1
29.0525 55.4946 12500 -0.907549 0.81342 27.9735 162.689 -13 8584 1 0 1
0.707805 -5.31738 12500 -0.603429 -0.0824877 27.9934 162.616 -13 8585 1 0 1
7.98218 1.20011 12500 -0.681052 0.0158639 27.9917 162.607 -13 8586 1 0 1
-16.9312 -21.6663 12500 -0.398926 -0.34989 27.995 162.644 -13 8587 1 0 1
-11.0571 -11.4706 12500 -0.492281 -0.146974 27.9953 162.622 -13 8588 1 0 1
16.8421 95.2617 12500 -0.755288 1.35827 27.9568 162.867 -13 8589 1 0 1
2.53818 -35.2855 12500 -0.614144 -0.549406 27.9879 162.641 -13 8590 1 0 1
-3.53567 -14.7143 12500 -0.54917 -0.231899 27.9937 162.628 -13 8591 1 0 1
-0.61927 -4.95965 12500 -0.586009 -0.0936379 27.9937 162.619 -13 8592 1 0 1
23.2049 -17.3634 12500 -0.838602 -0.285641 27.986 162.608 -13 8593 1 0 1
-26.3121 -40.9085 12500 -0.265648 -0.596311 27.9924 162.664 -13 8594 1 0 1
9.5232 19.5095 12500 -0.700197 0.322738 27.9894 162.614 -13 8595 1 0 1
12.7409 22.7101 12500 -0.727525 0.338718 27.9885 162.615 -13 8596 1 0 1
-42.7829 -49.5086 12500 0.00784914 -0.662909 27.9922 162.672 -13 8597 1 0 1
-2.89046 -15.4753 12500 -0.567349 -0.208432 27.9935 162.62 -13 8598 1 0 1
6.09661 -23.6016 12500 -0.667632 -0.340925 27.99 162.615 -13 8599 1 0 1
24.4486 15.1611 12500 -0.850538 0.231982 27.9861 162.605 -13 8600 1 0 1
-6.03001 -86.5676 12500 -0.357547 -1.21655 27.9713 162.772 -13 8601 1 0 1
-30.5125 22.2575 12500 -0.267596 0.323013 27.9969 162.643 -13 8602 1 0 1
10.5819 20.2213 12500 -0.72713 0.319017 27.9887 162.605 -13 8603 1 0 1
-3.80608 -49.8918 12500 -0.518412 -0.777846 27.9844 162.677 -13 8604 1 0 1
11.1745 33.3569 12500 -0.702662 0.549649 27.9858 162.641 -13 8605 1 0 1
20.774 -11.9748 12500 -0.818828 -0.192147 27.9874 162.601 -13 8606 1 0 1
-3.37856 -1.62046 12500 -0.575613 -0.0500482 27.994 162.613 -13 8607 1 0 1
-7.94075 -84.8931 12500 -0.306615 -1.20118 27.9725 162.775 -13 8608 1 0 1
10.9804 -40.5684 12500 -0.667855 -0.644053 27.9846 162.667 -13 8609 1 0 1
9.69265 33.7421 12500 -0.68943 0.515526 27.9868 162.634 -13 8610 1 0 1
-9.50735 -36.5987 12500 -0.488111 -0.563197 27.9901 162.647 -13 8611 1 0 1
-8.41872 -68.402 12500 -0.389222 -1.00976 27.9791 162.725 -13 8612 1 0 1
-19.5435 -45.3865 12500 -0.317662 -0.690958 27.9897 162.679 -13 8613 1 0 1
5.37232 -5.07329 12500 -0.660671 -0.0962396 27.992 162.608 -13 8614 1 0 1
0.225775 -37.513 12500 -0.58528 -0.598896 27.9875 162.651 -13 8615 1 0 1
41.6124 2.47134 12500 -1.04015 0.0226864 27.9807 162.601 -13 8616 1 0 1
-28.7322 11.1406 12500 -0.292005 0.171587 27.998 162.641 -13 8617 1 0 1
-20.4264 -14.8417 12500 -0.384733 -0.218013 27.9965 162.634 -13 8618 1 0 1
-2.89229 22.8393 12500 -0.551151 0.360601 27.9923 162.633 -13 8619 1 0 1
13.7492 34.2702 12500 -0.71922 0.559748 27.9852 162.646 -13 8620 1 0 1
26.4865 16.9377 12500 -0.881217 0.260012 27.9849 162.602 -13 8621 1 0 1
48.4703 24.9759 12500 -1.12472 0.349673 27.9752 162.621 -13 8622 1 0 1
40.8357 44.9103 12500 -1.04506 0.675677 27.9723 162.674 -13 8623 1 0 1
10.4366 -41.4128 12500 -0.684692 -0.641263 27.9843 162.654 -13 8624 1 0 1
32.9054 2.76731 12500 -0.939413 0.0282229 27.9842 162.6 -13 8625 1 0 1
-21.8369 5.95559 12500 -0.370206 0.0751902 27.9975 162.634 -13 8626 1 0 1
-10.0357 17.9939 12500 -0.522009 0.245296 27.9941 162.615 -13 8627 1 0 1
8.67313 27.4042 12500 -0.707537 0.430914 27.9877 162.618 -13 8628 1 0 1
-20.9704 -28.4004 12500 -0.358652 -0.417951 27.9946 162.648 -13 8629 1 0 1
-7.42286 -16.3105 12500 -0.516509 -0.262515 27.994 162.627 -13 8630 1 0 1
-2.3512 -71.2556 12500 -0.477615 -1.06083 27.9758 162.737 -13 8631 1 0 1
12.85 33.1653 12500 -0.702962 0.502911 27.9867 162.638 -13 8632 1 0 1
-21.2591 -27.9802 12500 -0.372779 -0.417689 27.9944 162.641 -13 8633 1 0 1
15.7079 27.2911 12500 -0.758511 0.434153 27.9864 162.624 -13 8634 1 0 1
-4.76448 20.0058 12500 -0.531483 0.334067 27.993 162.633 -13 8635 1 0 1
17.4416 24.2666 12500 -0.770417 0.381327 27.9868 162.62 -13 8636 1 0 1
9.78326 -9.37943 12500 -0.708507 -0.140278 27.9907 162.604 -13 8637 1 0 1
10.994 30.2102 12500 -0.69979 0.509959 27.9866 162.639 -13 8638 1 0 1
-1.48216 -20.2439 12500 -0.588625 -0.330455 27.9919 162.621 -13 8639 1 0 1
9.28671 3.13112 12500 -0.695994 0.0614052 27.9913 162.606 -13 8640 1 0 1
-16.9344 -59.7479 12500 -0.315699 -0.89892 27.9838 162.704 -13 8641 1 0 1
12.1727 -28.6404 12500 -0.729579 -0.4577 27.9868 162.624 -13 8642 1 0 1
-7.04906 -28.4494 12500 -0.514351 -0.436872 27.9919 162.639 -13 8643 1 0 1
12.7826 -3.4187 12500 -0.748223 -0.05949 27.9899 162.596 -13 8644 1 0 1
8.46921 -17.2504 12500 -0.677621 -0.256338 27.9906 162.615 -13 8645 1 0 1
-16.6211 15.1916 12500 -0.41792 0.236554 27.9959 162.634 -13 8646 1 0 1
14.1294 58.2563 12500 -0.712215 0.913225 27.976 162.714 -13 8647 1 0 1
-8.69886 20.9986 12500 -0.504201 0.304366 27.9938 162.628 -13 8648 1 0 1
29.2844 -16.8379 12500 -0.915517 -0.269909 27.9837 162.602 -13 8649 1 0 1
15.2571 56.7006 12500 -0.719174 0.859358 27.9776 162.699 -13 8650 1 0 1
-9.72564 -38.6812 12500 -0.455732 -0.613104 27.9896 162.664 -13 8651 1 0 1
-5.67619 -11.5524 12500 -0.548904 -0.144466 27.9942 162.617 -13 8652 1 0 1
26.2097 26.5062 12500 -0.872883 0.416885 27.9833 162.62 -13 8653 1 0 1
1.96981 62.5224 12500 -0.53429 0.922747 27.9797 162.712 -13 8654 1 0 1
16.7084 -8.74164 12500 -0.779638 -0.128104 27.9889 162.599 -13 8655 1 0 1
29.7091 8.11196 12500 -0.9188 0.126917 27.9846 162.596 -13 8656 1 0 1
-11.1794 28.6423 12500 -0.459666 0.461834 27.9924 162.647 -13 8657 1 0 1
10.5399 -1.18002 12500 -0.703202 -0.0393818 27.9911 162.607 -13 8658 1 0 1
0.0081268 29.1795 12500 -0.569307 0.45374 27.9905 162.643 -13 8659 1 0 1
-0.22563 -22.1011 12500 -0.596066 -0.31656 27.9919 162.621 -13 8660 1 0 1
14.2549 58.7475 12500 -0.715529 0.899758 27.9764 162.707 -13 8661 1 0 1
4.93888 45.5946 12500 -0.60659 0.715514 27.9843 162.672 -13 8662 1 0 1
2.53933 5.45404 12500 -0.623902 0.0730944 27.993 162.613 -13 8663 1 0 1
37.5236 57.6706 12500 -1.02266 0.830724 27.969 162.703 -13 8664 1 0 1
-22.7409 -15.2278 12500 -0.368812 -0.225438 27.9967 162.632 -13 8665 1 0 1
-9.06991 -35.5017 12500 -0.480981 -0.552221 27.9904 162.651 -13 8666 1 0 1
-4.4973 -7.49106 12500 -0.56441 -0.120725 27.9941 162.614 -13 8667 1 0 1
-6.33797 4.73571 12500 -0.551579 0.0586674 27.9945 162.613 -13 8668 1 0 1
19.7801 -0.850952 12500 -0.804874 -0.00061794 27.9884 162.598 -13 8669 1 0 1
9.94798 5.16332 12500 -0.710675 0.109965 27.9908 162.604 -13 8670 1 0 1
19.7329 17.2437 12500 -0.802789 0.25529 27.9873 162.605 -13 8671 1 0 1
22.9954 -25.2772 12500 -0.847755 -0.373866 27.9847 162.61 -13 8672 1 0 1
-16.5263 4.56944 12500 -0.444859 0.0904692 27.9963 162.622 -13 8673 1 0 1
28.9208 38.9292 12500 -0.910083 0.605812 27.9786 162.646 -13 8674 1 0 1
-39.5735 -7.58745 12500 -0.138606 -0.123793 27.9994 162.65 -13 8675 1 0 1
62.1144 51.0683 12500 -1.32457 0.699511 27.9599 162.7 -13 8676 1 0 1
-19.0583 -19.3645 12500 -0.376876 -0.280665 27.9961 162.642 -13 8677 1 0 1
-4.11547 -51.5425 12500 -0.50044 -0.791331 27.9843 162.684 -13 8678 1 0 1
-0.964369 -5.67444 12500 -0.585874 -0.077382 27.9938 162.617 -13 8679 1 0 1
7.47252 36.5827 12500 -0.657003 0.567648 27.9865 162.644 -13 8680 1 0 1
18.3003 1.06248 12500 -0.801982 0.0187367 27.9885 162.593 -13 8681 1 0 1
11.4501 31.2044 12500 -0.710697 0.513492 27.9863 162.635 -13 8682 1 0 1
-14.1308 -41.7552 12500 -0.41439 -0.638361 27.9897 162.661 -13 8683 1 0 1
-0.621281 16.795 12500 -0.580198 0.233458 27.993 162.623 -13 8684 1 0 1
-15.4142 -8.36635 12500 -0.454912 -0.144896 27.9959 162.623 -13 8685 1 0 1
7.28982 -54.7617 12500 -0.628788 -0.826879 27.9807 162.69 -13 8686 1 0 1
-14.2937 18.2173 12500 -0.43072 0.277683 27.9953 162.637 -13 8687 1 0 1
-9.40976 14.5038 12500 -0.490787 0.221924 27.9948 162.63 -13 8688 1 0 1
62.3238 1.10996 12500 -1.29948 0.0213951 27.9698 162.608 -13 8689 1 0 1
16.2015 -18.4083 12500 -0.769663 -0.276014 27.9881 162.606 -13 8690 1 0 1
19.3622 -20.0819 12500 -0.794177 -0.307939 27.987 162.61 -13 8691 1 0 1
30.069 57.8641 12500 -0.934152 0.857374 27.9713 162.702 -13 8692 1 0 1
8.9839 -60.2302 12500 -0.656373 -0.935636 27.9767 162.713 -13 8693 1 0 1
13.0481 24.5258 12500 -0.730477 0.353616 27.9882 162.616 -13 8694 1 0 1
1.12663 -6.66105 12500 -0.624571 -0.119371 27.9928 162.609 -13 8695 1 0 1
0.841532 31.9804 12500 -0.607239 0.491831 27.9891 162.632 -13 8696 1 0 1
-7.99843 -28.3539 12500 -0.483193 -0.462935 27.992 162.652 -13 8697 1 0 1
13.9012 16.2057 12500 -0.732638 0.244416 27.9893 162.612 -13 8698 1 0 1
5.02977 -56.2977 12500 -0.586616 -0.881215 27.98 162.711 -13 8699 1 0 1
-7.8401 -9.79227 12500 -0.525133 -0.162037 27.9946 162.62 -13 8700 1 0 1
5.6037 12.9097 12500 -0.650016 0.185936 27.9918 162.615 -13 8701 1 0 1
-9.24274 -3.55186 12500 -0.499181 -0.0704953 27.9955 162.625 -13 8702 1 0 1
-18.1766 -10.4509 12500 -0.427609 -0.130295 27.9964 162.623 -13 8703 1 0 1
9.28091 -42.3058 12500 -0.678245 -0.685949 27.9834 162.662 -13 8704 1 0 1
-11.9688 0.825983 12500 -0.487383 0.0207341 27.9958 162.619 -13 8705 1 0 1
20.6775 -7.31498 12500 -0.821225 -0.12948 27.9877 162.597 -13 8706 1 0 1
21.4123 9.30745 12500 -0.81625 0.166928 27.9876 162.605 -13 8707 1 0 1
10.2073 11.7683 12500 -0.691713 0.189958 27.9908 162.615 -13 8708 1 0 1
3.73181 -19.5114 12500 -0.632131 -0.297889 27.9913 162.619 -13 8709 1 0 1
-30.8619 -32.4868 12500 -0.231243 -0.487782 27.9948 162.658 -13 8710 1 0 1
-16.9811 -28.8757 12500 -0.390473 -0.474494 27.9933 162.655 -13 8711 1 0 1
-1.02855 -30.9401 12500 -0.577245 -0.486118 27.9898 162.638 -13 8712 1 0 1
-15.9254 19.7401 12500 -0.414643 0.267439 27.9957 162.637 -13 8713 1 0 1
-16.4349 -44.1639 12500 -0.369815 -0.662512 27.9897 162.669 -13 8714 1 0 1
51.1421 9.37991 12500 -1.16647 0.142326 27.9753 162.604 -13 8715 1 0 1
-14.7575 -12.3853 12500 -0.448768 -0.172825 27.9959 162.627 -13 8716 1 0 1
-4.4573 -58.5114 12500 -0.480752 -0.890649 27.9817 162.705 -13 8717 1 0 1
-22.7633 -68.068 12500 -0.184216 -0.954628 27.9831 162.713 -13 8718 1 0 1
3.57969 4.02966 12500 -0.658169 0.060918 27.9922 162.601 -13 8719 1 0 1
-29.2097 -2.12322 12500 -0.281288 -0.042031 27.9986 162.641 -13 8720 1 0 1
12.292 50.9025 12500 -0.708902 0.743335 27.9812 162.663 -13 8721 1 0 1
-22.8984 -2.3222 12500 -0.372634 -0.0183636 27.9975 162.629 -13 8722 1 0 1
12.3775 -19.704 12500 -0.703837 -0.329972 27.9892 162.625 -13 8723 1 0 1
25.5856 -26.7102 12500 -0.863611 -0.412635 27.9836 162.621 -13 8724 1 0 1
-7.85619 -11.6297 12500 -0.528064 -0.17133 27.9945 162.619 -13 8725 1 0 1
0.214018 39.7637 12500 -0.575338 0.615334 27.9873 162.654 -13 8726 1 0 1
-2.26877 13.5663 12500 -0.586529 0.207225 27.9931 162.615 -13 8727 1 0 1
22.7165 85.9924 12500 -0.813731 1.21504 27.9618 162.815 -13 8728 1 0 1
19.0941 93.7568 12500 -0.776156 1.31568 27.9583 162.849 -13 8729 1 0 1
3.14866 -6.04983 12500 -0.630804 -0.116511 27.9927 162.614 -13 8730 1 0 1
-3.82245 1.76505 12500 -0.569706 0.0684212 27.9941 162.614 -13 8731 1 0 1
23.776 11.0817 12500 -0.848691 0.170933 27.9866 162.6 -13 8732 1 0 1
2.16189 36.0526 12500 -0.591214 0.560235 27.9882 162.65 -13 8733 1 0 1
5.82773 49.7521 12500 -0.614149 0.728479 27.9838 162.67 -13 8734 1 0 1
7.78819 15.7397 12500 -0.674365 0.224211 27.991 162.613 -13 8735 1 0 1
5.18572 59.5776 12500 -0.604029 0.905608 27.9788 162.705 -13 8736 1 0 1
17.3498 44.7408 12500 -0.748865 0.686404 27.9816 162.663 -13 8737 1 0 1
23.7304 4.52362 12500 -0.855876 0.0448742 27.9869 162.593 -13 8738 1 0 1
13.3642 15.2608 12500 -0.74139 0.288323 27.9887 162.612 -13 8739 1 0 1
-6.01011 -49.9152 12500 -0.459368 -0.778039 27.9854 162.691 -13 8740 1 0 1
-1.23979 -37.333 12500 -0.588463 -0.561915 27.9882 162.636 -13 8741 1 0 1
-21.6123 -4.88168 12500 -0.378531 -0.0747248 27.9973 162.631 -13 8742 1 0 1
27.1203 -5.13075 12500 -0.896726 -0.0888679 27.9855 162.592 -13 8743 1 0 1
15.1756 20.3878 12500 -0.763556 0.330216 27.9876 162.609 -13 8744 1 0 1
0.0936965 -2.82465 12500 -0.602679 -0.0516229 27.9935 162.613 -13 8745 1 0 1
6.20483 -39.8785 12500 -0.638872 -0.620233 27.9858 162.653 -13 8746 1 0 1
23.4894 9.02768 12500 -0.831562 0.167536 27.9871 162.607 -13 8747 1 0 1
-21.0204 -15.0344 12500 -0.370843 -0.243571 27.9965 162.639 -13 8748 1 0 1
13.8224 -10.5101 12500 -0.754263 -0.183566 27.9892 162.601 -13 8749 1 0 1
37.8004 -11.6944 12500 -0.997427 -0.204686 27.9815 162.609 -13 8750 1 0 1
45.5604 14.3695 12500 -1.10317 0.219983 27.9774 162.605 -13 8751 1 0 1
-19.1093 -29.8154 12500 -0.367755 -0.459566 27.9938 162.653 -13 8752 1 0 1
-15.7349 -45.9614 12500 -0.370668 -0.698357 27.9888 162.675 -13 8753 1 0 1
4.18604 -22.3619 12500 -0.64772 -0.374512 27.99 162.62 -13 8754 1 0 1
-5.13863 12.4519 12500 -0.554714 0.18292 27.9939 162.618 -13 8755 1 0 1
1.6018 7.58112 12500 -0.640163 0.092466 27.9925 162.603 -13 8756 1 0 1
25.1187 11.4259 12500 -0.871077 0.203835 27.9857 162.6 -13 8757 1 0 1
35.583 41.9554 12500 -0.98065 0.627613 27.9758 162.655 -13 8758 1 0 1
39.8585 28.1091 12500 -1.03094 0.402516 27.9781 162.621 -13 8759 1 0 1
19.2914 2.70542 12500 -0.79214 0.0109753 27.9888 162.602 -13 8760 1 0 1
0.829662 -2.71645 12500 -0.601846 -0.0082527 27.9935 162.617 -13 8761 1 0 1
24.1578 10.0749 12500 -0.861324 0.192031 27.9861 162.6 -13 8762 1 0 1
34.6168 1.45513 12500 -0.936471 0.0163836 27.9843 162.61 -13 8763 1 0 1
18.6779 42.9886 12500 -0.772056 0.65772 27.9816 162.655 -13 8764 1 0 1
32.229 57.031 12500 -0.943682 0.818223 27.9721 162.693 -13 8765 1 0 1
-15.9062 -25.5578 12500 -0.412367 -0.40024 27.9941 162.645 -13 8766 1 0 1
5.10964 17.991 12500 -0.635683 0.27243 27.9915 162.622 -13 8767 1 0 1
5.28332 35.4202 12500 -0.656001 0.530261 27.9873 162.632 -13 8768 1 0 1
34.2544 18.3111 12500 -0.974824 0.301976 27.9814 162.606 -13 8769 1 0 1
26.3221 38.644 12500 -0.884651 0.593012 27.9797 162.64 -13 8770 1 0 1
26.5634 53.3813 12500 -0.893746 0.822279 27.9736 162.689 -13 8771 1 0 1
-18.1207 -44.9057 12500 -0.339408 -0.695155 27.9893 162.678 -13 8772 1 0 1
-11.1608 29.8125 12500 -0.465344 0.471848 27.9922 162.645 -13 8773 1 0 1
7.15714 -1.88419 12500 -0.677692 -0.0212604 27.9918 162.606 -13 8774 1 0 1
-31.4053 -10.4105 12500 -0.270159 -0.178761 27.9981 162.64 -13 8775 1 0 1
-27.251 35.2017 12500 -0.257041 0.540711 27.9936 162.663 -13 8776 1 0 1
-20.3009 -2.3555 12500 -0.378514 -0.0411924 27.9974 162.635 -13 8777 1 0 1
-25.7245 -30.9631 12500 -0.304271 -0.474086 27.9943 162.653 -13 8778 1 0 1
-19.971 13.7764 12500 -0.381271 0.223197 27.9965 162.638 -13 8779 1 0 1
29.7964 29.6244 12500 -0.914575 0.427045 27.9818 162.619 -13 8780 1 0 1
0.25821 -35.9445 12500 -0.581061 -0.570547 27.9882 162.65 -13 8781 1 0 1
3.01284 -20.1672 12500 -0.628287 -0.34088 27.9909 162.622 -13 8782 1 0 1
17.4078 -11.5099 12500 -0.767802 -0.191706 27.9888 162.611 -13 8783 1 0 1
-16.5707 -29.4513 12500 -0.423864 -0.477364 27.9927 162.643 -13 8784 1 0 1
24.8469 14.8387 12500 -0.849173 0.204934 27.9864 162.605 -13 8785 1 0 1
-13.9128 -3.38368 12500 -0.475022 -0.0281316 27.996 162.618 -13 8786 1 0 1
7.20648 9.91898 12500 -0.67959 0.151011 27.9913 162.607 -13 8787 1 0 1
6.1535 1.74856 12500 -0.679654 0.0297859 27.9917 162.601 -13 8788 1 0 1
16.6167 18.7709 12500 -0.787869 0.26792 27.9876 162.599 -13 8789 1 0 1
9.5026 -42.532 12500 -0.684115 -0.646059 27.9842 162.649 -13 8790 1 0 1
-8.35557 -44.1506 12500 -0.45174 -0.670623 27.9883 162.673 -13 8791 1 0 1
-17.3499 0.727554 12500 -0.419468 -0.0153118 27.9969 162.629 -13 8792 1 0 1
17.7411 5.37905 12500 -0.787531 0.0655443 27.9888 162.598 -13 8793 1 0 1
5.72966 15.1781 12500 -0.641753 0.228623 27.9917 162.62 -13 8794 1 0 1
-13.0271 -25.0788 12500 -0.443073 -0.380137 27.9939 162.642 -13 8795 1 0 1
9.4283 12.7299 12500 -0.711519 0.210511 27.9902 162.605 -13 8796 1 0 1
-14.916 -26.6893 12500 -0.426183 -0.42702 27.9935 162.645 -13 8797 1 0 1
37.0021 -6.69599 12500 -1.00236 -0.121686 27.9818 162.597 -13 8798 1 0 1
-1.45766 22.2815 12500 -0.583122 0.369744 27.9915 162.626 -13 8799 1 0 1
-20.0781 14.809 12500 -0.393496 0.24569 27.9962 162.633 -13 8800 1 0 1
-0.566915 -10.4888 12500 -0.612258 -0.196177 27.9926 162.611 -13 8801 1 0 1
24.2746 -22.1596 12500 -0.865961 -0.333192 27.9846 162.603 -13 8802 1 0 1
30.7753 -10.929 12500 -0.93282 -0.160518 27.984 162.596 -13 8803 1 0 1
-0.0840185 -18.5766 12500 -0.591138 -0.269765 27.9925 162.621 -13 8804 1 0 1
39.4258 29.7387 12500 -1.02609 0.444381 27.9777 162.628 -13 8805 1 0 1
36.2272 4.53909 12500 -0.980486 0.072588 27.9827 162.6 -13 8806 1 0 1
22.4227 28.4275 12500 -0.837856 0.444533 27.9839 162.621 -13 8807 1 0 1
-3.81618 -17.4337 12500 -0.550512 -0.293757 27.993 162.628 -13 8808 1 0 1
0.0359219 -1.33638 12500 -0.617936 -0.0343768 27.9932 162.606 -13 8809 1 0 1
-6.97315 16.0258 12500 -0.523042 0.264879 27.9939 162.626 -13 8810 1 0 1
12.3263 13.2518 12500 -0.723483 0.217856 27.9898 162.611 -13 8811 1 0 1
16.806 24.0951 12500 -0.775499 0.390459 27.9865 162.617 -13 8812 1 0 1
37.9498 6.46688 12500 -1.01661 0.105167 27.9813 162.595 -13 8813 1 0 1
11.0942 -4.15903 12500 -0.702458 -0.00770747 27.9912 162.611 -13 8814 1 0 1
-28.432 18.4496 12500 -0.289985 0.300244 27.9969 162.643 -13 8815 1 0 1
21.3682 9.12765 12500 -0.818231 0.152512 27.9876 162.602 -13 8816 1 0 1
-32.4957 -47.4195 12500 -0.163692 -0.677272 27.9913 162.672 -13 8817 1 0 1
-25.3867 -5.61767 12500 -0.348856 -0.0817039 27.9977 162.63 -13 8818 1 0 1
-13.371 -43.8131 12500 -0.409103 -0.684999 27.9886 162.671 -13 8819 1 0 1
-15.1966 -24.2101 12500 -0.441442 -0.353247 27.9943 162.633 -13 8820 1 0 1
2.01221 -16.0993 12500 -0.60894 -0.236193 27.9924 162.621 -13 8821 1 0 1
19.2915 8.65106 12500 -0.821736 0.100621 27.9878 162.59 -13 8822 1 0 1
13.0428 1.65875 12500 -0.734266 -0.017199 27.9904 162.604 -13 8823 1 0 1
9.92374 -2.29797 12500 -0.703366 -0.0329368 27.9911 162.605 -13 8824 1 0 1
-1.62192 22.1556 12500 -0.565682 0.329984 27.9923 162.63 -13 8825 1 0 1
-15.4738 -48.9563 12500 -0.380429 -0.717761 27.9882 162.671 -13 8826 1 0 1
20.4683 -28.775 12500 -0.801236 -0.461697 27.9847 162.63 -13 8827 1 0 1
12.3473 13.3398 12500 -0.73071 0.218281 27.9896 162.608 -13 8828 1 0 1
7.59991 -17.1888 12500 -0.658609 -0.276162 27.9909 162.623 -13 8829 1 0 1
-4.08498 7.88145 12500 -0.579837 0.119094 27.9937 162.609 -13 8830 1 0 1
-12.0285 -24.3603 12500 -0.462817 -0.387866 27.9935 162.639 -13 8831 1 0 1
-16.213 14.4526 12500 -0.435367 0.227325 27.9957 162.629 -13 8832 1 0 1
-25.0601 -5.33702 12500 -0.342191 -0.100871 27.9977 162.634 -13 8833 1 0 1
9.52303 -31.4869 12500 -0.693894 -0.490387 27.9871 162.629 -13 8834 1 0 1
37.4577 26.3344 12500 -1.01663 0.43458 27.9782 162.624 -13 8835 1 0 1
-18.1982 -39.6276 12500 -0.361778 -0.610464 27.991 162.665 -13 8836 1 0 1
27.8631 36.1074 12500 -0.892811 0.539073 27.9806 162.633 -13 8837 1 0 1
-21.9641 -23.9332 12500 -0.348948 -0.375867 27.9953 162.646 -13 8838 1 0 1
-3.34607 12.2973 12500 -0.567267 0.204257 27.9935 162.62 -13 8839 1 0 1
-10.8424 1.17632 12500 -0.496628 0.0456464 27.9956 162.619 -13 8840 1 0 1
19.1499 -31.1514 12500 -0.795395 -0.48627 27.9845 162.627 -13 8841 1 0 1
7.95543 -34.8272 12500 -0.668501 -0.568387 27.9862 162.645 -13 8842 1 0 1
-1.71436 -28.2968 12500 -0.565974 -0.481334 27.9901 162.644 -13 8843 1 0 1
20.2191 -20.6204 12500 -0.811078 -0.350738 27.9861 162.612 -13 8844 1 0 1
11.865 2.05008 12500 -0.714025 0.039436 27.9909 162.608 -13 8845 1 0 1
-39.2879 9.46354 12500 -0.138623 0.120981 27.9994 162.651 -13 8846 1 0 1
21.8498 32.4595 12500 -0.815544 0.479267 27.984 162.626 -13 8847 1 0 1
34.2878 34.9814 12500 -0.973105 0.535766 27.978 162.637 -13 8848 1 0 1
-16.5736 0.97224 12500 -0.436122 -0.00193648 27.9966 162.625 -13 8849 1 0 1
-21.7957 -30.8022 12500 -0.350783 -0.468739 27.9939 162.649 -13 8850 1 0 1
27.6782 -17.9865 12500 -0.889272 -0.280603 27.9845 162.606 -13 8851 1 0 1
21.9345 -6.08438 12500 -0.836946 -0.0499219 27.9874 162.594 -13 8852 1 0 1
-16.116 -1.83777 12500 -0.43831 -0.0190196 27.9966 162.625 -13 8853 1 0 1
12.6399 43.2608 12500 -0.697099 0.693224 27.9827 162.668 -13 8854 1 0 1
-2.09241 -40.9489 12500 -0.559761 -0.643433 27.987 162.655 -13 8855 1 0 1
-33.1487 -40.07 12500 -0.169249 -0.576295 27.9936 162.667 -13 8856 1 0 1
23.2599 61.5656 12500 -0.828302 0.915179 27.9728 162.714 -13 8857 1 0 1
-19.4625 -109.187 12500 0.137953 -1.37065 27.9661 162.787 -13 8858 1 0 1
-26.7322 -33.7938 12500 -0.280292 -0.501734 27.9941 162.656 -13 8859 1 0 1
23.3544 -25.6165 12500 -0.841844 -0.405427 27.9844 162.618 -13 8860 1 0 1
10.6293 30.2346 12500 -0.698998 0.497271 27.9869 162.635 -13 8861 1 0 1
-14.2372 9.62224 12500 -0.437208 0.154964 27.9962 162.634 -13 8862 1 0 1
18.3379 55.8469 12500 -0.757371 0.885426 27.9757 162.713 -13 8863 1 0 1
37.4064 14.8866 12500 -1.00686 0.224927 27.981 162.602 -13 8864 1 0 1
16.5791 -9.08507 12500 -0.773966 -0.112647 27.9891 162.6 -13 8865 1 0 1
15.4562 19.5312 12500 -0.737195 0.299825 27.9887 162.618 -13 8866 1 0 1
13.1905 13.3566 12500 -0.747098 0.23753 27.989 162.606 -13 8867 1 0 1
-7.01461 -13.6274 12500 -0.515014 -0.223922 27.9944 162.63 -13 8868 1 0 1
18.4889 -29.5761 12500 -0.7853 -0.467606 27.9851 162.628 -13 8869 1 0 1
-10.3624 8.12083 12500 -0.512072 0.161919 27.9948 162.618 -13 8870 1 0 1
14.4791 -29.8145 12500 -0.730517 -0.453206 27.9868 162.631 -13 8871 1 0 1
36.1239 21.0301 12500 -0.99837 0.327684 27.9803 162.607 -13 8872 1 0 1
4.78766 17.8486 12500 -0.646501 0.286583 27.9911 162.617 -13 8873 1 0 1
18.1559 34.6494 12500 -0.780379 0.534295 27.984 162.634 -13 8874 1 0 1
3.98024 -1.52848 12500 -0.638246 -0.022041 27.9927 162.612 -13 8875 1 0 1
-8.79042 -18.4506 12500 -0.508003 -0.290095 27.9939 162.626 -13 8876 1 0 1
-2.38771 -43.0506 12500 -0.538931 -0.656909 27.9871 162.661 -13 8877 1 0 1
-26.6 -98.0044 12500 0.165966 -1.22921 27.9725 162.753 -13 8878 1 0 1
-31.7406 -4.69301 12500 -0.276686 -0.079998 27.9985 162.635 -13 8879 1 0 1
-5.63913 21.7441 12500 -0.517231 0.367 27.9928 162.638 -13 8880 1 0 1
19.0788 25.0899 12500 -0.812276 0.429836 27.9849 162.617 -13 8881 1 0 1
-17.4133 -30.7964 12500 -0.386969 -0.450644 27.9937 162.65 -13 8882 1 0 1
29.4096 -25.6275 12500 -0.913864 -0.419006 27.9819 162.62 -13 8883 1 0 1
28.3603 15.2064 12500 -0.896426 0.268929 27.9844 162.609 -13 8884 1 0 1
4.94838 -12.4085 12500 -0.647804 -0.190131 27.9919 162.615 -13 8885 1 0 1
4.66348 18.3319 12500 -0.627132 0.27942 27.9916 162.624 -13 8886 1 0 1
30.1782 19.1386 12500 -0.91309 0.295835 27.9835 162.608 -13 8887 1 0 1
18.7048 -4.63059 12500 -0.783335 -0.0604027 27.989 162.604 -13 8888 1 0 1
6.69488 -8.57457 12500 -0.660063 -0.157693 27.9918 162.615 -13 8889 1 0 1
-6.20518 -6.43952 12500 -0.540961 -0.0861595 27.9946 162.618 -13 8890 1 0 1
9.98093 11.1957 12500 -0.707096 0.186446 27.9904 162.607 -13 8891 1 0 1
40.0686 65.9405 12500 -1.06296 0.930431 27.9643 162.739 -13 8892 1 0 1
-32.6091 -32.9728 12500 -0.200734 -0.488037 27.995 162.66 -13 8893 1 0 1
-23.4023 -24.8673 12500 -0.328458 -0.38523 27.9954 162.65 -13 8894 1 0 1
7.3627 8.63055 12500 -0.659037 0.136398 27.9919 162.617 -13 8895 1 0 1
-1.6169 -2.49816 12500 -0.587547 -0.045907 27.9938 162.614 -13 8896 1 0 1
4.43732 41.2297 12500 -0.619459 0.663992 27.9853 162.661 -13 8897 1 0 1
28.7544 23.5461 12500 -0.901757 0.371775 27.983 162.614 -13 8898 1 0 1
43.5983 -10.4603 12500 -1.07404 -0.187205 27.9788 162.606 -13 8899 1 0 1
-14.8266 43.4418 12500 -0.39922 0.658762 27.9894 162.665 -13 8900 1 0 1
-1.80172 -29.4977 12500 -0.565106 -0.452948 27.9906 162.638 -13 8901 1 0 1
-1.62106 -41.2906 12500 -0.541215 -0.647789 27.9873 162.665 -13 8902 1 0 1
-12.7324 -18.4419 12500 -0.461491 -0.29125 27.9947 162.631 -13 8903 1 0 1
-38.1528 -14.4979 12500 -0.170076 -0.201259 27.9988 162.647 -13 8904 1 0 1
0.350497 -41.4031 12500 -0.601386 -0.630339 27.9864 162.643 -13 8905 1 0 1
-6.6936 -1.7305 12500 -0.51688 -0.0249117 27.9952 162.626 -13 8906 1 0 1
45.4629 25.5332 12500 -1.11308 0.398489 27.975 162.62 -13 8907 1 0 1
45.4512 50.624 12500 -1.11651 0.735531 27.9681 162.689 -13 8908 1 0 1
-20.5921 -61.7547 12500 -0.266819 -0.88411 27.9848 162.699 -13 8909 1 0 1
27.8744 20.0506 12500 -0.897792 0.337255 27.9836 162.61 -13 8910 1 0 1
41.8645 0.791394 12500 -1.06609 0.0130748 27.9797 162.592 -13 8911 1 0 1
22.8247 10.7546 12500 -0.837499 0.187645 27.9868 162.603 -13 8912 1 0 1
25.1126 -25.5354 12500 -0.870669 -0.404593 27.9835 162.615 -13 8913 1 0 1
-28.4697 -29.0175 12500 -0.272147 -0.405823 27.9957 162.651 -13 8914 1 0 1
23.9617 18.9569 12500 -0.852069 0.297698 27.9854 162.605 -13 8915 1 0 1
-15.9381 10.1893 12500 -0.442943 0.166377 27.996 162.626 -13 8916 1 0 1
20.4622 74.1535 12500 -0.784203 1.08426 27.968 162.761 -13 8917 1 0 1
26.8614 85.191 12500 -0.928191 1.20187 27.9588 162.82 -13 8918 1 0 1
18.7872 2.40388 12500 -0.805889 0.0542597 27.9883 162.594 -13 8919 1 0 1
34.2095 55.8305 12500 -0.981732 0.829096 27.9705 162.7 -13 8920 1 0 1
8.0291 -1.97513 12500 -0.707824 -0.0708918 27.991 162.596 -13 8921 1 0 1
-34.7022 0.968409 12500 -0.206809 0.0264055 27.9992 162.646 -13 8922 1 0 1
1.73279 7.23036 12500 -0.624587 0.103206 27.9928 162.61 -13 8923 1 0 1
21.8798 53.0316 12500 -0.812421 0.8097 27.9765 162.686 -13 8924 1 0 1
19.3204 15.5515 12500 -0.794688 0.225521 27.9878 162.605 -13 8925 1 0 1
22.9195 -20.2276 12500 -0.825025 -0.331614 27.9859 162.616 -13 8926 1 0 1
1.47484 12.2796 12500 -0.612084 0.166282 27.9928 162.616 -13 8927 1 0 1
-20.5738 -23.2594 12500 -0.381008 -0.350598 27.9952 162.637 -13 8928 1 0 1
-4.83553 -49.9296 12500 -0.515844 -0.755987 27.985 162.67 -13 8929 1 0 1
6.1158 -26.2072 12500 -0.665334 -0.443181 27.9886 162.627 -13 8930 1 0 1
6.35169 5.79789 12500 -0.67359 0.0965212 27.9917 162.605 -13 8931 1 0 1
12.211 20.0655 12500 -0.714425 0.311657 27.9891 162.616 -13 8932 1 0 1
15.2606 -19.1673 12500 -0.747441 -0.279651 27.9886 162.612 -13 8933 1 0 1
22.5714 -44.8996 12500 -0.816287 -0.695246 27.9795 162.666 -13 8934 1 0 1
12.8162 19.3209 12500 -0.718427 0.286156 27.9893 162.615 -13 8935 1 0 1
-14.0921 -14.2862 12500 -0.466065 -0.249133 27.995 162.626 -13 8936 1 0 1
-18.2113 -15.7652 12500 -0.404515 -0.267516 27.9958 162.636 -13 8937 1 0 1
4.07448 1.72672 12500 -0.650691 0.0379268 27.9924 162.606 -13 8938 1 0 1
-4.54374 -31.8332 12500 -0.543182 -0.472096 27.9907 162.635 -13 8939 1 0 1
18.0754 45.8477 12500 -0.766731 0.694776 27.9809 162.661 -13 8940 1 0 1
-4.10797 74.2802 12500 -0.413626 1.10567 27.9751 162.754 -13 8941 1 0 1
42.6602 -43.9762 12500 -1.07811 -0.640582 27.9719 162.66 -13 8942 1 0 1
-20.3331 -21.3963 12500 -0.374034 -0.346047 27.9954 162.641 -13 8943 1 0 1
0.412159 11.6953 12500 -0.595474 0.192093 27.993 162.621 -13 8944 1 0 1
24.5935 7.37395 12500 -0.854151 0.0855076 27.9868 162.598 -13 8945 1 0 1
-1.86349 -30.1017 12500 -0.561137 -0.448265 27.9908 162.638 -13 8946 1 0 1
47.6459 -10.0598 12500 -1.11666 -0.121958 27.9775 162.604 -13 8947 1 0 1
-27.0351 -47.8856 12500 -0.237683 -0.705602 27.9901 162.674 -13 8948 1 0 1
-3.17857 -49.3421 12500 -0.528679 -0.753917 27.9849 162.672 -13 8949 1 0 1
19.7683 36.1323 12500 -0.815216 0.56894 27.9823 162.634 -13 8950 1 0 1
9.93145 -27.0558 12500 -0.694251 -0.427668 27.9881 162.627 -13 8951 1 0 1
30.8681 21.9922 12500 -0.919505 0.324898 27.983 162.61 -13 8952 1 0 1
26.5482 11.7376 12500 -0.871119 0.195375 27.9858 162.605 -13 8953 1 0 1
-6.21382 -53.6276 12500 -0.471076 -0.813902 27.9842 162.689 -13 8954 1 0 1
-9.17691 -30.2286 12500 -0.491211 -0.482347 27.9915 162.643 -13 8955 1 0 1
-8.21294 -3.13969 12500 -0.515578 -0.0564357 27.9952 162.621 -13 8956 1 0 1
-26.7786 -30.6718 12500 -0.291732 -0.448222 27.9949 162.652 -13 8957 1 0 1
6.5607 -10.3518 12500 -0.667709 -0.169239 27.9915 162.611 -13 8958 1 0 1
38.4066 45.941 12500 -1.00343 0.663447 27.9741 162.666 -13 8959 1 0 1
1.85707 23.9951 12500 -0.61592 0.399346 27.9904 162.627 -13 8960 1 0 1
-18.2899 -13.6865 12500 -0.396677 -0.242401 27.9961 162.64 -13 8961 1 0 1
-28.1731 -31.177 12500 -0.269061 -0.426801 27.9955 162.653 -13 8962 1 0 1
4.56115 5.77179 12500 -0.637968 0.0931255 27.9926 162.615 -13 8963 1 0 1
2.61955 3.08789 12500 -0.635253 0.01846 27.9928 162.608 -13 8964 1 0 1
13.9843 -6.12152 12500 -0.752594 -0.0893379 27.9897 162.599 -13 8965 1 0 1
29.9514 28.4968 12500 -0.90877 0.421686 27.9821 162.622 -13 8966 1 0 1
-18.2925 23.6085 12500 -0.387989 0.359295 27.995 162.643 -13 8967 1 0 1
5.25511 -27.872 12500 -0.632027 -0.436065 27.9895 162.637 -13 8968 1 0 1
13.7736 37.993 12500 -0.72533 0.623211 27.9837 162.654 -13 8969 1 0 1
25.4955 8.65299 12500 -0.870621 0.129944 27.9862 162.597 -13 8970 1 0 1
7.87854 -25.4325 12500 -0.679863 -0.407478 27.9888 162.624 -13 8971 1 0 1
39.0424 -0.850936 12500 -1.02372 0.0050278 27.9813 162.595 -13 8972 1 0 1
-6.08704 10.1152 12500 -0.547743 0.19499 27.994 162.619 -13 8973 1 0 1
4.12297 -18.3209 12500 -0.639747 -0.294181 27.9911 162.618 -13 8974 1 0 1
-3.92542 -8.78352 12500 -0.544063 -0.126026 27.9944 162.626 -13 8975 1 0 1
-24.8362 -51.372 12500 -0.260247 -0.722018 27.9895 162.674 -13 8976 1 0 1
-3.33536 -10.1453 12500 -0.561611 -0.151204 27.994 162.621 -13 8977 1 0 1
17.7457 48.7533 12500 -0.758467 0.761133 27.9794 162.676 -13 8978 1 0 1
-0.532881 7.7567 12500 -0.600334 0.140338 27.9932 162.614 -13 8979 1 0 1
19.2818 -21.565 12500 -0.804382 -0.336733 27.9864 162.608 -13 8980 1 0 1
-8.02546 -53.7313 12500 -0.444296 -0.80494 27.9849 162.689 -13 8981 1 0 1
17.3271 -5.78076 12500 -0.781914 -0.0652011 27.989 162.599 -13 8982 1 0 1
-1.4037 -54.1467 12500 -0.503169 -0.840618 27.9829 162.705 -13 8983 1 0 1
-17.4646 -59.5755 12500 -0.303085 -0.876235 27.9846 162.703 -13 8984 1 0 1
44.2256 64.5945 12500 -1.12232 0.916765 27.9625 162.744 -13 8985 1 0 1
4.44742 -4.468 12500 -0.664907 -0.0907287 27.992 162.602 -13 8986 1 0 1
25.8147 18.1291 12500 -0.876839 0.299776 27.9847 162.605 -13 8987 1 0 1
-4.87074 -8.43616 12500 -0.54018 -0.135039 27.9945 162.624 -13 8988 1 0 1
6.3167 9.30766 12500 -0.658982 0.174427 27.9917 162.615 -13 8989 1 0 1
0.0874757 10.9329 12500 -0.592309 0.198258 27.993 162.622 -13 8990 1 0 1
6.44151 4.96808 12500 -0.679642 0.0758896 27.9916 162.602 -13 8991 1 0 1
-3.95221 -23.1254 12500 -0.544594 -0.365467 27.9923 162.633 -13 8992 1 0 1
36.863 52.0085 12500 -1.00351 0.75805 27.9717 162.683 -13 8993 1 0 1
-14.0546 -0.638001 12500 -0.464107 -0.0118441 27.9962 162.622 -13 8994 1 0 1
0.1234 57.8287 12500 -0.552047 0.856722 27.9814 162.692 -13 8995 1 0 1
-27.4605 -41.9583 12500 -0.232984 -0.606276 27.9925 162.671 -13 8996 1 0 1
5.67719 -8.73736 12500 -0.65772 -0.127342 27.992 162.61 -13 8997 1 0 1
26.5816 32.9876 12500 -0.88347 0.487739 27.9818 162.623 -13 8998 1 0 1
-24.1575 19.3274 12500 -0.323293 0.280313 27.9967 162.644 -13 8999 1 0 1
15.0397 -63.6109 12500 -0.724595 -0.993238 27.973 162.737 -13 9000 1 0 1
-10.0642 30.3732 12500 -0.470098 0.483024 27.9919 162.648 -13 9001 1 0 1
41.353 35.589 12500 -1.06206 0.539028 27.9747 162.642 -13 9002 1 0 1
-21.9116 -33.4645 12500 -0.364277 -0.512621 27.9929 162.644 -13 9003 1 0 1
18.1643 -40.2374 12500 -0.785395 -0.622322 27.9821 162.644 -13 9004 1 0 1
3.27963 9.75121 12500 -0.636426 0.152922 27.9923 162.612 -13 9005 1 0 1
-9.97344 -35.5816 12500 -0.462191 -0.553182 27.9907 162.655 -13 9006 1 0 1
-21.1984 -24.2704 12500 -0.37718 -0.390124 27.9947 162.638 -13 9007 1 0 1
8.04397 37.011 12500 -0.673569 0.561017 27.9863 162.638 -13 9008 1 0 1
-26.075 -17.0202 12500 -0.306227 -0.266795 27.9971 162.645 -13 9009 1 0 1
36.5152 -0.869836 12500 -0.982595 -0.00298729 27.9828 162.6 -13 9010 1 0 1
30.1147 -18.3001 12500 -0.919428 -0.252505 27.9838 162.601 -13 9011 1 0 1
-34.9792 -17.6209 12500 -0.225334 -0.225822 27.9982 162.64 -13 9012 1 0 1
19.5397 4.34676 12500 -0.812385 0.0760273 27.9881 162.595 -13 9013 1 0 1
11.3915 -8.63976 12500 -0.717088 -0.135218 27.9905 162.606 -13 9014 1 0 1
18.7721 -7.90018 12500 -0.791797 -0.10614 27.9886 162.601 -13 9015 1 0 1
32.2262 23.7859 12500 -0.960408 0.377265 27.981 162.61 -13 9016 1 0 1
12.1005 5.00737 12500 -0.742546 0.0847394 27.99 162.596 -13 9017 1 0 1
22.4422 54.7073 12500 -0.824549 0.843298 27.9751 162.696 -13 9018 1 0 1
6.48662 -1.90395 12500 -0.64769 -0.0346222 27.9925 162.618 -13 9019 1 0 1
40.0859 -9.36829 12500 -1.03689 -0.128058 27.9805 162.598 -13 9020 1 0 1
18.19 -21.5849 12500 -0.794707 -0.319536 27.9869 162.606 -13 9021 1 0 1
7.53159 -9.15648 12500 -0.68521 -0.159946 27.9912 162.607 -13 9022 1 0 1
-16.0374 -85.3733 12500 -0.200941 -1.20304 27.9734 162.756 -13 9023 1 0 1
3.76329 5.62013 12500 -0.643477 0.0561783 27.9925 162.609 -13 9024 1 0 1
0.435204 -11.5584 12500 -0.604487 -0.155779 27.993 162.616 -13 9025 1 0 1
-22.065 -11.1259 12500 -0.344002 -0.148696 27.9975 162.645 -13 9026 1 0 1
-10.5259 26.662 12500 -0.477129 0.401694 27.9931 162.639 -13 9027 1 0 1
-12.6315 -8.87995 12500 -0.47961 -0.14951 27.9955 162.622 -13 9028 1 0 1
8.41817 86.4156 12500 -0.60918 1.26951 27.9646 162.81 -13 9029 1 0 1
-27.0092 -58.6974 12500 -0.191308 -0.866506 27.9859 162.693 -13 9030 1 0 1
20.0961 -3.21284 12500 -0.806603 -0.037136 27.9884 162.599 -13 9031 1 0 1
5.03491 -18.8325 12500 -0.639625 -0.299744 27.9911 162.622 -13 9032 1 0 1
-2.53235 -33.512 12500 -0.563908 -0.548595 27.9889 162.644 -13 9033 1 0 1
32.3496 64.2436 12500 -0.950553 0.91552 27.9689 162.721 -13 9034 1 0 1
-15.0779 -66.7814 12500 -0.318623 -0.970872 27.9813 162.711 -13 9035 1 0 1
28.7978 6.50843 12500 -0.898635 0.0996816 27.9854 162.599 -13 9036 1 0 1
30.099 0.727817 12500 -0.912788 -0.00164116 27.9851 162.597 -13 9037 1 0 1
24.3634 -24.8718 12500 -0.857825 -0.382416 27.9842 162.613 -13 9038 1 0 1
3.97999 23.4011 12500 -0.639097 0.3487 27.9905 162.621 -13 9039 1 0 1
8.47605 -42.5976 12500 -0.661194 -0.67075 27.9842 162.66 -13 9040 1 0 1
-7.83182 29.2075 12500 -0.509124 0.429668 27.9921 162.637 -13 9041 1 0 1
-6.92342 -37.9326 12500 -0.492571 -0.597 27.9893 162.659 -13 9042 1 0 1
19.693 -9.28448 12500 -0.792865 -0.141584 27.9884 162.606 -13 9043 1 0 1
4.42001 -19.0075 12500 -0.638049 -0.312371 27.991 162.621 -13 9044 1 0 1
-12.6479 -31.099 12500 -0.439493 -0.499636 27.9921 162.652 -13 9045 1 0 1
23.7401 -45.7559 12500 -0.840358 -0.701433 27.9786 162.663 -13 9046 1 0 1
-20.5039 -18.2527 12500 -0.361979 -0.296731 27.9961 162.645 -13 9047 1 0 1
27.1329 16.6063 12500 -0.880244 0.236023 27.9852 162.603 -13 9048 1 0 1
23.9688 -33.327 12500 -0.843449 -0.524705 27.9824 162.635 -13 9049 1 0 1
23.4374 15.9442 12500 -0.84606 0.286731 27.9857 162.608 -13 9050 1 0 1
3.64279 39.0906 12500 -0.632114 0.626547 27.9859 162.649 -13 9051 1 0 1
2.14235 38.8721 12500 -0.602924 0.602616 27.987 162.649 -13 9052 1 0 1
8.62781 36.5253 12500 -0.678506 0.536127 27.9866 162.635 -13 9053 1 0 1
-5.54433 -1.29053 12500 -0.563447 -0.039031 27.9943 162.61 -13 9054 1 0 1
31.0088 -19.8679 12500 -0.931295 -0.295151 27.983 162.604 -13 9055 1 0 1
33.0959 101.539 12500 -1.03573 1.31797 27.9498 162.893 -13 9056 1 0 1
14.4977 9.33854 12500 -0.732172 0.159516 27.99 162.613 -13 9057 1 0 1
-30.3635 28.1905 12500 -0.244701 0.385323 27.9963 162.654 -13 9058 1 0 1
-31.8144 -30.4962 12500 -0.20532 -0.450175 27.9956 162.662 -13 9059 1 0 1
-10.843 -5.74877 12500 -0.502547 -0.0775096 27.9954 162.617 -13 9060 1 0 1
32.7146 43.0504 12500 -0.953009 0.645859 27.9763 162.654 -13 9061 1 0 1
14.8767 -20.4565 12500 -0.747778 -0.345994 27.9879 162.617 -13 9062 1 0 1
1.14762 -58.4899 12500 -0.54916 -0.89485 27.9803 162.707 -13 9063 1 0 1
24.8368 49.0521 12500 -0.85599 0.741207 27.9771 162.669 -13 9064 1 0 1
-2.2827 -53.0183 12500 -0.521559 -0.79278 27.9839 162.683 -13 9065 1 0 1
-26.1413 -19.9931 12500 -0.327274 -0.301377 27.9965 162.636 -13 9066 1 0 1
1.74091 -5.28058 12500 -0.629716 -0.102022 27.9927 162.608 -13 9067 1 0 1
20.0247 -0.565227 12500 -0.811484 -0.0109053 27.9882 162.596 -13 9068 1 0 1
-4.97185 11.0168 12500 -0.539798 0.195047 27.9941 162.626 -13 9069 1 0 1
11.3993 -16.1293 12500 -0.706237 -0.245132 27.99 162.614 -13 9070 1 0 1
-6.24245 18.6951 12500 -0.533235 0.301371 27.9933 162.626 -13 9071 1 0 1
-29.7521 -30.8158 12500 -0.245889 -0.444636 27.9954 162.657 -13 9072 1 0 1
10.8713 -31.3962 12500 -0.711519 -0.510875 27.9863 162.631 -13 9073 1 0 1
16.928 16.1944 12500 -0.76547 0.25044 27.9884 162.61 -13 9074 1 0 1
27.1905 3.9275 12500 -0.897139 0.0463219 27.9856 162.591 -13 9075 1 0 1
-10.5001 13.998 12500 -0.480392 0.227667 27.995 162.631 -13 9076 1 0 1
16.374 0.45124 12500 -0.780386 -0.00170962 27.9891 162.595 -13 9077 1 0 1
-28.9042 -8.68713 12500 -0.331294 -0.10846 27.9978 162.625 -13 9078 1 0 1
-17.0424 -2.52588 12500 -0.405119 -0.0152002 27.9971 162.636 -13 9079 1 0 1
15.2192 -10.2659 12500 -0.759221 -0.164327 27.9892 162.603 -13 9080 1 0 1
-6.8641 -53.8811 12500 -0.452116 -0.819065 27.9844 162.694 -13 9081 1 0 1
-20.1079 -29.7793 12500 -0.337245 -0.441864 27.9945 162.661 -13 9082 1 0 1
24.6949 7.78251 12500 -0.870408 0.148803 27.9861 162.596 -13 9083 1 0 1
15.2617 9.19664 12500 -0.744639 0.161181 27.9896 162.611 -13 9084 1 0 1
11.4911 37.4489 12500 -0.706037 0.574764 27.9852 162.641 -13 9085 1 0 1
-13.6397 -27.4977 12500 -0.444448 -0.42112 27.9933 162.642 -13 9086 1 0 1
27.6595 27.3713 12500 -0.888667 0.428244 27.9826 162.622 -13 9087 1 0 1
19.5158 -2.37479 12500 -0.793369 -0.0608374 27.9887 162.603 -13 9088 1 0 1
34.3692 -17.1375 12500 -0.967944 -0.267659 27.982 162.605 -13 9089 1 0 1
60.6607 85.8931 12500 -1.36278 1.03525 27.9476 162.806 -13 9090 1 0 1
35.1401 58.3632 12500 -0.997345 0.856316 27.9691 162.709 -13 9091 1 0 1
29.0796 24.0546 12500 -0.890932 0.380021 27.9832 162.621 -13 9092 1 0 1
19.2387 8.41305 12500 -0.827082 0.16141 27.9873 162.591 -13 9093 1 0 1
4.79799 25.4571 12500 -0.640796 0.367988 27.9902 162.624 -13 9094 1 0 1
11.6008 21.2647 12500 -0.708491 0.33653 27.989 162.618 -13 9095 1 0 1
-7.70652 -22.6487 12500 -0.519785 -0.393081 27.9924 162.632 -13 9096 1 0 1
-1.01372 -4.02708 12500 -0.585505 -0.0786873 27.9938 162.618 -13 9097 1 0 1
-3.29895 -1.37996 12500 -0.598962 -0.0377655 27.9936 162.603 -13 9098 1 0 1
0.423757 3.88588 12500 -0.613947 0.0887596 27.9931 162.61 -13 9099 1 0 1
-23.6409 31.2836 12500 -0.312141 0.487152 27.994 162.658 -13 9100 1 0 1
-30.1809 0.168927 12500 -0.274811 0.0478971 27.9986 162.64 -13 9101 1 0 1
-21.5016 -66.9907 12500 -0.20796 -0.968259 27.9825 162.715 -13 9102 1 0 1
17.1039 -9.23395 12500 -0.783138 -0.147789 27.9887 162.6 -13 9103 1 0 1
23.0062 -3.59273 12500 -0.833535 -0.0853608 27.9875 162.601 -13 9104 1 0 1
8.36415 4.11448 12500 -0.674611 0.0614335 27.9918 162.612 -13 9105 1 0 1
3.24035 7.0388 12500 -0.63467 0.126514 27.9925 162.612 -13 9106 1 0 1
-12.2845 0.397883 12500 -0.481347 0.0345942 27.9958 162.621 -13 9107 1 0 1
-8.47295 0.177203 12500 -0.523481 7.67088e-06 27.9951 162.617 -13 9108 1 0 1
-17.0364 32.7076 12500 -0.384562 0.518923 27.9925 162.656 -13 9109 1 0 1
0.637201 -46.6447 12500 -0.575084 -0.691321 27.9856 162.661 -13 9110 1 0 1
-9.27853 10.6705 12500 -0.516273 0.182979 27.9946 162.62 -13 9111 1 0 1
20.4146 15.1195 12500 -0.806233 0.254949 27.9872 162.609 -13 9112 1 0 1
-52.2848 -48.2024 12500 0.12679 -0.591139 27.9935 162.657 -13 9113 1 0 1
-1.93949 29.0956 12500 -0.558323 0.46473 27.9906 162.642 -13 9114 1 0 1
-6.63937 17.7972 12500 -0.52978 0.293612 27.9934 162.626 -13 9115 1 0 1
5.18637 13.3192 12500 -0.652138 0.196962 27.9917 162.613 -13 9116 1 0 1
3.38311 14.7273 12500 -0.639309 0.20265 27.992 162.612 -13 9117 1 0 1
13.0179 -9.62994 12500 -0.727019 -0.119294 27.9903 162.608 -13 9118 1 0 1
15.8866 33.8778 12500 -0.763145 0.557358 27.984 162.638 -13 9119 1 0 1
16.1625 26.2026 12500 -0.756097 0.446347 27.9862 162.63 -13 9120 1 0 1
24.7715 41.3781 12500 -0.85299 0.631717 27.9799 162.649 -13 9121 1 0 1
-11.4347 -50.3217 12500 -0.429188 -0.761676 27.9863 162.675 -13 9122 1 0 1
-11.6783 13.9213 12500 -0.475059 0.220147 27.9951 162.629 -13 9123 1 0 1
-12.1438 -20.6814 12500 -0.484871 -0.320745 27.994 162.624 -13 9124 1 0 1
0.170221 44.0355 12500 -0.574987 0.713787 27.985 162.669 -13 9125 1 0 1
10.0731 11.0538 12500 -0.710993 0.166393 27.9905 162.605 -13 9126 1 0 1
-20.9968 -6.54682 12500 -0.387137 -0.0902351 27.9972 162.629 -13 9127 1 0 1
-3.45434 -29.8074 12500 -0.563503 -0.458264 27.9906 162.632 -13 9128 1 0 1
0.986798 28.2437 12500 -0.623093 0.455952 27.9894 162.627 -13 9129 1 0 1
-9.71388 -7.22469 12500 -0.497653 -0.153443 27.9952 162.626 -13 9130 1 0 1
1.94366 25.2174 12500 -0.6105 0.400618 27.9905 162.63 -13 9131 1 0 1
-24.2965 8.59598 12500 -0.353432 0.126913 27.9975 162.632 -13 9132 1 0 1
-7.57344 5.62874 12500 -0.513329 0.0969839 27.9951 162.625 -13 9133 1 0 1
31.8459 56.3629 12500 -0.934113 0.822024 27.9723 162.697 -13 9134 1 0 1
17.0515 31.0472 12500 -0.772621 0.452696 27.9857 162.621 -13 9135 1 0 1
31.4515 28.5765 12500 -0.930844 0.440443 27.9811 162.625 -13 9136 1 0 1
-5.79173 -3.71691 12500 -0.553443 -0.0330108 27.9945 162.613 -13 9137 1 0 1
10.988 -24.4375 12500 -0.693274 -0.409563 27.9884 162.632 -13 9138 1 0 1
46.5046 -9.39228 12500 -1.10188 -0.154424 27.9779 162.606 -13 9139 1 0 1
18.4608 12.5872 12500 -0.782441 0.178462 27.9885 162.606 -13 9140 1 0 1
26.9221 1.21654 12500 -0.861089 0.0234078 27.9867 162.605 -13 9141 1 0 1
5.57381 -62.6118 12500 -0.601046 -0.928194 27.9782 162.706 -13 9142 1 0 1
41.8023 -23.0549 12500 -1.04827 -0.34195 27.9783 162.617 -13 9143 1 0 1
-15.0294 -63.6132 12500 -0.315397 -0.942365 27.9824 162.714 -13 9144 1 0 1
-18.9558 11.3441 12500 -0.411867 0.193966 27.9963 162.629 -13 9145 1 0 1
2.40246 -12.8387 12500 -0.652172 -0.199335 27.9917 162.603 -13 9146 1 0 1
-18.9322 -17.5614 12500 -0.401436 -0.293046 27.9956 162.634 -13 9147 1 0 1
-2.34684 -47.3299 12500 -0.535406 -0.732323 27.9853 162.671 -13 9148 1 0 1
40.9568 31.6442 12500 -1.05954 0.451859 27.9763 162.623 -13 9149 1 0 1
-2.59712 18.5279 12500 -0.572194 0.309808 27.9924 162.623 -13 9150 1 0 1
-39.7042 -20.0218 12500 -0.139753 -0.282557 27.9982 162.648 -13 9151 1 0 1
-8.92334 32.5316 12500 -0.479965 0.510531 27.9912 162.648 -13 9152 1 0 1
28.6977 36.6581 12500 -0.898365 0.589397 27.9794 162.649 -13 9153 1 0 1
5.17365 6.39526 12500 -0.666307 0.0938718 27.9919 162.604 -13 9154 1 0 1
7.9259 -3.17728 12500 -0.68038 -0.0324497 27.9917 162.608 -13 9155 1 0 1
-12.9095 21.5828 12500 -0.449396 0.342082 27.9943 162.637 -13 9156 1 0 1
-15.4933 -58.5372 12500 -0.340948 -0.874762 27.9843 162.7 -13 9157 1 0 1
3.34555 -13.7297 12500 -0.635708 -0.204758 27.992 162.614 -13 9158 1 0 1
1.47388 -11.3814 12500 -0.603528 -0.198164 27.9928 162.623 -13 9159 1 0 1
19.791 -22.9377 12500 -0.818446 -0.406666 27.9851 162.615 -13 9160 1 0 1
25.3937 -24.0639 12500 -0.865229 -0.367125 27.9842 162.614 -13 9161 1 0 1
5.03983 2.44191 12500 -0.653779 0.0236477 27.9924 162.608 -13 9162 1 0 1
40.6055 73.2726 12500 -1.08452 1.00268 27.961 162.759 -13 9163 1 0 1
28.8268 11.3332 12500 -0.892691 0.185555 27.9852 162.606 -13 9164 1 0 1
13.3791 -2.10721 12500 -0.7357 -0.0191991 27.9903 162.604 -13 9165 1 0 1
-7.69305 6.46816 12500 -0.551232 0.106156 27.9944 162.609 -13 9166 1 0 1
12.6813 5.68828 12500 -0.743835 0.120007 27.9899 162.6 -13 9167 1 0 1
-6.7332 -3.13947 12500 -0.539763 -0.0516564 27.9947 162.616 -13 9168 1 0 1
-31.0216 3.68187 12500 -0.269861 0.0660634 27.9986 162.639 -13 9169 1 0 1
-12.7664 -19.7926 12500 -0.460341 -0.298543 27.9946 162.631 -13 9170 1 0 1
13.201 -1.4442 12500 -0.742937 -0.0504065 27.9901 162.6 -13 9171 1 0 1
-9.0539 -1.93891 12500 -0.529284 -0.0327095 27.995 162.612 -13 9172 1 0 1
34.5466 47.8241 12500 -0.97823 0.731194 27.9734 162.679 -13 9173 1 0 1
10.102 -18.3377 12500 -0.702525 -0.298855 27.9896 162.614 -13 9174 1 0 1
-4.14582 7.90557 12500 -0.561076 0.138649 27.994 162.618 -13 9175 1 0 1
-2.51198 6.42805 12500 -0.592714 0.105979 27.9935 162.609 -13 9176 1 0 1
-8.37689 8.72502 12500 -0.513749 0.159613 27.9948 162.624 -13 9177 1 0 1
15.81 24.9974 12500 -0.742541 0.391 27.9874 162.626 -13 9178 1 0 1
1.90373 14.2977 12500 -0.628615 0.203237 27.9922 162.611 -13 9179 1 0 1
-1.17832 -12.6904 12500 -0.583929 -0.18013 27.9933 162.62 -13 9180 1 0 1
5.39218 -23.1364 12500 -0.636722 -0.363237 27.9904 162.629 -13 9181 1 0 1
33.2793 10.2356 12500 -0.964232 0.194281 27.9827 162.6 -13 9182 1 0 1
29.0757 27.8301 12500 -0.925968 0.437722 27.9813 162.617 -13 9183 1 0 1
-6.22036 26.5089 12500 -0.522481 0.423645 27.9919 162.638 -13 9184 1 0 1
-27.8959 -47.8284 12500 -0.233759 -0.675216 27.9909 162.67 -13 9185 1 0 1
-33.8379 -15.0469 12500 -0.227781 -0.231836 27.9981 162.645 -13 9186 1 0 1
5.23358 -38.8342 12500 -0.63119 -0.592508 27.9866 162.648 -13 9187 1 0 1
27.1722 -41.5783 12500 -0.893183 -0.618349 27.9789 162.641 -13 9188 1 0 1
-19.3575 -15.4064 12500 -0.393186 -0.235788 27.9962 162.634 -13 9189 1 0 1
16.4722 5.3382 12500 -0.773498 0.0625599 27.9892 162.599 -13 9190 1 0 1
-13.3281 -9.58318 12500 -0.477253 -0.181962 27.9953 162.622 -13 9191 1 0 1
-15.5043 -58.6111 12500 -0.340139 -0.860893 27.9847 162.698 -13 9192 1 0 1
5.4283 8.03061 12500 -0.640151 0.119131 27.9924 162.618 -13 9193 1 0 1
31.427 74.4197 12500 -0.94896 1.07269 27.9633 162.778 -13 9194 1 0 1
9.97034 6.99776 12500 -0.706507 0.0996757 27.9909 162.604 -13 9195 1 0 1
-37.4728 -59.9515 12500 0.0132398 -0.79676 27.9887 162.693 -13 9196 1 0 1
40.3513 49.2348 12500 -1.04328 0.716025 27.9714 162.678 -13 9197 1 0 1
22.0067 28.909 12500 -0.818946 0.46893 27.9841 162.63 -13 9198 1 0 1
40.9429 33.421 12500 -1.04209 0.476818 27.9765 162.631 -13 9199 1 0 1
-3.26357 -19.419 12500 -0.550297 -0.302426 27.993 162.629 -13 9200 1 0 1
6.87341 -15.8834 12500 -0.68046 -0.279706 27.9903 162.611 -13 9201 1 0 1
8.46589 17.3706 12500 -0.685402 0.297556 27.99 162.616 -13 9202 1 0 1
21.4647 13.0646 12500 -0.837002 0.222595 27.9866 162.599 -13 9203 1 0 1
-7.24342 -29.2821 12500 -0.482712 -0.454106 27.9922 162.653 -13 9204 1 0 1
25.4909 73.0964 12500 -0.850542 1.05477 27.9672 162.758 -13 9205 1 0 1
36.3071 -20.0568 12500 -0.987057 -0.281492 27.9812 162.606 -13 9206 1 0 1
40.2524 12.0407 12500 -1.04286 0.149029 27.9802 162.597 -13 9207 1 0 1
-14.4463 55.7565 12500 -0.393811 0.824859 27.9851 162.684 -13 9208 1 0 1
-29.3417 21.8633 12500 -0.281747 0.346655 27.9964 162.643 -13 9209 1 0 1
20.2846 -17.6389 12500 -0.791169 -0.279252 27.9874 162.615 -13 9210 1 0 1
-21.8575 -31.16 12500 -0.325806 -0.502311 27.9936 162.662 -13 9211 1 0 1
52.6574 16.0429 12500 -1.17566 0.231473 27.9743 162.614 -13 9212 1 0 1
13.607 30.6412 12500 -0.735465 0.485947 27.9861 162.629 -13 9213 1 0 1
-14.9466 -1.0493 12500 -0.454867 -0.0224801 27.9963 162.622 -13 9214 1 0 1
14.2538 -11.7841 12500 -0.736519 -0.219404 27.9895 162.614 -13 9215 1 0 1
4.64973 15.033 12500 -0.654238 0.232337 27.9914 162.611 -13 9216 1 0 1
15.477 16.3648 12500 -0.759483 0.243829 27.9886 162.606 -13 9217 1 0 1
-15.4098 13.0476 12500 -0.436192 0.219176 27.9957 162.632 -13 9218 1 0 1
12.1144 -20.8921 12500 -0.735869 -0.324884 27.9884 162.607 -13 9219 1 0 1
18.2419 12.8495 12500 -0.789602 0.215659 27.988 162.606 -13 9220 1 0 1
1.88216 -18.6735 12500 -0.635976 -0.330157 27.9908 162.614 -13 9221 1 0 1
17.2321 41.1784 12500 -0.75749 0.648267 27.9822 162.656 -13 9222 1 0 1
18.3174 61.925 12500 -0.770438 0.938543 27.9737 162.717 -13 9223 1 0 1
-2.97739 -9.07599 12500 -0.590677 -0.159263 27.9933 162.61 -13 9224 1 0 1
9.29795 4.26936 12500 -0.693458 0.0498975 27.9914 162.607 -13 9225 1 0 1
14.3435 -14.7988 12500 -0.75588 -0.236357 27.9888 162.604 -13 9226 1 0 1
-13.9058 -16.7774 12500 -0.458735 -0.253027 27.9951 162.627 -13 9227 1 0 1
24.4073 8.89649 12500 -0.856507 0.134935 27.9866 162.598 -13 9228 1 0 1
-11.57 -7.36031 12500 -0.463265 -0.0979517 27.996 162.632 -13 9229 1 0 1
26.5204 5.61643 12500 -0.881643 0.0832775 27.986 162.595 -13 9230 1 0 1
55.5639 -18.4426 12500 -1.20124 -0.266179 27.973 162.622 -13 9231 1 0 1
9.53906 -15.6592 12500 -0.709946 -0.272242 27.9897 162.608 -13 9232 1 0 1
13.8209 -6.79773 12500 -0.739309 -0.118919 27.99 162.606 -13 9233 1 0 1
15.9952 14.8746 12500 -0.76148 0.26103 27.9884 162.611 -13 9234 1 0 1
29.2868 34.6486 12500 -0.925514 0.517386 27.9799 162.625 -13 9235 1 0 1
5.24636 18.585 12500 -0.636673 0.299123 27.9912 162.624 -13 9236 1 0 1
2.96722 22.1031 12500 -0.63464 0.332908 27.9908 162.617 -13 9237 1 0 1
-8.70718 -26.8066 12500 -0.520422 -0.44767 27.9916 162.632 -13 9238 1 0 1
12.9372 -1.66939 12500 -0.727471 -0.0142349 27.9905 162.606 -13 9239 1 0 1
4.5207 -32.8679 12500 -0.632391 -0.510515 27.9882 162.637 -13 9240 1 0 1
-1.77774 -18.6054 12500 -0.564828 -0.296466 27.9927 162.629 -13 9241 1 0 1
16.4221 -0.573068 12500 -0.759864 0.0100024 27.9897 162.605 -13 9242 1 0 1
2.39205 26.1289 12500 -0.616447 0.420579 27.9901 162.631 -13 9243 1 0 1
15.4423 8.69881 12500 -0.757535 0.124606 27.9895 162.603 -13 9244 1 0 1
-6.80794 -109.728 12500 -0.193088 -1.47934 27.9602 162.843 -13 9245 1 0 1
-17.5692 3.48956 12500 -0.43471 0.0610527 27.9966 162.622 -13 9246 1 0 1
28.7227 -13.8157 12500 -0.891981 -0.232332 27.9848 162.61 -13 9247 1 0 1
7.97063 2.12368 12500 -0.686868 0.0762131 27.9915 162.606 -13 9248 1 0 1
3.03985 -9.89857 12500 -0.631212 -0.183735 27.9923 162.615 -13 9249 1 0 1
31.0203 20.5536 12500 -0.917642 0.328431 27.983 162.614 -13 9250 1 0 1
-8.43981 2.98165 12500 -0.509883 0.0639326 27.9953 162.623 -13 9251 1 0 1
5.71956 24.0035 12500 -0.645452 0.394064 27.9898 162.629 -13 9252 1 0 1
-0.173832 -15.6123 12500 -0.595035 -0.235495 27.9927 162.619 -13 9253 1 0 1
36.6629 -9.08562 12500 -0.988697 -0.157689 27.9821 162.603 -13 9254 1 0 1
-15.6041 15.0543 12500 -0.416038 0.224283 27.996 162.638 -13 9255 1 0 1
-20.9863 -6.59387 12500 -0.385038 -0.107632 27.9971 162.631 -13 9256 1 0 1
-4.67558 23.8746 12500 -0.543685 0.371494 27.9923 162.631 -13 9257 1 0 1
20.4303 36.9488 12500 -0.797988 0.580027 27.9826 162.644 -13 9258 1 0 1
-19.5557 3.59735 12500 -0.412649 0.0713589 27.9969 162.624 -13 9259 1 0 1
32.063 19.5752 12500 -0.94107 0.331677 27.9822 162.612 -13 9260 1 0 1
-31.2905 -2.80784 12500 -0.261561 -0.0336921 27.9988 162.641 -13 9261 1 0 1
22.5109 -16.9709 12500 -0.809476 -0.277925 27.9869 162.618 -13 9262 1 0 1
17.3369 14.1979 12500 -0.7804 0.211732 27.9883 162.604 -13 9263 1 0 1
9.34518 32.9108 12500 -0.681556 0.546543 27.9864 162.643 -13 9264 1 0 1
28.6018 -18.5615 12500 -0.894349 -0.293549 27.9842 162.609 -13 9265 1 0 1
-6.27007 17.7907 12500 -0.524557 0.258611 27.9939 162.627 -13 9266 1 0 1
9.29779 -0.163348 12500 -0.691172 0.00831563 27.9915 162.608 -13 9267 1 0 1
20.1116 16.5374 12500 -0.806998 0.255585 27.9872 162.605 -13 9268 1 0 1
14.2013 -44.5812 12500 -0.751407 -0.68622 27.9815 162.649 -13 9269 1 0 1
26.1609 1.24242 12500 -0.876344 0.0548531 27.9862 162.596 -13 9270 1 0 1
19.8352 25.2908 12500 -0.799588 0.399126 27.9857 162.619 -13 9271 1 0 1
32.955 19.4864 12500 -0.934854 0.300499 27.9828 162.613 -13 9272 1 0 1
1.31451 -3.63263 12500 -0.618036 -0.0309096 27.9932 162.611 -13 9273 1 0 1
11.4683 12.9851 12500 -0.73491 0.196372 27.9897 162.601 -13 9274 1 0 1
25.7108 -0.643089 12500 -0.870776 -0.0169201 27.9865 162.595 -13 9275 1 0 1
22.8665 74.0188 12500 -0.834692 1.09324 27.9662 162.769 -13 9276 1 0 1
3.60391 80.871 12500 -0.564715 1.18996 27.969 162.774 -13 9277 1 0 1
15.9843 -26.876 12500 -0.757992 -0.420146 27.9866 162.624 -13 9278 1 0 1
-15.4249 5.48316 12500 -0.432397 0.0744832 27.9966 162.63 -13 9279 1 0 1
5.60097 12.5156 12500 -0.664628 0.185063 27.9915 162.609 -13 9280 1 0 1
-0.562982 2.68398 12500 -0.605386 0.0598986 27.9934 162.61 -13 9281 1 0 1
-14.7533 3.31475 12500 -0.465354 0.057176 27.9961 162.619 -13 9282 1 0 1
-1.74526 -30.3593 12500 -0.591238 -0.508439 27.9891 162.634 -13 9283 1 0 1
20.0145 -24.0447 12500 -0.815368 -0.346849 27.986 162.607 -13 9284 1 0 1
-30.308 2.94787 12500 -0.281184 0.0496788 27.9985 162.638 -13 9285 1 0 1
-17.629 -1.05694 12500 -0.415042 -0.0153873 27.9969 162.629 -13 9286 1 0 1
9.22637 -8.4603 12500 -0.700428 -0.134478 27.9909 162.605 -13 9287 1 0 1
-13.9344 4.38012 12500 -0.440394 0.063423 27.9965 162.632 -13 9288 1 0 1
51.3358 19.4797 12500 -1.17711 0.287834 27.9738 162.61 -13 9289 1 0 1
-0.0675056 20.7862 12500 -0.601881 0.373912 27.991 162.626 -13 9290 1 0 1
3.43054 -12.1625 12500 -0.636494 -0.189586 27.9921 162.614 -13 9291 1 0 1
-4.59279 7.43432 12500 -0.552254 0.119421 27.9943 162.619 -13 9292 1 0 1
18.6369 -5.57032 12500 -0.790603 -0.0705746 27.9887 162.601 -13 9293 1 0 1
-0.6837 23.9432 12500 -0.581216 0.361338 27.9916 162.629 -13 9294 1 0 1
-8.61207 -60.2707 12500 -0.437707 -0.919177 27.9815 162.704 -13 9295 1 0 1
-7.75756 -10.565 12500 -0.519541 -0.168051 27.9947 162.623 -13 9296 1 0 1
-24.3219 -44.8357 12500 -0.284152 -0.663064 27.9907 162.668 -13 9297 1 0 1
5.7658 22.5533 12500 -0.646702 0.330282 27.9906 162.623 -13 9298 1 0 1
5.43125 6.57001 12500 -0.656209 0.0669766 27.9922 162.609 -13 9299 1 0 1
-16.7987 -56.3614 12500 -0.313076 -0.854157 27.9852 162.702 -13 9300 1 0 1
-16.4741 4.77513 12500 -0.436254 0.0547545 27.9965 162.625 -13 9301 1 0 1
12.4113 5.64389 12500 -0.712421 0.115921 27.9907 162.613 -13 9302 1 0 1
19.3415 30.2786 12500 -0.796484 0.462154 27.9849 162.624 -13 9303 1 0 1
20.4967 -1.39758 12500 -0.81346 -0.0333089 27.9882 162.598 -13 9304 1 0 1
21.153 7.73197 12500 -0.810776 0.119357 27.988 162.603 -13 9305 1 0 1
32.501 55.5625 12500 -0.948006 0.816283 27.972 162.695 -13 9306 1 0 1
-53.8891 -25.9399 12500 0.105021 -0.325934 27.9979 162.648 -13 9307 1 0 1
9.15563 -29.4549 12500 -0.69726 -0.47048 27.9874 162.626 -13 9308 1 0 1
7.00681 41.1653 12500 -0.6361 0.642703 27.9854 162.659 -13 9309 1 0 1
-20.4979 -53.5564 12500 -0.274708 -0.800611 27.9872 162.693 -13 9310 1 0 1
-16.3055 -29.6932 12500 -0.40398 -0.463376 27.9933 162.65 -13 9311 1 0 1
-13.6957 1.03299 12500 -0.482794 0.00799363 27.9958 162.616 -13 9312 1 0 1
37.0577 -6.30752 12500 -0.996597 -0.0757477 27.9822 162.598 -13 9313 1 0 1
28.8624 68.7848 12500 -0.88812 0.969955 27.9691 162.731 -13 9314 1 0 1
-1.93918 -23.6353 12500 -0.580596 -0.395548 27.9912 162.628 -13 9315 1 0 1
32.1695 4.35806 12500 -0.944662 0.0581999 27.984 162.594 -13 9316 1 0 1
-35.1149 -2.51338 12500 -0.228875 -0.0256982 27.9991 162.638 -13 9317 1 0 1
0.430643 -51.4075 12500 -0.56932 -0.81409 27.9824 162.683 -13 9318 1 0 1
4.32521 27.2778 12500 -0.645206 0.423829 27.9894 162.626 -13 9319 1 0 1
15.9395 52.9347 12500 -0.749248 0.801894 27.9785 162.679 -13 9320 1 0 1
-8.16998 3.42815 12500 -0.510916 0.0381749 27.9953 162.623 -13 9321 1 0 1
-14.2505 -13.825 12500 -0.460842 -0.21918 27.9953 162.626 -13 9322 1 0 1
17.7452 12.4685 12500 -0.786577 0.221583 27.9881 162.606 -13 9323 1 0 1
14.1317 -3.98133 12500 -0.744577 -0.0634344 27.99 162.603 -13 9324 1 0 1
26.6763 6.25845 12500 -0.861325 0.0992661 27.9866 162.605 -13 9325 1 0 1
-10.0601 -10.6292 12500 -0.501751 -0.129724 27.9952 162.621 -13 9326 1 0 1
8.14849 -13.4649 12500 -0.680623 -0.217464 27.9909 162.613 -13 9327 1 0 1
16.6276 -51.6504 12500 -0.736385 -0.783825 27.9793 162.683 -13 9328 1 0 1
-5.43982 -6.87911 12500 -0.545227 -0.111984 27.9945 162.619 -13 9329 1 0 1
-0.647966 -28.4079 12500 -0.592774 -0.455984 27.99 162.632 -13 9330 1 0 1
-19.9409 -30.2027 12500 -0.372242 -0.474918 27.9935 162.649 -13 9331 1 0 1
14.7043 22.4242 12500 -0.739691 0.373233 27.9877 162.621 -13 9332 1 0 1
12.0742 -2.64651 12500 -0.741308 -0.028229 27.9902 162.596 -13 9333 1 0 1
15.8962 17.8884 12500 -0.753774 0.30046 27.9882 162.615 -13 9334 1 0 1
16.411 -10.7636 12500 -0.773109 -0.165254 27.9888 162.602 -13 9335 1 0 1
9.91146 33.7174 12500 -0.669302 0.508044 27.9874 162.641 -13 9336 1 0 1
7.25367 12.6326 12500 -0.668736 0.239356 27.991 162.618 -13 9337 1 0 1
17.3715 -17.8951 12500 -0.784772 -0.264389 27.9878 162.603 -13 9338 1 0 1
1.37894 -10.8675 12500 -0.618617 -0.184117 27.9926 162.614 -13 9339 1 0 1
48.5208 105.751 12500 -1.26365 1.28538 27.9419 162.934 -13 9340 1 0 1
-1.72965 7.00981 12500 -0.583085 0.1321 27.9936 162.617 -13 9341 1 0 1
30.3185 -16.8618 12500 -0.912623 -0.250705 27.984 162.606 -13 9342 1 0 1
25.5017 10.867 12500 -0.867806 0.184013 27.9859 162.601 -13 9343 1 0 1
5.56796 -38.3673 12500 -0.649488 -0.603275 27.986 162.644 -13 9344 1 0 1
12.9284 4.37158 12500 -0.746021 0.0553574 27.99 162.597 -13 9345 1 0 1
-15.7247 -8.38164 12500 -0.446509 -0.134832 27.9961 162.624 -13 9346 1 0 1
5.36526 77.6773 12500 -0.558777 1.14481 27.971 162.768 -13 9347 1 0 1
20.1598 5.07347 12500 -0.81756 0.0804966 27.9879 162.595 -13 9348 1 0 1
-28.6663 -72.1911 12500 -0.0488859 -0.979268 27.9828 162.717 -13 9349 1 0 1
0.531036 2.13857 12500 -0.622053 0.0389867 27.9931 162.606 -13 9350 1 0 1
8.10792 24.5117 12500 -0.698797 0.351302 27.9891 162.611 -13 9351 1 0 1
22.9157 1.79753 12500 -0.830522 0.0292876 27.9877 162.6 -13 9352 1 0 1
12.7201 13.1614 12500 -0.730683 0.222621 27.9896 162.61 -13 9353 1 0 1
12.9221 -18.7744 12500 -0.726135 -0.306888 27.9889 162.615 -13 9354 1 0 1
7.82839 18.5487 12500 -0.676883 0.334781 27.9898 162.62 -13 9355 1 0 1
13.6575 -0.670325 12500 -0.744434 -0.0308856 27.9901 162.601 -13 9356 1 0 1
26.2889 32.7356 12500 -0.879367 0.505298 27.9816 162.628 -13 9357 1 0 1
29.0148 2.01821 12500 -0.911348 0.0496173 27.9851 162.594 -13 9358 1 0 1
-12.0052 2.01487 12500 -0.474395 0.0358163 27.996 162.625 -13 9359 1 0 1
-18.321 -33.6651 12500 -0.366018 -0.523165 27.9927 162.659 -13 9360 1 0 1
4.1043 13.4403 12500 -0.646794 0.188423 27.9919 162.611 -13 9361 1 0 1
18.0437 39.6803 12500 -0.771512 0.628806 27.9823 162.652 -13 9362 1 0 1
22.6876 35.416 12500 -0.840968 0.572333 27.9815 162.639 -13 9363 1 0 1
15.1032 42.674 12500 -0.732939 0.672829 27.9823 162.66 -13 9364 1 0 1
17.4328 -5.86008 12500 -0.781002 -0.0679409 27.989 162.6 -13 9365 1 0 1
-15.8094 12.2669 12500 -0.43745 0.17968 27.996 162.629 -13 9366 1 0 1
35.9665 -0.605584 12500 -0.976582 -0.0255348 27.983 162.599 -13 9367 1 0 1
15.3585 -33.6919 12500 -0.750145 -0.546898 27.9846 162.638 -13 9368 1 0 1
-15.8411 3.41248 12500 -0.465375 0.048002 27.9961 162.616 -13 9369 1 0 1
-20.485 -10.7553 12500 -0.383987 -0.132096 27.9971 162.633 -13 9370 1 0 1
1.25909 -18.6332 12500 -0.624157 -0.316967 27.9912 162.616 -13 9371 1 0 1
12.1681 16.4589 12500 -0.727328 0.257548 27.9894 162.608 -13 9372 1 0 1
4.53594 -0.517852 12500 -0.64645 0.0177821 27.9925 162.61 -13 9373 1 0 1
-0.816294 -23.3396 12500 -0.582575 -0.39914 27.9911 162.632 -13 9374 1 0 1
16.6407 7.95026 12500 -0.772175 0.128049 27.9891 162.602 -13 9375 1 0 1
32 23.0145 12500 -0.947811 0.360999 27.9816 162.61 -13 9376 1 0 1
28.5209 -7.79583 12500 -0.902894 -0.115394 27.9852 162.597 -13 9377 1 0 1
-18.7012 -17.0591 12500 -0.406559 -0.262715 27.9958 162.631 -13 9378 1 0 1
-7.71588 18.2696 12500 -0.527476 0.276255 27.9937 162.622 -13 9379 1 0 1
4.18356 -30.5784 12500 -0.62794 -0.48369 27.9888 162.637 -13 9380 1 0 1
1.04213 32.6553 12500 -0.593822 0.515788 27.989 162.641 -13 9381 1 0 1
16.4299 8.10285 12500 -0.781377 0.138287 27.9888 162.598 -13 9382 1 0 1
20.9418 13.5126 12500 -0.824556 0.241613 27.9868 162.604 -13 9383 1 0 1
2.75923 9.49153 12500 -0.628818 0.150467 27.9925 162.613 -13 9384 1 0 1
22.6741 -11.2684 12500 -0.860068 -0.195052 27.9861 162.593 -13 9385 1 0 1
29.4712 62.4045 12500 -0.923284 0.914621 27.9698 162.718 -13 9386 1 0 1
-4.5588 -7.58327 12500 -0.558734 -0.109201 27.9942 162.616 -13 9387 1 0 1
7.62777 52.8078 12500 -0.650643 0.802375 27.9809 162.679 -13 9388 1 0 1
15.3763 -15.9692 12500 -0.764908 -0.239196 27.9885 162.603 -13 9389 1 0 1
48.9303 8.62916 12500 -1.14515 0.0991199 27.9764 162.598 -13 9390 1 0 1
15.6941 11.4679 12500 -0.747359 0.172215 27.9895 162.611 -13 9391 1 0 1
14.1336 43.1232 12500 -0.734143 0.6448 27.9829 162.648 -13 9392 1 0 1
22.8586 31.8233 12500 -0.84604 0.495806 27.9828 162.624 -13 9393 1 0 1
3.13528 18.3508 12500 -0.637024 0.298791 27.9912 162.616 -13 9394 1 0 1
5.5823 -14.7528 12500 -0.646076 -0.219295 27.9917 162.618 -13 9395 1 0 1
17.6971 20.1417 12500 -0.777532 0.290212 27.9877 162.608 -13 9396 1 0 1
25.1757 30.0724 12500 -0.852315 0.47969 27.9829 162.632 -13 9397 1 0 1
30.5997 -57.637 12500 -0.918444 -0.840159 27.9723 162.702 -13 9398 1 0 1
-39.2011 -69.8641 12500 0.118352 -0.896437 27.9854 162.703 -13 9399 1 0 1
-30.1757 2.22297 12500 -0.282718 0.0170311 27.9986 162.638 -13 9400 1 0 1
24.9671 -1.0867 12500 -0.866845 -0.0215062 27.9866 162.594 -13 9401 1 0 1
-82.5639 155.34 12500 -9.9225 2.39689 26.073 163.547 -13 9402 1 0 1
18.6712 7.57482 12500 -0.799936 0.109757 27.9884 162.597 -13 9403 1 0 1
27.083 50.1405 12500 -0.869776 0.781953 27.9756 162.688 -13 9404 1 0 1
33.2291 27.5494 12500 -0.955462 0.410474 27.9807 162.619 -13 9405 1 0 1
-7.20319 -63.2529 12500 -0.436239 -0.970828 27.9798 162.718 -13 9406 1 0 1
-23.1287 -10.263 12500 -0.374552 -0.145662 27.9971 162.628 -13 9407 1 0 1
31.5512 59.401 12500 -0.964153 0.863929 27.9701 162.701 -13 9408 1 0 1
-35.7845 -5.56126 12500 -0.207061 -0.0867542 27.9991 162.643 -13 9409 1 0 1
34.0342 50.6671 12500 -0.9821 0.750041 27.9727 162.675 -13 9410 1 0 1
-11.6813 34.8555 12500 -0.449948 0.55195 27.9909 162.653 -13 9411 1 0 1
-11.6033 42.85 12500 -0.433825 0.656767 27.9889 162.665 -13 9412 1 0 1
36.3022 45.3431 12500 -1.0006 0.697963 27.9734 162.674 -13 9413 1 0 1
11.9276 0.714169 12500 -0.717695 0.0224697 27.9908 162.606 -13 9414 1 0 1
18.2853 -10.9294 12500 -0.794137 -0.139485 27.9884 162.599 -13 9415 1 0 1
15.5398 10.7771 12500 -0.767515 0.146877 27.9891 162.6 -13 9416 1 0 1
9.27999 10.3465 12500 -0.689369 0.176442 27.991 162.612 -13 9417 1 0 1
-40.5985 -34.0856 12500 -0.0803118 -0.490715 27.9956 162.664 -13 9418 1 0 1
5.97837 15.4403 12500 -0.651747 0.25757 27.9912 162.619 -13 9419 1 0 1
-26.084 -1.31653 12500 -0.317578 0.0278978 27.9982 162.639 -13 9420 1 0 1
44.3064 43.9621 12500 -1.09427 0.634018 27.9714 162.66 -13 9421 1 0 1
5.85948 25.4596 12500 -0.654033 0.417435 27.9892 162.628 -13 9422 1 0 1
0.925194 15.9507 12500 -0.609004 0.237436 27.9924 162.617 -13 9423 1 0 1
-19.5367 -18.4313 12500 -0.384578 -0.277102 27.996 162.637 -13 9424 1 0 1
25.5762 -1.46638 12500 -0.868049 -0.0292885 27.9865 162.596 -13 9425 1 0 1
-8.85863 -44.267 12500 -0.454637 -0.66909 27.9883 162.669 -13 9426 1 0 1
21.36 -31.7084 12500 -0.802739 -0.491003 27.9842 162.634 -13 9427 1 0 1
-7.08602 29.4323 12500 -0.523151 0.477119 27.991 162.639 -13 9428 1 0 1
22.85 16.3976 12500 -0.835798 0.245504 27.9864 162.604 -13 9429 1 0 1
-0.994348 4.29722 12500 -0.6008 0.0659013 27.9935 162.61 -13 9430 1 0 1
-23.7761 -58.1351 12500 -0.215013 -0.85155 27.9862 162.7 -13 9431 1 0 1
11.5685 -14.1937 12500 -0.726942 -0.247337 27.9895 162.608 -13 9432 1 0 1
18.0201 54.0777 12500 -0.788125 0.850124 27.976 162.691 -13 9433 1 0 1
8.93335 -11.5844 12500 -0.679167 -0.185675 27.9911 162.616 -13 9434 1 0 1
-7.49553 -6.93202 12500 -0.515586 -0.054853 27.9952 162.624 -13 9435 1 0 1
10.8435 60.4881 12500 -0.648841 0.9136 27.9776 162.714 -13 9436 1 0 1
-1.73903 -76.7278 12500 -0.467497 -1.12529 27.9735 162.755 -13 9437 1 0 1
0.257631 -64.1946 12500 -0.528583 -0.970943 27.9782 162.718 -13 9438 1 0 1
9.95576 7.26649 12500 -0.706555 0.117347 27.9908 162.605 -13 9439 1 0 1
25.513 -18.4563 12500 -0.879646 -0.275535 27.9848 162.599 -13 9440 1 0 1
22.8105 2.47785 12500 -0.835155 0.0798281 27.9874 162.6 -13 9441 1 0 1
-34.0705 -66.4324 12500 -0.00201884 -0.905675 27.9853 162.704 -13 9442 1 0 1
12.5191 27.6926 12500 -0.710291 0.443816 27.9875 162.632 -13 9443 1 0 1
-36.0382 -16.531 12500 -0.191827 -0.223322 27.9985 162.647 -13 9444 1 0 1
-7.23638 -96.2534 12500 -0.280379 -1.34829 27.9661 162.807 -13 9445 1 0 1
34.913 25.5144 12500 -0.96711 0.369489 27.9809 162.617 -13 9446 1 0 1
-1.15986 2.11056 12500 -0.598082 0.0242285 27.9936 162.611 -13 9447 1 0 1
-6.47192 -56.8101 12500 -0.458948 -0.854206 27.9832 162.698 -13 9448 1 0 1
-10.2223 -15.1074 12500 -0.50321 -0.206358 27.9947 162.621 -13 9449 1 0 1
-7.4526 -12.1343 12500 -0.535013 -0.192532 27.9942 162.619 -13 9450 1 0 1
-0.599295 3.40489 12500 -0.598842 0.0520883 27.9935 162.612 -13 9451 1 0 1
7.03302 22.5685 12500 -0.653531 0.374761 27.9899 162.628 -13 9452 1 0 1
-34.7351 -10.4097 12500 -0.209358 -0.138205 27.9989 162.646 -13 9453 1 0 1
8.08491 2.73772 12500 -0.70672 0.0188189 27.9911 162.596 -13 9454 1 0 1
16.5254 -11.3508 12500 -0.768211 -0.18469 27.9889 162.606 -13 9455 1 0 1
33.8047 42.1076 12500 -0.956827 0.660785 27.9758 162.667 -13 9456 1 0 1
36.2793 26.8562 12500 -0.996025 0.417925 27.9792 162.621 -13 9457 1 0 1
-8.66843 -9.8335 12500 -0.501052 -0.181643 27.9949 162.629 -13 9458 1 0 1
41.9884 19.9167 12500 -1.06529 0.316218 27.9779 162.61 -13 9459 1 0 1
-18.0642 -36.1107 12500 -0.37495 -0.569754 27.9917 162.659 -13 9460 1 0 1
-3.45131 -32.8285 12500 -0.535548 -0.509104 27.9902 162.647 -13 9461 1 0 1
-22.3848 -19.4311 12500 -0.34487 -0.307299 27.9962 162.644 -13 9462 1 0 1
7.38001 18.6054 12500 -0.656668 0.340331 27.9902 162.628 -13 9463 1 0 1
-16.5993 -22.5265 12500 -0.4266 -0.370104 27.9943 162.635 -13 9464 1 0 1
19.9259 -13.6058 12500 -0.815674 -0.194679 27.9874 162.598 -13 9465 1 0 1
6.75322 -35.5894 12500 -0.6425 -0.535645 27.9875 162.644 -13 9466 1 0 1
-23.7074 -111.447 12500 0.108614 -1.39893 27.9648 162.763 -13 9467 1 0 1
-17.6771 -0.408462 12500 -0.428523 0.0136208 27.9967 162.624 -13 9468 1 0 1
17.7186 -21.8538 12500 -0.790047 -0.332027 27.9869 162.607 -13 9469 1 0 1
-9.92771 -48.3617 12500 -0.42801 -0.727455 27.9873 162.679 -13 9470 1 0 1
-3.94528 25.5483 12500 -0.55543 0.443934 27.991 162.636 -13 9471 1 0 1
35.9654 -2.06978 12500 -0.982863 -0.0535508 27.9827 162.598 -13 9472 1 0 1
11.5046 50.5094 12500 -0.67012 0.781972 27.9811 162.684 -13 9473 1 0 1
16.1063 14.9446 12500 -0.776062 0.255788 27.9881 162.605 -13 9474 1 0 1
5.63775 29.0542 12500 -0.659148 0.464265 27.9884 162.629 -13 9475 1 0 1
21.5364 24.2169 12500 -0.820727 0.36806 27.9855 162.614 -13 9476 1 0 1
-24.0089 -33.5485 12500 -0.300867 -0.515936 27.9936 162.661 -13 9477 1 0 1
18.3532 9.99613 12500 -0.79058 0.197183 27.9881 162.606 -13 9478 1 0 1
8.47097 14.1481 12500 -0.678552 0.227804 27.9908 162.616 -13 9479 1 0 1
4.20582 30.5525 12500 -0.612721 0.483715 27.9891 162.643 -13 9480 1 0 1
-1.47555 -41.9602 12500 -0.548011 -0.635298 27.9874 162.659 -13 9481 1 0 1
-1.75489 27.2309 12500 -0.570931 0.410964 27.9912 162.633 -13 9482 1 0 1
-17.0567 -42.4233 12500 -0.371043 -0.627972 27.9905 162.664 -13 9483 1 0 1
39.0002 17.3414 12500 -1.03742 0.26184 27.9795 162.6 -13 9484 1 0 1
7.96036 6.16815 12500 -0.671677 0.115367 27.9917 162.613 -13 9485 1 0 1
-11.384 -53.9306 12500 -0.424201 -0.800363 27.9853 162.68 -13 9486 1 0 1
-10.4226 -15.2147 12500 -0.481283 -0.22948 27.9949 162.63 -13 9487 1 0 1
-19.0236 16.6232 12500 -0.379461 0.291099 27.9959 162.643 -13 9488 1 0 1
-4.62589 -18.5277 12500 -0.552022 -0.284512 27.9931 162.622 -13 9489 1 0 1
-10.8765 -15.7792 12500 -0.474891 -0.210054 27.9952 162.63 -13 9490 1 0 1
-0.120471 -43.9126 12500 -0.57272 -0.683238 27.9858 162.661 -13 9491 1 0 1
22.3341 12.6833 12500 -0.847818 0.184482 27.9866 162.595 -13 9492 1 0 1
25.5029 18.711 12500 -0.878753 0.309691 27.9845 162.604 -13 9493 1 0 1
-25.3292 0.085853 12500 -0.318263 -0.0029995 27.9982 162.642 -13 9494 1 0 1
-15.7084 -6.08317 12500 -0.44331 -0.0792591 27.9964 162.625 -13 9495 1 0 1
19.6392 -13.1268 12500 -0.800102 -0.217178 27.9877 162.607 -13 9496 1 0 1
40.1222 2.82027 12500 -1.03653 0.0336783 27.9808 162.595 -13 9497 1 0 1
-11.3286 -20.2743 12500 -0.47713 -0.312261 27.9942 162.63 -13 9498 1 0 1
25.7525 -7.28086 12500 -0.875233 -0.15719 27.9859 162.599 -13 9499 1 0 1
-8.72195 5.15181 12500 -0.512464 0.118303 27.9951 162.622 -13 9500 1 0 1
13.0443 -29.5213 12500 -0.747637 -0.495251 27.9856 162.626 -13 9501 1 0 1
25.8252 30.0359 12500 -0.851517 0.488718 27.9828 162.638 -13 9502 1 0 1
-3.08676 -22.6512 12500 -0.576242 -0.351964 27.9919 162.621 -13 9503 1 0 1
-20.8866 -94.5455 12500 -0.0278709 -1.27296 27.971 162.761 -13 9504 1 0 1
10.5616 -11.7097 12500 -0.702847 -0.206424 27.9904 162.613 -13 9505 1 0 1
28.3602 36.6024 12500 -0.909865 0.57023 27.9794 162.637 -13 9506 1 0 1
10.5578 3.72509 12500 -0.699199 0.0538332 27.9912 162.609 -13 9507 1 0 1
12.9023 -31.137 12500 -0.734646 -0.48117 27.9862 162.624 -13 9508 1 0 1
8.55505 26.9791 12500 -0.674722 0.416749 27.9888 162.629 -13 9509 1 0 1
55.2157 23.3765 12500 -1.20667 0.35347 27.9718 162.629 -13 9510 1 0 1
-30.1765 15.0772 12500 -0.260028 0.221563 27.9979 162.647 -13 9511 1 0 1
5.87764 -8.91983 12500 -0.662094 -0.14983 27.9918 162.61 -13 9512 1 0 1
-2.84742 15.4822 12500 -0.555517 0.262634 27.9933 162.628 -13 9513 1 0 1
35.0352 41.9075 12500 -0.971125 0.626297 27.9761 162.655 -13 9514 1 0 1
2.23275 26.6372 12500 -0.6062 0.40428 27.9905 162.633 -13 9515 1 0 1
-14.2475 10.6735 12500 -0.444667 0.160201 27.996 162.631 -13 9516 1 0 1
13.54 -35.7158 12500 -0.719487 -0.530442 27.9857 162.638 -13 9517 1 0 1
-2.20731 -25.8092 12500 -0.57642 -0.399518 27.9912 162.629 -13 9518 1 0 1
-32.9172 48.9703 12500 -0.117394 0.691051 27.9912 162.681 -13 9519 1 0 1
-24.4339 -15.4468 12500 -0.323471 -0.254572 27.997 162.646 -13 9520 1 0 1
6.59814 -30.1078 12500 -0.675333 -0.503965 27.9873 162.63 -13 9521 1 0 1
2.61853 17.7556 12500 -0.632233 0.293251 27.9913 162.616 -13 9522 1 0 1
-7.46849 -25.8774 12500 -0.533039 -0.404268 27.992 162.628 -13 9523 1 0 1
16.8486 17.144 12500 -0.77807 0.283499 27.9878 162.607 -13 9524 1 0 1
0.213346 -72.3631 12500 -0.512998 -1.07519 27.9746 162.741 -13 9525 1 0 1
-1.77534 -52.498 12500 -0.552236 -0.809476 27.9828 162.677 -13 9526 1 0 1
-18.3201 -12.2583 12500 -0.405692 -0.20995 27.9963 162.634 -13 9527 1 0 1
6.94542 5.74327 12500 -0.670794 0.0824943 27.9918 162.608 -13 9528 1 0 1
-25.8017 -14.7629 12500 -0.335001 -0.234267 27.997 162.636 -13 9529 1 0 1
48.045 29.5182 12500 -1.12686 0.431076 27.974 162.632 -13 9530 1 0 1
0.192752 6.98353 12500 -0.602149 0.0864995 27.9934 162.614 -13 9531 1 0 1
17.192 -23.2811 12500 -0.781543 -0.378047 27.9865 162.614 -13 9532 1 0 1
-10.569 4.51314 12500 -0.487549 0.0687726 27.9957 162.625 -13 9533 1 0 1
-25.6707 -30.1274 12500 -0.295168 -0.426302 27.9952 162.654 -13 9534 1 0 1
2.20837 47.08 12500 -0.5972 0.734615 27.984 162.667 -13 9535 1 0 1
1.88867 9.98543 12500 -0.621633 0.157629 27.9927 162.613 -13 9536 1 0 1
7.9661 -24.9911 12500 -0.685433 -0.384864 27.989 162.619 -13 9537 1 0 1
-1.52991 -18.6663 12500 -0.580836 -0.315142 27.9922 162.624 -13 9538 1 0 1
44.6901 53.4794 12500 -1.08862 0.756786 27.9686 162.694 -13 9539 1 0 1
-20.7667 8.86681 12500 -0.408193 0.13534 27.9967 162.623 -13 9540 1 0 1
-2.95073 -41.4587 12500 -0.549374 -0.633199 27.9874 162.652 -13 9541 1 0 1
6.33399 45.7225 12500 -0.648793 0.689266 27.984 162.656 -13 9542 1 0 1
28.9819 44.8907 12500 -0.898664 0.670157 27.9775 162.658 -13 9543 1 0 1
-12.2428 1.49398 12500 -0.476559 0.0303648 27.9959 162.623 -13 9544 1 0 1
38.2768 8.41091 12500 -1.01571 0.119445 27.9813 162.597 -13 9545 1 0 1
22.8515 16.7232 12500 -0.854243 0.224305 27.9861 162.594 -13 9546 1 0 1
16.1155 11.2271 12500 -0.759007 0.195663 27.989 162.609 -13 9547 1 0 1
-19.9826 1.42632 12500 -0.388653 -0.00901539 27.9973 162.633 -13 9548 1 0 1
16.5299 9.42601 12500 -0.763544 0.177515 27.989 162.609 -13 9549 1 0 1
-9.28162 -23.3192 12500 -0.478609 -0.375852 27.9934 162.642 -13 9550 1 0 1
-4.98966 36.3066 12500 -0.504227 0.575781 27.9895 162.66 -13 9551 1 0 1
16.1717 12.6252 12500 -0.767312 0.17957 27.9889 162.604 -13 9552 1 0 1
11.1941 25.7668 12500 -0.702191 0.447112 27.9876 162.633 -13 9553 1 0 1
-3.8623 34.7199 12500 -0.530407 0.542279 27.9897 162.65 -13 9554 1 0 1
7.39873 20.8175 12500 -0.668418 0.307587 27.9903 162.617 -13 9555 1 0 1
10.0175 -29.3093 12500 -0.696404 -0.459896 27.9876 162.629 -13 9556 1 0 1
-11.1626 -14.2423 12500 -0.473121 -0.219548 27.9951 162.632 -13 9557 1 0 1
23.8724 35.9073 12500 -0.848302 0.54352 27.9819 162.633 -13 9558 1 0 1
0.905472 6.73846 12500 -0.619607 0.111991 27.9929 162.61 -13 9559 1 0 1
2.30609 2.50648 12500 -0.623018 -0.00216773 27.9931 162.613 -13 9560 1 0 1
6.9246 -19.006 12500 -0.674299 -0.30955 27.9902 162.614 -13 9561 1 0 1
18.6813 -4.82555 12500 -0.791274 -0.0596067 27.9888 162.6 -13 9562 1 0 1
-4.2571 12.9321 12500 -0.546886 0.215546 27.9938 162.626 -13 9563 1 0 1
-30.9059 -79.4444 12500 0.0337445 -1.05455 27.9801 162.718 -13 9564 1 0 1
3.35439 13.2835 12500 -0.642297 0.187685 27.992 162.61 -13 9565 1 0 1
9.17959 1.70255 12500 -0.693019 0.0422532 27.9914 162.607 -13 9566 1 0 1
-4.62225 14.5394 12500 -0.556729 0.202382 27.9937 162.619 -13 9567 1 0 1
11.4749 20.5202 12500 -0.697257 0.328255 27.9894 162.622 -13 9568 1 0 1
15.6401 9.3835 12500 -0.768884 0.125606 27.9892 162.599 -13 9569 1 0 1
12.3105 45.0794 12500 -0.702434 0.701048 27.9824 162.663 -13 9570 1 0 1
-2.86375 -8.30783 12500 -0.580882 -0.131612 27.9937 162.613 -13 9571 1 0 1
23.4534 51.5992 12500 -0.825184 0.780246 27.977 162.681 -13 9572 1 0 1
-1.47683 8.61827 12500 -0.590225 0.148865 27.9934 162.615 -13 9573 1 0 1
-10.2574 -31.3272 12500 -0.466757 -0.494242 27.9917 162.649 -13 9574 1 0 1
40.9682 10.0625 12500 -1.02789 0.14385 27.9808 162.606 -13 9575 1 0 1
-4.97643 -1.35757 12500 -0.545634 -0.0392671 27.9947 162.62 -13 9576 1 0 1
53.7736 43.5375 12500 -1.22644 0.618004 27.9663 162.664 -13 9577 1 0 1
0.953261 26.4281 12500 -0.608989 0.417824 27.9903 162.629 -13 9578 1 0 1
15.975 -49.251 12500 -0.760938 -0.739281 27.9799 162.66 -13 9579 1 0 1
8.46404 -6.61559 12500 -0.69135 -0.0809616 27.9913 162.605 -13 9580 1 0 1
14.6801 -34.9554 12500 -0.756169 -0.549989 27.9844 162.632 -13 9581 1 0 1
40.3183 -14.6645 12500 -1.03425 -0.229865 27.9799 162.607 -13 9582 1 0 1
5.06959 -50.9064 12500 -0.62276 -0.815555 27.9812 162.684 -13 9583 1 0 1
-23.7738 -17.1358 12500 -0.327401 -0.263092 27.9968 162.645 -13 9584 1 0 1
23.0108 8.94287 12500 -0.854955 0.153407 27.9865 162.594 -13 9585 1 0 1
14.8674 0.239002 12500 -0.756276 -0.0270087 27.9898 162.6 -13 9586 1 0 1
16.167 45.218 12500 -0.761329 0.71334 27.9806 162.662 -13 9587 1 0 1
-4.50042 78.5188 12500 -0.420197 1.138 27.9737 162.757 -13 9588 1 0 1
10.6426 21.5304 12500 -0.709061 0.339766 27.989 162.615 -13 9589 1 0 1
5.65433 -58.391 12500 -0.627326 -0.886614 27.9789 162.694 -13 9590 1 0 1
-10.7586 4.51128 12500 -0.494753 0.0726497 27.9955 162.621 -13 9591 1 0 1
12.0344 38.1809 12500 -0.708109 0.572305 27.9852 162.64 -13 9592 1 0 1
-6.82789 -21.5235 12500 -0.521985 -0.352334 27.9929 162.631 -13 9593 1 0 1
17.062 53.0074 12500 -0.767743 0.810342 27.9777 162.68 -13 9594 1 0 1
18.4417 17.4258 12500 -0.813555 0.282053 27.9868 162.598 -13 9595 1 0 1
4.4052 -60.1736 12500 -0.611015 -0.91987 27.9782 162.702 -13 9596 1 0 1
0.961655 -57.0237 12500 -0.555685 -0.867435 27.981 162.698 -13 9597 1 0 1
37.9621 5.6474 12500 -1.0049 0.0810936 27.9818 162.599 -13 9598 1 0 1
28.7901 55.7523 12500 -0.923319 0.845609 27.972 162.698 -13 9599 1 0 1
-1.35835 11.2089 12500 -0.584586 0.197676 27.9932 162.62 -13 9600 1 0 1
15.7845 -11.9791 12500 -0.778371 -0.191961 27.9885 162.599 -13 9601 1 0 1
-9.50649 -30.3835 12500 -0.463254 -0.448245 27.9926 162.65 -13 9602 1 0 1
-27.241 -29.6713 12500 -0.271923 -0.453135 27.995 162.658 -13 9603 1 0 1
-4.12727 1.2585 12500 -0.546546 0.0041287 27.9947 162.623 -13 9604 1 0 1
62.6321 21.2989 12500 -1.31544 0.31755 27.9673 162.624 -13 9605 1 0 1
-6.22356 -11.7584 12500 -0.534128 -0.181893 27.9943 162.623 -13 9606 1 0 1
21.6445 20.1844 12500 -0.839484 0.325678 27.9855 162.604 -13 9607 1 0 1
9.64837 27.6972 12500 -0.694457 0.479639 27.9873 162.634 -13 9608 1 0 1
25.554 6.77129 12500 -0.87135 0.131813 27.9861 162.598 -13 9609 1 0 1
6.81917 -5.70905 12500 -0.694475 -0.060019 27.9913 162.597 -13 9610 1 0 1
-22.0749 -66.0393 12500 -0.236322 -0.960291 27.9825 162.705 -13 9611 1 0 1
10.1991 -9.75813 12500 -0.712328 -0.180572 27.9904 162.606 -13 9612 1 0 1
28.7359 17.813 12500 -0.901055 0.275013 27.9841 162.605 -13 9613 1 0 1
-1.75551 20.637 12500 -0.543661 0.335525 27.9927 162.639 -13 9614 1 0 1
-12.4008 10.9929 12500 -0.488287 0.187558 27.9951 162.621 -13 9615 1 0 1
23.1326 -14.1758 12500 -0.84809 -0.221469 27.9863 162.6 -13 9616 1 0 1
21.4707 7.19033 12500 -0.829507 0.107828 27.9875 162.596 -13 9617 1 0 1
16.9616 38.8814 12500 -0.759921 0.570535 27.9839 162.638 -13 9618 1 0 1
21.5959 -23.0544 12500 -0.818078 -0.373176 27.9856 162.617 -13 9619 1 0 1
9.48864 -18.7022 12500 -0.684463 -0.272889 27.9903 162.617 -13 9620 1 0 1
-10.9037 -2.8195 12500 -0.487579 -0.0232314 27.9957 162.623 -13 9621 1 0 1
31.1211 5.95947 12500 -0.948493 0.0733133 27.9838 162.589 -13 9622 1 0 1
-0.632973 -33.4576 12500 -0.577819 -0.541884 27.9888 162.645 -13 9623 1 0 1
6.81577 -3.06932 12500 -0.671268 -0.0344714 27.9919 162.607 -13 9624 1 0 1
-12.2194 -29.1005 12500 -0.451287 -0.478765 27.9923 162.649 -13 9625 1 0 1
33.0618 44.8875 12500 -0.936686 0.662529 27.9765 162.663 -13 9626 1 0 1
35.2545 0.703073 12500 -0.980434 -0.00298695 27.9828 162.594 -13 9627 1 0 1
17.5841 -1.46548 12500 -0.786084 -0.0332739 27.9889 162.598 -13 9628 1 0 1
6.25763 -43.2092 12500 -0.649163 -0.62006 27.9856 162.644 -13 9629 1 0 1
16.7627 -7.69032 12500 -0.786789 -0.15958 27.9885 162.599 -13 9630 1 0 1
-24.9267 -36.4467 12500 -0.301996 -0.577505 27.9924 162.66 -13 9631 1 0 1
1.96745 -2.28206 12500 -0.638483 -0.0324982 27.9927 162.604 -13 9632 1 0 1
15.7072 1.65315 12500 -0.771789 0.0214645 27.9894 162.596 -13 9633 1 0 1
0.418468 48.0209 12500 -0.560277 0.720093 27.9851 162.669 -13 9634 1 0 1
-8.79264 47.4136 12500 -0.437111 0.737408 27.9869 162.681 -13 9635 1 0 1
-12.1046 -18.607 12500 -0.47411 -0.27726 27.9946 162.627 -13 9636 1 0 1
1.8323 11.4046 12500 -0.610938 0.210172 27.9925 162.621 -13 9637 1 0 1
24.017 5.37241 12500 -0.861499 0.0718534 27.9867 162.592 -13 9638 1 0 1
-12.3711 -81.7819 12500 -0.252222 -1.16925 27.9744 162.764 -13 9639 1 0 1
19.2253 3.78934 12500 -0.802438 0.0362961 27.9885 162.597 -13 9640 1 0 1
-7.10553 -85.9417 12500 -0.332241 -1.22033 27.9714 162.775 -13 9641 1 0 1
27.2072 63.4835 12500 -0.86177 0.912516 27.9719 162.717 -13 9642 1 0 1
12.5882 -32.4464 12500 -0.719354 -0.490582 27.9865 162.629 -13 9643 1 0 1
11.5716 -18.4054 12500 -0.704014 -0.312249 27.9894 162.621 -13 9644 1 0 1
-8.75791 -42.5147 12500 -0.479101 -0.6775 27.9877 162.664 -13 9645 1 0 1
50.6319 -6.90652 12500 -1.1633 -0.107688 27.9756 162.601 -13 9646 1 0 1
11.0731 63.4123 12500 -0.661535 0.959491 27.9757 162.72 -13 9647 1 0 1
-5.01764 38.4324 12500 -0.53435 0.601937 27.9884 162.651 -13 9648 1 0 1
-14.1099 -36.5883 12500 -0.414352 -0.56489 27.9912 162.658 -13 9649 1 0 1
-0.0229738 24.7334 12500 -0.57754 0.359939 27.9917 162.633 -13 9650 1 0 1
46.388 23.6898 12500 -1.09427 0.328717 27.9767 162.619 -13 9651 1 0 1
9.26803 -19.206 12500 -0.695496 -0.330937 27.9894 162.617 -13 9652 1 0 1
-7.36938 -10.5529 12500 -0.527777 -0.186278 27.9944 162.622 -13 9653 1 0 1
10.2011 -31.9135 12500 -0.674488 -0.497004 27.9875 162.642 -13 9654 1 0 1
6.56733 42.3983 12500 -0.635165 0.654645 27.9851 162.658 -13 9655 1 0 1
2.71287 -22.8244 12500 -0.625047 -0.394524 27.9902 162.627 -13 9656 1 0 1
3.21908 16.4215 12500 -0.626331 0.259112 27.9918 162.619 -13 9657 1 0 1
19.9531 66.6285 12500 -0.771876 0.984483 27.972 162.73 -13 9658 1 0 1
2.90204 61.9118 12500 -0.56123 0.921853 27.9792 162.708 -13 9659 1 0 1
32.8718 18.2462 12500 -0.949616 0.325105 27.982 162.614 -13 9660 1 0 1
18.331 -56.0925 12500 -0.770109 -0.855212 27.9763 162.696 -13 9661 1 0 1
29.1591 26.1533 12500 -0.903235 0.409578 27.9824 162.621 -13 9662 1 0 1
21.5905 -18.3184 12500 -0.812074 -0.282009 27.9868 162.611 -13 9663 1 0 1
14.0444 -48.5596 12500 -0.720979 -0.764865 27.9803 162.675 -13 9664 1 0 1
-2.10103 4.47911 12500 -0.583638 0.0906986 27.9938 162.614 -13 9665 1 0 1
13.2532 -16.2099 12500 -0.74888 -0.273524 27.9886 162.604 -13 9666 1 0 1
-9.63929 -32.1048 12500 -0.477787 -0.53926 27.9907 162.652 -13 9667 1 0 1
-28.2746 -15.0204 12500 -0.274017 -0.227918 27.9977 162.649 -13 9668 1 0 1
7.29733 37.6785 12500 -0.651569 0.594726 27.9861 162.65 -13 9669 1 0 1
13.0057 -4.61534 12500 -0.730455 -0.0939838 27.9903 162.606 -13 9670 1 0 1
13.4582 57.4615 12500 -0.728475 0.875738 27.9768 162.694 -13 9671 1 0 1
-3.86354 -28.1792 12500 -0.54946 -0.432404 27.9913 162.636 -13 9672 1 0 1
-19.0433 -1.72066 12500 -0.399598 -0.00852548 27.9971 162.631 -13 9673 1 0 1
-8.0946 13.2022 12500 -0.534326 0.202531 27.9942 162.617 -13 9674 1 0 1
-4.06361 -9.79843 12500 -0.555409 -0.153317 27.9941 162.621 -13 9675 1 0 1
11.9739 -13.7847 12500 -0.737279 -0.224739 27.9894 162.603 -13 9676 1 0 1
27.3886 39.9759 12500 -0.90866 0.634001 27.9781 162.648 -13 9677 1 0 1
42.7568 -23.0886 12500 -1.04596 -0.337241 27.9784 162.622 -13 9678 1 0 1
-0.300058 -25.679 12500 -0.591471 -0.411645 27.9907 162.631 -13 9679 1 0 1
25.5046 28.91 12500 -0.855113 0.470001 27.983 162.632 -13 9680 1 0 1
18.3394 32.3537 12500 -0.774982 0.511907 27.9846 162.635 -13 9681 1 0 1
-20.8853 20.2624 12500 -0.369403 0.313561 27.9958 162.639 -13 9682 1 0 1
-4.98418 11.8518 12500 -0.555038 0.211922 27.9937 162.621 -13 9683 1 0 1
32.3442 24.6192 12500 -0.939978 0.38468 27.9816 162.618 -13 9684 1 0 1
16.9575 13.7714 12500 -0.773488 0.228784 27.9884 162.608 -13 9685 1 0 1
21.4145 36.5334 12500 -0.801798 0.57026 27.9827 162.645 -13 9686 1 0 1
-12.0819 6.78337 12500 -0.477002 0.109639 27.9957 162.624 -13 9687 1 0 1
-6.63636 -6.08363 12500 -0.521718 -0.0879636 27.995 162.625 -13 9688 1 0 1
33.323 24.0946 12500 -0.966061 0.387391 27.9806 162.614 -13 9689 1 0 1
-13.0776 -58.5614 12500 -0.366081 -0.860786 27.9844 162.7 -13 9690 1 0 1
-4.72308 37.2331 12500 -0.536039 0.58282 27.9888 162.649 -13 9691 1 0 1
16.2542 13.3829 12500 -0.765015 0.181336 27.989 162.605 -13 9692 1 0 1
-19.4305 -15.9359 12500 -0.390662 -0.23696 27.9963 162.635 -13 9693 1 0 1
4.16678 42.5436 12500 -0.600468 0.64407 27.9862 162.66 -13 9694 1 0 1
18.2192 63.3921 12500 -0.745046 0.933202 27.9745 162.715 -13 9695 1 0 1
36.3233 56.109 12500 -1.00067 0.809164 27.9704 162.695 -13 9696 1 0 1
39.1544 40.4543 12500 -1.02809 0.618627 27.9743 162.659 -13 9697 1 0 1
27.6401 24.7289 12500 -0.876586 0.361978 27.9839 162.618 -13 9698 1 0 1
26.3713 53.6595 12500 -0.882774 0.832958 27.9737 162.695 -13 9699 1 0 1
24.0909 18.5459 12500 -0.837532 0.308063 27.9858 162.614 -13 9700 1 0 1
17.4002 9.4742 12500 -0.771008 0.122655 27.9891 162.605 -13 9701 1 0 1
3.62344 17.7596 12500 -0.631081 0.277525 27.9915 162.619 -13 9702 1 0 1
18.2078 61.6437 12500 -0.765214 0.935629 27.9739 162.717 -13 9703 1 0 1
34.3232 42.7798 12500 -0.969289 0.633105 27.9761 162.653 -13 9704 1 0 1
-5.91343 -4.96965 12500 -0.546945 -0.0603839 27.9946 162.616 -13 9705 1 0 1
-4.64292 27.6323 12500 -0.534113 0.425411 27.9917 162.639 -13 9706 1 0 1
8.20902 72.2417 12500 -0.595919 1.08141 27.9728 162.754 -13 9707 1 0 1
-1.05268 -11.4374 12500 -0.586419 -0.201879 27.9931 162.621 -13 9708 1 0 1
-20.8273 17.6119 12500 -0.37741 0.266026 27.9962 162.635 -13 9709 1 0 1
-13.6484 -6.64581 12500 -0.469137 -0.0714787 27.996 162.621 -13 9710 1 0 1
32.2006 81.3403 12500 -0.998908 1.12883 27.9594 162.797 -13 9711 1 0 1
1.68665 -13.152 12500 -0.623989 -0.19206 27.9924 162.613 -13 9712 1 0 1
0.73742 1.43036 12500 -0.59417 0.02465 27.9937 162.62 -13 9713 1 0 1
-23.2339 -5.91771 12500 -0.369811 -0.131608 27.9972 162.631 -13 9714 1 0 1
-28.2675 -27.4516 12500 -0.281321 -0.412058 27.9956 162.65 -13 9715 1 0 1
-3.63977 -48.8721 12500 -0.503378 -0.734346 27.9858 162.677 -13 9716 1 0 1
0.904009 15.1778 12500 -0.609131 0.235454 27.9924 162.617 -13 9717 1 0 1
25.4357 78.1603 12500 -0.890384 1.12959 27.963 162.785 -13 9718 1 0 1
-22.2169 -22.1903 12500 -0.360846 -0.356207 27.9954 162.64 -13 9719 1 0 1
27.035 3.19302 12500 -0.88094 0.0477192 27.9861 162.597 -13 9720 1 0 1
24.7217 20.1986 12500 -0.844225 0.313691 27.9855 162.613 -13 9721 1 0 1
24.2238 -3.56868 12500 -0.856699 -0.00938635 27.9869 162.596 -13 9722 1 0 1
-6.7498 -32.1783 12500 -0.522469 -0.533201 27.99 162.644 -13 9723 1 0 1
0.423868 -9.37785 12500 -0.605585 -0.145323 27.9931 162.615 -13 9724 1 0 1
-6.42969 -26.9721 12500 -0.524736 -0.444258 27.9916 162.639 -13 9725 1 0 1
0.220685 57.039 12500 -0.540758 0.884536 27.9808 162.704 -13 9726 1 0 1
-12.4078 -32.6558 12500 -0.456573 -0.50602 27.9917 162.644 -13 9727 1 0 1
2.12037 -1.37679 12500 -0.617359 -0.0246946 27.9932 162.614 -13 9728 1 0 1
-19.4409 -15.5796 12500 -0.391619 -0.232927 27.9963 162.634 -13 9729 1 0 1
25.1776 12.6654 12500 -0.880782 0.221709 27.9853 162.598 -13 9730 1 0 1
18.2268 14.3866 12500 -0.793629 0.226867 27.9878 162.603 -13 9731 1 0 1
-41.781 -18.3363 12500 -0.109314 -0.250908 27.9987 162.649 -13 9732 1 0 1
-8.84029 -1.83239 12500 -0.516557 -0.0350209 27.9952 162.618 -13 9733 1 0 1
15.9341 -9.15626 12500 -0.773341 -0.138232 27.989 162.599 -13 9734 1 0 1
-17.0667 17.1973 12500 -0.414949 0.281409 27.9955 162.634 -13 9735 1 0 1
23.936 30.4896 12500 -0.862563 0.473228 27.9827 162.621 -13 9736 1 0 1
-13.3155 -18.3321 12500 -0.470089 -0.310925 27.9943 162.627 -13 9737 1 0 1
8.79524 13.9722 12500 -0.699999 0.248147 27.9901 162.61 -13 9738 1 0 1
-37.2144 -10.7314 12500 -0.204932 -0.15369 27.9988 162.639 -13 9739 1 0 1
5.34779 -13.9467 12500 -0.650442 -0.239232 27.9914 162.618 -13 9740 1 0 1
-7.95113 6.28138 12500 -0.53509 0.10293 27.9947 162.614 -13 9741 1 0 1
-29.131 -13.7669 12500 -0.290603 -0.228785 27.9976 162.641 -13 9742 1 0 1
15.1453 -70.8488 12500 -0.715137 -1.0481 27.9712 162.743 -13 9743 1 0 1
2.62405 -57.3182 12500 -0.555898 -0.846486 27.9817 162.7 -13 9744 1 0 1
-13.3736 -13.1444 12500 -0.45379 -0.172831 27.9958 162.63 -13 9745 1 0 1
25.5799 14.1052 12500 -0.863647 0.203676 27.9859 162.603 -13 9746 1 0 1
0.659662 22.3437 12500 -0.611696 0.336208 27.9913 162.619 -13 9747 1 0 1
37.4306 -31.9102 12500 -0.997396 -0.462199 27.9784 162.63 -13 9748 1 0 1
-9.80613 -12.0215 12500 -0.508601 -0.189997 27.9947 162.621 -13 9749 1 0 1
-1.08018 -5.61274 12500 -0.579905 -0.101489 27.9938 162.62 -13 9750 1 0 1
43.9826 34.05 12500 -1.10024 0.508896 27.9737 162.636 -13 9751 1 0 1
17.448 24.3617 12500 -0.785684 0.390897 27.9862 162.615 -13 9752 1 0 1
19.9634 5.75938 12500 -0.799563 0.0789685 27.9885 162.602 -13 9753 1 0 1
-18.5424 3.31087 12500 -0.404904 0.0278916 27.9971 162.631 -13 9754 1 0 1
-7.9327 -48.8459 12500 -0.471283 -0.741271 27.9862 162.672 -13 9755 1 0 1
4.99338 18.7925 12500 -0.654313 0.313801 27.9906 162.616 -13 9756 1 0 1
14.0597 78.3426 12500 -0.706298 1.15368 27.9673 162.777 -13 9757 1 0 1
-5.72358 -93.2836 12500 -0.321935 -1.29314 27.9683 162.796 -13 9758 1 0 1
10.5918 -13.2023 12500 -0.702315 -0.215061 27.9904 162.614 -13 9759 1 0 1
36.4722 54.7616 12500 -1.01362 0.812902 27.9698 162.698 -13 9760 1 0 1
-27.1407 -40.1653 12500 -0.247036 -0.605884 27.9924 162.669 -13 9761 1 0 1
-10.8076 -6.98588 12500 -0.504392 -0.130918 27.9952 162.618 -13 9762 1 0 1
5.86707 -15.5754 12500 -0.652306 -0.242083 27.9914 162.617 -13 9763 1 0 1
-11.0896 0.756877 12500 -0.487481 0.00813365 27.9958 162.623 -13 9764 1 0 1
36.3751 57.3926 12500 -0.995569 0.827612 27.9701 162.703 -13 9765 1 0 1
10.7482 41.3729 12500 -0.688197 0.63325 27.9844 162.651 -13 9766 1 0 1
11.8192 7.83563 12500 -0.720232 0.120957 27.9905 162.606 -13 9767 1 0 1
3.4771 25.0565 12500 -0.613755 0.392774 27.9905 162.634 -13 9768 1 0 1
-11.8268 2.78912 12500 -0.475948 0.0708838 27.9959 162.625 -13 9769 1 0 1
-19.2041 -23.5616 12500 -0.4006 -0.368682 27.9947 162.635 -13 9770 1 0 1
-9.55288 -0.680649 12500 -0.516492 -0.0385719 27.9952 162.616 -13 9771 1 0 1
38.3855 -26.2819 12500 -1.01764 -0.429069 27.9782 162.626 -13 9772 1 0 1
9.34499 19.9828 12500 -0.675906 0.283743 27.9904 162.62 -13 9773 1 0 1
-4.3651 -4.12457 12500 -0.557426 -0.101898 27.9943 162.619 -13 9774 1 0 1
-8.00762 39.9362 12500 -0.48303 0.638438 27.9886 162.662 -13 9775 1 0 1
-4.88571 23.56 12500 -0.542499 0.354052 27.9925 162.63 -13 9776 1 0 1
30.4192 -39.9065 12500 -0.938855 -0.629183 27.9772 162.649 -13 9777 1 0 1
17.979 -10.7577 12500 -0.795603 -0.201876 27.988 162.602 -13 9778 1 0 1
2.55472 -25.7034 12500 -0.611746 -0.419894 27.9902 162.634 -13 9779 1 0 1
16.8419 39.4777 12500 -0.767298 0.627961 27.9824 162.649 -13 9780 1 0 1
-15.342 -9.47578 12500 -0.443911 -0.151658 27.9961 162.627 -13 9781 1 0 1
29.2312 -7.56589 12500 -0.911525 -0.153838 27.9847 162.599 -13 9782 1 0 1
5.60078 -11.4889 12500 -0.659008 -0.187402 27.9916 162.612 -13 9783 1 0 1
15.6718 20.0782 12500 -0.754668 0.331209 27.9879 162.615 -13 9784 1 0 1
17.6333 0.147901 12500 -0.797622 -0.0167198 27.9886 162.593 -13 9785 1 0 1
5.97808 11.7996 12500 -0.65687 0.213965 27.9915 162.617 -13 9786 1 0 1
-14.4089 9.74946 12500 -0.451797 0.154262 27.9959 162.627 -13 9787 1 0 1
10.7517 -1.59703 12500 -0.708048 -0.0318014 27.991 162.606 -13 9788 1 0 1
-21.6339 -4.299 12500 -0.362945 -0.0986828 27.9975 162.638 -13 9789 1 0 1
-15.2304 -7.31269 12500 -0.439034 -0.0742297 27.9965 162.628 -13 9790 1 0 1
38.8622 39.8066 12500 -1.02132 0.592014 27.9751 162.65 -13 9791 1 0 1
14.1242 -24.327 12500 -0.74587 -0.405864 27.9871 162.62 -13 9792 1 0 1
-13.1532 4.41916 12500 -0.475604 0.0693457 27.9959 162.621 -13 9793 1 0 1
36.7957 64.4974 12500 -1.01431 0.92743 27.9662 162.736 -13 9794 1 0 1
-15.346 -23.8046 12500 -0.414378 -0.360757 27.9946 162.644 -13 9795 1 0 1
-32.3909 -30.8982 12500 -0.232376 -0.457246 27.9953 162.652 -13 9796 1 0 1
-22.6735 -47.6925 12500 -0.276351 -0.685161 27.9903 162.678 -13 9797 1 0 1
-22.9721 -45.1912 12500 -0.292789 -0.673845 27.9904 162.672 -13 9798 1 0 1
10.1477 -55.4364 12500 -0.6831 -0.855794 27.9786 162.69 -13 9799 1 0 1
47.3098 85.2785 12500 -1.17573 1.10101 27.9536 162.817 -13 9800 1 0 1
-22.0544 -39.8374 12500 -0.336536 -0.598783 27.9916 162.657 -13 9801 1 0 1
15.216 37.6591 12500 -0.737872 0.555559 27.9848 162.638 -13 9802 1 0 1
-17.2476 -5.97735 12500 -0.416318 -0.109658 27.9967 162.631 -13 9803 1 0 1
30.4549 -4.05369 12500 -0.947258 -0.0621162 27.9839 162.586 -13 9804 1 0 1
-0.882353 7.66948 12500 -0.599616 0.107184 27.9934 162.612 -13 9805 1 0 1
27.0487 2.77592 12500 -0.880337 0.0506922 27.9861 162.598 -13 9806 1 0 1
45.7481 17.3493 12500 -1.09312 0.267001 27.9774 162.613 -13 9807 1 0 1
19.8802 10.8177 12500 -0.827443 0.133364 27.9875 162.591 -13 9808 1 0 1
29.8284 81.6612 12500 -0.93729 1.13109 27.9614 162.793 -13 9809 1 0 1
10.9884 25.9993 12500 -0.686639 0.363256 27.9892 162.627 -13 9810 1 0 1
-14.8607 -25.2211 12500 -0.431719 -0.385906 27.994 162.64 -13 9811 1 0 1
4.93719 0.370958 12500 -0.654856 -0.0102944 27.9923 162.608 -13 9812 1 0 1
-1.51133 30.0448 12500 -0.576609 0.465356 27.9902 162.635 -13 9813 1 0 1
-13.6704 -48.7201 12500 -0.393107 -0.762689 27.9868 162.68 -13 9814 1 0 1
15.7312 38.1093 12500 -0.756978 0.603395 27.9833 162.644 -13 9815 1 0 1
29.6623 21.519 12500 -0.902109 0.300138 27.9839 162.609 -13 9816 1 0 1
39.7127 41.9567 12500 -1.03138 0.612003 27.9743 162.653 -13 9817 1 0 1
28.538 28.136 12500 -0.896487 0.4345 27.9823 162.623 -13 9818 1 0 1
-1.24739 14.2939 12500 -0.576487 0.253916 27.9929 162.626 -13 9819 1 0 1
-31.1957 -10.9756 12500 -0.24221 -0.172713 27.9984 162.649 -13 9820 1 0 1
46.6748 20.5359 12500 -1.10249 0.293808 27.9767 162.613 -13 9821 1 0 1
19.0703 -9.44993 12500 -0.808478 -0.168609 27.9878 162.598 -13 9822 1 0 1
-9.48599 -23.3555 12500 -0.493364 -0.3834 27.993 162.635 -13 9823 1 0 1
12.6282 41.6186 12500 -0.718194 0.65457 27.9831 162.653 -13 9824 1 0 1
12.7454 -22.6835 12500 -0.744813 -0.36796 27.9877 162.61 -13 9825 1 0 1
-21.2971 -14.5764 12500 -0.377168 -0.232729 27.9965 162.635 -13 9826 1 0 1
-14.8756 -74.6247 12500 -0.270158 -1.06406 27.9785 162.733 -13 9827 1 0 1
-4.52063 14.8419 12500 -0.54648 0.271197 27.9934 162.628 -13 9828 1 0 1
33.007 39.1559 12500 -0.958696 0.604687 27.977 162.649 -13 9829 1 0 1
18.8125 -30.766 12500 -0.79245 -0.522643 27.9839 162.636 -13 9830 1 0 1
-10.0466 -1.30387 12500 -0.503754 -0.0197148 27.9955 162.619 -13 9831 1 0 1
10.1678 23.2467 12500 -0.69944 0.371727 27.9888 162.62 -13 9832 1 0 1
33.0218 28.8312 12500 -0.960816 0.417059 27.9804 162.616 -13 9833 1 0 1
28.6697 28.6393 12500 -0.891184 0.448514 27.9822 162.628 -13 9834 1 0 1
28.8037 12.5884 12500 -0.905771 0.199077 27.9846 162.601 -13 9835 1 0 1
4.33218 7.94659 12500 -0.663683 0.124367 27.9919 162.603 -13 9836 1 0 1
-10.3803 -10.7967 12500 -0.497947 -0.175489 27.995 162.623 -13 9837 1 0 1
20.1917 2.83911 12500 -0.789086 0.0756111 27.9888 162.609 -13 9838 1 0 1
15.2858 -6.57811 12500 -0.770215 -0.0662553 27.9893 162.596 -13 9839 1 0 1
-12.5588 16.704 12500 -0.465325 0.253454 27.995 162.629 -13 9840 1 0 1
27.5059 29.1503 12500 -0.890596 0.448008 27.9822 162.623 -13 9841 1 0 1
18.477 36.5494 12500 -0.765623 0.582192 27.9835 162.649 -13 9842 1 0 1
11.1837 17.9632 12500 -0.718664 0.305744 27.9891 162.612 -13 9843 1 0 1
23.091 16.5633 12500 -0.831166 0.268658 27.9864 162.609 -13 9844 1 0 1
-12.5023 -28.4178 12500 -0.454763 -0.4515 27.9927 162.644 -13 9845 1 0 1
1.15627 26.0305 12500 -0.586004 0.413904 27.9908 162.639 -13 9846 1 0 1
35.7006 51.7271 12500 -0.99962 0.775112 27.9714 162.687 -13 9847 1 0 1
5.21257 -14.1138 12500 -0.648833 -0.212389 27.9917 162.616 -13 9848 1 0 1
8.63461 22.5976 12500 -0.693265 0.329369 27.9895 162.613 -13 9849 1 0 1
-24.4464 -37.617 12500 -0.285524 -0.55473 27.993 162.665 -13 9850 1 0 1
1.07052 5.89886 12500 -0.618324 0.140368 27.9928 162.613 -13 9851 1 0 1
22.413 -25.7527 12500 -0.829789 -0.434646 27.9843 162.624 -13 9852 1 0 1
-9.45257 23.6998 12500 -0.492159 0.3805 27.9931 162.635 -13 9853 1 0 1
17.4313 -5.84425 12500 -0.793282 -0.0833263 27.9886 162.595 -13 9854 1 0 1
11.742 -48.7829 12500 -0.68406 -0.768225 27.9811 162.68 -13 9855 1 0 1
-9.52807 3.90199 12500 -0.511208 0.0709004 27.9952 162.618 -13 9856 1 0 1
1.45898 -26.095 12500 -0.60366 -0.441477 27.99 162.636 -13 9857 1 0 1
-11.0229 -36.8522 12500 -0.441108 -0.569464 27.9907 162.661 -13 9858 1 0 1
-3.32611 25.1592 12500 -0.56325 0.412115 27.9913 162.632 -13 9859 1 0 1
6.50494 7.91178 12500 -0.676563 0.111355 27.9916 162.605 -13 9860 1 0 1
-21.3358 -22.0668 12500 -0.358893 -0.373095 27.9952 162.645 -13 9861 1 0 1
21.7741 17.8195 12500 -0.82273 0.266123 27.9866 162.605 -13 9862 1 0 1
-17.6449 53.5128 12500 -0.341225 0.800058 27.9865 162.684 -13 9863 1 0 1
-20.1708 -36.9305 12500 -0.336774 -0.550315 27.9926 162.663 -13 9864 1 0 1
-14.2388 -29.6816 12500 -0.410235 -0.463412 27.9932 162.656 -13 9865 1 0 1
27.7955 22.1214 12500 -0.871678 0.35183 27.9842 162.62 -13 9866 1 0 1
8.79782 25.4766 12500 -0.681234 0.391315 27.989 162.625 -13 9867 1 0 1
-13.1805 27.004 12500 -0.457953 0.451567 27.9926 162.641 -13 9868 1 0 1
16.8354 -57.2469 12500 -0.749207 -0.867403 27.9765 162.699 -13 9869 1 0 1
11.2054 6.70065 12500 -0.717253 0.116966 27.9906 162.605 -13 9870 1 0 1
21.9954 33.9538 12500 -0.839067 0.523958 27.9825 162.626 -13 9871 1 0 1
22.0527 -27.791 12500 -0.819668 -0.450093 27.9844 162.628 -13 9872 1 0 1
-16.8236 19.2958 12500 -0.43192 0.307669 27.995 162.629 -13 9873 1 0 1
13.2148 33.8116 12500 -0.71611 0.532156 27.9858 162.64 -13 9874 1 0 1
28.7502 24.2613 12500 -0.90524 0.373663 27.9829 162.613 -13 9875 1 0 1
4.80037 -8.71814 12500 -0.651164 -0.129785 27.9921 162.61 -13 9876 1 0 1
-5.30021 -4.09372 12500 -0.551467 -0.0900691 27.9944 162.617 -13 9877 1 0 1
11.4648 -38.5889 12500 -0.689659 -0.593739 27.9852 162.651 -13 9878 1 0 1
1.4747 55.2516 12500 -0.572976 0.819692 27.9821 162.684 -13 9879 1 0 1
7.43717 18.1774 12500 -0.689988 0.318072 27.9897 162.612 -13 9880 1 0 1
27.4167 46.3187 12500 -0.858795 0.697513 27.9781 162.671 -13 9881 1 0 1
14.6108 23.4387 12500 -0.738279 0.366155 27.9879 162.62 -13 9882 1 0 1
-23.0263 3.45537 12500 -0.367848 0.058138 27.9975 162.63 -13 9883 1 0 1
20.9685 -28.1141 12500 -0.805276 -0.442621 27.9849 162.628 -13 9884 1 0 1
20.2287 -3.27073 12500 -0.817777 -0.0498786 27.988 162.595 -13 9885 1 0 1
13.69 10.567 12500 -0.755451 0.165127 27.9893 162.599 -13 9886 1 0 1
-5.13621 2.54155 12500 -0.555654 0.0543975 27.9944 162.615 -13 9887 1 0 1
-30.233 -31.8378 12500 -0.229116 -0.469201 27.9951 162.661 -13 9888 1 0 1
-20.1965 141.652 12500 -8.31746 2.06644 26.6561 163.275 -13 9889 1 0 1
31.1798 0.435308 12500 -0.943413 0.0166033 27.9841 162.59 -13 9890 1 0 1
15.7984 41.539 12500 -0.751655 0.64383 27.9825 162.65 -13 9891 1 0 1
25.5127 13.0602 12500 -0.863911 0.202781 27.9859 162.603 -13 9892 1 0 1
-14.1646 13.7883 12500 -0.464328 0.174099 27.9956 162.624 -13 9893 1 0 1
9.99022 -28.4676 12500 -0.685313 -0.427845 27.9883 162.631 -13 9894 1 0 1
35.0248 30.2059 12500 -0.974395 0.471562 27.9791 162.632 -13 9895 1 0 1
-15.7207 -9.43361 12500 -0.430183 -0.11606 27.9965 162.63 -13 9896 1 0 1
-10.7727 3.79844 12500 -0.486343 0.0471415 27.9957 162.624 -13 9897 1 0 1
31.1081 19.7254 12500 -0.948975 0.315446 27.9821 162.602 -13 9898 1 0 1
18.4576 19.2938 12500 -0.790337 0.303942 27.9872 162.608 -13 9899 1 0 1
13.1054 19.7592 12500 -0.73628 0.309076 27.9886 162.61 -13 9900 1 0 1
10.6209 62.6739 12500 -0.673145 0.940786 27.9761 162.71 -13 9901 1 0 1
6.28144 14.9826 12500 -0.680285 0.242073 27.9907 162.607 -13 9902 1 0 1
4.00435 28.9223 12500 -0.630184 0.457932 27.9892 162.634 -13 9903 1 0 1
-0.127097 11.6467 12500 -0.607093 0.218816 27.9926 162.616 -13 9904 1 0 1
15.1249 45.2957 12500 -0.739034 0.723731 27.9809 162.668 -13 9905 1 0 1
-11.2526 4.07346 12500 -0.487836 0.071342 27.9957 162.622 -13 9906 1 0 1
29.0202 -2.87375 12500 -0.907111 -0.0401547 27.9853 162.595 -13 9907 1 0 1
36.7639 70.8084 12500 -1.01706 0.998849 27.9637 162.758 -13 9908 1 0 1
24.661 51.477 12500 -0.830084 0.752524 27.9776 162.676 -13 9909 1 0 1
18.1767 -43.3533 12500 -0.770191 -0.677151 27.9812 162.66 -13 9910 1 0 1
20.9589 96.6855 12500 -0.807583 1.32294 27.9571 162.853 -13 9911 1 0 1
3.92774 16.1801 12500 -0.658756 0.264661 27.991 162.608 -13 9912 1 0 1
13.5317 3.98439 12500 -0.733386 0.0698934 27.9903 162.606 -13 9913 1 0 1
25.5273 28.4037 12500 -0.864547 0.48138 27.9825 162.633 -13 9914 1 0 1
-20.3281 -43.3819 12500 -0.325274 -0.636143 27.9909 162.668 -13 9915 1 0 1
4.7924 20.7875 12500 -0.655451 0.341634 27.9902 162.616 -13 9916 1 0 1
-15.4837 -3.87322 12500 -0.438815 -0.087425 27.9964 162.628 -13 9917 1 0 1
-12.0522 15.1526 12500 -0.476677 0.228878 27.995 162.626 -13 9918 1 0 1
-5.89735 14.3684 12500 -0.534487 0.228376 27.994 162.625 -13 9919 1 0 1
54.818 -4.79897 12500 -1.21913 -0.0875758 27.9733 162.6 -13 9920 1 0 1
-0.0980835 41.2965 12500 -0.572935 0.63237 27.987 162.655 -13 9921 1 0 1
18.9729 -24.7733 12500 -0.787239 -0.392171 27.9862 162.621 -13 9922 1 0 1
9.04356 -13.6807 12500 -0.695002 -0.219045 27.9905 162.61 -13 9923 1 0 1
-6.60656 -17.4598 12500 -0.515468 -0.274479 27.9939 162.631 -13 9924 1 0 1
21.0476 54.8083 12500 -0.806165 0.821814 27.9763 162.686 -13 9925 1 0 1
-7.04271 25.1328 12500 -0.512712 0.364565 27.9929 162.635 -13 9926 1 0 1
-0.0319106 -40.7638 12500 -0.584775 -0.634602 27.9867 162.651 -13 9927 1 0 1
11.1052 -9.12627 12500 -0.715134 -0.11946 27.9906 162.605 -13 9928 1 0 1
-1.53661 23.7611 12500 -0.564276 0.39104 27.9916 162.636 -13 9929 1 0 1
24.5165 -11.5578 12500 -0.850864 -0.178651 27.9865 162.603 -13 9930 1 0 1
15.8129 73.1151 12500 -0.73861 1.07038 27.9698 162.746 -13 9931 1 0 1
15.2176 -4.52776 12500 -0.76353 -0.0997907 27.9894 162.6 -13 9932 1 0 1
3.05347 -21.9827 12500 -0.639294 -0.338465 27.9907 162.616 -13 9933 1 0 1
2.58608 5.17376 12500 -0.645659 0.100973 27.9924 162.604 -13 9934 1 0 1
12.7162 -4.86126 12500 -0.731424 -0.0675158 27.9904 162.603 -13 9935 1 0 1
8.88173 -14.8728 12500 -0.694763 -0.231603 27.9904 162.609 -13 9936 1 0 1
-4.94506 19.8427 12500 -0.540602 0.306177 27.9931 162.627 -13 9937 1 0 1
25.8759 56.3549 12500 -0.886462 0.86486 27.9726 162.702 -13 9938 1 0 1
2.71931 -45.8572 12500 -0.589206 -0.713332 27.9847 162.67 -13 9939 1 0 1
15.8484 -62.8507 12500 -0.73613 -0.952486 27.9741 162.719 -13 9940 1 0 1
-8.29935 -0.0851475 12500 -0.527707 -0.00634651 27.995 162.615 -13 9941 1 0 1
37.3248 -4.92069 12500 -0.997923 -0.0606906 27.9821 162.598 -13 9942 1 0 1
14.9328 -17.0003 12500 -0.746744 -0.268385 27.9888 162.611 -13 9943 1 0 1
9.06081 13.6604 12500 -0.681875 0.221382 27.9908 162.616 -13 9944 1 0 1
2.9353 43.7148 12500 -0.610729 0.647073 27.9859 162.652 -13 9945 1 0 1
12.8215 22.7613 12500 -0.746613 0.379342 27.9875 162.612 -13 9946 1 0 1
29.7571 11.2911 12500 -0.91503 0.144928 27.9847 162.597 -13 9947 1 0 1
-32.0967 -19.8118 12500 -0.221103 -0.307719 27.9974 162.653 -13 9948 1 0 1
17.9536 -32.5508 12500 -0.77739 -0.510692 27.9845 162.632 -13 9949 1 0 1
21.2658 37.6393 12500 -0.805033 0.592026 27.9822 162.647 -13 9950 1 0 1
-11.3359 -20.7924 12500 -0.473544 -0.301447 27.9944 162.631 -13 9951 1 0 1
-21.9901 -25.84 12500 -0.364582 -0.417317 27.9945 162.642 -13 9952 1 0 1
-12.0566 -50.4486 12500 -0.393494 -0.771888 27.9866 162.687 -13 9953 1 0 1
19.3418 -20.2478 12500 -0.808983 -0.359087 27.986 162.611 -13 9954 1 0 1
8.47145 23.6244 12500 -0.682201 0.374848 27.9892 162.622 -13 9955 1 0 1
16.3111 7.39331 12500 -0.768139 0.101224 27.9893 162.601 -13 9956 1 0 1
-20.7108 -75.6787 12500 -0.19596 -1.05857 27.9793 162.723 -13 9957 1 0 1
23.132 -10.5758 12500 -0.839297 -0.162929 27.9869 162.601 -13 9958 1 0 1
-29.6685 -56.4251 12500 -0.14176 -0.812154 27.9879 162.692 -13 9959 1 0 1
15.5188 76.3312 12500 -0.693036 1.1222 27.9689 162.774 -13 9960 1 0 1
10.762 19.4691 12500 -0.710894 0.303702 27.9893 162.612 -13 9961 1 0 1
18.6525 -16.9172 12500 -0.799807 -0.253186 27.9874 162.602 -13 9962 1 0 1
17.1926 -4.72362 12500 -0.761207 -0.0455922 27.9896 162.608 -13 9963 1 0 1
-0.403836 -21.5749 12500 -0.592154 -0.329385 27.9918 162.623 -13 9964 1 0 1
-1.8966 -2.49886 12500 -0.571632 -0.0383158 27.9941 162.62 -13 9965 1 0 1
3.67813 40.0781 12500 -0.617418 0.639482 27.9859 162.656 -13 9966 1 0 1
-2.42065 6.55559 12500 -0.592664 0.0929754 27.9936 162.609 -13 9967 1 0 1
-23.2237 -41.7953 12500 -0.311453 -0.613804 27.9915 162.661 -13 9968 1 0 1
18.2722 12.537 12500 -0.780029 0.214345 27.9883 162.61 -13 9969 1 0 1
35.8257 110.508 12500 -1.12277 1.41273 27.9418 162.972 -13 9970 1 0 1
36.2696 32.2273 12500 -0.997527 0.512591 27.9775 162.638 -13 9971 1 0 1
7.12131 -14.0779 12500 -0.667015 -0.21778 27.9912 162.615 -13 9972 1 0 1
36.9228 29.3332 12500 -0.987654 0.439073 27.9791 162.629 -13 9973 1 0 1
6.64676 -21.76 12500 -0.675675 -0.367194 27.9894 162.617 -13 9974 1 0 1
-11.7678 -45.876 12500 -0.438244 -0.688304 27.9881 162.664 -13 9975 1 0 1
10.9151 -2.99624 12500 -0.711691 -0.0540895 27.9909 162.605 -13 9976 1 0 1
1.20893 -33.0378 12500 -0.588371 -0.506892 27.9892 162.643 -13 9977 1 0 1
-18.1929 12.522 12500 -0.401466 0.194774 27.9964 162.635 -13 9978 1 0 1
-22.6993 3.60022 12500 -0.377037 0.0844561 27.9973 162.628 -13 9979 1 0 1
5.13489 -26.376 12500 -0.631925 -0.418889 27.9897 162.635 -13 9980 1 0 1
35.6458 123.685 12500 -2.90657 1.89499 27.7842 163.024 -13 9981 1 0 1
-11.9649 -13.45 12500 -0.47493 -0.207445 27.9952 162.628 -13 9982 1 0 1
6.50628 -8.07139 12500 -0.667946 -0.103341 27.9918 162.608 -13 9983 1 0 1
13.3798 -4.98886 12500 -0.733337 -0.0723145 27.9903 162.605 -13 9984 1 0 1
10.8798 -4.19652 12500 -0.692496 -0.069065 27.9914 162.615 -13 9985 1 0 1
-13.9569 -18.762 12500 -0.463357 -0.305393 27.9945 162.627 -13 9986 1 0 1
-7.25339 47.2912 12500 -0.457847 0.704914 27.9874 162.675 -13 9987 1 0 1
22.0161 25.2089 12500 -0.832461 0.386571 27.985 162.614 -13 9988 1 0 1
-5.785 -38.5259 12500 -0.525426 -0.597111 27.9887 162.649 -13 9989 1 0 1
-21.2533 -26.1515 12500 -0.35815 -0.382982 27.9951 162.646 -13 9990 1 0 1
11.7949 44.0297 12500 -0.686875 0.663233 27.9837 162.659 -13 9991 1 0 1
-12.1338 13.1082 12500 -0.479006 0.231301 27.9949 162.627 -13 9992 1 0 1
17.5219 -52.143 12500 -0.759451 -0.790937 27.9785 162.68 -13 9993 1 0 1
45.6034 3.98671 12500 -1.09143 0.0654894 27.9786 162.602 -13 9994 1 0 1
-12.8214 -25.184 12500 -0.447876 -0.419603 27.9933 162.644 -13 9995 1 0 1
31.496 11.8217 12500 -0.936589 0.202665 27.9836 162.602 -13 9996 1 0 1
-7.96804 11.6194 12500 -0.523993 0.202287 27.9944 162.622 -13 9997 1 0 1
6.2296 -23.343 12500 -0.6741 -0.347817 27.9897 162.614 -13 9998 1 0 1
6.53734 -10.4329 12500 -0.647911 -0.147512 27.9921 162.619 -13 9999 1 0 1
30.2376 25.4347 12500 -0.907679 0.378084 27.9827 162.619 -13 10000 1 0 1
